frame,ALL,FTR,STG,BG,AUD,HUD,SRC,MISC,OTHR,WAIT,WORK,SHDT,SWRM,GCRA,SCPU,SCAT,SPRM,SINT,SPHD,SPHC,MWPN,MITM,MEFX,MACT,MPRT,MTEX,MCAP,MPRO,MCAM,MFLS,GPOL,GVTX,DGSA,DGSB,WORK-H,WRAPFIX
2,4371584,0,0,0,6784,534528,202432,3254656,373184,326080,4041280,0,896,197184,0,0,0,0,0,0,0,0,0,0,0,638720,0,0,3254528,128,191,573,3002998875,3002998875,3506752,0
3,1115200,0,0,0,16640,8640,135936,184320,769664,749376,362240,0,896,131392,0,0,0,0,0,0,0,0,0,0,0,0,0,0,184192,128,191,573,3002998875,3002998875,353600,0
4,1116608,0,0,0,3712,7936,135616,184448,784896,764672,348608,0,896,131072,0,0,0,0,0,0,0,0,0,0,0,0,0,0,184320,128,191,573,3002998875,3002998875,340672,0
5,1116544,0,0,0,3776,8320,134592,197312,772544,751488,361792,0,832,130240,0,0,0,0,0,0,0,0,0,0,0,0,0,0,197184,128,191,573,3002998875,3002998875,353472,0
6,1117120,0,0,0,4672,8000,136000,185664,782784,762624,351232,0,1024,131584,0,0,0,0,0,0,0,0,0,0,0,0,0,0,185536,128,191,578,3002998875,3002998875,343232,0
7,1116672,0,0,0,3840,8448,134528,185280,784576,764480,348800,0,896,130048,0,0,0,0,0,0,0,0,0,0,0,0,0,0,185152,128,191,578,3002998875,3002998875,340352,0
8,1116416,0,0,0,3840,8320,136320,183872,784064,764160,348864,0,960,131840,0,0,0,0,0,0,0,0,0,0,0,0,0,0,183744,128,191,578,3002998875,3002998875,340544,0
9,1116928,0,0,0,3712,8384,135808,183296,785728,765632,347968,0,896,131328,0,0,0,0,0,0,0,0,0,0,0,0,0,0,183168,128,191,578,3002998875,3002998875,339584,0
10,1116672,0,0,0,3712,8192,135040,184320,785408,765568,347840,0,960,130496,0,0,0,0,0,0,0,0,0,0,0,0,0,0,184192,128,191,578,3002998875,3002998875,339648,0
11,1116736,0,0,0,3776,8576,137856,176768,789760,769728,343616,0,832,133440,0,0,0,0,0,0,0,0,0,0,0,0,0,0,176704,64,191,578,3002998875,3002998875,335040,0
12,1116928,0,0,0,3776,8192,136576,176384,792000,766336,347328,0,960,132160,0,0,0,0,0,0,0,0,0,0,0,0,0,0,176256,128,191,584,3002998875,3002998875,339136,0
13,1116736,0,0,0,3840,8256,137408,177344,789888,770112,343296,0,832,133184,0,0,0,0,0,0,0,0,0,0,0,0,0,0,177280,64,191,585,3002998875,3002998875,335040,0
14,1116608,0,0,0,3776,8192,136448,180928,787264,767232,346112,0,896,131904,0,0,0,0,0,0,0,0,0,0,0,0,0,0,180864,64,189,579,3002998875,3002998875,337920,0
15,1116736,0,0,0,3776,8512,136832,176448,791168,771328,342016,0,896,132480,0,0,0,0,0,0,0,0,0,0,0,0,0,0,176256,192,187,572,3002998875,3002998875,333504,0
16,1116736,0,0,0,3712,8192,137536,177152,790144,770240,343168,0,832,132928,0,0,0,0,0,0,0,0,0,0,0,0,0,0,177024,128,187,574,3002998875,3002998875,334976,0
17,1116928,0,0,0,3712,9664,137664,176384,789504,769152,344448,0,896,133120,0,0,0,0,0,0,0,0,0,0,0,0,0,0,176256,128,187,574,3002998875,3002998875,334784,0
18,1116480,0,0,0,3712,8640,136768,175808,791552,771712,341376,0,896,132288,0,0,0,0,0,0,0,0,0,0,0,0,0,0,175744,64,187,576,3002998875,3002998875,332736,0
19,1116544,0,0,0,3840,8384,135744,177408,791168,771392,341824,0,896,131328,0,0,0,0,0,0,0,0,0,0,0,0,0,0,177280,128,187,580,3002998875,3002998875,333440,0
20,1116800,0,0,0,3904,8192,139968,176512,788224,768192,345216,0,832,135552,0,0,0,0,0,0,0,0,0,0,0,0,0,0,176384,128,186,577,3002998875,3002998875,337024,0
21,1116864,0,0,0,3776,8320,139968,177152,787648,767808,345664,0,896,135552,0,0,0,0,0,0,0,0,0,0,0,0,0,0,177088,64,180,572,3002998875,3002998875,337344,0
22,1116736,0,0,0,3712,8320,140224,175296,789184,769088,344320,0,896,135808,0,0,0,0,0,0,0,0,0,0,0,0,0,0,175168,128,178,572,3002998875,3002998875,336000,0
23,1116544,0,0,0,3776,8576,139456,176960,787776,768000,345216,0,960,135168,0,0,0,0,0,0,0,0,0,0,0,0,0,0,176896,64,178,574,3002998875,3002998875,336640,0
24,1116800,0,0,0,3776,8128,139072,176576,789248,769216,344256,0,896,134400,0,0,0,0,0,0,0,0,0,0,0,0,0,0,176448,128,178,574,3002998875,3002998875,336128,0
25,1116672,0,0,0,3712,8256,137472,177088,790144,770240,343104,0,832,132992,0,0,0,0,0,0,0,0,0,0,0,0,0,0,176960,128,177,569,3002998875,3002998875,334848,0
26,1116608,0,0,0,3712,8512,137920,175296,791168,771264,342080,0,896,133568,0,0,0,0,0,0,0,0,0,0,0,0,0,0,175168,128,175,562,3002998875,3002998875,333568,0
27,1116800,0,0,0,3840,8256,139264,177344,788096,768128,345408,0,896,134592,0,0,0,0,0,0,0,0,0,0,0,0,0,0,177280,64,173,554,3002998875,3002998875,337152,0
28,1116608,0,0,0,4736,8320,135680,181504,786368,760768,352512,0,896,131072,0,0,0,0,0,0,0,0,0,0,0,0,0,0,181376,128,173,554,3002998875,3002998875,344192,0
29,1116864,0,0,0,3840,8256,136256,177088,791424,771584,341952,0,832,131904,0,0,0,0,0,0,0,0,0,0,0,0,0,0,176960,128,173,554,3002998875,3002998875,333696,0
30,1116736,0,0,0,3840,8448,140288,175552,788608,768896,344448,0,896,135744,0,0,0,0,0,0,0,0,0,0,0,0,0,0,175424,128,173,553,3002998875,3002998875,336000,0
31,1116864,0,0,0,3776,8512,137856,176960,789760,769792,343808,0,896,133312,0,0,0,0,0,0,0,0,0,0,0,0,0,0,176832,128,173,555,3002998875,3002998875,335296,0
32,1116672,0,0,0,3776,9472,134592,176576,792256,772288,340992,0,960,130112,0,0,0,0,0,0,0,0,0,0,0,0,0,0,176512,64,173,554,3002998875,3002998875,331520,0
33,1116736,0,0,0,3840,8384,137280,177344,789888,769600,343744,0,896,132928,0,0,0,0,0,0,0,0,0,0,0,0,0,0,177280,64,173,552,3002998875,3002998875,335360,0
34,1116544,0,0,0,3776,8320,136512,175104,792832,772928,340288,0,960,131968,0,0,0,0,0,0,0,0,0,0,0,0,0,0,174976,128,173,552,3002998875,3002998875,331968,0
35,1116736,0,0,0,3840,8256,136576,177152,790912,771072,342400,0,960,132032,0,0,0,0,0,0,0,0,0,0,0,0,0,0,177024,128,173,551,3002998875,3002998875,334144,0
36,1116800,0,0,0,3712,8320,136832,176448,791488,771776,341632,0,960,132480,0,0,0,0,0,0,0,0,0,0,0,0,0,0,176320,128,172,549,3002998875,3002998875,333312,0
37,1116608,0,0,0,3776,8448,137984,176960,789440,769536,343616,0,896,133696,0,0,0,0,0,0,0,0,0,0,0,0,0,0,176832,128,172,549,3002998875,3002998875,335168,0
38,1116672,0,0,0,3776,8384,137216,174912,792384,772224,341056,0,896,132928,0,0,0,0,0,0,0,0,0,0,0,0,0,0,174784,128,172,549,3002998875,3002998875,332672,0
39,1116736,0,0,0,3712,8384,137664,176320,790656,770688,342720,0,960,133184,0,0,0,0,0,0,0,0,0,0,0,0,0,0,176192,128,172,549,3002998875,3002998875,334336,0
40,1116672,0,0,0,3776,8192,136576,176448,791680,771776,341632,0,896,132096,0,0,0,0,0,0,0,0,0,0,0,0,0,0,176320,128,172,549,3002998875,3002998875,333440,0
41,1116672,0,0,0,3840,8448,161984,181504,760896,741120,372160,0,896,157312,0,0,0,0,0,0,0,0,0,0,0,0,0,0,181376,128,172,549,3002998875,3002998875,363712,0
42,1116800,0,0,0,3840,8640,148800,175552,779968,760256,353152,0,896,144384,0,0,0,0,0,0,0,0,0,0,0,0,0,0,175424,128,172,549,3002998875,3002998875,344512,0
43,1116800,0,0,0,3776,8448,138560,177280,788736,768896,344512,0,896,134080,0,0,0,0,0,0,0,0,0,0,0,0,0,0,177152,128,172,550,3002998875,3002998875,336064,0
44,1116800,0,0,0,3712,8192,136896,176320,791680,765952,347584,0,960,132416,0,0,0,0,0,0,0,0,0,0,0,0,0,0,176192,128,171,545,3002998875,3002998875,339392,0
45,1116800,0,0,0,3840,8512,136384,177536,790528,770752,342592,0,960,131840,0,0,0,0,0,0,0,0,0,0,0,0,0,0,177408,128,171,545,3002998875,3002998875,334080,0
46,1116608,0,0,0,3904,8448,137280,175296,791680,772160,341056,0,896,132864,0,0,0,0,0,0,0,0,0,0,0,0,0,0,175168,128,171,545,3002998875,3002998875,332608,0
47,1118080,0,0,0,3904,9664,483648,241984,378880,352704,761984,0,1088,478976,0,0,0,0,0,0,0,0,0,0,0,0,0,0,241856,128,200,641,3619349932,3619349932,752320,0
48,1115520,0,0,0,3904,8512,164160,239104,699840,673472,438720,0,1088,159360,0,0,0,0,0,0,0,0,0,0,0,0,0,0,238976,128,200,641,3619349932,3619349932,430208,0
49,1116736,0,0,0,3840,8320,165312,230784,708480,682496,430848,0,1088,160704,0,0,0,0,0,0,0,0,0,0,0,0,0,0,230656,128,202,648,3619349932,3619349932,422528,0
50,1116736,0,0,0,4736,8576,164800,228672,709952,683392,429952,0,1152,160064,0,0,0,0,0,0,0,0,0,0,0,0,0,0,228544,128,202,648,3619349932,3619349932,421376,0
51,1116864,0,0,0,3904,8448,166784,230720,707008,680448,433024,0,1152,161984,0,0,0,0,0,0,0,0,0,0,0,0,0,0,230592,128,202,648,3619349932,3619349932,424576,0
52,1116672,0,0,0,3904,8704,165504,230272,708288,683008,430272,0,1088,160640,0,0,0,0,0,0,0,0,0,0,0,0,0,0,230144,128,202,644,3619349932,3619349932,421568,0
53,1116864,0,0,0,3840,8512,164864,230400,709248,683648,429888,0,1152,159936,0,0,0,0,0,0,0,0,0,0,0,0,0,0,230272,128,202,644,3619349932,3619349932,421376,0
54,1116480,0,0,0,3776,8640,166784,231296,705984,680960,432064,0,1152,161984,0,0,0,0,0,0,0,0,0,0,0,0,0,0,231232,64,202,643,3619349932,3619349932,423424,0
55,1116864,0,0,0,3840,8448,164480,230912,709184,684352,429120,0,1088,159680,0,0,0,0,0,0,0,0,0,0,0,0,0,0,230784,128,202,642,3619349932,3619349932,420672,0
56,1116800,0,0,0,3840,8448,167360,230464,706688,681472,432000,0,1152,162240,0,0,0,0,0,0,0,0,0,0,0,0,0,0,230336,128,202,642,3619349932,3619349932,423552,0
57,1117184,0,0,0,3904,8128,166144,230720,708288,682752,431168,0,1088,161408,0,0,0,0,0,0,0,0,0,0,0,0,0,0,230592,128,202,642,3619349932,3619349932,423040,0
58,1116096,0,0,0,3840,8704,166592,228160,708800,683776,428992,0,1024,161792,0,0,0,0,0,0,0,0,0,0,0,0,0,0,228032,128,202,642,3619349932,3619349932,420288,0
59,1116736,0,0,0,3840,8448,167488,230208,706752,681792,431744,0,1088,162752,0,0,0,0,0,0,0,0,0,0,0,0,0,0,230080,128,202,641,3619349932,3619349932,423296,0
60,1116928,0,0,0,3904,8512,167680,230976,705856,675328,438272,0,1088,162880,0,0,0,0,0,0,0,0,0,0,0,0,0,0,230848,128,202,641,3619349932,3619349932,429760,0
61,1116800,0,0,0,3968,8576,171584,231616,701056,676416,436992,0,1088,166720,0,0,0,0,0,0,0,0,0,0,0,0,0,0,231488,128,202,640,3619349932,3619349932,428416,0
62,1116800,0,0,0,3968,8768,165120,234240,704704,680448,432832,0,1152,160192,0,0,0,0,0,0,0,0,0,0,0,0,0,0,234112,128,182,582,3619349932,3619349932,424064,0
63,1116800,0,0,0,3776,10048,159808,236032,707136,682624,430784,0,1088,154816,0,0,0,0,0,0,0,0,0,0,0,0,0,0,235904,128,166,530,3619349932,3619349932,420736,0
64,1116544,0,0,0,3712,8320,158208,236096,710208,685376,427840,0,1152,153536,0,0,0,0,0,0,0,0,0,0,0,0,0,0,235968,128,152,494,3619349932,3619349932,419520,0
65,1116736,0,0,0,3840,8704,159424,235712,709056,684864,428480,0,1152,154688,0,0,0,0,0,0,0,0,0,0,0,0,0,0,235584,128,130,425,3619349932,3619349932,419776,0
66,1116608,0,0,0,3840,8512,156928,236800,710528,686144,427072,0,1216,151872,0,0,0,0,0,0,0,0,0,0,0,0,0,0,236672,128,111,368,3619349932,3619349932,418560,0
67,1116800,0,0,0,3776,8704,159424,235392,709504,684992,428416,0,1152,154496,0,0,0,0,0,0,0,0,0,0,0,0,0,0,235264,128,108,362,3619349932,3619349932,419712,0
68,1116608,0,0,0,3840,8384,157056,234752,712576,688320,424896,0,1152,152128,0,0,0,0,0,0,0,0,0,0,0,0,0,0,234624,128,98,323,3619349932,3619349932,416512,0
69,1116800,0,0,0,3776,8768,155584,235072,713600,689344,424064,0,1152,150656,0,0,0,0,0,0,0,0,0,0,0,0,0,0,234944,128,87,287,3619349932,3619349932,415296,0
70,1116800,0,0,0,3840,8576,157568,235328,711488,687232,426240,0,1152,152640,0,0,0,0,0,0,0,0,0,0,0,0,0,0,235200,128,80,265,3619349932,3619349932,417664,0
71,1116672,0,0,0,3904,8320,158784,236160,709504,685376,427968,0,1152,153856,0,0,0,0,0,0,0,0,0,0,0,0,0,0,236032,128,80,264,3619349932,3619349932,419648,0
72,1116864,0,0,0,4736,8704,157376,235520,710528,686528,426944,0,1152,152448,0,0,0,0,0,0,0,0,0,0,0,0,0,0,235392,128,80,264,3619349932,3619349932,418240,0
73,1116608,0,0,0,3840,8576,157568,234816,711808,687936,425344,0,1088,152576,0,0,0,0,0,0,0,0,0,0,0,0,0,0,234688,128,79,261,3619349932,3619349932,416768,0
74,1116800,0,0,0,3840,8384,157568,234752,712256,688064,425344,0,1152,152768,0,0,0,0,0,0,0,0,0,0,0,0,0,0,234624,128,79,261,3619349932,3619349932,416960,0
75,1116928,0,0,0,11200,8768,227136,254592,615232,590656,522752,0,1152,222144,0,0,0,0,0,0,0,0,0,0,0,0,0,0,254464,128,83,279,3619349932,3784879386,513984,0
76,1116352,0,0,0,4032,8704,166464,248768,688384,658368,454592,0,1088,161664,0,0,0,0,0,0,0,0,0,0,0,0,0,0,248640,128,80,270,3784879386,3784879386,445888,0
77,1117824,0,0,0,3968,8704,163264,706112,235776,200256,914176,0,1152,158272,0,0,0,0,0,0,0,0,0,0,0,0,0,0,705984,128,163,462,3784879386,3784879386,905472,0
78,1676800,0,0,0,9984,9984,605760,747840,303232,279616,1393728,0,1088,600896,0,0,0,0,0,0,0,0,0,0,0,0,0,0,747712,128,163,460,881140562,1322596196,1383744,0
79,1116096,0,0,0,4160,8512,185280,310784,607360,582912,529792,0,1152,180352,0,0,0,0,0,0,0,0,0,0,0,0,0,0,310656,128,163,465,1322596196,2935860823,521280,0
80,1116608,0,0,0,4160,8768,178304,305856,619520,595264,517888,0,1152,173248,0,0,0,0,0,0,0,0,0,0,0,0,0,0,305792,64,164,496,2935860823,2935860823,509120,0
81,1117376,0,0,0,4096,8640,214080,308288,582272,557760,556224,0,1152,209024,0,0,0,0,0,0,0,0,0,0,0,0,0,0,308224,64,160,488,2935860823,1252444529,547584,0
82,1116288,0,0,0,4096,8768,194752,309632,599040,574464,538368,0,1152,189824,0,0,0,0,0,0,0,0,0,0,0,0,0,0,309504,128,159,493,1252444529,2945405002,529600,0
83,1116480,0,0,0,4032,8448,177344,312768,613888,589760,523328,0,1024,172480,0,0,0,0,0,0,0,0,0,0,0,0,0,0,312640,128,127,411,2945405002,2945405002,514880,0
84,1116992,0,0,0,4096,8256,175616,306688,622336,598144,515520,0,1088,170560,0,0,0,0,0,0,0,0,0,0,0,0,0,0,306560,128,109,366,2945405002,2945405002,507264,0
85,1116864,0,0,0,4032,8192,176576,308032,620032,595712,517888,0,1088,171712,0,0,0,0,0,0,0,0,0,0,0,0,0,0,307904,128,110,373,2945405002,2945405002,509696,0
86,1116608,0,0,0,4160,8704,176512,301888,625344,601152,512064,0,1088,171712,0,0,0,0,0,0,0,0,0,0,0,0,0,0,301760,128,106,355,2945405002,2945405002,503360,0
87,1116864,0,0,0,4160,8576,176704,300480,626944,602752,510720,0,1088,171712,0,0,0,0,0,0,0,0,0,0,0,0,0,0,300352,128,99,335,2945405002,2945405002,502144,0
88,1116928,0,0,0,4032,8704,177536,286912,639744,615360,498112,0,1024,172736,0,0,0,0,0,0,0,0,0,0,0,0,0,0,286784,128,91,308,2945405002,2945405002,489408,0
89,1116672,0,0,0,4096,8832,176064,287296,640384,616192,497152,0,1152,171136,0,0,0,0,0,0,0,0,0,0,0,0,0,0,287232,64,84,282,2945405002,2945405002,488320,0
90,1116992,0,0,0,4160,8320,173120,286720,644672,618304,495424,0,1152,168192,0,0,0,0,0,0,0,0,0,0,0,0,0,0,286592,128,75,254,2945405002,2945405002,487104,0
91,1116544,0,0,0,4096,8064,177792,289600,636992,612864,500352,0,1216,172864,0,0,0,0,0,0,0,0,0,0,0,0,0,0,289472,128,84,284,2945405002,2945405002,492288,0
92,1116672,0,0,0,4160,8896,178304,287424,637888,608064,505216,0,1088,173376,0,0,0,0,0,0,0,0,0,0,0,0,0,0,287360,64,86,288,2945405002,2945405002,496320,0
93,1116544,0,0,0,4160,8768,176256,289024,638336,614080,499136,0,1216,171392,0,0,0,0,0,0,0,0,0,0,0,0,0,0,288896,128,119,383,2945405002,2945405002,490368,0
94,1117056,0,0,0,4864,9984,172672,287936,641600,617472,496256,0,1152,167872,0,0,0,0,0,0,0,0,0,0,0,0,0,0,287808,128,162,484,2945405002,2945405002,486272,0
95,1117568,0,0,0,4032,8576,176192,740992,187776,152256,961792,0,1088,171328,0,0,0,0,0,0,0,0,0,0,0,0,0,0,740864,128,225,654,2945405002,2945405002,953216,0
96,1116480,0,0,0,4096,8704,176320,720256,207104,183168,929920,0,1024,171456,0,0,0,0,0,0,0,0,0,0,0,0,0,0,720128,128,200,546,2945405002,2945405002,921216,0
97,1116160,0,0,0,4160,8704,180544,285504,637248,613312,499456,0,1088,175808,0,0,0,0,0,0,0,0,0,0,0,0,0,0,285376,128,173,450,2945405002,2945405002,490752,0
98,1116672,0,0,0,4032,8384,182400,283392,638464,614208,499136,0,1088,177536,0,0,0,0,0,0,0,0,0,0,0,0,0,0,283264,128,178,451,2945405002,2945405002,490752,0
99,1116672,0,0,0,4032,8512,177344,286400,640384,615872,497408,0,1152,172416,0,0,0,0,0,0,0,0,0,0,0,0,0,0,286272,128,178,443,2945405002,2945405002,488896,0
100,1116992,0,0,0,6016,8512,180544,285248,636672,612096,501504,0,1088,175552,0,0,0,0,0,0,0,0,0,0,0,0,0,0,285120,128,181,454,2945405002,2945405002,492992,0
101,1116672,0,0,0,6016,8384,183936,287872,630464,606208,507072,0,1152,179008,0,0,0,0,0,0,0,0,0,0,0,0,0,0,287808,64,179,447,2945405002,2945405002,498688,0
102,1116672,0,0,0,5248,8768,182848,283520,636288,611776,501376,0,1088,177984,0,0,0,0,0,0,0,0,0,0,0,0,0,0,283392,128,181,456,2945405002,2945405002,492608,0
103,1116480,0,0,0,6272,8640,183360,285632,632576,608256,504832,0,1152,178432,0,0,0,0,0,0,0,0,0,0,0,0,0,0,285504,128,177,439,2945405002,2945405002,496192,0
104,1116864,0,0,0,5056,8448,176512,284992,641856,617280,496128,0,1216,171648,0,0,0,0,0,0,0,0,0,0,0,0,0,0,284864,128,179,445,2945405002,2945405002,487680,0
105,1116864,0,0,0,3904,8640,178048,285184,641088,616768,496704,0,1088,173120,0,0,0,0,0,0,0,0,0,0,0,0,0,0,285056,128,187,450,2945405002,2945405002,488064,0
106,1116800,0,0,0,3840,8640,178432,282880,643008,618944,494400,0,1088,173568,0,0,0,0,0,0,0,0,0,0,0,0,0,0,282752,128,184,448,2945405002,2945405002,485760,0
107,1117888,0,0,0,8960,8768,274880,282304,542976,518592,595712,0,1152,269760,0,0,0,0,0,0,0,0,0,0,0,0,0,0,282176,128,189,460,4026148207,4026148207,586944,0
108,1115584,0,0,0,3968,8576,183360,281472,638208,607744,504384,0,1152,178304,0,0,0,0,0,0,0,0,0,0,0,0,0,0,281344,128,189,462,4026148207,4026148207,495808,0
109,1117440,0,0,0,4096,9856,694528,348160,60800,36864,1077184,0,1152,689600,0,0,0,0,0,0,0,0,0,0,0,0,0,0,348032,128,186,459,268324811,2062031264,1067328,0
110,1116928,0,0,0,4096,8448,224512,337728,542144,518144,595392,0,1088,219584,0,0,0,0,0,0,0,0,0,0,0,0,0,0,337664,64,186,458,4134961013,1276711854,586944,0
111,1116224,0,0,0,4096,8832,223232,341312,538752,515200,597504,0,1152,218112,0,0,0,0,0,0,0,0,0,0,0,0,0,0,341184,128,185,457,1273081916,4101993858,588672,0
112,1116992,0,0,0,4096,8640,221248,338304,544704,520576,593088,0,1088,216384,0,0,0,0,0,0,0,0,0,0,0,0,0,0,338176,128,182,452,3979560772,3808273010,584448,0
113,1116544,0,0,0,4096,8512,223744,338112,542080,518336,594752,0,1152,218880,0,0,0,0,0,0,0,0,0,0,0,0,0,0,337984,128,182,452,2561245328,3395467185,586240,0
114,1116800,0,0,0,4096,8576,224832,337984,541312,517312,596032,0,1152,219712,0,0,0,0,0,0,0,0,0,0,0,0,0,0,337920,64,186,452,121744527,495594377,587456,0
115,1116800,0,0,0,4032,8640,224320,338944,540864,517120,596288,0,1152,219264,0,0,0,0,0,0,0,0,0,0,0,0,0,0,338816,128,185,453,1385451978,763761650,587648,0
116,1116608,0,0,0,4928,8832,224704,339712,538432,514816,598336,0,1088,219776,0,0,0,0,0,0,0,0,0,0,0,0,0,0,339584,128,187,463,1728663673,2869197078,589504,0
117,1117184,0,0,0,4096,8768,227520,338176,538624,514432,599296,0,1152,222464,0,0,0,0,0,0,0,0,0,0,0,0,0,0,338048,128,187,464,295506827,2688043666,590528,0
118,1116480,0,0,0,4032,8512,228736,338368,536832,512960,600064,0,1216,223744,0,0,0,0,0,0,0,0,0,0,0,0,0,0,338240,128,187,468,4170772114,2182272867,591552,0
119,1116736,0,0,0,4096,8384,224896,338816,540544,516608,596736,0,1152,219904,0,0,0,0,0,0,0,0,0,0,0,0,0,0,338688,128,187,464,3540436437,1939018632,588352,0
120,1116800,0,0,0,3968,8832,223744,338880,541376,517504,595904,0,1216,218624,0,0,0,0,0,0,0,0,0,0,0,0,0,0,338752,128,187,462,3486274864,3924387138,587072,0
121,1116800,0,0,0,4160,8768,239552,341184,523136,499008,614400,0,1024,234560,0,0,0,0,0,0,0,0,0,0,0,0,0,0,341056,128,185,462,4013364865,1688809806,605632,0
122,1116864,0,0,0,3968,8512,274496,339776,490112,466048,647424,0,1088,269568,0,0,0,0,0,0,0,0,0,0,0,0,0,0,339648,128,180,451,524656768,1705813799,638912,0
123,1116544,0,0,0,4096,8512,233728,342912,527296,503872,609280,0,1088,228736,0,0,0,0,0,0,0,0,0,0,0,0,0,0,342784,128,179,448,2978208500,1435927826,600768,0
124,1116992,0,0,0,10432,8704,281024,345728,471104,441216,672192,0,1152,275904,0,0,0,0,0,0,0,0,0,0,0,0,0,0,345600,128,171,423,1601911144,129312773,663488,0
125,1116608,0,0,0,6016,9984,237248,346304,517056,493504,619712,0,1024,232384,0,0,0,0,0,0,0,0,0,0,0,0,0,0,346176,128,142,385,3283949111,1463297130,609728,0
126,1116736,0,0,0,5056,8512,234112,311552,557504,530496,582912,0,1152,229056,0,0,0,0,0,0,0,0,0,0,0,0,0,0,311424,128,72,241,2382371436,2891294014,574400,0
127,1677440,0,0,0,4096,8640,240576,1010304,413824,361984,1312128,0,1024,235776,0,0,0,0,0,0,0,0,0,0,0,0,0,0,1010176,128,102,326,3643840450,211898945,1303488,0
128,1676352,0,0,0,3968,8768,234816,978688,450112,425984,1246912,0,1152,229888,0,0,0,0,0,0,0,0,0,0,0,0,0,0,978560,128,152,383,1922272546,3866791710,1238144,0
129,1116736,0,0,0,3968,9024,225280,346112,532352,508416,604864,0,1152,220352,0,0,0,0,0,0,0,0,0,0,0,0,0,0,345984,128,170,428,1211168619,1548840454,595840,0
130,1116672,0,0,0,4032,8704,225600,348416,529920,506176,607168,0,1152,220736,0,0,0,0,0,0,0,0,0,0,0,0,0,0,348288,128,170,424,790022128,1967835374,598464,0
131,1116800,0,0,0,4032,8640,228416,347456,528256,504576,608832,0,1088,223424,0,0,0,0,0,0,0,0,0,0,0,0,0,0,347328,128,174,430,4240772532,3119466702,600192,0
132,1116928,0,0,0,4032,8896,249088,348032,506880,482880,630656,0,1088,244224,0,0,0,0,0,0,0,0,0,0,0,0,0,0,347904,128,170,415,4165477715,1862255295,621760,0
133,1116608,0,0,0,4032,8576,233920,352000,518080,494528,618624,0,1088,229056,0,0,0,0,0,0,0,0,0,0,0,0,0,0,351872,128,168,406,308424813,1652807799,610048,0
134,1116864,0,0,0,3968,8768,236928,352768,514432,490304,623168,0,1152,232000,0,0,0,0,0,0,0,0,0,0,0,0,0,0,352640,128,170,413,121072294,1336304599,614400,0
135,1116928,0,0,0,3968,8448,237312,353664,513536,489216,624256,0,1152,232256,0,0,0,0,0,0,0,0,0,0,0,0,0,0,353536,128,167,405,259556095,2618561107,615808,0
136,1119360,0,0,0,3968,8768,238848,353152,514624,487936,627968,0,1024,233984,0,0,0,0,0,0,0,0,0,0,0,0,0,0,353024,128,179,447,1033825695,4149244163,619200,0
137,1112832,0,0,0,9728,9024,269888,351360,472832,447616,661632,0,1152,264704,0,0,0,0,0,0,0,0,0,0,0,0,0,0,351232,128,187,472,619364826,3000464415,652608,0
138,1117184,0,0,0,4032,8448,290112,312832,501760,476992,636736,0,1088,285184,0,0,0,0,0,0,0,0,0,0,0,0,0,0,312704,128,183,457,1740657754,4000560628,628288,0
139,1116032,0,0,0,4096,9408,224000,303872,574656,550528,562112,0,1152,219008,0,0,0,0,0,0,0,0,0,0,0,0,0,0,303744,128,182,453,1971489115,243884482,552704,0
140,1117056,0,0,0,6208,10432,533312,331328,235776,206336,906752,0,1152,528448,0,0,0,0,0,0,0,0,0,0,0,0,0,0,331264,64,179,442,2423383904,30267587,896320,0
141,1116672,0,0,0,5248,8768,256896,329792,515968,492096,621120,0,1152,251904,0,0,0,0,0,0,0,0,0,0,0,0,0,0,329664,128,171,423,1660031109,4081098059,612352,0
142,1116672,0,0,0,3968,8384,255616,328960,519744,495936,617344,0,1216,250688,0,0,0,0,0,0,0,0,0,0,0,0,0,0,328832,128,175,438,856021347,3631701061,608960,0
143,1116544,0,0,0,4032,8512,254912,329600,519488,495616,617536,0,1088,249856,0,0,0,0,0,0,0,0,0,0,0,0,0,0,329472,128,181,459,3478047345,1549166140,609024,0
144,1116800,0,0,0,4096,8512,257344,328640,518208,494208,619200,0,1152,252224,0,0,0,0,0,0,0,0,0,0,0,0,0,0,328512,128,191,485,2490575094,2956519494,610688,0
145,1116672,0,0,0,4096,8640,251136,327936,524864,500992,612224,0,1152,246208,0,0,0,0,0,0,0,0,0,0,0,0,0,0,327808,128,193,490,3104820720,4163058727,603584,0
146,1116608,0,0,0,4032,8640,252224,330304,521408,497536,615616,0,1088,247424,0,0,0,0,0,0,0,0,0,0,0,0,0,0,330176,128,194,493,28624378,1037328856,606976,0
147,1116928,0,0,0,4096,8640,255168,328896,520128,495872,617728,0,1152,250240,0,0,0,0,0,0,0,0,0,0,0,0,0,0,328768,128,192,494,3818959615,2249530792,609088,0
148,1116736,0,0,0,4096,8448,257408,327872,518912,495232,617984,0,1088,252416,0,0,0,0,0,0,0,0,0,0,0,0,0,0,327744,128,191,488,4051503970,3091779974,609536,0
149,1116736,0,0,0,4096,8320,258432,329024,516864,493120,620160,0,1088,253504,0,0,0,0,0,0,0,0,0,0,0,0,0,0,328896,128,193,490,4001314730,1927610516,611840,0
150,1116672,0,0,0,3968,8640,255552,329600,518912,495040,618176,0,1152,250688,0,0,0,0,0,0,0,0,0,0,0,0,0,0,329472,128,190,496,2877513064,3584622031,609536,0
151,1116864,0,0,0,4032,8384,257728,329088,517632,493824,619584,0,1088,252928,0,0,0,0,0,0,0,0,0,0,0,0,0,0,328960,128,190,500,2677971100,957757622,611200,0
152,1676992,0,0,0,9792,8448,297088,1015040,346624,322560,1350848,0,1088,292032,0,0,0,0,0,0,0,0,0,0,0,0,0,0,1014912,128,202,532,3036979155,4182121811,1342400,0
153,1116544,0,0,0,4032,8384,257728,335872,510528,486464,626688,0,1152,252864,0,0,0,0,0,0,0,0,0,0,0,0,0,0,335744,128,195,517,1320838465,492541910,618304,0
154,1116736,0,0,0,6080,8384,257280,335168,509824,485824,627584,0,1280,252288,0,0,0,0,0,0,0,0,0,0,0,0,0,0,335104,64,198,522,2485191994,3690510856,619200,0
155,1116864,0,0,0,10048,10112,288640,341504,466560,442880,670400,0,1088,283584,0,0,0,0,0,0,0,0,0,0,0,0,0,0,341376,128,208,543,2237360169,1038825309,660288,0
156,1116992,0,0,0,4096,8960,267264,338560,498112,468352,645184,0,1152,262336,0,0,0,0,0,0,0,0,0,0,0,0,0,0,338432,128,247,669,2816240412,198949216,636224,0
157,1116544,0,0,0,4032,8576,266240,424000,413696,390016,723008,0,1088,261376,0,0,0,0,0,0,0,0,0,0,0,0,0,0,423872,128,381,1058,2846650522,352644178,714432,0
158,1116928,0,0,0,4096,8448,268288,403072,433024,408896,704640,0,1152,263168,0,0,0,0,0,0,0,0,0,0,0,0,0,0,403008,64,466,1171,1199589575,1436652508,696192,0
159,1116480,0,0,0,4928,8832,267904,404416,430400,406720,706304,0,1088,262912,0,0,0,0,0,0,0,0,0,0,0,0,0,0,404288,128,496,1241,2150723381,2506539491,697472,0
160,1116736,0,0,0,4160,8256,257088,342080,505152,481152,632256,0,1024,252160,0,0,0,0,0,0,0,0,0,0,0,0,0,0,341952,128,272,732,1366906979,3862749208,624000,0
161,1116992,0,0,0,4096,8384,254656,495616,354240,312704,800832,0,1152,249664,0,0,0,0,0,0,0,0,0,0,0,0,0,0,495488,128,216,559,966973354,3190522011,792448,0
162,1116416,0,0,0,4096,8576,252288,493440,358016,333952,779072,0,1216,247296,0,0,0,0,0,0,0,0,0,0,0,0,0,0,493312,128,150,382,3068017279,1985892560,770496,0
163,1116800,0,0,0,4096,8768,254080,319168,530688,506688,606720,0,1088,249216,0,0,0,0,0,0,0,0,0,0,0,0,0,0,319040,128,132,292,3141477061,3631219908,597952,0
164,1116608,0,0,0,4096,8768,253888,318016,531840,507904,605248,0,1152,249024,0,0,0,0,0,0,0,0,0,0,0,0,0,0,317888,128,128,279,1334540253,2452103952,596480,0
165,1116736,0,0,0,4096,8832,253696,319488,530624,506880,606400,0,1152,248704,0,0,0,0,0,0,0,0,0,0,0,0,0,0,319360,128,121,263,2394981541,3708592450,597568,0
166,1116928,0,0,0,4096,8448,252544,317312,534528,510464,603136,0,1280,247424,0,0,0,0,0,0,0,0,0,0,0,0,0,0,317184,128,118,260,2990490545,3241969563,594688,0
167,1116672,0,0,0,9984,8832,278656,320448,498752,474368,638720,0,1088,273664,0,0,0,0,0,0,0,0,0,0,0,0,0,0,320320,128,119,260,34850937,2895344624,629888,0
168,1116800,0,0,0,6080,8320,254592,298624,549184,524928,588480,0,1216,249408,0,0,0,0,0,0,0,0,0,0,0,0,0,0,298496,128,82,228,1726777208,2961797592,580160,0
169,1117184,0,0,0,6784,8768,313216,236032,552384,527552,586240,0,1152,308224,0,0,0,0,0,0,0,0,0,0,0,0,0,0,235904,128,29,96,2141631500,3208498311,577472,0
170,1115648,0,0,0,10432,8896,282368,225344,588608,563840,548224,0,1152,277312,0,0,0,0,0,0,0,0,0,0,0,0,0,0,225280,64,30,100,188767387,2883712760,539328,0
171,1116736,0,0,0,5312,9856,232384,223552,645632,621632,491648,0,1216,227264,0,0,0,0,0,0,0,0,0,0,0,0,0,0,223424,128,30,99,2883712760,2883712760,481792,0
172,1116928,0,0,0,4096,8768,228224,254336,621504,591168,522368,0,1024,223296,0,0,0,0,0,0,0,0,0,0,0,0,0,0,254208,128,130,281,2883712760,2883712760,513600,0
173,1116800,0,0,0,4160,8576,232960,253440,617664,593536,519808,0,1088,227968,0,0,0,0,0,0,0,0,0,0,0,0,0,0,253312,128,129,279,2883712760,2035268470,511232,0
174,1116736,0,0,0,4096,8704,238912,257664,607360,583168,530112,0,1088,233920,0,0,0,0,0,0,0,0,0,0,0,0,0,0,257536,128,140,311,2035268470,2779892430,521408,0
175,1116800,0,0,0,4096,8704,226688,252224,625088,600704,512704,0,1152,221696,0,0,0,0,0,0,0,0,0,0,0,0,0,0,252096,128,139,341,2779892430,2779892430,504000,0
176,1116736,0,0,0,4096,8192,240000,253312,611136,586624,526720,0,1088,235008,0,0,0,0,0,0,0,0,0,0,0,0,0,0,253184,128,107,303,2779892430,1677553349,518528,0
177,1117120,0,0,0,4096,8512,247296,256768,600448,575744,537984,0,1152,242176,0,0,0,0,0,0,0,0,0,0,0,0,0,0,256640,128,82,264,1677553349,711789373,529472,0
178,1116288,0,0,0,4160,8640,255744,255808,591936,567680,545216,0,1152,250688,0,0,0,0,0,0,0,0,0,0,0,0,0,0,255680,128,75,255,711789373,711789373,536576,0
179,1116672,0,0,0,4160,8704,248320,257088,598400,573952,539328,0,1152,243328,0,0,0,0,0,0,0,0,0,0,0,0,0,0,257024,64,64,217,711789373,711789373,530624,0
180,1116288,0,0,0,5952,8640,240576,258240,602880,579008,533952,0,1152,235520,0,0,0,0,0,0,0,0,0,0,0,0,0,0,258112,128,63,217,711789373,711789373,525312,0
181,1117312,0,0,0,6080,8576,244032,255808,602816,578176,535680,0,1152,239104,0,0,0,0,0,0,0,0,0,0,0,0,0,0,255680,128,58,190,711789373,711789373,527104,0
182,1116928,0,0,0,5824,8512,237376,254208,611008,586432,527040,0,1088,232448,0,0,0,0,0,0,0,0,0,0,0,0,0,0,254080,128,57,186,711789373,711789373,518528,0
183,1116672,0,0,0,5888,8832,236160,242432,623360,599232,514048,0,1088,231168,0,0,0,0,0,0,0,0,0,0,0,0,0,0,242304,128,56,188,711789373,711789373,505216,0
184,1116416,0,0,0,5056,8832,236800,240960,624768,600832,512192,0,1152,231744,0,0,0,0,0,0,0,0,0,0,0,0,0,0,240832,128,56,188,711789373,711789373,503360,0
185,1116928,0,0,0,3904,8640,225600,235584,643200,618944,494592,0,1088,220736,0,0,0,0,0,0,0,0,0,0,0,0,0,0,235456,128,56,188,711789373,711789373,485952,0
186,1116672,0,0,0,3840,9664,228928,237440,636800,612544,500672,0,1088,224000,0,0,0,0,0,0,0,0,0,0,0,0,0,0,237312,128,88,281,711789373,711789373,491008,0
187,1677568,0,0,0,3904,8768,236800,1161280,266816,242688,1431424,0,1216,231872,0,0,0,0,0,0,0,0,0,0,0,0,0,0,1161152,128,231,603,711789373,711789373,1422656,0
188,1116480,0,0,0,3968,8384,235776,318336,550016,520576,592576,0,1152,230784,0,0,0,0,0,0,0,0,0,0,0,0,0,0,318208,128,394,969,711789373,711789373,584192,0
189,1116928,0,0,0,4032,8576,262976,326080,515264,491392,622144,0,1088,257920,0,0,0,0,0,0,0,0,0,0,0,0,0,0,325952,128,440,1058,2248335339,2248335339,613568,0
190,1116544,0,0,0,3904,8512,248896,354880,500352,476672,636480,0,1152,244032,0,0,0,0,0,0,0,0,0,0,0,0,0,0,354752,128,464,1130,2248335339,2248335339,627968,0
191,1116800,0,0,0,3968,8384,248000,362688,493760,469696,643776,0,1216,242880,0,0,0,0,0,0,0,0,0,0,0,0,0,0,362560,128,513,1281,2248335339,2248335339,635392,0
192,1116672,0,0,0,3840,8768,247552,353536,502976,478976,634240,0,1088,242688,0,0,0,0,0,0,0,0,0,0,0,0,0,0,353408,128,583,1401,2248335339,2248335339,625472,0
193,1116864,0,0,0,3968,8384,245696,358976,499840,475648,637888,0,1216,240640,0,0,0,0,0,0,0,0,0,0,0,0,0,0,358848,128,590,1406,2248335339,2248335339,629504,0
194,1116608,0,0,0,3904,8384,250816,357376,496128,472192,641088,0,1216,245760,0,0,0,0,0,0,0,0,0,0,0,0,0,0,357248,128,598,1424,2248335339,2248335339,632704,0
195,1116672,0,0,0,3840,8768,247616,359488,496960,472960,640320,0,1152,242688,0,0,0,0,0,0,0,0,0,0,0,0,0,0,359360,128,599,1431,2248335339,2248335339,631552,0
196,1116736,0,0,0,3840,8576,235008,351040,518272,494464,618880,0,1088,230016,0,0,0,0,0,0,0,0,0,0,0,0,0,0,350912,128,605,1446,2248335339,2248335339,610304,0
197,1118336,0,0,0,9344,20672,547840,365888,174592,111744,1003072,0,1216,313600,0,0,0,0,0,0,0,0,0,0,0,0,0,0,365760,128,606,1457,2248335339,3744745632,982400,0
198,1116608,0,0,0,4096,8576,305088,323200,475648,449472,663680,0,1216,299968,0,0,0,0,0,0,0,0,0,0,0,0,0,0,323136,64,600,1449,2703811233,2364054369,655104,0
199,1116800,0,0,0,4096,8704,305536,318592,479872,453952,659456,0,1152,300416,0,0,0,0,0,0,0,0,0,0,0,0,0,0,318464,128,590,1437,1702140928,3056141219,650752,0
200,1117568,0,0,0,4096,8640,353024,507776,244032,217664,896448,0,1216,347904,0,0,0,0,0,0,0,0,0,0,0,0,0,0,507648,128,590,1439,3726954741,398198177,887808,0
201,1115840,0,0,0,4032,9920,285696,339776,476416,451200,661184,0,1216,280448,0,0,0,0,0,0,0,0,0,0,0,0,0,0,339648,128,591,1445,885797143,3750902421,651264,0
202,1116864,0,0,0,4096,8512,282112,316416,505728,479872,633600,0,1216,276928,0,0,0,0,0,0,0,0,0,0,0,0,0,0,316352,64,591,1451,4199467804,613948345,625088,0
203,1116544,0,0,0,4928,8576,271104,316480,515456,489920,623232,0,1152,265920,0,0,0,0,0,0,0,0,0,0,0,0,0,0,316352,128,590,1446,2969967329,2536150143,614656,0
204,1116800,0,0,0,4096,8704,256128,320000,527872,496448,616896,0,1152,250944,0,0,0,0,0,0,0,0,0,0,0,0,0,0,319872,128,590,1451,2906276647,3444855380,608192,0
205,1116864,0,0,0,4032,8512,256512,316672,531136,505472,608000,0,1152,251328,0,0,0,0,0,0,0,0,0,0,0,0,0,0,316544,128,588,1448,2036277814,335384497,599488,0
206,1116608,0,0,0,4032,8512,255680,315840,532544,506560,606656,0,1088,250624,0,0,0,0,0,0,0,0,0,0,0,0,0,0,315712,128,585,1438,816841536,2972333038,598144,0
207,1116736,0,0,0,6016,8512,258496,316416,527296,501696,611648,0,1216,253248,0,0,0,0,0,0,0,0,0,0,0,0,0,0,316288,128,585,1434,2634308417,475077346,603136,0
208,1116672,0,0,0,5952,8768,261440,317696,522816,497024,616192,0,1152,256128,0,0,0,0,0,0,0,0,0,0,0,0,0,0,317568,128,588,1437,2986458475,1010352491,607424,0
209,1116736,0,0,0,5184,8448,268800,317312,516992,491008,622272,0,1152,263616,0,0,0,0,0,0,0,0,0,0,0,0,0,0,317248,64,588,1436,299902420,3361265343,613824,0
210,1116864,0,0,0,3904,8576,256512,315712,532160,506240,607168,0,1344,251328,0,0,0,0,0,0,0,0,0,0,0,0,0,0,315584,128,588,1434,1054592345,2060217555,598592,0
211,1116544,0,0,0,4032,8576,254720,316096,533120,507456,605696,0,1152,249600,0,0,0,0,0,0,0,0,0,0,0,0,0,0,315968,128,588,1433,897022036,3645331731,597120,0
212,1117504,0,0,0,3840,8448,502592,332864,269760,243264,870912,0,1280,497216,0,0,0,0,0,0,0,0,0,0,0,0,0,0,332736,128,603,1465,2801118202,507390344,862464,0
213,1116864,0,0,0,3968,8640,385664,339136,379456,352960,760448,0,1280,380416,0,0,0,0,0,0,0,0,0,0,0,0,0,0,339008,128,599,1462,265759113,1942453424,751808,0
214,1115968,0,0,0,3968,8576,288448,356800,458176,432192,680320,0,1280,283264,0,0,0,0,0,0,0,0,0,0,0,0,0,0,356736,64,606,1462,4223811993,2906052503,671744,0
215,1116736,0,0,0,4032,8576,299904,334336,469888,443968,669440,0,1152,294720,0,0,0,0,0,0,0,0,0,0,0,0,0,0,334208,128,620,1490,529478212,3969030869,660864,0
216,1677504,0,0,0,3904,9920,383104,823936,456640,430464,1243584,0,1216,377792,0,0,0,0,0,0,0,0,0,0,0,0,0,0,823808,128,613,1493,2586520395,2226675857,1233664,0
217,1116544,0,0,0,8128,8384,520768,374656,204608,178304,934720,0,1216,515520,0,0,0,0,0,0,0,0,0,0,0,0,0,0,374528,128,611,1498,1538792030,3494076942,926336,0
218,1115968,0,0,0,4096,8448,297088,353920,452416,426688,685888,0,1280,291776,0,0,0,0,0,0,0,0,0,0,0,0,0,0,353792,128,619,1508,1497146197,1644222261,677440,0
219,1116864,0,0,0,5888,8832,302272,356224,443648,417600,695744,0,1152,296960,0,0,0,0,0,0,0,0,0,0,0,0,0,0,356160,64,624,1511,3889795000,3918032913,686912,0
220,1116864,0,0,0,5888,8704,310592,354048,437632,405824,707520,0,1216,305344,0,0,0,0,0,0,0,0,0,0,0,0,0,0,353920,128,621,1498,703818700,2337075420,698816,0
221,1116864,0,0,0,26816,9280,574208,441664,64896,38016,1074816,0,3200,564288,0,0,0,0,0,0,0,0,0,0,0,0,0,0,441536,128,639,1554,2955335732,74699885,1065536,0
222,1117120,0,0,0,4160,9344,353856,419456,330304,304256,809024,0,1216,348608,0,0,0,0,0,0,0,0,0,0,0,0,0,0,419328,128,630,1536,4177867683,2570867317,799680,0
223,1116096,0,0,0,3968,9280,356160,410880,335808,309824,802368,0,1280,350528,0,0,0,0,0,0,0,0,0,0,0,0,0,0,410752,128,629,1538,4004433270,1095723666,793088,0
224,1116608,0,0,0,4032,9344,334720,428544,339968,314176,798656,0,1088,329600,0,0,0,0,0,0,0,0,0,0,0,0,0,0,428416,128,630,1536,3890239915,3056291843,789312,0
225,1116800,0,0,0,6784,9088,369792,437376,293760,268032,844992,0,1216,364480,0,0,0,0,0,0,0,0,0,0,0,0,0,0,437248,128,649,1580,526386282,3232107485,835904,0
226,1116736,0,0,0,6080,9088,333824,423232,344512,318592,794240,0,1280,328448,0,0,0,0,0,0,0,0,0,0,0,0,0,0,423104,128,647,1582,1165457710,222211521,785152,0
227,1116928,0,0,0,4032,21504,336640,406656,348096,321856,791232,0,1088,331584,0,0,0,0,0,0,0,0,0,0,0,0,0,0,406528,128,632,1537,404104348,2353164448,769728,0
228,1115072,0,0,0,4096,8832,355328,409856,336960,312960,798272,0,1216,350016,0,0,0,0,0,0,0,0,0,0,0,0,0,0,409728,128,635,1547,3489153280,1086537688,789440,0
229,1116928,0,0,0,4032,9216,388224,429184,286272,262016,851072,0,1216,382976,0,0,0,0,0,0,0,0,0,0,0,0,0,0,429056,128,651,1598,4156903411,2717125077,841856,0
230,1116672,0,0,0,4096,9280,336320,432704,334272,310016,802880,0,1344,330880,0,0,0,0,0,0,0,0,0,0,0,0,0,0,432640,64,657,1618,635050288,3901423335,793600,0
231,1116864,0,0,0,6016,10304,438144,403328,259072,235392,877632,0,1152,432896,0,0,0,0,0,0,0,0,0,0,0,0,0,0,403200,128,646,1562,3601095520,1145850297,867328,0
232,1116672,0,0,0,6144,9408,337920,388352,374848,350400,762432,0,1152,332800,0,0,0,0,0,0,0,0,0,0,0,0,0,0,388224,128,651,1561,1833684571,1462590190,753024,0
233,1116672,0,0,0,3968,9088,418560,458944,226112,202048,910720,0,1216,413184,0,0,0,0,0,0,0,0,0,0,0,0,0,0,458816,128,658,1586,307531320,4007603214,901632,0
234,1117056,0,0,0,3840,9024,406528,474944,222720,197952,915328,0,1344,401216,0,0,0,0,0,0,0,0,0,0,0,0,0,0,474880,64,644,1571,898896929,1283292701,906304,0
235,1116544,0,0,0,4032,9024,351168,402240,350080,326016,786752,0,1216,345920,0,0,0,0,0,0,0,0,0,0,0,0,0,0,402112,128,632,1550,2232377454,259339387,777728,0
236,1116864,0,0,0,4096,9152,339264,420032,344320,314368,798656,0,1088,334080,0,0,0,0,0,0,0,0,0,0,0,0,0,0,419968,64,631,1547,574195851,3729185450,789504,0
237,1117504,0,0,0,6400,9280,458240,429248,214336,187584,926144,0,1216,453056,0,0,0,0,0,0,0,0,0,0,0,0,0,0,429120,128,660,1596,3225732613,3634991019,916864,0
238,1116224,0,0,0,6784,9216,340480,415872,343872,319360,792896,0,1280,335232,0,0,0,0,0,0,0,0,0,0,0,0,0,0,415744,128,655,1586,874989050,2843991259,783680,0
239,1116800,0,0,0,5120,9152,436288,403712,262528,237568,875392,0,1152,430976,0,0,0,0,0,0,0,0,0,0,0,0,0,0,403648,64,631,1526,1075363279,3753353323,866240,0
240,1116608,0,0,0,3840,9216,357248,411584,334720,310464,802304,0,1216,352000,0,0,0,0,0,0,0,0,0,0,0,0,0,0,411456,128,632,1523,1857190862,3480561191,793088,0
241,1116864,0,0,0,3968,9152,383808,428224,291712,267136,846016,0,1280,378368,0,0,0,0,0,0,0,0,0,0,0,0,0,0,428096,128,649,1577,3530615482,508326821,836864,0
242,1116800,0,0,0,4032,8960,337792,432576,333440,308416,804608,0,1152,332736,0,0,0,0,0,0,0,0,0,0,0,0,0,0,432448,128,651,1578,988502995,1984885630,795648,0
243,1116672,0,0,0,5952,9088,336704,401344,363584,339328,773504,0,1152,331456,0,0,0,0,0,0,0,0,0,0,0,0,0,0,401216,128,632,1516,3355920836,2107732484,764416,0
244,1116800,0,0,0,6016,9024,338688,389248,373824,349056,763904,0,1216,333312,0,0,0,0,0,0,0,0,0,0,0,0,0,0,389120,128,629,1508,1342698555,1454507812,754880,0
245,1117056,0,0,0,3840,8896,368320,426880,309120,284288,828992,0,1216,363072,0,0,0,0,0,0,0,0,0,0,0,0,0,0,426752,128,646,1565,2712082878,1339518119,820096,0
246,1116544,0,0,0,3840,10368,362432,448832,291072,266560,846144,0,1280,357056,0,0,0,0,0,0,0,0,0,0,0,0,0,0,448704,128,644,1562,2465485524,860855717,835776,0
247,1116800,0,0,0,4864,8832,351552,401408,350144,324992,788032,0,1216,345792,0,0,0,0,0,0,0,0,0,0,0,0,0,0,401280,128,626,1515,1459138433,3042827400,779200,0
248,1116608,0,0,0,4032,8832,337728,408000,358016,333120,779648,0,1216,332416,0,0,0,0,0,0,0,0,0,0,0,0,0,0,407872,128,628,1518,3771973238,1437866583,770816,0
249,1116800,0,0,0,5888,8960,370240,427136,304576,279424,833536,0,1344,364928,0,0,0,0,0,0,0,0,0,0,0,0,0,0,427008,128,645,1569,2006749491,2102216597,824576,0
250,1116864,0,0,0,6080,9152,336768,413248,351616,326272,786816,0,1280,331328,0,0,0,0,0,0,0,0,0,0,0,0,0,0,413120,128,641,1563,3569661265,2253519094,777664,0
251,1116736,0,0,0,3904,9344,337344,399872,366272,340416,772480,0,1216,332096,0,0,0,0,0,0,0,0,0,0,0,0,0,0,399744,128,622,1514,3149580804,4247993533,763136,0
252,1116800,0,0,0,3840,9216,357952,409216,336576,304960,808064,0,1280,352576,0,0,0,0,0,0,0,0,0,0,0,0,0,0,409088,128,624,1515,1291549436,224634576,798848,0
253,1116928,0,0,0,3904,9088,408320,428608,267008,241088,871936,0,1216,403008,0,0,0,0,0,0,0,0,0,0,0,0,0,0,428480,128,641,1569,988221020,2915410696,862848,0
254,1116736,0,0,0,4032,8960,343936,430336,329472,300160,812672,0,1216,338688,0,0,0,0,0,0,0,0,0,0,0,0,0,0,430208,128,640,1565,168983824,357523560,803712,0
255,1116864,0,0,0,5952,9472,347200,400192,354048,327808,785216,0,1088,342080,0,0,0,0,0,0,0,0,0,0,0,0,0,0,400064,128,624,1511,1203718492,2232044403,775744,0
256,1116352,0,0,0,6144,8960,368384,387712,345152,319104,793472,0,1216,363200,0,0,0,0,0,0,0,0,0,0,0,0,0,0,387584,128,621,1500,3854074245,1433830912,784512,0
257,1116672,0,0,0,3840,21824,376640,413760,300608,280832,832064,0,1216,371456,0,0,0,0,0,0,0,0,0,0,0,0,0,0,413632,128,617,1486,927279342,3854694459,810240,0
258,1116480,0,0,0,3840,9088,364288,419008,320256,300672,811904,0,1216,359040,0,0,0,0,0,0,0,0,0,0,0,0,0,0,418880,128,618,1487,858069015,4190371851,802816,0
259,1117056,0,0,0,4032,9600,379008,387968,336448,316352,796416,0,1280,373632,0,0,0,0,0,0,0,0,0,0,0,0,0,0,387840,128,600,1436,3226145610,2829336103,786816,0
260,1116736,0,0,0,3904,9088,380352,393984,329408,309504,803328,0,1216,375168,0,0,0,0,0,0,0,0,0,0,0,0,0,0,393920,64,603,1437,778078972,1301325067,794240,0
261,1116672,0,0,0,5952,10176,380288,414016,306240,286400,826368,0,1280,375104,0,0,0,0,0,0,0,0,0,0,0,0,0,0,413888,128,623,1487,78512132,1335290105,816192,0
262,1116672,0,0,0,6144,8960,372928,400576,328064,308288,804544,0,1216,367680,0,0,0,0,0,0,0,0,0,0,0,0,0,0,400448,128,617,1476,2612963416,3448928121,795584,0
263,1117120,0,0,0,3776,9216,368640,385792,349696,329728,783488,0,1216,363328,0,0,0,0,0,0,0,0,0,0,0,0,0,0,385664,128,600,1429,589985312,1500772082,774272,0
264,1116736,0,0,0,3840,9152,446016,417984,239744,219776,893120,0,1152,440768,0,0,0,0,0,0,0,0,0,0,0,0,0,0,417920,64,591,1419,1380124551,1840142610,883968,0
265,1116864,0,0,0,4160,8960,470208,435008,198528,178560,934528,0,1152,464832,0,0,0,0,0,0,0,0,0,0,0,0,0,0,434880,128,611,1468,502969150,3887475336,925568,0
266,1116608,0,0,0,3968,9024,380224,416000,307392,287552,825344,0,1152,375040,0,0,0,0,0,0,0,0,0,0,0,0,0,0,415872,128,611,1470,4242884663,2316464066,816320,0
267,1116736,0,0,0,5952,9024,394432,395328,312000,292224,820608,0,1216,389312,0,0,0,0,0,0,0,0,0,0,0,0,0,0,395200,128,586,1394,1903160687,407408996,811584,0
268,1116864,0,0,0,6144,9088,326080,373952,401600,376128,736832,0,1152,320960,0,0,0,0,0,0,0,0,0,0,0,0,0,0,373824,128,598,1406,3177348983,3286824318,727744,0
269,1116928,0,0,0,4672,8896,372800,412288,318272,298240,814848,0,1280,367616,0,0,0,0,0,0,0,0,0,0,0,0,0,0,412160,128,606,1456,3491074466,424025350,805952,0
270,1116800,0,0,0,3904,9152,440192,423680,239872,219968,892992,0,1216,434816,0,0,0,0,0,0,0,0,0,0,0,0,0,0,423552,128,610,1463,3286173603,1498638857,883840,0
271,1116928,0,0,0,3968,9024,399872,407616,296448,275904,837248,0,1152,394752,0,0,0,0,0,0,0,0,0,0,0,0,0,0,407488,128,593,1417,2399583068,557137854,828224,0
272,1116160,0,0,0,4032,9152,334080,393088,375808,355840,756416,0,1152,328832,0,0,0,0,0,0,0,0,0,0,0,0,0,0,392960,128,596,1414,2104034198,2809771508,747264,0
273,1116928,0,0,0,5952,9280,419520,426624,255552,235520,877568,0,1152,414336,0,0,0,0,0,0,0,0,0,0,0,0,0,0,426496,128,615,1462,3068196245,3507233122,868288,0
274,1116480,0,0,0,6080,9024,348160,400640,352576,332736,779968,0,1152,342976,0,0,0,0,0,0,0,0,0,0,0,0,0,0,400512,128,608,1451,3968081348,389203667,770944,0
275,1117504,0,0,0,3840,8960,406656,385856,312192,291776,821888,0,1280,401472,0,0,0,0,0,0,0,0,0,0,0,0,0,0,385728,128,596,1419,1839347114,3657536118,812928,0
276,1116096,0,0,0,3840,10240,375808,394304,331904,311936,800320,0,1280,370368,0,0,0,0,0,0,0,0,0,0,0,0,0,0,394176,128,599,1433,29756640,1867852285,790080,0
277,1116544,0,0,0,4032,9024,432320,416384,254784,235072,877632,0,1216,427072,0,0,0,0,0,0,0,0,0,0,0,0,0,0,416256,128,620,1491,739746879,544497013,868608,0
278,1116864,0,0,0,3904,8768,392960,386432,324800,304768,808448,0,1024,387776,0,0,0,0,0,0,0,0,0,0,0,0,0,0,386304,128,622,1494,3549103388,1619670489,799680,0
279,1116672,0,0,0,5952,8512,399488,356736,345984,326272,787008,0,1152,394304,0,0,0,0,0,0,0,0,0,0,0,0,0,0,356672,64,610,1437,724529998,214062765,778496,0
280,1116736,0,0,0,5760,8448,264896,346240,491392,471616,641728,0,1088,259776,0,0,0,0,0,0,0,0,0,0,0,0,0,0,346112,128,614,1445,2742119566,3673330413,633280,0
281,1116992,0,0,0,9344,8896,364864,373376,360512,340288,773120,0,1152,359616,0,0,0,0,0,0,0,0,0,0,0,0,0,0,373248,128,610,1444,183795323,1179415498,764224,0
282,1116416,0,0,0,3840,8704,366912,426688,310272,290304,822656,0,1216,361792,0,0,0,0,0,0,0,0,0,0,0,0,0,0,426560,128,611,1445,4254534933,4129567247,813952,0
283,1116608,0,0,0,3776,8704,275776,323712,504640,484928,628160,0,1088,270784,0,0,0,0,0,0,0,0,0,0,0,0,0,0,323584,128,581,1381,969746447,3174404472,619456,0
284,1116608,0,0,0,3904,8640,235520,313344,555200,529664,583552,0,1152,230400,0,0,0,0,0,0,0,0,0,0,0,0,0,0,313216,128,583,1378,4007863238,994964390,574912,0
285,1116928,0,0,0,5824,8384,234560,300288,567872,548032,565504,0,1216,229248,0,0,0,0,0,0,0,0,0,0,0,0,0,0,300160,128,586,1389,4014640444,934844291,557120,0
286,1116800,0,0,0,12480,9024,360320,338560,396416,376512,736384,0,1216,354944,0,0,0,0,0,0,0,0,0,0,0,0,0,0,338432,128,580,1366,3229527444,399027372,727360,0
287,1117504,0,0,0,8640,21376,466688,425024,195776,174976,939008,0,1152,461248,0,0,0,0,0,0,0,0,0,0,0,0,0,0,424896,128,580,1381,870951903,2666468326,917632,0
288,1675840,0,0,0,11776,21696,768768,444672,428928,408384,1263936,0,1216,763456,0,0,0,0,0,0,0,0,0,0,0,0,0,0,444544,128,577,1380,1857800818,1014582284,1242240,0
289,1116672,0,0,0,4160,22016,300544,411520,378432,358400,754880,0,1408,295296,0,0,0,0,0,0,0,0,0,0,0,0,0,0,411392,128,574,1372,1869531559,1652827645,732864,0
290,1116672,0,0,0,6528,21952,321984,510848,255360,223040,890176,0,1216,316672,0,0,0,0,0,0,0,0,0,0,0,0,0,0,510720,128,549,1355,138746842,150280080,868224,0
291,1116736,0,0,0,7744,23296,268288,472576,344832,324736,788288,0,1152,263168,0,0,0,0,0,0,0,0,0,0,0,0,0,0,472448,128,546,1351,1155083053,1700424547,764992,0
292,1117184,0,0,0,6080,8896,505280,408768,188160,167936,945728,0,1216,500032,0,0,0,0,0,0,0,0,0,0,0,0,0,0,408640,128,547,1359,2610637580,902098202,936832,0
293,1116224,0,0,0,6016,8576,332160,407616,361856,342208,770560,0,1216,326912,0,0,0,0,0,0,0,0,0,0,0,0,0,0,407488,128,551,1365,1744484422,2732820676,761984,0
294,1116672,0,0,0,10368,8704,606336,441216,50048,30080,1083008,0,1152,601152,0,0,0,0,0,0,0,0,0,0,0,0,0,0,441152,64,573,1429,1870225117,998284878,1074304,0
295,1117120,0,0,0,3968,8448,312704,419392,372608,352512,761152,0,1216,307456,0,0,0,0,0,0,0,0,0,0,0,0,0,0,419328,64,570,1412,768816647,3293857833,752704,0
296,1116544,0,0,0,3968,8576,299968,388480,415552,395712,717440,0,1280,294528,0,0,0,0,0,0,0,0,0,0,0,0,0,0,388352,128,564,1395,868870387,3834727172,708864,0
297,1116928,0,0,0,3968,8384,271104,359360,474112,453632,659968,0,1152,266048,0,0,0,0,0,0,0,0,0,0,0,0,0,0,359232,128,567,1410,1050926740,2209973539,651584,0
298,1116416,0,0,0,4032,8640,295744,354112,453888,434176,678784,0,1280,290432,0,0,0,0,0,0,0,0,0,0,0,0,0,0,353984,128,555,1382,518397094,1111813326,670144,0
299,1116800,0,0,0,4032,8640,295616,354496,454016,433984,679424,0,1216,290368,0,0,0,0,0,0,0,0,0,0,0,0,0,0,354368,128,567,1405,1653796776,530552286,670784,0
300,1116544,0,0,0,3904,8768,297472,317120,489280,463744,649344,0,1216,292288,0,0,0,0,0,0,0,0,0,0,0,0,0,0,316992,128,554,1367,2118116812,2136301523,640576,0
301,1116864,0,0,0,3968,8768,288000,319616,496512,476928,636544,0,1216,282624,0,0,0,0,0,0,0,0,0,0,0,0,0,0,319488,128,551,1355,3042527409,1917559719,627776,0
302,1116928,0,0,0,3968,8832,296448,316288,491392,471360,642112,0,1152,291264,0,0,0,0,0,0,0,0,0,0,0,0,0,0,316160,128,549,1357,871490199,830320847,633280,0
303,1116672,0,0,0,3968,8448,292736,326784,484736,465024,648192,0,1152,287488,0,0,0,0,0,0,0,0,0,0,0,0,0,0,326720,64,540,1336,1184953161,3509676592,639744,0
304,1116992,0,0,0,3968,8640,361536,359872,382976,363200,750336,0,1216,356288,0,0,0,0,0,0,0,0,0,0,0,0,0,0,359744,128,547,1351,233754871,1316387078,741696,0
305,1116544,0,0,0,3840,8576,288000,359872,456256,436288,676864,0,1216,282816,0,0,0,0,0,0,0,0,0,0,0,0,0,0,359808,64,547,1350,1341391888,3505790213,668288,0
306,1116864,0,0,0,3968,8640,232896,316096,555264,535168,578240,0,1152,227776,0,0,0,0,0,0,0,0,0,0,0,0,0,0,315968,128,557,1365,1604159028,3539454432,569600,0
307,1116608,0,0,0,4096,10048,255744,310208,536512,516928,596288,0,1152,250432,0,0,0,0,0,0,0,0,0,0,0,0,0,0,310080,128,559,1368,3922258155,3361526671,586240,0
308,1117184,0,0,0,3968,8640,270848,312960,520768,500160,613568,0,1216,265664,0,0,0,0,0,0,0,0,0,0,0,0,0,0,312832,128,566,1375,4279968141,37375621,604928,0
309,1116352,0,0,0,5888,8704,253696,304384,543680,524032,588864,0,1216,248384,0,0,0,0,0,0,0,0,0,0,0,0,0,0,304256,128,566,1372,1055445204,272105146,580160,0
310,1677504,0,0,0,5824,8704,339584,783552,539840,519744,1154304,0,1216,334400,0,0,0,0,0,0,0,0,0,0,0,0,0,0,783424,128,560,1369,1499280089,2405711964,1145600,0
311,1116288,0,0,0,10048,11008,382720,365632,346880,316672,793792,0,2688,373120,0,0,0,0,0,0,0,0,0,0,0,0,0,0,365504,128,561,1384,1269245694,1367426222,782784,0
312,1116608,0,0,0,11456,8704,380480,366144,349824,329856,783232,0,1216,375232,0,0,0,0,0,0,0,0,0,0,0,0,0,0,366016,128,553,1367,140335292,3537027573,774528,0
313,1116864,0,0,0,5056,8512,350208,374848,378240,358208,755200,0,1280,345024,0,0,0,0,0,0,0,0,0,0,0,0,0,0,374720,128,555,1380,3607824563,529280113,746688,0
314,1116800,0,0,0,4160,21760,553920,416960,120000,99968,1013376,0,1280,548544,0,0,0,0,0,0,0,0,0,0,0,0,0,0,416896,64,550,1369,3856363877,2242025253,991616,0
315,1116352,0,0,0,4160,22528,251712,409088,428864,409088,703808,0,1280,246400,0,0,0,0,0,0,0,0,0,0,0,0,0,0,409024,64,550,1374,547702437,3944724934,681280,0
316,1116928,0,0,0,4224,21696,282112,381120,427776,402304,711232,0,1280,276736,0,0,0,0,0,0,0,0,0,0,0,0,0,0,380992,128,545,1366,1913805467,675940706,689536,0
317,1117056,0,0,0,4160,21440,245824,388032,457600,437504,676160,0,1216,240576,0,0,0,0,0,0,0,0,0,0,0,0,0,0,387968,64,547,1366,2989787482,622077208,654720,0
318,1116544,0,0,0,4160,8768,273600,397696,432320,412096,701120,0,1152,268416,0,0,0,0,0,0,0,0,0,0,0,0,0,0,397632,64,544,1357,460411749,3310978389,692352,0
319,1116608,0,0,0,6144,8704,351680,377152,372928,353152,760000,0,1216,346432,0,0,0,0,0,0,0,0,0,0,0,0,0,0,377024,128,544,1357,1295358281,1299918857,751296,0
320,1116800,0,0,0,6080,8832,373504,367936,360448,340608,772736,0,1280,368128,0,0,0,0,0,0,0,0,0,0,0,0,0,0,367808,128,554,1361,1913077263,3891650653,763904,0
321,1116608,0,0,0,5184,8832,382976,358784,360832,341056,772032,0,1216,377728,0,0,0,0,0,0,0,0,0,0,0,0,0,0,358656,128,550,1360,583427440,1524221580,763200,0
322,1116864,0,0,0,4096,9984,355968,343872,402944,382912,730496,0,1216,350656,0,0,0,0,0,0,0,0,0,0,0,0,0,0,343744,128,543,1352,1499330154,161242570,720512,0
323,1116672,0,0,0,4032,8512,348480,308160,447488,427520,685760,0,1152,343296,0,0,0,0,0,0,0,0,0,0,0,0,0,0,308096,64,544,1348,689409054,4035668503,677248,0
324,1116800,0,0,0,4032,8576,347200,310976,446016,426112,687296,0,1216,341952,0,0,0,0,0,0,0,0,0,0,0,0,0,0,310912,64,544,1349,1514083273,556563440,678720,0
325,1117056,0,0,0,3968,8512,327552,350976,426048,405760,707904,0,1216,322368,0,0,0,0,0,0,0,0,0,0,0,0,0,0,350848,128,532,1324,2029263009,3467814716,699392,0
326,1116736,0,0,0,3968,8768,271424,299840,532736,512640,600704,0,1216,266240,0,0,0,0,0,0,0,0,0,0,0,0,0,0,299712,128,533,1332,2475692756,4192899666,591936,0
327,1116800,0,0,0,4992,8640,318208,311872,473088,453184,660224,0,1216,312960,0,0,0,0,0,0,0,0,0,0,0,0,0,0,311744,128,549,1354,2752523674,3155363163,651584,0
328,1116608,0,0,0,5888,9152,321536,297728,482304,462272,650560,0,1152,316288,0,0,0,0,0,0,0,0,0,0,0,0,0,0,297664,64,548,1349,3092547297,2595275087,641408,0
329,1117312,0,0,0,5184,8448,356288,334912,412480,392064,721856,0,1280,350848,0,0,0,0,0,0,0,0,0,0,0,0,0,0,334784,128,534,1318,545155389,1340300160,713408,0
330,1116032,0,0,0,3904,8640,292096,299264,512128,492160,620480,0,1216,286848,0,0,0,0,0,0,0,0,0,0,0,0,0,0,299200,64,526,1305,2780439583,935714130,611840,0
331,1116736,0,0,0,3968,8640,296000,290880,517248,497344,615936,0,1216,290816,0,0,0,0,0,0,0,0,0,0,0,0,0,0,290752,128,528,1312,1200797410,3402538011,607296,0
332,1116800,0,0,0,4032,8768,343040,333440,427520,402048,711232,0,1216,337792,0,0,0,0,0,0,0,0,0,0,0,0,0,0,333312,128,538,1328,2431449516,4196694318,702464,0
333,1116992,0,0,0,3968,8896,269632,310336,524160,504320,609088,0,1088,264512,0,0,0,0,0,0,0,0,0,0,0,0,0,0,310208,128,543,1342,1386603716,1830047430,600192,0
334,1116864,0,0,0,3968,8640,265088,294784,544384,524416,589056,0,1216,259904,0,0,0,0,0,0,0,0,0,0,0,0,0,0,294720,64,541,1334,4111630090,1841583906,580416,0
335,1116608,0,0,0,4800,8704,260160,299264,543680,523968,589312,0,1280,254976,0,0,0,0,0,0,0,0,0,0,0,0,0,0,299136,128,542,1335,1444048546,304663614,580608,0
336,1116800,0,0,0,3904,8768,256512,301120,546496,526656,586752,0,1280,251200,0,0,0,0,0,0,0,0,0,0,0,0,0,0,301056,64,547,1345,311391974,3086077985,577984,0
337,1116288,0,0,0,3904,8640,220032,289984,593728,573312,539520,0,1152,214848,0,0,0,0,0,0,0,0,0,0,0,0,0,0,289920,64,550,1350,84050416,3111643523,530880,0
338,1116672,0,0,0,3904,9856,218176,296896,587840,568000,545280,0,1216,213120,0,0,0,0,0,0,0,0,0,0,0,0,0,0,296768,128,549,1347,1454776363,2066975792,535424,0
339,1117120,0,0,0,5888,8576,341760,312768,448128,428544,685120,0,1152,336576,0,0,0,0,0,0,0,0,0,0,0,0,0,0,312640,128,553,1355,3805572292,1864238120,676544,0
340,1116992,0,0,0,5760,8576,240256,296192,566208,546112,567424,0,1216,235072,0,0,0,0,0,0,0,0,0,0,0,0,0,0,296064,128,557,1366,4238344603,3949346216,558848,0
341,1116864,0,0,0,4992,8832,243840,299776,559424,539264,574144,0,1216,238656,0,0,0,0,0,0,0,0,0,0,0,0,0,0,299648,128,554,1360,3368077836,3450514098,565312,0
342,1116096,0,0,0,3840,8704,222592,296896,584064,563584,549120,0,1152,217472,0,0,0,0,0,0,0,0,0,0,0,0,0,0,296768,128,552,1357,1484467996,3580829138,540416,0
343,1117120,0,0,0,9600,8704,412160,354240,332416,312576,801088,0,1216,406976,0,0,0,0,0,0,0,0,0,0,0,0,0,0,354112,128,557,1373,518958196,3735015115,792384,0
344,1116992,0,0,0,4160,8768,338880,358528,406656,386688,726848,0,1280,333504,0,0,0,0,0,0,0,0,0,0,0,0,0,0,358400,128,558,1381,2260094996,3893758287,718080,0
345,1116672,0,0,0,4096,8640,329024,351104,423808,403904,709376,0,1152,323904,0,0,0,0,0,0,0,0,0,0,0,0,0,0,350976,128,551,1378,356232010,937048481,700736,0
346,1116672,0,0,0,4096,8704,314432,347328,442112,422272,690944,0,1216,309312,0,0,0,0,0,0,0,0,0,0,0,0,0,0,347200,128,545,1357,80088257,3297252225,682240,0
347,1116736,0,0,0,4096,21696,228864,338176,523904,504192,609088,0,1216,223680,0,0,0,0,0,0,0,0,0,0,0,0,0,0,338048,128,558,1388,546642517,301992868,587392,0
348,1116800,0,0,0,5888,8960,241472,304064,556416,530432,582592,0,1216,236288,0,0,0,0,0,0,0,0,0,0,0,0,0,0,303936,128,557,1377,4155460339,1901380851,573632,0
349,1116736,0,0,0,4992,8576,323776,358272,421120,401280,712000,0,1152,318528,0,0,0,0,0,0,0,0,0,0,0,0,0,0,358144,128,572,1406,3154771052,420548735,703424,0
350,1116928,0,0,0,8960,8704,582272,381440,135552,115328,998080,0,1152,577280,0,0,0,0,0,0,0,0,0,0,0,0,0,0,381312,128,551,1378,3592219309,3208328239,989376,0
351,1116480,0,0,0,4288,8512,330880,359168,413632,393920,719168,0,1216,325568,0,0,0,0,0,0,0,0,0,0,0,0,0,0,359040,128,546,1375,1277810329,154880472,710656,0
352,1116864,0,0,0,4416,8640,335552,342976,425280,405248,708160,0,1216,330368,0,0,0,0,0,0,0,0,0,0,0,0,0,0,342848,128,551,1371,3834583410,2949686378,699520,0
353,1677696,0,0,0,10496,9984,597568,547904,511744,491072,1183104,0,1152,592320,0,0,0,0,0,0,0,0,0,0,0,0,0,0,547776,128,575,1389,3600580630,742100093,1173120,0
354,1115712,0,0,0,6784,8704,343616,417152,339456,319488,792832,0,1216,338240,0,0,0,0,0,0,0,0,0,0,0,0,0,0,417024,128,586,1408,2573747833,1601072810,784128,0
355,1116736,0,0,0,5696,8768,353472,412800,336000,316096,797184,0,1216,348352,0,0,0,0,0,0,0,0,0,0,0,0,0,0,412672,128,604,1429,760820229,2615688825,788416,0
356,1116672,0,0,0,9920,8512,355840,399872,342528,322752,790528,0,1216,349952,0,0,0,0,0,0,0,0,0,0,0,0,0,0,399808,64,589,1399,1621067892,3626293583,782016,0
357,1117312,0,0,0,7360,8576,366528,402240,332608,312064,801792,0,1216,361280,0,0,0,0,0,0,0,0,0,0,0,0,0,0,402112,128,582,1383,4260764461,1497361148,793216,0
358,2236928,0,0,0,12416,22272,571008,1214656,416576,396608,1836800,0,1152,565760,0,0,0,0,0,0,0,0,0,0,0,0,0,0,1214528,128,574,1389,3339292509,43756042,1814528,0
359,1116736,0,0,0,5248,22464,424960,386752,277312,256960,856320,0,1152,419712,0,0,0,0,0,0,0,0,0,0,0,0,0,0,386688,64,580,1406,1195549026,89533573,833856,0
360,1116224,0,0,0,3840,22720,231040,343872,514752,494976,617728,0,1280,225664,0,0,0,0,0,0,0,0,0,0,0,0,0,0,343808,64,585,1419,3691339966,4066004180,595008,0
361,1116992,0,0,0,3840,8768,260416,344576,499392,478976,634624,0,1152,255232,0,0,0,0,0,0,0,0,0,0,0,0,0,0,344448,128,584,1421,3496780279,1785610269,625856,0
362,1116736,0,0,0,3968,8768,232384,362688,508928,487232,626048,0,1216,227264,0,0,0,0,0,0,0,0,0,0,0,0,0,0,362560,128,577,1398,1556924668,224649634,617280,0
363,1116864,0,0,0,3968,8704,313280,361152,429760,410112,703296,0,1280,308032,0,0,0,0,0,0,0,0,0,0,0,0,0,0,361024,128,578,1391,2214238202,444791423,694592,0
364,1116416,0,0,0,3840,8448,334912,336576,432640,406912,706048,0,1152,329856,0,0,0,0,0,0,0,0,0,0,0,0,0,0,336448,128,577,1376,1172536459,2568229254,697600,0
365,1116800,0,0,0,4224,8832,295232,324224,484288,464320,649024,0,1216,289984,0,0,0,0,0,0,0,0,0,0,0,0,0,0,324160,64,574,1376,2018902855,3810059303,640192,0
366,1116928,0,0,0,3968,8704,324736,323456,456064,436096,677440,0,1152,319488,0,0,0,0,0,0,0,0,0,0,0,0,0,0,323392,64,577,1385,3140361246,2862274303,668736,0
367,1116928,0,0,0,3840,9728,294656,312704,496000,476032,637504,0,1280,289344,0,0,0,0,0,0,0,0,0,0,0,0,0,0,312576,128,559,1337,1568633511,2028590161,627776,0
368,1116800,0,0,0,3968,8512,284864,308736,510720,490944,622400,0,1152,279616,0,0,0,0,0,0,0,0,0,0,0,0,0,0,308608,128,560,1338,3968207755,426205270,613888,0
369,1117184,0,0,0,9152,23104,460288,369216,255424,235136,878464,0,1280,454720,0,0,0,0,0,0,0,0,0,0,0,0,0,0,369152,64,591,1411,4163648444,3280689680,855360,0
370,1116160,0,0,0,3968,8448,250560,329280,523904,503808,609024,0,1280,245184,0,0,0,0,0,0,0,0,0,0,0,0,0,0,329152,128,579,1381,2683021548,1477064325,600576,0
371,1116800,0,0,0,3968,22144,247104,329600,513984,494272,619008,0,1216,241792,0,0,0,0,0,0,0,0,0,0,0,0,0,0,329472,128,581,1388,320709156,3489645805,596864,0
372,1117120,0,0,0,4032,8512,402432,385792,316352,296128,817536,0,1216,397184,0,0,0,0,0,0,0,0,0,0,0,0,0,0,385664,128,569,1358,3804413014,3461211094,809024,0
373,1116096,0,0,0,8960,8832,282176,350336,465792,446272,666304,0,1280,276928,0,0,0,0,0,0,0,0,0,0,0,0,0,0,350208,128,578,1384,2808836928,907332371,657472,0
374,1116928,0,0,0,4032,8640,286144,334848,483264,463296,650240,0,1216,280960,0,0,0,0,0,0,0,0,0,0,0,0,0,0,334720,128,578,1377,3289451711,4028350563,641600,0
375,2237696,0,0,0,4160,8768,555648,1089536,579584,558592,1675712,0,1088,550464,0,0,0,0,0,0,0,0,0,0,0,0,0,0,1089472,64,595,1398,220174243,3633152219,1666944,0
376,1116224,0,0,0,4160,8512,302528,417792,383232,363072,749760,0,1280,297024,0,0,0,0,0,0,0,0,0,0,0,0,0,0,417664,128,584,1380,347526245,3492569504,741248,0
377,1116352,0,0,0,6912,22272,307968,408576,370624,350656,762240,0,1152,302784,0,0,0,0,0,0,0,0,0,0,0,0,0,0,408448,128,593,1392,183347536,969198717,739968,0
378,1116736,0,0,0,6016,8384,304576,413696,384064,363968,749376,0,1216,299136,0,0,0,0,0,0,0,0,0,0,0,0,0,0,413568,128,586,1383,3144404993,3097175170,740992,0
379,1117120,0,0,0,5248,8704,387264,406720,309184,289088,824640,0,1216,382016,0,0,0,0,0,0,0,0,0,0,0,0,0,0,406592,128,584,1376,544406344,507494852,815936,0
380,1117056,0,0,0,11456,22848,452928,474304,155520,129472,984000,0,1216,447936,0,0,0,0,0,0,0,0,0,0,0,0,0,0,474176,128,609,1423,755009625,2430193859,961152,0
381,1115968,0,0,0,5120,24576,546560,481856,57856,37760,1074688,0,1216,541440,0,0,0,0,0,0,0,0,0,0,0,0,0,0,481792,64,572,1377,3175615174,3132770778,1050112,0
382,1117568,0,0,0,4224,23168,282688,408768,398720,375424,738688,0,1344,277376,0,0,0,0,0,0,0,0,0,0,0,0,0,0,408640,128,567,1364,604917455,2155097206,715520,0
383,1115968,0,0,0,6144,22592,279424,398784,409024,389312,723136,0,1280,274112,0,0,0,0,0,0,0,0,0,0,0,0,0,0,398656,128,571,1374,3543231007,4122535331,700544,0
384,1116800,0,0,0,6336,22912,237824,393152,456576,436800,676416,0,1216,232576,0,0,0,0,0,0,0,0,0,0,0,0,0,0,393024,128,571,1375,4007908113,2072857075,653504,0
385,1116672,0,0,0,3968,8512,256000,393792,454400,434496,678720,0,1216,250752,0,0,0,0,0,0,0,0,0,0,0,0,0,0,393664,128,576,1369,869590779,138429006,670208,0
386,1116736,0,0,0,4096,8576,301440,391616,411008,391168,722112,0,1216,296192,0,0,0,0,0,0,0,0,0,0,0,0,0,0,391488,128,575,1379,4092989144,3693941091,713536,0
387,1116736,0,0,0,4096,8576,330688,450560,322816,302784,810496,0,1216,325504,0,0,0,0,0,0,0,0,0,0,0,0,0,0,450432,128,592,1405,3027375763,372925717,801920,0
388,1116672,0,0,0,4096,8896,329792,389696,384192,364608,748544,0,1152,324608,0,0,0,0,0,0,0,0,0,0,0,0,0,0,389568,128,597,1416,3221155993,3630739405,739648,0
389,1116800,0,0,0,4032,8640,325696,376512,401920,381952,731456,0,1280,320384,0,0,0,0,0,0,0,0,0,0,0,0,0,0,376384,128,602,1438,4124487617,748749500,722816,0
390,1116608,0,0,0,4032,8576,348160,326848,428992,409344,703872,0,1280,342784,0,0,0,0,0,0,0,0,0,0,0,0,0,0,326720,128,603,1435,1074626690,4276190665,695296,0
391,1116800,0,0,0,6016,8704,399872,343424,358784,339200,774144,0,1216,394688,0,0,0,0,0,0,0,0,0,0,0,0,0,0,343296,128,603,1438,1941799931,3540119081,765440,0
392,1116608,0,0,0,6016,8704,335744,335872,430272,410624,702528,0,1216,330368,0,0,0,0,0,0,0,0,0,0,0,0,0,0,335744,128,612,1451,1579064260,3371674539,693824,0
393,1116672,0,0,0,3968,8640,355264,348352,400448,380608,732608,0,1152,349952,0,0,0,0,0,0,0,0,0,0,0,0,0,0,348224,128,615,1472,3741903357,1803511702,723968,0
394,1116736,0,0,0,3968,8448,355840,334400,414080,394176,719232,0,1152,350656,0,0,0,0,0,0,0,0,0,0,0,0,0,0,334272,128,608,1457,1431275090,1130608431,710784,0
395,1116992,0,0,0,4096,8960,445888,375552,282496,262464,851072,0,1280,440512,0,0,0,0,0,0,0,0,0,0,0,0,0,0,375488,64,610,1456,2088759127,1801464500,842112,0
396,1116544,0,0,0,4096,8576,463808,365312,274752,249088,864000,0,1152,458688,0,0,0,0,0,0,0,0,0,0,0,0,0,0,365184,128,613,1476,2857731572,3839203030,855424,0
397,1116864,0,0,0,4160,9984,358336,358400,385984,365824,747584,0,1216,353216,0,0,0,0,0,0,0,0,0,0,0,0,0,0,358336,64,606,1447,3187068209,3094206815,737600,0
398,1118016,0,0,0,6336,8768,427712,483904,191296,169472,945152,0,1216,422592,0,0,0,0,0,0,0,0,0,0,0,0,0,0,483840,64,640,1527,573768162,3352419215,936384,0
399,1116992,0,0,0,7488,8512,297856,358208,444928,423232,690368,0,1088,292736,0,0,0,0,0,0,0,0,0,0,0,0,0,0,358144,64,632,1514,1994387986,2223206731,681856,0
400,1116608,0,0,0,6144,8896,287488,368512,445568,423808,689280,0,1216,282240,0,0,0,0,0,0,0,0,0,0,0,0,0,0,368448,64,629,1511,3617995592,1752713135,680384,0
401,1116928,0,0,0,5888,8704,302976,359168,440192,418816,694656,0,1280,297600,0,0,0,0,0,0,0,0,0,0,0,0,0,0,359040,128,627,1511,517863951,4259685545,685952,0
402,1116736,0,0,0,5824,8704,339776,368512,393920,372480,740864,0,1152,334656,0,0,0,0,0,0,0,0,0,0,0,0,0,0,368384,128,629,1507,3642511588,2198641848,732160,0
403,1116672,0,0,0,5056,8704,306624,355136,441152,419648,693568,0,1280,301376,0,0,0,0,0,0,0,0,0,0,0,0,0,0,355008,128,630,1520,2189364666,1931560910,684864,0
404,1116928,0,0,0,3840,8576,307456,323392,473664,452352,661120,0,1152,302272,0,0,0,0,0,0,0,0,0,0,0,0,0,0,323264,128,613,1459,120461651,2007301537,652544,0
405,1117248,0,0,0,3904,8832,352256,326016,426240,404224,709632,0,1152,347072,0,0,0,0,0,0,0,0,0,0,0,0,0,0,325952,64,618,1462,2599396887,247344653,700800,0
406,1115904,0,0,0,3904,8640,316928,313600,472832,451776,660672,0,1088,311808,0,0,0,0,0,0,0,0,0,0,0,0,0,0,313472,128,614,1451,3381924001,1718603945,652032,0
407,1116800,0,0,0,3840,22720,313664,316672,459904,438336,675072,0,1152,308480,0,0,0,0,0,0,0,0,0,0,0,0,0,0,316544,128,615,1456,3318587083,1565181096,652352,0
408,1116992,0,0,0,3840,8832,328256,312960,463104,441600,671936,0,1152,323136,0,0,0,0,0,0,0,0,0,0,0,0,0,0,312896,64,614,1449,3364207041,2756768310,663104,0
409,1117440,0,0,0,8256,8832,377216,523904,199232,177152,936768,0,1216,371968,0,0,0,0,0,0,0,0,0,0,0,0,0,0,523840,64,603,1450,1422369390,1471305903,927936,0
410,1115904,0,0,0,3968,8832,320000,338368,444736,423232,689216,0,1216,314816,0,0,0,0,0,0,0,0,0,0,0,0,0,0,338240,128,603,1446,2239902769,4225421193,680384,0
411,1116800,0,0,0,3968,8640,323328,339584,441280,419968,693376,0,1088,318208,0,0,0,0,0,0,0,0,0,0,0,0,0,0,339456,128,599,1444,2448390071,1877338765,684736,0
412,1117504,0,0,0,3968,10048,381952,331456,390080,362048,752064,0,1216,376768,0,0,0,0,0,0,0,0,0,0,0,0,0,0,331328,128,604,1446,1565556039,2207237810,742016,0
413,1115776,0,0,0,5760,8896,343936,332992,424192,402816,709632,0,1088,338752,0,0,0,0,0,0,0,0,0,0,0,0,0,0,332864,128,604,1442,2524675943,148282048,700736,0
414,1116992,0,0,0,5696,8768,352960,330816,418752,395520,718144,0,1216,347712,0,0,0,0,0,0,0,0,0,0,0,0,0,0,330688,128,618,1470,148015977,3196743419,709376,0
415,1116800,0,0,0,5056,8960,361664,340288,400832,379328,734016,0,1152,356480,0,0,0,0,0,0,0,0,0,0,0,0,0,0,340224,64,603,1452,1456478788,623128770,725056,0
416,1116736,0,0,0,3840,8768,339328,338624,426176,404928,708352,0,1152,334144,0,0,0,0,0,0,0,0,0,0,0,0,0,0,338560,64,593,1444,3775386441,123397884,699584,0
417,1117312,0,0,0,3840,8768,347904,322240,434560,412928,700864,0,1152,342784,0,0,0,0,0,0,0,0,0,0,0,0,0,0,322112,128,587,1433,2557280486,2090911870,692096,0
418,1116032,0,0,0,3904,8896,347584,375488,380160,359296,753344,0,1280,342272,0,0,0,0,0,0,0,0,0,0,0,0,0,0,375360,128,590,1435,1412567839,701969735,744448,0
419,1117248,0,0,0,3840,8768,387008,314880,402752,380864,732992,0,1216,381888,0,0,0,0,0,0,0,0,0,0,0,0,0,0,314752,128,617,1468,2615933465,4036386984,724224,0
420,1115776,0,0,0,3904,8640,348800,324160,430272,408960,703424,0,1216,343424,0,0,0,0,0,0,0,0,0,0,0,0,0,0,324032,128,611,1442,4227842365,788714016,694784,0
421,1115968,0,0,0,6592,8512,369344,337216,394304,371456,741120,0,1216,364224,0,0,0,0,0,0,0,0,0,0,0,0,0,0,337088,128,611,1443,3904904578,2524056643,732608,0
422,1116800,0,0,0,5696,8704,350720,322944,428736,407040,706432,0,1152,345472,0,0,0,0,0,0,0,0,0,0,0,0,0,0,322880,64,602,1431,646225684,1417696114,697728,0
423,1116672,0,0,0,4352,8640,352448,325952,425280,403776,709504,0,1216,347328,0,0,0,0,0,0,0,0,0,0,0,0,0,0,325824,128,607,1439,1814904597,3001033098,700864,0
424,1116736,0,0,0,2624,8576,377536,326144,401856,380608,732736,0,1152,372352,0,0,0,0,0,0,0,0,0,0,0,0,0,0,326080,64,614,1460,3192691758,3043820758,724160,0
425,1116736,0,0,0,2560,8512,318528,315328,471808,450368,663040,0,1216,313344,0,0,0,0,0,0,0,0,0,0,0,0,0,0,315264,64,611,1457,546518103,3156632126,654528,0
426,1117312,0,0,0,8576,8960,402816,340736,356224,334400,779328,0,1216,397440,0,0,0,0,0,0,0,0,0,0,0,0,0,0,340608,128,601,1424,124883997,1724756225,770368,0
427,1116224,0,0,0,3840,9984,379776,353024,369600,348224,764608,0,1216,374592,0,0,0,0,0,0,0,0,0,0,0,0,0,0,352896,128,600,1418,3921995235,2147713993,754624,0
428,1116864,0,0,0,3840,8384,509696,342400,252544,225024,888448,0,1216,504448,0,0,0,0,0,0,0,0,0,0,0,0,0,0,342272,128,596,1420,456517752,675827989,880064,0
429,1116608,0,0,0,3840,8832,317760,350080,436096,414848,698304,0,1216,312576,0,0,0,0,0,0,0,0,0,0,0,0,0,0,349952,128,603,1437,1822605634,1020681687,689472,0
430,1117056,0,0,0,3840,8576,306048,349312,449280,427840,685760,0,1152,300864,0,0,0,0,0,0,0,0,0,0,0,0,0,0,349184,128,605,1440,637306721,1454255647,677184,0
431,1117120,0,0,0,3840,8768,374976,535424,194112,172160,941568,0,1216,369728,0,0,0,0,0,0,0,0,0,0,0,0,0,0,535360,64,601,1430,1963769929,505925275,932800,0
432,1116480,0,0,0,3840,8704,416000,349504,338432,316864,796160,0,1152,410816,0,0,0,0,0,0,0,0,0,0,0,0,0,0,349376,128,598,1446,561158437,3941859466,787456,0
433,1117056,0,0,0,7616,8960,316416,346624,437440,415296,698176,0,1152,311296,0,0,0,0,0,0,0,0,0,0,0,0,0,0,346496,128,604,1456,3533598947,4277956507,689216,0
434,1116416,0,0,0,5888,8896,474112,340032,287488,265664,847360,0,1280,468992,0,0,0,0,0,0,0,0,0,0,0,0,0,0,339904,128,601,1444,896869613,1740260923,838464,0
435,1116608,0,0,0,6272,8640,362560,525760,213376,192000,921152,0,1152,357248,0,0,0,0,0,0,0,0,0,0,0,0,0,0,525632,128,592,1439,98782480,3829448826,912512,0
436,1116928,0,0,0,6528,8576,289216,337984,474624,452928,660480,0,1152,284096,0,0,0,0,0,0,0,0,0,0,0,0,0,0,337856,128,595,1427,616642991,974678131,651904,0
437,1116864,0,0,0,11072,22720,541056,319616,222400,200640,912704,0,1344,535616,0,0,0,0,0,0,0,0,0,0,0,0,0,0,319488,128,605,1427,4212725301,610801594,889984,0
438,1116928,0,0,0,10432,23424,527104,353792,202176,180416,932416,0,1088,521920,0,0,0,0,0,0,0,0,0,0,0,0,0,0,353664,128,609,1451,1477293430,2498680096,908992,0
439,1114944,0,0,0,4032,8576,274880,325120,502336,482560,628928,0,1280,269440,0,0,0,0,0,0,0,0,0,0,0,0,0,0,325056,64,598,1436,2421213018,3531627408,620352,0
440,1116736,0,0,0,3968,22720,394240,329472,366336,346432,766912,0,1152,388992,0,0,0,0,0,0,0,0,0,0,0,0,0,0,329344,128,592,1425,2303612680,649799218,744192,0
441,1116864,0,0,0,3968,8896,278272,317888,507840,487936,625472,0,1280,273024,0,0,0,0,0,0,0,0,0,0,0,0,0,0,317760,128,586,1407,1388520721,2465850621,616576,0
442,1116736,0,0,0,3968,8576,287744,325312,491136,470912,642368,0,1152,282624,0,0,0,0,0,0,0,0,0,0,0,0,0,0,325184,128,575,1412,1915803472,856855571,633792,0
443,1116736,0,0,0,9216,10048,434176,356672,306624,286592,826560,0,1216,428992,0,0,0,0,0,0,0,0,0,0,0,0,0,0,356608,64,582,1398,3728600565,2921682226,816512,0
444,1117376,0,0,0,4480,23040,538560,406592,144704,118720,995136,0,1216,533120,0,0,0,0,0,0,0,0,0,0,0,0,0,0,406464,128,589,1429,3123410899,3201410056,972096,0
445,1116096,0,0,0,4096,23168,291392,398528,398912,379264,733376,0,1280,286080,0,0,0,0,0,0,0,0,0,0,0,0,0,0,398400,128,584,1413,1347649406,3879346995,710208,0
446,1116544,0,0,0,4032,22464,249024,388736,452288,432512,680576,0,1088,243968,0,0,0,0,0,0,0,0,0,0,0,0,0,0,388608,128,587,1421,2595869233,1966400279,658112,0
447,1116864,0,0,0,4032,8576,327872,372928,403456,383808,729600,0,1216,322688,0,0,0,0,0,0,0,0,0,0,0,0,0,0,372800,128,581,1398,2240590520,3598988461,721024,0
448,1116800,0,0,0,4032,8640,384832,385728,333568,313728,799680,0,1216,379520,0,0,0,0,0,0,0,0,0,0,0,0,0,0,385600,128,583,1412,88701851,774762212,791040,0
449,1116672,0,0,0,4096,8832,427968,392064,283712,264192,848960,0,1152,422720,0,0,0,0,0,0,0,0,0,0,0,0,0,0,391936,128,591,1434,3342372510,1216065052,840128,0
450,1116672,0,0,0,3904,8832,424704,396928,282304,262400,850816,0,1280,419328,0,0,0,0,0,0,0,0,0,0,0,0,0,0,396800,128,607,1451,1400036328,666905184,841984,0
451,1116928,0,0,0,3968,8576,422720,390784,290880,270592,842880,0,1280,417536,0,0,0,0,0,0,0,0,0,0,0,0,0,0,390656,128,604,1473,582397634,2548557485,834304,0
452,1116736,0,0,0,4032,8768,381376,383936,338624,318784,794496,0,1216,376192,0,0,0,0,0,0,0,0,0,0,0,0,0,0,383808,128,592,1435,2223440100,807908408,785728,0
453,1116928,0,0,0,3968,8512,379712,307968,416768,396608,716928,0,1216,374336,0,0,0,0,0,0,0,0,0,0,0,0,0,0,307840,128,576,1407,1272484297,895908601,708416,0
454,1116544,0,0,0,4032,8576,392768,297280,413888,394176,718976,0,1152,387584,0,0,0,0,0,0,0,0,0,0,0,0,0,0,297152,128,568,1399,1763809627,2497115248,710400,0
455,1116800,0,0,0,4032,8512,391104,299264,413888,393984,719360,0,1280,385856,0,0,0,0,0,0,0,0,0,0,0,0,0,0,299200,64,582,1413,4077334110,1436148031,710848,0
456,1117504,0,0,0,4096,8704,449600,487488,167616,147072,966976,0,1152,444352,0,0,0,0,0,0,0,0,0,0,0,0,0,0,487360,128,593,1423,4202513720,900581319,958272,0
457,1116032,0,0,0,3968,8768,492096,305792,305408,285376,827200,0,1216,486720,0,0,0,0,0,0,0,0,0,0,0,0,0,0,305664,128,604,1440,4287818768,2405050954,818432,0
458,1116352,0,0,0,3968,9728,490752,358208,253696,233856,879104,0,1152,485760,0,0,0,0,0,0,0,0,0,0,0,0,0,0,358144,64,594,1434,2672620852,1488113576,869376,0
459,1117056,0,0,0,3968,8640,412544,330304,361600,341440,772160,0,1216,407424,0,0,0,0,0,0,0,0,0,0,0,0,0,0,330176,128,608,1439,748800091,2394418906,763520,0
460,1116480,0,0,0,4032,8704,300928,296832,505984,480384,632576,0,1152,295808,0,0,0,0,0,0,0,0,0,0,0,0,0,0,296704,128,594,1419,1560218859,805846918,623872,0
461,1116736,0,0,0,3968,8832,323264,307264,473408,453312,659968,0,1216,318016,0,0,0,0,0,0,0,0,0,0,0,0,0,0,307136,128,594,1420,2981514853,1617488742,651136,0
462,1116992,0,0,0,4032,8640,320704,304384,479232,459008,654592,0,1280,315520,0,0,0,0,0,0,0,0,0,0,0,0,0,0,304320,64,603,1449,3447810847,2128319180,645952,0
463,1116672,0,0,0,4032,8704,330496,324416,449024,429248,684032,0,1152,325312,0,0,0,0,0,0,0,0,0,0,0,0,0,0,324288,128,602,1443,2155450159,1371533367,675328,0
464,1116928,0,0,0,8704,8768,492928,360256,246272,225792,887680,0,1216,486976,0,0,0,0,0,0,0,0,0,0,0,0,0,0,360128,128,602,1442,1931307726,3742949979,878912,0
465,1116480,0,0,0,6080,8704,373184,387200,341312,321344,791616,0,1280,367936,0,0,0,0,0,0,0,0,0,0,0,0,0,0,387072,128,586,1408,1475488803,356122887,782912,0
466,1116480,0,0,0,6912,8448,421632,372288,307200,287360,825664,0,1152,416192,0,0,0,0,0,0,0,0,0,0,0,0,0,0,372160,128,585,1408,2276875844,3449845301,817216,0
467,1677056,0,0,0,5376,22592,369472,836096,443520,423872,1249728,0,1216,364224,0,0,0,0,0,0,0,0,0,0,0,0,0,0,835968,128,589,1419,2392086273,1268755319,1227136,0
468,1116736,0,0,0,5888,8704,421888,360832,319424,299520,813760,0,1280,416704,0,0,0,0,0,0,0,0,0,0,0,0,0,0,360704,128,576,1394,716757693,2193461913,805056,0
469,1116608,0,0,0,5120,22784,594560,407744,86400,66432,1046656,0,1216,589312,0,0,0,0,0,0,0,0,0,0,0,0,0,0,407616,128,594,1420,2707638838,3501520573,1023872,0
470,1116864,0,0,0,4224,23168,460736,401216,227520,207424,905920,0,1216,455424,0,0,0,0,0,0,0,0,0,0,0,0,0,0,401088,128,599,1435,2630780404,1333762363,882752,0
471,1116672,0,0,0,4096,22912,375936,383360,330368,310528,802688,0,1216,370624,0,0,0,0,0,0,0,0,0,0,0,0,0,0,383232,128,600,1433,2506486199,655581242,779776,0
472,1116672,0,0,0,4096,8640,253952,381760,468224,448256,665024,0,1216,248768,0,0,0,0,0,0,0,0,0,0,0,0,0,0,381632,128,600,1431,2203187495,1556002438,656384,0
473,1116864,0,0,0,4160,9984,348992,382848,370880,350784,762560,0,1216,343744,0,0,0,0,0,0,0,0,0,0,0,0,0,0,382720,128,607,1443,3217540269,2274906599,752576,0
474,1116736,0,0,0,9856,23168,549696,444288,89728,69504,1043648,0,1216,544448,0,0,0,0,0,0,0,0,0,0,0,0,0,0,444160,128,625,1498,644277193,1899899436,1020480,0
475,1116672,0,0,0,4160,23360,262208,442176,384768,364928,748352,0,1216,256896,0,0,0,0,0,0,0,0,0,0,0,0,0,0,442048,128,617,1470,178597617,3505276569,724992,0
476,1116736,0,0,0,4288,22912,247424,425984,416128,390656,722688,0,1216,242240,0,0,0,0,0,0,0,0,0,0,0,0,0,0,425920,64,617,1470,2009099233,2169828921,699776,0
477,1117184,0,0,0,4160,8768,303360,416512,384384,363904,749888,0,1280,298240,0,0,0,0,0,0,0,0,0,0,0,0,0,0,416384,128,629,1501,2385043727,4050685184,741120,0
478,1116736,0,0,0,4096,8640,475456,478976,149568,129152,984128,0,1280,470016,0,0,0,0,0,0,0,0,0,0,0,0,0,0,478848,128,628,1490,4004651843,1403812910,975488,0
479,1116288,0,0,0,4224,8512,427136,403968,272448,252416,860480,0,1216,421888,0,0,0,0,0,0,0,0,0,0,0,0,0,0,403840,128,628,1492,3436345057,531184679,851968,0
480,1116736,0,0,0,4224,8704,434368,416000,253440,233600,879744,0,1216,429120,0,0,0,0,0,0,0,0,0,0,0,0,0,0,415936,64,632,1503,3351604797,4061025038,871040,0
481,1116800,0,0,0,4160,8768,436160,413248,254464,234560,878848,0,1216,430976,0,0,0,0,0,0,0,0,0,0,0,0,0,0,413120,128,624,1495,2720343680,4122738269,870080,0
482,1116608,0,0,0,4160,8832,383808,364352,355456,335616,777536,0,1152,378560,0,0,0,0,0,0,0,0,0,0,0,0,0,0,364224,128,616,1475,2387891761,1343071835,768704,0
483,1117056,0,0,0,4096,8704,324672,331584,448000,427328,686336,0,1152,319680,0,0,0,0,0,0,0,0,0,0,0,0,0,0,331456,128,611,1454,152790637,2543822858,677632,0
484,1116160,0,0,0,6080,8576,309376,326912,465216,445504,667264,0,1216,304256,0,0,0,0,0,0,0,0,0,0,0,0,0,0,326784,128,617,1461,792953823,2501142793,658688,0
485,1117056,0,0,0,6272,8704,314816,326784,460480,440512,673088,0,1216,309504,0,0,0,0,0,0,0,0,0,0,0,0,0,0,326720,64,612,1449,3093106323,4140400217,664384,0
486,1116736,0,0,0,4160,8896,300800,317760,485120,465280,648000,0,1280,295552,0,0,0,0,0,0,0,0,0,0,0,0,0,0,317632,128,608,1444,3718096887,847950204,639104,0
487,1677504,0,0,0,6848,8704,417344,801344,443264,421952,1252160,0,1792,410624,0,0,0,0,0,0,0,0,0,0,0,0,0,0,801280,64,606,1438,4007155560,3241171109,1243456,0
488,1677120,0,0,0,4096,9920,388096,809024,465984,445504,1228224,0,1280,382848,0,0,0,0,0,0,0,0,0,0,0,0,0,0,808896,128,607,1443,2391244570,1933507363,1218304,0
489,1116096,0,0,0,4096,8512,303168,306496,493824,473728,639040,0,1280,297856,0,0,0,0,0,0,0,0,0,0,0,0,0,0,306368,128,604,1438,3651641249,2217668396,630528,0
490,1118592,0,0,0,9536,8896,499648,389632,210880,189312,925696,0,1216,494400,0,0,0,0,0,0,0,0,0,0,0,0,0,0,389504,128,617,1467,2456368767,1271518136,916800,0
491,1116288,0,0,0,6208,8640,311360,324416,465664,444160,668608,0,1216,306112,0,0,0,0,0,0,0,0,0,0,0,0,0,0,324288,128,601,1444,4184064637,1202439723,659968,0
492,1117504,0,0,0,4032,8704,352000,336512,416256,388608,725440,0,1152,346880,0,0,0,0,0,0,0,0,0,0,0,0,0,0,336384,128,598,1445,4084815871,781143410,716736,0
493,1116096,0,0,0,4096,8640,315840,366592,420928,399424,713280,0,1216,310656,0,0,0,0,0,0,0,0,0,0,0,0,0,0,366528,64,603,1450,2687344756,1681517114,704640,0
494,1116800,0,0,0,4096,8832,291776,331072,481024,459264,654144,0,1216,286528,0,0,0,0,0,0,0,0,0,0,0,0,0,0,330944,128,604,1436,1138617602,2000798538,645312,0
495,1116416,0,0,0,6528,8768,285504,330624,484992,463616,649408,0,1280,280192,0,0,0,0,0,0,0,0,0,0,0,0,0,0,330496,128,592,1416,187683362,1042447017,640640,0
496,1116928,0,0,0,11648,8576,345344,376576,374784,353216,760256,0,1280,340160,0,0,0,0,0,0,0,0,0,0,0,0,0,0,376448,128,607,1462,1185580367,306982375,751680,0
497,1116736,0,0,0,5312,22912,304128,375616,408768,387392,725952,0,1152,298944,0,0,0,0,0,0,0,0,0,0,0,0,0,0,375488,128,603,1454,3666792823,1568513941,703040,0
498,1117120,0,0,0,3968,8704,342656,377088,384704,362944,750656,0,1216,337344,0,0,0,0,0,0,0,0,0,0,0,0,0,0,376960,128,603,1452,3762586381,1307778919,741952,0
499,1116416,0,0,0,4096,8768,305216,374528,423808,402112,710848,0,1280,299968,0,0,0,0,0,0,0,0,0,0,0,0,0,0,374464,64,608,1463,1710299056,211030036,702080,0
500,1116992,0,0,0,3968,8896,326784,386752,390592,368832,744768,0,1152,321600,0,0,0,0,0,0,0,0,0,0,0,0,0,0,386624,128,599,1455,3206201026,3850097658,735872,0
501,1116544,0,0,0,4096,8832,364160,414976,324480,302912,810240,0,1280,358848,0,0,0,0,0,0,0,0,0,0,0,0,0,0,414848,128,619,1516,1805496911,3137584306,801408,0
502,1117056,0,0,0,12032,8832,446592,399232,250368,228160,885376,0,1216,441472,0,0,0,0,0,0,0,0,0,0,0,0,0,0,399104,128,608,1484,2300515914,2115968564,876544,0
503,1116480,0,0,0,4288,9728,343232,392448,366784,345088,768000,0,1280,338048,0,0,0,0,0,0,0,0,0,0,0,0,0,0,392320,128,610,1481,215794276,61071027,758272,0
504,1116672,0,0,0,4288,8768,319168,393024,391424,369920,743296,0,1280,313984,0,0,0,0,0,0,0,0,0,0,0,0,0,0,392896,128,614,1495,2091119717,3224248717,734528,0
505,1116416,0,0,0,4224,8960,323968,393216,386048,364672,748288,0,1280,318720,0,0,0,0,0,0,0,0,0,0,0,0,0,0,393088,128,606,1489,1141753351,4253708117,739328,0
506,1117184,0,0,0,4288,8384,345088,402752,356672,334784,779008,0,1216,339904,0,0,0,0,0,0,0,0,0,0,0,0,0,0,402624,128,601,1491,4156705871,2226772346,770624,0
507,1116224,0,0,0,4352,8768,284736,368384,449984,428416,684416,0,1216,279360,0,0,0,0,0,0,0,0,0,0,0,0,0,0,368320,64,600,1468,2673319554,3638067414,675648,0
508,1677504,0,0,0,12032,23040,666304,452416,523712,496064,1177856,0,1280,661120,0,0,0,0,0,0,0,0,0,0,0,0,0,0,452288,128,597,1460,1192899489,231562309,1154816,0
509,1116352,0,0,0,6400,23168,253440,444288,389056,367488,745472,0,1280,248128,0,0,0,0,0,0,0,0,0,0,0,0,0,0,444160,128,590,1440,2273585282,2499571471,722304,0
510,1116928,0,0,0,5440,22400,265792,431744,391552,367168,746304,0,1344,260416,0,0,0,0,0,0,0,0,0,0,0,0,0,0,431616,128,591,1441,2789241494,3994666972,723904,0
511,1116736,0,0,0,4224,22528,264832,414400,410752,388928,724416,0,1280,259456,0,0,0,0,0,0,0,0,0,0,0,0,0,0,414272,128,582,1414,3461583125,425516296,701888,0
512,1116672,0,0,0,4288,8704,269440,434048,400192,378624,734656,0,1280,264064,0,0,0,0,0,0,0,0,0,0,0,0,0,0,433920,128,576,1399,2261761625,2069584600,725952,0
513,1116672,0,0,0,6464,8896,370368,464384,266560,245184,867968,0,1216,365120,0,0,0,0,0,0,0,0,0,0,0,0,0,0,464256,128,596,1457,3128527628,2719554038,859072,0
514,1116736,0,0,0,7168,8960,368000,472320,260288,239040,874240,0,1152,362816,0,0,0,0,0,0,0,0,0,0,0,0,0,0,472192,128,611,1488,959590939,2910415708,865280,0
515,1116672,0,0,0,6080,8768,369792,463040,268992,247744,865408,0,1216,364480,0,0,0,0,0,0,0,0,0,0,0,0,0,0,462912,128,600,1456,441666401,3090304066,856640,0
516,1116928,0,0,0,5184,8896,368192,453824,280832,258944,854592,0,1216,362816,0,0,0,0,0,0,0,0,0,0,0,0,0,0,453760,64,539,1375,4033770241,3552807742,845696,0
517,1116544,0,0,0,4224,8960,383296,412544,307520,286208,826880,0,1280,377984,0,0,0,0,0,0,0,0,0,0,0,0,0,0,412416,128,521,1325,1071707953,3850325633,817920,0
518,1116928,0,0,0,4224,9984,425920,448128,228672,207040,906432,0,1216,420736,0,0,0,0,0,0,0,0,0,0,0,0,0,0,448000,128,520,1323,3954628771,3033589724,896448,0
519,1116608,0,0,0,4288,8704,385984,427392,290240,268992,844160,0,1216,380672,0,0,0,0,0,0,0,0,0,0,0,0,0,0,427264,128,512,1296,1861911287,1107983228,835456,0
520,1116928,0,0,0,4352,8768,380224,425984,297600,276416,836992,0,1152,374848,0,0,0,0,0,0,0,0,0,0,0,0,0,0,425920,64,522,1320,3686087702,3368657229,828224,0
521,1116800,0,0,0,4352,8896,377600,418560,307392,285952,827328,0,1216,372352,0,0,0,0,0,0,0,0,0,0,0,0,0,0,418432,128,517,1299,4185298123,3195918945,818432,0
522,1116800,0,0,0,4224,8896,382912,408896,311872,290368,822976,0,1152,377728,0,0,0,0,0,0,0,0,0,0,0,0,0,0,408768,128,517,1303,1394968392,4180344031,814080,0
523,1116800,0,0,0,4352,8768,369088,409344,325248,304064,809280,0,1216,363840,0,0,0,0,0,0,0,0,0,0,0,0,0,0,409216,128,518,1300,889056830,3242732490,800512,0
524,1116544,0,0,0,4224,8896,390400,387264,325760,298560,814592,0,1344,385152,0,0,0,0,0,0,0,0,0,0,0,0,0,0,387136,128,506,1261,2487686614,2691178269,805696,0
525,1116800,0,0,0,5184,8448,369536,387328,346304,324672,788672,0,1152,364224,0,0,0,0,0,0,0,0,0,0,0,0,0,0,387264,64,517,1296,630299943,3104697326,780224,0
526,1117120,0,0,0,6208,8768,384960,357632,359552,337920,775744,0,1280,379712,0,0,0,0,0,0,0,0,0,0,0,0,0,0,357504,128,498,1236,104489465,3931186724,766976,0
527,1116544,0,0,0,9088,22720,394944,381696,308096,286720,826240,0,1216,389696,0,0,0,0,0,0,0,0,0,0,0,0,0,0,381568,128,521,1293,1567181155,1903664695,803520,0
528,1116992,0,0,0,4096,8704,348672,341568,413952,392064,721472,0,1280,343488,0,0,0,0,0,0,0,0,0,0,0,0,0,0,341440,128,498,1223,398346865,1324141557,712768,0
529,1116480,0,0,0,4416,9088,352704,339776,410496,389120,723968,0,1152,347456,0,0,0,0,0,0,0,0,0,0,0,0,0,0,339712,64,491,1208,3588968913,3109934577,714880,0
530,1116928,0,0,0,6208,8960,404544,383104,314112,292416,820928,0,1216,399168,0,0,0,0,0,0,0,0,0,0,0,0,0,0,382976,128,514,1277,1539960620,2873786224,811968,0
531,1116480,0,0,0,6400,8832,357376,391232,352640,331392,781440,0,1216,352128,0,0,0,0,0,0,0,0,0,0,0,0,0,0,391104,128,510,1270,3587439614,2751224586,772608,0
532,1116736,0,0,0,5568,9088,352640,416448,332992,311552,801728,0,1216,347520,0,0,0,0,0,0,0,0,0,0,0,0,0,0,416384,64,541,1353,2515377836,3757942136,792640,0
533,1116672,0,0,0,4288,8448,380544,379328,344064,322624,790656,0,1216,375424,0,0,0,0,0,0,0,0,0,0,0,0,0,0,379200,128,501,1254,1846062619,3215715020,782208,0
534,1116736,0,0,0,4352,10112,346112,389760,366400,345024,768320,0,1280,340736,0,0,0,0,0,0,0,0,0,0,0,0,0,0,389632,128,523,1321,3921240211,3676462022,758208,0
535,1116608,0,0,0,4480,8960,324800,390784,387584,366336,746752,0,1216,319552,0,0,0,0,0,0,0,0,0,0,0,0,0,0,390656,128,516,1308,1029540107,68544192,737792,0
536,1116928,0,0,0,4608,8832,326784,392960,383744,362496,750976,0,1280,321472,0,0,0,0,0,0,0,0,0,0,0,0,0,0,392832,128,535,1350,2751155988,2513005284,742144,0
537,1117184,0,0,0,4608,8896,276416,392832,434432,412224,701504,0,1280,271104,0,0,0,0,0,0,0,0,0,0,0,0,0,0,392704,128,558,1407,1774056052,2081488667,692608,0
538,1116096,0,0,0,6784,9024,265792,391616,442880,421696,690880,0,1152,260480,0,0,0,0,0,0,0,0,0,0,0,0,0,0,391488,128,542,1372,1527418594,230085746,681856,0
539,1117056,0,0,0,11328,8768,362816,384256,349888,328256,785280,0,1152,357568,0,0,0,0,0,0,0,0,0,0,0,0,0,0,384128,128,550,1388,2564037450,3902993862,776512,0
540,1116736,0,0,0,5760,8896,276544,384192,441344,414144,699136,0,1216,271232,0,0,0,0,0,0,0,0,0,0,0,0,0,0,384064,128,554,1403,1170879712,491444638,690240,0
541,1116864,0,0,0,4416,8960,278848,354176,470464,448768,664704,0,1216,273536,0,0,0,0,0,0,0,0,0,0,0,0,0,0,354048,128,536,1352,2016204288,3126299552,655744,0
542,1116608,0,0,0,5504,8768,335104,391168,376064,354688,758464,0,1216,329856,0,0,0,0,0,0,0,0,0,0,0,0,0,0,391040,128,575,1427,755257641,3785558028,749696,0
543,1116928,0,0,0,6848,8256,289088,372288,440448,418816,694720,0,1152,283968,0,0,0,0,0,0,0,0,0,0,0,0,0,0,372160,128,572,1419,3502074657,1318574952,686464,0
544,1116800,0,0,0,7232,8448,285824,369216,446080,424512,688704,0,1280,280512,0,0,0,0,0,0,0,0,0,0,0,0,0,0,369088,128,581,1432,483848181,1731618759,680256,0
545,1116544,0,0,0,6080,8896,336704,352064,412800,390912,722176,0,1280,331520,0,0,0,0,0,0,0,0,0,0,0,0,0,0,351936,128,577,1408,2680239511,804257990,713280,0
546,1116544,0,0,0,6144,9152,332672,351104,417472,395840,716800,0,1152,327552,0,0,0,0,0,0,0,0,0,0,0,0,0,0,350976,128,574,1390,2796848300,1397669186,707648,0
547,1116928,0,0,0,4992,8704,434496,389888,278848,256896,856640,0,1088,429312,0,0,0,0,0,0,0,0,0,0,0,0,0,0,389760,128,601,1446,1373781702,2607379404,847936,0
548,1116608,0,0,0,6848,8832,336896,385280,378752,356736,756352,0,1152,331776,0,0,0,0,0,0,0,0,0,0,0,0,0,0,385152,128,604,1453,3074657910,2188327504,747520,0
549,1116608,0,0,0,6080,10368,500416,399168,200576,179008,934144,0,1152,495296,0,0,0,0,0,0,0,0,0,0,0,0,0,0,399040,128,607,1465,724943652,1094648326,923776,0
550,1116608,0,0,0,4096,8640,414080,382656,307136,285824,827328,0,1152,408768,0,0,0,0,0,0,0,0,0,0,0,0,0,0,382528,128,607,1472,2382428954,1922301713,818688,0
551,1116800,0,0,0,4096,8768,412416,377344,314176,292800,820544,0,1152,407296,0,0,0,0,0,0,0,0,0,0,0,0,0,0,377280,64,596,1452,1089308197,883606021,811776,0
552,1116992,0,0,0,4992,8704,471296,405312,226688,205056,908544,0,1152,465984,0,0,0,0,0,0,0,0,0,0,0,0,0,0,405184,128,626,1513,4277539066,3625186054,899840,0
553,1116672,0,0,0,4160,8576,440064,385728,278144,256576,856640,0,1216,434752,0,0,0,0,0,0,0,0,0,0,0,0,0,0,385600,128,608,1466,3227150197,3013870987,848064,0
554,1116800,0,0,0,4224,8960,430272,399808,273536,252352,860992,0,1216,425024,0,0,0,0,0,0,0,0,0,0,0,0,0,0,399680,128,618,1482,4064330616,689993411,852032,0
555,1116864,0,0,0,4224,8512,411456,388288,304384,282752,830720,0,1216,406272,0,0,0,0,0,0,0,0,0,0,0,0,0,0,388160,128,623,1494,1936093242,2894117586,822208,0
556,1116800,0,0,0,6080,8704,502208,451840,147968,120768,992576,0,1280,496960,0,0,0,0,0,0,0,0,0,0,0,0,0,0,451712,128,618,1481,2034480125,1975859671,983872,0
557,1116800,0,0,0,6144,22208,409664,397312,281472,259904,853504,0,1216,404288,0,0,0,0,0,0,0,0,0,0,0,0,0,0,397184,128,626,1498,2779101205,140760102,831296,0
558,1116544,0,0,0,5376,8832,408320,350592,343424,322240,790848,0,1216,403072,0,0,0,0,0,0,0,0,0,0,0,0,0,0,350464,128,611,1461,3488440780,167347274,782016,0
559,1116736,0,0,0,4992,8768,467776,424064,211136,189696,923584,0,1216,462528,0,0,0,0,0,0,0,0,0,0,0,0,0,0,423936,128,601,1442,2578346685,1311104447,914816,0
560,1116608,0,0,0,6016,8896,505664,370816,225216,203776,909312,0,1216,500352,0,0,0,0,0,0,0,0,0,0,0,0,0,0,370752,64,604,1452,2738072167,4117250096,900416,0
561,1116800,0,0,0,6208,8640,400960,358848,342144,320640,792704,0,1152,395712,0,0,0,0,0,0,0,0,0,0,0,0,0,0,358720,128,605,1450,194673345,3354649323,784064,0
562,1116864,0,0,0,6016,9344,389504,343744,368256,346752,766272,0,1152,384256,0,0,0,0,0,0,0,0,0,0,0,0,0,0,343616,128,610,1455,1078667944,66989286,756928,0
563,1116864,0,0,0,5056,8704,376128,345216,381760,360256,753152,0,1216,370880,0,0,0,0,0,0,0,0,0,0,0,0,0,0,345088,128,606,1451,447388657,408605313,744448,0
564,1116736,0,0,0,4864,8832,389888,335296,377856,356224,757056,0,1152,384768,0,0,0,0,0,0,0,0,0,0,0,0,0,0,335168,128,600,1454,3791005930,4012784685,748224,0
565,1116736,0,0,0,5824,10112,319808,345920,435072,413568,699712,0,1216,314624,0,0,0,0,0,0,0,0,0,0,0,0,0,0,345856,64,600,1455,2140689485,45138742,689600,0
566,1116480,0,0,0,4480,8896,318720,343040,441344,420032,692928,0,1216,313536,0,0,0,0,0,0,0,0,0,0,0,0,0,0,342976,64,606,1463,1325856841,2847589426,684032,0
567,1116864,0,0,0,2560,9024,346560,322240,436480,415168,698240,0,1216,341184,0,0,0,0,0,0,0,0,0,0,0,0,0,0,322112,128,611,1452,2342450230,212769996,689216,0
568,1116672,0,0,0,2624,8576,325120,313216,467136,445824,667392,0,1280,319808,0,0,0,0,0,0,0,0,0,0,0,0,0,0,313088,128,606,1436,815212620,2618134485,658816,0
569,1117056,0,0,0,2560,8704,318976,316480,470336,448768,664832,0,1216,313664,0,0,0,0,0,0,0,0,0,0,0,0,0,0,316352,128,606,1438,2766502512,3388603714,656128,0
570,1116480,0,0,0,2624,8576,322752,316480,466048,444864,668160,0,1152,317440,0,0,0,0,0,0,0,0,0,0,0,0,0,0,316352,128,599,1424,1748238085,3859159208,659584,0
571,1116864,0,0,0,2496,8768,379264,341184,385152,363968,749440,0,1152,373952,0,0,0,0,0,0,0,0,0,0,0,0,0,0,341056,128,608,1435,1448240762,3054763818,740672,0
572,1116928,0,0,0,2560,8768,356288,339712,409600,382144,731392,0,1280,350976,0,0,0,0,0,0,0,0,0,0,0,0,0,0,339584,128,603,1436,1051279651,1978928870,722624,0
573,1116608,0,0,0,2624,8896,406080,370496,328512,307072,806080,0,1216,400832,0,0,0,0,0,0,0,0,0,0,0,0,0,0,370368,128,596,1437,4256930606,536845782,797184,0
574,1677056,0,0,0,2560,8448,397440,819904,448704,426816,1246848,0,1152,392384,0,0,0,0,0,0,0,0,0,0,0,0,0,0,819776,128,593,1427,2359636268,1755881408,1238400,0
575,1116480,0,0,0,3456,8704,312448,333440,458432,437120,675968,0,1216,307136,0,0,0,0,0,0,0,0,0,0,0,0,0,0,333312,128,619,1466,2921327786,278554037,667264,0
576,1116928,0,0,0,2560,8896,407040,350528,347904,326400,787072,0,1216,401856,0,0,0,0,0,0,0,0,0,0,0,0,0,0,350400,128,593,1422,718017894,856814790,778176,0
577,2236928,0,0,0,15168,23424,834688,832896,530752,509184,1724096,0,1152,829440,0,0,0,0,0,0,0,0,0,0,0,0,0,0,832768,128,599,1465,745353953,4132908522,1700672,0
578,1115328,0,0,0,4160,24000,335936,369792,381440,361408,750336,0,1152,330816,0,0,0,0,0,0,0,0,0,0,0,0,0,0,369664,128,593,1461,2323091745,4293852712,726336,0
579,1116672,0,0,0,4288,24000,301312,362112,424960,405376,707904,0,1152,296128,0,0,0,0,0,0,0,0,0,0,0,0,0,0,361984,128,591,1442,4195591571,78643163,683904,0
580,1116992,0,0,0,4096,23488,305600,351296,432512,412672,700864,0,1216,300288,0,0,0,0,0,0,0,0,0,0,0,0,0,0,351168,128,597,1456,3601655404,1372767167,677376,0
581,1116992,0,0,0,4160,8704,309632,399488,395008,375168,738432,0,1280,304320,0,0,0,0,0,0,0,0,0,0,0,0,0,0,399360,128,608,1472,1877121462,1870761484,729728,0
582,1117376,0,0,0,10240,8768,470784,389824,237760,216768,896960,0,1216,465472,0,0,0,0,0,0,0,0,0,0,0,0,0,0,389696,128,624,1513,58779301,1381661915,888192,0
583,1115968,0,0,0,4160,8704,344832,384128,374144,354304,758144,0,1216,339584,0,0,0,0,0,0,0,0,0,0,0,0,0,0,384000,128,639,1546,179806186,2556264879,749440,0
584,1116480,0,0,0,4224,8640,338688,389376,375552,356160,756800,0,1152,333568,0,0,0,0,0,0,0,0,0,0,0,0,0,0,389248,128,627,1518,2453245896,529492054,748160,0
585,1116928,0,0,0,6080,8512,355904,372096,374336,354240,759232,0,1216,350592,0,0,0,0,0,0,0,0,0,0,0,0,0,0,372032,64,613,1491,1444755556,1526387319,750720,0
586,1116608,0,0,0,6080,8576,374592,362176,365184,345408,767744,0,1152,369344,0,0,0,0,0,0,0,0,0,0,0,0,0,0,362112,64,605,1469,3163827085,1087745553,759168,0
587,1116736,0,0,0,5824,23104,404224,377664,305920,286272,827136,0,1280,398976,0,0,0,0,0,0,0,0,0,0,0,0,0,0,377536,128,618,1504,238593779,3428774578,804032,0
588,1116736,0,0,0,5824,8832,434368,344000,323712,298048,815232,0,1216,429120,0,0,0,0,0,0,0,0,0,0,0,0,0,0,343872,128,610,1458,1986096292,2525949487,806400,0
589,1116928,0,0,0,5056,8576,423936,342400,336960,316928,796544,0,1216,418560,0,0,0,0,0,0,0,0,0,0,0,0,0,0,342272,128,604,1445,261504846,1706232671,787968,0
590,1116416,0,0,0,3840,8832,425728,334848,343168,323648,789376,0,1216,420416,0,0,0,0,0,0,0,0,0,0,0,0,0,0,334720,128,596,1428,2407227589,1184444870,780544,0
591,1116736,0,0,0,3904,8640,355712,329792,418688,398848,714496,0,1280,350400,0,0,0,0,0,0,0,0,0,0,0,0,0,0,329664,128,597,1429,885503690,1804584390,705856,0
592,1116736,0,0,0,3776,8512,332800,325504,446144,426304,686976,0,1216,327488,0,0,0,0,0,0,0,0,0,0,0,0,0,0,325376,128,605,1437,3011404400,3697385089,678464,0
593,1116864,0,0,0,3904,8576,339136,327104,438144,418304,695168,0,1216,333952,0,0,0,0,0,0,0,0,0,0,0,0,0,0,326976,128,594,1422,2432992600,2639829991,686592,0
594,1116928,0,0,0,3840,9536,320704,327424,455424,435328,678208,0,1152,315584,0,0,0,0,0,0,0,0,0,0,0,0,0,0,327296,128,600,1432,523268231,1410253682,668672,0
595,1116672,0,0,0,10304,8832,438464,354048,305024,285056,828096,0,1216,433344,0,0,0,0,0,0,0,0,0,0,0,0,0,0,353920,128,591,1431,911924331,748791996,819264,0
596,1116672,0,0,0,4032,8896,329024,330752,443968,424384,688896,0,1216,323776,0,0,0,0,0,0,0,0,0,0,0,0,0,0,330688,64,590,1431,1999512011,388865157,680000,0
597,1117248,0,0,0,3968,8768,317312,318016,469184,449024,664832,0,1152,312000,0,0,0,0,0,0,0,0,0,0,0,0,0,0,317888,128,575,1390,1900757012,3438692012,656064,0
598,1116224,0,0,0,3904,8640,401152,389696,312832,293056,819712,0,1152,395968,0,0,0,0,0,0,0,0,0,0,0,0,0,0,389568,128,582,1391,591926745,1100406660,811072,0
599,1116672,0,0,0,3904,8512,298432,326336,479488,459840,653376,0,1216,293248,0,0,0,0,0,0,0,0,0,0,0,0,0,0,326208,128,585,1395,1030755944,2613701882,644864,0
600,1116864,0,0,0,3904,8768,294976,324672,484544,464512,648960,0,1152,289792,0,0,0,0,0,0,0,0,0,0,0,0,0,0,324544,128,583,1393,2067658943,1740357136,640192,0
601,1116800,0,0,0,4096,8832,301184,317568,485120,465472,647872,0,1152,296000,0,0,0,0,0,0,0,0,0,0,0,0,0,0,317440,128,586,1393,3790095260,4086051578,639040,0
602,1116928,0,0,0,3968,8832,310592,316416,477120,456768,656704,0,1152,305408,0,0,0,0,0,0,0,0,0,0,0,0,0,0,316352,64,573,1377,1689802391,3558218128,647872,0
603,1116544,0,0,0,5824,8768,301184,301376,499392,479552,633600,0,1280,295872,0,0,0,0,0,0,0,0,0,0,0,0,0,0,301248,128,571,1361,2651890816,283443255,624832,0
604,1116544,0,0,0,5760,8896,332480,309120,460288,434688,678400,0,1280,327168,0,0,0,0,0,0,0,0,0,0,0,0,0,0,309056,64,570,1364,794977614,2989260605,669504,0
605,1117120,0,0,0,5056,8640,324864,318272,460288,440064,673664,0,1088,319808,0,0,0,0,0,0,0,0,0,0,0,0,0,0,318208,64,564,1351,677559293,1657240468,665024,0
606,1116416,0,0,0,3840,8896,450816,322112,330752,310912,802112,0,1152,445568,0,0,0,0,0,0,0,0,0,0,0,0,0,0,321984,128,563,1345,1161649180,3626141970,793216,0
607,1117440,0,0,0,3840,8832,416064,297600,391104,370624,743296,0,1216,410752,0,0,0,0,0,0,0,0,0,0,0,0,0,0,297536,64,568,1346,1606194810,618440278,734464,0
608,1115968,0,0,0,3904,8576,289728,297408,516352,496384,616192,0,1216,284352,0,0,0,0,0,0,0,0,0,0,0,0,0,0,297344,64,569,1337,3111284700,1752546390,607616,0
609,1116544,0,0,0,3840,9984,365952,306432,430336,410688,702400,0,1216,360512,0,0,0,0,0,0,0,0,0,0,0,0,0,0,306368,64,566,1339,912428494,745914696,692416,0
610,1117248,0,0,0,9088,8640,430912,319744,348864,328512,785216,0,1216,425728,0,0,0,0,0,0,0,0,0,0,0,0,0,0,319616,128,566,1344,3518408463,374122370,776576,0
611,1116160,0,0,0,5888,8640,370560,336960,394112,374080,738688,0,1280,365248,0,0,0,0,0,0,0,0,0,0,0,0,0,0,336832,128,570,1349,1642804922,397595077,730048,0
612,1116800,0,0,0,5888,8768,351424,350016,400704,380928,732352,0,1216,346048,0,0,0,0,0,0,0,0,0,0,0,0,0,0,349888,128,562,1338,3999391610,4111590842,723584,0
613,1116800,0,0,0,5120,8768,453504,392064,257344,236800,876480,0,1280,448128,0,0,0,0,0,0,0,0,0,0,0,0,0,0,392000,64,568,1358,1417776882,3129213037,867712,0
614,1116608,0,0,0,3968,8320,344768,371008,388544,368704,744512,0,1088,339584,0,0,0,0,0,0,0,0,0,0,0,0,0,0,370880,128,572,1360,3487427653,3549565731,736192,0
615,1116672,0,0,0,3840,8704,322560,338496,443072,423424,689856,0,1216,317248,0,0,0,0,0,0,0,0,0,0,0,0,0,0,338368,128,570,1368,3670349252,845662915,681152,0
616,1116864,0,0,0,3968,8512,302464,325760,476160,456192,657344,0,1280,297216,0,0,0,0,0,0,0,0,0,0,0,0,0,0,325632,128,569,1354,104551928,207635754,648832,0
617,1116928,0,0,0,3904,22912,315456,356096,418560,398656,714944,0,1216,310080,0,0,0,0,0,0,0,0,0,0,0,0,0,0,355968,128,582,1385,557440745,2316142857,692032,0
618,1116416,0,0,0,9472,8640,609216,374592,114496,94592,1018304,0,1152,604032,0,0,0,0,0,0,0,0,0,0,0,0,0,0,374528,64,576,1375,3978872807,2923084604,1009664,0
619,1116928,0,0,0,4032,8576,398464,367360,338496,318464,795072,0,1152,393216,0,0,0,0,0,0,0,0,0,0,0,0,0,0,367296,64,571,1368,3384871531,2695635610,786496,0
620,1116928,0,0,0,4032,8768,367360,368000,368768,342976,770560,0,1216,362112,0,0,0,0,0,0,0,0,0,0,0,0,0,0,367872,128,569,1361,102201667,1303691168,761792,0
621,1116672,0,0,0,4096,8768,326144,377152,400512,380608,732608,0,1216,320896,0,0,0,0,0,0,0,0,0,0,0,0,0,0,377024,128,577,1401,416536671,3808376422,723840,0
622,1116928,0,0,0,4032,8704,296704,329728,477760,457600,655872,0,1152,291584,0,0,0,0,0,0,0,0,0,0,0,0,0,0,329664,64,584,1414,4096432262,3765745243,647168,0
623,1116544,0,0,0,6784,8384,315328,351488,434560,414400,698688,0,1152,310080,0,0,0,0,0,0,0,0,0,0,0,0,0,0,351360,128,577,1387,2080934662,2345311685,690304,0
624,1116608,0,0,0,6528,9792,469056,388288,242944,223296,889792,0,1152,463808,0,0,0,0,0,0,0,0,0,0,0,0,0,0,388160,128,579,1411,3146236266,2019281449,880000,0
625,1116928,0,0,0,5056,8960,439680,369856,293376,273344,840064,0,1216,434368,0,0,0,0,0,0,0,0,0,0,0,0,0,0,369792,64,572,1390,524213548,1359949719,831104,0
626,1116608,0,0,0,3968,8832,394304,360704,348800,329088,784064,0,1280,389120,0,0,0,0,0,0,0,0,0,0,0,0,0,0,360576,128,575,1399,732094374,3941229242,775232,0
627,1116800,0,0,0,3968,8320,328704,326592,449216,429184,684224,0,1216,323392,0,0,0,0,0,0,0,0,0,0,0,0,0,0,326528,64,580,1406,545241452,2943884402,675904,0
628,1116544,0,0,0,3904,8448,336128,326144,441920,422272,690880,0,1216,330816,0,0,0,0,0,0,0,0,0,0,0,0,0,0,326016,128,593,1435,3611827107,674871909,682432,0
629,1116928,0,0,0,5760,8960,320256,320064,461888,442048,671424,0,1216,315008,0,0,0,0,0,0,0,0,0,0,0,0,0,0,319936,128,596,1433,4012349604,549872759,662464,0
630,1116672,0,0,0,4288,8768,316800,318272,468544,448960,664256,0,1152,311552,0,0,0,0,0,0,0,0,0,0,0,0,0,0,318144,128,596,1434,3069767299,2761278219,655488,0
631,1116992,0,0,0,2560,8512,326272,318080,461568,441472,672128,0,1280,320960,0,0,0,0,0,0,0,0,0,0,0,0,0,0,317952,128,588,1415,1525888959,382618865,663616,0
632,1116864,0,0,0,2560,8512,325376,320704,459712,439680,673728,0,1216,320192,0,0,0,0,0,0,0,0,0,0,0,0,0,0,320576,128,591,1417,3599548022,4021715275,665216,0
633,1116608,0,0,0,2624,8704,318144,319616,467520,447872,665280,0,1216,312832,0,0,0,0,0,0,0,0,0,0,0,0,0,0,319488,128,592,1415,899216753,2959089274,656576,0
634,1117248,0,0,0,2560,8576,369024,316800,420288,400256,713600,0,1216,363776,0,0,0,0,0,0,0,0,0,0,0,0,0,0,316672,128,600,1430,1021274485,1905734492,705024,0
635,1116224,0,0,0,8256,8960,421888,319552,357568,337664,775040,0,1152,416704,0,0,0,0,0,0,0,0,0,0,0,0,0,0,319424,128,601,1429,2221927571,2105327102,766080,0
636,1116800,0,0,0,3840,8832,313152,320576,470400,444608,668800,0,1152,307904,0,0,0,0,0,0,0,0,0,0,0,0,0,0,320448,128,598,1428,4003368269,1690693432,659968,0
637,1116736,0,0,0,3968,8576,319296,323904,460992,441024,672384,0,1152,314112,0,0,0,0,0,0,0,0,0,0,0,0,0,0,323776,128,596,1429,4083046938,3011474116,663808,0
638,1116672,0,0,0,3840,8768,353216,360320,390528,367680,745536,0,1280,347968,0,0,0,0,0,0,0,0,0,0,0,0,0,0,360192,128,597,1435,2615894007,526005179,736768,0
639,1117056,0,0,0,3840,8832,368320,338368,397696,377472,736192,0,1152,363200,0,0,0,0,0,0,0,0,0,0,0,0,0,0,338240,128,599,1431,2470202314,2050272062,727360,0
640,1116288,0,0,0,4864,9920,299008,326784,475712,455936,656896,0,1152,293824,0,0,0,0,0,0,0,0,0,0,0,0,0,0,326656,128,593,1423,1959401767,3529645599,646976,0
641,1116608,0,0,0,3968,8704,300352,352064,451520,431744,681472,0,1152,295232,0,0,0,0,0,0,0,0,0,0,0,0,0,0,351936,128,593,1416,2786101115,2848592559,672768,0
642,1117184,0,0,0,7808,8640,350912,324992,424832,404608,709056,0,1152,345856,0,0,0,0,0,0,0,0,0,0,0,0,0,0,324864,128,597,1423,3272009892,1674412585,700416,0
643,1116352,0,0,0,6016,8576,286720,336256,478784,459200,653760,0,1152,281600,0,0,0,0,0,0,0,0,0,0,0,0,0,0,336128,128,589,1414,535842030,2717714149,645184,0
644,1116736,0,0,0,4992,8768,439616,344320,319040,299072,814208,0,1088,434624,0,0,0,0,0,0,0,0,0,0,0,0,0,0,344256,64,579,1399,3613029260,2229679774,805440,0
645,1116864,0,0,0,3968,8512,293440,332160,478784,458624,654848,0,1216,288192,0,0,0,0,0,0,0,0,0,0,0,0,0,0,332032,128,582,1406,3127706790,1542483411,646336,0
646,1116672,0,0,0,3968,8512,324736,332224,447232,427392,685824,0,1216,319552,0,0,0,0,0,0,0,0,0,0,0,0,0,0,332160,64,584,1394,609074920,13781447,677312,0
647,1116928,0,0,0,3968,22848,303104,335552,451456,431616,681856,0,1216,297664,0,0,0,0,0,0,0,0,0,0,0,0,0,0,335488,64,585,1395,4226299535,1869533046,659008,0
648,1116928,0,0,0,5824,8704,353856,372160,376384,356224,757248,0,1280,348416,0,0,0,0,0,0,0,0,0,0,0,0,0,0,372032,128,592,1404,894130884,21393327,748544,0
649,1116352,0,0,0,13440,9088,473344,387520,232960,212992,899456,0,1280,468096,0,0,0,0,0,0,0,0,0,0,0,0,0,0,387456,64,583,1388,3084998598,3098796660,890368,0
650,1116544,0,0,0,6016,9088,366656,372288,362496,342080,770432,0,1216,361600,0,0,0,0,0,0,0,0,0,0,0,0,0,0,372160,128,593,1414,1610465171,4228241779,761344,0
651,1116672,0,0,0,5184,9152,388224,375104,339008,319168,793664,0,1216,382912,0,0,0,0,0,0,0,0,0,0,0,0,0,0,374976,128,593,1421,2716160232,2811993321,784512,0
652,1116800,0,0,0,4032,8960,494528,355584,253696,227840,885248,0,1216,489216,0,0,0,0,0,0,0,0,0,0,0,0,0,0,355456,128,595,1446,1304809876,4263652777,876288,0
653,1116864,0,0,0,3968,8512,286400,376576,441408,421376,692032,0,1152,281216,0,0,0,0,0,0,0,0,0,0,0,0,0,0,376512,64,599,1457,281714593,3317369499,683520,0
654,1116608,0,0,0,3968,8832,279872,342400,481536,461824,651328,0,1152,274560,0,0,0,0,0,0,0,0,0,0,0,0,0,0,342272,128,605,1470,23839237,1665388841,642496,0
655,1116800,0,0,0,3968,9984,286336,371904,444608,424704,688704,0,1216,281088,0,0,0,0,0,0,0,0,0,0,0,0,0,0,371840,64,604,1469,2713417917,2294905456,678720,0
656,1116800,0,0,0,4096,8640,284928,365824,453312,433600,679744,0,1152,279744,0,0,0,0,0,0,0,0,0,0,0,0,0,0,365696,128,603,1455,2210536309,650994627,671104,0
657,1117248,0,0,0,5888,8576,274048,356096,472640,452032,661696,0,1216,268800,0,0,0,0,0,0,0,0,0,0,0,0,0,0,355968,128,607,1465,2677846139,2497359487,653120,0
658,1115904,0,0,0,5120,8576,398784,358976,344448,324992,787456,0,1216,393472,0,0,0,0,0,0,0,0,0,0,0,0,0,0,358912,64,595,1436,2347973029,1148440457,778880,0
659,1116992,0,0,0,3840,8576,304256,362432,437888,417664,695936,0,1280,298880,0,0,0,0,0,0,0,0,0,0,0,0,0,0,362304,128,596,1431,4188261035,3048509188,687360,0
660,1116480,0,0,0,3968,8768,290944,341760,471040,451072,661952,0,1216,285696,0,0,0,0,0,0,0,0,0,0,0,0,0,0,341632,128,584,1393,1781551801,355926009,653184,0
661,1118528,0,0,0,3840,8640,323328,358848,423872,401728,713344,0,1216,318016,0,0,0,0,0,0,0,0,0,0,0,0,0,0,358720,128,584,1394,2552989375,835477113,704704,0
662,1112512,0,0,0,4800,8704,303296,344640,451072,431168,677952,0,1216,298048,0,0,0,0,0,0,0,0,0,0,0,0,0,0,344576,64,589,1400,1007785977,378534498,669248,0
663,1116096,0,0,0,3968,8640,310336,334272,458880,439104,673536,0,1216,305152,0,0,0,0,0,0,0,0,0,0,0,0,0,0,334144,128,576,1376,52860069,1692708014,664896,0
664,1116864,0,0,0,3968,8832,295744,297088,511232,491392,622080,0,1216,290496,0,0,0,0,0,0,0,0,0,0,0,0,0,0,296960,128,571,1370,1443711200,2371184927,613248,0
665,1116672,0,0,0,3968,8896,267456,298624,537728,518016,595200,0,1216,262144,0,0,0,0,0,0,0,0,0,0,0,0,0,0,298496,128,576,1378,2042002355,949009340,586304,0
666,1116800,0,0,0,3840,8512,272704,295680,536064,516480,596864,0,1280,267392,0,0,0,0,0,0,0,0,0,0,0,0,0,0,295552,128,575,1373,499606626,2854963321,588352,0
667,1116928,0,0,0,3904,8640,346304,326272,431808,412032,701504,0,1216,341120,0,0,0,0,0,0,0,0,0,0,0,0,0,0,326144,128,587,1395,3985644816,696440697,692864,0
668,1116608,0,0,0,3840,8832,393600,338688,371648,345856,767296,0,1152,388352,0,0,0,0,0,0,0,0,0,0,0,0,0,0,338560,128,579,1381,2703036057,4025191756,758464,0
669,1116800,0,0,0,3968,8704,346176,324608,433344,413440,699904,0,1216,340992,0,0,0,0,0,0,0,0,0,0,0,0,0,0,324480,128,592,1410,1781929377,2546252524,691200,0
670,1116672,0,0,0,10304,24704,578304,382976,120384,100352,1012800,0,1280,573056,0,0,0,0,0,0,0,0,0,0,0,0,0,0,382848,128,593,1409,2556661055,1382461091,988096,0
671,1116928,0,0,0,4032,23616,358272,351168,379840,360000,753472,0,1280,352832,0,0,0,0,0,0,0,0,0,0,0,0,0,0,351040,128,594,1422,4084445173,2498185484,729856,0
672,1116608,0,0,0,3968,22656,325888,341376,422720,403136,710080,0,1280,320448,0,0,0,0,0,0,0,0,0,0,0,0,0,0,341312,64,589,1413,3106172244,1093081358,687424,0
673,1116864,0,0,0,3904,8640,311360,371776,421184,401280,712256,0,1216,306048,0,0,0,0,0,0,0,0,0,0,0,0,0,0,371648,128,576,1401,1280999274,488350883,703616,0
674,1116736,0,0,0,4096,8704,278464,371392,454080,434432,678848,0,1152,273280,0,0,0,0,0,0,0,0,0,0,0,0,0,0,371264,128,584,1405,1560298996,3243987201,670144,0
675,1116608,0,0,0,8704,8640,401472,364608,333184,313152,799936,0,1152,396352,0,0,0,0,0,0,0,0,0,0,0,0,0,0,364416,192,605,1439,3509823804,1092380991,791296,0
676,1116928,0,0,0,4032,8704,302080,342720,459392,439680,673792,0,1280,296768,0,0,0,0,0,0,0,0,0,0,0,0,0,0,342592,128,598,1409,3496671263,372246155,665088,0
677,1116928,0,0,0,9344,23104,607168,346432,130880,110464,1002944,0,1088,601920,0,0,0,0,0,0,0,0,0,0,0,0,0,0,346304,128,618,1455,1466259946,2709771195,979840,0
678,1116800,0,0,0,4352,8704,345792,340544,417408,397312,716032,0,1216,340480,0,0,0,0,0,0,0,0,0,0,0,0,0,0,340416,128,616,1469,3783101270,1915158138,707328,0
679,1116544,0,0,0,4352,8448,339264,337728,426752,407168,705984,0,1216,333888,0,0,0,0,0,0,0,0,0,0,0,0,0,0,337600,128,612,1459,3890071681,443280623,697536,0
680,1116800,0,0,0,4352,8768,332736,328064,442880,422976,690432,0,1152,327488,0,0,0,0,0,0,0,0,0,0,0,0,0,0,327936,128,611,1451,1854583340,430095404,681664,0
681,1116864,0,0,0,4352,8768,313984,329536,460224,440256,673280,0,1216,308736,0,0,0,0,0,0,0,0,0,0,0,0,0,0,329408,128,614,1452,1189363146,4076793194,664512,0
682,1116672,0,0,0,5248,8704,315904,326976,459840,440000,673280,0,1280,310656,0,0,0,0,0,0,0,0,0,0,0,0,0,0,326848,128,614,1450,2600517446,2057105227,664576,0
683,1117696,0,0,0,5312,23104,452800,419904,216576,195904,918336,0,1280,447552,0,0,0,0,0,0,0,0,0,0,0,0,0,0,419840,64,609,1454,852649811,3895190118,895232,0
684,1115648,0,0,0,7040,24128,264256,358848,461376,435968,676096,0,1216,259008,0,0,0,0,0,0,0,0,0,0,0,0,0,0,358720,128,610,1456,146524216,2176591677,651968,0
685,1116736,0,0,0,6080,22912,235840,347776,504128,484416,628864,0,1088,230720,0,0,0,0,0,0,0,0,0,0,0,0,0,0,347648,128,605,1447,1253569013,2678116021,605952,0
686,1116672,0,0,0,5376,9920,229824,340864,530688,510784,602432,0,1152,224640,0,0,0,0,0,0,0,0,0,0,0,0,0,0,340736,128,605,1441,1587066847,3314340421,592512,0
687,1116608,0,0,0,4032,8640,243904,369856,490176,470464,642752,0,1216,238656,0,0,0,0,0,0,0,0,0,0,0,0,0,0,369728,128,609,1454,1196399777,3239896574,634112,0
688,1116864,0,0,0,4032,8640,276864,343296,484032,464192,649216,0,1088,271680,0,0,0,0,0,0,0,0,0,0,0,0,0,0,343232,64,612,1457,2187219127,1295785488,640576,0
689,1116736,0,0,0,4096,8704,324224,388224,391488,371776,741504,0,1152,318976,0,0,0,0,0,0,0,0,0,0,0,0,0,0,388096,128,613,1458,3936571863,2949070448,732800,0
690,1116736,0,0,0,6016,8768,320832,351680,429440,409728,703488,0,1216,315648,0,0,0,0,0,0,0,0,0,0,0,0,0,0,351552,128,608,1431,3061303640,1396163296,694720,0
691,1116736,0,0,0,5888,8768,304896,318464,478720,458944,654336,0,1152,299712,0,0,0,0,0,0,0,0,0,0,0,0,0,0,318336,128,618,1445,4223535079,546004361,645568,0
692,1116992,0,0,0,5184,8576,305088,303488,494656,474496,639104,0,1280,299584,0,0,0,0,0,0,0,0,0,0,0,0,0,0,303360,128,608,1425,730980423,2562114941,630528,0
693,1116480,0,0,0,3968,8576,273728,313280,516928,497216,615808,0,1216,268608,0,0,0,0,0,0,0,0,0,0,0,0,0,0,313152,128,603,1417,3845529376,2364693307,607232,0
694,1116992,0,0,0,3968,8640,296000,310976,497408,477632,635904,0,1216,290688,0,0,0,0,0,0,0,0,0,0,0,0,0,0,310848,128,599,1416,4039873512,1871552629,627264,0
695,1116736,0,0,0,3968,8640,306880,312640,484608,464768,648512,0,1216,301632,0,0,0,0,0,0,0,0,0,0,0,0,0,0,312512,128,592,1409,1531713759,4213851663,639872,0
696,1116736,0,0,0,3904,8832,317440,333760,452800,432896,680384,0,1152,312256,0,0,0,0,0,0,0,0,0,0,0,0,0,0,333632,128,596,1416,119454614,1763750506,671552,0
697,1116992,0,0,0,10752,8768,469056,385152,243264,223232,890304,0,1216,463808,0,0,0,0,0,0,0,0,0,0,0,0,0,0,385024,128,582,1391,1356049884,315731193,881536,0
698,1676800,0,0,0,11264,23744,723328,423936,494528,474368,1198912,0,2944,713280,0,0,0,0,0,0,0,0,0,0,0,0,0,0,423872,64,604,1446,1996596241,1183523918,1175168,0
699,1116864,0,0,0,9472,23936,390848,420096,272512,252544,860608,0,1280,385408,0,0,0,0,0,0,0,0,0,0,0,0,0,0,419968,128,592,1425,3680525658,1140824569,836672,0
700,1116480,0,0,0,4544,23296,367552,409280,311808,286336,826752,0,1216,362304,0,0,0,0,0,0,0,0,0,0,0,0,0,0,409152,128,599,1439,1628466199,1540619727,803456,0
701,1116864,0,0,0,4352,24768,376000,405952,305792,285824,827584,0,1216,370752,0,0,0,0,0,0,0,0,0,0,0,0,0,0,405824,128,599,1432,89696894,292277788,802816,0
702,1116736,0,0,0,4352,8768,274048,406336,423232,403392,709888,0,1216,268800,0,0,0,0,0,0,0,0,0,0,0,0,0,0,406208,128,599,1432,1436962604,2364555382,701120,0
703,1116672,0,0,0,4416,8704,274048,396480,433024,412992,700224,0,1216,268800,0,0,0,0,0,0,0,0,0,0,0,0,0,0,396352,128,597,1431,2830426395,1779351011,691520,0
704,1678464,0,0,0,10944,8768,621760,471424,565568,544960,1129984,0,1216,616448,0,0,0,0,0,0,0,0,0,0,0,0,0,0,471296,128,601,1450,3554321363,218810698,1121216,0
705,1115200,0,0,0,6912,8704,374720,404864,320000,299968,811712,0,1216,369472,0,0,0,0,0,0,0,0,0,0,0,0,0,0,404800,64,610,1459,301700761,475474210,803008,0
706,1116864,0,0,0,7616,8704,423040,468032,209472,189376,923904,0,1216,417600,0,0,0,0,0,0,0,0,0,0,0,0,0,0,467904,128,602,1495,1189465250,2398995150,915200,0
707,1116608,0,0,0,6080,23616,313792,344704,428416,408384,704768,0,1152,308736,0,0,0,0,0,0,0,0,0,0,0,0,0,0,344576,128,568,1411,720814104,918081923,681152,0
708,1118016,0,0,0,5952,8896,292416,351296,459456,438272,676288,0,1216,287232,0,0,0,0,0,0,0,0,0,0,0,0,0,0,351168,128,535,1320,1341094787,3279235754,667392,0
709,1116800,0,0,0,8896,8896,281792,352128,465088,443904,669440,0,1152,276544,0,0,0,0,0,0,0,0,0,0,0,0,0,0,352000,128,526,1303,3059076382,1808767923,660544,0
710,1116672,0,0,0,9088,8640,295360,358784,444800,423552,689536,0,1152,290048,0,0,0,0,0,0,0,0,0,0,0,0,0,0,358656,128,526,1294,2503408544,3324496158,680896,0
711,1117120,0,0,0,7872,8960,421248,368064,310976,289024,824512,0,1152,415936,0,0,0,0,0,0,0,0,0,0,0,0,0,0,368000,64,515,1290,1453943151,3731737781,815552,0
712,1116352,0,0,0,5632,8832,343744,376512,381632,359808,753152,0,1216,338496,0,0,0,0,0,0,0,0,0,0,0,0,0,0,376384,128,515,1281,1796622533,2529201478,744320,0
713,1116672,0,0,0,6656,8704,295808,360448,445056,423552,689728,0,1216,290688,0,0,0,0,0,0,0,0,0,0,0,0,0,0,360320,128,512,1273,2576614024,1262972271,681024,0
714,1116608,0,0,0,5760,9088,284736,365568,451456,430144,683072,0,1280,279296,0,0,0,0,0,0,0,0,0,0,0,0,0,0,365440,128,518,1290,1332515756,3529333291,673984,0
715,1116672,0,0,0,5824,8768,325696,401536,374848,353728,759552,0,1216,320448,0,0,0,0,0,0,0,0,0,0,0,0,0,0,401408,128,521,1294,2015829893,1627156511,750784,0
716,1117120,0,0,0,5760,9856,284352,366464,450688,423296,690368,0,1152,279168,0,0,0,0,0,0,0,0,0,0,0,0,0,0,366400,64,516,1279,1293657358,2076317755,680512,0
717,1116992,0,0,0,5760,9024,272256,366272,463680,441984,671616,0,1344,266880,0,0,0,0,0,0,0,0,0,0,0,0,0,0,366144,128,506,1255,3645317893,192125237,662592,0
718,1116480,0,0,0,6592,8960,264768,380096,456064,434560,678464,0,1280,259456,0,0,0,0,0,0,0,0,0,0,0,0,0,0,379968,128,504,1253,1884459558,3062653161,669504,0
719,1116544,0,0,0,10240,9216,288576,350720,457792,436160,676928,0,1280,283136,0,0,0,0,0,0,0,0,0,0,0,0,0,0,350592,128,505,1256,782805790,4243737122,667712,0
720,1117184,0,0,0,5824,8576,327680,367296,407808,386048,727744,0,1280,322368,0,0,0,0,0,0,0,0,0,0,0,0,0,0,367168,128,501,1248,227193636,3495292682,719168,0
721,1116608,0,0,0,5824,8896,263872,349504,488512,467072,646080,0,1152,258816,0,0,0,0,0,0,0,0,0,0,0,0,0,0,349376,128,502,1247,2469628387,269354139,637184,0
722,1116928,0,0,0,5888,8960,339072,347072,415936,394560,718912,0,1216,333760,0,0,0,0,0,0,0,0,0,0,0,0,0,0,346944,128,514,1261,2780372797,895646744,709952,0
723,1116672,0,0,0,5952,8704,289152,345088,467776,445952,667264,0,1216,284032,0,0,0,0,0,0,0,0,0,0,0,0,0,0,344960,128,514,1261,309061533,1369344423,658560,0
724,1116608,0,0,0,5888,8704,285952,346624,469440,448128,665024,0,1344,280512,0,0,0,0,0,0,0,0,0,0,0,0,0,0,346496,128,519,1265,2340595311,4269213208,656320,0
725,1116736,0,0,0,5952,9024,314496,347200,440064,418688,694528,0,1216,309248,0,0,0,0,0,0,0,0,0,0,0,0,0,0,347136,64,511,1251,3388339935,328679217,685504,0
726,1116736,0,0,0,5888,8640,287616,346560,468032,446592,666688,0,1344,282368,0,0,0,0,0,0,0,0,0,0,0,0,0,0,346496,64,519,1265,3147582458,2674996983,658048,0
727,1116800,0,0,0,5952,9024,300160,344064,457600,436288,677056,0,1344,294656,0,0,0,0,0,0,0,0,0,0,0,0,0,0,343936,128,517,1269,2688623583,2671178121,668032,0
728,1117248,0,0,0,17344,8768,417280,356224,317632,295552,818240,0,1152,412032,0,0,0,0,0,0,0,0,0,0,0,0,0,0,356096,128,522,1279,1610331999,872354667,809472,0
729,1116352,0,0,0,7808,9152,294272,361024,444096,422720,689984,0,1152,289088,0,0,0,0,0,0,0,0,0,0,0,0,0,0,360896,128,527,1285,1308669513,427747438,680832,0
730,1116736,0,0,0,7168,8704,307072,362496,431296,409856,703360,0,1152,301952,0,0,0,0,0,0,0,0,0,0,0,0,0,0,362368,128,525,1288,1852610950,3254191384,694656,0
731,1116800,0,0,0,5824,10240,288640,359232,452864,431040,682304,0,1088,283584,0,0,0,0,0,0,0,0,0,0,0,0,0,0,359168,64,522,1278,3137923259,1814894403,672064,0
732,1116928,0,0,0,6656,8576,344320,361728,395648,368128,745408,0,1216,339072,0,0,0,0,0,0,0,0,0,0,0,0,0,0,361600,128,517,1266,1125728727,2492238749,736832,0
733,1116864,0,0,0,5824,8640,348224,415360,338816,317056,796352,0,1280,342912,0,0,0,0,0,0,0,0,0,0,0,0,0,0,415296,64,515,1259,3983781957,2135178783,787712,0
734,1116096,0,0,0,5888,8640,306176,361088,434304,413056,699584,0,1280,300800,0,0,0,0,0,0,0,0,0,0,0,0,0,0,360960,128,513,1260,1528699230,1679566602,690944,0
735,1117504,0,0,0,7808,9280,443968,378176,278272,256640,857216,0,1152,438848,0,0,0,0,0,0,0,0,0,0,0,0,0,0,378048,128,509,1264,341082338,1955366564,847936,0
736,1116160,0,0,0,8128,8640,309376,347008,443008,421440,691136,0,1152,304256,0,0,0,0,0,0,0,0,0,0,0,0,0,0,346944,64,510,1265,2899685409,951016359,682496,0
737,1116800,0,0,0,12288,23744,450112,369600,261056,239296,873984,0,1216,444800,0,0,0,0,0,0,0,0,0,0,0,0,0,0,369472,128,509,1249,1425879166,3929161398,850240,0
738,1116736,0,0,0,7936,8768,333888,363968,402176,380544,732736,0,1280,328512,0,0,0,0,0,0,0,0,0,0,0,0,0,0,363840,128,511,1242,2052958574,3178927864,723968,0
739,1116992,0,0,0,7040,8768,441280,376064,283840,261824,851584,0,1216,436032,0,0,0,0,0,0,0,0,0,0,0,0,0,0,376000,64,501,1240,2600959219,1370063071,842816,0
740,1116608,0,0,0,6592,8832,314112,362944,424128,402432,710720,0,1216,308608,0,0,0,0,0,0,0,0,0,0,0,0,0,0,362880,64,504,1245,1624438423,4083387236,701888,0
741,1116608,0,0,0,5760,8704,362688,363712,375744,354304,758912,0,1216,357440,0,0,0,0,0,0,0,0,0,0,0,0,0,0,363584,128,520,1265,754044623,977565584,750208,0
742,1116800,0,0,0,5760,8768,340096,358912,403264,381632,731712,0,1216,334976,0,0,0,0,0,0,0,0,0,0,0,0,0,0,358784,128,515,1246,1906216141,1037608727,722944,0
743,1116736,0,0,0,7808,8640,384320,351936,364032,342336,771072,0,1216,379136,0,0,0,0,0,0,0,0,0,0,0,0,0,0,351872,64,519,1248,3426583876,3364603162,762432,0
744,1116864,0,0,0,6912,8832,379968,347136,374016,352128,761216,0,1152,374848,0,0,0,0,0,0,0,0,0,0,0,0,0,0,347008,128,523,1263,874382623,3304315222,752384,0
745,1116544,0,0,0,10176,8640,380416,355008,362304,340480,772608,0,1216,375296,0,0,0,0,0,0,0,0,0,0,0,0,0,0,354880,128,523,1267,883117783,1584713019,763968,0
746,1116800,0,0,0,5952,10048,349504,355712,395584,374144,739264,0,1280,344320,0,0,0,0,0,0,0,0,0,0,0,0,0,0,355584,128,523,1261,374836714,2291030721,729216,0
747,1116864,0,0,0,7808,8832,367872,349632,382720,361088,752256,0,1088,362752,0,0,0,0,0,0,0,0,0,0,0,0,0,0,349504,128,529,1285,3690476149,1135417455,743424,0
748,1116416,0,0,0,7808,9152,370688,356864,371904,345344,767488,0,1216,365376,0,0,0,0,0,0,0,0,0,0,0,0,0,0,356736,128,531,1281,544946278,3818972471,758336,0
749,1117184,0,0,0,5824,8768,346048,358080,398464,377088,736640,0,1280,340544,0,0,0,0,0,0,0,0,0,0,0,0,0,0,357952,128,534,1285,4170060330,854638484,727872,0
750,1116800,0,0,0,7552,8960,395904,374528,329856,308416,804992,0,1216,390656,0,0,0,0,0,0,0,0,0,0,0,0,0,0,374464,64,524,1278,3332284824,3419125086,796032,0
751,1116480,0,0,0,5760,8768,303232,364800,433920,412672,700352,0,1088,298112,0,0,0,0,0,0,0,0,0,0,0,0,0,0,364672,128,527,1266,3505511283,1215819515,691584,0
752,1116800,0,0,0,5888,8576,352448,364352,385536,364160,749312,0,1216,347136,0,0,0,0,0,0,0,0,0,0,0,0,0,0,364224,128,536,1293,2364039730,4117229836,740736,0
753,1116608,0,0,0,7808,8896,347648,351616,400640,378944,734208,0,1216,342336,0,0,0,0,0,0,0,0,0,0,0,0,0,0,351488,128,518,1250,5914643,2659024178,725312,0
754,1117504,0,0,0,11776,8640,471808,396224,229056,206720,907264,0,1152,466688,0,0,0,0,0,0,0,0,0,0,0,0,0,0,396160,64,512,1260,4015460915,492841040,898624,0
755,1116032,0,0,0,8000,9024,401472,397056,300480,278720,833728,0,1152,396288,0,0,0,0,0,0,0,0,0,0,0,0,0,0,396928,128,510,1264,4025948881,699433945,824704,0
756,1116544,0,0,0,5760,8832,438720,371968,291264,269376,843776,0,1152,433600,0,0,0,0,0,0,0,0,0,0,0,0,0,0,371840,128,514,1281,3442244725,1647748329,834944,0
757,1116864,0,0,0,7744,9024,484288,385280,230528,208960,904320,0,1216,479040,0,0,0,0,0,0,0,0,0,0,0,0,0,0,385152,128,514,1281,1636531119,3969087041,895296,0
758,1116928,0,0,0,7936,9152,663168,379904,56768,35008,1078400,0,1216,657792,0,0,0,0,0,0,0,0,0,0,0,0,0,0,379776,128,521,1291,695669907,2099256977,1069248,0
759,1116480,0,0,0,6848,8896,486912,386624,227200,205824,907072,0,1216,481664,0,0,0,0,0,0,0,0,0,0,0,0,0,0,386496,128,513,1275,2062840982,3452651446,898176,0
760,1117440,0,0,0,5632,9152,532224,394944,175488,153600,960000,0,1152,527104,0,0,0,0,0,0,0,0,0,0,0,0,0,0,394816,128,519,1284,1291485985,2320421089,950848,0
761,1116160,0,0,0,5632,9664,657280,376896,66688,44992,1067776,0,1088,652224,0,0,0,0,0,0,0,0,0,0,0,0,0,0,376768,128,510,1271,704789789,3318717693,1058112,0
762,1117056,0,0,0,5760,8832,481728,357696,263040,241472,872128,0,1216,476416,0,0,0,0,0,0,0,0,0,0,0,0,0,0,357568,128,507,1267,2443056360,3765190467,863296,0
763,1116672,0,0,0,5696,8896,465472,360960,275648,254016,859200,0,1280,460224,0,0,0,0,0,0,0,0,0,0,0,0,0,0,360832,128,526,1300,1364759828,1671214622,850304,0
764,1116672,0,0,0,5824,8768,494272,363392,244416,216832,896448,0,1216,489024,0,0,0,0,0,0,0,0,0,0,0,0,0,0,363264,128,523,1295,1777008423,3612358766,887680,0
765,1116736,0,0,0,6976,8896,467264,354176,279424,257984,855168,0,1088,462144,0,0,0,0,0,0,0,0,0,0,0,0,0,0,354048,128,524,1290,3074098956,2367765253,846272,0
766,1116736,0,0,0,10496,8768,457024,371648,268800,244096,869056,0,1152,451776,0,0,0,0,0,0,0,0,0,0,0,0,0,0,371520,128,520,1289,695279830,1581984235,860288,0
767,1116736,0,0,0,5696,23488,344832,341312,401408,379776,733504,0,1216,339584,0,0,0,0,0,0,0,0,0,0,0,0,0,0,341184,128,514,1274,2064317,90446403,710016,0
768,1116352,0,0,0,7552,9152,340224,342976,416448,395072,717696,0,1280,334912,0,0,0,0,0,0,0,0,0,0,0,0,0,0,342848,128,522,1278,2740868337,2698036926,708544,0
769,1116736,0,0,0,7616,9088,351296,338112,410624,389376,723712,0,1152,346112,0,0,0,0,0,0,0,0,0,0,0,0,0,0,337984,128,501,1252,2726711025,3329381741,714624,0
770,1116672,0,0,0,6848,8832,296384,365440,439168,417600,695488,0,1216,291200,0,0,0,0,0,0,0,0,0,0,0,0,0,0,365312,128,509,1266,1888335907,1241578504,686656,0
771,1116672,0,0,0,6464,8896,415936,378560,306816,285440,827840,0,1280,410560,0,0,0,0,0,0,0,0,0,0,0,0,0,0,378432,128,505,1256,2071126890,2346006677,818944,0
772,1116864,0,0,0,8704,9024,324032,347264,427840,403904,709184,0,2048,317952,0,0,0,0,0,0,0,0,0,0,0,0,0,0,347136,128,514,1288,2594483985,2899956214,700160,0
773,1116736,0,0,0,7488,9024,332544,343552,424128,402560,710720,0,1280,327360,0,0,0,0,0,0,0,0,0,0,0,0,0,0,343424,128,513,1268,1354048404,2398671844,701696,0
774,1117056,0,0,0,8128,9152,392576,368768,338432,316544,796864,0,1216,387264,0,0,0,0,0,0,0,0,0,0,0,0,0,0,368640,128,525,1293,459875362,690033886,787712,0
775,1116416,0,0,0,5376,8768,329600,352384,420288,398848,714048,0,1216,324416,0,0,0,0,0,0,0,0,0,0,0,0,0,0,352256,128,516,1318,2773238891,2486150326,705280,0
776,1116928,0,0,0,5632,8640,337600,351744,413312,391488,721984,0,1216,332416,0,0,0,0,0,0,0,0,0,0,0,0,0,0,351616,128,535,1370,3046180965,2609996346,713344,0
777,1117184,0,0,0,6272,10048,462208,354048,284608,262848,850880,0,1152,456832,0,0,0,0,0,0,0,0,0,0,0,0,0,0,353920,128,589,1518,183673005,2091612452,840832,0
778,1676544,0,0,0,5504,8704,436992,812992,412352,390912,1282176,0,1216,431808,0,0,0,0,0,0,0,0,0,0,0,0,0,0,812864,128,609,1523,2767931284,2641976228,1273472,0
779,1116544,0,0,0,5440,8768,361728,364096,376512,355392,757760,0,1152,356608,0,0,0,0,0,0,0,0,0,0,0,0,0,0,363968,128,603,1471,3557924250,4200561836,748992,0
780,1116736,0,0,0,10816,8896,541184,376704,179136,152064,961152,0,1216,535872,0,0,0,0,0,0,0,0,0,0,0,0,0,0,376576,128,613,1473,758307756,3937978042,952256,0
781,1116928,0,0,0,4032,8896,421888,368576,313536,291968,821504,0,1216,416704,0,0,0,0,0,0,0,0,0,0,0,0,0,0,368512,64,627,1504,917871190,1978767361,812608,0
782,1116992,0,0,0,3968,8768,432704,354752,316800,295168,818432,0,1216,427392,0,0,0,0,0,0,0,0,0,0,0,0,0,0,354624,128,629,1496,2434706903,1297412177,809664,0
783,1116608,0,0,0,4032,8640,397184,400960,305792,284352,828800,0,1216,391872,0,0,0,0,0,0,0,0,0,0,0,0,0,0,400896,64,634,1505,57653753,1640274540,820160,0
784,1116672,0,0,0,4800,8704,435712,380288,287168,265664,847616,0,1152,430528,0,0,0,0,0,0,0,0,0,0,0,0,0,0,380160,128,638,1519,2235650142,3010697454,838912,0
785,1117056,0,0,0,5632,8768,414080,366912,321664,300096,813568,0,1280,408768,0,0,0,0,0,0,0,0,0,0,0,0,0,0,366848,64,632,1511,3405319097,1238429498,804800,0
786,1117440,0,0,0,4992,8896,436224,467200,200128,178176,935744,0,1280,430976,0,0,0,0,0,0,0,0,0,0,0,0,0,0,467072,128,637,1520,1090019554,2959361367,926848,0
787,1116160,0,0,0,6016,8832,316288,394688,390336,368704,743936,0,1152,310976,0,0,0,0,0,0,0,0,0,0,0,0,0,0,394560,128,634,1510,3642389118,604470455,735104,0
788,1116608,0,0,0,5184,8704,317440,383552,401728,380224,732864,0,1344,312000,0,0,0,0,0,0,0,0,0,0,0,0,0,0,383488,64,632,1506,737552799,125937472,724160,0
789,1116992,0,0,0,5888,8640,325824,396992,379648,358080,755520,0,1152,320768,0,0,0,0,0,0,0,0,0,0,0,0,0,0,396864,128,631,1500,4076142923,3912244722,746880,0
790,1116352,0,0,0,5824,8576,424064,404672,273216,251712,861248,0,1280,418816,0,0,0,0,0,0,0,0,0,0,0,0,0,0,404544,128,628,1491,2631451814,165011805,852672,0
791,1116736,0,0,0,4416,8640,532672,415104,155904,134144,979136,0,1152,527424,0,0,0,0,0,0,0,0,0,0,0,0,0,0,415040,64,627,1506,2711460169,1798784845,970496,0
792,1677248,0,0,0,9664,25216,758656,438272,445440,423616,1250112,0,1216,753408,0,0,0,0,0,0,0,0,0,0,0,0,0,0,438208,64,642,1533,2409145514,3167681648,1224896,0
793,1116544,0,0,0,4672,23872,484992,412416,190592,168960,944128,0,1152,479744,0,0,0,0,0,0,0,0,0,0,0,0,0,0,412288,128,637,1516,2263138229,155789363,920256,0
794,1116416,0,0,0,3840,24256,412672,392704,282944,261632,851328,0,1216,407424,0,0,0,0,0,0,0,0,0,0,0,0,0,0,392576,128,640,1524,2350170501,2729655857,827072,0
795,1116992,0,0,0,3840,8512,406464,405120,293056,271680,841920,0,1216,401088,0,0,0,0,0,0,0,0,0,0,0,0,0,0,405056,64,642,1538,2907623539,347206880,833408,0
796,1116864,0,0,0,3840,8576,415424,418944,270080,242688,870720,0,1216,410240,0,0,0,0,0,0,0,0,0,0,0,0,0,0,418880,64,643,1538,2630298718,4245129872,862144,0
797,1116800,0,0,0,3840,23808,467456,431168,190528,168896,944448,0,1152,462336,0,0,0,0,0,0,0,0,0,0,0,0,0,0,431040,128,643,1532,1325366913,1882784277,920640,0
798,1116928,0,0,0,3840,8768,496000,451968,156352,134784,978816,0,1152,490688,0,0,0,0,0,0,0,0,0,0,0,0,0,0,451904,64,634,1519,628382609,778861973,970048,0
799,1676736,0,0,0,9536,9536,523584,558720,575360,547520,1125504,0,1280,518336,0,0,0,0,0,0,0,0,0,0,0,15168,0,0,558656,64,644,1548,964074350,1375650928,1115968,0
800,1118080,0,0,0,3968,8896,523392,474816,107008,85376,1028928,0,1216,518016,0,0,0,0,0,0,0,0,0,0,0,0,0,0,474688,128,650,1575,2906727021,4038419289,1020032,0
801,1116992,0,0,0,3968,9408,556544,447936,99136,77312,1035840,0,1216,551360,0,0,0,0,0,0,0,0,0,0,0,0,0,0,447808,128,656,1589,899556857,2466682318,1026432,0
802,1116544,0,0,0,3968,9024,502336,447552,153664,132352,980416,0,1216,497152,0,0,0,0,0,0,0,0,0,0,0,0,0,0,447424,128,650,1583,1544471762,2305672507,971392,0
803,1117056,0,0,0,4032,9216,427072,457600,219136,197376,915840,0,1216,421824,0,0,0,0,0,0,0,0,0,0,0,0,0,0,457536,64,656,1583,1195781544,189486412,906624,0
804,1116096,0,0,0,4032,9216,402688,445248,254912,233408,878912,0,1152,397504,0,0,0,0,0,0,0,0,0,0,0,0,0,0,445120,128,656,1588,2974076554,3542319633,869696,0
805,1116480,0,0,0,6016,9216,387840,437824,275584,254080,858560,0,1280,382528,0,0,0,0,0,0,0,0,0,0,0,0,0,0,437760,64,642,1551,1744354221,56851089,849344,0
806,1116992,0,0,0,6016,9216,405248,413184,283328,261824,851392,0,1280,399936,0,0,0,0,0,0,0,0,0,0,0,0,0,0,413056,128,633,1532,3809763200,4158914073,842176,0
807,1115968,0,0,0,5184,9984,399744,401984,299072,277632,834560,0,1216,394368,0,0,0,0,0,0,0,0,0,0,0,0,0,0,401856,128,632,1538,3097043994,3170947024,824576,0
808,1116736,0,0,0,8064,9216,433792,465792,199872,178240,934592,0,1152,428608,0,0,0,0,0,0,0,0,0,0,0,0,0,0,465664,128,631,1535,2736580715,611047909,925376,0
809,1117376,0,0,0,4096,9152,378176,401344,324608,303232,810240,0,1152,372928,0,0,0,0,0,0,0,0,0,0,0,0,0,0,401216,128,633,1532,78451952,3919853695,801088,0
810,1116160,0,0,0,4096,9280,353984,396288,352512,331200,781120,0,1216,348608,0,0,0,0,0,0,0,0,0,0,0,0,0,0,396160,128,625,1512,1013282444,2658218174,771840,0
811,1116736,0,0,0,6016,9344,351424,428864,321088,299648,813248,0,1216,346112,0,0,0,0,0,0,0,0,0,0,0,0,0,0,428736,128,622,1503,3058308923,2440717993,803904,0
812,1117184,0,0,0,5248,9088,364608,381824,356416,334848,778496,0,1216,359488,0,0,0,0,0,0,0,0,0,0,0,0,0,0,381760,64,615,1490,1016335278,142816134,769408,0
813,1116544,0,0,0,4032,9088,363200,392320,347904,320704,792000,0,1152,357888,0,0,0,0,0,0,0,0,0,0,0,0,0,0,392192,128,618,1504,3650918288,2355424244,782912,0
814,1116608,0,0,0,4032,9088,378368,404928,320192,299008,813760,0,1152,373120,0,0,0,0,0,0,0,0,0,0,0,0,0,0,404800,128,625,1522,1139634492,1031154930,804672,0
815,1117312,0,0,0,4800,9088,460352,418176,224896,203072,910400,0,1216,455104,0,0,0,0,0,0,0,0,0,0,0,0,0,0,418048,128,628,1526,699044668,4267199196,901312,0
816,1116608,0,0,0,5056,9024,567488,487232,47808,26496,1086272,0,1152,562240,0,0,0,0,0,0,0,0,0,0,0,0,0,0,487104,128,629,1527,2214321110,3432748158,1077248,0
817,1676736,0,0,0,4352,9216,685184,491392,486592,465088,1207744,0,1216,679872,0,0,0,0,0,0,0,0,0,0,0,0,0,0,491264,128,628,1530,2907717658,1026120430,1198528,0
818,1116672,0,0,0,6592,9024,499712,436736,164608,143296,969472,0,1216,494400,0,0,0,0,0,0,0,0,0,0,0,0,0,0,436608,128,639,1552,3993966982,767645707,960448,0
819,1116864,0,0,0,7488,9024,542400,468224,89728,67648,1045312,0,1216,537088,0,0,0,0,0,0,0,0,0,0,0,0,0,0,468096,128,630,1534,2520630235,871844531,1036288,0
820,1116608,0,0,0,8064,9024,510080,455168,134272,112576,1000000,0,1216,504768,0,0,0,0,0,0,0,0,0,0,0,0,0,0,455040,128,640,1546,2969159402,2210260231,990976,0
821,1116928,0,0,0,5184,9280,505024,461504,135936,113728,999296,0,1216,499776,0,0,0,0,0,0,0,0,0,0,0,0,0,0,461376,128,629,1526,2419881023,2611954040,990016,0
822,1116544,0,0,0,4032,10240,541568,460800,99904,78528,1034176,0,1152,536512,0,0,0,0,0,0,0,0,0,0,0,0,0,0,460672,128,621,1517,1180519928,415939593,1023936,0
823,1116608,0,0,0,4032,9152,540096,450240,113088,91648,1021184,0,1216,534976,0,0,0,0,0,0,0,0,0,0,0,0,0,0,450112,128,629,1518,1234580498,2852949807,1012032,0
824,1116928,0,0,0,3904,9216,511488,461568,130752,109248,1003840,0,1216,506240,0,0,0,0,0,0,0,0,0,0,0,0,0,0,461440,128,638,1549,455561847,438465684,994624,0
825,1116480,0,0,0,4032,9344,508480,453568,141056,119744,992768,0,1280,503168,0,0,0,0,0,0,0,0,0,0,0,0,0,0,453440,128,635,1544,4044926430,4261119517,983424,0
826,1116864,0,0,0,4032,9216,587392,445312,70912,49216,1063808,0,1152,582144,0,0,0,0,0,0,0,0,0,0,0,0,0,0,445248,64,628,1525,1195984505,1726408005,1054592,0
827,1116864,0,0,0,4096,23808,478720,402048,208192,186880,926208,0,1216,473472,0,0,0,0,0,0,0,0,0,0,0,0,0,0,401920,128,637,1534,3041086237,10808540,902400,0
828,1116736,0,0,0,4096,8960,428992,401536,273152,251520,861504,0,1152,423936,0,0,0,0,0,0,0,0,0,0,0,0,0,0,401472,64,636,1516,1496406392,92736322,852544,0
829,1116672,0,0,0,4096,9216,403072,404480,295808,268544,844352,0,1152,397888,0,0,0,0,0,0,0,0,0,0,0,0,0,0,404352,128,639,1539,3822615101,2534198240,835136,0
830,1117376,0,0,0,9600,9280,459456,433536,205504,183808,929600,0,1216,454144,0,0,0,0,0,0,0,0,0,0,0,0,0,0,433408,128,629,1551,3828577035,2005671770,920320,0
831,1116224,0,0,0,4288,9472,336256,403584,362624,341248,771136,0,1152,331136,0,0,0,0,0,0,0,0,0,0,0,0,0,0,403456,128,633,1558,697593087,4241902447,761664,0
832,1116736,0,0,0,4352,9088,343936,395264,364096,342784,770048,0,1152,338624,0,0,0,0,0,0,0,0,0,0,0,0,0,0,395136,128,624,1559,2290190477,1230618,760960,0
833,1115392,0,0,0,6144,8896,369280,388736,342336,322304,789312,0,1152,364160,0,0,0,0,0,0,0,0,0,0,0,0,0,0,388672,64,634,1560,1321576566,844290953,780416,0
834,1116544,0,0,0,6208,9088,397312,382208,321728,301312,811328,0,1280,392064,0,0,0,0,0,0,0,0,0,0,0,0,0,0,382080,128,621,1539,2188518299,434484712,802240,0
835,1116672,0,0,0,4160,9152,402688,388480,312192,292544,820224,0,1216,397504,0,0,0,0,0,0,0,0,0,0,0,0,0,0,388352,128,626,1536,269667833,893743245,811072,0
836,1116736,0,0,0,9152,9024,604352,467392,26816,7104,1105664,0,1152,599168,0,0,0,0,0,0,0,0,0,0,0,0,0,0,467328,64,620,1516,250939674,4248568613,1096640,0
837,1117312,0,0,0,5248,9152,468544,435264,199104,179136,934208,0,1216,463232,0,0,0,0,0,0,0,0,0,0,0,0,0,0,435136,128,626,1521,670046874,1430009878,925056,0
838,1116224,0,0,0,4480,10048,478976,408640,214080,194048,918336,0,1152,473920,0,0,0,0,0,0,0,0,0,0,0,0,0,0,408576,64,618,1521,1999594366,2851591534,908288,0
839,1116672,0,0,0,6528,9088,492864,413312,194880,175168,937600,0,1216,487552,0,0,0,0,0,0,0,0,0,0,0,0,0,0,413184,128,622,1542,4256682919,2913290108,928512,0
840,1118272,0,0,0,6720,8896,536128,408512,158016,136576,977920,0,1216,531008,0,0,0,0,0,0,0,0,0,0,0,0,0,0,408448,64,637,1549,3341545320,2127613625,969024,0
841,1116736,0,0,0,6912,9344,507712,415488,177280,155840,956992,0,1280,502336,0,0,0,0,0,0,0,0,0,0,0,0,0,0,415424,64,637,1538,1877980831,729749813,947648,0
842,1116608,0,0,0,6208,9152,504320,401920,195008,173568,939200,0,1216,499136,0,0,0,0,0,0,0,0,0,0,0,0,0,0,401792,128,635,1533,2301493401,1752950922,930048,0
843,1116480,0,0,0,6976,9344,496704,405824,197632,176256,936192,0,1216,491392,0,0,0,0,0,0,0,0,0,0,0,0,0,0,405696,128,633,1539,3596900466,2978686392,926848,0
844,1677248,0,0,0,6400,9088,640640,439360,581760,559552,1113792,0,1280,635328,0,0,0,0,0,0,0,0,0,0,0,0,0,0,439232,128,630,1533,2324586720,2283345986,1104704,0
845,1116800,0,0,0,6144,9344,410176,420032,271104,244096,868800,0,1216,404928,0,0,0,0,0,0,0,0,0,0,0,0,0,0,419904,128,621,1517,1461217840,2078273763,859456,0
846,1116928,0,0,0,6016,9280,549696,426752,125184,103680,1009280,0,1152,544576,0,0,0,0,0,0,0,0,0,0,0,0,0,0,426624,128,621,1522,162229232,946307841,1000000,0
847,1116800,0,0,0,7040,9024,426816,409024,264896,242944,869952,0,1280,421568,0,0,0,0,0,0,0,0,0,0,0,0,0,0,408960,64,603,1489,2804200553,1552781714,860928,0
848,1116672,0,0,0,6912,9152,452096,411008,237504,216000,896704,0,1216,446976,0,0,0,0,0,0,0,0,0,0,0,0,0,0,410880,128,596,1495,3394021624,2734352298,887552,0
849,1116672,0,0,0,5056,9280,470528,403136,228672,207424,905344,0,1280,465216,0,0,0,0,0,0,0,0,0,0,0,0,0,0,403008,128,610,1516,3473353365,4192583665,896064,0
850,1116736,0,0,0,3968,9024,595776,478784,29184,7808,1105152,0,1216,590592,0,0,0,0,0,0,0,0,0,0,0,0,0,0,478656,128,609,1514,1354927596,4063950077,1096128,0
851,1116928,0,0,0,3904,9152,447680,387712,268480,247040,866048,0,1216,442432,0,0,0,0,0,0,0,0,0,0,0,0,0,0,387648,64,615,1519,3777870663,1847777550,856896,0
852,1677376,0,0,0,16704,12480,677824,417408,552960,527104,1142912,0,2624,668032,0,0,0,0,0,0,0,0,0,0,0,0,0,0,417280,128,611,1513,2185950936,917562119,1130432,0
853,1116288,0,0,0,3968,10240,489088,434624,178368,156480,955968,0,1216,483904,0,0,0,0,0,0,0,0,0,0,0,0,0,0,434560,64,615,1517,1983741427,774009403,945728,0
854,1676864,0,0,0,23040,9984,715584,463168,465088,443072,1228992,0,3008,705088,0,0,0,0,0,0,0,0,0,0,0,0,0,0,463040,128,630,1573,1960610470,2486110654,1219008,0
855,1116928,0,0,0,4224,9408,483584,444992,174720,153280,959424,0,1216,478464,0,0,0,0,0,0,0,0,0,0,0,0,0,0,444864,128,627,1559,1757134699,2194363717,950016,0
856,1115136,0,0,0,5184,9408,517568,437504,145472,125952,985024,0,1216,512256,0,0,0,0,0,0,0,0,0,0,0,0,0,0,437376,128,622,1536,3424937358,1094532660,975616,0
857,1116672,0,0,0,4160,24320,399040,444352,244800,224896,887488,0,1152,393920,0,0,0,0,0,0,0,0,0,0,0,0,0,0,444288,64,612,1519,2059252013,1181634928,863168,0
858,1116800,0,0,0,6080,9408,415424,467328,218560,198720,913856,0,1152,410176,0,0,0,0,0,0,0,0,0,0,0,0,0,0,467200,128,633,1579,1770393318,2595931773,904448,0
859,1116800,0,0,0,6272,9728,407104,640512,53184,33472,1079104,0,1216,401920,0,0,0,0,0,0,0,0,0,0,0,0,0,0,640384,128,653,1637,7844664,2564431690,1069376,0
860,1116864,0,0,0,5312,9600,367104,435584,299264,279424,833088,0,1152,361856,0,0,0,0,0,0,0,0,0,0,0,0,0,0,435456,128,634,1590,1693014776,1240701443,823488,0
861,1117376,0,0,0,4160,9728,530112,446656,126720,100416,1012544,0,1152,524992,0,0,0,0,0,0,0,0,0,0,0,0,0,0,446528,128,634,1593,1680390575,3481158668,1002816,0
862,1117504,0,0,0,4096,9664,592256,461376,50112,29056,1084224,0,1152,586880,0,0,0,0,0,0,0,0,0,0,0,0,0,0,461248,128,640,1600,1528294816,3514154677,1074560,0
863,1116864,0,0,0,4096,9536,475328,447936,179968,158464,954176,0,1152,470080,0,0,0,0,0,0,0,0,0,0,0,0,0,0,447808,128,641,1607,1224636543,2571777525,944640,0
864,1117056,0,0,0,4096,9600,452160,434688,216512,195328,917376,0,1280,446848,0,0,0,0,0,0,0,0,0,0,0,0,0,0,434560,128,627,1561,317185200,408647681,907776,0
865,1116224,0,0,0,4032,9344,432448,429952,240448,219264,892800,0,1216,427072,0,0,0,0,0,0,0,0,0,0,0,0,0,0,429824,128,630,1569,4003630624,2770309386,883456,0
866,1116864,0,0,0,4096,9920,546368,450304,106176,84608,1027968,0,1216,540992,0,0,0,0,0,0,0,0,0,0,0,0,0,0,450176,128,637,1594,2404028727,560379515,1018048,0
867,1116544,0,0,0,4032,9472,528256,458432,116352,94400,1017920,0,1216,523136,0,0,0,0,0,0,0,0,0,0,0,0,0,0,458304,128,645,1626,286379372,540649322,1008448,0
868,1116608,0,0,0,4096,10816,450176,435648,215872,194496,917760,0,1216,444928,0,0,0,0,0,0,0,0,0,0,0,0,0,0,435520,128,635,1576,1609969258,2615560787,906944,0
869,1116928,0,0,0,4032,9536,502976,446720,153664,132096,980608,0,1280,497664,0,0,0,0,0,0,0,0,0,0,0,0,0,0,446592,128,640,1591,3777909076,3558704187,971072,0
870,1116480,0,0,0,5952,9344,511424,472896,116864,95424,1016896,0,1280,506176,0,0,0,0,0,0,0,0,0,0,0,0,0,0,472768,128,657,1640,4065321507,4096873276,1007552,0
871,1116800,0,0,0,6208,9600,468672,470336,161984,140288,972224,0,1280,463424,0,0,0,0,0,0,0,0,0,0,0,0,0,0,470208,128,657,1642,3539687337,2126362189,962624,0
872,1116672,0,0,0,3968,9664,545472,445760,111808,90240,1022144,0,1152,540416,0,0,0,0,0,0,0,0,0,0,0,0,0,0,445632,128,645,1606,1403810932,3120049212,1012480,0
873,1116800,0,0,0,4032,9472,465024,429504,208768,187392,925184,0,1216,459712,0,0,0,0,0,0,0,0,0,0,0,0,0,0,429376,128,640,1586,1893332463,1700384467,915712,0
874,1116800,0,0,0,3968,9472,488704,450112,164544,143552,968896,0,1280,483456,0,0,0,0,0,0,0,0,0,0,0,0,0,0,449920,192,654,1626,1609191264,1114074700,959424,0
875,1116672,0,0,0,3968,9472,427136,458944,217152,194112,918272,0,1216,422016,0,0,0,0,0,0,0,0,0,0,0,0,0,0,458816,128,656,1635,3856696271,3372072517,908800,0
876,1116864,0,0,0,3968,9728,424704,433088,245376,223552,889088,0,1280,419264,0,0,0,0,0,0,0,0,0,0,0,0,0,0,432960,128,641,1586,143838236,2077135265,879360,0
877,1116480,0,0,0,4032,9664,476800,431040,194944,168192,944000,0,1152,471616,0,0,0,0,0,0,0,0,0,0,0,0,0,0,430912,128,645,1605,3396976064,2174507625,934336,0
878,1115328,0,0,0,3968,9472,446656,450176,205056,185472,925632,0,1280,441408,0,0,0,0,0,0,0,0,0,0,0,0,0,0,450048,128,658,1642,4217281315,25059548,916160,0
879,1116608,0,0,0,3968,9344,446016,519232,138048,118080,994304,0,1216,440704,0,0,0,0,0,0,0,0,0,0,0,0,0,0,519168,64,653,1629,3054824863,1425173024,984960,0
880,1677120,0,0,0,9408,10176,586880,792320,278336,252672,1419712,0,1280,581504,0,0,0,0,0,0,0,0,0,0,0,24832,0,0,792192,128,639,1596,1388487837,3883107147,1409536,0
881,1676672,0,0,0,4288,9600,567168,680192,415424,395776,1276352,0,1216,561984,0,0,0,0,0,0,0,0,0,0,0,0,0,0,680064,128,635,1569,1829607310,1191346314,1266752,0
882,1677184,0,0,0,6528,10816,523904,582144,553792,533632,1139072,0,1280,518528,0,0,0,0,0,0,0,0,0,0,0,0,0,0,582080,64,656,1628,2754352798,2391546670,1128256,0
883,1676736,0,0,0,6912,9792,529536,584256,546240,525632,1146432,0,1280,524288,0,0,0,0,0,0,0,0,0,0,0,0,0,0,584128,128,661,1641,2938845630,1375351501,1136640,0
884,1116800,0,0,0,3968,9664,510528,477376,115264,95488,1016768,0,1344,505088,0,0,0,0,0,0,0,0,0,0,0,0,0,0,477248,128,641,1573,1179782155,1742902435,1007104,0
885,1118208,0,0,0,4032,10240,467200,469824,166912,145536,968000,0,1216,461952,0,0,0,0,0,0,0,0,0,0,0,0,0,0,469696,128,646,1588,652084896,809892225,957760,0
886,1116608,0,0,0,3968,9728,396416,510784,195712,174272,937792,0,1216,391232,0,0,0,0,0,0,0,0,0,0,0,0,0,0,510656,128,663,1635,966595984,3262302721,928064,0
887,1116672,0,0,0,4928,24064,415232,527104,145344,124032,988032,0,1344,409920,0,0,0,0,0,0,0,0,0,0,0,0,0,0,526976,128,664,1646,2625796958,3626013689,963968,0
888,1116864,0,0,0,5888,10048,444928,500672,155328,133696,978560,0,1280,439616,0,0,0,0,0,0,0,0,0,0,0,0,0,0,500544,128,635,1582,1203478182,1270018560,968512,0
889,1116160,0,0,0,5056,9984,366208,483712,251200,229760,881792,0,1152,360896,0,0,0,0,0,0,0,0,0,0,0,0,0,0,483584,128,639,1578,1643893119,933880900,871808,0
890,1117120,0,0,0,3904,9984,385792,511040,206400,185152,927360,0,1216,380480,0,0,0,0,0,0,0,0,0,0,0,0,0,0,510976,64,653,1619,851610496,1416283438,917376,0
891,1116480,0,0,0,11648,10176,566016,501824,26816,5568,1106240,0,1152,560832,0,0,0,0,0,0,0,0,0,0,0,0,0,0,501696,128,657,1610,3313819278,163162980,1096064,0
892,1117120,0,0,0,4096,9600,400064,523200,180160,158592,954048,0,1280,394880,0,0,0,0,0,0,0,0,0,0,0,0,0,0,523072,128,648,1566,385301684,2571040386,944448,0
893,1116480,0,0,0,4096,9856,411072,495232,196224,174912,936960,0,1152,405952,0,0,0,0,0,0,0,0,0,0,0,0,0,0,495104,128,640,1567,2843064409,2366865345,927104,0
894,1116864,0,0,0,4096,9728,381632,497856,223552,193536,918848,0,1280,376448,0,0,0,0,0,0,0,0,0,0,0,0,0,0,497728,128,658,1616,780476368,1145843096,909120,0
895,1116608,0,0,0,4096,9792,384576,505792,212352,191104,921024,0,1216,379264,0,0,0,0,0,0,0,0,0,0,0,0,0,0,505664,128,657,1614,3558109477,2608955313,911232,0
896,1116928,0,0,0,4096,9856,365824,479296,257856,236352,875904,0,1152,360704,0,0,0,0,0,0,0,0,0,0,0,0,0,0,479168,128,652,1583,2484005292,3165190235,866048,0
897,1117312,0,0,0,4096,10944,384576,469312,248384,226304,886400,0,1216,379264,0,0,0,0,0,0,0,0,0,0,0,0,0,0,469248,64,645,1564,3993672436,641678125,875456,0
898,1115968,0,0,0,6016,9728,442176,507200,150848,129600,981824,0,1152,436864,0,0,0,0,0,0,0,0,0,0,0,0,0,0,507072,128,655,1593,4140335270,1501499294,972096,0
899,1119488,0,0,0,6016,11328,471040,539200,91904,66176,1048768,0,1216,465600,0,0,0,0,0,0,0,0,0,0,0,0,0,0,539136,64,659,1609,107399319,780695607,1037440,0
900,1114048,0,0,0,6272,9856,371264,486016,240640,219456,889984,0,1216,365888,0,0,0,0,0,0,0,0,0,0,0,0,0,0,485888,128,644,1563,3347502436,1707914550,880128,0
901,1115392,0,0,0,8512,10112,567552,489536,39680,19712,1090944,0,1216,562176,0,0,0,0,0,0,0,0,0,0,0,0,0,0,489408,128,659,1572,1622751887,4164895040,1080832,0
902,1676800,0,0,0,4160,10368,590656,494848,576768,557120,1115072,0,1216,585408,0,0,0,0,0,0,0,0,0,0,0,0,0,0,494720,128,670,1619,3468523624,1691342688,1104704,0
903,1116800,0,0,0,6144,9792,473344,484288,143232,123264,988928,0,1152,468096,0,0,0,0,0,0,0,0,0,0,0,0,0,0,484224,64,661,1604,1709418343,2180295463,979136,0
904,1116736,0,0,0,8448,10176,561408,475392,61312,41088,1070912,0,1280,556032,0,0,0,0,0,0,0,0,0,0,0,0,0,0,475264,128,630,1529,1478145446,503294112,1060736,0
905,1116736,0,0,0,11968,9920,557696,504960,32192,12416,1099776,0,1280,552320,0,0,0,0,0,0,0,0,0,0,0,0,0,0,504832,128,638,1558,3210078040,687935821,1089856,0
906,1116992,0,0,0,5312,9792,444736,494720,162432,142400,970048,0,1344,439424,0,0,0,0,0,0,0,0,0,0,0,0,0,0,494592,128,651,1599,2397752496,3551407875,960256,0
907,1117952,0,0,0,6144,9920,395136,509760,196992,175552,937792,0,1152,389888,0,0,0,0,0,0,0,0,0,0,0,0,0,0,509632,128,647,1586,868711327,1500910150,927872,0
908,1116672,0,0,0,5376,9856,422400,477056,201984,180672,931456,0,1088,417152,0,0,0,0,0,0,0,0,0,0,0,0,0,0,476928,128,624,1524,4026447403,3180310450,921600,0
909,1116928,0,0,0,6144,9664,419264,463168,218688,197376,915008,0,1280,413952,0,0,0,0,0,0,0,0,0,0,0,0,0,0,463040,128,616,1508,2695399582,3373342831,905344,0
910,1116800,0,0,0,6784,9920,513920,510976,75200,47872,1064256,0,1216,508736,0,0,0,0,0,0,0,0,0,0,0,0,0,0,510848,128,636,1567,2140689703,1031947391,1054336,0
911,1116544,0,0,0,5952,9792,471424,568384,60992,39680,1072256,0,1280,466112,0,0,0,0,0,0,0,0,0,0,0,0,0,0,568320,64,636,1573,2622022292,2305532164,1062464,0
912,1116928,0,0,0,5184,11456,356096,468288,275904,254336,857920,0,1216,350784,0,0,0,0,0,0,0,0,0,0,0,0,0,0,468224,64,622,1527,2788902558,612990320,846464,0
913,1116736,0,0,0,4032,9728,392896,462784,247296,225600,886656,0,1152,387776,0,0,0,0,0,0,0,0,0,0,0,0,0,0,462656,128,617,1519,3691799469,1527618007,876928,0
914,1116672,0,0,0,4032,9600,359552,489216,254272,232960,879168,0,1152,354304,0,0,0,0,0,0,0,0,0,0,0,0,0,0,489088,128,627,1554,67559922,974420024,869568,0
915,1116672,0,0,0,4032,9920,367296,503424,232000,210752,901440,0,1216,362048,0,0,0,0,0,0,0,0,0,0,0,0,0,0,503296,128,632,1560,980896271,2691417278,891520,0
916,1116992,0,0,0,4096,10112,401856,533248,167680,145856,966528,0,1152,396736,0,0,0,0,0,0,0,0,0,0,0,0,0,0,533184,64,621,1524,701068141,4063295064,956416,0
917,1116608,0,0,0,8704,24448,445824,470656,166976,144960,967168,0,1280,440384,0,0,0,0,0,0,0,0,0,0,0,0,0,0,470528,128,625,1524,3476718834,1533876536,942720,0
918,1677120,0,0,0,4096,9728,611328,498944,553024,531456,1141056,0,1280,606016,0,0,0,0,0,0,0,0,0,0,0,0,0,0,498816,128,641,1560,3191488881,796731610,1131328,0
919,1116480,0,0,0,6080,10176,531712,489024,79488,58176,1053376,0,1216,526336,0,0,0,0,0,0,0,0,0,0,0,0,0,0,488896,128,645,1564,4058028756,1491579007,1043200,0
920,1116672,0,0,0,6016,9856,483904,432128,184768,163392,948672,0,1280,478528,0,0,0,0,0,0,0,0,0,0,0,0,0,0,432000,128,631,1519,1514260670,2546500298,938816,0
921,1116672,0,0,0,9984,10304,403712,443840,248832,226816,884800,0,1856,397056,0,0,0,0,0,0,0,0,0,0,0,0,0,0,443712,128,627,1513,1377754441,1638706703,874496,0
922,1117184,0,0,0,5888,9792,573376,494464,33664,11456,1101184,0,1216,568192,0,0,0,0,0,0,0,0,0,0,0,0,0,0,494400,64,652,1575,3640867596,2602104594,1091392,0
923,1114880,0,0,0,6464,10048,422976,464256,211136,190848,919360,0,1152,417792,0,0,0,0,0,0,0,0,0,0,0,0,0,0,464128,128,657,1598,2473680336,3156329428,909312,0
924,1116736,0,0,0,5760,9536,551424,449024,100992,81216,1031360,0,1280,546112,0,0,0,0,0,0,0,0,0,0,0,0,0,0,448896,128,640,1540,1976737146,491197050,1021824,0
925,1117760,0,0,0,4352,9280,389632,418496,296000,275520,838080,0,1216,384320,0,0,0,0,0,0,0,0,0,0,0,0,0,0,418368,128,645,1548,1910119670,2704347997,828800,0
926,1115840,0,0,0,2560,9152,384000,398848,321280,295616,816192,0,1216,378752,0,0,0,0,0,0,0,0,0,0,0,0,0,0,398720,128,630,1530,572305873,2307363557,807040,0
927,1117184,0,0,0,2560,10624,475584,458176,170240,150080,963072,0,1216,470272,0,0,0,0,0,0,0,0,0,0,0,0,0,0,458048,128,623,1515,664193361,2123583333,952448,0
928,1116160,0,0,0,8384,9280,638464,411584,48448,28672,1083264,0,1280,633152,0,0,0,0,0,0,0,0,0,0,0,0,0,0,411456,128,635,1538,1957978908,2309947885,1073984,0
929,1116672,0,0,0,10816,9536,485056,442816,168448,148608,963840,0,1216,479808,0,0,0,0,0,0,0,0,0,0,0,0,0,0,442688,128,630,1518,4290489786,1506134554,954304,0
930,1118144,0,0,0,4096,9536,520960,469120,114432,92992,1021056,0,1216,515776,0,0,0,0,0,0,0,0,0,0,0,0,0,0,469056,64,607,1479,2865794720,1442349555,1011520,0
931,1116608,0,0,0,4032,9600,500608,461632,140736,119424,993024,0,1280,495424,0,0,0,0,0,0,0,0,0,0,0,0,0,0,461504,128,612,1488,3056374155,3767384736,983424,0
932,1117248,0,0,0,4160,9152,467456,440896,195584,173952,939200,0,1216,462272,0,0,0,0,0,0,0,0,0,0,0,0,0,0,440832,64,619,1494,4015473969,6720244,930048,0
933,1116608,0,0,0,4160,9088,379648,445824,277888,256192,856384,0,1216,374464,0,0,0,0,0,0,0,0,0,0,0,0,0,0,445696,128,617,1476,1020934,3622824425,847296,0
934,1116992,0,0,0,6016,9408,382784,437632,281152,259584,853312,0,1152,377536,0,0,0,0,0,0,0,0,0,0,0,0,0,0,437504,128,615,1489,3883673742,811453514,843904,0
935,1116608,0,0,0,6016,9216,360640,414080,326656,305280,807232,0,1216,355392,0,0,0,0,0,0,0,0,0,0,0,0,0,0,414016,64,620,1494,2911932926,3771225950,798016,0
936,1116608,0,0,0,6592,9664,377792,422400,300160,278848,833536,0,1152,372672,0,0,0,0,0,0,0,0,0,0,0,0,0,0,422272,128,627,1495,2125304138,1642314304,823872,0
937,1117120,0,0,0,5952,9408,348160,419136,334464,312960,800064,0,1216,343040,0,0,0,0,0,0,0,0,0,0,0,0,0,0,419008,128,625,1497,1242488100,1859464441,790656,0
938,1116416,0,0,0,5120,9472,394560,395072,312192,290688,821568,0,1280,389312,0,0,0,0,0,0,0,0,0,0,0,0,0,0,394944,128,618,1484,2709146195,1952429922,812096,0
939,1116864,0,0,0,3840,9280,354688,420736,328320,306624,806144,0,1216,349504,0,0,0,0,0,0,0,0,0,0,0,0,0,0,420608,128,608,1470,4053714179,3440927552,796864,0
940,1116864,0,0,0,3904,9344,374336,433024,296256,274752,838016,0,1152,369280,0,0,0,0,0,0,0,0,0,0,0,0,0,0,432896,128,601,1455,630269724,4257602504,828672,0
941,1116544,0,0,0,5888,9152,422336,407424,271744,250496,862016,0,1216,416960,0,0,0,0,0,0,0,0,0,0,0,0,0,0,407296,128,619,1485,925820217,120360344,852864,0
942,1116992,0,0,0,10240,11136,466176,441664,187776,160192,952512,0,1152,461056,0,0,0,0,0,0,0,0,0,0,0,0,0,0,441536,128,608,1441,3779195507,3495548339,941376,0
943,1116736,0,0,0,4096,9408,393856,398656,310720,289408,823296,0,1216,388544,0,0,0,0,0,0,0,0,0,0,0,0,0,0,398592,64,603,1440,2950918308,3737483764,813888,0
944,1116800,0,0,0,4800,9344,417216,375232,310208,288768,823936,0,1280,411968,0,0,0,0,0,0,0,0,0,0,0,0,0,0,375104,128,595,1426,2176521615,544495878,814592,0
945,1116800,0,0,0,3968,9472,491008,427520,184832,163520,949184,0,1152,485888,0,0,0,0,0,0,0,0,0,0,0,0,0,0,427392,128,601,1438,44105048,1697122193,939712,0
946,1115520,0,0,0,8768,9536,467072,401088,229056,208832,902400,0,1216,461888,0,0,0,0,0,0,0,0,0,0,0,0,0,0,400960,128,600,1451,1290339807,3136518605,892864,0
947,1116352,0,0,0,9792,24576,505216,423744,153024,133184,978816,0,1152,500160,0,0,0,0,0,0,0,0,0,0,0,0,0,0,423616,128,617,1472,1481569715,314658350,954240,0
948,1116800,0,0,0,4160,9216,419520,412160,271744,252224,860416,0,1216,414336,0,0,0,0,0,0,0,0,0,0,0,0,0,0,412032,128,614,1469,2833431543,1489541796,851200,0
949,1117056,0,0,0,5952,9280,397888,400448,303488,283264,829696,0,1280,392512,0,0,0,0,0,0,0,0,0,0,0,0,0,0,400320,128,621,1479,805644104,1511870293,820416,0
950,1116480,0,0,0,9984,9152,487424,417856,192064,171776,940480,0,1152,482240,0,0,0,0,0,0,0,0,0,0,0,0,0,0,417728,128,628,1500,3722281016,834456573,931328,0
951,1117248,0,0,0,8512,9408,439936,430976,228416,208128,904896,0,1280,434688,0,0,0,0,0,0,0,0,0,0,0,0,0,0,430912,64,624,1497,456661189,3846936969,895488,0
952,1117632,0,0,0,4224,9536,397184,432576,274112,252736,860800,0,1280,391872,0,0,0,0,0,0,0,0,0,0,0,0,0,0,432448,128,618,1480,2714931122,1204174520,851264,0
953,1116992,0,0,0,6080,9600,368384,430784,302144,280448,832192,0,1216,363136,0,0,0,0,0,0,0,0,0,0,0,0,0,0,430656,128,621,1483,1927429814,3662081578,822592,0
954,1116800,0,0,0,6656,9280,451072,439552,210240,188736,923840,0,1216,445760,0,0,0,0,0,0,0,0,0,0,0,0,0,0,439424,128,611,1474,1343784350,3476243381,914560,0
955,1676928,0,0,0,15424,24704,668992,582784,385024,363712,1308864,0,1088,663808,0,0,0,0,0,0,0,0,0,0,0,0,0,0,582656,128,609,1475,4277252556,1498843497,1284160,0
956,1116800,0,0,0,4352,9600,383424,448192,271232,249664,863040,0,1216,378048,0,0,0,0,0,0,0,0,0,0,0,0,0,0,448064,128,605,1473,292993483,3097769394,853440,0
957,1117120,0,0,0,4416,24896,388160,436160,263488,241728,871616,0,1216,382976,0,0,0,0,0,0,0,0,0,0,0,0,0,0,436032,128,606,1476,3070280100,3307512466,846720,0
958,1116288,0,0,0,4288,9344,349312,442240,311104,283840,828544,0,1216,344000,0,0,0,0,0,0,0,0,0,0,0,0,0,0,442112,128,609,1477,1299355068,1435943760,819200,0
959,1116800,0,0,0,6272,9216,363648,452416,285248,263808,849152,0,1216,358400,0,0,0,0,0,0,0,0,0,0,0,0,0,0,452288,128,613,1482,831322305,2506373069,839936,0
960,1676992,0,0,0,6336,25216,622208,577792,445440,421632,1250752,0,1152,615936,0,0,0,0,0,0,0,0,0,0,0,0,0,0,577664,128,620,1504,2509856120,3545503893,1225536,0
961,1116352,0,0,0,19712,24192,319424,485888,267136,245888,866496,0,1280,314112,0,0,0,0,0,0,0,0,0,0,0,0,0,0,485760,128,620,1495,4231119634,3356908452,842304,0
962,1116864,0,0,0,6400,23936,419072,492608,174848,153536,959296,0,1344,413696,0,0,0,0,0,0,0,0,0,0,0,0,0,0,492480,128,621,1506,4054625614,1429569122,935360,0
963,1116672,0,0,0,10816,24576,368576,535936,176768,155392,957248,0,1216,363264,0,0,0,0,0,0,0,0,0,0,0,0,0,0,535808,128,622,1508,591780385,1901229895,932672,0
964,1115584,0,0,0,6400,9088,310592,557120,232384,210176,901440,0,1152,305408,0,0,0,0,0,0,0,0,0,0,0,0,0,0,556992,128,616,1488,3276152235,3693777958,892352,0
965,1116480,0,0,0,7936,9600,338816,525632,234496,214464,897536,0,1280,333504,0,0,0,0,0,0,0,0,0,0,0,0,0,0,525504,128,610,1468,2286168323,2683894221,887936,0
966,1116736,0,0,0,7168,9152,463104,506176,131136,111040,1001728,0,1280,457728,0,0,0,0,0,0,0,0,0,0,0,0,0,0,506048,128,620,1485,195871011,1636731073,992576,0
967,1116736,0,0,0,6144,9088,437888,457344,206272,186432,926400,0,1216,432640,0,0,0,0,0,0,0,0,0,0,0,0,0,0,457280,64,622,1494,2154357061,3072218098,917312,0
968,1118272,0,0,0,5312,9408,385472,482048,236032,214720,899584,0,1280,380160,0,0,0,0,0,0,0,0,0,0,0,0,0,0,481920,128,619,1489,2740375385,3601827720,890176,0
969,1116864,0,0,0,4224,9472,372800,408512,321856,300224,812800,0,1152,367552,0,0,0,0,0,0,0,0,0,0,0,0,0,0,408384,128,618,1494,1380257236,4205017885,803328,0
970,1116544,0,0,0,4032,9344,351104,416448,335616,314048,798592,0,1152,345984,0,0,0,0,0,0,0,0,0,0,0,0,0,0,416320,128,614,1479,1635009859,4045003499,789248,0
971,1116928,0,0,0,4096,9280,332800,433728,337024,315264,797824,0,1216,327616,0,0,0,0,0,0,0,0,0,0,0,0,0,0,433600,128,616,1497,3651301332,2337869851,788544,0
972,1116800,0,0,0,4288,10368,358976,398720,344448,322880,790016,0,1216,353856,0,0,0,0,0,0,0,0,0,0,0,0,0,0,398592,128,620,1495,806019088,1304576891,779648,0
973,1116736,0,0,0,4096,9152,332096,413760,357632,336128,776768,0,1216,326848,0,0,0,0,0,0,0,0,0,0,0,0,0,0,413632,128,618,1492,777351211,1457226039,767616,0
974,1116736,0,0,0,4096,9472,317056,396224,389888,362752,750080,0,1216,311872,0,0,0,0,0,0,0,0,0,0,0,0,0,0,396160,64,619,1498,2386003662,4290613098,740608,0
975,1116800,0,0,0,4032,8896,336704,391296,375872,354624,758336,0,1152,331456,0,0,0,0,0,0,0,0,0,0,0,0,0,0,391168,128,605,1447,883301352,2515161270,749440,0
976,1116736,0,0,0,4096,9536,321664,393856,387584,365952,746880,0,1216,316480,0,0,0,0,0,0,0,0,0,0,0,0,0,0,393728,128,621,1475,2482757759,2805708352,737344,0
977,1116864,0,0,0,4160,23936,427264,406912,254592,233024,880064,0,1216,422016,0,0,0,0,0,0,0,0,0,0,0,0,0,0,406784,128,608,1455,2313311409,2832870255,856128,0
978,1116544,0,0,0,4096,9216,331456,394688,377088,355776,756800,0,1152,326144,0,0,0,0,0,0,0,0,0,0,0,0,0,0,394624,64,611,1473,3956857598,538204162,747584,0
979,1116928,0,0,0,4160,9216,342336,393216,368000,346624,766464,0,1216,337088,0,0,0,0,0,0,0,0,0,0,0,0,0,0,393088,128,609,1465,4857894,2950878123,757248,0
980,1116736,0,0,0,4096,8960,330560,398784,374336,353024,759872,0,1216,325248,0,0,0,0,0,0,0,0,0,0,0,0,0,0,398656,128,597,1464,2677258771,1168232212,750912,0
981,1116736,0,0,0,4160,8960,329920,395648,378048,356544,756352,0,1216,324544,0,0,0,0,0,0,0,0,0,0,0,0,0,0,395520,128,598,1475,387787817,1115171134,747392,0
982,1116672,0,0,0,5952,9088,317184,392064,392384,370880,741952,0,1088,312000,0,0,0,0,0,0,0,0,0,0,0,0,0,0,391936,128,598,1474,883517152,4139687866,732864,0
983,1116608,0,0,0,5952,9152,335040,418240,348224,326912,785856,0,1152,329920,0,0,0,0,0,0,0,0,0,0,0,0,0,0,418112,128,597,1468,1236784018,1742301761,776704,0
984,1116800,0,0,0,5120,9344,350976,404224,347136,325568,787328,0,1216,345728,0,0,0,0,0,0,0,0,0,0,0,0,0,0,404096,128,593,1453,688315055,4083910063,777984,0
985,1116928,0,0,0,5888,9152,351360,407296,343232,321856,791168,0,1152,346112,0,0,0,0,0,0,0,0,0,0,0,0,0,0,407232,64,578,1422,2885260368,1584602064,782016,0
986,1116672,0,0,0,5056,9408,395648,399744,306816,285312,827456,0,1216,390400,0,0,0,0,0,0,0,0,0,0,0,0,0,0,399680,64,550,1368,347915368,2443374210,818048,0
987,1116480,0,0,0,4736,9280,294592,388928,418944,397504,715072,0,1152,289280,0,0,0,0,0,0,0,0,0,0,0,0,0,0,388800,128,536,1323,745578764,4165066868,705792,0
988,1116800,0,0,0,3968,10432,298048,372992,431360,409984,703104,0,1152,292800,0,0,0,0,0,0,0,0,0,0,0,0,0,0,372864,128,521,1274,548597317,712714854,692672,0
989,1116672,0,0,0,8768,9600,415936,442624,239744,218432,894272,0,1280,410624,0,0,0,0,0,0,0,0,0,0,0,0,0,0,442496,128,527,1289,1131292773,3231118961,884672,0
990,1116736,0,0,0,4096,9152,352768,391616,359104,332224,780672,0,1152,347584,0,0,0,0,0,0,0,0,0,0,0,0,0,0,391488,128,524,1281,3504138183,3003025432,771520,0
991,1116544,0,0,0,3968,9472,328064,379328,395712,374528,738112,0,1152,323008,0,0,0,0,0,0,0,0,0,0,0,0,0,0,379200,128,527,1282,1032311844,3727935323,728640,0
992,1117184,0,0,0,4032,9152,328704,379200,396096,374400,738944,0,1216,323456,0,0,0,0,0,0,0,0,0,0,0,0,0,0,379072,128,527,1283,4107812418,411911403,729792,0
993,1116928,0,0,0,4032,9152,419968,374784,308992,287296,825728,0,1216,414720,0,0,0,0,0,0,0,0,0,0,0,0,0,0,374656,128,532,1291,3756272636,3649910340,816576,0
994,1116544,0,0,0,3904,9280,333376,377344,392640,371136,741504,0,1216,328192,0,0,0,0,0,0,0,0,0,0,0,0,0,0,377280,64,529,1289,942449388,3874092878,732224,0
995,1116480,0,0,0,3904,9152,324608,385280,393536,371904,740736,0,1152,319488,0,0,0,0,0,0,0,0,0,0,0,0,0,0,385152,128,522,1274,852597448,4025838297,731584,0
996,1116800,0,0,0,3968,9280,336768,391552,375232,354112,758784,0,1216,331584,0,0,0,0,0,0,0,0,0,0,0,0,0,0,391424,128,521,1291,3851179674,131417996,749504,0
997,1116800,0,0,0,3904,9536,418176,376896,308288,287040,825920,0,1216,412928,0,0,0,0,0,0,0,0,0,0,0,0,0,0,376832,64,517,1285,194881495,32119007,816384,0
998,1116352,0,0,0,5888,9216,333952,368128,399168,377984,734528,0,1216,328832,0,0,0,0,0,0,0,0,0,0,0,0,0,0,368000,128,520,1280,2829607965,2012733220,725312,0
999,1116672,0,0,0,6016,9408,340672,372736,387840,366464,746304,0,1088,335616,0,0,0,0,0,0,0,0,0,0,0,0,0,0,372608,128,521,1289,408274385,2361314805,736896,0
1000,1116928,0,0,0,3840,9344,340608,383232,379904,358400,754688,0,1216,335360,0,0,0,0,0,0,0,0,0,0,0,0,0,0,383104,128,531,1309,4268371718,1443312769,745344,0
1001,1117504,0,0,0,3840,9280,394240,443072,267072,245056,868544,0,1216,388992,0,0,0,0,0,0,0,0,0,0,0,0,0,0,442944,128,516,1282,2048451484,1424774549,859264,0
1002,1115648,0,0,0,8320,9088,384000,409216,305024,283776,827776,0,1216,378688,0,0,0,0,0,0,0,0,0,0,0,0,0,0,409088,128,532,1314,3249566035,182967699,818688,0
1003,1117056,0,0,0,3968,10496,448576,409984,244032,222784,890368,0,1216,443264,0,0,0,0,0,0,0,0,0,0,0,0,0,0,409856,128,529,1308,2816909981,815986093,879872,0
1004,1116672,0,0,0,4096,9152,370368,410688,322368,300928,811904,0,1216,365184,0,0,0,0,0,0,0,0,0,0,0,0,0,0,410560,128,564,1389,2169978299,1463683521,802752,0
1005,1116800,0,0,0,4224,9344,375872,424896,302464,281024,832000,0,1152,370624,0,0,0,0,0,0,0,0,0,0,0,0,0,0,424768,128,551,1375,649178413,287506760,822656,0
1006,1116608,0,0,0,4224,9408,377792,430144,295040,268160,844608,0,1152,372608,0,0,0,0,0,0,0,0,0,0,0,0,0,0,430016,128,554,1379,2782838630,3156591433,835200,0
1007,1116736,0,0,0,6080,24448,359360,414016,312832,291392,821312,0,1216,354176,0,0,0,0,0,0,0,0,0,0,0,0,0,0,413952,64,548,1374,3969311427,767811026,796864,0
1008,1116992,0,0,0,9920,9088,383168,394880,319936,298176,814976,0,1280,377856,0,0,0,0,0,0,0,0,0,0,0,0,0,0,394752,128,544,1342,3356901939,1034243002,805888,0
1009,1116672,0,0,0,5184,9280,382016,401792,318400,296832,816064,0,1280,376704,0,0,0,0,0,0,0,0,0,0,0,0,0,0,401664,128,568,1392,3817329496,2971415186,806784,0
1010,1116608,0,0,0,6272,9408,347008,387968,365952,344704,767936,0,1152,341696,0,0,0,0,0,0,0,0,0,0,0,0,0,0,387840,128,558,1380,976467486,1784934970,758528,0
1011,1116928,0,0,0,6208,9472,340608,400000,360640,339072,774016,0,1216,335360,0,0,0,0,0,0,0,0,0,0,0,0,0,0,399872,128,551,1373,1629692820,3410986866,764544,0
1012,1117184,0,0,0,4288,9408,459840,428608,215040,193152,920192,0,1216,454656,0,0,0,0,0,0,0,0,0,0,0,0,0,0,428480,128,582,1424,338600338,670770228,910784,0
1013,1116224,0,0,0,6272,9152,355776,398272,346752,325184,787136,0,1216,350528,0,0,0,0,0,0,0,0,0,0,0,0,0,0,398144,128,603,1452,2595332335,2730213861,777984,0
1014,1116736,0,0,0,7104,9472,366848,407232,326080,304256,808512,0,1216,361536,0,0,0,0,0,0,0,0,0,0,0,0,0,0,407168,64,617,1491,1718005049,4035054047,799040,0
1015,1116544,0,0,0,6016,9600,395840,414848,290240,269056,843520,0,1216,390592,0,0,0,0,0,0,0,0,0,0,0,0,0,0,414720,128,623,1499,401966430,990352843,833920,0
1016,1116864,0,0,0,6720,9216,363200,400448,337280,315776,797120,0,1280,357888,0,0,0,0,0,0,0,0,0,0,0,0,0,0,400320,128,609,1482,494236065,185781484,787904,0
1017,1117184,0,0,0,6336,9472,403136,414144,284096,262016,851264,0,1152,397952,0,0,0,0,0,0,0,0,0,0,0,0,0,0,414016,128,615,1507,1636644545,2962948622,841792,0
1018,1116416,0,0,0,6016,9152,375744,418624,306880,285760,826816,0,1280,370432,0,0,0,0,0,0,0,0,0,0,0,0,0,0,418496,128,622,1528,3179043999,376054087,817664,0
1019,1116672,0,0,0,6016,10688,380992,407744,311232,289664,823168,0,1152,375872,0,0,0,0,0,0,0,0,0,0,0,0,0,0,407616,128,575,1445,108094329,1332964728,812480,0
1020,1116864,0,0,0,5184,9216,396736,381760,323968,302528,810496,0,1280,391424,0,0,0,0,0,0,0,0,0,0,0,0,0,0,381632,128,509,1257,350323441,4201261637,801280,0
1021,1116800,0,0,0,4224,9344,432512,395584,275136,253632,859328,0,1216,427264,0,0,0,0,0,0,0,0,0,0,0,0,0,0,395456,128,534,1303,905025603,3129116673,849984,0
1022,1116544,0,0,0,6080,9408,428352,383808,288896,259136,853376,0,1152,423168,0,0,0,0,0,0,0,0,0,0,0,0,0,0,383680,128,541,1325,1573433130,878878788,843968,0
1023,1116992,0,0,0,6336,9472,520192,398208,182784,161152,951744,0,1216,515008,0,0,0,0,0,0,0,0,0,0,0,0,0,0,398080,128,527,1301,4234245520,858860493,942272,0
1024,1116480,0,0,0,4160,9024,417856,390656,294784,273408,839232,0,1280,412480,0,0,0,0,0,0,0,0,0,0,0,0,0,0,390528,128,514,1270,1713658625,4039741773,830208,0
1025,1116864,0,0,0,4224,9280,423744,383616,296000,274688,838272,0,1216,418560,0,0,0,0,0,0,0,0,0,0,0,0,0,0,383488,128,522,1286,3706756893,2547326006,828992,0
1026,1116800,0,0,0,6144,9216,400896,387648,312896,291584,821312,0,1216,395648,0,0,0,0,0,0,0,0,0,0,0,0,0,0,387520,128,530,1294,509209642,4094322598,812096,0
1027,1116672,0,0,0,6272,9408,439232,426624,235136,213824,898944,0,1216,433984,0,0,0,0,0,0,0,0,0,0,0,0,0,0,426496,128,533,1296,1571593737,937248521,889536,0
1028,1116928,0,0,0,4032,8896,441664,406016,256320,234496,878656,0,1216,436352,0,0,0,0,0,0,0,0,0,0,0,0,0,0,405952,64,521,1264,3281559854,2340453405,869760,0
1029,1116544,0,0,0,4288,9344,396224,372352,334336,312768,799872,0,1280,390848,0,0,0,0,0,0,0,0,0,0,0,0,0,0,372288,64,505,1246,2555356884,1729780199,790528,0
1030,1116672,0,0,0,6976,9408,400960,405376,293952,272320,840384,0,1216,395712,0,0,0,0,0,0,0,0,0,0,0,0,0,0,405248,128,513,1249,1557179958,2563477639,830976,0
1031,1116544,0,0,0,7936,9280,411072,385472,302784,281344,831232,0,1216,405824,0,0,0,0,0,0,0,0,0,0,0,0,0,0,385344,128,526,1281,945052166,3247154919,821952,0
1032,1116928,0,0,0,5568,9152,415168,389504,297536,276096,836992,0,1152,409920,0,0,0,0,0,0,0,0,0,0,0,0,0,0,389376,128,574,1409,3130713155,3499210699,827840,0
1033,1116672,0,0,0,3968,9216,494848,396160,212480,190976,921792,0,1152,489664,0,0,0,0,0,0,0,0,0,0,0,0,0,0,396032,128,571,1396,63127212,3690114278,912576,0
1034,1116672,0,0,0,5888,10624,387456,379648,333056,311488,801280,0,1152,382208,0,0,0,0,0,0,0,0,0,0,0,0,0,0,379584,64,611,1463,1282946169,3305080496,790656,0
1035,1116608,0,0,0,5696,9216,401728,381120,318848,297344,815488,0,1216,396416,0,0,0,0,0,0,0,0,0,0,0,0,0,0,380992,128,616,1439,2916654572,3338340186,806272,0
1036,1117312,0,0,0,5120,9088,439680,380800,282624,260800,852608,0,1280,434368,0,0,0,0,0,0,0,0,0,0,0,0,0,0,380672,128,620,1440,1289478927,1795212884,843520,0
1037,1116160,0,0,0,3904,23872,362624,398464,327296,305920,806464,0,1088,357440,0,0,0,0,0,0,0,0,0,0,0,0,0,0,398336,128,616,1445,2918451772,3751312557,782592,0
1038,1116992,0,0,0,5760,9152,284544,371264,446272,418816,694336,0,1216,279360,0,0,0,0,0,0,0,0,0,0,0,0,0,0,371136,128,617,1441,1567917065,1218468322,685184,0
1039,1116736,0,0,0,5696,9152,283264,375616,443008,421760,691136,0,1216,278016,0,0,0,0,0,0,0,0,0,0,0,0,0,0,375488,128,603,1412,935069381,1641761474,681984,0
1040,1116480,0,0,0,4416,9344,286144,364736,451840,430272,682048,0,1216,280960,0,0,0,0,0,0,0,0,0,0,0,0,0,0,364608,128,601,1402,1548374931,3367923751,672704,0
1041,1116864,0,0,0,2560,9408,289472,362240,453184,431872,681152,0,1216,284352,0,0,0,0,0,0,0,0,0,0,0,0,0,0,362112,128,600,1411,34424712,920643076,671744,0
1042,1116864,0,0,0,2624,9152,288064,381376,435648,414016,699072,0,1216,282752,0,0,0,0,0,0,0,0,0,0,0,0,0,0,381248,128,615,1444,4189757893,1010640413,689920,0
1043,1116608,0,0,0,2496,8896,390720,379200,335296,313664,799168,0,1216,385536,0,0,0,0,0,0,0,0,0,0,0,0,0,0,379136,64,601,1415,920847354,109841188,790272,0
1044,1116800,0,0,0,2560,9152,283904,370048,451136,429632,683328,0,1216,278720,0,0,0,0,0,0,0,0,0,0,0,0,0,0,369920,128,604,1429,163912022,966154649,674176,0
1045,1116544,0,0,0,2560,9280,295424,374080,435200,413632,699136,0,1216,290176,0,0,0,0,0,0,0,0,0,0,0,0,0,0,373952,128,598,1420,44794314,350068430,689856,0
1046,1116864,0,0,0,2560,9216,284672,375488,444928,423552,689472,0,1216,279424,0,0,0,0,0,0,0,0,0,0,0,0,0,0,375360,128,598,1404,2543673166,3983301704,680256,0
1047,1116800,0,0,0,2624,9216,299712,364672,440576,419200,693760,0,1216,294464,0,0,0,0,0,0,0,0,0,0,0,0,0,0,364544,128,608,1422,3661340286,2465939873,684544,0
1048,1116736,0,0,0,2560,9280,328960,382656,393280,371968,740992,0,1216,323712,0,0,0,0,0,0,0,0,0,0,0,0,0,0,382592,64,621,1452,1912743408,1311301642,731712,0
1049,1116544,0,0,0,2496,10304,417216,379392,307136,285952,826816,0,1216,411904,0,0,0,0,0,0,0,0,0,0,0,0,0,0,379264,128,614,1438,392146611,1817659258,816512,0
1050,1116800,0,0,0,2624,9408,416320,380672,307776,286144,826944,0,1152,411072,0,0,0,0,0,0,0,0,0,0,0,0,0,0,380544,128,614,1437,19229127,3788863194,817536,0
1051,1116672,0,0,0,2560,9152,316160,374912,413888,392512,720320,0,1280,310912,0,0,0,0,0,0,0,0,0,0,0,0,0,0,374784,128,614,1427,2886410517,2340601935,711168,0
1052,1116992,0,0,0,2560,8896,325760,351488,428288,406592,706624,0,1280,320448,0,0,0,0,0,0,0,0,0,0,0,0,0,0,351424,64,626,1452,3446187570,411318623,697728,0
1053,1116800,0,0,0,2560,9216,306240,386624,412160,390912,721984,0,1152,301184,0,0,0,0,0,0,0,0,0,0,0,0,0,0,386496,128,613,1439,1157348661,182194087,712768,0
1054,1116736,0,0,0,3456,9024,374912,397888,331456,304256,808640,0,1152,369728,0,0,0,0,0,0,0,0,0,0,0,0,0,0,397760,128,611,1452,3922713177,4185966465,799616,0
1055,1116672,0,0,0,2560,9088,311552,375808,417664,396416,716416,0,1152,306432,0,0,0,0,0,0,0,0,0,0,0,0,0,0,375680,128,611,1450,1379724708,3931541911,707328,0
1056,1116864,0,0,0,2560,9152,413696,366464,324992,303424,809536,0,1216,408448,0,0,0,0,0,0,0,0,0,0,0,0,0,0,366336,128,609,1456,983279450,669413826,800384,0
1057,1116736,0,0,0,2688,8896,322176,348928,434048,412544,700416,0,1152,316992,0,0,0,0,0,0,0,0,0,0,0,0,0,0,348864,64,607,1447,2111304308,3331336992,691520,0
1058,1115264,0,0,0,2624,9152,442496,450560,210432,190528,920960,0,1152,437312,0,0,0,0,0,0,0,0,0,0,0,0,0,0,450496,64,621,1473,3020245797,299961284,911808,0
1059,1116736,0,0,0,2624,8960,360192,392960,352000,332352,780544,0,1280,354944,0,0,0,0,0,0,0,0,0,0,0,0,0,0,392832,128,606,1443,224205783,904396143,771584,0
1060,1116672,0,0,0,8448,9344,402048,359040,337792,317952,794688,0,1216,396864,0,0,0,0,0,0,0,0,0,0,0,0,0,0,358912,128,606,1446,2788088028,3632540533,785344,0
1061,1116864,0,0,0,3904,9472,371072,371776,360640,340608,772224,0,1280,365760,0,0,0,0,0,0,0,0,0,0,0,0,0,0,371648,128,607,1440,4221688764,3806595779,762752,0
1062,1116672,0,0,0,3840,9280,393344,349120,361088,341504,771200,0,1216,388032,0,0,0,0,0,0,0,0,0,0,0,0,0,0,348992,128,593,1419,8196046,2819618349,761920,0
1063,1116672,0,0,0,3904,8960,399360,337088,367360,347584,765312,0,1216,394112,0,0,0,0,0,0,0,0,0,0,0,0,0,0,337024,64,599,1436,1491870295,1507303936,756352,0
1064,1677184,0,0,0,18112,10688,806144,421184,421056,399232,1273728,0,1280,800896,0,0,0,0,0,0,0,0,0,0,0,0,0,0,421056,128,608,1468,711031917,2399491980,1263040,0
1065,1116480,0,0,0,3968,9600,460416,387776,254720,234880,877248,0,1216,455040,0,0,0,0,0,0,0,0,0,0,0,0,0,0,387648,128,614,1466,3079746448,397880698,867648,0
1066,1116800,0,0,0,6016,9472,453760,398272,249280,229056,883456,0,1216,448640,0,0,0,0,0,0,0,0,0,0,0,0,0,0,398144,128,615,1474,2107992923,1111581752,873984,0
1067,1116672,0,0,0,5888,24576,459968,395456,230784,210880,901440,0,1152,454528,0,0,0,0,0,0,0,0,0,0,0,0,0,0,395392,64,617,1482,270392592,2513547064,876864,0
1068,1117248,0,0,0,5184,9344,529152,452864,120704,100416,1012544,0,1152,523904,0,0,0,0,0,0,0,0,0,0,0,0,0,0,452736,128,619,1500,117860358,1493689225,1003200,0
1069,1677120,0,0,0,19008,24320,644800,483648,505344,484672,1188224,0,1216,639360,0,0,0,0,0,0,0,0,0,0,0,0,0,0,483520,128,629,1514,3597381537,1161163191,1163904,0
1070,1116864,0,0,0,6016,24512,241280,425984,419072,393536,719360,0,1024,236160,0,0,0,0,0,0,0,0,0,0,0,0,0,0,425920,64,630,1523,4104782728,237636920,694848,0
1071,1116096,0,0,0,5312,24256,362304,434304,289920,269888,842304,0,1152,357184,0,0,0,0,0,0,0,0,0,0,0,0,0,0,434176,128,633,1532,2691143105,82942128,818048,0
1072,1117184,0,0,0,4096,24128,229888,430208,428864,408832,704576,0,1152,224768,0,0,0,0,0,0,0,0,0,0,0,0,0,0,430080,128,632,1532,1531641395,1467435757,680448,0
1073,1116736,0,0,0,4160,8896,293120,438144,372416,352448,760448,0,1280,288000,0,0,0,0,0,0,0,0,0,0,0,0,0,0,438016,128,632,1538,2537612130,1817042153,751552,0
1074,1116800,0,0,0,4032,8832,313920,430464,359552,339584,773376,0,1088,308800,0,0,0,0,0,0,0,0,0,0,0,0,0,0,430336,128,633,1533,1134137062,949853857,764544,0
1075,1116672,0,0,0,4992,9152,232768,427584,442176,422336,690496,0,1088,227712,0,0,0,0,0,0,0,0,0,0,0,0,0,0,427456,128,623,1502,3816727766,2555860238,681344,0
1076,1116672,0,0,0,4224,8832,290240,422784,390592,370816,742144,0,1152,285056,0,0,0,0,0,0,0,0,0,0,0,0,0,0,422720,64,643,1547,3796221405,1373432244,733312,0
1077,1117440,0,0,0,8512,8960,359168,440576,300224,279744,833792,0,1280,353792,0,0,0,0,0,0,0,0,0,0,0,0,0,0,440448,128,614,1492,3376013055,749096224,824832,0
1078,1116160,0,0,0,9728,9024,539776,455680,101952,82240,1029952,0,1280,534464,0,0,0,0,0,0,0,0,0,0,0,0,0,0,455552,128,627,1519,2469634255,1119592441,1020928,0
1079,1116864,0,0,0,6336,10560,513600,520384,65984,45952,1066816,0,1216,508288,0,0,0,0,0,0,0,0,0,0,0,0,0,0,520256,128,628,1524,3905118682,3114892313,1056256,0
1080,1116224,0,0,0,6272,9536,309632,440704,350080,330304,781824,0,1280,304384,0,0,0,0,0,0,0,0,0,0,0,0,0,0,440576,128,628,1516,3079146567,2782346437,772288,0
1081,1116736,0,0,0,5504,9152,328128,408128,365824,345856,766976,0,1152,322816,0,0,0,0,0,0,0,0,0,0,0,0,0,0,408000,128,623,1496,2963797224,643335806,757824,0
1082,1116544,0,0,0,4352,9152,344960,367232,390848,371008,741632,0,1216,339776,0,0,0,0,0,0,0,0,0,0,0,0,0,0,367104,128,608,1476,2574568810,2721664128,732480,0
1083,1116800,0,0,0,4352,8896,278080,398848,426624,406528,706560,0,1216,272832,0,0,0,0,0,0,0,0,0,0,0,0,0,0,398720,128,610,1489,3391083727,1613253307,697664,0
1084,1116672,0,0,0,6208,8960,266304,375680,459520,439552,673280,0,1216,260992,0,0,0,0,0,0,0,0,0,0,0,0,0,0,375616,64,605,1470,1829308532,3810949364,664320,0
1085,1116608,0,0,0,6144,9216,288512,398912,413824,394112,718720,0,1280,283136,0,0,0,0,0,0,0,0,0,0,0,0,0,0,398784,128,612,1487,4234311838,3606774901,709504,0
1086,1116864,0,0,0,5376,9280,351296,378240,372672,347200,765760,0,1152,346048,0,0,0,0,0,0,0,0,0,0,0,0,0,0,378112,128,612,1472,539790633,3858883809,756480,0
1087,1116800,0,0,0,4224,9088,301824,405440,396224,376320,736640,0,1344,296448,0,0,0,0,0,0,0,0,0,0,0,0,0,0,405376,64,625,1508,1123226190,3681216780,727552,0
1088,1116544,0,0,0,4224,9024,351552,382784,368960,348928,763712,0,1280,346368,0,0,0,0,0,0,0,0,0,0,0,0,0,0,382720,64,611,1482,158338608,2118539383,754688,0
1089,1116608,0,0,0,4224,9088,270912,402944,429440,409728,703040,0,1088,265728,0,0,0,0,0,0,0,0,0,0,0,0,0,0,402816,128,619,1527,1175448453,260482472,693952,0
1090,1116736,0,0,0,5248,9152,357952,377536,366848,347136,765696,0,1216,352704,0,0,0,0,0,0,0,0,0,0,0,0,0,0,377408,128,599,1473,2000699757,904857606,756544,0
1091,1116480,0,0,0,6208,8960,383360,405376,312576,292864,819776,0,1152,378112,0,0,0,0,0,0,0,0,0,0,0,0,0,0,405248,128,609,1496,153897499,564300295,810816,0
1092,1117056,0,0,0,5312,9024,282880,379072,440768,420800,692416,0,1280,277632,0,0,0,0,0,0,0,0,0,0,0,0,0,0,378944,128,606,1465,329701375,218841140,683392,0
1093,1116544,0,0,0,4096,8960,292032,402880,408576,388800,723904,0,1216,286656,0,0,0,0,0,0,0,0,0,0,0,0,0,0,402752,128,610,1487,1115780566,3018574586,714944,0
1094,1116864,0,0,0,4096,9024,319360,393024,391360,371584,741376,0,1280,314112,0,0,0,0,0,0,0,0,0,0,0,0,0,0,392896,128,605,1462,1025703656,1405952825,732352,0
1095,1116928,0,0,0,5952,10496,343360,415936,341184,320768,792256,0,1280,338112,0,0,0,0,0,0,0,0,0,0,0,0,0,0,415872,64,622,1496,2305093984,1102649919,781760,0
1096,1117696,0,0,0,12544,10944,467520,443392,183296,151552,960768,0,1216,462272,0,0,0,0,0,0,0,0,0,0,0,0,0,0,443264,128,623,1482,2323749045,338425448,949824,0
1097,1116992,0,0,0,16512,23808,367168,424960,284544,262976,850112,0,1216,361920,0,0,0,0,0,0,0,0,0,0,0,0,0,0,424832,128,633,1518,2515926654,1590971211,826304,0
1098,1116736,0,0,0,4096,9088,295936,395840,411776,390400,722496,0,1280,290688,0,0,0,0,0,0,0,0,0,0,0,0,0,0,395712,128,624,1489,2695230716,3204976836,713408,0
1099,1116736,0,0,0,5184,9024,273472,422912,406144,384704,728192,0,1152,268288,0,0,0,0,0,0,0,0,0,0,0,0,0,0,422784,128,638,1529,2685343212,3644325458,719168,0
1100,1116864,0,0,0,6016,9216,276224,397632,427776,406208,706816,0,1216,270976,0,0,0,0,0,0,0,0,0,0,0,0,0,0,397504,128,620,1487,1438802647,3559922191,697600,0
1101,1116736,0,0,0,5184,9344,285184,410624,406400,384832,727936,0,1216,279936,0,0,0,0,0,0,0,0,0,0,0,0,0,0,410496,128,615,1479,2772860267,1533302634,718592,0
1102,1116544,0,0,0,4096,9216,286592,385280,431360,404288,708352,0,1152,281408,0,0,0,0,0,0,0,0,0,0,0,0,0,0,385152,128,609,1459,2785803694,292217360,699136,0
1103,1116800,0,0,0,28160,12032,514560,456704,105344,77376,1032640,0,3072,502656,0,0,0,0,0,0,0,0,0,0,0,0,0,0,456576,128,620,1493,3385388697,2076227696,1020608,0
1104,1116928,0,0,0,4160,9664,319296,492288,291520,270080,842624,0,1216,314048,0,0,0,0,0,0,0,0,0,0,0,0,0,0,492160,128,623,1541,3364604277,200798237,832960,0
1105,1116864,0,0,0,4288,9728,297536,428864,376448,354880,757696,0,1216,292224,0,0,0,0,0,0,0,0,0,0,0,0,0,0,428736,128,618,1529,222519616,3191013540,747968,0
1106,1116608,0,0,0,4096,9344,496192,419968,187008,165376,947264,0,1280,490944,0,0,0,0,0,0,0,0,0,0,0,0,0,0,419840,128,618,1518,3647376187,3162110678,937920,0
1107,1116672,0,0,0,4032,9344,363584,417792,321920,300224,812608,0,1152,358528,0,0,0,0,0,0,0,0,0,0,0,0,0,0,417664,128,619,1526,80830972,1048498687,803264,0
1108,1116736,0,0,0,4032,9216,394560,403072,305856,284608,828288,0,1216,389184,0,0,0,0,0,0,0,0,0,0,0,0,0,0,402944,128,617,1526,2912115163,3574427199,819072,0
1109,1116608,0,0,0,3968,9216,385536,383168,334720,313216,799552,0,1216,380352,0,0,0,0,0,0,0,0,0,0,0,0,0,0,383104,64,602,1481,654054668,1526547399,790336,0
1110,1116800,0,0,0,3968,10752,379840,378816,343424,321984,790976,0,1216,374592,0,0,0,0,0,0,0,0,0,0,0,0,0,0,378688,128,599,1494,3756933733,4001164286,780224,0
1111,1116672,0,0,0,4032,9408,433920,376128,293184,271744,841088,0,1152,428736,0,0,0,0,0,0,0,0,0,0,0,0,0,0,376000,128,606,1521,448159420,232626599,831680,0
1112,1116736,0,0,0,4032,8960,435264,388288,280192,258880,853952,0,1216,430080,0,0,0,0,0,0,0,0,0,0,0,0,0,0,388160,128,607,1536,2722501948,1193157457,844992,0
1113,1116800,0,0,0,4032,9152,376832,403584,323200,302016,811008,0,1152,371648,0,0,0,0,0,0,0,0,0,0,0,0,0,0,403456,128,610,1551,3738464042,2805531650,801856,0
1114,1116800,0,0,0,4032,9152,392192,385280,326144,304768,808192,0,1216,386944,0,0,0,0,0,0,0,0,0,0,0,0,0,0,385152,128,613,1559,638808643,4117312319,799040,0
1115,1116608,0,0,0,4032,9152,371008,392960,339456,317888,794880,0,1216,365760,0,0,0,0,0,0,0,0,0,0,0,0,0,0,392832,128,610,1554,1828847941,4109949717,785728,0
1116,1116608,0,0,0,4096,9280,545984,450368,106880,85760,1026944,0,1216,540672,0,0,0,0,0,0,0,0,0,0,0,0,0,0,450240,128,578,1475,2193581783,872569691,1017664,0
1117,1116928,0,0,0,8960,9280,535808,458176,104704,83328,1029632,0,1216,530624,0,0,0,0,0,0,0,0,0,0,0,0,0,0,458048,128,577,1481,3326586654,2288996892,1020352,0
1118,1116864,0,0,0,4096,9344,403648,425856,273920,246592,866432,0,1280,398336,0,0,0,0,0,0,0,0,0,0,0,0,0,0,425728,128,577,1469,2240542067,3889598337,857088,0
1119,1116800,0,0,0,7040,9472,427392,394496,278400,255296,857408,0,1536,420672,0,0,0,0,0,0,0,0,0,0,0,0,0,0,394432,64,579,1472,4218536927,2054498904,847936,0
1120,1116736,0,0,0,6080,9024,434752,402752,264128,242816,870144,0,1216,429504,0,0,0,0,0,0,0,0,0,0,0,0,0,0,402624,128,597,1554,1369946749,3490041954,861120,0
1121,1116480,0,0,0,6144,9472,428800,408512,263552,242176,870144,0,1152,423680,0,0,0,0,0,0,0,0,0,0,0,0,0,0,408384,128,615,1564,2965623388,3008356156,860672,0
1122,1116928,0,0,0,5376,9472,451968,396352,253760,232448,880640,0,1216,446656,0,0,0,0,0,0,0,0,0,0,0,0,0,0,396224,128,611,1542,3392640478,1910952363,871168,0
1123,1116736,0,0,0,4096,9152,459584,415360,228544,206784,906112,0,1280,454336,0,0,0,0,0,0,0,0,0,0,0,0,0,0,415232,128,617,1540,3967721173,2384567869,896960,0
1124,1116800,0,0,0,4096,9088,417472,422016,264128,242560,870400,0,1216,412224,0,0,0,0,0,0,0,0,0,0,0,0,0,0,421888,128,618,1532,4184186676,2625828032,861312,0
1125,1116864,0,0,0,4096,10560,406848,403904,291456,270016,842944,0,1152,401600,0,0,0,0,0,0,0,0,0,0,0,0,0,0,403776,128,607,1493,4052476767,1612945900,832384,0
1126,1116480,0,0,0,5888,9344,450624,443776,206848,185664,926976,0,1216,445376,0,0,0,0,0,0,0,0,0,0,0,0,0,0,443712,64,604,1462,3616842505,463937029,917632,0
1127,1116864,0,0,0,13248,23936,442240,423168,214272,192640,920320,0,1280,436800,0,0,0,0,0,0,0,0,0,0,0,0,0,0,423040,128,615,1478,1778806145,2842921509,896384,0
1128,1116736,0,0,0,4096,9280,348096,403840,351424,330112,782784,0,1216,342848,0,0,0,0,0,0,0,0,0,0,0,0,0,0,403712,128,628,1506,527267341,4239156306,773504,0
1129,1116736,0,0,0,4096,9088,349056,409920,344576,323072,789888,0,1216,343872,0,0,0,0,0,0,0,0,0,0,0,0,0,0,409792,128,624,1484,2203345617,2717087907,780800,0
1130,1116928,0,0,0,4096,9024,362432,412096,329280,307840,805312,0,1216,357120,0,0,0,0,0,0,0,0,0,0,0,0,0,0,411968,128,614,1473,1036229593,2299729341,796288,0
1131,1116800,0,0,0,4096,9472,430272,403520,269440,247616,865344,0,1152,425024,0,0,0,0,0,0,0,0,0,0,0,0,0,0,403456,64,618,1487,3432469507,1964581549,855872,0
1132,1116608,0,0,0,4032,9344,415680,396992,290560,269120,843648,0,1216,410496,0,0,0,0,0,0,0,0,0,0,0,0,0,0,396864,128,613,1469,3827071265,1422811083,834304,0
1133,1116736,0,0,0,4096,9152,350400,394944,358144,336960,776000,0,1280,345152,0,0,0,0,0,0,0,0,0,0,0,0,0,0,394816,128,616,1471,1516281333,196200928,766848,0
1134,1117056,0,0,0,6016,9216,366144,392576,343104,315712,797504,0,1216,360768,0,0,0,0,0,0,0,0,0,0,0,0,0,0,392448,128,611,1453,1076500112,2806468493,788288,0
1135,1116352,0,0,0,5952,9280,482560,400704,217856,196352,916160,0,1216,477440,0,0,0,0,0,0,0,0,0,0,0,0,0,0,400576,128,608,1431,607945728,2218643145,906880,0
1136,1116672,0,0,0,5248,9216,328320,378624,395264,374016,738816,0,1280,323072,0,0,0,0,0,0,0,0,0,0,0,0,0,0,378496,128,613,1446,2046646665,216867645,729600,0
1137,1117312,0,0,0,4032,9024,347584,377856,378816,356992,756480,0,1216,342336,0,0,0,0,0,0,0,0,0,0,0,0,0,0,377728,128,614,1447,982143104,555611215,747456,0
1138,1116160,0,0,0,4032,9344,341312,369344,392128,370880,741376,0,1088,336192,0,0,0,0,0,0,0,0,0,0,0,0,0,0,369216,128,609,1434,2102455075,2239784444,732032,0
1139,1116864,0,0,0,4928,9408,351872,384384,366272,344896,768128,0,1152,346752,0,0,0,0,0,0,0,0,0,0,0,0,0,0,384256,128,611,1440,3367427548,2851517730,758720,0
1140,1116608,0,0,0,5952,10560,381312,388352,330432,308992,803648,0,1216,376064,0,0,0,0,0,0,0,0,0,0,0,0,0,0,388224,128,607,1421,805103676,4152748115,793088,0
1141,1116672,0,0,0,5120,9152,308928,390592,402880,381568,731200,0,1216,303744,0,0,0,0,0,0,0,0,0,0,0,0,0,0,390464,128,614,1438,3778832743,169509125,722048,0
1142,1116736,0,0,0,4736,9216,347328,371712,383744,362432,750528,0,1280,342080,0,0,0,0,0,0,0,0,0,0,0,0,0,0,371584,128,615,1437,3024592166,354170912,741312,0
1143,1117056,0,0,0,3904,9024,309312,373568,421248,399680,713536,0,1152,304192,0,0,0,0,0,0,0,0,0,0,0,0,0,0,373440,128,611,1433,3966104978,1689906123,704512,0
1144,1116672,0,0,0,3904,9024,335680,364928,403136,381824,731008,0,1152,330432,0,0,0,0,0,0,0,0,0,0,0,0,0,0,364800,128,613,1438,3782906338,3071357526,721984,0
1145,1116800,0,0,0,3968,9088,322944,365376,415424,394048,718976,0,1088,317824,0,0,0,0,0,0,0,0,0,0,0,0,0,0,365248,128,611,1439,452657476,694732268,709888,0
1146,1116736,0,0,0,3904,9024,313280,364672,425856,404288,708608,0,1152,308032,0,0,0,0,0,0,0,0,0,0,0,0,0,0,364544,128,613,1436,2790905037,2390848656,699584,0
1147,1116736,0,0,0,3904,9088,404160,390080,309504,288064,824832,0,1280,398976,0,0,0,0,0,0,0,0,0,0,0,0,0,0,389952,128,618,1445,462862623,1182366683,815744,0
1148,1116736,0,0,0,4160,9536,493504,455808,153728,132288,980160,0,1216,488256,0,0,0,0,0,0,0,0,0,0,0,0,0,0,455680,128,628,1499,2900862932,1780610382,970624,0
1149,1116864,0,0,0,9280,9856,548544,446336,102848,80896,1031616,0,1280,543168,0,0,0,0,0,0,0,0,0,0,0,0,0,0,446208,128,629,1505,1298472814,4116673216,1021760,0
1150,1116480,0,0,0,4160,9664,335488,435904,331264,301184,810944,0,1152,330304,0,0,0,0,0,0,0,0,0,0,0,0,0,0,435776,128,633,1508,3089073944,3166668467,801280,0
1151,1116928,0,0,0,4160,9600,369408,438144,295616,274112,838528,0,1216,364224,0,0,0,0,0,0,0,0,0,0,0,0,0,0,438016,128,624,1493,1283469270,560678717,828928,0
1152,1116800,0,0,0,4160,9728,357952,465088,279872,258624,853888,0,1152,352768,0,0,0,0,0,0,0,0,0,0,0,0,0,0,464960,128,639,1548,874311462,3174051866,844160,0
1153,1116928,0,0,0,4160,9536,363264,474688,265280,243520,869120,0,1216,358080,0,0,0,0,0,0,0,0,0,0,0,0,0,0,474560,128,650,1563,188461560,4272791,859584,0
1154,1116608,0,0,0,4224,9536,297024,447936,357888,336320,775872,0,1152,291776,0,0,0,0,0,0,0,0,0,0,0,0,0,0,447808,128,636,1516,2524824899,3098448383,766336,0
1155,1116800,0,0,0,4224,10944,296448,443712,361472,339776,772672,0,1152,291200,0,0,0,0,0,0,0,0,0,0,0,0,0,0,443648,64,631,1500,4246416693,3544719108,761728,0
1156,1116416,0,0,0,4224,9472,344960,464896,292864,271552,840704,0,1216,339584,0,0,0,0,0,0,0,0,0,0,0,0,0,0,464768,128,642,1542,128113681,3236955025,831232,0
1157,1116928,0,0,0,4160,23808,361472,474816,252672,230848,881792,0,1216,356160,0,0,0,0,0,0,0,0,0,0,0,0,0,0,474752,64,647,1540,3478108181,2414174615,857984,0
1158,1116672,0,0,0,4224,9344,334080,429632,339392,318144,794176,0,1152,328960,0,0,0,0,0,0,0,0,0,0,0,0,0,0,429504,128,632,1497,1396365360,2811960697,784832,0
1159,1116800,0,0,0,4224,9728,416576,441024,245248,224192,888320,0,1216,411264,0,0,0,0,0,0,0,0,0,0,0,0,0,0,440896,128,638,1513,1462961572,1419012129,878592,0
1160,1116736,0,0,0,4224,9472,469632,464640,168768,147264,965248,0,1280,464384,0,0,0,0,0,0,0,0,0,0,0,0,0,0,464512,128,653,1561,11289654,4190925292,955776,0
1161,1116736,0,0,0,4160,9728,390848,463488,248512,227200,885184,0,1152,385664,0,0,0,0,0,0,0,0,0,0,0,0,0,0,463360,128,660,1586,2119042591,3153721859,875456,0
1162,1116928,0,0,0,6080,9728,432384,438016,230720,209088,903552,0,1280,427072,0,0,0,0,0,0,0,0,0,0,0,0,0,0,437888,128,643,1519,2865045626,4228116062,893824,0
1163,1116480,0,0,0,6144,9600,449920,446848,203968,182208,930048,0,1216,444608,0,0,0,0,0,0,0,0,0,0,0,0,0,0,446720,128,635,1506,2647836631,1064736940,920448,0
1164,1116992,0,0,0,6912,9600,443584,483072,173824,152128,960512,0,1216,438400,0,0,0,0,0,0,0,0,0,0,0,0,0,0,482944,128,658,1628,2604466359,3680298798,950912,0
1165,1116480,0,0,0,6272,9664,421696,454784,224064,202944,909248,0,1216,416512,0,0,0,0,0,0,0,0,0,0,0,0,0,0,454720,64,650,1614,1394868596,3353221711,899584,0
1166,1116736,0,0,0,4032,9792,551488,432512,118912,91776,1020544,0,1216,546176,0,0,0,0,0,0,0,0,0,0,0,0,0,0,432448,64,636,1558,2963580156,1790148633,1010752,0
1167,1116992,0,0,0,3968,9664,484544,420352,198464,177024,935680,0,1216,479296,0,0,0,0,0,0,0,0,0,0,0,0,0,0,420288,64,646,1575,714621598,3627040187,926016,0
1168,1116800,0,0,0,3968,9728,489600,440704,172800,151360,961088,0,1216,484288,0,0,0,0,0,0,0,0,0,0,0,0,0,0,440576,128,658,1618,2064864599,3204538935,951360,0
1169,1116736,0,0,0,3968,9280,483520,453184,166784,145088,967296,0,1088,478400,0,0,0,0,0,0,0,0,0,0,0,0,0,0,453056,128,654,1613,19567651,1014300452,958016,0
1170,1116736,0,0,0,4096,11008,451520,429312,220800,199232,913216,0,1152,446400,0,0,0,0,0,0,0,0,0,0,0,0,0,0,429184,128,637,1557,1566567243,3964550184,902208,0
1171,1116544,0,0,0,4992,9728,531264,469760,100800,78976,1033344,0,1216,526080,0,0,0,0,0,0,0,0,0,0,0,0,0,0,469632,128,632,1557,2537539415,4154922318,1023616,0
1172,1116864,0,0,0,5888,9408,543872,472256,85440,63808,1048832,0,1152,538816,0,0,0,0,0,0,0,0,0,0,0,0,0,0,472192,64,641,1597,1223117584,3681554520,1039424,0
1173,1677376,0,0,0,13696,9600,651712,521984,480384,458432,1214528,0,1216,646464,0,0,0,0,0,0,0,0,0,0,0,0,0,0,521856,128,628,1598,1498260693,3213776852,1204928,0
1174,1116288,0,0,0,3968,9728,489024,438400,175168,153600,958464,0,1152,483904,0,0,0,0,0,0,0,0,0,0,0,0,0,0,438272,128,611,1553,356502179,3328420325,948736,0
1175,1116672,0,0,0,4032,9792,497664,440064,165120,143552,968832,0,1280,492416,0,0,0,0,0,0,0,0,0,0,0,0,0,0,439936,128,581,1480,4037933482,38294401,959040,0
1176,1116736,0,0,0,4032,9344,553920,467776,81664,60352,1052160,0,1216,548608,0,0,0,0,0,0,0,0,0,0,0,0,0,0,467712,64,564,1423,2629841657,842182649,1042816,0
1177,2237056,0,0,0,4032,9664,537152,1133696,552512,530688,1702080,0,1344,531520,0,0,0,0,0,0,0,0,0,0,0,0,0,0,1133568,128,557,1411,2162159054,4037287377,1692416,0
1178,2237440,0,0,0,14336,25920,691136,1211392,294656,273344,1959680,0,1216,685888,0,0,0,0,0,0,0,0,0,0,0,0,0,0,1211264,128,550,1387,1177012269,3293779406,1933760,0
1179,1116992,0,0,0,6912,25472,431616,497792,155200,133824,978816,0,1152,426368,0,0,0,0,0,0,0,0,0,0,0,0,0,0,497664,128,560,1424,3334167368,3663055299,953344,0
1180,1677056,0,0,0,6080,25600,545728,546624,553024,531776,1140928,0,1216,540416,0,0,0,0,0,0,0,0,0,0,0,0,0,0,546560,64,598,1545,4214665556,1347138738,1115328,0
1181,1116608,0,0,0,6784,25856,441344,551488,91136,69248,1043072,0,1216,436032,0,0,0,0,0,0,0,0,0,0,0,0,0,0,551424,64,594,1540,2780142082,2410601355,1017216,0
1182,1116608,0,0,0,6016,31872,486336,530304,62080,34368,1077952,0,1280,480960,0,0,0,0,0,0,0,0,0,0,0,0,0,0,530176,128,583,1507,3778138246,2972807746,1046080,0
1183,1116800,0,0,0,5120,25600,455872,534016,96192,75072,1037312,0,1344,450496,0,0,0,0,0,0,0,0,0,0,0,0,0,0,533888,128,589,1529,2748330035,848666036,1011712,0
1184,1116672,0,0,0,4416,25536,490112,554944,41664,19776,1092480,0,1280,484800,0,0,0,0,0,0,0,0,0,0,0,0,0,0,554816,128,605,1573,2465739913,2202609004,1066944,0
1185,1116928,0,0,0,4416,25984,450240,560640,75648,53888,1058688,0,1216,444992,0,0,0,0,0,0,0,0,0,0,0,0,0,0,560576,64,602,1566,4249135864,3852248108,1032704,0
1186,1676672,0,0,0,10304,26048,754560,687872,197888,171776,1500224,0,1216,749184,0,0,0,0,0,0,0,0,0,0,0,0,0,0,687744,128,589,1515,1663981106,3873669358,1474176,0
1187,1676800,0,0,0,4544,25792,583744,589824,472896,446720,1225536,0,1216,578304,0,0,0,0,0,0,0,0,0,0,0,0,0,0,589696,128,588,1502,4071216737,3785085259,1199744,0
1188,1676864,0,0,0,4480,25856,590272,606976,449280,423232,1249024,0,1152,585088,0,0,0,0,0,0,0,0,0,0,0,0,0,0,606848,128,610,1547,1931344707,147596441,1223168,0
1189,1676864,0,0,0,5376,25408,577216,611776,457088,431040,1241280,0,1152,571776,0,0,0,0,0,0,0,0,0,0,0,0,0,0,611648,128,607,1536,3779751208,1828934391,1215872,0
1190,1677184,0,0,0,6272,25408,550592,571648,523264,497024,1175680,0,1216,545344,0,0,0,0,0,0,0,0,0,0,0,0,0,0,571520,128,587,1474,1678177816,1560913541,1150272,0
1191,1676928,0,0,0,5568,25920,543936,571072,530432,504576,1167744,0,1152,538816,0,0,0,0,0,0,0,0,0,0,0,0,0,0,570880,192,578,1448,2819905735,3485848247,1141824,0
1192,1677184,0,0,0,4352,25984,615872,672256,358720,332544,1340096,0,1216,610432,0,0,0,0,0,0,0,0,0,0,0,0,0,0,672192,64,605,1529,3373253992,3683650328,1314112,0
1193,1677120,0,0,0,4416,26176,519936,600768,525824,499776,1172672,0,1216,514496,0,0,0,0,0,0,0,0,0,0,0,0,0,0,600640,128,599,1509,3286810727,4010118087,1146496,0
1194,1676416,0,0,0,5248,27712,501376,569344,572736,546624,1125120,0,1344,495936,0,0,0,0,0,0,0,0,0,0,0,0,0,0,569216,128,589,1466,3319443337,1451306951,1097408,0
1195,1677056,0,0,0,6272,25920,487168,569280,588416,562560,1109888,0,1280,481856,0,0,0,0,0,0,0,0,0,0,0,0,0,0,569152,128,579,1447,1479383888,2433242034,1083968,0
1196,1676544,0,0,0,5504,25664,644928,547456,452992,427008,1244928,0,1280,639488,0,0,0,0,0,0,0,0,0,0,0,0,0,0,547328,128,574,1406,3539853041,4108890252,1219264,0
1197,1116736,0,0,0,4224,25472,377792,510784,198464,171968,940288,0,1216,372352,0,0,0,0,0,0,0,0,0,0,0,0,0,0,510656,128,564,1395,3716380335,487618305,914816,0
1198,1116352,0,0,0,4288,25600,375040,479296,232128,200320,911552,0,1152,369664,0,0,0,0,0,0,0,0,0,0,0,0,0,0,479168,128,555,1353,2308959173,645095562,885952,0
1199,1117184,0,0,0,4288,25856,421248,506048,159744,133760,978944,0,1216,415872,0,0,0,0,0,0,0,0,0,0,0,0,0,0,505920,128,559,1355,1685842138,3634597615,953088,0
1200,1116544,0,0,0,5120,25728,424384,622912,38400,12352,1099648,0,1216,419072,0,0,0,0,0,0,0,0,0,0,0,0,0,0,622784,128,571,1394,848505130,157672978,1073920,0
1201,1116928,0,0,0,6144,25152,310976,559936,214720,188288,924160,0,1216,305792,0,0,0,0,0,0,0,0,0,0,0,0,0,0,559872,64,569,1393,4175932943,1259075591,899008,0
1202,1116096,0,0,0,6272,25088,296256,531264,257216,231168,880448,0,1216,290880,0,0,0,0,0,0,0,0,0,0,0,0,0,0,531136,128,554,1349,1793803646,4055622656,855360,0
1203,1117504,0,0,0,4160,25408,312576,536704,238656,212608,900352,0,1344,307200,0,0,0,0,0,0,0,0,0,0,0,0,0,0,536576,128,554,1351,1725098153,1400581438,874944,0
1204,1116672,0,0,0,4160,25088,384192,552512,150720,124544,987648,0,1152,378880,0,0,0,0,0,0,0,0,0,0,0,0,0,0,552384,128,565,1377,980430467,3906202777,962560,0
1205,1116736,0,0,0,4096,25216,358400,555264,173760,147904,964352,0,1216,353088,0,0,0,0,0,0,0,0,0,0,0,0,0,0,555200,64,566,1380,3471055175,1145414069,939136,0
1206,1116736,0,0,0,4096,25024,300096,520512,267008,240768,871552,0,1280,294720,0,0,0,0,0,0,0,0,0,0,0,0,0,0,520448,64,538,1303,1720324675,739859194,846528,0
1207,1116736,0,0,0,4096,25088,302848,522560,262144,236352,875776,0,1152,297664,0,0,0,0,0,0,0,0,0,0,0,0,0,0,522432,128,542,1307,2944989370,91383976,850688,0
1208,1116928,0,0,0,4096,26560,431488,579776,75008,48960,1063360,0,1280,426048,0,0,0,0,0,0,0,0,0,0,0,0,0,0,579648,128,543,1344,2263364449,3956409644,1036800,0
1209,1116544,0,0,0,8640,25728,467520,562560,52096,26112,1085632,0,1216,462208,0,0,0,0,0,0,0,0,0,0,0,0,0,0,562432,128,558,1362,625840249,1966012778,1059904,0
1210,1115392,0,0,0,4288,25024,494464,553344,38272,14080,1096832,0,1280,489152,0,0,0,0,0,0,0,0,0,0,0,0,0,0,553216,128,515,1258,1572111732,3066491597,1071808,0
1211,1116992,0,0,0,4352,9792,410560,555456,136832,112576,999808,0,1216,405312,0,0,0,0,0,0,0,0,0,0,0,0,0,0,555328,128,519,1276,3134451753,3885762866,990016,0
1212,1116608,0,0,0,6208,9920,423168,581184,96128,71936,1040064,0,1152,417920,0,0,0,0,0,0,0,0,0,0,0,0,0,0,581120,64,538,1333,457078925,3459681511,1030144,0
1213,1117056,0,0,0,6144,24448,369472,580032,136960,112384,1000064,0,1280,364096,0,0,0,0,0,0,0,0,0,0,0,0,0,0,579904,128,542,1340,3902205798,1282205971,975616,0
1214,1116736,0,0,0,5440,9920,309184,543808,248384,218240,893824,0,1152,304000,0,0,0,0,0,0,0,0,0,0,0,0,0,0,543680,128,527,1293,2410882421,3848844323,883904,0
1215,1116608,0,0,0,4160,9792,283840,522176,296640,272384,839744,0,1216,278528,0,0,0,0,0,0,0,0,0,0,0,0,0,0,522048,128,526,1292,2933588737,2027288155,829952,0
1216,1116224,0,0,0,4032,9856,319104,533632,249600,225088,886656,0,1280,313792,0,0,0,0,0,0,0,0,0,0,0,0,0,0,533504,128,525,1298,3241757940,3535898199,876800,0
1217,1116736,0,0,0,6016,24640,291072,535168,259840,235520,876800,0,1216,285952,0,0,0,0,0,0,0,0,0,0,0,0,0,0,535040,128,528,1302,1656610155,4177513435,852160,0
1218,1116736,0,0,0,5248,9280,359808,495616,246784,222144,890368,0,1216,354560,0,0,0,0,0,0,0,0,0,0,0,0,0,0,495488,128,525,1278,1274056633,1489832820,881088,0
1219,1116608,0,0,0,4032,9408,299520,486208,317440,293120,819264,0,1152,294400,0,0,0,0,0,0,0,0,0,0,0,0,0,0,486080,128,529,1288,1149071966,2266347053,809856,0
1220,1116544,0,0,0,4032,9472,322624,506944,273472,249216,863040,0,1216,317248,0,0,0,0,0,0,0,0,0,0,0,0,0,0,506880,64,523,1277,147195760,1242846684,853568,0
1221,1116736,0,0,0,4096,9344,277312,477568,348416,324288,788160,0,1216,272064,0,0,0,0,0,0,0,0,0,0,0,0,0,0,477440,128,526,1275,3942988751,1177412890,778816,0
1222,1116928,0,0,0,5824,9536,287424,446272,367872,343552,769088,0,1280,282048,0,0,0,0,0,0,0,0,0,0,0,0,0,0,446144,128,511,1220,1650445777,381837866,759552,0
1223,1116864,0,0,0,12032,9536,324992,468288,302016,272384,840064,0,1152,317888,0,0,0,0,0,0,0,0,0,0,0,0,0,0,468160,128,507,1225,2585174636,1579735826,830528,0
1224,1118336,0,0,0,5952,11072,285120,442944,373248,347328,766720,0,1152,279936,0,0,0,0,0,0,0,0,0,0,0,0,0,0,442816,128,501,1216,3337280316,2891788782,755648,0
1225,1116800,0,0,0,5056,9536,289024,429952,383232,357184,755392,0,1152,283968,0,0,0,0,0,0,0,0,0,0,0,0,0,0,429824,128,525,1259,660429729,917085450,745856,0
1226,1116800,0,0,0,3840,9600,281024,471424,350912,325056,787520,0,1216,275648,0,0,0,0,0,0,0,0,0,0,0,0,0,0,471296,128,584,1460,685224359,2749823871,777920,0
1227,1116736,0,0,0,3904,9408,339648,448896,314880,288832,823744,0,1216,334144,0,0,0,0,0,0,0,0,0,0,0,0,0,0,448768,128,649,1604,762885393,984317264,814336,0
1228,1116800,0,0,0,3840,9536,282496,447616,373312,347008,765504,0,1152,277248,0,0,0,0,0,0,0,0,0,0,0,0,0,0,447488,128,633,1540,306097216,103117195,755968,0
1229,1116224,0,0,0,3776,9728,326272,459968,316480,290624,821376,0,1152,320896,0,0,0,0,0,0,0,0,0,0,0,0,0,0,459840,128,633,1538,662858212,252462404,811648,0
1230,1116928,0,0,0,3840,9472,358720,455552,289344,257920,854784,0,1280,353280,0,0,0,0,0,0,0,0,0,0,0,0,0,0,455424,128,634,1535,1365294725,1711073546,845312,0
1231,1116992,0,0,0,3840,9664,280704,458624,364160,338176,774464,0,1216,275328,0,0,0,0,0,0,0,0,0,0,0,0,0,0,458496,128,638,1543,3514786529,4263508120,764800,0
1232,1116608,0,0,0,3904,9664,282176,449856,371008,344896,767488,0,1216,276864,0,0,0,0,0,0,0,0,0,0,0,0,0,0,449728,128,631,1524,1807260896,950494121,757824,0
1233,1116800,0,0,0,3840,9216,283520,448256,371968,345984,766592,0,1216,278144,0,0,0,0,0,0,0,0,0,0,0,0,0,0,448064,192,623,1505,1607985966,121283043,757376,0
1234,1117632,0,0,0,10816,9792,385472,499008,212544,186368,926976,0,1152,380160,0,0,0,0,0,0,0,0,0,0,0,0,0,0,498944,64,629,1516,1424218508,3713548929,917184,0
1235,1116352,0,0,0,4160,9472,381888,530112,190720,164736,947328,0,1216,376512,0,0,0,0,0,0,0,0,0,0,0,0,0,0,529984,128,628,1528,556730604,2893301715,937856,0
1236,1116672,0,0,0,4096,9856,438080,523648,140992,115008,997376,0,1216,432768,0,0,0,0,0,0,0,0,0,0,0,0,0,0,523520,128,636,1536,2558517432,2571420090,987520,0
1237,1116800,0,0,0,4160,9472,404672,521088,177408,151360,961088,0,1216,399360,0,0,0,0,0,0,0,0,0,0,0,0,0,0,520960,128,633,1531,79113236,1592639965,951616,0
1238,1116736,0,0,0,4096,9408,414720,509632,178880,152640,959872,0,1280,409408,0,0,0,0,0,0,0,0,0,0,0,0,0,0,509504,128,637,1533,1108706364,2931604106,950464,0
1239,1116800,0,0,0,6016,10880,309568,467968,322368,296576,815936,0,1216,304192,0,0,0,0,0,0,0,0,0,0,0,0,0,0,467840,128,641,1541,153475635,3308669798,805056,0
1240,1116672,0,0,0,5952,9280,283776,467904,349760,323520,788928,0,1280,278464,0,0,0,0,0,0,0,0,0,0,0,0,0,0,467776,128,641,1545,1545065365,1497095117,779648,0
1241,1116672,0,0,0,6656,9472,338176,461632,300736,274816,837504,0,1216,332864,0,0,0,0,0,0,0,0,0,0,0,0,0,0,461504,128,649,1558,1895115084,2110523493,828032,0
1242,1115328,0,0,0,5888,9536,284416,441472,374016,349696,761344,0,1216,279232,0,0,0,0,0,0,0,0,0,0,0,0,0,0,441408,64,662,1572,737206304,3114655384,751808,0
1243,1116736,0,0,0,6400,9536,283200,444160,373440,348736,763584,0,1216,277952,0,0,0,0,0,0,0,0,0,0,0,0,0,0,444032,128,659,1567,2707901051,666955328,754048,0
1244,1116800,0,0,0,7488,9408,251392,435712,412800,387968,724480,0,1216,245760,0,0,0,0,0,0,0,0,0,0,0,0,0,0,435584,128,657,1564,3627911620,573512197,715072,0
1245,1116544,0,0,0,4352,9536,248768,436736,417152,392832,719424,0,1152,243584,0,0,0,0,0,0,0,0,0,0,0,0,0,0,436608,128,653,1560,2902337124,1859742658,709888,0
1246,1678656,0,0,0,16704,24448,600256,685184,352064,321152,1352896,0,1216,595008,0,0,0,0,0,0,0,0,0,0,0,0,0,0,685056,128,652,1547,2753831352,260214572,1328448,0
1247,1115008,0,0,0,4032,24384,322688,488192,275712,251200,859520,0,1280,317376,0,0,0,0,0,0,0,0,0,0,0,0,0,0,488064,128,656,1558,3757342886,2590757957,835136,0
1248,1116672,0,0,0,3968,24128,230912,460224,397440,373056,739264,0,1344,225536,0,0,0,0,0,0,0,0,0,0,0,0,0,0,460096,128,659,1564,2839111389,3161490270,715136,0
1249,1116800,0,0,0,4032,9472,239808,465024,398464,374080,738368,0,1152,234432,0,0,0,0,0,0,0,0,0,0,0,0,0,0,464896,128,663,1580,1664716041,1652104033,728896,0
1250,1116672,0,0,0,4096,9344,369024,511680,222528,197760,914560,0,1152,363776,0,0,0,0,0,0,0,0,0,0,0,0,0,0,511616,64,654,1581,930376346,1107043834,905216,0
1251,1116672,0,0,0,3968,9600,326400,508160,268544,244096,868224,0,1216,321024,0,0,0,0,0,0,0,0,0,0,0,0,0,0,508032,128,649,1587,4286261118,3624740637,858624,0
1252,1676928,0,0,0,11904,9728,615488,499520,540288,515712,1156864,0,1216,610176,0,0,0,0,0,0,0,0,0,0,0,0,0,0,499392,128,675,1630,235741448,1068245872,1147136,0
1253,2237184,0,0,0,11584,26048,1024384,595392,579776,555264,1677504,0,1152,1019008,0,0,0,0,0,0,0,0,0,0,0,0,0,0,595264,128,671,1657,3219575409,3047677071,1651456,0
1254,1116736,0,0,0,6336,24640,301120,559936,224704,200000,912448,0,1344,295680,0,0,0,0,0,0,0,0,0,0,0,0,0,0,559808,128,667,1647,3780236559,721548526,887808,0
1255,1116672,0,0,0,5568,23872,324672,531264,231296,206976,905344,0,1280,319424,0,0,0,0,0,0,0,0,0,0,0,0,0,0,531136,128,660,1624,3526448475,3066724291,881472,0
1256,1116800,0,0,0,4288,9472,326848,537664,238528,213952,898624,0,1280,321408,0,0,0,0,0,0,0,0,0,0,0,0,0,0,537536,128,659,1639,3978867219,3146961465,889152,0
1257,1117184,0,0,0,4352,9728,362816,558528,181760,156992,955840,0,1216,357568,0,0,0,0,0,0,0,0,0,0,0,0,0,0,558400,128,670,1642,4240548511,1661639061,946112,0
1258,1116480,0,0,0,4352,9600,344832,487488,270208,245568,866560,0,1280,339520,0,0,0,0,0,0,0,0,0,0,0,0,0,0,487424,64,635,1554,2744616389,2835954129,856960,0
1259,1116480,0,0,0,4352,9536,432704,420800,249088,224768,887488,0,1216,427328,0,0,0,0,0,0,0,0,0,0,0,0,0,0,420672,128,580,1367,768557516,663663113,877952,0
1260,1117248,0,0,0,4416,9280,368128,406976,328448,303872,809152,0,1280,362752,0,0,0,0,0,0,0,0,0,0,0,0,0,0,406912,64,593,1378,2968205766,4160998855,799872,0
1261,1116160,0,0,0,6144,9408,400256,409984,290368,265728,845952,0,1152,394944,0,0,0,0,0,0,0,0,0,0,0,0,0,0,409856,128,571,1331,3921282917,2273124792,836544,0
1262,1117120,0,0,0,6272,9920,374720,400064,326144,295616,817024,0,1152,369408,0,0,0,0,0,0,0,0,0,0,0,0,0,0,400000,64,564,1297,1787091425,1638004197,807104,0
1263,1676544,0,0,0,5440,9600,473472,863936,324096,299776,1372352,0,1152,468224,0,0,0,0,0,0,0,0,0,0,0,0,0,0,863808,128,557,1295,2433254559,3894488788,1362752,0
1264,1116864,0,0,0,9408,9408,457216,406528,234304,209600,902912,0,1216,451840,0,0,0,0,0,0,0,0,0,0,0,0,0,0,406400,128,560,1313,1577408896,309653761,893504,0
1265,1116864,0,0,0,4352,9344,575744,393984,133440,108864,1003776,0,1088,570624,0,0,0,0,0,0,0,0,0,0,0,0,0,0,393856,128,571,1319,4091388326,1783597062,994432,0
1266,1116672,0,0,0,6272,9664,627392,386304,87040,62400,1049728,0,1088,622208,0,0,0,0,0,0,0,0,0,0,0,0,0,0,386176,128,550,1276,3912947156,1001054606,1040064,0
1267,1116672,0,0,0,6208,10944,630656,399488,69376,44928,1067328,0,1216,625280,0,0,0,0,0,0,0,0,0,0,0,0,0,0,399360,128,554,1267,1835502413,1700044385,1056384,0
1268,1116736,0,0,0,5312,9408,614592,375232,112192,87424,1025024,0,1152,609280,0,0,0,0,0,0,0,0,0,0,0,0,0,0,375104,128,564,1284,2198633648,2183048730,1015616,0
1269,1116800,0,0,0,4288,9408,646464,399872,56768,32448,1080064,0,1216,641088,0,0,0,0,0,0,0,0,0,0,0,0,0,0,399744,128,571,1291,3310432908,1965164579,1070656,0
1270,1116672,0,0,0,4288,9536,558848,389312,154688,130240,982144,0,1216,553536,0,0,0,0,0,0,0,0,0,0,0,0,0,0,389184,128,558,1281,3435550436,2032109081,972608,0
1271,1116416,0,0,0,4288,9536,492672,392128,217792,193856,918272,0,1280,487232,0,0,0,0,0,0,0,0,0,0,0,0,0,0,392000,128,560,1308,1358739361,1395562945,908736,0
1272,1116928,0,0,0,6272,9600,484864,384576,231616,207040,905408,0,1152,479616,0,0,0,0,0,0,0,0,0,0,0,0,0,0,384448,128,573,1317,4091952929,1570094509,895808,0
1273,1116672,0,0,0,6272,9472,585536,450112,65280,40832,1071424,0,1152,580224,0,0,0,0,0,0,0,0,0,0,0,0,0,0,450048,64,579,1316,1017921098,916760749,1061952,0
1274,1117056,0,0,0,5440,9600,484032,376832,241152,216512,896128,0,1216,478720,0,0,0,0,0,0,0,0,0,0,0,0,0,0,376704,128,562,1280,3738455493,2802711350,886528,0
1275,1116608,0,0,0,8576,9536,546368,429504,122624,97728,1014656,0,1344,540864,0,0,0,0,0,0,0,0,0,0,0,0,0,0,429376,128,571,1331,2475961635,1125441143,1005120,0
1276,1117184,0,0,0,4416,9472,525760,444992,132544,107072,1005824,0,1152,520512,0,0,0,0,0,0,0,0,0,0,0,0,0,0,444864,128,578,1394,2489530388,489714758,996352,0
1277,1116160,0,0,0,4352,24192,398464,453248,235904,211200,900736,0,1152,393152,0,0,0,0,0,0,0,0,0,0,0,0,0,0,453120,128,575,1379,1998683065,3674747508,876544,0
1278,1116416,0,0,0,6848,9472,408768,446464,244864,211520,900672,0,1216,403520,0,0,0,0,0,0,0,0,0,0,0,0,0,0,446336,128,585,1399,2290908575,2430839906,891200,0
1279,1677056,0,0,0,21248,9728,624256,465408,556416,521984,1150720,0,1408,617856,0,0,0,0,0,0,0,0,0,0,0,0,0,0,465280,128,581,1388,1061274812,845898769,1140992,0
1280,1117248,0,0,0,21376,9472,451008,449152,186240,160960,952064,0,1280,445696,0,0,0,0,0,0,0,0,0,0,0,0,0,0,449024,128,597,1440,845166822,1440896854,942592,0
1281,1116032,0,0,0,4288,9024,390272,440832,271616,251776,860352,0,1216,385152,0,0,0,0,0,0,0,0,0,0,0,0,0,0,440704,128,596,1462,1410262274,3465901933,851328,0
1282,1116544,0,0,0,4224,10240,353856,417600,330624,310656,802048,0,1152,348672,0,0,0,0,0,0,0,0,0,0,0,0,0,0,417536,64,604,1462,1513844791,1718878808,791808,0
1283,1116800,0,0,0,4352,9216,331264,406272,365696,345984,766912,0,1216,325952,0,0,0,0,0,0,0,0,0,0,0,0,0,0,406144,128,604,1475,216095490,2840943404,757696,0
1284,1116800,0,0,0,6208,9024,392704,423232,285632,265728,847104,0,1216,387392,0,0,0,0,0,0,0,0,0,0,0,0,0,0,423104,128,595,1454,1619477185,1596328983,838080,0
1285,1116864,0,0,0,6656,9152,347776,417728,335552,315712,797312,0,1152,342592,0,0,0,0,0,0,0,0,0,0,0,0,0,0,417600,128,612,1485,1844122374,4278148254,788160,0
1286,1116608,0,0,0,7936,9344,357632,401344,340352,320384,792128,0,1216,352128,0,0,0,0,0,0,0,0,0,0,0,0,0,0,401280,64,591,1422,2454874145,3175831860,782784,0
1287,1116928,0,0,0,6720,9152,514944,490368,95744,75712,1037248,0,1280,509632,0,0,0,0,0,0,0,0,0,0,0,0,0,0,490240,128,598,1477,2276207644,2783966260,1028096,0
1288,1116864,0,0,0,5184,9280,342336,402048,358016,338048,774848,0,1152,337088,0,0,0,0,0,0,0,0,0,0,0,0,0,0,401920,128,601,1488,1670161716,3932095366,765568,0
1289,1116672,0,0,0,4032,8960,505216,437504,160960,141184,971648,0,1280,500096,0,0,0,0,0,0,0,0,0,0,0,0,0,0,437440,64,607,1491,1675354708,318934085,962688,0
1290,1116480,0,0,0,4992,9088,362560,398464,341376,321280,791296,0,1216,357376,0,0,0,0,0,0,0,0,0,0,0,0,0,0,398336,128,609,1490,751782681,4290742802,782208,0
1291,1117184,0,0,0,5888,9152,369088,376320,356736,336512,776768,0,1216,363840,0,0,0,0,0,0,0,0,0,0,0,0,0,0,376192,128,611,1489,543527175,320292172,767616,0
1292,1116416,0,0,0,5184,9344,386944,389056,325888,306304,806144,0,1152,381760,0,0,0,0,0,0,0,0,0,0,0,0,0,0,388928,128,604,1469,2465430805,1071772595,796800,0
1293,1116992,0,0,0,3840,9344,441408,392256,270144,250176,862912,0,1216,436096,0,0,0,0,0,0,0,0,0,0,0,0,0,0,392128,128,603,1469,1894435754,2510449085,853568,0
1294,1116608,0,0,0,3968,8896,394112,410048,299584,274304,838528,0,1152,388800,0,0,0,0,0,0,0,0,0,0,0,0,0,0,409920,128,602,1486,381444179,2651360615,829632,0
1295,1116864,0,0,0,8320,9344,450752,428672,219776,200192,912640,0,1152,445440,0,0,0,0,0,0,0,0,0,0,0,0,0,0,428544,128,589,1447,4097868726,2821261641,903296,0
1296,1116800,0,0,0,8384,9216,450304,417856,231040,211136,901760,0,1216,444992,0,0,0,0,0,0,0,0,0,0,0,0,0,0,417728,128,588,1444,3646503655,2567503288,892544,0
1297,1116800,0,0,0,4224,10432,396544,402304,303296,283584,829248,0,1216,391296,0,0,0,0,0,0,0,0,0,0,0,0,0,0,402176,128,597,1465,1666111853,2868391316,818816,0
1298,1116736,0,0,0,6272,9152,384832,409856,306624,286656,826304,0,1216,379584,0,0,0,0,0,0,0,0,0,0,0,0,0,0,409728,128,598,1468,3020984074,2179841777,817152,0
1299,1116672,0,0,0,6592,9152,392640,390144,318144,298688,814016,0,1280,387136,0,0,0,0,0,0,0,0,0,0,0,0,0,0,390016,128,603,1484,2543848843,2772442257,804864,0
1300,1116928,0,0,0,5568,9216,376896,401472,323776,303936,809024,0,1216,371648,0,0,0,0,0,0,0,0,0,0,0,0,0,0,401408,64,606,1489,408983,3124716021,799808,0
1301,1116864,0,0,0,4032,9088,370560,370496,362688,342784,770240,0,1216,365376,0,0,0,0,0,0,0,0,0,0,0,0,0,0,370368,128,608,1492,3980466703,3048512011,761152,0
1302,1116672,0,0,0,3968,9216,463104,391232,249152,229184,883648,0,1216,457856,0,0,0,0,0,0,0,0,0,0,0,0,0,0,391104,128,601,1473,252537286,2207005229,874432,0
1303,1116608,0,0,0,3840,9152,381120,378944,343552,323904,788864,0,1152,375936,0,0,0,0,0,0,0,0,0,0,0,0,0,0,378816,128,598,1468,1924794839,871500406,779712,0
1304,1116736,0,0,0,4032,8768,514368,371328,218240,198400,914560,0,1152,509120,0,0,0,0,0,0,0,0,0,0,0,0,0,0,371200,128,595,1466,1200571523,505379933,905792,0
1305,1116736,0,0,0,3968,9152,393408,391936,318272,298432,814464,0,1216,388032,0,0,0,0,0,0,0,0,0,0,0,0,0,0,391808,128,586,1448,440232855,1436311206,805312,0
1306,1116928,0,0,0,3968,8896,482432,374208,247424,227328,885760,0,1280,477184,0,0,0,0,0,0,0,0,0,0,0,0,0,0,374080,128,596,1463,1744300415,309169815,876864,0
1307,1116416,0,0,0,3968,24256,403136,373568,311488,290368,822208,0,1216,398016,0,0,0,0,0,0,0,0,0,0,0,0,0,0,373440,128,591,1450,1263145215,3943324851,797952,0
1308,1116800,0,0,0,4800,8768,496960,377664,228608,208576,904448,0,1216,491712,0,0,0,0,0,0,0,0,0,0,0,0,0,0,377536,128,598,1458,798657621,1524155473,895680,0
1309,1116736,0,0,0,2624,9024,465216,404672,235200,215616,897344,0,1216,459968,0,0,0,0,0,0,0,0,0,0,0,0,0,0,404480,192,600,1439,1380375206,3823666089,888320,0
1310,1116672,0,0,0,2688,9024,422016,400256,282688,255488,857344,0,1152,416832,0,0,0,0,0,0,0,0,0,0,0,0,0,0,400128,128,597,1418,1168342359,936820983,848320,0
1311,1116736,0,0,0,2560,8768,384960,376704,343744,323904,789056,0,1088,379840,0,0,0,0,0,0,0,0,0,0,0,0,0,0,376576,128,605,1427,2006102298,3347306134,780288,0
1312,1117056,0,0,0,2624,10176,406208,384768,313280,293504,819648,0,1152,401024,0,0,0,0,0,0,0,0,0,0,0,0,0,0,384640,128,599,1405,2388881399,1092410558,809472,0
1313,1116352,0,0,0,2560,8896,366848,395520,342528,322496,790080,0,1216,361664,0,0,0,0,0,0,0,0,0,0,0,0,0,0,395392,128,601,1410,3658670514,3511002085,781184,0
1314,1116416,0,0,0,2560,8960,388608,378880,337408,317632,795008,0,1152,383360,0,0,0,0,0,0,0,0,0,0,0,0,0,0,378752,128,603,1423,2392451828,1876206993,786048,0
1315,1117056,0,0,0,2624,9024,298176,368320,438912,418304,694976,0,1152,292992,0,0,0,0,0,0,0,0,0,0,0,0,0,0,368192,128,593,1413,1631072495,552934905,685952,0
1316,1116736,0,0,0,2560,8896,307904,408256,389120,369280,743616,0,1152,302784,0,0,0,0,0,0,0,0,0,0,0,0,0,0,408128,128,589,1402,1654875744,4189743838,734720,0
1317,1117376,0,0,0,2560,9024,352512,376256,377024,356608,756864,0,1216,347264,0,0,0,0,0,0,0,0,0,0,0,0,0,0,376128,128,593,1414,3707432308,3174349466,747840,0
1318,1116096,0,0,0,2624,8960,420032,385856,298624,278784,833472,0,1216,414848,0,0,0,0,0,0,0,0,0,0,0,0,0,0,385728,128,590,1379,1024108045,1776787354,824512,0
1319,1116608,0,0,0,2560,9024,281792,355584,467648,447936,664832,0,1280,276416,0,0,0,0,0,0,0,0,0,0,0,0,0,0,355456,128,590,1380,2027884279,992483989,655808,0
1320,1117056,0,0,0,2560,9024,275072,343424,486976,466944,646272,0,1152,269888,0,0,0,0,0,0,0,0,0,0,0,0,0,0,343360,64,590,1386,3968389722,2465926505,637248,0
1321,1116608,0,0,0,2624,8960,272640,364096,468288,448320,664512,0,1152,267392,0,0,0,0,0,0,0,0,0,0,0,0,0,0,363968,128,582,1378,4063341721,936207607,655552,0
1322,1116544,0,0,0,2624,8704,330112,374144,400960,381248,731520,0,1152,324928,0,0,0,0,0,0,0,0,0,0,0,0,0,0,374016,128,577,1372,4018420097,2045043801,722816,0
1323,1116928,0,0,0,2560,9216,282240,364544,458368,438528,674496,0,1152,277056,0,0,0,0,0,0,0,0,0,0,0,0,0,0,364416,128,558,1331,2510642938,1347193834,665280,0
1324,1117440,0,0,0,2624,8832,359680,369216,377088,356992,756672,0,1216,354432,0,0,0,0,0,0,0,0,0,0,0,0,0,0,369152,64,552,1307,1529729475,3537139879,747840,0
1325,1115904,0,0,0,2560,9024,353216,446400,304704,284928,827136,0,1280,347904,0,0,0,0,0,0,0,0,0,0,0,0,0,0,446272,128,560,1324,1639506281,1989184646,818112,0
1326,1116736,0,0,0,3200,9088,341312,383104,380032,354560,758464,0,1280,335936,0,0,0,0,0,0,0,0,0,0,0,0,0,0,382976,128,554,1319,1525375953,3546971475,749376,0
1327,1116800,0,0,0,26752,12608,549952,412160,115328,87104,1023616,0,1280,540800,0,0,0,0,0,0,0,0,0,0,0,0,0,0,412032,128,568,1348,2584761565,4186980473,1011008,0
1328,1116864,0,0,0,5888,9472,403328,404224,293952,273408,839168,0,1216,398080,0,0,0,0,0,0,0,0,0,0,0,0,0,0,404160,64,564,1333,3258061169,2632044517,829696,0
1329,1116032,0,0,0,5952,9536,379648,392320,328576,308544,803136,0,1216,374464,0,0,0,0,0,0,0,0,0,0,0,0,0,0,392192,128,570,1343,4252450447,3844487804,793600,0
1330,1117056,0,0,0,5952,9664,443776,400768,256896,236480,876224,0,1280,438400,0,0,0,0,0,0,0,0,0,0,0,0,0,0,400640,128,564,1332,3401306947,3906380070,866560,0
1331,1677632,0,0,0,12416,24896,843968,511616,284736,264320,1408448,0,2752,833920,0,0,0,0,0,0,0,0,0,0,0,0,0,0,511488,128,600,1393,3515800392,74527396,1383552,0
1332,1115840,0,0,0,8448,8960,325376,426752,346304,326464,785408,0,1280,320064,0,0,0,0,0,0,0,0,0,0,0,0,0,0,426624,128,601,1405,2976229821,1261679848,776448,0
1333,1117312,0,0,0,6208,23936,269312,450112,367744,347776,765696,0,1152,264064,0,0,0,0,0,0,0,0,0,0,0,0,0,0,449984,128,604,1426,1409076632,390855335,741760,0
1334,1116672,0,0,0,6208,9344,271808,455488,373824,354304,758528,0,1152,266624,0,0,0,0,0,0,0,0,0,0,0,0,0,0,455360,128,597,1411,3086135896,4264006363,749184,0
1335,1116864,0,0,0,5440,9024,365696,488000,248704,228928,884032,0,1152,360512,0,0,0,0,0,0,0,0,0,0,0,0,0,0,487872,128,594,1412,4029176666,2585845034,875008,0
1336,1116800,0,0,0,4416,8960,314432,447168,341824,321792,791104,0,1216,309248,0,0,0,0,0,0,0,0,0,0,0,0,0,0,447104,64,585,1385,3075533355,1377211501,782144,0
1337,1116992,0,0,0,4352,23488,369344,481280,238528,218560,894592,0,1280,364032,0,0,0,0,0,0,0,0,0,0,0,0,0,0,481152,128,591,1404,83164189,4059235564,871104,0
1338,1116288,0,0,0,6336,8896,305664,425152,370240,350592,761856,0,1216,300416,0,0,0,0,0,0,0,0,0,0,0,0,0,0,425024,128,584,1372,454135951,3461936005,752960,0
1339,1116992,0,0,0,6912,9216,321664,430016,349184,329216,783872,0,1216,316416,0,0,0,0,0,0,0,0,0,0,0,0,0,0,429888,128,600,1409,3705483967,895518287,774656,0
1340,1116928,0,0,0,6784,9088,383936,442944,274176,254144,858880,0,1216,378560,0,0,0,0,0,0,0,0,0,0,0,0,0,0,442816,128,588,1400,3854540970,2414738889,849792,0
1341,1116288,0,0,0,5376,9024,353984,437376,310528,290112,822336,0,1152,348800,0,0,0,0,0,0,0,0,0,0,0,0,0,0,437248,128,579,1390,2648640918,1298150778,813312,0
1342,1116864,0,0,0,4160,10112,350336,433728,318528,292544,820544,0,1216,345152,0,0,0,0,0,0,0,0,0,0,0,0,0,0,433600,128,578,1379,2821908449,1758721208,810432,0
1343,1116480,0,0,0,4160,9152,296768,415424,390976,371584,740992,0,1152,291584,0,0,0,0,0,0,0,0,0,0,0,0,0,0,415296,128,582,1390,2203647760,2138607443,731840,0
1344,1116672,0,0,0,8576,9408,432832,624256,41600,21568,1091072,0,1664,427200,0,0,0,0,0,0,0,0,0,0,0,0,0,0,624128,128,596,1418,3654699321,3348461460,1081664,0
1345,1116800,0,0,0,4416,9536,321024,547456,234368,214464,898176,0,1280,315712,0,0,0,0,0,0,0,0,0,0,0,0,0,0,547328,128,604,1434,262344958,1259965330,888640,0
1346,1116608,0,0,0,4480,9344,332224,559808,210752,191232,921280,0,1216,326976,0,0,0,0,0,0,0,0,0,0,0,0,0,0,559680,128,608,1450,2250095098,2126435505,911936,0
1347,1116672,0,0,0,6720,9600,332800,562112,205440,185472,927104,0,1216,327552,0,0,0,0,0,0,0,0,0,0,0,0,0,0,562048,64,607,1499,1073791441,2937846364,917504,0
1348,1116672,0,0,0,6912,9344,326592,475008,298816,279104,833536,0,1280,321280,0,0,0,0,0,0,0,0,0,0,0,0,0,0,474880,128,571,1443,737225576,2985613921,824192,0
1349,1116736,0,0,0,5824,9344,291584,477376,332608,312384,800128,0,1280,286272,0,0,0,0,0,0,0,0,0,0,0,0,0,0,477248,128,543,1363,1049397845,603733144,790784,0
1350,1116864,0,0,0,4224,9408,295744,459648,347840,328000,784768,0,1152,290432,0,0,0,0,0,0,0,0,0,0,0,0,0,0,459520,128,536,1344,127033554,2792276203,775360,0
1351,1116608,0,0,0,9152,9472,382272,465408,250304,230528,881792,0,1280,377024,0,0,0,0,0,0,0,0,0,0,0,0,0,0,465280,128,542,1358,3900581360,2574481720,872320,0
1352,1117440,0,0,0,7040,9344,447808,483264,169984,149888,963392,0,1280,442624,0,0,0,0,0,0,0,0,0,0,0,0,0,0,483136,128,541,1346,1520442753,2789728355,954048,0
1353,1116160,0,0,0,6400,9152,375936,480192,244480,224960,887104,0,1152,370752,0,0,0,0,0,0,0,0,0,0,0,0,0,0,480000,192,542,1374,2339909462,4156331213,877952,0
1354,1116736,0,0,0,5504,9600,308224,481152,312256,292032,820416,0,1216,302848,0,0,0,0,0,0,0,0,0,0,0,0,0,0,481088,64,545,1369,4095907854,254168309,810816,0
1355,1116352,0,0,0,4352,9600,285376,487424,329600,309952,802304,0,1216,280256,0,0,0,0,0,0,0,0,0,0,0,0,0,0,487296,128,555,1375,3421142028,3919288340,792704,0
1356,1118656,0,0,0,4224,9344,340480,481152,283456,261824,852736,0,1152,335296,0,0,0,0,0,0,0,0,0,0,0,0,0,0,481024,128,532,1350,2891213983,56895965,843392,0
1357,1116544,0,0,0,6272,10688,342720,551808,205056,183488,928832,0,1280,337472,0,0,0,0,0,0,0,0,0,0,0,0,0,0,551680,128,550,1382,1875998208,418701058,918144,0
1358,1116928,0,0,0,9536,9664,403648,497280,196800,169344,943424,0,1216,398336,0,0,0,0,0,0,0,0,0,0,0,0,0,0,497152,128,543,1361,1742961947,2194660971,933760,0
1359,1116864,0,0,0,4544,9792,383744,563904,154880,133312,979264,0,1152,378560,0,0,0,0,0,0,0,0,0,0,0,0,0,0,563776,128,580,1451,220646745,1849040188,969472,0
1360,1116800,0,0,0,6592,9920,316864,568832,214592,193024,919232,0,1216,311104,0,0,0,0,0,0,0,0,0,0,0,0,0,0,568704,128,577,1455,59569812,3067316637,909312,0
1361,1116672,0,0,0,6592,9920,355008,582976,162176,140864,971200,0,1216,349696,0,0,0,0,0,0,0,0,0,0,0,0,0,0,582912,64,574,1439,4069343255,983058693,961280,0
1362,1677056,0,0,0,18304,10368,509248,560704,578432,556544,1115840,0,1216,503936,0,0,0,0,0,0,0,0,0,0,0,0,0,0,560576,128,578,1446,620704325,3288457661,1105472,0
1363,1116736,0,0,0,4352,10112,398016,558336,145920,124352,987712,0,1216,392832,0,0,0,0,0,0,0,0,0,0,0,0,0,0,558272,64,594,1484,675132341,3742182810,977600,0
1364,1116544,0,0,0,4416,10112,403008,513536,185472,164032,947904,0,1216,397632,0,0,0,0,0,0,0,0,0,0,0,0,0,0,513472,64,582,1453,906079418,2782980081,937792,0
1365,1116864,0,0,0,4480,9792,393728,496512,212352,191104,921152,0,1216,388288,0,0,0,0,0,0,0,0,0,0,0,0,0,0,496448,64,550,1373,604449282,3173289496,911360,0
1366,1116800,0,0,0,4608,9856,386496,489472,226368,204992,907200,0,1216,381248,0,0,0,0,0,0,0,0,0,0,0,0,0,0,489344,128,548,1364,779854365,3676953675,897344,0
1367,1116800,0,0,0,4480,24640,374464,466880,246336,224832,887360,0,1216,369280,0,0,0,0,0,0,0,0,0,0,0,0,0,0,466816,64,535,1346,2245519928,1534792569,862720,0
1368,1116608,0,0,0,4480,10304,384704,547776,169344,148160,963840,0,1280,379328,0,0,0,0,0,0,0,0,0,0,0,0,0,0,547648,128,548,1375,946635101,4003167858,953536,0
1369,1116736,0,0,0,4480,10048,396032,495296,210880,189376,922816,0,1152,390976,0,0,0,0,0,0,0,0,0,0,0,0,0,0,495168,128,546,1360,3974852623,2222184137,912768,0
1370,1677056,0,0,0,10240,24256,563328,556288,522944,501312,1171520,0,1152,558080,0,0,0,0,0,0,0,0,0,0,0,0,0,0,556160,128,554,1382,552281570,3249748056,1147264,0
1371,1116544,0,0,0,6528,9536,289984,482368,328128,306688,805696,0,1408,284672,0,0,0,0,0,0,0,0,0,0,0,0,0,0,482240,128,551,1372,1537625235,949944423,796160,0
1372,1116992,0,0,0,6656,24704,307648,515584,262400,241088,871808,0,1280,302336,0,0,0,0,0,0,0,0,0,0,0,0,0,0,515456,128,558,1393,3134385308,1496000853,847104,0
1373,1116736,0,0,0,7744,9728,310592,502208,286464,265088,847424,0,1216,305280,0,0,0,0,0,0,0,0,0,0,0,0,0,0,502080,128,560,1401,3712463837,627205934,837696,0
1374,1116736,0,0,0,7040,9728,447232,561344,91392,64128,1048256,0,1216,441920,0,0,0,0,0,0,0,0,0,0,0,0,0,0,561216,128,546,1372,2588261356,1340984542,1038528,0
1375,1116800,0,0,0,7488,9792,333696,499584,266240,244864,867648,0,1280,328320,0,0,0,0,0,0,0,0,0,0,0,0,0,0,499456,128,543,1373,441178014,819116329,857856,0
1376,1116928,0,0,0,7104,9600,371968,506368,221888,200064,912704,0,1152,366720,0,0,0,0,0,0,0,0,0,0,0,0,0,0,506304,64,539,1362,3030430332,612254761,903104,0
1377,1117376,0,0,0,5440,9728,332928,465280,304000,281792,831424,0,1280,327680,0,0,0,0,0,0,0,0,0,0,0,0,0,0,465152,128,526,1323,2922892583,924856962,821696,0
1378,1115968,0,0,0,6208,9408,327936,444096,328320,307328,804480,0,1216,322624,0,0,0,0,0,0,0,0,0,0,0,0,0,0,443968,128,523,1318,3617835526,3348267948,795072,0
1379,1116928,0,0,0,6144,9536,479808,484480,136960,115776,996992,0,1216,474560,0,0,0,0,0,0,0,0,0,0,0,0,0,0,484352,128,527,1314,2451592496,2629961779,987456,0
1380,1116928,0,0,0,5312,8960,325248,401472,375936,354240,758592,0,1216,320064,0,0,0,0,0,0,0,0,0,0,0,0,0,0,401344,128,529,1312,2783348746,1314572523,749632,0
1381,1116416,0,0,0,4224,9344,351616,413504,337728,316288,795968,0,1216,346496,0,0,0,0,0,0,0,0,0,0,0,0,0,0,413376,128,528,1306,814788898,2025333837,786624,0
1382,1116864,0,0,0,4288,9280,340288,398144,364864,343552,769216,0,1280,334848,0,0,0,0,0,0,0,0,0,0,0,0,0,0,398016,128,527,1311,3100767398,3283892546,759936,0
1383,1116864,0,0,0,4288,9664,342400,398656,361856,340544,772160,0,1216,337088,0,0,0,0,0,0,0,0,0,0,0,0,0,0,398592,64,520,1306,2939918902,2674396498,762496,0
1384,1116800,0,0,0,6144,9472,445952,398528,256704,235136,877632,0,1216,440704,0,0,0,0,0,0,0,0,0,0,0,0,0,0,398400,128,533,1332,3621627505,2866990123,868160,0
1385,1116736,0,0,0,6016,9792,340928,400320,359680,338112,774464,0,1216,335680,0,0,0,0,0,0,0,0,0,0,0,0,0,0,400256,64,528,1317,3682141136,3869533096,764672,0
1386,1116544,0,0,0,5312,9472,353792,407488,340480,319552,792768,0,1216,348544,0,0,0,0,0,0,0,0,0,0,0,0,0,0,407360,128,524,1314,2940380403,1144992307,783296,0
1387,1677248,0,0,0,20800,11392,602496,474048,568512,546880,1125568,0,1600,594816,0,0,0,0,0,0,0,0,0,0,0,0,0,0,473920,128,541,1372,2928583303,1442144720,1114176,0
1388,1116736,0,0,0,4288,10112,366144,459968,276224,254720,857408,0,1344,360768,0,0,0,0,0,0,0,0,0,0,0,0,0,0,459904,64,538,1361,1317735508,358911525,847296,0
1389,1116864,0,0,0,6208,9728,365568,452096,283264,261504,850624,0,1280,360256,0,0,0,0,0,0,0,0,0,0,0,0,0,0,452032,64,540,1359,284617346,939944029,840896,0
1390,1116352,0,0,0,6208,10432,365888,451456,282368,255488,855936,0,1152,360704,0,0,0,0,0,0,0,0,0,0,0,0,0,0,451328,128,539,1358,852209306,2772890018,845504,0
1391,1116928,0,0,0,5440,9792,399296,478592,223808,202368,909952,0,1216,393920,0,0,0,0,0,0,0,0,0,0,0,0,0,0,478464,128,556,1409,1004127355,2801877950,900160,0
1392,1116672,0,0,0,4224,10112,375104,468096,259136,237888,874176,0,1280,369792,0,0,0,0,0,0,0,0,0,0,0,0,0,0,467968,128,555,1409,3883470690,2213583302,864064,0
1393,1116800,0,0,0,4160,9856,418880,442304,241600,220096,892096,0,1152,413568,0,0,0,0,0,0,0,0,0,0,0,0,0,0,442176,128,539,1359,2603606100,3680021208,882240,0
1394,1116608,0,0,0,8640,9856,438400,468288,191424,170048,941888,0,1152,433216,0,0,0,0,0,0,0,0,0,0,0,0,0,0,468160,128,535,1355,1469603187,2988663576,932032,0
1395,1116736,0,0,0,7104,10240,418688,487808,192896,171200,940864,0,1216,413376,0,0,0,0,0,0,0,0,0,0,0,0,0,0,487680,128,554,1409,568438860,498712815,930624,0
1396,1116800,0,0,0,4288,10048,395200,484480,222784,201088,911104,0,1152,390016,0,0,0,0,0,0,0,0,0,0,0,0,0,0,484352,128,550,1402,2913642186,1808268002,901056,0
1397,1116928,0,0,0,4352,24448,482560,462336,143232,121728,990592,0,1216,477312,0,0,0,0,0,0,0,0,0,0,0,0,0,0,462272,64,537,1351,1563234922,1196683768,966144,0
1398,1116928,0,0,0,6336,9984,379072,455616,265920,243968,868160,0,1152,373760,0,0,0,0,0,0,0,0,0,0,0,0,0,0,455488,128,533,1352,467610210,2618944631,858176,0
1399,1116544,0,0,0,6464,9856,416448,485120,198656,177088,934720,0,1344,411136,0,0,0,0,0,0,0,0,0,0,0,0,0,0,484992,128,549,1404,1990874046,3888380185,924864,0
1400,1116544,0,0,0,4416,9856,385280,499456,217536,196544,915264,0,1280,380032,0,0,0,0,0,0,0,0,0,0,0,0,0,0,499328,128,553,1396,571935836,3692130575,905408,0
1401,1116800,0,0,0,4224,10304,391168,456448,254656,233152,879040,0,1152,386048,0,0,0,0,0,0,0,0,0,0,0,0,0,0,456320,128,543,1355,2085219672,1044218070,868736,0
1402,1116800,0,0,0,4288,11584,379776,440768,280384,259264,852800,0,1216,374336,0,0,0,0,0,0,0,0,0,0,0,0,0,0,440640,128,549,1366,1816568359,2355768984,841216,0
1403,1116672,0,0,0,6080,10048,498752,471360,130432,109120,1002944,0,1216,493312,0,0,0,0,0,0,0,0,0,0,0,0,0,0,471232,128,555,1392,1408877973,46058899,992896,0
1404,1116800,0,0,0,6336,9856,374784,472320,253504,231936,880256,0,1216,369600,0,0,0,0,0,0,0,0,0,0,0,0,0,0,472192,128,552,1386,1845485127,4169843130,870400,0
1405,1116800,0,0,0,6016,10112,357760,442176,300736,279360,832768,0,1152,352512,0,0,0,0,0,0,0,0,0,0,0,0,0,0,442048,128,535,1335,2748605585,1282702995,822656,0
1406,1116480,0,0,0,6208,10368,356480,438272,305152,275136,836608,0,1152,351296,0,0,0,0,0,0,0,0,0,0,0,0,0,0,438144,128,533,1329,2719565965,2256234010,826240,0
1407,1116864,0,0,0,4096,10240,391616,468160,242752,221696,890496,0,1280,386304,0,0,0,0,0,0,0,0,0,0,0,0,0,0,468096,64,547,1373,947390385,3230776765,880256,0
1408,1117056,0,0,0,4096,9920,421696,484800,196544,175168,937280,0,1152,416512,0,0,0,0,0,0,0,0,0,0,0,0,0,0,484672,128,548,1376,3295561502,1556610331,927360,0
1409,1116480,0,0,0,4096,10048,383168,457152,262016,240896,870912,0,1152,377920,0,0,0,0,0,0,0,0,0,0,0,0,0,0,457024,128,533,1329,3635875578,1009144472,860864,0
1410,1116928,0,0,0,4224,9856,401024,454336,247488,225856,886592,0,1216,395712,0,0,0,0,0,0,0,0,0,0,0,0,0,0,454272,64,529,1319,3027623665,818184660,876736,0
1411,1116736,0,0,0,4160,10496,444352,484160,173568,152128,959872,0,1216,439104,0,0,0,0,0,0,0,0,0,0,0,0,0,0,484032,128,544,1368,2094874742,27724628,949376,0
1412,1116544,0,0,0,6144,10432,406464,482752,210752,189376,922304,0,1216,401216,0,0,0,0,0,0,0,0,0,0,0,0,0,0,482624,128,543,1369,3214338153,850507391,911872,0
1413,1116864,0,0,0,6272,10048,463552,455296,181696,160256,951872,0,1216,457664,0,0,0,0,0,0,0,0,0,0,0,0,0,0,455168,128,534,1336,28556378,1460804958,941824,0
1414,1116672,0,0,0,4224,9856,401088,456320,245184,224064,887936,0,1216,395904,0,0,0,0,0,0,0,0,0,0,0,0,0,0,456192,128,524,1318,665122317,136961781,878080,0
1415,1116736,0,0,0,4288,9856,465664,483392,153536,132160,979904,0,1280,460416,0,0,0,0,0,0,0,0,0,0,0,0,0,0,483264,128,553,1393,3716734467,764656676,970048,0
1416,1678208,0,0,0,3968,25088,667712,558080,423360,401344,1272256,0,1152,662528,0,0,0,0,0,0,0,0,0,0,0,0,0,0,557952,128,553,1406,286440204,3288218452,1247168,0
1417,1115392,0,0,0,5184,26368,386048,436096,261696,240000,870720,0,1152,380736,0,0,0,0,0,0,0,0,0,0,0,0,0,0,435968,128,538,1355,2824393317,3037664597,844352,0
1418,1116608,0,0,0,4224,24384,368448,439296,280256,258816,853120,0,1152,363072,0,0,0,0,0,0,0,0,0,0,0,0,0,0,439232,64,532,1344,3823819458,2796275093,828736,0
1419,1116992,0,0,0,6144,9792,381952,474880,244224,222528,890048,0,1152,376768,0,0,0,0,0,0,0,0,0,0,0,0,0,0,474752,128,563,1435,2623458088,1311551566,880256,0
1420,1676800,0,0,0,13248,9856,591232,518272,544192,522624,1149632,0,1152,585856,0,0,0,0,0,0,0,0,0,0,0,0,0,0,518144,128,558,1410,3342528430,2959720734,1139776,0
1421,1117056,0,0,0,4352,9984,456000,495744,150976,129280,983424,0,1152,450752,0,0,0,0,0,0,0,0,0,0,0,0,0,0,495616,128,535,1358,2566082531,618538931,973440,0
1422,1116736,0,0,0,4480,9984,522816,494144,85312,58240,1054080,0,1280,517504,0,0,0,0,0,0,0,0,0,0,0,0,0,0,494016,128,544,1381,3849739413,3031146580,1044096,0
1423,1116800,0,0,0,4480,9664,464064,531712,106880,85440,1027008,0,1152,458880,0,0,0,0,0,0,0,0,0,0,0,0,0,0,531584,128,556,1430,1931319021,738056862,1017344,0
1424,1117120,0,0,0,4416,9984,369344,520256,213120,191296,921408,0,1216,364032,0,0,0,0,0,0,0,0,0,0,0,0,0,0,520192,64,552,1416,566146680,4013848192,911424,0
1425,1116288,0,0,0,6336,9792,373888,462784,263488,241984,869888,0,1216,368640,0,0,0,0,0,0,0,0,0,0,0,0,0,0,462656,128,535,1358,1430553850,2304285316,860096,0
1426,1116928,0,0,0,6528,9536,385344,452288,263232,241472,871040,0,1280,380096,0,0,0,0,0,0,0,0,0,0,0,0,0,0,452160,128,544,1373,4083694736,4017717737,861504,0
1427,1116544,0,0,0,7296,24512,408384,477632,198720,177152,934848,0,1216,403072,0,0,0,0,0,0,0,0,0,0,0,0,0,0,477568,64,557,1401,740683812,2991752087,910336,0
1428,1116928,0,0,0,6656,9600,376832,471808,252032,230400,882112,0,1152,371584,0,0,0,0,0,0,0,0,0,0,0,0,0,0,471680,128,544,1383,1288363990,1217275677,872512,0
1429,1117440,0,0,0,10112,10176,473792,498432,124928,103424,1009280,0,1344,468224,0,0,0,0,0,0,0,0,0,0,0,0,0,0,498304,128,554,1402,3437872054,1228819570,999104,0
1430,1116736,0,0,0,4352,9664,434304,478208,190208,168704,943424,0,1280,428992,0,0,0,0,0,0,0,0,0,0,0,0,0,0,478080,128,559,1417,3222283527,1147184614,933760,0
1431,1117120,0,0,0,4288,10112,453952,516928,131840,110144,1002368,0,1152,448704,0,0,0,0,0,0,0,0,0,0,0,0,0,0,516800,128,578,1476,1792692837,2354271341,992256,0
1432,1117056,0,0,0,5312,11200,403584,516096,180864,159424,953024,0,1152,398400,0,0,0,0,0,0,0,0,0,0,0,0,0,0,516032,64,582,1488,4050529326,2115817571,941824,0
1433,1677376,0,0,0,9728,10368,844928,629056,183296,161216,1511296,0,1280,839552,0,0,0,0,0,0,0,0,0,0,0,0,0,0,628928,128,571,1481,2103390578,2375540959,1500928,0
1434,1115840,0,0,0,7168,10240,446080,543616,108736,87296,1023488,0,1216,440640,0,0,0,0,0,0,0,0,0,0,0,0,0,0,543488,128,563,1456,600921261,722341019,1013248,0
1435,1116160,0,0,0,6912,10112,489536,563392,46208,24384,1086784,0,1216,484224,0,0,0,0,0,0,0,0,0,0,0,0,0,0,563264,128,572,1476,3982607141,939730092,1076672,0
1436,1677696,0,0,0,4992,10112,534592,564160,563840,541568,1131328,0,1280,529408,0,0,0,0,0,0,0,0,0,0,0,0,0,0,564032,128,581,1493,2382531693,4225512303,1121216,0
1437,1676224,0,0,0,7168,10432,523328,727232,408064,385152,1286080,0,1280,517888,0,0,0,0,0,0,0,0,0,0,0,0,0,0,727168,64,585,1526,3945815827,1191878576,1275648,0
1438,1676992,0,0,0,6464,10432,494976,610688,554432,527232,1144768,0,1216,489728,0,0,0,0,0,0,0,0,0,0,0,0,0,0,610560,128,586,1515,4201313130,2147250559,1134336,0
1439,1676480,0,0,0,6144,10048,557504,612160,490624,468864,1202752,0,1152,552320,0,0,0,0,0,0,0,0,0,0,0,0,0,0,612032,128,582,1501,3321411515,3507462115,1192704,0
1440,1676672,0,0,0,5248,10368,517056,610560,533440,511936,1159872,0,1216,511808,0,0,0,0,0,0,0,0,0,0,0,0,0,0,610432,128,588,1521,2300670774,1184579868,1149504,0
1441,1116736,0,0,0,4224,10496,495104,574208,32704,11072,1100864,0,1152,489920,0,0,0,0,0,0,0,0,0,0,0,0,0,0,574080,128,571,1448,1948862173,1940005341,1090368,0
1442,1116672,0,0,0,4288,10240,495552,576000,30592,8704,1103168,0,1216,490176,0,0,0,0,0,0,0,0,0,0,0,0,0,0,575872,128,569,1450,1616290951,3412548658,1092928,0
1443,1676928,0,0,0,5184,10624,532800,594240,534080,512704,1159040,0,1152,527616,0,0,0,0,0,0,0,0,0,0,0,0,0,0,594176,64,586,1513,2973939332,1070510905,1148416,0
1444,1676800,0,0,0,6208,11904,494016,588736,575936,554560,1117376,0,1280,488704,0,0,0,0,0,0,0,0,0,0,0,0,0,0,588608,128,598,1526,3906688528,4193951732,1105472,0
1445,1116992,0,0,0,5376,10304,470784,559616,70912,49280,1062912,0,1216,465536,0,0,0,0,0,0,0,0,0,0,0,0,0,0,559488,128,582,1467,3380541521,1258984877,1052608,0
1446,1676864,0,0,0,8384,10240,635264,625920,397056,375168,1296768,0,1280,629888,0,0,0,0,0,0,0,0,0,0,0,0,0,0,625792,128,586,1480,3779728132,2466968413,1286528,0
1447,1116928,0,0,0,4416,10368,471680,597952,32512,10752,1101312,0,1216,466432,0,0,0,0,0,0,0,0,0,0,0,0,0,0,597888,64,583,1494,1061051277,469215350,1090944,0
1448,1116480,0,0,0,6528,10560,414272,533760,151360,130240,981184,0,1216,409024,0,0,0,0,0,0,0,0,0,0,0,0,0,0,533632,128,550,1399,1110050418,3432947034,970624,0
1449,1116672,0,0,0,6784,10112,391168,513536,195072,173632,938240,0,1152,385728,0,0,0,0,0,0,0,0,0,0,0,0,0,0,513408,128,546,1368,1086279936,2031968704,928128,0
1450,1117120,0,0,0,4224,10176,440384,511296,151040,129152,983168,0,1280,435072,0,0,0,0,0,0,0,0,0,0,0,0,0,0,511232,64,542,1357,3901132541,1547001059,972992,0
1451,1116352,0,0,0,4224,10304,425600,545088,131136,109568,1002048,0,1280,420224,0,0,0,0,0,0,0,0,0,0,0,0,0,0,544960,128,571,1443,2580176037,3200271990,991744,0
1452,1116800,0,0,0,6272,10368,379264,538816,182080,160448,951552,0,1280,373888,0,0,0,0,0,0,0,0,0,0,0,0,0,0,538752,64,564,1431,3320066715,3769653674,941184,0
1453,1116864,0,0,0,6208,9856,372544,495808,232448,210432,901632,0,1152,367232,0,0,0,0,0,0,0,0,0,0,0,0,0,0,495744,64,534,1350,3687706437,4250392937,891776,0
1454,1116544,0,0,0,6848,10240,348544,480512,270400,243200,868480,0,1344,343104,0,0,0,0,0,0,0,0,0,0,0,0,0,0,480384,128,548,1374,2328815195,1510639372,858240,0
1455,1116800,0,0,0,6912,10304,408576,516672,174336,152960,958784,0,1216,403200,0,0,0,0,0,0,0,0,0,0,0,0,0,0,516544,128,564,1432,1607925479,1389568875,948480,0
1456,1116800,0,0,0,6912,10304,354112,504192,241280,219904,892096,0,1216,348672,0,0,0,0,0,0,0,0,0,0,0,0,0,0,504064,128,563,1421,1795695487,3711617512,881792,0
1457,1116864,0,0,0,5120,24448,400640,469952,216704,195392,916992,0,1280,395392,0,0,0,0,0,0,0,0,0,0,0,0,0,0,469824,128,544,1367,390944619,1019554998,892544,0
1458,1116736,0,0,0,3968,9792,375552,443712,283712,262464,849792,0,1216,370176,0,0,0,0,0,0,0,0,0,0,0,0,0,0,443584,128,542,1365,3288271520,1356892251,840000,0
1459,1116672,0,0,0,3904,11328,355136,453568,292736,271360,840960,0,1216,349888,0,0,0,0,0,0,0,0,0,0,0,0,0,0,453440,128,544,1360,3526171984,538210537,829632,0
1460,1116992,0,0,0,4032,9664,331392,441216,330688,308928,803584,0,1216,326144,0,0,0,0,0,0,0,0,0,0,0,0,0,0,441152,64,549,1381,1841837189,829041676,793920,0
1461,1116672,0,0,0,4096,9984,341760,406336,354496,333120,779072,0,1216,336576,0,0,0,0,0,0,0,0,0,0,0,0,0,0,406208,128,531,1318,1170164797,189971861,769088,0
1462,1116864,0,0,0,5760,10112,338176,407872,354944,333312,778944,0,1216,332928,0,0,0,0,0,0,0,0,0,0,0,0,0,0,407744,128,534,1318,532064752,2104328006,768832,0
1463,1117248,0,0,0,5888,9920,490752,399680,211008,189184,923584,0,1216,485504,0,0,0,0,0,0,0,0,0,0,0,0,0,0,399552,128,530,1316,4226190536,1602444058,913664,0
1464,1116224,0,0,0,3264,9472,379392,398016,326080,304832,806976,0,1152,374208,0,0,0,0,0,0,0,0,0,0,0,0,0,0,397888,128,523,1309,954503900,1252740105,797504,0
1465,1116736,0,0,0,3840,9792,348288,373696,381120,359936,752320,0,1280,342720,0,0,0,0,0,0,0,0,0,0,0,0,0,0,373568,128,523,1306,2733245686,789713803,742528,0
1466,1116608,0,0,0,3840,9792,336960,371648,394368,373056,739008,0,1280,331712,0,0,0,0,0,0,0,0,0,0,0,0,0,0,371584,64,519,1302,3654123881,1101628982,729216,0
1467,1116928,0,0,0,5824,9408,359936,378688,363072,341696,770816,0,1152,354752,0,0,0,0,0,0,0,0,0,0,0,0,0,0,378560,128,519,1303,1710873847,926543391,761408,0
1468,1116480,0,0,0,5952,9984,336128,376512,387904,366592,744960,0,1152,330816,0,0,0,0,0,0,0,0,0,0,0,0,0,0,376384,128,517,1301,2352807574,3176231875,734976,0
1469,1116864,0,0,0,2688,9920,345408,378880,379968,358400,754048,0,1216,340032,0,0,0,0,0,0,0,0,0,0,0,0,0,0,378752,128,518,1296,3502583722,2390515596,744128,0
1470,1116864,0,0,0,2624,9536,337088,373312,394304,367360,745024,0,1216,331776,0,0,0,0,0,0,0,0,0,0,0,0,0,0,373184,128,516,1287,3921597647,660488125,735488,0
1471,1116608,0,0,0,2624,9792,352320,375872,376000,354752,757440,0,1216,347072,0,0,0,0,0,0,0,0,0,0,0,0,0,0,375744,128,515,1280,2197910159,494428408,747648,0
1472,1117056,0,0,0,2624,9920,340992,376256,387264,365824,746752,0,1216,335744,0,0,0,0,0,0,0,0,0,0,0,0,0,0,376128,128,516,1283,3735806430,2240286146,736832,0
1473,1116800,0,0,0,2560,9600,362880,378368,363392,341888,770496,0,1216,357696,0,0,0,0,0,0,0,0,0,0,0,0,0,0,378240,128,514,1282,2183631751,843267935,760896,0
1474,1116800,0,0,0,8320,11136,465088,430656,201600,180160,932096,0,1280,459840,0,0,0,0,0,0,0,0,0,0,0,0,0,0,430528,128,514,1288,553851385,4242495489,920960,0
1475,1116800,0,0,0,4032,9408,587072,417088,99200,77760,1034624,0,1280,581760,0,0,0,0,0,0,0,0,0,0,0,0,0,0,416960,128,519,1299,3173853630,1162112731,1025216,0
1476,1116992,0,0,0,3968,9856,395200,387584,320384,298752,813760,0,1280,389888,0,0,0,0,0,0,0,0,0,0,0,0,0,0,387456,128,521,1303,4227117574,666831325,803904,0
1477,1116736,0,0,0,5056,10048,376000,401088,324544,302720,809472,0,1216,370816,0,0,0,0,0,0,0,0,0,0,0,0,0,0,400960,128,519,1303,2907492265,153846556,799424,0
1478,1116608,0,0,0,6976,10112,379328,438208,281984,260416,851648,0,1152,374272,0,0,0,0,0,0,0,0,0,0,0,0,0,0,438144,64,588,1446,2931769712,938739197,841536,0
1479,1116736,0,0,0,5248,9856,365632,417600,318400,297024,815168,0,1216,360320,0,0,0,0,0,0,0,0,0,0,0,0,0,0,417472,128,625,1520,996951353,3726302057,805312,0
1480,1116928,0,0,0,4032,9920,347776,414208,340992,319488,792896,0,1152,342528,0,0,0,0,0,0,0,0,0,0,0,0,0,0,414080,128,632,1504,3268845563,2544758577,782976,0
1481,1116800,0,0,0,3904,9472,440000,412928,250496,228672,883712,0,1280,434752,0,0,0,0,0,0,0,0,0,0,0,0,0,0,412800,128,623,1481,3759074307,4163604011,874240,0
1482,1116608,0,0,0,4032,9664,481024,436224,185664,164096,948288,0,1216,475712,0,0,0,0,0,0,0,0,0,0,0,0,0,0,436096,128,627,1475,2098621633,3659311579,938624,0
1483,1116928,0,0,0,5120,9408,463104,436544,202752,181120,931776,0,1152,458048,0,0,0,0,0,0,0,0,0,0,0,0,0,0,436416,128,616,1465,872840828,1957794017,922368,0
1484,1116800,0,0,0,4224,9088,325568,403456,374464,353088,759744,0,1152,320320,0,0,0,0,0,0,0,0,0,0,0,0,0,0,403328,128,608,1446,2338053586,2520586364,750656,0
1485,1116672,0,0,0,6016,9536,360832,429632,310656,289280,823296,0,1152,355584,0,0,0,0,0,0,0,0,0,0,0,0,0,0,429504,128,621,1476,13063522,3634992947,813760,0
1486,1116864,0,0,0,5952,9216,327360,402560,371776,344512,768320,0,1280,322048,0,0,0,0,0,0,0,0,0,0,0,0,0,0,402432,128,621,1470,1844220844,2594639518,759104,0
1487,1116544,0,0,0,5248,23616,338496,408320,340864,319744,792768,0,1216,332672,0,0,0,0,0,0,0,0,0,0,0,0,0,0,408192,128,618,1475,2313190113,296649330,769152,0
1488,1117056,0,0,0,3968,9152,328384,404672,370880,349568,763392,0,1280,323136,0,0,0,0,0,0,0,0,0,0,0,0,0,0,404544,128,613,1476,2419436349,2655690677,754240,0
1489,1116608,0,0,0,3968,9344,334592,417664,351040,329664,783040,0,1280,329216,0,0,0,0,0,0,0,0,0,0,0,0,0,0,417536,128,613,1475,2518836961,3193658790,773696,0
1490,1116672,0,0,0,3968,10432,367616,412032,322624,301120,811584,0,1152,362432,0,0,0,0,0,0,0,0,0,0,0,0,0,0,411968,64,616,1472,1722060046,1967416861,801152,0
1491,1116608,0,0,0,3840,9664,354048,413312,335744,314240,798272,0,1088,348928,0,0,0,0,0,0,0,0,0,0,0,0,0,0,413184,128,605,1446,2776357430,4052096565,788608,0
1492,1116992,0,0,0,4032,9344,307520,402624,393472,371712,741248,0,1216,302272,0,0,0,0,0,0,0,0,0,0,0,0,0,0,402496,128,606,1446,2398960241,3416199545,731904,0
1493,1116672,0,0,0,5888,9600,311296,384448,405440,383936,728640,0,1152,306176,0,0,0,0,0,0,0,0,0,0,0,0,0,0,384320,128,612,1462,1037328610,2873893968,719040,0
1494,1116928,0,0,0,6144,9792,454976,429376,216640,195136,917760,0,1216,449600,0,0,0,0,0,0,0,0,0,0,0,0,0,0,429248,128,616,1473,3389939633,926172012,907968,0
1495,1116544,0,0,0,4032,9408,423424,428032,251648,230144,882304,0,1216,418176,0,0,0,0,0,0,0,0,0,0,0,0,0,0,427904,128,610,1460,968426065,3955300973,872896,0
1496,1116544,0,0,0,4032,9408,429504,409408,264192,243072,869376,0,1280,424192,0,0,0,0,0,0,0,0,0,0,0,0,0,0,409280,128,611,1461,172160026,1406568581,859968,0
1497,1117312,0,0,0,5952,9088,450880,409344,242048,220160,893056,0,1216,445632,0,0,0,0,0,0,0,0,0,0,0,0,0,0,409280,64,612,1464,1331672237,386727071,883968,0
1498,1116416,0,0,0,5888,9664,451136,397824,251904,230272,881984,0,1152,446016,0,0,0,0,0,0,0,0,0,0,0,0,0,0,397696,128,611,1466,2171818869,138071673,872320,0
1499,1116864,0,0,0,6528,9664,462336,385856,252480,230848,881792,0,1280,457088,0,0,0,0,0,0,0,0,0,0,0,0,0,0,385728,128,617,1482,2867844158,3713800146,872128,0
1500,1116736,0,0,0,6528,9088,461056,387904,252160,230528,882240,0,1344,455616,0,0,0,0,0,0,0,0,0,0,0,0,0,0,387776,128,610,1459,1804347313,2863356622,873152,0
1501,1116608,0,0,0,4416,9472,454080,396288,252352,230912,881664,0,1216,448704,0,0,0,0,0,0,0,0,0,0,0,0,0,0,396160,128,622,1484,2919721901,1838292906,872192,0
1502,1116864,0,0,0,3904,9472,577088,435264,91136,64192,1048576,0,1280,571840,0,0,0,0,0,0,0,0,0,0,0,0,0,0,435200,64,630,1505,244631515,526525763,1039104,0
1503,1116800,0,0,0,3904,9280,540288,424960,138368,116800,995840,0,1152,535104,0,0,0,0,0,0,0,0,0,0,0,0,0,0,424832,128,631,1512,1432227918,2203651209,986560,0
1504,1116608,0,0,0,3776,9536,577856,398720,126720,105216,1007360,0,1152,572736,0,0,0,0,0,0,0,0,0,0,0,0,0,0,398592,128,629,1509,1698217979,3699907784,997824,0
1505,1116608,0,0,0,5824,11072,585856,397440,116416,95168,1016896,0,1280,580544,0,0,0,0,0,0,0,0,0,0,0,0,0,0,397312,128,630,1508,3712613043,943391886,1005824,0
1506,1116800,0,0,0,5760,9024,587264,395840,118912,97152,1015680,0,1280,581952,0,0,0,0,0,0,0,0,0,0,0,0,0,0,395712,128,628,1504,2537751007,2005598304,1006656,0
1507,1116736,0,0,0,4480,9152,626240,407744,69120,47680,1065088,0,1280,621120,0,0,0,0,0,0,0,0,0,0,0,0,0,0,407680,64,628,1505,4133142342,1122958367,1055936,0
1508,1116736,0,0,0,7360,9536,617344,410368,72128,50496,1062144,0,1152,612096,0,0,0,0,0,0,0,0,0,0,0,0,0,0,410240,128,626,1503,1182914021,2582883248,1052608,0
1509,1116992,0,0,0,3904,9152,503616,389376,210944,189056,924032,0,1216,498432,0,0,0,0,0,0,0,0,0,0,0,0,0,0,389248,128,624,1498,484880204,2378372702,914880,0
1510,1116544,0,0,0,4864,9280,550464,388352,163584,142080,970432,0,1152,545280,0,0,0,0,0,0,0,0,0,0,0,0,0,0,388224,128,623,1488,663101146,113521612,961152,0
1511,1116608,0,0,0,5952,9792,532864,370944,197056,175616,936640,0,1216,527744,0,0,0,0,0,0,0,0,0,0,0,0,0,0,370880,64,618,1481,2952459285,3847841084,926848,0
1512,1116736,0,0,0,4352,9536,532416,370304,200128,178432,934144,0,1216,527104,0,0,0,0,0,0,0,0,0,0,0,0,0,0,370176,128,622,1501,2688681015,4061932643,924608,0
1513,1116736,0,0,0,2560,9408,539712,382400,182656,160896,951872,0,1344,534272,0,0,0,0,0,0,0,0,0,0,0,0,0,0,382272,128,628,1513,2282814253,2155583470,942464,0
1514,1116800,0,0,0,2496,9344,557504,402944,144512,122944,989888,0,1152,552256,0,0,0,0,0,0,0,0,0,0,0,0,0,0,402816,128,625,1508,2516554856,1081581584,980544,0
1515,1116608,0,0,0,2560,9152,526464,379520,198912,177664,935040,0,1280,521216,0,0,0,0,0,0,0,0,0,0,0,0,0,0,379456,64,623,1506,2074240921,4110308400,925888,0
1516,1116672,0,0,0,3840,9472,572480,388224,142656,121408,991168,0,1216,567232,0,0,0,0,0,0,0,0,0,0,0,0,0,0,388096,128,611,1472,3843356673,913479561,981696,0
1517,1116672,0,0,0,3840,24064,417792,393856,277120,255936,856704,0,1152,412672,0,0,0,0,0,0,0,0,0,0,0,0,0,0,393728,128,616,1490,3536083908,3563675931,832640,0
1518,1116992,0,0,0,3840,9152,424448,368704,310848,283456,829376,0,1216,419136,0,0,0,0,0,0,0,0,0,0,0,0,0,0,368640,64,615,1484,835688794,3982811929,820224,0
1519,1116288,0,0,0,3840,9152,353984,379072,370240,348928,763328,0,1280,348736,0,0,0,0,0,0,0,0,0,0,0,0,0,0,378944,128,614,1482,2737680699,4195096503,754176,0
1520,1116672,0,0,0,3840,9344,274176,377024,452288,430848,681792,0,1280,268928,0,0,0,0,0,0,0,0,0,0,0,0,0,0,376896,128,605,1470,2138148730,651261230,672448,0
1521,1116928,0,0,0,3904,10624,262336,379584,460480,439040,673792,0,1280,257024,0,0,0,0,0,0,0,0,0,0,0,0,0,0,379456,128,592,1445,3158839215,2348168870,663168,0
1522,1116800,0,0,0,3904,9344,265088,382720,455744,434176,678592,0,1280,259968,0,0,0,0,0,0,0,0,0,0,0,0,0,0,382592,128,595,1452,558478747,1038549135,669248,0
1523,1116864,0,0,0,4672,9408,313344,370496,418944,397568,715264,0,1280,308032,0,0,0,0,0,0,0,0,0,0,0,0,0,0,370368,128,598,1454,3206557701,1619100333,705856,0
1524,1116736,0,0,0,7808,9600,363776,370304,365248,343616,768896,0,1152,358528,0,0,0,0,0,0,0,0,0,0,0,0,0,0,370176,128,601,1449,1998863352,574845845,759296,0
1525,1116544,0,0,0,5824,9280,329664,390144,381632,360192,752256,0,1152,324608,0,0,0,0,0,0,0,0,0,0,0,0,0,0,390016,128,607,1465,1880398388,3884869710,742976,0
1526,1115456,0,0,0,5888,9280,255104,369600,475584,455936,655424,0,1216,249792,0,0,0,0,0,0,0,0,0,0,0,0,0,0,369472,128,600,1453,1875512792,786860671,646144,0
1527,1116672,0,0,0,5120,9152,391808,408256,302336,282176,830464,0,1280,386496,0,0,0,0,0,0,0,0,0,0,0,0,0,0,408128,128,596,1448,634100424,2580418334,821312,0
1528,1116672,0,0,0,3840,9280,291392,375040,437120,417280,695296,0,1152,286208,0,0,0,0,0,0,0,0,0,0,0,0,0,0,374912,128,592,1418,218278262,2613140078,686016,0
1529,1116672,0,0,0,3968,9216,416960,379136,307392,287616,824960,0,1344,411456,0,0,0,0,0,0,0,0,0,0,0,0,0,0,379072,64,599,1442,2999507927,697125189,815744,0
1530,1116864,0,0,0,3840,9152,250944,375296,477632,457664,655232,0,1152,245760,0,0,0,0,0,0,0,0,0,0,0,0,0,0,375168,128,577,1414,3261360903,3688251065,646080,0
1531,1677760,0,0,0,15808,24704,751744,467456,418048,397952,1275648,0,1216,746560,0,0,0,0,0,0,0,0,0,0,0,0,0,0,467264,192,589,1453,1542162472,2857756669,1250944,0
1532,1117120,0,0,0,4224,24448,321344,414080,353024,331648,781376,0,1280,315968,0,0,0,0,0,0,0,0,0,0,0,0,0,0,413952,128,599,1468,408170631,3723044710,756928,0
1533,1116736,0,0,0,4160,24256,369920,482432,235968,214720,897984,0,1280,364672,0,0,0,0,0,0,0,0,0,0,0,0,0,0,482304,128,594,1453,3974401843,1857654393,873728,0
1534,1116672,0,0,0,8448,24320,315200,418240,350464,320128,792448,0,1280,309888,0,0,0,0,0,0,0,0,0,0,0,0,0,0,418112,128,605,1479,308773030,3969729810,768128,0
1535,1116992,0,0,0,13696,14336,519808,519232,49920,17280,1090752,0,1216,514816,0,0,0,0,0,0,0,0,0,0,0,0,0,0,519104,128,608,1478,631702904,266984515,1076416,0
1536,1116736,0,0,0,19584,11008,362496,473344,250304,228800,883392,0,1152,357248,0,0,0,0,0,0,0,0,0,0,0,0,0,0,473216,128,599,1469,1345496262,2010835008,872384,0
1537,1116736,0,0,0,4288,9920,409920,442176,250432,229120,882944,0,1216,404736,0,0,0,0,0,0,0,0,0,0,0,0,0,0,442112,64,599,1470,3665253687,3169366900,873024,0
1538,1116672,0,0,0,4352,10112,423232,453504,225472,204160,907904,0,1280,417984,0,0,0,0,0,0,0,0,0,0,0,0,0,0,453376,128,588,1450,1077002524,1279739785,897792,0
1539,1116864,0,0,0,4288,10048,519680,490048,92800,71296,1040896,0,1280,514432,0,0,0,0,0,0,0,0,0,0,0,0,0,0,489920,128,584,1443,3555817766,4238445370,1030848,0
1540,1117184,0,0,0,10880,24768,555648,496448,29440,8128,1104832,0,1152,550400,0,0,0,0,0,0,0,0,0,0,0,0,0,0,496320,128,587,1458,1367814062,3311100355,1080064,0
1541,1116352,0,0,0,4352,9216,371264,426496,305024,283264,829056,0,1088,366144,0,0,0,0,0,0,0,0,0,0,0,0,0,0,426368,128,587,1453,94165889,826807468,819840,0
1542,1116992,0,0,0,4352,23872,402688,448320,237760,216384,896576,0,1152,397312,0,0,0,0,0,0,0,0,0,0,0,0,0,0,448192,128,599,1483,3448260327,4085716662,872704,0
1543,1116992,0,0,0,6336,9408,298112,454016,349120,327296,785600,0,1216,292672,0,0,0,0,0,0,0,0,0,0,0,0,0,0,453888,128,599,1478,2114299294,1879778690,776192,0
1544,1116608,0,0,0,7168,9344,268736,430720,400640,379008,733504,0,1152,263616,0,0,0,0,0,0,0,0,0,0,0,0,0,0,430592,128,605,1477,2832113523,999168504,724160,0
1545,1116608,0,0,0,6400,9152,258624,407296,435136,413760,698752,0,1728,252672,0,0,0,0,0,0,0,0,0,0,0,0,0,0,407232,64,593,1444,32889065,3026616680,689600,0
1546,1116736,0,0,0,4288,9536,272832,438464,391616,369856,742784,0,1152,267648,0,0,0,0,0,0,0,0,0,0,0,0,0,0,438336,128,609,1475,3224808416,1945428521,733248,0
1547,1116352,0,0,0,4224,24064,303936,407360,376768,355584,756736,0,1280,298560,0,0,0,0,0,0,0,0,0,0,0,0,0,0,407232,128,604,1457,2772280758,73883595,732672,0
1548,1115584,0,0,0,4352,9088,358016,488832,255296,235264,876288,0,1216,352704,0,0,0,0,0,0,0,0,0,0,0,0,0,0,488704,128,609,1476,4194599461,3981116545,867200,0
1549,1116480,0,0,0,4224,9280,290176,435968,376832,357184,755200,0,1280,284864,0,0,0,0,0,0,0,0,0,0,0,0,0,0,435840,128,609,1486,1842572462,1623536046,745920,0
1550,1116544,0,0,0,4352,9344,343232,413824,345792,320256,792256,0,1216,337856,0,0,0,0,0,0,0,0,0,0,0,0,0,0,413696,128,608,1475,1481210278,3884325241,782912,0
1551,1116864,0,0,0,4288,9088,362880,419520,321088,301248,811520,0,1152,357632,0,0,0,0,0,0,0,0,0,0,0,0,0,0,419392,128,607,1478,1689604513,3094224423,802432,0
1552,1116608,0,0,0,4224,10560,295424,413824,392576,372544,740032,0,1216,290176,0,0,0,0,0,0,0,0,0,0,0,0,0,0,413760,64,609,1477,1221159502,4103037921,729472,0
1553,1116608,0,0,0,4288,9152,288192,390720,424256,404736,707840,0,1344,282816,0,0,0,0,0,0,0,0,0,0,0,0,0,0,390592,128,601,1450,508583213,403909910,698688,0
1554,1116864,0,0,0,4160,9088,261632,387648,454336,434368,678528,0,1216,256320,0,0,0,0,0,0,0,0,0,0,0,0,0,0,387520,128,602,1453,1859098430,3078747160,669440,0
1555,1118528,0,0,0,4352,9408,333888,430400,340480,318848,795648,0,1216,328768,0,0,0,0,0,0,0,0,0,0,0,0,0,0,430272,128,608,1460,1410521872,1134360748,786240,0
1556,1116224,0,0,0,4224,8960,269056,412032,421952,400128,712192,0,1152,263872,0,0,0,0,0,0,0,0,0,0,0,0,0,0,411968,64,602,1458,2819112022,3827772109,703232,0
1557,1677440,0,0,0,12416,9536,733504,554432,367552,345344,1327808,0,1216,728256,0,0,0,0,0,0,0,0,0,0,0,0,0,0,554304,128,636,1575,2673181473,713650099,1318272,0
1558,1676928,0,0,0,11712,24896,518976,546816,574528,552448,1120320,0,1280,513664,0,0,0,0,0,0,0,0,0,0,0,0,0,0,546688,128,637,1558,1402357637,2411177200,1095424,0
1559,1116352,0,0,0,4544,9344,274496,507456,320512,298880,813376,0,1216,269248,0,0,0,0,0,0,0,0,0,0,0,0,0,0,507328,128,631,1541,472905551,3664829811,804032,0
1560,1116544,0,0,0,5376,24192,403776,523200,160000,138752,973632,0,1216,398592,0,0,0,0,0,0,0,0,0,0,0,0,0,0,523072,128,638,1573,529782618,411429448,949440,0
1561,1116864,0,0,0,6464,24448,518720,534016,33216,11520,1101312,0,1280,513472,0,0,0,0,0,0,0,0,0,0,0,0,0,0,533888,128,638,1572,2578997937,2902277945,1076864,0
1562,1116544,0,0,0,6528,24256,353728,506624,225408,204160,908224,0,1280,348416,0,0,0,0,0,0,0,0,0,0,0,0,0,0,506560,64,637,1569,2570697376,3404445144,883968,0
1563,1116736,0,0,0,13376,24256,442816,465664,170624,149248,963392,0,1280,437440,0,0,0,0,0,0,0,0,0,0,0,0,0,0,465536,128,589,1456,1594504401,3528068029,939136,0
1564,1116864,0,0,0,4736,23936,588608,449088,50496,29056,1083712,0,1280,583360,0,0,0,0,0,0,0,0,0,0,0,0,0,0,449024,64,594,1457,1435318954,1226111702,1059776,0
1565,1676928,0,0,0,13952,24576,589184,551360,497856,476288,1196288,0,1216,583744,0,0,0,0,0,0,0,0,0,0,0,0,0,0,551232,128,617,1529,1494936671,1848840846,1171712,0
1566,1116800,0,0,0,4864,25984,389248,464640,232064,204864,907840,0,1088,384192,0,0,0,0,0,0,0,0,0,0,0,0,0,0,464512,128,609,1499,2450996666,1528385428,881856,0
1567,1116800,0,0,0,4672,23744,592320,470336,25728,4288,1108352,0,1152,587200,0,0,0,0,0,0,0,0,0,0,0,0,0,0,470272,64,603,1487,2390335122,1650255109,1084608,0
1568,1117376,0,0,0,4736,24192,364224,446144,278080,256256,857088,0,1216,358976,0,0,0,0,0,0,0,0,0,0,0,0,0,0,446016,128,601,1472,1898313938,3628598490,832896,0
1569,1115904,0,0,0,4736,24192,312256,448512,326208,304768,807040,0,1344,306880,0,0,0,0,0,0,0,0,0,0,0,0,0,0,448384,128,594,1455,2350913152,1375675747,782848,0
1570,1116608,0,0,0,4800,24960,531904,425856,129088,107392,1005056,0,1280,526528,0,0,0,0,0,0,0,0,0,0,0,0,0,0,425728,128,608,1494,2389374247,27956783,980096,0
1571,1115136,0,0,0,4864,9472,387776,419584,293440,273792,837248,0,1280,382464,0,0,0,0,0,0,0,0,0,0,0,0,0,0,419456,128,615,1507,368245932,354049537,827776,0
1572,1116992,0,0,0,4800,24832,385472,407168,294720,274688,838208,0,1280,380032,0,0,0,0,0,0,0,0,0,0,0,0,0,0,407104,64,604,1489,2311101997,3960407600,813376,0
1573,1116736,0,0,0,4992,25024,479872,413632,193216,173568,939072,0,1344,474368,0,0,0,0,0,0,0,0,0,0,0,0,0,0,413504,128,608,1502,344811001,2806043890,914048,0
1574,1116864,0,0,0,4928,9280,318016,401280,383360,363520,749248,0,1408,312640,0,0,0,0,0,0,0,0,0,0,0,0,0,0,401152,128,601,1493,1780165023,3051014033,739968,0
1575,1116544,0,0,0,6912,24832,356416,402240,326144,306368,805888,0,1152,351168,0,0,0,0,0,0,0,0,0,0,0,0,0,0,402176,64,610,1486,3360905698,40397580,781056,0
1576,1116800,0,0,0,4928,25024,447552,406336,232960,212928,899712,0,1280,442240,0,0,0,0,0,0,0,0,0,0,0,0,0,0,406208,128,609,1501,779220885,3606918384,874688,0
1577,1118528,0,0,0,5120,24192,440512,513600,135104,113344,1001024,0,1344,435072,0,0,0,0,0,0,0,0,0,0,0,0,0,0,513472,128,614,1510,3227571325,2578597653,976832,0
1578,1116352,0,0,0,5120,24320,345728,433216,307968,286592,825664,0,1280,340352,0,0,0,0,0,0,0,0,0,0,0,0,0,0,433152,64,605,1475,811278370,4152070622,801344,0
1579,1116800,0,0,0,5184,24576,488896,440768,157376,135232,977344,0,1280,483648,0,0,0,0,0,0,0,0,0,0,0,0,0,0,440640,128,618,1518,2060142270,510352503,952768,0
1580,1116736,0,0,0,5184,9408,304640,436096,361408,339840,772736,0,1280,299328,0,0,0,0,0,0,0,0,0,0,0,0,0,0,436032,64,610,1501,2463663688,3590670173,763328,0
1581,1117056,0,0,0,5248,25216,424448,433792,228352,206656,906304,0,1216,419136,0,0,0,0,0,0,0,0,0,0,0,0,0,0,433664,128,608,1500,4001047312,1786271256,881088,0
1582,1116608,0,0,0,7040,24832,550144,439360,95232,68032,1044160,0,1280,544832,0,0,0,0,0,0,0,0,0,0,0,0,0,0,439232,128,613,1516,1940061240,3018319920,1019328,0
1583,1116800,0,0,0,7168,9536,367360,407680,325056,302912,809664,0,1280,361856,0,0,0,0,0,0,0,0,0,0,0,0,0,0,407552,128,591,1462,4288581974,3474645227,800128,0
1584,1116736,0,0,0,4992,24064,395712,408256,283712,262336,850304,0,1280,390400,0,0,0,0,0,0,0,0,0,0,0,0,0,0,408128,128,603,1467,502854169,83822049,826240,0
1585,1116608,0,0,0,5248,24576,545408,409536,131840,110656,1001856,0,1280,540096,0,0,0,0,0,0,0,0,0,0,0,0,0,0,409408,128,598,1464,4148696884,2616146302,977280,0
1586,1116800,0,0,0,5184,9344,339776,403392,359104,337792,774912,0,1216,334592,0,0,0,0,0,0,0,0,0,0,0,0,0,0,403264,128,602,1489,497984367,2645233115,765568,0
1587,1116992,0,0,0,6016,23936,368064,404224,314752,293248,819648,0,1152,362816,0,0,0,0,0,0,0,0,0,0,0,0,0,0,404096,128,612,1478,4094349482,2229477592,795712,0
1588,1116480,0,0,0,5120,24384,520512,410368,156096,135232,977088,0,1280,515328,0,0,0,0,0,0,0,0,0,0,0,0,0,0,410176,192,617,1509,2205794577,357134256,952704,0
1589,1116864,0,0,0,5248,9280,345792,407168,349376,328064,784640,0,1216,340544,0,0,0,0,0,0,0,0,0,0,0,0,0,0,407040,128,615,1498,842300552,3166050422,775360,0
1590,1116352,0,0,0,5120,24128,565888,493888,27328,6144,1106112,0,1280,560512,0,0,0,0,0,0,0,0,0,0,0,0,0,0,493760,128,608,1485,1970803127,1248337035,1081984,0
1591,1116864,0,0,0,7040,24832,460160,429632,195200,173376,938816,0,1280,454848,0,0,0,0,0,0,0,0,0,0,0,0,0,0,429504,128,598,1471,2409927430,1378901220,913984,0
1592,1116544,0,0,0,7552,9472,259456,411776,428288,407040,705344,0,1280,253888,0,0,0,0,0,0,0,0,0,0,0,0,0,0,411648,128,597,1457,1766075141,1326452058,695872,0
1593,1115712,0,0,0,7552,23936,307520,408896,367808,347584,763904,0,1344,302144,0,0,0,0,0,0,0,0,0,0,0,0,0,0,408832,64,607,1474,898186814,3080110011,739968,0
1594,1116352,0,0,0,4992,24896,445312,413696,227456,207360,905024,0,1344,440064,0,0,0,0,0,0,0,0,0,0,0,0,0,0,413568,128,607,1478,1612306700,3468429414,880128,0
1595,1116800,0,0,0,5056,9344,261376,415424,425600,406080,706624,0,1280,256064,0,0,0,0,0,0,0,0,0,0,0,0,0,0,415360,64,607,1482,3354008724,3020626769,697280,0
1596,1116864,0,0,0,7104,24640,322688,414848,347584,327616,785088,0,1216,317312,0,0,0,0,0,0,0,0,0,0,0,0,0,0,414720,128,613,1493,665495034,3248458133,760448,0
1597,1117248,0,0,0,12352,26240,413888,474816,189952,170176,942784,0,1344,408576,0,0,0,0,0,0,0,0,0,0,0,0,0,0,474752,64,619,1492,270403871,1779706820,916544,0
1598,1116032,0,0,0,7616,9408,294080,423296,381632,356096,755776,0,1280,288768,0,0,0,0,0,0,0,0,0,0,0,0,0,0,423168,128,620,1499,4028238054,3550555559,746368,0
1599,1116672,0,0,0,6784,24064,267776,449856,368192,348416,764224,0,1152,262656,0,0,0,0,0,0,0,0,0,0,0,0,0,0,449728,128,624,1518,2020540880,3498943307,740160,0
1600,1118784,0,0,0,6080,9472,475008,479168,149056,127232,987392,0,1152,469824,0,0,0,0,0,0,0,0,0,0,0,0,0,0,479104,64,616,1518,939270287,3031702064,977920,0
1601,1116096,0,0,0,4736,9344,284288,427520,390208,368960,743040,0,1152,279168,0,0,0,0,0,0,0,0,0,0,0,0,0,0,427392,128,627,1516,2817938972,2263211546,733696,0
1602,1116736,0,0,0,6784,9600,326272,418752,355328,333824,778752,0,1280,320960,0,0,0,0,0,0,0,0,0,0,0,0,0,0,418624,128,623,1503,422142662,43137640,769152,0
1603,1116992,0,0,0,5888,24384,482560,516992,87168,65600,1047168,0,1280,477312,0,0,0,0,0,0,0,0,0,0,0,0,0,0,516864,128,590,1446,3374611801,1685194793,1022784,0
1604,1116544,0,0,0,4928,23808,332800,463296,291712,270144,842304,0,1152,327616,0,0,0,0,0,0,0,0,0,0,0,0,0,0,463168,128,602,1470,715412189,3244921714,818496,0
1605,1116608,0,0,0,6912,23744,310016,453184,322752,301056,811328,0,1088,304704,0,0,0,0,0,0,0,0,0,0,0,0,0,0,453056,128,600,1469,2822355783,531869216,787584,0
1606,1116928,0,0,0,6848,9024,330944,451392,318720,297472,815488,0,1280,325568,0,0,0,0,0,0,0,0,0,0,0,0,0,0,451264,128,603,1476,2393632733,3703022182,806464,0
1607,1116736,0,0,0,6016,23872,338944,476544,271360,250368,862336,0,1216,333568,0,0,0,0,0,0,0,0,0,0,0,0,0,0,476416,128,599,1473,996403842,1306829188,838464,0
1608,1116736,0,0,0,6784,9344,396608,446400,257600,236544,876096,0,1216,391360,0,0,0,0,0,0,0,0,0,0,0,0,0,0,446272,128,619,1514,2749668083,3348623689,866752,0
1609,1116928,0,0,0,6912,9984,424256,478528,197248,174016,938112,0,1280,418880,0,0,0,0,0,0,0,0,0,0,0,0,0,0,478400,128,622,1513,2053436445,586372858,928128,0
1610,1116672,0,0,0,5632,9472,389504,455488,256576,235264,877312,0,1216,384192,0,0,0,0,0,0,0,0,0,0,0,0,0,0,455360,128,607,1483,25718979,2415469677,867840,0
1611,1116800,0,0,0,6528,9280,386560,446592,267840,246144,866624,0,1216,381248,0,0,0,0,0,0,0,0,0,0,0,0,0,0,446464,128,618,1493,2017105383,1387404318,857344,0
1612,1116608,0,0,0,6720,10816,432448,433664,232960,211520,900928,0,1152,427328,0,0,0,0,0,0,0,0,0,0,0,0,0,0,433536,128,627,1529,1098727848,3179755346,890112,0
1613,1116608,0,0,0,4608,9280,393984,433152,275584,254336,858176,0,1216,388800,0,0,0,0,0,0,0,0,0,0,0,0,0,0,433088,64,621,1518,3228764747,4226885375,848896,0
1614,1116800,0,0,0,6912,9344,410944,432768,256832,229568,883264,0,1280,405696,0,0,0,0,0,0,0,0,0,0,0,0,0,0,432640,128,636,1547,1372320520,3639443848,873920,0
1615,1116544,0,0,0,7360,9088,420928,427264,251904,230528,881856,0,1216,415744,0,0,0,0,0,0,0,0,0,0,0,0,0,0,427136,128,636,1551,4190889982,1878603530,872768,0
1616,1115584,0,0,0,6528,8960,461184,423360,215552,195264,916224,0,1280,455872,0,0,0,0,0,0,0,0,0,0,0,0,0,0,423232,128,644,1561,2455907057,1628135325,907264,0
1617,1117248,0,0,0,6400,9216,408192,426240,267200,246976,866240,0,1280,402944,0,0,0,0,0,0,0,0,0,0,0,0,0,0,426112,128,642,1552,143590717,595669461,857024,0
1618,1116032,0,0,0,5504,9216,345408,405952,349952,330240,781760,0,1280,340032,0,0,0,0,0,0,0,0,0,0,0,0,0,0,405824,128,632,1519,4268502571,816890010,772544,0
1619,1116864,0,0,0,4288,9216,397312,414528,291520,271680,841088,0,1216,392128,0,0,0,0,0,0,0,0,0,0,0,0,0,0,414400,128,626,1519,746401271,3102779317,831872,0
1620,1116800,0,0,0,6272,9408,365440,404928,330752,310976,801728,0,1152,360192,0,0,0,0,0,0,0,0,0,0,0,0,0,0,404800,128,633,1521,3489681943,1712261112,792320,0
1621,1116800,0,0,0,6400,9152,369984,411584,319680,299520,813248,0,1216,364800,0,0,0,0,0,0,0,0,0,0,0,0,0,0,411456,128,622,1503,1404156248,1745024000,804096,0
1622,1118720,0,0,0,4224,9216,437568,445184,222528,200960,913728,0,1280,432192,0,0,0,0,0,0,0,0,0,0,0,0,0,0,445120,64,637,1521,2448296235,3781454744,904512,0
1623,1116288,0,0,0,4352,9536,364352,427392,310656,289280,822976,0,1216,359104,0,0,0,0,0,0,0,0,0,0,0,0,0,0,427264,128,631,1514,2508595915,35409130,813440,0
1624,1117120,0,0,0,9024,9408,418496,441024,239168,217408,895616,0,1216,413120,0,0,0,0,0,0,0,0,0,0,0,0,0,0,440896,128,628,1514,1450771043,2996760655,886208,0
1625,1116800,0,0,0,4352,9408,411008,434432,257600,235712,876992,0,1152,405888,0,0,0,0,0,0,0,0,0,0,0,0,0,0,434368,64,634,1527,2698374711,3563209997,867584,0
1626,1116224,0,0,0,4352,9408,346624,497344,258496,236992,875136,0,1152,341504,0,0,0,0,0,0,0,0,0,0,0,0,0,0,497216,128,631,1520,3758141169,561777000,865728,0
1627,1116608,0,0,0,4288,9664,327360,425088,350208,328832,783616,0,1216,322112,0,0,0,0,0,0,0,0,0,0,0,0,0,0,424960,128,619,1492,2550302853,1440282013,773952,0
1628,1116864,0,0,0,4352,10432,348160,403968,349952,328448,784384,0,1280,342848,0,0,0,0,0,0,0,0,0,0,0,0,0,0,403840,128,624,1501,733499650,237766976,773952,0
1629,1116608,0,0,0,6464,9408,404672,443136,252928,231680,880960,0,1280,399424,0,0,0,0,0,0,0,0,0,0,0,0,0,0,443072,64,624,1483,2481577434,2423905113,871552,0
1630,1117056,0,0,0,11008,9664,391872,446016,258496,230592,882304,0,1216,386560,0,0,0,0,0,0,0,0,0,0,0,0,0,0,445888,128,609,1449,391956290,3923868230,872640,0
1631,1116480,0,0,0,6336,9408,338496,392896,369344,347712,764672,0,1216,333248,0,0,0,0,0,0,0,0,0,0,0,0,0,0,392832,64,612,1452,827338426,2698501938,755264,0
1632,1116736,0,0,0,6848,9344,426688,404736,269120,247872,864832,0,1216,421376,0,0,0,0,0,0,0,0,0,0,0,0,0,0,404608,128,622,1478,3060166305,557725784,855488,0
1633,1117120,0,0,0,6720,9408,351232,390976,358784,336896,776128,0,1152,346048,0,0,0,0,0,0,0,0,0,0,0,0,0,0,390848,128,606,1459,999459125,3383428005,766720,0
1634,1677376,0,0,0,10944,9664,625728,556736,474304,452224,1220736,0,1280,620480,0,0,0,0,0,0,0,0,0,0,0,0,0,0,556672,64,636,1536,814220446,765988741,1211072,0
1635,1116032,0,0,0,4352,9792,472320,455296,174272,148608,962944,0,1152,467072,0,0,0,0,0,0,0,0,0,0,0,0,0,0,455168,128,628,1519,2677000535,2493847134,953152,0
1636,1677696,0,0,0,8960,14144,590592,482304,581696,544704,1124160,0,2240,584256,0,0,0,0,0,0,0,0,0,0,0,0,0,0,482176,128,627,1524,431458705,3675600315,1110016,0
1637,1116288,0,0,0,10944,24832,336192,440128,304192,277952,833728,0,1152,330944,0,0,0,0,0,0,0,0,0,0,0,0,0,0,440000,128,629,1519,3273374742,4082395746,808896,0
1638,1116672,0,0,0,5056,9984,324288,433472,343872,317696,794560,0,1216,319040,0,0,0,0,0,0,0,0,0,0,0,0,0,0,433344,128,628,1501,1014594426,1022238146,784576,0
1639,1116864,0,0,0,6016,9728,344832,427456,328832,302656,809728,0,1216,339520,0,0,0,0,0,0,0,0,0,0,0,0,0,0,427328,128,618,1485,972285981,4023355420,800000,0
1640,1116800,0,0,0,5056,9472,419072,472768,210432,189120,923520,0,1152,413824,0,0,0,0,0,0,0,0,0,0,0,0,0,0,472640,128,624,1499,2441066225,262411513,914048,0
1641,1116672,0,0,0,4800,9600,452544,402880,246848,225344,887296,0,1152,447296,0,0,0,0,0,0,0,0,0,0,0,0,0,0,402752,128,620,1496,2739675190,1048483682,877696,0
1642,1116800,0,0,0,5888,10816,472576,401920,225600,203968,908800,0,1280,467200,0,0,0,0,0,0,0,0,0,0,0,0,0,0,401792,128,628,1512,2924441092,4289815216,897984,0
1643,1116480,0,0,0,4480,9408,445888,403328,253376,232192,880192,0,1152,440576,0,0,0,0,0,0,0,0,0,0,0,0,0,0,403200,128,634,1514,2982031842,540840938,870784,0
1644,1116736,0,0,0,2624,9152,522816,443136,139008,117440,995264,0,1344,517440,0,0,0,0,0,0,0,0,0,0,0,0,0,0,443008,128,625,1483,3654710517,4053691055,986112,0
1645,1116800,0,0,0,2496,9216,507648,402432,195008,173312,939584,0,1216,502400,0,0,0,0,0,0,0,0,0,0,0,0,0,0,402304,128,622,1480,1757784663,2781813935,930368,0
1646,1116864,0,0,0,2560,9472,472704,423936,208192,180608,932160,0,1216,467456,0,0,0,0,0,0,0,0,0,0,0,0,0,0,423872,64,617,1479,208674486,3447309427,922688,0
1647,1116544,0,0,0,2624,9152,429888,452928,221952,200320,912256,0,1152,424704,0,0,0,0,0,0,0,0,0,0,0,0,0,0,452800,128,618,1482,3740030854,2731808008,903104,0
1648,1116672,0,0,0,2624,9344,487360,401088,216256,195200,917440,0,1280,481984,0,0,0,0,0,0,0,0,0,0,0,0,0,0,400960,128,617,1479,3750919285,1849257786,908096,0
1649,1116928,0,0,0,7360,9536,427776,386944,285312,263744,849024,0,1152,422528,0,0,0,0,0,0,0,0,0,0,0,0,0,0,386816,128,618,1472,492651309,952821062,839488,0
1650,1116608,0,0,0,7936,9536,380288,379328,339520,318080,794304,0,1216,374848,0,0,0,0,0,0,0,0,0,0,0,0,0,0,379200,128,617,1468,1267622734,777095949,784768,0
1651,1116992,0,0,0,5888,9216,274880,366144,460864,439488,673472,0,1216,269696,0,0,0,0,0,0,0,0,0,0,0,0,0,0,366016,128,604,1460,4201477898,673703294,664256,0
1652,1116736,0,0,0,6400,9216,354688,368000,378432,356928,755712,0,1280,349440,0,0,0,0,0,0,0,0,0,0,0,0,0,0,367872,128,614,1474,1558432455,1745521566,746496,0
1653,1116672,0,0,0,5504,9600,263808,370176,467584,446080,666496,0,1216,258560,0,0,0,0,0,0,0,0,0,0,0,0,0,0,370048,128,614,1471,2365038467,3852870479,656896,0
1654,1116928,0,0,0,2624,9152,268800,369920,466432,444608,668352,0,1280,263552,0,0,0,0,0,0,0,0,0,0,0,0,0,0,369792,128,619,1480,968543761,2363553178,659200,0
1655,1116736,0,0,0,2560,9216,400000,401984,302976,281472,831296,0,1280,394688,0,0,0,0,0,0,0,0,0,0,0,0,0,0,401856,128,619,1485,385832629,1500118206,822080,0
1656,1116672,0,0,0,2560,9280,271232,384512,449088,427584,685120,0,1152,266112,0,0,0,0,0,0,0,0,0,0,0,0,0,0,384384,128,617,1485,1273664788,2457591092,675840,0
1657,1116864,0,0,0,2688,9344,287552,376384,440896,419648,693248,0,1344,282176,0,0,0,0,0,0,0,0,0,0,0,0,0,0,376256,128,614,1477,3997157599,968032848,683904,0
1658,1116992,0,0,0,2560,10560,317120,381696,405056,383488,729536,0,1216,311808,0,0,0,0,0,0,0,0,0,0,0,0,0,0,381568,128,611,1460,282368876,905723059,718976,0
1659,1676864,0,0,0,2560,9152,360192,856576,448384,426816,1246080,0,1216,355072,0,0,0,0,0,0,0,0,0,0,0,0,0,0,856448,128,601,1440,2667821148,2425320048,1236928,0
1660,1116608,0,0,0,3200,9152,483520,401856,218880,197184,915456,0,1344,478208,0,0,0,0,0,0,0,0,0,0,0,0,0,0,401792,64,605,1443,3447737645,2856630658,906304,0
1661,1115264,0,0,0,14720,26560,601472,392064,80448,50560,1058944,0,3072,591744,0,0,0,0,0,0,0,0,0,0,0,0,0,0,391936,128,607,1453,2038828977,3712111972,1032384,0
1662,1117376,0,0,0,10112,25344,370752,363776,347392,318336,794880,0,1280,365376,0,0,0,0,0,0,0,0,0,0,0,0,0,0,363648,128,625,1483,3486723613,348435067,769536,0
1663,1116160,0,0,0,4160,24512,287616,366336,433536,413824,698240,0,1280,282240,0,0,0,0,0,0,0,0,0,0,0,0,0,0,366272,64,611,1454,4186610506,687231601,673728,0
1664,1116800,0,0,0,4096,9280,326400,361088,415936,396032,716736,0,1280,321152,0,0,0,0,0,0,0,0,0,0,0,0,0,0,361024,64,608,1456,1066681302,3966038457,707456,0
1665,1116800,0,0,0,4160,9280,335680,387776,379904,360128,752640,0,1280,330368,0,0,0,0,0,0,0,0,0,0,0,0,0,0,387648,128,611,1464,2679191723,1897734052,743360,0
1666,1116800,0,0,0,4160,9088,369216,370368,363968,343936,768896,0,1280,363968,0,0,0,0,0,0,0,0,0,0,0,0,0,0,370240,128,620,1486,2713776738,1153309769,759808,0
1667,1117952,0,0,0,4096,24640,387776,382144,319296,297856,816064,0,1280,382592,0,0,0,0,0,0,0,0,0,0,0,0,0,0,382016,128,624,1489,1844619212,925048874,791424,0
1668,1116736,0,0,0,4352,9792,471040,496000,135552,109952,1002240,0,1216,465792,0,0,0,0,0,0,0,0,0,0,0,0,0,0,495936,64,628,1505,1214890219,3957816548,992448,0
1669,1116672,0,0,0,4416,9472,372224,426688,303872,277888,834368,0,1216,366976,0,0,0,0,0,0,0,0,0,0,0,0,0,0,426560,128,627,1512,2119109631,2795840182,824896,0
1670,1116544,0,0,0,4224,25728,494336,448448,143808,118080,993920,0,1216,489152,0,0,0,0,0,0,0,0,0,0,0,0,0,0,448320,128,628,1499,4229018853,3725106089,968192,0
1671,1117056,0,0,0,4480,9728,308736,416704,377408,351296,761216,0,1152,303424,0,0,0,0,0,0,0,0,0,0,0,0,0,0,416640,64,617,1475,2317988239,70456688,751488,0
1672,1116800,0,0,0,4416,24768,331520,418176,337920,311872,800448,0,1280,326144,0,0,0,0,0,0,0,0,0,0,0,0,0,0,418048,128,629,1528,3329340620,1937034414,775680,0
1673,1116800,0,0,0,6272,11072,328704,390272,380480,354432,757760,0,1216,323456,0,0,0,0,0,0,0,0,0,0,0,0,0,0,390144,128,586,1465,3752219166,2123198044,746688,0
1674,1116544,0,0,0,6208,9408,367424,551552,181952,160704,951872,0,1216,362112,0,0,0,0,0,0,0,0,0,0,0,0,0,0,551424,128,574,1470,1971262419,176264394,942464,0
1675,1116992,0,0,0,6144,9152,334208,394816,372672,351232,761664,0,1216,328896,0,0,0,0,0,0,0,0,0,0,0,0,0,0,394624,192,542,1360,425957485,694146230,752512,0
1676,1116480,0,0,0,4224,9280,353600,375552,373824,352512,759936,0,1280,348160,0,0,0,0,0,0,0,0,0,0,0,0,0,0,375424,128,559,1389,3252584299,4109147382,750656,0
1677,1117312,0,0,0,4288,9472,344704,374592,384256,362432,750784,0,1216,339328,0,0,0,0,0,0,0,0,0,0,0,0,0,0,374464,128,535,1350,2414024369,4059317712,741312,0
1678,1116096,0,0,0,4224,9280,411584,419712,271296,244224,867904,0,1280,406272,0,0,0,0,0,0,0,0,0,0,0,0,0,0,419584,128,545,1365,2294684172,3062373092,858624,0
1679,1116800,0,0,0,4096,9344,362304,363840,377216,355776,756992,0,1216,357056,0,0,0,0,0,0,0,0,0,0,0,0,0,0,363712,128,534,1335,2923065404,1129185341,747648,0
1680,1116672,0,0,0,4224,9344,353600,362880,386624,365120,747648,0,1216,348352,0,0,0,0,0,0,0,0,0,0,0,0,0,0,362752,128,537,1339,4245061290,2027073955,738304,0
1681,1116672,0,0,0,4160,9344,362112,394880,346176,324608,787968,0,1152,356864,0,0,0,0,0,0,0,0,0,0,0,0,0,0,394752,128,551,1349,211476266,42779740,778624,0
1682,1116800,0,0,0,4160,9856,351872,370752,380160,358720,753984,0,1280,346560,0,0,0,0,0,0,0,0,0,0,0,0,0,0,370624,128,536,1320,4266719660,441321380,744128,0
1683,1116736,0,0,0,6144,8896,346048,363712,391936,370368,742400,0,1216,340736,0,0,0,0,0,0,0,0,0,0,0,0,0,0,363584,128,536,1315,2606579689,3226517540,733504,0
1684,1116672,0,0,0,16768,9856,587008,409600,93440,71936,1040320,0,1280,581696,0,0,0,0,0,0,0,0,0,0,0,0,0,0,409472,128,527,1329,2613116830,466390565,1030464,0
1685,1116736,0,0,0,4416,9856,391232,392512,318720,297344,814912,0,1216,385984,0,0,0,0,0,0,0,0,0,0,0,0,0,0,392384,128,521,1301,1340880316,2295988388,805056,0
1686,1116928,0,0,0,4416,9600,427648,396800,278464,256768,855616,0,1280,422272,0,0,0,0,0,0,0,0,0,0,0,0,0,0,396672,128,530,1325,141560704,1973689419,846016,0
1687,1116416,0,0,0,4352,10048,437568,403264,261184,239936,871872,0,1216,432256,0,0,0,0,0,0,0,0,0,0,0,0,0,0,403136,128,529,1344,1098364747,4224432262,861824,0
1688,1116864,0,0,0,6272,11584,481920,471488,145600,124288,987968,0,1152,476608,0,0,0,0,0,0,0,0,0,0,0,0,0,0,471360,128,559,1390,1895663467,168913064,976384,0
1689,1116928,0,0,0,6336,10240,458880,473536,167936,146368,965888,0,1152,453696,0,0,0,0,0,0,0,0,0,0,0,0,0,0,473408,128,539,1362,437199941,2083451438,955648,0
1690,1116416,0,0,0,5440,9728,485248,470080,145920,124288,987584,0,1216,480000,0,0,0,0,0,0,0,0,0,0,0,0,0,0,470016,64,560,1391,733470519,2347703075,977856,0
1691,1116928,0,0,0,4352,10048,481728,469824,150976,129792,982464,0,1152,476416,0,0,0,0,0,0,0,0,0,0,0,0,0,0,469696,128,550,1371,3826248624,1072748590,972416,0
1692,1116544,0,0,0,6080,9728,514624,475392,110720,89216,1022656,0,1280,509312,0,0,0,0,0,0,0,0,0,0,0,0,0,0,475264,128,529,1351,2519029289,2953490187,1012928,0
1693,1116736,0,0,0,6976,9664,534592,458368,107136,85376,1026688,0,1216,529536,0,0,0,0,0,0,0,0,0,0,0,0,0,0,458240,128,563,1396,3397194069,443158278,1017024,0
1694,1116928,0,0,0,4736,10048,534592,464832,102720,75328,1036928,0,1216,529216,0,0,0,0,0,0,0,0,0,0,0,0,0,0,464768,64,561,1397,2542413540,3421819309,1026880,0
1695,1116544,0,0,0,4096,9792,471360,463040,168256,146752,965376,0,1280,466176,0,0,0,0,0,0,0,0,0,0,0,0,0,0,462976,64,544,1357,2802544095,3041801294,955584,0
1696,1117056,0,0,0,6080,10496,491392,478464,130624,109056,1002880,0,1088,486144,0,0,0,0,0,0,0,0,0,0,0,0,0,0,478336,128,534,1345,1111513298,948942271,992384,0
1697,1676864,0,0,0,6976,24832,593344,918656,133056,111360,1561024,0,1216,588224,0,0,0,0,0,0,0,0,0,0,0,0,0,0,918528,128,557,1371,80930871,1342554954,1536192,0
1698,1116480,0,0,0,9408,10176,487872,474112,134912,113600,998208,0,1216,482496,0,0,0,0,0,0,0,0,0,0,0,0,0,0,473984,128,549,1357,572075948,71204263,988032,0
1699,1116864,0,0,0,4160,9856,445696,432320,224832,203456,908864,0,1152,440448,0,0,0,0,0,0,0,0,0,0,0,0,0,0,432192,128,539,1327,442394115,608651818,899008,0
1700,1116800,0,0,0,6144,9856,393600,429120,278080,256384,856000,0,1152,388224,0,0,0,0,0,0,0,0,0,0,0,0,0,0,428992,128,520,1277,292513780,2147374459,846144,0
1701,1116928,0,0,0,6144,9792,394688,432384,273920,252096,860288,0,1152,389248,0,0,0,0,0,0,0,0,0,0,0,0,0,0,432320,64,519,1286,2284833920,3237375676,850496,0
1702,1117184,0,0,0,9664,10048,465600,460096,171776,149632,962816,0,1152,460352,0,0,0,0,0,0,0,0,0,0,0,0,0,0,459968,128,546,1349,4247339028,121925026,952768,0
1703,1116224,0,0,0,4096,11008,377088,472896,251136,229632,882112,0,1280,371840,0,0,0,0,0,0,0,0,0,0,0,0,0,0,472768,128,547,1343,1878055479,537312407,871104,0
1704,1116800,0,0,0,4160,9792,347904,472448,282496,260800,851456,0,1152,342656,0,0,0,0,0,0,0,0,0,0,0,0,0,0,472320,128,571,1427,165845339,2983595691,841664,0
1705,1116672,0,0,0,4288,10112,322240,467264,312768,290816,821248,0,1280,316864,0,0,0,0,0,0,0,0,0,0,0,0,0,0,467136,128,570,1416,1614294997,2934067389,811136,0
1706,1116736,0,0,0,6400,10176,326144,452608,321408,300416,811712,0,1216,320832,0,0,0,0,0,0,0,0,0,0,0,0,0,0,452480,128,578,1441,954468190,635956575,801536,0
1707,1116736,0,0,0,6784,9792,327424,452288,320448,299008,813184,0,1280,322240,0,0,0,0,0,0,0,0,0,0,0,0,0,0,452224,64,581,1456,4055201477,3923976607,803392,0
1708,1116736,0,0,0,6784,9920,338624,423232,338176,316480,795648,0,1152,333504,0,0,0,0,0,0,0,0,0,0,0,0,0,0,423104,128,578,1430,1010383750,627783551,785728,0
1709,1116544,0,0,0,5248,9984,407936,436352,257024,235328,876672,0,1280,402624,0,0,0,0,0,0,0,0,0,0,0,0,0,0,436224,128,602,1439,3385652250,95638951,866688,0
1710,1116800,0,0,0,6272,9792,355200,433920,311616,284608,827712,0,1216,349888,0,0,0,0,0,0,0,0,0,0,0,0,0,0,433792,128,597,1440,106944419,3975047774,817920,0
1711,1116992,0,0,0,6528,9856,343936,435968,320704,298432,814080,0,1152,338688,0,0,0,0,0,0,0,0,0,0,0,0,0,0,435840,128,607,1453,403278545,515617982,804224,0
1712,1116800,0,0,0,6784,9856,363200,430016,306944,285312,826880,0,1216,357952,0,0,0,0,0,0,0,0,0,0,0,0,0,0,429952,64,597,1428,3332698276,2260207788,817024,0
1713,1116800,0,0,0,5696,9728,392896,437440,271040,249408,862912,0,1152,387584,0,0,0,0,0,0,0,0,0,0,0,0,0,0,437312,128,611,1452,3176048532,2369344250,853184,0
1714,1116736,0,0,0,4288,9664,427328,423680,251776,229952,882240,0,1152,422016,0,0,0,0,0,0,0,0,0,0,0,0,0,0,423616,64,595,1422,946313705,335349521,872576,0
1715,1116928,0,0,0,2624,10112,535936,491136,77120,55616,1056448,0,1152,530752,0,0,0,0,0,0,0,0,0,0,0,0,0,0,491008,128,601,1425,3843217847,3161502998,1046336,0
1716,1116800,0,0,0,2560,9792,338560,416320,349568,327808,784576,0,1152,333376,0,0,0,0,0,0,0,0,0,0,0,0,0,0,416192,128,608,1438,2369171872,658639791,774784,0
1717,1116992,0,0,0,2624,9664,324992,422528,357184,334976,777600,0,1152,319808,0,0,0,0,0,0,0,0,0,0,0,0,0,0,422464,64,598,1412,626950873,3395892083,767936,0
1718,1116544,0,0,0,2560,9856,336704,407168,360256,338624,773440,0,1280,331392,0,0,0,0,0,0,0,0,0,0,0,0,0,0,407040,128,595,1409,3248002203,2624182414,763584,0
1719,1116672,0,0,0,3456,11008,317504,382720,401984,380672,731520,0,1216,312128,0,0,0,0,0,0,0,0,0,0,0,0,0,0,382592,128,591,1407,2671566931,4160344909,720512,0
1720,1116416,0,0,0,14272,9664,418816,400192,273472,252224,859712,0,1216,413504,0,0,0,0,0,0,0,0,0,0,0,0,0,0,400064,128,597,1424,628402507,4209040958,850048,0
1721,1116800,0,0,0,4096,9920,331648,411584,359552,338304,774016,0,1216,326464,0,0,0,0,0,0,0,0,0,0,0,0,0,0,411456,128,598,1432,3546046533,1113593876,764096,0
1722,1117056,0,0,0,4032,9664,310080,401472,391808,370048,742592,0,1216,304832,0,0,0,0,0,0,0,0,0,0,0,0,0,0,401344,128,600,1436,3475990690,1064813764,732928,0
1723,1116608,0,0,0,4096,9920,334016,412544,356032,334656,777280,0,1152,328896,0,0,0,0,0,0,0,0,0,0,0,0,0,0,412416,128,592,1415,824477849,823180791,767360,0
1724,1117056,0,0,0,3968,9664,330048,410112,363264,341632,770816,0,1152,324928,0,0,0,0,0,0,0,0,0,0,0,0,0,0,409984,128,591,1421,692872439,2042321457,761152,0
1725,1116352,0,0,0,4032,9792,419712,410944,271872,250240,861632,0,1216,414464,0,0,0,0,0,0,0,0,0,0,0,0,0,0,410816,128,599,1427,3412673783,1416338298,851840,0
1726,1117056,0,0,0,3968,9728,342720,435328,325312,297728,814848,0,1216,337472,0,0,0,0,0,0,0,0,0,0,0,0,0,0,435200,128,596,1428,63249260,3954446440,805120,0
1727,1116608,0,0,0,4032,24704,336320,428224,323328,301760,810432,0,1280,331008,0,0,0,0,0,0,0,0,0,0,0,0,0,0,428096,128,610,1451,3104481060,2414638947,785728,0
1728,1116736,0,0,0,4032,10304,325376,411008,366016,344896,767168,0,1280,320128,0,0,0,0,0,0,0,0,0,0,0,0,0,0,410880,128,604,1455,4037499084,74896053,756864,0
1729,1116800,0,0,0,3968,9920,321600,415424,365888,342592,769728,0,1216,316352,0,0,0,0,0,0,0,0,0,0,0,0,0,0,415296,128,603,1440,828666863,654201335,759808,0
1730,1116864,0,0,0,4096,10304,307776,401216,393472,372288,740032,0,1280,302528,0,0,0,0,0,0,0,0,0,0,0,0,0,0,401088,128,618,1467,207937257,2030623385,729728,0
1731,1116672,0,0,0,4096,10176,299840,380800,421760,400512,711552,0,1344,294464,0,0,0,0,0,0,0,0,0,0,0,0,0,0,380672,128,625,1478,752088875,3460379158,701376,0
1732,1116736,0,0,0,4096,9984,294592,390848,417216,395840,716480,0,1216,289280,0,0,0,0,0,0,0,0,0,0,0,0,0,0,390720,128,625,1474,2480715170,221476660,706496,0
1733,1116864,0,0,0,4096,9728,356544,453440,293056,271744,840768,0,1280,351168,0,0,0,0,0,0,0,0,0,0,0,0,0,0,453312,128,626,1479,1545891034,3895789566,831040,0
1734,1116672,0,0,0,4032,10880,282432,381440,437888,416128,696448,0,1216,277120,0,0,0,0,0,0,0,0,0,0,0,0,0,0,381312,128,625,1484,3561126151,4205687587,685568,0
1735,1116480,0,0,0,4032,9408,281536,389888,431616,410752,701696,0,1152,276352,0,0,0,0,0,0,0,0,0,0,0,0,0,0,389824,64,624,1493,2350989255,3791126194,692288,0
1736,1116992,0,0,0,3968,9152,287488,423040,393344,371968,741056,0,1216,282368,0,0,0,0,0,0,0,0,0,0,0,0,0,0,422912,128,613,1478,3765744870,1648743697,731904,0
1737,1117120,0,0,0,5888,9344,282816,378624,440448,418496,694464,0,1152,277696,0,0,0,0,0,0,0,0,0,0,0,0,0,0,378496,128,607,1474,464015899,282005832,685120,0
1738,1116288,0,0,0,5824,9344,290304,388224,422592,401024,711232,0,1280,284992,0,0,0,0,0,0,0,0,0,0,0,0,0,0,388096,128,596,1450,1745177177,1163885844,701888,0
1739,1116608,0,0,0,5056,9600,315200,391296,395456,374144,738368,0,1280,309888,0,0,0,0,0,0,0,0,0,0,0,0,0,0,391168,128,604,1464,205904440,2695817445,728768,0
1740,1116928,0,0,0,3968,9408,406016,388672,308864,287872,825024,0,1280,400512,0,0,0,0,0,0,0,0,0,0,0,0,0,0,388544,128,611,1469,1313999013,656885430,815616,0
1741,1116672,0,0,0,4864,9664,311488,380800,409856,388672,723968,0,1088,306368,0,0,0,0,0,0,0,0,0,0,0,0,0,0,380736,64,604,1453,2444810878,1240010307,714304,0
1742,1116736,0,0,0,3904,9216,278528,379520,445568,418432,694208,0,1152,273344,0,0,0,0,0,0,0,0,0,0,0,0,0,0,379392,128,615,1468,3551475434,2292078635,684992,0
1743,1116800,0,0,0,3904,9152,280768,368960,454016,432640,680064,0,1216,275520,0,0,0,0,0,0,0,0,0,0,0,0,0,0,368832,128,617,1475,3925631286,3348071728,670912,0
1744,1116608,0,0,0,3904,9344,303872,441728,357760,336384,776320,0,1216,298496,0,0,0,0,0,0,0,0,0,0,0,0,0,0,441600,128,613,1456,2242764274,2492461864,766976,0
1745,1116672,0,0,0,3968,9280,291520,383104,428800,407424,705280,0,1152,286400,0,0,0,0,0,0,0,0,0,0,0,0,0,0,382976,128,614,1474,2359534246,4232747124,696000,0
1746,1116608,0,0,0,4096,9152,297920,373568,431872,410496,702144,0,1280,292608,0,0,0,0,0,0,0,0,0,0,0,0,0,0,373440,128,612,1471,556271112,3493932745,692992,0
1747,1116928,0,0,0,17792,9600,537024,446720,105792,84032,1028544,0,1536,531264,0,0,0,0,0,0,0,0,0,0,0,0,0,0,446592,128,635,1531,4013846531,2185348754,1018944,0
1748,1117120,0,0,0,4096,9856,311424,443456,348288,326656,786048,0,1216,306240,0,0,0,0,0,0,0,0,0,0,0,0,0,0,443328,128,632,1519,465974690,2429348675,776192,0
1749,1116608,0,0,0,4096,11136,329984,418176,353216,331072,781056,0,1152,324800,0,0,0,0,0,0,0,0,0,0,0,0,0,0,418048,128,634,1507,632761846,2942499204,769920,0
1750,1116544,0,0,0,4160,9920,308544,414976,378944,357504,754688,0,1344,303104,0,0,0,0,0,0,0,0,0,0,0,0,0,0,414848,128,618,1481,4188818167,1849714774,744768,0
1751,1116736,0,0,0,9024,10112,436864,474496,186240,164416,947456,0,1216,431680,0,0,0,0,0,0,0,0,0,0,0,0,0,0,474368,128,606,1467,3854043494,224879275,937344,0
1752,1677568,0,0,0,15488,10304,621568,608128,422080,399744,1273024,0,1280,616256,0,0,0,0,0,0,0,0,0,0,0,0,0,0,608064,64,649,1591,4061645194,275223017,1262720,0
1753,1115712,0,0,0,4160,9856,456512,514496,130688,104448,1006464,0,1152,451264,0,0,0,0,0,0,0,0,0,0,0,0,0,0,514368,128,640,1555,1644334887,2292659611,996608,0
1754,1116736,0,0,0,4224,10176,485952,511296,105088,78912,1033088,0,1216,480576,0,0,0,0,0,0,0,0,0,0,0,0,0,0,511232,64,631,1541,1484117564,2358250091,1022912,0
1755,1116800,0,0,0,4864,9856,530816,480384,90880,65024,1046976,0,1280,525376,0,0,0,0,0,0,0,0,0,0,0,0,0,0,480256,128,632,1536,1180711951,1527819382,1037120,0
1756,1116608,0,0,0,6144,10048,496064,502400,101952,76032,1035840,0,1216,490688,0,0,0,0,0,0,0,0,0,0,0,0,0,0,502272,128,629,1526,2050154129,1364276906,1025792,0
1757,1117056,0,0,0,6592,24896,488320,506496,90752,64576,1047808,0,1152,483072,0,0,0,0,0,0,0,0,0,0,0,0,0,0,506368,128,630,1536,1247514704,1661624843,1022912,0
1758,1677568,0,0,0,11136,25280,719360,622208,299584,266880,1405632,0,1280,714048,0,0,0,0,0,0,0,0,0,0,0,0,0,0,622080,128,640,1529,3019807025,4223049658,1380352,0
1759,1116672,0,0,0,15104,30848,452736,500992,116992,79744,1027456,0,2816,443008,0,0,0,0,0,0,0,0,0,0,0,0,0,0,500864,128,639,1529,3735852131,3574519821,996608,0
1760,1676928,0,0,0,15104,25984,636736,471104,528000,492544,1179520,0,2816,624704,0,0,0,0,0,0,0,0,0,0,0,0,0,0,471040,64,630,1535,3991695753,4204915734,1153536,0
1761,1116608,0,0,0,4544,25408,340992,484736,260928,234944,877056,0,1280,335552,0,0,0,0,0,0,0,0,0,0,0,0,0,0,484608,128,640,1557,2688660724,1263127857,851648,0
1762,1116544,0,0,0,7360,24896,446080,495360,142848,116992,994816,0,1344,440512,0,0,0,0,0,0,0,0,0,0,0,0,0,0,495232,128,623,1517,4200650278,1062538584,969920,0
1763,1116928,0,0,0,6400,11584,435136,465536,198272,172352,939712,0,1152,429824,0,0,0,0,0,0,0,0,0,0,0,0,0,0,465408,128,614,1515,906840338,1839356006,928128,0
1764,1116736,0,0,0,5696,9856,467520,461248,172416,146368,965632,0,1152,462144,0,0,0,0,0,0,0,0,0,0,0,0,0,0,461184,64,632,1522,1633946049,3104217350,955776,0
1765,1116736,0,0,0,4480,9920,468736,480512,153088,127360,984832,0,1152,463424,0,0,0,0,0,0,0,0,0,0,0,0,0,0,480384,128,634,1546,1642007604,2056627077,974912,0
1766,1116736,0,0,0,4544,10240,463808,432256,205888,179840,932288,0,1152,458496,0,0,0,0,0,0,0,0,0,0,0,0,0,0,432128,128,634,1535,1631111810,2117713161,922048,0
1767,1116992,0,0,0,8576,9664,534848,463808,100096,74048,1038592,0,1152,529600,0,0,0,0,0,0,0,0,0,0,0,0,0,0,463680,128,640,1528,2696680488,2992732213,1028928,0
1768,1116928,0,0,0,4544,9472,409664,399616,293632,272064,840768,0,1216,404224,0,0,0,0,0,0,0,0,0,0,0,0,0,0,399488,128,634,1513,1944674117,3661675695,831296,0
1769,1115840,0,0,0,4544,9024,404864,378240,319168,297728,814144,0,1216,399552,0,0,0,0,0,0,0,0,0,0,0,0,0,0,378176,64,648,1531,702336284,1490139777,805120,0
1770,1116928,0,0,0,6400,9536,352704,386624,361664,339904,772736,0,1152,347520,0,0,0,0,0,0,0,0,0,0,0,0,0,0,386560,64,642,1526,3667876518,3805947574,763200,0
1771,1116736,0,0,0,6336,9536,380416,378304,342144,320768,791744,0,1216,375104,0,0,0,0,0,0,0,0,0,0,0,0,0,0,378240,64,587,1470,1832422469,3203361081,782208,0
1772,1116608,0,0,0,7104,9472,362048,342976,395008,373760,738560,0,1280,356736,0,0,0,0,0,0,0,0,0,0,0,0,0,0,342848,128,534,1329,1903857119,1301324658,729088,0
1773,1115264,0,0,0,5504,9472,384448,473664,242176,222656,888512,0,1216,379200,0,0,0,0,0,0,0,0,0,0,0,0,0,0,473536,128,538,1351,3371943035,1090020810,879040,0
1774,1116608,0,0,0,4352,9152,363136,370496,369472,344000,768576,0,1152,357888,0,0,0,0,0,0,0,0,0,0,0,0,0,0,370368,128,547,1373,305145801,867941707,759424,0
1775,1116608,0,0,0,4288,9216,350080,359680,393344,373888,738752,0,1216,344768,0,0,0,0,0,0,0,0,0,0,0,0,0,0,359552,128,550,1368,3650776706,2858883407,729536,0
1776,1116800,0,0,0,4288,9280,355648,361536,386048,366208,746496,0,1280,350208,0,0,0,0,0,0,0,0,0,0,0,0,0,0,361408,128,538,1338,3324549876,1357735640,737216,0
1777,1117184,0,0,0,4288,9408,484416,383040,236032,215808,897344,0,1216,479168,0,0,0,0,0,0,0,0,0,0,0,0,0,0,382912,128,553,1349,1252087716,158359777,887936,0
1778,1117632,0,0,0,4352,9216,390144,365120,348800,327488,786176,0,1216,384960,0,0,0,0,0,0,0,0,0,0,0,0,0,0,364992,128,540,1331,487997010,1476321326,776960,0
1779,1116608,0,0,0,4288,10624,386112,377664,337920,316736,795776,0,1344,380800,0,0,0,0,0,0,0,0,0,0,0,0,0,0,377536,128,542,1337,2838223190,3375263974,785152,0
1780,1116352,0,0,0,4288,9280,393088,392064,317632,296512,815872,0,1152,387968,0,0,0,0,0,0,0,0,0,0,0,0,0,0,391872,192,549,1347,1117280533,1221668896,806592,0
1781,1117120,0,0,0,6080,9472,395200,381440,324928,303104,809984,0,1280,389824,0,0,0,0,0,0,0,0,0,0,0,0,0,0,381376,64,539,1330,4263522835,991152277,800512,0
1782,1116672,0,0,0,6272,9344,376128,384320,340608,319168,793472,0,1152,370944,0,0,0,0,0,0,0,0,0,0,0,0,0,0,384192,128,540,1330,4208436386,3178486141,784128,0
1783,1116800,0,0,0,5376,9280,413696,392896,295552,274304,838400,0,1216,408320,0,0,0,0,0,0,0,0,0,0,0,0,0,0,392768,128,539,1321,264647639,173167283,829120,0
1784,1116928,0,0,0,5056,9408,395904,375104,331456,309952,802944,0,1280,390656,0,0,0,0,0,0,0,0,0,0,0,0,0,0,374976,128,528,1311,2100186667,4038955540,793536,0
1785,1116480,0,0,0,6016,9152,452160,389824,259328,237504,875008,0,1152,446912,0,0,0,0,0,0,0,0,0,0,0,0,0,0,389696,128,548,1341,2151131551,1794231974,865856,0
1786,1116864,0,0,0,6272,9408,401664,401152,298368,276864,835840,0,1216,396416,0,0,0,0,0,0,0,0,0,0,0,0,0,0,401024,128,548,1340,1568148593,2108832378,826432,0
1787,1116544,0,0,0,5888,24512,388288,398656,299200,277824,834752,0,1216,383040,0,0,0,0,0,0,0,0,0,0,0,0,0,0,398528,128,545,1337,1646919539,2168682190,810240,0
1788,1116864,0,0,0,6080,9344,379456,396544,325440,303872,808960,0,1152,374144,0,0,0,0,0,0,0,0,0,0,0,0,0,0,396416,128,540,1333,4085085172,379420300,799616,0
1789,1116544,0,0,0,3904,9664,399040,400960,302976,281600,830784,0,1280,393728,0,0,0,0,0,0,0,0,0,0,0,0,0,0,400832,128,536,1325,2211815090,3377685795,821120,0
1790,1116544,0,0,0,4736,9408,371392,376960,354048,324480,787968,0,1152,366208,0,0,0,0,0,0,0,0,0,0,0,0,0,0,376832,128,526,1317,1099167215,1691897836,778560,0
1791,1117056,0,0,0,9664,9536,519872,436992,140992,119424,993472,0,1216,514624,0,0,0,0,0,0,0,0,0,0,0,0,0,0,436864,128,555,1378,2770882076,787467187,983936,0
1792,1117120,0,0,0,5056,9536,380032,421504,300992,279360,833664,0,1152,374912,0,0,0,0,0,0,0,0,0,0,0,0,0,0,421376,128,538,1345,152721229,3556525563,824128,0
1793,1116416,0,0,0,3840,9024,376512,420032,307008,285504,826880,0,1216,371264,0,0,0,0,0,0,0,0,0,0,0,0,0,0,419904,128,549,1368,669131764,2283422638,817856,0
1794,1116736,0,0,0,3840,10496,370560,421504,310336,288704,824064,0,1216,365312,0,0,0,0,0,0,0,0,0,0,0,0,0,0,421376,128,547,1366,2283320273,228261314,813568,0
1795,1116672,0,0,0,3840,9088,357120,420480,326144,304512,808192,0,1344,352000,0,0,0,0,0,0,0,0,0,0,0,0,0,0,420352,128,542,1357,235221241,1764654291,799104,0
1796,1116800,0,0,0,5824,9664,358464,417664,325184,303744,808896,0,1344,353280,0,0,0,0,0,0,0,0,0,0,0,0,0,0,417536,128,542,1360,2989111564,41172011,799232,0
1797,1117312,0,0,0,6080,9408,363456,390400,347968,325568,787712,0,1216,358208,0,0,0,0,0,0,0,0,0,0,0,0,0,0,390272,128,531,1322,1800937747,1737052816,778304,0
1798,1116224,0,0,0,2688,9152,348672,394880,360832,339392,772736,0,1216,343424,0,0,0,0,0,0,0,0,0,0,0,0,0,0,394752,128,545,1334,2218003230,958420245,763584,0
1799,1116800,0,0,0,2624,9216,340096,397632,367232,345920,766912,0,1216,334784,0,0,0,0,0,0,0,0,0,0,0,0,0,0,397504,128,532,1314,679770555,12709507,757696,0
1800,1676864,0,0,0,2560,9536,391168,836480,437120,415872,1257024,0,1152,386048,0,0,0,0,0,0,0,0,0,0,0,0,0,0,836352,128,529,1306,1551799828,2820907914,1247488,0
1801,1676928,0,0,0,2560,9472,424064,825728,415104,393472,1279360,0,1216,418880,0,0,0,0,0,0,0,0,0,0,0,0,0,0,825600,128,517,1289,3245009155,1339530557,1269888,0
1802,1116864,0,0,0,2560,9216,324544,373632,406912,385472,727296,0,1344,319168,0,0,0,0,0,0,0,0,0,0,0,0,0,0,373504,128,531,1309,1538744193,123765510,718080,0
1803,1116608,0,0,0,2560,9152,330432,375424,399040,377152,735488,0,1152,325312,0,0,0,0,0,0,0,0,0,0,0,0,0,0,375296,128,534,1312,229039663,59089034,726336,0
1804,1117440,0,0,0,9344,9664,459136,400384,238912,216320,896896,0,1152,453824,0,0,0,0,0,0,0,0,0,0,0,0,0,0,400256,128,538,1325,3293421158,1052666214,887232,0
1805,1114560,0,0,0,4736,9472,332608,388352,379392,355520,754880,0,1216,326976,0,0,0,0,0,0,0,0,0,0,0,0,0,0,388224,128,529,1306,3896766453,693527992,745408,0
1806,1116992,0,0,0,3776,9024,333952,382848,387392,360064,752960,0,1216,328704,0,0,0,0,0,0,0,0,0,0,0,0,0,0,382720,128,521,1295,2653014055,512125732,743936,0
1807,1116672,0,0,0,3840,9280,336896,383296,383360,362240,750336,0,1216,331648,0,0,0,0,0,0,0,0,0,0,0,0,0,0,383168,128,537,1319,22604229,2213237538,741056,0
1808,1116800,0,0,0,3840,9472,324992,381632,396864,375360,737472,0,1216,319680,0,0,0,0,0,0,0,0,0,0,0,0,0,0,381504,128,532,1310,4046480478,456764304,728000,0
1809,1116480,0,0,0,9216,10368,447744,417536,231616,209920,902400,0,1216,442496,0,0,0,0,0,0,0,0,0,0,0,0,0,0,417408,128,551,1370,3570231896,1224999222,892032,0
1810,1116608,0,0,0,4032,9216,334400,419584,349376,328128,784448,0,1152,329216,0,0,0,0,0,0,0,0,0,0,0,0,0,0,419456,128,546,1360,1050421571,3514325257,775232,0
1811,1116800,0,0,0,4032,9344,383232,418432,301760,280000,832704,0,1216,377984,0,0,0,0,0,0,0,0,0,0,0,0,0,0,418304,128,542,1353,3801858748,470407456,823360,0
1812,1116736,0,0,0,4032,9472,367232,412608,323392,302208,810368,0,1216,362048,0,0,0,0,0,0,0,0,0,0,0,0,0,0,412480,128,535,1339,3481767161,4266744920,800896,0
1813,1116864,0,0,0,4032,9152,351936,409728,342016,320448,792384,0,1152,346560,0,0,0,0,0,0,0,0,0,0,0,0,0,0,409600,128,539,1344,3541060382,2673137762,783232,0
1814,1116928,0,0,0,4288,25024,570688,479744,37184,15680,1097152,0,1152,565568,0,0,0,0,0,0,0,0,0,0,0,0,0,0,479616,128,569,1415,2090329787,2734360385,1072128,0
1815,1116608,0,0,0,4224,9280,375424,422912,304768,283456,828992,0,1344,370176,0,0,0,0,0,0,0,0,0,0,0,0,0,0,422784,128,546,1348,72423734,3927114582,819712,0
1816,1116608,0,0,0,4160,24512,378624,425600,283712,262080,850496,0,1216,373312,0,0,0,0,0,0,0,0,0,0,0,0,0,0,425472,128,558,1383,2253447799,2629944628,825984,0
1817,1116928,0,0,0,4224,24320,382144,422080,284160,262592,850240,0,1280,376832,0,0,0,0,0,0,0,0,0,0,0,0,0,0,421952,128,557,1382,1149588251,3076802287,825920,0
1818,1116800,0,0,0,4224,9600,418240,445056,239680,217920,894784,0,1152,413056,0,0,0,0,0,0,0,0,0,0,0,0,0,0,444928,128,551,1381,1469479777,895643167,885184,0
1819,1116736,0,0,0,4160,9280,384576,430208,288512,267136,845632,0,1152,379456,0,0,0,0,0,0,0,0,0,0,0,0,0,0,430080,128,550,1373,2794481699,149921759,836352,0
1820,1116800,0,0,0,6016,9664,405376,384576,311168,289344,823296,0,1152,400064,0,0,0,0,0,0,0,0,0,0,0,0,0,0,384448,128,518,1299,2851733624,696545585,813632,0
1821,1116544,0,0,0,6208,9536,482048,450240,168512,147136,965248,0,1152,476736,0,0,0,0,0,0,0,0,0,0,0,0,0,0,450112,128,520,1308,2880282603,2178946387,955712,0
1822,1116864,0,0,0,6848,9472,391232,400704,308608,281280,831360,0,1216,385920,0,0,0,0,0,0,0,0,0,0,0,0,0,0,400576,128,580,1441,2770932677,2383753781,821888,0
1823,1116480,0,0,0,5184,9280,407616,382400,312000,290880,821504,0,1280,402368,0,0,0,0,0,0,0,0,0,0,0,0,0,0,382272,128,589,1443,532082302,1226017317,812224,0
1824,1116864,0,0,0,4096,10560,425344,444288,232576,211328,901568,0,1216,419968,0,0,0,0,0,0,0,0,0,0,0,0,0,0,444160,128,613,1470,3904943824,332485986,891008,0
1825,1116672,0,0,0,3968,9408,379776,385216,338304,317056,795520,0,1280,374400,0,0,0,0,0,0,0,0,0,0,0,0,0,0,385152,64,603,1445,3895225248,1434971834,786112,0
1826,1116672,0,0,0,5888,9408,374208,385536,341632,320384,792256,0,1216,369024,0,0,0,0,0,0,0,0,0,0,0,0,0,0,385408,128,602,1452,1809872733,3143348115,782848,0
1827,1116736,0,0,0,6720,9216,367104,386624,347072,325504,787200,0,1280,361920,0,0,0,0,0,0,0,0,0,0,0,0,0,0,386496,128,611,1469,2361121338,4031680038,777984,0
1828,1116800,0,0,0,5120,9280,349056,376448,376896,355392,757312,0,1344,343680,0,0,0,0,0,0,0,0,0,0,0,0,0,0,376320,128,600,1459,2169168915,417156165,748032,0
1829,1116672,0,0,0,3904,9344,350144,363648,389632,368192,744448,0,1280,344896,0,0,0,0,0,0,0,0,0,0,0,0,0,0,363520,128,600,1455,3789102108,2599324246,735104,0
1830,1116864,0,0,0,3776,9216,345024,362304,396544,375168,737728,0,1216,339776,0,0,0,0,0,0,0,0,0,0,0,0,0,0,362176,128,611,1452,1397634378,3233886761,728512,0
1831,1116800,0,0,0,3840,9344,345152,364032,394432,372800,739904,0,1152,340096,0,0,0,0,0,0,0,0,0,0,0,0,0,0,363904,128,604,1442,3940822994,3587540016,730560,0
1832,1116608,0,0,0,3968,9408,347328,363584,392320,370944,741632,0,1152,342144,0,0,0,0,0,0,0,0,0,0,0,0,0,0,363456,128,614,1458,3901261492,1036885933,732224,0
1833,1677184,0,0,0,3968,9344,439040,810688,414144,392576,1280576,0,1088,433792,0,0,0,0,0,0,0,0,0,0,0,0,0,0,810560,128,619,1475,2391071142,2361292873,1271232,0
1834,1116608,0,0,0,3840,9216,374336,363840,365376,344000,768640,0,1280,369088,0,0,0,0,0,0,0,0,0,0,0,0,0,0,363712,128,610,1454,597923872,3779439325,759424,0
1835,1116672,0,0,0,3904,9728,487104,399360,216576,195264,917184,0,1280,481728,0,0,0,0,0,0,0,0,0,0,0,0,0,0,399232,128,611,1449,4234262338,3690643520,907456,0
1836,1116864,0,0,0,3968,9600,368192,362752,372352,350784,761920,0,1216,362944,0,0,0,0,0,0,0,0,0,0,0,0,0,0,362624,128,621,1479,695078961,1440064703,752320,0
1837,1116608,0,0,0,25088,9664,556480,395072,130304,107904,1004480,0,3008,547008,0,0,0,0,0,0,0,0,0,0,0,0,0,0,394944,128,624,1482,1692205537,4130570721,994816,0
1838,1116928,0,0,0,4096,9472,364864,396480,342016,314496,798400,0,1216,359744,0,0,0,0,0,0,0,0,0,0,0,0,0,0,396352,128,628,1487,2589420364,1118393409,788928,0
1839,1116608,0,0,0,4032,10624,310400,363328,428224,406912,705600,0,1152,305280,0,0,0,0,0,0,0,0,0,0,0,0,0,0,363200,128,624,1486,1138754847,3920574070,694976,0
1840,1116672,0,0,0,6016,9280,292032,359552,449792,427712,684928,0,1216,286784,0,0,0,0,0,0,0,0,0,0,0,0,0,0,359424,128,622,1492,342679225,1921099877,675648,0
1841,1117120,0,0,0,6528,9536,329536,359040,412480,390912,722112,0,1216,324224,0,0,0,0,0,0,0,0,0,0,0,0,0,0,358912,128,629,1501,1395492818,3107964752,712576,0
1842,1116672,0,0,0,6592,9280,312704,358528,429568,408128,704448,0,1280,307328,0,0,0,0,0,0,0,0,0,0,0,0,0,0,358400,128,629,1510,546750431,2692388709,695168,0
1843,1116800,0,0,0,5184,9280,293504,359296,449536,428160,684672,0,1280,288128,0,0,0,0,0,0,0,0,0,0,0,0,0,0,359168,128,626,1495,2596306001,4253547923,675392,0
1844,1116800,0,0,0,3904,9216,400320,402880,300480,278976,833664,0,1344,395136,0,0,0,0,0,0,0,0,0,0,0,0,0,0,402752,128,632,1540,3088671879,54976636,824448,0
1845,1116608,0,0,0,3904,9280,343424,470976,289024,267712,844928,0,1216,338240,0,0,0,0,0,0,0,0,0,0,0,0,0,0,470848,128,622,1509,3337738752,179024196,835648,0
1846,1675968,0,0,0,8256,9280,624192,469440,564800,544512,1127296,0,1216,618880,0,0,0,0,0,0,0,0,0,0,0,0,0,0,469312,128,653,1558,2348293933,4071643063,1118016,0
1847,1116416,0,0,0,9664,25024,327552,439808,314368,294208,817920,0,1152,322432,0,0,0,0,0,0,0,0,0,0,0,0,0,0,439680,128,638,1542,508207529,1529196765,792896,0
1848,1116608,0,0,0,5824,9472,413696,460608,227008,205888,906688,0,1152,408384,0,0,0,0,0,0,0,0,0,0,0,0,0,0,460480,128,639,1542,546008640,1499766613,897216,0
1849,1116736,0,0,0,7744,9280,308736,435008,355968,336064,776576,0,1216,303424,0,0,0,0,0,0,0,0,0,0,0,0,0,0,434880,128,636,1530,275068514,2336245265,767296,0
1850,1116800,0,0,0,10496,9472,377024,343424,376384,356288,756224,0,1344,371648,0,0,0,0,0,0,0,0,0,0,0,0,0,0,343296,128,501,1230,3502942009,4110658035,746752,0
1851,1116416,0,0,0,5696,9216,261056,305792,534656,514944,597504,0,1216,255872,0,0,0,0,0,0,0,0,0,0,0,0,0,0,305664,128,512,1254,1100705006,641854315,588288,0
1852,1116672,0,0,0,7680,9856,236800,305600,556736,537344,574912,0,1280,231552,0,0,0,0,0,0,0,0,0,0,0,0,0,0,305472,128,507,1246,1176073268,2213997403,565056,0
1853,1117056,0,0,0,7552,8960,235008,306688,558848,538816,574336,0,1216,229696,0,0,0,0,0,0,0,0,0,0,0,0,0,0,306560,128,497,1229,2596210127,2478086860,565376,0
1854,1116864,0,0,0,6720,10688,234560,304064,560832,535168,577536,0,1216,229248,0,0,0,0,0,0,0,0,0,0,0,0,0,0,303936,128,489,1205,181718310,655223321,566848,0
1855,1116864,0,0,0,5696,9280,234752,305472,561664,541696,571072,0,1280,229568,0,0,0,0,0,0,0,0,0,0,0,0,0,0,305344,128,485,1203,1402338034,1756710324,561792,0
1856,1116672,0,0,0,5632,9152,254272,305600,542016,521984,590720,0,1280,248960,0,0,0,0,0,0,0,0,0,0,0,0,0,0,305472,128,483,1196,3445835415,857090179,581568,0
1857,1117568,0,0,0,5632,9216,237184,306304,559232,538688,574848,0,1216,232000,0,0,0,0,0,0,0,0,0,0,0,0,0,0,306176,128,481,1192,4173273319,3810498836,565632,0
1858,1116096,0,0,0,5632,9152,230336,303424,567552,547904,564160,0,1152,225088,0,0,0,0,0,0,0,0,0,0,0,0,0,0,303296,128,480,1193,4292092138,1273932388,555008,0
1859,1117056,0,0,0,5632,9344,306432,337088,458560,438528,674368,0,1216,301120,0,0,0,0,0,0,0,0,0,0,0,0,0,0,336960,128,473,1177,3674327329,3048840198,665024,0
1860,1116224,0,0,0,5632,9088,372672,303808,425024,404992,707200,0,1216,367296,0,0,0,0,0,0,0,0,0,0,0,0,0,0,303680,128,458,1144,384611484,1685945426,698112,0
1861,1116544,0,0,0,5632,9728,220736,305088,575360,555456,556992,0,1280,215552,0,0,0,0,0,0,0,0,0,0,0,0,0,0,304960,128,462,1149,964294712,1116342938,547264,0
1862,1116928,0,0,0,5760,9024,252224,305408,544512,524736,588224,0,1280,246848,0,0,0,0,0,0,0,0,0,0,0,0,0,0,305280,128,461,1147,3496482519,3706556603,579200,0
1863,1116672,0,0,0,7488,24704,358592,330432,395456,375488,737216,0,1216,353408,0,0,0,0,0,0,0,0,0,0,0,0,0,0,330304,128,469,1140,1332416153,3519004636,712512,0
1864,1116864,0,0,0,7424,25216,238144,305664,540416,520768,592000,0,1280,232768,0,0,0,0,0,0,0,0,0,0,0,0,0,0,305536,128,481,1163,3764459668,3354233375,566784,0
1865,1116672,0,0,0,6208,24704,567680,365888,152192,132416,980096,0,1280,562432,0,0,0,0,0,0,0,0,0,0,0,0,0,0,365760,128,467,1131,593631634,3785160487,955392,0
1866,1116864,0,0,0,4352,9408,525440,400064,177600,157568,955200,0,1152,520128,0,0,0,0,0,0,0,0,0,0,0,0,0,0,399936,128,476,1163,1385387486,1248617340,945792,0
1867,1678592,0,0,0,18560,9600,542912,987968,119552,80320,1593984,0,1280,537664,0,0,0,0,0,0,0,0,0,0,0,17856,0,0,987840,128,496,1250,2563991807,979671272,1584384,0
1868,1677440,0,0,0,5888,10816,473664,699968,487104,464960,1208320,0,1216,468416,0,0,0,0,0,0,0,0,0,0,0,0,0,0,699840,128,486,1207,784056576,3256784924,1197504,0
1869,1115776,0,0,0,5760,9280,428672,466176,205888,184320,927360,0,1280,423424,0,0,0,0,0,0,0,0,0,0,0,0,0,0,466048,128,501,1238,1505831383,972551207,918080,0
1870,1116864,0,0,0,5888,9536,521088,437184,143168,121600,991104,0,1280,515840,0,0,0,0,0,0,0,0,0,0,0,0,0,0,437120,64,502,1226,3598726552,3831876486,981568,0
1871,1116864,0,0,0,7936,9216,467264,441344,191104,163776,948992,0,1216,461952,0,0,0,0,0,0,0,0,0,0,0,0,0,0,441216,128,491,1228,3671251157,1042116420,939776,0
1872,1117056,0,0,0,7872,9216,590720,445824,63424,41920,1071040,0,1152,585536,0,0,0,0,0,0,0,0,0,0,0,0,0,0,445696,128,575,1422,3449030313,4173666844,1061824,0
1873,1114880,0,0,0,7616,9216,533056,391296,173696,153344,957440,0,1280,527616,0,0,0,0,0,0,0,0,0,0,0,0,0,0,391168,128,585,1413,4264017736,3255991830,948224,0
1874,1116608,0,0,0,5952,9408,525824,399168,176256,156608,955840,0,1344,520384,0,0,0,0,0,0,0,0,0,0,0,0,0,0,399040,128,610,1464,1315862656,1363189039,946432,0
1875,1676992,0,0,0,13568,24960,713728,698048,226688,206016,1466752,0,1280,708480,0,0,0,0,0,0,0,0,0,0,0,0,0,0,697984,64,567,1411,2884977556,2374860329,1441792,0
1876,1116608,0,0,0,6080,25024,451008,420864,213632,193600,918912,0,1280,445632,0,0,0,0,0,0,0,0,0,0,0,0,0,0,420736,128,563,1403,2299952624,327265892,893888,0
1877,1116672,0,0,0,11008,25088,440896,411584,228096,208384,904000,0,1280,435584,0,0,0,0,0,0,0,0,0,0,0,0,0,0,411456,128,569,1410,3420779485,2698246865,878912,0
1878,1116672,0,0,0,8128,9472,374336,415552,309184,289344,822784,0,1216,369088,0,0,0,0,0,0,0,0,0,0,0,0,0,0,415424,128,567,1419,1405665602,3854185689,813312,0
1879,1116608,0,0,0,8512,9152,412032,430272,256640,236672,875840,0,1216,406784,0,0,0,0,0,0,0,0,0,0,0,0,0,0,430144,128,582,1438,485455481,2945707327,866688,0
1880,1116736,0,0,0,8512,9408,449088,434560,215168,194944,917504,0,1216,443904,0,0,0,0,0,0,0,0,0,0,0,0,0,0,434496,64,584,1408,1879218993,1150712990,908096,0
1881,1117056,0,0,0,6912,9152,457664,440768,202560,182464,930560,0,1216,452352,0,0,0,0,0,0,0,0,0,0,0,0,0,0,440640,128,603,1436,1106265542,1588774506,921408,0
1882,1116608,0,0,0,6016,9664,393792,402176,304960,285568,826944,0,1216,388416,0,0,0,0,0,0,0,0,0,0,0,0,0,0,402048,128,589,1409,1491055833,2724998330,817280,0
1883,1116608,0,0,0,6080,10432,436928,405888,257280,237632,874880,0,1216,431680,0,0,0,0,0,0,0,0,0,0,0,0,0,0,405760,128,599,1428,3310373044,2805355435,864448,0
1884,1116992,0,0,0,5952,9408,409280,422720,269632,249600,863360,0,1280,404032,0,0,0,0,0,0,0,0,0,0,0,0,0,0,422592,128,596,1426,1151656218,1715086048,853952,0
1885,1116544,0,0,0,6080,9280,494784,398464,207936,188032,924544,0,1280,489600,0,0,0,0,0,0,0,0,0,0,0,0,0,0,398336,128,573,1390,2979404488,1014754072,915264,0
1886,1116608,0,0,0,8064,9600,456832,395840,246272,226560,885824,0,1344,451584,0,0,0,0,0,0,0,0,0,0,0,0,0,0,395776,64,554,1363,4246332229,2217720566,876224,0
1887,1116928,0,0,0,8000,9472,432320,396864,270272,244416,868416,0,1152,427200,0,0,0,0,0,0,0,0,0,0,0,0,0,0,396736,128,581,1413,3498790584,3675562970,858944,0
1888,1116608,0,0,0,7168,9408,424896,390720,284416,264704,847744,0,1344,419392,0,0,0,0,0,0,0,0,0,0,0,0,0,0,390592,128,609,1450,126288687,3349003492,838336,0
1889,1677056,0,0,0,5952,9152,431744,1094720,135488,115520,1557440,0,1280,426496,0,0,0,0,0,0,0,0,0,0,0,0,0,0,1094592,128,613,1454,3669775299,4220270941,1548288,0
1890,1116736,0,0,0,8000,9536,457472,383552,258176,238400,873984,0,1216,452096,0,0,0,0,0,0,0,0,0,0,0,0,0,0,383424,128,613,1445,239866811,3935671552,864448,0
1891,1116736,0,0,0,7296,9344,448512,383040,268544,248704,863872,0,1152,443200,0,0,0,0,0,0,0,0,0,0,0,0,0,0,382912,128,598,1432,3012987814,2345326578,854528,0
1892,1116672,0,0,0,6976,9344,470144,383360,246848,226944,885696,0,1344,464704,0,0,0,0,0,0,0,0,0,0,0,0,0,0,383296,64,609,1446,1210721023,1398044226,876352,0
1893,1116928,0,0,0,8128,9344,479488,384448,235520,215744,897024,0,1216,474368,0,0,0,0,0,0,0,0,0,0,0,0,0,0,384320,128,571,1387,4100493394,555675175,887680,0
1894,1116608,0,0,0,8576,9408,474688,384320,239616,219520,892800,0,1216,469440,0,0,0,0,0,0,0,0,0,0,0,0,0,0,384192,128,592,1426,1319133248,3290364778,883392,0
1895,1116928,0,0,0,6976,9408,468992,378688,252864,232640,880192,0,1280,463872,0,0,0,0,0,0,0,0,0,0,0,0,0,0,378560,128,623,1476,4268570060,1498969937,870784,0
1896,1116928,0,0,0,5760,9152,441920,374272,285824,265408,847488,0,1344,436672,0,0,0,0,0,0,0,0,0,0,0,0,0,0,374144,128,612,1469,3613607574,678570213,838336,0
1897,2238272,0,0,0,12544,12928,670720,1150336,391744,361280,1870400,0,2112,664576,0,0,0,0,0,0,0,0,0,0,0,0,0,0,1150208,128,638,1539,947293905,4279147497,1857472,0
1898,1675840,0,0,0,12992,25152,609792,929856,98048,73344,1598016,0,1152,604416,0,0,0,0,0,0,0,0,0,0,0,0,0,0,929728,128,658,1605,2679144491,1252140807,1572864,0
1899,1116544,0,0,0,6080,25216,388224,464128,232896,213184,899264,0,1088,383104,0,0,0,0,0,0,0,0,0,0,0,0,0,0,464064,64,638,1581,3733369250,1141959297,874048,0
1900,1116672,0,0,0,12096,24960,513408,512000,54208,34304,1078016,0,1152,508224,0,0,0,0,0,0,0,0,0,0,0,0,0,0,511872,128,648,1634,464676674,3011449902,1053056,0
1901,1117760,0,0,0,8832,9152,332224,480128,287424,266752,846912,0,1152,326976,0,0,0,0,0,0,0,0,0,0,0,0,0,0,480000,128,649,1644,1514604649,3873956826,837760,0
1902,1115456,0,0,0,8832,9280,345984,503296,248064,228352,882880,0,1152,340864,0,0,0,0,0,0,0,0,0,0,0,0,0,0,503168,128,655,1652,3118637271,1104856402,873600,0
1903,1116864,0,0,0,8000,9152,390720,544448,164544,138880,974016,0,1152,385600,0,0,0,0,0,0,0,0,0,0,0,0,0,0,544384,64,659,1651,1477947868,753325120,964864,0
1904,1116416,0,0,0,7744,9344,388288,460224,250816,231296,881024,0,1216,383168,0,0,0,0,0,0,0,0,0,0,0,0,0,0,460096,128,645,1617,1858206967,597437994,871680,0
1905,1116864,0,0,0,8384,9344,370752,437632,290752,270400,842368,0,1216,365376,0,0,0,0,0,0,0,0,0,0,0,0,0,0,437504,128,639,1585,3063315525,1845066485,833024,0
1906,1116800,0,0,0,11840,9280,373056,407104,315520,295296,817344,0,1216,367808,0,0,0,0,0,0,0,0,0,0,0,0,0,0,406976,128,637,1558,2601037607,3059256072,808064,0
1907,1116672,0,0,0,10560,24704,382272,442816,256320,236480,875904,0,1216,376896,0,0,0,0,0,0,0,0,0,0,0,0,0,0,442688,128,630,1537,1581447145,3158821094,851200,0
1908,1116864,0,0,0,5888,9152,320256,395200,386368,366656,746048,0,1152,315072,0,0,0,0,0,0,0,0,0,0,0,0,0,0,395072,128,635,1546,1923286501,2401908711,736896,0
1909,1116608,0,0,0,5760,9152,280064,395648,425984,406080,706496,0,1216,274944,0,0,0,0,0,0,0,0,0,0,0,0,0,0,395520,128,635,1546,282622683,1494274070,697344,0
1910,1116864,0,0,0,5952,9472,280320,425856,395264,375232,737536,0,1152,275072,0,0,0,0,0,0,0,0,0,0,0,0,0,0,425728,128,635,1551,2411886735,2914930321,728064,0
1911,1116416,0,0,0,5824,9216,279488,405056,416832,397184,715200,0,1280,274176,0,0,0,0,0,0,0,0,0,0,0,0,0,0,404928,128,639,1565,1438548569,3415539648,705984,0
1912,1117248,0,0,0,5952,10496,381312,399296,320192,300416,812736,0,1152,376000,0,0,0,0,0,0,0,0,0,0,0,0,0,0,399232,64,637,1557,577824564,3940713454,802240,0
1913,1116608,0,0,0,7744,9344,318016,396928,384576,364352,748160,0,1152,312896,0,0,0,0,0,0,0,0,0,0,0,0,0,0,396864,64,641,1575,2747058898,1004782996,738816,0
1914,1116736,0,0,0,7680,9472,329088,395712,374784,354624,758144,0,1216,323712,0,0,0,0,0,0,0,0,0,0,0,0,0,0,395648,64,627,1543,364522987,1480154818,748672,0
1915,1116800,0,0,0,6848,9472,384896,393152,322432,302528,809984,0,1216,379584,0,0,0,0,0,0,0,0,0,0,0,0,0,0,393024,128,642,1567,2149710650,449770721,800512,0
1916,1116544,0,0,0,10048,9408,413184,416960,266944,246912,865344,0,1216,407872,0,0,0,0,0,0,0,0,0,0,0,0,0,0,416896,64,622,1537,4294514885,447999594,855936,0
1917,1677696,0,0,0,13696,24896,740288,572480,326336,305600,1367936,0,1088,735040,0,0,0,0,0,0,0,0,0,0,0,0,0,0,572352,128,639,1573,3807357219,2595725351,1343040,0
1918,1116288,0,0,0,5952,24768,361152,523136,201280,178112,934144,0,1152,355968,0,0,0,0,0,0,0,0,0,0,0,0,0,0,523008,128,642,1579,699673822,665474427,909376,0
1919,1116416,0,0,0,6016,24832,333696,503168,248704,223232,889088,0,1152,328448,0,0,0,0,0,0,0,0,0,0,0,0,0,0,503040,128,644,1587,4255384980,4104825905,864256,0
1920,1676800,0,0,0,11200,10176,538240,539584,577600,557888,1114432,0,1216,532480,0,0,0,0,0,0,0,0,0,0,0,0,0,0,539456,128,637,1566,581897853,677141701,1104256,0
1921,1117184,0,0,0,7872,9856,418368,568576,112512,92608,1019840,0,1344,412800,0,0,0,0,0,0,0,0,0,0,0,0,0,0,568448,128,625,1547,2907816685,3879865406,1009984,0
1922,1116608,0,0,0,8000,10048,411520,538112,148928,129280,982656,0,1216,406080,0,0,0,0,0,0,0,0,0,0,0,0,0,0,537984,128,626,1552,2159491962,1629686321,972608,0
1923,1116672,0,0,0,7104,9792,406720,519296,173760,153728,958336,0,1280,400960,0,0,0,0,0,0,0,0,0,0,0,0,0,0,519232,64,623,1531,2404553639,1634039243,948544,0
1924,1116864,0,0,0,8448,9728,370944,504512,223232,203392,908800,0,1216,365696,0,0,0,0,0,0,0,0,0,0,0,0,0,0,504384,128,639,1564,3862737175,1631678626,899072,0
1925,1116672,0,0,0,8640,9920,354816,484992,258304,238464,873472,0,1216,349504,0,0,0,0,0,0,0,0,0,0,0,0,0,0,484800,192,648,1568,390305408,1119185859,863552,0
1926,1116736,0,0,0,10048,11200,461504,477504,156480,136320,975616,0,1152,456320,0,0,0,0,0,0,0,0,0,0,0,0,0,0,477376,128,626,1526,1820767752,52483317,964416,0
1927,1116608,0,0,0,5952,10048,446464,464832,189312,169472,942400,0,1152,441280,0,0,0,0,0,0,0,0,0,0,0,0,0,0,464704,128,631,1538,3373913871,942815568,932352,0
1928,1116800,0,0,0,5824,9984,446272,451584,203136,182912,929280,0,1216,441088,0,0,0,0,0,0,0,0,0,0,0,0,0,0,451456,128,635,1542,812009397,2118880352,919296,0
1929,1116672,0,0,0,7808,9984,447680,446912,204288,184576,927488,0,1280,442176,0,0,0,0,0,0,0,0,0,0,0,0,0,0,446784,128,619,1513,3895935627,3497445734,917504,0
1930,1116928,0,0,0,7680,9856,513216,473920,112256,92224,1020032,0,1280,507776,0,0,0,0,0,0,0,0,0,0,0,0,0,0,473792,128,618,1515,3566079716,4143038804,1010176,0
1931,2237632,0,0,0,12864,25280,1308032,553024,338432,317888,1915328,0,1280,1302848,0,0,0,0,0,0,0,0,0,0,0,0,0,0,552896,128,562,1401,4010567929,1618065218,1890048,0
1932,1116416,0,0,0,7872,25408,424768,520960,137408,117760,994560,0,1216,419520,0,0,0,0,0,0,0,0,0,0,0,0,0,0,520832,128,563,1390,4101266621,2818392581,969152,0
1933,1116608,0,0,0,7232,24768,486080,540352,58176,38464,1073984,0,1280,480768,0,0,0,0,0,0,0,0,0,0,0,0,0,0,540224,128,596,1469,805684971,3773157707,1049216,0
1934,1117696,0,0,0,6016,9408,361984,490496,249792,229952,883648,0,1216,356736,0,0,0,0,0,0,0,0,0,0,0,0,0,0,490368,128,603,1496,2300020349,3549652030,874240,0
1935,1676992,0,0,0,11904,9728,558208,519872,577280,551296,1121600,0,1280,552896,0,0,0,0,0,0,0,0,0,0,0,0,0,0,519744,128,586,1466,3298241995,1589401727,1111872,0
1936,1116352,0,0,0,8704,9152,540608,515200,42688,22592,1089664,0,1216,535360,0,0,0,0,0,0,0,0,0,0,0,0,0,0,515072,128,595,1484,4018708974,2469204656,1080512,0
1937,1117056,0,0,0,14592,25024,538624,511232,27584,7296,1105472,0,1280,533184,0,0,0,0,0,0,0,0,0,0,0,0,0,0,511104,128,598,1499,41795636,929240834,1080448,0
1938,1116480,0,0,0,9728,9472,495040,496768,105472,85248,1027008,0,1216,489856,0,0,0,0,0,0,0,0,0,0,0,0,0,0,496640,128,599,1500,2396997005,3627492042,1017536,0
1939,1117056,0,0,0,8960,9728,515136,470528,112704,92544,1020288,0,1152,509888,0,0,0,0,0,0,0,0,0,0,0,0,0,0,470464,64,577,1430,2590978075,1555245302,1010560,0
1940,1116352,0,0,0,8064,10304,532480,447552,117952,97664,1014592,0,1216,527296,0,0,0,0,0,0,0,0,0,0,0,0,0,0,447424,128,573,1435,3371521212,3883099620,1004288,0
1941,1116736,0,0,0,7680,9472,508288,471104,120192,100288,1012416,0,1216,503040,0,0,0,0,0,0,0,0,0,0,0,0,0,0,471040,64,580,1461,1161623645,2836344896,1002944,0
1942,1116224,0,0,0,10816,10368,486784,447424,160832,139264,972032,0,1216,481600,0,0,0,0,0,0,0,0,0,0,0,0,0,0,447296,128,571,1426,1025833580,3757321823,961664,0
1943,1116928,0,0,0,7744,9216,515008,454720,130240,110272,1002560,0,1344,509568,0,0,0,0,0,0,0,0,0,0,0,0,0,0,454592,128,572,1437,2283771750,3992162327,993344,0
1944,1116736,0,0,0,9536,9280,488832,430144,178944,159040,953536,0,1152,483712,0,0,0,0,0,0,0,0,0,0,0,0,0,0,430016,128,572,1415,551199988,2373543132,944256,0
1945,1116800,0,0,0,9664,9408,496192,452032,149504,129408,983232,0,1216,490880,0,0,0,0,0,0,0,0,0,0,0,0,0,0,451904,128,578,1437,141754815,519663941,973824,0
1946,1677888,0,0,0,10304,9024,601344,515136,542080,521536,1152192,0,1216,596096,0,0,0,0,0,0,0,0,0,0,0,0,0,0,515008,128,565,1400,1171371072,671422349,1143168,0
1947,1115840,0,0,0,9664,9216,570688,484800,41472,21376,1090240,0,1216,565312,0,0,0,0,0,0,0,0,0,0,0,0,0,0,484672,128,573,1410,962106902,367212662,1081024,0
1948,1116800,0,0,0,7488,9088,556224,499456,44544,24448,1088384,0,1216,550976,0,0,0,0,0,0,0,0,0,0,0,0,0,0,499328,128,608,1484,2843650390,2613025054,1079296,0
1949,1117312,0,0,0,8448,9280,468608,407936,223040,202688,910528,0,1280,463232,0,0,0,0,0,0,0,0,0,0,0,0,0,0,407808,128,622,1503,1051084640,2046378239,901248,0
1950,1115776,0,0,0,7488,9152,466688,439936,192512,172608,939136,0,1280,461312,0,0,0,0,0,0,0,0,0,0,0,0,0,0,439808,128,633,1540,373137170,1297548097,929984,0
1951,1116864,0,0,0,7488,9280,550784,454656,94656,68672,1044096,0,1216,545664,0,0,0,0,0,0,0,0,0,0,0,0,0,0,454528,128,631,1540,825527714,960741512,1034816,0
1952,1116736,0,0,0,7616,9088,507712,447680,144640,124416,988224,0,1152,502592,0,0,0,0,0,0,0,0,0,0,0,0,0,0,447552,128,627,1532,2940153021,1032526984,979136,0
1953,1116672,0,0,0,7744,9280,569344,489344,40960,21248,1091264,0,1152,564288,0,0,0,0,0,0,0,0,0,0,0,0,0,0,489216,128,627,1549,3334764972,283916143,1081984,0
1954,1117632,0,0,0,14144,9280,416832,440256,237120,216512,896896,0,1152,411584,0,0,0,0,0,0,0,0,0,0,0,0,0,0,440128,128,630,1521,2193661244,811919197,887616,0
1955,1115648,0,0,0,10368,10432,492416,437184,165248,145344,966080,0,1216,487104,0,0,0,0,0,0,0,0,0,0,0,0,0,0,437056,128,640,1558,62363784,3177959836,955648,0
1956,1116672,0,0,0,11008,9344,301248,421184,373888,353792,758592,0,1216,296000,0,0,0,0,0,0,0,0,0,0,0,0,0,0,421056,128,637,1550,3716285403,3289797296,749248,0
1957,1116544,0,0,0,10112,9536,305984,424192,366720,346688,765632,0,1216,300864,0,0,0,0,0,0,0,0,0,0,0,0,0,0,424064,128,654,1592,1096773741,649494347,756096,0
1958,1116864,0,0,0,8896,9536,286144,419648,392640,372416,740224,0,1344,280960,0,0,0,0,0,0,0,0,0,0,0,0,0,0,419520,128,628,1532,788821376,676110578,730688,0
1959,1676992,0,0,0,12800,9152,430080,728832,496128,476032,1196864,0,1216,424768,0,0,0,0,0,0,0,0,0,0,0,0,0,0,728704,128,622,1516,2935307257,867604582,1187712,0
1960,1116672,0,0,0,7552,9216,409024,434816,256064,236032,876608,0,1152,403776,0,0,0,0,0,0,0,0,0,0,0,0,0,0,434688,128,627,1517,390451429,4244227361,867392,0
1961,1116800,0,0,0,7552,9280,379648,444800,275520,255552,857280,0,1216,374400,0,0,0,0,0,0,0,0,0,0,0,0,0,0,444672,128,625,1509,426468345,1246138298,848000,0
