frame,ALL,FTR,STG,BG,AUD,HUD,SRC,MISC,OTHR,WAIT,WORK,SHDT,SWRM,GCRA,SCPU,SCAT,SPRM,SINT,SPHD,SPHC,MWPN,MITM,MEFX,MACT,MPRT,MTEX,MCAP,MPRO,MCAM,MFLS,GPOL,GVTX,DGSA,DGSB,WORK-H,WRAPFIX
2,8602240,0,0,0,17728,577856,179136,7456896,370624,332544,8266176,0,1088,174400,0,0,0,0,0,0,0,0,0,0,0,1008512,0,0,7456768,128,117,351,3279483662,3279483662,7688320,0
3,1116160,0,0,0,3840,8192,168640,372736,562752,543232,569664,0,960,164288,0,0,0,0,0,0,0,0,0,0,0,0,0,0,372608,128,120,360,3279483662,3279483662,561472,0
4,1116224,0,0,0,3904,8384,170304,237184,696448,676288,436608,0,960,165696,0,0,0,0,0,0,0,0,0,0,0,0,0,0,237056,128,140,422,3279483662,3279483662,428224,0
5,1116800,0,0,0,3776,8448,171968,235968,696640,676224,437120,0,960,167680,0,0,0,0,0,0,0,0,0,0,0,0,0,0,235840,128,142,428,3279483662,3279483662,428672,0
6,1116928,0,0,0,3840,8512,169280,235904,699392,679104,434176,0,960,164736,0,0,0,0,0,0,0,0,0,0,0,0,0,0,235776,128,142,431,3279483662,3279483662,425664,0
7,1116736,0,0,0,3776,8448,167488,234944,702080,681600,431680,0,1088,163008,0,0,0,0,0,0,0,0,0,0,0,0,0,0,234816,128,142,430,3279483662,3279483662,423232,0
8,1116416,0,0,0,3840,8640,172096,234944,696896,677056,435904,0,1088,167488,0,0,0,0,0,0,0,0,0,0,0,0,0,0,234816,128,139,421,3279483662,3279483662,427264,0
9,1117056,0,0,0,3904,8512,172544,235456,696640,677056,436480,0,960,167936,0,0,0,0,0,0,0,0,0,0,0,0,0,0,235328,128,138,422,3279483662,3279483662,427968,0
10,1116736,0,0,0,3776,8384,168000,235200,701376,681408,431872,0,896,163648,0,0,0,0,0,0,0,0,0,0,0,0,0,0,235072,128,138,420,3279483662,3279483662,423488,0
11,1116992,0,0,0,3840,8320,174336,235264,695232,674944,438592,0,960,169728,0,0,0,0,0,0,0,0,0,0,0,0,0,0,235136,128,136,412,3279483662,3279483662,430272,0
12,1116736,0,0,0,3840,8448,169920,235136,699392,673664,439616,0,1024,165312,0,0,0,0,0,0,0,0,0,0,0,0,0,0,235008,128,130,392,3279483662,3279483662,431168,0
13,1116352,0,0,0,3776,8256,176000,235712,692608,672960,440000,0,896,171584,0,0,0,0,0,0,0,0,0,0,0,0,0,0,235584,128,130,398,3279483662,3279483662,431744,0
14,1116864,0,0,0,3840,8384,170880,234880,698880,679232,434176,0,1024,166208,0,0,0,0,0,0,0,0,0,0,0,0,0,0,234752,128,130,398,3279483662,3279483662,425792,0
15,1116928,0,0,0,3776,8448,170752,234944,699008,679104,434368,0,1024,166144,0,0,0,0,0,0,0,0,0,0,0,0,0,0,234816,128,130,398,3279483662,3279483662,425920,0
16,1116864,0,0,0,4736,8384,173888,238848,691008,671168,442304,0,896,169472,0,0,0,0,0,0,0,0,0,0,0,0,0,0,238720,128,128,388,3279483662,3279483662,433920,0
17,1116608,0,0,0,3712,9472,174080,234240,695104,675008,438208,0,960,169344,0,0,0,0,0,0,0,0,0,0,0,0,0,0,234112,128,126,382,3279483662,3279483662,428736,0
18,1116736,0,0,0,3840,8384,170048,234688,699776,679872,433408,0,1024,165504,0,0,0,0,0,0,0,0,0,0,0,0,0,0,234560,128,126,382,3279483662,3279483662,425024,0
19,1116992,0,0,0,3840,8512,171008,235392,698240,678208,435392,0,960,166400,0,0,0,0,0,0,0,0,0,0,0,0,0,0,235264,128,124,376,3279483662,3279483662,426880,0
20,1116672,0,0,0,3776,8256,175808,234944,693888,673920,439424,0,896,171264,0,0,0,0,0,0,0,0,0,0,0,0,0,0,234816,128,124,376,3279483662,3279483662,431168,0
21,1116928,0,0,0,3904,8320,179392,236096,689216,669184,444416,0,1024,174784,0,0,0,0,0,0,0,0,0,0,0,0,0,0,235968,128,123,373,3279483662,3279483662,436096,0
22,1116928,0,0,0,3840,8256,173120,234816,696896,676544,436928,0,960,168704,0,0,0,0,0,0,0,0,0,0,0,0,0,0,234688,128,120,366,3279483662,3279483662,428672,0
23,1116608,0,0,0,3904,8320,174208,235904,694272,674112,438976,0,960,169792,0,0,0,0,0,0,0,0,0,0,0,0,0,0,235776,128,120,366,3279483662,3279483662,430656,0
24,1116992,0,0,0,3904,8128,180800,234432,689728,669696,443968,0,1024,176192,0,0,0,0,0,0,0,0,0,0,0,0,0,0,234304,128,120,366,3279483662,3279483662,435840,0
25,1116800,0,0,0,3840,8256,174080,234624,696000,676096,437248,0,960,169472,0,0,0,0,0,0,0,0,0,0,0,0,0,0,234496,128,120,366,3279483662,3279483662,428992,0
26,1116864,0,0,0,3776,8640,172736,235200,696512,676288,437120,0,960,168256,0,0,0,0,0,0,0,0,0,0,0,0,0,0,235072,128,120,366,3279483662,3279483662,428480,0
27,1116736,0,0,0,3904,8128,175424,235072,694208,674048,439424,0,1024,170880,0,0,0,0,0,0,0,0,0,0,0,0,0,0,234944,128,120,366,3279483662,3279483662,431296,0
28,1116736,0,0,0,3776,8256,170112,234688,699904,674048,439232,0,1024,165760,0,0,0,0,0,0,0,0,0,0,0,0,0,0,234560,128,120,366,3279483662,3279483662,430976,0
29,1116864,0,0,0,3840,8384,173568,235136,695936,675904,437504,0,960,169152,0,0,0,0,0,0,0,0,0,0,0,0,0,0,235008,128,120,366,3279483662,3279483662,429120,0
30,1116992,0,0,0,3840,8320,174080,235072,695680,675584,437952,0,1024,169472,0,0,0,0,0,0,0,0,0,0,0,0,0,0,234944,128,120,366,3279483662,3279483662,429632,0
31,1116736,0,0,0,3840,8320,175360,238336,690880,670592,442688,0,960,170944,0,0,0,0,0,0,0,0,0,0,0,0,0,0,238208,128,118,360,3279483662,3279483662,434368,0
32,1116480,0,0,0,3904,9408,168128,235328,699712,679616,433472,0,960,163648,0,0,0,0,0,0,0,0,0,0,0,0,0,0,235200,128,116,354,3279483662,3279483662,424064,0
33,1116928,0,0,0,3840,8256,174016,234752,696064,676352,437184,0,960,169536,0,0,0,0,0,0,0,0,0,0,0,0,0,0,234624,128,116,356,3279483662,3279483662,428928,0
34,1116928,0,0,0,3840,8320,171008,234304,699456,679296,434240,0,1024,166592,0,0,0,0,0,0,0,0,0,0,0,0,0,0,234176,128,116,356,3279483662,3279483662,425920,0
35,1116800,0,0,0,3840,8256,172800,234816,697088,676992,436352,0,960,168192,0,0,0,0,0,0,0,0,0,0,0,0,0,0,234688,128,116,356,3279483662,3279483662,428096,0
36,1116736,0,0,0,3840,8320,171776,235264,697536,677312,435968,0,960,167232,0,0,0,0,0,0,0,0,0,0,0,0,0,0,235136,128,116,356,3279483662,3279483662,427648,0
37,1117440,0,0,0,3904,8320,174336,234688,696192,675136,438848,0,960,169984,0,0,0,0,0,0,0,0,0,0,0,0,0,0,234560,128,116,356,3279483662,3279483662,430528,0
38,1115968,0,0,0,4672,8384,175168,235328,692416,672704,439808,0,1024,170624,0,0,0,0,0,0,0,0,0,0,0,0,0,0,235200,128,116,356,3279483662,3279483662,431424,0
39,1116864,0,0,0,3840,8256,174784,234688,695296,675328,438144,0,896,170304,0,0,0,0,0,0,0,0,0,0,0,0,0,0,234560,128,116,356,3279483662,3279483662,429888,0
40,1117056,0,0,0,3840,8384,171200,234368,699264,679168,434368,0,896,166720,0,0,0,0,0,0,0,0,0,0,0,0,0,0,234240,128,116,356,3279483662,3279483662,425984,0
41,1116928,0,0,0,3904,8384,199424,235584,669632,649472,463936,0,960,194880,0,0,0,0,0,0,0,0,0,0,0,0,0,0,235456,128,116,356,3279483662,3279483662,455552,0
42,1116672,0,0,0,3776,8512,184640,236160,683584,663808,449344,0,960,179904,0,0,0,0,0,0,0,0,0,0,0,0,0,0,236032,128,116,356,3279483662,3279483662,440832,0
43,1116800,0,0,0,3840,8448,172096,236032,696384,676480,436864,0,960,167552,0,0,0,0,0,0,0,0,0,0,0,0,0,0,235904,128,116,356,3279483662,3279483662,428416,0
44,1116800,0,0,0,3776,8320,172672,235392,696640,670912,442432,0,896,168192,0,0,0,0,0,0,0,0,0,0,0,0,0,0,235264,128,116,356,3279483662,3279483662,434112,0
45,1116992,0,0,0,3904,8384,172800,235456,696448,676608,436928,0,1024,168128,0,0,0,0,0,0,0,0,0,0,0,0,0,0,235328,128,116,356,3279483662,3279483662,428544,0
46,1116800,0,0,0,3904,8384,179648,240128,684736,664512,448896,0,960,175040,0,0,0,0,0,0,0,0,0,0,0,0,0,0,240000,128,116,356,3279483662,3279483662,440512,0
47,1117632,0,0,0,3904,9600,532992,296960,274176,247040,867136,0,1280,528128,0,0,0,0,0,0,0,0,0,0,0,0,0,0,296832,128,145,452,3561679590,3561679590,857536,0
48,1116224,0,0,0,4032,8448,202304,292864,608576,581952,530816,0,1280,197504,0,0,0,0,0,0,0,0,0,0,0,0,0,0,292736,128,145,452,3561679590,3561679590,522368,0
49,1116608,0,0,0,3968,8576,207424,286464,610176,583872,529280,0,1152,202624,0,0,0,0,0,0,0,0,0,0,0,0,0,0,286336,128,147,459,3561679590,3561679590,520704,0
50,1116800,0,0,0,3904,8384,204032,285888,614592,588416,524992,0,1152,199040,0,0,0,0,0,0,0,0,0,0,0,0,0,0,285760,128,147,459,3561679590,3561679590,516608,0
51,1117056,0,0,0,3840,8512,206976,287232,610496,584256,529344,0,1280,201920,0,0,0,0,0,0,0,0,0,0,0,0,0,0,287104,128,147,459,3561679590,3561679590,520832,0
52,1117056,0,0,0,3904,8320,205632,286464,612736,587200,526336,0,1216,200768,0,0,0,0,0,0,0,0,0,0,0,0,0,0,286336,128,147,455,3561679590,3561679590,518016,0
53,1116608,0,0,0,3840,8512,200192,286208,617856,592512,520640,0,1216,195392,0,0,0,0,0,0,0,0,0,0,0,0,0,0,286080,128,147,455,3561679590,3561679590,512128,0
54,1116544,0,0,0,3904,8576,199424,286272,618368,593088,520064,0,1152,194496,0,0,0,0,0,0,0,0,0,0,0,0,0,0,286144,128,147,454,3561679590,3561679590,511488,0
55,1117056,0,0,0,3904,8576,196736,286208,621632,596672,516928,0,1152,191808,0,0,0,0,0,0,0,0,0,0,0,0,0,0,286080,128,147,453,3561679590,3561679590,508352,0
56,1116672,0,0,0,3840,8256,199936,285632,619008,593920,519296,0,1152,195136,0,0,0,0,0,0,0,0,0,0,0,0,0,0,285504,128,147,453,3561679590,3561679590,511040,0
57,1117376,0,0,0,3968,8512,200512,286528,617856,592640,521280,0,1216,195584,0,0,0,0,0,0,0,0,0,0,0,0,0,0,286400,128,147,453,3561679590,3561679590,512768,0
58,1116864,0,0,0,3840,8512,639936,354816,109760,84928,1028416,0,1152,635072,0,0,0,0,0,0,0,0,0,0,0,0,0,0,354688,128,187,573,3561679590,3400495003,1019904,0
59,1116992,0,0,0,10304,8576,261440,337280,499392,474688,638720,0,1216,256512,0,0,0,0,0,0,0,0,0,0,0,0,0,0,337152,128,169,518,3400495003,3400495003,630144,0
60,1116608,0,0,0,5568,9664,226560,336576,538240,506880,605248,0,1344,220864,0,0,0,0,0,0,0,0,0,0,0,0,0,0,336448,128,169,518,3400495003,3400495003,595584,0
61,1116800,0,0,0,4928,8640,229824,333184,540224,516032,597312,0,1216,224896,0,0,0,0,0,0,0,0,0,0,0,0,0,0,333056,128,170,520,3400495003,3400495003,588672,0
62,1116800,0,0,0,4096,8448,224000,332928,547328,523264,590016,0,1216,219072,0,0,0,0,0,0,0,0,0,0,0,0,0,0,332800,128,170,520,3400495003,3400495003,581568,0
63,1116992,0,0,0,4096,9664,224064,332736,546432,522240,591296,0,1216,219072,0,0,0,0,0,0,0,0,0,0,0,0,0,0,332608,128,169,520,3400495003,3400495003,581632,0
64,1116864,0,0,0,3968,8704,221568,333824,548800,524224,589120,0,1216,216704,0,0,0,0,0,0,0,0,0,0,0,0,0,0,333696,128,169,520,3400495003,3400495003,580416,0
65,1116864,0,0,0,4160,8512,225728,334080,544384,520512,592960,0,1280,220800,0,0,0,0,0,0,0,0,0,0,0,0,0,0,333952,128,169,519,3400495003,3400495003,584448,0
66,1116800,0,0,0,3904,8512,221184,334144,549056,524800,588608,0,1216,216320,0,0,0,0,0,0,0,0,0,0,0,0,0,0,334016,128,169,519,3400495003,3400495003,580096,0
67,1116608,0,0,0,4096,8512,221504,333440,549056,525248,587840,0,1152,216640,0,0,0,0,0,0,0,0,0,0,0,0,0,0,333312,128,169,519,3400495003,3400495003,579328,0
68,1117184,0,0,0,3968,8384,224384,803904,76544,42432,1071424,0,1216,219584,0,0,0,0,0,0,0,0,0,0,0,0,0,0,803776,128,368,814,3400495003,3400495003,1063040,0
69,1116416,0,0,0,3968,8448,235712,770048,98240,74304,1038720,0,1216,230976,0,0,0,0,0,0,0,0,0,0,0,0,0,0,769920,128,285,723,3400495003,3400495003,1030272,0
70,1677440,0,0,0,4032,8512,809600,438592,416704,392704,1281216,0,1216,804736,0,0,0,0,0,0,0,0,0,0,0,0,0,0,438464,128,306,800,2871362416,3557864731,1272704,0
71,1116672,0,0,0,4032,8768,264000,426944,412928,389056,724032,0,1280,259072,0,0,0,0,0,0,0,0,0,0,0,0,0,0,426816,128,300,794,812883559,1868550468,715264,0
72,1116928,0,0,0,3904,8576,267392,426624,410432,386240,727168,0,1216,262400,0,0,0,0,0,0,0,0,0,0,0,0,0,0,426496,128,295,795,1247880593,3156269731,718592,0
73,1116864,0,0,0,3904,8448,270592,428032,405888,381632,731712,0,1216,265728,0,0,0,0,0,0,0,0,0,0,0,0,0,0,427904,128,305,805,354920412,664763857,723264,0
74,1116672,0,0,0,3904,8704,267008,428160,408896,385088,728000,0,1280,262016,0,0,0,0,0,0,0,0,0,0,0,0,0,0,428032,128,304,800,1213118412,426996201,719296,0
75,1116800,0,0,0,11008,8960,331840,445440,319552,295744,817152,0,1280,326848,0,0,0,0,0,0,0,0,0,0,0,0,0,0,445312,128,301,814,1957177084,1485014364,808192,0
76,1117120,0,0,0,4160,8320,275328,442816,386496,356800,756800,0,1344,270272,0,0,0,0,0,0,0,0,0,0,0,0,0,0,442688,128,300,809,3952986937,3891190937,748480,0
77,1677056,0,0,0,4224,9600,273664,908992,480576,446080,1227584,0,1280,268672,0,0,0,0,0,0,0,0,0,0,0,0,0,0,908864,128,380,989,3331183244,2758187397,1217984,0
78,1677120,0,0,0,4160,8512,279488,888832,496128,471872,1201856,0,1280,274496,0,0,0,0,0,0,0,0,0,0,0,0,0,0,888704,128,385,1000,1417937002,349721564,1193344,0
79,1116672,0,0,0,4160,8704,277504,461120,365184,341376,771840,0,1216,272832,0,0,0,0,0,0,0,0,0,0,0,0,0,0,460992,128,390,1008,3262353692,3895219958,763136,0
80,1119232,0,0,0,6400,8384,265216,457216,382016,356224,759488,0,1216,260416,0,0,0,0,0,0,0,0,0,0,0,0,0,0,457088,128,391,1010,2630488272,2284143612,751104,0
81,1674944,0,0,0,7552,8768,641984,485248,531392,507136,1164160,0,1280,637056,0,0,0,0,0,0,0,0,0,0,0,0,0,0,485120,128,393,1018,3634689711,492130626,1155392,0
82,1116928,0,0,0,4032,8576,311744,485632,306944,282688,830784,0,1216,306880,0,0,0,0,0,0,0,0,0,0,0,0,0,0,485504,128,398,1027,2474940235,250011009,822208,0
83,1677376,0,0,0,3968,8320,298752,1226560,139776,90112,1583744,0,1216,293888,0,0,0,0,0,0,0,0,0,0,0,0,0,0,1226432,128,403,1049,4095557003,3676657876,1575424,0
84,1676736,0,0,0,3968,8768,296704,1197952,169344,145216,1528000,0,1152,291776,0,0,0,0,0,0,0,0,0,0,0,0,0,0,1197824,128,424,1113,369326492,3061259628,1519232,0
85,1676928,0,0,0,9792,8192,341952,1203392,113600,89344,1584192,0,1280,336960,0,0,0,0,0,0,0,0,0,0,0,0,0,0,1203264,128,487,1251,365565608,4215851879,1576000,0
86,1116864,0,0,0,4160,8448,298752,516736,288768,264832,848448,0,1280,293888,0,0,0,0,0,0,0,0,0,0,0,0,0,0,516608,128,503,1247,1388466196,1662063863,840000,0
87,1116864,0,0,0,4096,8640,298816,515072,290240,266112,847104,0,1280,294144,0,0,0,0,0,0,0,0,0,0,0,0,0,0,514944,128,505,1248,3747966035,2519447823,838464,0
88,1116800,0,0,0,4224,8128,297792,504064,302592,278400,835072,0,1216,292992,0,0,0,0,0,0,0,0,0,0,0,0,0,0,504000,64,501,1237,425683480,1564767295,826944,0
89,1116800,0,0,0,4160,8384,301120,501568,301568,277824,835456,0,1216,296128,0,0,0,0,0,0,0,0,0,0,0,0,0,0,501440,128,503,1243,1136890971,2441560170,827072,0
90,1116992,0,0,0,4160,9536,294144,503168,305984,281984,831552,0,1216,289344,0,0,0,0,0,0,0,0,0,0,0,0,0,0,503040,128,506,1240,524800628,1357289892,822016,0
91,1116672,0,0,0,4224,8448,302784,502208,299008,274880,838336,0,1216,297920,0,0,0,0,0,0,0,0,0,0,0,0,0,0,502080,128,509,1249,81599818,1079281208,829888,0
92,1116736,0,0,0,4224,8768,295424,502464,305856,276544,836608,0,1280,290496,0,0,0,0,0,0,0,0,0,0,0,0,0,0,502336,128,511,1253,383219446,1934876926,827840,0
93,1116672,0,0,0,4160,8512,295616,500992,307392,283520,829632,0,1216,290624,0,0,0,0,0,0,0,0,0,0,0,0,0,0,500864,128,510,1248,3117803258,1150737590,821120,0
94,1116608,0,0,0,4160,8640,294080,502272,307456,283840,829248,0,1216,289152,0,0,0,0,0,0,0,0,0,0,0,0,0,0,502144,128,511,1253,398367636,3143493994,820608,0
95,1116992,0,0,0,4160,8256,297920,501120,305536,281920,831680,0,1280,292992,0,0,0,0,0,0,0,0,0,0,0,0,0,0,500992,128,518,1264,1117527605,146005741,823424,0
96,1116992,0,0,0,9600,8576,319552,501760,277504,253696,859712,0,1216,314496,0,0,0,0,0,0,0,0,0,0,0,0,0,0,501632,128,511,1249,1600358715,4134312059,851136,0
97,1116992,0,0,0,4288,8576,303168,505408,295552,271936,841600,0,1216,298240,0,0,0,0,0,0,0,0,0,0,0,0,0,0,505280,128,502,1242,546524848,2900482788,833024,0
98,1116736,0,0,0,4224,8256,301504,502528,300224,276288,837056,0,1280,296576,0,0,0,0,0,0,0,0,0,0,0,0,0,0,502400,128,503,1249,3370492281,2011184615,828800,0
99,1116736,0,0,0,4416,8320,297024,503872,303104,278976,834240,0,1216,292160,0,0,0,0,0,0,0,0,0,0,0,0,0,0,503744,128,508,1254,3657031499,2877603516,825920,0
100,1116736,0,0,0,6464,8448,297024,503040,301760,277824,835392,0,1152,292160,0,0,0,0,0,0,0,0,0,0,0,0,0,0,502912,128,513,1259,1620840784,3780141789,826944,0
101,1116608,0,0,0,8000,8128,311936,501888,286656,262784,850432,0,1216,307136,0,0,0,0,0,0,0,0,0,0,0,0,0,0,501760,128,515,1259,1399524257,46518361,842304,0
102,1116736,0,0,0,7168,8512,301312,502336,297408,273344,839808,0,1152,296512,0,0,0,0,0,0,0,0,0,0,0,0,0,0,502208,128,507,1238,1244005605,575724693,831296,0
103,1116992,0,0,0,5568,8448,299200,645824,157952,117056,996416,0,1152,294400,0,0,0,0,0,0,0,0,0,0,0,0,0,0,645696,128,511,1246,3909725037,556658096,987968,0
104,1116672,0,0,0,4160,8384,296960,654400,152768,128960,984256,0,1280,291968,0,0,0,0,0,0,0,0,0,0,0,0,0,0,654272,128,584,1429,387273125,2574067479,975872,0
105,1116736,0,0,0,4224,9792,300032,511488,291200,267648,845632,0,1152,295232,0,0,0,0,0,0,0,0,0,0,0,0,0,0,511360,128,610,1428,2752887227,3154352507,835840,0
106,1116736,0,0,0,3968,8448,297024,512256,295040,271040,842112,0,1216,292224,0,0,0,0,0,0,0,0,0,0,0,0,0,0,512128,128,608,1426,606083678,1130572335,833664,0
107,1117632,0,0,0,9280,8384,459584,473536,166848,141696,972416,0,1280,454400,0,0,0,0,0,0,0,0,0,0,0,0,0,0,473408,128,498,1189,2962710282,3880644140,964032,0
108,1116032,0,0,0,4224,8192,310720,472320,320576,290560,821952,0,1280,305664,0,0,0,0,0,0,0,0,0,0,0,0,0,0,472192,128,490,1182,2561604929,3233297441,813760,0
109,1117056,0,0,0,6528,8704,313920,476096,311808,287488,825984,0,1216,308928,0,0,0,0,0,0,0,0,0,0,0,0,0,0,475968,128,495,1189,1564754892,2348848969,817280,0
110,1116672,0,0,0,5376,8640,314880,473664,314112,290560,822528,0,1280,309824,0,0,0,0,0,0,0,0,0,0,0,0,0,0,473536,128,498,1189,2457097912,3019192791,813888,0
111,1116864,0,0,0,9344,8704,348352,453760,296704,273216,840064,0,1280,343232,0,0,0,0,0,0,0,0,0,0,0,0,0,0,453632,128,500,1184,1766277080,2044307068,831360,0
112,1117056,0,0,0,4160,8512,367168,468160,269056,244992,868480,0,1280,362304,0,0,0,0,0,0,0,0,0,0,0,0,0,0,468032,128,506,1201,2552659722,4245029254,859968,0
113,1116480,0,0,0,10112,8320,349120,527808,221120,197440,915584,0,1216,344192,0,0,0,0,0,0,0,0,0,0,0,0,0,0,527680,128,508,1201,888032220,3312812664,907264,0
114,1116992,0,0,0,4352,8448,310848,474432,318912,295424,817984,0,1280,305792,0,0,0,0,0,0,0,0,0,0,0,0,0,0,474304,128,501,1195,598002268,330238635,809536,0
115,1116736,0,0,0,4224,8512,318208,477568,308224,284096,829120,0,1216,313472,0,0,0,0,0,0,0,0,0,0,0,0,0,0,477440,128,494,1191,1551409033,2496110964,820608,0
116,1116736,0,0,0,4288,8576,317696,475072,311104,287360,825792,0,1280,312768,0,0,0,0,0,0,0,0,0,0,0,0,0,0,474944,128,496,1189,590199684,3547820496,817216,0
117,1117184,0,0,0,4352,8256,313728,475136,315712,291520,822272,0,1216,308928,0,0,0,0,0,0,0,0,0,0,0,0,0,0,475008,128,503,1200,835008856,490964207,814016,0
118,1117184,0,0,0,4288,8576,376704,438976,288640,264128,849536,0,1280,371840,0,0,0,0,0,0,0,0,0,0,0,0,0,0,438848,128,494,1158,2863719110,4147380978,840960,0
119,1116288,0,0,0,4352,8640,329280,431744,342272,318208,794560,0,1280,324160,0,0,0,0,0,0,0,0,0,0,0,0,0,0,431616,128,492,1163,3528457341,2863278433,785920,0
120,1116800,0,0,0,4352,8320,310784,433472,359872,336000,777408,0,1216,305920,0,0,0,0,0,0,0,0,0,0,0,0,0,0,433344,128,486,1150,3061590799,2759732338,769088,0
121,1116544,0,0,0,6592,9984,312576,432000,355392,331648,781248,0,1280,307520,0,0,0,0,0,0,0,0,0,0,0,0,0,0,431872,128,489,1153,2353857217,3030877802,771264,0
122,1116800,0,0,0,6720,8320,306176,432064,363520,339200,774144,0,1216,301376,0,0,0,0,0,0,0,0,0,0,0,0,0,0,431936,128,494,1153,816419617,194544673,765824,0
123,1116800,0,0,0,4096,8320,304832,439360,360192,336064,777216,0,1216,299904,0,0,0,0,0,0,0,0,0,0,0,0,0,0,439232,128,492,1134,3840548758,367782118,768896,0
124,1116736,0,0,0,5056,8512,302016,412544,388608,358784,754368,0,1280,297088,0,0,0,0,0,0,0,0,0,0,0,0,0,0,412416,128,488,1137,3870482307,3755071096,745856,0
125,1116736,0,0,0,6464,8640,303424,412736,385472,361536,751488,0,1152,298624,0,0,0,0,0,0,0,0,0,0,0,0,0,0,412608,128,487,1134,3755071096,3755071096,742848,0
126,1116864,0,0,0,5568,8832,299456,416640,386368,359360,753984,0,1280,294464,0,0,0,0,0,0,0,0,0,0,0,0,0,0,416512,128,488,1133,3755071096,3755071096,745152,0
127,1116864,0,0,0,4096,8384,297280,413312,393792,370048,743360,0,1216,292224,0,0,0,0,0,0,0,0,0,0,0,0,0,0,413184,128,492,1137,3755071096,3755071096,734976,0
128,1116864,0,0,0,4224,8384,298624,413504,392128,368064,745280,0,1216,293632,0,0,0,0,0,0,0,0,0,0,0,0,0,0,413376,128,491,1138,3755071096,3755071096,736896,0
129,1116800,0,0,0,4032,8576,304576,394560,405056,380992,732352,0,1216,299648,0,0,0,0,0,0,0,0,0,0,0,0,0,0,394432,128,465,1068,3755071096,3755071096,723776,0
130,1677632,0,0,0,4032,8448,356608,1121600,186944,162624,1511552,0,1216,351744,0,0,0,0,0,0,0,0,0,0,0,0,0,0,1121408,192,466,1067,3126210429,3126210429,1503104,0
131,1116224,0,0,0,6336,8448,277824,353216,470400,446144,666688,0,1280,272960,0,0,0,0,0,0,0,0,0,0,0,0,0,0,353088,128,467,1064,3126210429,3126210429,658240,0
132,1116928,0,0,0,5312,8512,280832,351808,470464,446464,666944,0,1216,275968,0,0,0,0,0,0,0,0,0,0,0,0,0,0,351680,128,469,1066,3126210429,3126210429,658432,0
133,1116928,0,0,0,3840,8448,281216,380992,442432,418496,694912,0,1280,276352,0,0,0,0,0,0,0,0,0,0,0,0,0,0,380864,128,464,1061,3126210429,3126210429,686464,0
134,1116736,0,0,0,3904,8512,277632,352704,473984,449984,663296,0,1280,272704,0,0,0,0,0,0,0,0,0,0,0,0,0,0,352576,128,462,1065,3126210429,3126210429,654784,0
135,1116672,0,0,0,3904,8640,281408,352256,470464,446784,666176,0,1216,276608,0,0,0,0,0,0,0,0,0,0,0,0,0,0,352128,128,465,1066,3126210429,3126210429,657536,0
136,1116736,0,0,0,3840,9664,288384,350656,464192,440512,672768,0,1280,283456,0,0,0,0,0,0,0,0,0,0,0,0,0,0,350528,128,466,1063,3126210429,3126210429,663104,0
137,1116864,0,0,0,9088,8704,310464,353792,434816,410688,702464,0,1216,305280,0,0,0,0,0,0,0,0,0,0,0,0,0,0,353664,128,462,1062,3126210429,3126210429,693760,0
138,1116544,0,0,0,4096,8704,279872,352960,470912,447168,665856,0,1216,274944,0,0,0,0,0,0,0,0,0,0,0,0,0,0,352832,128,464,1060,3126210429,3126210429,657152,0
139,1117120,0,0,0,4032,8512,281216,354816,468544,444160,669440,0,1280,276224,0,0,0,0,0,0,0,0,0,0,0,0,0,0,354688,128,458,1056,3126210429,3126210429,660928,0
140,1116672,0,0,0,3968,8640,281920,351616,470528,441280,671808,0,1216,276992,0,0,0,0,0,0,0,0,0,0,0,0,0,0,351488,128,454,1049,3126210429,3126210429,663168,0
141,1117312,0,0,0,4032,8640,343808,535488,225344,200896,912896,0,1216,338880,0,0,0,0,0,0,0,0,0,0,0,0,0,0,535360,128,455,1052,3126210429,2319073349,904256,0
142,1116160,0,0,0,4032,8640,261184,352384,489920,466304,646464,0,1216,256128,0,0,0,0,0,0,0,0,0,0,0,0,0,0,352256,128,456,1053,2319073349,2319073349,637824,0
143,1116864,0,0,0,3968,8640,267456,369600,467200,443456,669888,0,1216,262592,0,0,0,0,0,0,0,0,0,0,0,0,0,0,369472,128,456,1053,2319073349,2319073349,661248,0
144,1116608,0,0,0,4096,8256,264832,353792,485632,461952,651200,0,1152,259904,0,0,0,0,0,0,0,0,0,0,0,0,0,0,353664,128,456,1053,2319073349,2319073349,642944,0
145,1117248,0,0,0,6848,9216,274880,352512,473792,448704,664128,0,1344,269184,0,0,0,0,0,0,0,0,0,0,0,0,0,0,352384,128,457,1056,2319073349,2319073349,654912,0
146,1116736,0,0,0,4032,8512,263232,351616,489344,465344,647872,0,1280,258240,0,0,0,0,0,0,0,0,0,0,0,0,0,0,351488,128,457,1056,2319073349,2319073349,639360,0
147,1116864,0,0,0,4032,8256,263040,352128,489408,465536,647872,0,1216,258048,0,0,0,0,0,0,0,0,0,0,0,0,0,0,352000,128,457,1056,2319073349,2319073349,639616,0
148,1116608,0,0,0,4096,8384,267456,381888,454784,431232,681856,0,1280,262592,0,0,0,0,0,0,0,0,0,0,0,0,0,0,381760,128,458,1055,2319073349,2319073349,673472,0
149,1116992,0,0,0,3968,8512,264128,351808,488576,464832,648640,0,1280,259136,0,0,0,0,0,0,0,0,0,0,0,0,0,0,351680,128,459,1054,2319073349,2319073349,640128,0
150,1116928,0,0,0,4096,8512,265088,351808,487424,463488,649920,0,1216,260160,0,0,0,0,0,0,0,0,0,0,0,0,0,0,351680,128,458,1055,2319073349,2319073349,641408,0
151,1116544,0,0,0,3968,9600,269952,381120,451904,427968,685184,0,1216,265152,0,0,0,0,0,0,0,0,0,0,0,0,0,0,380992,128,457,1052,2319073349,2319073349,675584,0
152,1116800,0,0,0,3968,8448,275776,351872,476736,452864,660416,0,1280,270912,0,0,0,0,0,0,0,0,0,0,0,0,0,0,351744,128,456,1049,2319073349,2319073349,651968,0
153,1116864,0,0,0,4032,8576,264896,351424,487936,464064,649280,0,1280,259904,0,0,0,0,0,0,0,0,0,0,0,0,0,0,351296,128,456,1049,2319073349,2319073349,640704,0
154,1116928,0,0,0,4032,8448,260480,354240,489728,465728,647808,0,1280,255616,0,0,0,0,0,0,0,0,0,0,0,0,0,0,354176,64,456,1045,2319073349,2319073349,639360,0
155,1116864,0,0,0,6336,8576,262784,353728,485440,461440,651840,0,1280,257920,0,0,0,0,0,0,0,0,0,0,0,0,0,0,353600,128,456,1045,2319073349,2319073349,643264,0
156,1116736,0,0,0,5248,8384,264704,352192,486208,456640,656576,0,1216,259776,0,0,0,0,0,0,0,0,0,0,0,0,0,0,352064,128,455,1042,2319073349,2319073349,648192,0
157,1116928,0,0,0,3968,8512,266624,351744,486080,462144,651328,0,1152,261760,0,0,0,0,0,0,0,0,0,0,0,0,0,0,351616,128,453,1042,2319073349,2319073349,642816,0
158,1116672,0,0,0,3968,8512,262016,353088,489088,465280,647872,0,1216,257088,0,0,0,0,0,0,0,0,0,0,0,0,0,0,352960,128,453,1042,2319073349,2319073349,639360,0
159,1116992,0,0,0,3968,8384,282752,351872,470016,446080,667520,0,1216,277888,0,0,0,0,0,0,0,0,0,0,0,0,0,0,351744,128,453,1042,2319073349,2319073349,659136,0
160,1116800,0,0,0,3904,8512,265536,351936,486912,462720,650560,0,1216,260672,0,0,0,0,0,0,0,0,0,0,0,0,0,0,351808,128,451,1036,2319073349,2319073349,642048,0
161,1116864,0,0,0,3904,8576,268416,351424,484544,460224,653184,0,1216,263552,0,0,0,0,0,0,0,0,0,0,0,0,0,0,351296,128,453,1042,2319073349,2319073349,644608,0
162,1116672,0,0,0,3904,8576,265408,348992,489792,466112,647040,0,1280,260416,0,0,0,0,0,0,0,0,0,0,0,0,0,0,348864,128,454,1043,2319073349,2319073349,638464,0
163,1116800,0,0,0,3904,8448,262720,351040,490688,466944,646336,0,1216,257856,0,0,0,0,0,0,0,0,0,0,0,0,0,0,350912,128,455,1044,2319073349,2319073349,637888,0
164,1116736,0,0,0,3904,8320,263232,351872,489408,465280,648000,0,1280,258304,0,0,0,0,0,0,0,0,0,0,0,0,0,0,351744,128,456,1047,2319073349,2319073349,639680,0
165,1116992,0,0,0,3840,8448,267072,350720,486912,462656,650816,0,1152,262208,0,0,0,0,0,0,0,0,0,0,0,0,0,0,350592,128,458,1051,2319073349,2319073349,642368,0
166,1116800,0,0,0,3840,9536,264896,352384,486144,462144,651264,0,1280,260096,0,0,0,0,0,0,0,0,0,0,0,0,0,0,352256,128,460,1055,2319073349,2319073349,641728,0
167,1117120,0,0,0,18752,8768,422336,351424,315840,290816,822592,0,1216,416576,0,0,0,0,0,0,0,0,0,0,0,0,0,0,351296,128,458,1054,2319073349,1397668350,813824,0
168,1116224,0,0,0,4096,8320,283072,374528,446208,421440,691264,0,1280,278208,0,0,0,0,0,0,0,0,0,0,0,0,0,0,374400,128,457,1055,2852148931,734762780,682944,0
169,1116608,0,0,0,4224,8576,291520,376768,435520,411136,701952,0,1216,286720,0,0,0,0,0,0,0,0,0,0,0,0,0,0,376640,128,458,1056,1926356687,3545130746,693376,0
170,1116800,0,0,0,4096,8512,310656,380160,413376,389504,723776,0,1216,305792,0,0,0,0,0,0,0,0,0,0,0,0,0,0,380032,128,459,1058,1519968095,3916521833,715264,0
171,1116864,0,0,0,4160,8768,290240,380672,433024,408960,704384,0,1280,285376,0,0,0,0,0,0,0,0,0,0,0,0,0,0,380544,128,457,1056,1978912573,3954856613,695616,0
172,1116864,0,0,0,4160,8256,286912,382464,435072,405760,707648,0,1216,281984,0,0,0,0,0,0,0,0,0,0,0,0,0,0,382336,128,455,1054,757230127,1049282382,699392,0
173,1116800,0,0,0,4096,8704,301888,371904,430208,406592,706688,0,1408,296896,0,0,0,0,0,0,0,0,0,0,0,0,0,0,371776,128,455,1054,1844889912,2212515971,697984,0
174,1116736,0,0,0,4096,8640,289856,371136,443008,419392,693888,0,1280,284864,0,0,0,0,0,0,0,0,0,0,0,0,0,0,371008,128,455,1054,37605587,2673774872,685248,0
175,1117056,0,0,0,4096,8704,289472,370496,444288,420224,693376,0,1216,284608,0,0,0,0,0,0,0,0,0,0,0,0,0,0,370368,128,455,1054,2325203263,1771688423,684672,0
176,1116736,0,0,0,4160,8640,301440,369920,432576,408768,704448,0,1216,296512,0,0,0,0,0,0,0,0,0,0,0,0,0,0,369792,128,455,1054,505085740,2354306167,695808,0
177,1117504,0,0,0,4160,8448,291648,370624,442624,418112,695872,0,1216,286784,0,0,0,0,0,0,0,0,0,0,0,0,0,0,370496,128,455,1054,2613470881,3596872027,687424,0
178,1116288,0,0,0,4160,8512,299136,371968,432512,408384,704384,0,1280,294208,0,0,0,0,0,0,0,0,0,0,0,0,0,0,371840,128,456,1057,1691410446,2296710681,695872,0
179,1116800,0,0,0,4160,8640,307072,371328,425600,401536,711744,0,1216,302336,0,0,0,0,0,0,0,0,0,0,0,0,0,0,371200,128,457,1056,2475383837,1962599424,703104,0
180,1116800,0,0,0,4160,8448,294272,371392,438528,414720,698560,0,1280,289216,0,0,0,0,0,0,0,0,0,0,0,0,0,0,371264,128,455,1052,1155772432,72074520,690112,0
181,1116928,0,0,0,4096,9920,317440,371648,413824,389888,723520,0,1216,312640,0,0,0,0,0,0,0,0,0,0,0,0,0,0,371520,128,455,1052,2381917825,3526009077,713600,0
182,1116736,0,0,0,6464,8704,300800,374208,426560,402752,710400,0,1280,295808,0,0,0,0,0,0,0,0,0,0,0,0,0,0,374080,128,456,1053,3616857080,2631880789,701696,0
183,1116992,0,0,0,6464,8768,291584,391232,418944,395072,718272,0,1152,286656,0,0,0,0,0,0,0,0,0,0,0,0,0,0,391104,128,456,1053,509169553,3798749684,709504,0
184,1116800,0,0,0,5440,8704,296512,392000,414144,390144,723136,0,1280,291520,0,0,0,0,0,0,0,0,0,0,0,0,0,0,391872,128,456,1053,1452472517,1172941556,714432,0
185,1116544,0,0,0,4032,8512,306240,371200,426560,402688,710400,0,1216,301376,0,0,0,0,0,0,0,0,0,0,0,0,0,0,371072,128,457,1056,3095741706,1769067742,701888,0
186,1116928,0,0,0,4032,8512,289792,370624,443968,420032,693376,0,1280,284928,0,0,0,0,0,0,0,0,0,0,0,0,0,0,370496,128,457,1056,2562420999,1312326337,684864,0
187,1116800,0,0,0,3968,8448,287488,371328,445568,421568,691904,0,1216,282688,0,0,0,0,0,0,0,0,0,0,0,0,0,0,371200,128,457,1056,1050778850,1818610842,683456,0
188,1116672,0,0,0,3968,8832,304384,371264,428224,398656,714432,0,1280,299584,0,0,0,0,0,0,0,0,0,0,0,0,0,0,371136,128,458,1055,204848896,2754191050,705600,0
189,1116864,0,0,0,3904,10624,291648,380032,430656,404672,708736,0,1216,286912,0,0,0,0,0,0,0,0,0,0,0,0,0,0,379904,128,458,1055,2540809023,1218512673,698112,0
190,1116608,0,0,0,4928,8768,290560,370112,442240,418688,694400,0,1152,285632,0,0,0,0,0,0,0,0,0,0,0,0,0,0,369984,128,458,1055,1173738883,2003926921,685632,0
191,1116864,0,0,0,4032,8448,301376,372480,430528,406272,707136,0,1216,296448,0,0,0,0,0,0,0,0,0,0,0,0,0,0,372416,64,457,1052,2983499157,3379858601,698688,0
192,1116544,0,0,0,4032,8256,287296,400320,416640,393088,720000,0,1216,282368,0,0,0,0,0,0,0,0,0,0,0,0,0,0,400192,128,456,1049,917831103,4103451756,711744,0
193,1117120,0,0,0,3968,8640,291840,371776,440896,417024,696576,0,1280,286848,0,0,0,0,0,0,0,0,0,0,0,0,0,0,371648,128,456,1049,398308378,41398463,687936,0
194,1116736,0,0,0,4032,8640,298752,391424,413888,389824,723456,0,1216,293888,0,0,0,0,0,0,0,0,0,0,0,0,0,0,391296,128,457,1048,3010612716,4135820796,714816,0
195,1116672,0,0,0,4032,8192,289024,402432,412992,389056,724160,0,1216,284160,0,0,0,0,0,0,0,0,0,0,0,0,0,0,402304,128,456,1045,2884306421,142585107,715968,0
196,1116672,0,0,0,4032,9792,289792,390720,422336,398592,714624,0,1280,284928,0,0,0,0,0,0,0,0,0,0,0,0,0,0,390592,128,455,1042,2686323061,1963785697,704832,0
197,1678528,0,0,0,11712,23360,772160,435712,435584,369792,1302080,0,3072,476864,0,0,0,0,0,0,0,0,0,0,0,0,0,0,435584,128,465,1084,431597708,3288023166,1278720,0
198,1117376,0,0,0,8960,8512,452288,412480,235136,208320,905536,0,1280,446976,0,0,0,0,0,0,0,0,0,0,0,0,0,0,412352,128,471,1116,140779991,193952076,897024,0
199,1116416,0,0,0,4416,8768,362560,453440,287232,261184,851712,0,1216,357440,0,0,0,0,0,0,0,0,0,0,0,0,0,0,453312,128,569,1371,2164381052,1471453330,842944,0
200,1116864,0,0,0,4416,8768,381568,421440,300672,274560,838784,0,1216,376512,0,0,0,0,0,0,0,0,0,0,0,0,0,0,421312,128,578,1356,4294787496,1942567244,830016,0
201,1116608,0,0,0,6720,8960,382912,438464,279552,253696,859200,0,1152,377792,0,0,0,0,0,0,0,0,0,0,0,0,0,0,438336,128,575,1355,655314479,152872281,850240,0
202,1117120,0,0,0,7552,8704,361984,429376,309504,283200,830272,0,1216,356800,0,0,0,0,0,0,0,0,0,0,0,0,0,0,429248,128,586,1392,713894594,1727863633,821568,0
203,1116544,0,0,0,5696,9024,350592,426368,324864,298944,813952,0,1216,345280,0,0,0,0,0,0,0,0,0,0,0,0,0,0,426240,128,594,1409,795862659,2585451247,804928,0
204,1116736,0,0,0,4288,8768,338240,427392,338048,306368,806848,0,1216,333056,0,0,0,0,0,0,0,0,0,0,0,0,0,0,427264,128,596,1419,1076229570,2208386718,798080,0
205,1116928,0,0,0,4224,8640,335744,426944,341376,315456,797888,0,1216,330688,0,0,0,0,0,0,0,0,0,0,0,0,0,0,426816,128,600,1419,533763523,3739087409,789248,0
206,1116672,0,0,0,6528,8896,336384,420544,344320,318464,794560,0,1216,331200,0,0,0,0,0,0,0,0,0,0,0,0,0,0,420416,128,601,1419,2107394596,3459204212,785664,0
207,1116800,0,0,0,7168,8832,339904,421696,339200,313152,800000,0,1216,334784,0,0,0,0,0,0,0,0,0,0,0,0,0,0,421568,128,595,1405,2370997696,1149727550,791168,0
208,1116928,0,0,0,6336,8768,337280,420736,343808,317760,795584,0,1152,332160,0,0,0,0,0,0,0,0,0,0,0,0,0,0,420608,128,599,1415,4169497278,2008877236,786816,0
209,1116672,0,0,0,5312,8640,342912,407168,352640,326848,786304,0,1216,337792,0,0,0,0,0,0,0,0,0,0,0,0,0,0,406976,192,597,1408,2426044601,2626711408,777664,0
210,1116864,0,0,0,3968,8704,343872,406336,353984,327808,785600,0,1216,338752,0,0,0,0,0,0,0,0,0,0,0,0,0,0,406208,128,597,1400,3799726984,1657417206,776896,0
211,1116800,0,0,0,3968,10176,329600,407104,365952,340160,773184,0,1280,324608,0,0,0,0,0,0,0,0,0,0,0,0,0,0,406976,128,595,1404,2447369808,47542943,763008,0
212,1117248,0,0,0,3968,8576,452800,420800,231104,204544,909248,0,1216,447744,0,0,0,0,0,0,0,0,0,0,0,0,0,0,420672,128,603,1416,1516646007,1221842624,900672,0
213,1116352,0,0,0,8768,8704,445632,412608,240640,214592,898176,0,1152,440576,0,0,0,0,0,0,0,0,0,0,0,0,0,0,412480,128,619,1430,1493638253,77591633,889472,0
214,1117376,0,0,0,4032,8512,451968,451712,201152,174784,939136,0,1152,446848,0,0,0,0,0,0,0,0,0,0,0,0,0,0,451584,128,608,1441,18120381,1007868718,930624,0
215,1116864,0,0,0,4160,8576,443968,464128,196032,169600,943744,0,1216,438720,0,0,0,0,0,0,0,0,0,0,0,0,0,0,464000,128,601,1433,2618907917,910035930,935168,0
216,1116352,0,0,0,4160,8512,430720,445248,227712,201472,911360,0,1280,425600,0,0,0,0,0,0,0,0,0,0,0,0,0,0,445120,128,569,1371,3863501757,172080987,902848,0
217,1116608,0,0,0,4288,8576,540096,462528,101120,75264,1037824,0,1280,534912,0,0,0,0,0,0,0,0,0,0,0,0,0,0,462400,128,575,1389,2762704955,2738548909,1029248,0
218,1117632,0,0,0,6464,9024,412928,445056,244160,218048,895872,0,1280,407744,0,0,0,0,0,0,0,0,0,0,0,0,0,0,444928,128,588,1400,4035542376,1879940895,886848,0
219,1116224,0,0,0,6400,8768,409280,442752,249024,223232,889280,0,1280,404160,0,0,0,0,0,0,0,0,0,0,0,0,0,0,442624,128,579,1381,545557886,2276906096,880512,0
220,1116864,0,0,0,5440,8512,414784,409920,278208,246400,866880,0,1216,409600,0,0,0,0,0,0,0,0,0,0,0,0,0,0,409792,128,558,1332,354674115,1872154963,858368,0
221,1116288,0,0,0,6464,9088,415360,431232,254144,228160,884288,0,1280,410304,0,0,0,0,0,0,0,0,0,0,0,0,0,0,431104,128,544,1299,1146778164,2765786948,875200,0
222,2238208,0,0,0,20736,8896,650816,1104320,453440,418112,1816256,0,1280,645504,0,0,0,0,0,0,0,0,0,0,0,15616,0,0,1104192,128,573,1355,3442674329,840098906,1807360,0
223,1116160,0,0,0,7488,9472,422592,496832,179776,153984,957888,0,1280,417280,0,0,0,0,0,0,0,0,0,0,0,0,0,0,496704,128,593,1383,2217428102,88045684,948416,0
224,1116800,0,0,0,7360,9152,431872,465664,202752,176512,936128,0,1280,426752,0,0,0,0,0,0,0,0,0,0,0,0,0,0,465536,128,574,1356,3678609922,1880240498,926976,0
225,1116864,0,0,0,6720,10624,438976,469184,191360,165632,946944,0,1280,433728,0,0,0,0,0,0,0,0,0,0,0,0,0,0,469056,128,568,1351,659690330,2755995355,936320,0
226,1116608,0,0,0,5696,9536,465088,495744,140544,114752,997568,0,1280,459968,0,0,0,0,0,0,0,0,0,0,0,0,0,0,495616,128,589,1404,3272558677,2597303990,988032,0
227,1676864,0,0,0,8960,21824,624064,930048,91968,60544,1611776,0,1280,618880,0,0,0,0,0,0,0,0,0,0,0,24768,0,0,929920,128,610,1444,187646141,3217223467,1589952,0
228,1677248,0,0,0,5696,9792,481920,626752,553088,527104,1145408,0,1216,476608,0,0,0,0,0,0,0,0,0,0,0,0,0,0,626624,128,606,1418,2147169929,2747306246,1135616,0
229,1677056,0,0,0,7552,10176,471040,609920,578368,552640,1119808,0,1216,465856,0,0,0,0,0,0,0,0,0,0,0,0,0,0,609792,128,602,1422,657793401,2299998517,1109632,0
230,1677056,0,0,0,7872,9920,500096,630144,529024,503104,1169088,0,1280,494912,0,0,0,0,0,0,0,0,0,0,0,0,0,0,630016,128,600,1427,2146595182,2899830744,1159168,0
231,1116672,0,0,0,6784,9856,469312,548672,82048,56128,1055872,0,1280,464128,0,0,0,0,0,0,0,0,0,0,0,0,0,0,548544,128,611,1445,175602933,3889372760,1046016,0
232,1116864,0,0,0,6592,10304,443136,518208,138624,112640,999040,0,1216,437824,0,0,0,0,0,0,0,0,0,0,0,0,0,0,518080,128,599,1394,174053455,3800506926,988736,0
233,1116480,0,0,0,5632,9728,429952,522496,148672,123392,988544,0,1280,424640,0,0,0,0,0,0,0,0,0,0,0,0,0,0,522368,128,595,1388,1583358278,2893203245,978816,0
234,1676992,0,0,0,4288,9664,507520,574016,581504,554944,1117568,0,1280,502400,0,0,0,0,0,0,0,0,0,0,0,0,0,0,573888,128,587,1400,1003804138,3048566031,1107904,0
235,1677568,0,0,0,6592,10240,540928,566080,553728,527616,1144832,0,1280,535616,0,0,0,0,0,0,0,0,0,0,0,0,0,0,565952,128,596,1404,1240942714,674953262,1134592,0
236,1677184,0,0,0,6208,9984,563328,536256,561408,535040,1137536,0,1344,558016,0,0,0,0,0,0,0,0,0,0,0,0,0,0,536128,128,593,1382,1870319645,2103416702,1127552,0
237,1116736,0,0,0,4160,10816,427136,517696,156928,130624,981568,0,1280,422016,0,0,0,0,0,0,0,0,0,0,0,0,0,0,517568,128,571,1354,3860125380,3186805179,970752,0
238,1116416,0,0,0,4160,9856,456512,553408,92480,60800,1051072,0,1280,451200,0,0,0,0,0,0,0,0,0,0,0,0,0,0,553280,128,584,1398,2106729702,2869071131,1041216,0
239,1116736,0,0,0,4096,9856,506880,545728,50176,23872,1088320,0,1344,501696,0,0,0,0,0,0,0,0,0,0,0,0,0,0,545600,128,598,1417,4270853263,4123831879,1078464,0
240,1116864,0,0,0,4224,9792,445504,510528,146816,120512,991808,0,1408,440320,0,0,0,0,0,0,0,0,0,0,0,0,0,0,510400,128,604,1395,3292644920,1564152872,982016,0
241,1116992,0,0,0,7360,10176,539584,514304,45568,19200,1092992,0,1280,534272,0,0,0,0,0,0,0,0,0,0,0,0,0,0,514176,128,587,1386,442390989,853562449,1082816,0
242,1117120,0,0,0,5568,9856,469888,532864,98944,72256,1040256,0,1216,464576,0,0,0,0,0,0,0,0,0,0,0,0,0,0,532736,128,595,1412,252487488,1851711933,1030400,0
243,1676928,0,0,0,9984,9920,599808,556800,500416,473920,1198272,0,1280,594688,0,0,0,0,0,0,0,0,0,0,0,0,0,0,556672,128,583,1394,3625929637,1842454611,1188352,0
244,1116800,0,0,0,5568,9920,523904,507840,69568,42816,1069312,0,1344,518528,0,0,0,0,0,0,0,0,0,0,0,0,0,0,507712,128,589,1378,1699738401,1582490687,1059392,0
245,1116864,0,0,0,7232,9920,522688,499392,77632,50880,1061376,0,1216,517504,0,0,0,0,0,0,0,0,0,0,0,0,0,0,499264,128,590,1382,613229219,1201985017,1051456,0
246,1676992,0,0,0,7552,9984,558848,525952,574656,547904,1124416,0,1280,553664,0,0,0,0,0,0,0,0,0,0,0,0,0,0,525824,128,610,1446,2827749551,2434737866,1114432,0
247,1116864,0,0,0,6656,9920,536704,522112,41472,14784,1097344,0,1344,530880,0,0,0,0,0,0,0,0,0,0,0,0,0,0,521920,192,590,1383,2255334077,3276185454,1087424,0
248,1676800,0,0,0,6848,10432,525760,554240,579520,552192,1119936,0,1280,520512,0,0,0,0,0,0,0,0,0,0,0,0,0,0,554112,128,596,1381,1975827149,1842016814,1109504,0
249,1117120,0,0,0,7104,10048,498240,493248,108480,81408,1030848,0,1344,492864,0,0,0,0,0,0,0,0,0,0,0,0,0,0,493120,128,597,1375,2377214640,4133422449,1020800,0
250,1676864,0,0,0,5440,9792,628032,535424,498176,471296,1201024,0,1280,622848,0,0,0,0,0,0,0,0,0,0,0,0,0,0,535296,128,619,1452,798762298,1388154985,1191232,0
251,1116736,0,0,0,4032,11008,499136,517440,85120,57664,1054528,0,1216,494016,0,0,0,0,0,0,0,0,0,0,0,0,0,0,517312,128,607,1442,238589712,1823650624,1043520,0
252,1116928,0,0,0,4032,9856,501824,492800,108416,80832,1031552,0,1280,496640,0,0,0,0,0,0,0,0,0,0,0,0,0,0,492672,128,581,1368,2567844563,839393957,1021696,0
253,1116736,0,0,0,4032,9792,492160,491648,119104,91584,1020544,0,1280,486848,0,0,0,0,0,0,0,0,0,0,0,0,0,0,491520,128,577,1358,3462680866,299902253,1010752,0
254,1676736,0,0,0,3968,9856,622848,519040,521024,484544,1187648,0,1344,617472,0,0,0,0,0,0,0,0,0,0,0,0,0,0,518912,128,595,1408,3757458032,373829504,1177792,0
255,1116992,0,0,0,6336,9792,502720,518720,79424,51328,1060992,0,1280,497472,0,0,0,0,0,0,0,0,0,0,0,0,0,0,518592,128,604,1431,2156983182,3359947764,1051200,0
256,1116672,0,0,0,6592,9856,502400,492800,105024,77312,1034752,0,1216,497088,0,0,0,0,0,0,0,0,0,0,0,0,0,0,492672,128,584,1382,400463974,513342339,1024896,0
257,1116864,0,0,0,4160,21888,481152,483648,126016,104576,1007808,0,1152,475968,0,0,0,0,0,0,0,0,0,0,0,0,0,0,483520,128,550,1285,4114212061,2187017251,985920,0
258,1116864,0,0,0,4032,9792,507648,497408,97984,76736,1035584,0,1280,502272,0,0,0,0,0,0,0,0,0,0,0,0,0,0,497280,128,551,1316,836714199,2130511243,1025792,0
259,1116736,0,0,0,4096,9792,525440,494720,82688,61120,1051072,0,1280,520192,0,0,0,0,0,0,0,0,0,0,0,0,0,0,494592,128,542,1300,3171299664,3656774134,1041280,0
260,1116800,0,0,0,4224,9792,566912,475712,60160,38976,1073280,0,1344,561728,0,0,0,0,0,0,0,0,0,0,0,0,0,0,475584,128,532,1267,1424181869,532470522,1063488,0
261,1117184,0,0,0,4928,9728,467200,474496,160832,138816,973824,0,1152,461952,0,0,0,0,0,0,0,0,0,0,0,0,0,0,474368,128,504,1207,641336930,1408333553,964096,0
262,1116480,0,0,0,4096,9664,516288,499008,87424,65536,1046400,0,1280,510976,0,0,0,0,0,0,0,0,0,0,0,0,0,0,498880,128,496,1172,2745946386,1723135997,1036736,0
263,1116864,0,0,0,3968,9920,454848,478848,169280,147776,964480,0,1216,449664,0,0,0,0,0,0,0,0,0,0,0,0,0,0,478720,128,499,1174,2652817469,4276977027,954560,0
264,1116544,0,0,0,9088,9856,522368,452480,122752,100928,1011072,0,1216,517120,0,0,0,0,0,0,0,0,0,0,0,0,0,0,452352,128,479,1117,2351989891,51012527,1001216,0
265,1116608,0,0,0,4224,9792,550720,451584,100288,78912,1033152,0,1344,545472,0,0,0,0,0,0,0,0,0,0,0,0,0,0,451456,128,471,1111,1101203522,2080074694,1023360,0
266,1116864,0,0,0,4096,10944,479872,473280,148672,127104,985152,0,1280,474496,0,0,0,0,0,0,0,0,0,0,0,0,0,0,473152,128,488,1161,1380830450,127367913,974208,0
267,1116736,0,0,0,4160,9664,452800,475072,175040,153472,958720,0,1280,447616,0,0,0,0,0,0,0,0,0,0,0,0,0,0,474944,128,488,1166,2495020514,3728789103,949056,0
268,1116800,0,0,0,4224,9600,506944,448960,147072,125504,986752,0,1280,501632,0,0,0,0,0,0,0,0,0,0,0,0,0,0,448832,128,476,1118,2572756083,107277372,977152,0
269,1677056,0,0,0,14720,22976,747456,563392,328512,307008,1365376,0,1280,742272,0,0,0,0,0,0,0,0,0,0,0,0,0,0,563264,128,472,1110,995084193,791431504,1342400,0
270,1676992,0,0,0,7104,22720,512960,549824,584384,556608,1116096,0,1408,507712,0,0,0,0,0,0,0,0,0,0,0,0,0,0,549696,128,510,1220,2878589522,3583269300,1093376,0
271,1676992,0,0,0,5888,22144,575552,581888,491520,470080,1202944,0,1344,570368,0,0,0,0,0,0,0,0,0,0,0,0,0,0,581760,128,515,1251,2053882428,1573593729,1180800,0
272,1677824,0,0,0,14656,22464,631616,560384,448704,426944,1246720,0,1280,626368,0,0,0,0,0,0,0,0,0,0,0,0,0,0,560256,128,496,1208,2666330070,4264593574,1224256,0
273,1116416,0,0,0,6336,22464,474048,554304,59264,37696,1074624,0,1280,468544,0,0,0,0,0,0,0,0,0,0,0,0,0,0,554240,64,493,1198,2825809687,926152332,1052160,0
274,1117312,0,0,0,4480,22208,477632,562944,50048,28416,1084800,0,1344,472320,0,0,0,0,0,0,0,0,0,0,0,0,0,0,562816,128,498,1225,2011858653,1983154972,1062592,0
275,1116288,0,0,0,4544,22272,459712,560576,69184,47808,1064448,0,1280,454400,0,0,0,0,0,0,0,0,0,0,0,0,0,0,560448,128,496,1216,1611030031,2388730953,1042176,0
276,1117120,0,0,0,5440,22400,465664,538048,85568,63808,1049344,0,1280,460288,0,0,0,0,0,0,0,0,0,0,0,0,0,0,537920,128,479,1170,1227297231,3558370356,1026944,0
277,1116800,0,0,0,6464,22272,470016,541760,76288,54720,1057984,0,1152,464832,0,0,0,0,0,0,0,0,0,0,0,0,0,0,541632,128,487,1195,2343615986,3360457529,1035712,0
278,1116800,0,0,0,6848,22464,444928,541504,101056,79552,1033216,0,1216,439744,0,0,0,0,0,0,0,0,0,0,0,0,0,0,541376,128,487,1196,2226999405,2202867241,1010752,0
279,1116544,0,0,0,6720,23744,474176,540160,71744,50304,1062208,0,1280,468928,0,0,0,0,0,0,0,0,0,0,0,0,0,0,540032,128,483,1185,470121255,2773126783,1038464,0
280,1117056,0,0,0,5632,22208,463360,536256,89600,68096,1044992,0,1344,458176,0,0,0,0,0,0,0,0,0,0,0,0,0,0,536128,128,487,1195,1847712386,133965546,1022784,0
281,1116992,0,0,0,5056,22272,517824,529280,42560,21440,1091520,0,1280,512576,0,0,0,0,0,0,0,0,0,0,0,0,0,0,529152,128,473,1157,2823065621,514576229,1069248,0
282,1117184,0,0,0,4224,22336,464896,530688,95040,73472,1039616,0,1280,459584,0,0,0,0,0,0,0,0,0,0,0,0,0,0,530560,128,486,1182,3029177101,2095590817,1017280,0
283,1116992,0,0,0,4288,22272,430656,527872,131904,109952,1003072,0,1280,425472,0,0,0,0,0,0,0,0,0,0,0,0,0,0,527744,128,495,1192,3353268271,4212628043,980800,0
284,1115968,0,0,0,10688,22592,470336,526976,85376,63808,1047936,0,1344,465024,0,0,0,0,0,0,0,0,0,0,0,0,0,0,526848,128,492,1165,3577651882,3954104671,1025344,0
285,1116864,0,0,0,4288,22208,486016,524736,79616,57984,1054912,0,1280,480768,0,0,0,0,0,0,0,0,0,0,0,0,0,0,524544,192,473,1147,129121692,3008970832,1032704,0
286,1116352,0,0,0,4288,22208,496128,508288,85440,58560,1053760,0,1280,490624,0,0,0,0,0,0,0,0,0,0,0,0,0,0,508160,128,472,1133,777176221,686513829,1031552,0
287,1117376,0,0,0,4224,22080,505152,432512,153408,131456,981824,0,1280,499840,0,0,0,0,0,0,0,0,0,0,0,0,0,0,432384,128,463,1094,3310138344,1850832663,959744,0
288,1116288,0,0,0,4288,22592,467968,432128,189312,167936,944320,0,1280,462848,0,0,0,0,0,0,0,0,0,0,0,0,0,0,432000,128,473,1112,608161490,2831800189,921728,0
289,1116992,0,0,0,6528,22080,469248,428544,190592,168448,944384,0,1280,464000,0,0,0,0,0,0,0,0,0,0,0,0,0,0,428416,128,474,1108,314588371,2540973542,922304,0
290,1116864,0,0,0,6720,22144,563520,429248,95232,73472,1039424,0,1344,558336,0,0,0,0,0,0,0,0,0,0,0,0,0,0,429120,128,472,1109,2082712805,330246783,1017280,0
291,1677696,0,0,0,7104,22592,538112,547712,562176,539904,1133632,0,1216,532800,0,0,0,0,0,0,0,0,0,0,0,0,0,0,547584,128,462,1093,3305169895,926445660,1111040,0
292,1677056,0,0,0,19200,22656,802048,504512,328640,306240,1366656,0,1472,795712,0,0,0,0,0,0,0,0,0,0,0,0,0,0,504384,128,477,1120,1927504687,2091544009,1344000,0
293,1115136,0,0,0,4480,22784,413312,476032,198528,177024,934016,0,1216,408064,0,0,0,0,0,0,0,0,0,0,0,0,0,0,475904,128,478,1114,579778441,3459220951,911232,0
294,1117312,0,0,0,10944,23552,511872,494336,76608,54848,1058304,0,1280,506560,0,0,0,0,0,0,0,0,0,0,0,0,0,0,494208,128,483,1127,1092605403,2115328927,1034752,0
295,1116800,0,0,0,9600,21760,467520,523840,94080,72768,1040448,0,1216,462208,0,0,0,0,0,0,0,0,0,0,0,0,0,0,523712,128,471,1120,4250767088,3809323962,1018688,0
296,1117504,0,0,0,4480,21568,402304,498816,190336,168128,945920,0,1280,397120,0,0,0,0,0,0,0,0,0,0,0,0,0,0,498688,128,478,1133,3182891501,3869285951,924352,0
297,1116352,0,0,0,4544,21504,426944,494336,169024,147072,965760,0,1280,421760,0,0,0,0,0,0,0,0,0,0,0,0,0,0,494208,128,484,1144,2158519219,3714057737,944256,0
298,1116608,0,0,0,4480,21568,369984,506176,214400,192640,920448,0,1408,364800,0,0,0,0,0,0,0,0,0,0,0,0,0,0,506048,128,471,1124,2692590100,2902551876,898880,0
299,1116544,0,0,0,4416,21952,364608,509632,215936,194304,918720,0,1280,359424,0,0,0,0,0,0,0,0,0,0,0,0,0,0,509504,128,463,1127,3507111613,2717875823,896768,0
300,1116800,0,0,0,4544,21888,351168,511680,227520,206016,907264,0,1216,345920,0,0,0,0,0,0,0,0,0,0,0,0,0,0,511552,128,457,1105,3642348664,2711131401,885376,0
301,1116928,0,0,0,9216,20992,443264,517312,126144,104704,1008704,0,1280,438080,0,0,0,0,0,0,0,0,0,0,0,0,0,0,517184,128,446,1060,456038808,179289578,987712,0
302,1116480,0,0,0,6912,8640,329728,509312,261888,234880,877888,0,1280,324416,0,0,0,0,0,0,0,0,0,0,0,0,0,0,509184,128,437,1015,1772516846,847472341,869248,0
303,1115648,0,0,0,7808,8640,380928,479040,239232,219392,892608,0,1280,375744,0,0,0,0,0,0,0,0,0,0,0,0,0,0,478848,192,426,999,3596947011,2488430634,883968,0
304,1116800,0,0,0,7680,8832,335104,472640,292544,272768,840384,0,1280,329856,0,0,0,0,0,0,0,0,0,0,0,0,0,0,472512,128,414,945,2483306845,4057434100,831552,0
305,1116800,0,0,0,7360,8576,358016,473920,268928,249024,864256,0,1280,352896,0,0,0,0,0,0,0,0,0,0,0,0,0,0,473792,128,420,952,1296157007,759139071,855680,0
306,1116800,0,0,0,7616,8768,382912,467648,249856,229888,883328,0,1280,377728,0,0,0,0,0,0,0,0,0,0,0,0,0,0,467520,128,417,946,3232002499,816335045,874560,0
307,1116352,0,0,0,7232,8704,474048,460736,165632,145600,967104,0,1280,468800,0,0,0,0,0,0,0,0,0,0,0,0,0,0,460608,128,400,928,1101266453,886871386,958400,0
308,1116672,0,0,0,5376,8768,474496,455680,172352,152512,960512,0,1280,469120,0,0,0,0,0,0,0,0,0,0,0,0,0,0,455552,128,409,930,3806610317,1622318339,951744,0
309,1116864,0,0,0,8704,9856,517504,484544,96256,76352,1036800,0,1216,512320,0,0,0,0,0,0,0,0,0,0,0,0,0,0,484416,128,401,935,3466218774,641299669,1026944,0
310,1117248,0,0,0,4224,8640,355392,599104,149888,120128,993600,0,1216,350016,0,0,0,0,0,0,0,0,0,0,0,0,0,0,598976,128,390,954,1449508503,3074116396,984960,0
311,1116224,0,0,0,4224,8576,350080,587648,165696,146048,966656,0,1216,344960,0,0,0,0,0,0,0,0,0,0,0,0,0,0,587520,128,379,932,1136994927,852893815,958080,0
312,1117184,0,0,0,4224,8640,445312,500864,158144,138048,975680,0,1280,440128,0,0,0,0,0,0,0,0,0,0,0,0,0,0,500736,128,395,956,610167850,1709486583,967040,0
313,1677248,0,0,0,15552,8448,612544,539776,500928,480768,1192896,0,1280,607296,0,0,0,0,0,0,0,0,0,0,0,0,0,0,539648,128,397,981,2538799301,1120229435,1184448,0
314,1116800,0,0,0,6784,8960,474624,511104,115328,95680,1017280,0,1280,469312,0,0,0,0,0,0,0,0,0,0,0,0,0,0,510912,192,402,993,1074542330,2241008684,1008320,0
315,1116160,0,0,0,5760,8768,478208,487616,135808,115968,996608,0,1280,473216,0,0,0,0,0,0,0,0,0,0,0,0,0,0,487488,128,387,950,1802956635,1401075411,987840,0
316,1116928,0,0,0,4224,8320,508992,519488,75904,55936,1057536,0,1216,503808,0,0,0,0,0,0,0,0,0,0,0,0,0,0,519360,128,406,1024,3550501288,2027194980,1049216,0
317,1116800,0,0,0,4224,20800,470208,553920,67648,47680,1065664,0,1280,465024,0,0,0,0,0,0,0,0,0,0,0,0,0,0,553792,128,511,1325,1260729930,3403368710,1044864,0
318,1116928,0,0,0,6592,8640,404288,520960,176448,149184,964224,0,1216,399104,0,0,0,0,0,0,0,0,0,0,0,0,0,0,520832,128,551,1397,4029959223,4168203331,955584,0
319,1118208,0,0,0,11008,8640,499648,573376,25536,4416,1110272,0,1280,494592,0,0,0,0,0,0,0,0,0,0,0,0,0,0,573248,128,566,1423,1321161338,3561268197,1101632,0
320,1116928,0,0,0,4416,8832,367680,565696,170304,148928,964416,0,1216,362432,0,0,0,0,0,0,0,0,0,0,0,0,0,0,565568,128,594,1470,1876827638,486756329,955584,0
321,1116864,0,0,0,4416,8576,372928,563008,167936,146624,966784,0,1280,367872,0,0,0,0,0,0,0,0,0,0,0,0,0,0,562880,128,578,1441,4158224599,2112371431,958208,0
322,1116800,0,0,0,4416,8832,402368,555776,145408,123904,989376,0,1280,397248,0,0,0,0,0,0,0,0,0,0,0,0,0,0,555648,128,563,1424,2778496878,1046321596,980544,0
323,1116736,0,0,0,4416,8832,363520,558784,181184,159744,953408,0,1216,358336,0,0,0,0,0,0,0,0,0,0,0,0,0,0,558656,128,573,1437,2532692627,3781714668,944576,0
324,1116928,0,0,0,5312,9984,356480,545920,199232,177344,936064,0,1280,351360,0,0,0,0,0,0,0,0,0,0,0,0,0,0,545792,128,601,1490,3265552550,3623051096,926080,0
325,1116736,0,0,0,4416,8704,365952,519424,218240,196672,916608,0,1280,360832,0,0,0,0,0,0,0,0,0,0,0,0,0,0,519296,128,579,1428,2923055727,3652594314,907904,0
326,1116672,0,0,0,4352,8960,340672,522944,239744,218368,894784,0,1152,335488,0,0,0,0,0,0,0,0,0,0,0,0,0,0,522816,128,563,1398,1170867971,2191302322,885824,0
327,1116864,0,0,0,4416,8768,347264,507136,249280,227840,885504,0,1216,342144,0,0,0,0,0,0,0,0,0,0,0,0,0,0,507008,128,576,1424,2266370748,3814463339,876736,0
328,1117056,0,0,0,4352,8896,331136,503936,268736,245184,868416,0,1280,326016,0,0,0,0,0,0,0,0,0,0,0,0,0,0,503808,128,570,1431,3846850224,4015339234,859520,0
329,1117120,0,0,0,4416,8896,410624,505344,187840,165952,947584,0,1216,405504,0,0,0,0,0,0,0,0,0,0,0,0,0,0,505216,128,587,1450,2853425081,1512689960,938688,0
330,1116352,0,0,0,4352,8832,342720,505792,254656,233024,879808,0,1216,337536,0,0,0,0,0,0,0,0,0,0,0,0,0,0,505664,128,582,1435,173236200,3362484401,870976,0
331,1116864,0,0,0,4416,8960,395264,514624,193600,171968,941440,0,1152,390080,0,0,0,0,0,0,0,0,0,0,0,0,0,0,514496,128,590,1451,2849667154,3134948137,932480,0
332,1116672,0,0,0,4416,8768,333120,513344,257024,235712,877504,0,1152,328000,0,0,0,0,0,0,0,0,0,0,0,0,0,0,513216,128,558,1398,885282892,3353712716,868736,0
333,1117184,0,0,0,4352,8832,347264,514816,241920,220160,893504,0,1216,342080,0,0,0,0,0,0,0,0,0,0,0,0,0,0,514688,128,569,1419,1301571566,1628696256,884672,0
334,1116672,0,0,0,6656,9088,333248,505408,262272,234944,878016,0,1280,328064,0,0,0,0,0,0,0,0,0,0,0,0,0,0,505280,128,579,1429,1384959310,1638516156,868928,0
335,1116608,0,0,0,6656,8960,356416,505216,239360,218048,894912,0,1280,351296,0,0,0,0,0,0,0,0,0,0,0,0,0,0,505088,128,567,1403,523216517,560174572,885952,0
336,1116864,0,0,0,5568,8768,298816,505856,297856,276480,836800,0,1344,293632,0,0,0,0,0,0,0,0,0,0,0,0,0,0,505728,128,591,1445,2057354116,2682079567,828032,0
337,1116800,0,0,0,4224,8832,313536,503616,286592,265280,848000,0,1280,308352,0,0,0,0,0,0,0,0,0,0,0,0,0,0,503488,128,586,1432,3877381701,536639594,839168,0
338,1116992,0,0,0,4224,8640,276736,505984,321408,299840,813696,0,1216,271488,0,0,0,0,0,0,0,0,0,0,0,0,0,0,505856,128,582,1431,1902348739,1124664718,805056,0
339,1116672,0,0,0,7104,9024,297792,505728,297024,275264,837760,0,1280,292544,0,0,0,0,0,0,0,0,0,0,0,0,0,0,505600,128,578,1436,3108784908,2886864315,828736,0
340,1116864,0,0,0,7104,10112,292096,504640,302912,281152,832192,0,1152,286976,0,0,0,0,0,0,0,0,0,0,0,0,0,0,504512,128,579,1431,100171212,256750148,822080,0
341,1116800,0,0,0,5760,8832,313088,507520,281600,260224,852928,0,1216,307712,0,0,0,0,0,0,0,0,0,0,0,0,0,0,507392,128,559,1395,953145936,1247630139,844096,0
342,1116864,0,0,0,4032,8832,280512,504704,318784,297280,816192,0,1216,275392,0,0,0,0,0,0,0,0,0,0,0,0,0,0,504576,128,567,1398,1161640052,20319264,807360,0
343,1117184,0,0,0,3968,9024,511808,454848,137536,115904,997696,0,1280,506688,0,0,0,0,0,0,0,0,0,0,0,0,0,0,454720,128,518,1257,588891582,683166278,988672,0
344,1116864,0,0,0,4032,8704,284480,398016,421632,400000,713280,0,1280,279296,0,0,0,0,0,0,0,0,0,0,0,0,0,0,397888,128,521,1259,969342178,1305934061,704576,0
345,1116096,0,0,0,3968,8576,329216,394496,379840,358464,754112,0,1152,323968,0,0,0,0,0,0,0,0,0,0,0,0,0,0,394368,128,513,1248,2893039156,1536682601,745536,0
346,1116864,0,0,0,3904,8768,316416,392960,394816,373312,740096,0,1216,311296,0,0,0,0,0,0,0,0,0,0,0,0,0,0,392832,128,510,1249,704889733,4107517903,731328,0
347,1116736,0,0,0,4864,21120,332608,397696,360448,339136,774016,0,1152,327488,0,0,0,0,0,0,0,0,0,0,0,0,0,0,397568,128,510,1250,2789259894,195349570,752896,0
348,1116864,0,0,0,4096,9024,298368,402304,403072,381696,731584,0,1280,293248,0,0,0,0,0,0,0,0,0,0,0,0,0,0,402176,128,512,1258,2093578030,803150886,722560,0
349,1116608,0,0,0,3968,8704,324800,386624,392512,371200,741888,0,1152,319808,0,0,0,0,0,0,0,0,0,0,0,0,0,0,386496,128,510,1251,4235501135,1604842885,733184,0
350,1116864,0,0,0,3968,8768,332672,390464,380992,353536,759808,0,1216,327488,0,0,0,0,0,0,0,0,0,0,0,0,0,0,390336,128,511,1251,2932721661,1225795202,751040,0
351,1117312,0,0,0,8448,9024,372160,396032,331648,307776,805888,0,1216,367040,0,0,0,0,0,0,0,0,0,0,0,0,0,0,395904,128,508,1237,2882795298,510739547,796864,0
352,1116608,0,0,0,6464,8960,355840,420800,324544,303104,809856,0,1216,350592,0,0,0,0,0,0,0,0,0,0,0,0,0,0,420672,128,510,1242,955415572,1244331946,800896,0
353,1116864,0,0,0,6464,8960,278464,399104,423872,402304,710912,0,1216,273280,0,0,0,0,0,0,0,0,0,0,0,0,0,0,398976,128,503,1230,2112092716,1194493913,701952,0
354,1116608,0,0,0,5440,8896,297984,428928,375360,353856,759232,0,1280,292672,0,0,0,0,0,0,0,0,0,0,0,0,0,0,428800,128,503,1236,1890447484,1516231412,750336,0
355,1116864,0,0,0,4032,9984,365120,399296,338432,317184,796160,0,1216,360000,0,0,0,0,0,0,0,0,0,0,0,0,0,0,399168,128,513,1241,2069410309,1003305486,786176,0
356,2238208,0,0,0,14720,20928,658944,1203456,340160,318336,1916224,0,1280,653888,0,0,0,0,0,0,0,0,0,0,0,0,0,0,1203328,128,515,1254,565767803,741617437,1895296,0
357,1115968,0,0,0,4160,21376,399552,441600,249280,227392,885120,0,1344,394432,0,0,0,0,0,0,0,0,0,0,0,0,0,0,441472,128,514,1243,2741809626,3144408568,863744,0
358,1116352,0,0,0,4160,20800,314112,407360,369920,348608,764224,0,1280,308992,0,0,0,0,0,0,0,0,0,0,0,0,0,0,407232,128,514,1240,2602484790,3357781991,743424,0
359,1116672,0,0,0,4096,9024,329152,425728,348672,327424,785728,0,1216,323904,0,0,0,0,0,0,0,0,0,0,0,0,0,0,425600,128,517,1251,2947480083,1382499790,776704,0
360,1116928,0,0,0,4160,8896,371904,421440,310528,288896,824576,0,1280,366720,0,0,0,0,0,0,0,0,0,0,0,0,0,0,421312,128,505,1226,1926460552,407028485,815680,0
361,1116864,0,0,0,4160,8832,448320,411072,244480,223360,889984,0,1216,443200,0,0,0,0,0,0,0,0,0,0,0,0,0,0,410944,128,518,1241,843410813,3769794070,881152,0
362,1117248,0,0,0,4096,8960,412736,409792,281664,259648,854080,0,1280,407552,0,0,0,0,0,0,0,0,0,0,0,0,0,0,409728,64,515,1230,936230458,996604239,845120,0
363,1116672,0,0,0,4096,8896,448768,391744,263168,241856,871232,0,1216,443712,0,0,0,0,0,0,0,0,0,0,0,0,0,0,391616,128,519,1239,4145285462,450990157,862336,0
364,1116608,0,0,0,4160,9216,390208,407552,305472,284160,828800,0,1280,384960,0,0,0,0,0,0,0,0,0,0,0,0,0,0,407424,128,523,1235,266805627,320772716,819584,0
365,1116736,0,0,0,4160,8896,398016,384192,321472,300096,813184,0,1216,392768,0,0,0,0,0,0,0,0,0,0,0,0,0,0,384064,128,517,1217,247970629,2698232690,804288,0
366,1116800,0,0,0,4096,8832,382336,363648,357888,330688,782656,0,1280,377216,0,0,0,0,0,0,0,0,0,0,0,0,0,0,363520,128,507,1206,2149765783,2542082103,773824,0
367,1116928,0,0,0,4288,8576,519168,429568,155328,133760,979648,0,1280,514176,0,0,0,0,0,0,0,0,0,0,0,0,0,0,429440,128,504,1214,1514887402,1279010472,971072,0
368,1115392,0,0,0,5440,8576,392384,380800,328192,308032,803904,0,1280,387136,0,0,0,0,0,0,0,0,0,0,0,0,0,0,380672,128,497,1205,1334955325,1608278320,795328,0
369,1116672,0,0,0,4480,9600,437824,386176,278592,258816,854336,0,1280,432576,0,0,0,0,0,0,0,0,0,0,0,0,0,0,386048,128,505,1213,1238619943,2489116950,844736,0
370,1118208,0,0,0,4480,8768,352256,421248,331456,310272,804416,0,1280,347136,0,0,0,0,0,0,0,0,0,0,0,0,0,0,421120,128,514,1238,3697002435,1119274021,795648,0
371,1116864,0,0,0,4480,8960,498240,425984,179200,157696,955648,0,1280,493184,0,0,0,0,0,0,0,0,0,0,0,0,0,0,425856,128,522,1262,551180165,3682282028,946688,0
372,1116736,0,0,0,4544,8896,412096,418304,272896,251584,861696,0,1280,406848,0,0,0,0,0,0,0,0,0,0,0,0,0,0,418176,128,511,1245,1628010709,1405886253,852800,0
373,1116736,0,0,0,4544,8896,498880,423616,180800,159488,953664,0,1216,493760,0,0,0,0,0,0,0,0,0,0,0,0,0,0,423488,128,496,1228,3394208625,2404909548,944768,0
374,1116608,0,0,0,6784,8704,413568,439424,248128,227072,885952,0,1216,408320,0,0,0,0,0,0,0,0,0,0,0,0,0,0,439296,128,463,1154,819252141,1774060632,877248,0
375,1116800,0,0,0,7296,9024,400128,415040,285312,264192,848960,0,1280,394880,0,0,0,0,0,0,0,0,0,0,0,0,0,0,414912,128,461,1142,807506250,1004547960,839936,0
376,1117056,0,0,0,7424,8768,411136,430784,258944,237440,875968,0,1216,405696,0,0,0,0,0,0,0,0,0,0,0,0,0,0,430656,128,469,1163,3228448321,151213789,867200,0
377,1116992,0,0,0,5504,21248,495104,421312,173824,152384,961024,0,1280,489984,0,0,0,0,0,0,0,0,0,0,0,0,0,0,421184,128,440,1101,422152746,547257026,939776,0
378,1116480,0,0,0,4160,8384,399936,417408,286592,265024,848000,0,1216,394752,0,0,0,0,0,0,0,0,0,0,0,0,0,0,417280,128,461,1164,1778078463,1362375555,839616,0
379,1116608,0,0,0,4160,8704,355712,430016,318016,296512,816576,0,1216,350592,0,0,0,0,0,0,0,0,0,0,0,0,0,0,429888,128,495,1239,993702507,1853746429,807872,0
380,1116736,0,0,0,7040,8704,360320,416128,324544,302912,810304,0,1216,355072,0,0,0,0,0,0,0,0,0,0,0,0,0,0,416000,128,496,1228,1962631655,1139726177,801600,0
381,1116800,0,0,0,6912,8704,362432,432768,305984,284480,828800,0,1344,357184,0,0,0,0,0,0,0,0,0,0,0,0,0,0,432640,128,529,1295,1193750118,898687264,820096,0
382,1116608,0,0,0,5504,8640,363840,407680,330944,300800,812288,0,1216,358528,0,0,0,0,0,0,0,0,0,0,0,0,0,0,407552,128,523,1279,250970922,2708673403,803648,0
383,1116736,0,0,0,3968,8512,390016,409408,304832,283648,829632,0,1280,384896,0,0,0,0,0,0,0,0,0,0,0,0,0,0,409280,128,508,1243,683991939,155842193,821120,0
384,1116928,0,0,0,3968,10048,469632,421440,211840,190208,923200,0,1280,464448,0,0,0,0,0,0,0,0,0,0,0,0,0,0,421312,128,514,1246,181100765,519087241,913152,0
385,1117056,0,0,0,3904,8768,556288,444928,103168,81664,1031808,0,1216,551168,0,0,0,0,0,0,0,0,0,0,0,0,0,0,444800,128,511,1253,2957136593,1434499414,1023040,0
386,1117248,0,0,0,3968,8640,492992,417024,194624,172864,940928,0,1280,487872,0,0,0,0,0,0,0,0,0,0,0,0,0,0,416960,64,525,1272,3131590165,120281301,932288,0
387,1676544,0,0,0,11968,8896,623872,458368,573440,551808,1121024,0,1344,618688,0,0,0,0,0,0,0,0,0,0,0,0,0,0,458240,128,556,1354,186344848,3307396656,1112128,0
388,1679872,0,0,0,11520,21376,673536,493504,479936,455552,1220736,0,1344,668288,0,0,0,0,0,0,0,0,0,0,0,0,0,0,493376,128,535,1307,2293671213,330792529,1199360,0
389,1113728,0,0,0,5056,8512,344832,442688,312640,291264,819008,0,1280,339712,0,0,0,0,0,0,0,0,0,0,0,0,0,0,442560,128,539,1312,916845387,914870771,810496,0
390,1116672,0,0,0,4160,20992,355712,425216,310592,289536,823616,0,1280,350528,0,0,0,0,0,0,0,0,0,0,0,0,0,0,425088,128,534,1292,3693571331,2197868429,802624,0
391,1117184,0,0,0,4352,21952,496320,452928,141632,119936,993728,0,1280,490944,0,0,0,0,0,0,0,0,0,0,0,0,0,0,452800,128,527,1284,978242542,70787252,971776,0
392,1116736,0,0,0,5504,9152,321408,437504,343168,321408,791488,0,1280,316224,0,0,0,0,0,0,0,0,0,0,0,0,0,0,437376,128,532,1303,4124805666,3722397971,782336,0
393,1116928,0,0,0,11392,21696,505088,469376,109376,88064,1025280,0,1216,499712,0,0,0,0,0,0,0,0,0,0,0,0,0,0,469248,128,555,1294,971347343,1954341458,1003584,0
394,1117248,0,0,0,4480,22592,534144,441984,114048,92224,1021056,0,1280,528896,0,0,0,0,0,0,0,0,0,0,0,0,0,0,441856,128,572,1346,1508462731,3857258917,998464,0
395,1116224,0,0,0,4480,9024,357824,427968,316928,295808,816960,0,1216,352512,0,0,0,0,0,0,0,0,0,0,0,0,0,0,427840,128,473,1161,1905877559,490269573,807936,0
396,1117056,0,0,0,4416,21888,459456,424064,207232,185984,927488,0,1344,454272,0,0,0,0,0,0,0,0,0,0,0,0,0,0,423936,128,521,1263,1270773168,2782510674,905600,0
397,1677120,0,0,0,4608,22208,665920,447104,537280,515456,1158080,0,1280,660864,0,0,0,0,0,0,0,0,0,0,0,0,0,0,446976,128,523,1271,956677782,2060553789,1135872,0
398,1116672,0,0,0,4544,9920,484608,439488,178112,150976,962240,0,1216,479296,0,0,0,0,0,0,0,0,0,0,0,0,0,0,439360,128,446,1100,2025775328,1769948281,952320,0
399,1116608,0,0,0,4544,21568,481216,436864,172416,151040,962048,0,1280,476160,0,0,0,0,0,0,0,0,0,0,0,0,0,0,436736,128,536,1282,2890252775,1775190541,940480,0
400,1677248,0,0,0,4736,22208,653056,437504,559744,538432,1135296,0,1344,647808,0,0,0,0,0,0,0,0,0,0,0,0,0,0,437376,128,539,1311,2878374397,1677183440,1113088,0
401,1116736,0,0,0,4736,8704,326976,433920,342400,320896,792320,0,1280,321856,0,0,0,0,0,0,0,0,0,0,0,0,0,0,433792,128,494,1205,3701975506,2865162615,783616,0
402,1116736,0,0,0,4800,21568,375744,441600,273024,251840,861312,0,1216,370496,0,0,0,0,0,0,0,0,0,0,0,0,0,0,441472,128,569,1340,428751897,1372975507,839744,0
403,1116544,0,0,0,4864,21824,514240,441728,133888,112640,1000320,0,1152,509184,0,0,0,0,0,0,0,0,0,0,0,0,0,0,441600,128,561,1331,4135639415,3069520763,978496,0
404,1117120,0,0,0,4800,8960,372416,436416,294528,272960,840640,0,1280,367296,0,0,0,0,0,0,0,0,0,0,0,0,0,0,436288,128,553,1321,1360633161,2601086148,831680,0
405,1116672,0,0,0,6976,22016,490560,431680,165440,144128,968768,0,1216,485440,0,0,0,0,0,0,0,0,0,0,0,0,0,0,431552,128,574,1348,37852962,132858512,946752,0
406,1677184,0,0,0,6976,9088,651712,437504,571904,550144,1123264,0,1216,646528,0,0,0,0,0,0,0,0,0,0,0,0,0,0,437376,128,564,1332,886447640,170662799,1114176,0
407,1676608,0,0,0,6016,22016,777280,461952,409344,388224,1284800,0,1344,771968,0,0,0,0,0,0,0,0,0,0,0,0,0,0,461824,128,556,1316,4051193274,2156222041,1262784,0
408,1677824,0,0,0,9536,22208,491712,627584,526784,504768,1169472,0,1344,486464,0,0,0,0,0,0,0,0,0,0,0,0,0,0,627456,128,558,1314,2543324985,1444372685,1147264,0
409,1116096,0,0,0,5824,21568,382144,409984,296576,275008,837632,0,1152,377024,0,0,0,0,0,0,0,0,0,0,0,0,0,0,409856,128,546,1290,1380591302,935259429,816064,0
410,1116992,0,0,0,4992,21376,629440,426816,34368,12672,1100864,0,1280,624128,0,0,0,0,0,0,0,0,0,0,0,0,0,0,426688,128,556,1316,2037865165,1088714674,1079488,0
411,1116608,0,0,0,6208,9856,456960,419392,224192,202944,910080,0,1216,451776,0,0,0,0,0,0,0,0,0,0,0,0,0,0,419264,128,553,1310,3960460054,4117296497,900224,0
412,1116928,0,0,0,7360,21760,411200,411712,264896,243456,869952,0,1216,405888,0,0,0,0,0,0,0,0,0,0,0,0,0,0,411584,128,568,1324,2577324297,2587672540,848192,0
413,1116864,0,0,0,6336,8832,489088,422528,190080,168512,944832,0,1216,483904,0,0,0,0,0,0,0,0,0,0,0,0,0,0,422400,128,554,1300,3439862649,4291168954,936000,0
414,1116608,0,0,0,4864,8768,465280,428352,209344,182272,930752,0,1344,460160,0,0,0,0,0,0,0,0,0,0,0,0,0,0,428224,128,539,1279,1717214782,1958198328,921984,0
415,1117056,0,0,0,4864,8768,515648,428288,159488,137856,975616,0,1216,510400,0,0,0,0,0,0,0,0,0,0,0,0,0,0,428160,128,546,1282,2217911051,3547220079,966848,0
416,1116544,0,0,0,4864,8640,519040,383296,200704,179264,933760,0,1280,513920,0,0,0,0,0,0,0,0,0,0,0,0,0,0,383168,128,552,1285,2306323415,1285715991,925120,0
417,1117824,0,0,0,4928,21888,540032,452736,98240,76096,1038208,0,1216,534976,0,0,0,0,0,0,0,0,0,0,0,0,0,0,452608,128,558,1297,2738443326,491368025,1016320,0
418,1116352,0,0,0,5056,22400,319104,413056,356736,335232,777536,0,1344,313792,0,0,0,0,0,0,0,0,0,0,0,0,0,0,412928,128,548,1266,1554298732,1736558786,755136,0
419,1116288,0,0,0,11008,21568,407936,616960,58816,37440,1075328,0,1216,402688,0,0,0,0,0,0,0,0,0,0,0,0,0,0,616832,128,554,1281,3394941477,3073272008,1053760,0
420,1116800,0,0,0,7360,8704,382656,433856,284224,262400,850688,0,1280,377408,0,0,0,0,0,0,0,0,0,0,0,0,0,0,433728,128,551,1270,1601763478,3561800014,841984,0
421,1117184,0,0,0,7360,8832,497792,443456,159744,138048,975488,0,1280,492608,0,0,0,0,0,0,0,0,0,0,0,0,0,0,443328,128,547,1260,3945790294,1542613201,966656,0
422,1116736,0,0,0,6336,8768,526720,440960,133952,111552,1001536,0,1280,521472,0,0,0,0,0,0,0,0,0,0,0,0,0,0,440832,128,546,1253,1770898674,203687180,992768,0
423,1116416,0,0,0,7296,8896,526656,426944,146624,124544,988160,0,1280,521408,0,0,0,0,0,0,0,0,0,0,0,0,0,0,426816,128,528,1231,2679004310,3478080589,979264,0
424,1116544,0,0,0,7552,9152,528640,403008,168192,146496,966336,0,1280,523520,0,0,0,0,0,0,0,0,0,0,0,0,0,0,402880,128,518,1194,3290804905,916658624,957184,0
425,1116864,0,0,0,7872,9088,563072,414720,122112,100864,1012288,0,1280,557824,0,0,0,0,0,0,0,0,0,0,0,0,0,0,414592,128,541,1241,4095702483,509424887,1003200,0
426,1116736,0,0,0,7616,10048,515008,394304,189760,168320,944832,0,1280,509888,0,0,0,0,0,0,0,0,0,0,0,0,0,0,394176,128,530,1212,1506409561,1428706665,934784,0
427,1117184,0,0,0,6976,9088,519744,414016,167360,145664,967808,0,1216,514688,0,0,0,0,0,0,0,0,0,0,0,0,0,0,413888,128,545,1261,1639554293,1991746542,958720,0
428,1116672,0,0,0,6144,8832,549568,408128,144000,122496,990592,0,1280,544256,0,0,0,0,0,0,0,0,0,0,0,0,0,0,408000,128,538,1252,4182866486,2037893171,981760,0
429,1116736,0,0,0,7552,9024,546944,455936,97280,75776,1037440,0,1280,541888,0,0,0,0,0,0,0,0,0,0,0,0,0,0,455808,128,560,1298,3836652133,673774793,1028416,0
430,1117376,0,0,0,7552,8960,421824,426880,252160,224448,889344,0,1216,416448,0,0,0,0,0,0,0,0,0,0,0,0,0,0,426752,128,559,1282,642066802,167455398,880384,0
431,1116160,0,0,0,7104,9024,435264,450880,213888,192448,920064,0,1216,430080,0,0,0,0,0,0,0,0,0,0,0,0,0,0,450752,128,557,1307,2940918426,3694806586,911040,0
432,1116864,0,0,0,4480,8704,457664,424896,221120,199168,914176,0,1216,452544,0,0,0,0,0,0,0,0,0,0,0,0,0,0,424768,128,552,1286,1012933777,3939947016,905472,0
433,1116800,0,0,0,6784,8576,416960,451456,233024,211712,901504,0,1216,411776,0,0,0,0,0,0,0,0,0,0,0,0,0,0,451328,128,555,1297,957135728,1490534842,892928,0
434,1116800,0,0,0,6720,8768,464704,427072,209536,188096,925120,0,1280,459456,0,0,0,0,0,0,0,0,0,0,0,0,0,0,426944,128,551,1283,267440467,2600107668,916352,0
435,1116736,0,0,0,5696,8960,435712,450624,215744,194496,918656,0,1280,430528,0,0,0,0,0,0,0,0,0,0,0,0,0,0,450496,128,576,1335,1310020600,830962032,909696,0
436,1117312,0,0,0,10752,9088,480896,443008,173568,150144,963520,0,1280,475712,0,0,0,0,0,0,0,0,0,0,0,0,0,0,442880,128,558,1307,3743128863,3131928085,954432,0
437,1116544,0,0,0,8256,21504,426112,456000,204672,182976,930048,0,1280,421056,0,0,0,0,0,0,0,0,0,0,0,0,0,0,455872,128,574,1340,1557602973,2553710468,908544,0
438,1116672,0,0,0,8640,8640,355776,431168,312448,290624,822528,0,1216,350592,0,0,0,0,0,0,0,0,0,0,0,0,0,0,431040,128,562,1298,257130948,615480041,813888,0
439,1116800,0,0,0,5376,8768,409664,463104,229888,208192,905088,0,1216,404480,0,0,0,0,0,0,0,0,0,0,0,0,0,0,462976,128,572,1326,1241735958,2565576225,896320,0
440,1117056,0,0,0,4032,8960,349184,454720,300160,278400,835136,0,1280,344000,0,0,0,0,0,0,0,0,0,0,0,0,0,0,454592,128,572,1328,139419851,872146344,826176,0
441,1116800,0,0,0,6400,8768,355328,455360,290944,269120,844160,0,1344,350144,0,0,0,0,0,0,0,0,0,0,0,0,0,0,455232,128,572,1335,4059875739,208592044,835392,0
442,1117376,0,0,0,6400,10112,443392,489216,168256,146432,967296,0,1216,438208,0,0,0,0,0,0,0,0,0,0,0,0,0,0,489088,128,575,1330,3596535156,3720797903,957184,0
443,1116416,0,0,0,8384,8960,526976,472128,99968,77888,1034816,0,1216,521728,0,0,0,0,0,0,0,0,0,0,0,0,0,0,472000,128,576,1336,1765254783,3687039454,1025856,0
444,1117440,0,0,0,9024,9024,439040,456640,203712,181696,932096,0,1216,433984,0,0,0,0,0,0,0,0,0,0,0,0,0,0,456512,128,575,1336,551967630,3550747021,923072,0
445,1115968,0,0,0,6336,8704,363136,448064,289728,268160,844352,0,1216,357952,0,0,0,0,0,0,0,0,0,0,0,0,0,0,447936,128,572,1336,2861592768,2408745911,835648,0
446,2237568,0,0,0,10048,8640,667840,1400640,150400,122816,2111232,0,1152,662656,0,0,0,0,0,0,0,0,0,0,0,0,0,0,1400576,64,562,1323,2240926658,185544585,2102592,0
447,1676608,0,0,0,3904,8704,382144,1248192,33664,12096,1660992,0,1216,376960,0,0,0,0,0,0,0,0,0,0,0,0,0,0,1248064,128,563,1308,533112786,3741571046,1652288,0
448,1117440,0,0,0,3968,8640,363776,510400,230656,208960,904960,0,1280,358656,0,0,0,0,0,0,0,0,0,0,0,0,0,0,510272,128,560,1306,1636172781,3307870401,896320,0
449,1116096,0,0,0,5120,8768,380160,464704,257344,235968,876608,0,1280,374976,0,0,0,0,0,0,0,0,0,0,0,0,0,0,464576,128,561,1299,2822088922,3508251890,867840,0
450,1116800,0,0,0,6848,8704,394240,464832,242176,220800,892544,0,1216,389120,0,0,0,0,0,0,0,0,0,0,0,0,0,0,464704,128,569,1304,1501608647,2752594915,883840,0
451,1116864,0,0,0,6848,8768,494016,514880,92352,70848,1042432,0,1280,488832,0,0,0,0,0,0,0,0,0,0,0,0,0,0,514752,128,573,1320,4203836988,4013600832,1033664,0
452,1117568,0,0,0,5440,8768,382912,411264,309184,287232,826880,0,1280,377664,0,0,0,0,0,0,0,0,0,0,0,0,0,0,411136,128,569,1309,1737762163,1751365869,818112,0
453,1116352,0,0,0,2560,8640,409792,467776,227584,205696,907264,0,1216,404608,0,0,0,0,0,0,0,0,0,0,0,0,0,0,467648,128,560,1297,2171864450,333182852,898624,0
454,1117056,0,0,0,2560,8768,417536,413824,274368,252096,861440,0,1216,412416,0,0,0,0,0,0,0,0,0,0,0,0,0,0,413696,128,563,1294,758408651,207237791,852672,0
455,1116032,0,0,0,10176,8832,428096,512576,156352,130304,981760,0,1280,422912,0,0,0,0,0,0,0,0,0,0,0,0,0,0,512448,128,552,1284,4212422395,2710787304,972928,0
456,1115840,0,0,0,4096,10368,396672,459392,245312,220672,891136,0,1280,391360,0,0,0,0,0,0,0,0,0,0,0,0,0,0,459264,128,546,1267,1957167012,3291017739,880768,0
457,1116480,0,0,0,4096,8896,389120,441408,272960,248640,863936,0,1280,383936,0,0,0,0,0,0,0,0,0,0,0,0,0,0,441280,128,550,1291,2916832307,2158342340,855040,0
458,1116800,0,0,0,4160,9024,401792,440768,261056,236864,875968,0,1280,396608,0,0,0,0,0,0,0,0,0,0,0,0,0,0,440640,128,543,1256,3897772464,3111823371,866944,0
459,1116864,0,0,0,4096,8832,404096,419648,280192,255936,856896,0,1216,398976,0,0,0,0,0,0,0,0,0,0,0,0,0,0,419520,128,533,1244,3662845304,266637718,848064,0
460,1117056,0,0,0,11712,21824,540992,476352,66176,41664,1071360,0,1280,535808,0,0,0,0,0,0,0,0,0,0,0,0,0,0,476224,128,550,1282,3725137190,1882501288,1049536,0
461,1117184,0,0,0,4032,22464,425728,517568,147392,123200,990080,0,1280,420544,0,0,0,0,0,0,0,0,0,0,0,0,0,0,517440,128,559,1299,1608930567,1838576847,967616,0
462,1116224,0,0,0,4096,21952,365760,452416,272000,242048,870272,0,1280,360640,0,0,0,0,0,0,0,0,0,0,0,0,0,0,452288,128,566,1310,217462549,2138395394,848320,0
463,1116992,0,0,0,3968,8960,366592,461440,276032,251456,861632,0,1280,361408,0,0,0,0,0,0,0,0,0,0,0,0,0,0,461312,128,578,1340,2926389185,2536604125,852672,0
464,1677376,0,0,0,14848,9152,600896,549824,502656,477632,1195584,0,1216,595584,0,0,0,0,0,0,0,0,0,0,0,0,0,0,549696,128,581,1362,1801880921,829359662,1186432,0
465,1677440,0,0,0,10176,9280,584064,584384,489536,464000,1209152,0,1280,578880,0,0,0,0,0,0,0,0,0,0,0,0,0,0,584256,128,577,1358,1982825395,2975809808,1199872,0
466,1115648,0,0,0,4544,9280,553984,518848,28992,4672,1106752,0,1216,548608,0,0,0,0,0,0,0,0,0,0,0,0,0,0,518720,128,563,1322,2850262452,3045578651,1097472,0
467,1116928,0,0,0,5632,22144,513472,492608,83072,58432,1054336,0,1280,508096,0,0,0,0,0,0,0,0,0,0,0,0,0,0,492480,128,555,1295,1663920248,668275056,1032192,0
468,1116864,0,0,0,6848,9088,544640,518784,37504,13120,1099584,0,1280,539328,0,0,0,0,0,0,0,0,0,0,0,0,0,0,518656,128,573,1348,3709356392,1663156703,1090496,0
469,1116928,0,0,0,5760,9216,523456,498752,79744,55232,1057472,0,1216,518144,0,0,0,0,0,0,0,0,0,0,0,0,0,0,498624,128,567,1336,522815554,3631208579,1048256,0
470,1676992,0,0,0,4480,10432,638592,474688,548800,524672,1148032,0,1280,633344,0,0,0,0,0,0,0,0,0,0,0,0,0,0,474560,128,551,1284,3281671939,2291881832,1137600,0
471,1676992,0,0,0,6656,9536,627776,475200,557824,533376,1139200,0,1344,622528,0,0,0,0,0,0,0,0,0,0,0,0,0,0,475072,128,547,1276,2884502359,1303821374,1129664,0
472,1677568,0,0,0,12736,22400,893952,538304,210176,185216,1488064,0,1280,888640,0,0,0,0,0,0,0,0,0,0,0,0,0,0,538176,128,585,1350,3634988568,3149848236,1465664,0
473,1676352,0,0,0,6784,23296,641920,528320,476032,451392,1220480,0,1280,636672,0,0,0,0,0,0,0,0,0,0,0,0,0,0,528192,128,585,1355,846576428,4227847737,1197184,0
474,1676928,0,0,0,5760,22592,625088,487232,536256,512192,1160512,0,1280,619840,0,0,0,0,0,0,0,0,0,0,0,0,0,0,487104,128,567,1304,4283811969,3075787969,1137920,0
475,1116544,0,0,0,8896,9344,585088,486080,27136,2816,1109376,0,1280,579904,0,0,0,0,0,0,0,0,0,0,0,0,0,0,485952,128,561,1289,3839312531,3554186905,1100032,0
476,1116800,0,0,0,5696,8896,441728,502464,158016,133888,978880,0,1280,436352,0,0,0,0,0,0,0,0,0,0,0,0,0,0,502336,128,579,1348,2071215422,1546999833,969984,0
477,1117248,0,0,0,7232,9088,463296,489856,147776,122560,990528,0,1216,458112,0,0,0,0,0,0,0,0,0,0,0,0,0,0,489728,128,576,1350,1355810530,2234498419,981440,0
478,1116224,0,0,0,8448,9344,451392,465216,181824,151872,959872,0,1280,446080,0,0,0,0,0,0,0,0,0,0,0,0,0,0,465088,128,548,1281,3489429153,3554184646,950528,0
479,1116672,0,0,0,5504,9152,399808,462208,240000,215680,896832,0,1152,394560,0,0,0,0,0,0,0,0,0,0,0,0,0,0,462080,128,548,1280,763799811,1782233066,887680,0
480,1116864,0,0,0,4096,9088,415424,493568,194688,170432,942336,0,1216,410176,0,0,0,0,0,0,0,0,0,0,0,0,0,0,493440,128,569,1329,2580204468,691350094,933248,0
481,1116800,0,0,0,5248,9280,447104,533440,121728,96832,1015808,0,1280,441856,0,0,0,0,0,0,0,0,0,0,0,0,0,0,533248,192,564,1313,216199405,2742822199,1006528,0
482,1116800,0,0,0,6336,9216,409984,451392,239872,215744,896768,0,1280,404672,0,0,0,0,0,0,0,0,0,0,0,0,0,0,451264,128,547,1259,1568567031,4148696547,887552,0
483,1116864,0,0,0,5376,10368,436544,469760,194816,170496,942080,0,1280,431360,0,0,0,0,0,0,0,0,0,0,0,0,0,0,469632,128,547,1257,3003268905,842131855,931712,0
484,1116672,0,0,0,3968,9216,433664,512832,156992,132416,980096,0,1216,428480,0,0,0,0,0,0,0,0,0,0,0,0,0,0,512768,64,562,1306,3730348682,3875878593,970880,0
485,1116800,0,0,0,3968,9088,428800,476416,198528,174272,938432,0,1280,423360,0,0,0,0,0,0,0,0,0,0,0,0,0,0,476288,128,561,1303,3644162430,18829286,929344,0
486,1117056,0,0,0,3968,9152,422016,451584,230336,206016,906816,0,1216,416768,0,0,0,0,0,0,0,0,0,0,0,0,0,0,451456,128,545,1255,2470424201,3469472280,897664,0
487,1116800,0,0,0,4096,9024,390080,449856,263744,239424,873280,0,1280,384896,0,0,0,0,0,0,0,0,0,0,0,0,0,0,449728,128,542,1248,2825226574,921877678,864256,0
488,1116736,0,0,0,4032,9088,455744,477632,170240,145984,966592,0,1280,450432,0,0,0,0,0,0,0,0,0,0,0,0,0,0,477504,128,561,1303,4241972627,460619133,957504,0
489,1116608,0,0,0,3968,9088,423808,476992,202752,178496,933952,0,1216,418560,0,0,0,0,0,0,0,0,0,0,0,0,0,0,476864,128,561,1303,814190424,2558769746,924864,0
490,1117248,0,0,0,4032,9216,406080,451776,246144,221696,891456,0,1280,400768,0,0,0,0,0,0,0,0,0,0,0,0,0,0,451648,128,547,1262,3546041789,2215260150,882240,0
491,1116544,0,0,0,4032,9216,398784,453376,251136,227008,885312,0,1216,393536,0,0,0,0,0,0,0,0,0,0,0,0,0,0,453248,128,549,1268,3977190232,4194039682,876096,0
492,1116992,0,0,0,12928,9152,437312,476096,181504,151360,961472,0,1216,432128,0,0,0,0,0,0,0,0,0,0,0,0,0,0,475968,128,564,1317,4099636906,2817552693,952320,0
493,1116672,0,0,0,8192,9600,387968,463232,247680,223552,888704,0,1280,382976,0,0,0,0,0,0,0,0,0,0,0,0,0,0,463104,128,562,1313,1083264269,4004489820,879104,0
494,1117760,0,0,0,5312,9152,508608,434176,160512,129984,983744,0,1280,503360,0,0,0,0,0,0,0,0,0,0,0,0,0,0,434048,128,556,1284,3537510178,2866931794,974592,0
495,1115776,0,0,0,3968,8960,360640,419648,322560,298176,813696,0,1280,355392,0,0,0,0,0,0,0,0,0,0,0,0,0,0,419520,128,553,1282,3467567760,1846674071,804736,0
496,1116864,0,0,0,3968,8832,371072,432000,300992,276672,836288,0,1216,365888,0,0,0,0,0,0,0,0,0,0,0,0,0,0,431872,128,551,1282,1752485303,2976583936,827456,0
497,1117440,0,0,0,4416,22528,533312,424768,132416,107456,1006080,0,1152,528064,0,0,0,0,0,0,0,0,0,0,0,0,0,0,424640,128,548,1282,965473218,2851164884,983552,0
498,1116608,0,0,0,3968,8960,352256,380352,371072,346304,766336,0,1280,347136,0,0,0,0,0,0,0,0,0,0,0,0,0,0,380224,128,530,1222,3327836403,987869686,757376,0
499,1116288,0,0,0,8640,10176,540864,515840,40768,16448,1095744,0,1280,535552,0,0,0,0,0,0,0,0,0,0,0,0,0,0,515712,128,558,1290,3526002114,30625720,1085568,0
500,1117248,0,0,0,3968,8960,350144,444992,309184,284608,828736,0,1280,344960,0,0,0,0,0,0,0,0,0,0,0,0,0,0,444864,128,542,1254,931091695,2943542441,819776,0
501,1116160,0,0,0,4032,8832,341248,445760,316288,292096,820224,0,1216,336064,0,0,0,0,0,0,0,0,0,0,0,0,0,0,445632,128,537,1257,192467951,87311942,811392,0
502,1116928,0,0,0,4032,9024,417664,470976,215232,190912,922048,0,1280,412416,0,0,0,0,0,0,0,0,0,0,0,0,0,0,470848,128,528,1234,380805192,3492066864,913024,0
503,1677440,0,0,0,4224,8896,464704,923520,276096,251776,1421696,0,1280,459456,0,0,0,0,0,0,0,0,0,0,0,0,0,0,923392,128,528,1218,1170374375,3043272088,1412800,0
504,1116032,0,0,0,9536,8960,391872,456064,249600,225216,886912,0,1280,386624,0,0,0,0,0,0,0,0,0,0,0,0,0,0,455936,128,548,1264,325148847,3793868130,877952,0
505,1117056,0,0,0,3968,9024,379392,437760,286912,262400,850688,0,1216,374272,0,0,0,0,0,0,0,0,0,0,0,0,0,0,437632,128,527,1214,81052493,3611818280,841664,0
506,1116544,0,0,0,6336,9024,365440,438592,297152,273024,839552,0,1216,360192,0,0,0,0,0,0,0,0,0,0,0,0,0,0,438464,128,532,1238,4038355086,3551106843,830528,0
507,1117504,0,0,0,6272,8960,448192,426624,227456,202816,910656,0,1280,442944,0,0,0,0,0,0,0,0,0,0,0,0,0,0,426496,128,535,1235,3873956497,3906074177,901696,0
508,1116288,0,0,0,5312,9024,362752,424768,314432,290112,822272,0,1280,357568,0,0,0,0,0,0,0,0,0,0,0,0,0,0,424640,128,525,1204,3845090109,3528373681,813248,0
509,1117376,0,0,0,9408,9152,486528,451776,160512,135936,977344,0,1280,481280,0,0,0,0,0,0,0,0,0,0,0,0,0,0,451648,128,526,1232,70249866,2824869494,968192,0
510,1116480,0,0,0,4160,8832,419136,450624,233728,200896,911616,0,1216,413760,0,0,0,0,0,0,0,0,0,0,0,0,0,0,450496,128,530,1248,138291044,3797140618,902784,0
511,1116928,0,0,0,4096,9088,402688,444480,256576,232384,880576,0,1216,397376,0,0,0,0,0,0,0,0,0,0,0,0,0,0,444352,128,507,1204,3003764085,2834966874,871488,0
512,1116992,0,0,0,12288,9088,523392,478080,94144,69632,1043264,0,1280,518080,0,0,0,0,0,0,0,0,0,0,0,0,0,0,477952,128,482,1165,2630983771,369945545,1034176,0
513,1117184,0,0,0,6656,9536,411712,443200,246080,221312,891328,0,1216,406464,0,0,0,0,0,0,0,0,0,0,0,0,0,0,443072,128,472,1131,1894759830,2891611440,881792,0
514,1117888,0,0,0,4928,10496,411904,453696,236864,210816,903040,0,1216,406784,0,0,0,0,0,0,0,0,0,0,0,0,0,0,453632,64,464,1111,1979076532,3076619021,892544,0
515,1116736,0,0,0,4096,9472,487040,586304,29824,3840,1108864,0,1344,481792,0,0,0,0,0,0,0,0,0,0,0,0,0,0,586176,128,481,1147,3957924984,138975168,1099392,0
516,1676608,0,0,0,8896,9856,545600,609600,502656,476800,1195200,0,1344,540288,0,0,0,0,0,0,0,0,0,0,0,0,0,0,609472,128,483,1158,2649966904,2984728340,1185344,0
517,1116672,0,0,0,4288,9856,433216,589248,80064,54336,1057856,0,1344,428032,0,0,0,0,0,0,0,0,0,0,0,0,0,0,589120,128,479,1156,2372614037,3931473439,1048000,0
518,1117056,0,0,0,6656,10048,427264,580480,92608,66624,1045824,0,1280,422016,0,0,0,0,0,0,0,0,0,0,0,0,0,0,580352,128,467,1137,3354942521,4130735360,1035776,0
519,1116608,0,0,0,7168,9728,434048,584000,81664,55744,1056448,0,1280,428800,0,0,0,0,0,0,0,0,0,0,0,0,0,0,583872,128,474,1136,850677444,825652771,1046720,0
520,1116800,0,0,0,7360,10048,417472,500800,181120,154752,957376,0,1280,412288,0,0,0,0,0,0,0,0,0,0,0,0,0,0,500672,128,482,1145,1114420113,3771571892,947328,0
521,1116736,0,0,0,6336,9984,390272,507392,202752,176768,935424,0,1216,385024,0,0,0,0,0,0,0,0,0,0,0,0,0,0,507264,128,477,1130,3446314106,991506226,925440,0
522,1116864,0,0,0,4032,9600,503872,559680,39680,13696,1098816,0,1280,498688,0,0,0,0,0,0,0,0,0,0,0,0,0,0,559552,128,483,1160,3232424167,1581850750,1089216,0
523,1116800,0,0,0,4160,9728,514176,518400,70336,44480,1067904,0,1344,508864,0,0,0,0,0,0,0,0,0,0,0,0,0,0,518272,128,468,1118,1004419154,2470030045,1058176,0
524,1116672,0,0,0,4224,10112,525888,501952,74496,48320,1063808,0,1344,520704,0,0,0,0,0,0,0,0,0,0,0,0,0,0,501888,64,475,1139,2351233486,2466661212,1053696,0
525,1117568,0,0,0,6656,9728,426688,501504,172992,145984,967104,0,1280,421632,0,0,0,0,0,0,0,0,0,0,0,0,0,0,501376,128,484,1155,1452471286,3013052695,957376,0
526,1115904,0,0,0,6976,9792,385600,487424,226112,194368,917056,0,1216,380288,0,0,0,0,0,0,0,0,0,0,0,0,0,0,487296,128,478,1151,1310750850,1409721104,907264,0
527,1116608,0,0,0,6912,23104,443392,483200,160000,134336,977664,0,1280,438080,0,0,0,0,0,0,0,0,0,0,0,0,0,0,483072,128,498,1186,4107659268,2724288966,954560,0
528,1116800,0,0,0,6144,9664,384960,483072,232960,207040,905280,0,1344,379776,0,0,0,0,0,0,0,0,0,0,0,0,0,0,482944,128,490,1178,2190262594,797522213,895616,0
529,1677056,0,0,0,19968,24448,990976,549312,92352,66368,1606016,0,1280,985920,0,0,0,0,0,0,0,0,0,0,0,0,0,0,549184,128,513,1222,1367574474,819334148,1581568,0
530,1117760,0,0,0,4352,23168,470976,463104,156160,129280,983936,0,1216,465792,0,0,0,0,0,0,0,0,0,0,0,0,0,0,462912,192,549,1295,2194335890,1424030604,960768,0
531,1115968,0,0,0,11136,23104,573824,479872,28032,2304,1109120,0,1344,568512,0,0,0,0,0,0,0,0,0,0,0,0,0,0,479744,128,565,1311,1699177237,1754662740,1086016,0
532,1117504,0,0,0,6720,9728,447552,465792,187712,161216,951872,0,1344,442432,0,0,0,0,0,0,0,0,0,0,0,0,0,0,465664,128,567,1342,1267692905,2286735271,942144,0
533,1116032,0,0,0,5632,9280,470272,492800,138048,111680,1000448,0,1280,464960,0,0,0,0,0,0,0,0,0,0,0,0,0,0,492672,128,569,1333,4054590170,3263691989,991168,0
534,1116608,0,0,0,4224,9024,448192,455680,199488,173504,939456,0,1280,442944,0,0,0,0,0,0,0,0,0,0,0,0,0,0,455552,128,575,1336,465511280,2985500594,930432,0
535,1116864,0,0,0,4224,8896,418944,462528,222272,200768,912640,0,1216,413824,0,0,0,0,0,0,0,0,0,0,0,0,0,0,462400,128,584,1350,25086442,2742671260,903744,0
536,1117184,0,0,0,5056,8704,425216,457152,221056,199168,914496,0,1280,420096,0,0,0,0,0,0,0,0,0,0,0,0,0,0,457024,128,581,1350,2323235527,2682486422,905792,0
537,1117120,0,0,0,4224,8896,455488,460288,188224,166400,947200,0,1152,450240,0,0,0,0,0,0,0,0,0,0,0,0,0,0,460160,128,578,1341,1385060083,2605482310,938304,0
538,1116096,0,0,0,4288,8576,413568,447616,242048,221056,891584,0,1216,408384,0,0,0,0,0,0,0,0,0,0,0,0,0,0,447488,128,581,1345,2496950133,569593032,883008,0
539,1116864,0,0,0,4224,8960,429696,456256,217728,196224,917184,0,1216,424576,0,0,0,0,0,0,0,0,0,0,0,0,0,0,456128,128,581,1344,3979660893,1292416604,908224,0
540,1116800,0,0,0,4160,9024,423680,453760,226176,204736,908480,0,1216,418496,0,0,0,0,0,0,0,0,0,0,0,0,0,0,453632,128,578,1333,1010228715,2572594720,899456,0
541,1116672,0,0,0,4224,8832,440832,437632,225152,203712,909440,0,1280,435648,0,0,0,0,0,0,0,0,0,0,0,0,0,0,437504,128,575,1313,1796579557,2276025399,900608,0
542,1116736,0,0,0,4224,8640,428992,441280,233600,206528,906752,0,1280,423936,0,0,0,0,0,0,0,0,0,0,0,0,0,0,441152,128,575,1319,1329342213,2909582936,898112,0
543,1116992,0,0,0,6656,8896,439296,447488,214656,193216,920064,0,1152,433984,0,0,0,0,0,0,0,0,0,0,0,0,0,0,447360,128,568,1310,1238799381,803642809,911168,0
544,1116800,0,0,0,7040,9024,429760,432000,238976,217536,895616,0,1152,424576,0,0,0,0,0,0,0,0,0,0,0,0,0,0,431872,128,579,1326,591016927,43722792,886592,0
545,1116992,0,0,0,5696,9920,549696,435584,116096,94144,1019328,0,1280,544384,0,0,0,0,0,0,0,0,0,0,0,0,0,0,435456,128,575,1310,3896547819,1290499478,1009408,0
546,1116736,0,0,0,3968,8768,415936,429760,258304,236800,876352,0,1216,410624,0,0,0,0,0,0,0,0,0,0,0,0,0,0,429632,128,574,1300,2792850780,1094976681,867584,0
547,1116928,0,0,0,3968,8640,411264,444608,248448,226752,886656,0,1280,406208,0,0,0,0,0,0,0,0,0,0,0,0,0,0,444480,128,569,1291,4177789832,3489197045,878016,0
548,1116608,0,0,0,3968,8704,416576,441344,246016,224576,888448,0,1280,411456,0,0,0,0,0,0,0,0,0,0,0,0,0,0,441216,128,561,1281,1267288208,675312551,879744,0
549,1116608,0,0,0,3968,8832,548672,503424,51712,30528,1082496,0,1280,543488,0,0,0,0,0,0,0,0,0,0,0,0,0,0,503296,128,561,1284,3623791810,1439624022,1073664,0
550,1117504,0,0,0,4160,8832,412800,439488,252224,230528,883520,0,1152,407616,0,0,0,0,0,0,0,0,0,0,0,0,0,0,439360,128,564,1297,3614255426,786967421,874688,0
551,1116096,0,0,0,4096,8768,460416,448384,194432,172672,939968,0,1280,455232,0,0,0,0,0,0,0,0,0,0,0,0,0,0,448256,128,569,1306,3859804902,439299743,931200,0
552,1677568,0,0,0,9216,8896,559296,519552,580608,558528,1115456,0,1280,554112,0,0,0,0,0,0,0,0,0,0,0,0,0,0,519424,128,551,1278,4243525545,2873640689,1106560,0
553,1116160,0,0,0,4288,8576,395520,458176,249600,228288,884288,0,1216,390208,0,0,0,0,0,0,0,0,0,0,0,0,0,0,458048,128,546,1252,2773738108,4114414408,875712,0
554,1116800,0,0,0,4288,8768,420672,459392,223680,202304,911040,0,1216,415616,0,0,0,0,0,0,0,0,0,0,0,0,0,0,459264,128,534,1241,2180685197,2399504508,902272,0
555,1116800,0,0,0,4288,8832,497344,507328,99008,77632,1035712,0,1216,492224,0,0,0,0,0,0,0,0,0,0,0,0,0,0,507200,128,558,1290,28915660,779973300,1026880,0
556,1117120,0,0,0,4352,8704,436992,445312,221760,200128,913536,0,1280,431744,0,0,0,0,0,0,0,0,0,0,0,0,0,0,445184,128,538,1257,299743485,4094750418,904832,0
557,1116608,0,0,0,5184,22016,387072,441728,260608,239296,873792,0,1216,381824,0,0,0,0,0,0,0,0,0,0,0,0,0,0,441600,128,544,1273,2247772344,3712056772,851776,0
558,1116672,0,0,0,5440,8640,440640,417216,244736,217920,895232,0,1216,435456,0,0,0,0,0,0,0,0,0,0,0,0,0,0,417088,128,544,1260,3397815345,315214577,886592,0
559,1115200,0,0,0,6976,8704,374016,410688,314816,295296,816448,0,1280,368832,0,0,0,0,0,0,0,0,0,0,0,0,0,0,410560,128,535,1245,3294211859,1626616786,807744,0
560,1116864,0,0,0,11264,9792,452224,428864,214720,195136,918144,0,1280,446976,0,0,0,0,0,0,0,0,0,0,0,0,0,0,428800,64,549,1265,4194702074,4021982891,908352,0
561,1116864,0,0,0,4096,8640,349440,402880,351808,332032,781248,0,1216,344384,0,0,0,0,0,0,0,0,0,0,0,0,0,0,402752,128,545,1255,3311179618,4042170598,772608,0
562,1116864,0,0,0,4160,8640,388736,404544,310784,290752,822592,0,1216,383552,0,0,0,0,0,0,0,0,0,0,0,0,0,0,404416,128,555,1274,442826223,3045813649,813952,0
563,1116864,0,0,0,4160,8768,367104,397696,339136,319296,794048,0,1216,361920,0,0,0,0,0,0,0,0,0,0,0,0,0,0,397568,128,538,1240,4241572181,1160638321,785280,0
564,1116480,0,0,0,10304,8768,480896,442496,174016,154112,958720,0,1216,475712,0,0,0,0,0,0,0,0,0,0,0,0,0,0,442368,128,541,1259,514569004,2566272824,949952,0
565,1116992,0,0,0,4032,8640,414144,425600,264576,244928,868480,0,1216,408960,0,0,0,0,0,0,0,0,0,0,0,0,0,0,425472,128,542,1252,1324095044,1336266420,859840,0
566,1116608,0,0,0,4352,8576,536000,435840,131840,111616,1001472,0,1216,530880,0,0,0,0,0,0,0,0,0,0,0,0,0,0,435712,128,527,1221,3935425004,687270735,992896,0
567,1116928,0,0,0,5440,8960,494208,425600,182720,163008,950272,0,1280,488896,0,0,0,0,0,0,0,0,0,0,0,0,0,0,425472,128,554,1262,1598221822,4050157727,941312,0
568,1116864,0,0,0,6976,8512,454656,394368,252352,232384,881088,0,1216,449472,0,0,0,0,0,0,0,0,0,0,0,0,0,0,394240,128,558,1272,3679368292,1769357791,872576,0
569,1116736,0,0,0,7232,8768,406848,382912,310976,290944,822016,0,1152,401664,0,0,0,0,0,0,0,0,0,0,0,0,0,0,382784,128,544,1235,3231115301,1868529286,813248,0
570,1116992,0,0,0,5376,8576,503680,388800,210560,190720,922752,0,1280,498560,0,0,0,0,0,0,0,0,0,0,0,0,0,0,388672,128,550,1243,2342936738,985770145,914176,0
571,1116608,0,0,0,3968,8640,539520,419520,144960,125248,987840,0,1664,533952,0,0,0,0,0,0,0,0,0,0,0,0,0,0,419392,128,551,1248,2947691002,2060373911,979200,0
572,1116992,0,0,0,4096,8512,492672,380800,230912,211200,902272,0,1216,487552,0,0,0,0,0,0,0,0,0,0,0,0,0,0,380672,128,541,1234,1875785204,882744254,893760,0
573,1116544,0,0,0,4032,8576,479232,402240,222464,202944,910016,0,1152,473984,0,0,0,0,0,0,0,0,0,0,0,0,0,0,402112,128,537,1246,200818855,2026013899,901440,0
574,1116864,0,0,0,4032,8576,579136,423296,101824,76480,1036864,0,1216,573952,0,0,0,0,0,0,0,0,0,0,0,0,0,0,423168,128,523,1218,1952381118,3285933586,1028288,0
575,1117632,0,0,0,4032,9472,518592,436224,149312,128512,985664,0,1216,513536,0,0,0,0,0,0,0,0,0,0,0,0,0,0,436096,128,520,1200,3407321435,546684930,976192,0
576,1115840,0,0,0,4096,8512,386048,418624,298560,278976,833344,0,1216,381056,0,0,0,0,0,0,0,0,0,0,0,0,0,0,418496,128,534,1224,1775551693,2139540808,824832,0
577,1116672,0,0,0,4096,8448,440960,434944,228224,208512,904640,0,1280,435776,0,0,0,0,0,0,0,0,0,0,0,0,0,0,434816,128,551,1255,2001368018,4074701531,896192,0
578,1116864,0,0,0,6528,8576,411328,423360,267072,247168,866048,0,1216,406144,0,0,0,0,0,0,0,0,0,0,0,0,0,0,423232,128,543,1227,3932668727,888766780,857472,0
579,1116544,0,0,0,6400,8640,498496,445312,157696,136768,976128,0,1152,493248,0,0,0,0,0,0,0,0,0,0,0,0,0,0,445184,128,531,1216,299359343,418779009,967488,0
580,1117056,0,0,0,6144,8512,368768,417152,316480,296640,816832,0,1216,363456,0,0,0,0,0,0,0,0,0,0,0,0,0,0,417024,128,531,1221,2064487660,2188753506,808320,0
581,1677504,0,0,0,3968,8704,521792,891584,251456,231232,1442688,0,1216,516672,0,0,0,0,0,0,0,0,0,0,0,0,0,0,891456,128,532,1243,1888525272,785743625,1433984,0
582,1116224,0,0,0,9728,8576,583808,422080,92032,72256,1040384,0,1216,578688,0,0,0,0,0,0,0,0,0,0,0,0,0,0,421952,128,539,1251,4006225816,905069511,1031808,0
583,1677696,0,0,0,15680,22080,736128,452032,451776,431232,1242816,0,1280,730880,0,0,0,0,0,0,0,0,0,0,0,0,0,0,451904,128,532,1246,2921792092,619006066,1220736,0
584,1115968,0,0,0,4352,22592,441280,413568,234176,214464,897984,0,1280,435904,0,0,0,0,0,0,0,0,0,0,0,0,0,0,413440,128,531,1242,4248856624,4234457813,875392,0
585,1116864,0,0,0,4288,21952,501824,395648,193152,173184,940096,0,1216,496640,0,0,0,0,0,0,0,0,0,0,0,0,0,0,395520,128,530,1236,3007252470,2840346388,918144,0
586,1116992,0,0,0,4288,8448,521792,397184,185280,165248,948160,0,1280,516608,0,0,0,0,0,0,0,0,0,0,0,0,0,0,397056,128,534,1251,42290744,1771443777,939712,0
587,1116736,0,0,0,4288,22208,509824,407616,172800,152960,960256,0,1280,504576,0,0,0,0,0,0,0,0,0,0,0,0,0,0,407488,128,528,1238,925757091,2868156235,938048,0
588,1116800,0,0,0,4288,8448,583424,390400,130240,110400,1002880,0,1280,578368,0,0,0,0,0,0,0,0,0,0,0,0,0,0,390272,128,562,1296,2013727026,3643576750,994432,0
589,1116736,0,0,0,4224,9664,557376,390464,155008,135296,977920,0,1280,552192,0,0,0,0,0,0,0,0,0,0,0,0,0,0,390336,128,543,1233,2793933657,3456298307,968256,0
590,1116672,0,0,0,4416,8768,590464,400768,112256,87040,1026112,0,1216,585216,0,0,0,0,0,0,0,0,0,0,0,0,0,0,400640,128,545,1234,3531973478,4095875135,1017344,0
591,1116608,0,0,0,4416,8768,516800,403840,182784,163328,949696,0,1216,511488,0,0,0,0,0,0,0,0,0,0,0,0,0,0,403712,128,526,1199,2235647678,3161759504,940928,0
592,1117440,0,0,0,4480,8640,459584,382016,262720,242880,870976,0,1280,454400,0,0,0,0,0,0,0,0,0,0,0,0,0,0,381888,128,542,1239,48645645,1641151390,862336,0
593,1116416,0,0,0,4416,8512,395392,374464,333632,313600,799360,0,1280,390144,0,0,0,0,0,0,0,0,0,0,0,0,0,0,374336,128,543,1231,2876155683,3901247079,790848,0
594,1116736,0,0,0,4416,8640,510656,381824,211200,191488,921728,0,1280,505472,0,0,0,0,0,0,0,0,0,0,0,0,0,0,381696,128,534,1211,698730645,2710916784,913088,0
595,1116800,0,0,0,4352,8704,456000,382912,264832,245120,868032,0,1344,450752,0,0,0,0,0,0,0,0,0,0,0,0,0,0,382784,128,547,1241,198942808,665414490,859328,0
596,1116736,0,0,0,4480,8704,435264,385216,283072,263424,849856,0,1280,430144,0,0,0,0,0,0,0,0,0,0,0,0,0,0,385088,128,548,1259,22500388,2552131533,841152,0
597,1678208,0,0,0,14016,23168,602240,476928,561856,540672,1134080,0,1344,596992,0,0,0,0,0,0,0,0,0,0,0,0,0,0,476800,128,517,1210,3328066833,2004284384,1110912,0
598,1115392,0,0,0,6784,23488,371008,388160,325952,306368,805248,0,1216,365696,0,0,0,0,0,0,0,0,0,0,0,0,0,0,388032,128,512,1190,1937678448,4182027622,781760,0
599,1116736,0,0,0,6784,23040,389120,371584,326208,306432,806528,0,1216,384128,0,0,0,0,0,0,0,0,0,0,0,0,0,0,371456,128,522,1203,3418502675,218324352,783488,0
600,1116544,0,0,0,6464,8704,333824,378688,388864,369280,743680,0,1216,328512,0,0,0,0,0,0,0,0,0,0,0,0,0,0,378560,128,530,1228,2418676902,3360254053,734976,0
601,1116992,0,0,0,4288,8512,380800,394048,329344,309504,803968,0,1280,375680,0,0,0,0,0,0,0,0,0,0,0,0,0,0,393920,128,528,1223,4061607869,3781432057,795456,0
602,1116544,0,0,0,4224,8768,390720,394368,318464,298752,814272,0,1216,385472,0,0,0,0,0,0,0,0,0,0,0,0,0,0,394240,128,527,1207,58387781,3956798935,805504,0
603,1116800,0,0,0,4288,8512,384704,406848,312448,292544,820736,0,1280,379584,0,0,0,0,0,0,0,0,0,0,0,0,0,0,406720,128,521,1191,1573857261,3830084733,812224,0
604,1116864,0,0,0,8448,9728,557440,395520,145728,125952,987456,0,1152,552384,0,0,0,0,0,0,0,0,0,0,0,0,0,0,395392,128,521,1196,1006874685,4270353540,977728,0
605,1117056,0,0,0,6656,9088,460160,389312,251840,231872,881280,0,1216,455040,0,0,0,0,0,0,0,0,0,0,0,0,0,0,389184,128,497,1141,1630836169,3964379961,872192,0
606,1117248,0,0,0,6592,8832,446784,430208,224832,199104,914432,0,1152,441728,0,0,0,0,0,0,0,0,0,0,0,0,0,0,430080,128,516,1194,2042580011,2260380689,905600,0
607,1116288,0,0,0,5696,8768,370368,428800,302656,283136,829568,0,1280,365184,0,0,0,0,0,0,0,0,0,0,0,0,0,0,428672,128,519,1212,3391109375,2451987431,820800,0
608,1116736,0,0,0,4224,8704,346176,425728,331904,312128,801088,0,1280,341120,0,0,0,0,0,0,0,0,0,0,0,0,0,0,425600,128,514,1201,1400755691,3430290548,792384,0
609,1116864,0,0,0,4160,8384,353664,421824,328832,309312,804096,0,1280,348544,0,0,0,0,0,0,0,0,0,0,0,0,0,0,421632,192,513,1207,2561170872,1967541133,795712,0
610,1116928,0,0,0,6528,9024,341376,416576,343424,323520,789632,0,1280,336256,0,0,0,0,0,0,0,0,0,0,0,0,0,0,416448,128,514,1222,3073278312,1489158759,780608,0
611,1116736,0,0,0,5568,8704,350464,414720,337280,317696,795456,0,1216,345152,0,0,0,0,0,0,0,0,0,0,0,0,0,0,414592,128,510,1206,2545507487,444181399,786752,0
612,1116736,0,0,0,4096,8384,413440,412480,278336,258752,854528,0,1216,408320,0,0,0,0,0,0,0,0,0,0,0,0,0,0,412352,128,508,1194,2392279456,2960545785,846144,0
613,1117056,0,0,0,4096,8640,352384,399104,352832,332992,780480,0,1280,347328,0,0,0,0,0,0,0,0,0,0,0,0,0,0,398912,192,508,1195,3718169639,4074980663,771840,0
614,1116736,0,0,0,4096,8384,341568,416064,346624,326656,786624,0,1280,336448,0,0,0,0,0,0,0,0,0,0,0,0,0,0,415936,128,506,1198,3126217895,2026331118,778240,0
615,1116864,0,0,0,4096,8576,384640,405184,314368,294592,818752,0,1216,379584,0,0,0,0,0,0,0,0,0,0,0,0,0,0,405056,128,516,1205,2196530336,2026365224,810176,0
616,1117248,0,0,0,4096,8768,402560,386240,315584,295168,818560,0,1280,397568,0,0,0,0,0,0,0,0,0,0,0,0,0,0,386112,128,510,1200,349187371,717861181,809792,0
617,1116160,0,0,0,6784,22528,354688,399104,333056,313216,799360,0,1216,349696,0,0,0,0,0,0,0,0,0,0,0,0,0,0,398976,128,513,1206,1955963293,2385170887,776832,0
618,1117120,0,0,0,6848,8448,323840,406208,371776,351680,761984,0,1280,318656,0,0,0,0,0,0,0,0,0,0,0,0,0,0,406080,128,517,1221,4212733827,3641561875,753536,0
619,1116672,0,0,0,5568,8576,372416,438400,291712,271808,841216,0,1280,367232,0,0,0,0,0,0,0,0,0,0,0,0,0,0,438272,128,507,1197,2648412593,464560081,832640,0
620,1677376,0,0,0,3840,9664,413632,894656,355584,335552,1338432,0,1280,408512,0,0,0,0,0,0,0,0,0,0,0,0,0,0,894528,128,495,1156,2543927187,1476811985,1328768,0
621,1676800,0,0,0,3840,8576,392384,889344,382656,362752,1310464,0,1216,387264,0,0,0,0,0,0,0,0,0,0,0,0,0,0,889216,128,495,1164,2937319181,423817958,1301888,0
622,1116672,0,0,0,10368,8832,476864,399616,220992,195136,917888,0,1280,471616,0,0,0,0,0,0,0,0,0,0,0,0,0,0,399552,64,498,1157,2255391248,2476619464,909056,0
623,1116864,0,0,0,4096,8960,380096,397504,326208,306304,806976,0,1216,374976,0,0,0,0,0,0,0,0,0,0,0,0,0,0,397376,128,482,1115,2890867733,739354895,798016,0
624,1116928,0,0,0,4096,8448,328896,394496,380992,361024,752384,0,1216,323840,0,0,0,0,0,0,0,0,0,0,0,0,0,0,394368,128,481,1116,526625964,3962737844,743936,0
625,1117056,0,0,0,4096,8512,387200,401024,316224,295872,817664,0,1216,382208,0,0,0,0,0,0,0,0,0,0,0,0,0,0,400896,128,482,1105,2177855311,3919300293,809152,0
626,1116416,0,0,0,4096,8832,335360,396800,371328,351360,761536,0,1280,330112,0,0,0,0,0,0,0,0,0,0,0,0,0,0,396672,128,484,1103,3412373279,3816607255,752704,0
627,1116736,0,0,0,4096,8576,352640,400320,351104,331264,781952,0,1216,347392,0,0,0,0,0,0,0,0,0,0,0,0,0,0,400192,128,485,1098,771937641,2550768482,773376,0
628,2237888,0,0,0,9600,23360,799488,950976,454464,434048,1799936,0,1152,794304,0,0,0,0,0,0,0,0,0,0,0,0,0,0,950784,192,489,1123,3988008122,3554261702,1776576,0
629,1115904,0,0,0,4160,8576,378816,467392,256960,237120,875328,0,1280,373568,0,0,0,0,0,0,0,0,0,0,0,0,0,0,467264,128,483,1122,507508251,2036119986,866752,0
630,1116928,0,0,0,6400,22336,344960,454336,288896,269120,844224,0,1280,339648,0,0,0,0,0,0,0,0,0,0,0,0,0,0,454208,128,480,1120,1837024945,4098940553,821888,0
631,1116800,0,0,0,6528,8448,446656,481216,173952,153984,959232,0,1280,441408,0,0,0,0,0,0,0,0,0,0,0,0,0,0,481088,128,475,1106,3607469098,2122235166,950784,0
632,1116544,0,0,0,5120,8512,387008,491840,224064,204288,908736,0,1280,381888,0,0,0,0,0,0,0,0,0,0,0,0,0,0,491712,128,504,1141,1979814808,1945789992,900224,0
633,1116864,0,0,0,6272,9024,362048,461824,277696,257792,855232,0,1280,356864,0,0,0,0,0,0,0,0,0,0,0,0,0,0,461696,128,487,1104,1577679813,2509413360,846208,0
634,1116608,0,0,0,6976,9984,477312,483072,139264,119872,992960,0,1216,472128,0,0,0,0,0,0,0,0,0,0,0,0,0,0,482944,128,489,1106,2880150660,552384012,982976,0
635,1116672,0,0,0,6400,8576,491520,476032,134144,114688,998464,0,1280,486400,0,0,0,0,0,0,0,0,0,0,0,0,0,0,475904,128,475,1091,413586966,3399631138,989888,0
636,1117056,0,0,0,8896,8576,562752,434688,102144,81984,1031424,0,1216,557568,0,0,0,0,0,0,0,0,0,0,0,0,0,0,434560,128,482,1112,1130818452,2950337021,1022848,0
637,1117248,0,0,0,5184,8576,455104,429568,218816,198400,915200,0,1152,449920,0,0,0,0,0,0,0,0,0,0,0,0,0,0,429440,128,473,1091,523545175,1663811617,906624,0
638,1116096,0,0,0,6336,8768,424960,428352,247680,219712,892864,0,1344,419712,0,0,0,0,0,0,0,0,0,0,0,0,0,0,428224,128,475,1099,1337821718,3140627025,884096,0
639,1116864,0,0,0,5312,8832,431104,385664,285952,266176,847168,0,1216,425856,0,0,0,0,0,0,0,0,0,0,0,0,0,0,385536,128,479,1093,3429707969,2833601327,838336,0
640,1117184,0,0,0,3904,8576,484608,407040,213056,191296,922432,0,1216,479552,0,0,0,0,0,0,0,0,0,0,0,0,0,0,406912,128,476,1095,3193255589,1017694719,913856,0
641,1116288,0,0,0,3840,8512,434048,382656,287232,267456,845312,0,1280,428992,0,0,0,0,0,0,0,0,0,0,0,0,0,0,382528,128,474,1094,949517781,129587959,836800,0
642,1116736,0,0,0,3904,8832,428672,423360,251968,232128,881088,0,1216,423616,0,0,0,0,0,0,0,0,0,0,0,0,0,0,423232,128,483,1105,69010819,3495429461,872256,0
643,1116608,0,0,0,4736,8512,425088,383936,294336,274496,838656,0,1216,419904,0,0,0,0,0,0,0,0,0,0,0,0,0,0,383808,128,488,1114,2941964533,4027718033,830144,0
644,1117184,0,0,0,3904,8384,384832,377344,342720,322560,791232,0,1280,379648,0,0,0,0,0,0,0,0,0,0,0,0,0,0,377216,128,493,1113,1634802305,567650721,782848,0
645,1116800,0,0,0,6144,8640,356608,370176,375232,355456,757888,0,1280,351552,0,0,0,0,0,0,0,0,0,0,0,0,0,0,370048,128,495,1112,4180026349,2473726714,749248,0
646,1116800,0,0,0,6208,8448,402624,404032,295488,275328,838016,0,1280,397504,0,0,0,0,0,0,0,0,0,0,0,0,0,0,403904,128,491,1108,2606133975,3273285915,829568,0
647,1116992,0,0,0,8192,22528,469056,468608,148608,128576,984896,0,1216,464064,0,0,0,0,0,0,0,0,0,0,0,0,0,0,468480,128,497,1162,2895052046,2154300658,962368,0
648,1116544,0,0,0,3968,8320,347520,413184,343552,323776,789312,0,1216,342336,0,0,0,0,0,0,0,0,0,0,0,0,0,0,413056,128,493,1146,3265071254,2379978314,780992,0
649,1116672,0,0,0,3904,8704,389120,446528,268416,248448,864704,0,1280,383936,0,0,0,0,0,0,0,0,0,0,0,0,0,0,446400,128,500,1155,1352586228,1032281254,856000,0
650,1116864,0,0,0,3968,9536,364992,411008,327360,307264,806080,0,1280,359744,0,0,0,0,0,0,0,0,0,0,0,0,0,0,410880,128,493,1145,1058464845,374199034,796544,0
651,1116608,0,0,0,3840,8512,340928,403456,359872,340096,772992,0,1280,335936,0,0,0,0,0,0,0,0,0,0,0,0,0,0,403328,128,478,1102,3790184447,759317085,764480,0
652,1116864,0,0,0,6272,8576,400192,404224,297600,278016,835392,0,1280,394880,0,0,0,0,0,0,0,0,0,0,0,0,0,0,404096,128,495,1143,1436444736,1401223448,826816,0
653,1117440,0,0,0,12672,8576,469824,381120,245248,224320,889472,0,1216,464704,0,0,0,0,0,0,0,0,0,0,0,0,0,0,380992,128,491,1142,3707698606,702773243,880896,0
654,1116160,0,0,0,3968,8640,393920,393024,316608,291200,821504,0,1216,388800,0,0,0,0,0,0,0,0,0,0,0,0,0,0,392896,128,497,1152,268149,3717861871,812864,0
655,1116672,0,0,0,3968,8384,333888,390784,379648,359872,753344,0,1216,328832,0,0,0,0,0,0,0,0,0,0,0,0,0,0,390656,128,510,1185,2373664346,39978910,744960,0
656,1116928,0,0,0,4096,8768,346880,389504,367680,347904,765504,0,1216,341696,0,0,0,0,0,0,0,0,0,0,0,0,0,0,389376,128,493,1138,4141027173,3189908507,756736,0
657,1117312,0,0,0,3968,8448,364160,382720,358016,337728,776064,0,1216,359040,0,0,0,0,0,0,0,0,0,0,0,0,0,0,382592,128,506,1145,2625948619,1313902378,767616,0
658,1116096,0,0,0,3968,8512,346368,381120,376128,356608,756032,0,1216,341312,0,0,0,0,0,0,0,0,0,0,0,0,0,0,380992,128,514,1176,4089752311,4002869967,747520,0
659,1677824,0,0,0,16128,22720,740480,433664,464832,444416,1229760,0,1280,735104,0,0,0,0,0,0,0,0,0,0,0,0,0,0,433536,128,510,1174,1270059545,676576453,1207040,0
660,1676928,0,0,0,6656,22720,444352,865664,337536,317312,1355968,0,1408,438976,0,0,0,0,0,0,0,0,0,0,0,0,0,0,865536,128,508,1162,3614517783,1337014774,1333248,0
661,1116096,0,0,0,5632,22592,438400,412544,236928,217408,895168,0,1280,433152,0,0,0,0,0,0,0,0,0,0,0,0,0,0,412416,128,494,1134,3159933995,704815437,872576,0
662,1116992,0,0,0,4160,22528,335104,412096,343104,323456,789952,0,1216,329856,0,0,0,0,0,0,0,0,0,0,0,0,0,0,411968,128,502,1151,2811361820,3091313372,767424,0
663,1116864,0,0,0,8896,8832,457664,460032,181440,161472,951808,0,1216,452608,0,0,0,0,0,0,0,0,0,0,0,0,0,0,459904,128,497,1138,2572520036,2042532376,942976,0
664,1116928,0,0,0,6272,9728,508992,457536,134400,114560,998784,0,1216,503808,0,0,0,0,0,0,0,0,0,0,0,0,0,0,457408,128,508,1169,1218769071,3574428841,989056,0
665,1116672,0,0,0,6528,9088,479424,446208,175424,155648,957312,0,1280,474048,0,0,0,0,0,0,0,0,0,0,0,0,0,0,446080,128,520,1188,1100688235,3282944181,948224,0
666,1116800,0,0,0,5504,8576,489088,438016,175616,155968,957312,0,1216,483840,0,0,0,0,0,0,0,0,0,0,0,0,0,0,437824,192,520,1176,4095541298,1332531992,948736,0
667,1116864,0,0,0,4096,8768,507648,434944,161408,141696,971648,0,1280,502528,0,0,0,0,0,0,0,0,0,0,0,0,0,0,434816,128,521,1180,2392231298,3811204767,962880,0
668,1116800,0,0,0,6336,8832,497984,398400,205248,184832,928384,0,1280,492864,0,0,0,0,0,0,0,0,0,0,0,0,0,0,398272,128,508,1167,3988092297,3915626399,919552,0
669,1117056,0,0,0,6848,8640,451904,425664,224000,203904,909632,0,1216,446656,0,0,0,0,0,0,0,0,0,0,0,0,0,0,425536,128,513,1196,1913467445,4280430279,900992,0
670,1116480,0,0,0,7040,8640,432576,428224,240000,214528,898304,0,1280,427392,0,0,0,0,0,0,0,0,0,0,0,0,0,0,428096,128,525,1226,734321476,419742796,889664,0
671,1116928,0,0,0,5312,8576,425728,426432,250880,231168,882176,0,1280,420544,0,0,0,0,0,0,0,0,0,0,0,0,0,0,426304,128,522,1217,1220178725,353899644,873600,0
672,1116736,0,0,0,3904,8832,479296,425536,199168,179392,933760,0,1216,474240,0,0,0,0,0,0,0,0,0,0,0,0,0,0,425408,128,526,1211,3325302293,65370855,924928,0
673,1116864,0,0,0,3840,8768,437056,425280,241920,221888,891392,0,1280,431872,0,0,0,0,0,0,0,0,0,0,0,0,0,0,425152,128,514,1181,1423721894,735405202,882624,0
674,1116800,0,0,0,3904,8384,445696,410816,248000,227968,885376,0,1216,440640,0,0,0,0,0,0,0,0,0,0,0,0,0,0,410688,128,502,1171,2335643178,1115711981,876992,0
675,1116800,0,0,0,3904,8960,438592,421632,243712,224064,889152,0,1216,433408,0,0,0,0,0,0,0,0,0,0,0,0,0,0,421504,128,524,1199,101679041,3487606942,880192,0
676,1116928,0,0,0,3904,8640,445824,419968,238592,218624,894848,0,1216,440832,0,0,0,0,0,0,0,0,0,0,0,0,0,0,419840,128,517,1193,1910942815,3651766244,886208,0
677,1116800,0,0,0,3904,22016,437952,421248,231680,211840,901440,0,1280,432896,0,0,0,0,0,0,0,0,0,0,0,0,0,0,421120,128,520,1211,1442918957,2180125135,879424,0
678,1116736,0,0,0,3840,8512,427840,411456,265088,245312,867840,0,1280,422720,0,0,0,0,0,0,0,0,0,0,0,0,0,0,411328,128,529,1223,334878386,2992771278,859328,0
679,1117504,0,0,0,3840,8448,457152,418496,229568,209216,904832,0,1152,451840,0,0,0,0,0,0,0,0,0,0,0,0,0,0,418368,128,532,1239,3893186212,2032992159,896384,0
680,1116352,0,0,0,3968,9728,366400,380736,355520,335744,777152,0,1344,361024,0,0,0,0,0,0,0,0,0,0,0,0,0,0,380608,128,520,1221,965540320,3757418821,767424,0
681,1116736,0,0,0,3968,8704,480704,392320,231040,211520,901696,0,1152,475584,0,0,0,0,0,0,0,0,0,0,0,0,0,0,392128,192,523,1227,3331260480,1207039742,892992,0
682,1116672,0,0,0,3968,8576,369344,389312,345472,325632,787584,0,1216,364096,0,0,0,0,0,0,0,0,0,0,0,0,0,0,389184,128,515,1231,1047942090,3029021033,779008,0
683,1116736,0,0,0,3968,8768,408576,389760,305664,286208,827008,0,1216,403328,0,0,0,0,0,0,0,0,0,0,0,0,0,0,389632,128,519,1236,1589645158,3821205641,818240,0
684,1117120,0,0,0,3968,8640,421824,375168,307520,287744,825920,0,1216,416704,0,0,0,0,0,0,0,0,0,0,0,0,0,0,375040,128,519,1223,4278961975,2730909144,817280,0
685,1116608,0,0,0,6144,8512,369792,373056,359104,339264,773888,0,1216,364736,0,0,0,0,0,0,0,0,0,0,0,0,0,0,372928,128,517,1203,2106871716,1370838199,765376,0
686,1116608,0,0,0,10432,8640,386304,371840,339392,314240,798784,0,1216,380096,0,0,0,0,0,0,0,0,0,0,0,0,0,0,371712,128,518,1190,404240047,3605515942,790144,0
687,1116800,0,0,0,4544,8576,387136,382272,334272,314624,798720,0,1280,382016,0,0,0,0,0,0,0,0,0,0,0,0,0,0,382144,128,522,1202,2312135487,1932857638,790144,0
688,1116864,0,0,0,8960,8640,534144,390336,174784,154048,959168,0,1664,528384,0,0,0,0,0,0,0,0,0,0,0,0,0,0,390272,64,525,1211,2479038196,3270773676,950528,0
689,1116480,0,0,0,4544,22592,537728,425088,126528,106688,1006272,0,1280,532480,0,0,0,0,0,0,0,0,0,0,0,0,0,0,424960,128,526,1225,4288451904,3140761221,983680,0
690,1116800,0,0,0,4032,23168,426752,407936,254912,235136,878144,0,1344,421568,0,0,0,0,0,0,0,0,0,0,0,0,0,0,407808,128,522,1219,4034780014,3214151524,854976,0
691,1116992,0,0,0,4032,22720,362624,395392,332224,312512,800896,0,1216,357376,0,0,0,0,0,0,0,0,0,0,0,0,0,0,395264,128,528,1223,3629344895,1472327978,778176,0
692,1116480,0,0,0,4096,8576,371072,400192,332544,312832,800192,0,1280,365952,0,0,0,0,0,0,0,0,0,0,0,0,0,0,400064,128,526,1227,803996847,3760618528,791616,0
693,1116928,0,0,0,3968,8640,474688,443072,186560,166912,946560,0,1280,469440,0,0,0,0,0,0,0,0,0,0,0,0,0,0,442944,128,528,1238,963138679,2535407881,937920,0
694,1116672,0,0,0,4096,8512,423808,409280,270976,251648,861440,0,1280,418560,0,0,0,0,0,0,0,0,0,0,0,0,0,0,409152,128,536,1247,4232904544,726716062,852928,0
695,1116992,0,0,0,4032,9728,428224,407744,267264,247680,865728,0,1344,423104,0,0,0,0,0,0,0,0,0,0,0,0,0,0,407616,128,527,1232,1773702779,1683377099,856000,0
696,1116928,0,0,0,5184,8576,440832,389376,272960,253248,860096,0,1280,435584,0,0,0,0,0,0,0,0,0,0,0,0,0,0,389248,128,532,1212,328175448,173419582,851520,0
697,1677184,0,0,0,6272,8448,433600,836352,392512,372352,1301312,0,1280,428480,0,0,0,0,0,0,0,0,0,0,0,0,0,0,836288,64,528,1209,4140344395,1559740479,1292864,0
698,1116544,0,0,0,8448,8512,405824,389120,304640,284480,828480,0,1216,400640,0,0,0,0,0,0,0,0,0,0,0,0,0,0,388992,128,527,1215,4281863651,287746158,819968,0
699,1116800,0,0,0,4032,8832,405632,403200,295104,275264,838016,0,1280,400512,0,0,0,0,0,0,0,0,0,0,0,0,0,0,403072,128,524,1210,2748565627,3835454638,829184,0
700,1117120,0,0,0,6272,8512,558976,402496,140864,120896,992704,0,1280,553664,0,0,0,0,0,0,0,0,0,0,0,0,0,0,402368,128,528,1230,1278730311,3313792213,984192,0
701,1116224,0,0,0,6272,8768,409920,393344,297920,278208,834432,0,1280,404736,0,0,0,0,0,0,0,0,0,0,0,0,0,0,393216,128,525,1217,916624165,763637003,825664,0
702,1116544,0,0,0,5376,8448,410368,391488,300864,275584,837504,0,1280,405056,0,0,0,0,0,0,0,0,0,0,0,0,0,0,391360,128,514,1196,1646417664,2085913552,829056,0
703,1117248,0,0,0,3904,8512,410368,400000,294464,274688,839040,0,1152,404864,0,0,0,0,0,0,0,0,0,0,0,0,0,0,399872,128,505,1174,128029588,4204509241,830528,0
704,1116544,0,0,0,3968,8704,412032,390144,301696,281984,831104,0,1216,406976,0,0,0,0,0,0,0,0,0,0,0,0,0,0,389952,192,523,1216,2899303919,720613464,822400,0
705,1116992,0,0,0,4032,8576,404992,405504,293888,274176,839296,0,1280,399872,0,0,0,0,0,0,0,0,0,0,0,0,0,0,405376,128,533,1229,1625869662,1202292963,830720,0
706,1116864,0,0,0,6336,8768,404416,401472,295872,276032,837248,0,1216,399168,0,0,0,0,0,0,0,0,0,0,0,0,0,0,401344,128,519,1208,1980101028,3959770825,828480,0
707,1116544,0,0,0,6464,22400,388352,388992,310336,290688,822272,0,1216,383232,0,0,0,0,0,0,0,0,0,0,0,0,0,0,388864,128,525,1221,2384568801,4225733399,799872,0
708,1116800,0,0,0,4736,8448,440256,389056,274304,254784,858560,0,1280,435072,0,0,0,0,0,0,0,0,0,0,0,0,0,0,388928,128,527,1212,660477019,3977063104,850112,0
709,1116992,0,0,0,3840,8640,476032,393536,234944,215232,898304,0,1216,470976,0,0,0,0,0,0,0,0,0,0,0,0,0,0,393408,128,524,1210,2968191062,92524774,889664,0
710,1116864,0,0,0,4032,9792,587840,405888,109312,89600,1023744,0,1152,582592,0,0,0,0,0,0,0,0,0,0,0,0,0,0,405696,192,525,1216,3332676437,3546580892,1013952,0
711,1117056,0,0,0,4032,8640,556608,409856,137920,117952,995584,0,1216,551424,0,0,0,0,0,0,0,0,0,0,0,0,0,0,409728,128,527,1221,3709098877,1884447225,986944,0
712,1116416,0,0,0,6272,8768,396480,394368,310528,290688,822080,0,1280,391296,0,0,0,0,0,0,0,0,0,0,0,0,0,0,394240,128,525,1219,2950720438,2869740533,813312,0
713,1116800,0,0,0,6528,8832,399296,381184,320960,301184,811904,0,1280,393984,0,0,0,0,0,0,0,0,0,0,0,0,0,0,381056,128,527,1221,4199296742,2516289706,803072,0
714,1116736,0,0,0,3904,8576,397184,387392,319680,299904,813248,0,1280,392064,0,0,0,0,0,0,0,0,0,0,0,0,0,0,387264,128,532,1231,1159353448,2850454961,804672,0
715,1116800,0,0,0,6208,8704,416448,395328,290112,270336,842816,0,1280,411136,0,0,0,0,0,0,0,0,0,0,0,0,0,0,395200,128,531,1224,3997978915,3165549337,834112,0
716,1117120,0,0,0,3904,8832,419328,387584,297472,277440,836160,0,1216,414144,0,0,0,0,0,0,0,0,0,0,0,0,0,0,387456,128,537,1241,744207523,2402408051,827328,0
717,1117120,0,0,0,3968,8448,490112,403648,210944,190784,922880,0,1280,484992,0,0,0,0,0,0,0,0,0,0,0,0,0,0,403520,128,531,1231,2042369578,4129198401,914432,0
718,1116096,0,0,0,6144,8768,406528,393280,301376,276224,836288,0,1280,401344,0,0,0,0,0,0,0,0,0,0,0,0,0,0,393152,128,530,1219,1066533425,1807730015,827520,0
719,1116672,0,0,0,6336,8512,382080,380736,339008,319488,793728,0,1344,376896,0,0,0,0,0,0,0,0,0,0,0,0,0,0,380608,128,517,1188,2300096080,2306801859,785216,0
720,1116864,0,0,0,2560,8320,376320,384000,345664,326016,787392,0,1216,371200,0,0,0,0,0,0,0,0,0,0,0,0,0,0,383872,128,530,1229,98875986,277300540,779072,0
721,1116864,0,0,0,4032,8640,533056,424064,147072,126848,986560,0,1280,527808,0,0,0,0,0,0,0,0,0,0,0,0,0,0,423936,128,519,1208,792416466,128344123,977920,0
722,1116992,0,0,0,4160,8832,388864,397696,317440,297920,815488,0,1216,383808,0,0,0,0,0,0,0,0,0,0,0,0,0,0,397568,128,519,1213,595232966,183783624,806656,0
723,1117376,0,0,0,4096,8704,530816,410496,163264,142464,971392,0,1216,525632,0,0,0,0,0,0,0,0,0,0,0,0,0,0,410368,128,518,1222,3970417106,3272139895,962688,0
724,1116416,0,0,0,6400,8512,461504,406400,233600,213504,899392,0,1216,456320,0,0,0,0,0,0,0,0,0,0,0,0,0,0,406272,128,519,1217,3656807489,1358957469,890880,0
725,1116608,0,0,0,6592,8704,456832,396608,247872,228032,884992,0,1152,451712,0,0,0,0,0,0,0,0,0,0,0,0,0,0,396480,128,519,1229,180962029,3064656392,876288,0
726,1677760,0,0,0,19712,9664,823104,464512,360768,339392,1334720,0,1280,817984,0,0,0,0,0,0,0,0,0,0,0,0,0,0,464384,128,537,1274,3714172647,2420269383,1325056,0
727,1115712,0,0,0,7488,8704,456576,468288,174656,155008,957056,0,1280,451264,0,0,0,0,0,0,0,0,0,0,0,0,0,0,468160,128,518,1241,3115517300,4219632685,948352,0
728,1116864,0,0,0,5824,8704,478400,470400,153536,133696,979648,0,1216,473152,0,0,0,0,0,0,0,0,0,0,0,0,0,0,470272,128,526,1252,127402721,2975680041,970944,0
729,1116736,0,0,0,4480,8640,419648,496640,187328,167488,945728,0,1344,414464,0,0,0,0,0,0,0,0,0,0,0,0,0,0,496576,64,540,1281,2514411010,1076748961,937088,0
730,1677440,0,0,0,20608,22912,856192,563328,214400,194304,1479424,0,1280,850944,0,0,0,0,0,0,0,0,0,0,0,0,0,0,563200,128,540,1281,40330564,2645683722,1456512,0
731,1116416,0,0,0,4672,23296,347136,528960,212352,192768,920064,0,1152,341824,0,0,0,0,0,0,0,0,0,0,0,0,0,0,528832,128,534,1262,4038295855,1320560113,896768,0
732,1116928,0,0,0,5632,22720,368512,488512,231552,211776,901504,0,1408,363264,0,0,0,0,0,0,0,0,0,0,0,0,0,0,488384,128,516,1212,4238272193,1274627526,878784,0
733,1116736,0,0,0,6784,8704,383232,500160,217856,198400,914624,0,1216,377920,0,0,0,0,0,0,0,0,0,0,0,0,0,0,500032,128,506,1190,4005140460,726376649,905920,0
734,1117056,0,0,0,4480,8704,455808,523264,124800,99456,1014080,0,1216,450624,0,0,0,0,0,0,0,0,0,0,0,0,0,0,523136,128,520,1211,2346972328,3936454525,1005376,0
735,1116736,0,0,0,4544,8576,439936,519296,144384,124608,988608,0,1280,434752,0,0,0,0,0,0,0,0,0,0,0,0,0,0,519168,128,537,1251,1538171621,2394018070,980032,0
736,1116672,0,0,0,6784,8768,469952,514240,116928,97472,1015424,0,1216,464640,0,0,0,0,0,0,0,0,0,0,0,0,0,0,514112,128,525,1240,1829990507,3943319409,1006656,0
737,1116800,0,0,0,6848,22784,427648,491008,168512,148288,964800,0,1280,422400,0,0,0,0,0,0,0,0,0,0,0,0,0,0,490880,128,524,1220,3994341456,3421717658,942016,0
738,1116736,0,0,0,4288,8384,418048,480832,205184,185408,927872,0,1152,412992,0,0,0,0,0,0,0,0,0,0,0,0,0,0,480704,128,522,1216,2077471181,1986888376,919488,0
739,1116736,0,0,0,4352,8576,485504,449536,168768,149120,964160,0,1280,480384,0,0,0,0,0,0,0,0,0,0,0,0,0,0,449408,128,535,1243,3838298790,3468845282,955584,0
740,1116800,0,0,0,4544,8640,455488,437632,210496,191040,922240,0,1280,450240,0,0,0,0,0,0,0,0,0,0,0,0,0,0,437504,128,531,1216,2510156911,1190709492,913600,0
741,1116864,0,0,0,10048,9856,563008,436800,97152,77184,1035968,0,1280,557760,0,0,0,0,0,0,0,0,0,0,0,0,0,0,436672,128,540,1262,1871874659,258116261,1026112,0
742,1116736,0,0,0,7488,8512,452224,434688,213824,193984,919296,0,1280,446912,0,0,0,0,0,0,0,0,0,0,0,0,0,0,434560,128,528,1239,795257829,2132472330,910784,0
743,1116736,0,0,0,7680,8448,474816,412160,213632,193792,919424,0,1280,469504,0,0,0,0,0,0,0,0,0,0,0,0,0,0,412032,128,544,1263,1645361470,2728741610,910976,0
744,1116736,0,0,0,4416,8576,437952,423296,242496,222976,890240,0,1216,432768,0,0,0,0,0,0,0,0,0,0,0,0,0,0,423168,128,530,1235,1301805741,3738979224,881664,0
745,1117120,0,0,0,8960,8640,524800,457728,116992,96896,1016640,0,1216,519616,0,0,0,0,0,0,0,0,0,0,0,0,0,0,457600,128,501,1170,851810303,479516063,1008000,0
746,1116928,0,0,0,4608,8320,510528,434304,159168,139328,974144,0,1280,505216,0,0,0,0,0,0,0,0,0,0,0,0,0,0,434176,128,513,1198,615132412,722919641,965824,0
747,1116800,0,0,0,4672,8640,497408,441280,164800,144960,968256,0,1216,492096,0,0,0,0,0,0,0,0,0,0,0,0,0,0,441152,128,512,1210,915695632,1186598080,959616,0
748,1116864,0,0,0,6976,8768,421696,437120,242304,222400,890752,0,1280,416512,0,0,0,0,0,0,0,0,0,0,0,0,0,0,436992,128,533,1239,3551627840,3317272243,881984,0
749,1116864,0,0,0,7808,8576,398784,418944,282752,262656,850688,0,1280,393600,0,0,0,0,0,0,0,0,0,0,0,0,0,0,418816,128,543,1257,949458413,3094732689,842112,0
750,1116480,0,0,0,6720,8640,425344,448064,227712,202176,910656,0,1152,420032,0,0,0,0,0,0,0,0,0,0,0,0,0,0,447936,128,532,1239,1289349695,3334679847,902016,0
751,1116800,0,0,0,6656,8640,393280,438784,269440,249408,863744,0,1280,388160,0,0,0,0,0,0,0,0,0,0,0,0,0,0,438656,128,519,1220,1451430027,4135793634,855104,0
752,1116544,0,0,0,7232,8768,440320,436544,223680,203840,909120,0,1280,435200,0,0,0,0,0,0,0,0,0,0,0,0,0,0,436416,128,507,1194,3085059562,975192339,900352,0
753,1116992,0,0,0,7360,8896,357952,439296,303488,283712,829696,0,1216,352576,0,0,0,0,0,0,0,0,0,0,0,0,0,0,439168,128,505,1192,345802418,196787990,820800,0
754,1116736,0,0,0,7936,8768,363200,433216,303616,283584,829504,0,1280,358016,0,0,0,0,0,0,0,0,0,0,0,0,0,0,433088,128,518,1224,2588377114,784271161,820736,0
755,1677440,0,0,0,11584,22784,616448,476032,550592,530112,1143744,0,1216,611200,0,0,0,0,0,0,0,0,0,0,0,0,0,0,475904,128,518,1213,1711700571,2244961547,1120960,0
756,1116160,0,0,0,4288,9600,341632,408896,351744,331840,780928,0,1408,336320,0,0,0,0,0,0,0,0,0,0,0,0,0,0,408768,128,516,1211,3135747480,3210799658,771328,0
757,1116672,0,0,0,4288,22400,528512,470528,90944,71296,1041856,0,1280,523264,0,0,0,0,0,0,0,0,0,0,0,0,0,0,470400,128,527,1247,3779226158,3794524317,1019456,0
758,1117184,0,0,0,4224,8512,354304,406912,343232,322880,790784,0,1216,349248,0,0,0,0,0,0,0,0,0,0,0,0,0,0,406784,128,531,1256,138263037,301981474,782272,0
759,1116352,0,0,0,4224,8384,392448,425856,285440,265664,847232,0,1216,387392,0,0,0,0,0,0,0,0,0,0,0,0,0,0,425728,128,533,1252,404333046,972826044,838848,0
760,1116800,0,0,0,6528,8320,441792,397888,262272,242368,870976,0,1216,436608,0,0,0,0,0,0,0,0,0,0,0,0,0,0,397760,128,524,1236,4247594978,2846255697,862656,0
761,1116928,0,0,0,6592,9088,393664,382592,324992,305408,807616,0,1216,388416,0,0,0,0,0,0,0,0,0,0,0,0,0,0,382464,128,520,1217,1632140,658061954,798528,0
762,1117376,0,0,0,5504,8704,529600,375104,198464,177408,936448,0,1280,524480,0,0,0,0,0,0,0,0,0,0,0,0,0,0,374976,128,529,1235,2532178374,2184278627,927744,0
763,1116352,0,0,0,4160,8704,391360,376640,335488,315776,796992,0,1216,386176,0,0,0,0,0,0,0,0,0,0,0,0,0,0,376512,128,530,1249,3008264862,1785966529,788288,0
764,1117120,0,0,0,4096,8704,394944,368064,341312,321280,792384,0,1280,389760,0,0,0,0,0,0,0,0,0,0,0,0,0,0,367936,128,525,1242,3518745017,1830388219,783680,0
765,1116672,0,0,0,4160,8704,404096,365760,333952,314304,798784,0,1216,399104,0,0,0,0,0,0,0,0,0,0,0,0,0,0,365632,128,531,1244,3358556398,2995339707,790080,0
766,1116800,0,0,0,4160,8640,373120,355712,375168,346368,766976,0,1280,368000,0,0,0,0,0,0,0,0,0,0,0,0,0,0,355584,128,535,1247,1456086771,595747823,758336,0
767,1116992,0,0,0,4160,22528,450880,356736,282688,262784,850688,0,1280,445696,0,0,0,0,0,0,0,0,0,0,0,0,0,0,356608,128,528,1242,1966198535,1389300377,828160,0
768,1116736,0,0,0,4160,8704,419968,365632,318272,298880,814400,0,1216,414720,0,0,0,0,0,0,0,0,0,0,0,0,0,0,365504,128,530,1255,1738351379,1170258139,805696,0
769,1116608,0,0,0,5248,8832,453952,370048,278528,258752,854272,0,1152,448768,0,0,0,0,0,0,0,0,0,0,0,0,0,0,369920,128,541,1266,2484349985,4169432785,845440,0
770,1116800,0,0,0,4160,8384,570304,414720,119232,99584,1013760,0,1344,565056,0,0,0,0,0,0,0,0,0,0,0,0,0,0,414592,128,547,1275,900413448,4021768759,1005376,0
771,1116992,0,0,0,6848,9664,433280,387904,279296,259520,853952,0,1216,427968,0,0,0,0,0,0,0,0,0,0,0,0,0,0,387776,128,522,1237,184901258,1326769486,844288,0
772,1677824,0,0,0,13248,9664,638592,483520,532800,504640,1168576,0,1344,631360,0,0,0,0,0,0,0,0,0,0,0,0,0,0,483392,128,540,1268,2550123130,3587910771,1158912,0
773,1115904,0,0,0,19712,9024,393472,415488,278208,257984,853824,0,1280,388224,0,0,0,0,0,0,0,0,0,0,0,0,0,0,415360,128,542,1269,1100690418,411849342,844800,0
774,1116800,0,0,0,3968,9024,427136,435520,241152,221504,891264,0,1280,421888,0,0,0,0,0,0,0,0,0,0,0,0,0,0,435392,128,541,1263,231758893,2532327400,882240,0
775,1116864,0,0,0,4160,9088,427904,434112,241600,221952,890880,0,1280,422784,0,0,0,0,0,0,0,0,0,0,0,0,0,0,433984,128,536,1255,1699462903,3314288854,881792,0
776,1116608,0,0,0,4032,9152,428096,421632,253696,233728,878912,0,1280,422976,0,0,0,0,0,0,0,0,0,0,0,0,0,0,421504,128,528,1247,955286778,2652379591,869760,0
777,1117376,0,0,0,4096,9088,425920,427904,250368,229952,883456,0,1280,420736,0,0,0,0,0,0,0,0,0,0,0,0,0,0,427776,128,530,1247,1155029676,2633206951,874368,0
778,1116352,0,0,0,3968,9152,438080,426944,238208,218688,893696,0,1344,432832,0,0,0,0,0,0,0,0,0,0,0,0,0,0,426816,128,531,1244,181714307,464204439,884544,0
779,1116672,0,0,0,4032,9280,456512,415616,231232,211584,901056,0,1280,451264,0,0,0,0,0,0,0,0,0,0,0,0,0,0,415424,192,535,1255,1136165447,832261084,891776,0
780,1117312,0,0,0,4096,8896,487552,451264,165504,145472,967808,0,1280,482304,0,0,0,0,0,0,0,0,0,0,0,0,0,0,451136,128,540,1256,337629419,1896461017,958912,0
781,1116928,0,0,0,4160,9024,510208,452288,141248,121152,991744,0,1280,504896,0,0,0,0,0,0,0,0,0,0,0,0,0,0,452160,128,555,1290,3812438572,2797755044,982720,0
782,1116480,0,0,0,4096,9152,477248,417856,208128,182720,929728,0,1280,472000,0,0,0,0,0,0,0,0,0,0,0,0,0,0,417728,128,554,1287,2892076511,1793176272,920576,0
783,1116480,0,0,0,4096,8960,449856,421824,231744,212096,900416,0,1280,444736,0,0,0,0,0,0,0,0,0,0,0,0,0,0,421696,128,551,1273,3330461712,256699046,891456,0
784,1117376,0,0,0,4096,8960,531520,422656,150144,129472,983872,0,1280,526272,0,0,0,0,0,0,0,0,0,0,0,0,0,0,422528,128,548,1265,4098050872,3676749471,974912,0
785,1116224,0,0,0,4096,9024,464128,402176,236800,217088,895104,0,1280,458880,0,0,0,0,0,0,0,0,0,0,0,0,0,0,402048,128,539,1245,1782406354,2697407453,886080,0
786,1116608,0,0,0,4160,10368,513152,424064,164864,145280,967296,0,1280,507904,0,0,0,0,0,0,0,0,0,0,0,0,0,0,423936,128,511,1204,2097391279,3903998446,956928,0
787,1677824,0,0,0,15488,9024,735936,454720,462656,442304,1231360,0,1216,730624,0,0,0,0,0,0,0,0,0,0,0,0,0,0,454592,128,517,1213,1107505734,2653080166,1222336,0
788,1116352,0,0,0,5504,9344,487936,424256,189312,169408,942784,0,1280,482752,0,0,0,0,0,0,0,0,0,0,0,0,0,0,424128,128,523,1223,1477356759,141263325,933440,0
789,1116544,0,0,0,11392,9408,592000,433856,69888,49920,1062464,0,1280,586752,0,0,0,0,0,0,0,0,0,0,0,0,0,0,433728,128,516,1206,834010235,1520865804,1053056,0
790,1677632,0,0,0,11136,23104,779840,536576,326976,306560,1367232,0,1216,774656,0,0,0,0,0,0,0,0,0,0,0,0,0,0,536448,128,539,1252,1784122234,1531217448,1344128,0
791,1116992,0,0,0,4480,23552,484480,465216,139264,119104,994368,0,1216,479168,0,0,0,0,0,0,0,0,0,0,0,0,0,0,465088,128,516,1220,3994369212,1120003613,970816,0
792,1116096,0,0,0,4480,22976,468672,489792,130176,110336,1002176,0,1344,463424,0,0,0,0,0,0,0,0,0,0,0,0,0,0,489664,128,550,1282,2115789979,528535501,979200,0
793,1677632,0,0,0,4608,22848,564416,503808,581952,562240,1111872,0,1152,559168,0,0,0,0,0,0,0,0,0,0,0,0,0,0,503680,128,549,1289,790619550,3953592403,1089024,0
794,1116864,0,0,0,5376,8640,462592,492800,147456,127680,985536,0,1280,457344,0,0,0,0,0,0,0,0,0,0,0,0,0,0,492672,128,523,1244,2881722086,990942679,976896,0
795,1116608,0,0,0,4544,8576,458176,487808,157504,137792,975360,0,1280,452992,0,0,0,0,0,0,0,0,0,0,0,0,0,0,487680,128,539,1285,2587823933,564500416,966784,0
796,1116672,0,0,0,4544,8704,488512,489792,125120,105280,1007808,0,1280,483264,0,0,0,0,0,0,0,0,0,0,0,0,0,0,489664,128,558,1318,3525774493,2744368783,999104,0
797,1677760,0,0,0,11392,23296,585344,941184,116544,91200,1582464,0,1280,579968,0,0,0,0,0,0,0,0,0,0,0,28480,0,0,941056,128,548,1298,538673419,2961574278,1559168,0
798,1676864,0,0,0,4544,9088,561088,559104,543040,523136,1149888,0,1280,555904,0,0,0,0,0,0,0,0,0,0,0,0,0,0,558976,128,529,1255,2841301935,2995915136,1140800,0
799,1677376,0,0,0,4544,10240,567872,530240,564480,539328,1134080,0,1280,562688,0,0,0,0,0,0,0,0,0,0,0,0,0,0,530112,128,530,1267,4270879589,1366067892,1123840,0
800,1677696,0,0,0,6848,9344,676672,589568,395264,374912,1298496,0,1344,671424,0,0,0,0,0,0,0,0,0,0,0,0,0,0,589440,128,540,1277,2800919180,163331858,1289152,0
801,1115776,0,0,0,7040,9344,475840,511808,111744,91968,1019712,0,1216,470592,0,0,0,0,0,0,0,0,0,0,0,0,0,0,511680,128,542,1259,1788916843,1081967459,1010368,0
802,1116480,0,0,0,4352,8960,481152,511168,110848,90816,1021696,0,1344,475840,0,0,0,0,0,0,0,0,0,0,0,0,0,0,511040,128,540,1266,3881495879,726521617,1012736,0
803,1116416,0,0,0,4352,9088,505344,464896,132736,112768,999680,0,1280,500096,0,0,0,0,0,0,0,0,0,0,0,0,0,0,464768,128,510,1194,2316395522,787643329,990592,0
804,1116800,0,0,0,4352,9088,510848,484992,107520,87744,1025088,0,1216,505600,0,0,0,0,0,0,0,0,0,0,0,0,0,0,484864,128,532,1258,770191213,1193151476,1016000,0
805,1116096,0,0,0,4352,8768,521984,437376,143616,123968,988160,0,1280,516800,0,0,0,0,0,0,0,0,0,0,0,0,0,0,437248,128,531,1248,1985712870,1169659228,979392,0
806,1117632,0,0,0,4352,9216,457920,463552,182592,162816,950784,0,1216,452672,0,0,0,0,0,0,0,0,0,0,0,0,0,0,463424,128,562,1306,3714869971,1888233413,941568,0
807,1116480,0,0,0,4352,8960,470016,435584,197568,177664,934848,0,1280,464832,0,0,0,0,0,0,0,0,0,0,0,0,0,0,435456,128,541,1282,306079954,3162934218,925888,0
808,1116416,0,0,0,4480,9152,397696,451968,253120,233408,878976,0,1280,392576,0,0,0,0,0,0,0,0,0,0,0,0,0,0,451840,128,555,1301,2399546251,2999192296,869824,0
809,1116992,0,0,0,4352,8896,416960,425600,261184,241408,871616,0,1344,411712,0,0,0,0,0,0,0,0,0,0,0,0,0,0,425472,128,527,1245,1253498615,1698586392,862720,0
810,1116672,0,0,0,7168,8896,403584,451456,245568,225856,886848,0,1280,398400,0,0,0,0,0,0,0,0,0,0,0,0,0,0,451328,128,519,1239,2612572432,3373320747,877952,0
811,1677440,0,0,0,11264,9088,638208,572352,446528,426112,1247296,0,1216,633152,0,0,0,0,0,0,0,0,0,0,0,0,0,0,572288,64,518,1283,1952394337,2967317304,1238208,0
812,1116096,0,0,0,7296,9280,396224,500224,203072,183296,928640,0,1280,390912,0,0,0,0,0,0,0,0,0,0,0,0,0,0,500096,128,519,1262,839436317,1346297957,919360,0
813,1117120,0,0,0,7808,10304,520256,502656,76096,56256,1056832,0,1152,515072,0,0,0,0,0,0,0,0,0,0,0,0,0,0,502528,128,523,1260,3457170928,1351072897,1046528,0
814,1117632,0,0,0,7296,9024,462272,499776,139264,118784,994816,0,1216,457088,0,0,0,0,0,0,0,0,0,0,0,0,0,0,499648,128,536,1277,1640446942,2148562552,985792,0
815,1115968,0,0,0,6592,9152,464128,501440,134656,109440,1002496,0,1280,458880,0,0,0,0,0,0,0,0,0,0,0,0,0,0,501312,128,544,1270,2455382877,2207670168,993344,0
816,1117376,0,0,0,6336,9664,488128,501376,111872,91840,1021248,0,1280,482560,0,0,0,0,0,0,0,0,0,0,0,0,0,0,501248,128,530,1251,2922382343,784794600,1011584,0
817,1116288,0,0,0,5184,9024,446592,444928,210560,190784,921472,0,1280,441344,0,0,0,0,0,0,0,0,0,0,0,0,0,0,444800,128,512,1213,2603926983,2153710717,912448,0
818,1116992,0,0,0,3904,9280,428608,442880,232320,212672,900288,0,1216,423488,0,0,0,0,0,0,0,0,0,0,0,0,0,0,442752,128,523,1229,3866131118,3008793410,891008,0
819,1677056,0,0,0,3968,8960,480256,635520,548352,528128,1144896,0,1280,475072,0,0,0,0,0,0,0,0,0,0,0,0,0,0,635392,128,542,1299,845346404,693439842,1135936,0
820,1116544,0,0,0,3904,9088,419584,446656,237312,217600,894976,0,1280,414336,0,0,0,0,0,0,0,0,0,0,0,0,0,0,446528,128,546,1320,371574920,809348265,885888,0
821,1678208,0,0,0,3840,9088,635008,480896,549376,529024,1145152,0,1280,629952,0,0,0,0,0,0,0,0,0,0,0,0,0,0,480768,128,542,1303,1374833347,2198033405,1136064,0
822,1675712,0,0,0,16320,9344,657024,480640,512384,492480,1179072,0,1280,651712,0,0,0,0,0,0,0,0,0,0,0,0,0,0,480512,128,559,1342,3637444066,4059152315,1169728,0
823,1116736,0,0,0,4096,9152,381120,415680,306688,286976,825728,0,1216,375936,0,0,0,0,0,0,0,0,0,0,0,0,0,0,415552,128,538,1283,2054079511,2770815334,816576,0
824,1117632,0,0,0,12032,9088,508864,489984,97664,77760,1035712,0,1280,503680,0,0,0,0,0,0,0,0,0,0,0,0,0,0,489856,128,543,1287,3383985074,2836066701,1026624,0
825,1116096,0,0,0,4096,9088,349440,414976,338496,318784,793280,0,1216,344256,0,0,0,0,0,0,0,0,0,0,0,0,0,0,414848,128,532,1270,120268935,283402021,784192,0
826,1116800,0,0,0,4160,9216,418816,415488,269120,249536,863232,0,1216,413632,0,0,0,0,0,0,0,0,0,0,0,0,0,0,415360,128,540,1284,4164289931,1318916005,854016,0
827,1116928,0,0,0,4096,24448,346048,404800,337536,317312,795584,0,1280,340864,0,0,0,0,0,0,0,0,0,0,0,0,0,0,404672,128,529,1244,2007187082,3087355362,771136,0
828,1117120,0,0,0,8640,8960,444736,415872,238912,218816,894208,0,1216,439616,0,0,0,0,0,0,0,0,0,0,0,0,0,0,415744,128,428,1024,3005742591,751473133,885248,0
829,1116480,0,0,0,4352,9088,339392,377664,385984,366080,746368,0,1280,334016,0,0,0,0,0,0,0,0,0,0,0,0,0,0,377536,128,431,1017,1690191002,2085599079,737280,0
830,1116736,0,0,0,6720,9408,346624,378560,375424,355968,756544,0,1280,341312,0,0,0,0,0,0,0,0,0,0,0,0,0,0,378432,128,417,986,3994517744,660514650,747136,0
831,1116736,0,0,0,6592,9472,347840,379520,373312,348160,764288,0,1216,342592,0,0,0,0,0,0,0,0,0,0,0,0,0,0,379392,128,413,971,1517456140,3007037657,754816,0
832,1116928,0,0,0,5568,9088,359872,370880,371520,351936,761024,0,1280,354624,0,0,0,0,0,0,0,0,0,0,0,0,0,0,370752,128,397,939,4123959247,2229995486,751936,0
833,1116864,0,0,0,4096,9152,340800,370880,391936,372480,740288,0,1216,335616,0,0,0,0,0,0,0,0,0,0,0,0,0,0,370752,128,416,979,1876375582,345756282,731136,0
834,1116800,0,0,0,4992,8960,363904,380864,358080,338176,774656,0,1216,358784,0,0,0,0,0,0,0,0,0,0,0,0,0,0,380736,128,406,963,919799494,1594455384,765696,0
835,1116864,0,0,0,4096,9216,350080,374528,378944,359296,753536,0,1216,344832,0,0,0,0,0,0,0,0,0,0,0,0,0,0,374400,128,399,948,2674928048,2205777945,744320,0
836,1117312,0,0,0,4096,8704,427712,415616,261184,240896,872512,0,1216,422464,0,0,0,0,0,0,0,0,0,0,0,0,0,0,415488,128,399,945,1772825237,1218167769,863808,0
837,1116800,0,0,0,4288,8896,361472,362496,379648,359360,753536,0,1216,356224,0,0,0,0,0,0,0,0,0,0,0,0,0,0,362368,128,394,941,2169585773,216124793,744640,0
838,1116800,0,0,0,4288,9216,432192,404992,266112,245952,866816,0,1216,427072,0,0,0,0,0,0,0,0,0,0,0,0,0,0,404864,128,399,950,3249122947,103531838,857600,0
839,1116224,0,0,0,4352,9152,334528,357504,410688,390848,721344,0,1216,329216,0,0,0,0,0,0,0,0,0,0,0,0,0,0,357376,128,403,958,1811881169,4171345495,712192,0
840,1116672,0,0,0,7040,9088,362240,370240,368064,348352,764160,0,1280,357056,0,0,0,0,0,0,0,0,0,0,0,0,0,0,370112,128,402,952,4225940544,1876073879,755072,0
841,1116736,0,0,0,7232,9024,334400,356160,409920,390272,722304,0,1280,329216,0,0,0,0,0,0,0,0,0,0,0,0,0,0,356032,128,396,940,3861619972,3928373046,713280,0
842,1117440,0,0,0,5312,10432,410368,362816,328512,308224,805120,0,1280,405440,0,0,0,0,0,0,0,0,0,0,0,0,0,0,362688,128,392,930,821982294,2480146235,794688,0
843,1116160,0,0,0,3968,9088,320384,344832,437888,417856,694272,0,1280,315072,0,0,0,0,0,0,0,0,0,0,0,0,0,0,344704,128,394,932,4093444637,2411518614,685184,0
844,1116736,0,0,0,4032,8896,325440,357056,421312,401920,710720,0,1280,320192,0,0,0,0,0,0,0,0,0,0,0,0,0,0,356928,128,396,936,1277207423,4049584442,701824,0
845,1116928,0,0,0,4096,8832,336960,370752,396288,376640,736256,0,1216,331776,0,0,0,0,0,0,0,0,0,0,0,0,0,0,370624,128,401,946,1344781973,2933113048,727424,0
846,1116992,0,0,0,4032,23872,408000,368960,312128,292352,820544,0,1280,402944,0,0,0,0,0,0,0,0,0,0,0,0,0,0,368832,128,407,958,1043574009,3553610070,796672,0
847,1116800,0,0,0,4032,24192,334592,355200,398784,373504,739136,0,1280,329344,0,0,0,0,0,0,0,0,0,0,0,0,0,0,355072,128,398,942,696960207,33028848,714944,0
848,1116928,0,0,0,3968,23360,350848,357248,381504,361472,751424,0,1280,345856,0,0,0,0,0,0,0,0,0,0,0,0,0,0,357120,128,399,947,2807891281,2807636363,728064,0
849,1116736,0,0,0,4096,9024,359552,347008,397056,377216,735488,0,1344,354496,0,0,0,0,0,0,0,0,0,0,0,0,0,0,346880,128,409,963,2799124062,856393178,726464,0
850,1678528,0,0,0,12992,9344,594560,963328,98304,60672,1613760,0,1280,589312,0,0,0,0,0,0,0,0,0,0,0,18560,0,0,963200,128,457,1069,3648631988,1597736748,1604416,0
851,1677632,0,0,0,4288,9088,512960,692864,458432,436416,1237120,0,1216,507648,0,0,0,0,0,0,0,0,0,0,0,0,0,0,692736,128,459,1078,3617637840,222391762,1228032,0
852,1114560,0,0,0,4288,8896,457664,449280,194432,174528,936000,0,1216,452352,0,0,0,0,0,0,0,0,0,0,0,0,0,0,449152,128,456,1074,1175717389,2871173298,927104,0
853,1116800,0,0,0,4288,8832,463296,441536,198848,179072,933760,0,1280,457984,0,0,0,0,0,0,0,0,0,0,0,0,0,0,441408,128,450,1063,1382207018,208213398,924928,0
854,1116672,0,0,0,4352,9152,457984,440768,204416,185024,927616,0,1280,452864,0,0,0,0,0,0,0,0,0,0,0,0,0,0,440640,128,451,1068,3366818020,1924741916,918464,0
855,1678272,0,0,0,9600,9152,624960,519616,514944,494720,1179392,0,1280,619776,0,0,0,0,0,0,0,0,0,0,0,0,0,0,519488,128,543,1324,4086385095,4241956637,1170240,0
856,1115456,0,0,0,4416,10240,459072,416000,225728,206016,905408,0,1216,453760,0,0,0,0,0,0,0,0,0,0,0,0,0,0,415872,128,537,1295,2288519574,1260298365,895168,0
857,1116992,0,0,0,6784,23296,457216,426176,203520,184000,928960,0,1216,451776,0,0,0,0,0,0,0,0,0,0,0,0,0,0,426048,128,513,1257,2721812465,36724884,905664,0
858,1116608,0,0,0,6848,9088,524864,480832,94976,75584,1037056,0,1280,519552,0,0,0,0,0,0,0,0,0,0,0,0,0,0,480704,128,516,1268,3917694785,3333504025,1027968,0
859,1117376,0,0,0,4352,9024,460352,416896,226752,206592,906752,0,1216,455232,0,0,0,0,0,0,0,0,0,0,0,0,0,0,416768,128,525,1277,1000305151,3505457673,897728,0
860,1116288,0,0,0,4288,8896,449216,406016,247872,227968,884352,0,1280,443968,0,0,0,0,0,0,0,0,0,0,0,0,0,0,405888,128,532,1287,3915790361,2094464826,875456,0
861,1117312,0,0,0,7040,9664,532480,407232,160896,140480,972288,0,1280,527168,0,0,0,0,0,0,0,0,0,0,0,0,0,0,407104,128,528,1283,4088913632,1281163602,962624,0
862,1676544,0,0,0,17984,8960,693760,418368,537472,517376,1155136,0,1280,688512,0,0,0,0,0,0,0,0,0,0,0,0,0,0,418240,128,517,1262,1008587850,428586120,1146176,0
863,1116736,0,0,0,6592,9152,547968,417152,135872,115840,996800,0,1280,542784,0,0,0,0,0,0,0,0,0,0,0,0,0,0,417024,128,536,1281,3802575320,3039320037,987648,0
864,1116800,0,0,0,6528,9216,497216,393792,210048,184576,928000,0,1216,491968,0,0,0,0,0,0,0,0,0,0,0,0,0,0,393664,128,532,1253,3417021687,666641588,918784,0
865,1116864,0,0,0,5440,9152,494208,391040,217024,197568,915264,0,1280,488960,0,0,0,0,0,0,0,0,0,0,0,0,0,0,390912,128,538,1285,184287200,2360468186,906112,0
866,1116608,0,0,0,4096,9280,559232,390912,153088,132992,979584,0,1280,553920,0,0,0,0,0,0,0,0,0,0,0,0,0,0,390784,128,535,1272,3261828380,18843007,970304,0
867,1116672,0,0,0,4096,9152,435264,383936,284224,264704,848000,0,1280,429952,0,0,0,0,0,0,0,0,0,0,0,0,0,0,383808,128,537,1276,1192299521,557202311,838848,0
868,1117056,0,0,0,4096,9152,404288,381056,318464,298368,814720,0,1216,399104,0,0,0,0,0,0,0,0,0,0,0,0,0,0,380928,128,538,1276,3209974385,3911714341,805568,0
869,1116672,0,0,0,4096,9216,409984,384384,308992,289216,823424,0,1280,404864,0,0,0,0,0,0,0,0,0,0,0,0,0,0,384256,128,536,1270,3285260507,2400383043,814208,0
870,1116672,0,0,0,4160,9216,411264,383744,308288,288704,824000,0,1216,406080,0,0,0,0,0,0,0,0,0,0,0,0,0,0,383616,128,538,1268,3514299063,2040508121,814784,0
871,1117056,0,0,0,4096,10112,417856,365952,319040,299072,814016,0,1280,412672,0,0,0,0,0,0,0,0,0,0,0,0,0,0,365824,128,538,1260,3303357830,3469623333,803904,0
872,1116800,0,0,0,4096,9088,403520,367488,332608,312640,800064,0,1216,398400,0,0,0,0,0,0,0,0,0,0,0,0,0,0,367360,128,538,1256,251994864,3051549045,790976,0
873,1116992,0,0,0,5248,9088,407680,366976,328000,307904,805120,0,1280,402560,0,0,0,0,0,0,0,0,0,0,0,0,0,0,366848,128,534,1251,2758358120,507590499,796032,0
874,1116800,0,0,0,6464,9152,406272,364608,330304,310592,801984,0,1216,401024,0,0,0,0,0,0,0,0,0,0,0,0,0,0,364480,128,535,1253,3676711492,3923275267,792832,0
875,1116800,0,0,0,5440,9088,432256,365888,304128,284352,828416,0,1280,427200,0,0,0,0,0,0,0,0,0,0,0,0,0,0,365760,128,540,1271,3145019000,2258582323,819328,0
876,1116672,0,0,0,5696,9216,425856,364800,311104,291456,821248,0,1216,420672,0,0,0,0,0,0,0,0,0,0,0,0,0,0,364672,128,547,1280,221347743,1826836645,812032,0
877,1116800,0,0,0,3968,9152,428416,365888,309376,289664,823104,0,1216,423296,0,0,0,0,0,0,0,0,0,0,0,0,0,0,365760,128,552,1288,2911465733,1850969968,813952,0
878,1116608,0,0,0,3840,9216,407424,365696,330432,310592,802048,0,1344,402240,0,0,0,0,0,0,0,0,0,0,0,0,0,0,365568,128,551,1286,1440608345,3416207581,792832,0
879,1116864,0,0,0,3968,8960,430912,364160,308864,288768,824256,0,1280,425856,0,0,0,0,0,0,0,0,0,0,0,0,0,0,364032,128,552,1291,1872971797,2161034359,815296,0
880,1676992,0,0,0,3904,9280,444672,646656,572480,547008,1125952,0,1280,439424,0,0,0,0,0,0,0,0,0,0,0,0,0,0,646528,128,547,1280,3776011459,537814687,1116672,0
881,1116672,0,0,0,3904,9088,409664,364032,329984,310272,802432,0,1280,404416,0,0,0,0,0,0,0,0,0,0,0,0,0,0,363904,128,543,1270,1885986120,3582943625,793344,0
882,1116992,0,0,0,6272,9280,469248,420224,211968,192192,920640,0,1216,464000,0,0,0,0,0,0,0,0,0,0,0,0,0,0,420096,128,542,1263,658146456,1705928655,911360,0
883,1117248,0,0,0,5184,9024,479488,399808,223744,203648,909504,0,1280,474176,0,0,0,0,0,0,0,0,0,0,0,0,0,0,399680,128,541,1254,4293311768,1558595429,900480,0
884,1116160,0,0,0,3840,8960,396992,366720,339648,319808,792384,0,1216,391808,0,0,0,0,0,0,0,0,0,0,0,0,0,0,366592,128,540,1265,3585744061,1321137331,783424,0
885,1116864,0,0,0,3840,9152,378496,381056,344320,324416,788416,0,1280,373376,0,0,0,0,0,0,0,0,0,0,0,0,0,0,380928,128,532,1241,2586402448,2712287878,779264,0
886,1116928,0,0,0,3776,10176,361216,367104,374656,354624,758336,0,1280,356096,0,0,0,0,0,0,0,0,0,0,0,0,0,0,366976,128,538,1239,1185682743,810775873,748160,0
887,1116864,0,0,0,3840,23168,372800,366656,350400,330368,782528,0,1280,367552,0,0,0,0,0,0,0,0,0,0,0,0,0,0,366528,128,548,1254,645997629,690775765,759360,0
888,1116800,0,0,0,3840,9344,447360,369472,286784,266880,845824,0,1280,442048,0,0,0,0,0,0,0,0,0,0,0,0,0,0,369344,128,539,1241,3080229202,486044439,836480,0
889,1116864,0,0,0,3840,9088,354560,366592,382784,362944,749952,0,1216,349376,0,0,0,0,0,0,0,0,0,0,0,0,0,0,366464,128,548,1260,2367650792,1811277061,740864,0
890,1117248,0,0,0,8768,9344,413312,383424,302400,282176,830912,0,1216,407936,0,0,0,0,0,0,0,0,0,0,0,0,0,0,383296,128,543,1240,2825705570,2161468954,821568,0
891,1116224,0,0,0,3968,8896,338752,383360,381248,361472,750784,0,1152,333568,0,0,0,0,0,0,0,0,0,0,0,0,0,0,383232,128,538,1216,2286679976,1081044479,741888,0
892,1116992,0,0,0,3968,9024,397440,385216,321344,301056,812032,0,1280,392128,0,0,0,0,0,0,0,0,0,0,0,0,0,0,385088,128,542,1220,752166751,2529915033,803008,0
893,1116672,0,0,0,3968,8896,338880,397184,367744,347968,764800,0,1344,333504,0,0,0,0,0,0,0,0,0,0,0,0,0,0,397056,128,532,1201,3099065864,69415246,755904,0
894,1677056,0,0,0,16896,9344,740800,432640,477376,454848,1217856,0,1280,735552,0,0,0,0,0,0,0,0,0,0,0,0,0,0,432512,128,542,1234,1611008792,1690471673,1208512,0
895,1116800,0,0,0,5504,9792,531392,419712,150400,130240,982080,0,1216,526208,0,0,0,0,0,0,0,0,0,0,0,0,0,0,419584,128,520,1218,291911091,2068601189,972288,0
896,1116416,0,0,0,4224,9536,404736,423680,274240,248704,863232,0,1280,399744,0,0,0,0,0,0,0,0,0,0,0,0,0,0,423552,128,558,1272,1985126511,4063030685,853696,0
897,1117824,0,0,0,7424,9664,533504,425664,141568,121088,992064,0,1280,528384,0,0,0,0,0,0,0,0,0,0,0,0,0,0,425536,128,547,1244,3238752670,2698775314,982400,0
898,1676864,0,0,0,9280,9600,706816,624384,326784,306432,1365760,0,1344,701696,0,0,0,0,0,0,0,0,0,0,0,0,0,0,624256,128,557,1294,3966916657,2348140599,1356160,0
899,1676224,0,0,0,4160,9472,586624,519296,556672,536832,1134976,0,1280,581376,0,0,0,0,0,0,0,0,0,0,0,0,0,0,519104,192,564,1295,202404380,1340412098,1125504,0
900,1676992,0,0,0,6400,10432,644352,502016,513792,493888,1178752,0,1408,639104,0,0,0,0,0,0,0,0,0,0,0,0,0,0,501888,128,557,1280,1429774135,1431123594,1168320,0
901,1117440,0,0,0,6592,9984,532352,526464,42048,22272,1090176,0,1216,527040,0,0,0,0,0,0,0,0,0,0,0,0,0,0,526336,128,537,1261,758643836,2286495987,1080192,0
902,1116032,0,0,0,3968,9536,444416,506624,151488,132032,979584,0,1280,439168,0,0,0,0,0,0,0,0,0,0,0,0,0,0,506496,128,535,1253,1753250185,112266701,970048,0
903,1677184,0,0,0,18304,9664,647936,565312,435968,416064,1256448,0,1216,642560,0,0,0,0,0,0,0,0,0,0,0,0,0,0,565184,128,552,1310,2990237036,2744375265,1246784,0
904,1117376,0,0,0,4352,9536,526784,554496,22208,2176,1110592,0,1216,521600,0,0,0,0,0,0,0,0,0,0,0,0,0,0,554368,128,552,1310,2972053813,3755371560,1101056,0
905,1676288,0,0,0,4352,9792,624320,548736,489088,469056,1202560,0,1216,619136,0,0,0,0,0,0,0,0,0,0,0,0,0,0,548608,128,565,1320,2963074462,869764801,1192768,0
906,1676992,0,0,0,4288,9664,609920,548224,504896,485248,1187008,0,1280,604672,0,0,0,0,0,0,0,0,0,0,0,0,0,0,548096,128,560,1309,3836452667,1850546985,1177344,0
907,1676800,0,0,0,4352,9600,633664,577472,451712,431488,1240704,0,1280,628480,0,0,0,0,0,0,0,0,0,0,0,0,0,0,577344,128,577,1356,86790428,1699051964,1231104,0
908,1676992,0,0,0,4352,9728,494912,599552,568448,548608,1123648,0,1344,489664,0,0,0,0,0,0,0,0,0,0,0,0,0,0,599424,128,594,1382,3957954942,3702142100,1113920,0
909,1116544,0,0,0,4352,9920,398528,540352,163392,144064,967680,0,1280,393088,0,0,0,0,0,0,0,0,0,0,0,0,0,0,540224,128,568,1307,537180356,4104141175,957760,0
910,1116864,0,0,0,4352,9664,393792,540480,168576,148928,963264,0,1344,388544,0,0,0,0,0,0,0,0,0,0,0,0,0,0,540416,64,571,1320,2172443904,2598202212,953600,0
911,1677184,0,0,0,4352,9536,562368,570944,529984,510464,1162048,0,1280,556992,0,0,0,0,0,0,0,0,0,0,0,0,0,0,570816,128,574,1343,1470071473,351569342,1152512,0
912,1677056,0,0,0,4032,10368,569216,530688,562752,537088,1135552,0,1280,563968,0,0,0,0,0,0,0,0,0,0,0,0,0,0,530560,128,555,1290,2190235110,1324873246,1125184,0
913,1116544,0,0,0,3968,9472,550528,504000,48576,28608,1083520,0,1344,545408,0,0,0,0,0,0,0,0,0,0,0,0,0,0,503872,128,562,1275,1319577035,2538756208,1074048,0
914,1116928,0,0,0,4032,9344,508032,496384,99136,79296,1033280,0,1152,502912,0,0,0,0,0,0,0,0,0,0,0,0,0,0,496256,128,553,1259,1408760163,1249258692,1023936,0
915,1116928,0,0,0,7296,9536,511296,472832,115968,96128,1016256,0,1216,506048,0,0,0,0,0,0,0,0,0,0,0,0,0,0,472704,128,554,1256,4127518877,2340309950,1006720,0
916,1116928,0,0,0,10624,9856,488256,496128,112064,91840,1020416,0,1280,483072,0,0,0,0,0,0,0,0,0,0,0,0,0,0,496000,128,534,1220,939924640,1102238215,1010560,0
917,1116672,0,0,0,5632,23936,376384,404480,306240,286272,825792,0,1280,371200,0,0,0,0,0,0,0,0,0,0,0,0,0,0,404352,128,507,1150,1782093860,4275837238,801856,0
918,1116992,0,0,0,6144,9536,372672,403456,325184,305216,807168,0,1216,367296,0,0,0,0,0,0,0,0,0,0,0,0,0,0,403328,128,517,1166,163655347,1446098622,797632,0
919,1116864,0,0,0,6144,9792,355776,404288,340864,321280,790976,0,1216,350464,0,0,0,0,0,0,0,0,0,0,0,0,0,0,404160,128,523,1184,3415226733,2749759629,781184,0
920,1116800,0,0,0,4480,9536,355456,400384,346944,327168,785088,0,1216,350208,0,0,0,0,0,0,0,0,0,0,0,0,0,0,400256,128,541,1212,472997985,3571857698,775552,0
921,1116800,0,0,0,2496,9408,498240,448832,157824,138112,974272,0,1280,492992,0,0,0,0,0,0,0,0,0,0,0,0,0,0,448704,128,539,1208,2810006935,3268661930,964864,0
922,1116864,0,0,0,2432,9280,390272,400640,314240,294336,818176,0,1280,385088,0,0,0,0,0,0,0,0,0,0,0,0,0,0,400512,128,533,1191,1708755764,2665832098,808896,0
923,1116800,0,0,0,2624,9728,361472,402496,340480,320768,791488,0,1344,356224,0,0,0,0,0,0,0,0,0,0,0,0,0,0,402368,128,541,1205,3557970763,3059191921,781760,0
924,1678400,0,0,0,11200,24512,891136,484736,266816,246720,1427008,0,1280,885824,0,0,0,0,0,0,0,0,0,0,0,0,0,0,484608,128,546,1226,4145492924,1789119557,1402496,0
925,1115520,0,0,0,4224,9472,472512,445696,183616,163904,947136,0,1280,467264,0,0,0,0,0,0,0,0,0,0,0,0,0,0,445568,128,545,1217,1598652707,3727750224,937664,0
926,1116928,0,0,0,4224,23744,459392,445184,184384,164480,947904,0,1216,454208,0,0,0,0,0,0,0,0,0,0,0,0,0,0,445120,64,541,1211,1666276382,1196130310,924160,0
927,1116608,0,0,0,4096,10688,498752,438272,164800,144960,967104,0,1344,493440,0,0,0,0,0,0,0,0,0,0,0,0,0,0,438144,128,533,1193,1332085366,2486869388,956416,0
928,1116544,0,0,0,4160,9344,451648,442432,208960,183744,928256,0,1280,446272,0,0,0,0,0,0,0,0,0,0,0,0,0,0,442240,192,531,1199,3907123381,63583414,918912,0
929,1117376,0,0,0,4288,9472,489152,413504,200960,181056,931840,0,1216,483840,0,0,0,0,0,0,0,0,0,0,0,0,0,0,413376,128,502,1161,2580709590,2907589681,922368,0
930,1116608,0,0,0,4096,9536,525248,409088,168640,148736,963264,0,1216,520000,0,0,0,0,0,0,0,0,0,0,0,0,0,0,408960,128,513,1149,3068357354,2675250369,953728,0
931,1116928,0,0,0,4288,9536,500608,424896,177600,157376,955136,0,1344,495296,0,0,0,0,0,0,0,0,0,0,0,0,0,0,424768,128,502,1156,1999050039,2206178335,945600,0
932,1116416,0,0,0,4224,9600,455680,408384,238528,218816,893184,0,1280,450304,0,0,0,0,0,0,0,0,0,0,0,0,0,0,408256,128,491,1146,1278031635,1920306399,883584,0
933,1116864,0,0,0,4224,9664,476416,395968,230592,210752,901568,0,1216,471040,0,0,0,0,0,0,0,0,0,0,0,0,0,0,395840,128,496,1151,1568069261,2037657347,891904,0
934,1116928,0,0,0,4096,9664,511936,396096,195136,175232,937344,0,1280,506624,0,0,0,0,0,0,0,0,0,0,0,0,0,0,395968,128,528,1210,3890008292,1384386920,927680,0
935,1116800,0,0,0,4096,9536,509376,395968,197824,178048,934272,0,1216,504128,0,0,0,0,0,0,0,0,0,0,0,0,0,0,395840,128,522,1164,681540291,1590432182,924736,0
936,1677184,0,0,0,7296,9664,569856,860992,229376,209728,1462784,0,1280,564736,0,0,0,0,0,0,0,0,0,0,0,0,0,0,860864,128,529,1202,1801643627,2977617696,1453120,0
937,1676992,0,0,0,5440,9344,559360,859200,243648,223616,1449024,0,1280,554176,0,0,0,0,0,0,0,0,0,0,0,0,0,0,859072,128,523,1205,1388873274,2969272603,1439680,0
938,1116608,0,0,0,3968,9472,501440,390272,211456,191552,920576,0,1344,496192,0,0,0,0,0,0,0,0,0,0,0,0,0,0,390144,128,537,1223,986321724,2454781027,911104,0
939,1116672,0,0,0,3968,9408,380672,373120,349504,329920,782336,0,1280,375424,0,0,0,0,0,0,0,0,0,0,0,0,0,0,372992,128,514,1182,2505463858,2000661455,772928,0
940,1116800,0,0,0,4032,9600,371200,372992,358976,339072,773120,0,1280,366144,0,0,0,0,0,0,0,0,0,0,0,0,0,0,372864,128,513,1197,2278965921,2180578844,763520,0
941,1116800,0,0,0,4032,9792,366784,373440,362752,343232,768960,0,1280,361536,0,0,0,0,0,0,0,0,0,0,0,0,0,0,373312,128,531,1234,1524702657,1902491671,759168,0
942,1117120,0,0,0,4032,10624,370560,371136,360768,340800,771904,0,1216,365376,0,0,0,0,0,0,0,0,0,0,0,0,0,0,371008,128,524,1231,3789029250,205436632,761280,0
943,1116864,0,0,0,4032,9472,361920,371072,370368,350272,762112,0,1280,356736,0,0,0,0,0,0,0,0,0,0,0,0,0,0,370944,128,542,1248,2151568168,3788704662,752640,0
944,1116416,0,0,0,3968,9536,352896,373824,376192,351168,760768,0,1280,347584,0,0,0,0,0,0,0,0,0,0,0,0,0,0,373696,128,531,1236,865423497,1346233918,751232,0
945,1677824,0,0,0,4160,23936,590848,494016,564864,544640,1128832,0,1280,585728,0,0,0,0,0,0,0,0,0,0,0,0,0,0,493888,128,547,1285,1873245150,397791554,1104896,0
946,1116288,0,0,0,4224,24000,397632,456256,234176,214080,898176,0,1216,392320,0,0,0,0,0,0,0,0,0,0,0,0,0,0,456128,128,547,1280,2348444791,1206107983,874176,0
947,1117312,0,0,0,9152,23296,490880,474496,119488,99200,1014080,0,1280,485632,0,0,0,0,0,0,0,0,0,0,0,0,0,0,474432,64,568,1339,2168814413,2682920226,990784,0
948,1116096,0,0,0,4480,9024,360768,481984,259840,240192,871936,0,1280,355712,0,0,0,0,0,0,0,0,0,0,0,0,0,0,481856,128,570,1355,3339428931,2429286086,862912,0
949,1116992,0,0,0,6656,9280,404032,505536,191488,171712,941056,0,1344,398848,0,0,0,0,0,0,0,0,0,0,0,0,0,0,505408,128,576,1361,1734306213,2776675009,931776,0
950,1116672,0,0,0,5696,8768,433408,488320,180480,160768,951808,0,1280,428096,0,0,0,0,0,0,0,0,0,0,0,0,0,0,488192,128,575,1369,3360794114,707350762,943040,0
951,1116992,0,0,0,4352,8960,392320,447232,264128,244032,869056,0,1216,387072,0,0,0,0,0,0,0,0,0,0,0,0,0,0,447104,128,571,1336,3558335096,3589456765,860096,0
952,1116672,0,0,0,6592,9024,353536,444672,302848,283136,829568,0,1280,348288,0,0,0,0,0,0,0,0,0,0,0,0,0,0,444544,128,559,1321,179747152,4084008370,820544,0
953,1116608,0,0,0,6976,9088,420672,455104,224768,205056,907456,0,1280,415360,0,0,0,0,0,0,0,0,0,0,0,0,0,0,454976,128,556,1292,2376533611,1504105686,898368,0
954,1116608,0,0,0,6784,9216,529024,463744,107840,87104,1025408,0,1216,523712,0,0,0,0,0,0,0,0,0,0,0,0,0,0,463616,128,559,1314,1178535350,2064003800,1016192,0
955,1117312,0,0,0,4224,9024,380160,444224,279680,259584,853760,0,1280,374848,0,0,0,0,0,0,0,0,0,0,0,0,0,0,444096,128,556,1291,365095634,1042898257,844736,0
956,1116352,0,0,0,4096,9088,520704,443904,138560,118720,993664,0,1280,515456,0,0,0,0,0,0,0,0,0,0,0,0,0,0,443776,128,590,1354,1394507408,4221214639,984576,0
957,1117248,0,0,0,7296,10176,500096,445952,153728,133440,979584,0,1344,494912,0,0,0,0,0,0,0,0,0,0,0,0,0,0,445824,128,586,1350,1915549895,3464277866,969408,0
958,1676480,0,0,0,6464,9536,573632,510144,576704,557248,1115072,0,1216,568512,0,0,0,0,0,0,0,0,0,0,0,0,0,0,510016,128,603,1376,2398831807,807588910,1105536,0
959,1117120,0,0,0,5504,9088,446080,443008,213440,193472,919616,0,1280,441024,0,0,0,0,0,0,0,0,0,0,0,0,0,0,442880,128,582,1351,1744685632,1262057872,910528,0
960,1676800,0,0,0,4160,8960,628672,470976,564032,538944,1133824,0,1280,623360,0,0,0,0,0,0,0,0,0,0,0,0,0,0,470848,128,549,1264,4277669401,1675358683,1124864,0
961,1116800,0,0,0,4032,9216,495744,415488,192320,172672,940096,0,1216,490624,0,0,0,0,0,0,0,0,0,0,0,0,0,0,415360,128,557,1284,3199919688,886760938,930880,0
962,1116800,0,0,0,4864,9280,536512,465920,100224,80448,1031936,0,1280,531136,0,0,0,0,0,0,0,0,0,0,0,0,0,0,465792,128,585,1353,1610766837,639750625,1022656,0
963,1116480,0,0,0,4288,9472,480576,471296,150848,131072,980928,0,1280,475328,0,0,0,0,0,0,0,0,0,0,0,0,0,0,471168,128,568,1323,3255627640,2812245217,971456,0
964,1116672,0,0,0,4352,9664,416704,450048,235904,216128,896000,0,1216,411392,0,0,0,0,0,0,0,0,0,0,0,0,0,0,449920,128,559,1309,1777372012,832575163,886336,0
965,1117440,0,0,0,10240,9728,480960,448256,168256,148160,964736,0,1280,475712,0,0,0,0,0,0,0,0,0,0,0,0,0,0,448128,128,555,1312,4168130731,1720465174,955008,0
966,1116160,0,0,0,4224,9344,461440,476864,164288,144576,967168,0,1344,456064,0,0,0,0,0,0,0,0,0,0,0,0,0,0,476736,128,584,1385,3654421331,2170046758,957824,0
967,1116672,0,0,0,4288,9408,428800,476992,197184,177472,934784,0,1280,423488,0,0,0,0,0,0,0,0,0,0,0,0,0,0,476864,128,579,1375,3829517528,3584787663,925376,0
968,1116800,0,0,0,4352,9344,422464,446208,234432,214528,897856,0,1280,417216,0,0,0,0,0,0,0,0,0,0,0,0,0,0,446080,128,559,1320,2298839736,2047782493,888512,0
969,1116800,0,0,0,4288,9216,392256,440768,270272,250496,861952,0,1280,387008,0,0,0,0,0,0,0,0,0,0,0,0,0,0,440640,128,551,1311,825309929,3828272901,852736,0
970,1116928,0,0,0,6528,9472,416512,466816,217600,197760,914688,0,1216,411200,0,0,0,0,0,0,0,0,0,0,0,0,0,0,466688,128,571,1377,3653761144,4230561182,905216,0
971,1116928,0,0,0,6784,10880,428544,478144,192576,172544,939776,0,1280,423360,0,0,0,0,0,0,0,0,0,0,0,0,0,0,478016,128,569,1376,4042706059,2843873351,928896,0
972,1116608,0,0,0,7104,9792,454016,490048,155648,135936,976128,0,1280,448960,0,0,0,0,0,0,0,0,0,0,0,0,0,0,489920,128,546,1316,1119100204,3930210877,966336,0
973,1116736,0,0,0,9536,10112,490304,499264,107520,87552,1024256,0,1344,485120,0,0,0,0,0,0,0,0,0,0,0,0,0,0,499136,128,554,1323,3960005108,1936213695,1014144,0
974,1117056,0,0,0,4160,9728,491520,517952,93696,73664,1038656,0,1280,486272,0,0,0,0,0,0,0,0,0,0,0,0,0,0,517824,128,560,1347,361401443,934074811,1028928,0
975,1116544,0,0,0,4224,9664,462720,504000,135936,116288,995584,0,1216,457408,0,0,0,0,0,0,0,0,0,0,0,0,0,0,503872,128,564,1345,25916409,4161017354,985920,0
976,1116864,0,0,0,4096,9792,468736,489024,145216,119744,992384,0,1344,463488,0,0,0,0,0,0,0,0,0,0,0,0,0,0,488896,128,545,1290,3358631758,81047863,982592,0
977,1116864,0,0,0,4096,24064,512960,487936,87808,68160,1044032,0,1344,507648,0,0,0,0,0,0,0,0,0,0,0,0,0,0,487872,64,549,1291,1135315402,805272798,1019968,0
978,1678144,0,0,0,11968,24512,725760,558528,357376,337088,1336448,0,1408,720256,0,0,0,0,0,0,0,0,0,0,0,0,0,0,558400,128,574,1375,3130833481,3533412683,1311936,0
979,1115648,0,0,0,4288,9600,398656,531136,171968,152256,958848,0,1280,393280,0,0,0,0,0,0,0,0,0,0,0,0,0,0,531008,128,576,1379,2269721401,3251863231,949248,0
980,1117248,0,0,0,4224,23616,404736,527424,157248,137408,975360,0,1344,399552,0,0,0,0,0,0,0,0,0,0,0,0,0,0,527296,128,566,1348,4034423510,3121093121,951744,0
981,1116800,0,0,0,4224,9408,392448,527040,183680,163776,948608,0,1344,387264,0,0,0,0,0,0,0,0,0,0,0,0,0,0,526912,128,562,1341,2925245721,4192662326,939200,0
982,1677120,0,0,0,4096,9472,543872,573824,545856,525952,1146688,0,1280,538624,0,0,0,0,0,0,0,0,0,0,0,0,0,0,573696,128,570,1380,2473793945,3733772644,1137216,0
983,1116864,0,0,0,4096,9280,488512,557056,57920,36032,1076352,0,1216,483200,0,0,0,0,0,0,0,0,0,0,0,0,0,0,556928,128,575,1394,2794163018,310495675,1067072,0
984,1116608,0,0,0,5312,9600,434880,510592,156224,136192,975872,0,1344,429696,0,0,0,0,0,0,0,0,0,0,0,0,0,0,510464,128,575,1366,282070518,2243150391,966272,0
985,1117120,0,0,0,6528,10752,453248,522240,124352,104320,1008128,0,1280,448000,0,0,0,0,0,0,0,0,0,0,0,0,0,0,522112,128,567,1348,1523802897,1968669989,997376,0
986,1676864,0,0,0,5952,9472,534592,569216,557632,537856,1134528,0,1216,529408,0,0,0,0,0,0,0,0,0,0,0,0,0,0,569088,128,594,1416,1541807813,2168011914,1125056,0
987,1116736,0,0,0,4224,9664,466240,565760,70848,51328,1060928,0,1280,460928,0,0,0,0,0,0,0,0,0,0,0,0,0,0,565632,128,591,1410,2045491684,2179611996,1051264,0
988,1116800,0,0,0,9472,9600,463680,499520,134528,114368,997824,0,1280,458368,0,0,0,0,0,0,0,0,0,0,0,0,0,0,499392,128,563,1333,1676222220,145126080,988224,0
989,1676480,0,0,0,4224,9664,446208,962816,253568,233664,1438336,0,1280,440960,0,0,0,0,0,0,0,0,0,0,0,0,0,0,962688,128,565,1340,696197901,1916538564,1428672,0
990,1116864,0,0,0,9216,9600,403264,544576,150208,130368,981888,0,1280,398144,0,0,0,0,0,0,0,0,0,0,0,0,0,0,544448,128,581,1390,3388354807,1822371017,972288,0
991,1116736,0,0,0,4160,9536,379584,549504,173952,154112,958208,0,1280,374336,0,0,0,0,0,0,0,0,0,0,0,0,0,0,549376,128,584,1392,1838417847,3905638719,948672,0
992,1116736,0,0,0,6464,9472,442688,550784,107328,81920,1030336,0,1216,437376,0,0,0,0,0,0,0,0,0,0,0,0,0,0,550656,128,569,1327,3366858348,2043440272,1020864,0
993,1116992,0,0,0,6400,9536,386368,508736,205952,185920,926656,0,1280,381248,0,0,0,0,0,0,0,0,0,0,0,0,0,0,508608,128,549,1291,3870484939,833204420,917120,0
994,2236864,0,0,0,11648,23936,673408,987776,540096,518208,1714048,0,1280,668224,0,0,0,0,0,0,0,0,0,0,0,0,0,0,987648,128,578,1371,2908517150,1224725659,1690112,0
995,1116928,0,0,0,6528,24320,358912,516416,210752,191040,921472,0,1152,353600,0,0,0,0,0,0,0,0,0,0,0,0,0,0,516288,128,564,1332,4130313581,1139851417,897152,0
996,1116672,0,0,0,6528,23872,374144,472768,239360,219584,892480,0,1280,368832,0,0,0,0,0,0,0,0,0,0,0,0,0,0,472640,128,549,1281,2713769775,591054813,868608,0
997,1116608,0,0,0,5504,9536,379840,483456,238272,218752,893440,0,1280,374656,0,0,0,0,0,0,0,0,0,0,0,0,0,0,483328,128,544,1273,3272179375,3973000992,883904,0
998,1116864,0,0,0,4928,10944,468480,514496,118016,98176,1014144,0,1280,463296,0,0,0,0,0,0,0,0,0,0,0,0,0,0,514368,128,572,1332,2258379414,2255064750,1003200,0
999,1117184,0,0,0,4096,9792,472192,502592,128512,108544,1004288,0,1280,466880,0,0,0,0,0,0,0,0,0,0,0,0,0,0,502464,128,565,1326,3823797055,1648637395,994496,0
1000,1116416,0,0,0,4032,9728,385216,458240,259200,239296,872640,0,1216,379840,0,0,0,0,0,0,0,0,0,0,0,0,0,0,458112,128,541,1271,3431641442,1307734571,862912,0
1001,1117056,0,0,0,4032,9408,400320,461824,241472,221568,891072,0,1216,395136,0,0,0,0,0,0,0,0,0,0,0,0,0,0,461696,128,540,1272,2290755235,214332608,881664,0
1002,1116608,0,0,0,4160,9472,525120,551744,26112,6464,1105536,0,1280,519872,0,0,0,0,0,0,0,0,0,0,0,0,0,0,551616,128,562,1342,2972296135,725270810,1096064,0
1003,1116736,0,0,0,4096,9792,412928,509184,180736,160960,951040,0,1280,407616,0,0,0,0,0,0,0,0,0,0,0,0,0,0,509056,128,565,1330,45667058,3230241208,941248,0
1004,1116928,0,0,0,4096,9920,426240,496384,180288,160640,951552,0,1344,420992,0,0,0,0,0,0,0,0,0,0,0,0,0,0,496192,192,551,1285,249755093,2873444044,941632,0
1005,1116864,0,0,0,4096,9856,411712,493120,198080,178176,933952,0,1152,406400,0,0,0,0,0,0,0,0,0,0,0,0,0,0,492992,128,548,1289,1748671129,4172392186,924096,0
1006,1116736,0,0,0,4096,9920,440448,512576,149696,129664,982336,0,1280,435136,0,0,0,0,0,0,0,0,0,0,0,0,0,0,512448,128,560,1325,2677237352,253091080,972416,0
1007,1116864,0,0,0,4096,24064,455488,556544,76672,56576,1055488,0,1280,450240,0,0,0,0,0,0,0,0,0,0,0,0,0,0,556416,128,568,1350,2097060471,336067738,1031424,0
1008,1117056,0,0,0,4160,10048,430848,495744,176256,150464,961792,0,1216,425600,0,0,0,0,0,0,0,0,0,0,0,0,0,0,495616,128,555,1307,1337195747,2943038819,951744,0
1009,1116544,0,0,0,4160,9984,454272,485056,163072,143296,968384,0,1280,449024,0,0,0,0,0,0,0,0,0,0,0,0,0,0,484928,128,554,1300,2571519175,2483234388,958400,0
1010,1116800,0,0,0,4224,9856,458624,549376,94720,75008,1036992,0,1280,453312,0,0,0,0,0,0,0,0,0,0,0,0,0,0,549248,128,566,1345,2693509667,67834758,1027136,0
1011,1116608,0,0,0,4224,9792,495744,517184,89664,70144,1041728,0,1344,490496,0,0,0,0,0,0,0,0,0,0,0,0,0,0,517056,128,566,1354,2511307985,921043548,1031936,0
1012,1117056,0,0,0,4096,9792,451520,545600,106048,86336,1025984,0,1280,446208,0,0,0,0,0,0,0,0,0,0,0,0,0,0,545472,128,542,1286,3036318214,2721731207,1016192,0
1013,1116864,0,0,0,6464,9920,414912,486592,198976,178880,933056,0,1280,409600,0,0,0,0,0,0,0,0,0,0,0,0,0,0,486464,128,541,1273,1735476901,4183906054,923136,0
1014,1116608,0,0,0,6720,11072,428928,506432,163456,143488,968256,0,1216,423616,0,0,0,0,0,0,0,0,0,0,0,0,0,0,506304,128,553,1318,2960765821,1593457522,957184,0
1015,1116864,0,0,0,15360,10176,520768,540288,30272,9920,1101888,0,1280,515648,0,0,0,0,0,0,0,0,0,0,0,0,0,0,540160,128,555,1318,3389160830,1082402018,1091712,0
1016,1116864,0,0,0,4224,10176,542016,524544,35904,16384,1095616,0,1280,536640,0,0,0,0,0,0,0,0,0,0,0,0,0,0,524416,128,541,1274,1968344089,2593783587,1085440,0
1017,1677696,0,0,0,4160,9792,610368,516288,537088,517056,1155776,0,1280,605056,0,0,0,0,0,0,0,0,0,0,0,0,0,0,516160,128,560,1299,2303845109,328478059,1145984,0
1018,1677120,0,0,0,3968,9344,577344,529024,557440,536960,1135616,0,1344,572160,0,0,0,0,0,0,0,0,0,0,0,0,0,0,528896,128,578,1339,3015228112,1271807296,1126272,0
1019,1676032,0,0,0,7232,9472,508736,583296,567296,547584,1123904,0,1216,503488,0,0,0,0,0,0,0,0,0,0,0,0,0,0,583168,128,587,1357,2819472139,1387826742,1114432,0
1020,1116864,0,0,0,5248,9472,530560,467648,103936,83712,1028608,0,1216,525248,0,0,0,0,0,0,0,0,0,0,0,0,0,0,467520,128,579,1327,2896290020,41317669,1019136,0
1021,1116608,0,0,0,4032,9536,509248,519168,74624,54848,1057280,0,1280,504064,0,0,0,0,0,0,0,0,0,0,0,0,0,0,519040,128,563,1288,200370795,3133812,1047744,0
1022,1677888,0,0,0,5440,23936,862720,629696,156096,132672,1540672,0,1216,857472,0,0,0,0,0,0,0,0,0,0,0,0,0,0,629568,128,551,1279,2677654687,3933047275,1516736,0
1023,1115904,0,0,0,4096,24704,427392,568384,91328,71552,1039872,0,1216,422272,0,0,0,0,0,0,0,0,0,0,0,0,0,0,568256,128,542,1274,3290436358,3796575476,1015168,0
1024,1117056,0,0,0,4224,24128,390592,507328,190784,165760,946752,0,1216,385472,0,0,0,0,0,0,0,0,0,0,0,0,0,0,507200,128,531,1230,176428312,2338106529,922624,0
1025,1116544,0,0,0,4160,23936,367232,503872,217344,197504,914560,0,1152,361984,0,0,0,0,0,0,0,0,0,0,0,0,0,0,503744,128,528,1217,855898668,3240262974,890624,0
1026,1116736,0,0,0,4160,9792,467968,537600,97216,77504,1034624,0,1216,462720,0,0,0,0,0,0,0,0,0,0,0,0,0,0,537472,128,526,1209,3322923161,308461593,1024832,0
1027,1117312,0,0,0,4160,10752,479168,511040,112192,92160,1020608,0,1280,473856,0,0,0,0,0,0,0,0,0,0,0,0,0,0,510912,128,538,1229,754959738,4192454616,1009856,0
1028,1677120,0,0,0,18752,9728,769216,575040,304384,284032,1388160,0,1280,763904,0,0,0,0,0,0,0,0,0,0,0,0,0,0,574912,128,535,1233,1269122595,2663797615,1378432,0
1029,1116096,0,0,0,5568,10048,443520,538112,118848,98880,1012352,0,1280,438272,0,0,0,0,0,0,0,0,0,0,0,0,0,0,537984,128,539,1236,293103452,2719781683,1002304,0
1030,1116736,0,0,0,6720,10112,425472,507456,166976,147328,964544,0,1280,420160,0,0,0,0,0,0,0,0,0,0,0,0,0,0,507328,128,528,1218,2978303481,4264233216,954432,0
1031,1116864,0,0,0,5696,9856,463488,466240,171584,151872,960256,0,1280,458112,0,0,0,0,0,0,0,0,0,0,0,0,0,0,466112,128,527,1211,2716844461,3985445434,950400,0
1032,1116480,0,0,0,4224,10240,533952,491328,76736,57216,1053952,0,1280,528576,0,0,0,0,0,0,0,0,0,0,0,0,0,0,491200,128,535,1258,4022984865,1003291353,1043712,0
1033,1116800,0,0,0,4352,9792,495104,491904,115648,96128,1015936,0,1216,489792,0,0,0,0,0,0,0,0,0,0,0,0,0,0,491776,128,536,1271,2347797131,1604793320,1006144,0
1034,1116928,0,0,0,4288,9856,496000,466944,139840,119744,992448,0,1280,490688,0,0,0,0,0,0,0,0,0,0,0,0,0,0,466816,128,524,1237,3881387144,514720992,982592,0
1035,1116608,0,0,0,4288,9984,493632,465344,143360,123712,988160,0,1280,488320,0,0,0,0,0,0,0,0,0,0,0,0,0,0,465216,128,523,1239,2589343704,3679566033,978176,0
1036,1116928,0,0,0,4288,9856,547328,498176,57280,37632,1074496,0,1344,541952,0,0,0,0,0,0,0,0,0,0,0,0,0,0,498048,128,537,1277,2569248639,2957258932,1064640,0
1037,1677056,0,0,0,4352,24000,621504,497344,529856,510144,1162176,0,1280,616256,0,0,0,0,0,0,0,0,0,0,0,0,0,0,497216,128,552,1335,4157072111,1800256699,1138176,0
1038,1116352,0,0,0,4224,11392,584064,461120,55552,33856,1077760,0,1344,578752,0,0,0,0,0,0,0,0,0,0,0,0,0,0,460992,128,548,1311,932090270,2394688002,1066368,0
1039,1117184,0,0,0,5120,9856,589824,451392,60992,41216,1071168,0,1344,584640,0,0,0,0,0,0,0,0,0,0,0,0,0,0,451264,128,548,1299,3671319631,1044621711,1061312,0
1040,1677632,0,0,0,4352,9664,715264,531712,416640,390592,1282368,0,1280,710016,0,0,0,0,0,0,0,0,0,0,0,0,0,0,531584,128,564,1355,1980916307,2426134261,1272704,0
1041,1676800,0,0,0,8768,11328,621120,497920,537664,517760,1154048,0,1280,615808,0,0,0,0,0,0,0,0,0,0,0,0,0,0,497792,128,580,1388,2986736058,2569043759,1142720,0
1042,1116096,0,0,0,7168,9920,446656,471488,180864,161216,950080,0,1280,441472,0,0,0,0,0,0,0,0,0,0,0,0,0,0,471360,128,565,1336,66646200,3447830793,940160,0
1043,1118208,0,0,0,7360,9792,446272,507264,147520,126208,987072,0,1280,441088,0,0,0,0,0,0,0,0,0,0,0,0,0,0,507136,128,573,1351,3550024746,814825106,977280,0
1044,1116928,0,0,0,5696,9856,426752,503488,171136,149632,962496,0,1280,421440,0,0,0,0,0,0,0,0,0,0,0,0,0,0,503360,128,589,1402,926732598,692135728,952640,0
1045,1676992,0,0,0,15424,10240,744064,546304,360960,339520,1332480,0,1280,738688,0,0,0,0,0,0,0,0,0,0,0,0,0,0,546176,128,583,1410,3743427815,3164320690,1322240,0
1046,1116800,0,0,0,4480,10112,448960,502528,150720,129088,982656,0,1280,443648,0,0,0,0,0,0,0,0,0,0,0,0,0,0,502400,128,561,1350,4134742300,2090974426,972544,0
1047,1116992,0,0,0,4544,10112,474560,508096,119680,97920,1014144,0,1280,469312,0,0,0,0,0,0,0,0,0,0,0,0,0,0,507968,128,560,1355,3610682249,3170093219,1004032,0
1048,1677120,0,0,0,11008,10112,637376,594048,424576,402560,1269440,0,1280,632000,0,0,0,0,0,0,0,0,0,0,0,0,0,0,593984,64,594,1447,991625902,3618978934,1259328,0
1049,1676608,0,0,0,6848,10496,615872,661632,381760,360192,1311040,0,1280,610624,0,0,0,0,0,0,0,0,0,0,0,0,0,0,661504,128,630,1527,3725476980,2502313266,1300544,0
1050,1676928,0,0,0,5696,24448,671168,922944,52672,31360,1640384,0,1280,665792,0,0,0,0,0,0,0,0,0,0,0,0,0,0,922816,128,604,1465,767004672,1387481908,1615936,0
1051,1677632,0,0,0,4608,24640,427456,637760,583168,561152,1111424,0,1280,422208,0,0,0,0,0,0,0,0,0,0,0,0,0,0,637632,128,606,1467,2170525793,3397120193,1086784,0
1052,1676352,0,0,0,4480,24256,447616,643776,556224,534464,1136768,0,1280,442496,0,0,0,0,0,0,0,0,0,0,0,0,0,0,643648,128,619,1502,2953114474,2497246318,1112512,0
1053,1116608,0,0,0,4480,11392,417472,643136,40128,18560,1093120,0,1280,412096,0,0,0,0,0,0,0,0,0,0,0,0,0,0,643008,128,617,1502,1282560547,2014025520,1081728,0
1054,1116928,0,0,0,4416,10048,422720,629184,50560,28992,1082880,0,1280,417408,0,0,0,0,0,0,0,0,0,0,0,0,0,0,629056,128,601,1456,1080322713,2289228649,1072832,0
1055,1676928,0,0,0,4416,10176,508416,635328,518592,497152,1174784,0,1280,503296,0,0,0,0,0,0,0,0,0,0,0,0,0,0,635200,128,606,1466,3681416814,3851035460,1164608,0
1056,1677120,0,0,0,6784,10368,580800,672448,406720,379456,1292480,0,1280,575552,0,0,0,0,0,0,0,0,0,0,0,0,0,0,672320,128,616,1498,2330576340,546426195,1282112,0
1057,1677440,0,0,0,7808,10752,635264,722432,301184,278976,1393216,0,1408,630016,0,0,0,0,0,0,0,0,0,0,0,0,0,0,722304,128,607,1477,2906927912,3399592578,1382464,0
1058,1676992,0,0,0,9024,10240,617664,696576,343488,320704,1351296,0,1344,612352,0,0,0,0,0,0,0,0,0,0,0,0,0,0,696448,128,594,1441,4075704668,2412845932,1341056,0
1059,1676224,0,0,0,4416,10432,550336,588224,522816,501184,1169920,0,1280,544960,0,0,0,0,0,0,0,0,0,0,0,0,0,0,588096,128,607,1450,2083664519,2572888791,1159488,0
1060,1677120,0,0,0,5632,10432,621056,604928,435072,413376,1258624,0,1280,615744,0,0,0,0,0,0,0,0,0,0,0,0,0,0,604800,128,626,1502,2510186503,2562152116,1248192,0
1061,1676544,0,0,0,6976,10304,671360,609152,378752,357056,1314368,0,1344,665984,0,0,0,0,0,0,0,0,0,0,0,0,0,0,609024,128,606,1457,3156562490,577941362,1304064,0
1062,1677120,0,0,0,4288,10176,560704,586368,515584,494016,1177984,0,1280,555520,0,0,0,0,0,0,0,0,0,0,0,0,0,0,586240,128,595,1425,2629566315,724782575,1167808,0
1063,1676928,0,0,0,4416,10048,551616,584384,526464,504768,1167104,0,1344,546240,0,0,0,0,0,0,0,0,0,0,0,0,0,0,584256,128,630,1480,3748557013,2484435078,1157056,0
1064,1676928,0,0,0,6848,11904,557248,574336,526592,505088,1166592,0,1344,552000,0,0,0,0,0,0,0,0,0,0,0,0,0,0,574208,128,620,1458,2493382153,1978896181,1154688,0
1065,1116864,0,0,0,7360,10432,498880,572992,27200,5696,1105920,0,1280,493568,0,0,0,0,0,0,0,0,0,0,0,0,0,0,572864,128,603,1430,1963785309,1044229380,1095488,0
1066,1116992,0,0,0,5504,10112,503488,540352,57536,35712,1076416,0,1280,498304,0,0,0,0,0,0,0,0,0,0,0,0,0,0,540224,128,578,1360,4293120153,2168514625,1066304,0
1067,1116800,0,0,0,4160,24256,492416,541120,54848,33280,1078336,0,1280,486976,0,0,0,0,0,0,0,0,0,0,0,0,0,0,540992,128,586,1376,171506501,3245153477,1054080,0
1068,1677120,0,0,0,4096,10368,537920,567744,556992,535360,1136768,0,1344,532160,0,0,0,0,0,0,0,0,0,0,0,0,0,0,567616,128,618,1444,836707115,3388851302,1126400,0
1069,1116736,0,0,0,4096,10560,485440,551168,65472,44096,1067456,0,1280,480000,0,0,0,0,0,0,0,0,0,0,0,0,0,0,551040,128,629,1460,2806051130,438762647,1056896,0
1070,1116672,0,0,0,4032,9920,424448,478464,199808,178496,933248,0,1280,419200,0,0,0,0,0,0,0,0,0,0,0,0,0,0,478336,128,598,1375,2335259914,2847833606,923328,0
1071,1117248,0,0,0,4032,10048,410880,462080,230208,208192,904192,0,1344,405440,0,0,0,0,0,0,0,0,0,0,0,0,0,0,461952,128,601,1385,601330230,3097182551,894144,0
1072,1116992,0,0,0,4096,9792,442496,489600,171008,143680,968640,0,1216,437120,0,0,0,0,0,0,0,0,0,0,0,0,0,0,489472,128,598,1400,3358635567,256906368,958848,0
1073,1117120,0,0,0,4160,9920,462336,489984,150720,129024,983360,0,1344,457024,0,0,0,0,0,0,0,0,0,0,0,0,0,0,489856,128,597,1399,1768683027,3580876156,973440,0
1074,1116480,0,0,0,4928,9856,414656,463552,223488,201920,909888,0,1280,409472,0,0,0,0,0,0,0,0,0,0,0,0,0,0,463424,128,574,1338,891311754,3247148517,900032,0
1075,1116736,0,0,0,4160,9728,418304,463552,220992,199616,912384,0,1280,412992,0,0,0,0,0,0,0,0,0,0,0,0,0,0,463424,128,571,1335,3561466688,2275632573,902656,0
1076,1116864,0,0,0,4032,9728,462592,490624,149888,128256,983936,0,1280,457408,0,0,0,0,0,0,0,0,0,0,0,0,0,0,490496,128,589,1397,2378177762,1310245460,974208,0
1077,1117120,0,0,0,4096,9856,436096,483392,183680,161728,950656,0,1280,430848,0,0,0,0,0,0,0,0,0,0,0,0,0,0,483264,128,591,1397,1848030275,3741112313,940800,0
1078,1114816,0,0,0,4096,9984,433728,456576,210432,190400,919680,0,1216,428416,0,0,0,0,0,0,0,0,0,0,0,0,0,0,456448,128,591,1368,1301812461,3418484736,909696,0
1079,1116672,0,0,0,4160,10944,544832,449792,106944,87552,1024320,0,1280,539456,0,0,0,0,0,0,0,0,0,0,0,0,0,0,449664,128,584,1356,1091114711,2399966094,1013376,0
1080,1677632,0,0,0,8768,9792,521536,755008,382528,362304,1310464,0,1280,516352,0,0,0,0,0,0,0,0,0,0,0,0,0,0,754880,128,586,1402,2552888243,611132786,1300672,0
1081,1116096,0,0,0,4160,9920,435520,470464,196032,176192,935296,0,1344,430208,0,0,0,0,0,0,0,0,0,0,0,0,0,0,470336,128,592,1410,1257232490,776025411,925376,0
1082,1117248,0,0,0,4224,9984,456896,460288,185856,165632,946816,0,1344,451456,0,0,0,0,0,0,0,0,0,0,0,0,0,0,460160,128,582,1351,581630916,4271807924,936832,0
1083,1676416,0,0,0,10752,9920,591808,484928,579008,558656,1112768,0,1344,586560,0,0,0,0,0,0,0,0,0,0,0,0,0,0,484800,128,601,1415,3075765875,895498895,1102848,0
1084,1116736,0,0,0,7296,9920,529216,495360,74944,54592,1057216,0,1280,523904,0,0,0,0,0,0,0,0,0,0,0,0,0,0,495232,128,608,1450,1441635952,3889392172,1047296,0
1085,1678464,0,0,0,11136,24192,588608,548160,506368,484928,1188608,0,1280,583232,0,0,0,0,0,0,0,0,0,0,0,0,0,0,548032,128,601,1444,1775915999,245886708,1164416,0
1086,1116800,0,0,0,4352,9728,393344,491456,217920,196352,915712,0,1344,388160,0,0,0,0,0,0,0,0,0,0,0,0,0,0,491328,128,584,1392,2536768718,4037876725,905984,0
1087,1115456,0,0,0,7104,23808,389760,492224,202560,182528,928320,0,1280,384576,0,0,0,0,0,0,0,0,0,0,0,0,0,0,492096,128,591,1415,3770711156,2699244642,904512,0
1088,1116992,0,0,0,7040,9856,424448,505152,170496,145024,967232,0,1280,419264,0,0,0,0,0,0,0,0,0,0,0,0,0,0,505024,128,604,1449,475357447,2563105330,957376,0
1089,1116992,0,0,0,5888,9600,448832,498880,153792,133696,978496,0,1280,443584,0,0,0,0,0,0,0,0,0,0,0,0,0,0,498752,128,586,1390,780947200,2247109004,968896,0
1090,1116736,0,0,0,4224,9984,468352,462720,171456,151360,960576,0,1216,463040,0,0,0,0,0,0,0,0,0,0,0,0,0,0,462592,128,557,1326,2841521934,2569820651,950592,0
1091,1116864,0,0,0,4224,9920,462144,465600,174976,155200,956928,0,1280,456896,0,0,0,0,0,0,0,0,0,0,0,0,0,0,465472,128,563,1331,2151579187,3861777960,947008,0
1092,1116736,0,0,0,4160,9856,491328,493056,118336,98304,1013760,0,1216,486080,0,0,0,0,0,0,0,0,0,0,0,0,0,0,492928,128,598,1413,3323985313,3493330208,1003904,0
1093,1116800,0,0,0,4160,11200,476160,498624,126656,106624,1005376,0,1280,470976,0,0,0,0,0,0,0,0,0,0,0,0,0,0,498496,128,571,1347,4188399728,660267718,994176,0
1094,1116736,0,0,0,4416,9984,483264,471488,147584,128256,983680,0,1280,477952,0,0,0,0,0,0,0,0,0,0,0,0,0,0,471360,128,546,1284,3747829629,3311421358,973696,0
1095,1116928,0,0,0,7488,9984,471232,465024,163200,143104,968960,0,1280,466048,0,0,0,0,0,0,0,0,0,0,0,0,0,0,464896,128,556,1299,2181542416,1352762307,958976,0
1096,1676736,0,0,0,6784,9728,613248,492672,554304,534528,1137344,0,1216,608000,0,0,0,0,0,0,0,0,0,0,0,0,0,0,492544,128,572,1346,1550948897,1531018245,1127616,0
1097,1116928,0,0,0,4224,24000,463744,491712,133248,113216,999040,0,1216,458432,0,0,0,0,0,0,0,0,0,0,0,0,0,0,491584,128,581,1358,1947933136,1107853611,975040,0
1098,1117120,0,0,0,6784,9408,547200,469184,84544,64448,1048192,0,1280,542016,0,0,0,0,0,0,0,0,0,0,0,0,0,0,469056,128,562,1299,3709066221,2316975830,1038784,0
1099,1116608,0,0,0,6592,9024,559040,481856,60096,40256,1072320,0,1280,553856,0,0,0,0,0,0,0,0,0,0,0,0,0,0,481728,128,551,1279,958574630,2202091372,1063296,0
1100,1117120,0,0,0,5504,9024,497536,451712,153344,133312,979840,0,1280,492416,0,0,0,0,0,0,0,0,0,0,0,0,0,0,451584,128,557,1281,3119812999,254487697,970816,0
1101,1116032,0,0,0,4224,9280,553600,455616,93312,73792,1038144,0,1216,548288,0,0,0,0,0,0,0,0,0,0,0,0,0,0,455488,128,566,1291,1071003748,368754328,1028864,0
1102,1116800,0,0,0,4288,9280,566144,416704,120384,100736,1012032,0,1280,560960,0,0,0,0,0,0,0,0,0,0,0,0,0,0,416576,128,542,1242,3918045824,2081935635,1002752,0
1103,1117056,0,0,0,6592,9088,582272,431104,88000,68032,1044928,0,1216,577088,0,0,0,0,0,0,0,0,0,0,0,0,0,0,430912,192,528,1210,1978721607,1727948691,1035840,0
1104,1677120,0,0,0,6784,9088,642560,479936,538752,513280,1159808,0,1216,637312,0,0,0,0,0,0,0,0,0,0,0,0,0,0,479808,128,554,1246,748442938,935865885,1150720,0
1105,1677248,0,0,0,4224,9088,698432,452672,512832,492544,1180736,0,1280,693184,0,0,0,0,0,0,0,0,0,0,0,0,0,0,452544,128,564,1275,943002891,3878412366,1171648,0
1106,1116608,0,0,0,6592,9536,615552,425856,59072,39040,1073216,0,1216,610432,0,0,0,0,0,0,0,0,0,0,0,0,0,0,425728,128,549,1255,283785250,4229473619,1063680,0
1107,1116800,0,0,0,6784,10304,614208,423168,62336,42496,1070336,0,1280,608896,0,0,0,0,0,0,0,0,0,0,0,0,0,0,423040,128,563,1277,2618184475,4192603502,1060032,0
1108,1116928,0,0,0,4096,9024,635136,435904,32768,13312,1099584,0,1216,629824,0,0,0,0,0,0,0,0,0,0,0,0,0,0,435776,128,558,1272,920504746,2811227625,1090560,0
1109,1676992,0,0,0,9280,9280,738816,464256,455360,435264,1237632,0,1216,733632,0,0,0,0,0,0,0,0,0,0,0,0,0,0,464128,128,558,1261,987037721,1862827388,1228352,0
1110,1676864,0,0,0,6720,9152,772416,464512,424064,404224,1268416,0,1280,767104,0,0,0,0,0,0,0,0,0,0,0,0,0,0,464384,128,568,1275,2870980403,3483254442,1259264,0
1111,1676928,0,0,0,6784,8960,675392,460480,525312,505408,1167360,0,1280,670208,0,0,0,0,0,0,0,0,0,0,0,0,0,0,460352,128,573,1292,2768009311,2331419470,1158400,0
1112,1676864,0,0,0,7168,9088,652032,450816,557760,537792,1134848,0,1280,646848,0,0,0,0,0,0,0,0,0,0,0,0,0,0,450688,128,551,1258,3187186721,3860560568,1125760,0
1113,1677376,0,0,0,8384,9088,688192,407680,564032,543936,1129344,0,1344,682944,0,0,0,0,0,0,0,0,0,0,0,0,0,0,407552,128,560,1269,3100113890,164084461,1120256,0
1114,1676800,0,0,0,7296,9152,684224,433856,542272,522496,1150144,0,1344,679040,0,0,0,0,0,0,0,0,0,0,0,0,0,0,433728,128,572,1298,3308436112,3803727892,1140992,0
1115,1677248,0,0,0,4032,9216,718976,467712,477312,457472,1215744,0,1280,713792,0,0,0,0,0,0,0,0,0,0,0,0,0,0,467584,128,568,1290,621608742,1541217825,1206528,0
1116,1676736,0,0,0,4032,9280,730880,467520,465024,445312,1227328,0,1216,725568,0,0,0,0,0,0,0,0,0,0,0,0,0,0,467392,128,548,1265,191361378,2948366015,1218048,0
1117,1677120,0,0,0,6464,9280,691200,438912,531264,511424,1161472,0,1280,685952,0,0,0,0,0,0,0,0,0,0,0,0,0,0,438784,128,556,1254,3711452817,775478591,1152192,0
1118,1116928,0,0,0,6336,10048,668224,403584,28736,8896,1104064,0,1280,662848,0,0,0,0,0,0,0,0,0,0,0,0,0,0,403456,128,554,1246,1771776728,3281203020,1094016,0
1119,1116480,0,0,0,6144,8896,652672,402560,46208,26304,1086144,0,1280,647424,0,0,0,0,0,0,0,0,0,0,0,0,0,0,402432,128,546,1232,3027787755,941035365,1077248,0
1120,1677184,0,0,0,5248,9152,667392,409472,585920,559872,1113152,0,1280,662272,0,0,0,0,0,0,0,0,0,0,0,0,0,0,409344,128,546,1233,1606177528,398814969,1104000,0
1121,1677632,0,0,0,3968,9280,764928,427776,471680,451712,1221888,0,1408,759680,0,0,0,0,0,0,0,0,0,0,0,0,0,0,427648,128,508,1180,2413176899,1788267576,1212608,0
1122,1116224,0,0,0,6336,9024,451456,405120,244288,224384,887872,0,1280,446080,0,0,0,0,0,0,0,0,0,0,0,0,0,0,404992,128,541,1255,719810236,1943955581,878848,0
1123,1116672,0,0,0,6208,9408,379328,393600,328128,308544,804032,0,1344,374080,0,0,0,0,0,0,0,0,0,0,0,0,0,0,393472,128,541,1259,2522063166,3841107130,794624,0
1124,1116864,0,0,0,5248,9088,435520,413568,253440,233728,879104,0,1280,430336,0,0,0,0,0,0,0,0,0,0,0,0,0,0,413440,128,551,1272,511760810,1121477572,870016,0
1125,1116608,0,0,0,6272,9344,388736,394048,318208,298880,813632,0,1280,383552,0,0,0,0,0,0,0,0,0,0,0,0,0,0,393920,128,528,1250,973611817,136843973,804288,0
1126,1116672,0,0,0,6272,9344,381952,403776,315328,295360,817280,0,1280,376896,0,0,0,0,0,0,0,0,0,0,0,0,0,0,403648,128,521,1234,4130545851,1332217350,807936,0
1127,1117056,0,0,0,2432,23168,363840,402368,325248,305280,807808,0,1216,358784,0,0,0,0,0,0,0,0,0,0,0,0,0,0,402240,128,525,1240,3471686227,1639481254,784640,0
1128,1116544,0,0,0,2496,9024,406208,401408,297408,277952,834624,0,1216,401088,0,0,0,0,0,0,0,0,0,0,0,0,0,0,401280,128,523,1228,1906054934,3943620211,825600,0
1129,1117120,0,0,0,2496,8896,502976,402816,199936,180160,932992,0,1280,497856,0,0,0,0,0,0,0,0,0,0,0,0,0,0,402688,128,520,1222,682123899,3104765606,924096,0
1130,1116480,0,0,0,2560,9152,367104,369088,368576,349056,763392,0,1280,361856,0,0,0,0,0,0,0,0,0,0,0,0,0,0,368960,128,518,1218,1967350464,3438452475,754240,0
1131,1116928,0,0,0,2560,8896,383232,380480,341760,321920,791040,0,1216,378240,0,0,0,0,0,0,0,0,0,0,0,0,0,0,380352,128,516,1215,1468562638,2570547765,782144,0
1132,1116736,0,0,0,3328,9088,394688,416448,293184,273344,839296,0,1280,389504,0,0,0,0,0,0,0,0,0,0,0,0,0,0,416320,128,526,1239,773869202,3524070026,830208,0
1133,1116736,0,0,0,10560,10688,573952,442816,78720,58624,1053760,0,1216,568832,0,0,0,0,0,0,0,0,0,0,0,0,0,0,442688,128,532,1257,1562621472,1635603284,1043072,0
1134,1116544,0,0,0,3968,9600,439616,427840,235520,216000,896192,0,1280,434368,0,0,0,0,0,0,0,0,0,0,0,0,0,0,427712,128,532,1262,844975566,3157575783,886592,0
1135,1117056,0,0,0,4032,9408,581952,427712,93952,74112,1038528,0,1280,576640,0,0,0,0,0,0,0,0,0,0,0,0,0,0,427584,128,556,1295,1066223009,2475968667,1029120,0
1136,1117376,0,0,0,4032,9664,457472,428864,217344,191488,921472,0,1280,452096,0,0,0,0,0,0,0,0,0,0,0,0,0,0,428736,128,550,1277,1488499706,1957986907,911808,0
1137,1116480,0,0,0,3968,9280,429056,423040,251136,230976,881152,0,1280,423744,0,0,0,0,0,0,0,0,0,0,0,0,0,0,422912,128,547,1268,2073797828,10066358,871872,0
1138,1116544,0,0,0,4032,9216,420288,440768,242240,222336,889856,0,1216,415040,0,0,0,0,0,0,0,0,0,0,0,0,0,0,440640,128,553,1286,992236685,804652132,880640,0
1139,1116928,0,0,0,3840,9152,383232,507648,213056,193088,919424,0,1280,378048,0,0,0,0,0,0,0,0,0,0,0,0,0,0,507456,192,534,1252,670058738,1038702694,910272,0
1140,1116992,0,0,0,3840,9472,357760,423168,322752,302528,810048,0,1280,352576,0,0,0,0,0,0,0,0,0,0,0,0,0,0,423104,64,530,1244,83674021,2844954440,800576,0
1141,1116544,0,0,0,3904,9280,354560,418432,330368,310464,801728,0,1280,349440,0,0,0,0,0,0,0,0,0,0,0,0,0,0,418304,128,532,1241,3266574031,3914583835,792448,0
1142,1677504,0,0,0,3904,9280,461952,874176,328192,308096,1364928,0,1280,456768,0,0,0,0,0,0,0,0,0,0,0,0,0,0,874048,128,538,1266,2159446659,912317382,1355648,0
1143,1116352,0,0,0,3968,9472,362816,407616,332480,312704,799296,0,1280,357696,0,0,0,0,0,0,0,0,0,0,0,0,0,0,407488,128,555,1280,2099198746,1299846019,789824,0
1144,1116800,0,0,0,8960,9600,495808,428800,173632,153920,958272,0,1280,490432,0,0,0,0,0,0,0,0,0,0,0,0,0,0,428672,128,550,1269,2478159087,2055341648,948672,0
1145,1116800,0,0,0,9280,9536,532096,480704,85184,65536,1046848,0,1280,526912,0,0,0,0,0,0,0,0,0,0,0,0,0,0,480576,128,549,1267,72207046,1430783847,1037312,0
1146,1677440,0,0,0,9984,9856,1017216,485248,155136,135296,1537536,0,1280,1011776,0,0,0,0,0,0,0,0,0,0,0,0,0,0,485120,128,482,1126,1627141614,4174723163,1527680,0
1147,1677184,0,0,0,11584,10688,841600,649728,163584,143104,1529472,0,1280,836352,0,0,0,0,0,0,0,0,0,0,0,0,0,0,649600,128,489,1137,2678090833,1004380620,1518784,0
1148,1676544,0,0,0,4352,9728,730368,448000,484096,459648,1212288,0,1280,725120,0,0,0,0,0,0,0,0,0,0,0,0,0,0,447872,128,488,1138,887143432,3540372396,1202560,0
1149,1677632,0,0,0,15104,29376,824960,545664,262528,223424,1444672,0,2240,816384,0,0,0,0,0,0,0,0,0,0,0,0,0,0,545536,128,479,1137,2279869962,94143217,1415296,0
1150,1115968,0,0,0,4608,9664,493504,450112,158080,130752,980544,0,1216,488192,0,0,0,0,0,0,0,0,0,0,0,0,0,0,449984,128,480,1140,1672224736,2535344615,970880,0
1151,1116992,0,0,0,6784,24512,467520,459264,158912,132992,979200,0,1344,462336,0,0,0,0,0,0,0,0,0,0,0,0,0,0,459136,128,480,1146,2020262106,3295145937,954688,0
1152,1116672,0,0,0,7872,9792,450176,427904,220928,195840,916160,0,1280,444864,0,0,0,0,0,0,0,0,0,0,0,0,0,0,427776,128,482,1154,1066021009,2959197858,906368,0
1153,1116928,0,0,0,7360,9472,475072,564608,60416,40768,1071552,0,1152,469824,0,0,0,0,0,0,0,0,0,0,0,0,0,0,564480,128,484,1146,2671702458,4238360130,1062080,0
1154,1116864,0,0,0,5568,9664,467584,437504,196544,176384,935936,0,1280,462336,0,0,0,0,0,0,0,0,0,0,0,0,0,0,437376,128,488,1147,4123048697,4274745148,926272,0
1155,1116736,0,0,0,4160,9536,514880,428992,159168,139136,973120,0,1280,509632,0,0,0,0,0,0,0,0,0,0,0,0,0,0,428864,128,490,1155,2378541808,3002287799,963584,0
1156,1116672,0,0,0,4288,9728,506880,426944,168832,149248,963008,0,1216,501632,0,0,0,0,0,0,0,0,0,0,0,0,0,0,426752,192,494,1161,37320031,1436725900,953280,0
1157,1677376,0,0,0,4224,23680,659520,442496,547456,527424,1145536,0,1280,654208,0,0,0,0,0,0,0,0,0,0,0,0,0,0,442368,128,498,1166,2755408676,960275547,1121856,0
1158,1116672,0,0,0,4224,9408,553152,413376,136512,116416,995840,0,1280,547840,0,0,0,0,0,0,0,0,0,0,0,0,0,0,413248,128,497,1163,4240823336,1764943568,986432,0
1159,1116416,0,0,0,4224,9344,518720,414592,169536,149760,962240,0,1280,513664,0,0,0,0,0,0,0,0,0,0,0,0,0,0,414464,128,495,1153,783720536,2491747755,952896,0
1160,1117184,0,0,0,6528,9536,499584,404800,196736,176768,935936,0,1280,494336,0,0,0,0,0,0,0,0,0,0,0,0,0,0,404672,128,492,1136,3229790414,1123897707,926400,0
1161,1116864,0,0,0,6336,11264,530560,438464,130240,109888,1001920,0,1280,525376,0,0,0,0,0,0,0,0,0,0,0,0,0,0,438336,128,488,1138,2138666439,3725294245,990656,0
1162,1116800,0,0,0,5440,9664,522432,393280,185984,166272,946048,0,1152,517312,0,0,0,0,0,0,0,0,0,0,0,0,0,0,393152,128,487,1133,1883114538,940698830,936384,0
1163,1677312,0,0,0,4160,9472,628800,514944,519936,499968,1172864,0,1280,623552,0,0,0,0,0,0,0,0,0,0,0,0,0,0,514816,128,537,1238,665791135,3112865355,1163392,0
1164,1116352,0,0,0,5248,9728,587712,426752,86912,67264,1044480,0,1280,582208,0,0,0,0,0,0,0,0,0,0,0,0,0,0,426624,128,524,1221,1720223211,510082030,1034752,0
1165,1117184,0,0,0,6400,9600,502784,427840,170560,150528,962048,0,1216,497536,0,0,0,0,0,0,0,0,0,0,0,0,0,0,427712,128,537,1229,2629802439,3382119169,952448,0
1166,1116288,0,0,0,7040,9792,508800,428608,162048,142400,969344,0,1216,503424,0,0,0,0,0,0,0,0,0,0,0,0,0,0,428480,128,559,1273,1788782443,1777124436,959552,0
1167,1116992,0,0,0,6400,9344,458816,413952,228480,207936,904640,0,1280,453824,0,0,0,0,0,0,0,0,0,0,0,0,0,0,413824,128,561,1266,2028110620,2576590847,895296,0
1168,1677504,0,0,0,9856,9856,680256,571520,406016,380288,1292160,0,1280,675136,0,0,0,0,0,0,0,0,0,0,0,0,0,0,571392,128,568,1316,3777648619,3451579615,1282304,0
1169,1116416,0,0,0,4224,9664,447872,499008,155648,135936,976064,0,1216,442560,0,0,0,0,0,0,0,0,0,0,0,0,0,0,498880,128,566,1296,1581127820,3160955934,966400,0
1170,1677120,0,0,0,8896,9536,628416,531520,498752,478912,1193728,0,1280,623104,0,0,0,0,0,0,0,0,0,0,0,0,0,0,531392,128,557,1273,3094874078,871810249,1184192,0
1171,1677120,0,0,0,6656,9664,591168,504832,564800,544832,1127552,0,1280,585920,0,0,0,0,0,0,0,0,0,0,0,0,0,0,504704,128,565,1282,1587711188,1423497019,1117888,0
1172,1677056,0,0,0,8640,9984,579072,498368,580992,561152,1111104,0,1280,573760,0,0,0,0,0,0,0,0,0,0,0,0,0,0,498112,256,562,1267,3051836,3462600345,1101120,0
1173,1116608,0,0,0,8128,9728,577408,496000,25344,5568,1106304,0,1344,572224,0,0,0,0,0,0,0,0,0,0,0,0,0,0,495872,128,561,1268,1868206662,1530257588,1096576,0
1174,1116864,0,0,0,4544,11008,534208,475392,91712,71936,1040128,0,1280,529024,0,0,0,0,0,0,0,0,0,0,0,0,0,0,475264,128,551,1245,2644994498,1091857588,1029120,0
1175,1116736,0,0,0,2624,9792,464640,480448,159232,139648,972416,0,1280,459328,0,0,0,0,0,0,0,0,0,0,0,0,0,0,480320,128,544,1230,1027723862,289873679,962624,0
1176,1117120,0,0,0,2560,9408,467904,448320,188928,169024,943616,0,1280,462720,0,0,0,0,0,0,0,0,0,0,0,0,0,0,448192,128,556,1265,3906347551,3154595955,934208,0
1177,1116992,0,0,0,3968,9664,576768,454592,72000,52032,1060416,0,1280,571456,0,0,0,0,0,0,0,0,0,0,0,0,0,0,454464,128,547,1242,732571673,2624230224,1050752,0
1178,1116544,0,0,0,8512,9728,582272,444608,71424,51712,1060288,0,1280,576960,0,0,0,0,0,0,0,0,0,0,0,0,0,0,444480,128,535,1233,3436815260,4144948471,1050560,0
1179,1117120,0,0,0,4096,9472,509504,436416,157632,137664,975040,0,1280,504320,0,0,0,0,0,0,0,0,0,0,0,0,0,0,436288,128,552,1268,656110302,2409267196,965568,0
1180,1116928,0,0,0,5184,9600,468608,436928,196608,176576,935808,0,1280,463424,0,0,0,0,0,0,0,0,0,0,0,0,0,0,436736,192,542,1254,155307336,3064302145,926208,0
1181,1116672,0,0,0,6784,9408,539008,499840,61632,41664,1070528,0,1344,533696,0,0,0,0,0,0,0,0,0,0,0,0,0,0,499712,128,537,1247,3540540538,2873311469,1061120,0
1182,1116544,0,0,0,7232,9984,401472,430720,267136,247488,864320,0,1280,396288,0,0,0,0,0,0,0,0,0,0,0,0,0,0,430592,128,545,1246,1855946656,534038343,854336,0
1183,1116864,0,0,0,2624,9408,354304,416768,333760,313920,798464,0,1344,348928,0,0,0,0,0,0,0,0,0,0,0,0,0,0,416640,128,555,1268,1028048974,501920157,789056,0
1184,1117184,0,0,0,2560,9280,544896,442624,117824,91968,1020864,0,1216,539648,0,0,0,0,0,0,0,0,0,0,0,0,0,0,442496,128,562,1277,1468902369,793872795,1011584,0
1185,1117120,0,0,0,8512,9536,436736,456000,206336,186368,926208,0,1280,431360,0,0,0,0,0,0,0,0,0,0,0,0,0,0,455872,128,535,1236,4132215854,3443114956,916672,0
1186,1116032,0,0,0,3904,9536,395136,422848,284608,264768,846784,0,1280,390016,0,0,0,0,0,0,0,0,0,0,0,0,0,0,422720,128,550,1265,3165750209,3374637855,837248,0
1187,1116864,0,0,0,3904,23616,495360,416320,177664,157760,954752,0,1280,490048,0,0,0,0,0,0,0,0,0,0,0,0,0,0,416192,128,571,1273,1532455436,2616173058,931136,0
1188,1116864,0,0,0,3840,9344,471168,416256,216256,196352,916032,0,1280,465920,0,0,0,0,0,0,0,0,0,0,0,0,0,0,416128,128,550,1244,1683589085,1403469525,906688,0
1189,1116992,0,0,0,6208,9280,475392,406912,219200,199360,913280,0,1344,470144,0,0,0,0,0,0,0,0,0,0,0,0,0,0,406784,128,559,1265,3767596534,1583035343,904000,0
1190,1116800,0,0,0,6400,10752,464832,414336,220480,200576,911680,0,1280,459584,0,0,0,0,0,0,0,0,0,0,0,0,0,0,414208,128,564,1268,1380191495,1905862074,900928,0
1191,1116736,0,0,0,2560,9344,514048,506816,83968,64128,1048192,0,1216,508864,0,0,0,0,0,0,0,0,0,0,0,0,0,0,506688,128,563,1270,7158777,1151813946,1038848,0
1192,1116608,0,0,0,2496,9472,373440,424768,306432,286784,825472,0,1280,368192,0,0,0,0,0,0,0,0,0,0,0,0,0,0,424640,128,561,1256,2334373999,1092786978,816000,0
1193,1116736,0,0,0,3328,9408,386368,535168,182464,161152,951104,0,1216,381120,0,0,0,0,0,0,0,0,0,0,0,0,0,0,535040,128,480,1167,1964531613,2596521132,941696,0
1194,1117056,0,0,0,2432,8768,340736,396800,368320,348288,764864,0,1152,335488,0,0,0,0,0,0,0,0,0,0,0,0,0,0,396672,128,470,1133,3302604058,847667351,756096,0
1195,1116736,0,0,0,2496,9088,400768,388864,315520,295872,816768,0,1216,395520,0,0,0,0,0,0,0,0,0,0,0,0,0,0,388736,128,484,1155,2418765228,3885122980,807680,0
1196,1116672,0,0,0,2496,8960,637440,410432,57344,37760,1074880,0,1280,632256,0,0,0,0,0,0,0,0,0,0,0,0,0,0,410304,128,486,1158,2029732039,639418538,1065920,0
1197,1117824,0,0,0,8768,9088,495168,435776,169024,148032,965696,0,1280,490048,0,0,0,0,0,0,0,0,0,0,0,0,0,0,435648,128,499,1201,1252252491,2316172443,956608,0
1198,1115520,0,0,0,3968,8960,404736,428160,269696,249856,861696,0,1280,399424,0,0,0,0,0,0,0,0,0,0,0,0,0,0,428032,128,495,1201,677506191,1543252634,852736,0
1199,1116928,0,0,0,4096,9280,518080,542464,43008,23168,1089600,0,1280,512832,0,0,0,0,0,0,0,0,0,0,0,0,0,0,542336,128,501,1208,2100700455,517620299,1080320,0
1200,1116736,0,0,0,4352,9536,521984,477056,103808,74112,1038144,0,1280,516544,0,0,0,0,0,0,0,0,0,0,0,0,0,0,476928,128,491,1211,3811246709,3818384603,1028608,0
1201,1117184,0,0,0,4736,9408,532352,477440,93248,68672,1044160,0,1280,527104,0,0,0,0,0,0,0,0,0,0,0,0,0,0,477312,128,490,1205,2821464346,4225360306,1034752,0
1202,1116672,0,0,0,4224,9664,522048,479552,101184,76800,1035392,0,1280,516864,0,0,0,0,0,0,0,0,0,0,0,0,0,0,479424,128,495,1204,2988393693,2709132409,1025728,0
1203,1116800,0,0,0,4288,9344,525248,448832,129088,103936,1008448,0,1216,520000,0,0,0,0,0,0,0,0,0,0,0,0,0,0,448704,128,470,1148,933206882,606884010,999104,0
1204,1116864,0,0,0,6592,9408,524672,453120,123072,97472,1014848,0,1280,519424,0,0,0,0,0,0,0,0,0,0,0,0,0,0,452992,128,475,1157,1838515108,3469455285,1005440,0
1205,1677120,0,0,0,3776,25216,606464,587840,453824,429376,1243264,0,1280,601216,0,0,0,0,0,0,0,0,0,0,0,0,0,0,587712,128,486,1195,3175072191,3554292245,1218048,0
1206,1116480,0,0,0,4160,9408,442624,449024,211264,185344,926656,0,1216,437376,0,0,0,0,0,0,0,0,0,0,0,0,0,0,448896,128,479,1179,4117953161,45759162,917248,0
1207,1116736,0,0,0,4032,23744,433920,449856,205184,181056,931264,0,1280,428672,0,0,0,0,0,0,0,0,0,0,0,0,0,0,449728,128,484,1188,2874805142,46285668,907520,0
1208,1116736,0,0,0,4160,9920,518784,462400,121472,97728,1014400,0,1280,513472,0,0,0,0,0,0,0,0,0,0,0,0,0,0,462272,128,506,1237,490366526,1960471015,1004480,0
1209,1116800,0,0,0,4288,9408,473472,527808,101824,78016,1034304,0,1216,468416,0,0,0,0,0,0,0,0,0,0,0,0,0,0,527680,128,502,1229,1975457903,2898941053,1024896,0
1210,1117440,0,0,0,4224,9280,444480,446720,212736,187840,925184,0,1216,439232,0,0,0,0,0,0,0,0,0,0,0,0,0,0,446592,128,499,1220,1550678463,4163495291,915904,0
1211,1116160,0,0,0,5376,9408,424704,440704,235968,211712,899904,0,1216,419328,0,0,0,0,0,0,0,0,0,0,0,0,0,0,440576,128,492,1193,59960207,3116160378,890496,0
1212,1116864,0,0,0,11008,9536,522112,460032,114176,89344,1023104,0,1280,516736,0,0,0,0,0,0,0,0,0,0,0,0,0,0,459904,128,492,1174,2474119579,1739709399,1013568,0
1213,1116800,0,0,0,4160,9088,431680,391488,280384,260480,852352,0,1152,426432,0,0,0,0,0,0,0,0,0,0,0,0,0,0,391360,128,500,1190,400368661,1223709176,843264,0
1214,1119680,0,0,0,4224,8960,431232,376192,299072,275840,839872,0,1280,426048,0,0,0,0,0,0,0,0,0,0,0,0,0,0,376064,128,489,1164,1658128685,746679264,830912,0
1215,1112064,0,0,0,7424,9152,363328,378304,353856,332992,774976,0,1216,357504,0,0,0,0,0,0,0,0,0,0,0,0,0,0,378240,64,499,1180,3128915995,3523468137,765824,0
1216,1116672,0,0,0,6592,9152,363712,360768,376448,350720,761984,0,1216,358528,0,0,0,0,0,0,0,0,0,0,0,0,0,0,360640,128,477,1146,1311762096,3222903488,752832,0
1217,1677440,0,0,0,22272,27904,642560,407808,576896,549824,1119872,0,3136,630208,0,0,0,0,0,0,0,0,0,0,0,0,0,0,407680,128,476,1126,456413258,730209314,1091968,0
1218,1116416,0,0,0,4416,8896,392768,440000,270336,250688,861824,0,1280,387328,0,0,0,0,0,0,0,0,0,0,0,0,0,0,439872,128,471,1129,792164390,1802096713,852928,0
1219,1116480,0,0,0,4480,23552,393856,378240,316352,296768,815744,0,1280,388800,0,0,0,0,0,0,0,0,0,0,0,0,0,0,378112,128,465,1121,2478833509,420333237,792192,0
1220,1117376,0,0,0,4416,10240,383488,382080,337152,317056,796352,0,1280,378176,0,0,0,0,0,0,0,0,0,0,0,0,0,0,381952,128,466,1119,4198118048,3039136081,786112,0
1221,1116736,0,0,0,4480,9344,422336,416832,263744,244032,868672,0,1216,416960,0,0,0,0,0,0,0,0,0,0,0,0,0,0,416704,128,477,1145,497969071,3303351324,859328,0
1222,1116608,0,0,0,4480,9088,495168,453760,154112,134720,977792,0,1280,489856,0,0,0,0,0,0,0,0,0,0,0,0,0,0,453632,128,471,1115,2657621531,1682019516,968704,0
1223,1677248,0,0,0,4480,9088,610304,498624,554752,534848,1138304,0,1280,604992,0,0,0,0,0,0,0,0,0,0,0,0,0,0,498496,128,482,1166,4278361764,2769134451,1129216,0
1224,1116864,0,0,0,4480,8768,484224,452352,167040,147328,965440,0,1344,478976,0,0,0,0,0,0,0,0,0,0,0,0,0,0,452160,192,483,1210,1337369450,4073558838,956672,0
1225,1677824,0,0,0,9280,27392,853312,501376,286464,257088,1413120,0,2880,843648,0,0,0,0,0,0,0,0,0,0,0,0,0,0,501248,128,487,1204,726000474,626426397,1385728,0
1226,1115968,0,0,0,11008,24000,408128,466048,206784,187008,924928,0,1216,402752,0,0,0,0,0,0,0,0,0,0,0,0,0,0,465920,128,399,1014,424021614,2403922719,900928,0
1227,1116928,0,0,0,7680,23808,392768,461120,231552,211776,901056,0,1344,387584,0,0,0,0,0,0,0,0,0,0,0,0,0,0,460992,128,405,1029,3557245828,2901037041,877248,0
1228,1116864,0,0,0,7744,23808,378944,448768,257600,237824,874688,0,1280,373632,0,0,0,0,0,0,0,0,0,0,0,0,0,0,448640,128,398,1016,1881183323,3018563142,850880,0
1229,1116864,0,0,0,7744,9472,372864,448384,278400,258624,854016,0,1216,367616,0,0,0,0,0,0,0,0,0,0,0,0,0,0,448256,128,391,1007,550852202,2419825664,844544,0
1230,1116800,0,0,0,6912,9216,356736,425088,318848,299072,813696,0,1216,351488,0,0,0,0,0,0,0,0,0,0,0,0,0,0,424960,128,396,1017,1277572624,888223028,804480,0
1231,1118208,0,0,0,5952,9280,414656,402752,285568,263872,850304,0,1344,409408,0,0,0,0,0,0,0,0,0,0,0,0,0,0,402624,128,394,1008,3313704408,3580989034,841024,0
1232,1116672,0,0,0,4480,9216,432384,439168,231424,204992,907712,0,1344,427008,0,0,0,0,0,0,0,0,0,0,0,0,0,0,439040,128,387,1004,2824215992,2878672127,898496,0
1233,1117120,0,0,0,7040,9536,537792,452672,110080,88576,1024320,0,1344,532032,0,0,0,0,0,0,0,0,0,0,0,0,0,0,452544,128,406,1060,800511414,2227135467,1014784,0
1234,1116928,0,0,0,7040,10432,456384,475200,167872,146432,966272,0,1280,451136,0,0,0,0,0,0,0,0,0,0,0,0,0,0,475072,128,471,1209,4091600976,573707221,955840,0
1235,1116992,0,0,0,6016,9600,468480,476032,156864,135424,977472,0,1280,463232,0,0,0,0,0,0,0,0,0,0,0,0,0,0,475904,128,446,1144,4243711222,1876717327,967872,0
1236,1116864,0,0,0,5376,9472,529600,531584,40832,18688,1094208,0,1280,524352,0,0,0,0,0,0,0,0,0,0,0,0,0,0,531456,128,465,1184,794530381,285889167,1084736,0
1237,1117312,0,0,0,4608,9408,430336,457600,215360,193728,919552,0,1280,424960,0,0,0,0,0,0,0,0,0,0,0,0,0,0,457472,128,465,1183,639323266,1830675960,910144,0
1238,1116416,0,0,0,4608,9088,435200,462720,204800,183296,929152,0,1216,429952,0,0,0,0,0,0,0,0,0,0,0,0,0,0,462592,128,464,1182,4025470096,2784433166,920064,0
1239,1116544,0,0,0,4480,9344,431168,439296,232256,210880,901632,0,1280,425792,0,0,0,0,0,0,0,0,0,0,0,0,0,0,439168,128,449,1131,3186738511,2171364031,892288,0
1240,1116608,0,0,0,4608,9152,410944,431104,260800,239488,873216,0,1280,405632,0,0,0,0,0,0,0,0,0,0,0,0,0,0,430976,128,434,1100,3875763677,3153480961,864064,0
1241,1117056,0,0,0,4480,9536,416000,433536,253504,232256,880768,0,1216,410752,0,0,0,0,0,0,0,0,0,0,0,0,0,0,433408,128,451,1142,2295135347,231259473,871232,0
1242,1116672,0,0,0,6720,9536,435456,406976,257984,236352,876032,0,1280,430144,0,0,0,0,0,0,0,0,0,0,0,0,0,0,406848,128,427,1076,2282921561,1918225089,866496,0
1243,1116800,0,0,0,10496,9344,443904,403648,249408,227904,884864,0,1280,438592,0,0,0,0,0,0,0,0,0,0,0,0,0,0,403520,128,424,1086,2374382100,1180551006,875520,0
1244,1116864,0,0,0,5568,9344,402688,409664,289600,267904,844928,0,1280,397504,0,0,0,0,0,0,0,0,0,0,0,0,0,0,409536,128,393,1029,993307854,1066259112,835584,0
1245,1116736,0,0,0,6784,9216,393920,415872,290944,269632,843072,0,1216,388992,0,0,0,0,0,0,0,0,0,0,0,0,0,0,415680,192,377,971,1793705015,1080951550,833856,0
1246,1116992,0,0,0,5696,9216,402112,421120,278848,257600,855360,0,1280,396928,0,0,0,0,0,0,0,0,0,0,0,0,0,0,420992,128,365,993,1523979798,401600237,846144,0
1247,1117248,0,0,0,4352,23552,375872,408000,305472,283840,829440,0,1280,370624,0,0,0,0,0,0,0,0,0,0,0,0,0,0,407872,128,346,957,2549158072,1687192001,805888,0
1248,1116288,0,0,0,6720,9280,373696,401856,324736,298048,814208,0,1216,368384,0,0,0,0,0,0,0,0,0,0,0,0,0,0,401728,128,327,901,3811890555,2434850535,804928,0
1249,1117248,0,0,0,6656,9344,362624,434688,303936,282368,830848,0,1280,357504,0,0,0,0,0,0,0,0,0,0,0,0,0,0,434560,128,334,909,3676432028,3184982730,821504,0
1250,1116608,0,0,0,4160,10240,382784,444288,275136,253568,859072,0,1280,377664,0,0,0,0,0,0,0,0,0,0,0,0,0,0,444160,128,334,907,1314733425,3142041270,848832,0
1251,1116800,0,0,0,6528,9536,385792,439488,275456,254144,858496,0,1216,380544,0,0,0,0,0,0,0,0,0,0,0,0,0,0,439360,128,337,898,3948093173,1806117551,848960,0
1252,1116480,0,0,0,7104,9536,373376,424512,301952,280832,831424,0,1280,368192,0,0,0,0,0,0,0,0,0,0,0,0,0,0,424384,128,360,957,4125884487,3899841100,821888,0
1253,1117120,0,0,0,7360,9472,388928,425920,285440,263552,849408,0,1280,383808,0,0,0,0,0,0,0,0,0,0,0,0,0,0,425792,128,374,977,9487576,1513342726,839936,0
1254,1116672,0,0,0,3968,9152,374912,428736,299904,278592,834112,0,1280,369664,0,0,0,0,0,0,0,0,0,0,0,0,0,0,428608,128,391,1018,2384869834,336227724,824960,0
1255,1116992,0,0,0,3968,9344,368896,413120,321664,300288,812672,0,1280,363648,0,0,0,0,0,0,0,0,0,0,0,0,0,0,412992,128,404,1052,3145671277,79950397,803328,0
1256,1116672,0,0,0,3904,9216,371456,427840,304256,282432,830208,0,1216,366208,0,0,0,0,0,0,0,0,0,0,0,0,0,0,427712,128,415,1070,1153849101,826818657,820992,0
1257,1117952,0,0,0,3904,9472,384960,431936,287680,264512,849408,0,1280,379904,0,0,0,0,0,0,0,0,0,0,0,0,0,0,431808,128,421,1072,3877788907,620571971,839936,0
1258,1114240,0,0,0,4800,9344,366592,416896,316608,292672,817536,0,1280,360896,0,0,0,0,0,0,0,0,0,0,0,0,0,0,416768,128,430,1098,3903007785,1539673433,808192,0
1259,1116736,0,0,0,3968,9408,372800,422592,307968,286464,826240,0,1280,367616,0,0,0,0,0,0,0,0,0,0,0,0,0,0,422464,128,436,1124,3509537586,1747956188,816832,0
1260,1116928,0,0,0,3904,9408,375552,418304,309760,288064,824832,0,1280,370560,0,0,0,0,0,0,0,0,0,0,0,0,0,0,418176,128,452,1179,2540644241,3140352946,815424,0
1261,1116672,0,0,0,3904,9408,396608,395840,310912,289728,822912,0,1280,391424,0,0,0,0,0,0,0,0,0,0,0,0,0,0,395712,128,463,1195,1916510108,2571031837,813504,0
1262,1116864,0,0,0,3968,9088,343936,410752,349120,327616,785344,0,1280,338688,0,0,0,0,0,0,0,0,0,0,0,0,0,0,410624,128,472,1213,3651466197,4068800819,776256,0
1263,1117056,0,0,0,3840,9408,476736,422912,204160,182208,930752,0,1280,471552,0,0,0,0,0,0,0,0,0,0,0,0,0,0,422784,128,475,1221,2329681275,4109599324,921344,0
1264,1116352,0,0,0,3904,9408,344768,407936,350336,323200,789120,0,1280,339584,0,0,0,0,0,0,0,0,0,0,0,0,0,0,407808,128,485,1227,2420162289,2484330821,779712,0
1265,1116864,0,0,0,3904,10368,374464,414592,313536,291968,820928,0,1280,369344,0,0,0,0,0,0,0,0,0,0,0,0,0,0,414464,128,474,1198,2495525543,2202543681,810560,0
1266,1116992,0,0,0,3904,9280,369600,416192,318016,296256,816768,0,1280,364416,0,0,0,0,0,0,0,0,0,0,0,0,0,0,416064,128,468,1195,1246916596,2224830947,807488,0
1267,1677312,0,0,0,3904,9216,420608,859008,384576,362432,1310848,0,1216,415488,0,0,0,0,0,0,0,0,0,0,0,0,0,0,858880,128,465,1184,1602263903,4166548915,1301632,0
1268,1116352,0,0,0,8512,9344,578624,424384,95488,73856,1038336,0,1216,573440,0,0,0,0,0,0,0,0,0,0,0,0,0,0,424256,128,467,1193,2004565784,2454173060,1028992,0
1269,1116544,0,0,0,9664,9408,520704,484608,92160,70784,1041664,0,1408,515328,0,0,0,0,0,0,0,0,0,0,0,0,0,0,484480,128,517,1268,1149337655,3154716307,1032256,0
1270,1117888,0,0,0,6528,9216,390336,457856,253952,231680,882112,0,1280,385152,0,0,0,0,0,0,0,0,0,0,0,0,0,0,457728,128,528,1293,1451890521,2301193967,872896,0
1271,1115712,0,0,0,6400,9216,402240,424000,273856,251840,859584,0,1216,397056,0,0,0,0,0,0,0,0,0,0,0,0,0,0,423872,128,509,1242,1272314866,2572570242,850368,0
1272,1116864,0,0,0,5440,9152,388736,430784,282752,261440,851264,0,1280,383488,0,0,0,0,0,0,0,0,0,0,0,0,0,0,430656,128,523,1274,61454183,256192753,842112,0
1273,1116992,0,0,0,9152,9280,548224,462464,87872,66624,1046208,0,1280,543040,0,0,0,0,0,0,0,0,0,0,0,0,0,0,462336,128,529,1291,18326517,3114780450,1036928,0
1274,1116800,0,0,0,9472,9728,531968,517824,47808,26304,1085952,0,1216,526720,0,0,0,0,0,0,0,0,0,0,0,0,0,0,517696,128,590,1417,3916428133,3182487392,1076224,0
1275,1117376,0,0,0,4544,9152,399936,455744,248000,226112,887296,0,1280,394624,0,0,0,0,0,0,0,0,0,0,0,0,0,0,455616,128,584,1406,1780828336,1046409973,878144,0
1276,1116224,0,0,0,6720,9280,410816,462848,226560,204800,907328,0,1216,405568,0,0,0,0,0,0,0,0,0,0,0,0,0,0,462720,128,598,1391,1741163623,1477221383,898048,0
1277,1116608,0,0,0,6976,22848,416320,457088,213376,191808,920768,0,1280,411136,0,0,0,0,0,0,0,0,0,0,0,0,0,0,456960,128,595,1389,3181191521,2033315243,897920,0
1278,1116864,0,0,0,4352,9216,421056,452992,229248,205120,907712,0,1280,415936,0,0,0,0,0,0,0,0,0,0,0,0,0,0,452864,128,608,1423,4253780899,3298143777,898496,0
1279,1116992,0,0,0,4352,9280,437120,486720,179520,158144,954816,0,1344,431808,0,0,0,0,0,0,0,0,0,0,0,0,0,0,486592,128,594,1376,3231866632,3321767883,945536,0
1280,1116736,0,0,0,5376,10560,440832,468288,191680,164608,948032,0,1280,435584,0,0,0,0,0,0,0,0,0,0,0,0,0,0,468160,128,591,1379,3423104774,1427966539,937472,0
1281,1117056,0,0,0,7296,9344,415424,459264,225728,203904,909056,0,1280,410176,0,0,0,0,0,0,0,0,0,0,0,0,0,0,459136,128,602,1402,3490592717,929737706,899712,0
1282,1116608,0,0,0,8128,9408,410944,449600,238528,216960,895552,0,1280,405760,0,0,0,0,0,0,0,0,0,0,0,0,0,0,449472,128,577,1354,4158242055,3862755359,886144,0
1283,1116800,0,0,0,9024,9536,410816,441472,245952,224320,888320,0,1216,405504,0,0,0,0,0,0,0,0,0,0,0,0,0,0,441344,128,585,1346,372455762,4020546085,878784,0
1284,1117312,0,0,0,5248,9152,459456,438976,204480,182656,930624,0,1280,454272,0,0,0,0,0,0,0,0,0,0,0,0,0,0,438848,128,578,1349,616080488,1801583591,921472,0
1285,1116224,0,0,0,3840,9216,427264,436608,239296,217536,894784,0,1152,422080,0,0,0,0,0,0,0,0,0,0,0,0,0,0,436480,128,585,1342,1221304154,382150430,885568,0
1286,1116864,0,0,0,3968,9344,435328,435776,232448,211008,901888,0,1216,430016,0,0,0,0,0,0,0,0,0,0,0,0,0,0,435648,128,587,1360,2704944314,3143573593,892544,0
1287,1116736,0,0,0,4032,9216,408256,434624,260608,239232,873472,0,1280,403008,0,0,0,0,0,0,0,0,0,0,0,0,0,0,434496,128,587,1362,1551351070,2305757365,864256,0
1288,1117056,0,0,0,6272,9536,429312,433024,238912,217600,895424,0,1280,424128,0,0,0,0,0,0,0,0,0,0,0,0,0,0,432896,128,577,1338,3785418232,3923297354,885888,0
1289,1116544,0,0,0,6528,9280,422976,423360,254400,233152,879232,0,1280,417728,0,0,0,0,0,0,0,0,0,0,0,0,0,0,423232,128,587,1364,3970954782,1344006024,869952,0
1290,1117248,0,0,0,8128,9280,478208,420992,200640,178560,934656,0,1280,473024,0,0,0,0,0,0,0,0,0,0,0,0,0,0,420864,128,578,1329,83145390,3898454899,925376,0
1291,1116544,0,0,0,6336,9344,422208,441216,237440,215872,896576,0,1280,417024,0,0,0,0,0,0,0,0,0,0,0,0,0,0,441088,128,567,1348,3493342186,1081516061,887232,0
1292,1117312,0,0,0,3968,9216,509248,441600,153280,131328,981952,0,1280,504000,0,0,0,0,0,0,0,0,0,0,0,0,0,0,441472,128,577,1393,211649039,3931164882,972736,0
1293,1116032,0,0,0,4032,9280,373888,436608,292224,270784,841216,0,1280,368448,0,0,0,0,0,0,0,0,0,0,0,0,0,0,436480,128,551,1326,4041502250,1801527242,831936,0
1294,1116800,0,0,0,6720,9408,374720,431680,294272,272640,839936,0,1216,369536,0,0,0,0,0,0,0,0,0,0,0,0,0,0,431552,128,532,1309,221015664,111825254,830528,0
1295,1116864,0,0,0,7040,9408,373504,431104,295808,274368,838272,0,1216,368320,0,0,0,0,0,0,0,0,0,0,0,0,0,0,430976,128,532,1305,3955054180,1580455839,828864,0
1296,1116736,0,0,0,2560,10432,371264,422080,310400,283136,829632,0,1216,366144,0,0,0,0,0,0,0,0,0,0,0,0,0,0,421952,128,530,1262,1686903405,3496991788,819200,0
1297,1117376,0,0,0,2560,9344,440960,434176,230336,208448,904832,0,1280,435904,0,0,0,0,0,0,0,0,0,0,0,0,0,0,434048,128,526,1259,53825778,1113104535,895488,0
1298,1677120,0,0,0,13120,9280,653184,465280,536256,514048,1158976,0,1216,648000,0,0,0,0,0,0,0,0,0,0,0,0,0,0,465152,128,531,1288,3735967396,3100147236,1149696,0
1299,1115968,0,0,0,6272,8896,376000,443008,281792,259712,852288,0,1344,370816,0,0,0,0,0,0,0,0,0,0,0,0,0,0,442880,128,544,1300,1368669456,2471921118,843392,0
1300,1116864,0,0,0,6400,9472,419776,430592,250624,229440,883264,0,1280,414528,0,0,0,0,0,0,0,0,0,0,0,0,0,0,430464,128,557,1320,1791089169,2343408033,873792,0
1301,1116736,0,0,0,6208,9152,463808,425536,212032,190720,922048,0,1280,458496,0,0,0,0,0,0,0,0,0,0,0,0,0,0,425408,128,569,1357,1809951931,469788794,912896,0
1302,1117632,0,0,0,4736,9280,436800,429056,237760,215424,898240,0,1280,431616,0,0,0,0,0,0,0,0,0,0,0,0,0,0,428928,128,578,1367,483925619,489669582,888960,0
1303,1116288,0,0,0,3840,9344,445952,494848,162304,140480,971840,0,1216,440704,0,0,0,0,0,0,0,0,0,0,0,0,0,0,494720,128,583,1376,1647466078,2009777894,962496,0
1304,1116480,0,0,0,3904,9216,371264,427840,304256,282624,829888,0,1152,365888,0,0,0,0,0,0,0,0,0,0,0,0,0,0,427712,128,588,1356,637081867,4048280510,820672,0
1305,1116672,0,0,0,3904,9216,376000,424576,302976,281728,831040,0,1280,370816,0,0,0,0,0,0,0,0,0,0,0,0,0,0,424448,128,591,1358,3762548734,592231134,821824,0
1306,1116800,0,0,0,3840,9344,371584,403520,328512,306752,806080,0,1280,366464,0,0,0,0,0,0,0,0,0,0,0,0,0,0,403392,128,573,1315,2924909101,2224815996,796736,0
1307,1116928,0,0,0,9088,23616,551040,425920,107264,85696,1027136,0,1280,546048,0,0,0,0,0,0,0,0,0,0,0,0,0,0,425792,128,572,1334,425766127,1823502365,1003520,0
1308,1676992,0,0,0,18880,9536,673280,487104,488192,466432,1206208,0,1216,667968,0,0,0,0,0,0,0,0,0,0,0,0,0,0,486976,128,602,1428,2580581068,136029202,1196672,0
1309,1116672,0,0,0,4480,9920,442752,487872,171648,150336,961856,0,1216,437440,0,0,0,0,0,0,0,0,0,0,0,0,0,0,487744,128,605,1430,2379816466,4281422466,951936,0
1310,1116928,0,0,0,4480,11136,390400,482944,227968,206400,906048,0,1280,385216,0,0,0,0,0,0,0,0,0,0,0,0,0,0,482816,128,600,1405,1298277486,2057661577,894912,0
1311,1117184,0,0,0,4608,9536,401792,479168,222080,200192,912640,0,1216,396672,0,0,0,0,0,0,0,0,0,0,0,0,0,0,479040,128,596,1394,1995881891,855139756,903104,0
1312,1116608,0,0,0,4544,9664,464128,497792,140480,113280,998912,0,1280,458880,0,0,0,0,0,0,0,0,0,0,0,0,0,0,497664,128,619,1462,2828795487,3076878243,989248,0
1313,1677696,0,0,0,18112,10304,729280,529664,390336,368256,1304640,0,1280,723840,0,0,0,0,0,0,0,0,0,0,0,0,0,0,529536,128,619,1470,1742698233,4289163006,1294336,0
1314,1116288,0,0,0,4608,9472,546880,499008,56320,34688,1077248,0,1216,541504,0,0,0,0,0,0,0,0,0,0,0,0,0,0,498880,128,605,1425,2798872227,3383818178,1067776,0
1315,1116928,0,0,0,6912,9664,509632,514624,76096,54528,1057792,0,1280,504448,0,0,0,0,0,0,0,0,0,0,0,0,0,0,514496,128,606,1423,529799088,1697683599,1048128,0
1316,1116416,0,0,0,6784,9728,512704,506880,80320,58880,1052992,0,1280,507392,0,0,0,0,0,0,0,0,0,0,0,0,0,0,506752,128,604,1421,1398872505,3837818112,1043264,0
1317,1117568,0,0,0,5952,9600,488896,495040,118080,96064,1017024,0,1216,483712,0,0,0,0,0,0,0,0,0,0,0,0,0,0,494912,128,605,1417,1269852951,1036078774,1007424,0
1318,1676800,0,0,0,10112,23808,632192,539584,471104,449344,1223104,0,1280,626880,0,0,0,0,0,0,0,0,0,0,0,0,0,0,539456,128,602,1394,96290374,3308245967,1199296,0
1319,1116544,0,0,0,6720,23296,404352,477632,204544,182976,929600,0,1280,398976,0,0,0,0,0,0,0,0,0,0,0,0,0,0,477504,128,606,1404,111950169,810887112,906304,0
1320,1116928,0,0,0,6720,22784,395584,494976,196864,175360,937472,0,1280,390400,0,0,0,0,0,0,0,0,0,0,0,0,0,0,494848,128,614,1428,2023627700,1907133659,914688,0
1321,1117184,0,0,0,5824,9152,410752,503552,187904,166464,946752,0,1152,405632,0,0,0,0,0,0,0,0,0,0,0,0,0,0,503424,128,616,1440,1454020220,2527407866,937600,0
1322,1116864,0,0,0,6400,9472,421312,501184,178496,157248,955392,0,1216,416256,0,0,0,0,0,0,0,0,0,0,0,0,0,0,501056,128,620,1443,520270794,167079661,945920,0
1323,1116864,0,0,0,6656,9408,516352,549568,34880,13440,1099200,0,1216,511104,0,0,0,0,0,0,0,0,0,0,0,0,0,0,549440,128,601,1402,3990022184,2025988827,1089792,0
1324,1116928,0,0,0,5632,10560,415424,504064,181248,159552,953344,0,1216,410176,0,0,0,0,0,0,0,0,0,0,0,0,0,0,503936,128,598,1406,2209242936,2495309729,942784,0
1325,1116672,0,0,0,7168,9280,413376,491072,195776,174592,938112,0,1216,408192,0,0,0,0,0,0,0,0,0,0,0,0,0,0,490944,128,597,1401,952329017,1996965870,928832,0
1326,1117056,0,0,0,7232,9600,400704,483648,215872,194240,918592,0,1280,395520,0,0,0,0,0,0,0,0,0,0,0,0,0,0,483520,128,608,1423,71673164,2793909306,908992,0
1327,1116672,0,0,0,5504,9344,417088,469440,215296,193728,918976,0,1216,411840,0,0,0,0,0,0,0,0,0,0,0,0,0,0,469312,128,592,1379,2892969866,3924283637,909632,0
1328,1116992,0,0,0,4032,9280,493696,486208,123776,96640,1016448,0,1216,488512,0,0,0,0,0,0,0,0,0,0,0,0,0,0,486080,128,597,1398,4005065016,2731814385,1007168,0
1329,1116352,0,0,0,4096,9408,408832,442240,251776,230336,881920,0,1280,403840,0,0,0,0,0,0,0,0,0,0,0,0,0,0,442112,128,575,1339,632965687,13631710,872512,0
1330,1116672,0,0,0,4032,9408,392896,437504,272832,251264,861376,0,1280,387648,0,0,0,0,0,0,0,0,0,0,0,0,0,0,437376,128,579,1348,1054942945,2924931553,851968,0
1331,1117120,0,0,0,4160,9024,396672,415232,292032,270464,842752,0,1216,391552,0,0,0,0,0,0,0,0,0,0,0,0,0,0,415104,128,568,1330,4112847355,77927907,833728,0
1332,1676864,0,0,0,6400,9408,498880,726656,435520,414144,1258752,0,1280,493696,0,0,0,0,0,0,0,0,0,0,0,0,0,0,726528,128,578,1358,261967789,484698158,1249344,0
1333,1116928,0,0,0,8448,9408,555776,515584,27712,6016,1106688,0,1280,550528,0,0,0,0,0,0,0,0,0,0,0,0,0,0,515456,128,576,1346,459211889,1869248113,1097280,0
1334,1117568,0,0,0,4032,9280,493376,464384,146496,124416,989184,0,1280,488128,0,0,0,0,0,0,0,0,0,0,0,0,0,0,464256,128,579,1350,82366716,3026697918,979904,0
1335,1116160,0,0,0,4032,9408,507392,416384,178944,157568,954560,0,1280,502080,0,0,0,0,0,0,0,0,0,0,0,0,0,0,416256,128,575,1334,1743292162,2840341136,945152,0
1336,1116992,0,0,0,6272,9408,505088,407808,188416,166656,946112,0,1280,499840,0,0,0,0,0,0,0,0,0,0,0,0,0,0,407680,128,577,1332,2181853977,399797970,936704,0
1337,1676864,0,0,0,12864,23168,658112,422976,559744,538112,1134720,0,1344,652928,0,0,0,0,0,0,0,0,0,0,0,0,0,0,422848,128,583,1360,1017890659,4201156954,1111552,0
1338,1116672,0,0,0,4096,10304,604032,419072,79168,57728,1054976,0,1216,598912,0,0,0,0,0,0,0,0,0,0,0,0,0,0,418944,128,574,1343,3508896653,1911105840,1044672,0
1339,1116928,0,0,0,4096,9408,620736,421632,61056,39552,1073472,0,1280,615552,0,0,0,0,0,0,0,0,0,0,0,0,0,0,421568,64,577,1350,2626382034,2607969568,1064064,0
1340,1116992,0,0,0,4160,9088,608384,419072,76288,54976,1058112,0,1216,603200,0,0,0,0,0,0,0,0,0,0,0,0,0,0,419008,64,574,1341,1935437746,3878516182,1049024,0
1341,1116736,0,0,0,4096,9344,603264,421120,78912,57280,1055424,0,1280,598080,0,0,0,0,0,0,0,0,0,0,0,0,0,0,421056,64,569,1334,3147567846,2903048893,1046080,0
1342,1116800,0,0,0,4160,9216,462528,444672,196224,174784,937984,0,1216,457344,0,0,0,0,0,0,0,0,0,0,0,0,0,0,444544,128,573,1346,4195758240,2538407319,928768,0
1343,1116992,0,0,0,6400,9280,357312,436992,307008,285440,827520,0,1280,352064,0,0,0,0,0,0,0,0,0,0,0,0,0,0,436864,128,575,1350,1281136778,3276597634,818240,0
1344,1116672,0,0,0,7296,9408,418368,429824,251776,224704,887872,0,1280,413056,0,0,0,0,0,0,0,0,0,0,0,0,0,0,429696,128,576,1349,1799255308,374213194,878464,0
1345,1117120,0,0,0,5312,9344,408384,439424,254656,233216,879808,0,1280,403264,0,0,0,0,0,0,0,0,0,0,0,0,0,0,439296,128,573,1333,1506611856,994821387,870464,0
1346,1116544,0,0,0,4096,9216,505344,436288,161600,140288,972224,0,1280,500288,0,0,0,0,0,0,0,0,0,0,0,0,0,0,436160,128,573,1329,2968224498,2907021802,963008,0
1347,1117312,0,0,0,5120,9408,541120,443712,117952,95744,1017536,0,1280,535872,0,0,0,0,0,0,0,0,0,0,0,0,0,0,443584,128,574,1323,1675301491,2137359212,1008128,0
1348,1116800,0,0,0,6464,9408,407872,411712,281344,259584,853184,0,1280,402816,0,0,0,0,0,0,0,0,0,0,0,0,0,0,411584,128,575,1324,1952449823,3006303764,843776,0
1349,1116352,0,0,0,7296,9344,413568,387968,298176,276352,835776,0,1280,408512,0,0,0,0,0,0,0,0,0,0,0,0,0,0,387840,128,568,1303,485550730,1963307057,826432,0
1350,1114944,0,0,0,6144,9216,404608,385856,309120,289472,821504,0,1280,399488,0,0,0,0,0,0,0,0,0,0,0,0,0,0,385728,128,572,1309,1979343161,2354775578,812288,0
1351,1116928,0,0,0,4608,9408,424192,396416,282304,262464,850368,0,1216,419008,0,0,0,0,0,0,0,0,0,0,0,0,0,0,396288,128,574,1322,2620604019,2875647084,840960,0
1352,1116992,0,0,0,2496,9280,408768,377984,318464,298432,814592,0,1280,403520,0,0,0,0,0,0,0,0,0,0,0,0,0,0,377856,128,568,1307,2094935219,2679219446,805312,0
1353,1116928,0,0,0,2496,9024,416512,377984,310912,291008,821952,0,1216,411328,0,0,0,0,0,0,0,0,0,0,0,0,0,0,377856,128,564,1299,1091818564,2064024469,812928,0
1354,1116800,0,0,0,2560,10240,399488,367296,337216,317248,795520,0,1216,394432,0,0,0,0,0,0,0,0,0,0,0,0,0,0,367168,128,561,1293,987796445,1825632154,785280,0
1355,1116608,0,0,0,2560,9280,415424,369216,320128,300352,812096,0,1280,410304,0,0,0,0,0,0,0,0,0,0,0,0,0,0,369088,128,554,1274,3826083164,684234473,802816,0
1356,1117184,0,0,0,8384,9024,569728,415296,114752,94592,1018368,0,1216,564416,0,0,0,0,0,0,0,0,0,0,0,0,0,0,415168,128,552,1267,2385411310,3204610382,1009344,0
1357,1116672,0,0,0,3904,8960,389952,416768,297088,277056,835648,0,1280,384576,0,0,0,0,0,0,0,0,0,0,0,0,0,0,416640,128,559,1285,1998032269,4125589270,826688,0
1358,1116864,0,0,0,3968,9280,433344,404864,265408,245312,867520,0,1216,428160,0,0,0,0,0,0,0,0,0,0,0,0,0,0,404736,128,554,1270,3868668396,3727897067,858240,0
1359,1116160,0,0,0,6208,8960,398592,417408,284992,265344,846784,0,1280,393472,0,0,0,0,0,0,0,0,0,0,0,0,0,0,417280,128,543,1258,4021405110,1038219882,837824,0
1360,1677696,0,0,0,10816,24448,698176,475904,468352,442368,1231168,0,1216,692992,0,0,0,0,0,0,0,0,0,0,0,0,0,0,475776,128,564,1317,3206065448,3068263124,1206720,0
1361,1116224,0,0,0,3904,8896,439296,443840,220288,200448,911808,0,1280,434048,0,0,0,0,0,0,0,0,0,0,0,0,0,0,443712,128,561,1316,2885125048,2459601842,902912,0
1362,1116608,0,0,0,3968,23744,436928,453568,198400,178624,934016,0,1216,431744,0,0,0,0,0,0,0,0,0,0,0,0,0,0,453440,128,559,1300,1098119677,2115765203,910272,0
1363,1116928,0,0,0,3904,9024,442432,455424,206144,186176,926848,0,1280,437312,0,0,0,0,0,0,0,0,0,0,0,0,0,0,455296,128,562,1301,4201935986,1209048707,917824,0
1364,1116864,0,0,0,3904,9088,494144,445120,164608,144448,968448,0,1280,488832,0,0,0,0,0,0,0,0,0,0,0,0,0,0,444992,128,556,1291,2392514606,3045515457,959360,0
1365,1116928,0,0,0,4800,9152,508672,446656,147648,127744,985280,0,1280,503552,0,0,0,0,0,0,0,0,0,0,0,0,0,0,446528,128,555,1289,470500198,907801158,976128,0
1366,1117312,0,0,0,8960,9152,503296,425408,170496,150208,963008,0,1280,498048,0,0,0,0,0,0,0,0,0,0,0,0,0,0,425280,128,545,1252,3277629074,3269414215,953856,0
1367,1116032,0,0,0,4096,23616,460736,408320,219264,199552,912512,0,1280,455360,0,0,0,0,0,0,0,0,0,0,0,0,0,0,408192,128,540,1238,2779560451,562439022,888896,0
1368,1116864,0,0,0,3968,9152,405120,402496,296128,276544,836288,0,1280,399936,0,0,0,0,0,0,0,0,0,0,0,0,0,0,402368,128,542,1240,4160781149,1323219159,827136,0
1369,1116864,0,0,0,3968,10112,426432,390464,285888,265920,847040,0,1216,421184,0,0,0,0,0,0,0,0,0,0,0,0,0,0,390336,128,537,1224,491269142,2847032655,836928,0
1370,1116800,0,0,0,4096,8960,401856,388992,312896,292992,819904,0,1280,396544,0,0,0,0,0,0,0,0,0,0,0,0,0,0,388864,128,533,1222,1327640481,3058559178,810944,0
1371,1116480,0,0,0,4096,9152,442368,399936,260928,241280,871232,0,1216,437056,0,0,0,0,0,0,0,0,0,0,0,0,0,0,399808,128,538,1225,1937012991,2299076525,862080,0
1372,1117056,0,0,0,4032,9152,451648,398080,254144,234432,878592,0,1280,446400,0,0,0,0,0,0,0,0,0,0,0,0,0,0,397952,128,534,1215,1208494590,4057447817,869440,0
1373,1116864,0,0,0,6400,9408,459072,398016,243968,224192,888512,0,1280,453888,0,0,0,0,0,0,0,0,0,0,0,0,0,0,397888,128,523,1183,927526669,1468591138,879104,0
1374,1116544,0,0,0,6336,9216,406848,389888,304256,284736,827712,0,1280,401536,0,0,0,0,0,0,0,0,0,0,0,0,0,0,389760,128,519,1173,2661457268,2064112820,818496,0
1375,1116800,0,0,0,5312,8896,393536,389696,319360,299520,813376,0,1152,388160,0,0,0,0,0,0,0,0,0,0,0,0,0,0,389568,128,518,1178,2971308960,4029851883,804480,0
1376,1116992,0,0,0,3904,9024,427840,390976,285248,259648,853376,0,1280,422528,0,0,0,0,0,0,0,0,0,0,0,0,0,0,390848,128,529,1191,3168312749,3909191779,844352,0
1377,1117888,0,0,0,3904,9088,499648,435584,169664,149056,964864,0,1280,494400,0,0,0,0,0,0,0,0,0,0,0,0,0,0,435456,128,512,1169,2313925228,3344894658,955776,0
1378,1115840,0,0,0,3904,9280,388096,400512,314048,294336,817408,0,1280,382912,0,0,0,0,0,0,0,0,0,0,0,0,0,0,400384,128,506,1169,2943457579,1144427138,808128,0
1379,1116736,0,0,0,3840,9152,373760,397888,332096,311936,800832,0,1216,368640,0,0,0,0,0,0,0,0,0,0,0,0,0,0,397760,128,506,1165,798935801,2332942278,791680,0
1380,1116928,0,0,0,3968,8960,371776,416896,315328,295360,817664,0,1216,366464,0,0,0,0,0,0,0,0,0,0,0,0,0,0,416768,128,505,1162,666049552,2793252770,808704,0
1381,1116800,0,0,0,3968,9088,410368,369920,323456,303680,809216,0,1216,405184,0,0,0,0,0,0,0,0,0,0,0,0,0,0,369792,128,507,1165,2438003883,1504637927,800128,0
1382,1116928,0,0,0,3968,8960,351296,368192,384512,364736,748224,0,1216,345920,0,0,0,0,0,0,0,0,0,0,0,0,0,0,368064,128,510,1173,3875026868,706953953,739264,0
1383,1117120,0,0,0,8256,9152,435392,396480,267840,247744,865280,0,1216,430080,0,0,0,0,0,0,0,0,0,0,0,0,0,0,396352,128,518,1190,108574998,1426261580,856128,0
1384,1116288,0,0,0,6400,10176,392704,394944,312064,292096,820160,0,1280,387520,0,0,0,0,0,0,0,0,0,0,0,0,0,0,394816,128,520,1192,514390632,2910848108,809984,0
1385,1116800,0,0,0,6208,9344,438336,396288,266624,246848,865856,0,1216,433024,0,0,0,0,0,0,0,0,0,0,0,0,0,0,396160,128,508,1173,2466359992,1303156258,856512,0
1386,1116416,0,0,0,8640,9344,593024,471360,34048,14336,1097600,0,1280,588032,0,0,0,0,0,0,0,0,0,0,0,0,0,0,471296,64,528,1222,1415555721,410942618,1088256,0
1387,1117696,0,0,0,7104,9472,370752,436736,293632,273216,840384,0,1216,365440,0,0,0,0,0,0,0,0,0,0,0,0,0,0,436608,128,543,1241,4167950637,690267802,830912,0
1388,1676096,0,0,0,12288,23680,1031424,521600,87104,66944,1605184,0,1216,1026304,0,0,0,0,0,0,0,0,0,0,0,0,0,0,521472,128,594,1368,1026258069,583585178,1581504,0
1389,1117440,0,0,0,4160,8896,440064,479360,184960,164672,948736,0,1280,434816,0,0,0,0,0,0,0,0,0,0,0,0,0,0,479232,128,583,1356,1351482339,2127507707,939840,0
1390,1116096,0,0,0,6464,23744,514048,478272,93568,73984,1037952,0,1280,508800,0,0,0,0,0,0,0,0,0,0,0,0,0,0,478144,128,589,1369,789912392,3934175889,1014208,0
1391,1677888,0,0,0,6464,9088,694272,479424,488640,468096,1205760,0,1280,689024,0,0,0,0,0,0,0,0,0,0,0,0,0,0,479296,128,588,1366,3565096614,1623066303,1196672,0
1392,1676352,0,0,0,4160,23872,684544,527424,436352,410752,1261568,0,1216,679232,0,0,0,0,0,0,0,0,0,0,0,0,0,0,527296,128,550,1283,2216761894,27288250,1237696,0
1393,1116864,0,0,0,4160,9408,421888,459584,221824,201856,910912,0,1280,416640,0,0,0,0,0,0,0,0,0,0,0,0,0,0,459456,128,543,1265,2040752656,4096594339,901504,0
1394,1116352,0,0,0,4096,23488,559872,427328,101568,81728,1030656,0,1280,554688,0,0,0,0,0,0,0,0,0,0,0,0,0,0,427200,128,532,1211,298859186,2224235622,1007168,0
1395,1677568,0,0,0,4288,24000,671168,421504,556608,536640,1136960,0,1280,665856,0,0,0,0,0,0,0,0,0,0,0,0,0,0,421376,128,529,1212,1081089816,2109843857,1112960,0
1396,1116288,0,0,0,4352,9280,525888,430976,145792,126400,985792,0,1280,520640,0,0,0,0,0,0,0,0,0,0,0,0,0,0,430848,128,523,1201,957536762,2107319101,976512,0
1397,1116992,0,0,0,4352,24576,569792,427328,90944,71232,1041792,0,1216,564608,0,0,0,0,0,0,0,0,0,0,0,0,0,0,427200,128,536,1219,3711217352,1901601755,1017216,0
1398,1677760,0,0,0,4416,24064,846080,432896,370304,349888,1323840,0,1280,840704,0,0,0,0,0,0,0,0,0,0,0,0,0,0,432768,128,525,1216,1769250600,3891413376,1299776,0
1399,1116160,0,0,0,4480,24128,530048,438208,119296,98752,1013376,0,1280,524736,0,0,0,0,0,0,0,0,0,0,0,0,0,0,438080,128,512,1184,862752443,3529416393,989248,0
1400,1676864,0,0,0,10752,23424,658176,545280,439232,419584,1252992,0,1280,652800,0,0,0,0,0,0,0,0,0,0,0,0,0,0,545152,128,515,1204,245221843,561263657,1229568,0
1401,1677504,0,0,0,4928,24576,898624,507200,242176,217408,1455616,0,1280,892928,0,0,0,0,0,0,0,0,0,0,0,0,0,0,507072,128,519,1229,2020475771,2377908811,1431040,0
1402,1676480,0,0,0,4992,9600,683392,508480,470016,445440,1226624,0,1280,678208,0,0,0,0,0,0,0,0,0,0,0,0,0,0,508352,128,517,1230,842972536,3700402659,1217024,0
1403,1677056,0,0,0,17984,26048,641792,503616,487616,449088,1221184,0,2880,631040,0,0,0,0,0,0,0,0,0,0,0,0,0,0,503488,128,545,1266,2882265426,2720998684,1195136,0
1404,1116736,0,0,0,4864,24000,574144,485504,28224,3456,1108928,0,1152,568960,0,0,0,0,0,0,0,0,0,0,0,0,0,0,485440,64,555,1297,1620311912,2664304842,1084928,0
1405,1116544,0,0,0,5696,9536,346112,484544,270656,246464,865664,0,1216,340992,0,0,0,0,0,0,0,0,0,0,0,0,0,0,484416,128,559,1307,203978056,3547183348,856128,0
1406,1116800,0,0,0,4864,23424,477376,550272,60864,33856,1078592,0,1344,472128,0,0,0,0,0,0,0,0,0,0,0,0,0,0,550144,128,536,1271,3118129156,2647947090,1055168,0
1407,1677440,0,0,0,4800,24384,640000,452032,556224,536448,1137024,0,1344,634816,0,0,0,0,0,0,0,0,0,0,0,0,0,0,451904,128,565,1325,2515529293,393059542,1112640,0
1408,1116288,0,0,0,4800,9344,493504,456960,151680,126464,985728,0,1216,488256,0,0,0,0,0,0,0,0,0,0,0,0,0,0,456832,128,571,1335,979767229,2056158705,976384,0
1409,1116928,0,0,0,4800,24640,503872,462592,121024,101312,1011584,0,1216,498560,0,0,0,0,0,0,0,0,0,0,0,0,0,0,462464,128,545,1296,3037348111,4146618403,986944,0
1410,1677504,0,0,0,4864,23808,648256,494400,506176,486080,1187392,0,1280,643136,0,0,0,0,0,0,0,0,0,0,0,0,0,0,494272,128,567,1331,3532732435,273597490,1163584,0
1411,1116288,0,0,0,4864,9088,430528,457728,214080,194176,918208,0,1216,425152,0,0,0,0,0,0,0,0,0,0,0,0,0,0,457536,192,568,1331,3496565354,3718855818,909120,0
1412,1678208,0,0,0,10944,24192,575040,504064,563968,544128,1129728,0,1344,569792,0,0,0,0,0,0,0,0,0,0,0,0,0,0,503936,128,534,1276,2192296131,2194578973,1105536,0
1413,1676608,0,0,0,5248,24512,642304,519168,485376,466048,1206272,0,1280,636992,0,0,0,0,0,0,0,0,0,0,0,0,0,0,519040,128,567,1329,4086906345,2174750061,1181760,0
1414,1117376,0,0,0,9856,9664,541824,521472,34560,14976,1097984,0,1344,536704,0,0,0,0,0,0,0,0,0,0,0,0,0,0,521344,128,565,1322,2601278461,4171462496,1088320,0
1415,1116736,0,0,0,5248,23744,447616,486080,154048,134464,977984,0,1344,442432,0,0,0,0,0,0,0,0,0,0,0,0,0,0,485952,128,529,1249,1753798124,1455567605,954240,0
1416,1677760,0,0,0,7552,24704,587648,516352,541504,521472,1151872,0,1280,582336,0,0,0,0,0,0,0,0,0,0,0,0,0,0,516224,128,541,1283,1511570989,3492027742,1127168,0
1417,1115456,0,0,0,8640,9472,502016,488128,107200,87360,1023616,0,1344,496640,0,0,0,0,0,0,0,0,0,0,0,0,0,0,488000,128,549,1293,3347845025,3489420589,1014144,0
1418,2797696,0,0,0,6400,24128,496384,1865024,405760,385600,2407872,0,1344,491200,0,0,0,0,0,0,0,0,0,0,0,0,0,0,1864896,128,596,1346,4080058491,3938945863,2383744,0
1419,1676416,0,0,0,7424,24896,602112,471488,570496,550784,1121088,0,1216,596800,0,0,0,0,0,0,0,0,0,0,0,0,0,0,471360,128,586,1330,2233995096,4112739823,1096192,0
1420,1116544,0,0,0,7872,9600,355520,439488,304064,283840,828224,0,1280,350208,0,0,0,0,0,0,0,0,0,0,0,0,0,0,439296,192,587,1333,3958922253,1484804212,818624,0
1421,1117248,0,0,0,8064,25088,405056,446720,232320,212480,900352,0,1280,399808,0,0,0,0,0,0,0,0,0,0,0,0,0,0,446592,128,548,1281,639194353,1378935899,875264,0
1422,1116160,0,0,0,7232,24512,520768,447104,116544,96768,1014848,0,1280,515392,0,0,0,0,0,0,0,0,0,0,0,0,0,0,446976,128,574,1328,1875329765,3380422585,990336,0
1423,1116608,0,0,0,8128,9600,441088,437824,219968,200256,911872,0,1344,435904,0,0,0,0,0,0,0,0,0,0,0,0,0,0,437696,128,573,1332,460374068,3368701641,902272,0
1424,1116672,0,0,0,6272,23808,514432,434944,137216,112256,1000064,0,1344,508992,0,0,0,0,0,0,0,0,0,0,0,0,0,0,434816,128,538,1285,3686608817,2192284892,976256,0
1425,1677312,0,0,0,5120,24768,640384,444480,562560,542912,1130048,0,1280,634944,0,0,0,0,0,0,0,0,0,0,0,0,0,0,444352,128,576,1345,2063053605,3356545056,1105280,0
1426,1116800,0,0,0,7040,9216,498176,464960,137408,117888,994688,0,1280,492992,0,0,0,0,0,0,0,0,0,0,0,0,0,0,464832,128,580,1358,984876932,2844692274,985472,0
1427,1116992,0,0,0,6464,23808,516160,458816,111744,91712,1020992,0,1280,510848,0,0,0,0,0,0,0,0,0,0,0,0,0,0,458688,128,546,1303,2222474927,1591659731,997184,0
1428,1116672,0,0,0,4992,9408,509696,445760,146816,127040,985408,0,1280,504448,0,0,0,0,0,0,0,0,0,0,0,0,0,0,445632,128,545,1298,2355089765,2170627997,976000,0
1429,1677888,0,0,0,15296,24448,609216,511680,517248,496896,1176512,0,1344,603904,0,0,0,0,0,0,0,0,0,0,0,0,0,0,511552,128,569,1343,2880313283,1310521450,1152064,0
1430,1115968,0,0,0,7616,9408,491520,485440,121984,101760,1009856,0,1280,486400,0,0,0,0,0,0,0,0,0,0,0,0,0,0,485312,128,565,1328,1564347980,2048410079,1000448,0
1431,1116544,0,0,0,10816,23424,437696,499584,145024,125248,987008,0,1280,432448,0,0,0,0,0,0,0,0,0,0,0,0,0,0,499456,128,572,1349,3365944200,156963532,963584,0
1432,1116992,0,0,0,5248,9472,501120,527040,74112,54080,1058624,0,1216,495808,0,0,0,0,0,0,0,0,0,0,0,0,0,0,526912,128,570,1349,2487485373,3607691918,1049152,0
1433,1117120,0,0,0,7552,9600,483776,498048,118144,98048,1014656,0,1280,478464,0,0,0,0,0,0,0,0,0,0,0,0,0,0,497920,128,562,1320,2530227859,3214034762,1005056,0
1434,1116416,0,0,0,8000,9408,463616,468992,166400,146624,965632,0,1344,458368,0,0,0,0,0,0,0,0,0,0,0,0,0,0,468864,128,565,1327,4065567881,3023211939,956224,0
1435,1116800,0,0,0,9088,10560,448960,470720,177472,157696,954688,0,1344,443648,0,0,0,0,0,0,0,0,0,0,0,0,0,0,470592,128,575,1337,2594136943,582092671,944128,0
1436,1116608,0,0,0,7808,9472,478592,468928,151808,132224,980032,0,1344,473408,0,0,0,0,0,0,0,0,0,0,0,0,0,0,468800,128,574,1340,143803562,4056649610,970560,0
1437,1117248,0,0,0,7872,9536,436480,439552,223808,203392,909440,0,1280,431232,0,0,0,0,0,0,0,0,0,0,0,0,0,0,439424,128,573,1322,379057491,940171362,899904,0
1438,1116096,0,0,0,6144,9280,416768,448640,235264,215680,896128,0,1280,411520,0,0,0,0,0,0,0,0,0,0,0,0,0,0,448512,128,572,1326,4161959185,358254917,886848,0
1439,1116608,0,0,0,4864,9280,424704,461568,216192,196608,915776,0,1280,419392,0,0,0,0,0,0,0,0,0,0,0,0,0,0,461440,128,582,1339,4287046760,2451629463,906496,0
1440,1116928,0,0,0,7104,9472,451264,449408,199680,174016,938624,0,1280,445952,0,0,0,0,0,0,0,0,0,0,0,0,0,0,449280,128,577,1326,2519701121,4001178043,929152,0
1441,1117376,0,0,0,7232,9600,458944,457472,184128,163904,949120,0,1344,453632,0,0,0,0,0,0,0,0,0,0,0,0,0,0,457344,128,574,1322,4164189805,3153517770,939520,0
1442,1115968,0,0,0,4608,9536,510848,452288,138688,118848,992960,0,1280,505536,0,0,0,0,0,0,0,0,0,0,0,0,0,0,452160,128,577,1329,4076456834,3114171633,983424,0
1443,1120256,0,0,0,4736,9408,453632,479232,173248,150336,965696,0,1216,448384,0,0,0,0,0,0,0,0,0,0,0,0,0,0,479040,192,575,1323,3460674091,2994919883,956288,0
1444,1113664,0,0,0,7808,9280,462720,468992,164864,144512,964864,0,1344,457536,0,0,0,0,0,0,0,0,0,0,0,0,0,0,468864,128,578,1332,2489823950,1629123154,955584,0
1445,1116736,0,0,0,7104,9408,521024,470720,108480,88256,1024256,0,1344,515712,0,0,0,0,0,0,0,0,0,0,0,0,0,0,470592,128,574,1311,1293456126,3295484293,1014848,0
1446,1677440,0,0,0,4608,9088,664640,546752,452352,432000,1241216,0,1280,659200,0,0,0,0,0,0,0,0,0,0,0,0,0,0,546624,128,576,1318,2924524232,3512574848,1232128,0
1447,1118080,0,0,0,9984,9536,506112,481664,110784,89600,1024192,0,1344,500928,0,0,0,0,0,0,0,0,0,0,0,0,0,0,481536,128,578,1319,2616713788,2264441998,1014656,0
1448,1116224,0,0,0,7872,9408,392896,488448,217600,196544,915200,0,1280,387584,0,0,0,0,0,0,0,0,0,0,0,0,0,0,488256,192,581,1326,2701042323,518428028,905792,0
1449,1117184,0,0,0,8384,9664,360896,467328,270912,248960,863808,0,1280,355712,0,0,0,0,0,0,0,0,0,0,0,0,0,0,467200,128,577,1313,697056262,976675382,854144,0
1450,1116544,0,0,0,7424,10752,348736,476352,273280,252096,860032,0,1216,343296,0,0,0,0,0,0,0,0,0,0,0,0,0,0,476224,128,583,1321,1149657477,925591358,849280,0
1451,1116736,0,0,0,5760,9600,374848,468224,258304,237120,875264,0,1216,369664,0,0,0,0,0,0,0,0,0,0,0,0,0,0,468096,128,580,1316,1822470114,994584781,865664,0
1452,1116928,0,0,0,6656,9856,378752,484864,236800,215424,896960,0,1280,373632,0,0,0,0,0,0,0,0,0,0,0,0,0,0,484736,128,579,1315,2653385109,512827350,887104,0
1453,1116672,0,0,0,6720,9536,426624,478080,195712,174272,937920,0,1280,421376,0,0,0,0,0,0,0,0,0,0,0,0,0,0,477952,128,582,1320,39487865,1537997244,928384,0
1454,1116928,0,0,0,4352,9408,401984,487104,214080,192640,919936,0,1280,396736,0,0,0,0,0,0,0,0,0,0,0,0,0,0,486976,128,582,1331,2693589787,426710301,910528,0
1455,1117504,0,0,0,7104,9600,462784,475968,162048,140032,973184,0,1344,457664,0,0,0,0,0,0,0,0,0,0,0,0,0,0,475840,128,576,1317,2445128402,3383462410,963584,0
1456,1116160,0,0,0,6976,9344,575424,484288,40128,12608,1099264,0,1344,570240,0,0,0,0,0,0,0,0,0,0,0,0,0,0,484160,128,597,1348,129300489,3287764093,1089920,0
1457,1117248,0,0,0,4224,23104,402304,472576,215040,193600,919424,0,1280,396992,0,0,0,0,0,0,0,0,0,0,0,0,0,0,472448,128,587,1328,1084674650,138269968,896320,0
1458,1116608,0,0,0,5248,9728,454976,547392,99264,77824,1034432,0,1280,449792,0,0,0,0,0,0,0,0,0,0,0,0,0,0,547264,128,577,1311,1967108334,1408329113,1024704,0
1459,1677632,0,0,0,12288,9472,553856,536640,565376,543360,1129984,0,1280,548672,0,0,0,0,0,0,0,0,0,0,0,0,0,0,536512,128,544,1252,2692364208,1324057377,1120512,0
1460,1115840,0,0,0,7232,9664,360000,508992,229952,208384,903040,0,1280,354752,0,0,0,0,0,0,0,0,0,0,0,0,0,0,508864,128,542,1249,1882812135,717720585,893376,0
1461,1117056,0,0,0,5440,9728,521472,474944,105472,84096,1028672,0,1280,516224,0,0,0,0,0,0,0,0,0,0,0,0,0,0,474816,128,535,1220,1786280050,1146430994,1018944,0
1462,1116864,0,0,0,4160,9408,498688,498752,105856,84608,1027904,0,1280,493248,0,0,0,0,0,0,0,0,0,0,0,0,0,0,498624,128,521,1199,2347193116,4145489993,1018496,0
1463,1675648,0,0,0,15808,9280,694464,468096,488000,467840,1203520,0,1280,689152,0,0,0,0,0,0,0,0,0,0,0,0,0,0,467968,128,519,1203,3706028079,2416169769,1194240,0
1464,1116928,0,0,0,4224,10624,577024,492544,32512,12416,1100160,0,1344,571776,0,0,0,0,0,0,0,0,0,0,0,0,0,0,492416,128,526,1213,151527153,824602496,1089536,0
1465,1116608,0,0,0,4992,9344,348864,455744,297664,278080,834240,0,1216,343744,0,0,0,0,0,0,0,0,0,0,0,0,0,0,455616,128,518,1198,1324513098,3492548873,824896,0
1466,1116864,0,0,0,9152,9664,536000,522688,39360,19328,1093120,0,1280,530816,0,0,0,0,0,0,0,0,0,0,0,0,0,0,522560,128,517,1207,4157476277,4061041038,1083456,0
1467,2237632,0,0,0,4224,9536,709184,1259200,255488,235712,1997440,0,1344,703808,0,0,0,0,0,0,0,0,0,0,0,0,0,0,1259072,128,554,1278,2928642880,998223479,1987904,0
1468,1116224,0,0,0,5440,9280,399936,588544,113024,93120,1018688,0,1280,394624,0,0,0,0,0,0,0,0,0,0,0,0,0,0,588416,128,547,1259,1904489263,1276787400,1009408,0
1469,1677824,0,0,0,4224,9152,638336,633600,392512,372224,1301312,0,1216,633088,0,0,0,0,0,0,0,0,0,0,0,0,0,0,633472,128,568,1321,4245428732,2696572904,1292160,0
1470,1676416,0,0,0,9472,9536,611072,575424,470912,450752,1221312,0,1408,605696,0,0,0,0,0,0,0,0,0,0,0,0,0,0,575296,128,571,1300,3210927191,2263668234,1211776,0
1471,1676736,0,0,0,6656,9280,461824,705856,493120,473408,1199040,0,1280,456448,0,0,0,0,0,0,0,0,0,0,0,0,0,0,705728,128,573,1318,2373431264,3228829421,1189760,0
1472,1677120,0,0,0,5760,9856,532992,698368,430144,404928,1267264,0,1344,527552,0,0,0,0,0,0,0,0,0,0,0,0,0,0,698240,128,612,1404,3102654761,3455410061,1257408,0
1473,1677184,0,0,0,4288,9472,458624,713280,491520,471680,1201216,0,1280,453312,0,0,0,0,0,0,0,0,0,0,0,0,0,0,713152,128,606,1436,135047388,404093426,1191744,0
1474,1678464,0,0,0,4352,9472,436928,771520,456192,434880,1239360,0,1280,431680,0,0,0,0,0,0,0,0,0,0,0,0,0,0,771392,128,546,1352,2689892599,3864831979,1229888,0
1475,1677056,0,0,0,6656,10560,457088,724352,478400,457024,1215616,0,1280,451712,0,0,0,0,0,0,0,0,0,0,0,0,0,0,724224,128,519,1252,1529177936,1312128339,1205056,0
1476,1677120,0,0,0,11584,9664,526336,681216,448320,426688,1245760,0,1216,521024,0,0,0,0,0,0,0,0,0,0,0,0,0,0,681088,128,505,1233,1713118489,227007644,1236096,0
1477,1676672,0,0,0,7296,9536,598464,634368,427008,405888,1266304,0,1280,593152,0,0,0,0,0,0,0,0,0,0,0,0,0,0,634240,128,507,1223,2075439680,1710293711,1256768,0
1478,1677184,0,0,0,5696,9152,580800,631040,450496,428800,1244224,0,1280,575552,0,0,0,0,0,0,0,0,0,0,0,0,0,0,630912,128,518,1258,3281801356,4201820352,1235072,0
1479,1676736,0,0,0,4288,9792,614848,570048,477760,456704,1215680,0,1280,609536,0,0,0,0,0,0,0,0,0,0,0,0,0,0,569920,128,552,1312,704070427,2856934664,1205888,0
1480,1677376,0,0,0,5120,9280,569344,582528,511104,489280,1183808,0,1280,563968,0,0,0,0,0,0,0,0,0,0,0,0,0,0,582400,128,585,1403,569781062,1436127512,1174528,0
1481,1676736,0,0,0,4224,9344,796288,791040,75840,54656,1617792,0,1216,791168,0,0,0,0,0,0,0,0,0,0,0,0,0,0,790912,128,614,1413,2805285748,2773720181,1608448,0
1482,1677952,0,0,0,6528,9600,521856,692544,447424,425664,1248000,0,1280,516480,0,0,0,0,0,0,0,0,0,0,0,0,0,0,692416,128,640,1491,1337414768,2799370070,1238400,0
1483,1676480,0,0,0,10816,9664,562304,663168,430528,408512,1263616,0,1280,556992,0,0,0,0,0,0,0,0,0,0,0,0,0,0,663040,128,631,1465,2271590487,4160330548,1253952,0
1484,1676992,0,0,0,13120,9536,572864,662976,418496,396928,1275456,0,1280,567424,0,0,0,0,0,0,0,0,0,0,0,0,0,0,662848,128,609,1418,921236553,723559233,1265920,0
1485,1675584,0,0,0,4224,11008,428992,1061376,169984,149952,1520832,0,1280,423616,0,0,0,0,0,0,0,0,0,0,0,0,0,0,1061248,128,582,1347,160604631,1690692394,1509824,0
1486,1676864,0,0,0,6528,9856,616064,714304,330112,310208,1361984,0,1344,610752,0,0,0,0,0,0,0,0,0,0,0,0,0,0,714176,128,611,1394,2753704452,2331763830,1352128,0
1487,1676800,0,0,0,5504,23616,482176,615424,550080,530304,1141824,0,1344,476928,0,0,0,0,0,0,0,0,0,0,0,0,0,0,615296,128,626,1431,1985634054,3934775779,1118208,0
1488,1116800,0,0,0,4096,9920,433600,564352,104832,79552,1032512,0,1216,428224,0,0,0,0,0,0,0,0,0,0,0,0,0,0,564224,128,629,1418,202329058,2666840509,1022592,0
1489,1116864,0,0,0,3968,9728,401472,542400,159296,139456,972672,0,1280,396288,0,0,0,0,0,0,0,0,0,0,0,0,0,0,542272,128,609,1401,1472730385,49264022,962944,0
1490,2238016,0,0,0,10688,24832,982848,647552,572096,551744,1681408,0,1344,977664,0,0,0,0,0,0,0,0,0,0,0,0,0,0,647424,128,617,1415,836061582,2880243338,1656576,0
1491,1115968,0,0,0,4672,9728,454080,616768,30720,11008,1100224,0,1280,448576,0,0,0,0,0,0,0,0,0,0,0,0,0,0,616640,128,613,1414,1885661544,980243117,1090496,0
1492,1678656,0,0,0,6912,24320,473536,623360,550528,529472,1144192,0,1408,468224,0,0,0,0,0,0,0,0,0,0,0,0,0,0,623232,128,614,1416,2207555100,1956706772,1119872,0
1493,1677312,0,0,0,6976,9984,474816,625536,560000,538304,1134016,0,1280,469632,0,0,0,0,0,0,0,0,0,0,0,0,0,0,625408,128,604,1386,4018270961,3970197245,1124032,0
1494,1116288,0,0,0,4352,9408,440576,570816,91136,69952,1042112,0,1280,435392,0,0,0,0,0,0,0,0,0,0,0,0,0,0,570752,64,595,1369,2471243502,1716660958,1032704,0
1495,1116864,0,0,0,4352,9600,474944,591424,36544,15168,1097472,0,1280,469632,0,0,0,0,0,0,0,0,0,0,0,0,0,0,591296,128,596,1374,3492947967,997274444,1087872,0
1496,1116864,0,0,0,4352,9408,445760,594560,62784,41280,1071296,0,1280,440512,0,0,0,0,0,0,0,0,0,0,0,0,0,0,594432,128,592,1360,341103753,4079646863,1061888,0
1497,1117376,0,0,0,5248,10560,430336,587712,83520,61440,1051776,0,1280,425088,0,0,0,0,0,0,0,0,0,0,0,0,0,0,587584,128,604,1397,3202021659,3305247167,1041216,0
1498,1676992,0,0,0,6912,9728,594368,566592,499392,477376,1195200,0,1280,589056,0,0,0,0,0,0,0,0,0,0,0,0,0,0,566464,128,591,1367,4274786209,898309101,1185472,0
1499,1116224,0,0,0,7232,9536,461184,588480,49792,28096,1083712,0,1344,456064,0,0,0,0,0,0,0,0,0,0,0,0,0,0,588352,128,602,1398,1822762622,2422528294,1074176,0
1500,1116544,0,0,0,5440,9664,475584,585024,40832,19584,1092672,0,1344,470464,0,0,0,0,0,0,0,0,0,0,0,0,0,0,584896,128,613,1402,1212597546,2867937612,1083008,0
1501,1117120,0,0,0,4096,9472,428928,586624,88000,66432,1046336,0,1280,423680,0,0,0,0,0,0,0,0,0,0,0,0,0,0,586496,128,641,1459,2992373286,1275739667,1036864,0
1502,1116800,0,0,0,4160,9408,411712,592128,99392,78080,1034432,0,1280,406464,0,0,0,0,0,0,0,0,0,0,0,0,0,0,592000,128,625,1415,451019,2655454855,1025024,0
1503,1117632,0,0,0,4160,9280,388288,567232,148672,126720,986688,0,1280,382976,0,0,0,0,0,0,0,0,0,0,0,0,0,0,567104,128,619,1433,3059648436,2199322879,977408,0
1504,1115712,0,0,0,4160,9536,388544,556928,156544,129664,981760,0,1280,383168,0,0,0,0,0,0,0,0,0,0,0,0,0,0,556800,128,587,1341,1645545761,730263688,972224,0
1505,1116928,0,0,0,4160,9408,467648,606592,29120,8000,1104640,0,1280,462336,0,0,0,0,0,0,0,0,0,0,0,0,0,0,606464,128,583,1351,3493532882,1730141378,1095232,0
1506,1677696,0,0,0,5376,9408,621312,542528,499072,477312,1196160,0,1280,616000,0,0,0,0,0,0,0,0,0,0,0,0,0,0,542400,128,543,1294,1960780269,3197895303,1186752,0
1507,1116096,0,0,0,6464,9216,411840,491200,197376,176192,935616,0,1280,406528,0,0,0,0,0,0,0,0,0,0,0,0,0,0,491072,128,554,1324,4101552959,3499668169,926400,0
1508,1675776,0,0,0,6592,10048,664576,627904,366656,346752,1324160,0,1344,659456,0,0,0,0,0,0,0,0,0,0,0,0,0,0,627776,128,575,1367,2513563263,2699405555,1314112,0
1509,1118080,0,0,0,6400,9728,426176,567424,108352,87296,1026368,0,1280,420864,0,0,0,0,0,0,0,0,0,0,0,0,0,0,567296,128,577,1393,1394567488,4046662012,1016640,0
1510,1676992,0,0,0,5312,11072,523392,1045632,91584,70272,1602368,0,1344,518080,0,0,0,0,0,0,0,0,0,0,0,0,0,0,1045504,128,586,1401,2576021570,3057568852,1591296,0
1511,1676928,0,0,0,4032,9536,553408,1074496,35456,14080,1658560,0,1216,548288,0,0,0,0,0,0,0,0,0,0,0,0,0,0,1074368,128,591,1400,2351553084,1151304447,1649024,0
1512,1116800,0,0,0,3968,9728,447360,562176,93568,72192,1040320,0,1216,442112,0,0,0,0,0,0,0,0,0,0,0,0,0,0,562048,128,611,1437,1243600880,2623494261,1030592,0
1513,1677312,0,0,0,3968,9536,494208,605248,564352,542848,1130112,0,1344,488960,0,0,0,0,0,0,0,0,0,0,0,0,0,0,605120,128,600,1433,2234190555,2531718747,1120576,0
1514,1116608,0,0,0,3968,9280,430464,562880,110016,88320,1024064,0,1280,424960,0,0,0,0,0,0,0,0,0,0,0,0,0,0,562752,128,606,1462,2453411721,445581017,1014784,0
1515,1116672,0,0,0,5120,9472,429120,592704,80256,58752,1053440,0,1280,423872,0,0,0,0,0,0,0,0,0,0,0,0,0,0,592576,128,616,1462,4117667150,3115620512,1043968,0
1516,1116864,0,0,0,7168,9728,460416,560512,79040,57856,1054592,0,1280,455168,0,0,0,0,0,0,0,0,0,0,0,0,0,0,560384,128,622,1466,3845756789,3524543166,1044864,0
1517,1116992,0,0,0,5248,23232,444800,585024,58688,36992,1075712,0,1216,439680,0,0,0,0,0,0,0,0,0,0,0,0,0,0,584896,128,630,1480,2871332085,2828865371,1052480,0
1518,1676800,0,0,0,4032,9216,553216,566528,543808,522368,1150272,0,1280,547904,0,0,0,0,0,0,0,0,0,0,0,0,0,0,566400,128,617,1453,2005217068,177218314,1141056,0
1519,1678016,0,0,0,10944,24768,849664,651328,141312,118912,1554688,0,1280,844416,0,0,0,0,0,0,0,0,0,0,0,0,0,0,651200,128,597,1467,3803481389,713206475,1529920,0
1520,1115904,0,0,0,4224,9664,450048,567360,84608,57280,1054336,0,1280,444736,0,0,0,0,0,0,0,0,0,0,0,0,0,0,567232,128,600,1470,1420876233,1290643156,1044672,0
1521,1676992,0,0,0,9728,24128,577216,657472,408448,387200,1285184,0,1280,571904,0,0,0,0,0,0,0,0,0,0,0,0,0,0,657344,128,578,1430,2565270560,3965017428,1261056,0
1522,1116928,0,0,0,4416,9920,457920,613696,30976,9344,1102976,0,1280,452544,0,0,0,0,0,0,0,0,0,0,0,0,0,0,613568,128,580,1408,3044912715,2868725208,1093056,0
1523,1677184,0,0,0,4480,10944,542976,682368,436416,414784,1257728,0,1280,537600,0,0,0,0,0,0,0,0,0,0,0,0,0,0,682240,128,530,1325,610052283,4292624795,1246784,0
1524,1676736,0,0,0,8256,9792,538752,658176,461760,438720,1233344,0,2880,529408,0,0,0,0,0,0,0,0,0,0,0,0,0,0,658048,128,555,1396,1652861391,2814333249,1223552,0
1525,1677632,0,0,0,10944,9344,508480,605248,543616,521984,1151360,0,1344,503360,0,0,0,0,0,0,0,0,0,0,0,0,0,0,605120,128,482,1194,3212441707,3219609100,1142016,0
1526,1676224,0,0,0,4352,9600,504256,623680,534336,513088,1158848,0,1344,498944,0,0,0,0,0,0,0,0,0,0,0,0,0,0,623552,128,481,1188,2487270863,3426345995,1149248,0
1527,1677760,0,0,0,4416,9408,515008,633216,515712,494208,1179328,0,1344,509760,0,0,0,0,0,0,0,0,0,0,0,0,0,0,633088,128,481,1198,2933276737,507877547,1169920,0
1528,1677184,0,0,0,6784,9728,499968,644288,516416,494016,1178688,0,1280,494656,0,0,0,0,0,0,0,0,0,0,0,0,0,0,644160,128,491,1225,1308185089,1507709870,1168960,0
1529,1676800,0,0,0,5888,9920,483456,634432,543104,521856,1150528,0,1280,478208,0,0,0,0,0,0,0,0,0,0,0,0,0,0,634304,128,485,1202,2166347576,2367305923,1140608,0
1530,1116736,0,0,0,6656,9792,468608,605760,25920,4352,1108032,0,1216,462848,0,0,0,0,0,0,0,0,0,0,0,0,0,0,605632,128,506,1249,2427079185,1459048832,1098240,0
1531,1676992,0,0,0,11264,9792,520256,595904,539776,518272,1154368,0,1280,514880,0,0,0,0,0,0,0,0,0,0,0,0,0,0,595776,128,495,1220,3447195744,2642442574,1144576,0
1532,1116736,0,0,0,4352,9472,476800,577344,48768,27200,1085248,0,1216,471488,0,0,0,0,0,0,0,0,0,0,0,0,0,0,577216,128,482,1192,2310246673,2222395378,1075776,0
1533,1116608,0,0,0,5184,9536,466624,511424,123840,102528,1009856,0,1280,461440,0,0,0,0,0,0,0,0,0,0,0,0,0,0,511296,128,469,1112,3605376626,997077010,1000320,0
1534,1117696,0,0,0,4352,9408,501824,471552,130560,105344,1008128,0,1344,496448,0,0,0,0,0,0,0,0,0,0,0,0,0,0,471424,128,464,1108,266039557,3453733949,998720,0
1535,1115264,0,0,0,9408,11008,586304,469184,39360,17664,1093376,0,1280,581184,0,0,0,0,0,0,0,0,0,0,0,0,0,0,469056,128,445,1065,3577917389,757972060,1082368,0
1536,1117440,0,0,0,11072,9344,536000,434368,126656,98880,1014144,0,1280,530304,0,0,0,0,0,0,0,0,0,0,0,0,0,0,434240,128,455,1092,1110909858,562530993,1004800,0
1537,1116992,0,0,0,5760,9408,438848,504128,158848,136960,975872,0,1344,433536,0,0,0,0,0,0,0,0,0,0,0,0,0,0,504000,128,455,1091,3776232315,1555637418,966464,0
1538,1115776,0,0,0,6784,9344,543296,447296,109056,87808,1023744,0,1280,538112,0,0,0,0,0,0,0,0,0,0,0,0,0,0,447168,128,480,1177,843494737,4222484252,1014400,0
1539,1117184,0,0,0,6144,9344,541504,462272,97920,75968,1037120,0,1216,536192,0,0,0,0,0,0,0,0,0,0,0,0,0,0,462144,128,522,1299,1724011645,4063854989,1027776,0
1540,1116608,0,0,0,6592,9408,430848,476800,192960,171520,941056,0,1280,425600,0,0,0,0,0,0,0,0,0,0,0,0,0,0,476672,128,540,1361,2703807375,3147771365,931648,0
1541,1116736,0,0,0,7104,9280,462272,485760,152320,130560,981888,0,1344,457024,0,0,0,0,0,0,0,0,0,0,0,0,0,0,485632,128,570,1396,4268149060,1619568775,972608,0
1542,1116928,0,0,0,8064,9344,448320,463744,187456,165952,946816,0,1280,443072,0,0,0,0,0,0,0,0,0,0,0,0,0,0,463616,128,575,1397,3763906063,219372067,937472,0
1543,1117056,0,0,0,6464,8896,414336,464128,223232,201600,911552,0,1280,409024,0,0,0,0,0,0,0,0,0,0,0,0,0,0,464000,128,579,1394,2415667400,1957877101,902656,0
1544,1116928,0,0,0,5504,9088,448256,491648,162432,140928,972032,0,1280,443008,0,0,0,0,0,0,0,0,0,0,0,0,0,0,491520,128,604,1450,256099213,1628218148,962944,0
1545,1116608,0,0,0,5312,9280,426240,458112,217664,196288,916352,0,1280,420800,0,0,0,0,0,0,0,0,0,0,0,0,0,0,457984,128,585,1391,135687636,1511488002,907072,0
1546,1116800,0,0,0,6400,9600,407808,468416,224576,203200,909184,0,1216,402560,0,0,0,0,0,0,0,0,0,0,0,0,0,0,468288,128,603,1418,2613366047,4191265004,899584,0
1547,1117312,0,0,0,5440,23936,419776,477056,191104,169280,944000,0,1280,414592,0,0,0,0,0,0,0,0,0,0,0,0,0,0,476928,128,593,1404,1413760269,3433072667,920064,0
1548,1116928,0,0,0,4096,9216,512000,527616,64000,42304,1070656,0,1280,506816,0,0,0,0,0,0,0,0,0,0,0,0,0,0,527488,128,587,1396,43870959,3181329991,1061440,0
1549,1116544,0,0,0,4032,9088,410048,464576,228800,207424,905152,0,1280,404800,0,0,0,0,0,0,0,0,0,0,0,0,0,0,464448,128,605,1440,1048986760,4159294598,896064,0
1550,1117248,0,0,0,4096,8832,472896,442496,188928,167424,945856,0,1344,467072,0,0,0,0,0,0,0,0,0,0,0,0,0,0,442368,128,570,1356,379017896,1086297715,937024,0
1551,1116352,0,0,0,5248,10560,495424,496512,108608,87232,1024960,0,1280,490176,0,0,0,0,0,0,0,0,0,0,0,0,0,0,496384,128,565,1331,1572848315,240678696,1014400,0
1552,1117504,0,0,0,6464,9216,383488,435904,282432,254848,858560,0,1280,378240,0,0,0,0,0,0,0,0,0,0,0,0,0,0,435776,128,581,1366,2074500503,3513433147,849344,0
1553,1116992,0,0,0,5376,9728,530304,446528,125056,102272,1010560,0,1280,525120,0,0,0,0,0,0,0,0,0,0,0,0,0,0,446400,128,570,1340,2661683571,1412523372,1000832,0
1554,1116096,0,0,0,6272,9536,412800,423808,263680,241920,870208,0,1408,407424,0,0,0,0,0,0,0,0,0,0,0,0,0,0,423680,128,570,1336,3749250606,10708216,860672,0
1555,1677440,0,0,0,7360,9408,567680,698752,394240,372224,1301184,0,1152,562496,0,0,0,0,0,0,0,0,0,0,0,0,0,0,698624,128,564,1332,393227112,2284417642,1291776,0
1556,1677248,0,0,0,8960,9536,718208,423104,517440,495552,1177536,0,1280,712960,0,0,0,0,0,0,0,0,0,0,0,0,0,0,422976,128,569,1332,102681198,3864606292,1168000,0
1557,1116480,0,0,0,4096,9024,582720,431040,89600,67648,1044928,0,1344,577408,0,0,0,0,0,0,0,0,0,0,0,0,0,0,430912,128,579,1342,2641017740,1672542075,1035904,0
1558,1676544,0,0,0,13312,9088,715200,461184,477760,456384,1216256,0,1280,709952,0,0,0,0,0,0,0,0,0,0,0,0,0,0,461056,128,578,1343,49732866,1982932974,1207168,0
1559,1116736,0,0,0,4160,9152,546752,422272,134400,113088,999680,0,1280,541376,0,0,0,0,0,0,0,0,0,0,0,0,0,0,422144,128,575,1328,961838332,2795661230,990528,0
1560,1116736,0,0,0,4096,9024,637760,414976,50880,29504,1083200,0,1280,632448,0,0,0,0,0,0,0,0,0,0,0,0,0,0,414848,128,583,1345,1004233484,3061385791,1074176,0
1561,1117248,0,0,0,5312,9088,436224,416320,250304,228352,884800,0,1280,430848,0,0,0,0,0,0,0,0,0,0,0,0,0,0,416192,128,581,1341,2499052304,1425113563,875712,0
1562,1117120,0,0,0,6656,9152,475776,434304,191232,169344,943744,0,1280,470592,0,0,0,0,0,0,0,0,0,0,0,0,0,0,434176,128,574,1336,1019459865,2713088730,934592,0
1563,1116160,0,0,0,6976,9216,451456,443264,205248,183424,928640,0,1280,446208,0,0,0,0,0,0,0,0,0,0,0,0,0,0,443136,128,577,1345,923574416,2597735279,919424,0
1564,1677248,0,0,0,15104,24384,663232,473792,500736,479168,1194048,0,1280,657920,0,0,0,0,0,0,0,0,0,0,0,0,0,0,473664,128,568,1324,3973109238,65873087,1169664,0
1565,1677440,0,0,0,4160,10688,521664,931776,209152,187264,1486144,0,1216,516352,0,0,0,0,0,0,0,0,0,0,0,0,0,0,931648,128,572,1337,4262617875,984186936,1475456,0
1566,1116224,0,0,0,8704,23424,375744,438272,270080,248640,863616,0,1280,370432,0,0,0,0,0,0,0,0,0,0,0,0,0,0,438144,128,573,1341,2914109776,2859246363,840192,0
1567,1116992,0,0,0,4224,9088,352064,436608,315008,293440,819584,0,1216,346944,0,0,0,0,0,0,0,0,0,0,0,0,0,0,436480,128,574,1342,964838614,365889305,810496,0
1568,1116608,0,0,0,5504,10176,544704,494976,61248,33408,1078144,0,1984,536768,0,0,0,0,0,0,0,0,0,0,0,0,0,0,494848,128,573,1343,3625945546,1754501722,1067968,0
1569,1678208,0,0,0,16960,28032,989696,490112,153408,123328,1547328,0,2816,978240,0,0,0,0,0,0,0,0,0,0,0,0,0,0,489984,128,558,1338,1975683679,878784120,1519296,0
1570,1115520,0,0,0,5056,9024,415168,449472,236800,215552,895872,0,1280,409856,0,0,0,0,0,0,0,0,0,0,0,0,0,0,449344,128,554,1332,2265881408,2158386690,886848,0
1571,1116672,0,0,0,4928,23680,386112,455936,246016,224768,887872,0,1280,380864,0,0,0,0,0,0,0,0,0,0,0,0,0,0,455808,128,555,1343,1634071248,1044642112,864192,0
1572,1117056,0,0,0,5056,9216,425664,469824,207296,185664,927360,0,1280,420416,0,0,0,0,0,0,0,0,0,0,0,0,0,0,469696,128,557,1365,2934547266,4172805005,918144,0
1573,1116672,0,0,0,5056,9280,426688,471040,204608,183168,929536,0,1280,421376,0,0,0,0,0,0,0,0,0,0,0,0,0,0,470912,128,563,1373,3365746007,2121987045,920256,0
1574,1116672,0,0,0,8064,9472,428352,468928,201856,180416,932288,0,1344,423040,0,0,0,0,0,0,0,0,0,0,0,0,0,0,468800,128,589,1401,681911485,3323723419,922816,0
1575,1116608,0,0,0,7232,9536,451328,471104,177408,156032,956544,0,1280,446080,0,0,0,0,0,0,0,0,0,0,0,0,0,0,470976,128,614,1447,2767855037,3266644595,947008,0
1576,1117184,0,0,0,6272,8768,465216,495168,141760,119808,993728,0,1216,460032,0,0,0,0,0,0,0,0,0,0,0,0,0,0,495040,128,596,1460,396841342,877511627,984960,0
1577,1116736,0,0,0,4992,23040,466112,485760,136832,115584,997696,0,1216,460928,0,0,0,0,0,0,0,0,0,0,0,0,0,0,485632,128,506,1280,417771074,3961774449,974656,0
1578,1116864,0,0,0,5056,8576,475776,463488,163968,142400,970944,0,1216,470592,0,0,0,0,0,0,0,0,0,0,0,0,0,0,463360,128,491,1226,3799782356,336340152,962368,0
1579,1116736,0,0,0,11328,9024,545152,464064,87168,65856,1047232,0,1280,540032,0,0,0,0,0,0,0,0,0,0,0,0,0,0,463936,128,502,1253,3455156781,830310387,1038208,0
1580,1116800,0,0,0,7808,9920,464000,451712,183360,161856,951360,0,1344,458688,0,0,0,0,0,0,0,0,0,0,0,0,0,0,451584,128,487,1208,1559786902,1115665580,941440,0
1581,1116864,0,0,0,8192,8640,469312,445888,184832,163392,949952,0,1280,463936,0,0,0,0,0,0,0,0,0,0,0,0,0,0,445760,128,469,1187,3227606785,1392467584,941312,0
1582,1116608,0,0,0,8000,8896,447616,452032,200064,178752,934336,0,1152,442496,0,0,0,0,0,0,0,0,0,0,0,0,0,0,451904,128,458,1204,4139543512,3986025057,925440,0
1583,1116864,0,0,0,7232,9152,474496,459840,166144,144768,968384,0,1280,469248,0,0,0,0,0,0,0,0,0,0,0,0,0,0,459712,128,425,1129,1859158599,1091057545,959232,0
1584,1116800,0,0,0,6272,8704,471168,465024,165632,138240,974976,0,1280,465984,0,0,0,0,0,0,0,0,0,0,0,0,0,0,464896,128,404,1065,2053079741,130026824,966272,0
1585,1116992,0,0,0,4864,9024,459456,446912,196736,175360,938112,0,1216,454336,0,0,0,0,0,0,0,0,0,0,0,0,0,0,446784,128,400,1048,798213476,1414083918,929088,0
1586,1116864,0,0,0,7104,8768,477888,438656,184448,163008,950144,0,1280,472704,0,0,0,0,0,0,0,0,0,0,0,0,0,0,438528,128,397,1043,2067385085,2708059607,941376,0
1587,1116544,0,0,0,7744,9088,480128,440384,179200,157696,955328,0,1216,474944,0,0,0,0,0,0,0,0,0,0,0,0,0,0,440256,128,402,1052,1846036651,3505020249,946240,0
1588,1116864,0,0,0,8064,9152,473920,440704,185024,163648,949440,0,1216,468800,0,0,0,0,0,0,0,0,0,0,0,0,0,0,440576,128,400,1049,3674516297,4089203525,940288,0
1589,1117120,0,0,0,7744,9024,490240,451008,159104,137344,976128,0,1280,485056,0,0,0,0,0,0,0,0,0,0,0,0,0,0,450880,128,398,1045,2626234764,584669441,967104,0
1590,1116608,0,0,0,6784,8896,473728,454784,172416,150656,962496,0,1216,468608,0,0,0,0,0,0,0,0,0,0,0,0,0,0,454656,128,403,1061,3318724060,3072387210,953600,0
1591,1116928,0,0,0,6976,8704,434048,452480,214720,193216,920192,0,1216,428800,0,0,0,0,0,0,0,0,0,0,0,0,0,0,452352,128,406,1065,2668362475,1991102173,911488,0
1592,1116608,0,0,0,7616,8832,435328,446016,218816,197504,915456,0,1152,430208,0,0,0,0,0,0,0,0,0,0,0,0,0,0,445888,128,401,1055,795075523,1599308712,906624,0
1593,1116928,0,0,0,7296,8768,438656,449536,212672,191040,922432,0,1280,433408,0,0,0,0,0,0,0,0,0,0,0,0,0,0,449408,128,407,1061,3512400053,1712524398,913664,0
1594,1116736,0,0,0,6848,8960,425344,445248,230336,208960,904000,0,1280,420096,0,0,0,0,0,0,0,0,0,0,0,0,0,0,445120,128,403,1060,3437408522,2142839453,895040,0
1595,1116736,0,0,0,5824,10176,461376,453376,185984,164672,948480,0,1280,456128,0,0,0,0,0,0,0,0,0,0,0,0,0,0,453312,64,399,1049,440040549,3105459470,938304,0
1596,1116736,0,0,0,6464,9024,446336,449728,205184,183936,929280,0,1280,441152,0,0,0,0,0,0,0,0,0,0,0,0,0,0,449600,128,403,1062,3380175625,2668962223,920256,0
1597,1117056,0,0,0,6784,9024,466560,454400,180288,158464,955008,0,1216,461312,0,0,0,0,0,0,0,0,0,0,0,0,0,0,454272,128,407,1068,3537884945,3193101,945984,0
1598,1116800,0,0,0,7424,8960,431168,439296,229952,208576,904512,0,1216,425984,0,0,0,0,0,0,0,0,0,0,0,0,0,0,439168,128,401,1051,2789398554,2264207489,895552,0
1599,1116736,0,0,0,6592,9024,456640,440000,204480,182784,930304,0,1280,451456,0,0,0,0,0,0,0,0,0,0,0,0,0,0,439872,128,410,1067,3079533776,3775712089,921280,0
1600,1116608,0,0,0,5568,8832,434816,436608,230784,204032,908928,0,1152,429632,0,0,0,0,0,0,0,0,0,0,0,0,0,0,436480,128,407,1063,2840774025,2262782465,900096,0
1601,1116800,0,0,0,4288,8832,482496,439360,181824,160704,952640,0,1152,477376,0,0,0,0,0,0,0,0,0,0,0,0,0,0,439232,128,403,1055,679030014,3113059512,943808,0
1602,1116928,0,0,0,4288,8576,443968,436672,223424,201856,911616,0,1344,438720,0,0,0,0,0,0,0,0,0,0,0,0,0,0,436544,128,402,1051,780063047,4140535354,903040,0
1603,1677376,0,0,0,16000,24512,570688,516416,549760,528448,1144832,0,1216,565376,0,0,0,0,0,0,0,0,0,0,0,0,0,0,516288,128,405,1055,703600970,2801889049,1120320,0
1604,1117120,0,0,0,6784,24448,395520,509376,180992,159680,953728,0,1216,390336,0,0,0,0,0,0,0,0,0,0,0,0,0,0,509248,128,400,1040,2308773470,878527217,929280,0
1605,1117056,0,0,0,5824,23808,476736,547904,62784,41088,1072320,0,1280,471424,0,0,0,0,0,0,0,0,0,0,0,0,0,0,547776,128,410,1072,1268824352,2855940887,1048512,0
1606,1677568,0,0,0,4352,24576,522688,560512,565440,543552,1130496,0,1280,517568,0,0,0,0,0,0,0,0,0,0,0,0,0,0,560384,128,411,1090,614825295,283601760,1105920,0
1607,1116352,0,0,0,4416,24256,439872,537536,110272,89024,1023744,0,1280,434560,0,0,0,0,0,0,0,0,0,0,0,0,0,0,537408,128,406,1089,1781022929,1447337249,999488,0
1608,1116672,0,0,0,4352,24064,412608,555456,120192,98752,1014400,0,1216,407424,0,0,0,0,0,0,0,0,0,0,0,0,0,0,555328,128,398,1080,3226487670,4272048595,990336,0
1609,1116672,0,0,0,4544,25344,428672,537600,120512,98880,1014272,0,1216,423488,0,0,0,0,0,0,0,0,0,0,0,0,0,0,537472,128,407,1083,2064268888,3944987503,988928,0
1610,1116928,0,0,0,6656,24320,386496,533184,166272,144448,968896,0,1280,381184,0,0,0,0,0,0,0,0,0,0,0,0,0,0,533056,128,409,1076,1654139556,1608590012,944576,0
1611,1676736,0,0,0,6592,24320,523456,540480,581888,560384,1112640,0,1280,518144,0,0,0,0,0,0,0,0,0,0,0,0,0,0,540352,128,409,1076,515413680,3878490078,1088320,0
1612,1117056,0,0,0,7232,24320,384320,531136,170048,148096,965056,0,1280,379072,0,0,0,0,0,0,0,0,0,0,0,0,0,0,531008,128,406,1067,2127290228,3348925217,940736,0
1613,1116544,0,0,0,5760,24256,453312,533696,99520,78080,1034816,0,1280,448000,0,0,0,0,0,0,0,0,0,0,0,0,0,0,533568,128,404,1064,478042897,2095874137,1010560,0
1614,1116928,0,0,0,4480,24064,399936,533504,154944,133568,979840,0,1216,394752,0,0,0,0,0,0,0,0,0,0,0,0,0,0,533376,128,401,1052,3538263413,3841838810,955776,0
1615,1116992,0,0,0,4416,23936,414464,534784,139392,118016,995456,0,1280,409280,0,0,0,0,0,0,0,0,0,0,0,0,0,0,534656,128,408,1070,2086954518,3330860223,971520,0
1616,1116736,0,0,0,6656,24512,393856,514176,177536,150272,962432,0,1280,388608,0,0,0,0,0,0,0,0,0,0,0,0,0,0,514048,128,397,1030,4188395702,3922608160,937920,0
1617,1118016,0,0,0,8000,23936,413952,513280,158848,136640,977856,0,1280,408704,0,0,0,0,0,0,0,0,0,0,0,0,0,0,513152,128,401,1040,568317758,2403783792,953920,0
1618,1116288,0,0,0,14592,23808,445760,508864,123264,101440,1011136,0,1280,440640,0,0,0,0,0,0,0,0,0,0,0,0,0,0,508736,128,393,1017,1789814825,2579806886,987328,0
1619,1116800,0,0,0,5696,23936,528320,516736,42112,20352,1092864,0,1280,522752,0,0,0,0,0,0,0,0,0,0,0,0,0,0,516608,128,393,1023,3223257355,4055141499,1068928,0
1620,1676992,0,0,0,9216,24768,502144,578496,562368,541056,1132352,0,1280,496768,0,0,0,0,0,0,0,0,0,0,0,0,0,0,578368,128,404,1061,1414092953,4047906431,1107584,0
1621,1116544,0,0,0,5824,24320,416960,515200,154240,132864,979968,0,1280,411776,0,0,0,0,0,0,0,0,0,0,0,0,0,0,515072,128,391,1017,492471533,2607016565,955648,0
1622,1116864,0,0,0,6720,24832,368448,509120,207744,186176,926912,0,1280,363200,0,0,0,0,0,0,0,0,0,0,0,0,0,0,508992,128,400,1050,1656532842,2771726251,902080,0
1623,1117184,0,0,0,6016,25792,445952,525632,113792,92352,1021120,0,1216,440704,0,0,0,0,0,0,0,0,0,0,0,0,0,0,525504,128,417,1107,96418954,2271300193,995328,0
1624,1117312,0,0,0,4480,24448,384192,534656,169536,148096,965696,0,1280,378880,0,0,0,0,0,0,0,0,0,0,0,0,0,0,534528,128,410,1087,1547105523,3541074015,941248,0
1625,1116992,0,0,0,4544,24384,419072,540288,128704,107072,1006400,0,1280,413760,0,0,0,0,0,0,0,0,0,0,0,0,0,0,540160,128,418,1122,1819642279,3288483148,982016,0
1626,1676672,0,0,0,4608,23744,497664,617536,533120,510912,1162176,0,1280,492608,0,0,0,0,0,0,0,0,0,0,0,0,0,0,617408,128,420,1129,2150148881,3391502505,1138432,0
1627,1116096,0,0,0,6848,23744,349760,613632,122112,100800,1011648,0,1280,344448,0,0,0,0,0,0,0,0,0,0,0,0,0,0,613504,128,422,1134,373428187,1862136806,987904,0
1628,1116992,0,0,0,7360,23552,372416,605440,108224,86912,1026368,0,1280,367168,0,0,0,0,0,0,0,0,0,0,0,0,0,0,605312,128,420,1127,3440854254,3594748403,1002816,0
1629,1116608,0,0,0,7680,23744,376704,601088,107392,85888,1027008,0,1280,371520,0,0,0,0,0,0,0,0,0,0,0,0,0,0,600960,128,421,1125,1685663554,128749445,1003264,0
1630,1117120,0,0,0,11264,23232,449216,604544,28864,7232,1106368,0,1280,443904,0,0,0,0,0,0,0,0,0,0,0,0,0,0,604416,128,424,1138,3095014838,4231959845,1083136,0
1631,1677696,0,0,0,4416,23744,505344,668864,475328,453824,1220288,0,1344,500032,0,0,0,0,0,0,0,0,0,0,0,0,0,0,668736,128,430,1157,4292577624,409826572,1196544,0
1632,1116352,0,0,0,4544,23168,345088,599232,144320,117312,995584,0,1344,339776,0,0,0,0,0,0,0,0,0,0,0,0,0,0,599104,128,435,1175,2195303533,466631947,972416,0
1633,1116928,0,0,0,4416,23168,368960,599360,121024,99712,1013632,0,1344,363712,0,0,0,0,0,0,0,0,0,0,0,0,0,0,599232,128,424,1129,3643288192,2904545924,990464,0
1634,1116864,0,0,0,4352,23488,350336,588736,149952,128896,984448,0,1280,344960,0,0,0,0,0,0,0,0,0,0,0,0,0,0,588608,128,450,1208,2527735046,1002770546,960960,0
1635,1116800,0,0,0,4352,22976,338432,619776,131264,109824,1003520,0,1280,333184,0,0,0,0,0,0,0,0,0,0,0,0,0,0,619648,128,541,1489,1219541286,832849970,980544,0
1636,1116864,0,0,0,5504,23168,334208,619904,134080,112512,1000704,0,1216,329088,0,0,0,0,0,0,0,0,0,0,0,0,0,0,619776,128,579,1488,603072618,3288464632,977536,0
1637,1116992,0,0,0,8000,24448,338624,609088,136832,115328,998144,0,1152,333312,0,0,0,0,0,0,0,0,0,0,0,0,0,0,608960,128,585,1478,3962063048,1400581733,973696,0
1638,1115840,0,0,0,7232,22912,323456,508672,253568,232448,879744,0,1280,318144,0,0,0,0,0,0,0,0,0,0,0,0,0,0,508480,192,572,1429,1348585676,4078027376,856832,0
1639,1116928,0,0,0,5568,22976,329280,515904,243200,221696,891776,0,1152,324160,0,0,0,0,0,0,0,0,0,0,0,0,0,0,515776,128,569,1419,2489536591,1581853822,868800,0
1640,1116288,0,0,0,4160,23296,309952,511552,267328,245888,866880,0,1280,304640,0,0,0,0,0,0,0,0,0,0,0,0,0,0,511424,128,558,1399,1293199964,2445241389,843584,0
1641,1116608,0,0,0,4160,23680,316224,475584,296960,275584,837568,0,1216,310848,0,0,0,0,0,0,0,0,0,0,0,0,0,0,475456,128,562,1396,4137851921,3302029241,813888,0
1642,1116608,0,0,0,4224,23552,348160,482176,258496,236800,876288,0,1280,342848,0,0,0,0,0,0,0,0,0,0,0,0,0,0,482048,128,557,1381,1718832811,837127598,852736,0
1643,1117440,0,0,0,4160,22720,479808,566016,44736,23360,1090624,0,1280,474624,0,0,0,0,0,0,0,0,0,0,0,0,0,0,565888,128,553,1367,2619600640,2620651922,1067904,0
1644,1116352,0,0,0,4160,22592,335616,540992,212992,191104,921728,0,1216,330432,0,0,0,0,0,0,0,0,0,0,0,0,0,0,540864,128,558,1376,1780258461,1495812253,899136,0
1645,1116800,0,0,0,4096,22784,349184,551808,188928,167552,945664,0,1216,344000,0,0,0,0,0,0,0,0,0,0,0,0,0,0,551680,128,554,1365,1256468147,3227760491,922880,0
1646,1116224,0,0,0,4096,22848,337984,546624,204672,183168,929536,0,1216,332736,0,0,0,0,0,0,0,0,0,0,0,0,0,0,546496,128,545,1343,294654016,4140650671,906688,0
1647,1117440,0,0,0,4160,22272,343424,528192,219392,198080,915840,0,1280,338240,0,0,0,0,0,0,0,0,0,0,0,0,0,0,528064,128,539,1342,3929403902,3591210824,893568,0
1648,1117056,0,0,0,4096,22528,344192,537088,209152,181760,931776,0,1280,339008,0,0,0,0,0,0,0,0,0,0,0,0,0,0,536960,128,544,1377,828574223,1322950718,909248,0
1649,1116992,0,0,0,4096,22272,334080,545600,210944,187328,926144,0,1216,328960,0,0,0,0,0,0,0,0,0,0,0,0,0,0,545472,128,543,1352,2439112325,1120020306,903872,0
1650,1116480,0,0,0,4160,22592,318080,528704,242944,221440,891584,0,1280,313024,0,0,0,0,0,0,0,0,0,0,0,0,0,0,528576,128,541,1339,2649874243,385659548,868992,0
1651,1117184,0,0,0,3968,22720,392640,554048,143808,121920,991808,0,1216,387456,0,0,0,0,0,0,0,0,0,0,0,0,0,0,553920,128,538,1339,981962938,2085605506,969088,0
1652,1116544,0,0,0,4224,22272,317632,547968,224448,202816,910208,0,1280,312448,0,0,0,0,0,0,0,0,0,0,0,0,0,0,547840,128,539,1349,573264519,3470867441,887936,0
1653,1116672,0,0,0,4096,9984,359232,535360,208000,186560,926528,0,1344,354048,0,0,0,0,0,0,0,0,0,0,0,0,0,0,535232,128,551,1374,267145279,1063196200,916544,0
1654,1116736,0,0,0,4160,8512,287488,548928,267648,246144,867136,0,1216,282368,0,0,0,0,0,0,0,0,0,0,0,0,0,0,548864,64,548,1357,1739560639,1039364675,858624,0
1655,1116672,0,0,0,4160,8768,301632,553408,248704,227392,885760,0,1280,296512,0,0,0,0,0,0,0,0,0,0,0,0,0,0,553280,128,542,1337,652534500,3861421854,876992,0
1656,1116608,0,0,0,6912,8512,292608,555264,253312,232000,881088,0,1216,287360,0,0,0,0,0,0,0,0,0,0,0,0,0,0,555136,128,547,1347,788223252,4229420656,872576,0
1657,1116992,0,0,0,7680,8640,297472,550464,252736,231360,882240,0,1152,292416,0,0,0,0,0,0,0,0,0,0,0,0,0,0,550336,128,549,1357,1533310625,2252640272,873600,0
1658,1116288,0,0,0,6208,8960,293888,543488,263744,242176,870592,0,1216,288704,0,0,0,0,0,0,0,0,0,0,0,0,0,0,543360,128,547,1348,2933717853,2334107115,861632,0
1659,1116928,0,0,0,5440,8768,386048,519168,197504,176064,937344,0,1280,380864,0,0,0,0,0,0,0,0,0,0,0,0,0,0,519040,128,543,1349,1540756485,3342204562,928576,0
1660,1117056,0,0,0,2496,8768,288704,523264,293824,272064,841536,0,1280,283648,0,0,0,0,0,0,0,0,0,0,0,0,0,0,523136,128,542,1354,849634152,4190126478,832768,0
1661,1116672,0,0,0,2432,8768,331072,530880,243520,221568,891648,0,1152,325888,0,0,0,0,0,0,0,0,0,0,0,0,0,0,530752,128,540,1345,499595243,2356848014,882880,0
1662,1116736,0,0,0,2496,8832,275584,516928,312896,288512,824704,0,1152,270528,0,0,0,0,0,0,0,0,0,0,0,0,0,0,516800,128,538,1339,310424265,3406241329,815872,0
1663,1116928,0,0,0,2560,8832,328128,512448,264960,243520,869888,0,1216,323008,0,0,0,0,0,0,0,0,0,0,0,0,0,0,512320,128,531,1317,3612730503,4254072172,861056,0
1664,1116736,0,0,0,2496,8640,308096,512896,284608,257344,856000,0,1152,303104,0,0,0,0,0,0,0,0,0,0,0,0,0,0,512768,128,531,1317,4045854633,648723926,847360,0
1665,1116800,0,0,0,2496,9024,309312,512640,283328,261952,851328,0,1280,304064,0,0,0,0,0,0,0,0,0,0,0,0,0,0,512512,128,535,1329,2296378634,3219733339,842304,0
1666,1116928,0,0,0,2496,8384,326656,517056,262336,241024,872512,0,1280,321536,0,0,0,0,0,0,0,0,0,0,0,0,0,0,516928,128,536,1333,2804134125,149670005,864128,0
1667,1116864,0,0,0,2560,21504,308416,514624,269760,248320,865152,0,1152,303424,0,0,0,0,0,0,0,0,0,0,0,0,0,0,514496,128,560,1405,3249161478,2661342494,843648,0
1668,1116992,0,0,0,2432,9984,321408,691648,91520,69824,1043584,0,1216,316352,0,0,0,0,0,0,0,0,0,0,0,0,0,0,691520,128,639,1631,394221953,3442508555,1033600,0
1669,1116992,0,0,0,2560,8512,316864,518144,270912,248832,864704,0,1152,311744,0,0,0,0,0,0,0,0,0,0,0,0,0,0,518016,128,649,1626,2577179322,4157714537,856192,0
1670,1116672,0,0,0,2560,8832,311936,513984,279360,258240,854976,0,1280,306688,0,0,0,0,0,0,0,0,0,0,0,0,0,0,513856,128,652,1586,3955391117,4188619248,846144,0
1671,1116608,0,0,0,2496,8576,313216,511232,281088,259648,853568,0,1280,308160,0,0,0,0,0,0,0,0,0,0,0,0,0,0,511104,128,648,1582,1642289481,2494027906,844992,0
1672,1116864,0,0,0,2496,8640,315840,516736,273152,251520,861952,0,1216,310784,0,0,0,0,0,0,0,0,0,0,0,0,0,0,516608,128,648,1575,3165569588,2216385483,853312,0
1673,1116736,0,0,0,2560,8640,315840,511360,278336,257024,856256,0,1152,310656,0,0,0,0,0,0,0,0,0,0,0,0,0,0,511232,128,647,1562,1522349414,3893868213,847616,0
1674,1116672,0,0,0,2496,8896,296896,510272,298112,276608,836608,0,1216,291712,0,0,0,0,0,0,0,0,0,0,0,0,0,0,510144,128,642,1557,1985527933,3315358616,827712,0
1675,1116672,0,0,0,2432,8832,353024,504320,248064,226368,886784,0,1216,347968,0,0,0,0,0,0,0,0,0,0,0,0,0,0,504192,128,636,1544,841766015,3231664452,877952,0
1676,1116928,0,0,0,2560,8832,340992,499840,264704,243456,869952,0,1280,335680,0,0,0,0,0,0,0,0,0,0,0,0,0,0,499712,128,642,1556,335966371,813255073,861120,0
1677,1117312,0,0,0,2496,8768,370496,512576,222976,200896,912960,0,1216,365312,0,0,0,0,0,0,0,0,0,0,0,0,0,0,512448,128,641,1556,1191879925,2451785326,904192,0
1678,1116864,0,0,0,2496,8576,338752,509440,257600,235776,877632,0,1216,333632,0,0,0,0,0,0,0,0,0,0,0,0,0,0,509312,128,647,1560,2032766723,2654588737,869056,0
1679,1116160,0,0,0,2496,8768,300096,515712,289088,267648,845056,0,1216,294912,0,0,0,0,0,0,0,0,0,0,0,0,0,0,515584,128,645,1555,3697701848,2579773435,836288,0
1680,1117184,0,0,0,2560,8768,353216,512576,240064,212480,901184,0,1216,348160,0,0,0,0,0,0,0,0,0,0,0,0,0,0,512448,128,637,1559,1554631225,174965868,892416,0
1681,1116096,0,0,0,3328,8768,324352,501504,278144,256576,856064,0,1280,319296,0,0,0,0,0,0,0,0,0,0,0,0,0,0,501376,128,640,1563,2621077580,1102041737,847296,0
1682,1117184,0,0,0,2560,8768,421952,513152,170752,148800,964928,0,1152,416896,0,0,0,0,0,0,0,0,0,0,0,0,0,0,513024,128,647,1583,3843462439,316174219,956160,0
1683,1116608,0,0,0,2432,8704,308480,509184,287808,266048,847104,0,1280,303360,0,0,0,0,0,0,0,0,0,0,0,0,0,0,509056,128,651,1575,3927216932,3076197840,838400,0
1684,1116864,0,0,0,2496,9920,311232,520768,272448,250752,862656,0,1280,306112,0,0,0,0,0,0,0,0,0,0,0,0,0,0,520640,128,645,1565,3241072139,1383259685,852736,0
1685,1116928,0,0,0,2432,8704,531072,467520,107200,85056,1028416,0,1152,525888,0,0,0,0,0,0,0,0,0,0,0,0,0,0,467392,128,603,1429,3916097067,516165146,1019712,0
1686,1117312,0,0,0,2560,8576,329664,429632,346880,324864,789056,0,1152,324480,0,0,0,0,0,0,0,0,0,0,0,0,0,0,429504,128,604,1434,154228571,168554875,780480,0
1687,1115968,0,0,0,2432,8704,344064,441856,318912,297408,815040,0,1216,338944,0,0,0,0,0,0,0,0,0,0,0,0,0,0,441728,128,597,1419,1374809189,1065042723,806336,0
1688,1116544,0,0,0,2560,8832,366720,464000,274432,253504,859456,0,1280,361472,0,0,0,0,0,0,0,0,0,0,0,0,0,0,463872,128,602,1433,89379723,1494808586,850624,0
1689,1117504,0,0,0,2496,8704,446336,451072,208896,186816,927296,0,1216,441216,0,0,0,0,0,0,0,0,0,0,0,0,0,0,450944,128,588,1405,3400413612,2747519791,918592,0
1690,1116608,0,0,0,2496,8832,337984,455488,311808,290368,822656,0,1280,332928,0,0,0,0,0,0,0,0,0,0,0,0,0,0,455360,128,583,1393,2684386646,2504848384,813824,0
1691,1116608,0,0,0,2432,8896,338496,431552,335232,313856,799168,0,1280,333376,0,0,0,0,0,0,0,0,0,0,0,0,0,0,431424,128,588,1384,61644043,1238129748,790272,0
1692,1116480,0,0,0,2560,8704,352960,454912,297344,276096,836864,0,1280,347776,0,0,0,0,0,0,0,0,0,0,0,0,0,0,454784,128,594,1405,122939822,3449481499,828160,0
1693,1117504,0,0,0,8576,9280,481472,536320,81856,60352,1053312,0,1280,476352,0,0,0,0,0,0,0,0,0,0,0,0,0,0,536192,128,606,1426,3896003438,2022033331,1044032,0
1694,1116672,0,0,0,3840,9024,374592,491648,237568,215808,896960,0,1280,369472,0,0,0,0,0,0,0,0,0,0,0,0,0,0,491520,128,599,1412,4095529422,2498922050,887936,0
1695,1677312,0,0,0,3904,9024,744192,435072,485120,463040,1210304,0,1216,738880,0,0,0,0,0,0,0,0,0,0,0,0,0,0,434944,128,545,1253,1098645658,3493629840,1201280,0
1696,1115904,0,0,0,3904,9088,414528,420224,268160,241280,870720,0,1280,409280,0,0,0,0,0,0,0,0,0,0,0,0,0,0,420096,128,538,1242,307406590,4022361409,861632,0
1697,1117184,0,0,0,3968,22464,397888,422208,270656,249024,864320,0,1216,392576,0,0,0,0,0,0,0,0,0,0,0,0,0,0,422080,128,542,1252,1434855308,2270872061,841856,0
1698,1116544,0,0,0,3968,9088,410624,449536,243328,221824,890880,0,1216,405440,0,0,0,0,0,0,0,0,0,0,0,0,0,0,449408,128,548,1261,2477456464,171110859,881792,0
1699,1676992,0,0,0,3968,10560,420416,1142144,99904,78784,1594304,0,1216,415168,0,0,0,0,0,0,0,0,0,0,0,0,0,0,1142016,128,548,1257,3672271948,1777566094,1583744,0
1700,1116800,0,0,0,3904,9088,398528,423872,281408,259904,852992,0,1216,393408,0,0,0,0,0,0,0,0,0,0,0,0,0,0,423744,128,547,1251,1549784908,3601418348,843904,0
1701,1116928,0,0,0,3904,8960,407040,422400,274624,253248,859776,0,1152,401792,0,0,0,0,0,0,0,0,0,0,0,0,0,0,422272,128,539,1234,3645615545,1184394346,850816,0
1702,1116864,0,0,0,4672,9280,391296,411776,299840,278336,834624,0,1280,386240,0,0,0,0,0,0,0,0,0,0,0,0,0,0,411648,128,553,1258,2982516088,4028447594,825344,0
1703,1116544,0,0,0,3904,9088,388160,409600,305792,284160,828480,0,1216,383040,0,0,0,0,0,0,0,0,0,0,0,0,0,0,409472,128,556,1257,3120233234,2497295343,819392,0
1704,1116864,0,0,0,3904,9408,392832,439616,271104,249600,863232,0,1280,387648,0,0,0,0,0,0,0,0,0,0,0,0,0,0,439488,128,551,1267,3790010186,394312855,853824,0
1705,1116736,0,0,0,6208,9280,398016,418752,284480,263104,849600,0,1280,392832,0,0,0,0,0,0,0,0,0,0,0,0,0,0,418624,128,539,1239,1236015328,1482060880,840320,0
1706,1116736,0,0,0,6336,8896,385344,419072,297088,275456,837376,0,1216,380096,0,0,0,0,0,0,0,0,0,0,0,0,0,0,418944,128,543,1254,2506288266,722742203,828480,0
1707,2237376,0,0,0,9408,9536,590656,1170816,456960,435392,1797760,0,1216,585408,0,0,0,0,0,0,0,0,0,0,0,0,0,0,1170688,128,536,1268,1646106217,2005631308,1788224,0
1708,1116736,0,0,0,8448,9664,534592,454016,110016,84288,1028096,0,1216,529408,0,0,0,0,0,0,0,0,0,0,0,0,0,0,453888,128,524,1247,1439841582,2020486505,1018432,0
1709,2239040,0,0,0,9856,23808,691712,959488,554176,517376,1716032,0,3136,682560,0,0,0,0,0,0,0,0,0,0,0,0,0,0,959360,128,513,1218,3285335692,3648768640,1692224,0
1710,1115712,0,0,0,11712,23360,462272,484672,133696,107072,1004288,0,1216,457024,0,0,0,0,0,0,0,0,0,0,0,0,0,0,484544,128,508,1192,3091783558,1946360176,980928,0
1711,1116736,0,0,0,9152,22720,484352,476800,123712,97344,1015104,0,1280,479104,0,0,0,0,0,0,0,0,0,0,0,0,0,0,476672,128,513,1210,2903003761,3220152106,992384,0
1712,1115904,0,0,0,4160,9152,363456,452352,286784,255232,856576,0,1216,358272,0,0,0,0,0,0,0,0,0,0,0,0,0,0,452160,192,514,1204,2440708376,1929633957,847424,0
1713,1116928,0,0,0,4096,10752,444992,579648,77440,56000,1056960,0,1280,439616,0,0,0,0,0,0,0,0,0,0,0,0,0,0,579520,128,530,1245,933960635,3881388804,1046208,0
1714,1116736,0,0,0,4032,9152,386880,471040,245632,224000,888832,0,1216,381888,0,0,0,0,0,0,0,0,0,0,0,0,0,0,470912,128,536,1249,637622031,1570241802,879680,0
1715,1116608,0,0,0,4096,9344,388608,457664,256896,235520,877056,0,1280,383488,0,0,0,0,0,0,0,0,0,0,0,0,0,0,457536,128,544,1254,3325144050,664616793,867712,0
1716,1116864,0,0,0,4032,9216,362752,450816,290048,268480,844352,0,1216,357632,0,0,0,0,0,0,0,0,0,0,0,0,0,0,450688,128,545,1256,1772783101,3883529104,835136,0
1717,1677760,0,0,0,4032,9216,564992,518528,580992,558400,1115392,0,1152,559808,0,0,0,0,0,0,0,0,0,0,0,0,0,0,518400,128,551,1272,2784053012,2465459166,1106176,0
1718,1116160,0,0,0,6336,9152,374464,438976,287232,265792,846272,0,1280,369152,0,0,0,0,0,0,0,0,0,0,0,0,0,0,438848,128,536,1239,2859643830,3948144379,837120,0
1719,1116736,0,0,0,11072,9344,503808,424448,168064,146624,965888,0,1280,498560,0,0,0,0,0,0,0,0,0,0,0,0,0,0,424256,192,549,1270,2297295685,3501344826,956544,0
1720,1115328,0,0,0,5440,8896,387904,464640,248448,228544,882880,0,1216,382720,0,0,0,0,0,0,0,0,0,0,0,0,0,0,464512,128,548,1269,2637639583,3079528511,873984,0
1721,1116608,0,0,0,4160,9280,417088,431808,254272,234432,878016,0,1216,411904,0,0,0,0,0,0,0,0,0,0,0,0,0,0,431680,128,551,1278,4171648042,1615589892,868736,0
1722,1115200,0,0,0,4992,8896,431872,404928,264512,244224,866944,0,1280,425984,0,0,0,0,0,0,0,0,0,0,0,0,0,0,404800,128,543,1255,3183798351,1030598506,858048,0
1723,1118272,0,0,0,4160,8896,415872,440896,248448,227200,887168,0,1152,410688,0,0,0,0,0,0,0,0,0,0,0,0,0,0,440768,128,550,1270,287882180,3611540091,878272,0
1724,1116864,0,0,0,4096,9152,416384,419712,267520,246272,866752,0,1152,411200,0,0,0,0,0,0,0,0,0,0,0,0,0,0,419584,128,548,1281,1587212628,2293199824,857600,0
1725,1116736,0,0,0,4032,9344,424960,441024,237376,216064,896768,0,1280,419776,0,0,0,0,0,0,0,0,0,0,0,0,0,0,440896,128,543,1281,69710153,1501915136,887424,0
1726,1677440,0,0,0,15104,9728,678720,484480,489408,467584,1205632,0,1216,673408,0,0,0,0,0,0,0,0,0,0,0,0,0,0,484352,128,538,1278,4201576383,2767759284,1195904,0
1727,1116224,0,0,0,4288,23168,450240,449792,188736,167552,944320,0,1344,445056,0,0,0,0,0,0,0,0,0,0,0,0,0,0,449664,128,526,1258,241865363,2398381918,921152,0
1728,1677696,0,0,0,8832,11008,665856,563008,428992,401536,1271808,0,1280,660800,0,0,0,0,0,0,0,0,0,0,0,0,0,0,562880,128,544,1322,2599972821,2644395922,1260800,0
1729,1116544,0,0,0,4480,9408,569024,503616,30016,8448,1103808,0,1280,563840,0,0,0,0,0,0,0,0,0,0,0,0,0,0,503488,128,553,1315,858571540,3192121915,1094400,0
1730,1676864,0,0,0,5568,9536,614272,579392,468096,446592,1225856,0,1216,609088,0,0,0,0,0,0,0,0,0,0,0,0,0,0,579264,128,581,1373,2021382500,1485535439,1216320,0
1731,1677184,0,0,0,6912,9856,569088,587136,504192,482688,1190080,0,1280,563840,0,0,0,0,0,0,0,0,0,0,0,0,0,0,587008,128,576,1363,1202150287,3282799938,1180224,0
1732,1676736,0,0,0,6976,9152,588352,581248,491008,469248,1203264,0,1344,583104,0,0,0,0,0,0,0,0,0,0,0,0,0,0,581120,128,578,1364,1649560798,3482462423,1194112,0
1733,1676864,0,0,0,7360,9600,601408,569472,489024,467776,1204736,0,1280,596160,0,0,0,0,0,0,0,0,0,0,0,0,0,0,569344,128,570,1337,2437517778,676882567,1195136,0
1734,1677248,0,0,0,4032,9664,589632,549632,524288,503040,1169920,0,1216,584448,0,0,0,0,0,0,0,0,0,0,0,0,0,0,549504,128,539,1279,185591857,1205827128,1160256,0
1735,1676736,0,0,0,4032,9472,568704,519744,574784,552960,1119552,0,1344,563456,0,0,0,0,0,0,0,0,0,0,0,0,0,0,519616,128,564,1314,2670525609,2126880519,1110080,0
1736,1677056,0,0,0,4096,9856,545792,539136,578176,556608,1116224,0,1280,540608,0,0,0,0,0,0,0,0,0,0,0,0,0,0,539008,128,563,1311,2263708081,550263729,1106368,0
1737,1677632,0,0,0,4032,9280,624128,551680,488512,466432,1206976,0,1280,618944,0,0,0,0,0,0,0,0,0,0,0,0,0,0,551552,128,564,1317,4100737978,3272892140,1197696,0
1738,1116032,0,0,0,4032,9536,512128,537408,52928,31552,1080192,0,1280,506752,0,0,0,0,0,0,0,0,0,0,0,0,0,0,537344,64,558,1327,3577360021,3228542818,1070656,0
1739,1677504,0,0,0,9600,10944,612352,552320,492288,470080,1202944,0,1344,607232,0,0,0,0,0,0,0,0,0,0,0,0,0,0,552192,128,576,1348,3501631919,2319896723,1192000,0
1740,1116352,0,0,0,4160,9600,488512,539968,74112,52352,1059776,0,1280,483392,0,0,0,0,0,0,0,0,0,0,0,0,0,0,539840,128,566,1312,3911807455,2137315906,1050176,0
1741,1676928,0,0,0,10048,9536,587712,545472,524160,502976,1169664,0,1280,582528,0,0,0,0,0,0,0,0,0,0,0,0,0,0,545344,128,563,1284,1523915543,4180517598,1160128,0
1742,1116672,0,0,0,6592,9728,407360,493952,199040,177472,934784,0,1216,402112,0,0,0,0,0,0,0,0,0,0,0,0,0,0,493824,128,529,1220,1999733641,4215072916,925056,0
1743,1117120,0,0,0,6656,9664,489088,483968,127744,105856,1006912,0,1280,483840,0,0,0,0,0,0,0,0,0,0,0,0,0,0,483840,128,541,1222,1180101707,3656697592,997248,0
1744,1116416,0,0,0,5504,9600,358784,470144,272384,244992,867200,0,1216,353792,0,0,0,0,0,0,0,0,0,0,0,0,0,0,470016,128,534,1219,2505704639,1222528850,857600,0
1745,1116864,0,0,0,4288,9408,502400,493376,107392,85952,1026688,0,1280,497216,0,0,0,0,0,0,0,0,0,0,0,0,0,0,493248,128,555,1259,867242713,1454284122,1017280,0
1746,1117184,0,0,0,4160,9344,362176,459328,282176,260032,852864,0,1216,356992,0,0,0,0,0,0,0,0,0,0,0,0,0,0,459200,128,557,1259,3737897367,3690869720,843520,0
1747,1676608,0,0,0,14528,9792,504384,609600,538304,516672,1155584,0,1152,499328,0,0,0,0,0,0,0,0,0,0,0,0,0,0,609472,128,528,1267,1846888994,1945887073,1145792,0
1748,1116800,0,0,0,5760,9728,424768,509120,167424,146176,966208,0,1280,419328,0,0,0,0,0,0,0,0,0,0,0,0,0,0,508992,128,525,1267,3787251592,201755407,956480,0
1749,1117248,0,0,0,17024,13696,532032,493120,61376,31872,1076992,0,3136,522176,0,0,0,0,0,0,0,0,0,0,0,0,0,0,492992,128,518,1251,1345188177,3407409041,1063296,0
1750,1677312,0,0,0,4352,23808,582144,561152,505856,483968,1188992,0,1344,577024,0,0,0,0,0,0,0,0,0,0,0,0,0,0,561024,128,523,1273,1930090233,2494358743,1165184,0
1751,1115776,0,0,0,4416,9728,345088,508992,247552,226240,885184,0,1280,339840,0,0,0,0,0,0,0,0,0,0,0,0,0,0,508864,128,524,1270,2015080532,1042601025,875456,0
1752,1116928,0,0,0,4288,23040,343168,510464,235968,214208,898432,0,1216,338048,0,0,0,0,0,0,0,0,0,0,0,0,0,0,510336,128,522,1276,2647208110,556885311,875392,0
1753,1116800,0,0,0,4416,10816,380352,494272,226944,205248,907200,0,1344,375168,0,0,0,0,0,0,0,0,0,0,0,0,0,0,494144,128,515,1252,1321123549,4276493278,896384,0
1754,1116800,0,0,0,4352,9344,351680,504832,246592,225088,887488,0,1280,346496,0,0,0,0,0,0,0,0,0,0,0,0,0,0,504704,128,521,1253,3205879792,3355271764,878144,0
1755,1116672,0,0,0,4352,9408,354432,463104,285376,264256,848256,0,1152,349184,0,0,0,0,0,0,0,0,0,0,0,0,0,0,462976,128,513,1274,2624228096,31708490,838848,0
1756,1117120,0,0,0,6656,9536,474816,466624,159488,137536,975296,0,1280,469760,0,0,0,0,0,0,0,0,0,0,0,0,0,0,466496,128,502,1246,72812857,1250346912,965760,0
1757,1116480,0,0,0,6784,23168,416576,458816,211136,189312,922944,0,1152,411328,0,0,0,0,0,0,0,0,0,0,0,0,0,0,458688,128,440,1129,726967757,1329524497,899776,0
1758,1116800,0,0,0,9856,9792,551936,471872,73344,52032,1060352,0,1216,546752,0,0,0,0,0,0,0,0,0,0,0,0,0,0,471744,128,438,1124,120038726,917985463,1050560,0
1759,1117248,0,0,0,4288,9600,481280,482432,139648,117696,995328,0,1216,476032,0,0,0,0,0,0,0,0,0,0,0,0,0,0,482240,192,446,1147,2898483969,3552774668,985728,0
1760,1116544,0,0,0,5248,9216,399232,452672,250176,222912,889344,0,1280,394112,0,0,0,0,0,0,0,0,0,0,0,0,0,0,452544,128,501,1294,2420080903,2393791214,880128,0
1761,1117760,0,0,0,4352,9600,482752,464192,156864,134592,978880,0,1216,477632,0,0,0,0,0,0,0,0,0,0,0,0,0,0,464064,128,436,1132,248422807,2715247981,969280,0
1762,1115968,0,0,0,4288,9600,401088,473984,227008,205184,906560,0,1216,395904,0,0,0,0,0,0,0,0,0,0,0,0,0,0,473856,128,458,1185,3881878803,1131412606,896960,0
1763,1116672,0,0,0,4288,9280,413248,458816,231040,209344,903168,0,1280,408064,0,0,0,0,0,0,0,0,0,0,0,0,0,0,458688,128,458,1184,894291597,3690976688,893888,0
1764,1676992,0,0,0,4288,9600,401472,895488,366144,344704,1328064,0,1280,396352,0,0,0,0,0,0,0,0,0,0,0,0,0,0,895360,128,448,1148,1634116794,1132302102,1318464,0
1765,1116608,0,0,0,4416,9472,378752,426432,297536,276352,836032,0,1216,373568,0,0,0,0,0,0,0,0,0,0,0,0,0,0,426304,128,463,1177,1261233979,4127974914,826560,0
1766,1116864,0,0,0,9216,9472,495168,414848,188160,166592,946112,0,1280,489920,0,0,0,0,0,0,0,0,0,0,0,0,0,0,414720,128,473,1217,3668363539,1545482272,936640,0
1767,1677952,0,0,0,11264,23744,651456,499904,491584,469568,1204224,0,1280,646208,0,0,0,0,0,0,0,0,0,0,0,0,0,0,499776,128,522,1293,718277578,3795264091,1180480,0
1768,1115840,0,0,0,4416,25280,402496,461696,221952,200448,911360,0,1216,397184,0,0,0,0,0,0,0,0,0,0,0,0,0,0,461568,128,513,1262,1219719535,3172598477,886080,0
1769,1116992,0,0,0,4544,23296,359488,435072,294592,273152,839808,0,1280,354240,0,0,0,0,0,0,0,0,0,0,0,0,0,0,434944,128,522,1274,3039240657,2465056357,816512,0
1770,1116992,0,0,0,4480,9472,360832,447744,294464,273024,839872,0,1216,355648,0,0,0,0,0,0,0,0,0,0,0,0,0,0,447616,128,523,1279,2532508986,3646891804,830400,0
1771,1116608,0,0,0,4352,9088,424640,466432,212096,190656,921984,0,1280,419520,0,0,0,0,0,0,0,0,0,0,0,0,0,0,466304,128,523,1269,1374130283,1427235861,912896,0
1772,1116864,0,0,0,6784,9600,406720,438592,255168,233728,879104,0,1216,401472,0,0,0,0,0,0,0,0,0,0,0,0,0,0,438464,128,505,1237,2033189508,1670499490,869504,0
1773,1116544,0,0,0,6656,9280,386944,419264,294400,272896,839552,0,1280,381824,0,0,0,0,0,0,0,0,0,0,0,0,0,0,419136,128,516,1250,521091905,1761376994,830272,0
1774,1116800,0,0,0,5632,9344,411072,421952,268800,247424,865408,0,1280,405696,0,0,0,0,0,0,0,0,0,0,0,0,0,0,421824,128,507,1229,2599392924,2232503648,856064,0
1775,1117120,0,0,0,6592,9216,487104,470592,143616,122048,991104,0,1280,481856,0,0,0,0,0,0,0,0,0,0,0,0,0,0,470464,128,496,1199,1028615437,684587372,981888,0
1776,1116544,0,0,0,6464,9408,377536,403200,319936,292480,820032,0,1280,372288,0,0,0,0,0,0,0,0,0,0,0,0,0,0,403072,128,521,1243,3665605732,2159871994,810624,0
1777,1116800,0,0,0,5504,9152,375424,361536,365184,343680,769344,0,1152,370176,0,0,0,0,0,0,0,0,0,0,0,0,0,0,361408,128,501,1217,4142697033,444358184,760192,0
1778,1116864,0,0,0,4096,8832,420736,372736,310464,288640,824640,0,1280,415616,0,0,0,0,0,0,0,0,0,0,0,0,0,0,372608,128,514,1242,3996665066,3936557320,815808,0
1779,1116544,0,0,0,4288,8768,346176,370304,387008,365760,747264,0,1280,340928,0,0,0,0,0,0,0,0,0,0,0,0,0,0,370176,128,516,1239,2689217713,3955263522,738496,0
1780,1116800,0,0,0,4160,8832,337920,370624,395264,374016,739328,0,1216,332800,0,0,0,0,0,0,0,0,0,0,0,0,0,0,370496,128,494,1203,13743126,962928846,730496,0
1781,1677760,0,0,0,4992,8704,493888,852544,317632,295616,1378560,0,1216,488576,0,0,0,0,0,0,0,0,0,0,0,0,0,0,852416,128,497,1217,66388628,2027409226,1369856,0
1782,1115968,0,0,0,6336,9088,402816,362496,335232,313792,798464,0,1216,397504,0,0,0,0,0,0,0,0,0,0,0,0,0,0,362368,128,493,1206,1149067300,2554947734,789376,0
1783,1117248,0,0,0,6528,10368,411840,371968,316544,295296,818176,0,1152,406528,0,0,0,0,0,0,0,0,0,0,0,0,0,0,371840,128,495,1190,3290071473,4115506813,807808,0
1784,1116672,0,0,0,5376,8960,418816,384448,299072,277952,835200,0,1216,413696,0,0,0,0,0,0,0,0,0,0,0,0,0,0,384320,128,515,1230,198306277,3065633173,826240,0
1785,1116864,0,0,0,5248,8704,408256,369088,325568,304256,809088,0,1216,403072,0,0,0,0,0,0,0,0,0,0,0,0,0,0,368960,128,498,1209,3185916255,1745952027,800384,0
1786,1116800,0,0,0,6464,8832,414912,373120,313472,292288,820864,0,1280,409728,0,0,0,0,0,0,0,0,0,0,0,0,0,0,372992,128,503,1211,1144734617,1928214893,812032,0
1787,1117056,0,0,0,5440,22656,408960,374720,305280,281728,831808,0,1152,403840,0,0,0,0,0,0,0,0,0,0,0,0,0,0,374592,128,527,1247,1495060858,2968065085,809152,0
1788,1116544,0,0,0,5120,8640,406400,362112,334272,312768,800256,0,1216,401344,0,0,0,0,0,0,0,0,0,0,0,0,0,0,361984,128,527,1249,3810626093,861676297,791616,0
1789,1116864,0,0,0,6272,8832,418240,373184,310336,288704,824576,0,1280,413120,0,0,0,0,0,0,0,0,0,0,0,0,0,0,373056,128,521,1237,1804050270,2136105747,815744,0
1790,1116736,0,0,0,5120,8640,438144,383488,281344,256960,856192,0,1216,432768,0,0,0,0,0,0,0,0,0,0,0,0,0,0,383360,128,514,1214,3271453604,135721621,847552,0
1791,1116992,0,0,0,3904,8640,426560,368960,308928,287296,826240,0,1280,421376,0,0,0,0,0,0,0,0,0,0,0,0,0,0,368832,128,514,1218,411624330,624023561,817600,0
1792,1116608,0,0,0,3776,8832,423616,423616,256768,229952,883072,0,1280,418432,0,0,0,0,0,0,0,0,0,0,0,0,0,0,423488,128,521,1228,2144010860,893155183,874240,0
1793,1117120,0,0,0,4992,9024,400320,374272,328512,306752,806912,0,1152,395264,0,0,0,0,0,0,0,0,0,0,0,0,0,0,374144,128,530,1243,3291143234,2396852720,797888,0
1794,1116800,0,0,0,6080,8704,400640,361408,339968,318336,794944,0,1280,395520,0,0,0,0,0,0,0,0,0,0,0,0,0,0,361280,128,518,1231,1468901001,1232372860,786240,0
1795,1116800,0,0,0,4544,8704,383232,371520,348800,326976,786304,0,1280,378112,0,0,0,0,0,0,0,0,0,0,0,0,0,0,371392,128,527,1242,1563936857,1639132824,777600,0
1796,1116736,0,0,0,2560,8576,368832,383808,352960,331328,782016,0,1280,363712,0,0,0,0,0,0,0,0,0,0,0,0,0,0,383680,128,523,1246,1125701826,1247703161,773440,0
1797,1117184,0,0,0,8128,8704,551552,446784,102016,80064,1033536,0,1280,546368,0,0,0,0,0,0,0,0,0,0,0,0,0,0,446656,128,517,1232,3528890350,1293137840,1024832,0
1798,1117120,0,0,0,3904,10112,416640,391808,294656,272384,841216,0,1216,411520,0,0,0,0,0,0,0,0,0,0,0,0,0,0,391680,128,505,1205,1843445298,3847182080,831104,0
1799,1116096,0,0,0,3904,8960,386368,389888,326976,304896,807680,0,1280,381312,0,0,0,0,0,0,0,0,0,0,0,0,0,0,389760,128,510,1218,20270195,1163960288,798720,0
1800,1116736,0,0,0,3904,8832,383104,386432,334464,312832,800384,0,1280,378112,0,0,0,0,0,0,0,0,0,0,0,0,0,0,386304,128,505,1220,1071057690,1017462074,791552,0
1801,1116608,0,0,0,3840,8576,380480,396352,327360,306112,807040,0,1344,375360,0,0,0,0,0,0,0,0,0,0,0,0,0,0,396224,128,503,1214,990322060,4209322736,798464,0
1802,1116736,0,0,0,3904,8704,383168,420672,300288,278912,834368,0,1216,378112,0,0,0,0,0,0,0,0,0,0,0,0,0,0,420544,128,494,1197,2097907572,2940264474,825664,0
1803,1117120,0,0,0,4800,8640,387584,395520,320576,298880,814720,0,1216,382400,0,0,0,0,0,0,0,0,0,0,0,0,0,0,395392,128,512,1229,3295675647,3444170869,806080,0
1804,1116544,0,0,0,6208,8512,379968,405568,316288,294528,818560,0,1216,374720,0,0,0,0,0,0,0,0,0,0,0,0,0,0,405440,128,514,1240,4032429148,3474223123,810048,0
1805,1117056,0,0,0,11392,9024,501056,460800,134784,113280,999936,0,1216,495936,0,0,0,0,0,0,0,0,0,0,0,0,0,0,460672,128,509,1242,4234894889,531187621,990912,0
1806,1116480,0,0,0,3968,9152,429376,419200,254784,233536,878976,0,1280,424192,0,0,0,0,0,0,0,0,0,0,0,0,0,0,419072,128,514,1246,1311066015,1121549474,869824,0
1807,1116800,0,0,0,3904,9408,454912,440192,208384,186752,925888,0,1216,449664,0,0,0,0,0,0,0,0,0,0,0,0,0,0,440064,128,509,1241,552650899,1415895935,916480,0
1808,1116992,0,0,0,3840,8960,463232,443520,197440,170048,942848,0,1344,458240,0,0,0,0,0,0,0,0,0,0,0,0,0,0,443392,128,511,1247,847818089,3114403959,933888,0
1809,1116864,0,0,0,3840,9152,456768,420928,226176,204544,908288,0,1408,451456,0,0,0,0,0,0,0,0,0,0,0,0,0,0,420800,128,513,1250,1621579599,3081177990,899136,0
1810,1677440,0,0,0,4160,9216,645056,477760,541248,519744,1153536,0,1280,639936,0,0,0,0,0,0,0,0,0,0,0,0,0,0,477632,128,500,1225,1249701604,3689414229,1144320,0
1811,1116480,0,0,0,4224,9408,503616,453440,145792,124352,988032,0,1216,498432,0,0,0,0,0,0,0,0,0,0,0,0,0,0,453312,128,513,1251,2452819067,1776164381,978624,0
1812,1116736,0,0,0,4288,9280,544256,416000,142912,120896,991552,0,2944,534656,0,0,0,0,0,0,0,0,0,0,0,0,0,0,415872,128,504,1236,1223646543,3136867021,982272,0
1813,1117696,0,0,0,9856,10048,536704,461184,99904,78528,1035456,0,1280,531520,0,0,0,0,0,0,0,0,0,0,0,0,0,0,461056,128,518,1270,4050606726,4020844434,1025408,0
1814,1116416,0,0,0,4288,8512,512832,429056,161728,139968,972864,0,1152,507840,0,0,0,0,0,0,0,0,0,0,0,0,0,0,428928,128,505,1223,45677371,447078936,964352,0
1815,1115264,0,0,0,4288,8640,429312,428928,244096,224448,887296,0,1280,424256,0,0,0,0,0,0,0,0,0,0,0,0,0,0,428800,128,517,1252,1249203101,3371613791,878656,0
1816,1116672,0,0,0,4288,8768,468352,438400,196864,177152,935936,0,1152,463168,0,0,0,0,0,0,0,0,0,0,0,0,0,0,438272,128,514,1236,106486806,2608983813,927168,0
1817,1117056,0,0,0,11648,23040,572864,435328,74176,54080,1059328,0,1280,567616,0,0,0,0,0,0,0,0,0,0,0,0,0,0,435200,128,503,1223,1086155021,3661829519,1036288,0
1818,1117504,0,0,0,4224,8704,500992,425856,177728,157568,956352,0,1280,495808,0,0,0,0,0,0,0,0,0,0,0,0,0,0,425728,128,513,1251,3593850281,4001423237,947648,0
1819,1116160,0,0,0,4224,8640,485888,436672,180736,160832,951808,0,1280,480768,0,0,0,0,0,0,0,0,0,0,0,0,0,0,436544,128,516,1246,948396183,2465653082,943168,0
1820,1117312,0,0,0,4224,8384,511232,450688,142784,122560,991296,0,1280,505920,0,0,0,0,0,0,0,0,0,0,0,0,0,0,450560,128,507,1225,2641940909,827169214,982912,0
1821,1116352,0,0,0,4224,8768,462400,418752,222208,202368,910400,0,1216,457280,0,0,0,0,0,0,0,0,0,0,0,0,0,0,418624,128,489,1181,1160452438,2570696092,901632,0
1822,1116800,0,0,0,4224,8448,495552,421120,187456,167552,945792,0,1216,490496,0,0,0,0,0,0,0,0,0,0,0,0,0,0,420992,128,491,1184,3805213399,3125295106,937344,0
1823,1116352,0,0,0,4288,8320,485184,405632,212928,193088,919808,0,1280,480192,0,0,0,0,0,0,0,0,0,0,0,0,0,0,405504,128,499,1192,3191342862,4085333830,911488,0
1824,1676736,0,0,0,9856,22656,688832,914048,41344,15936,1657088,0,1152,683712,0,0,0,0,0,0,0,0,0,0,0,0,0,0,913920,128,489,1181,311223496,3788931597,1634432,0
1825,1117504,0,0,0,4352,23360,389568,464960,235264,214912,899136,0,1280,384448,0,0,0,0,0,0,0,0,0,0,0,0,0,0,464896,64,474,1149,3357746534,2830202565,875776,0
1826,1116224,0,0,0,4352,22656,367424,440192,281600,261440,851264,0,1280,362112,0,0,0,0,0,0,0,0,0,0,0,0,0,0,440064,128,471,1132,1044361695,2685566520,828608,0
1827,1116864,0,0,0,6720,8704,381248,441472,278720,258304,855040,0,1216,376064,0,0,0,0,0,0,0,0,0,0,0,0,0,0,441344,128,473,1137,429953733,2606773949,846336,0
1828,1116800,0,0,0,5568,9600,438080,480960,182592,162688,950592,0,1216,432896,0,0,0,0,0,0,0,0,0,0,0,0,0,0,480832,128,493,1175,996096330,3497383134,940992,0
1829,1677504,0,0,0,20992,8832,702656,529088,415936,395776,1277824,0,1280,697472,0,0,0,0,0,0,0,0,0,0,0,0,0,0,528960,128,505,1208,1816460584,1384417996,1268992,0
1830,1116416,0,0,0,5696,8960,415680,484096,201984,181952,930496,0,1344,410432,0,0,0,0,0,0,0,0,0,0,0,0,0,0,483968,128,501,1191,3802298185,1645941204,921536,0
1831,1116864,0,0,0,3968,8704,448448,446016,209728,189952,923392,0,1152,443328,0,0,0,0,0,0,0,0,0,0,0,0,0,0,445888,128,484,1145,2030955576,3699437227,914688,0
1832,1116352,0,0,0,3968,8640,401600,414592,287552,267584,845248,0,1280,396480,0,0,0,0,0,0,0,0,0,0,0,0,0,0,414464,128,477,1126,2317115096,298710266,836608,0
1833,1116864,0,0,0,4032,8512,375104,372480,356736,336960,776384,0,1280,369920,0,0,0,0,0,0,0,0,0,0,0,0,0,0,372352,128,469,1102,3876780659,1313900797,767872,0
1834,1116928,0,0,0,4032,8704,383744,385408,335040,315392,798016,0,1216,378624,0,0,0,0,0,0,0,0,0,0,0,0,0,0,385280,128,465,1097,1121946533,2103735334,789312,0
1835,1117248,0,0,0,12096,8512,536640,416064,143936,123328,990400,0,1280,531520,0,0,0,0,0,0,0,0,0,0,0,0,0,0,415936,128,496,1127,461087545,3509062664,981888,0
1836,1116352,0,0,0,7232,8704,432960,392704,274752,254848,857728,0,1216,427712,0,0,0,0,0,0,0,0,0,0,0,0,0,0,392576,128,497,1125,2174653071,1910192759,849024,0
1837,1116864,0,0,0,5184,8576,432576,374016,296512,276352,836992,0,1152,427392,0,0,0,0,0,0,0,0,0,0,0,0,0,0,373888,128,496,1119,4135173334,442239867,828416,0
1838,1116864,0,0,0,3840,8704,427776,374720,301824,281792,831488,0,1280,422656,0,0,0,0,0,0,0,0,0,0,0,0,0,0,374592,128,502,1129,2640144158,2380991585,822784,0
1839,1116736,0,0,0,3904,8640,487744,379520,236928,217088,896128,0,1216,482752,0,0,0,0,0,0,0,0,0,0,0,0,0,0,379392,128,485,1108,2274159436,2781963394,887488,0
1840,1116736,0,0,0,3904,8768,431296,388480,284288,258880,854336,0,1216,426048,0,0,0,0,0,0,0,0,0,0,0,0,0,0,388352,128,499,1121,1552993632,3846273161,845568,0
1841,1116992,0,0,0,3840,8704,437440,387008,280000,260160,853376,0,1216,432320,0,0,0,0,0,0,0,0,0,0,0,0,0,0,386880,128,494,1118,422434906,2831262399,844672,0
1842,1116800,0,0,0,3840,8704,422272,386752,295232,275328,837888,0,1152,417152,0,0,0,0,0,0,0,0,0,0,0,0,0,0,386624,128,497,1128,2948412941,1099581802,829184,0
1843,1116992,0,0,0,3840,9728,428608,380096,294720,274688,838848,0,1216,423552,0,0,0,0,0,0,0,0,0,0,0,0,0,0,379968,128,498,1112,4245404627,1515589852,829120,0
1844,1116992,0,0,0,3968,8512,432384,378560,293568,273664,839872,0,1280,427264,0,0,0,0,0,0,0,0,0,0,0,0,0,0,378432,128,507,1140,4086683818,25831131,831360,0
1845,1116672,0,0,0,4864,8576,431872,381632,289728,270016,843200,0,1152,426688,0,0,0,0,0,0,0,0,0,0,0,0,0,0,381504,128,501,1130,3965723535,2739269561,834624,0
1846,1116800,0,0,0,4736,8704,448064,392576,262720,242752,870528,0,1280,443008,0,0,0,0,0,0,0,0,0,0,0,0,0,0,392448,128,511,1136,1830257683,3473571886,861824,0
1847,1116800,0,0,0,10112,23680,561856,454400,66752,46528,1066240,0,1280,556672,0,0,0,0,0,0,0,0,0,0,0,0,0,0,454272,128,537,1213,1235412634,2677500792,1042560,0
1848,1116672,0,0,0,7168,9088,451776,442880,205760,185792,926784,0,1216,446528,0,0,0,0,0,0,0,0,0,0,0,0,0,0,442752,128,543,1238,4079444594,2056299799,917696,0
1849,1677696,0,0,0,8320,9152,589440,552576,518208,498048,1175488,0,1216,584384,0,0,0,0,0,0,0,0,0,0,0,0,0,0,552448,128,543,1233,3105983686,1640920904,1166336,0
1850,1677056,0,0,0,11968,9216,599360,505920,550592,530112,1142720,0,1280,594176,0,0,0,0,0,0,0,0,0,0,0,0,0,0,505792,128,553,1264,2760684917,3556146891,1133504,0
1851,1115968,0,0,0,6016,8768,554816,501120,45248,25536,1086464,0,1152,549696,0,0,0,0,0,0,0,0,0,0,0,0,0,0,500992,128,578,1329,4041176970,522017186,1077696,0
1852,1117248,0,0,0,6016,8640,516160,433600,152832,132992,980480,0,1280,510976,0,0,0,0,0,0,0,0,0,0,0,0,0,0,433472,128,564,1313,2000320122,792516818,971840,0
1853,1116224,0,0,0,8256,8576,485504,414464,199424,179776,932736,0,1216,480384,0,0,0,0,0,0,0,0,0,0,0,0,0,0,414336,128,540,1248,438059937,708400704,924160,0
1854,1116736,0,0,0,8320,8576,483392,405056,211392,191680,921408,0,1280,478144,0,0,0,0,0,0,0,0,0,0,0,0,0,0,404928,128,539,1248,148918651,420322379,912832,0
1855,1116480,0,0,0,7040,8384,435840,403520,261696,241920,871104,0,1216,430656,0,0,0,0,0,0,0,0,0,0,0,0,0,0,403392,128,536,1240,2916070377,2697625066,862720,0
1856,1116992,0,0,0,5696,8512,406080,405888,290816,265408,848064,0,1216,400832,0,0,0,0,0,0,0,0,0,0,0,0,0,0,405760,128,538,1244,1500269189,1785593326,839552,0
1857,1117824,0,0,0,9664,9664,431808,385728,280960,260352,853888,0,1152,426752,0,0,0,0,0,0,0,0,0,0,0,0,0,0,385600,128,523,1191,1594217462,262455501,844224,0
1858,1115712,0,0,0,8064,8960,353600,379264,365824,346048,766016,0,1280,348288,0,0,0,0,0,0,0,0,0,0,0,0,0,0,379136,128,511,1164,707267101,4284972121,757056,0
1859,1117568,0,0,0,8064,8704,413376,377920,309504,289216,824704,0,1152,408256,0,0,0,0,0,0,0,0,0,0,0,0,0,0,377792,128,504,1142,411771440,3447803512,816000,0
1860,1116224,0,0,0,6976,8448,334144,368960,397696,377408,735296,0,1152,328960,0,0,0,0,0,0,0,0,0,0,0,0,0,0,368832,128,508,1147,2049120863,2664853185,726848,0
1861,1116864,0,0,0,5632,8512,338368,351232,413120,393280,720128,0,1216,333184,0,0,0,0,0,0,0,0,0,0,0,0,0,0,351104,128,506,1132,100379492,3766794261,711616,0
1862,1116736,0,0,0,7872,8576,492672,419136,188480,168576,944576,0,1216,487616,0,0,0,0,0,0,0,0,0,0,0,0,0,0,419008,128,504,1129,601734146,3027316966,936000,0
1863,1117056,0,0,0,7872,8576,419520,420800,260288,240448,873152,0,1216,414336,0,0,0,0,0,0,0,0,0,0,0,0,0,0,420672,128,480,1088,4139238331,777899264,864576,0
1864,1116672,0,0,0,6336,8576,347520,373312,380928,360896,752320,0,1280,342336,0,0,0,0,0,0,0,0,0,0,0,0,0,0,373184,128,497,1105,3149964034,982241340,743744,0
1865,1117120,0,0,0,4928,8640,408256,565312,129984,110016,1003584,0,1280,403072,0,0,0,0,0,0,0,0,0,0,0,0,0,0,565184,128,502,1113,1195425850,2842559045,994944,0
1866,1116864,0,0,0,14016,8448,479872,415040,199488,179072,934336,0,1280,474688,0,0,0,0,0,0,0,0,0,0,0,0,0,0,414912,128,520,1150,3587469272,3026491652,925888,0
1867,1116096,0,0,0,5824,8448,395392,377280,329152,309184,803392,0,1216,390208,0,0,0,0,0,0,0,0,0,0,0,0,0,0,377152,128,524,1157,755176496,2309819388,794944,0
1868,1116800,0,0,0,5824,8704,420352,398976,282944,262976,850240,0,1280,415232,0,0,0,0,0,0,0,0,0,0,0,0,0,0,398848,128,521,1156,2916911414,1157131143,841536,0
1869,1116864,0,0,0,6080,8576,523584,464448,114176,94080,1019072,0,1280,518464,0,0,0,0,0,0,0,0,0,0,0,0,0,0,464320,128,548,1225,3007433872,2855643879,1010496,0
1870,1116608,0,0,0,6144,9024,415616,449920,235904,216192,896384,0,1280,410368,0,0,0,0,0,0,0,0,0,0,0,0,0,0,449792,128,547,1226,3694198286,2041354767,887360,0
1871,1116928,0,0,0,7232,9216,415552,452288,232640,212800,900096,0,1152,410368,0,0,0,0,0,0,0,0,0,0,0,0,0,0,452160,128,547,1215,667164306,1276411522,890880,0
1872,1116672,0,0,0,8384,10176,412736,444096,241280,215872,896640,0,1216,407616,0,0,0,0,0,0,0,0,0,0,0,0,0,0,443968,128,543,1208,3572344803,2576027979,886464,0
1873,1116736,0,0,0,9088,9280,442176,458688,197504,177920,934592,0,1280,436928,0,0,0,0,0,0,0,0,0,0,0,0,0,0,458560,128,557,1252,2992587611,1532040924,925312,0
1874,1116928,0,0,0,8128,9024,446528,440768,212480,192576,920512,0,1152,441152,0,0,0,0,0,0,0,0,0,0,0,0,0,0,440640,128,543,1234,512769734,2189062200,911488,0
1875,1117248,0,0,0,7040,8448,474816,427072,199872,179840,933952,0,1280,469568,0,0,0,0,0,0,0,0,0,0,0,0,0,0,426944,128,532,1201,3221930716,3800799277,925504,0
1876,1116416,0,0,0,5504,8384,404928,411456,286144,266112,846784,0,1216,399680,0,0,0,0,0,0,0,0,0,0,0,0,0,0,411328,128,529,1182,4025182488,2810627269,838400,0
1877,1116800,0,0,0,10624,23104,398976,417408,266688,246656,866496,0,1216,393856,0,0,0,0,0,0,0,0,0,0,0,0,0,0,417280,128,533,1194,336402237,1324025755,843392,0
1878,1116800,0,0,0,5696,8768,375808,415552,310976,291328,821888,0,1216,370752,0,0,0,0,0,0,0,0,0,0,0,0,0,0,415424,128,534,1196,2012176956,2306811147,813120,0
1879,1116928,0,0,0,8192,8768,435904,373056,291008,271104,842176,0,1216,430784,0,0,0,0,0,0,0,0,0,0,0,0,0,0,372928,128,534,1181,907032402,2819827341,833408,0
1880,1116800,0,0,0,8192,8704,387328,386304,326272,306560,806784,0,1280,382080,0,0,0,0,0,0,0,0,0,0,0,0,0,0,386176,128,546,1195,1514373221,2620511631,798080,0
1881,1116672,0,0,0,5568,8448,413056,391232,298368,278208,834944,0,1280,407936,0,0,0,0,0,0,0,0,0,0,0,0,0,0,391104,128,539,1196,2114753125,3085760887,826496,0
1882,1677376,0,0,0,18048,23104,881344,472384,282496,262208,1411328,0,1280,876096,0,0,0,0,0,0,0,0,0,0,0,0,0,0,472256,128,540,1202,3683344163,993562568,1388224,0
1883,1116352,0,0,0,8192,23680,383296,459840,241344,221632,891072,0,1280,378048,0,0,0,0,0,0,0,0,0,0,0,0,0,0,459712,128,532,1191,668568775,2920631009,867392,0
1884,1116800,0,0,0,7168,22848,381568,439808,265408,246016,867200,0,1280,376256,0,0,0,0,0,0,0,0,0,0,0,0,0,0,439680,128,538,1202,2431048166,10653620,844352,0
1885,1117568,0,0,0,5696,22912,479232,442752,166976,146816,967104,0,1216,474112,0,0,0,0,0,0,0,0,0,0,0,0,0,0,442624,128,544,1223,2024752210,2470729111,944192,0
1886,1116224,0,0,0,5696,8512,570432,461760,69824,50176,1062464,0,1216,565184,0,0,0,0,0,0,0,0,0,0,0,0,0,0,461632,128,541,1215,1157141764,3922154470,1053952,0
1887,1677568,0,0,0,5888,24704,498944,682368,465664,445696,1228352,0,1280,493504,0,0,0,0,0,0,0,0,0,0,0,0,0,0,682240,128,540,1230,1356991344,262745683,1203648,0
1888,1115904,0,0,0,5952,8448,344576,485248,271680,246592,865856,0,1280,339328,0,0,0,0,0,0,0,0,0,0,0,0,0,0,485120,128,533,1237,1222405194,2053666386,857408,0
1889,1116992,0,0,0,5888,23360,345600,486784,255360,235904,877568,0,1280,340352,0,0,0,0,0,0,0,0,0,0,0,0,0,0,486656,128,544,1250,4220949342,2182526508,854208,0
1890,1117120,0,0,0,5760,8512,381952,457920,262976,242624,870976,0,1216,376960,0,0,0,0,0,0,0,0,0,0,0,0,0,0,457792,128,551,1256,1459478777,3775313259,862464,0
1891,1116224,0,0,0,5888,8384,390272,438528,273152,253120,859648,0,1216,385216,0,0,0,0,0,0,0,0,0,0,0,0,0,0,438400,128,528,1223,3459056255,2603132858,851264,0
1892,1116928,0,0,0,8064,8832,408256,441664,250112,230272,882944,0,1280,402944,0,0,0,0,0,0,0,0,0,0,0,0,0,0,441536,128,532,1209,858009254,546356009,874112,0
1893,1116672,0,0,0,11264,9024,556928,474944,64512,44736,1068096,0,1280,551552,0,0,0,0,0,0,0,0,0,0,0,0,0,0,474816,128,543,1269,1003375205,879522017,1059072,0
1894,1117312,0,0,0,5952,8576,479552,465152,158080,137984,975808,0,1280,474304,0,0,0,0,0,0,0,0,0,0,0,0,0,0,465024,128,542,1244,139743952,2435862038,967232,0
1895,1115968,0,0,0,5952,8704,494848,420352,186112,166720,945728,0,1280,489600,0,0,0,0,0,0,0,0,0,0,0,0,0,0,420224,128,521,1213,393583368,384010740,937024,0
1896,1116864,0,0,0,5952,8576,492928,421504,187904,168192,945152,0,1280,487872,0,0,0,0,0,0,0,0,0,0,0,0,0,0,421376,128,523,1201,2246693532,2418374525,936576,0
1897,1117056,0,0,0,7040,8640,514240,434240,152896,132544,980992,0,1280,509120,0,0,0,0,0,0,0,0,0,0,0,0,0,0,434112,128,521,1191,3212303087,913248822,972352,0
1898,1677248,0,0,0,8256,8576,567232,899200,193984,174208,1499456,0,1216,561984,0,0,0,0,0,0,0,0,0,0,0,0,0,0,899072,128,515,1189,2216622636,995456661,1490880,0
1899,1116544,0,0,0,7360,8384,510464,409984,180352,160256,952832,0,1216,505344,0,0,0,0,0,0,0,0,0,0,0,0,0,0,409856,128,513,1182,136940732,3523461777,944448,0
1900,1116736,0,0,0,6144,8704,557184,409408,135296,115776,997312,0,1280,552064,0,0,0,0,0,0,0,0,0,0,0,0,0,0,409280,128,515,1183,921542658,97934205,988608,0
1901,1116864,0,0,0,6016,8768,504960,418624,178496,158656,954624,0,1216,499776,0,0,0,0,0,0,0,0,0,0,0,0,0,0,418496,128,514,1175,1424577602,471268829,945856,0
1902,1116992,0,0,0,6016,9792,436928,420608,243648,223744,889728,0,1280,431744,0,0,0,0,0,0,0,0,0,0,0,0,0,0,420480,128,513,1163,302011602,1521935352,879936,0
1903,1116544,0,0,0,6080,8640,477184,382464,242176,222656,890304,0,1216,471936,0,0,0,0,0,0,0,0,0,0,0,0,0,0,382336,128,520,1178,812012749,481461751,881664,0
1904,1116928,0,0,0,6016,8512,478528,381888,241984,216384,897024,0,1280,473344,0,0,0,0,0,0,0,0,0,0,0,0,0,0,381760,128,521,1172,2206949899,2078669222,888512,0
1905,1116928,0,0,0,8576,8640,502400,377088,220224,200192,913088,0,1344,497152,0,0,0,0,0,0,0,0,0,0,0,0,0,0,376960,128,518,1162,869936426,1898880450,904448,0
1906,1116608,0,0,0,8832,8832,512896,374080,211968,192384,920576,0,1344,507776,0,0,0,0,0,0,0,0,0,0,0,0,0,0,373952,128,519,1163,763753044,637642471,911744,0
1907,1117120,0,0,0,12608,23552,589568,387072,104320,84224,1029184,0,1216,584384,0,0,0,0,0,0,0,0,0,0,0,0,0,0,386944,128,520,1168,4231444792,4168919084,1005632,0
1908,1677824,0,0,0,11008,8448,536576,626688,495104,474432,1199808,0,1216,531392,0,0,0,0,0,0,0,0,0,0,0,0,0,0,626560,128,515,1174,4248032153,2516227897,1191360,0
1909,1115840,0,0,0,6016,8640,410048,378048,313088,293632,818624,0,1280,404928,0,0,0,0,0,0,0,0,0,0,0,0,0,0,377920,128,510,1164,3230348645,3047026090,809984,0
1910,1116800,0,0,0,6144,8640,408768,379072,314176,294784,818496,0,1216,403520,0,0,0,0,0,0,0,0,0,0,0,0,0,0,378944,128,524,1191,315769872,4062992287,809856,0
1911,1116928,0,0,0,6016,8448,461440,375808,265216,245696,867712,0,1280,456320,0,0,0,0,0,0,0,0,0,0,0,0,0,0,375680,128,535,1214,3207311520,3886169937,859264,0
1912,1117440,0,0,0,8320,8512,486912,404672,209024,188416,925504,0,1216,481664,0,0,0,0,0,0,0,0,0,0,0,0,0,0,404544,128,544,1237,2450771334,3977052462,916992,0
1913,1677248,0,0,0,14976,23424,913600,445952,279296,258688,1415040,0,1216,908480,0,0,0,0,0,0,0,0,0,0,0,0,0,0,445824,128,531,1221,3927920605,3873104171,1391616,0
1914,1116096,0,0,0,6272,23872,427904,420992,237056,217152,895360,0,1216,422592,0,0,0,0,0,0,0,0,0,0,0,0,0,0,420864,128,533,1247,893242710,2194110197,871488,0
1915,1116864,0,0,0,6208,23680,363392,407488,316096,296512,816832,0,1216,358208,0,0,0,0,0,0,0,0,0,0,0,0,0,0,407360,128,530,1228,4227748673,2605095701,793152,0
1916,1117056,0,0,0,6144,24256,580160,436992,69504,49280,1064320,0,1216,574976,0,0,0,0,0,0,0,0,0,0,0,0,0,0,436928,64,530,1223,4035609044,2417091253,1040064,0
1917,1117056,0,0,0,6400,23936,408000,419392,259328,238976,874496,0,1152,402688,0,0,0,0,0,0,0,0,0,0,0,0,0,0,419264,128,536,1232,3880456069,1498236327,850560,0
1918,1116288,0,0,0,6272,23872,332224,410304,343616,320576,792064,0,1216,327040,0,0,0,0,0,0,0,0,0,0,0,0,0,0,410176,128,547,1254,2963449788,1281880435,768192,0
1919,1116864,0,0,0,6336,23552,590272,420992,75712,55744,1057664,0,1216,585088,0,0,0,0,0,0,0,0,0,0,0,0,0,0,420864,128,558,1268,2458160536,2227643895,1034112,0
1920,1116864,0,0,0,8704,24192,322432,421248,340288,315072,798080,0,1280,317248,0,0,0,0,0,0,0,0,0,0,0,0,0,0,421120,128,561,1277,2056284008,1756788746,773888,0
1921,1116480,0,0,0,8704,23808,349824,410688,323456,303808,808896,0,1216,344640,0,0,0,0,0,0,0,0,0,0,0,0,0,0,410560,128,558,1270,2895739713,1153100119,785088,0
1922,1116928,0,0,0,7680,24064,465920,421824,197440,177728,935616,0,1280,460736,0,0,0,0,0,0,0,0,0,0,0,0,0,0,421696,128,537,1241,1978096937,2577110373,911552,0
1923,1116992,0,0,0,6464,23872,311296,416768,358592,338752,774720,0,1280,306048,0,0,0,0,0,0,0,0,0,0,0,0,0,0,416640,128,532,1224,421029633,815793879,750848,0
1924,1116736,0,0,0,18432,23872,581568,459968,32896,12992,1099648,0,1280,576320,0,0,0,0,0,0,0,0,0,0,0,0,0,0,459840,128,530,1238,2358488028,4081564592,1075776,0
1925,1677184,0,0,0,7680,24576,620672,463424,560832,540864,1132160,0,1216,615488,0,0,0,0,0,0,0,0,0,0,0,0,0,0,463296,128,568,1314,1124064456,1371712671,1107584,0
1926,1116800,0,0,0,8896,24320,420480,464704,198400,178752,933888,0,1280,414656,0,0,0,0,0,0,0,0,0,0,0,0,0,0,464576,128,571,1316,1724869565,2379070234,909568,0
1927,1677568,0,0,0,15360,24384,748800,602880,286144,265920,1407552,0,1280,743552,0,0,0,0,0,0,0,0,0,0,0,0,0,0,602752,128,558,1299,3953851769,3118433017,1383168,0
1928,1116224,0,0,0,6912,24768,492352,544832,47360,27520,1084608,0,1280,486976,0,0,0,0,0,0,0,0,0,0,0,0,0,0,544704,128,553,1307,560234287,1242429109,1059840,0
1929,1117056,0,0,0,6912,24768,353600,528768,203008,181760,931264,0,1216,348352,0,0,0,0,0,0,0,0,0,0,0,0,0,0,528640,128,549,1292,2583491361,2371501860,906496,0
1930,1116416,0,0,0,6848,24448,375552,512960,196608,176704,935552,0,1280,370432,0,0,0,0,0,0,0,0,0,0,0,0,0,0,512832,128,552,1297,2557952616,943931353,911104,0
1931,1676992,0,0,0,6912,25216,589440,565120,490304,470336,1202624,0,1216,584256,0,0,0,0,0,0,0,0,0,0,0,0,0,0,564992,128,541,1272,3943559692,1408058561,1177408,0
1932,1676672,0,0,0,7168,24768,513728,559552,571456,551552,1121088,0,1152,508608,0,0,0,0,0,0,0,0,0,0,0,0,0,0,559424,128,576,1349,1408740949,3153365810,1096320,0
1933,1677184,0,0,0,7040,24320,532032,560000,553792,533952,1138944,0,1280,526912,0,0,0,0,0,0,0,0,0,0,0,0,0,0,559872,128,587,1377,1859507269,812952502,1114624,0
1934,1676736,0,0,0,6976,24512,732864,554304,358080,338560,1334080,0,1216,727680,0,0,0,0,0,0,0,0,0,0,0,0,0,0,554176,128,580,1374,1794430523,138154074,1309568,0
1935,1118272,0,0,0,6912,24832,456768,568832,60928,39872,1074432,0,1280,451520,0,0,0,0,0,0,0,0,0,0,0,0,0,0,568704,128,578,1366,721962044,1014235642,1049600,0
1936,1116608,0,0,0,6976,24192,424128,517760,143552,116608,995904,0,1280,419008,0,0,0,0,0,0,0,0,0,0,0,0,0,0,517632,128,577,1372,1908406552,3217974875,971712,0
1937,1677376,0,0,0,7040,24384,612160,534592,499200,477696,1195648,0,1216,606976,0,0,0,0,0,0,0,0,0,0,0,0,0,0,534464,128,550,1310,75421409,4149518236,1171264,0
1938,1116800,0,0,0,6976,24896,414144,524544,146240,124608,988160,0,1280,408960,0,0,0,0,0,0,0,0,0,0,0,0,0,0,524416,128,535,1295,599795948,1973182731,963264,0
1939,1116672,0,0,0,7040,24384,425664,509760,149824,128576,984064,0,1280,420544,0,0,0,0,0,0,0,0,0,0,0,0,0,0,509632,128,565,1333,3525078038,98415901,959680,0
1940,1677056,0,0,0,6976,24704,559872,524608,560896,539264,1133760,0,1152,554496,0,0,0,0,0,0,0,0,0,0,0,0,0,0,524480,128,587,1356,1180597819,1538418222,1109056,0
1941,1116736,0,0,0,6976,24960,410560,520448,153792,132352,980352,0,1280,405248,0,0,0,0,0,0,0,0,0,0,0,0,0,0,520320,128,586,1344,1455600204,886034755,955392,0
1942,1116672,0,0,0,7040,24192,395584,508608,181248,159936,952704,0,1280,390528,0,0,0,0,0,0,0,0,0,0,0,0,0,0,508544,64,584,1362,2343505588,2522566258,928512,0
1943,1676992,0,0,0,7232,24320,608064,490432,546944,525056,1147968,0,1152,602944,0,0,0,0,0,0,0,0,0,0,0,0,0,0,490304,128,545,1275,498228273,222460284,1123648,0
1944,1116864,0,0,0,9408,26432,406272,490624,184128,162688,950016,0,1216,401088,0,0,0,0,0,0,0,0,0,0,0,0,0,0,490496,128,552,1294,3675835126,2090301276,923584,0
1945,1116800,0,0,0,8192,24064,378880,479104,226560,204992,907712,0,1280,373824,0,0,0,0,0,0,0,0,0,0,0,0,0,0,478976,128,539,1262,746394063,2385189431,883648,0
1946,1677184,0,0,0,9664,25152,593152,488960,560256,538496,1134528,0,1216,587968,0,0,0,0,0,0,0,0,0,0,0,0,0,0,488832,128,543,1290,1306639301,1758093513,1109376,0
1947,1120448,0,0,0,10112,25024,378816,488768,217728,192512,923712,0,1216,373632,0,0,0,0,0,0,0,0,0,0,0,0,0,0,488640,128,540,1276,1832803711,724776485,898688,0
1948,1110912,0,0,0,8064,24000,396096,457280,225472,203520,903424,0,1216,389120,0,0,0,0,0,0,0,0,0,0,0,0,0,0,457152,128,556,1300,308821528,3107540487,879424,0
1949,1116544,0,0,0,9216,24704,576320,473152,33152,11776,1100608,0,1280,571008,0,0,0,0,0,0,0,0,0,0,0,0,0,0,473024,128,564,1333,3314283691,1671636470,1075904,0
1950,1117120,0,0,0,8896,24768,357824,470464,255168,233664,879360,0,1280,352576,0,0,0,0,0,0,0,0,0,0,0,0,0,0,470336,128,567,1343,1764263324,3902569847,854592,0
1951,1116672,0,0,0,7872,24448,345088,457536,281728,260416,852224,0,1280,339840,0,0,0,0,0,0,0,0,0,0,0,0,0,0,457408,128,564,1333,833546444,2518089973,827776,0
1952,1678016,0,0,0,14976,24832,571840,498176,568192,540608,1133248,0,1280,566720,0,0,0,0,0,0,0,0,0,0,0,0,0,0,498048,128,571,1340,121825264,2512108466,1108416,0
1953,1115968,0,0,0,8704,24896,338560,483392,260416,238912,872832,0,1216,333504,0,0,0,0,0,0,0,0,0,0,0,0,0,0,483264,128,556,1297,4035514981,1404349230,847936,0
1954,1116928,0,0,0,8768,24320,347648,507456,228736,206528,906240,0,1280,342528,0,0,0,0,0,0,0,0,0,0,0,0,0,0,507328,128,556,1320,1363541038,3740483200,881920,0
1955,1116672,0,0,0,9472,9344,377088,502080,218688,197120,915456,0,1216,372032,0,0,0,0,0,0,0,0,0,0,0,0,0,0,501952,128,559,1307,763441716,2351221763,906112,0
1956,1116544,0,0,0,7552,9344,499840,502592,97216,76032,1036480,0,1216,494656,0,0,0,0,0,0,0,0,0,0,0,0,0,0,502464,128,573,1324,3259213730,1826150826,1027136,0
1957,1117568,0,0,0,6208,8960,453184,488000,161216,139328,974336,0,1216,447872,0,0,0,0,0,0,0,0,0,0,0,0,0,0,487872,128,572,1315,613216205,3995368531,965376,0
1958,1116288,0,0,0,7296,10176,401216,457728,239872,218240,894080,0,1280,395968,0,0,0,0,0,0,0,0,0,0,0,0,0,0,457600,128,561,1292,2025409347,2028473192,883904,0
1959,1116736,0,0,0,8640,9408,381888,430784,286016,264576,848192,0,1280,376576,0,0,0,0,0,0,0,0,0,0,0,0,0,0,430656,128,543,1271,4187167092,3466445846,838784,0
1960,1116864,0,0,0,7488,9216,426816,443072,230272,208768,904064,0,1216,421632,0,0,0,0,0,0,0,0,0,0,0,0,0,0,442944,128,549,1288,2226699379,3726465196,894848,0
1961,1116672,0,0,0,7104,9408,387648,431680,280832,259456,853184,0,1280,382336,0,0,0,0,0,0,0,0,0,0,0,0,0,0,431552,128,534,1240,1564350744,532340485,843776,0
