frame,ALL,FTR,STG,BG,AUD,HUD,SRC,MISC,OTHR,WAIT,WORK,SHDT,SWRM,GCRA,SCPU,SCAT,SPRM,SINT,SPHD,SPHC,MWPN,MEFX,MPRT,MTEX,GPOL,GVTX,DGSA,DGSB,WORK-H,WRAPFIX
3,1116288,11584,318016,0,238784,5312,227328,71488,243776,204416,911872,640,1024,222400,0,1152,3008,124992,18304,960,0,0,20800,0,191,573,2724353048,2724353048,906560,0
4,1117248,12032,314944,0,3840,5440,227008,72768,481216,441600,675648,640,1024,221888,0,1344,3264,124672,18304,896,0,0,20736,0,191,573,2724353048,2724353048,670208,0
5,1116736,12096,316480,0,3136,5184,226880,72192,480768,441600,675136,704,1152,221696,0,1152,3008,123968,18560,960,0,0,20992,0,191,573,2724353048,2724353048,669952,0
6,1117184,11712,316160,0,3136,5376,226752,72064,481984,442816,674368,768,1024,221824,0,1216,3072,124672,18560,1024,0,0,21568,0,191,578,2724353048,2724353048,668992,0
7,1117056,11648,318272,0,3136,5376,226112,73024,479488,440000,677056,768,1152,220992,0,1280,2880,124032,18240,960,0,0,21760,0,191,578,2724353048,2724353048,671680,0
8,1117056,12032,316352,0,3136,5120,229120,72640,478656,439552,677504,640,960,223936,0,1280,3264,125952,18432,960,0,0,21056,0,191,578,2724353048,2724353048,672384,0
9,1117312,11712,316288,0,3136,5312,227584,72128,481152,441792,675520,768,1088,222656,0,1344,3008,126272,17984,960,0,0,20672,0,191,578,2724353048,2724353048,670208,0
10,1117312,12032,313600,0,3072,5312,226560,71488,485248,445632,671680,640,1024,221376,0,1088,3072,125376,17664,704,0,0,20096,0,191,578,2724353048,2724353048,666368,0
11,1116800,12032,315584,0,3200,5312,230784,72192,477696,438400,678400,640,960,226048,0,1152,3008,129536,17984,960,0,0,21312,0,191,578,2724353048,2724353048,673088,0
12,1117376,11904,314816,0,3264,5184,229760,71936,480512,441152,676224,768,1088,224512,0,1216,3072,128192,18496,1024,0,0,21056,0,191,584,2724353048,2724353048,671040,0
13,1117184,12160,315200,0,3136,5248,230272,71808,479360,440128,677056,704,1024,225280,0,1152,3072,128768,18112,896,0,0,21184,0,191,585,2724353048,2724353048,671808,0
14,1117056,11520,317824,0,3200,5248,228864,72704,477696,438144,678912,768,960,223744,0,1344,2944,127168,18176,960,0,0,21376,0,189,579,2724353048,2724353048,673664,0
15,1116800,11584,315776,0,3072,5248,230400,72000,478720,439616,677184,768,1088,225216,0,1152,3328,127808,18496,960,0,0,20992,0,187,572,2724353048,2724353048,671936,0
16,1117312,11776,314688,0,3072,26240,228992,72960,459584,420544,696768,704,1088,223936,0,1344,2944,127296,17920,960,0,0,21312,0,187,574,2724353048,2724353048,670528,0
17,1117056,11584,315520,0,3008,5248,230016,72384,479296,440064,676992,896,1024,224768,0,1216,3136,128256,17920,1024,0,0,21120,0,187,574,2724353048,2724353048,671744,0
18,1117440,12160,316288,0,3072,5248,228928,72256,479488,440192,677248,704,1024,223872,0,1152,3072,127488,18432,832,0,0,21056,0,187,576,2724353048,2724353048,672000,0
19,1116992,11904,315520,0,3200,5440,229120,71808,480000,440576,676416,704,1152,224064,0,1408,3200,127232,18112,1024,0,0,21120,0,187,580,2724353048,2724353048,670976,0
20,1117120,11776,313408,0,3200,5440,233088,72704,477504,438016,679104,832,1024,227968,0,1152,3072,131328,18432,896,0,0,20480,0,186,577,2724353048,2724353048,673664,0
21,1117120,12096,315904,0,3200,5248,234496,71232,474944,435840,681280,768,960,229504,0,1280,3072,132160,18432,1024,0,0,20352,0,180,572,2724353048,2724353048,676032,0
22,1117184,11712,317120,0,3136,5312,232192,71744,475968,436672,680512,640,1024,227008,0,1344,3072,131200,17920,832,0,0,20544,0,178,572,2724353048,2724353048,675200,0
23,1117312,12224,316288,0,3200,5248,233984,72000,474368,434880,682432,640,1024,228928,0,1280,3136,131712,18752,896,0,0,21248,0,178,574,2724353048,2724353048,677184,0
24,1116928,11776,316800,0,3136,5376,233984,71168,474688,435648,681280,640,1088,228992,0,1280,3200,131392,18496,896,0,0,20608,0,178,574,2724353048,2724353048,675904,0
25,1117120,11840,315776,0,3072,5248,230272,71744,479168,439808,677312,768,896,225536,0,1280,3200,128768,18304,896,0,0,20672,0,177,569,2724353048,2724353048,672064,0
26,1117120,11776,317632,0,79040,5376,230336,72640,400320,361024,756096,704,1088,225280,0,1344,3200,127936,18560,896,0,0,21056,0,175,562,2724353048,2724353048,750720,0
27,1117312,11776,318208,0,3136,5312,231424,71808,475648,436096,681216,768,1088,226304,0,1280,3328,129408,18048,1152,0,0,20736,0,173,554,2724353048,2724353048,675904,0
28,1117056,12096,314880,0,3136,5376,228608,71360,481600,442176,674880,768,1088,223616,0,1280,3200,126080,18304,768,0,0,20800,0,173,554,2724353048,2724353048,669504,0
29,1116992,12032,315264,0,3136,5376,229120,72064,480000,440768,676224,704,1152,223936,0,1152,3136,127488,18112,1152,0,0,21056,0,173,554,2724353048,2724353048,670848,0
30,1117120,11840,315712,0,3328,5184,233984,72448,474624,435392,681728,832,1088,228864,0,1280,3136,131520,18176,960,0,0,21184,0,173,553,2724353048,2724353048,676544,0
31,1117696,11648,314240,0,3200,25984,229248,72000,461376,421888,695808,704,1088,224128,0,1216,2944,128192,18240,960,0,0,21248,0,173,555,2724353048,2724353048,669824,0
32,1116800,11904,315328,0,3136,5440,228096,72640,480256,441216,675584,704,1024,222848,0,1152,3008,125760,18688,1024,0,0,20800,0,173,554,2724353048,2724353048,670144,0
33,1117120,11520,316800,0,3072,5376,230720,71872,477760,438720,678400,704,1152,225472,0,1280,3072,128448,18624,832,0,0,20736,0,173,552,2724353048,2724353048,673024,0
34,1117248,11904,316160,0,3200,5376,228800,71424,480384,441216,676032,768,960,223872,0,1152,3136,127104,18176,960,0,0,21120,0,173,552,2724353048,2724353048,670656,0
35,1117120,11520,315520,0,3072,5120,228992,72640,480256,440832,676288,768,1088,223808,0,1280,3072,127104,18368,896,0,0,21248,0,173,551,2724353048,2724353048,671168,0
36,1117056,11904,316800,0,3136,5184,230272,71744,478016,438592,678464,768,960,225152,0,1344,3136,127616,18368,960,0,0,20736,0,172,549,2724353048,2724353048,673280,0
37,1117056,11968,315200,0,3392,5248,231424,72448,477376,438656,678400,768,1024,226496,0,1472,3072,129792,17792,832,0,0,20672,0,172,549,2724353048,2724353048,673152,0
38,1117184,11712,316608,0,3200,5184,231680,72384,476416,437120,680064,768,1152,226496,0,1408,3072,129408,18240,1024,0,0,20800,0,172,549,2724353048,2724353048,674880,0
39,1116928,11712,316480,0,3136,5248,229632,72000,478720,439616,677312,704,960,224640,0,1280,3008,128896,18048,832,0,0,21504,0,172,549,2724353048,2724353048,672064,0
40,1117184,11648,316288,0,3136,5248,230080,72576,478208,438464,678720,704,1024,225024,0,1472,3008,128576,18112,1088,0,0,21312,0,172,549,2724353048,2724353048,673472,0
41,1117248,11584,316736,0,3136,5184,254976,72576,453056,413376,703872,704,1088,249792,0,1280,3072,153088,18304,832,0,0,21184,0,172,549,2724353048,2724353048,698688,0
42,1117248,11840,317184,0,3200,5312,238912,72320,468480,429376,687872,704,1088,233984,0,1152,3328,136512,18240,1088,0,0,20416,0,172,549,2724353048,2724353048,682560,0
43,1117248,11776,315648,0,3136,5824,229504,72384,478976,439680,677568,768,1152,224512,0,1408,3200,127488,18560,1024,0,0,20864,0,172,550,2724353048,2724353048,671744,0
44,1116992,11904,313984,0,3200,5376,229888,72384,480256,441280,675712,896,1152,224768,0,1280,3072,127552,18304,1024,0,0,20800,0,171,545,2724353048,2724353048,670336,0
45,1117184,11904,316800,0,3008,5184,227904,71360,481024,441728,675456,640,1024,222848,0,1280,3136,126912,18112,896,0,0,20672,0,171,545,2724353048,2724353048,670272,0
46,1117184,11712,316224,0,3072,6080,229760,72000,478336,438848,678336,640,1024,224960,0,1280,3200,128704,17984,896,0,0,20864,0,171,545,2724353048,2724353048,672256,0
47,1677248,19392,322880,0,3072,16384,813952,137792,363776,315840,1361408,896,1280,808512,0,1280,3072,123136,26688,1024,128,56960,22720,0,200,641,810261126,810261126,1345024,0
48,1117184,19520,317952,0,136192,16000,249856,136064,241600,192960,924224,704,1344,244544,0,1216,3456,130816,24000,960,64,55872,22976,0,200,641,810261126,810261126,908224,0
49,1117184,19200,318208,0,3136,16192,251008,137536,371904,324736,792448,704,1280,245568,0,1280,3328,131520,24384,960,128,57536,22784,0,202,648,810261126,810261126,776256,0
50,1117248,19648,316096,0,3136,16192,249152,136576,376448,329536,787712,704,1216,243776,0,1280,3136,130816,24320,960,128,56320,22464,0,202,648,810261126,810261126,771520,0
51,1117120,19072,318784,0,3200,15872,251904,136256,372032,324928,792192,704,1472,246592,0,1344,3200,133440,24192,1024,64,56448,22400,0,202,648,810261126,810261126,776320,0
52,1116864,19520,319424,0,3008,16448,249408,136384,372672,325440,791424,704,1280,244032,0,1344,3264,131584,23616,1088,64,56832,22848,0,202,644,810261126,810261126,774976,0
53,1117120,19328,318400,0,3136,16000,249280,136704,374272,327360,789760,832,1344,244096,0,1408,3072,131328,23744,960,64,57216,22848,0,202,644,810261126,810261126,773760,0
54,1117120,19200,318848,0,3136,16000,251520,136704,371712,325632,791488,768,1344,246144,0,1344,3328,132480,24320,832,128,57280,22464,0,202,643,810261126,810261126,775488,0
55,1117248,19520,318720,0,3136,16128,249408,136384,373952,327488,789760,704,1216,244096,0,1408,3136,130944,24128,1088,64,56832,22592,0,202,642,810261126,810261126,773632,0
56,1117056,19264,315008,0,3200,15936,251776,137856,374016,326400,790656,704,1344,246272,0,1344,3136,132352,24640,960,128,57536,23040,0,202,642,810261126,810261126,774720,0
57,1117440,19520,317312,0,3136,15808,249344,136320,376000,329792,787648,704,1216,244032,0,1344,3264,131328,23360,1088,128,56128,22592,0,202,642,810261126,810261126,771840,0
58,1117056,19328,316288,0,3200,16512,251648,137792,372288,326528,790528,896,1344,246272,0,1280,3072,132096,24000,1088,64,57344,22912,0,202,642,810261126,810261126,774016,0
59,1117056,19264,317760,0,3200,16128,252160,136960,371584,324416,792640,704,1344,246784,0,1152,3200,133184,24064,1088,64,57088,22592,0,202,641,810261126,810261126,776512,0
60,1116992,19264,318720,0,3264,15808,252928,137152,369856,323904,793088,640,1344,247552,0,1280,3072,135104,23616,960,128,57408,22720,0,202,641,810261126,810261126,777280,0
61,1117056,19584,316928,0,3264,38016,257856,136512,344896,299392,817664,896,1344,252608,0,1408,3200,139328,23808,704,128,56896,22656,0,202,640,810261126,810261126,779648,0
62,1117056,19392,368576,0,3072,16384,248704,136768,324160,278528,838528,704,1280,243328,0,1344,3264,135872,24128,1152,64,56832,22720,0,182,582,810261126,810261126,822144,0
63,1116992,19712,369792,0,3200,16576,240896,136448,330368,283968,833024,704,1344,235392,0,1280,3328,135616,24448,832,64,56128,23232,0,166,530,810261126,810261126,816448,0
64,1117248,19136,369280,0,3200,15936,239488,138496,331712,286400,830848,704,1472,233984,0,1216,3264,134144,23936,1024,128,56576,23040,0,152,494,810261126,810261126,814912,0
65,1117120,19584,367744,0,3136,16896,240128,137664,331968,285632,831488,640,1280,234688,0,1152,3264,135936,23680,832,128,56896,22912,0,130,425,810261126,810261126,814592,0
66,1116928,18944,367680,0,3200,16576,238720,136384,335424,289216,827712,768,1344,233152,0,1216,3392,133824,24000,1024,64,56640,22912,0,111,368,810261126,810261126,811136,0
67,1117120,19008,370304,0,3136,16192,240384,137216,330880,285696,831424,768,1280,235008,0,1216,3392,134208,24704,1216,64,56384,23168,0,108,362,810261126,810261126,815232,0
68,1117120,18816,366848,0,3200,16064,237760,136832,337600,291456,825664,896,1408,232256,0,1216,3328,132736,23872,1088,192,56448,23488,0,98,323,810261126,810261126,809600,0
69,1117120,18944,368960,0,3264,16128,235520,141440,332864,288000,829120,768,1216,230080,0,1344,3200,130752,23488,1024,64,57088,26752,0,87,287,810261126,810261126,812992,0
70,1117120,19072,371072,0,78784,16640,239744,137728,254080,207488,909632,832,1344,234432,0,1344,3200,135296,23552,1088,64,56896,23168,0,80,265,810261126,810261126,892992,0
71,1116864,18816,371072,0,3264,16192,239680,136832,331008,286080,830784,640,1344,234112,0,1216,3392,134656,24128,896,128,56832,23040,0,80,264,810261126,810261126,814592,0
72,1117248,18880,367680,0,3264,16064,237248,137472,336640,291520,825728,768,1280,231872,0,1280,3072,132288,24064,832,64,57280,22848,0,80,264,810261126,810261126,809664,0
73,1116992,18880,369664,0,3136,16512,237184,137408,334208,289088,827904,640,1408,231872,0,1280,3264,133184,23744,960,128,56768,23360,0,79,261,810261126,810261126,811392,0
74,1117312,18880,368320,0,3072,16384,238400,137472,334784,288000,829312,704,1408,233024,0,1216,3200,132928,24192,1024,64,57152,22592,0,79,261,810261126,810261126,812928,0
75,1117120,18880,368384,0,3200,16384,432064,152000,126208,81088,1036032,832,1280,426752,0,1344,3456,303168,32256,832,128,57152,36672,0,83,279,810261126,209429905,1019648,0
76,1117184,18688,368640,0,3328,37696,248192,151104,289536,242560,874624,768,1216,242816,0,1152,3328,140544,23808,1152,128,57856,34560,0,80,270,209429905,209429905,836928,0
77,1677248,606272,368960,0,3200,16064,244800,102592,335360,278336,1398912,640,1344,239488,0,1152,3328,139392,24512,960,64,8448,33856,0,163,462,209429905,209429905,1382848,0
78,2797824,579712,368576,0,3520,16128,1168704,189120,472064,427072,2370752,704,1280,1163072,0,1344,3456,353536,29760,1024,128,90560,36800,0,163,460,3951199918,3487435620,2354624,0
79,1116928,70464,370368,0,3584,16640,259712,191232,204928,159808,957120,704,1280,254336,0,1344,3520,137920,26816,1024,192,90944,38848,0,163,465,3487435620,3409777762,940480,0
80,1117056,70144,369408,0,3456,16384,251584,189248,216832,171008,946048,896,1344,246272,0,1216,3328,140096,26880,832,128,91008,36224,0,164,496,3409777762,3409777762,929664,0
81,1117120,70976,371264,0,3456,16064,289216,190400,175744,130240,986880,768,1408,283712,0,1408,3392,165440,27008,960,192,90432,38272,0,160,488,3409777762,1584434568,970816,0
82,1117248,71168,369984,0,3456,16960,265344,192512,197824,152704,964544,768,1280,259840,0,1280,3200,135552,27072,1088,192,90560,41344,0,159,493,1584434568,3641617726,947584,0
83,1117056,69888,370496,0,3520,16384,250048,191488,215232,170176,946880,640,1344,244480,0,1280,3328,137728,27008,960,192,90752,40128,0,127,411,3641617726,3641617726,930496,0
84,1117056,70272,369728,0,3520,15936,248896,190080,218624,172288,944768,960,1344,243520,0,1344,3264,137856,27008,1024,192,89984,38336,0,109,366,3641617726,3641617726,928832,0
85,1117440,69760,368640,0,3520,16064,249664,190656,219136,173632,943808,768,1280,244224,0,1280,3200,138112,27520,1088,64,90112,38144,0,110,373,3641617726,3641617726,927744,0
86,1117120,70528,369280,0,3456,16512,250048,184768,222528,176960,940160,704,1280,244864,0,1280,3264,139648,27008,960,192,90624,33152,0,106,355,3641617726,3641617726,923648,0
87,1117248,70080,370624,0,3328,16448,249216,182656,224896,179392,937856,832,1408,243584,0,1280,3264,139968,26624,1024,192,90432,29952,0,99,335,3641617726,3641617726,921408,0
88,1116736,69824,367872,0,3392,16128,250432,175232,233856,188992,927744,768,1216,245056,0,1152,3328,143040,26496,1024,192,90816,22656,0,91,308,3641617726,3641617726,911616,0
89,1117120,69248,368128,0,3456,38080,248576,176064,213568,163840,953280,768,1408,243008,0,1344,3392,142272,27008,896,192,90880,22848,0,84,282,3641617726,3641617726,915200,0
90,1117056,69312,365824,0,137664,16448,248896,175616,103296,57152,1059904,704,1408,243392,0,1344,3584,141184,27008,1024,128,91136,22144,0,75,254,3641617726,3641617726,1043456,0
91,1117248,69760,369600,0,3392,16576,251584,175872,230464,185216,932032,768,1280,246272,0,1216,3392,144512,27328,896,192,90944,22976,0,84,284,3641617726,3641617726,915456,0
92,1117056,69760,370176,0,3456,16064,251008,174528,232064,187520,929536,640,1280,245504,0,1344,3200,143680,27840,832,192,91136,22720,0,86,288,3641617726,3641617726,913472,0
93,1117184,70272,368448,0,3456,16128,251200,173632,234048,188736,928448,640,1344,245760,0,1408,3392,144000,27008,960,192,90752,22784,0,119,383,3641617726,3641617726,912320,0
94,1116992,70912,367872,0,3456,16512,245376,174528,238336,192896,924096,704,1280,240064,0,1472,3520,138880,26368,1024,256,91072,22080,0,162,484,3641617726,3641617726,907584,0
95,1677632,625920,368704,0,3456,16320,249728,177088,236416,178496,1499136,704,1280,244352,0,1472,3392,142656,27648,960,192,91456,23360,0,225,654,3641617726,3641617726,1482816,0
96,1676992,610240,367360,0,3520,16128,249984,175616,254144,209088,1467904,768,1280,244608,0,1216,3392,142784,26560,832,192,90560,22080,0,200,546,3641617726,3641617726,1451776,0
97,1117120,65344,369536,0,3392,15872,253440,174080,235456,190464,926656,960,1408,248192,0,1408,3328,146368,26944,960,192,91008,22720,0,173,450,3641617726,3641617726,910784,0
98,1117056,64896,368640,0,3456,16064,255360,174144,234496,188352,928704,640,1408,249664,0,1408,3328,147968,26752,1088,256,90752,22784,0,178,451,3641617726,3641617726,912640,0
99,1117120,64640,369344,0,5504,16576,251712,175296,234048,187968,929152,704,1408,246208,0,1408,3392,144704,26816,1024,128,91584,23104,0,178,443,3641617726,3641617726,912576,0
100,1117312,64832,368896,0,6656,16384,254656,173632,232256,187136,930176,832,1344,249216,0,1344,3264,147200,27072,1088,192,91264,22464,0,181,454,3641617726,3641617726,913792,0
101,1116992,64896,368512,0,5568,16512,258368,173056,230080,184064,932928,768,1408,252928,0,1408,3264,150464,27264,896,192,90496,22336,0,179,447,3641617726,3641617726,916416,0
102,1117184,65216,368192,0,4544,16768,256576,174144,231744,186304,930880,704,1472,251072,0,1408,3328,148736,27456,1024,192,90880,22784,0,181,456,3641617726,3641617726,914112,0
103,1117248,64000,368384,0,3072,38080,257216,172800,213696,167936,949312,768,1408,251648,0,1216,3392,150272,26816,1088,192,90496,22528,0,177,439,3641617726,3641617726,911232,0
104,1116928,64768,368640,0,3136,16064,251456,175744,237120,191040,925888,832,1280,245952,0,1280,3200,144512,27008,960,128,91520,22784,0,179,445,3641617726,3641617726,909824,0
105,1117056,64384,370112,0,3136,16128,252736,174464,236096,189888,927168,768,1216,247232,0,1408,3264,145856,26880,1088,192,90304,22848,0,187,450,3641617726,3641617726,911040,0
106,1117120,65408,369472,0,3072,16000,252544,174080,236544,191168,925952,768,1344,247040,0,1344,3456,144192,27008,1024,192,90496,22784,0,184,448,3641617726,3641617726,909952,0
107,1677376,64256,367232,0,3264,16768,710464,166784,348608,302528,1374848,4608,1408,705024,0,1664,3328,409344,62336,960,64,84416,22464,0,189,460,3855480542,3855480542,1358080,0
108,1117120,64512,368448,0,3264,16192,280576,165120,219008,172544,944576,4672,1280,275136,0,1536,3392,142528,54464,1024,64,83712,22848,0,189,462,3855480542,3855480542,928384,0
109,2237312,68416,374016,0,3328,16448,1106304,256256,412544,367040,1870272,4480,1280,1100992,0,1664,3328,146816,60672,1088,320,169920,22912,0,186,459,1959563836,719741239,1853824,0
110,1677376,68800,368448,0,136448,16768,317760,255680,513472,468032,1209344,4608,1344,312320,0,1792,3392,163328,57600,1024,256,170368,22464,0,186,458,2904517659,746161473,1192576,0
111,1117184,68800,370304,0,3200,16640,316736,255936,85568,39552,1077632,4672,1152,311488,0,1856,3328,162304,57024,960,256,171200,22464,0,185,457,4134867387,2901609146,1060992,0
112,1117312,68160,369152,0,3200,16832,312640,256384,90944,45824,1071488,4352,1344,307136,0,1792,3264,160320,57280,896,320,171200,22528,0,182,452,28148850,1483458804,1054656,0
113,1117056,68672,370048,0,3328,16256,317696,255936,85120,39040,1078016,4352,1344,312192,0,1728,3392,164032,57728,1088,320,170496,21952,0,182,452,3645807202,1297622665,1061760,0
114,1117120,68416,369728,0,3264,16512,318208,256448,84544,38656,1078464,4480,1216,312832,0,1664,3328,164672,57024,1216,256,171392,22656,0,186,452,1338678644,2045072500,1061952,0
115,1117120,68352,369344,0,3200,16448,318720,255872,85184,40192,1076928,4480,1344,313216,0,1792,3392,163072,58048,1024,320,169792,23168,0,185,453,4188059477,1010919574,1060480,0
116,1117184,68032,369280,0,3264,37440,318208,258368,62592,17408,1099776,4480,1280,312576,0,1856,3392,165184,57088,1088,256,172160,22464,0,187,463,589226134,568701083,1062336,0
117,1117568,67712,369408,0,3392,16768,321088,255488,83712,37504,1080064,4416,1280,315840,0,1600,3392,166720,57728,1152,320,169472,22784,0,187,464,865009532,2000081586,1063296,0
118,1116736,67328,370688,0,3456,16768,323520,256576,78400,33344,1083392,4544,1280,318016,0,1792,3392,169280,57984,1024,320,170752,22848,0,186,467,1096092868,3979609152,1066624,0
119,1117056,67328,370496,0,3264,16512,317440,256064,85952,40768,1076288,4736,1344,312064,0,1728,3392,164352,57664,1024,256,171008,21888,0,187,464,3960349426,3147627867,1059776,0
120,1117184,68416,368960,0,3328,16320,318272,257024,84864,39616,1077568,4736,1408,312768,0,1600,3392,164736,58048,1024,320,171008,22848,0,187,462,1948273314,1784528458,1061248,0
121,1116992,68096,371712,0,3392,16448,335232,258432,63680,18496,1098496,4352,1344,329856,0,1664,3264,181056,57472,896,256,172800,22656,0,185,462,4114480406,1298800722,1082048,0
122,1677440,68864,379200,0,3328,16832,364928,257408,586880,540736,1136704,4544,1280,359360,0,1792,3264,162624,57600,896,256,171584,22848,0,180,451,3288221435,90140828,1119872,0
123,1117248,68224,374784,0,5376,16576,329408,257024,65856,20416,1096832,4608,1280,324160,0,1536,3392,164224,57344,960,192,171136,22656,0,179,448,4250875569,571856082,1080256,0
124,1677312,68224,376064,0,3328,16384,509824,257472,446016,399872,1277440,4544,1472,504448,0,1856,3392,341248,58176,1024,256,171520,22784,0,171,422,1754075392,2906786841,1261056,0
125,1116992,69248,372096,0,3264,16576,330816,254144,70848,25792,1091200,4544,1408,325376,0,1600,3456,165184,57536,1088,256,169600,22528,0,142,385,2908200016,2685035170,1074624,0
126,1117120,21376,376128,0,3392,16640,329600,255360,114624,69312,1047808,4480,1408,323968,0,1728,3520,163264,57792,1152,320,170560,23104,0,72,241,83098094,3109561365,1031168,0
127,2237696,904896,373504,0,3328,16512,334336,257088,348032,271424,1966272,4544,1408,328896,0,1792,3584,169280,57152,960,320,170240,22976,0,102,326,2947901360,3893840501,1949760,0
128,2237568,880704,375808,0,3328,16704,328192,259968,372864,327680,1909888,4544,1344,322816,0,1600,3392,166080,57088,1088,256,172416,22592,0,152,383,2216277466,402572349,1893184,0
129,1677248,76416,369024,0,136000,37888,319360,257600,480960,435392,1241856,4480,1344,313920,0,1472,3392,166208,57216,1088,256,170304,23168,0,170,428,250787230,1577841458,1203968,0
130,1116864,75264,369088,0,3328,16960,318400,257984,75840,30528,1086336,4672,1408,312832,0,1600,3264,165184,57088,896,384,170944,22784,0,170,424,1525502774,2086585639,1069376,0
131,1117120,76416,368704,0,3392,16448,321536,257536,73088,27392,1089728,4672,1408,316096,0,1920,3456,167936,57024,1088,320,170752,23232,0,174,430,752538016,3841241950,1073280,0
132,1677056,76800,372096,0,3200,16704,345536,258432,604288,559040,1118016,4480,1280,340160,0,1664,3456,168448,57280,1024,192,170752,23488,0,170,415,3494881030,1762050540,1101312,0
133,1117184,75712,373952,0,3456,16768,330560,257728,59008,14208,1102976,4672,1536,324928,0,1728,3328,165952,57472,1024,256,171200,22912,0,168,406,3613267680,443260879,1086208,0
134,1117056,75776,376576,0,3456,16768,332160,257728,54592,9408,1107648,4480,1280,326720,0,1664,3456,166400,57280,1088,320,171520,22528,0,170,413,1371212856,2224402538,1090880,0
135,1117248,75328,376960,0,3392,16384,332608,257920,54656,9216,1108032,4544,1472,327104,0,1664,3392,166080,56832,1088,384,171200,23040,0,167,405,1621835980,1593767708,1091648,0
136,1117120,76032,376064,0,3392,16832,334016,257088,53696,7872,1109248,4544,1344,328576,0,1600,3648,167168,57152,960,256,171072,22592,0,179,447,1053709172,2671258594,1092416,0
137,1677312,75776,376960,0,3264,16384,404992,258560,541376,494976,1182336,4672,1344,399488,0,1664,3456,165888,56896,1216,384,171968,23104,0,187,472,1713579313,2382122513,1165952,0
138,1677120,76416,375680,0,3392,16512,576960,176384,451776,406400,1270720,6528,1280,571648,0,1792,3264,376832,85632,1344,192,91392,23104,0,183,457,2578086057,1693896319,1254208,0
139,1117440,75776,367360,0,3264,16256,340736,178816,135232,88960,1028480,6144,1344,335424,0,1856,3264,162048,82368,1024,128,91776,22912,0,182,453,1272972764,690453735,1012224,0
140,1677440,79296,368320,0,3200,16000,860992,176896,172736,127616,1549824,6400,1216,855488,0,1728,3264,163712,85440,1152,192,91520,22720,0,179,442,2746356360,4130769844,1533824,0
141,1117184,79488,367808,0,3264,16064,357376,176768,116416,69888,1047296,6016,1280,351808,0,1856,3392,176512,83712,1088,192,91072,22656,0,171,423,1893414578,1182232897,1031232,0
142,1117184,78720,368320,0,3264,37824,355200,176384,97472,51968,1065216,6144,1344,349952,0,1856,3264,178048,82944,960,256,90816,22784,0,175,438,3406972557,550238838,1027392,0
143,1117184,79936,370752,0,3264,16512,355264,176768,114688,68160,1049024,6272,1216,349824,0,1792,3328,176576,82944,1152,192,91200,22400,0,181,459,1764956090,849783966,1032512,0
144,1117184,78784,367232,0,3264,16512,359104,176384,115904,69568,1047616,6592,1408,353344,0,1728,3392,179456,83072,1152,128,90304,22592,0,191,485,2477894143,2674099009,1031104,0
145,1117056,79552,371008,0,3264,16448,351808,177600,117376,72128,1044928,6528,1280,346432,0,1856,3072,173440,83392,1024,192,91072,22912,0,193,490,4240782575,2648927249,1028480,0
146,1117120,79232,368576,0,3392,16384,353280,176704,119552,73984,1043136,6080,1280,348096,0,1856,3392,175744,82432,960,128,90816,22976,0,194,493,3135091090,2894269924,1026752,0
147,1117184,79808,367680,0,3328,16320,356672,176576,116800,70272,1046912,6464,1216,351296,0,1920,3392,177536,83008,1024,192,91008,22720,0,192,494,3293875493,3869795756,1030592,0
148,1677504,79552,370432,0,135936,16256,361984,176448,536896,490944,1186560,6144,1408,356288,0,1728,3200,182784,82816,1280,128,91008,22784,0,191,488,3704341125,1660719436,1170304,0
149,1116736,79424,370432,0,3328,16320,358144,175616,113472,68352,1048384,6016,1344,352448,0,1856,3136,180544,82176,1088,192,90112,22400,0,193,490,2590737653,2471294857,1032064,0
150,1117056,78784,368192,0,3584,16256,355328,175296,119616,74624,1042432,6080,1152,349952,0,1728,3456,176768,82944,1024,256,89536,22656,0,190,496,3227399496,2726745634,1026176,0
151,1117440,78656,367936,0,3328,16192,357824,176640,116864,71680,1045760,6336,1344,352384,0,1728,3456,179584,82816,960,256,90624,22976,0,190,500,3343954091,3322301593,1029568,0
152,2237504,945344,369728,0,3264,16384,505856,175680,221248,174848,2062656,6528,1280,500544,0,1728,3328,326784,83136,1024,128,89984,22592,0,202,532,279111761,2727876700,2046272,0
153,1116864,87296,372160,0,3456,16640,359360,176832,101120,56000,1060864,6144,1344,354048,0,1920,3264,180608,83584,1216,192,91200,22656,0,195,517,2693521471,2436490351,1044224,0
154,1116992,87808,367808,0,3328,16384,357952,175936,107776,62208,1054784,6144,1344,352640,0,1856,3200,179072,82496,1024,192,90752,22848,0,198,522,1078946091,1215449765,1038400,0
155,1677376,88256,369344,0,3456,16512,492224,176896,530688,484288,1193088,6400,1344,486848,0,1792,3264,305792,83712,1152,192,91200,22784,0,208,543,3402657298,170728687,1176576,0
156,1116800,87936,368192,0,3584,38528,371712,175168,71680,26432,1090368,6336,1344,366208,0,1792,3264,177856,83520,1024,192,90368,22528,0,247,669,3708124394,1594719028,1051840,0
157,1677376,204672,369536,0,3520,16192,368960,180608,533888,487616,1189760,6272,1280,363648,0,1600,3072,178432,82304,960,128,90752,22848,0,381,1058,1640404552,3561128559,1173568,0
158,1677248,181376,368384,0,3392,16448,370752,179456,557440,512000,1165248,6144,1344,365248,0,1792,3392,179136,82304,1024,192,90816,22592,0,466,1171,4286644876,1958502181,1148800,0
159,1677504,182720,370368,0,3456,16320,373056,180416,551168,505920,1171584,6144,1344,367616,0,1728,3392,180544,83072,1088,192,91200,23296,0,496,1241,2456281094,104266267,1155264,0
160,1116864,89088,368832,0,3328,16256,356224,176576,106560,61504,1055360,6592,1344,350848,0,1856,3264,178880,81792,1088,128,90432,23488,0,272,732,3296078152,3532644275,1039104,0
161,1677504,279424,366912,0,3584,16512,354048,177216,479808,414336,1263168,6144,1408,348608,0,1856,3392,177856,82368,1152,128,91072,22464,0,214,552,3366547437,3010339148,1246656,0
162,1677440,284608,367040,0,3456,16512,355008,178304,472512,426880,1250560,6080,1344,349696,0,1920,3392,177472,83712,1152,192,91520,22784,0,148,375,965197566,2380315878,1234048,0
163,1116800,62464,370112,0,3456,16576,354112,174592,135488,89664,1027136,6336,1344,348736,0,1728,3328,177920,82304,1216,192,90944,22656,0,130,286,2972377616,1844281052,1010560,0
164,1117376,62400,368704,0,4608,16576,353024,175104,136960,90880,1026496,6336,1216,347776,0,1792,3392,176512,82944,1152,256,91392,22784,0,126,273,4165192945,1693920489,1009920,0
165,1117120,62720,368832,0,5632,16512,355584,180864,126976,82112,1035008,6336,1280,350144,0,1856,3328,177920,83328,1152,192,96320,23232,0,119,257,3597945552,2158541545,1018496,0
166,1677184,62784,369984,0,138240,16896,352000,173760,563520,518592,1158592,6336,1344,346560,0,1728,3328,175744,82560,1024,256,91008,22208,0,116,252,129667947,1067719962,1141696,0
167,1116928,63360,371136,0,3392,16896,427264,142912,91968,46848,1070080,6144,1280,422016,0,1856,3264,177984,83712,896,192,58304,22272,0,117,253,333842291,3052892267,1053184,0
168,1117184,63360,368512,0,3264,16256,353984,141632,170176,124736,992448,6400,1344,348608,0,1920,3264,176192,83648,1088,128,58496,22400,0,80,221,1177294694,894752785,976192,0
169,1677696,22208,369728,0,3328,38336,595008,77696,571392,524160,1153536,7936,1344,589632,0,1728,3328,386624,110784,1024,0,0,21760,0,29,96,3972085279,2582961573,1115200,0
170,1116928,22272,371200,0,3520,16576,523520,91200,88640,43264,1073664,7552,1344,518144,0,1856,3072,310144,112960,960,0,0,35072,0,30,100,3165275221,3067642098,1057088,0
171,1117376,22272,368320,0,3520,16704,356480,89728,260352,215424,901952,7296,1216,351296,0,1920,3200,162560,107136,1088,0,0,33152,0,30,99,3067642098,3067642098,885248,0
172,1117120,62464,368896,0,3584,16448,355392,90944,219392,173824,943296,7552,1344,349888,0,1728,3328,161344,107328,1088,0,0,33280,0,130,281,3067642098,3067642098,926848,0
173,1116864,62464,367936,0,3456,16832,357952,92800,215424,170432,946432,7232,1280,352512,0,1792,3264,154816,106304,1088,0,0,34688,0,129,279,3067642098,2708218321,929600,0
174,1117184,63040,369792,0,3520,16448,365952,95104,203328,156992,960192,7552,1344,360384,0,1792,3200,158272,107584,1216,0,0,37312,0,140,311,2708218321,2001470284,943744,0
175,1117376,62976,370752,0,3456,16384,351424,94080,218304,172608,944768,7552,1344,346112,0,1728,3136,157056,106496,1152,0,0,35904,0,139,341,2001470284,2001470284,928384,0
176,1116928,63424,368064,0,3328,16384,366464,95360,203904,157568,959360,7552,1280,360832,0,1920,3264,160576,106496,1088,0,0,37696,0,107,303,2001470284,3826695921,942976,0
177,1117376,62720,367552,0,3456,16192,373248,98176,196032,150720,966656,7360,1280,367872,0,1728,3136,160896,107136,1088,0,0,40320,0,82,264,3826695921,1758754955,950464,0
178,1116928,63104,373568,0,3392,16384,380544,97664,182272,137280,979648,7488,1408,375104,0,1728,3264,163072,106368,1024,0,0,39168,0,75,255,1758754955,1758754955,963264,0
179,1117248,62848,376256,0,4480,16768,372160,95232,189504,144576,972672,7424,1344,366592,0,1920,3264,166144,106048,960,0,0,37824,0,64,217,1758754955,1758754955,955904,0
180,1117312,63552,377664,0,5760,17088,364224,93696,195328,149824,967488,7744,1408,358912,0,1792,3200,159104,105664,1152,0,0,36800,0,63,217,1758754955,1758754955,950400,0
181,1116928,63040,377216,0,5888,16256,365248,88896,200384,155008,961920,7232,1344,359744,0,1856,3392,158656,107200,1152,0,0,31168,0,58,190,1758754955,1758754955,945664,0
182,1116992,63296,374912,0,5632,16128,360960,86528,209536,163584,953408,7616,1344,355456,0,1728,3072,157184,105600,1088,0,0,29312,0,57,186,1758754955,1758754955,937280,0
183,1117376,63040,374016,0,4608,16640,360512,78912,219648,174528,942848,7296,1216,355008,0,1920,3200,157568,106432,1088,0,0,21568,0,56,188,1758754955,1758754955,926208,0
184,1116928,62464,374592,0,3072,37952,362752,78656,197440,151872,965056,7488,1344,357376,0,1728,3264,158080,106944,1024,0,0,21696,0,56,188,1758754955,1758754955,927104,0
185,1117120,62848,371328,0,3200,16576,351616,79104,232448,187712,929408,7424,1344,346240,0,1792,3200,160768,107328,1088,0,0,22272,0,56,188,1758754955,1758754955,912832,0
186,1117312,63104,366144,0,3136,16832,355392,78976,233728,188416,928896,7488,1344,350208,0,1856,3200,158976,106048,1088,0,0,21632,0,88,281,1758754955,1758754955,912064,0
187,2237376,1132160,368896,0,135424,16256,367744,84224,132672,86464,2150912,7360,1344,362240,0,1856,3072,164672,106944,1088,0,0,21824,0,231,603,1758754955,1758754955,2134656,0
188,1117312,174208,370368,0,5376,16512,363968,85440,101440,56384,1060928,7360,1216,358720,0,1664,3264,161728,106304,1152,0,0,21760,0,394,969,1758754955,1758754955,1044416,0
189,1116800,175232,373760,0,3904,16128,394432,83712,69632,24384,1092416,7808,1280,389056,0,1728,3136,163968,107136,1216,0,0,21888,0,440,1058,4145381673,4145381673,1076288,0
190,1117184,209216,376128,0,1920,16128,378432,84992,50368,5376,1111808,7552,1408,373056,0,1920,3008,162368,108032,1088,0,0,21760,0,464,1130,4145381673,4145381673,1095680,0
191,1677376,223616,376768,0,1856,16320,378240,86912,593664,548416,1128960,7872,1344,372928,0,1728,3264,162112,107136,1024,0,0,22336,0,510,1272,4145381673,4145381673,1112640,0
192,1117184,218432,369792,0,1920,16640,377408,86400,46592,960,1116224,7872,1344,371968,0,1920,3136,160384,107392,1216,0,0,21440,0,583,1401,4145381673,4145381673,1099584,0
193,1117056,216576,375360,0,1984,16064,374208,86976,45888,1024,1116032,7744,1280,369088,0,1856,3392,159232,107520,1088,0,0,21824,0,590,1406,4145381673,4145381673,1099968,0
194,1677504,217856,374656,0,1920,16320,378432,86976,601344,554560,1122944,7424,1344,373184,0,1920,3136,164096,106048,960,0,0,22464,0,598,1424,4145381673,4145381673,1106624,0
195,1677312,218432,376576,0,1984,16768,375232,84992,603328,557568,1119744,7552,1472,369664,0,1920,2944,163840,107456,1216,0,0,20992,0,599,1431,4145381673,4145381673,1102976,0
196,1116928,218752,369152,0,1920,16896,364608,86336,59264,13376,1103552,7680,1344,359168,0,1856,3072,160640,108352,1216,0,0,21760,0,605,1446,4145381673,4145381673,1086656,0
197,1678848,228416,370816,0,3200,66304,763072,120576,126464,31104,1647744,7808,1536,522048,70336,1856,3264,237248,108224,1152,0,0,22016,0,606,1457,4145381673,2003438255,1581440,0
198,1677568,170880,371776,0,3136,24000,518464,101632,487680,439616,1237952,7808,1344,512768,134912,1792,3200,311616,106560,1216,0,0,21824,0,600,1449,1796536787,1859989739,1213952,0
199,1677312,171648,374976,0,3200,23744,518976,101056,483712,435968,1241344,7872,1344,513216,134208,1664,3392,311616,107072,1088,0,0,21952,0,590,1437,2228755431,3267043143,1217600,0
200,2237440,399680,371200,0,3072,23808,745152,102400,592128,544128,1693312,8960,1344,739328,134336,1728,3328,510976,131136,1216,0,0,22592,0,590,1439,3082733638,4085055694,1669504,0
201,1677568,196480,372672,0,3200,23936,522560,101248,457472,409856,1267712,8896,1408,516928,134464,1856,3328,294016,126656,1088,0,0,22016,0,591,1445,2454402790,1712131398,1243776,0
202,1677376,172928,373568,0,3136,23424,519488,101312,483520,436224,1241152,9088,1344,513792,132800,1792,3200,290432,127232,1088,0,0,21824,0,591,1451,3831969694,3860519702,1217728,0
203,1677248,171968,369920,0,119040,24000,498816,101696,391808,344384,1332864,8704,1472,492992,108032,2048,3072,264896,128320,1088,0,0,22208,0,590,1446,3116237502,91245598,1308864,0
204,1677312,170688,370176,0,3072,23808,456128,101824,551616,503488,1173824,9152,1216,450368,70848,1856,3072,226496,128000,1024,0,0,22144,0,590,1451,3231162518,109152830,1150016,0
205,1677312,171264,372992,0,3264,24512,457024,100864,547392,499072,1178240,9024,1280,451392,72000,1920,3072,227072,128256,1152,0,0,22144,0,588,1448,2305330870,2689341974,1153728,0
206,1677184,171840,373504,0,3264,23872,456448,102464,545792,498496,1178688,8832,1472,450624,71232,1728,3200,226496,128128,1216,0,0,22464,0,585,1438,2514034094,274192966,1154816,0
207,1677248,171328,374272,0,3200,45376,458560,102144,522368,474944,1202304,8896,1344,452800,71424,1792,3072,230016,127168,1152,0,0,22336,0,585,1434,3942708494,3257691502,1156928,0
208,1677056,170944,371008,0,3200,24128,460672,101824,545280,498176,1178880,8832,1280,454912,71808,1920,3136,231360,127808,1088,0,0,21696,0,587,1436,2524200054,1599849902,1154752,0
209,1677248,171008,370240,0,3264,24064,469184,101440,538048,491136,1186112,8896,1344,463424,71872,1792,3264,237760,129792,1216,0,0,22336,0,588,1436,822094102,2493009782,1162048,0
210,1677568,171264,373312,0,3200,23424,456896,101568,547904,500096,1177472,9408,1344,451136,70784,1728,3136,227136,128128,1152,0,0,22272,0,587,1433,1911058750,465232454,1154048,0
211,1677312,171264,374592,0,3200,23872,455168,101888,547328,500352,1176960,8896,1344,449600,70400,1856,3136,225664,127872,1216,0,0,22080,0,588,1433,662458782,3316636670,1153088,0
212,2237632,234048,369216,0,3264,24064,1116992,110528,379520,331904,1905728,9088,1408,1111424,89984,1856,3264,877184,137408,1088,0,0,31232,0,603,1465,3677719357,445261003,1881664,0
213,1677312,194304,321856,0,3200,23936,795072,115520,223424,176000,1501312,8640,1344,789312,87936,1792,3136,553024,138560,1280,0,0,35904,0,599,1462,2429204482,632551248,1477376,0
214,1677120,200512,324032,0,5248,24256,511680,114304,497088,450240,1226880,8832,1472,505728,116288,1792,3264,279040,129152,1024,0,0,34368,0,606,1462,1726086128,2910894648,1202624,0
215,1677440,171136,322880,0,3904,24128,546368,116096,492928,445056,1232384,9024,1344,540672,147776,1792,3136,314048,128064,1280,0,0,35840,0,620,1490,3648413756,2395159700,1208256,0
216,2237504,733184,323520,0,1920,24192,708480,143104,303104,256064,1981440,9152,1344,702656,149760,1856,3200,473664,130624,1280,0,0,61440,0,613,1493,2159017355,3862297445,1957248,0
217,2237632,216128,324352,0,117440,46016,1268288,148608,116800,68224,2169408,9344,1344,1262592,155200,1920,3008,1019328,142144,1216,0,0,68096,0,611,1498,3375295939,1631699336,2123392,0
218,1677248,190336,323520,0,5312,24320,539392,121984,472384,425472,1251776,8704,1408,533568,148160,1792,3264,304640,128384,1152,0,0,41664,0,619,1508,2234859856,121902717,1227456,0
219,1677312,191040,320576,0,3840,23936,543360,122624,471936,424768,1252544,9152,1280,537856,147904,1856,3200,306880,130816,1088,0,0,42176,0,624,1511,3469452444,3107614207,1228608,0
220,1677248,175872,322176,0,1856,23936,557248,130432,465728,418112,1259136,9216,1408,551488,147648,1984,2880,308352,143424,1088,0,0,51264,0,621,1498,295914471,2396177026,1235200,0
221,2237568,212096,323840,0,3392,24192,1214336,254016,205696,158208,2079360,9728,1408,1208448,152192,1856,3136,915520,179648,1216,50624,66816,51648,0,639,1554,3147202254,2190797691,2055168,0
222,1677056,189888,323392,0,3392,23744,613504,252608,270528,223232,1453824,9664,1408,607488,159680,1792,3072,341376,147712,1024,51392,67072,47552,0,629,1535,4106756563,2966891584,1430080,0
223,1677312,175552,322816,0,3520,23616,702080,252800,196928,149312,1528000,10304,1344,696192,165184,1856,3072,420352,156416,1152,50880,67072,49152,0,629,1538,1940892839,1431410885,1504384,0
224,1677248,189312,321664,0,5632,23808,595008,245376,296448,249216,1428032,9920,1408,589312,161472,1920,3200,325120,145152,1088,51712,67776,41344,0,630,1536,3224674280,2648082024,1404224,0
225,1677440,192064,325184,0,5824,24000,632576,303680,194112,146432,1531008,9728,1472,626624,164928,1920,3264,335040,169216,1280,52096,129600,34816,0,649,1580,2551251025,1318112643,1507008,0
226,1677248,175104,323328,0,3328,23424,600576,304448,247040,199168,1478080,9728,1472,594816,163904,1920,3264,322112,146624,1152,51584,130368,35328,0,647,1582,1627025098,2572330619,1454656,0
227,1677120,189440,324928,0,3328,58560,599488,243584,257792,209984,1467136,9856,1408,593600,163200,1856,3136,321728,145792,1152,52416,67328,35264,0,632,1537,733044181,2882410035,1408576,0
228,1675904,191424,323200,0,3264,16576,621504,245376,274560,228864,1447040,9792,1344,615488,163904,2048,3136,352000,146240,1344,51648,66944,44800,0,635,1547,1549351965,3869638886,1430464,0
229,1677376,175040,322944,0,3392,16512,658752,316096,184640,138368,1539008,9792,1536,652864,165248,1984,3328,348928,179200,1088,51712,130304,48576,0,651,1598,2546329672,1952252936,1522496,0
230,1676928,189376,324480,0,5568,16192,599424,309120,232768,186432,1490496,10112,1408,593792,162624,1856,3136,319040,145344,1152,51840,130816,40768,0,657,1618,3511425518,1655730739,1474304,0
231,2237568,204160,323136,0,120128,16512,891136,237888,444608,397760,1839808,9792,1408,885440,166400,1856,3072,608896,149760,1216,51584,67840,35456,0,646,1562,3815097388,2636410699,1823296,0
232,1677504,174528,324544,0,5632,16448,600960,235328,320064,274240,1403264,10304,1344,595200,164352,1856,3072,330880,146816,1088,51520,67648,35008,0,651,1561,4036983138,758615644,1386816,0
233,2237376,247744,323840,0,3136,16256,767296,301696,577408,531584,1705792,9792,1280,761536,167808,1728,3136,468608,171072,1280,51648,130688,34304,0,658,1586,3449656952,2942048783,1689536,0
234,2237504,258240,325120,0,3136,16768,776960,312000,545280,498688,1738816,9600,1344,771008,167744,1792,3264,497856,146432,1280,51456,130752,43904,0,644,1571,1136711484,2890519868,1722048,0
235,1677440,174912,325184,0,3200,16960,624640,251392,281152,235200,1442240,9984,1344,618688,164032,1792,3072,336256,156416,1088,52416,67520,48192,0,632,1550,1297735752,2951748133,1425280,0
236,1677696,208896,322432,0,5440,38400,604864,243200,254464,208192,1469504,10112,1344,598976,164160,1792,3136,333632,145344,1088,51968,67200,41088,0,631,1547,985106271,1375736904,1431104,0
237,2237504,206528,322048,0,4608,16000,884608,301632,502080,455552,1781952,10048,1344,878784,165312,1792,3200,585088,169344,1088,50944,130496,35712,0,660,1596,2616775935,4241219660,1765952,0
238,1676800,174080,322496,0,3072,16128,601216,302592,257216,211072,1465728,9920,1344,595456,163328,1984,3136,323392,145472,1152,51456,131264,36160,0,655,1586,513780423,2341496663,1449600,0
239,2237504,214144,323648,0,3136,16576,848896,237632,593472,546176,1691328,9920,1344,842944,163904,1920,3136,572800,145664,1216,51328,67072,35648,0,631,1526,176859413,606751381,1674752,0
240,1677376,190912,322048,0,3264,16448,618432,247744,278528,232128,1445248,9728,1280,612672,165376,1920,3072,350144,146176,1152,52160,67520,44800,0,632,1523,1116053518,748331552,1428800,0
241,1677248,175744,324160,0,3328,16320,652928,316864,187904,141696,1535552,9920,1408,647040,165568,1856,3328,344064,178752,1152,51392,130496,49728,0,649,1577,1710808204,1994712397,1519232,0
242,1677312,189376,323584,0,5440,16576,601920,308416,232000,185280,1492032,9792,1408,595776,163008,1984,3200,319168,147328,1216,51968,130240,41728,0,651,1578,2492966544,538763566,1475456,0
243,1677184,190784,320832,0,5824,16576,600064,236992,306112,259712,1417472,9984,1216,594368,164160,1856,3136,323840,145024,1152,51520,67136,35328,0,632,1516,203762938,1196709178,1400896,0
244,1677440,181632,321920,0,3136,15872,599488,235520,319872,272384,1405056,10048,1280,593664,163776,1920,3072,328448,147520,1152,51712,67456,35072,0,629,1508,994819405,1259617803,1389184,0
245,1677056,189056,323904,0,118720,16320,633984,302528,92544,45632,1631424,10112,1344,627968,164736,1792,3200,336384,169408,1088,51968,130112,35712,0,646,1565,2879348259,3479252981,1615104,0
246,1677504,191808,324416,0,3264,38208,628672,310400,180736,132736,1544768,9600,1344,622912,165696,1728,3136,349504,147328,1088,51392,129344,44608,0,644,1562,2995075664,3082353738,1506560,0
247,1677376,175808,321664,0,3264,16512,620736,251136,288256,241472,1435904,9728,1344,615040,163904,1856,3200,332160,157056,1280,51904,67456,49152,0,626,1515,1983825956,781541772,1419392,0
248,1677440,190784,322240,0,5632,16704,595392,243328,303360,256384,1421056,9984,1344,589504,163136,1984,3200,324288,145344,1024,51456,67584,41280,0,628,1518,757864382,2062118025,1404352,0
249,1677248,192000,324864,0,5888,16768,634304,302016,201408,153216,1524032,9920,1408,628480,164224,1728,3200,335936,168704,1216,51968,130624,35648,0,645,1569,2683079460,4259539894,1507264,0
250,1677248,175424,323712,0,3200,16128,599040,301504,258240,211328,1465920,9984,1280,593152,163776,1856,3136,321088,146048,1088,51136,130432,35584,0,641,1563,3284484394,3330370895,1449792,0
251,1677440,189568,323648,0,3200,16704,603392,237568,303360,254784,1422656,9664,1344,597824,164608,1984,3200,328128,145216,1344,51520,67264,35968,0,622,1514,167525697,207521760,1405952,0
252,1677696,190336,323136,0,3136,16256,623488,244928,276416,227264,1450432,9472,1408,617664,166656,1984,3520,353216,147200,1216,51584,67136,43776,0,624,1515,3539964619,2724035769,1434176,0
253,1676992,174592,324928,0,3392,16768,676992,315584,164736,117184,1559808,9792,1408,671104,184768,1792,3136,369792,178240,1152,52352,129600,47808,0,641,1569,1428125445,3564933969,1543040,0
254,1677248,190464,324608,0,5568,16320,607040,306752,226496,178048,1499200,9728,1408,601152,165696,1856,3072,327296,144768,1152,51648,130048,41280,0,639,1562,1114414345,4124499861,1482880,0
255,1677248,190464,324416,0,5696,16320,610624,236352,293376,244032,1433216,9984,1280,604800,169088,1920,3008,331904,146240,1152,51712,67840,34752,0,623,1508,3564401080,1321794753,1416896,0
256,1677440,175360,322112,0,3200,16768,632832,235968,291200,242176,1435264,9728,1408,627200,200384,1920,3136,363264,147136,1024,51648,67392,34368,0,622,1503,4091273534,2199829461,1418496,0
257,1677504,189248,324288,0,3136,47552,641600,301376,170304,130048,1547456,9792,1344,635776,171968,1984,3328,345408,168768,1024,51776,130752,34240,0,618,1489,4014374471,199131615,1499904,0
258,1677248,190784,324352,0,3264,5504,630336,307136,215872,175680,1501568,9984,1344,624768,171648,1792,3392,355712,146816,1152,51200,130432,43136,0,618,1487,2772225691,4238918420,1496064,3
259,1677504,175104,329856,0,3264,5184,653056,248896,262144,222080,1455424,9920,1472,647168,194560,1984,3200,368704,156928,1280,52608,66944,48832,0,600,1436,3610841071,3801207848,1450240,0
260,1677120,191232,322432,0,82368,5056,641344,239040,195648,155520,1521600,10176,1536,635328,212416,1856,3136,375488,145024,1152,51840,67520,40192,0,603,1437,754154110,2888646518,1516544,0
261,1677120,190592,322752,0,5824,5376,646016,297920,208640,168896,1508224,9536,1408,640192,179648,1792,3392,352256,169728,960,51008,129856,35584,0,622,1486,1908634771,4098338476,1502848,0
262,1677440,175424,324288,0,3264,5376,636032,298624,234432,194624,1482816,9920,1408,630144,201024,1728,3136,362624,146240,1088,51648,130304,35136,0,617,1476,259891359,1123459908,1477440,0
263,1677312,190336,322752,0,3200,5376,635072,233536,287040,247296,1430016,9792,1344,629312,201280,1920,3200,363712,146496,1024,51136,67712,35328,0,600,1429,1506735334,2943382309,1424640,0
264,1677248,228224,323008,0,5376,5120,769088,241856,104576,65152,1612096,9920,1472,763136,211008,1792,3328,501376,149888,1152,51264,67456,44096,0,591,1419,525045410,3450341017,1606976,0
265,2237696,211584,322560,0,3200,26752,842240,313856,517504,476992,1760704,9600,1344,836352,208704,1920,3264,535616,181568,1152,51968,130112,49728,0,611,1468,2572880403,2514106247,1733952,0
266,1677376,189568,323328,0,5376,5312,649216,303936,200640,160128,1517248,9792,1344,643712,214208,1728,3200,374400,146176,960,51968,130496,41216,0,611,1470,1820823143,108356482,1511936,0
267,1677376,202112,323776,0,4032,5376,659008,233408,249664,209472,1467904,9536,1280,653056,221760,1792,3136,386304,146432,1152,51712,67776,35008,0,586,1394,232124811,1469116789,1462528,0
268,1677248,174400,323968,0,1920,5568,557824,234048,379520,340096,1337152,9408,1472,552000,133312,1920,3072,295232,145536,1280,51648,68160,34944,0,599,1409,3078533167,873658708,1331584,0
269,1677312,189056,323648,0,1856,5184,583040,296512,278016,238080,1439232,9664,1408,577216,110592,1920,3328,291328,168640,1152,51776,129088,34560,0,606,1456,1670124548,3366848027,1434048,0
270,1676992,207680,324160,0,1856,5376,782272,307584,48064,8512,1668480,9408,1472,776448,105600,1856,3200,509632,146176,1088,51648,129792,44224,0,610,1463,3893198191,2689686515,1663104,0
271,1677504,203392,322688,0,3136,5568,697792,245952,198976,158976,1518528,9728,1408,691968,90496,1856,3392,412352,158272,1024,51264,67392,48640,0,593,1417,3255653473,2331400021,1512960,0
272,1677184,189440,326208,0,5312,5504,541696,239488,369536,329664,1347520,9856,1408,536000,118528,1984,3200,274624,148096,1216,51904,67648,40768,0,596,1414,2918618426,3537596967,1342016,0
273,1677248,204096,330560,0,5632,5504,728768,298496,104192,64640,1612608,9600,1216,723008,109248,1920,3072,428544,176512,1088,51840,129984,33600,0,615,1462,258398146,3554157923,1607104,0
274,1677376,175424,324160,0,117696,5632,556992,297408,200064,159808,1517568,9792,1408,551168,126272,1856,3136,277696,152832,1152,51328,129920,34304,0,608,1451,1852298989,4288980962,1511936,0
275,1677696,213056,322688,0,1792,26752,729280,233088,151040,110784,1566912,9792,1344,723584,137600,1984,3072,296704,307840,1216,51328,67648,34112,0,597,1422,3320699004,4075293710,1540160,0
276,1676864,191168,322240,0,1920,5312,587520,243008,325696,285568,1391296,9280,1280,581760,131776,1792,3136,318400,151936,1280,51584,67648,43392,0,599,1433,2739821532,1699270455,1385984,0
277,1677504,175488,320512,0,3200,5184,645696,314432,212992,172992,1504512,9472,1472,639872,154496,1792,3200,337536,184448,1216,51840,130880,48256,0,620,1491,333845554,2939657524,1499328,0
278,1677248,212608,323648,0,5376,5312,683328,251072,195904,156416,1520832,9280,1280,677504,111168,1984,3136,413760,142912,1152,192,130304,41152,0,622,1494,326729362,2515986762,1515520,0
279,1677376,235328,322816,0,5504,5248,771264,179904,157312,117888,1559488,8960,1344,765376,20800,1920,3072,506880,143936,1088,128,67136,35584,0,610,1437,3640543385,3270152704,1554240,0
280,1676992,175808,321088,0,1984,5504,431104,180160,561344,522432,1154560,8896,1344,425408,27840,1984,2880,182400,137152,1088,64,66752,34816,0,614,1445,1057608599,2891086240,1149056,0
281,1677568,216512,322432,0,2496,5312,757056,180352,193408,154048,1523520,9280,1344,751168,29440,1920,3072,507008,138432,1152,128,67392,35200,0,610,1444,966825897,1070129749,1518208,0
282,1677440,289600,323584,0,3200,5248,791424,194176,70208,30464,1646976,9152,1344,785600,2112,1984,3072,547904,131520,1280,64,67456,48512,0,611,1445,1389221138,3467422472,1641728,0
283,1116992,176256,322304,0,3136,5504,441728,119104,48960,9536,1107456,8704,1280,436096,50560,1792,3136,201280,131648,1152,0,0,44480,0,581,1381,2880644022,1191024049,1101952,0
284,1117184,177344,321792,0,5440,5376,389568,106048,111616,72576,1044608,8512,1344,383680,1344,1856,3136,157376,131584,1344,0,0,33344,0,583,1378,690839115,765601531,1039232,0
285,1117184,177664,322560,0,5376,5568,387008,96512,122496,83264,1033920,8576,1280,381248,1536,1792,3136,156736,131392,1152,0,0,21504,0,587,1390,4206282146,1033435813,1028352,0
286,1677376,202240,324544,0,4608,26880,886592,108416,124096,84288,1593088,89280,1408,880704,1792,1920,36416,515648,158656,1152,0,0,33152,0,580,1366,4041047709,3836693897,1566208,0
287,2237504,252224,322944,0,3456,25920,933312,155264,544384,504768,1732736,189056,1344,927552,2368,1920,27200,466112,161792,1152,0,0,46336,0,580,1381,3348754897,2376685761,1706816,0
288,2797568,256192,322816,0,4544,28736,1405312,321152,458816,419456,2378112,395520,1408,1399488,108096,1792,214656,544896,156416,1088,128,181888,43264,0,575,1374,1504207174,2719282068,2349376,0
289,1677248,217408,323712,0,151552,25536,416512,306688,235840,196224,1481024,14272,1344,410752,29696,1664,3200,145920,148928,1088,128,171008,40128,0,572,1366,2450844628,1699205731,1455488,0
290,1677632,317568,322624,0,6720,26432,454272,341312,208704,157376,1520256,14144,1408,448384,56832,1728,3008,181376,151104,1088,128,214528,32448,0,549,1355,1199247927,2204813087,1493824,0
291,1677120,313856,321920,0,4608,26176,414080,317568,278912,239552,1437568,14656,1344,408320,57600,1728,3136,146496,149824,1088,64,204992,33920,0,546,1351,1594248958,1043270846,1411392,0
292,1677440,227648,321152,0,3328,5632,788480,209792,121408,82176,1595264,85952,1280,782976,125952,1664,3072,446976,154624,1216,64,83648,49024,0,547,1359,1002671725,3359852647,1589632,0
293,1677056,195136,322048,0,3136,5824,594688,355072,201152,162112,1514944,173248,1408,588736,79488,1664,2944,161408,152064,1216,128,206016,70720,0,551,1365,3363545413,1193782439,1509120,0
294,2237696,232064,322432,0,3264,5504,1212608,404032,57792,18368,2219328,95424,1408,1206656,58816,1920,36352,503552,473920,1280,192,272768,51328,0,573,1429,2048200652,2802625618,2213824,0
295,1677504,204480,323648,0,3392,26624,474944,401344,243072,203328,1474176,8768,1344,469248,31040,2048,17152,183424,145664,1216,256,271808,49280,0,570,1412,4148093858,4220290576,1447552,0
296,1677056,165632,320512,0,3392,5504,467008,374784,340224,301056,1376000,8704,1408,461248,42048,1856,3456,193728,145024,1280,256,245952,48320,0,564,1395,978885618,1417436399,1370496,0
297,1677632,163776,324544,0,3456,5376,437568,206080,536832,497408,1180224,8832,1344,432064,2176,1920,3456,166656,145536,1088,128,67072,58880,0,567,1410,1488062625,3741239147,1174848,0
298,1677056,164608,322624,0,3328,5440,471168,200064,509824,470784,1206272,8256,1408,465408,56384,2048,3392,207360,145792,1088,128,67008,56256,0,555,1382,2601843023,1539107150,1200832,0
299,1677440,164736,326080,0,3264,5568,473344,202240,502208,463104,1214336,8896,1344,467584,57152,1920,3392,207936,145728,1024,128,66880,56640,0,567,1405,1061422775,68638424,1208768,0
300,1677056,164672,322496,0,3328,5760,471168,122048,587584,548416,1128640,8640,1472,465216,56512,1920,3200,204416,145088,1088,0,0,46912,0,554,1367,603356098,3530839809,1122880,0
301,1677440,164288,322112,0,3392,5376,463360,123584,595328,555520,1121920,9280,1344,457600,56192,1856,3520,209280,146560,1216,0,0,48384,0,551,1355,2951777769,70084163,1116544,0
302,1677056,165184,319808,0,3200,5568,469312,122816,591168,552000,1125056,8640,1344,463552,56704,1728,3264,212672,149824,1152,0,0,47360,0,549,1357,2220364182,1046630589,1119488,0
303,1677504,163136,323008,0,137088,5440,478784,132928,437120,397504,1280000,9024,1408,472896,55744,1728,3328,239872,132288,1152,0,0,56832,0,540,1336,2912940315,701927233,1274560,0
304,1677248,242240,321408,0,5568,5376,692864,131328,278464,239424,1437824,8960,1472,686848,1472,1792,3328,450944,134400,1152,0,0,54976,0,547,1351,2206363421,3180022573,1432448,0
305,1677760,220224,323328,0,4608,5440,581824,130688,411648,371840,1305920,8512,1280,576128,2048,1856,3264,344832,130304,1216,0,0,54848,0,547,1350,3946624046,4206360996,1300480,0
306,1117184,162112,322944,0,3200,27136,391168,124864,85760,46144,1071040,9024,1344,385472,2304,1984,3392,153280,130304,1152,0,0,48512,0,556,1364,51439687,2341187237,1043904,0
307,1116992,163264,322752,0,3328,5568,422272,114560,85248,46272,1070720,9088,1408,416448,29376,1920,3328,185536,130176,1216,0,0,39232,0,559,1368,3470234647,1015850120,1065152,0
308,1117184,164032,327616,0,3200,5504,436992,115968,63872,24640,1092544,9024,1408,431104,21824,1856,3456,174208,130368,1152,0,0,38848,0,566,1375,2970764910,1427980140,1087040,0
309,1117056,163456,328128,0,3264,5568,416896,105536,94208,55296,1061760,8256,1408,411136,1408,1856,3328,168448,131392,1216,0,0,31040,0,566,1372,3376765811,2063679564,1056192,0
310,2237696,733440,329088,0,3264,5312,609536,104256,452800,413184,1824512,8704,1344,603712,2240,1792,3328,365056,133376,960,0,0,29376,0,560,1369,2931616340,2016949179,1819200,0
311,1677312,179008,326464,0,3200,5440,890112,127680,145408,106240,1571072,328832,1344,884160,29888,1728,3904,309568,146752,1216,0,0,50688,0,561,1384,1457846724,3225299199,1565632,0
312,1677248,213376,328896,0,3456,5568,827328,113664,184960,145600,1531648,95744,1344,821568,1472,1792,36608,420416,173056,1152,0,0,38656,0,553,1367,1668044079,4089584943,1526080,0
313,1677440,216384,329280,0,3584,5632,623040,125760,373760,334592,1342848,197888,1280,617344,1408,1792,26752,118848,177344,1152,0,0,49536,0,556,1381,66399506,1992541303,1337216,0
314,2237504,232128,331008,0,3584,25728,990528,298496,356032,316416,1921088,191744,1280,984832,2368,1856,215680,309184,171904,1152,128,171712,48256,0,548,1363,687927167,1993869450,1895360,0
315,1677248,217536,321088,0,5824,26432,372864,302208,431296,392000,1285248,20992,1344,367104,25792,1600,2880,79360,165056,1216,64,171200,52416,0,548,1368,2799625373,446249229,1258816,0
316,1677440,190784,321856,0,4800,26368,446144,331456,356032,316544,1360896,21120,1408,440256,60160,2048,3072,141440,174848,1152,64,205376,47488,0,545,1366,2004323007,3582145473,1334528,0
317,1677504,204800,322304,0,5824,47680,381376,324800,390720,351424,1326080,21312,1408,375744,1920,1536,3008,82816,173888,1024,64,205120,39488,0,547,1366,126682159,3145379961,1278400,0
318,1677056,217216,329088,0,4800,5568,421120,202560,496704,457472,1219584,21312,1344,415360,22464,1664,2880,103104,173120,1280,128,84224,40192,0,544,1357,2543618819,1119231504,1214016,0
319,1677440,184960,328896,0,148032,5504,566080,317504,126464,87296,1590144,103424,1344,560256,2304,1920,21824,149504,178496,1152,128,205440,34176,0,544,1357,3675988265,428593744,1584640,0
320,1677312,202368,325312,0,3392,5376,707456,304512,128896,89024,1588288,246656,1472,701760,28992,1792,7360,173056,168064,1280,128,205312,21568,0,554,1361,1022522255,2420730213,1582912,0
321,1677056,177600,327552,0,3328,5440,747008,314752,101376,62464,1614592,246912,1408,741184,49984,1984,3264,217664,167296,1216,128,205120,31808,0,551,1361,2496827824,3579107054,1609152,0
322,1677376,164224,326080,0,3328,5312,650560,287232,240640,201344,1476032,165568,1472,644864,54016,1856,3264,202880,166144,1152,128,178752,30144,0,543,1352,318310939,1743835847,1470720,0
323,1677312,178048,326720,0,3264,5376,649536,95616,418752,379072,1298240,166208,1344,643776,57856,1792,3072,206208,165568,1216,0,0,20992,0,542,1344,1615219661,3664340549,1292864,0
324,1677440,179072,326272,0,3328,5248,644864,96320,422336,382976,1294464,166528,1408,638912,57344,1920,3200,207808,166720,1088,0,0,21632,0,545,1350,1543265719,4145829202,1289216,0
325,1677184,266368,321152,0,3328,5504,552960,97536,430336,391232,1285952,79680,1344,547328,57216,1920,3072,230208,154752,1088,0,0,21376,0,532,1324,558354069,1203383182,1280448,0
326,1117056,179648,323904,0,3200,5376,448960,95104,60864,21760,1095296,8576,1408,443200,57344,1856,3136,204928,146432,960,0,0,21248,0,533,1332,4175497108,2608014774,1089920,0
327,1677504,179904,321472,0,3392,5504,527808,107008,532416,492928,1184576,8640,1408,521984,113024,1792,3136,282624,146560,1216,0,0,31936,0,549,1354,1854362158,1021106953,1179072,0
328,1677440,163776,321728,0,3264,27072,530240,103040,528320,488576,1188864,8832,1280,524544,132864,1728,3200,286912,144640,1280,0,0,28352,0,548,1349,2127257133,44829187,1161792,0
329,1677184,237696,321600,0,4352,5312,678528,96832,332864,293504,1383680,8832,1344,672960,112320,1984,3200,423744,155712,1408,0,0,21376,0,534,1318,1080207776,728572226,1378368,0
330,1677568,180608,322624,0,5504,5504,496448,95360,571520,532032,1145536,9152,1344,490560,109568,1792,3200,265920,132224,1216,0,0,20672,0,526,1305,3319384869,3184933260,1140032,0
331,1677312,163968,324672,0,4544,5632,499200,95488,583808,544320,1132992,8896,1344,493568,112384,1920,3136,268800,133248,1024,0,0,21376,0,528,1312,3306437704,2014018280,1127360,0
332,1677248,237760,321408,0,3200,5440,676416,96768,336256,297088,1380160,8832,1280,670720,140288,1920,3200,444352,134976,1088,0,0,21312,0,538,1328,2778402468,3813653663,1374720,0
333,1117120,178368,321984,0,3200,5376,455872,106688,45632,6592,1110528,8832,1344,450048,59328,1792,3072,225472,132160,1216,0,0,31232,0,542,1339,1210175748,2110286458,1105152,0
334,1677184,164096,320192,0,122624,5504,445376,104512,514880,475776,1201408,9280,1280,439872,59648,1920,3008,215296,131200,1088,0,0,29312,0,541,1334,3221099109,2635415895,1195904,0
335,1117312,178496,322496,0,3200,5504,436800,95616,75200,36160,1081152,8832,1344,431104,59200,1920,3072,208064,130368,1088,0,0,20992,0,542,1335,93126224,2086242704,1075648,0
336,1117184,178752,321728,0,3264,5376,434304,96128,77632,38592,1078592,9344,1472,428544,56768,1984,3072,206976,129472,1088,0,0,21056,0,547,1345,2270828809,938777252,1073216,0
337,1117376,163776,322432,0,3264,5440,376128,96320,150016,110464,1006912,8896,1280,370496,2240,1792,3328,148288,131008,1344,0,0,21760,0,550,1350,2233620736,3327029557,1001472,0
338,1116992,178624,320320,0,3264,5312,373248,95616,140608,101312,1015680,8960,1344,367616,2432,1856,3264,145792,130944,1152,0,0,21184,0,549,1347,260235749,984539894,1010368,0
339,1677184,202816,321152,0,3072,5248,633088,106944,404864,365632,1311552,9216,1408,627392,23168,1856,2944,403456,131008,1024,0,0,31360,0,553,1355,1047664495,975266387,1306304,0
340,1117248,163072,322240,0,3072,26752,403136,105216,93760,54592,1062656,8960,1216,397376,28864,1792,3200,171968,132544,1280,0,0,29120,0,557,1366,3293124389,4069429020,1035904,0
341,1117056,178112,322944,0,3200,5376,408576,96960,101888,62656,1054400,9088,1280,403008,29056,1792,3200,180224,129920,1088,0,0,21632,0,555,1361,3712108943,1261697021,1049024,0
342,1117184,177344,322368,0,3200,5504,380096,95296,133376,94144,1023040,9152,1408,374272,1472,1920,3328,150592,131904,1216,0,0,21056,0,552,1357,619046727,2558812198,1017536,0
343,1677440,218304,320768,0,4352,5440,959552,117760,51264,11520,1665920,88896,1280,953664,1472,1792,35904,585664,163328,1088,0,0,41792,0,557,1373,932762872,4276212565,1660480,0
344,1677248,210048,321664,0,5504,5568,627456,122560,384448,345152,1332096,188800,1344,621824,1536,1856,27136,166464,156800,1216,0,0,46016,0,558,1381,2440502726,79577880,1326528,0
345,1677248,203584,322304,0,4800,5568,612160,120384,408448,369024,1308224,188096,1344,606464,1536,1856,27328,150080,156864,1216,0,0,44416,0,551,1378,1970607418,3248151251,1302656,0
346,1677376,212416,321856,0,4352,5632,568896,117376,446848,407424,1269952,9216,1344,563136,1664,1728,38208,301568,131648,1088,0,0,40832,0,545,1357,1837567050,3775165241,1264320,0
347,1117376,205504,321600,0,5440,25792,381312,110464,67264,27904,1089472,8640,1280,375552,1920,1664,3072,149696,132352,1088,0,0,33600,0,558,1388,3823468973,3461236373,1063680,0
348,1117120,163776,321536,0,4544,5312,406848,109696,105408,65792,1051328,8576,1472,400832,27456,1728,3136,178112,130304,1152,0,0,33408,0,557,1377,2356236272,312373448,1046016,0
349,1677184,205440,323584,0,3136,5568,557376,124032,458048,418880,1258304,95424,1344,551680,1792,1600,36352,178240,160000,1024,0,0,48192,0,572,1406,1020752568,4009191327,1252736,0
350,2237632,235200,323648,0,3520,5504,1441472,125952,102336,63104,2174528,371008,1344,1435520,3136,2752,10816,791424,176064,1152,0,0,50880,0,551,1378,2903382,3430317731,2169024,0
351,1677440,211264,322496,0,3520,5184,609024,123648,402304,362624,1314816,201792,1408,603136,2560,3648,13184,152384,148800,1280,0,0,48832,0,545,1371,2204944819,3251765767,1309632,0
352,1677440,203968,321280,0,151232,26880,674048,113216,186816,147456,1529984,201664,1344,668224,74752,3712,3200,226368,150144,1088,0,0,38656,0,551,1371,4248622268,1895337848,1503104,0
353,2237184,374080,322688,0,3328,5568,1130176,212800,188544,149504,2087680,180032,1408,1124352,1536,462848,3456,221760,139392,17216,128,96640,38080,0,575,1389,1121557325,2110968906,2082112,0
354,1677376,212672,323072,0,6080,5504,637632,214016,278400,239232,1438144,201664,1344,631744,1344,1920,3264,148032,121600,34752,128,97152,38208,0,586,1408,152661746,1660131542,1432640,0
355,1677376,189696,323328,0,6272,5504,647808,224704,280064,240576,1436800,201664,1408,641728,1728,1984,3072,165056,119616,29056,128,97088,49664,0,604,1429,212900586,3705463278,1431296,0
356,1677248,175296,319488,0,6208,5248,638528,220864,311616,272448,1404800,202624,1280,632832,2048,1792,3328,154560,118784,29376,128,95488,46848,0,589,1399,2640840122,1485281326,1399552,0
357,1677696,189632,321728,0,3840,5248,667712,214592,274944,235328,1442368,202560,1344,662016,28608,1920,3200,182464,118272,29248,128,96832,39616,0,582,1383,1974784783,3049191499,1437120,0
358,3357568,1175296,323968,0,2624,26048,1136256,251904,441472,401984,2955584,422144,1408,1130432,1472,1856,203072,223744,126592,29248,128,96128,76160,0,574,1389,2094796431,166641897,2929536,0
359,1677312,240192,322112,0,3264,26816,757440,139008,188480,149376,1527936,12736,1472,751424,1728,1856,2944,429184,125824,25856,0,0,60032,0,580,1406,1807428307,4035495362,1501120,0
360,1117056,183872,320896,0,3264,26688,336320,134912,111104,71872,1045184,12736,1408,330496,1920,1664,2880,84928,113344,26240,0,0,57984,0,585,1419,3669972488,2754120361,1018496,0
361,1117120,184128,324800,0,3136,5312,377152,136256,86336,47168,1069952,12608,1408,371456,31616,1792,2944,113280,113792,26816,0,0,58304,0,584,1421,2954307175,2875159347,1064640,0
362,1117440,210752,326400,0,3072,26560,340800,133056,76800,37376,1080064,12480,1600,334784,1280,1728,2944,87488,114176,26880,0,0,54912,0,576,1397,3456221821,25658101,1053504,0
363,1677056,208256,322432,0,3136,5440,518272,134464,485056,446208,1230848,92224,1408,512256,2560,1856,3264,156480,128832,26688,0,0,55360,0,578,1391,1239063861,3442844296,1225408,0
364,1677504,186496,322816,0,3136,5312,597632,125376,436736,397568,1279936,158080,1344,591744,26496,1920,3136,181120,127616,27072,0,0,47104,0,577,1376,3351464601,3525991905,1274624,0
365,1677184,176320,323136,0,3136,5440,454976,121664,592512,553152,1124032,8448,1280,449216,50752,1984,2944,207168,110016,27456,0,0,43008,0,574,1376,316446405,47262490,1118592,0
366,1677312,173824,323072,0,119872,5760,495232,122624,436928,394048,1283264,8512,1408,489408,98624,1984,3200,253504,108480,27072,0,0,44032,0,577,1385,2572524444,1389652422,1277504,0
367,1117120,176000,321920,0,3200,5824,456896,109952,43328,4288,1112832,8576,1344,451200,58816,1856,3008,210944,112512,27072,0,0,31104,0,559,1337,2582160055,3734796520,1107008,0
368,1117120,176960,322496,0,3136,5824,444672,108416,55616,16384,1100736,8960,1408,438912,60224,1792,3200,210176,102720,26624,0,0,31040,0,560,1338,1251647969,1468353633,1094912,0
369,2237696,218688,324288,0,3328,26752,993920,176896,493824,454336,1783360,8960,1280,988160,52160,1920,3200,752896,103488,25984,192,66560,29952,0,591,1411,3033830181,465545181,1756608,0
370,1116992,178240,323136,0,3392,5568,394752,169856,42048,2688,1114304,9088,1408,388864,1472,1728,3072,150336,102144,24448,64,67328,22400,0,579,1381,3018211345,3048818526,1108736,0
371,1677504,178752,322560,0,3264,26880,392256,169856,583936,544256,1133248,9088,1408,386624,1920,1856,3136,150912,101248,24000,128,67392,22464,0,581,1388,917294508,923332371,1106368,0
372,2237376,288000,321792,0,3456,5504,856960,169024,592640,552896,1684480,9088,1280,851328,2688,1792,3200,615296,104064,26944,64,67392,22656,0,569,1358,2784368858,4287337302,1678976,0
373,1677184,191168,321664,0,3328,26560,555200,179264,400000,360704,1316480,9216,1344,549568,20608,1984,3264,314944,100800,26816,128,67584,31872,0,579,1385,2832297299,3697929023,1289920,0
374,1677248,175168,324096,0,3456,5376,441792,176576,550784,511680,1165568,8448,1280,436160,52928,1920,3200,201920,100992,26560,64,67456,30400,0,578,1377,140598684,3135965523,1160192,0
375,2797824,1030720,324480,0,3712,5696,988160,196800,248256,208896,2588928,8768,1344,982464,2176,2560,3136,748992,101888,26560,128,93568,22272,0,595,1398,552964960,1505207035,2583232,0
376,1677184,244416,325440,0,6144,5440,544960,179648,371136,331968,1345216,8640,1344,539072,2432,3264,3264,174400,236160,26880,128,78144,22528,0,584,1380,1952796163,2338311633,1339776,0
377,1677312,219136,324480,0,7680,26560,461056,183168,455232,416256,1261056,8256,1408,455296,32832,3264,3072,197312,129088,27392,64,67328,32640,0,593,1392,2875431930,1154735946,1234496,0
378,1677184,220224,325120,0,6144,5824,461312,190848,467712,428288,1248896,8128,1344,455552,53632,3584,3136,218368,106368,27072,128,80960,30464,0,586,1383,1801678080,232048848,1243072,0
379,1677376,241856,324096,0,3840,5696,640384,181696,279808,240384,1436992,8320,1280,634560,2176,3136,3136,377856,127232,27392,128,66368,36288,0,584,1376,978712068,2983867137,1431296,0
380,2237504,271680,325696,0,2624,27200,1039232,211072,360000,320256,1917248,9472,1408,1033792,2240,3392,3136,749760,164032,13440,128,81344,47616,0,609,1423,3154993195,4201519179,1890048,0
381,2237504,323840,322432,0,163136,27328,1007552,307712,85504,45632,2191872,68736,1408,1001536,29248,3648,272768,354816,198848,1088,128,171584,55232,0,570,1371,1878526370,345787428,2164544,0
382,1677312,227136,323968,0,3584,48576,410048,297600,366400,326976,1350336,11392,1280,404224,52032,1728,3072,137472,144576,1216,64,171584,45568,0,565,1358,1887025794,2311165787,1301760,0
383,1676992,213696,322816,0,3584,27392,407552,329792,372160,332800,1344192,11648,1344,401792,53312,1856,2944,137024,144448,960,128,204800,44416,0,571,1374,3769296004,2114881548,1316800,0
384,1677440,222720,324096,0,3520,27264,351872,316480,431488,392512,1284928,11584,1408,345984,2496,1984,2880,84352,146752,1024,128,205248,30656,0,571,1375,3827543623,556475154,1257664,0
385,1677504,223936,321344,0,3520,5504,391872,194880,536448,496768,1180736,11456,1344,386176,49856,1600,3072,134208,143808,1152,128,84288,30912,0,576,1369,1679792139,1277118038,1175232,0
386,1677184,222016,325248,0,3520,5696,447808,317440,355456,315904,1361280,11776,1408,441920,29632,1984,24064,159104,150400,1344,128,205120,31296,0,575,1379,3429133406,318824906,1355584,0
387,1677312,277696,323456,0,5696,5440,488192,327680,249152,210112,1467200,11584,1408,482560,1984,1792,37888,178688,158912,1280,64,204928,41152,0,591,1404,563707940,255623014,1461760,0
388,1677376,210176,323840,0,4800,5632,493888,325824,313216,273600,1403776,9088,1408,487872,42624,1984,38528,196352,148288,1088,128,205120,39424,0,597,1416,3825897112,2774922926,1398144,0
389,1677248,210176,323200,0,3456,5568,492352,289344,353152,314048,1363200,8704,1344,486912,44224,1984,38208,194624,148224,1088,128,178816,30400,0,602,1438,1681553641,1117722588,1357632,0
390,1677376,209856,321984,0,3264,5824,523968,98560,513920,474176,1203200,8576,1280,518272,71232,1920,38336,224640,153856,1152,0,0,21120,0,603,1435,593985211,1763609050,1197376,0
391,1677312,232448,321728,0,3328,5632,724544,99328,290304,250688,1426624,8768,1344,718528,69696,1728,38336,427840,159680,1216,0,0,20992,0,603,1438,3828082992,2741629787,1420992,0
392,1677440,222656,322240,0,3392,5696,484736,98880,539840,500352,1177088,8448,1280,479104,44160,1856,38336,192960,156800,1216,0,0,21184,0,612,1451,314299968,4146449449,1171392,0
393,1677120,223872,324672,0,3328,27008,513024,109120,476096,436288,1240832,8704,1344,507328,44864,1792,38528,212352,163584,1088,0,0,31552,0,615,1472,2790701032,3579029752,1213824,0
394,1677440,211200,322368,0,5632,5824,502464,108544,521408,482176,1195264,8704,1280,496896,44544,1792,38208,196672,168448,1024,0,0,29504,0,608,1457,3376080377,1671121770,1189440,0
395,1677248,243904,324672,0,122240,5504,691392,115904,173632,134080,1543168,9024,1344,685376,75648,2112,38272,381376,169280,1152,0,0,20672,0,610,1456,3800254430,2436917684,1537664,0
396,1677376,233024,323072,0,3328,5696,816000,115008,181248,141888,1535488,8320,1472,810240,92416,1792,38208,519424,164352,1152,0,0,20480,0,613,1476,1772897868,526162103,1529792,0
397,1677440,224128,323584,0,5696,5440,486848,116864,514880,475648,1201792,8704,1280,481216,37248,1856,38592,187072,166464,1024,0,0,21248,0,607,1450,3341210757,2575162483,1196352,0
398,1678976,288320,322688,0,6464,24704,754240,213504,69056,27712,1651264,8384,1408,748416,37120,1984,17152,207424,435072,1216,64,66816,35968,0,640,1527,3208226560,2172810031,1626560,0
399,1677184,175552,320768,0,4672,24640,441984,193792,515776,474752,1202432,8960,1408,436096,37568,1984,3136,175168,151680,1088,128,67200,33792,0,632,1514,2082965684,1240060173,1177792,0
400,1677632,191104,323904,0,3456,24128,437504,190720,506816,465216,1212416,9280,1344,431808,38208,2048,3264,170624,151040,1024,128,67904,30656,0,629,1511,1923947990,3199077078,1188288,0
401,1676992,190272,324672,0,3136,23744,463616,182592,488960,447744,1229248,8896,1408,457728,82624,1856,3264,197632,152128,1152,128,67328,23040,0,627,1511,1128015963,2213807987,1205504,0
402,1677696,208448,323904,0,3200,24640,638080,181696,297728,256512,1421184,9152,1280,632512,82560,1792,3136,372736,153344,1216,128,67648,22528,0,629,1507,3083662496,1109544998,1396544,0
403,1677312,175232,323968,0,3200,46464,474176,192064,462208,421184,1256128,9536,1216,468608,83456,1984,3008,210688,149824,1344,128,67456,32896,0,630,1520,1647710816,4257459993,1209664,0
404,1677440,174464,321344,0,3200,24256,479104,118976,556096,514624,1162816,8960,1344,473216,100864,1920,3136,213120,150272,896,0,0,29248,0,613,1459,278640310,935643410,1138560,0
405,1677312,190144,322432,0,3072,24576,649920,118784,368384,326848,1350464,8768,1280,644224,118720,1792,3072,390976,155904,1344,0,0,29568,0,617,1461,2277550257,1664849291,1325888,0
406,1677248,174528,320512,0,3072,24192,506304,110656,537984,496704,1180544,9152,1280,500608,118848,1792,3072,251648,152320,1280,0,0,21568,0,614,1451,556069784,1875055006,1156352,0
407,1677376,173696,323712,0,3264,45184,508544,113536,509440,468096,1209280,9408,1408,502656,118848,1728,3072,252096,154176,1152,0,0,21696,0,615,1456,4046544770,2565589627,1164096,0
408,1677440,175232,323008,0,5440,24384,518912,112768,517696,476416,1201024,8768,1408,513088,122368,1600,3008,263488,154816,1088,0,0,22016,0,614,1449,4154707997,1001605860,1176640,0
409,2237248,407296,328192,0,3200,24192,825856,135168,513344,472512,1764736,8896,1280,820096,103104,1984,2944,562752,159360,1152,0,0,43968,0,603,1450,3236600367,2226944311,1740544,0
410,1677632,174976,323840,0,136640,25024,510272,131776,375104,333376,1344256,9216,1408,504448,119488,1856,3008,258880,145984,1216,0,0,41984,0,603,1446,3138007078,21820907,1319232,0
411,1677312,175168,323392,0,4288,24192,513536,132096,504640,463552,1213760,10176,1344,508032,118912,1856,3136,257088,149824,1152,0,0,41920,0,599,1444,2548780160,2757540124,1189568,0
412,1677376,197760,321280,0,5632,24832,693120,124736,310016,268672,1408704,9216,1280,687552,120704,1856,3264,428672,158016,1088,0,0,33792,0,604,1446,1909358331,3785779706,1383872,0
413,1677248,174656,322752,0,2048,45824,544064,124480,463424,421888,1255360,9344,1280,538304,120576,1600,3136,280256,158720,1152,0,0,34176,0,604,1442,1604881299,2042630049,1209536,0
414,1677120,174848,322112,0,1984,24192,560192,123584,470208,429440,1247680,8768,1280,554432,132800,1920,3072,298624,162688,1152,0,0,34496,0,618,1470,715947971,3477779736,1223488,0
415,1677504,173504,323648,0,1920,24384,586240,132672,435136,393984,1283520,8640,1408,580480,146240,1792,3136,324800,161408,1088,0,0,43776,0,603,1452,207791752,2047113626,1259136,0
416,1677248,174784,321152,0,1920,24320,556224,132416,466432,425600,1251648,9024,1408,550464,145152,1664,3136,305536,150208,1152,0,0,41920,0,592,1441,3253004789,2415620025,1227328,0
417,1677632,175040,321536,0,1984,24640,564928,119424,470080,428608,1249024,8512,1344,559168,144640,1728,2944,308160,156864,1088,0,0,29376,0,587,1433,3551523821,2298058813,1224384,0
418,1677056,249856,322176,0,1920,24384,566912,111680,400128,359104,1317952,8896,1280,561024,146368,2048,3072,315072,153216,1280,0,0,21568,0,590,1435,3538315681,508997294,1293568,0
419,1677376,198336,323200,0,1856,24256,717888,112256,299584,258496,1418880,8640,1408,712192,153280,1792,3328,469056,151744,1344,0,0,21632,0,617,1468,565962178,3962345534,1394624,0
420,1677056,190272,320576,0,1920,24256,571328,111168,457536,416448,1260608,8640,1344,565504,158464,1792,3136,320704,153472,1280,0,0,21952,0,611,1442,4055900001,1597201371,1236352,0
421,1677504,192320,321664,0,1920,24128,591808,121856,423808,382976,1294528,8960,1408,585920,158720,1856,3136,342912,151232,1088,0,0,31872,0,611,1443,2986911415,855244989,1270400,0
422,1677440,174912,322496,0,1984,24256,569280,118592,465920,424704,1252736,8448,1280,563648,158784,1856,3072,321088,150144,1216,0,0,29696,0,602,1431,863649618,521694961,1228480,0
423,1677120,189568,319168,0,1920,46528,573440,111552,434944,393920,1283200,8960,1408,567424,159488,1728,3008,324352,149504,1280,0,0,22016,0,606,1436,1993176384,3510717431,1236672,0
424,1677120,191296,321344,0,122496,24512,605248,110080,302144,260544,1416576,9024,1408,599424,192768,2048,3008,364288,143488,1152,0,0,21568,0,614,1460,2901155668,2137471450,1392064,0
425,1677504,175872,322432,0,1920,24704,516224,110592,525760,484800,1192704,8640,1280,510528,113856,1856,3072,279232,140480,1216,0,0,21952,0,611,1457,2443817033,3562523059,1168000,0
426,1677248,212160,321152,0,3136,24640,866368,124736,125056,83584,1593664,8832,1344,860672,128832,1920,3072,610688,156672,1088,0,0,34816,0,601,1424,2700158662,3853696014,1569024,0
427,1677440,190976,321856,0,3072,24320,591232,132992,412992,371520,1305920,8320,1408,585472,167296,1856,3136,346496,145216,1024,0,0,43264,0,600,1418,1893954472,449351429,1281600,0
428,1677312,199744,325056,0,3264,24640,902272,131008,91328,50048,1627264,8384,1408,896576,166720,1792,2944,652480,149312,1216,0,0,41792,0,596,1420,2059836038,3928589126,1602624,0
429,1677120,189504,325248,0,3136,25088,485824,130368,517952,476928,1200192,8768,1408,480128,61952,1984,3072,221632,162176,1088,0,0,41216,0,603,1437,175422251,1999740765,1175104,0
430,1677248,190144,324288,0,3264,24320,476992,131648,526592,485312,1191936,8512,1280,471168,62592,1664,3008,227072,149184,1024,0,0,41536,0,605,1440,550140452,2293443382,1167616,0
431,1677376,420928,322624,0,3136,24256,669248,131328,105856,64512,1612864,8896,1344,663360,92928,1920,2944,415168,152832,1344,0,0,40704,0,601,1430,1300260460,3803283867,1588608,0
432,1677248,196864,323008,0,5312,24192,683392,140224,304256,263296,1413952,9088,1344,677760,54976,1728,3008,426688,155520,1216,0,0,50496,0,598,1446,2128615425,2421711012,1389760,0
433,1677568,191488,323840,0,4480,46272,694592,138816,278080,236352,1441216,8768,1280,688896,1920,1728,3200,155072,438784,1088,0,0,49024,0,604,1456,993508891,2569283093,1394944,0
434,2237184,221632,329472,0,5440,24000,976384,132736,547520,506176,1731008,8896,1408,970560,62720,1856,3200,698304,148672,1024,0,0,41472,0,601,1444,2180254410,182972665,1707008,0
435,1677568,404672,328896,0,3904,24384,620800,123712,171200,129792,1547776,9088,1280,615104,2624,1728,3008,361792,147840,1088,0,0,34816,0,592,1439,3671451348,4124796988,1523392,0
436,1677312,175744,330368,0,1856,25024,445504,125184,573632,532800,1144512,8320,1344,439744,28864,1792,3200,188800,144960,1152,0,0,34368,0,595,1427,1994426073,2521544409,1119488,0
437,1677312,174528,323968,0,3136,45824,920256,113408,96192,55360,1621952,201600,1344,914688,44160,1920,3456,453120,160832,1152,0,0,21760,0,605,1427,3120494501,3171922164,1576128,0
438,2237312,211264,328512,0,143744,27008,1172032,121344,233408,192000,2045312,371200,1344,1166336,1920,1408,228736,270720,176640,1088,0,0,42176,0,609,1451,410652742,468310744,2018304,0
439,1675776,177984,329472,0,3328,5568,458240,119488,581696,541824,1133952,104192,1408,452288,1856,1728,3072,84608,161600,1152,0,0,41600,0,598,1436,1180898682,249729495,1128384,0
440,1677504,201152,328256,0,3328,26752,771328,121344,225344,185984,1491520,207104,1344,765504,28672,1792,3328,283072,177600,1280,0,0,42944,0,591,1424,922651158,1579983298,1464768,0
441,1677440,176448,321856,0,3328,5888,482496,118912,568512,529088,1148352,103360,1344,476544,32832,1664,3264,118464,167296,1088,0,0,40704,0,586,1407,700917937,668626896,1142464,0
442,1677440,189312,321408,0,3392,5568,495360,118912,543488,504128,1173312,104832,1408,489536,1472,1856,3008,124928,172992,1152,0,0,40832,0,575,1412,1562110561,2124139614,1167744,0
443,1677376,223488,325952,0,3264,27072,908352,117760,71488,32000,1645376,281088,1344,902400,2432,1792,13248,312448,209920,1152,0,0,39168,0,582,1398,4033623700,3168374051,1618304,0
444,2237248,237248,325888,0,3456,26816,1170752,292544,180544,141184,2096064,446720,1280,1164864,2432,1856,247040,169472,192128,1088,64,170560,40896,0,587,1423,902481597,676095830,2069248,0
445,1677376,221248,327616,0,3456,27264,434560,292032,371200,331776,1345600,12992,1344,428544,61376,1536,3136,145984,158528,1280,128,172160,38848,0,582,1407,4228679992,787889068,1318336,0
446,1677376,207168,328768,0,3392,26944,373376,324352,413376,373888,1303488,13376,1408,367616,1792,1664,3008,84224,157568,1344,128,205184,39104,0,587,1421,4023645759,3162948365,1276544,0
447,1677376,206464,325248,0,3456,5504,473280,308928,354496,315328,1362048,13440,1344,467456,104320,1792,2944,189248,156992,1216,128,205696,22336,0,581,1398,954391958,3830035128,1356544,0
448,1676992,222080,328192,0,3392,5696,547328,185728,384576,345344,1331648,13120,1344,541504,105216,1664,15680,235904,173824,1152,128,82944,22016,0,583,1412,1500371267,2647075086,1325952,0
449,1677248,228608,329408,0,3456,5696,617472,308864,183744,144960,1532288,13120,1216,611840,134080,1792,27968,288000,178752,1280,128,205248,22464,0,591,1434,2472459749,2433569946,1526592,0
450,1677568,228032,331200,0,3328,5696,605056,318208,186048,146624,1530944,13184,1408,599296,102272,1984,28224,273344,179456,1280,128,205120,32256,0,607,1451,3641408269,2278649192,1525248,0
451,1677120,222848,321152,0,3392,5632,624192,321344,178560,139264,1537856,10880,1408,618368,148224,1792,35904,307136,171008,1280,128,204992,36032,0,604,1473,162548655,511395165,1532224,0
452,1677568,220224,321856,0,3264,5760,569728,296448,260288,220096,1457472,8896,1344,564032,131328,1728,16960,288960,155456,1280,128,183296,33408,0,592,1435,1591088606,1321262269,1451712,0
453,1677568,176960,323008,0,121728,27392,590720,106688,331072,290944,1386624,8576,1280,585088,169088,1984,3136,327488,155520,1216,0,0,29440,0,576,1407,1313564828,842748120,1359232,0
454,1677120,174848,322304,0,3328,5632,611968,98752,460288,420800,1256320,8768,1408,606208,196352,1728,3136,359104,155200,1152,0,0,21120,0,569,1402,3435351806,1708522212,1250688,0
455,1677120,176000,321152,0,3456,5504,610176,98688,462144,422848,1254272,8832,1408,604480,196800,1664,3200,356992,156800,1152,0,0,21056,0,582,1413,142299506,197942188,1248768,0
456,2237568,403392,323200,0,5568,5440,793344,107648,598976,559488,1678080,8704,1408,787584,196160,1920,3200,538048,158272,1216,0,0,30912,0,594,1426,149225910,2438511836,1672640,0
457,1677376,197248,321856,0,4544,5568,962048,105984,80128,40256,1637120,8704,1280,956224,198208,1728,3328,709632,153856,1216,0,0,29056,0,605,1443,579624171,768934048,1631552,0
458,1677312,270912,319488,0,3264,5504,927936,107328,42880,3712,1673600,9152,1344,922240,205248,1856,3264,668992,159296,1024,0,0,28992,0,594,1434,675882271,3083368447,1668096,0
459,1677312,232448,321472,0,3200,5632,688896,99264,326400,287104,1390208,8704,1280,683200,100672,2048,3200,438528,152448,1216,0,0,21184,0,608,1439,2213355994,2768234241,1384576,0
460,1677696,176576,322496,0,3264,5504,487232,99776,582848,543424,1134272,8960,1344,481600,83264,1984,3264,247168,142656,1216,0,0,21376,0,593,1418,2590003519,1503930816,1128768,0
461,1676736,175168,323520,0,3200,5632,533184,110720,525312,486208,1190528,8768,1344,527424,110912,1920,3008,291456,144896,960,0,0,31552,0,594,1420,723172233,4098569224,1184896,0
462,1677696,174720,321024,0,3200,5888,524736,108224,539904,500160,1177536,9024,1408,519040,116288,1856,3520,282112,144512,1088,0,0,29760,0,602,1446,3557954013,1620632832,1171648,0
463,1677440,192768,322112,0,3200,27712,520512,113664,497472,457536,1219904,8704,1408,514752,83776,1856,15808,248064,161280,1024,0,0,34432,0,602,1443,3073098848,733094377,1192192,0
464,1677056,233664,323008,0,3392,5632,942592,124928,43840,4544,1672512,97856,1344,936832,61888,1472,27456,548736,176896,1152,0,0,46528,0,602,1442,3236776472,828961356,1666880,0
465,1677376,228608,324544,0,3392,5696,630208,125568,359360,319616,1357760,116160,1344,624512,61760,1664,27584,225152,171136,1088,0,0,46144,0,586,1408,2287640264,1448644788,1352064,0
466,1677568,240384,321664,0,3456,5632,744896,118272,243264,204032,1473536,201344,1408,739136,89472,1728,27136,252608,173952,1024,0,0,38528,0,585,1408,2707532306,3981022497,1467904,0
467,2237440,778304,323264,0,123712,27072,547712,129920,307456,267328,1970112,8896,1408,541888,63936,1856,38400,259456,152000,1088,0,0,47872,0,589,1419,960167969,2178699294,1943040,0
468,1677120,223040,323456,0,6720,5440,692992,124096,301376,261952,1415168,8960,1280,687296,64064,1728,24256,415552,154304,1024,0,0,45824,0,576,1394,1995176495,3531741543,1409728,0
469,2237376,251392,323072,0,3520,26624,1428800,145088,58880,19456,2217920,526080,1408,1423168,64576,1664,231680,369472,204480,1152,0,0,65024,0,596,1422,801017375,819186267,2191296,0
470,1677376,245760,320576,0,5632,26880,755200,146048,177280,138112,1539264,209728,1344,749376,116864,1728,26624,207104,191616,1344,0,0,66496,0,599,1435,1922865483,2169794753,1512384,0
471,1677248,226304,321728,0,4800,27392,594176,141824,361024,321920,1355328,104512,1408,588416,89856,1600,35904,180032,175552,1216,0,0,63552,0,600,1433,2170256803,4212606717,1327936,0
472,1117184,224064,321472,0,5504,5632,372032,144384,44096,4928,1112256,13376,1280,366336,1920,1792,17024,88256,160576,1152,0,0,65600,0,600,1431,3953101159,2657496364,1106624,0
473,1677568,222592,322560,0,4608,26752,522752,149504,428800,388544,1289024,13056,1408,516992,53952,1664,24192,222272,168704,1088,0,0,71360,0,606,1442,2341348242,2909089409,1262272,0
474,2237184,239680,322688,0,3520,26816,1146688,332992,164800,125184,2112000,219904,1408,1140928,1472,1920,243136,377792,204160,1216,128,170368,81408,0,623,1492,3885688049,2479757717,2085184,0
475,1677376,235776,324672,0,3520,27392,386304,329408,370304,330944,1346432,16768,1280,380608,2048,1664,3072,87360,168960,1152,128,171904,76096,0,615,1464,2462643441,3142253093,1319040,0
476,1677248,224256,323648,0,3520,27072,371712,356672,370368,331136,1346112,12992,1408,365952,2112,1728,3200,89856,156224,1088,128,205760,69888,0,617,1470,388419664,2290161605,1319040,0
477,1677312,209792,324160,0,3520,5824,447872,355776,330368,291008,1386304,12928,1344,442112,80576,1728,3136,166720,160512,1088,128,205696,69440,0,629,1501,1484708016,532032932,1380480,0
478,2237120,323200,324416,0,3456,5568,811072,228288,541120,501760,1735360,13184,1472,805056,134592,1536,3008,523648,166400,1280,128,83584,62912,0,628,1490,2931500303,1112182732,1729792,0
479,1677696,204864,323520,0,3456,5760,597568,342464,200064,160768,1516928,12672,1280,591936,102592,1984,28352,261120,191872,1280,128,205312,55680,0,628,1492,3168478853,3798619781,1511168,0
480,1677184,235648,324160,0,3584,5632,618624,336128,153408,114112,1563072,11200,1408,612736,131648,1728,36608,295936,172096,1344,128,205440,48832,0,632,1503,1513376559,1392254834,1557440,0
481,2237504,241088,324352,0,123648,5760,778624,334528,429504,389888,1847616,8768,1408,772608,122688,1792,16896,487104,164224,1216,128,205312,47872,0,624,1495,2594574862,4200626895,1841856,0
482,1677760,176768,324160,0,3520,27840,576256,308736,260480,220736,1457024,8960,1280,570496,148544,1920,3136,303488,159936,1344,128,179392,48384,0,616,1475,2214063104,1164404908,1429184,0
483,1677120,174400,322560,0,3392,5376,502592,132416,536384,496640,1180480,8768,1280,496832,68480,1792,3072,236544,156096,1152,0,0,53504,0,611,1454,3196783164,2649463344,1175104,0
484,1676992,176128,323072,0,5632,5568,478912,125632,562048,522944,1154048,8832,1408,472960,68288,1920,3072,222080,156032,1344,0,0,46592,0,617,1461,1037746445,3655795859,1148480,0
485,1677248,176384,321664,0,5824,5568,490560,124864,552384,513216,1164032,9088,1280,484864,77184,1984,3136,233216,157056,1152,0,0,46336,0,612,1449,3097689055,4189966021,1158464,0
486,1677440,175424,323392,0,3328,5504,474944,117248,577600,538240,1139200,9088,1408,469120,69760,1792,3136,225344,148864,1152,0,0,38528,0,608,1444,2161086918,3742505194,1133696,0
487,2237760,755840,322048,0,5632,5568,636928,119488,392256,352896,1884864,8576,1408,631168,71488,1728,3008,385472,152192,1216,0,0,39168,0,606,1438,147505065,3678654812,1879296,0
488,2237760,759616,320640,0,4672,5696,666688,121472,358976,319424,1918336,8832,1280,661120,94912,1664,3008,415424,151616,1152,0,0,42944,0,608,1444,422320992,2820194639,1912640,0
489,1677120,176320,323200,0,3200,5696,495616,107776,565312,525760,1151360,8512,1280,489856,119360,1984,3136,247744,148544,1152,0,0,29568,0,604,1438,2416005354,3635333695,1145664,0
490,2239104,253696,324480,0,3328,20224,1066496,141248,429632,388416,1850688,8576,1344,1060736,121024,1856,3200,543232,424704,1088,0,0,51520,0,617,1467,1671794268,749709355,1830464,0
491,1677440,178752,321408,0,3328,20736,506176,117696,529344,487744,1189696,8640,1408,500480,126336,1600,3200,288384,118848,1088,0,0,30144,0,601,1444,802308120,569149503,1168960,0
492,1677120,193920,321152,0,3328,41920,643584,118656,354560,313216,1363904,8704,1280,637888,118272,1536,3008,423168,122176,1088,0,0,29824,0,597,1446,1179139656,2774010250,1321984,0
493,1677120,227584,323520,0,5504,20416,513792,118464,467840,427328,1249792,8384,1408,507904,133888,1792,3136,295232,119808,960,0,0,30656,0,603,1450,4106008421,2577206459,1229376,0
494,1677568,195968,323072,0,5824,20160,470592,119040,542912,501696,1175872,8384,1408,464832,75648,1728,3264,253184,119232,1152,0,0,30976,0,604,1436,3936421258,1363457374,1155712,0
495,1677248,188736,321856,0,118912,20736,456384,117888,452736,411648,1265600,8640,1344,450432,75328,1664,3008,238720,120128,1024,0,0,29248,0,592,1416,1846630218,961913385,1244864,0
496,1677184,189824,322432,0,3328,20544,612096,196352,332608,291648,1385536,10432,1344,606208,75392,1856,3072,343552,167680,1088,128,66432,39232,0,607,1462,2712336779,1783857117,1364992,0
497,1677312,189760,321856,0,3328,41920,480448,199808,440192,398784,1278528,11072,1408,474560,75008,1984,3328,235456,122304,1088,128,67520,39936,0,603,1454,3255517165,3841506997,1236608,0
498,1677376,215232,323200,0,3264,24640,634432,200192,276416,235456,1441920,9152,1472,628480,76736,1792,3072,396800,121536,1280,128,67200,39680,0,603,1452,695852258,1775860775,1417280,0
499,1677376,190336,323776,0,5568,20352,496128,199296,441920,400576,1276800,9152,1472,490304,98048,2048,3264,260800,118784,1024,128,67200,40640,0,608,1463,4145704454,563864925,1256448,0
500,1677376,188416,322432,0,4608,24704,537344,209792,390080,348864,1328512,8960,1408,531520,120128,1728,3200,302272,118528,1024,128,67520,50048,0,599,1455,3752870561,2473745802,1303808,0
501,1677248,188480,324416,0,3200,24448,589376,275584,271744,230720,1446528,10944,1344,583616,120896,1664,3264,303296,166464,1024,192,129664,50688,0,619,1516,3755690473,3626582353,1422080,0
502,2237632,213760,322944,0,3520,46144,1029504,226176,395584,354304,1883328,9408,1344,1023680,155840,1984,3264,756928,131840,1088,128,67136,65728,0,608,1484,666658120,3166172138,1837184,0
503,1677184,189376,323264,0,3520,24832,548480,216960,370752,329472,1347712,8896,1408,542656,147456,2112,3200,305536,118336,1152,128,67584,57088,0,610,1481,578803934,770954656,1322880,0
504,1677248,190080,322048,0,5696,24256,503040,216384,415744,374592,1302656,8960,1280,497216,103616,1792,3264,260864,119296,1152,128,67328,56832,0,614,1495,1215443595,3305044993,1278400,0
505,1677440,190528,325184,0,4928,24192,493056,218368,421184,379840,1297600,9024,1344,487296,83392,1728,3136,253696,116544,1152,128,67008,58496,0,606,1489,2261492104,2072690471,1273408,0
506,1677312,213824,324224,0,4544,24832,654336,227008,228544,187520,1489792,9024,1408,648448,28800,1664,3072,415296,116800,1088,128,67328,67328,0,601,1491,3970390361,582081899,1464960,0
507,1677312,189888,322560,0,5568,23936,432320,153920,549120,508160,1169152,8960,1344,426432,29376,1856,3008,193472,113984,960,0,0,63616,0,600,1468,61139432,1066020915,1145216,0
508,2797568,232896,327808,0,6016,45376,1497792,332544,355136,314304,2483264,102656,1344,1491968,56576,1856,478464,670272,142912,1152,128,170752,68864,0,595,1454,2858049832,1410879611,2437888,0
509,1677376,226176,322304,0,149760,45440,369856,330496,233344,192448,1484928,12416,1344,363968,29120,1600,3072,119680,120960,960,64,171008,65536,0,588,1434,3323474358,3819239405,1439488,0
510,1677312,213376,323904,0,6528,46016,393344,362496,331648,290304,1387008,13184,1536,387200,55424,1728,2816,143360,120448,1216,128,205632,64000,0,591,1441,3021861327,2739892444,1340992,0
511,1677248,212800,324352,0,4800,45824,395776,346240,347456,306624,1370624,12480,1408,389952,56448,1792,3136,147776,120384,1088,128,204928,48192,0,582,1414,2551449307,1967059743,1324800,0
512,1677440,225792,324288,0,3392,46400,402880,235200,439488,397952,1279488,12480,1280,397056,56640,1664,3136,163968,120576,1024,128,84800,58496,0,576,1399,2004926170,1417006228,1233088,0
513,1677248,213568,325184,0,3392,24448,549440,432192,129024,88256,1588992,12864,1408,543616,69056,1856,15872,232832,181888,1152,256,271040,66240,0,596,1457,2358113304,534799751,1564544,0
514,1677312,225024,322304,0,3584,20416,527488,435456,143040,101440,1575872,13184,1408,521664,58368,2048,28032,216064,144320,1088,256,272000,69056,0,611,1488,3632013058,3598214096,1555456,0
515,1677440,223360,322304,0,3456,20736,525056,429696,152832,111808,1565632,12416,1280,519104,55168,1856,28480,213184,147840,1088,192,272064,62848,0,600,1456,1296985485,1128744293,1544896,0
516,1677248,224704,323008,0,3392,20352,528576,389376,187840,146432,1530816,12992,1472,522560,54336,2048,28288,214336,148928,1152,128,245440,51200,0,539,1376,2836924422,999588971,1510464,0
517,1677376,225408,322816,0,3520,20160,549568,204608,351296,309952,1367424,12544,1344,544000,79104,1792,28608,245184,150528,1152,128,67072,48384,0,521,1325,700069886,2576649943,1347264,0
518,1677248,224640,324352,0,3456,20672,616960,281472,205696,164608,1512640,12736,1344,611200,80832,1664,28352,272960,196160,1152,192,129472,58944,0,520,1323,474256976,1962222063,1491968,0
519,1677120,225088,322432,0,3584,20352,551552,222720,331392,290112,1387008,13184,1472,545600,74560,1920,28480,229568,152832,1152,64,67392,64896,0,512,1296,2046685266,1087567362,1366656,0
520,1677184,224960,320640,0,3584,20416,547648,222272,337664,296960,1380224,12928,1280,541888,87936,1856,28288,248128,146240,1152,128,67136,63808,0,522,1320,1148246897,1859645533,1359808,0
521,1677248,225536,323008,0,4736,20672,547520,215168,340608,299584,1377664,12672,1408,541696,89664,1920,28544,248512,145984,1216,128,67264,57856,0,517,1299,650599581,2950564901,1356992,0
522,1677504,214080,324096,0,6016,41920,558208,214080,319104,277632,1399872,12928,1344,552448,90240,1600,28352,264768,141504,1280,128,66880,57536,0,517,1303,3001046409,2144383683,1357952,0
523,1677248,213312,321344,0,79296,20416,544640,213696,284544,243392,1433856,12800,1216,538944,90816,1856,28864,254336,138688,1024,128,67456,57024,0,518,1300,3496733165,931519941,1413440,0
524,1677376,214016,321728,0,3456,20800,568576,153408,395392,354112,1323264,12736,1344,562752,89792,1984,28544,276032,138240,1088,0,0,64576,0,505,1260,132071913,3293644937,1302464,0
525,1677056,213632,322240,0,3520,20416,551680,150144,415424,374400,1302656,12736,1408,545728,109760,1728,28480,271424,139008,1152,0,0,63232,0,517,1296,3271984587,1913514633,1282240,0
526,1677504,164992,323712,0,4480,20736,575488,155776,432320,391424,1286080,12736,1472,569664,135104,1664,28288,295360,138688,1088,128,192,62336,0,498,1236,2451115021,2458656055,1265344,0
527,1677056,212544,321536,0,5952,41280,635008,149120,311616,270720,1406336,12800,1344,629120,89856,1792,28224,245120,139264,1216,0,0,56064,0,521,1293,1876464070,496155973,1365056,0
528,1677376,164160,321920,0,4608,20096,508160,138048,520384,479488,1197888,13184,1472,502336,88960,1728,28032,226496,139840,1024,128,128,44864,0,498,1223,2383487663,1595343110,1177792,0
529,1677312,163520,323072,0,6144,20608,517120,139008,507840,466624,1210688,12672,1408,511360,86400,1856,28544,223744,138944,1152,128,128,45504,0,491,1208,2178185523,765409358,1190080,0
530,1677504,165184,324160,0,3520,20480,581248,222272,360640,319232,1358272,12800,1344,575424,83776,1856,27648,252416,190272,1280,192,67328,59968,0,514,1277,3135281460,3761586356,1337792,0
531,1677248,165568,322944,0,3584,20416,522624,225920,416192,374720,1302528,13056,1344,516928,84288,1984,28416,220352,142656,1088,256,67328,62784,0,509,1267,425595550,984446391,1282112,0
532,1677440,212928,323008,0,3520,42688,516608,221568,357120,315648,1361792,13184,1408,510848,83520,1856,28224,220992,139072,1088,128,67264,62656,0,541,1353,4111380672,1339743078,1319104,0
533,1677248,179328,324032,0,5696,20736,673408,212992,261056,220224,1457024,11584,1280,667648,82880,1920,15744,218368,314048,1280,320,67456,49856,0,502,1255,2100499546,1203893405,1436288,0
534,1677376,216512,323264,0,4736,20608,603392,213440,295424,253952,1423424,8960,1408,597568,65920,2048,3264,200896,258112,1088,192,67264,55488,0,522,1318,348001217,2601587580,1402816,0
535,1677184,143680,326400,0,6016,20288,492224,285696,402880,361856,1315328,11520,1408,486464,46080,1920,3136,205440,163520,1088,320,129856,58112,0,516,1308,3617107719,3305902247,1295040,0
536,1677568,178368,323904,0,3648,20288,487936,229568,433856,392896,1284672,11840,1408,482112,45696,1920,3264,203584,119808,1024,128,66816,72448,0,535,1350,4124143483,1002451137,1264384,0
537,1677440,176512,325312,0,3520,20544,416704,227968,506880,465152,1212288,9088,1408,410816,34176,1920,2944,175232,115072,1024,192,67072,69440,0,558,1407,2288066367,216420274,1191744,0
538,1677120,175680,322816,0,121408,20416,404224,228992,403584,362304,1314816,9216,1408,398208,20608,1920,2880,160640,116608,1088,128,67392,70016,0,542,1372,3094208811,4039824,1294400,0
539,1677376,202560,325184,0,3584,20480,755648,221952,147968,107072,1570304,9216,1536,749760,47616,1792,3200,509184,120064,1152,128,67648,62720,0,549,1389,1182873525,894968193,1549824,0
540,1677312,176192,321856,0,5696,20160,433152,221952,498304,457152,1220160,9152,1472,427264,58048,1984,3200,191104,116736,1024,128,67072,63360,0,554,1403,3123021851,1899444943,1200000,0
541,1677376,176000,321856,0,4864,20096,438528,146944,569088,527744,1149632,9088,1280,432768,58112,1728,3072,195520,116032,1152,0,0,58560,0,536,1352,1784285300,203972784,1129536,0
542,1677248,215872,321984,0,5504,42240,642112,157760,291776,250816,1426432,9024,1280,636416,49024,1792,3072,412352,117440,1280,0,0,68544,0,575,1427,2993246062,980385832,1384192,0
543,1677312,189312,321216,0,5824,20096,436864,156160,547840,506496,1170816,9280,1344,431104,61312,1728,3264,206720,116672,1280,0,0,66816,0,572,1419,4157841239,1068724690,1150720,0
544,1677376,190016,322752,0,5376,20416,447168,156416,535232,493888,1183488,8896,1472,441216,76992,1728,3072,218176,116928,1216,0,0,66176,0,581,1432,3644007189,3751293490,1163072,0
545,1677248,211328,322112,0,6144,20672,606528,137600,372864,331904,1345344,9216,1344,600704,76480,1856,3136,372160,119360,1088,0,0,48192,0,577,1408,2384891084,4012354588,1324672,0
546,1677440,212480,322112,0,3840,20608,576960,137344,404096,362624,1314816,8896,1280,571200,75968,2112,3200,349312,121280,1024,0,0,47936,0,574,1390,3495616179,220340613,1294208,0
547,1677312,193344,324160,0,2560,20160,699968,210176,226944,185664,1491648,10944,1344,694080,113728,1920,2944,422208,169280,1152,128,67008,51840,0,601,1446,2855920435,4090973517,1471488,0
548,1677312,177408,323072,0,3136,24768,542080,217984,388864,348096,1329216,11520,1408,536192,115584,1984,3200,289280,122560,1088,64,67264,57792,0,604,1453,3874965700,2844632576,1304448,0
549,2237376,216704,322624,0,3264,24704,1135616,221504,312960,271744,1965632,9088,1472,1129664,123200,1984,3008,859136,153792,1216,128,67264,59584,0,607,1465,2549408465,222041901,1940928,0
550,1677504,177024,323072,0,3392,24192,634112,218112,297600,256320,1421184,9088,1472,628096,200896,1984,3136,356160,149824,1088,128,67264,57536,0,606,1469,1841020473,1851938761,1396992,0
551,1677440,177408,323136,0,3584,24000,635072,209344,304896,263424,1414016,9024,1408,629312,202560,1920,3328,364800,150592,1024,128,67520,49344,0,596,1452,4176882757,76691800,1390016,0
552,1677184,177472,330944,0,3648,45504,706112,277632,135872,94720,1582464,11328,1280,700608,210816,1792,3328,387712,196480,1216,192,129472,53568,0,626,1513,3602239075,3798549692,1536960,0
553,1677376,178240,323072,0,119552,24064,670592,216064,145792,104128,1573248,11072,1344,664768,210816,2048,3200,375552,153536,1152,128,67328,56000,0,608,1466,1265322920,3673777665,1549184,0
554,1677440,188928,324160,0,5824,24576,658624,226496,248832,207424,1470016,9216,1408,652992,206976,1664,3264,388224,146432,1024,128,66944,65216,0,618,1482,656009164,808811265,1445440,0
555,1677120,175744,322112,0,6528,24576,634112,226304,287744,246912,1430208,8832,1408,628096,203328,2176,3136,363456,145920,1088,64,67136,65728,0,623,1494,3214824789,1092601888,1405632,0
556,2237568,277376,322176,0,4800,24064,831424,224768,552960,511744,1725824,9024,1344,825664,205248,1984,3328,557696,148928,1088,64,67392,64832,0,618,1481,3603980232,1260039667,1701760,0
557,1677120,190656,321984,0,5568,45696,625216,219712,268288,227136,1449984,8832,1344,619520,196800,1920,3136,355200,146304,1024,128,67392,57216,0,626,1498,2019574891,278970436,1404288,0
558,1677376,175872,323776,0,4608,24128,621952,145792,381248,339904,1337472,9152,1408,616320,190912,1728,3136,349184,147328,960,0,0,55168,0,611,1461,483434841,2260854804,1313344,0
559,2237504,721792,322304,0,3264,24256,848640,157632,159616,118272,2119232,8576,1344,842944,193152,1856,3072,588160,149184,1216,0,0,65280,0,601,1442,2727156442,2145273325,2094976,0
560,1677312,190592,324864,0,5440,24768,931584,153408,46656,5952,1671360,8832,1408,925888,193664,1792,3264,673024,147328,1024,0,0,63488,0,604,1452,839588925,3853656688,1646592,0
561,1677440,175936,324416,0,3776,24320,611200,152960,384832,343680,1333760,9152,1344,605376,193216,1792,3328,350976,148416,1280,0,0,62848,0,605,1450,242116352,3195585896,1309440,0
562,1677440,175360,323776,0,1920,45696,589440,137472,403776,362496,1314944,9088,1408,583680,169536,1728,3264,329280,147328,1088,0,0,48256,0,610,1455,147405907,1183675439,1269248,0
563,1677312,174976,321344,0,1920,24064,559488,137472,458048,416384,1260928,8960,1280,553792,142080,1728,3264,302336,150656,1088,0,0,48384,0,607,1454,3372451906,1481508009,1236864,0
564,1677248,199040,321984,0,1920,25088,669632,128576,331008,289920,1387328,8640,1408,663808,96256,1728,3200,406976,155520,1152,0,0,39872,0,600,1454,936660170,883196304,1362240,0
565,1677376,174464,322496,0,1920,24192,484096,138752,531456,490496,1186880,8768,1344,478464,57792,1792,3072,227264,152704,1152,0,0,48320,0,600,1455,3880740690,3017166197,1162688,0
566,1676992,174592,327168,0,1920,24640,476096,137728,534848,493696,1183296,8832,1344,470400,57024,1792,3072,216576,154624,1152,0,0,47168,0,606,1463,784680425,2283747389,1158656,0
567,1677568,174400,323264,0,120064,24000,524544,118720,392576,350784,1326784,9216,1344,518912,90112,1920,3200,262016,155456,1152,0,0,28864,0,610,1453,2074937109,1379862181,1302784,0
568,1677504,175744,320896,0,1984,24640,499456,112320,542464,501376,1176128,8832,1344,493760,88192,2048,2944,244800,155776,1152,0,0,21760,0,606,1436,4264116702,616084997,1151488,0
569,1677184,176448,322944,0,1920,24512,504128,112768,534464,493120,1184064,8768,1408,498304,96448,1792,3200,258304,148736,1216,0,0,22144,0,606,1438,1077286667,1477781539,1159552,0
570,1677440,174848,322752,0,1792,24064,507584,113024,533376,492224,1185216,8448,1216,502144,94592,1856,3264,266176,144896,1152,0,0,21888,0,599,1424,1941464365,1194929113,1161152,0
571,1677376,200256,320448,0,1856,24320,698688,134784,297024,256192,1421184,8384,1408,692992,93952,1856,3008,267584,333376,1216,0,0,43264,0,608,1435,1630883644,2277927574,1396864,0
572,1677440,197760,320640,0,1920,45632,668224,133248,310016,268608,1408832,9216,1216,662528,100096,1984,3456,423616,143424,1152,0,0,41344,0,603,1436,494465251,1143719007,1363200,0
573,1677248,248960,323136,0,1920,24128,830976,132736,115392,74496,1602752,8512,1344,825152,120640,1984,3072,590848,139264,1088,0,0,40960,0,596,1437,2715193728,3788793099,1578624,0
574,2237632,787264,323200,0,1920,24384,708160,124608,268096,226752,2010880,8832,1280,702336,87808,1792,2944,468096,139520,1152,0,0,34112,0,593,1427,1569459427,3465306000,1986496,0
575,1677184,176960,323328,0,1856,24192,528000,123520,499328,458496,1218688,8960,1408,522176,127616,1792,3264,290368,138624,1088,0,0,34368,0,619,1466,737146602,3489093068,1194496,0
576,1677312,213632,327104,0,1856,24128,805760,124352,180480,139264,1538048,9280,1344,800064,88128,1792,3264,536192,142336,1024,0,0,33856,0,593,1422,3429258375,871230126,1513920,0
577,3358016,745856,330368,0,3584,27136,1539072,155968,556032,514560,2843456,443904,1344,1533184,86912,1856,260480,517056,209792,1024,0,0,75200,0,598,1461,2483831851,2702004798,2816320,0
578,1675776,193088,327424,0,3584,27968,500928,152704,470080,430592,1245184,16576,1344,495040,88000,1664,2944,178112,155072,1088,0,0,71680,0,592,1457,935108659,181272585,1217216,0
579,1677376,196480,324544,0,3584,27968,467968,137408,519424,480128,1197248,16064,1472,462016,86464,1792,3008,178752,152640,1152,0,0,57664,0,589,1435,1439810652,2690129546,1169280,0
580,1677440,178496,329024,0,151040,27840,478528,142080,370432,330432,1347008,16320,1472,472576,86272,1600,3136,179136,155584,1152,0,0,60736,0,596,1452,4078425262,534150531,1319168,0
581,1677440,233920,328704,0,5696,27072,480000,147584,454464,414912,1262528,16320,1280,474176,87488,1664,3008,196736,152384,1216,0,0,65600,0,607,1468,970101988,1436110959,1235456,0
582,2237376,222400,328768,0,5696,5696,1095168,220672,358976,319744,1917632,16320,1408,1089216,88960,1664,2944,448000,519104,1088,128,66752,69376,0,623,1509,1349044087,1310323487,1911936,0
583,1676992,176960,322560,0,4800,5568,564800,226176,376128,336896,1340096,16448,1408,558912,86272,2048,3072,248320,174080,1152,64,67712,74496,0,639,1546,3821732212,2355143132,1334528,0
584,1677376,191808,322560,0,3328,5632,555968,219584,378496,338880,1338496,16512,1344,550208,83968,1984,3200,243968,172608,1216,128,67520,68096,0,627,1518,2462381115,4210693285,1332864,0
585,1677312,176832,323392,0,5568,5696,594240,210240,361344,322048,1355264,16448,1408,588416,130112,1792,3072,289728,171840,960,128,66688,60544,0,613,1491,4274265683,2639331570,1349568,0
586,1677504,176000,328384,0,5760,5824,614720,197760,349056,309888,1367616,16256,1408,608768,129856,1984,3200,288128,173120,1088,128,67264,48832,0,605,1469,713263557,1138071636,1361792,0
587,1677440,175232,327872,0,3136,27776,664896,211264,267264,227712,1449728,16064,1344,659136,176448,1792,3328,349504,173760,1152,64,67200,57984,0,617,1501,1131371581,1525859916,1421952,0
588,1677376,176640,329664,0,3200,5696,699456,135808,326912,287424,1389952,16128,1408,693632,227392,1920,3136,386944,172096,1216,0,0,55424,0,610,1458,464165122,754049792,1384256,0
589,1677056,176896,328000,0,3200,5696,690944,136064,336256,297024,1380032,16064,1280,685056,229376,1792,3264,389568,173248,1152,0,0,55488,0,604,1445,62650375,133404802,1374336,0
590,1677504,176320,328896,0,3136,5760,698176,127616,337600,298240,1379264,16512,1408,692352,230016,1728,3328,393408,176064,1280,0,0,48192,0,596,1428,801011851,2145887819,1373504,0
591,1677440,177280,328768,0,3200,27008,626624,122368,392192,352768,1324672,16064,1408,620800,175552,1920,3200,339392,160064,1280,0,0,42880,0,598,1428,1347585943,1043724974,1297664,0
592,1677248,177600,327168,0,3200,5376,596800,118912,448192,409088,1268160,9280,1344,590912,181696,1920,3328,346176,130688,1152,0,0,39232,0,605,1437,3495468192,814681828,1262784,0
593,1676928,175616,323456,0,3264,5760,605312,129024,434496,395392,1281536,8896,1408,599680,178112,1792,3136,371264,130048,1088,0,0,49088,0,594,1422,1387235127,4235733412,1275776,0
594,1677632,177344,322560,0,5376,5568,582016,131136,453632,414336,1263296,8896,1344,576256,176640,1856,3264,345792,130944,1024,0,0,46848,0,600,1432,875989870,4224796984,1257728,0
595,2237440,201152,324480,0,138112,5440,948416,132672,487168,447296,1790144,8960,1408,942656,180096,1728,3264,699072,143168,1152,0,0,52864,0,591,1431,1803114422,2612579693,1784704,0
596,1677312,178432,321792,0,3200,5632,593600,126336,448320,408896,1268416,8832,1344,587776,179136,1664,3008,355712,130496,1344,0,0,46208,0,590,1431,3686377665,565302759,1262784,0
597,1677568,177984,322112,0,3264,5568,566016,112960,489664,450240,1227328,8896,1280,560256,155904,1920,3008,327424,130688,1024,0,0,34048,0,575,1390,4093811591,3484762822,1221760,0
598,2237056,727808,323008,0,3200,5632,900928,123008,153472,113728,2123328,8768,1408,895168,134336,1792,3264,670912,130624,1152,0,0,43072,0,582,1391,1068778632,2237417003,2117696,0
599,1677504,178240,321984,0,3392,5824,535232,120832,512000,472448,1205056,8832,1344,529600,135488,1856,3200,306496,128512,1024,0,0,41856,0,585,1395,1881414096,4099302022,1199232,0
600,1677184,177408,321024,0,3200,5696,532480,121536,515840,476544,1200640,8960,1344,526848,135104,1920,3072,303616,128960,1088,0,0,41216,0,583,1393,209074600,1511613870,1194944,0
601,1677376,179456,322816,0,3200,27392,540800,112832,490880,451072,1226304,9088,1344,535104,138688,1920,3200,309440,131328,960,0,0,34048,0,586,1393,2736429642,1934568722,1198912,0
602,1677568,179072,324224,0,3200,5888,546496,112192,506496,467008,1210560,8640,1344,540800,138880,1728,3200,308992,138496,1088,0,0,33408,0,573,1377,4280025526,3448981578,1204672,0
603,1677504,178752,320896,0,3136,5760,540352,100800,527808,488320,1189184,9024,1408,534592,134208,1856,3200,302912,136896,1024,0,0,21696,0,571,1361,3458899327,2325302679,1183424,0
604,1677312,178688,319680,0,3264,5888,577984,110976,480832,441280,1236032,9088,1344,572352,156800,1856,3264,342272,138368,1088,0,0,31680,0,570,1364,3723912854,1951091888,1230144,0
605,1677184,193216,321664,0,4224,5696,565696,109120,477568,438144,1239040,9280,1344,560128,156672,1792,3136,329728,136576,1088,0,0,29696,0,564,1351,1983074449,2829554194,1233344,0
606,1677312,202432,323840,0,5568,5696,907648,109056,123072,83776,1593536,9088,1344,902016,176640,1792,3008,672000,136704,1216,0,0,29184,0,563,1345,2274210686,2897514716,1587840,0
607,1677504,196992,320960,0,1920,6016,873920,99904,177792,138688,1538816,8832,1408,868096,164096,1984,3200,632512,142400,1152,0,0,21248,0,568,1346,4219124196,3393773395,1532800,0
608,1677056,176448,322496,0,1856,5760,507840,99520,563136,523776,1153280,8704,1472,502016,113024,1984,3200,273600,137152,1024,0,0,21056,0,569,1337,3963060368,850009690,1147520,0
609,1677376,175808,321472,0,121536,5632,599232,110400,343296,303744,1373632,9152,1472,593344,187072,1728,3008,369344,131776,1280,0,0,31424,0,566,1339,1213982154,4145943513,1368000,0
610,1677376,197120,320704,0,2496,5504,909504,118144,123904,84800,1592576,9152,1344,903872,187520,1856,3136,668032,142656,1088,0,0,38464,0,566,1344,2854899011,2883368116,1587072,0
611,1677632,190144,322112,0,3264,27392,593536,125632,415552,375872,1301760,8704,1408,587776,183488,1984,3264,353024,136192,1088,0,0,45696,0,570,1349,1176911378,431338870,1274368,0
612,1677248,225856,321600,0,3136,5632,630976,118912,371136,331264,1345984,8896,1344,625216,131584,1984,3136,387648,142272,1088,0,0,39040,0,562,1338,3460661644,838021522,1340352,0
613,2237504,281728,322560,0,3200,5760,955648,118464,550144,510656,1726848,9024,1216,950016,130944,1792,3136,712064,142336,1024,0,0,38208,0,568,1358,3240844470,2947181131,1721088,0
614,1677120,259584,320448,0,3200,5696,713920,118720,255552,216064,1461056,8832,1408,708288,126784,1856,3264,471424,142336,1152,0,0,38784,0,572,1360,4133088144,4294059911,1455360,0
615,1677376,188800,321920,0,3264,5696,564032,128576,465088,425728,1251648,9088,1344,558336,147904,1792,3264,324928,137920,1280,0,0,47872,0,570,1368,3759292960,4084107834,1245952,0
616,1677184,174912,322432,0,3136,5696,526592,126400,518016,478336,1198848,8832,1408,520832,121920,1920,3200,287424,137280,1152,0,0,46720,0,569,1354,1933947969,590538481,1193152,0
617,1677376,205632,322368,0,3200,27072,541568,121408,456128,416448,1260928,8832,1408,535616,120768,1984,24256,280960,137472,896,0,0,38720,0,582,1385,302929082,948063483,1233856,0
618,2797632,247424,320704,0,3200,5824,1495104,134080,591296,551808,2245824,340992,1408,1489280,121472,1920,26944,859648,176000,1152,0,0,53376,0,576,1375,3820480284,509798352,2240000,0
619,1677312,214400,321152,0,3328,5760,744768,132608,255296,215936,1461376,187776,1408,739136,121536,1856,27200,276032,163200,1216,0,0,51904,0,571,1368,2578871174,2208940482,1455616,0
620,1677440,229632,319232,0,3264,27136,642496,123712,331968,292672,1384768,91328,1408,636672,121984,1856,36352,277696,146688,1024,0,0,43840,0,568,1362,3823176490,3991510523,1357632,0
621,1677184,232768,323264,0,6336,5824,547584,134720,426688,386944,1290240,8768,1344,541824,121216,1728,17088,293760,139264,1152,0,0,54784,0,577,1401,2119972193,3568508309,1284416,0
622,1677056,179968,325248,0,4352,6016,515136,132480,513856,474624,1202432,8512,1408,509568,120320,1792,3136,278592,136000,1216,0,0,52288,0,584,1414,3889569178,4241614912,1196416,0
623,1677440,206976,322368,0,123392,5952,537280,124096,357376,317440,1360000,9088,1280,531648,121920,1856,24064,278144,135936,960,0,0,44800,0,577,1387,2755858492,1928368794,1354048,0
624,2237696,233600,320256,0,3200,5376,961152,136704,577408,537600,1700096,367232,1408,955328,121152,1984,27328,300608,174592,1152,0,0,56704,0,579,1411,861088835,2872133522,1694720,0
625,1677248,247744,323648,0,3072,5504,869440,125184,102656,63168,1614080,174912,1280,863616,122368,1792,36352,418752,146688,1344,0,0,46016,0,571,1389,684640724,1320937772,1608576,0
626,1677440,223616,321536,0,3136,5376,773952,127104,222720,183232,1494208,8768,1408,768000,154752,1856,17088,521984,136384,960,0,0,47104,0,575,1399,3639106190,2537512723,1488832,0
627,1677184,174016,321664,0,5312,5824,577600,126528,466240,426624,1250560,8704,1408,571840,186304,2048,2944,342336,135040,1024,0,0,46848,0,580,1406,349997167,2216089469,1244736,0
628,1677312,174784,322432,0,3776,5824,573248,125760,471488,432320,1244992,9088,1344,567488,169536,1856,2880,336384,135616,1152,0,0,45184,0,592,1434,1405489699,206152853,1239168,0
629,1677120,175232,322368,0,1856,5760,540864,117568,513472,474560,1202560,9024,1408,535232,148160,1728,2944,302016,138368,1024,0,0,38144,0,596,1433,3880152223,595374670,1196800,0
630,1677760,175168,322240,0,1920,26880,542016,118080,491456,451584,1226176,8768,1280,536256,148736,1792,3200,306112,136384,1088,0,0,39232,0,595,1431,523322884,2412413718,1199296,0
631,1676928,175552,322304,0,1920,5824,552768,116928,501632,462592,1214336,9088,1408,547264,148992,1792,3008,317248,135680,960,0,0,38016,0,588,1415,1773354011,1662967969,1208512,0
632,1677568,175040,320832,0,1920,5824,555520,119936,498496,459328,1218240,8896,1280,549888,146560,1856,3392,318336,136512,1216,0,0,40640,0,590,1414,1421055809,608685826,1212416,0
633,1677184,174080,324544,0,1856,5632,538048,118080,514944,475648,1201536,8448,1408,532160,144960,1856,3200,304448,134464,1088,0,0,39360,0,592,1415,748149517,1200403480,1195904,0
634,1677568,198208,321664,0,1920,5888,699968,119936,329984,290752,1386816,8704,1408,694016,146240,1792,3200,459264,141440,1152,0,0,39360,0,600,1430,54765205,20017392,1380928,0
635,1677440,197696,321728,0,2560,5824,841024,118144,190464,151424,1526016,8896,1216,835392,144448,1792,3072,593472,147200,1280,0,0,38464,0,601,1429,643481456,3148751589,1520192,0
636,1677120,176896,321856,0,3072,5952,512512,121472,535360,495936,1181184,8704,1344,506880,114880,1728,3200,266112,142080,1152,0,0,42240,0,598,1428,3569423846,998369731,1175232,0
637,1677376,174848,323072,0,136896,5632,526464,121664,388800,349312,1328064,8896,1408,520384,123712,1728,3008,290240,134656,960,0,0,41984,0,596,1429,947050562,1501115530,1322432,0
638,1677440,231616,322176,0,3264,5760,662272,128320,324032,284672,1392768,8768,1344,656384,89408,1856,2944,417728,142272,1024,0,0,47552,0,598,1436,803783216,1776847182,1387008,0
639,1677248,197440,322432,0,3200,5696,669888,125696,352896,313216,1364032,8640,1472,664256,89472,1920,3008,429632,139456,1088,0,0,46720,0,599,1431,3956430166,1529203645,1358336,0
640,1677312,175744,321408,0,3136,27136,488256,125376,536256,496768,1180544,8704,1216,482624,92928,1536,3264,249664,137280,1024,0,0,46528,0,593,1423,1472097224,2339900224,1153408,0
641,1677248,213120,320768,0,3136,5632,500160,118208,516224,476928,1200320,8512,1344,494400,108416,1728,3264,262528,137088,1216,0,0,38592,0,593,1416,4083750814,2621603858,1194688,0
642,1677568,198976,322048,0,3264,5568,732928,123712,291072,251328,1426240,8704,1408,727168,90048,1728,3136,239424,392576,1216,0,0,45376,0,597,1423,416913256,1185171167,1420672,0
643,1677440,190592,321600,0,5440,5760,478208,125376,550464,511040,1166400,8640,1408,472320,89536,1984,3264,241664,134208,1152,0,0,46080,0,589,1418,307588032,895867163,1160640,0
644,2237568,222848,324352,0,5120,5696,1059072,134016,486464,446976,1790592,8576,1408,1053056,108928,1728,3200,819776,137024,1152,0,0,54592,0,579,1399,4036942426,2644112000,1784896,0
645,1677248,175872,322048,0,3136,5632,487552,133312,549696,510400,1166848,8640,1472,481792,89600,1600,3072,249856,135488,1024,0,0,53120,0,582,1406,1134324293,527213880,1161216,0
646,1677120,175488,322240,0,3392,5568,541376,132928,496128,457280,1219840,9088,1408,535616,119808,1920,3264,284736,153536,1216,0,0,53696,0,584,1394,462911576,2430727622,1214272,0
647,1677568,175424,323648,0,3264,27520,504448,139008,504256,465024,1212544,8896,1408,498560,91072,1792,3072,253376,148480,1152,0,0,57792,0,585,1395,2413637350,2769218203,1185024,0
648,1677248,218112,322048,0,5440,5504,646016,144192,335936,296640,1380608,8768,1280,640192,92352,1920,3072,385600,156544,1152,0,0,64704,0,592,1404,1226839868,1963356885,1375104,0
649,2237184,191424,323264,0,3328,5760,1032448,200704,480256,440576,1796608,179904,1344,1026688,113664,1856,3136,593984,133696,1216,51008,192,65536,0,583,1388,2099600448,4073986674,1790848,0
650,1677568,193920,322560,0,3200,26816,685120,183296,262656,222080,1455488,167616,1408,679232,96000,1984,3328,258880,133440,1216,51648,256,48064,0,593,1414,1887227761,399679172,1428672,0
651,1677184,196544,321984,0,137024,5888,696704,183488,135552,95296,1581888,168256,1408,690816,96768,1920,9600,262144,135488,1152,51648,256,48896,0,593,1421,2407065821,3630811424,1576000,0
652,2237376,217408,320768,0,3328,5824,982464,131712,575872,536000,1701376,312192,1408,976640,93632,1984,11584,361984,169984,1152,0,0,51264,0,595,1446,2621494283,118852041,1695552,0
653,1677312,194496,321216,0,3392,5632,465792,160384,526400,486976,1190336,8576,1344,460032,88448,1600,2944,214400,134272,1216,0,0,80064,0,599,1457,605818502,180484496,1184704,0
654,1677312,178624,324416,0,3328,5696,466880,140672,557696,518208,1159104,8832,1344,461056,105344,1664,3200,232640,130816,1088,0,0,61312,0,606,1471,2143500186,320281904,1153408,0
655,1677440,193472,323968,0,5376,5632,470656,168640,509696,470464,1206976,9024,1536,464768,88960,1792,3072,233152,131520,1088,0,0,88128,0,604,1469,1809527872,232418410,1201344,0
656,1677312,193408,318464,0,4544,6016,461888,165632,527360,488128,1189184,8704,1344,456192,88128,1792,3200,225216,130496,1216,0,0,85440,0,603,1455,1000740172,1196735043,1183168,0
657,1677824,179584,321792,0,3136,5696,448768,165440,553408,513664,1164160,8704,1344,443008,91008,1664,3072,213824,130688,1280,0,0,86528,0,607,1465,2358258920,4208793876,1158464,0
658,1676992,216640,322112,0,3264,5760,836992,148224,144000,104384,1572608,8704,1280,831424,119424,1984,3136,438080,293760,1152,0,0,68160,0,595,1436,3994631353,3290475747,1566848,0
659,1677376,195136,322112,0,3200,5632,508928,156096,486272,447168,1230208,8448,1408,503040,113856,1792,3264,269632,134912,1024,0,0,75968,0,596,1431,49071640,141893094,1224576,0
660,1677312,179712,322496,0,3264,27264,484416,137856,522304,483072,1194240,8704,1472,478528,94144,1856,3136,249088,131520,1280,0,0,58176,0,584,1393,947487912,4216072089,1166976,0
661,1677120,193344,323008,0,3136,5696,521664,153984,476288,436736,1240384,8896,1344,515712,94336,1984,3136,286784,132480,1152,0,0,74880,0,584,1394,593652783,75379569,1234688,0
662,1677568,195200,321664,0,3136,5632,475904,153856,522176,482560,1195008,8448,1472,470080,89344,1792,3328,240640,134208,1216,0,0,73792,0,589,1400,1705044133,316806968,1189376,0
663,1677184,218688,322624,0,3136,5760,581952,108736,436288,396992,1280192,8704,1408,576000,47360,1792,3008,343488,137472,1088,0,0,29888,0,575,1375,3422079959,2501155983,1274432,0
664,1677184,176640,322048,0,3264,5824,470912,99648,598848,559424,1117760,8960,1344,465152,73344,1728,3264,233216,139584,1088,0,0,21376,0,571,1370,115423974,1621454867,1111936,0
665,1117376,175616,322304,0,3200,5504,427968,100032,82752,43584,1073792,8768,1408,421952,46912,1792,3072,194816,136256,1280,0,0,21312,0,576,1378,2911155800,3920745861,1068288,0
666,1677312,174528,322944,0,122688,5632,439808,99840,511872,472320,1204992,8320,1408,433856,51968,1728,3008,204352,138816,1152,0,0,21632,0,575,1373,2975557330,2723812996,1199360,0
667,1677312,200384,324160,0,3200,5952,646720,115904,380992,341760,1335552,8768,1344,640768,49024,1984,3392,408704,140352,960,0,0,35648,0,587,1395,3058782954,3301151352,1329600,0
668,1677440,216192,322496,0,3264,5504,874432,136704,118848,79488,1597952,96832,1472,868672,74240,1920,3456,360576,324800,1280,0,0,56960,0,579,1381,3795192361,61897130,1592448,0
669,1677376,175296,320064,0,3392,5888,665728,126656,380352,340672,1336704,205632,1344,659776,47680,1728,3328,207232,159680,1088,0,0,45632,0,593,1411,1709219329,2859038183,1330816,0
670,2237504,246464,323456,0,3392,28032,1278784,146560,210816,171200,2066304,414656,1408,1273024,48896,1664,229888,384448,157824,1088,0,0,66496,0,593,1409,3350106390,396631246,2038272,0
671,1677056,223168,322112,0,3328,27392,671680,130752,298624,259712,1417344,12736,1472,665984,78016,1728,3008,375168,149632,1088,0,0,49920,0,594,1422,3353573089,3139264713,1389952,0
672,1677376,205312,325504,0,5568,27072,544832,134592,434496,395136,1282240,12416,1344,538880,48832,1728,3008,284928,147008,1088,0,0,54400,0,589,1413,2591838022,1936635785,1255168,0
673,1677376,223168,322880,0,4608,5760,605184,136896,378880,339712,1337664,12608,1280,599296,50304,1984,3328,333568,146944,1216,0,0,55424,0,576,1401,2074949269,4280422629,1331904,0
674,1677376,224960,325184,0,3328,5760,459840,136256,522048,482496,1194880,12736,1408,454080,100416,1728,3136,197632,147072,1280,0,0,55040,0,584,1405,2323590944,3694260522,1189120,0
675,1677248,216512,321408,0,3264,5568,847424,140736,142336,103360,1573888,10944,1408,841600,97152,1856,3264,268160,451072,1216,0,0,58496,0,605,1439,1313665649,1425203452,1568320,0
676,1677376,188800,324608,0,3264,5824,507648,136576,510656,471296,1206080,9344,1344,501632,96192,1920,2944,260928,128576,1024,0,0,55488,0,598,1409,2036212043,4127085133,1200256,0
677,2237696,196992,323584,0,3456,27264,1286592,145920,253888,214464,2023232,96448,1344,1280704,113920,1792,3200,880512,152448,1088,0,0,62016,0,618,1455,185305411,356754509,1995968,0
678,1677184,175232,328640,0,3648,5504,659072,142784,362304,322560,1354624,204352,1408,653312,30976,2048,3264,187264,151296,1088,0,0,61440,0,616,1469,1260598500,2432106170,1349120,0
679,1677440,174592,329280,0,3584,5696,662848,134592,366848,327232,1350208,204928,1344,657024,31232,2112,3136,187776,151296,1216,0,0,53952,0,612,1459,2353948248,496094277,1344512,0
680,1677504,175552,326976,0,164800,27712,657920,121856,202688,162624,1514880,208576,1408,652096,30144,1792,3264,186752,150400,1216,0,0,42304,0,611,1451,4267027075,4163346737,1487168,0
681,1677120,175808,327552,0,5824,5632,622272,122496,417536,378304,1298816,205312,1472,616384,1536,1920,3264,156352,152256,1024,0,0,42240,0,615,1455,3648195510,4107684495,1293184,0
682,1677120,175296,330624,0,5824,5760,621888,123264,414464,374784,1302336,205888,1344,616128,1344,1792,3072,154688,152704,1216,0,0,43456,0,614,1450,2325699492,3090979441,1296576,0
683,2237696,295744,329920,0,3392,26944,999872,138432,443392,403840,1833856,366592,1408,993984,1472,1728,201088,172928,152000,1152,0,0,58112,0,608,1450,1657753814,3909757874,1806912,0
684,1117184,191680,328256,0,3456,27392,377856,139200,49344,9920,1107264,13952,1536,372096,1472,1728,3008,85248,147712,1088,0,0,59072,0,609,1452,1754942669,1747662475,1079872,0
685,1117120,177472,326720,0,3392,27520,361088,140160,80768,41536,1075584,13888,1344,355200,1344,1920,3136,89216,148416,1088,0,0,59456,0,604,1443,4003168097,3224217771,1048064,0
686,1117056,177536,327552,0,5568,5760,352384,135168,113088,73472,1043584,14016,1344,346560,1472,1536,2944,84032,146816,1216,0,0,55104,0,604,1437,2113764197,652358379,1037824,0
687,1116992,206336,327040,0,5888,5952,371840,140992,58944,19520,1097472,13952,1344,366144,2368,1664,3072,104512,147840,1088,0,0,60288,0,608,1450,3344705025,3759439627,1091520,0
688,1677376,178432,326976,0,3264,5824,437184,137536,588160,548864,1128512,11520,1344,431296,1984,1920,3072,165184,151936,1216,0,0,57664,0,611,1453,2448260321,4002732483,1122688,0
689,1677376,248448,328512,0,5504,5760,589888,139328,359936,320448,1356928,9344,1344,584064,30016,1920,2880,327424,144960,1344,0,0,57920,0,613,1458,1293829233,1774177554,1351168,0
690,1677504,233600,326848,0,4544,5760,614592,115520,376640,337216,1340288,8704,1344,608768,2368,1728,3200,350848,147968,1216,0,0,35008,0,608,1431,379651953,3620923781,1334528,0
691,1677184,175424,324032,0,3072,5760,465536,115712,587648,548352,1128832,8576,1408,459584,48000,1792,3264,202240,151040,1280,0,0,34560,0,618,1445,1727218856,504091364,1123072,0
692,1677632,177536,328320,0,3200,27648,473600,99456,567872,528128,1149504,8512,1408,467904,59712,1728,3008,211008,150528,1024,0,0,20928,0,609,1426,3479130029,2770793172,1121856,0
693,1116928,175936,327936,0,3328,5504,430208,110912,63104,24000,1092928,8768,1280,424448,1856,1664,3008,167936,153792,1088,0,0,31488,0,603,1417,2676382081,666758266,1087424,0
694,1677440,177856,324096,0,3264,5504,461440,109504,595776,556224,1121216,8576,1344,455808,53440,1728,3328,199104,152000,1216,0,0,29504,0,599,1416,815071212,259920883,1115712,0
695,1677440,198336,326336,0,3200,5504,563200,107968,472896,433472,1243968,8832,1472,557248,1408,1792,3136,293888,155776,1088,0,0,28928,0,592,1409,2774750138,1473382910,1238464,0
696,1677376,216064,328640,0,118592,5504,575424,99584,333568,294080,1383296,8960,1408,569600,1792,1920,3200,305408,155584,1024,0,0,20864,0,597,1417,4022768623,2302157582,1377792,0
697,2237376,250432,329792,0,3200,5504,1123456,114496,410496,370688,1866688,88896,1408,1117696,2560,1984,36672,717440,179520,1216,0,0,34432,0,582,1391,3490959661,3073451281,1861184,0
698,2798080,240512,329472,0,3584,27904,1490816,299712,406080,366208,2431872,242048,1344,1484928,45120,1856,590656,356480,196032,1216,128,172224,44992,0,602,1440,2097750490,2241723464,2403968,0
699,1677248,224768,329088,0,3904,27840,692160,303104,96384,56960,1620288,205056,1472,686144,70528,1728,2944,177024,190144,1152,128,171456,47616,0,589,1416,914048243,2690243099,1592448,0
700,1677376,211072,329216,0,3904,27904,676544,335744,92992,53760,1623616,211520,1472,670592,73920,1728,3072,162432,179520,1024,128,206208,45952,0,599,1439,2020192085,364336897,1595712,0
701,1677312,209152,329856,0,6784,27904,693184,332160,78272,38144,1639168,211264,1280,687232,98496,1600,3072,187392,174976,1216,128,205504,43136,0,599,1432,1783595513,3811350712,1611264,0
702,1677504,225024,328128,0,7168,27520,416448,201088,472128,432640,1244864,12608,1472,410432,74816,1792,2944,138880,150976,1088,128,84160,34240,0,599,1432,2411916670,4024855857,1217344,0
703,1677248,208576,331328,0,5312,5888,416576,322304,387264,347904,1329344,13056,1408,410880,74560,1856,2880,136320,151872,1088,128,204992,33792,0,597,1431,1562650832,526152915,1323456,0
704,2797696,285184,329088,0,4480,5760,1304768,349824,518592,479488,2318208,12928,1344,1299008,75968,1856,27968,437248,486208,1216,128,204736,61056,0,601,1450,2003954581,686357268,2312448,0
704,1677504,212544,322752,0,8192,5888,595136,329408,203584,164160,1513344,10816,1344,589504,101696,2048,36928,262528,131520,1280,128,204864,39616,0,611,1460,1629136071,434976113,1507456,0
705,2237312,295808,322432,0,6592,5632,696256,317504,593088,553408,1683904,8384,1344,690560,110464,1856,17152,430336,130624,1088,128,179712,53440,0,602,1495,3916953989,468442123,1678272,0
706,1677376,193088,321920,0,7488,27776,511168,132288,483648,444224,1233152,8768,1408,505216,106176,1920,3200,266240,126976,1152,0,0,48512,0,568,1411,1394568177,1727951085,1205376,0
707,1678848,194880,320576,0,6528,20800,463808,135360,536896,495936,1182912,8768,1472,457920,76608,1792,3136,233984,116800,960,0,0,44288,0,536,1323,2659966998,2421088326,1162112,0
708,1677376,193792,322176,0,152320,20288,461056,135360,392384,350848,1326528,8768,1472,455168,81152,1664,3200,238016,115008,1152,0,0,44864,0,526,1303,1248614182,3058183927,1306240,0
709,1677248,195072,323648,0,6016,20672,469376,141056,521408,479936,1197312,8512,1344,463872,76928,1664,3328,241472,115008,1216,0,0,51328,0,526,1294,3994237945,3159210275,1176640,0
710,1677440,210944,321728,0,4992,42624,774208,138688,184256,142656,1534784,8384,1280,768576,77248,1984,3136,538240,116416,1344,0,0,49152,0,515,1290,1094130197,2262282091,1492160,0
711,1677248,222336,327936,0,4992,20224,671872,140800,289088,248256,1428992,8384,1344,666240,77696,1984,3264,438208,115328,1088,0,0,52672,0,515,1281,3445305608,3609047763,1408768,0
712,1677184,193280,326016,0,6016,20224,456384,144000,531264,489728,1187456,8832,1408,450752,73600,2112,3200,225344,116544,1024,0,0,52864,0,512,1273,3957449815,644258222,1167232,0
713,1677632,193856,327168,0,4928,20160,451968,146240,533312,491712,1185920,8896,1344,446208,30016,1792,3200,192192,116224,1152,0,0,55808,0,518,1290,3136786870,1253402079,1165760,0
714,1677248,253824,328576,0,5952,19904,598016,144768,326208,284736,1392512,8448,1408,592256,29632,1664,3136,346496,121536,960,0,0,52992,0,521,1294,2461471630,2097034242,1372608,0
715,1677568,195264,329088,0,4928,21248,446016,143488,537536,496384,1181184,8704,1280,440384,52928,1728,3200,207424,116480,1088,0,0,55232,0,516,1279,3160691044,3066105886,1159936,0
716,1677440,194688,330112,0,7360,20224,424128,146368,554560,513536,1163904,8640,1408,418304,29760,1920,3008,185984,117440,1280,0,0,56512,0,506,1255,3884420741,2077365580,1143680,0
717,1676992,199424,330880,0,7552,20608,406912,149568,562048,520960,1156032,8448,1472,401024,30272,1856,3200,164864,117824,1216,128,128,53056,0,504,1253,665649790,3942387636,1135424,0
718,1677312,160320,331776,0,4992,20800,541504,148864,469056,427904,1249408,8832,1408,535680,30016,1728,2944,164032,117120,1152,64,128,53632,0,505,1256,3798719516,1625693867,1228608,0
719,1677504,188352,329344,0,6016,19712,631680,147200,355200,313728,1363776,8512,1344,625728,30144,1792,3008,387072,117184,1088,64,128,52416,0,501,1248,187628922,3317563453,1344064,0
720,1117248,159168,331840,0,5056,20544,408128,149888,42624,1216,1116032,8704,1408,402368,29952,1984,3200,166784,117184,1152,128,128,54400,0,502,1247,449039005,1239919337,1095488,0
721,1677312,159680,331392,0,5184,42368,512320,145408,480960,439424,1237888,15168,1472,506240,70720,1728,3008,223616,145472,1088,128,128,49536,0,514,1261,3117426416,126219774,1195520,0
722,1677312,160000,330944,0,6144,21056,459008,144128,556032,514880,1162432,15296,1472,452992,29888,1920,3008,162944,140160,1152,128,192,48768,0,514,1261,2532951570,1932192019,1141376,0
723,1677376,161344,332992,0,7488,20608,443584,145600,565760,524608,1152768,15360,1472,437632,29888,2048,3200,164032,142464,1152,64,128,49344,0,519,1265,2167633897,3029665241,1132160,0
724,1677312,184128,329792,0,125888,21056,585600,145728,285120,244160,1433152,12032,1344,579712,31104,1984,2944,326400,129088,1216,128,128,50944,0,511,1251,3545050305,2217917187,1412096,0
725,1677056,160064,329984,0,8000,20544,455168,143872,559424,518656,1158400,8704,1344,449216,74880,1856,3136,212352,113984,1152,64,128,48512,0,519,1265,2901897077,3157042808,1137856,0
726,1677376,160384,326656,0,7296,20416,470784,145216,546624,505536,1171840,9088,1344,465024,74112,1792,3328,209024,116224,1152,64,192,50112,0,517,1269,1698362110,846187875,1151424,0
727,2237696,185152,330304,0,5952,20864,943488,152384,599552,557696,1680000,8832,1472,937664,72640,1792,3264,682368,128384,1344,64,192,56384,0,522,1279,500520639,1576203028,1659136,0
728,1677440,160384,331648,0,4992,20160,453952,157376,548928,507648,1169792,8384,1344,448384,72384,1728,3200,202688,118464,1152,64,192,61696,0,527,1285,1506883655,2795560766,1149632,0
729,1677312,160448,330432,0,4928,20544,465792,161856,533312,492096,1185216,8960,1408,459968,66688,1792,3072,199040,119808,1152,128,128,66496,0,526,1291,1361726161,1367550365,1164672,0
730,1677568,160192,329984,0,6080,20096,444800,160256,556160,514496,1163072,8448,1344,439040,59904,1792,3264,197632,116224,1024,64,192,64960,0,522,1278,3126600073,1827142346,1142976,0
731,1677184,159552,331520,0,4992,42112,527936,164480,446592,405248,1271936,8896,1344,522304,100224,1536,3264,238656,118464,1088,128,128,68288,0,516,1263,3942577652,1903006298,1229824,0
732,1677440,246784,334208,0,7296,20800,612608,163712,292032,250880,1426560,8640,1472,606720,60672,1920,3136,364544,115136,1024,128,128,67840,0,515,1259,2176994593,3340967216,1405760,0
733,1677312,159040,330432,0,6208,19968,540800,158336,462528,420928,1256384,9088,1408,534912,67008,1792,3136,201792,114176,1152,128,192,62784,0,513,1260,3143717912,1568091232,1236416,0
734,1677120,183616,333184,0,5056,19904,929984,159168,46208,4800,1672320,8512,1408,924160,73856,1856,3200,677888,118848,1024,128,128,63808,0,509,1264,175587844,430633642,1652416,0
735,1677440,146432,333696,0,7232,20928,470016,154496,544640,503808,1173632,8768,1408,464128,72896,1728,3264,215424,115904,1344,128,128,59328,0,510,1265,1525942344,1911819510,1152704,0
736,1677184,166912,330624,0,5120,41984,828800,166080,137664,96192,1580992,8448,1344,822976,96000,1792,3136,521792,166272,960,128,128,69952,0,509,1249,3327318084,2178578045,1539008,0
737,1677248,158464,333376,0,5056,20416,495232,160192,504512,463424,1213824,8448,1344,489536,60864,1664,3200,201792,153920,1152,128,192,65472,0,511,1242,4207828260,574022954,1193408,0
738,2237696,176576,329408,0,166592,20544,871488,162112,510976,469056,1768640,8768,1344,865664,62784,1792,3328,578752,146240,1280,64,128,68160,0,502,1243,3831346406,2869854560,1748096,0
739,1677184,159744,332992,0,7616,20800,482624,163904,509504,468096,1209088,8448,1344,476928,61312,1856,3328,202368,143680,1280,128,192,67712,0,504,1245,3482620366,3986826342,1188288,0
740,1677248,159232,329600,0,5120,20480,691840,162240,308736,267840,1409408,14848,1408,686016,80256,1984,3264,353472,174272,1152,128,128,67584,0,520,1265,939819906,2542028948,1388928,0
741,1677120,160192,331136,0,4928,42048,519424,159488,459904,418560,1258560,15360,1344,513856,62464,1856,3328,200512,166784,1152,64,128,64000,0,515,1246,3091281980,2104599472,1216512,0
742,1677312,182912,330432,0,5056,20672,676864,148864,312512,271552,1405760,14720,1344,671168,62720,1920,3072,357888,171008,1152,128,128,52736,0,519,1248,75782007,481103057,1385088,0
743,1677376,145344,330368,0,6144,20160,680192,156544,338624,297152,1380224,11904,1344,674240,62208,1856,3072,380800,156544,1152,128,128,62144,0,522,1264,1663851647,924049790,1360064,0
744,1677312,145216,330176,0,4992,20160,817088,161472,198208,156800,1520512,8768,1344,811328,50304,1792,3136,522240,158656,1088,128,192,65984,0,523,1267,3664279378,3419169444,1500352,0
745,1677184,144768,332736,0,5056,20800,536192,165248,472384,431232,1245952,9088,1472,530368,84480,1984,3136,250944,144832,1024,64,192,69184,0,523,1261,2153345995,1508414780,1225152,0
746,1677376,145856,330304,0,6080,20864,566272,159296,448704,407296,1270080,8640,1472,560384,110528,1920,3200,274048,146048,1216,128,192,64128,0,529,1285,3885506049,2938256429,1249216,0
747,1677184,144960,329984,0,7744,20032,569024,166144,439296,398016,1279168,9152,1408,563136,111168,1856,3136,272064,156160,1216,64,128,71808,0,531,1281,1108513551,3015054528,1259136,0
748,1677248,145920,331712,0,5056,20864,661888,171072,340736,299584,1377664,8448,1344,656192,59968,1984,3264,226752,136000,1088,128,128,75392,0,534,1285,3001479580,1980465310,1356800,0
749,1677248,168768,332928,0,6016,20544,722752,185984,240256,199040,1478208,8896,1344,717184,60096,1792,3008,229760,330112,1088,64,192,90240,0,524,1278,631000455,319452318,1457664,0
750,1677376,144448,329920,0,7168,20800,469248,176832,528960,488000,1189376,8896,1344,463552,35712,1984,3072,194624,135744,1280,64,128,82048,0,527,1266,3304396683,3795968981,1168576,0
751,1677568,169152,327936,0,7296,42304,635584,179648,315648,273920,1403648,8640,1408,629696,14144,1920,3008,349696,135744,1024,128,128,84544,0,536,1293,2232866370,1836329851,1361344,0
752,1677056,143488,332992,0,147392,20480,532032,161728,338944,297792,1379264,9216,1408,526336,95936,1792,3136,256832,138880,1216,64,128,66752,0,518,1250,3183001692,3138111270,1358784,0
753,2237440,161600,334464,0,6016,20672,961024,191680,561984,520704,1716736,8960,1408,955200,62208,1856,3008,678912,140288,960,64,192,65472,0,512,1260,686964891,1195281162,1696064,0
754,1677440,179968,331648,0,5696,20416,567232,179520,392960,351808,1325632,8832,1344,561344,13888,1920,3264,280000,140288,1216,128,192,67520,0,509,1261,2095022590,3077644719,1305216,0
755,1677504,144256,331584,0,6272,20608,616576,178176,380032,338688,1338816,8768,1472,610816,13760,1920,2944,337216,139968,1280,128,192,65984,0,514,1281,1204784791,2526787773,1318208,0
756,1676992,166784,330368,0,5696,20352,819328,176896,157568,116416,1560576,9088,1344,813760,13568,1856,3072,531776,142784,1088,128,128,65152,0,514,1281,3746226683,340390732,1540224,0
757,2237568,191424,333504,0,3136,20352,1279552,162048,247552,206336,2031232,8384,1344,1273856,14272,2688,3200,998528,139712,1088,64,64,51328,0,521,1291,3043714503,1324278670,2010880,0
758,1677184,204288,332032,0,3200,20416,728576,157632,231040,190336,1486848,7808,1344,722944,14464,3648,3264,415040,142464,1088,128,192,45056,0,513,1275,4139183724,1125810696,1466432,0
759,1677376,216448,331648,0,5312,20608,800384,157248,145728,104960,1572416,8064,1408,794240,66688,3648,3200,523520,139200,1216,128,192,45888,0,519,1284,3478553427,1186651897,1551808,0
760,2237760,185536,330560,0,3136,41856,1180544,166528,329600,288128,1949632,8512,1408,1174784,87232,100032,3200,799104,150080,1472,128,192,54144,0,512,1275,2996467221,1328872756,1907776,0
761,1677120,145216,330304,0,3264,20672,665728,161792,350144,308800,1368320,8064,1344,659904,68992,3648,3008,378752,139136,1216,128,128,49856,0,507,1267,3778979809,318858839,1347648,0
762,1677248,159808,329472,0,3264,20800,648512,155456,359936,319040,1358208,7936,1472,642880,68992,3648,3072,373632,140608,1088,64,128,42944,0,526,1300,700645429,261653489,1337408,0
763,1677312,160256,331968,0,3264,20544,683584,154944,322752,281856,1395456,8000,1408,677888,71168,3840,3136,383744,140416,1024,64,128,44224,0,523,1295,1710797636,4171977488,1374912,0
764,1677376,146304,333440,0,3200,20736,653504,155392,364800,323456,1353920,8000,1536,647744,70848,3648,3008,380544,139840,1152,128,192,44992,0,524,1290,1535473830,869061904,1333184,0
765,1677056,182784,331136,0,3328,20352,909632,150272,79552,38208,1638848,8768,1344,903936,71936,1920,3264,637120,136960,1216,64,128,55104,0,520,1289,3473500804,635573604,1618496,0
766,1677184,145280,329280,0,138496,42240,526144,151104,344640,303296,1373888,8832,1472,519936,78720,1728,3328,240768,141568,1152,128,192,53760,0,514,1274,3279410504,3883035609,1331648,0
767,1677568,144960,334400,0,5632,20608,528960,148736,494272,452928,1224640,8768,1344,523136,70912,1856,3392,230592,137408,1152,128,128,54144,0,523,1281,2729509856,1990135608,1204032,0
768,1677376,144832,332544,0,4608,21120,626752,141120,406400,365184,1312192,8704,1472,620864,44160,2048,3328,344128,136256,1216,128,128,45760,0,501,1252,3868920038,649568305,1291072,0
769,1677056,169472,332096,0,5376,20672,454912,149824,544704,504000,1173056,8768,1472,449216,17152,1856,3328,178944,138816,1088,64,128,56064,0,509,1266,821391093,2721025688,1152384,0
770,1677440,193664,332416,0,3904,42048,794944,149696,160768,119488,1557952,8896,1408,789120,42624,1856,3136,521088,139968,1088,128,128,54592,0,505,1256,1585459359,2149008812,1515904,0
771,1677440,143424,330048,0,1920,20800,475456,152960,552832,511936,1165504,8896,1472,469504,16320,1984,3264,189760,138496,1088,128,128,57664,0,513,1285,4045680689,1594571831,1144704,0
772,1677312,168512,331200,0,1856,20544,576768,147200,431232,389952,1287360,8576,1408,570944,16448,1856,2944,305344,138944,1024,128,192,52672,0,513,1268,80965955,1866000844,1266816,0
773,1677248,234560,329344,0,1856,20736,653824,144000,292928,252224,1425024,8640,1344,648128,17216,1984,3072,369344,135296,1152,0,0,54464,0,525,1293,1579259085,3392439274,1404288,0
774,1677248,200896,329216,0,1920,20992,603968,136832,383424,342528,1334720,9088,1408,598080,16512,1984,3200,173952,299904,1088,0,0,46208,0,516,1318,3129944632,4184780935,1313728,0
775,1677248,176064,330048,0,1920,20864,514432,136640,497280,456768,1220480,9472,1408,508800,81728,1792,3136,249088,132800,832,0,0,46784,0,535,1370,3297190097,3783179737,1199616,0
776,1677888,189952,329472,0,1920,20416,846784,137920,151424,109568,1568320,8832,1344,841088,102976,1792,3136,548096,134464,1088,0,0,46976,0,589,1518,1164625372,3048896014,1547904,0
777,2236864,746112,332288,0,1856,24832,766912,150528,214336,173440,2063424,8960,1280,761216,104448,1920,3264,499968,134272,1088,0,0,57536,0,609,1523,4248543561,4108626085,2038592,0
778,1677504,175872,327424,0,1984,24320,544256,149888,453760,413120,1264384,9216,1408,538560,104768,1920,3072,265536,134784,1152,0,0,55680,0,603,1471,1697518945,4161129580,1240064,0
779,1677312,189568,329088,0,3136,24896,923584,148672,58368,17472,1659840,206528,1408,917632,125312,1856,3200,416064,160832,1152,0,0,56128,0,613,1473,867908337,216898032,1634944,0
780,1677056,191296,333632,0,3264,46720,754112,139840,208192,167040,1510016,207680,1344,748416,104256,1920,3392,269440,154112,1152,0,0,48064,0,627,1504,2345158555,931324952,1463296,0
781,1677440,174272,329856,0,138432,24384,763328,138816,108352,67136,1610304,205120,1408,757376,102720,1792,3264,266240,156032,1216,0,0,47296,0,629,1496,2344278237,194563977,1585920,0
782,1677120,246784,329792,0,3264,24960,838208,140864,93248,52416,1624704,219520,1344,832448,16704,1920,3392,337664,159616,1088,0,0,47104,0,634,1505,532690710,3374706341,1599744,0
783,1677568,189120,332288,0,5248,24640,776896,153216,196160,155328,1522240,290304,1344,770944,16128,1920,3328,191232,156288,1280,0,0,59584,0,638,1519,3626018007,1400056583,1497600,0
784,1677440,174080,331328,0,5568,24384,822272,149440,170368,129088,1548352,361216,1344,816448,16320,1920,3712,179584,157568,1152,0,0,57280,0,634,1511,3136464960,405894743,1523968,0
785,2237376,258432,332032,0,3264,24768,837760,191360,589760,548160,1689216,199296,1344,831936,17088,1792,7744,329856,151360,1216,0,0,67584,0,637,1518,4228367707,1462259581,1664448,0
786,1677184,187968,327808,0,3264,24448,553280,165760,414656,373568,1303616,175168,1408,547328,17152,1664,3264,99968,144128,1088,0,0,56832,0,633,1507,2584719144,1130654975,1279168,0
787,1677440,173760,329984,0,5440,24128,555008,164800,424320,383232,1294208,175424,1472,549248,24320,1664,3520,110272,142016,1152,0,0,56640,0,632,1506,2165889043,1383122649,1270080,0
788,1677184,189184,329792,0,3840,24768,560512,166592,402496,361216,1315968,175488,1344,554560,16320,1600,3456,105856,142336,1216,0,0,58048,0,631,1500,4082320971,2209657758,1291200,0
789,1677248,188416,332416,0,1984,24576,698816,190272,240768,199808,1477440,175296,1408,692864,16256,1664,3456,239616,155264,1280,0,0,80192,0,628,1491,2109678483,3001005988,1452864,0
790,2237632,215616,332160,0,1920,46208,904832,172800,564096,522432,1715200,171072,1408,899136,17152,1984,3456,443904,163392,1216,0,0,63744,0,627,1506,903741015,1370422854,1668992,0
791,2797568,229440,329920,0,2624,46720,1469312,178624,540928,499712,2297856,406720,1408,1463552,17536,1728,237376,525376,162048,1152,0,0,68736,0,642,1533,1765717862,3231677256,2251136,0
792,1677056,204288,332032,0,3264,46848,643200,171136,276288,235264,1441792,12160,1344,637504,89856,1920,3008,326464,153856,1280,0,0,60928,0,637,1516,2349080713,1125413090,1394944,0
793,1677504,178368,333056,0,3328,46592,553920,174016,388224,347072,1330432,12288,1408,548096,16576,1728,3136,242432,155328,1280,0,0,64256,0,640,1524,2037440919,3033917252,1283840,0
794,1677376,193792,328064,0,119552,24576,564608,176704,270080,228224,1449152,12224,1408,558784,16768,1792,3072,249984,153344,1408,0,0,67008,0,642,1538,2383924115,1058901382,1424576,0
795,1677504,203456,331200,0,3136,24320,557120,178624,379648,338496,1339008,11840,1408,551296,16768,1792,2944,261760,153984,1344,0,0,69376,0,643,1538,2251381938,257943973,1314688,0
796,1677184,220416,330944,0,3136,46656,646464,179584,249984,209152,1468032,11904,1472,640512,16896,1728,3072,323712,174784,1088,0,0,67904,0,643,1532,2455189768,4074177740,1421376,0
797,1677312,277760,332160,0,3200,24576,678464,171840,189312,148160,1529152,8896,1408,672512,68608,1856,3136,389504,149376,1216,0,0,62336,0,635,1522,646210894,762832611,1504576,0
798,2237632,193344,336064,0,3328,25088,817024,331712,531072,489792,1747840,9472,1408,811200,16512,1920,3328,315840,149568,1280,128,158784,60352,22080,645,1549,3290286121,3253691730,1722752,0
799,1677504,190144,333184,0,3264,45696,654080,242240,208896,166400,1511104,9536,1344,648192,27776,1984,3136,331072,154240,1216,128,69760,60032,0,643,1546,2678545003,1285318322,1465408,0
800,1677312,191168,332544,0,3264,24384,700544,229568,195840,154112,1523200,9664,1408,694784,76160,1984,3200,382592,153664,1152,128,70144,46720,0,643,1538,3889729490,1665486491,1498816,0
801,1676992,193088,328896,0,3392,24256,783488,240256,103616,62080,1614912,9856,1344,777792,140864,1792,3072,456448,152384,1152,64,70336,56064,0,638,1535,1729868791,3633141708,1590656,0
802,1677184,202624,329600,0,3456,24448,749632,237952,129472,88000,1589184,9408,1344,743680,20416,1984,3200,437952,150720,1152,64,70592,54016,0,644,1535,17571114,2533440901,1564736,0
803,1677568,192192,331840,0,3392,24384,554688,229824,341248,298752,1378816,9728,1408,548992,20224,1984,3136,200640,151552,1152,64,70784,47680,0,644,1540,2542075675,2870227651,1354432,0
804,1677184,192192,331328,0,5696,24576,525632,230528,367232,325632,1351552,9664,1344,519744,20608,1984,3136,202304,149184,1216,64,70272,48000,0,634,1519,839175754,3807849611,1326976,0
805,1677248,176768,333056,0,4864,24320,509440,228288,400512,359040,1318208,9600,1280,503616,20992,1920,3328,197248,147648,1152,64,70080,46848,0,629,1516,327625919,2521393990,1293888,0
806,1677312,191296,330432,0,3328,24640,512000,215488,400128,358848,1318464,9600,1408,506304,29248,2112,3712,188160,152512,1152,128,69888,51200,0,628,1522,1985219490,3351393445,1293824,0
807,2237504,263104,330752,0,3392,24256,804608,225920,585472,543744,1693760,9472,1408,798784,68864,1920,3392,407680,149184,1152,64,70336,59392,0,627,1519,3621319598,3026636766,1669504,0
808,1677248,177088,332416,0,122624,24320,552832,225088,242880,201344,1475904,9792,1408,546944,69120,1984,3200,232704,145024,1088,64,70400,58816,0,629,1516,1010390590,597532278,1451584,0
809,1677376,190400,329152,0,6912,46464,535296,215168,353984,312000,1365376,9600,1344,529280,69376,2048,3392,221888,146112,1280,64,69888,51520,0,625,1512,1608120423,1012584287,1318912,0
810,1677056,230656,332480,0,6208,23872,533056,214784,336000,294464,1382592,9792,1408,526976,69312,1984,3264,223552,147904,1280,64,70464,49920,0,623,1507,504022571,1690400178,1358720,0
811,1677440,177664,326848,0,4096,24256,570560,215104,358912,316992,1360448,9728,1344,564800,91136,1920,3456,250432,145600,1088,128,71040,48704,0,615,1490,110504769,2244804577,1336192,0
812,1677120,190464,330368,0,1920,24064,562176,213120,355008,313408,1363712,9600,1408,556352,71360,1984,3264,232832,146176,1152,64,70592,48448,0,618,1504,1249005968,160673808,1339648,0
813,1677312,191680,330816,0,1920,24064,560640,226496,341696,299904,1377408,9344,1408,554752,71104,2048,3328,237952,144576,1088,128,70336,60864,0,625,1522,3069651779,522465506,1353344,0
814,1677376,177024,329280,0,1856,24448,538688,223040,383040,341440,1335936,9088,1408,532672,71360,1920,3456,229376,147520,1216,64,70400,57600,0,627,1522,2126221293,2637544606,1311488,0
815,2237504,210816,331776,0,3136,24320,998080,231104,438272,396544,1840960,9472,1344,992384,73536,1984,3392,686080,144768,1088,64,70272,47232,0,627,1524,1796592920,1061504748,1816640,0
816,1677440,200320,328576,0,3264,27072,702720,232256,183232,141504,1535936,9536,1408,696704,78400,1920,3328,335104,168512,1216,128,70336,45504,0,625,1517,3680421928,4233269061,1508864,0
817,1677440,192448,331584,0,5440,26368,717632,225280,178688,137408,1540032,9792,1280,712064,83840,2176,3520,362560,186304,1152,64,63360,47296,0,628,1522,3863976416,3173166411,1513664,0
818,1677184,192576,331136,0,6272,26176,768512,236480,116032,74304,1602880,9728,1408,762496,108608,1920,3392,406528,183872,1152,64,63424,57984,0,628,1522,1403637084,2238041202,1576704,0
819,1677440,177408,332480,0,3904,48832,726464,233472,154880,113152,1564288,9280,1408,720704,85440,1984,3584,368640,186880,960,128,63872,55360,0,627,1523,3458724789,3291009969,1515456,0
820,2237568,210752,332416,0,1792,27008,904192,210496,550912,509568,1728000,9536,1280,898496,86336,2048,3200,552640,185408,1152,128,63680,48576,0,623,1516,3497544487,1997529178,1700992,0
821,2237504,201088,328704,0,3328,26496,1120192,218752,338944,297728,1939776,9728,1536,1114304,78400,1984,3392,236096,681600,1280,64,63808,57152,0,630,1535,736266344,412219657,1913280,0
822,1677312,199680,331712,0,138816,26176,700224,229760,50944,8640,1668672,9024,1536,694208,96384,2176,3328,409600,125248,1088,128,63680,67264,0,632,1527,2161538110,551786713,1642496,0
823,1677376,192512,330304,0,3712,27072,533120,234432,356224,314560,1362816,8960,1344,527232,70720,1856,3520,230848,119168,1152,128,63232,71744,0,635,1534,2969287936,167575490,1335744,0
824,1677440,193536,329600,0,5696,27136,547200,234560,339712,298176,1379264,9344,1408,541312,97280,1984,3392,263360,116096,1216,64,63360,71744,0,641,1544,833839701,740675628,1352128,0
825,1677632,210304,331264,0,4864,26816,669312,222912,212160,170432,1507200,9472,1344,663616,71360,1984,3328,379328,118784,1152,128,63680,62464,0,644,1539,2423171240,2496264352,1480384,0
826,1677248,232576,327232,0,3328,48832,581952,229184,254144,212544,1464704,9408,1408,576192,122176,1856,3456,285696,120000,1216,128,64128,63488,0,639,1528,3309243464,1767387367,1415872,0
827,1677184,194816,330496,0,3328,26496,546432,225984,349632,308160,1369024,9024,1408,540544,97024,1792,3392,260032,116992,1280,64,64064,62912,0,639,1533,473718080,298409356,1342528,0
828,2237504,266432,332288,0,3392,26880,832000,240576,535936,494720,1742784,9216,1408,826176,67136,1984,3392,524224,127936,1216,64,63232,61696,0,631,1520,3560623411,1336547309,1715904,0
829,2237568,270784,330944,0,3712,48256,1110656,319680,153536,111232,2126336,9216,1408,1104896,15424,1792,3392,410752,503360,1216,256,129024,89728,0,649,1581,2939285357,1701787855,2078080,0
830,1677184,218304,331264,0,5888,26752,564480,327296,203200,161984,1515200,9600,1280,558528,46912,1984,3584,230464,126336,1088,192,129536,96512,0,657,1600,2310753020,1413116958,1488448,0
831,1677312,185664,328320,0,4992,24960,536256,319424,277696,235968,1441344,9664,1280,530624,59136,1792,3264,222720,118528,1216,128,129024,92800,0,646,1585,2825545618,2203435117,1416384,0
832,1677184,200768,333760,0,6272,24576,475520,312448,323840,282176,1395008,9856,1408,469632,15552,1920,3392,174976,118528,1152,256,128896,85888,0,657,1601,909274947,872499665,1370432,0
833,1677440,199552,332928,0,6528,24064,525120,313664,275584,233856,1443584,8896,1344,519360,45568,2048,3264,208960,118912,1152,192,129600,88064,0,652,1597,345439970,4113281797,1419520,0
834,1677248,186240,329088,0,3328,24128,477760,313280,343424,301952,1375296,9472,1344,471808,14976,1920,3584,171328,124416,1152,192,129856,86720,0,657,1600,2883239208,1155062333,1351168,0
835,1677632,200384,331648,0,3328,24576,481984,244800,390912,348992,1328640,9472,1280,476288,14976,1920,3328,174336,125952,1152,64,64000,86784,0,630,1546,3945781826,1852659103,1304064,0
836,1677760,200832,328000,0,139200,24640,502976,244672,237440,195008,1482752,9280,1344,497024,15040,1792,3392,194688,126720,1216,64,63616,85312,0,644,1549,2654239686,2807359973,1458112,0
837,1676672,184640,331712,0,3392,24256,482304,239424,410944,369216,1307456,9152,1344,476544,14976,1728,3392,183168,127168,1280,128,63424,79808,0,642,1543,1371978927,2681140047,1283200,0
838,1677568,217280,330304,0,3264,24448,492992,230976,378304,336576,1340992,9408,1408,487296,15104,2048,3456,183936,127168,1152,128,63040,72960,0,627,1514,1319592115,840725201,1316544,0
839,2237312,216192,330112,0,5632,48896,889024,248256,499200,457536,1779776,9856,1344,883200,15040,1728,3328,566656,124736,1024,128,64128,69824,0,631,1517,383073480,231955869,1730880,0
840,1677120,201920,332224,0,4608,26688,560256,249536,301888,260160,1416960,9920,1408,554368,15296,1984,3392,266944,123584,1344,128,63424,69952,0,627,1507,3759695381,2863849613,1390272,0
841,1677440,195136,329664,0,5440,27328,625344,257344,237184,195776,1481664,9792,1344,619584,16192,1728,3264,320896,121792,1216,128,63296,78336,0,640,1544,888855907,2771994477,1454336,0
842,2237504,218368,332160,0,4544,26496,845760,256640,553536,511232,1726272,9728,1344,839872,70912,2048,3456,554560,121152,1344,128,63360,76416,0,631,1537,2682173199,1966151809,1699776,0
843,2237568,227392,331584,0,3392,26816,841792,227136,579456,537664,1699904,8896,1408,835904,110400,3520,3392,532608,121536,1216,64,63360,66688,0,631,1541,620872164,999165764,1673088,0
844,1677312,191872,332096,0,3264,27008,552448,223936,346688,305216,1372096,8896,1408,546560,93568,3648,3392,261248,122112,1088,64,64000,60736,0,633,1528,226351600,503470840,1345088,0
845,1677120,191232,331776,0,3264,26560,678144,210560,235584,193920,1483200,8896,1344,672320,69504,46976,3264,339520,127104,1280,128,64128,48640,0,634,1529,374542798,3723541437,1456640,0
846,1677312,192384,329280,0,5504,26368,546496,220544,356736,315328,1361984,8512,1280,540736,65984,3584,3392,252480,120896,1152,64,64000,57984,0,630,1534,3398868382,61876697,1335616,0
847,2237568,231552,333504,0,4672,26368,918016,234624,488832,446720,1790848,8768,1344,911936,1472,3648,3328,628032,121472,1152,64,63744,54336,0,622,1505,9166948,2247888330,1764480,0
848,1677504,193856,330624,0,5568,48512,510656,235072,353216,311552,1365952,8832,1344,504896,1536,3456,3200,188672,121664,1024,64,63488,55424,0,632,1534,1167247767,3078782980,1317440,0
849,1677312,239872,332544,0,6336,26752,793536,225920,52352,10944,1666368,8768,1344,787968,2048,3584,3200,501056,125184,1088,128,63232,47872,0,642,1539,11327871,221308389,1639616,0
850,2237440,225408,332416,0,124800,27008,1132352,236032,159424,116736,2120704,195456,1472,1126464,2048,2624,3136,637184,142208,1216,128,63872,53824,0,631,1532,127971020,540844288,2093696,0
851,2237632,190720,332288,0,3264,26944,1093888,257664,332864,290816,1946816,410176,1408,1088128,14208,2048,3328,363776,143744,1088,128,63936,76352,0,625,1520,4227305027,3793827950,1919872,0
852,1677056,213312,330560,0,5312,26240,739584,267328,94720,53184,1623872,9472,1344,733824,14656,2048,3328,446976,126784,1088,64,63296,73664,0,645,1544,3784927287,1387677325,1597632,0
853,2237696,237632,333440,0,3328,26880,1135232,248832,252352,210752,2026944,178304,1344,1129600,17152,1728,3392,647680,134336,1088,64,63744,75840,0,644,1525,3744799096,3683546878,2000064,0
854,2237504,195008,332160,0,6016,24640,887488,231360,560832,519168,1718336,366592,1472,881664,30144,1984,3584,209536,139904,1024,64,63232,72768,0,654,1544,1616512970,1900261470,1693696,0
855,1677312,180864,333376,0,6528,24384,502528,229440,400192,358720,1318592,9344,1344,496640,55104,1856,3520,213568,119168,1152,128,63424,70912,0,623,1498,1916002533,2866893449,1294208,0
856,1677376,195456,330304,0,2048,46656,470080,233536,399296,357824,1319552,9600,1344,464384,14208,1984,3456,176960,118400,1216,128,63744,72128,0,615,1501,1641787469,3921458641,1272896,0
857,1677376,197440,327680,0,1920,45376,500928,240768,363264,321600,1355776,9600,1408,494912,14400,1920,3520,190080,118016,1024,128,63232,82368,0,618,1517,3993383750,3929148297,1310400,0
858,1677312,213952,331840,0,1920,24576,801344,240384,63296,21888,1655424,9664,1472,795328,14272,1984,3584,505344,117632,960,128,63168,81920,0,629,1529,3230553126,2398493641,1630848,0
859,1677120,233408,331904,0,1920,24320,709504,232192,143872,102656,1574464,9792,1344,703680,14144,1920,3392,421184,118144,1088,64,63232,73408,0,618,1513,3477859936,161026991,1550144,0
860,1677440,179904,331392,0,1920,24192,453440,230208,456384,414464,1262976,9792,1344,447744,14208,1984,3200,170432,117248,1216,64,62976,71552,0,616,1512,2988394886,1572706664,1238784,0
861,1677504,194112,334272,0,1920,26880,507712,212544,400064,358336,1319168,9856,1344,501888,14272,2048,3264,172032,117504,960,128,63616,51264,0,616,1485,1680752688,608573478,1292288,0
862,1677056,196288,334464,0,1920,26880,467840,220928,428736,387328,1289728,10048,1408,462016,14208,2048,3392,188928,116672,1152,64,63552,60544,0,621,1491,3646736969,3906917456,1262848,0
863,1677376,180992,334464,0,121152,27136,459712,219328,334592,292544,1384832,9408,1408,453952,16192,2048,3520,178880,116992,1088,128,62976,58944,0,623,1501,3655630263,1529823372,1357696,0
864,1677312,195072,334080,0,1984,26432,550528,213120,356096,314816,1362496,9600,1408,544704,108544,2048,3456,269504,117888,1152,128,63744,51712,0,615,1487,3838163983,1198077080,1336064,0
865,1677312,195456,333824,0,1920,25728,453376,198912,468096,426240,1251072,9920,1344,447680,14080,1920,3264,171456,117184,1024,128,63808,37248,0,617,1490,2165592480,1397377791,1225344,0
866,1677504,207488,332864,0,1984,26688,798080,196480,113920,71936,1605568,9536,1344,792320,14400,1984,3456,508928,118208,1088,128,63488,36096,0,619,1486,331212472,2131546902,1578880,0
867,1677056,193088,331520,0,1920,26496,452416,198336,473280,431680,1245376,9792,1600,446400,14336,1728,3392,177600,117440,1216,128,63680,35648,0,613,1474,3069149869,3350050676,1218880,0
868,1677312,195520,336512,0,1920,48576,483072,207488,404224,362496,1314816,9856,1408,477184,14336,1984,3264,198080,116736,1024,64,63296,46016,0,612,1474,278937800,3348247530,1266240,0
869,1677440,202304,332672,0,1920,26240,617408,205824,291072,249536,1427904,9472,1344,611648,14272,1920,3456,337088,120320,1152,64,62720,44352,0,609,1473,4037289720,2066361043,1401664,0
870,1677312,223232,332096,0,1856,26816,581504,197952,313856,272128,1405184,9792,1408,575808,14144,1792,3328,302016,119168,1088,64,64192,36416,0,602,1463,1322252899,1155998770,1378368,0
871,1677312,232384,333888,0,1920,25856,750912,195776,136576,94656,1582656,9600,1408,745152,15552,1920,3584,455936,123456,1088,128,62784,35456,0,619,1482,2890090135,3786338445,1556800,0
872,1677184,194432,328896,0,1856,26624,485696,184896,454784,413440,1263744,9664,1344,479808,45568,1920,3328,212928,116096,1216,128,63168,23168,0,617,1468,919477021,3905146309,1237120,0
873,1677376,223808,330432,0,1920,26304,696640,183872,214400,172992,1504384,9728,1344,690880,15552,1856,3328,439744,118208,1088,128,63872,22848,0,612,1462,3131340160,1198047569,1478080,0
874,1677248,214080,330432,0,3200,26816,861632,198464,42624,1024,1676224,9600,1408,855808,71232,1984,3328,558528,163904,1216,128,62912,38080,0,611,1465,3169227432,2940338724,1649408,0
875,2237568,253760,330560,0,3328,26752,1317760,213568,91840,50112,2187456,9344,1472,1311616,1856,1856,3456,991680,179328,1088,128,63552,51904,0,603,1457,1913103631,730744666,2160704,0
876,1677312,216448,331392,0,3456,24768,583360,198336,319552,277760,1399552,9408,1344,577600,3008,1792,3520,277504,160640,1088,64,63552,40256,0,607,1453,507010165,176508101,1374784,0
877,1677312,194624,330176,0,3392,25024,490112,203776,430208,388416,1288896,9408,1408,484224,35648,1792,3264,189568,156928,1152,128,67200,40512,0,603,1451,189027932,336877127,1263872,0
878,1677248,208384,329280,0,152832,46144,464448,197952,278208,236416,1440832,9408,1344,458432,1472,1984,3136,159040,161856,1088,128,63424,40384,0,605,1451,1065570080,2624466228,1394688,0
879,2237504,239168,328640,0,5888,24576,1024768,219264,395200,353728,1883776,9344,1280,1019008,2176,1984,3264,709184,167808,960,128,63488,59072,0,620,1483,2608048691,3230149247,1859200,0
880,1677440,210432,331072,0,5056,24256,662976,220480,223168,181056,1496384,11648,1408,657216,28032,1984,24384,315264,178880,1024,64,63168,61440,0,628,1478,4031434279,4246742222,1472128,0
881,2237504,224192,324416,0,3584,24640,1081984,220352,358336,316416,1921088,372608,1344,1076352,54336,1856,27840,335744,209856,1280,128,63808,60864,0,619,1471,718120213,2259312475,1896448,0
882,2237632,210816,327872,0,5824,24704,935168,218944,514304,472768,1764864,358208,1408,929088,57920,1792,27776,215488,198592,1280,128,63552,60224,0,621,1475,3180828483,2268174484,1740160,0
883,1677248,211968,323904,0,6016,24512,767488,211648,131712,89728,1587520,206400,1280,761792,63808,1856,27776,218112,186560,1088,64,63488,53056,0,626,1484,1597741418,1623522880,1563008,0
884,2237312,259456,321728,0,6144,26432,1136320,236352,250880,209792,2027520,200320,1408,1130304,122752,1856,27456,588800,189312,1344,64,63488,73536,0,621,1480,2183581106,1280932758,2001088,0
885,1677312,212224,323520,0,3328,26752,815616,233344,62528,20800,1656512,205376,1408,809984,117632,1984,27520,266816,185280,1152,64,63872,69888,0,617,1480,3290753272,3453941926,1629760,0
886,2797504,768704,324672,0,5952,30272,862528,395584,409792,368320,2429184,86144,1408,856704,135488,1920,224960,244288,167040,1280,256,235200,68160,0,613,1481,654795294,2261127470,2398912,0
887,1677568,238144,324224,0,4992,29888,486720,385216,208384,166208,1511360,89856,1472,480960,1280,1856,3328,81984,167872,1152,256,235584,59520,0,607,1464,3991644972,2331831693,1481472,0
888,1677312,196992,323392,0,3200,30144,552384,418048,153152,111488,1565824,160768,1472,546688,2240,1856,3392,82432,164032,1152,256,268416,59392,0,616,1483,3230372312,4148531334,1535680,0
889,2237696,235520,323776,0,3200,8576,800448,411200,454976,412992,1824704,174400,1280,794560,60416,1856,3520,316352,165696,1216,192,268416,53632,0,611,1471,823621124,3038307934,1816128,0
890,2237376,225920,321600,0,119296,8128,644864,417216,500352,458176,1779200,178112,1280,639104,1792,1856,15680,137344,173184,1152,192,268864,57792,0,616,1450,17954606,1046061043,1771072,0
891,2237440,212160,322624,0,3200,8384,711552,416320,563200,521408,1716032,170880,1280,705792,46528,1920,27968,193728,179200,1088,256,269632,56192,0,623,1462,1162305793,2752836196,1707648,0
892,1677312,223872,322304,0,3200,8384,665088,400064,54400,12736,1664576,170368,1408,659136,2624,2048,27328,147968,179776,1216,256,268160,41344,0,618,1459,171856513,284549348,1656192,0
893,1677184,224192,324160,0,3136,8192,693632,367808,56064,14912,1662272,169984,1344,688064,28480,2048,27136,176384,182080,1280,256,244032,33728,0,618,1450,669350068,2377704644,1654080,0
894,2797760,488576,330240,0,3520,31040,1619776,188992,135616,94208,2703552,550080,1344,1614016,28800,1792,198272,495104,170496,1088,64,63872,36224,0,612,1442,1604574783,2797559425,2672512,0
895,1677248,217152,326592,0,3456,8192,752640,186944,182272,140672,1536576,162176,1408,746944,47744,1792,3072,291584,150912,1216,64,63040,35776,0,615,1447,3984311558,2119382158,1528384,0
896,1677760,217984,327680,0,3456,51648,770688,206976,99328,57280,1620480,161152,1344,764736,28160,1920,2944,287168,162112,1216,64,63232,53888,0,616,1456,1610616604,3340262074,1568832,0
897,1676928,183104,329152,0,3392,8192,599168,203008,350912,309568,1367360,161152,1344,593216,50432,1856,3136,128576,159744,1152,128,63104,51328,0,618,1458,500308142,918046992,1359168,0
898,1677376,226432,328576,0,3520,8448,694400,200832,215168,173696,1503680,163072,1408,688640,45760,2112,3136,193920,175616,1216,64,62912,47872,0,609,1452,3487824884,3878634345,1495232,0
899,2237440,293952,329856,0,3648,27904,960640,200512,420928,379648,1857792,178880,1344,954816,93440,1920,210880,241536,177536,1152,64,63040,52352,0,614,1444,2540144826,537170394,1829888,0
900,1675776,193472,330752,0,3648,28224,487488,203200,428992,389312,1286464,11392,1408,481728,54272,1728,3072,136960,164992,1280,64,63296,53504,0,612,1447,2291642631,581912145,1258240,0
901,1677632,178048,323456,0,3520,27712,474944,203008,466944,426688,1250944,11648,1472,469120,78336,1920,3136,159616,160384,1152,128,63488,53824,0,605,1432,56389047,758800588,1223232,0
902,1676992,177280,321792,0,3648,5696,516928,207360,444288,404224,1272768,11648,1344,511104,107392,1728,3136,192064,174208,1280,64,63616,59264,0,615,1455,27570083,2350059979,1267072,0
903,2797760,214336,326144,0,165568,5824,1220992,328384,536512,496384,2301376,11968,1344,1215168,125120,1856,3264,867776,200192,1216,49856,129856,58688,0,641,1525,3763279483,1949295094,2295552,0
904,1677312,191104,326976,0,6080,5952,576832,328896,241472,201472,1475840,12352,1536,570944,55872,2112,3072,197696,190272,1088,51584,130048,57472,0,649,1568,3095330642,2046299534,1469888,0
905,1677440,176960,330880,0,5248,5504,566784,312960,279104,238464,1438976,11840,1344,561088,57856,1984,3200,201536,190848,1088,50176,129792,45184,0,646,1557,1921384238,4161227825,1433472,0
906,1678976,177728,329536,0,3776,49408,588800,321024,208704,166656,1512320,12288,1472,582848,86400,1792,3200,233280,184256,1152,50624,130304,36544,0,636,1532,3443912540,3560726277,1462912,0
907,1677312,176768,331264,0,3904,26432,700288,384384,54272,11904,1665408,12224,1408,694464,160512,1984,3200,326272,203904,1216,52160,191488,36096,0,654,1596,2451962924,452180839,1638976,0
908,1677248,177280,331264,0,3840,26688,668608,374144,95424,53248,1624000,12096,1344,662848,151424,2112,3200,298304,189248,1088,51840,193792,23168,0,640,1577,3826482936,922087942,1597312,0
909,1677504,176192,330688,0,4800,26560,678272,317824,143168,101120,1576384,12032,1344,672512,150272,1984,3200,313152,186752,1280,51392,130112,32448,0,621,1518,2888071255,2129597067,1549824,0
910,1677184,176192,329728,0,6272,26688,657600,315968,164736,122368,1554816,11904,1408,651776,151104,1984,3136,299904,187648,1152,51712,129792,31616,0,603,1477,2276653058,2817002935,1528128,0
911,2237312,200064,323264,0,3584,26496,953280,463424,267200,225152,2012160,12480,1344,947520,151040,1920,3264,311104,475328,1152,51392,254656,48256,0,648,1597,4254314092,3132649000,1985664,0
912,2237376,176256,325184,0,3584,26688,663488,455168,587008,545088,1692288,12672,1472,657856,156224,1856,3264,301120,181504,1152,51520,254976,40256,0,641,1583,4290125002,3749335424,1665600,0
913,1677696,177344,324928,0,5824,26560,670912,389184,82944,40768,1636928,12352,1408,665024,156224,1984,3200,301760,185344,960,51456,192832,40384,0,625,1538,2382285615,3618182448,1610368,0
914,1677376,175872,322368,0,4992,26496,655616,389696,102336,59712,1617664,12864,1344,649728,154688,2048,3328,302208,181440,1152,51712,191744,41280,0,638,1563,1049439860,386299024,1591168,0
915,2237440,176256,325248,0,4480,26496,708288,463104,533568,491328,1746112,12224,1472,702336,157696,1984,3328,335168,202048,1152,52032,254400,49152,0,670,1596,2339763377,547339784,1719616,0
916,2237760,176640,334336,0,4736,70528,671616,463424,516480,473920,1763840,12480,1344,665728,156992,1856,3136,305984,184128,1216,51520,255360,47232,0,674,1604,2579984098,1043556265,1693312,0
917,2237376,175872,324160,0,121792,26816,665152,332800,590784,548416,1688960,13184,1408,659136,157120,1920,3456,301760,181504,1152,51648,129600,47744,0,640,1518,3691525722,1056101000,1662144,0
918,1677184,173824,323264,0,3328,26368,625664,324672,200064,157568,1519616,12352,1408,619776,155008,1920,3328,283072,180800,1216,52160,129472,40192,0,641,1528,484241182,2729426731,1493248,0
919,1677312,201408,325184,0,3456,27072,660224,389696,70272,28224,1649088,12544,1408,654336,154880,2048,3456,296960,202432,1216,51840,193088,40192,0,657,1572,1909399789,3799145603,1622016,0
920,1677376,175232,325376,0,5376,26624,630912,389440,124416,82304,1595072,13184,1408,624832,152640,2112,3264,278400,181568,1088,51392,192512,40768,0,657,1571,266286573,4209381692,1568448,0
921,2237824,190848,324352,0,3328,24000,927936,330560,436800,394304,1843520,10624,1472,921984,151424,1792,3200,301120,456192,1280,51392,129600,49728,0,642,1527,2972228257,3842152041,1819520,0
922,1677248,176704,325248,0,5568,24320,624384,330560,190464,148352,1528896,10432,1408,618816,160448,2240,3200,296128,173312,1216,52032,130176,48576,0,640,1526,4159370979,2042870327,1504576,0
923,2237376,191808,323200,0,4672,24064,859200,395520,438912,396544,1840832,10368,1408,853312,158336,1792,3328,509376,194112,1280,51968,192192,49088,0,653,1577,4215864780,3324671679,1816768,0
924,2237504,237376,324608,0,3328,24320,1020416,396736,230720,188864,2048640,10432,1408,1014400,161152,2112,3328,668032,185408,1088,52544,193728,47744,0,653,1571,3483928587,1944984200,2024320,0
925,1677440,199744,324736,0,3328,45632,645952,324672,133376,90624,1586816,10048,1344,640192,159808,1920,3200,296512,181248,1088,51648,129600,43200,0,629,1504,3217676061,1962493200,1541184,0
926,2237440,275136,323904,0,3328,23488,844544,318272,448768,406592,1830848,10240,1344,838784,162880,1856,3328,513216,178432,1088,51776,130944,36224,0,623,1495,2305669503,4019493983,1807360,0
927,2237440,215168,323648,0,3392,24064,695296,391488,584384,542080,1695360,9856,1344,689216,162240,1856,3456,345344,199680,1152,51072,192640,44736,0,635,1530,3778120448,607193915,1671296,0
928,1677056,200768,323648,0,3328,27840,658112,390848,72512,30592,1646464,9664,1472,652224,160768,2112,3200,318400,179456,960,51456,192192,43648,0,639,1546,4165520680,2919630676,1618624,0
929,2237696,212992,323840,0,125056,26752,659776,319808,569472,527040,1710656,9984,1344,653824,161536,1984,3264,323456,173568,1152,51648,129728,35776,0,623,1497,4110058322,485105786,1683904,0
930,2237504,251136,321216,0,3456,27008,791296,322368,521024,478528,1758976,9920,1344,785536,164928,1920,3200,463104,177664,1088,52032,130240,35904,0,631,1507,2124809838,4287332844,1731968,0
931,2237504,236800,321536,0,3264,26048,840896,387584,421376,379136,1858368,9536,1408,834880,164928,1920,3136,491008,200384,1152,51968,193472,35904,0,643,1551,2969129457,817301337,1832320,0
932,1677120,214016,324288,0,3264,26368,662400,374144,72640,30464,1646656,9856,1344,656576,164224,1792,3264,324480,179136,1152,52160,192704,23104,0,647,1544,2391731613,4168614705,1620288,0
933,1677440,224256,324096,0,5504,26880,685952,319488,91264,49152,1628288,9856,1280,680256,163776,1920,3136,343040,182016,1088,51520,129728,32960,0,635,1521,3736399663,2939466100,1601408,0
934,1677376,175488,322880,0,4480,48896,641856,315264,168512,126016,1551360,10176,1344,635968,157440,2048,3264,315456,176768,1216,51136,130176,31488,0,629,1495,2305761695,2136526612,1502464,0
935,1676992,190272,323008,0,3136,26688,680448,373440,80000,37952,1639040,10432,1408,674560,161280,2112,3328,333312,198080,1152,52224,191808,22848,0,649,1562,4030835842,1873600459,1612352,0
936,2237760,207872,326464,0,3200,26688,931264,372032,370240,328000,1909760,10048,1408,925440,162560,1792,3456,594048,179584,960,52096,192768,23232,0,646,1565,3638463074,3482744707,1883072,0
937,2237440,277888,325120,0,3392,26688,979584,322432,302336,260288,1977152,10368,1408,973760,142656,2048,3264,626560,191104,1152,52096,130176,35392,0,631,1509,2187809613,3272125642,1950464,0
938,1677504,176576,324672,0,3264,26432,653184,329408,163968,121280,1556224,9728,1408,647360,152704,1984,3136,325952,178304,1088,51520,129984,45760,0,635,1520,2354107446,731639748,1529792,0
939,1677312,177408,322944,0,5568,26496,687488,391680,65728,23552,1653760,10368,1472,681728,159424,1856,3200,333504,202112,1024,51712,191744,43264,0,639,1548,4079481191,1920433414,1627264,0
940,1677248,176768,325632,0,4736,27008,656512,398400,88192,45888,1631360,10240,1408,650688,154048,1856,3264,312512,182336,1088,52032,191872,50240,0,639,1541,3761763293,2750678328,1604352,0
941,2237440,273280,325952,0,3200,26816,940352,327488,340352,298176,1939264,10048,1280,934592,155456,1920,3200,598272,177472,1152,51520,130240,41536,0,622,1493,1385372274,4247236019,1912448,0
942,2237568,213312,322048,0,119744,25984,759296,329088,468096,425088,1812480,9984,1344,753472,151488,1792,3328,437440,170432,1152,52224,130176,42560,0,614,1479,3447219475,1610150101,1786496,0
943,1677440,176704,324160,0,3264,48128,671232,391488,62464,19968,1657472,10176,1280,665472,152064,2048,3136,327744,191616,1088,51264,192896,42048,0,645,1552,1299369037,3335696618,1609344,0
944,2237376,228992,323520,0,5248,24448,661568,397760,595840,553728,1683648,10240,1408,655936,150720,2112,3200,328384,172352,1216,52480,192000,51904,0,636,1538,3871274830,1012601120,1659200,0
945,1677440,175808,323840,0,3968,24896,642368,325056,181504,138816,1538624,10304,1408,636608,150400,1984,3136,311040,167680,1152,51456,130304,43328,0,629,1498,661506050,2434213721,1513728,0
946,1677312,175104,321408,0,1920,46272,633216,327488,171904,129792,1547520,9856,1536,627264,150080,1984,3392,315968,167424,1152,51712,129536,43136,0,616,1481,2616616559,309646765,1501248,0
947,2237376,193344,324800,0,1984,24832,939712,380928,371776,329600,1907776,10112,1344,934016,151680,1984,3072,597888,191808,1088,50880,191808,36160,0,636,1540,998620229,395984880,1882944,0
948,1677376,176512,323840,0,1920,24512,645888,369280,135424,93632,1583744,10560,1408,640128,157888,2048,3264,314880,171072,1088,51520,191744,23104,0,642,1549,207331243,934482540,1559232,0
949,2237440,202432,325632,0,1856,24896,839040,304960,538624,496832,1740608,10048,1344,833472,161152,1792,3264,501888,177216,1024,51456,130112,23232,0,630,1508,4219973772,1204062418,1715712,0
950,1677632,176704,324160,0,1920,24512,652224,314624,183488,140992,1536640,9728,1344,646464,155584,1920,3392,328448,177024,1408,51904,129728,33536,0,630,1507,113630551,2347111084,1512128,0
951,1677248,177280,324288,0,1856,26496,683008,379968,84352,42176,1635072,10816,1344,677376,160256,1792,3072,334144,199552,1280,51648,193024,31104,0,643,1545,867927453,2259178115,1608576,0
952,2237440,237440,325376,0,1920,48768,937472,381632,304832,262848,1974592,9984,1408,931456,181760,1984,3200,594496,184192,1024,52864,193216,31424,0,646,1554,4026834574,2222015451,1925824,0
953,1677184,191936,324800,0,1984,26304,652928,305216,174016,131712,1545472,10240,1408,647168,154752,2048,3200,309888,182272,1088,51584,128896,23296,0,632,1511,884886173,3092437484,1519168,0
954,1677312,201408,323968,0,1984,26368,643072,312000,168512,126784,1550528,10112,1280,637376,155200,1984,3200,313536,181632,1344,52096,129920,23040,0,629,1502,2654629405,950082301,1524160,0
955,2237760,196992,324096,0,118848,26368,898432,382720,290304,247488,1990272,10048,1408,892672,156288,2112,3200,550144,200512,1088,51968,192512,33088,0,643,1556,2175550760,4249795557,1963904,0
956,2237824,207040,323328,0,1984,26496,793664,385152,500160,457984,1779840,10496,1472,787904,149248,1984,3328,457344,177600,1152,51712,191616,36416,0,642,1550,1648223945,695905021,1753344,0
957,2236928,196800,324224,0,2560,26432,944896,336064,405952,363520,1873408,9856,1536,939072,172224,2048,3328,352832,428096,1216,52288,129600,49984,0,643,1533,2065180283,3362834556,1846976,0
958,1677440,176256,323072,0,5440,26240,627200,332736,186496,144896,1532544,10176,1408,621376,147776,2176,3136,308352,163392,1024,51712,129408,48640,0,637,1516,2629239191,4210082203,1506304,0
959,1677248,188864,324736,0,3904,26560,680640,388224,64320,22016,1655232,10240,1408,674624,164672,1792,3072,344128,185664,1024,51776,192064,40192,0,649,1555,3028722612,3037238368,1628672,0
960,1677504,175488,325568,0,1920,26752,584704,391936,171136,128704,1548800,9728,1280,579008,102144,1792,3264,262784,161600,1088,51712,193920,41024,0,649,1575,2407346033,3479807467,1522048,0
961,1677248,175360,323200,0,1856,49088,595776,325120,206848,164672,1512576,10112,1472,589824,101952,1792,3328,269824,162496,1024,51456,129472,41152,0,632,1520,2763532221,3177714833,1463488,0
962,2237696,192768,326272,0,1920,26624,882560,334464,473088,430976,1806720,10112,1408,876608,130432,1984,3328,569408,162624,1216,51392,130368,49792,0,629,1513,4171464635,3044548960,1780096,0
963,1677248,176832,324224,0,1792,26496,617472,396992,133440,91264,1585984,10560,1408,611712,102208,1856,3392,280960,185216,1216,51264,192000,48064,0,646,1564,897928507,3467492872,1559488,0
964,1677248,175296,323712,0,1920,26880,595840,399232,154368,112000,1565248,9984,1408,589952,102336,1984,3264,269376,166336,896,51264,193536,48704,0,641,1553,1869140163,1946810692,1538368,0
965,2237632,197376,324224,0,1984,26368,792128,325248,570304,528320,1709312,10240,1408,786368,94784,2112,3200,462016,167168,1024,51584,129408,41024,0,624,1504,1732539748,2805853542,1682944,0
966,1677312,174592,322176,0,2048,24384,564672,324032,265408,223424,1453888,9600,1344,558912,95104,1984,3200,251968,163392,1152,51648,129664,40768,0,626,1506,2596496430,3122725857,1429504,0
967,2237248,227584,326912,0,1984,24320,736768,387328,532352,490304,1746944,10048,1344,730880,96960,1792,3392,395136,191104,1216,52416,192384,41152,0,636,1546,1135414124,3216968881,1722624,0
968,2237632,246784,323328,0,118656,24320,966528,399168,158848,116032,2121600,10496,1408,960576,96512,1856,3392,638272,166848,1216,52096,193408,50176,0,651,1572,2867644776,1275997832,2097280,0
969,1677440,177280,323776,0,1984,24512,656256,329280,164352,122304,1555136,10176,1344,650368,165824,1920,3392,330176,163264,1152,51264,129664,47616,0,651,1534,177345072,4170590584,1530624,0
970,2237568,739456,324928,0,1984,46208,588928,323648,212416,169664,2067904,10048,1408,583104,94720,1984,3200,271936,165760,1152,52480,130816,40896,0,637,1516,808183515,1630362090,2021696,0
971,3357760,748288,326016,0,3520,47424,1505792,419712,307008,264512,3093248,255488,1280,1500032,93760,1856,365312,483136,230912,1088,52608,193216,71552,0,645,1575,2920409201,3329710589,3045824,0
972,1677312,177216,324032,0,3456,24000,543040,405568,200000,157952,1519360,18560,1408,537152,90112,1792,3264,176768,185152,1088,51008,192576,59840,0,643,1569,4264769654,16458078,1495360,0
973,2237440,202304,323584,0,3584,46272,823744,290560,547392,505664,1731776,17280,1472,817920,91008,1856,3200,471296,175296,1152,256,130176,62272,0,631,1524,3317009837,3942997116,1685504,0
974,1677440,181184,321664,0,3520,26432,506816,289856,347968,305856,1371584,16640,1408,501056,90624,1856,3200,179264,169472,1152,128,130368,60032,0,631,1524,527452010,2576569458,1345152,0
975,1677376,209280,324160,0,3392,26368,524224,292992,296960,255616,1421760,16320,1280,518656,90880,1728,3072,197888,169408,1216,256,129408,62976,0,632,1528,502164702,3512371815,1395392,0
976,1677248,194816,322880,0,3392,30144,617152,281856,227008,185728,1491520,16384,1344,611264,91712,1856,3264,264512,192320,1280,256,129856,60096,0,624,1513,653257351,3470394302,1461376,0
977,1677120,208512,330560,0,5632,8256,630592,205824,287744,246208,1430912,16704,1408,624960,90816,1792,3200,255104,187136,1152,128,63936,54016,0,613,1476,2260239291,1389049948,1422656,0
978,1677312,207040,330048,0,4736,8384,600256,204032,322816,281344,1395968,16704,1344,594112,90880,1920,3392,257088,183872,1216,128,63168,53504,0,607,1456,3000352365,770100964,1387584,0
979,1677504,194624,329152,0,3392,30016,663680,211264,245376,203392,1474112,15872,1408,657984,138112,1984,3200,322816,183936,1216,128,63872,59520,0,612,1474,1341885356,1346354361,1444096,0
980,1677056,193664,326080,0,3392,8064,600192,201088,344576,302720,1374336,16576,1280,594432,93376,1920,3136,255872,185920,960,64,62912,47936,0,606,1460,2394904247,3820715292,1366272,0
981,1677440,207360,329280,0,124992,8384,659968,201984,145472,103424,1574016,16064,1344,654016,144896,1984,3136,320832,183360,1152,64,63424,49536,0,606,1456,806988254,1201645189,1565632,0
982,1677056,193536,328064,0,3328,8000,635328,199296,309504,268096,1408960,16256,1344,629632,139584,1920,3136,297856,181824,1216,64,64000,47936,0,605,1467,4063955867,370018127,1400960,0
983,1677632,192704,328192,0,3328,8320,635712,191808,317568,275648,1401984,16064,1344,629888,142400,1920,3200,303936,181440,1216,64,63552,40640,0,607,1462,1177822503,120741739,1393664,0
984,1677056,214272,325248,0,3328,8192,752896,201152,171968,130624,1546432,16640,1344,747136,160192,2048,3136,423360,185664,1088,64,63424,49984,0,607,1479,759190983,1428301847,1538240,0
985,1677504,180032,323776,0,3328,8064,525568,191744,444992,403456,1274048,13376,1344,519936,64576,1920,3328,220352,164928,1088,128,63552,40640,0,607,1472,1827163481,151281947,1265984,0
986,1677312,193792,322368,0,3392,8192,502208,182528,464832,423360,1253952,9664,1344,496384,60096,1984,3200,216448,153216,1088,128,63680,31232,0,609,1476,20572720,3755219931,1245760,0
987,1677184,218240,324864,0,3264,8128,716288,183296,223104,181760,1495424,9600,1408,710592,64064,2048,3136,241920,319936,1088,64,63232,33024,0,613,1474,805829479,2842515614,1487296,0
988,1677440,178944,326912,0,5632,8128,511360,182656,463808,422464,1254976,9664,1536,505408,57152,1728,3328,215872,152704,1152,128,63744,31232,0,605,1456,2452106793,2022483631,1246848,0
989,1677120,193536,329728,0,4672,5760,517120,168896,457408,415552,1261568,9472,1344,511232,55936,1920,3264,219200,153792,1216,64,63680,22464,0,604,1470,1156372421,3484942572,1255808,0
990,1675904,193664,330176,0,3200,27584,501696,179584,440000,399872,1276032,9344,1344,495872,57152,1856,3072,206720,152832,1216,64,63488,32192,0,601,1466,2251783200,3579217626,1248448,0
991,1677504,179520,329152,0,5440,5568,491072,177984,488768,449024,1228480,9984,1408,485184,57408,1920,3200,193280,153216,1024,64,63616,30720,0,604,1467,675890404,2010397108,1222912,0
992,2237184,277760,328960,0,4544,5632,1212864,259904,147520,108096,2129088,10048,1408,1207040,83328,1728,3008,563392,504512,1088,256,129536,44288,0,614,1492,3694886217,898405697,2123456,0
994,1677504,180032,331072,0,3392,5824,510528,263552,383104,343552,1333952,9856,1408,504832,54848,1984,3328,204288,138304,1152,256,129536,47872,0,613,1489,2258239764,2698102431,1328128,0
995,1677440,178624,325440,0,3264,5632,498688,263808,401984,361792,1315648,10048,1344,492928,54336,1856,3200,208960,138944,1216,128,128960,48064,0,617,1492,3215883503,2747345875,1310016,0
996,1677312,203584,321984,0,125632,5760,680896,254464,84992,44928,1632384,10112,1408,675008,66432,2048,3328,388736,141184,1216,192,128832,39680,0,609,1493,3533448233,938757368,1626624,0
997,2237504,224576,324672,0,4480,5760,1222592,398400,57024,17472,2220032,9728,1408,1216576,113792,1984,3264,936576,149248,1152,256,259840,50624,0,624,1529,1596499834,3588804885,2214272,0
998,1677120,180160,323840,0,4608,5696,607040,402240,153536,113920,1563200,10176,1344,601408,140480,1920,3264,295680,147328,1152,320,265472,48640,0,624,1538,2419955183,183240316,1557504,0
999,1677568,194688,323712,0,6208,5568,646720,335040,165632,125568,1552000,9600,1280,640896,160704,1984,3264,332544,148096,1152,256,199232,50880,0,605,1471,135941561,2712999631,1546432,0
1000,2237248,201472,324480,0,4416,5824,776704,331904,592448,552448,1684800,9792,1408,771008,153088,1984,3328,468800,151296,1216,256,196416,48896,0,616,1496,3787603602,3875111267,1678976,0
1001,1677632,227584,322560,0,1984,26944,784704,227328,86528,46784,1630848,9728,1408,778944,159680,1856,3264,473920,151872,1152,64,95296,48256,0,609,1459,3663876943,2140371282,1603904,0
1002,1677504,204160,324096,0,1920,5824,587264,226560,327680,287488,1390016,9536,1344,581632,153536,1920,3328,326720,150208,960,128,92864,49728,0,610,1474,1480770850,997465726,1384192,0
1003,1677120,178048,321664,0,1920,5632,581056,227200,361600,321728,1355392,9472,1472,575104,156096,1792,3264,318144,151936,1152,64,95808,48064,0,610,1474,3431923102,1732218777,1349760,0
1004,1677440,194944,321920,0,1920,5760,755520,226240,171136,131392,1546048,9856,1344,749760,157504,1984,3072,491456,152512,1088,128,94528,47808,0,617,1493,1586725756,798854604,1540288,0
1005,1677248,179328,323200,0,1984,6016,624576,228352,313792,274048,1403200,10048,1344,618880,185472,1920,3072,365312,148608,1024,64,94912,50112,0,609,1480,4189945591,2789519633,1397184,0
1006,3358144,763008,324096,0,3392,5632,1555200,242432,464384,424384,2933760,9344,1408,1549504,222592,1856,3136,1272320,168960,1152,128,94976,63680,0,624,1512,3523272046,735606209,2928128,0
1007,1677184,193728,322688,0,3264,28032,585856,244416,299200,259072,1418112,9024,1408,579904,162368,1920,3200,325056,145984,1152,64,95232,63232,0,614,1496,2486694112,2976423136,1390080,0
1008,1677184,193728,322368,0,3392,5504,609344,239040,303808,263744,1413440,9152,1408,603456,163328,1920,3264,344640,148608,1216,128,96256,57728,0,616,1493,820150490,2008503856,1407936,0
1009,1677376,201792,323648,0,148224,5888,664256,235072,98496,58112,1619264,9216,1344,658432,133184,2112,3200,405312,150720,1216,128,95680,55424,0,609,1486,3613420063,2289023332,1613376,0
1010,1677504,191488,325952,0,3392,5760,509760,225856,415296,375488,1302016,8960,1472,503872,102080,1664,3264,263808,138752,1088,128,95040,47616,0,612,1483,2129822360,2120346106,1296256,0
1011,1677312,192448,323776,0,3456,27456,511872,227840,390464,350016,1327296,9088,1344,506048,103040,1728,3136,266560,139008,1088,128,95168,47936,0,619,1493,1410679004,2055041146,1299840,0
1012,2237120,223424,322752,0,3328,5824,946176,227584,508032,467840,1769280,8832,1344,940480,105728,1856,3328,703424,136832,1216,128,95424,48320,0,625,1491,957559779,3388277222,1763456,0
1013,1677312,193344,323072,0,5696,5504,518976,238208,392512,352768,1324544,9408,1408,513216,104576,1728,3136,276032,136256,1216,128,96384,58304,0,620,1493,1207830542,2076868189,1319040,0
1014,1677568,203392,323904,0,3264,5568,754752,236160,150528,110592,1566976,9536,1344,748864,152832,1920,3200,314112,327744,1152,128,95680,57216,0,611,1473,4063564475,1003465957,1561408,0
1015,1677376,193216,321984,0,3200,5632,555136,229248,368960,328960,1348416,9152,1408,549184,154880,1856,3136,315328,131840,1152,128,96448,49344,0,610,1471,1721897819,1438816243,1342784,0
1016,1677312,193792,321216,0,5504,5632,581248,237184,332736,292736,1384576,9728,1344,575680,154880,1856,3072,339648,133568,1088,128,94912,58368,0,610,1477,3254965148,662142574,1378944,0
1017,1677696,178880,323264,0,3840,5760,563200,236416,366336,326400,1351296,9728,1472,557184,156928,1984,3136,320640,133696,1152,128,96064,57280,0,601,1460,3227780667,3437251768,1345536,0
1018,1676992,208832,323584,0,1984,5568,595904,227776,313344,273920,1403072,10112,1472,590080,175168,1856,3072,345408,141568,1024,64,95552,48768,0,598,1459,2377521154,4113676205,1397504,0
1019,1677312,208832,321024,0,1984,5632,568256,237184,334400,294720,1382592,9280,1408,562496,140736,2048,3264,318528,142144,1024,64,95936,58240,0,602,1455,2495860699,3529430071,1376960,0
1020,1677248,178432,323136,0,1984,5632,555072,231680,381312,341568,1335680,9920,1472,549248,140928,1856,3072,303488,141632,1344,64,96192,51584,0,599,1453,328731538,1159423017,1330048,0
1021,1677568,206464,322688,0,1856,27008,560384,219392,339776,299712,1377856,9472,1344,554688,142464,1728,3136,308800,143232,1216,64,96000,40128,0,595,1441,2910922487,4252803012,1350848,0
1022,2237184,230912,324160,0,1920,5376,889152,228608,557056,517504,1719680,9600,1344,883392,143744,1792,3072,637504,145344,1216,64,95296,49792,0,597,1458,1488888653,124515879,1714304,0
1023,1677184,179456,322688,0,119680,5696,563904,227200,258560,218752,1458432,9600,1344,558144,142400,1792,3200,309952,144064,1088,128,94912,47808,0,592,1453,484040775,1494198109,1452736,0
1024,2797824,796864,322944,0,1856,5696,990912,219072,460480,420288,2377536,9664,1472,984960,143296,1856,3136,733632,149824,1216,128,96000,39616,0,602,1469,2719336485,623933413,2371840,0
1025,1677120,201344,322880,0,1920,5696,686784,229248,229248,189376,1487744,9728,1408,681088,147840,1984,3072,433984,147328,1088,128,95424,49728,0,604,1450,1995200002,2466067315,1482048,0
1026,1677376,209984,323392,0,1984,5632,791104,235456,109824,69952,1607424,9472,1280,785536,176320,1920,3136,513920,170752,1216,128,95360,56256,0,617,1484,637854696,4259558946,1601792,0
1027,2237440,274176,320960,0,1984,5696,860608,235840,538176,498368,1739072,9600,1408,854784,153536,1728,3072,603456,149184,1024,128,95296,56384,0,619,1483,656683284,2211512021,1733376,0
1028,1677504,251328,322496,0,1920,5632,719488,228544,148096,108416,1569088,9792,1408,713728,149120,1856,3008,466624,143808,1024,128,95552,48512,0,604,1445,3581268745,1252531508,1563456,0
1029,1676992,263360,323200,0,2048,5632,671040,202432,209280,169472,1507520,9792,1408,665280,153856,2048,3008,417600,147776,1152,128,96128,22976,0,615,1459,7753151,1902166002,1501888,0
1030,1677504,232448,322240,0,1920,27584,805696,211264,76352,36416,1641088,9536,1344,799808,154688,1920,3072,552576,149120,1088,128,94656,32704,0,626,1479,2780431114,3072499058,1613504,0
1031,2237312,204352,322240,0,3072,5760,943040,209536,549312,509504,1727808,9728,1344,937408,153344,1856,3200,691776,147136,1280,128,94848,31360,0,615,1458,3470396811,2286001651,1722048,0
1032,3358144,272384,323904,0,3648,27904,2055104,260352,414848,374912,2983232,433152,1472,2049408,153152,1856,691904,627136,173312,1088,192,130176,41728,0,614,1449,3570740671,3070521097,2955328,0
1033,1677184,194688,326080,0,3776,5632,710784,249280,186944,147008,1530176,166272,1472,704960,174144,1728,3264,269760,160896,960,192,123840,38336,0,614,1449,3901192345,2296564779,1524544,0
1034,2237760,218752,325824,0,3776,27776,1037696,280512,343424,303040,1934720,180352,1280,1031872,175360,1792,3264,557120,168384,1280,256,156416,37056,0,622,1469,3972149564,284124816,1906944,0
1035,1677184,194368,328832,0,3776,5696,714240,282112,148160,108288,1568896,163904,1536,708288,153472,1792,3200,233920,161216,960,384,155392,39360,0,617,1454,4005887477,3926528130,1563200,0
1036,2237760,225600,324160,0,149184,5632,723776,321088,488320,447488,1790272,165376,1408,717760,155264,1728,3136,251520,161856,1216,448,187072,44544,0,612,1443,2311196339,3513184699,1784640,0
1037,1677184,211136,323776,0,3648,27328,740224,323712,47360,7680,1669504,163968,1408,734592,186496,1856,3264,276800,161728,1344,384,187584,45376,0,607,1437,144356456,2652314073,1642176,0
1038,2237568,206464,323840,0,6592,26496,876032,357824,440320,400064,1837504,183552,1280,870272,158208,1920,3264,336704,209728,1216,384,193728,75328,0,608,1454,394933065,474750257,1811008,0
1039,2237568,240704,323520,0,5504,5760,968960,356800,336320,296192,1941376,10176,1408,963200,162176,1856,3328,348992,467264,1088,448,192576,76800,0,600,1444,2083760092,1205915877,1935616,0
1040,2237312,205312,323648,0,5760,5696,895296,353024,448576,409152,1828160,9984,1280,889600,142080,1728,3264,584832,154432,1152,320,195328,68736,0,595,1424,1924131464,2005820651,1822464,0
1041,1677568,224064,324032,0,4864,5760,724672,347136,47040,7360,1670208,9920,1408,718912,52864,1792,3200,417600,152448,1216,448,193856,63488,0,589,1430,1723949326,1344022472,1664448,0
1042,1677376,210816,324864,0,3584,5824,540544,350848,240896,201216,1476160,9792,1408,534720,53120,1920,3264,235136,149696,1152,256,191616,70784,0,539,1344,2079964492,1765583231,1470336,0
1043,1677568,159744,323648,0,3456,5632,518848,345216,321024,281088,1396480,9664,1344,513088,53440,2048,3008,214144,149824,1088,448,192640,59456,0,488,1211,982026207,4272826871,1390848,0
1044,1677056,160256,323328,0,3520,5824,526464,340352,317312,277888,1399168,9920,1408,520576,53760,1856,3072,222720,149952,1344,576,193600,55680,0,499,1238,659440510,970172105,1393344,0
1045,1677504,161024,324288,0,3520,5504,539584,319168,324416,284672,1392832,9728,1344,533632,54400,1856,3264,241728,148480,1152,320,161728,67264,0,501,1251,3166351902,3378605269,1387328,0
1046,1677376,169856,326592,0,3520,5824,757120,316736,97728,57792,1619584,10240,1344,751680,101888,1920,3264,460736,152704,1088,320,162880,63296,0,494,1248,3704287464,1646898473,1613760,0
1047,1678784,160128,324416,0,3648,20672,588352,290368,291200,249792,1428992,9408,1280,582528,132928,1984,3200,301504,149568,1088,192,132224,60416,0,495,1249,4148356566,575078250,1408320,0
1048,1677056,159808,325184,0,5696,41536,562560,299520,282752,241152,1435904,9664,1280,556864,103104,1856,2944,283840,150080,1216,192,130432,71040,0,490,1242,2710845250,2955408722,1394368,0
1049,2237696,723648,324608,0,121216,20544,558400,259456,229824,188224,2049472,9984,1344,552576,105216,1856,3264,281280,151168,1088,128,96384,68160,0,498,1249,8645912,3010640732,2028928,0
1050,1677440,159680,322752,0,3392,20800,561024,265408,344384,302592,1374848,10048,1344,555392,104576,1856,3008,275264,168128,1152,128,95488,73536,0,506,1256,1438426610,1303365531,1354048,0
1051,2237440,226432,322880,0,5888,42112,1131968,443264,64896,23296,2214144,171072,1344,1126336,103936,1920,269376,414848,168256,1088,256,267584,78976,0,514,1256,1421414976,3723207338,2172032,0
1052,1677184,184896,322176,0,4800,42304,497024,435328,190656,148736,1528448,14144,1344,491072,105088,1728,2944,193792,166336,1216,128,268480,68928,0,514,1255,1121873061,3101448769,1486144,0
1053,1677312,188608,327488,0,3328,41728,563456,451456,101248,59648,1617664,14656,1472,557568,156480,1664,3200,242432,165568,1216,256,302720,52224,0,514,1256,871950152,1416816809,1575936,0
1054,1677248,189120,333184,0,3264,20288,515264,466048,150080,108672,1568576,14784,1408,509440,104256,1920,2880,209920,166528,1152,256,303488,65664,0,517,1265,1682912048,3146141076,1548288,0
1055,1677312,186112,332160,0,5568,20160,494016,340160,299136,257728,1419584,14080,1280,488256,104448,1728,2880,191040,164608,1280,192,179648,62592,0,514,1260,174326316,2181357341,1399424,0
1056,1677312,192512,330624,0,4736,21312,621376,456384,50368,8576,1668736,14464,1472,615488,104832,1856,27904,269120,186176,1280,256,301120,57664,0,513,1266,61727669,1180911814,1647424,0
1057,2237632,178816,329792,0,3136,20544,682496,466880,555968,514048,1723584,14336,1408,676544,155712,1920,28288,327936,187136,1280,192,302912,66624,0,510,1265,2629698837,4172962661,1703040,0
1058,2237632,166400,327808,0,3200,42368,641536,464640,591680,549760,1687872,14080,1472,635776,132864,1920,28160,288832,186304,1152,256,303104,65216,0,512,1253,3224173560,393117250,1645504,0
1059,2797632,717952,332544,0,3200,20096,991104,434496,298240,256064,2541568,12032,1408,985344,103232,1920,36608,640320,174656,1024,256,276096,61248,0,513,1276,1369746685,3143617493,2521472,0
1060,1677312,174784,322816,0,3136,20224,568320,260224,327808,285888,1391424,9536,1344,562560,101440,1920,17024,272192,161536,1280,128,97088,67840,0,511,1268,424830865,2659760113,1371200,0
1061,1677440,159552,324032,0,3200,21312,659072,263872,246400,204544,1472896,9536,1280,653440,216576,2048,3136,386624,158976,1344,64,95872,69888,0,513,1272,1738614634,3291838931,1451584,0
1062,2237376,216192,323136,0,126080,20864,1144000,159488,247616,206272,2031104,8192,1408,1137984,189760,1856,3072,364096,667904,1216,0,0,68736,0,508,1264,353203902,1368561271,2010240,0
1063,1677184,194304,322240,0,3264,20672,544832,157376,434496,393408,1283776,7680,1280,539008,169664,1600,3200,326848,111616,1152,0,0,66816,0,511,1269,2095107738,1437962441,1263104,0
1064,1677376,195712,328384,0,3200,20608,557504,149312,422656,381568,1295808,7744,1472,551616,150144,1792,3008,309056,114112,1088,0,0,58624,0,504,1252,2739962657,2416977189,1275200,0
1065,1677504,197504,329856,0,3456,20288,543744,147008,435648,394560,1282944,7616,1344,537920,149504,1856,3072,309696,115392,1344,0,0,57536,0,498,1242,3703474573,516430228,1262656,0
1066,1677248,182080,325952,0,3328,20672,540288,146560,458368,417216,1260032,7552,1408,534592,150528,1920,3200,309760,112576,1216,0,0,56448,0,498,1246,4224468023,1315127997,1239360,0
1067,1677248,197120,325888,0,3328,64000,542016,147840,397056,355392,1321856,7616,1472,536384,149888,1728,3328,311232,112000,1152,0,0,55296,0,498,1237,3499699471,3092088325,1257856,0
1068,1677248,198208,328256,0,3264,20352,617600,152256,357312,316736,1360512,7424,1536,611584,208256,1920,3264,388224,112896,1216,0,0,61760,0,502,1245,2377283963,2816170699,1340160,0
1069,1677184,206400,328512,0,3328,20544,923904,150208,44288,3136,1674048,7296,1408,918016,208320,1792,3200,694976,112384,1088,0,0,60864,0,504,1253,3876851894,1365539023,1653504,0
1070,1677248,195648,329792,0,3392,20672,600896,141888,384960,344128,1333120,7360,1344,595136,208512,1920,3200,376320,112320,960,0,0,51328,0,507,1254,139595903,1373164271,1312448,0
1071,1677376,254592,324160,0,4352,20480,694528,140096,239168,198400,1478976,7424,1408,688640,151232,1920,3008,475456,115648,1088,0,0,49984,0,503,1241,2230206654,2817468186,1458496,0
1072,1677184,181248,319936,0,5504,20288,536896,138304,475008,434304,1242880,7744,1408,531072,157632,1664,3008,321536,112576,1280,0,0,47936,0,505,1245,4104872540,3252999359,1222592,0
1073,1677376,195456,324352,0,4544,20160,534144,136128,462592,421248,1256128,7552,1280,528256,157248,1792,3136,318912,112256,1280,0,0,47552,0,509,1252,1599603590,2531472227,1235968,0
1074,1677376,236288,320512,0,3200,20096,553472,145472,398336,357120,1320256,7424,1408,547584,157952,1984,3264,337024,113472,1152,0,0,55168,0,508,1243,3701643644,2946129220,1300160,0
1075,1677184,180864,324160,0,3264,20736,531456,142144,474560,433216,1243968,7424,1344,525824,155648,1728,2944,316672,112960,1216,0,0,52928,0,507,1246,2071939980,1686826305,1223232,0
1076,1677504,195968,321152,0,123264,20288,552704,132288,331840,290304,1387200,7616,1344,546944,161152,1792,3008,336832,113024,1216,0,0,43008,0,505,1238,1840150520,2402509802,1366912,0
1077,1677696,196736,323264,0,3200,42048,536000,130368,446080,404224,1273472,7360,1408,529920,155200,1920,3200,321728,112576,1216,0,0,40832,0,506,1237,1013058384,692653337,1231424,0
1078,1676864,182144,326400,0,3200,21184,470016,131136,542784,501184,1175680,7360,1344,464384,101056,1792,3200,257600,112576,1216,0,0,40960,0,506,1239,4006208463,3900500992,1154496,0
1079,1677248,196608,323520,0,3200,20096,475840,128064,529920,488896,1188352,7040,1408,470016,100608,1856,3328,260096,116352,1152,0,0,38720,0,511,1244,1211445415,2504712702,1168256,0
1080,1677184,196096,322304,0,3136,20416,487936,137536,509760,468608,1208576,7552,1472,481920,100544,1792,3072,275008,112576,1216,0,0,47680,0,513,1245,3520401513,2492661710,1188160,0
1081,1677184,181376,322880,0,3072,20352,472768,134336,542400,501568,1175616,7744,1344,467008,100288,1792,3136,259840,112512,1216,0,0,44032,0,505,1233,3777353390,993891519,1155264,0
1082,2237568,235328,323520,0,3520,20224,1333568,156096,165312,123712,2113856,8320,1344,1327744,101888,2048,3264,914688,283392,1088,7232,7808,47488,0,494,1221,2142938828,786961765,2093632,0
1083,1677504,196608,325440,0,3392,20096,580992,171648,379328,337536,1339968,8320,1408,575168,128768,1984,3264,298688,151168,1280,7232,7744,62592,0,505,1237,2761008281,195530861,1319872,0
1084,1677440,181824,321920,0,3520,20480,582784,173120,393792,351616,1325824,8128,1280,577024,130368,1920,3264,305216,146112,1216,7168,8192,64576,0,498,1230,5654749,392001409,1305344,0
1085,2237312,211968,323904,0,3648,20352,833088,412544,431808,390272,1847040,85120,1344,827328,130432,1728,3328,470400,149632,1216,203328,51584,63424,0,531,1311,840448529,2128963307,1826688,0
1086,2237632,195264,323968,0,3456,42560,883712,294912,493760,451392,1786240,274048,1344,877952,160576,1984,3392,336128,148096,1152,105536,37056,58112,0,521,1288,3428863775,3200810426,1743680,0
1087,3357824,759040,324288,0,3712,42560,1508672,466752,252800,210816,3147008,375360,1472,1502912,160768,1792,437376,437888,139008,1088,106752,208704,52416,0,535,1310,899083936,135138098,3104448,0
1088,1677312,183232,323264,0,3712,19776,513728,454400,179200,137600,1539712,10752,1344,507840,183552,1536,3136,264704,128000,1344,106496,208000,43904,0,531,1299,1953765338,3008950650,1519936,0
1088,1677440,182784,322496,0,128128,42624,436608,487296,77504,35328,1642112,10688,1472,430720,104896,1728,3136,183552,132928,1280,106240,243584,40832,0,533,1307,452508218,617249156,1599488,0
1089,1677504,181312,324224,0,3712,20544,452032,487296,208384,165824,1511680,82624,1408,446336,55552,1664,3200,133568,130624,1088,105984,242880,41024,0,533,1305,3888610158,4056001036,1491136,0
1090,2237504,251520,321984,0,3584,20800,769024,494784,375808,333568,1903936,143616,1344,763200,86976,1728,3456,390080,128576,1344,104960,242112,50560,0,514,1293,2777755676,3484553813,1883136,0
1091,2237440,194688,324288,0,3776,20544,927104,502080,264960,223104,2014336,411584,1408,921216,57536,1920,3840,223488,156480,1216,104064,241792,59392,0,529,1292,3875978614,976144794,1993792,0
1092,2797568,250688,322880,0,4160,42304,1268864,669248,239424,198080,2599488,563712,1472,1263104,131328,1664,200512,239744,137536,1280,104320,412864,53120,0,514,1286,2825018109,1838990351,2557184,0
1093,2237696,198080,323840,0,4096,42560,554304,635008,479808,437952,1799744,158592,1408,548544,56128,1920,2944,143808,132864,1280,107520,384384,44608,0,512,1282,3569655330,632216959,1757184,0
1094,1677056,183936,323584,0,4032,42368,555072,488000,80064,38720,1638336,160192,1472,549120,58048,1600,3136,143040,132672,1216,104384,242816,44864,0,508,1270,3268490896,3749009498,1595968,0
1095,2237632,197184,322944,0,7232,20224,647616,491136,551296,509504,1728128,159744,1344,642048,78912,1984,3392,216384,151040,1216,105984,243136,44736,0,527,1295,1670543414,1694703548,1707904,0
1096,2237440,210560,325056,0,5888,42688,778368,494272,380608,339008,1898432,160512,1408,772544,152576,1920,3264,320640,161920,1152,104896,243392,46016,0,527,1293,4172097860,3377045791,1855744,0
1097,1677568,181696,325440,0,4672,20352,559424,488128,97856,56192,1621376,11904,1344,553664,100480,1856,3264,250624,165184,1088,105472,243520,43520,0,526,1296,3538635463,2962941283,1601024,0
1098,1677248,195520,322752,0,6080,20288,581632,478336,72640,31232,1646016,11904,1408,575872,112896,1920,3008,270272,164160,1216,102656,243392,35008,0,521,1274,4158130608,309328114,1625728,0
1099,1677184,196864,323136,0,3456,20416,528320,457536,147456,105536,1571648,11904,1280,522496,70336,1984,3264,232256,152640,1216,105600,216640,38592,0,526,1292,371474496,1713809115,1551232,0
1100,1677184,186048,323520,0,3392,20480,524352,277120,342272,300800,1376384,12160,1344,518400,70464,1920,3136,224832,152704,1088,106752,37248,37568,0,512,1271,1389983564,162321691,1355904,0
1101,1677376,195776,324544,0,123264,20416,565120,273344,174912,132992,1544384,12160,1408,559296,118976,1856,3264,275968,153536,1152,104704,37248,37824,0,521,1280,1327433395,4065330476,1523968,0
1102,1677312,195840,322688,0,3520,20416,627584,284992,222272,180800,1496512,12608,1408,621952,168192,1920,3072,341056,151296,1152,105408,37824,46656,0,521,1277,2488792137,3615297000,1476096,0
1103,1677376,181568,323648,0,3584,42560,551232,214336,360448,318400,1358976,9024,1408,545216,109440,2048,3200,266432,151680,1152,38336,36800,44864,0,503,1236,3293889171,3750096925,1316416,0
1104,1677312,195328,328064,0,6272,20480,570432,206016,350720,308800,1368512,9024,1408,564736,109568,1920,3072,268800,151168,1152,37952,36736,37184,0,490,1196,3482863181,2152049831,1348032,0
1105,1677312,196160,331456,0,5248,20992,539776,207872,375808,334016,1343296,9216,1344,533952,108096,1920,3136,248000,151488,1152,38656,36480,37632,0,504,1226,2701993289,1844909861,1322304,0
1106,1677568,180416,330176,0,3328,20544,533696,205312,404096,362240,1315328,8896,1408,527808,110336,1664,3200,241600,151424,1280,38016,36608,37120,0,504,1222,1850157470,1607366223,1294784,0
1107,1677248,195136,330240,0,3264,20416,536832,208320,383040,341248,1336000,8576,1408,531072,111360,1856,3136,244992,151296,1280,38592,37056,36928,0,507,1225,3660173054,689666447,1315584,0
1108,1677376,197248,328640,0,3136,20928,526208,189312,411904,370048,1307328,8192,1408,520320,111104,1920,2944,260672,122944,1152,7168,40576,46592,0,500,1225,3456504318,1219337132,1286400,0
1109,1677120,181568,331968,0,3264,20736,509120,184832,445632,404032,1273088,8000,1472,503296,111808,1984,3392,246272,121664,1152,7360,40000,44544,0,502,1231,2925242736,4096974990,1252352,0
1110,1677376,195648,328256,0,5184,19904,484800,179328,464256,422400,1254976,8000,1280,478912,110656,1856,3136,221056,121536,1024,7232,40512,37952,0,497,1225,850000960,3872205026,1235072,0
1111,1677312,196928,322624,0,3968,20224,487232,179008,467328,425600,1251712,8064,1344,481600,127744,1984,3136,240000,120704,1280,7232,39936,37376,0,496,1223,3742794578,1511857101,1231488,0
1112,1677184,180864,321152,0,1920,20160,505152,179136,468800,427392,1249792,8128,1344,499392,144704,1920,3328,256448,120640,1088,7360,40448,37696,0,490,1209,2527705395,1681260037,1229632,0
1113,1677504,195648,324928,0,1856,20672,491456,178752,464192,422528,1254976,8192,1408,485504,131456,1920,3136,242112,121856,1152,7360,40192,37632,0,501,1232,1762614321,3678251261,1234304,0
1114,1677312,195840,326912,0,1984,42496,486144,189632,434304,392320,1284992,8064,1280,480384,112192,1792,3136,237632,121216,1152,7360,40448,47296,0,499,1235,3745599932,618258376,1242496,0
1115,1677376,181120,334528,0,1984,20544,499520,187008,452672,410944,1266432,8128,1280,493760,111040,1984,3200,221696,122176,1216,7232,39808,45760,0,502,1242,2321029116,3121241307,1245888,0
1116,1677056,194944,329024,0,77824,20352,490048,179648,385216,343360,1333696,8320,1408,484032,110528,1728,3072,221440,126592,1280,7232,39872,37312,0,507,1242,3076242946,3062456858,1313344,0
1117,1677248,196224,331520,0,1984,20160,485184,178880,463296,421760,1255488,8320,1344,479680,110848,1856,3072,221568,122304,1216,7488,40320,38080,0,508,1244,1267276990,3421771119,1235328,0
1118,2237504,244608,325824,0,2560,20224,1187136,210304,246848,205312,2032192,8256,1344,1181184,113152,1920,3200,558208,491264,1088,7168,67264,42688,0,519,1295,1184111764,3045989445,2011968,0
1119,1677184,194432,330496,0,3264,20096,522688,218880,387328,345728,1331456,8384,1408,516928,108352,1856,3072,255040,112832,1408,7232,67712,47360,0,563,1395,3447806769,3585879051,1311360,0
1120,1677504,194624,328512,0,3136,20416,512384,228352,390080,348544,1328960,8192,1344,506624,102656,1856,3200,247168,111680,1216,7104,67904,56768,0,597,1456,1586413677,3145837967,1308544,0
1121,1677312,180544,330176,0,4416,20800,495360,225408,420608,379008,1298304,8704,1408,489728,96064,1664,3072,227392,119040,1024,7424,67136,54080,0,574,1418,426957150,71886645,1277504,0
1122,1677504,195392,322048,0,5376,20416,486720,215936,431616,389888,1287616,8512,1280,480960,96704,1728,3264,233984,111680,1024,7104,67520,45184,0,604,1465,3065770860,2150920485,1267200,0
1123,1677312,196416,323072,0,3904,20352,483200,214528,435840,394048,1283264,8576,1408,477440,97024,1920,3200,231936,112000,960,7360,66880,44224,0,593,1448,2555283035,1964135669,1262912,0
1124,1677184,180992,324864,0,1984,42368,483904,145088,497984,456192,1220992,8832,1344,478080,95680,1984,3200,229888,112832,1152,7296,128,43712,0,576,1386,12623745,473771881,1178624,0
1125,1677120,195776,322944,0,2048,20544,473408,144192,518208,476736,1200384,8576,1344,467712,95744,1792,3136,231808,113664,1216,7168,192,43072,0,594,1424,1696838932,1939822326,1179840,0
1126,1677312,195968,324224,0,1920,42496,496064,154752,461888,420608,1256704,8448,1344,490240,97024,1792,3072,254592,112064,1344,7296,192,49600,0,612,1456,379085549,1497467201,1214208,0
1127,1677504,257088,321920,0,1984,24832,687808,150656,233216,191296,1486208,8384,1408,681984,97664,1856,3072,443392,116288,1088,7168,128,46976,0,605,1454,858549338,890094984,1461376,0
1128,1677376,282560,324096,0,2496,24384,828608,149632,65600,23808,1653568,8320,1408,822592,89792,1984,3264,573056,126592,1088,7104,192,46720,0,592,1429,2250315769,2427675787,1629184,0
1129,1677056,180032,322048,0,3136,24384,490688,150336,506432,464704,1212352,8768,1344,485056,88896,1920,3008,244928,116992,1280,7232,128,46656,0,604,1468,829455478,198709741,1187968,0
1130,1677568,194048,321984,0,142976,24448,500032,148288,345792,303744,1373824,8320,1408,493952,93888,1856,3200,255680,115264,1152,7296,192,46400,0,594,1439,4234368687,2806211924,1349376,0
1131,2237568,232896,320128,0,4288,24768,926528,169664,559296,517248,1720320,8064,1344,920704,94336,1856,3200,660864,134976,1152,7424,128,66304,0,589,1424,3168450481,979331448,1695552,0
1132,1677120,181504,324544,0,3200,25024,492864,168320,481664,440000,1237120,8320,1408,487104,94592,1728,3200,249280,110912,1216,7232,128,63872,0,589,1410,1404089176,704521737,1212096,0
1133,1677504,196480,321856,0,3264,24768,495232,147648,488256,446400,1231104,8320,1344,489664,93504,1728,3328,254016,107072,1280,7232,128,46016,0,591,1420,3042314353,3773054254,1206336,0
1134,1677184,198592,327040,0,3200,46400,495936,147968,458048,416064,1261120,8256,1408,490112,93760,1920,3136,261824,109120,1024,7296,128,46336,0,611,1464,2787081259,867041758,1214720,0
1135,1677504,183104,322368,0,3072,24384,496768,149248,498560,456896,1220608,8384,1408,490880,104576,1792,3200,262976,108480,1280,7168,64,46336,0,605,1454,80873465,4280812308,1196224,0
1136,1677696,196544,323712,0,3136,24512,493184,142592,494016,451968,1225728,8320,1408,487360,103744,1728,3072,263360,104512,1152,7040,128,40704,0,604,1448,964075344,3989786748,1201216,0
1137,1676928,269248,324416,0,3264,24128,676800,143424,235648,194304,1482624,7680,1408,671168,104640,1856,2944,454848,110272,1344,0,0,49984,0,604,1451,844607221,2810460766,1458496,0
1138,1677312,183040,324480,0,3136,24384,490560,142592,509120,468032,1209280,7232,1280,484672,124480,1728,3136,283264,106432,1152,0,0,49280,0,591,1432,2966535538,2994522919,1184896,0
1139,1677184,196992,321024,0,3200,24832,473216,114176,543744,503168,1174016,6976,1280,467456,104064,1984,3136,266240,106368,1152,0,0,21824,0,589,1420,3703786938,3841990268,1149184,0
1140,1677440,234624,321472,0,3264,24448,472128,115648,505856,465088,1212352,7360,1408,466368,104832,1664,2944,268672,107648,1216,0,0,21568,0,600,1438,3597974123,3666585113,1187904,0
1141,1677184,192768,320960,0,3264,24384,485248,113792,536768,495616,1181568,7296,1408,479296,121408,1792,3136,281728,107200,896,0,0,21824,0,603,1439,1554424998,5663840,1157184,0
1142,1677248,195328,320960,0,5312,24768,418368,113856,598656,557632,1119616,7424,1408,412608,60224,1984,3264,214848,107264,1088,0,0,22016,0,605,1439,3482008734,3067676938,1094848,0
1143,1677504,203712,320640,0,3840,24640,580736,124800,419136,378112,1299392,7104,1344,574912,63872,1728,3072,375552,108736,1152,0,0,32256,0,592,1409,3172853355,3392621337,1274752,0
1144,1116992,182720,322944,0,1984,24192,417472,122944,44736,3968,1113024,7552,1408,411776,63040,1664,3264,213632,106624,1152,0,0,30336,0,600,1414,4070151840,3340440575,1088832,0
1145,1677376,180800,324224,0,125568,46016,422208,114752,463808,422080,1255296,7296,1344,416384,63936,1728,3328,218304,105856,1152,0,0,21888,0,586,1389,3956787180,2041393857,1209280,0
1146,1117184,180032,321280,0,1856,24448,432512,113728,43328,1920,1115264,6976,1280,426816,64896,1984,3328,230528,106112,1024,0,0,21440,0,582,1365,969830539,3408026346,1090816,0
1147,1117120,179776,319808,0,1920,24640,417984,114688,58304,17344,1099776,7424,1344,412416,65088,1664,3200,215616,106240,1088,0,0,21696,0,580,1375,3395699913,411399443,1075136,0
1148,1677312,179328,321536,0,1856,24768,446016,124928,578880,537344,1139968,7680,1408,439872,63616,1664,3136,243136,106176,1216,0,0,31936,0,575,1375,1253639167,942028292,1115200,0
1149,1677312,196224,321856,0,1984,24640,848320,121600,162688,121472,1555840,7360,1344,842560,146368,1792,3072,639040,111232,960,0,0,29440,0,576,1376,646302516,2689865499,1531200,0
1150,1677376,180096,322560,0,1984,24576,498432,122816,526912,485760,1191616,7552,1408,492608,145088,1728,3264,295808,105600,1152,0,0,30336,0,576,1375,4280442565,2823851547,1167040,0
1151,1677184,178752,320768,0,1920,24384,462272,113920,575168,534016,1143168,7360,1344,456448,104256,1856,3136,258304,106752,1216,0,0,21760,0,578,1378,3660387953,2713144741,1118784,0
1152,1677120,181440,322624,0,3200,43072,860224,136576,129984,88832,1588288,7488,1280,854336,63552,1536,3136,648192,112960,1216,0,0,47232,0,481,1184,318735409,2940956012,1545216,0
1153,1117312,143040,320640,0,3200,43776,413632,133440,59584,18816,1098496,7680,1280,407936,58624,1792,3264,204224,107392,1152,0,0,45824,0,484,1189,232645227,1236974002,1054720,0
1154,1677312,142528,322112,0,3136,43968,531840,169344,464384,423168,1254144,7360,1280,526208,84736,1792,3200,252992,107072,1216,0,0,80576,0,498,1235,357122552,3123813589,1210176,0
1155,1677248,143040,321280,0,3200,43776,442752,163648,559552,518592,1158656,7360,1344,436992,59648,1728,3072,222528,109696,1152,0,0,75968,0,494,1225,251725461,1088070863,1114880,0
1156,2237632,988480,322624,0,3136,64960,439168,164160,255104,213824,2023808,7424,1344,433472,58368,1792,3008,220352,107904,1088,0,0,72768,0,486,1209,492430630,3853537372,1958848,0
1157,2237248,1017792,322496,0,3136,42944,438528,146688,265664,224832,2012416,7552,1408,432704,60928,1664,3328,220736,109056,1152,0,0,58944,0,493,1212,2968707144,686255394,1969472,0
1158,1677440,155776,320448,0,3200,43264,629248,148544,376960,335488,1341952,7296,1472,623296,56960,1664,3392,411904,107584,1216,0,0,60032,0,493,1194,1337348336,2343245497,1298688,0
1159,1677120,148032,321280,0,3392,43136,611584,217856,331840,291136,1385984,10624,1280,605952,51392,1920,3072,347392,151680,1088,128,66880,60160,0,516,1261,1116344525,1642004556,1342848,0
1160,1677376,146560,322560,0,140288,43264,478272,214912,331520,290112,1387264,11008,1408,472448,56192,2048,3200,229824,123008,1152,64,67392,55936,0,505,1242,361919841,2262253829,1344000,0
1161,1677376,161728,322240,0,3264,43456,819072,211648,115968,74624,1602752,11072,1216,813376,56768,2112,3264,561984,131072,1152,128,67008,53888,0,491,1226,893926424,846561728,1559296,0
1162,1677440,134080,321664,0,4544,43456,502080,220992,450624,409600,1267840,11904,1344,496192,57216,1792,3200,231616,143040,1152,64,66944,63552,0,493,1233,2056156574,2048534994,1224384,0
1163,1677376,133504,322048,0,5760,43584,529984,238464,404032,362688,1314688,11904,1280,524160,96064,1984,3264,266112,134144,1216,64,67520,78528,0,491,1227,2208372634,109431975,1271104,0
1164,2237248,131264,323328,0,4928,43456,905600,228480,600192,558784,1678464,111104,1408,899712,56832,1984,2944,510912,167936,1024,128,67200,69568,0,508,1230,1674383419,3846083886,1635008,0
1165,3918208,1071360,325312,0,3584,65152,1940672,241664,270464,223296,3694912,434368,1408,1934528,80576,1792,403456,563712,170304,1280,40000,192,109376,0,498,1239,395280902,3551173124,3629760,0
1166,1677184,164608,322112,0,3840,43904,617088,236736,288896,241600,1435584,20032,1408,610944,58688,1600,2944,310400,134720,960,40064,256,104000,0,497,1244,2534866754,2969849494,1391680,0
1167,1677440,153792,323904,0,3648,43584,422336,200384,529792,482240,1195200,15936,1408,416320,58752,1600,3008,138944,129024,1024,0,0,111040,0,489,1227,2856056396,2349841378,1151616,0
1168,1677056,153792,321920,0,5696,43968,388992,192064,570624,529408,1147648,11584,1344,383296,56064,1600,3072,139392,129024,1216,0,0,102784,0,505,1265,651565578,1822073358,1103680,0
1169,1677312,180800,320512,0,6016,43648,448576,188608,489152,447872,1229440,11776,1280,442944,57728,1664,3136,186624,140416,1088,0,0,99200,0,516,1275,1201068044,1157876937,1185792,0
1170,1677248,154496,323136,0,5760,44416,510592,192640,446208,404992,1272256,11776,1280,504832,57024,1920,3136,227520,160384,1280,0,0,103296,0,500,1245,325032445,2331860454,1227840,0
1171,1677440,141312,322240,0,4800,43520,595392,191936,378240,336704,1340736,97600,1408,589632,78720,1856,3136,228288,153920,1408,0,0,104064,0,487,1223,662546342,2370193520,1297216,0
1172,1677312,141312,322816,0,3520,42624,664832,193920,308288,267072,1410240,168064,1344,659200,69312,1856,3264,233024,153600,1024,0,0,105856,0,507,1249,3549080094,4167005216,1367616,0
1173,1673984,141248,325376,0,166976,43136,717568,192192,87488,46080,1627904,219648,1344,711616,83200,1728,3392,231296,157376,1088,0,0,103360,0,524,1275,213148710,3234075448,1584768,0
1174,2237568,143936,325760,0,3392,42176,1046528,302208,373568,332608,1904960,204480,1344,1040512,161344,1920,3264,567872,164096,1088,128,119872,93184,0,503,1249,2328225816,556462574,1862784,0
1175,1677312,143936,323584,0,3520,64064,802944,253056,86208,44928,1632384,220416,1280,797248,184896,1728,3456,318784,156288,1408,64,74496,90048,0,497,1236,441934311,165728998,1568320,0
1176,1677248,144256,322368,0,3584,42560,787456,254720,122304,80832,1596416,239296,1408,781440,158336,1728,3136,290944,153536,1088,128,74752,90496,0,508,1264,4158188204,2318334167,1553856,0
1177,1677248,144768,322496,0,5696,41920,747520,246848,168000,126976,1550272,240064,1408,741696,124608,1792,3328,256064,146880,1216,128,75968,81984,0,528,1292,886479660,3242701235,1508352,0
1178,1677312,144192,322688,0,3456,42368,786368,250560,127680,86656,1590656,239616,1408,780480,124608,1856,3136,291392,152896,1280,128,75200,85824,0,522,1284,1163746082,1958596806,1548288,0
1179,1677312,144448,321664,0,3392,42432,755136,242496,167744,126720,1550592,238592,1344,749376,125440,1856,3264,259904,151104,1088,128,75520,78784,0,512,1276,2801103376,417748774,1508160,0
1180,2237376,168512,322624,0,3392,42368,1010368,312640,377472,337024,1900352,242496,1344,1004672,128512,1920,3264,258432,397056,1152,256,139456,80576,0,523,1306,3257933121,2629013617,1857984,0
1181,1677440,143744,323840,0,6528,41984,710016,298048,153280,112384,1565056,229440,1408,704192,90624,1792,3328,216384,147136,1152,128,139648,65920,0,529,1302,457105030,1002331043,1523072,0
1182,1676992,144064,323520,0,5696,27968,700096,301760,173888,132864,1544128,205824,1344,694144,73152,1856,3328,230208,148992,1216,192,140288,77632,0,527,1306,3787089249,2043678525,1516160,0
1183,1675776,143296,323072,0,3264,27840,699520,295296,183488,144448,1531328,235776,1344,693888,72320,1792,3328,201152,147584,1152,256,140288,72640,0,523,1300,1538330538,3228152964,1503488,0
1184,1677376,157312,323968,0,3136,27520,668224,291648,205568,166528,1510848,228608,1408,662336,72896,1728,3072,176768,147520,1216,192,141120,67072,0,500,1251,1268522196,748515881,1483328,0
1186,1677632,158720,324096,0,5248,27392,686528,282752,192896,152832,1524800,231680,1472,680576,88448,1792,3264,193728,145856,1216,256,141312,57856,0,515,1273,1250307393,486919289,1497408,0
1187,1677248,143104,320448,0,3264,27712,676544,216064,290112,250880,1426368,231232,1472,670784,69568,1856,3392,190592,147200,1216,128,75008,58176,0,507,1235,3766965434,3340831394,1398656,0
1188,1677312,158272,322688,0,122112,26816,661184,211520,174720,135104,1542208,237376,1280,655232,68928,1920,3200,175744,147264,1024,128,74368,56832,0,499,1223,3419345221,391311884,1515392,0
1189,1677440,159040,323072,0,3328,5440,664512,222912,299136,259520,1417920,230528,1280,658560,68992,1856,3584,187456,146240,1024,64,74560,67136,0,478,1183,3872394742,2751226681,1412480,0
1190,1677056,143616,322688,0,5376,5696,618176,213056,368448,329216,1347840,194944,1280,612608,68864,1728,3264,175424,146624,1344,128,75648,57024,0,496,1207,594072939,3747541197,1342144,0
1191,1677440,156992,321600,0,3200,5696,654272,204864,330816,291584,1385856,215680,1472,648320,68352,1728,3392,193024,146752,1152,128,75456,48704,0,492,1203,2512551559,116496672,1380160,0
1192,1677312,174976,323328,0,3200,5568,789440,204288,176512,137408,1539904,194880,1408,783616,60096,1856,3200,345984,151104,1088,128,74816,49216,0,505,1228,1125448607,3426526187,1534336,0
1193,1677376,144384,321792,0,3264,5440,663680,202944,335872,296576,1380800,213504,1408,658048,68480,1536,3328,198656,154176,1152,128,74624,48768,0,510,1226,3961007254,1960123767,1375360,0
1194,2237376,219328,323072,0,4416,5440,1066496,219456,399168,359744,1877632,179648,1408,1060800,73344,1728,3328,200192,588288,1088,128,75200,62272,0,494,1220,4079118621,1820556516,1872192,0
1195,1677440,160512,320512,0,3392,5504,426688,225472,535360,496192,1181248,7616,1472,420800,73216,1728,3328,212672,109376,1088,64,75392,69824,0,512,1243,3701781248,595570658,1175744,0
1196,1677248,145280,320704,0,5568,27200,418880,192704,566912,527488,1149760,7296,1472,412992,73792,1728,3392,206848,108992,1152,128,75456,37440,0,508,1239,716042398,3965072026,1122560,0
1197,1677632,159616,320704,0,4608,5760,419264,186368,581312,541568,1136064,7104,1344,413632,76288,1600,3264,210624,110720,1216,64,74496,30976,0,507,1253,1387046169,2331881402,1130304,0
1198,1677184,161600,322496,0,3200,5632,427648,177472,579136,539584,1137600,7040,1408,421824,84736,1728,3136,220096,108736,1152,64,75200,22336,0,502,1233,666451424,3911710027,1131968,0
1199,1677184,167040,322496,0,3264,5568,690432,176256,312128,273024,1404160,7232,1344,684736,100672,1920,3200,233088,360704,1280,128,74688,22656,0,493,1221,1007746304,180390861,1398592,0
1200,1677184,161664,322368,0,3200,5568,431872,187776,564736,525632,1151552,7680,1280,426048,81472,1792,3200,233344,100864,1088,64,75648,32448,0,495,1232,459421998,3533246798,1145984,0
1201,2799168,1121344,324224,0,4352,20352,623168,195008,510720,470080,2329088,6976,1472,617408,84928,1728,3072,422720,102528,1152,128,75136,30592,0,495,1242,159221284,2254379483,2308736,0
1202,1677376,184384,322304,0,123072,20608,438784,184640,403584,361856,1315520,7360,1408,432896,103488,1984,3008,238464,101632,960,128,74880,22784,0,490,1243,1621593852,4017224298,1294912,0
1203,1677632,186496,323136,0,1920,20800,417152,186176,541952,500608,1177024,6784,1344,411328,81088,1664,3200,219392,102272,1280,128,75648,22720,0,514,1323,3806916941,1773654333,1156224,0
1204,1677312,226880,324864,0,1920,20352,416960,187008,499328,457728,1219584,7424,1344,411200,81408,1792,3200,219392,100800,1088,128,75328,22400,0,634,1598,3543960676,1315165253,1199232,0
1205,1676928,221056,322112,0,1984,20160,418944,188992,503680,462592,1214336,7360,1216,413440,81920,1728,3200,221056,101568,1280,64,74176,23168,0,640,1575,93275800,633133927,1194176,0
1206,1677504,229632,322048,0,1856,42176,435968,197632,448192,406976,1270528,7360,1472,429888,81856,1856,3136,236736,101888,1216,128,74624,32704,0,649,1583,2833572349,4026631618,1228352,0
1207,1677248,221632,323008,0,1920,20544,753984,197312,158848,117696,1559552,7296,1408,748288,81152,1792,3264,554240,101632,1216,128,75264,31360,0,652,1590,3007145940,3534232041,1539008,0
1208,1677248,225088,321856,0,1920,20480,780032,187904,139968,99072,1578176,7360,1280,774272,81280,1536,3072,579904,102016,1088,64,75584,22912,0,638,1557,3545041136,3018276406,1557696,0
1209,1677440,203904,323712,0,1920,20480,443520,189056,494848,453952,1223488,7424,1280,437760,82496,1728,24768,223488,100992,1152,128,75008,22976,0,629,1536,1362959396,2276178846,1203008,0
1210,1677184,254464,321728,0,3200,20800,664192,215168,197632,156416,1520768,11392,1344,658432,82752,1728,29056,391936,140480,1152,64,74752,49664,0,641,1553,2815100174,2273450502,1499968,0
1211,1677376,251904,323776,0,3200,24640,517760,222016,334080,293056,1384320,9472,1344,511936,101376,1600,37440,268160,111744,1088,64,74752,53568,0,646,1563,2149108958,2149120983,1359680,0
1212,1677440,216384,322176,0,5376,24320,446336,216064,446784,405760,1271680,7232,1344,440448,81856,1664,17280,228928,101504,1088,128,75392,48320,0,650,1563,579247053,2225642121,1247360,0
1213,1677376,262080,322496,0,4544,24192,729472,216576,118016,76480,1600896,9408,1408,723712,82368,1664,37504,464576,127232,1088,128,74688,49472,0,644,1573,1632828226,4247591705,1576704,0
1214,2237568,256640,323264,0,3200,23872,837824,215616,577152,535744,1701824,11392,1408,832192,82496,1664,28736,576320,130560,1152,128,74496,48128,0,644,1571,3438960518,607096361,1677952,0
1215,1677056,234176,322240,0,5248,23616,506880,216256,368640,327744,1349312,11456,1408,501056,83776,1728,28864,245824,129024,1216,64,75136,48512,0,639,1563,1446174488,3486665558,1325696,0
1216,1677440,235840,327872,0,3776,46336,501312,218624,343680,302144,1375296,7808,1472,495360,82240,1664,38912,262080,101632,1088,128,75584,50112,0,647,1575,236020620,1866007622,1328960,0
1217,1677440,211328,322816,0,125760,45184,451776,219200,301376,259776,1417664,7424,1344,445888,82880,1792,3328,248768,101632,1152,128,74880,48896,0,641,1568,3653772035,3389193546,1372480,0
1218,1677376,194752,323712,0,1920,11392,449280,202048,494272,453120,1224256,7424,1408,443456,84288,1600,3264,247872,100416,1216,64,75904,40832,0,641,1559,352367400,3383916043,1212864,0
1219,1676864,195648,319808,0,1920,5568,447616,198400,507904,466368,1210496,7360,1280,441792,84224,1856,3328,248256,100096,1152,128,75200,40384,0,638,1553,3319573084,4187681143,1204928,0
1220,1675904,181120,322432,0,1920,5760,466304,198336,500032,460864,1215040,7360,1408,460416,102464,1728,3200,265152,100608,1280,128,75648,40320,0,631,1534,4092613612,3402712125,1209280,0
1221,1677248,196032,323200,0,1984,5632,446528,198848,505024,465728,1211520,7616,1408,440704,83648,1856,3264,246208,100608,1472,64,75776,40768,0,645,1553,4016271162,1774814626,1205888,0
1222,1677440,195520,322752,0,1920,5568,470400,207616,473664,434368,1243072,7744,1344,464448,85184,1792,3136,267968,101312,1152,128,74816,49856,0,644,1549,1885362051,3095635557,1237504,0
1223,1677312,181376,322816,0,1920,5824,447424,205760,512192,472256,1205056,7360,1280,441792,84480,1792,3136,246720,100032,1024,128,75456,47424,0,642,1546,242258192,3150406556,1199232,0
1224,1677248,196288,322560,0,1856,5952,446912,193856,509824,470848,1206400,7680,1408,441216,83712,1664,3392,245632,100224,1088,64,75648,35328,0,635,1544,1589398436,282534557,1200448,0
1225,2237440,235776,324160,0,2560,5568,922176,195008,552192,513152,1724288,7360,1280,916480,83712,1856,3136,719744,104000,1024,128,74880,21376,0,637,1552,1924445155,3647195784,1718720,0
1226,1677696,180864,324352,0,3200,27200,487040,193728,461312,421504,1256192,7360,1408,481344,90432,1728,3072,282176,106112,1152,64,74944,20416,0,639,1573,1813652985,4098850324,1228992,0
1227,1677120,242944,325376,0,5248,5440,775616,194304,128192,89088,1588032,7360,1280,769920,90880,1600,2944,570432,107712,1216,64,74752,21184,0,633,1556,1386205410,1770578672,1582592,0
1228,1677248,194944,322560,0,3840,5824,572224,205120,372736,333696,1343552,7360,1408,566400,43968,1664,3200,368768,105536,1024,128,74944,30976,0,628,1541,4140887207,2531327532,1337728,0
1229,1677504,198080,322368,0,1920,5568,879296,204032,66240,26624,1650880,7616,1280,873600,45760,1792,3136,671232,108160,1088,64,74752,29248,0,614,1523,415850636,1981114535,1645312,0
1230,1677120,215616,321728,0,1856,5568,875200,116352,140800,102016,1575104,8320,1408,869312,45120,1728,3136,525376,249728,1280,0,0,20800,0,563,1369,2061426558,1588769642,1569536,0
1231,1677376,215616,324416,0,122368,5696,770624,117504,121152,80448,1596928,8960,1408,764800,47552,1664,3264,533824,138048,1280,0,0,21504,0,573,1366,1710628340,1805880511,1591232,0
1232,1677184,192448,323584,0,1856,5568,617408,115328,420992,381824,1295360,8576,1280,611776,72064,1856,3392,381312,137600,1088,0,0,20928,0,581,1373,2110246309,1362744210,1289792,0
1233,1677248,206208,323456,0,1920,5760,642496,116608,380800,341888,1335360,8512,1408,636736,95488,1920,3264,406784,137024,1344,0,0,21312,0,580,1375,1857260435,94876045,1329600,0
1234,1677632,211648,323008,0,2560,5568,857792,139904,137152,97856,1579776,8896,1280,852096,97280,1920,3264,620096,138688,1344,0,0,30336,0,595,1396,1214732480,3159223199,1574208,0
1235,2237376,267136,323008,0,3136,5632,1268672,108416,261376,221952,2015424,8128,1408,1262848,96896,3520,3200,1030016,136128,1088,0,0,29760,0,605,1407,2553934803,4165087988,2009792,0
1236,1677568,195136,322240,0,5568,27648,528256,99648,499072,459328,1218240,8000,1408,522496,130112,3328,3392,294144,133568,1024,0,0,20608,0,585,1380,1850383213,1044942155,1190592,0
1237,1676864,179712,322432,0,6464,5568,752768,109760,300160,261312,1415552,8576,1280,747008,151616,63232,3200,439360,153856,1088,0,0,31552,0,586,1389,1131552635,1609844463,1409984,0
1238,1677568,216960,322624,0,4608,5696,714816,124736,288128,248576,1428992,7872,1408,708928,151616,3456,3328,458304,155200,1152,0,0,44992,0,568,1368,1025004465,2266138090,1423296,0
1239,1677440,209600,322688,0,3328,5696,781248,185472,169408,129472,1547968,13696,1344,775552,154240,3584,3328,511296,133120,1216,50944,256,51712,0,577,1398,2937631303,1615350027,1542272,0
1240,1677120,194432,321600,0,5568,5888,590336,179328,379968,340352,1336768,13440,1408,584704,151424,3712,3584,321024,132672,1280,51584,256,45952,0,582,1400,4124752098,2424568525,1330880,0
1241,2797888,1170176,323456,0,5760,5568,755968,171648,365312,325568,2472320,13440,1536,750080,153920,3840,3200,484864,135552,1024,51072,256,38464,0,586,1403,2704167644,946890820,2466752,0
1242,2237760,254592,323520,0,3328,5632,1093696,173568,383424,343232,1894528,13952,1408,1087680,174208,2752,2944,823232,135936,1088,52416,256,38720,0,594,1411,3383672640,1467295525,1888896,0
1243,1677184,245248,324736,0,3264,5696,778304,173504,146432,106496,1570688,14272,1472,772480,190336,1792,3136,510976,134016,1152,51968,192,38976,0,594,1408,881841570,1508880535,1564992,0
1244,1677248,234368,327488,0,3328,5568,524928,182272,399296,358976,1318272,14528,1408,519104,77056,1920,3264,254976,135424,1280,52608,256,47488,0,620,1443,317103485,1352767772,1312704,0
1245,1677376,220032,322688,0,115968,27264,490112,180800,320512,279936,1397440,14528,1408,484160,51968,2112,3136,219648,135360,1088,52032,192,46400,0,597,1422,4272557254,831673190,1370176,0
1246,1677248,206336,323712,0,4352,5504,484672,166784,485888,446016,1231232,14272,1344,478912,51584,2048,3136,215936,134016,1152,51712,192,33216,0,583,1406,4270624220,4107190690,1225728,0
1247,1677376,194560,324864,0,5440,27136,482816,170432,472128,432192,1245184,14208,1344,476992,52416,1792,2880,218240,132800,1216,51968,256,33728,0,580,1399,2477648312,4285593840,1218048,0
1248,2237312,231168,324480,0,3840,5696,1114048,166400,391680,351744,1885568,14336,1472,1108032,76352,1856,3264,847936,133696,1024,52160,256,32576,0,585,1401,2015872199,384584698,1879872,0
1249,1677504,209472,325376,0,1984,5696,493312,176448,465216,425472,1252032,14464,1344,487424,52352,1920,3072,227200,133376,1152,51840,256,42432,0,583,1402,2215857705,1502800578,1246336,0
1250,1677504,182080,320768,0,1920,5504,477056,174656,515520,475712,1201792,14336,1280,471296,52096,1920,3008,210368,134272,1152,52544,192,40192,0,592,1416,757540653,3685425553,1196288,0
1251,1677184,208576,321344,0,1920,5760,479616,167488,492480,452736,1224448,14592,1408,473728,51904,1856,3136,214208,131904,1088,51904,256,33216,0,591,1402,256686081,970667696,1218688,0
1252,1677376,246912,321600,0,1920,5568,586496,167232,347648,307520,1369856,14016,1344,580608,51456,1920,3136,316672,136640,1088,51840,256,33536,0,579,1387,1320594627,431962286,1364288,0
1253,1677376,249472,323776,0,1920,5632,841088,156736,98752,58752,1618624,13696,1280,835200,52864,1856,3200,568512,139968,896,52352,256,22656,0,605,1424,3272194587,998197019,1612992,0
1254,1677120,193344,324800,0,1920,5760,524160,157056,470080,430080,1247040,14272,1408,518464,95488,2048,3200,257472,136384,1024,52288,256,23168,0,605,1423,3247489979,1175523199,1241280,0
1255,1677504,203392,322048,0,1856,27008,676416,167296,279488,239232,1438272,13952,1408,670400,53248,1984,3200,397824,137856,1216,51840,256,32896,0,607,1424,1395396181,408948985,1411264,0
1256,2237376,191616,324096,0,3392,5568,1112128,191616,408960,368896,1868480,238656,1344,1106304,80960,1920,3072,548864,189696,1152,52480,256,57024,0,581,1389,264250623,3178905352,1862912,0
1257,2237888,297408,324416,0,3456,27648,1089344,191872,303744,262976,1974912,177344,1408,1083584,52544,2048,378112,233216,167040,1152,51840,256,56384,0,606,1419,3004225820,3845629332,1947264,0
1258,1676928,209408,324096,0,142656,27648,470336,188864,313920,274432,1402496,24448,1344,464576,52160,1920,3008,135104,155456,1152,52032,192,52928,0,601,1407,752258320,3962367305,1374848,0
1259,1677312,243392,325888,0,3648,27264,751104,194432,131584,91776,1585536,24576,1280,745088,52160,1792,2880,138240,460608,1280,51840,256,58880,0,595,1406,3665557444,1635037683,1558272,0
1260,1677440,238784,323520,0,3584,5376,623808,198080,284288,244224,1433216,24704,1344,618240,23232,1792,3008,321920,152000,1216,51968,256,62464,0,593,1398,609625631,1703133658,1427840,0
1261,1677184,243840,322688,0,3648,5632,592448,203456,305472,265344,1411840,24704,1408,586560,2048,1664,3008,291072,151552,1152,52160,256,67904,0,590,1401,290503408,4208737914,1406208,0
1262,1677312,176832,322496,0,3648,5632,509056,201984,457664,417344,1259968,24704,1344,503296,27200,1856,3072,185024,172928,1024,52096,256,65920,0,582,1400,1318710554,2059120317,1254336,0
1263,1677184,211712,325888,0,5824,5760,476736,203008,448256,408256,1268928,24384,1472,470720,1344,1792,3264,153856,172096,1216,52032,192,66944,0,578,1389,3006654591,3976238242,1263168,0
1264,2237760,1027392,323968,0,6464,26944,486016,194048,172928,132608,2105152,24256,1408,480384,2304,1920,3136,165120,171840,1152,52160,256,58432,0,558,1348,3252104649,2727016091,2078208,0
1265,2237120,1046656,330624,0,4736,5504,483008,195008,171584,131520,2105600,23680,1280,477312,1728,1984,3008,162176,172800,1152,52224,192,59264,0,565,1354,1775583386,2720326569,2100096,0
1266,1677696,188736,321920,0,122816,5696,659072,181248,198208,157696,1520000,23296,1344,653376,60608,1856,3264,334080,175424,1216,52288,256,45952,0,562,1344,3692419828,963040346,1514304,0
1267,1677120,190848,322240,0,3328,5440,750272,186816,218176,178368,1498752,24128,1344,744512,83392,1920,3136,424768,177920,1024,51712,256,52992,0,566,1355,957660578,2142259203,1493312,0
1268,1677120,169856,325824,0,3392,5632,577472,184640,410304,370752,1306368,23744,1344,571712,82944,1920,3072,236864,172992,1216,52416,256,50688,0,566,1361,1437338610,2758486959,1300736,0
1269,1677312,167936,331584,0,3456,5696,508672,186240,473728,433920,1243392,24000,1344,502784,28224,1920,3328,178048,172672,1088,52544,192,51200,0,571,1367,3619953054,3932723799,1237696,0
1270,1677376,168896,330432,0,3392,5696,441280,172288,555392,515584,1161792,13120,1472,435456,1920,1792,3008,153024,141632,1216,52160,256,37376,0,562,1346,979617287,715283061,1156096,0
1271,1677312,184576,330560,0,3392,5568,446080,165696,541440,501312,1176000,12992,1472,440384,2240,2112,3072,158272,142592,960,52032,192,32256,0,552,1321,635791644,1313324480,1170432,0
1272,1677568,166272,330304,0,3328,5568,473536,168256,530304,490240,1187328,13568,1408,467712,27712,2048,3200,183360,145600,960,51904,256,32768,0,554,1327,1467667079,3349489591,1181760,0
1273,2797696,370816,330880,0,4736,27520,1277952,246720,539072,493312,2304384,92928,1472,1271808,1408,1984,180352,391872,181120,1280,91648,512,68032,0,560,1338,3875820375,1647907039,2276864,0
1274,2237504,191104,330368,0,4672,26816,1076352,323072,285120,244736,1992768,13056,1344,1070592,1728,1664,3200,735552,173440,1152,99392,67584,68544,0,575,1379,1401648891,3420748453,1965952,0
1275,1677312,170304,324544,0,3712,27648,432448,323136,395520,354880,1322432,13696,1536,426496,2880,1920,3008,120960,155072,1216,100160,67328,67648,0,573,1381,2904465676,2553365326,1294784,0
1276,1677440,183232,325376,0,6592,5952,481792,314752,359744,318912,1358528,14208,1344,475968,26240,1984,3200,169216,159168,1216,98944,67968,60992,0,581,1391,14626618,833527635,1352576,0
1277,1677248,200128,322624,0,5184,27584,506560,318336,296832,256000,1421248,13440,1408,500736,24128,1984,3328,191744,162240,1152,100032,67904,60864,0,577,1383,1819595753,2526980743,1393664,0
1278,1677120,183168,325248,0,3520,5696,532288,384064,243136,202432,1474688,13504,1408,526656,27968,1920,3264,190720,187776,1216,100992,129280,60288,0,589,1423,689362840,1667201169,1468992,0
1279,2797760,1066688,331392,0,136768,5440,505920,377408,374144,333632,2464128,13568,1344,500032,1472,1920,3136,158272,156416,1152,101952,131200,53888,0,586,1416,1264105622,360454112,2458688,0
1280,1677248,193984,328448,0,3520,5824,477376,309568,358528,318080,1359168,13248,1344,471488,1472,1856,3200,149248,154688,960,101248,68096,53376,0,579,1385,615614663,1028810520,1353344,0
1281,1677248,193216,330432,0,3520,5824,469696,310784,363776,323456,1353792,13248,1408,463744,1344,1920,3072,149376,157056,1088,102016,67520,53248,0,589,1403,4074304245,2245549121,1347968,0
1282,1677504,189120,328320,0,3520,5440,507328,361152,282624,241856,1435648,13440,1344,501632,2624,1984,3072,164864,178752,1216,100736,130368,39936,0,603,1445,612976602,1303168272,1430208,0
1283,2797824,1182336,328896,0,3520,26560,684480,371968,200064,159104,2638720,13312,1280,678592,28544,1920,3136,354624,160576,1152,100928,131008,49536,0,604,1447,3188776821,4236515726,2612160,0
1284,1677056,228160,331328,0,6144,5824,674304,303808,127488,86976,1590080,13568,1408,668544,35456,1856,3136,342400,159104,1152,100544,67520,48448,0,587,1396,179438867,2975273929,1584256,0
1285,1677312,192128,330560,0,3392,5632,482176,296896,366528,325888,1351424,13376,1344,476480,24896,1792,3136,170176,156224,1216,100928,67584,40576,0,584,1388,1962008643,947301484,1345792,0
1286,2237504,319872,323072,0,3456,5632,832448,435200,317824,277696,1959808,14016,1408,826624,1920,2048,3136,162304,509824,1216,102400,193344,48640,0,608,1480,1869847362,2449045789,1954176,0
1287,1677376,190976,325632,0,3392,5440,494592,430592,226752,186048,1491328,13760,1344,489024,29312,2048,3456,171392,147008,1152,101120,192448,45760,0,603,1456,4064867125,134967141,1485888,0
1288,1677440,192512,324928,0,5632,5632,686784,370368,91584,50880,1626560,14080,1344,680768,2880,1920,3392,361280,147648,1216,100992,130240,49216,0,609,1462,2202498541,415673636,1620928,0
1289,2237376,208896,325312,0,5312,5632,887488,377088,427648,387392,1849984,13760,1408,881664,46336,1856,3520,564928,158528,1216,101248,131136,54592,0,602,1446,364078250,3796715922,1844352,0
1290,1677760,190784,327424,0,3456,5760,549760,442432,158144,117632,1560128,14336,1472,543744,51008,2048,3328,209600,173632,1152,100352,193600,56640,0,624,1507,2442405596,2945349486,1554368,0
1291,1677312,176256,326912,0,3392,5696,519808,438784,206464,165824,1511488,13696,1408,513984,52800,1920,3136,194752,152960,1088,101376,196416,49344,0,617,1483,3926945425,734062880,1505792,0
1292,2237632,200128,322048,0,155264,5568,908800,304448,341376,300352,1937280,13824,1344,902976,2496,1920,3328,582912,153408,1280,101376,67648,48960,0,586,1400,2777296193,3439712518,1931712,0
1293,2237376,193984,322432,0,3712,26816,936192,360256,393984,353472,1883904,13952,1408,930368,30592,2048,3264,619648,162112,1152,101696,121152,49216,0,568,1365,285022005,3241712,1857088,0
1294,1677056,176000,324160,0,3648,5760,602816,445888,118784,78016,1599040,13312,1408,596928,57024,1920,3264,241408,204160,1280,101504,182976,69696,0,588,1421,3169213332,4081874612,1593280,0
1295,1677632,177280,324544,0,3584,5504,601088,443392,122240,81344,1596288,14208,1344,595136,127168,1792,3328,276928,155776,1088,100928,185536,65536,0,591,1429,2652962215,3066026440,1590784,0
1296,1677120,175680,326144,0,3584,5696,620864,376192,168960,128384,1548736,13952,1408,614848,135872,1856,3264,293632,156672,1216,101248,122368,62528,0,583,1390,338302181,2831575870,1543040,0
1297,1677376,176640,324480,0,5696,5952,572864,363200,228544,187648,1489728,14144,1408,566912,109312,1984,3264,261120,155648,1088,101184,122048,51776,0,580,1381,283739819,535254614,1483776,0
1298,1677440,176512,324800,0,4928,5504,606336,428736,130624,89600,1587840,13952,1344,600448,108992,1856,3136,274304,177856,1280,101184,184448,52032,0,584,1391,2068913978,2845343947,1582336,0
1299,2237632,329984,325504,0,3520,5632,1010176,429696,133120,92480,2145152,19008,1344,1004352,108608,1920,36736,629440,176960,1280,101632,185536,51200,0,583,1381,304406158,194072734,2139520,0
1300,1677248,245696,322752,0,3584,5504,658304,357120,84288,43328,1633920,25344,1408,652480,109056,1984,28544,266048,187712,1152,101056,121408,45696,0,559,1319,1541562094,813051690,1628416,0
1301,1677120,243840,324672,0,3648,5888,659456,357056,82560,42176,1634944,25728,1408,653504,110016,1920,28416,275840,192320,1216,100544,121088,46656,0,577,1343,3601934346,3119648804,1629056,0
1302,2237696,244352,324800,0,6144,5440,967424,306688,382848,343104,1894592,24960,1344,961664,136384,2112,28352,609856,174080,1216,51584,121472,47616,0,575,1343,766511345,2006922638,1889152,0
1303,1677440,228800,323456,0,5120,26816,690112,334976,68160,27776,1649664,25024,1344,684224,137600,1728,28288,312256,193152,1152,52160,149248,47552,0,600,1412,1926164833,2750655132,1622848,0
1304,2237440,226240,323328,0,3264,5632,987328,282560,409088,368832,1868608,107072,1408,981504,189120,1920,36544,528960,177600,1280,52160,99840,44096,0,571,1318,518040552,4128630556,1862976,0
1305,2237568,242304,324480,0,135936,5568,835008,368576,325696,284864,1952704,13568,1408,829184,81472,1792,17216,521920,159232,1344,52352,183360,44032,0,588,1373,2567049130,168556898,1947136,0
1306,1677312,191936,326528,0,5504,5568,460288,456000,231488,191488,1485824,12736,1344,454528,1472,2048,2944,163008,157376,1280,52544,265920,44736,0,586,1397,4007272257,3031740143,1480256,0
1307,1677568,193472,325312,0,4480,27136,462272,543040,121856,81152,1596416,12864,1344,456384,1536,1728,3200,165952,154752,1280,52928,348288,43520,0,612,1463,1708588252,2221220867,1569280,0
1308,2237504,211072,324544,0,3136,5504,723456,589760,380032,339904,1897600,164992,1472,717696,1408,1792,3456,258752,168832,1344,53312,389696,48704,0,620,1494,591767157,3331598907,1892096,0
1309,2237248,191616,326016,0,4224,5696,613568,507392,588736,548992,1688256,162112,1408,607808,2112,1856,3328,168832,148224,1216,53248,308352,51072,0,615,1446,60585906,3160679656,1682560,0
1310,1677184,191552,327168,0,3776,5760,488384,415488,245056,205184,1472000,13504,1408,482432,40768,1856,2944,205248,139840,1152,52480,226176,45696,0,591,1417,1955227507,2834640740,1466240,0
1311,1677504,191872,323904,0,1792,5824,525632,331200,297280,257536,1419968,13696,1344,519936,80000,1984,3008,246848,137920,1088,52608,143488,46848,0,581,1388,2796692198,809252907,1414144,0
1312,1677568,175616,324928,0,1920,27200,641152,247808,258944,218688,1458880,102656,1344,635456,79296,1920,3200,264128,148480,1152,52160,55488,55680,0,566,1345,3191710506,4150755423,1431680,0
1313,1677056,199744,323328,0,2688,5504,856192,184704,104896,65472,1611584,101952,1472,850304,3200,1920,3584,493952,147648,1344,64,55296,47808,0,579,1371,1026196415,1777295342,1606080,0
1314,1677376,176000,323584,0,3264,5504,426368,183488,559168,519936,1157440,8576,1280,420544,26624,1856,3328,183488,139136,1280,64,54592,47168,0,588,1376,2401827395,2556282643,1151936,0
1315,1677376,176256,323328,0,3136,5632,533632,227200,408192,368448,1308928,79808,1280,527808,29376,1792,3200,186880,172544,1216,128,94592,50240,0,613,1446,34533586,1832555124,1303296,0
1316,1677312,176512,322880,0,3136,5504,551680,206656,410944,371456,1305856,153728,1408,545920,2752,1856,3072,157248,141952,1088,64,77760,48064,0,600,1416,3553967114,2292838522,1300352,0
1317,1677696,176320,323456,0,3200,5440,589440,189824,390016,349952,1327744,152320,1344,583744,26816,1792,3200,181056,160000,1024,128,54592,52928,0,580,1365,1936827794,3602669391,1322304,0
1318,1676800,181248,323904,0,5312,5824,624000,205632,330880,291840,1384960,152064,1408,618112,36608,1920,3264,209536,166080,1280,64,71424,51968,0,580,1373,1825847774,3644757882,1379136,0
1319,2237376,194496,322624,0,137088,5376,814272,252224,511296,471424,1765952,9024,1344,808320,1792,1856,3200,153984,549376,1280,128,117056,52608,0,578,1377,2880773458,2211464075,1760576,0
1320,2797696,227456,321984,0,3520,27456,1536320,199360,481600,441344,2356352,123328,1472,1530304,1856,1856,214528,708800,160960,1152,59648,256,56960,0,575,1380,546568412,941526501,2328896,0
1321,1677312,181248,324672,0,3712,5632,444992,190592,526464,486528,1190784,12992,1472,439232,36736,1920,3072,159488,137600,1216,59712,256,48192,0,569,1360,2974579458,1169589325,1185152,0
1322,1677504,179904,324608,0,3712,49024,575616,192576,352064,311936,1365568,179840,1408,569920,1280,1792,3008,122880,138048,1216,60864,256,49024,0,569,1367,607694421,473772789,1316544,0
1323,2237312,259712,327040,0,5824,5632,913408,181888,543808,504128,1733184,166336,1408,907712,1792,1920,3200,461440,149568,1216,60736,192,38080,0,559,1334,2478721319,3114014539,1727552,0
1324,1677376,265088,322816,0,4864,5632,759424,191232,128320,88128,1589248,165312,1472,753408,2880,1920,3136,314304,149568,1152,59840,192,47808,0,556,1334,1765365029,1474146728,1583616,0
1325,1677376,175040,323776,0,3520,5632,661504,189312,318592,278976,1398400,165440,1408,655680,54912,1856,3136,217472,148032,1152,60800,256,45888,0,557,1307,875888907,2055056222,1392768,0
1326,1677312,190016,323520,0,5568,5760,658496,182336,311616,271616,1405696,165056,1344,652544,54848,1984,3200,214912,146496,960,59968,192,38528,0,562,1320,2576957671,575031895,1399936,0
1327,2237376,215552,322560,0,4928,5568,1117056,186240,385472,345408,1891968,165696,1344,1111296,77952,1984,3200,661440,159296,1024,60736,192,41856,0,567,1337,1515971932,2660729187,1886400,0
1328,1677568,196672,323008,0,3648,5632,825792,193856,128960,88640,1588928,180160,1408,820096,28224,1920,3136,353216,155840,1024,59904,256,49728,0,566,1342,4040584316,3709124406,1583296,0
1329,1677184,200768,322944,0,3648,5568,744384,145216,254656,215104,1462080,79936,1472,738368,20544,1920,3136,389120,149824,1152,0,0,63552,0,552,1310,3441420066,2722478107,1456512,0
1330,1117248,178432,322752,0,3648,5568,412608,141632,52608,13248,1104000,8896,1472,406976,2304,1792,3200,155264,148288,1152,0,0,61888,0,548,1299,1172625908,2283754951,1098432,0
1331,3358080,326080,323520,0,3648,48768,1859392,326080,470592,427392,2930688,364800,1408,1853440,86592,1920,669696,542784,180544,1152,128,171200,71232,0,556,1308,2895737348,3362567576,2881920,0
1332,2237440,211968,323008,0,161728,27520,648128,320704,544384,504064,1733376,165376,1408,642176,119744,1600,3328,208832,157248,1152,128,171584,65792,0,546,1277,288441280,1108585511,1705856,0
1333,1677120,197760,324416,0,3904,27584,652992,354048,116416,76928,1600192,163392,1408,647040,125568,1600,2944,214400,158208,1024,128,205632,65664,0,544,1273,3689648719,1162486926,1572608,0
1334,1677120,197184,323712,0,6912,27328,650752,337024,134208,95040,1582080,164096,1408,644800,125056,1728,3200,215232,158016,1216,128,205056,50304,0,540,1268,49969019,3952068059,1554752,0
1335,1677504,210944,323712,0,6912,5632,619968,215808,294528,255040,1422464,163456,1344,614208,98752,1728,3136,191808,157120,1088,128,83520,49984,0,539,1261,1346642200,1627214930,1416832,0
1336,2237376,224768,323904,0,3648,5888,1024640,341632,312896,273536,1963840,182336,1344,1018816,77824,1984,15552,552896,170624,1280,128,205696,53120,0,554,1294,2866393748,1834008488,1957952,0
1337,1677504,209408,323392,0,3840,27136,738176,333824,41728,2048,1675456,198720,1344,732416,79552,1792,27392,231616,174912,1152,128,205824,42560,0,539,1261,1447995923,2152688469,1648320,0
1338,1677312,208256,323520,0,3712,5824,702656,329984,103360,63808,1613504,197056,1408,696960,67392,2048,27520,199040,177024,1280,128,205120,42240,0,534,1255,3437501977,3557264416,1607680,0
1339,1677504,208128,323712,0,3776,5760,744320,307328,84480,44672,1632832,197376,1344,738624,103680,1984,27200,244608,172160,1216,128,179008,46912,0,532,1254,1796673559,2303908447,1627072,0
1340,1678912,209024,323392,0,3712,11456,729664,128896,272768,231936,1446976,197184,1472,723840,99712,1984,27136,231168,173952,1216,0,0,45248,0,527,1240,3052714256,2688793314,1435520,0
1341,1677184,208768,322560,0,5888,26880,681920,126656,304512,263424,1413760,197952,1280,676352,62272,2112,27392,192640,172480,1088,0,0,45632,0,524,1217,3764242365,852532456,1386880,0
1342,1675776,209920,320896,0,5056,5760,720448,114432,299264,260160,1415616,199232,1408,714688,99200,1792,27584,228416,172672,1024,0,0,33280,0,524,1213,1175941352,126447109,1409856,0
1343,1677248,207936,322624,0,5760,5696,703168,118912,313152,273920,1403328,196224,1472,697344,75392,1792,27264,215040,174144,1216,0,0,37888,0,532,1236,1104252786,919466407,1397632,0
1344,1677312,215552,321600,0,4864,5696,912576,116544,100480,61120,1616192,213504,1344,906880,102720,1920,27776,405184,175616,1024,0,0,35328,0,531,1261,2821294540,3341443633,1610496,0
1345,1677120,209088,323072,0,121728,5632,767040,116928,133632,94464,1582656,203520,1408,761344,119616,1792,27456,272256,174464,1024,0,0,35712,0,529,1256,855963788,3437107129,1577024,0
1346,1677376,207936,320896,0,3200,5760,762368,117120,260096,220608,1456768,201280,1344,756480,115776,1984,27456,267776,175616,1280,0,0,35328,0,515,1231,2083924629,1874392586,1451008,0
1347,1677440,214528,324160,0,3328,5824,946048,121984,61568,22272,1655168,200704,1408,940032,119296,1856,27264,456896,170240,1152,0,0,39488,0,507,1228,455939790,1109586289,1649344,0
1348,1677312,211648,324544,0,3328,5632,784192,129216,218752,179520,1497792,199104,1280,778624,141504,1856,27520,303872,162240,1152,0,0,47168,0,494,1182,2597160671,2752748901,1492160,0
1349,2237248,217024,322688,0,3456,5696,1286400,133312,268672,229184,2008064,271232,1344,1280640,137600,2048,19328,418432,484672,1088,0,0,50880,0,478,1126,470475737,994362694,2002368,0
1350,1677376,208064,323840,0,5760,5312,745472,130880,258048,218560,1458816,190848,1408,739584,112384,1920,27264,257472,173184,1216,0,0,49088,0,453,1058,3874366125,200516317,1453504,0
1351,1677504,208128,321600,0,4800,26880,794688,133824,187584,147776,1529728,92992,1408,788736,113856,1920,15552,239936,353344,1408,0,0,52032,0,457,1082,1298314610,3345561239,1502848,0
1352,1677120,172544,322560,0,3520,5760,488960,137920,545856,506752,1170368,8832,1344,483200,112256,1984,3072,238528,142464,1024,0,0,55744,0,458,1087,280945704,122397816,1164608,0
1353,1677376,170816,323456,0,5632,5632,536256,139648,495936,456704,1220672,8704,1408,530176,159360,1920,3136,287936,142336,1280,0,0,57344,0,451,1075,235047292,3567206263,1215040,0
1354,1677312,199808,325824,0,6464,5696,661248,138112,340160,300928,1376384,9088,1408,655360,114304,1792,3072,413312,142400,1088,0,0,56832,0,441,1074,364815120,3905620073,1370688,0
1355,1677312,171776,322432,0,4672,5632,487232,140160,545408,505920,1171392,8768,1280,481472,113088,1856,3200,241024,141120,1152,0,0,57536,0,455,1090,3694267333,1881397468,1165760,0
1356,1677376,171136,324096,0,5376,5568,496576,139904,534720,495168,1182208,9280,1408,490752,113216,1984,3200,248896,142016,1152,0,0,57152,0,465,1111,1406931940,116821341,1176640,0
1357,1677248,172224,323648,0,5504,5504,498176,138880,533312,493824,1183424,8896,1408,492544,113024,1792,3072,250240,141888,1152,0,0,56256,0,477,1146,651579368,2111710995,1177920,0
1358,1677440,188544,323776,0,1920,5696,575424,139648,442432,402944,1274496,8960,1472,569536,78656,1792,3136,326144,143744,1088,0,0,57728,0,481,1152,3361336879,1119118564,1268800,0
1359,1116800,173824,323584,0,1920,5760,421504,139712,50496,11648,1105152,8768,1408,415552,43968,1728,3008,174912,142144,1216,0,0,57216,0,484,1155,450341266,2916487751,1099392,0
1360,1677376,173760,322432,0,109760,5696,419264,139648,506816,467200,1210176,8896,1216,413312,44800,1920,3136,166720,146880,1152,0,0,57280,0,482,1147,70198692,3905867086,1204480,0
1361,1677504,172480,323072,0,1920,5824,442240,141248,590720,551552,1125952,8960,1408,436416,69376,1856,3328,194816,142336,1152,0,0,58240,0,478,1143,2691155829,445055575,1120128,0
1362,1677568,172096,321984,0,1856,27392,441792,139584,572864,533504,1144064,9024,1344,436160,60928,1792,3200,193472,142784,960,0,0,57984,0,486,1159,1853077597,354756380,1116672,0
1363,1116992,173248,324864,0,1856,5760,413696,138880,58688,19456,1097536,8832,1280,408000,43776,1856,3072,167488,142080,1152,0,0,57024,0,495,1181,1677542656,3154459371,1091776,0
1364,1117056,173056,321984,0,1984,5888,419648,128704,65792,26496,1090560,8768,1408,413888,44160,1856,3008,173248,141120,1088,0,0,46336,0,498,1166,1145682005,643872157,1084672,0
1365,1117120,172224,321792,0,1984,5824,414400,128192,72704,33536,1083584,8768,1408,408704,43904,1792,2944,170432,141824,1088,0,0,46336,0,507,1189,3257774818,1514393818,1077760,0
1366,1117120,172224,329088,0,1984,5824,446272,115008,46720,7296,1109824,9024,1344,440704,44608,1856,3200,172672,143168,960,0,0,33600,0,506,1180,3191329115,2655453372,1104000,0
1367,1677312,200576,327808,0,1920,27200,731520,118208,270080,230976,1446336,8832,1408,725632,44928,1984,3264,475840,143104,1152,0,0,33536,0,515,1218,203431015,1945843536,1419136,0
1368,1677376,172864,329344,0,1920,6080,461440,115712,590016,550720,1126656,8320,1280,455616,79424,1920,3136,206592,141952,896,0,0,34048,0,516,1216,4290823517,2294898855,1120576,0
1369,2237568,221888,327104,0,3328,5504,1306240,157376,216128,176832,2060736,8960,1344,1300224,118016,1920,3072,1030976,156800,1152,0,0,43008,0,526,1269,707796871,1736343262,2055232,0
1370,2797632,243904,330048,0,3456,5568,1491840,126080,596736,557248,2240384,9152,1216,1485952,128448,1920,3328,1217984,155776,1088,0,0,45632,0,473,1159,2090408592,3815728419,2234816,0
1371,1677440,242880,327552,0,5568,5824,719744,126144,249728,210432,1467008,9984,1344,713984,175104,1792,3008,454272,148288,1216,0,0,45248,0,484,1179,3938390802,3839680136,1461184,0
1372,1677312,213056,328320,0,4736,5824,798016,126080,201280,161600,1515712,9344,1408,792320,109184,2112,3328,534656,150272,1216,0,0,45632,0,490,1173,34900722,4112525543,1509888,0
1373,1677440,156928,320704,0,3264,27072,599104,126528,443840,404160,1273280,9408,1408,593216,88576,1920,3008,347776,147840,1088,0,0,46272,0,494,1188,2634794689,1869256234,1246208,0
1374,1678592,194560,324608,0,3392,11776,858880,132096,153280,112576,1566016,9024,1344,852992,87680,1792,3328,596800,157568,1088,0,0,48640,0,494,1191,1310132789,4269167998,1554240,0
1375,1677312,195264,321472,0,160640,11776,614528,132608,241024,199808,1477504,8960,1344,608832,92672,1792,3200,363136,147776,1024,0,0,49088,0,492,1188,3293882629,313024373,1465728,0
1376,1677376,233344,324096,0,4544,11520,881856,131712,90304,49216,1628160,9280,1408,876032,135552,1920,3072,603840,151872,1344,0,0,48192,0,499,1185,3521979609,3168072222,1616640,0
1377,1677696,169088,328256,0,6144,11712,691200,132032,339264,297792,1379904,9408,1408,685376,140096,2048,3136,423680,151488,960,0,0,49472,0,503,1175,1680434549,1448714829,1368192,0
1378,1676992,156736,329856,0,5184,11840,680128,131904,361344,319680,1357312,9344,1408,674432,136512,1920,3200,415232,148864,1152,0,0,48768,0,511,1183,410908860,4046455484,1345472,0
1379,1677248,155968,327040,0,3264,11840,661056,131776,386304,345216,1332032,9408,1344,655168,107008,1920,3072,393088,151104,1280,0,0,49152,0,506,1180,3556663012,2103172792,1320192,0
1380,1677504,180544,330496,0,4288,11904,790336,131392,228544,187456,1490048,9408,1408,784512,40064,1664,3136,524544,149568,1216,0,0,48512,0,519,1195,271019350,2220372076,1478144,0
1381,1677056,164928,331008,0,5440,12032,545472,132800,485376,444224,1232832,9536,1344,539712,2240,2176,3072,282432,146688,1088,0,0,48704,0,491,1158,1803713668,53408117,1220800,0
1382,1677312,261312,329152,0,3904,5888,755648,121536,199872,158528,1518784,9472,1344,749888,31616,1792,3008,492480,144640,1216,0,0,42624,0,493,1157,3729894183,3718934581,1512896,0
1383,2236288,195840,324096,0,2624,27136,1045184,114752,526656,487168,1749120,93760,1408,1039360,52672,1728,3456,691584,165504,1024,0,0,35968,0,509,1175,3354708200,2169057552,1721984,0
1384,1677248,154688,319872,0,3264,5696,857216,98432,238080,198208,1479040,273984,1344,851456,1856,1856,3456,301824,187648,1216,0,0,21248,0,500,1165,286443595,4193784981,1473344,0
1385,2237376,188224,320512,0,3392,5504,1035584,100096,584064,544320,1693056,367424,1344,1029824,76224,2048,3520,382080,194432,1280,0,0,21760,0,490,1146,2752067913,2555187154,1687552,0
1386,1677376,155584,324224,0,3328,5952,995712,99648,92928,53632,1623744,341184,1344,989760,80064,1856,3456,369472,193664,1280,0,0,21440,0,486,1153,3655674319,2646641272,1617792,0
1387,2797824,739136,322752,0,4352,5760,1554368,113920,57536,18240,2779584,435392,1280,1548416,79296,1920,35968,773760,219712,1216,0,0,33792,0,539,1263,1095444199,2318267154,2773824,0
1388,2237568,228224,327616,0,5888,5504,1159488,123712,387136,347200,1890368,443904,1344,1153728,80512,1856,27520,374336,222208,1216,0,0,42752,0,535,1239,3164408875,403041924,1884864,0
1389,2237696,220032,323136,0,137920,5568,1148544,120256,282240,242432,1995264,385664,1408,1142720,130624,1792,27136,426304,217408,1280,0,0,40768,0,548,1258,1267918080,3461008266,1989696,0
1390,1676992,209536,322304,0,5824,5760,862976,121984,148608,109440,1567552,109376,1344,857344,131200,1920,35968,423552,202368,1216,0,0,41088,0,554,1260,168544910,2747978919,1561792,0
1391,1677312,202880,322048,0,5248,5696,707968,114112,319360,279936,1397376,23296,1408,702208,134144,1984,16832,385664,191296,1216,0,0,32960,0,539,1246,2983364204,1940742295,1391680,0
1392,2237824,242176,323008,0,3392,27392,1270272,139904,231680,192128,2045696,15872,1344,1264512,108096,2048,3264,744192,414656,1408,0,0,43072,0,546,1261,1711650557,138031261,2018304,0
1393,1676992,174144,322752,0,3264,5632,487040,139904,544256,505088,1171904,15936,1344,481280,53568,1984,3072,226112,149888,1280,0,0,42944,0,549,1272,1324283104,1970522682,1166272,0
1394,1677568,195328,323840,0,5440,5760,718272,140864,288064,249024,1428544,115520,1344,712576,69184,1920,3328,352576,155584,1152,0,0,43264,0,562,1291,4075296140,3077126909,1422784,0
1395,1677248,174272,323008,0,5568,5632,723520,134208,311040,271872,1405376,202816,1344,718016,2176,1728,3072,269248,155968,1216,0,0,37056,0,559,1283,3502317216,2773812353,1399744,0
1396,1677504,184896,323584,0,1920,5632,728000,144064,289408,250304,1427200,202368,1344,721984,2048,1792,3136,276032,155264,1152,0,0,46272,0,559,1286,3592878675,1408699973,1421568,0
1397,1677184,185920,323200,0,1984,27520,764032,146624,227904,189120,1488064,202304,1280,758272,40832,1984,3200,311040,155648,1088,0,0,45504,0,554,1275,487199787,1248048084,1460544,0
1398,1677248,173696,322752,0,1920,5888,612352,132352,428288,389248,1288000,97728,1408,606464,1472,1728,3072,275456,144512,1152,0,0,36224,0,557,1287,2780697320,1783645070,1282112,0
1399,1677312,174272,324032,0,1920,5824,513664,134016,523584,484608,1192704,8896,1408,507840,1728,1728,3072,274496,137344,1216,0,0,36864,0,551,1287,3126193204,3903552121,1186880,0
1400,2237568,276096,322304,0,3072,5696,959232,120128,551040,511936,1725632,8960,1344,953216,2496,2048,2944,717376,139840,1280,0,0,38784,0,551,1286,2296652174,687295785,1719936,0
1401,2237440,246272,322176,0,3328,5888,1146432,140032,373312,333760,1903680,9216,1216,1140736,47616,2176,3008,820672,207552,1152,7232,8000,41856,0,536,1269,2811190146,2275374262,1897792,0
1402,1677504,173824,321728,0,157312,26880,445440,156928,395392,354560,1322944,9792,1280,439744,1920,1984,3072,156992,154176,1152,7232,7872,57856,0,531,1258,3467354716,3932532605,1296064,0
1403,1677120,214976,324544,0,3456,5888,789312,170432,168512,128448,1548672,9728,1344,783488,28544,1984,2880,186304,466496,1216,7488,7808,72320,0,536,1267,1683859707,3947846856,1542784,0
1404,1677312,196864,323072,0,5696,5824,627968,175104,342784,302208,1375104,10048,1408,622336,2176,1984,3072,321088,167232,1280,7232,7808,76800,0,554,1312,2264972954,2870872946,1369280,0
1405,1677248,204672,324096,0,4672,5952,798528,296064,43264,3136,1674112,190784,1472,792640,3008,1984,3136,307520,168704,1088,104896,37568,69568,0,595,1393,3657874109,2193986650,1668160,0
1406,2237504,219392,323328,0,3584,27648,1074048,465856,123648,83776,2153728,162176,1472,1068032,49664,2176,208000,401344,171648,1088,105408,208768,63744,0,562,1359,1270384213,4209474575,2126080,0
1407,1677632,191808,325120,0,3456,27968,368640,452544,308096,267968,1409664,14208,1344,362944,1280,1856,3136,85568,156160,1216,104128,208576,52032,0,552,1345,513345973,660523509,1381696,0
1408,1677184,176320,324992,0,3456,27840,374016,485952,284608,244800,1432384,13824,1472,368320,1728,1792,3264,90048,156608,1280,105152,242368,51968,0,566,1367,1763277027,2368147789,1404544,0
1409,1677504,177088,322624,0,3456,28160,392512,485952,267712,227776,1449728,13568,1408,386688,24448,1856,3264,113152,155584,1216,104064,242624,52416,0,566,1364,1374372338,3829379510,1421568,0
1410,2237504,750080,323008,0,3392,5952,523776,378624,252672,212608,2024896,13568,1344,517952,1216,1984,3264,243456,159232,1216,105216,122112,62720,0,565,1368,214959692,2001781378,2018944,0
1411,2798080,258368,325440,0,3776,48512,1231168,506496,424320,383872,2414208,298816,1472,1225344,2176,1856,198144,414848,194944,1152,103104,243264,71808,0,574,1361,2414069791,3717788945,2365696,0
1412,2237184,235648,322560,0,6080,27840,669248,504256,471552,431808,1805376,204352,1344,663424,31680,1920,3200,153344,169024,1088,106176,243136,67840,0,582,1373,2121638198,3161423908,1777536,0
1413,2237376,195456,325248,0,4992,27904,618368,504192,561216,521024,1716352,186944,1344,612608,2176,1792,3264,121984,167488,1088,105600,243584,66880,0,576,1357,4037184095,971439330,1688448,0
1414,2237440,180288,328576,0,3648,5504,650432,468928,600064,560576,1676864,167552,1344,644480,25152,1984,3072,170944,172992,1088,105408,217792,58240,0,568,1358,2592408457,851384334,1671360,0
1415,2237696,232832,324480,0,161984,5632,967104,297664,248000,207552,2030144,187328,1536,961408,2176,1984,3392,453312,189376,1216,105472,37504,51712,0,572,1354,1895124945,1799988260,2024512,0
1416,2237376,239680,321728,0,5888,5632,1088256,290496,285696,245824,1991552,205504,1408,1082496,2048,1920,3264,556160,195456,1152,106112,37440,60544,0,585,1370,1243433212,2563103174,1985920,0
1417,1677312,188544,323264,0,5760,5888,714432,291968,147456,107520,1569792,166144,1472,708608,22912,2112,3264,214976,204224,1216,106944,37312,61888,0,560,1333,3162956500,1387907971,1563904,0
1418,1677568,192256,323904,0,6528,5632,659968,274496,214784,175040,1502528,167616,1344,654208,19776,1856,3136,171712,190656,1216,106432,37568,44352,0,555,1329,4075452895,3036194679,1496896,0
1419,1677248,192576,321024,0,5952,5504,687424,269568,195200,154816,1522432,187904,1408,681664,25920,1984,3392,183232,188992,1152,106368,37312,40384,0,584,1372,3487469168,4289581045,1516928,0
1420,1677504,178048,324224,0,3584,27392,689984,269312,184960,144640,1532864,186240,1408,684160,31040,1856,3136,190016,190208,1152,106688,37440,39488,0,576,1358,2474864591,1568160115,1505472,0
1421,1677056,192320,323712,0,3456,5696,554176,200768,396928,357248,1319808,82880,1408,548288,1472,1792,3200,157312,189824,1280,38592,36864,40192,0,546,1264,1708465182,3202546196,1314112,0
1422,1677504,280128,323072,0,5760,5568,688320,212096,162560,123136,1554368,13952,1408,682304,2112,1664,3456,360896,191872,1152,38464,37504,49920,0,538,1255,546133606,3879381614,1548800,0
1423,1677312,177856,323712,0,6016,5888,480704,209920,473216,433344,1243968,13504,1408,474880,1984,1984,3072,160704,185728,1088,38016,37248,47936,0,542,1243,2488130775,3943655749,1238080,0
1424,1677376,179008,328320,0,3456,5888,526080,200064,434560,394176,1283200,13632,1472,520064,20032,1920,3072,179072,184448,1088,38528,36800,39744,0,540,1240,3391527821,2569411767,1277312,0
1425,1677376,190336,330560,0,3392,5824,497280,195072,454912,415168,1262208,11712,1472,491456,20096,1664,3072,183104,170624,1088,38336,38592,32960,0,551,1272,1365579589,1733487714,1256384,0
1426,3358080,231744,330752,0,3584,28160,2027712,191360,544768,504576,2853504,352576,1280,2021888,20800,1856,739008,631872,172224,1024,7168,39232,60544,0,558,1296,4148852779,113766474,2825344,0
1427,1677440,191232,335488,0,3904,27904,637120,193792,288000,247936,1429504,171648,1408,631296,38208,1792,3008,138880,165824,1152,7360,39232,58688,0,562,1320,3924580865,43578664,1401600,0
1428,2237568,199424,328640,0,162368,28032,733056,188928,597120,556480,1681088,170240,1408,727232,21504,1728,3264,257984,165760,1280,7296,39104,56832,0,545,1284,2501137165,1926091825,1653056,0
1429,2237440,179136,333312,0,4096,50176,865856,686080,118784,77952,2159488,172032,1472,859904,49600,1664,3456,130688,162496,1280,7168,530368,59008,41728,544,1289,459814600,4024819172,2109312,0
1430,1677312,214848,333888,0,3840,5632,700096,255296,163712,123328,1553984,173888,1344,694080,111296,1920,3136,194624,163136,1216,7104,105728,56128,0,550,1302,591910992,2666028369,1548352,0
1431,1677248,176448,328512,0,3776,5568,702592,263168,197184,156224,1521024,173120,1408,696512,46272,1792,3200,186880,175104,1152,7104,105728,62208,0,544,1308,3149881346,3551168393,1515456,0
1432,1677376,176512,329792,0,3840,5888,567680,254784,338880,298624,1378752,12416,1280,561664,49664,1984,3264,215872,171264,1280,7104,107200,53056,0,548,1317,4146874641,3372930366,1372864,0
1433,1677376,191488,329216,0,3840,5568,549760,256512,340992,300608,1376768,10944,1344,544000,48704,2112,3200,214208,160064,1280,6848,107904,54784,0,553,1318,1609957520,2136545617,1371200,0
1434,2237312,198720,327872,0,4032,5696,951488,265664,483840,443392,1793920,10176,1344,945600,116800,1984,3264,602688,174272,1088,7168,107328,63616,0,579,1362,778218790,689729345,1788224,0
1435,1677312,201216,329536,0,5056,5632,783936,210304,141632,100992,1576320,9856,1472,778048,91456,2176,3264,446144,162048,1088,7168,67648,48576,0,555,1325,179503346,1444683186,1570688,0
1436,1677376,178176,327808,0,6592,5952,531904,204928,422016,381568,1295808,10048,1408,526144,44800,2048,3136,205504,157056,1280,6976,67712,44032,0,554,1319,2703058576,804717893,1289856,0
1437,1677504,178112,330112,0,3968,5504,547200,209856,402752,362176,1315328,9984,1408,541376,50048,2112,3136,205312,171776,1216,6720,67648,49344,0,538,1289,82172571,3300721450,1309824,0
1438,1676864,179072,329472,0,3904,5632,542784,208320,407680,367040,1309824,10240,1472,536896,52992,1920,3136,206592,163648,1088,6784,67456,48448,0,516,1272,1451159592,1869517437,1304192,0
1439,1677440,200256,327040,0,6208,27200,767872,219264,129600,88768,1588672,10432,1472,761856,73280,1984,3200,441280,156672,1024,6976,67712,58240,0,510,1270,2818459645,2394247733,1561472,0
1440,1677120,179072,327936,0,7424,5440,532928,220672,403648,363136,1313984,10560,1472,526848,45568,2048,3392,212032,149632,1152,7040,67648,59904,0,502,1270,4111265675,3741784871,1308544,0
1441,2237696,176192,331520,0,139392,5760,848320,219840,516672,475840,1761856,101632,1408,842368,22592,2176,3328,424960,158208,1216,6912,67840,58304,0,511,1246,982554093,3638525142,1756096,0
1442,1677440,178048,329152,0,5824,5760,628224,204480,325952,285312,1392128,102464,1408,622208,48640,1920,3328,203776,153088,1216,6976,67200,45312,0,504,1232,1850785003,2884273524,1386368,0
1443,2797504,1164416,328128,0,5120,27840,917248,214464,140288,99904,2697600,240896,1408,911360,21312,1792,205760,132224,160064,1344,64,67712,61888,0,504,1234,2056879191,201563350,2669760,0
1444,1677568,184512,330048,0,3712,5760,423744,219520,510272,470592,1206976,13376,1344,418304,21248,1792,2944,114432,150464,1088,128,67968,66240,0,496,1221,3428991378,1732479284,1201216,0
1445,1677248,183808,331520,0,5760,27904,508672,216448,403136,363648,1313600,13760,1408,502848,41600,1792,3200,186368,160640,1280,64,67584,63488,0,490,1211,2858745611,2202158919,1285696,0
1446,1677248,195712,328832,0,4864,5632,542080,216000,384128,344064,1333184,97408,1408,536128,17216,1984,3264,145920,157504,1088,64,67456,61888,0,501,1249,3913541097,161067335,1327552,0
1447,1677440,200192,330816,0,3456,5696,537792,216000,383488,343296,1334144,101248,1344,532224,17472,1984,3200,141248,153280,1152,128,67008,63296,0,503,1267,1685889052,3203692443,1328448,0
1448,1677056,176640,330688,0,3456,5696,668608,215296,276672,236736,1440320,204288,1280,663104,18368,2048,3520,150848,170432,1216,64,67136,63360,0,512,1276,1286424921,3932318927,1434624,0
1449,1677376,174528,329152,0,3456,27520,543040,208576,391104,350976,1326400,97600,1408,537088,19200,1792,3456,145728,157248,1024,128,67264,55488,0,513,1255,2533204945,90451717,1298880,0
1450,1677376,178624,328960,0,3392,5760,582016,207936,370688,330880,1346496,100352,1280,576256,65408,2240,3328,192256,150400,1088,64,67648,55488,0,512,1249,3338843804,3538118034,1340736,0
1451,1677248,177344,328704,0,4544,5568,787712,212544,160832,120960,1556288,9280,1280,781888,80896,2112,3072,226752,144448,1088,64,67456,60672,0,491,1207,506339952,3398529753,1550720,0
1452,1677440,148928,322688,0,6080,6016,489216,206272,498240,457984,1219456,9984,1344,483392,64768,2112,3200,194880,151296,1216,192,67328,50496,0,464,1120,2989573439,2801476021,1213440,0
1453,1677248,149440,324480,0,5440,5824,646528,214464,331072,290880,1386368,9344,1472,640576,63360,2112,3008,195776,146432,1088,192,66944,59840,0,470,1132,981724128,625340483,1380544,0
1454,1677120,148736,325184,0,5248,5504,455872,205312,531264,491392,1185728,9664,1408,450112,37440,1984,3200,164800,145600,1408,192,68416,47936,0,469,1135,981398088,3484594852,1180224,0
1455,1677376,148800,324672,0,139968,5824,443200,207232,407680,367872,1309504,9728,1472,437248,17664,2112,3264,148736,145984,1280,256,68096,51136,0,474,1146,1358571328,3852701199,1303680,0
1456,1677376,208832,323456,0,6336,5888,601408,206336,325120,285184,1392192,9664,1408,595648,17600,1984,3008,308032,148480,1152,256,66816,51328,0,481,1156,980285924,3662632939,1386304,0
1457,1677056,146752,326464,0,5248,27840,586112,222464,362176,322432,1354624,9728,1408,580224,17984,1792,3136,156416,145088,1152,128,67392,62336,0,478,1159,401657761,490214332,1326784,0
1458,1677440,165120,326144,0,5568,5824,451904,222848,500032,460032,1217408,9536,1408,446016,18368,2176,2944,150720,145728,1024,192,67520,65984,0,480,1166,2269758457,2334451428,1211584,0
1459,1677440,202496,328384,0,8512,27136,472960,219520,418432,378304,1299136,9920,1344,467072,42368,1984,3136,170688,148096,1152,128,67072,63424,0,473,1149,2200303147,558394446,1272000,0
1460,1677312,169920,326912,0,7040,5696,621760,215168,330816,290816,1386496,9152,1408,615872,18304,1984,3008,299072,149184,1280,192,67776,59008,0,478,1149,1047493469,106324359,1380800,0
1461,1677120,147904,328000,0,6272,5632,476736,206272,506304,466048,1211072,9472,1408,470912,35520,1984,3264,160896,148480,1216,192,66880,50688,0,473,1134,2326729175,1788203165,1205440,0
1462,2239296,208128,331200,0,5440,7936,1121728,235712,329152,287488,1951808,9984,1408,1115840,18752,1856,3136,455872,453120,1152,192,64128,60736,0,480,1162,2215268761,1441713184,1943872,0
1463,1677312,185856,330816,0,5568,8320,847872,236352,62528,20608,1656704,9920,1472,842112,18432,1856,3200,531008,150336,1280,256,64192,78784,0,478,1169,4080263608,1597508679,1648384,0
1464,1677120,172608,331712,0,8384,8448,501568,238528,415872,374400,1302720,9536,1344,495872,58304,2048,3200,192832,145280,1152,192,64384,80512,0,474,1165,4100572629,1783787466,1294272,0
1465,1677248,152960,330496,0,8448,8192,457408,237504,482240,441088,1236160,9216,1408,451776,17792,1792,3136,148544,140864,1088,192,64256,78976,0,476,1168,1841596802,292338594,1227968,0
1466,2237440,190080,334464,0,6400,8000,857280,244352,596864,554752,1682688,10304,1472,851328,17856,1856,3136,550400,143168,1280,256,64512,69824,0,470,1152,3897702974,1349506890,1674688,0
1467,1677248,155584,332032,0,8640,8384,498944,243072,430592,389120,1288128,9664,1408,492864,18240,1856,3200,184256,145984,1280,192,63616,68992,0,464,1142,1288818948,2529899570,1279744,0
1468,1677504,175744,332544,0,6528,8320,752896,252288,149184,107200,1570304,9664,1408,746944,17728,1920,3264,306112,140928,1216,256,64128,76992,0,473,1164,976870046,3099770412,1561984,0
1469,1677184,153920,332544,0,159232,29952,615488,245952,140096,98112,1579072,9792,1344,609792,17856,1920,3200,279360,145536,1216,192,64192,71168,0,470,1159,1333593216,3056368173,1549120,0
1470,2237440,187904,332672,0,5184,8384,912640,259712,530944,489280,1748160,9728,1344,906880,18624,2112,3264,603520,144512,1216,192,64448,71296,0,478,1166,1787677570,88258846,1739776,0
1471,2237568,171136,331392,0,6400,8000,1405888,237504,77248,35968,2201600,9792,1280,1400192,18496,1920,3072,1086656,148672,1216,256,64512,63424,0,406,1028,4005405677,1354845424,2193600,0
1472,1677248,241536,330880,0,7424,8256,761856,236800,90496,48704,1628544,10368,1344,756032,44992,1856,3264,451456,145792,1088,128,64704,61312,0,410,1024,222216269,795185125,1620288,0
1473,1677248,132544,331072,0,8704,8512,719936,236864,239616,197568,1479680,10368,1344,714240,18560,1920,3392,404480,147392,1152,192,64384,63744,0,408,1023,601206816,498971615,1471168,0
1474,1677568,131456,332096,0,7168,8192,743104,246528,209024,166848,1510720,10368,1408,737536,24640,1920,3136,418240,147136,1280,320,64000,73856,0,412,1036,2768861625,1660564193,1502528,0
1475,2237376,131648,332288,0,4928,8384,932992,247296,579840,538240,1699136,10496,1472,927296,43072,2240,3264,610944,150592,1280,192,64128,73792,0,405,1010,2436570446,2284158333,1690752,0
1476,2237632,133312,332672,0,4928,8000,1063616,252032,443072,401664,1835968,10496,1344,1057856,2816,2112,3072,721280,159552,1088,256,64640,77440,0,400,1001,2007800509,2723227307,1827968,0
1477,1677248,132480,333184,0,6208,5760,745088,233024,221504,179712,1497536,10432,1344,739200,17472,2112,3136,424768,149888,1088,192,65408,62528,0,400,998,3468084320,4095306331,1491776,0
1478,1675904,131072,331328,0,6016,26816,768320,232704,179648,139520,1536384,10240,1408,762368,17600,2112,3200,428864,149376,1280,192,64576,63168,0,403,1003,3936704569,560474834,1509568,0
1479,1677120,130304,328896,0,7552,5632,749184,227072,228480,188864,1488256,10176,1536,743168,17024,1792,3136,424960,148864,1088,192,64256,57920,0,411,1020,1810648090,2056047992,1482624,0
1480,1677504,130816,333120,0,6016,5696,749952,236736,215168,174976,1502528,10688,1408,744000,17088,1728,3456,438208,145856,1152,256,64064,66432,0,408,1016,4152942331,816744879,1496832,0
1481,2237312,171456,332608,0,7040,5696,1212416,245696,262400,222656,2014656,10240,1408,1206528,17728,1856,3008,902016,139136,1216,256,64576,62272,0,411,1024,446028062,3547149717,2008960,0
1482,2237696,162240,333888,0,163520,5888,903488,232320,436352,395904,1841792,10944,1344,897664,18176,1984,3392,600128,136128,1024,192,64384,63168,0,401,1005,2777635049,180244827,1835904,0
1483,1677248,170560,332288,0,7296,5632,887680,220352,53440,13504,1663744,10752,1280,881856,25088,2112,3456,473088,138944,1216,192,64128,52224,0,400,989,1922468174,1075645838,1658112,0
1484,1677248,131584,331136,0,7488,5632,800896,215040,185472,145664,1531584,11200,1216,794944,44736,1984,3328,480896,144640,1152,192,65600,45056,0,407,1004,485837096,680710145,1525952,0
1485,1678976,146688,333504,0,6016,7808,773568,209856,201536,160000,1518976,10624,1472,767616,17152,1920,3264,453312,146752,1152,256,65344,36736,0,406,1003,399938007,3505471719,1511168,0
1486,2237184,222976,333696,0,4928,8192,915968,207552,543872,502272,1734912,10048,1344,910080,18112,2112,3392,590272,146816,1344,256,64512,50944,0,398,1000,3926590207,2102722795,1726720,0
1487,2237888,188096,332352,0,4992,52416,892480,207808,559744,517760,1720128,10752,1344,886592,46400,2048,3200,555456,143552,1088,256,64320,49280,0,419,1040,1891784542,3096761377,1667712,0
1488,2237440,673280,332992,0,7168,8192,742912,199936,272960,231168,2006272,9664,1408,737088,74816,2112,3328,429632,141760,1152,192,64768,41664,0,462,1133,3055743888,3568080886,1998080,0
1489,2237440,172928,330240,0,6720,8256,1104768,208960,405568,363904,1873536,9536,1344,1099008,44928,1728,3136,776640,154432,1280,256,64768,50624,0,478,1156,2393436973,3583885498,1865280,0
1490,2237440,147328,332992,0,5056,8320,922304,221760,599680,557888,1679552,9792,1344,916416,18048,1984,3328,596160,153792,1280,128,64384,63488,0,481,1158,15534913,777538524,1671232,0
1491,1677760,147200,334016,0,6272,8384,663488,234240,284160,242176,1435584,9344,1344,657472,37056,1856,3200,345792,143168,1216,192,65216,75776,0,482,1160,2853399971,2164484076,1427200,0
1492,1677056,146624,331584,0,6208,8320,577024,232512,374784,332992,1344064,9728,1344,571200,18368,1856,3136,271104,138048,1152,320,65024,73472,0,483,1171,1117046916,1679850573,1335744,0
1493,2237440,182912,331072,0,7360,8128,1009600,251072,447296,405440,1832000,9984,1472,1003648,45504,2112,3200,683072,138688,1088,192,64128,74816,0,475,1157,3156953281,404693481,1823872,0
1494,1677312,148480,331968,0,4928,8256,510720,243136,429824,388096,1289216,9600,1472,504832,17472,1984,3328,191680,140160,1088,192,64704,68416,0,480,1152,1251793580,183387757,1280960,0
1495,2797888,193536,334016,0,165184,29888,1299392,259136,516736,473792,2324096,9408,1408,1293376,17728,2112,3392,957376,165056,1280,320,72768,74624,0,479,1148,1588717863,3640184979,2294208,0
1496,1677248,148288,334784,0,7424,8256,678144,280000,220352,178496,1498752,9472,1408,672320,17792,1920,3264,297984,159808,1152,192,72704,93568,0,487,1181,3705968451,3536770310,1490496,0
1497,1677568,147200,335488,0,6208,8320,724352,293632,162368,120640,1556928,9664,1408,718400,69760,1920,3200,366400,170048,1152,256,73280,107904,0,474,1157,731477600,2288996805,1548608,0
1498,2237248,148544,334080,0,3584,8512,865600,287104,589824,548288,1688960,9920,1408,859776,69248,2048,3264,356224,170624,1152,256,72640,102400,0,481,1172,3679375612,437353106,1680448,0
1499,1677312,148352,332288,0,3584,8384,727232,312704,144768,103040,1574272,15232,1344,721536,65088,1920,3072,356416,168896,1280,384,104064,94912,0,477,1170,1445610591,3963847156,1565888,0
1500,1677312,146368,333248,0,5632,5824,791808,299648,94784,53504,1623808,100992,1408,785920,64704,2176,3264,347200,168832,1280,256,103808,87936,0,482,1173,1330061294,2622184447,1617984,0
1501,2236288,169600,332096,0,4800,5632,958144,302336,463680,423168,1813120,85440,1344,952256,60608,1920,3328,506112,174272,1088,384,102912,90880,0,468,1133,3560534660,3670256793,1807488,0
1502,2237440,197120,330880,0,3520,5952,846336,284928,568704,529216,1708224,15936,1344,840512,60736,1920,3136,485824,169920,1152,384,103616,89216,0,469,1157,2805542585,4123148474,1702272,0
1503,1677312,178816,328320,0,5632,5952,614464,284480,259648,219904,1457408,15936,1344,608576,79872,2048,3456,251136,163520,1088,384,102848,90560,0,461,1131,2927686867,556417802,1451456,0
1504,2797760,190080,329728,0,3712,26752,1392512,291712,563264,523200,2274560,15616,1344,1386752,76864,1984,3520,995776,195136,1152,256,103040,97152,0,478,1171,1611808844,2246037210,2247808,0
1505,1677184,146560,332544,0,3584,5632,586432,289472,312960,273088,1404096,16000,1408,580608,57536,2176,3328,204224,163200,1152,256,103232,94976,0,464,1140,3106903523,651122277,1398464,0
1506,1677504,147712,332800,0,4608,5824,573632,291072,321856,281536,1395968,15552,1344,567872,58304,1984,3520,206016,163328,1152,384,103424,96448,0,471,1144,1118998066,2294771335,1390144,0
1507,2239232,248320,332416,0,142400,8320,723200,304512,480064,438592,1800640,15808,1344,717312,58624,1984,3328,360064,165184,1280,384,103104,105984,0,459,1118,3418455369,1206302513,1792320,0
1508,1677312,148480,328640,0,3520,8512,646848,308864,232448,190784,1486528,15808,1408,641152,58048,1856,3200,275328,178112,1152,384,103552,109568,0,468,1129,752859599,1834646209,1478016,0
1509,1677120,148160,328768,0,4672,8256,575744,307904,303616,262656,1414464,15680,1408,569856,58368,1920,3264,209856,168192,1088,128,103104,111936,0,459,1108,421088155,1729996252,1406208,0
1510,1677568,146880,331200,0,6016,8384,575040,282304,327744,285440,1392128,15680,1408,569280,63552,1984,3136,213824,170496,1088,128,102976,87296,0,453,1096,93909893,269936332,1383744,0
1511,1677120,146496,332096,0,7232,8192,602944,286720,293440,251456,1425664,15936,1408,597248,75328,1792,3200,226048,171712,1152,256,103232,90624,0,477,1131,3772359674,2419167666,1417472,0
1512,1677568,146368,331648,0,6400,8192,678336,278016,228608,186944,1490624,109952,1408,672448,75328,1920,3200,224640,171904,1152,256,103296,82368,0,459,1097,116557706,3376173237,1482432,0
1513,1676992,146368,331136,0,4032,8128,793152,282368,111808,70208,1606784,191552,1344,787392,75776,1920,3456,251968,171456,1216,192,103488,85888,0,462,1089,3794816070,3748899134,1598656,0
1514,2237760,167616,330496,0,2560,29952,1009664,285696,411776,369856,1867904,208256,1472,1003776,74048,1984,3264,422400,179904,1088,128,103296,89728,0,436,1041,2066929622,3759336582,1837952,0
1515,1677120,147328,331712,0,5248,8320,501696,290752,392064,350592,1326528,9216,1408,495616,36480,1920,3136,180480,141440,960,192,104384,93696,0,433,1050,1169070117,1783029591,1318208,0
1516,1677440,146688,332480,0,5568,7936,495360,274368,415040,373504,1303936,9536,1344,489600,18176,1856,3264,165824,140480,1152,256,104256,77376,0,430,1034,2785082046,3535066675,1296000,0
1517,1677376,149120,330432,0,1984,29952,528832,278080,358976,317312,1360064,9600,1344,522816,64768,1792,3264,211072,139520,1088,256,105152,77888,0,441,1052,2228932429,328380690,1330112,0
1518,1677312,146432,331712,0,3200,8064,763136,276480,148288,107072,1570240,9216,1344,757376,66240,2112,3136,428992,152320,960,256,103680,80960,0,446,1057,2693718971,2805668804,1562176,0
1519,1677312,246720,331776,0,3200,8384,738944,279552,68736,27072,1650240,9792,1280,733120,66304,1984,3136,420672,136960,1280,320,104512,80576,0,446,1054,761317431,2901204340,1641856,0
1520,1677312,146560,332864,0,3200,8064,533568,274880,378176,336640,1340672,9664,1344,527808,76544,2048,3072,226816,131904,1152,192,104960,76672,0,437,1034,1017571867,3281098781,1332608,0
1521,1677184,165760,332096,0,5248,8128,506304,282880,376768,335104,1342080,9600,1344,500480,17088,1920,3456,168832,147072,1216,256,104768,84800,0,452,1057,1412120149,1579771772,1333952,0
1522,2237568,186432,334208,0,122176,5440,924608,325248,339456,296960,1940608,96000,1408,918464,17472,1984,3136,492736,153472,1216,50816,102208,80960,0,455,1050,411824037,4228962,1935168,0
1523,1675712,148992,330752,0,3264,5760,697728,320512,168704,128384,1547328,168128,1472,691712,17088,1984,3520,170816,131648,1280,50944,102336,76544,0,440,1023,349504858,3391925646,1541568,0
1524,3358208,177536,333504,0,3712,27456,1736896,501120,577984,537152,2821056,272640,1408,1731008,18304,1984,3840,632768,159552,1344,51584,253312,103168,22016,433,1025,925745163,2480352977,2793600,0
1525,2237120,188352,334080,0,3776,5504,762176,345280,597952,557184,1679936,217216,1280,756288,45056,1728,3328,174272,146304,1088,50880,90880,111488,0,438,1040,1655177690,3485414534,1674432,0
1526,2237568,148032,333184,0,3776,5696,822720,341056,583104,542656,1694912,251456,1408,816896,87936,2048,3392,205376,144384,1216,51840,91328,104064,0,440,1053,2478457310,2424982276,1689216,0
1527,2237696,176704,332608,0,3648,5696,850048,338112,530880,490240,1747456,308480,1344,844160,71296,1920,3328,190656,153088,1280,51712,90560,102784,0,441,1058,1422274220,2967552140,1741760,0
1528,2237376,176512,329536,0,3648,5632,849984,309056,563008,522688,1714688,309056,1408,844288,70208,1920,3200,186560,153984,1152,52288,60864,104064,0,436,1046,2744055830,145785629,1709056,0
1529,1677120,150016,330176,0,3648,5888,808704,306624,72064,31872,1645248,237440,1344,802816,70848,1856,3392,222656,147328,1216,51456,60736,102272,0,438,1047,1107986578,1283788831,1639360,0
1530,2237568,216512,335104,0,3712,5696,893824,290624,492096,451968,1785600,166848,1280,888256,61056,1856,3456,208704,328832,1152,51648,52480,95168,0,447,1066,2530193705,4256201814,1779904,0
1531,1677504,180160,331392,0,3712,5824,709568,290112,156736,116416,1561088,166208,1408,703872,36480,1984,3328,196288,145472,1216,51520,52544,95872,0,449,1085,2813403596,3593373147,1555264,0
1532,1677184,151424,331328,0,4800,5632,745024,290112,148864,108480,1568704,166336,1344,739264,74816,1920,3392,225536,145664,960,51136,52224,95680,0,452,1101,528611705,335932182,1563072,0
1533,2237504,179264,331392,0,121344,27584,725248,264064,588608,547648,1689856,172672,1536,719360,57472,1984,3392,211136,145728,1152,51968,52736,68544,0,444,1075,2352551496,2437263211,1662272,0
1534,1677248,180160,330816,0,6592,5632,710464,260544,183040,142528,1534720,167104,1408,704640,58048,2176,3392,209472,146816,1344,51392,52352,66496,0,450,1085,3910808767,2508249125,1529088,0
1535,1677312,151680,330560,0,4800,5760,713728,261312,209472,168768,1508544,167872,1408,707776,62016,1920,3264,213312,146624,1216,51520,52032,66688,0,439,1063,1187112021,2032316669,1502784,0
1536,1677632,184704,331392,0,3392,5824,846464,254016,51840,10944,1666688,167680,1344,840768,34048,1984,3456,334720,149568,1216,51904,52544,58368,0,441,1084,2712101945,1848596864,1660864,0
1537,1677056,163136,333696,0,3520,5888,675008,264448,231360,191040,1486016,166592,1408,669184,17216,1920,3328,174016,149056,1152,51648,52096,70208,0,442,1086,2174995699,1940091472,1480128,0
1538,1677376,147328,332288,0,3392,6016,668608,262784,256960,216512,1460864,166784,1408,662656,17344,1984,3200,165888,149440,1216,51904,52672,66624,0,446,1088,2623733677,824207170,1454848,0
1539,1677312,161344,330176,0,3456,5632,674176,252160,250368,209920,1467392,166784,1472,668480,17600,1792,3456,167616,150528,1088,51584,52352,56960,0,447,1087,2999857391,1675797251,1461760,0
1540,1677504,162432,332160,0,6016,5696,683008,253184,235008,194496,1483008,166656,1344,676992,19328,1856,3136,184064,151872,960,51776,52608,58112,0,447,1097,4268683384,3187469104,1477312,0
1541,1677120,147840,330496,0,6400,5504,763520,253056,170304,130176,1546944,166784,1408,757632,71744,1984,3328,224128,151360,1088,51008,52416,58816,0,447,1105,1194353176,2083024704,1541440,0
1542,1677376,161408,331136,0,4544,5888,668544,254464,251392,211072,1466304,166912,1344,662656,21248,1984,3328,172032,147840,1152,51776,52352,59968,0,446,1090,2007518210,608953388,1460416,0
1543,2237760,162112,328832,0,5440,26816,859520,260160,594880,554560,1683200,166720,1344,853888,21440,1984,3264,352384,150784,1088,51712,52800,67072,0,447,1096,378513634,1105865593,1656384,0
1544,2237376,169728,327616,0,3904,6144,878976,260864,590144,549824,1687552,167040,1408,873024,41408,2112,3264,374912,150144,1088,51840,52544,66816,0,451,1103,1268452795,3716061403,1681408,0
1545,1677312,179136,332480,0,1920,5632,675776,261184,221184,180736,1496576,166656,1408,669888,21120,1792,3264,176064,146368,1152,51712,52864,67520,0,444,1092,1969122819,1046862636,1490944,0
1546,2237760,245056,331584,0,3264,5504,1060288,260352,331712,291008,1946752,363264,1344,1054464,45056,2048,3328,327872,173504,1152,51072,53184,66624,0,497,1201,2797596983,603268890,1941248,0
1547,2237440,176960,331200,0,136768,27520,851456,254720,458816,418176,1819264,220800,1408,845440,21440,2176,3328,174208,171520,1216,51520,53056,59136,0,529,1251,556974359,4224264261,1791744,0
1548,1677184,190016,329728,0,3264,6144,748480,248768,150784,110400,1566784,218560,1472,742592,21440,1920,3520,172224,168384,1024,51584,52288,56576,0,556,1295,836841279,2809561209,1560640,0
1549,1677376,191424,330560,0,5824,5760,793472,260544,89792,49472,1627904,218880,1280,787712,43904,1856,3264,211840,172160,1024,52288,52672,66816,0,571,1314,4071809478,2591389655,1622144,0
1550,2797696,263808,331648,0,3264,27392,1239040,337984,594560,553728,2243968,150080,1408,1233088,65856,1856,221568,466752,159424,1152,52288,118208,77440,0,591,1377,771105558,3103139277,2216576,0
1551,1678784,199296,331008,0,3200,24704,568384,348160,204032,162112,1516672,18752,1408,562688,65728,1984,3264,156032,153408,960,51200,118400,77184,0,586,1373,1561153843,319769783,1491968,0
1552,1677376,198912,332672,0,3136,67904,525312,340672,208768,166208,1511168,19136,1408,519552,66240,1920,3008,144448,153280,1152,50944,118464,70336,0,588,1384,685081705,2905928325,1443264,0
1553,1677440,184960,329472,0,3328,24704,545280,341696,248000,205952,1471488,18880,1408,539456,84224,1920,3008,161664,152576,1216,51392,119488,69248,0,589,1388,3939959044,2431085199,1446784,0
1554,1677248,227200,331136,0,3200,24192,653760,342848,94912,52608,1624640,17344,1344,647744,113536,2048,3136,243904,160576,1216,51968,119296,69504,0,597,1412,744587059,1205145178,1600448,0
1555,1677440,204480,329920,0,3456,27008,693760,347776,71040,28672,1648768,14656,1408,687936,125184,1984,3072,312192,152832,1152,51584,117632,72896,0,585,1401,2723639065,1400694770,1621760,0
1556,1677248,177984,332800,0,5376,26432,670272,272064,192320,150080,1527168,15232,1344,664320,131840,2112,3136,282880,152576,1280,51456,50496,67904,0,584,1377,71499622,3147039448,1500736,0
1557,1677760,191104,333120,0,4672,27072,654144,270784,196864,154240,1523520,14208,1408,648384,134016,2048,3328,283712,153344,1280,51776,50432,64768,0,578,1366,1356636527,2551625403,1496448,0
1558,2237248,212544,331776,0,3392,26368,964352,283904,414912,372480,1864768,14912,1408,958784,122560,2240,3136,275072,467648,1152,51584,50560,78976,0,602,1416,686793562,3526283674,1838400,0
1559,1677120,177664,330560,0,3456,26112,642112,274112,223104,180800,1496320,15040,1408,636416,77504,2048,3072,234560,163712,1216,51776,50624,70528,0,597,1407,2204008409,2204996672,1470208,0
1560,1677376,192192,334592,0,3392,26432,597184,273984,249600,207296,1470080,14976,1536,591168,78336,2112,3392,225216,162176,1216,52096,50880,69824,0,590,1388,161233413,774531971,1443648,0
1561,1677312,192192,332992,0,137664,26432,647424,286528,54080,11648,1665664,15104,1408,641536,91136,1792,3328,255936,166336,1152,50816,50624,82112,0,601,1425,2397363272,3025846615,1639232,0
1562,2237824,199488,334016,0,3392,48576,823232,284672,544448,501376,1736448,14848,1344,817472,130496,1856,3328,445184,168512,1216,50880,50560,80704,0,597,1419,3754565570,784363124,1687872,0
1563,2237184,197888,333120,0,5696,26944,883840,275008,514688,472640,1764544,14976,1344,878080,122432,1920,3136,494720,170688,1024,51904,50816,70912,0,595,1424,43437063,741799997,1737600,0
1564,1677248,177280,329408,0,3136,8448,636736,265792,256448,214016,1463232,14656,1472,630656,105152,1984,3136,257472,165440,1152,51584,50496,71424,0,591,1406,1726623240,1345462210,1454784,0
1565,1677248,174528,333120,0,3200,8128,644288,263744,250240,208192,1469056,14656,1408,638336,115328,2048,3200,269312,163520,1344,51648,50496,69632,0,600,1420,1795306684,1577495651,1460928,0
1566,2237568,198208,330176,0,4224,8384,835904,275776,584896,542784,1694784,15360,1344,830208,145024,1984,3200,451520,162880,1152,51328,50432,81600,0,594,1421,912874690,3123702151,1686400,0
1567,1677312,197888,329984,0,5504,8512,789888,279680,65856,23680,1653632,14464,1344,783936,76672,2176,3200,406016,171968,1344,51776,49984,84672,0,595,1419,3805875136,50765828,1645120,0
1568,1677440,175168,328512,0,1856,8064,637760,277952,248128,205824,1471616,14592,1408,631936,96192,2048,3136,238976,160512,1216,51520,51072,82688,0,593,1407,2383895799,3090478916,1463552,0
1569,1677376,176576,330816,0,1856,8448,632896,269696,257088,214784,1462592,14080,1408,627072,128832,2176,3264,255872,161152,1216,51520,49984,77568,0,599,1409,2556356029,3886838726,1454144,0
1570,1677184,197824,330816,0,2048,5696,730432,267648,142720,101184,1576000,14720,1408,724736,76672,2112,3392,370688,156288,1088,51520,50688,77120,0,601,1413,1299555528,2642506239,1570304,0
1571,1675776,198592,330368,0,1920,5632,752000,285056,102208,61504,1614272,14720,1344,746176,52352,2112,3200,362240,170816,1024,51520,50048,96000,0,596,1419,1062890437,569262328,1608640,0
1572,1677632,174976,331200,0,1920,27456,557888,277824,306368,265792,1411840,14080,1472,552064,72768,1920,3200,195200,158976,1152,51840,50560,88064,0,590,1400,2801075353,2231527232,1384384,0
1573,1676864,175808,329920,0,1920,5824,616320,274432,272640,232768,1444096,14272,1344,610368,109888,1984,3264,233408,170560,1152,52352,50560,85184,0,581,1371,1472326051,715327006,1438272,0
1574,3357888,322176,331712,0,138432,5696,1632192,468736,458944,418496,2939392,15104,1344,1626368,100992,2048,3392,959872,461184,1280,100736,179456,94656,0,613,1486,3617239326,985426226,2933696,0
1575,2237632,197632,332608,0,3328,5696,883200,430272,384896,343936,1893696,15872,1344,877632,120448,1984,3264,467712,174976,1280,51904,180096,105920,0,616,1479,1521227931,3501919072,1888000,0
1576,1677120,176704,332480,0,5376,5376,669440,424512,63232,23040,1654080,15424,1344,663744,111616,1920,3392,256000,154944,1024,52032,180032,100992,0,627,1500,3374673161,308524947,1648704,0
1577,1679104,175936,333632,0,3840,30016,631360,420544,83776,41728,1637376,14912,1472,625408,70592,1856,3264,218880,154368,1152,52160,179264,91520,0,617,1475,429440667,2667543287,1607360,0
1578,2237568,191232,328896,0,2496,8128,1022784,419008,265024,222656,2014912,15040,1344,1016768,45440,2176,3456,628608,156864,1344,51840,180352,90240,0,613,1468,1502196973,3270657161,2006784,0
1579,1677056,176064,328640,0,3328,8064,606272,472000,82688,40704,1636352,15296,1344,600576,45056,1984,3392,203264,162688,1216,52416,232896,89472,0,624,1487,327240850,3723364282,1628288,0
1580,1677440,174656,331136,0,3264,8128,712128,350336,97792,55296,1622144,15168,1344,706432,122304,1984,3328,309184,166144,1152,51904,104320,101056,0,586,1383,3658487722,2650210901,1614016,0
1581,1677312,175360,332480,0,3328,30272,689984,358912,86976,44672,1632640,14848,1344,684352,122496,1984,3072,291968,169600,1216,51520,105088,108928,0,574,1359,3688735271,3091475181,1602368,0
1582,1677184,175808,331328,0,4416,8256,647808,355520,154048,112064,1565120,15168,1408,641984,121472,1920,3136,276288,157632,1088,51520,104640,105920,0,568,1347,3803791812,1067457134,1556864,0
1583,1677248,177024,334016,0,5504,8256,681664,319168,151616,109184,1568064,15104,1280,675840,122368,1984,3264,278720,158848,1088,52032,104768,69824,0,561,1314,3780321114,3247805089,1559808,0
1584,1677248,175424,333184,0,4672,7872,614848,316992,224256,181824,1495424,15040,1280,608960,86528,1984,3200,243840,156480,1216,51712,104896,68480,0,566,1326,1798515661,1216686523,1487552,0
1585,1677440,176000,333824,0,3264,8064,632384,317248,206656,164288,1513152,15104,1408,626496,104832,1920,3200,266112,156544,1280,51904,104896,68352,0,566,1305,3678685981,1008219548,1505088,0
1586,1677184,175680,334336,0,3264,8256,640576,327872,187200,145088,1532096,15040,1408,634624,86912,1920,3328,271168,158720,1088,51904,104384,78656,0,554,1285,1971790867,1878787740,1523840,0
1587,2237440,201280,337216,0,136000,8256,651904,332096,570688,528704,1708736,14784,1344,646208,94848,1920,3264,270528,174976,1216,51392,104448,82496,0,561,1313,3915878083,1110003435,1700480,0
1588,2237696,198656,331008,0,5568,8256,842304,360704,491200,448896,1788800,15616,1280,836672,94464,1920,3008,453824,174784,1280,52288,131072,83648,0,581,1384,1715567581,3013313479,1780544,0
1589,2237312,177664,332736,0,4672,8384,837760,317952,558144,516096,1721216,21312,1408,831872,118720,1920,3136,444160,163392,1088,52160,111296,61632,0,554,1327,2666123320,4070996916,1712832,0
1590,1677632,177152,333696,0,3392,29760,651456,403584,78592,35904,1641728,14272,1344,645760,92608,1920,3264,257152,182272,1344,52096,192448,61440,0,557,1338,1279342648,362860770,1611968,0
1591,2237440,176064,334848,0,4416,8128,879616,491008,343360,300608,1936832,99072,1344,873792,92736,1984,3328,399552,184576,1344,52160,277056,62272,0,577,1392,2135332557,400565731,1928704,0
1592,2237504,176128,336576,0,6016,5632,888768,583552,240832,199040,2038464,218752,1344,883008,93248,2112,3328,282112,189632,1024,52544,359296,72704,0,607,1444,4184898710,1773882924,2032832,0
1593,2236096,176320,336128,0,3520,5696,918592,656256,139584,99136,2136960,216768,1408,912704,93376,1920,3392,286848,201792,1280,52352,440064,62656,0,590,1474,944884814,1600180652,2131264,0
1594,2237824,176640,334784,0,6720,5696,832256,610688,271040,230464,2007360,217984,1344,826624,98048,1856,3520,252800,175232,1280,53120,401600,56128,0,558,1417,3571560001,3475933157,2001664,0
1595,2237440,207168,334144,0,5312,5696,987520,517056,180544,140224,2097216,119104,1408,981568,103552,1984,3264,498048,184896,1216,52096,319040,47680,0,520,1290,1338544134,91092684,2091520,0
1596,1676928,184384,332800,0,3200,5824,632256,426304,92160,51968,1624960,20608,1344,626496,101824,2176,3200,256704,173952,1088,52224,233984,47232,0,504,1259,3734698275,557175235,1619136,0
1597,1677376,182720,330304,0,3264,5568,663040,340032,152448,112448,1564928,21440,1344,657280,121664,1984,3200,286912,176064,1280,51904,150848,46784,0,512,1268,2165618948,2344780974,1559360,0
1598,1677440,182144,333696,0,3264,5504,662592,297344,192896,152512,1524928,20352,1408,656896,103104,1856,3392,293376,175360,1216,51648,104960,51456,0,529,1295,2719903420,444518246,1519424,0
1599,1677440,183680,331200,0,3264,27392,644736,304192,182976,142208,1535232,20608,1408,638912,101824,1984,3264,274816,178816,1216,51648,105024,54848,0,555,1354,1197519785,2454508889,1507840,0
1600,2238976,181056,333440,0,139008,8448,733952,310144,532928,490688,1748288,20608,1472,727936,104512,2176,3392,365184,173760,1152,52032,104768,60224,0,578,1382,3453922983,26280938,1739840,0
1601,1677312,182208,330816,0,4864,8448,670464,344512,136000,93760,1583552,25856,1408,664512,110080,1920,3264,276800,190592,1216,51008,145280,54784,0,587,1414,671967964,562261202,1575104,0
1602,1677376,182976,332736,0,3328,8192,648640,303232,198272,155776,1521600,23040,1408,642880,126016,2112,3328,293120,158592,1280,52288,108224,50368,0,568,1361,4068525159,2082110636,1513408,0
1603,1677184,182208,328384,0,3328,8256,614720,283648,256640,214016,1463168,20288,1408,608832,106432,1984,3200,268608,157632,1088,52160,103296,35648,0,569,1336,2624061835,3088323230,1454912,0
1604,1677504,182528,326784,0,5376,8192,643776,309888,200960,158848,1518656,20288,1344,638016,107072,2176,3200,293504,165376,1152,51584,120640,44096,0,572,1354,566249807,3557654722,1510464,0
1605,1676992,201216,323328,0,5248,8320,609920,260672,268288,226560,1450432,16896,1408,604224,105536,1856,3264,276288,161024,1152,192,121600,49280,0,569,1347,3385078740,1085780292,1442112,0
1606,1677568,177152,324096,0,4416,8320,541504,261952,360128,318592,1358976,11968,1280,535872,100288,1920,3136,251456,141568,1152,192,122304,49024,0,572,1356,1433172001,2816717573,1350656,0
1607,1677248,175808,322880,0,5440,29888,545600,232960,364672,322880,1354368,10048,1344,539584,99200,1920,3136,256128,147648,1152,192,105344,35072,0,568,1345,1896038634,1877911211,1324480,0
1608,1677184,193536,326784,0,3904,8192,713344,229888,201536,160000,1517184,9792,1344,707712,97344,2048,3008,437824,137088,1024,256,104448,35008,0,577,1360,2405448642,1952069609,1508992,0
1609,2237568,213952,324096,0,3264,29696,1090752,236032,339776,298176,1939392,9472,1280,1084864,125120,2048,3072,439424,512832,1280,192,105152,40448,0,576,1356,932493372,761112833,1909696,0
1610,2237696,175232,323904,0,3264,8128,1115584,252672,358912,316992,1920704,164224,1344,1109888,155008,1984,3328,646464,156736,1216,59904,51008,49792,0,579,1368,2263020756,4057844553,1912576,0
1611,2237376,210624,324288,0,3520,8192,1301632,264960,124160,81408,2155968,322432,1344,1295872,160192,1920,3328,666688,141248,1280,60288,50688,52544,0,569,1346,4058467242,1310148450,2147776,0
1612,2797568,191168,323840,0,157120,8448,1782656,263872,70464,28160,2769408,333056,1280,1776768,162176,1856,3456,1138624,139392,1344,61120,50688,61120,0,520,1229,2249965178,754442132,2760960,0
1613,2797568,286080,324288,0,3648,8064,1480896,256960,437632,395776,2401792,346624,1472,1474944,129472,1984,3264,822080,137600,1280,59392,50880,43648,0,506,1204,200100144,3180702485,2393728,0
1614,2237696,183744,323968,0,4672,8128,1127168,256768,333248,290752,1946944,325056,1344,1121344,101248,1920,3200,497792,134016,1088,59328,50944,44992,0,503,1196,1791503550,2900549415,1938816,0
1615,2237312,159296,323712,0,6528,5632,1183936,252096,306112,264128,1973184,338624,1408,1178112,102080,1984,3392,545280,130944,1152,60480,50880,44736,0,500,1190,2239846456,3233542116,1967552,0
1616,2236224,158272,322304,0,4928,27520,1209728,260864,252608,211904,2024320,333952,1344,1203904,101696,2048,3456,574144,132352,1280,60672,50496,53248,0,497,1186,2935934658,3347052415,1996800,0
1617,2237632,159360,323904,0,3392,5632,1211584,265536,268224,227584,2010048,340928,1344,1205632,101312,1984,3328,559488,140992,1152,59136,50368,58560,0,498,1187,1502392985,4085092929,2004416,0
1618,2237440,159872,324352,0,5632,5760,1184832,259136,297856,257408,1980032,339584,1408,1179008,101760,1984,3264,543360,129344,1088,59584,50432,53376,0,502,1194,447383068,112367044,1974272,0
1619,2237248,159680,321664,0,4736,5952,1185344,248448,311424,270848,1966400,338368,1408,1179584,101696,1984,3328,544128,131264,1344,60544,50624,40704,0,492,1175,1551603302,1675768753,1960448,0
1620,1677440,161280,322816,0,5568,5888,818880,193408,169600,129728,1547712,10624,1408,813184,99904,1920,3264,537024,131136,1088,128,50240,43584,0,493,1177,927388446,873667547,1541824,0
1621,2237312,205248,324480,0,4608,5824,992640,181184,523328,483648,1753664,10688,1408,986944,99648,1984,3264,715456,134144,1216,64,50496,47680,0,495,1172,711148254,1631590796,1747840,0
1622,1679232,184064,321152,0,3264,8512,693312,194304,274624,233600,1445632,10752,1472,687488,98624,1856,3456,419072,132480,1088,128,49728,56512,0,491,1180,1429262580,2852493799,1437120,0
1623,1677248,169408,322944,0,3200,8384,719744,198464,255104,213760,1463488,11008,1344,713984,126656,1984,3456,434624,141184,1088,128,50048,60544,0,499,1178,23123888,2465828792,1455104,0
1624,1677440,159232,325184,0,121920,8064,669248,199680,194112,152192,1525248,10688,1408,663552,98304,2048,3328,389824,135168,1088,128,50432,60672,0,492,1168,1651692544,2586153021,1517184,0
1625,2237632,184320,322624,0,3456,30080,1136896,194816,365440,323648,1913984,11136,1408,1131200,117568,1920,3584,835392,150208,1216,64,50240,56704,0,502,1183,2059782549,385983576,1883904,0
1626,2237376,175232,322752,0,3584,8320,1008128,187712,531648,490048,1747328,10816,1408,1002240,98752,1856,3264,728960,139584,1088,128,50368,49792,0,500,1184,2632254173,3456574669,1739008,0
1627,1677376,193216,322176,0,3456,8192,677504,188864,283968,242048,1435328,10432,1344,671680,96768,1920,3264,398528,138944,1216,64,50368,50624,0,498,1187,1140964377,3945952121,1427136,0
1628,1677248,159168,322432,0,3328,8256,706048,194880,283136,241600,1435648,10624,1408,700032,106944,1856,3328,422720,142784,1152,64,50432,56832,0,494,1176,3036574449,557036360,1427392,0
1629,2237376,703552,323200,0,4672,8128,762048,200256,235520,193920,2043456,9792,1344,756352,105984,1920,3136,469248,155264,1152,64,50496,60416,0,559,1316,2309573382,846599807,2035328,0
1630,1677440,175744,323328,0,5952,8128,685632,199232,279424,237952,1439488,9536,1408,679680,113984,2112,3008,408512,137920,1280,192,50304,60480,0,570,1328,1499731399,922428310,1431360,0
1631,1677376,200640,322432,0,6656,8320,868224,186304,84800,43392,1633984,9344,1344,862592,70528,1792,3264,589248,139264,1024,128,50432,46912,0,543,1274,3596226158,2867374878,1625664,0
1632,1677120,177216,322304,0,4224,8256,626816,186368,351936,310464,1366656,10112,1472,621120,50944,1984,3264,353280,135104,1216,64,50048,46080,0,551,1300,1139438254,293336774,1358400,0
1633,2237632,220800,323584,0,4288,8064,1002048,195968,482880,441024,1796608,170240,1344,996288,98048,1920,36480,504896,163136,1152,64,49792,56384,0,551,1298,2150053751,1870724100,1788544,0
1634,2797568,240576,332480,0,3264,9536,1490240,213760,507712,466560,2331008,353280,1408,1484288,116352,1920,27584,785728,165696,1216,128,50368,57088,0,540,1287,2003090260,118025188,2321472,0
1635,2237696,211584,330112,0,4608,8192,1007680,216960,458560,416576,1821120,359680,1344,1001920,103936,1920,27392,297600,178816,1344,64,50368,60544,0,553,1306,1609687750,3404234491,1812928,0
1636,2237568,217216,331072,0,6656,8256,1028800,213696,431872,386880,1850688,360768,1344,1023168,42240,1920,27456,327104,167680,1024,64,50048,56896,0,556,1310,1365320171,4275171351,1842432,0
1637,2237376,211904,324864,0,138432,27840,1018240,197568,318528,276224,1961152,360832,1344,1012416,42112,1792,27840,316992,166720,960,128,50240,43584,0,552,1297,2904274099,252051681,1933312,0
1638,2235968,210944,327488,0,1984,5760,1015232,196160,478400,438592,1797376,361600,1344,1009472,41472,1728,27264,316672,168000,1216,128,50112,43904,0,555,1300,4189743177,851051936,1791616,0
1639,2237376,210816,332096,0,1984,5824,1013696,189504,483456,443840,1793536,361024,1344,1007872,41920,1920,27520,315840,166464,832,64,50304,38272,0,552,1289,1478722136,3797951933,1787712,0
1640,2797952,311232,329344,0,1984,5824,1424320,198784,526464,486528,2311424,363136,1280,1418624,42432,1856,27456,728768,167488,1088,128,50304,47424,0,550,1276,753026604,2610047325,2305600,0
1641,2237376,265088,322496,0,2560,5632,1339776,190080,111744,71744,2165632,370880,1216,1334080,42176,2048,27392,645632,166208,1152,64,50112,43456,0,565,1298,3691831434,2287967235,2160000,0
1642,2237696,212224,323200,0,3136,27072,926016,189440,556608,516160,1721536,381760,1472,920128,42112,1920,27904,224448,162368,1216,128,49984,42496,0,560,1283,866623230,2774913866,1694464,0
1643,2797504,237376,323008,0,3328,5824,1599040,183296,445632,405504,2392000,469440,1344,1593344,78464,1984,27584,793088,175040,1152,128,49920,36800,0,552,1275,3346441436,3916262383,2386176,0
1644,2797504,239296,325824,0,3392,5888,1578432,228160,416512,376960,2420544,561856,1408,1572864,42624,1984,27712,661696,174592,1152,256,89152,40192,0,558,1295,3550650687,3360426178,2414656,0
1645,3358080,230720,329344,0,3648,5824,2026496,242560,519488,479488,2878592,733696,1408,2020608,80704,1984,18944,239296,177088,1280,192,46336,99200,0,574,1349,3725971699,2335752015,2872768,0
1646,3357888,234112,330496,0,146240,27584,1663808,403200,552448,512320,2845568,997760,1280,1657984,39040,1856,206208,152256,169984,1280,384,218368,86080,0,574,1343,2804119743,603407532,2817984,0
1647,2237440,227584,332672,0,3840,27456,1015680,401024,229184,189504,2047936,627200,1472,1009664,38592,1664,3392,89344,150336,1152,192,219712,82432,0,574,1345,3157430204,597877514,2020480,0
1648,2797760,257856,328768,0,4864,48896,1484032,548672,124672,85056,2712704,328960,1600,1478080,47040,1856,758528,95808,147520,1152,192,373952,76992,0,578,1359,766575529,2306217399,2663808,0
1649,2237312,215168,330112,0,3968,28544,552192,549824,557504,518272,1719040,198656,1472,546368,43520,1472,2816,56064,141952,1280,128,374080,78144,0,575,1362,2349666039,1606857527,1690496,0
1650,2237824,231232,332160,0,4032,28352,540800,553728,547520,507840,1729984,198784,1408,534784,44352,1600,2752,57216,139712,1152,256,381952,74048,0,573,1346,3835074999,2197279479,1701632,0
1651,2237440,216896,325376,0,3840,5824,615488,595584,474432,435072,1802368,199040,1344,609600,67776,1536,2944,123968,150400,1216,256,408384,88320,0,567,1352,3425482091,2952509778,1796544,0
1652,2237440,224320,322816,0,3840,5632,588096,590144,502592,463296,1774144,198464,1408,582144,44480,1664,2944,92928,151552,1280,192,409024,83264,0,568,1337,2102328340,878205127,1768512,0
1653,2237504,226816,324736,0,3840,5632,893056,577344,206080,166720,2070784,207040,1408,887168,51072,1792,27584,350144,180864,1216,256,408192,72640,0,551,1304,3079844407,2561264356,2065152,0
1654,2237440,226240,324096,0,3968,5824,745472,582016,349824,310464,1926976,88576,1344,739712,45824,1984,28096,330496,175616,1088,256,409856,69120,0,552,1305,728413972,930619989,1921152,0
1655,2237504,243904,322432,0,6080,5696,754752,365824,538816,499776,1737728,11392,1408,748928,47616,2112,29056,272832,321600,1280,64,204608,75840,0,545,1286,906200478,4057797785,1732032,0
1656,1677632,211712,325184,0,5248,26816,571200,339520,197952,158656,1518976,11328,1344,565248,79104,2112,28608,248320,170496,1152,128,179520,75776,0,550,1283,812198389,159694517,1492160,0
1657,1677376,211840,321216,0,123520,5824,605632,148992,260352,220800,1456576,11264,1344,599872,132352,1856,28416,286784,169664,1280,0,0,65024,0,540,1282,1201968116,3216392732,1450752,0
1658,1677312,212672,324096,0,3712,5632,755904,155008,220288,181120,1496192,9024,1344,750080,126912,1728,3456,293184,346944,1152,0,0,71808,0,514,1249,1448255064,179885427,1490560,0
1659,1677184,148480,322368,0,3712,5632,510400,143104,543488,504384,1172800,8896,1408,504512,99072,1792,3200,247616,149632,1024,0,0,58560,0,467,1140,3304420619,2818186926,1167168,0
1660,1677440,147712,323776,0,5952,5632,525760,139008,529600,490048,1187392,9088,1408,520000,99136,1920,3392,257344,158016,1088,0,0,55040,0,465,1145,107837584,2664495570,1181760,0
1661,1677184,148480,323776,0,4992,5504,558400,136064,499968,461248,1215936,8448,1408,552448,128448,1920,3328,288448,164288,1216,0,0,51904,0,470,1159,488863281,3809354886,1210432,0
1662,1677504,147584,321984,0,3648,5760,537792,145728,515008,475712,1201792,8960,1408,531840,99712,1856,3392,271936,160384,1216,0,0,61824,0,483,1202,1730979961,828214265,1196032,0
1663,1677184,148352,322048,0,3584,5824,528384,144832,524160,484928,1192256,8704,1408,522624,101824,1792,3392,261888,161856,1088,0,0,59776,0,492,1207,2172988982,2046698845,1186432,0
1664,1677568,148224,323072,0,3712,5824,522560,147520,526656,487104,1190464,8704,1280,516928,94912,1792,3328,261440,156096,1344,0,0,63616,0,511,1256,3206709227,816293730,1184640,0
1665,1678784,149120,322368,0,3648,20544,537216,149760,496128,455168,1223616,8640,1408,531328,143424,1984,3264,273792,157504,1216,0,0,55616,0,511,1250,3976261274,1955398101,1203072,0
1666,1677504,148544,322752,0,3840,20288,533184,147712,501184,460096,1217408,8640,1408,527552,146944,1792,3456,280704,148544,1152,0,0,54784,0,508,1255,1373355068,3224416004,1197120,0
1667,1677248,169216,324800,0,3712,64832,680128,151168,283392,241984,1435264,8704,1408,674304,121408,1728,3392,412480,162816,1088,0,0,54592,0,514,1263,3229860351,2724425793,1370432,0
1668,2237440,190912,322496,0,3648,20608,1002560,167552,529664,488512,1748928,8576,1344,996864,97344,1792,3456,730112,167936,1280,0,0,73024,0,509,1260,3138517835,2598624558,1728320,0
1669,1677312,148672,323968,0,5952,20352,488768,163840,525760,485056,1192256,8576,1344,483072,110784,1600,3520,232192,148672,1024,0,0,70720,0,520,1273,683709835,1012356799,1171904,0
1670,1677376,161472,324160,0,6592,20416,503168,163776,497792,457024,1220352,8320,1344,497344,117632,1984,3264,242304,153216,1088,0,0,69824,0,512,1268,4191090043,3084046000,1199936,0
1671,1677376,163008,329408,0,4992,20480,510208,160512,488768,447616,1229760,8896,1344,504256,117632,1728,3392,248576,153280,1216,0,0,67520,0,505,1265,484714591,2316305952,1209280,0
1672,1677184,147712,320896,0,134144,20416,503808,158336,391872,350528,1326656,8832,1344,498176,118400,1728,3520,251968,142144,1216,0,0,64064,0,499,1250,4053353386,1004042824,1306240,0
1673,1677376,161216,324224,0,4736,20224,502912,151872,512192,471360,1206016,8576,1344,497088,120320,1984,3392,250624,144256,1152,0,0,57600,0,503,1249,1862698792,1877454157,1185792,0
1674,1677312,161856,326592,0,3328,20608,548352,166080,450496,409216,1268096,8640,1472,542336,140224,1920,3264,284672,154688,1216,0,0,71744,0,515,1273,2425462354,559051495,1247488,0
1675,1677440,173824,321920,0,3264,20288,650112,169536,338496,297408,1380032,8768,1344,644288,114880,1856,3264,379712,161152,1152,0,0,75072,0,522,1290,2823714949,2431414896,1359744,0
1676,1677312,177920,322304,0,3392,20480,872576,218048,62592,20544,1656768,178176,1408,866816,115136,1856,3520,422016,143552,960,51648,256,69312,0,522,1279,359550758,2546582470,1636288,0
1677,1677696,179968,323264,0,3520,42368,686080,209664,232832,190400,1487296,164288,1408,680192,123584,1728,3456,254656,140416,1088,51072,192,62464,0,522,1268,2848485705,2654567355,1444928,0
1678,2237312,192384,324352,0,3520,20672,990528,223360,482496,441152,1796160,13440,1408,984640,106752,1920,3200,708544,144128,1280,51072,192,58048,0,516,1267,1283741701,1339019087,1775488,0
1679,1677184,180160,323648,0,3584,20288,511552,219072,418880,377280,1299904,14208,1408,505664,69120,1728,3520,224448,145984,1088,52288,256,52672,0,502,1237,3181438685,3078425691,1279616,0
1680,1677376,204672,324096,0,5824,20608,672832,228224,221120,179392,1497984,14080,1408,666944,80256,2048,3392,388416,144896,1216,52544,256,60736,0,501,1236,2619515970,249668514,1477376,0
1681,1677376,151552,324160,0,4928,20864,619456,225024,331392,289536,1387840,14272,1408,613504,60864,1856,3136,334592,146048,1216,51584,192,59392,0,500,1237,2627344413,3050118095,1366976,0
1682,1677376,178368,324608,0,3520,20672,614400,217792,318016,276160,1401216,13696,1408,608640,60608,2048,3264,331968,144320,1088,51840,192,51584,0,503,1244,3735488707,2755813935,1380544,0
1683,2237440,194240,325888,0,3456,20416,940992,211840,540608,498880,1738560,14144,1536,934912,91328,1728,3520,509952,292416,1280,51840,320,46336,0,509,1237,2631758473,4076626637,1718144,0
1684,1677376,151808,324928,0,5632,20928,618752,211392,343936,302208,1375168,13952,1344,612928,65152,1792,3264,337088,146496,1152,51584,192,46784,0,507,1231,2850509396,3459154746,1354240,0
1685,1677440,191232,327424,0,3456,20864,690432,204544,239488,197952,1479488,13952,1344,684544,65536,1792,3584,413888,141632,1088,51840,256,56576,0,497,1206,2155460777,131870952,1458624,0
1686,1677056,165568,324672,0,138688,20928,492352,203136,331712,289920,1387136,13696,1408,486400,72384,2048,3456,216128,141696,1152,52096,256,53568,0,498,1201,3376588043,4116459038,1366208,0
1687,1677632,175104,323968,0,4544,42496,732224,211264,188032,145728,1531904,13824,1344,726592,64640,1920,3200,194112,403712,1088,52160,192,60608,0,497,1209,1331441157,6464434,1489408,0
1688,1676928,181056,320512,0,5952,20672,443904,200192,504640,463744,1213184,13952,1408,437952,40064,1920,3392,170240,137280,1216,51968,192,51264,0,499,1203,951397918,3364648297,1192512,0
1689,1677568,187200,323392,0,6464,20096,620608,199168,320640,278528,1399040,14016,1344,614720,17088,2112,3392,347392,138688,1216,51968,256,50496,0,502,1219,1334707333,2700608288,1378944,0
1690,1677504,209920,322112,0,3136,20480,872000,199808,50048,8384,1669120,13952,1408,866240,17024,1792,3392,597056,139840,1088,52032,256,51776,0,487,1183,1936162376,1747090959,1648640,0
1691,1677248,169408,324608,0,3264,20416,770560,200384,188608,147072,1530176,13696,1344,764864,17536,1920,3264,498368,137728,1024,52416,256,50752,0,481,1174,2955179969,3638961169,1509760,0
1692,1677504,148352,322368,0,3328,20288,424320,197952,560896,519104,1158400,13824,1344,418496,16896,1856,3328,153024,136768,1152,52032,192,49024,0,476,1159,3281498944,3354852405,1138112,0
1693,1677248,169344,320704,0,3328,20160,633472,190848,339392,297728,1379520,13568,1344,627392,77760,1984,3264,208512,286144,1152,51840,192,41664,0,474,1139,4020908415,3423479918,1359360,0
1694,1677312,148224,322880,0,3264,20352,540480,191360,450752,408896,1268416,13632,1344,534848,122176,1920,3456,253248,142592,1152,52032,192,41856,0,478,1143,1192653620,3234680958,1248064,0
1695,1677504,161408,322880,0,3264,20096,558784,194560,416512,374720,1302784,14336,1408,553024,121792,2048,3328,256640,157696,1024,52416,256,44736,0,479,1142,1531757178,614259840,1282688,0
1696,1677120,163392,322112,0,5504,20544,560128,193472,411968,370624,1306496,13632,1408,554304,121792,1856,3264,279744,141440,1088,51776,256,45120,0,476,1142,2865416339,2798769504,1285952,0
1697,1677376,148032,323584,0,4608,43008,533888,190912,433344,391360,1286016,13760,1472,527808,122944,1792,3456,257728,142656,1088,52224,256,39360,0,477,1144,552273180,4209606358,1243008,0
1698,1677504,162816,322816,0,3200,42304,692288,179200,274880,232832,1444672,13568,1472,686400,122624,1920,3456,411136,147776,1216,51968,192,31680,0,474,1134,3857114508,73516538,1402368,0
1699,2237440,160832,325120,0,5440,20352,1024128,247808,453760,412416,1825024,185856,1408,1018176,148352,1984,3456,545984,172544,1216,51712,45632,52032,0,485,1168,2263786852,3070709400,1804672,0
1700,2237440,146560,327488,0,163648,20544,1003456,246080,329664,287680,1949760,391616,1344,997696,151232,2048,3392,320832,168320,1216,52544,46272,49536,0,485,1173,2772230521,1019387020,1929216,0
1701,2237184,167168,326080,0,4480,20992,943808,301376,473280,431808,1805376,185664,1344,938048,121344,1984,3520,290432,341440,1152,52672,87744,59776,0,508,1222,1877416996,527372309,1784384,0
1702,2237696,146048,323200,0,5888,20288,956864,292800,492608,450880,1786816,392384,1472,950912,119616,1920,3456,277184,160896,1088,52608,88256,51712,0,503,1210,971879659,1858467781,1766528,0
1703,1677056,145920,322560,0,3264,20608,737536,338496,108672,66944,1610112,186560,1344,731776,92480,1728,3392,260800,166144,1216,51776,129792,54464,0,508,1230,612991244,3718991671,1589504,0
1704,2237568,144896,323520,0,3392,20224,899456,295872,550208,508352,1729216,394496,1472,893632,63616,1920,3328,221056,156032,1216,52288,88320,54080,0,489,1195,3057805101,668195694,1708992,0
1705,3358144,735296,325248,0,3648,42688,1391808,373952,485504,443264,2914880,403200,1408,1386176,63104,2176,444864,260928,159360,1216,52480,129728,89792,0,490,1238,2537677237,3779028712,2872192,0
1706,1677248,145088,323264,0,3648,64320,653184,318080,169664,127232,1550016,206528,1344,647232,63296,1664,3456,163968,148672,1344,51968,88768,77568,0,482,1219,1879710644,3215726727,1485696,0
1707,1677184,144256,323456,0,3776,42688,647360,322496,193152,151168,1526016,205632,1344,641600,63744,1664,3392,160896,147264,1280,52288,88640,80960,0,483,1221,3831504421,3146186447,1483328,0
1708,1677376,190784,323456,0,3840,20224,632704,272960,233408,191552,1485824,206272,1344,627008,46592,2048,3584,145728,148928,1152,52352,46208,77568,0,490,1244,3983546996,1411931590,1465600,0
1709,1677312,172416,322560,0,3712,20480,663680,280000,214464,172672,1504640,207424,1472,657792,18048,1792,3456,165952,161472,1088,52416,46528,84672,0,526,1329,1438621579,1692378058,1484160,0
1710,1677184,191168,323392,0,3712,20544,596736,233216,308416,267072,1410112,102976,1472,590848,37440,1856,3264,210304,151872,1216,52288,256,83840,0,565,1388,3991228984,204340688,1389568,0
1711,1677376,172352,324800,0,3840,20672,792064,289536,74112,32192,1645184,273216,1408,786176,17600,2176,3456,199168,186624,1152,52288,45952,95296,0,579,1394,2187603933,2731079957,1624512,0
1712,1677248,177152,322624,0,4032,24320,523712,293824,331584,289792,1387456,13888,1344,517888,66944,1920,3456,231616,146176,1152,52032,46016,98112,0,584,1403,2183811759,3477982562,1363136,0
1713,1677184,172992,323328,0,118656,24064,540608,299968,197568,155520,1521664,14080,1408,534528,64960,1984,3392,249984,141312,1152,52032,46400,103488,0,589,1417,3566190373,1374331955,1497600,0
1714,1677440,172096,323264,0,3840,24064,525248,296768,332160,290496,1386944,14208,1408,519296,65152,1856,3328,230976,142720,1280,52096,46272,100288,0,585,1413,3906185870,4243027832,1362880,0
1715,1677248,172928,324480,0,3840,24512,526400,236032,389056,347008,1330240,13504,1472,520704,68480,2048,3328,233728,142336,1216,52224,256,87488,0,572,1384,1105116200,1243175285,1305728,0
1716,2237376,197952,322240,0,3904,46528,833024,231616,602112,559872,1677504,13952,1408,827264,70144,1920,3264,537088,149184,1152,51968,192,82240,0,584,1405,3122171993,1568641315,1630976,0
1717,1677568,173184,322624,0,3904,24640,547904,231616,373696,331904,1345664,14208,1408,542208,91200,1984,3392,259904,142528,1152,52480,256,81792,0,590,1405,4254210366,2372017337,1321024,0
1718,1677248,172800,324352,0,4928,24704,568320,227712,354432,312704,1364544,14208,1344,562624,113856,1984,3392,283584,141056,1024,52288,192,79424,0,596,1415,1950767719,650966836,1339840,0
1719,1677312,172800,323200,0,7296,24448,570880,226752,351936,310272,1367040,14144,1472,564928,114432,1920,3520,283328,142144,1088,52224,192,76928,0,591,1407,3686694413,2411895088,1342592,0
1720,2237632,196800,323136,0,3840,24384,1058048,232000,399424,357696,1879936,14080,1344,1052288,114304,1984,3648,756096,154624,960,52160,256,82624,0,594,1413,261105263,2285601319,1855552,0
1721,1677440,173696,322560,0,5952,24384,559744,233216,357888,316032,1361408,13952,1344,553728,113024,1984,3520,272256,142720,1088,51648,192,84160,0,596,1411,1330527198,2777837589,1337024,0
1722,1677312,173248,323200,0,5120,24576,561920,232000,357248,315328,1361984,14272,1472,556032,117120,1792,3264,274368,142912,1344,52096,192,83776,0,597,1419,2885783208,522306198,1337408,0
1723,1677248,171456,322944,0,6080,24384,571392,234688,346304,304256,1372992,14016,1344,565696,123008,1984,3520,282624,144960,1216,52096,192,85184,0,592,1406,4015736555,3737335088,1348608,0
1724,1677504,194560,321856,0,6912,24704,744512,232064,152896,111168,1566336,13440,1408,738496,131968,1856,3328,450944,149568,1216,52224,256,83328,0,586,1402,2998534571,106144823,1541632,0
1725,1677120,172544,322944,0,6976,24320,560192,229312,360832,318976,1358144,13248,1280,554304,114368,1856,3328,274624,141440,1280,52224,192,79296,0,574,1386,3925793605,2263532342,1333824,0
1726,1677376,171840,323264,0,4736,46144,567104,234816,329472,287552,1389824,14080,1408,561280,117952,1856,3328,277504,145984,1024,52032,256,85504,0,569,1375,3642402115,630783650,1343680,0
1727,1677120,171264,321856,0,123456,42560,560768,233216,224000,182016,1495104,13504,1472,554880,109632,1856,3456,274496,143360,1152,52224,192,80576,0,567,1368,1641631527,127861825,1452544,0
1728,1677312,171200,322560,0,5440,20288,581632,228032,348160,307200,1370112,13952,1344,575808,113728,1856,3328,294848,142912,1408,51904,192,81024,0,559,1357,2807027839,4137871022,1349824,0
1729,1677376,174784,322624,0,4544,20672,573248,229952,351552,309824,1367552,14016,1344,567488,119104,1856,3392,286208,143616,1088,52096,256,82816,0,556,1356,958010346,1150473058,1346880,0
1730,1677376,169920,323136,0,3264,20352,544704,228928,387072,345344,1332032,14336,1280,539008,109248,2048,3264,256384,144320,1216,52352,256,79808,0,557,1355,58104455,503425950,1311680,0
1731,1677312,195456,323904,0,3136,20672,721536,228480,184128,142464,1534848,13632,1344,715584,111232,1920,3392,435904,143104,1216,52480,256,80128,0,552,1346,1727852264,622705927,1514176,0
1732,1677376,194432,323008,0,4352,20288,745920,228544,160832,119040,1558336,13248,1408,740160,114816,1984,3392,448768,153984,1344,51776,320,82432,0,561,1366,1552447400,2706727957,1538048,0
1733,1677248,171904,324160,0,5632,20672,583680,232704,338496,296640,1380608,13888,1408,577600,128256,1856,3328,289216,152192,1152,52096,192,83968,0,562,1365,206687185,3581676502,1359936,0
1734,1677632,172800,326528,0,1856,20480,566272,220928,368768,326848,1350784,14400,1536,560256,120000,2048,3392,268160,153536,1024,51904,256,74560,0,557,1349,1712800833,1344584057,1330304,0
1735,1676800,195776,321344,0,1920,20288,786176,218240,133056,91712,1585088,13568,1408,780096,186752,1920,3392,486528,158016,1152,52416,256,69824,0,562,1366,759630022,992419295,1564800,0
1736,1677440,172288,324736,0,1792,42816,614016,215104,306688,265216,1412224,13696,1280,608256,174016,2048,3328,316608,156800,1088,52160,256,67264,0,558,1355,1306254764,1146656314,1369408,0
1737,1677632,171712,325376,0,1920,20480,657664,207872,292608,250688,1426944,13952,1344,651840,193216,1920,3584,361472,155968,1024,52224,192,60160,0,560,1364,1133981233,578198222,1406464,0
1738,1677248,173632,324352,0,1920,20224,630208,209280,317632,275904,1401344,13760,1344,624320,181376,1920,3328,337216,156352,1280,51776,192,61376,0,565,1372,1459738435,841724686,1381120,0
1739,1677120,172544,323072,0,1920,24320,632064,214912,308288,266560,1410560,13952,1472,626240,180352,1856,3392,324928,168576,1216,51904,256,65792,0,572,1380,105338975,2806075909,1386240,0
1740,2237568,193600,324480,0,3456,24256,1262656,335680,93440,51200,2186368,14464,1280,1256896,181888,1984,3520,920448,193024,1216,100352,67328,67904,0,588,1435,993598256,1185595612,2162112,0
1741,1677376,171840,324800,0,137728,24832,641216,317248,59712,16896,1660480,14208,1344,635264,173696,5376,3392,320448,161600,1216,100160,67520,49536,0,587,1421,11840706,3839019937,1635648,0
1742,1677312,172544,323456,0,3456,24704,560704,312768,279680,237632,1439680,14080,1408,554944,125824,2048,3328,244416,165760,1024,99776,67840,45056,0,592,1426,3782677597,1004862266,1414976,0
1743,2237632,204352,321856,0,3328,25088,817024,317760,548224,505792,1731840,13888,1344,811072,129536,1984,3392,503232,161856,1024,100928,68032,48192,0,602,1451,1188107074,568602998,1706752,0
1744,2237376,272256,324352,0,3200,16192,870272,377152,373952,331456,1905920,14400,1408,864512,165120,2048,24512,508544,182720,1280,101696,130624,46976,0,609,1481,4001103238,195440047,1889728,0
1745,2797760,228352,324928,0,3264,60160,1464192,504320,212544,170304,2627456,294336,1536,1458176,106624,1792,459392,388544,169088,1216,51712,300864,53632,0,609,1484,2387872095,4077013380,2567296,0
1746,1677312,206272,324672,0,3264,16384,479232,434432,213056,171136,1506176,13184,1408,473472,103552,1792,3008,178688,133952,1024,51840,238208,48768,0,589,1425,3821762406,2362100256,1489792,0
1747,1677376,196160,323264,0,3392,38272,531712,466304,118272,76672,1600704,13504,1408,525760,137728,1984,3392,231936,138368,1280,51456,272768,45376,0,592,1433,2812961172,1390297575,1562432,0
1748,1677376,194816,323136,0,3328,16192,562816,466496,110592,68608,1608768,13632,1280,557120,194944,1792,3200,273216,133376,1088,51968,272960,45184,0,594,1436,3288296347,2483605328,1592576,0
1749,1677248,208128,323456,0,3392,16512,546432,465856,113472,71808,1605440,13312,1344,540608,167616,1856,3264,263360,126144,1216,52224,272128,46016,0,596,1441,153246845,2926157697,1588928,0
1750,2237312,286528,325824,0,3264,16192,690176,398208,517120,475584,1761728,13248,1344,684416,196736,1920,38848,358784,142976,1280,52160,205568,45824,0,584,1385,2585118469,2678790979,1745536,0
1751,1677440,218048,325376,0,3456,16384,545664,395968,172544,130496,1546944,13504,1344,540096,57792,1984,38976,223744,138816,1088,51648,205248,45824,0,578,1381,3136664629,2007253666,1530560,0
1752,1677184,209280,324096,0,3456,16576,545600,315776,262400,221056,1456128,8320,1344,539840,105216,1984,38976,249472,141440,1216,128,179584,44800,0,572,1377,2116970011,49142511,1439552,0
1753,1677376,247808,324352,0,3328,15936,799808,143552,142592,101568,1575808,8448,1344,793984,32768,2048,38464,488576,155264,1216,0,0,53888,0,573,1377,4159257362,70396559,1559872,0
1754,1677376,207360,325440,0,3520,16448,522304,146176,456128,414784,1262592,8256,1344,516608,86656,1728,38720,236608,144384,1152,0,0,54464,0,570,1370,398359026,1390656020,1246144,0
1755,1677504,208960,321728,0,139456,37888,544000,145088,280384,238528,1438976,8320,1280,538048,89280,2048,38592,255744,145344,960,0,0,55168,0,567,1367,484725294,3166865374,1401088,5
1756,1677248,311424,321472,0,3328,11584,697088,156160,176192,135104,1542144,8320,1280,691456,61120,1920,38336,399744,151936,1216,0,0,69440,0,565,1361,1994797116,4158948336,1530560,0
1757,1677312,248448,321664,0,3264,27840,721344,151168,203584,162368,1514944,8448,1280,715712,81024,1984,38400,437696,138560,1216,0,0,65408,0,562,1347,1457625100,1293838979,1487104,0
1758,1676096,207296,324608,0,3328,5760,505856,151424,477824,438272,1237824,8192,1344,500032,58624,1984,38592,226944,135104,1088,0,0,69760,0,575,1380,1730817395,502283606,1232064,0
1759,2237312,767296,322624,0,3328,5824,860032,147904,130304,91136,2146176,8704,1344,854080,109632,1920,38464,385472,329472,1216,0,0,65536,0,568,1351,2514963551,105792922,2140352,0
1760,3358336,764736,323328,0,4928,28480,2023744,172928,40192,832,3357504,620288,1408,2017728,74624,1728,689600,457728,151232,1088,0,0,89472,0,551,1325,127976464,3408144328,3329024,0
1760,2237120,277440,324352,0,6400,5760,910784,241664,470720,431616,1805504,193664,1408,905024,73344,1728,16576,157632,438080,1152,192,66880,89088,0,567,1369,3890193956,524323216,1799744,0
1761,1677632,176128,323840,0,5120,28288,661440,227840,254976,215104,1462528,194624,1472,655360,99712,1792,3392,188672,155904,1088,128,66880,75008,0,579,1387,2310530321,3916089355,1434240,0
1762,1677184,176448,322432,0,3584,5632,633664,249536,285888,246464,1430720,193344,1408,627904,45504,1856,3264,134464,157248,1280,128,67200,96896,0,560,1355,4183623524,2632433740,1425088,0
1763,1677568,232256,323456,0,3712,27392,601600,222016,267136,227264,1450304,189696,1344,595648,72384,1600,3200,136064,157760,1088,128,67072,69440,0,566,1369,4256873158,2186820420,1422912,0
1764,1677120,172800,323584,0,3584,5632,665024,227328,279168,239616,1437504,192256,1344,659264,50176,2112,3456,179456,175872,1280,192,67584,75072,0,582,1383,2583749609,1273145957,1431872,0
1765,1677312,188544,321792,0,3648,5696,652736,223104,281792,242496,1434816,160832,1344,646976,75136,1984,3584,197888,174912,1344,128,67840,70720,0,589,1398,3392908587,1335355054,1429120,0
1766,1677440,171072,326336,0,5696,5568,627712,156096,384960,345216,1332224,160768,1344,622016,49344,1920,3584,178240,170752,1088,0,0,73152,0,576,1368,1814215502,1920657239,1326656,0
1767,1677312,171072,323520,0,146304,5696,650560,142848,237312,197376,1479936,165312,1344,644800,86080,1856,3392,209152,170944,1152,0,0,60352,0,559,1354,395734111,2266129779,1474240,0
1768,1677184,172032,322432,0,3584,5568,755200,142400,275968,236544,1440640,164032,1280,749504,188096,1792,3392,314176,174144,1024,0,0,58048,0,553,1350,4067970960,1977258313,1435072,0
1769,1677312,172224,322624,0,5760,6080,681472,139648,349504,310336,1366976,163456,1408,675520,117376,1920,3328,250368,164480,1088,0,0,56640,0,547,1344,3146685054,3453339960,1360896,0
1770,1677504,173760,319616,0,4928,5696,682688,119552,371264,331520,1345984,164096,1408,676928,116992,1728,3584,254784,161472,1280,0,0,35456,0,527,1302,3993100062,338347963,1340288,0
1771,1677184,172672,322688,0,3392,5568,697344,122304,353216,314112,1363072,164288,1408,691520,125696,1728,3456,272384,162624,1152,0,0,39040,0,540,1336,821620090,2756272971,1357504,0
1772,1677312,172544,322368,0,3392,5696,708032,121792,343488,304448,1372864,163968,1408,702144,144448,1920,3648,271296,173696,1152,0,0,37440,0,527,1285,3437094140,4072766913,1367168,0
1773,1677376,173632,321856,0,3328,5760,618624,120576,433600,393984,1283392,78976,1408,612864,151168,1664,3200,281088,160640,1216,0,0,37952,0,529,1292,1164715903,1188626486,1277632,0
1774,1677696,173376,322624,0,3328,27392,579200,126080,445696,406144,1271552,8384,1408,573248,175808,1664,3136,313024,159680,1152,0,0,42240,0,524,1294,4175738347,3283851775,1244160,0
1775,1677056,173056,321984,0,3456,5504,581824,122560,468672,429184,1247872,9088,1280,576064,186176,1856,3328,315648,157888,1152,0,0,38912,0,503,1269,2695946459,2130225522,1242368,0
1776,1677376,171520,325888,0,5568,5824,595072,127296,446208,406784,1270592,8832,1408,589312,196288,1856,3200,334912,158016,1280,0,0,44096,0,516,1295,3964867159,1856035502,1264768,0
1777,1677504,194368,323392,0,4608,5568,684480,124864,340224,300672,1376832,8768,1408,678592,137216,1728,3584,422144,158720,1088,0,0,41088,0,505,1256,1282278939,302519894,1371264,0
1778,1677376,173760,324800,0,3264,5568,571584,126336,472064,432512,1244864,8704,1408,565824,136640,2048,3328,286336,160064,1152,0,0,41984,0,489,1189,3713339708,152088662,1239296,0
1779,1677248,154240,330368,0,3328,5760,567360,128192,488000,448576,1228672,8512,1408,561600,137280,1920,3392,292800,160960,1152,128,128,41152,0,469,1124,2506698366,811973105,1222912,0
1780,1677248,226624,331328,0,3328,5632,911936,132224,66176,26688,1650560,8256,1344,906368,138560,1920,3456,490240,165248,1024,128,192,45568,0,468,1130,3031249418,3041249549,1644928,0
1781,1677312,137920,331008,0,112448,5632,568704,128896,392704,352448,1324864,8704,1344,563072,138304,1792,3136,283328,164992,1024,64,192,43136,0,472,1145,1499557866,1355933540,1319232,0
1782,2237120,174080,328000,0,4864,5440,1165568,134976,424192,384896,1852224,8640,1408,1159936,121728,1856,3328,598208,446656,1216,128,192,48256,0,483,1138,3765480397,2924659818,1846784,0
1783,1678976,137216,330368,0,5824,19904,441728,144512,599424,558400,1120576,8576,1408,435712,22528,1792,3072,171520,150656,960,128,192,48896,0,463,1104,3873093996,1889677174,1100672,0
1784,1677184,153536,329472,0,4992,42112,633664,149184,364224,323200,1353984,8448,1280,627904,27520,1792,3328,361664,149760,1152,128,192,52672,0,469,1122,1697576766,3172407246,1311872,0
1785,1677504,136256,322944,0,3392,20672,453888,152512,587840,546688,1130816,8576,1408,448000,27840,1728,3392,180160,163200,1280,128,128,57152,0,479,1140,3675833480,2233623243,1110144,0
1786,1677440,138816,325760,0,5696,42176,443712,153984,567296,526336,1151104,8768,1408,437888,27712,1856,3264,182080,151232,1152,128,192,57024,0,454,1108,34910977,1935265867,1108928,0
1787,1677184,137216,324992,0,4672,20096,480960,151680,557568,516160,1161024,8832,1344,475136,55872,1856,3392,219136,151104,1088,64,128,56384,0,464,1118,1681003664,145279902,1140928,0
1788,1677312,137280,326208,0,5376,20416,446144,151616,590272,549184,1128128,8896,1280,440576,27392,2048,3456,179328,154944,1216,128,192,56768,0,470,1134,650555535,1555823148,1107712,0
1789,1677376,164480,331200,0,4672,20160,674496,152768,329600,288896,1388480,8576,1280,668864,27904,1856,3392,386240,150720,1216,128,192,57024,0,462,1124,784037640,2677050464,1368320,0
1790,1677248,192512,329792,0,3136,20224,628416,149696,353472,312512,1364736,9024,1344,622592,27968,1792,3328,346304,158144,1152,64,128,52864,0,472,1133,2106501814,1362205928,1344512,0
1791,2237696,206464,330112,0,3328,42304,1249792,156864,248832,207488,2030208,385792,1408,1243904,69248,1792,209920,351104,188672,1152,64,128,60480,0,484,1140,2489071806,3873504083,1987904,0
1792,1677120,162048,325824,0,3520,42880,465472,160064,517312,476480,1200640,13440,1344,459584,27456,1664,3200,106752,171072,1152,128,128,62848,0,481,1132,1338514759,309490414,1157760,0
1793,1677504,146176,329920,0,3264,42624,440448,154304,560768,520000,1157504,13184,1344,434624,43072,1728,3200,121024,173248,1152,128,128,58368,0,479,1120,3902882162,2105692157,1114880,0
1794,1677312,146752,331392,0,3264,41792,470592,154176,529344,488192,1189120,13056,1344,464768,57664,1920,3264,138112,172224,1216,128,192,58624,0,486,1147,3952892752,4225752586,1147328,0
1795,1677248,174592,335936,0,3392,19648,650496,156736,336448,295360,1381888,13440,1472,644800,55936,1792,3456,188864,185600,1024,64,128,58880,0,475,1144,704850665,2332792585,1362240,0
1796,1677824,150528,323264,0,162944,20096,558720,156160,306112,264384,1413440,13312,1344,552768,55808,1984,3456,207488,189056,1024,128,128,58048,0,480,1141,3572957407,2982201864,1393344,0
1797,1676800,136512,323968,0,3456,20352,535936,154816,501760,460736,1216064,13120,1408,530240,54272,1920,3328,200256,186816,960,128,128,56384,0,491,1166,2111895309,2335059641,1195712,0
1798,1677120,138688,325568,0,3456,20480,507072,150528,531328,490048,1187072,8768,1408,501376,54400,1792,3328,200384,163392,1216,128,192,53312,0,493,1178,2283601190,3260692200,1166592,0
1799,1677440,137600,325056,0,3456,20288,506304,150976,533760,492864,1184576,9024,1344,500480,55232,1856,3200,200896,163136,1216,64,64,51456,0,492,1173,3097297229,630281745,1164288,0
1800,1677248,137280,326016,0,3392,20928,559168,135488,494976,453888,1223360,8832,1408,553216,105472,2112,3520,256960,158784,1280,128,128,38656,0,482,1150,433457194,3992796620,1202432,0
1801,1677248,160960,325440,0,6016,20416,808640,210560,145216,104256,1572992,8960,1344,802880,105088,1984,3584,254656,423360,1216,256,67008,44736,0,497,1191,3398889384,4116898504,1552576,0
1802,1677376,137984,325312,0,6272,20544,563776,214848,408640,367552,1309824,9152,1344,557952,109312,1984,3328,262272,150848,1152,192,67520,49216,0,488,1184,3315805544,1998848382,1289280,0
1803,1677504,137280,323008,0,4608,20288,554176,215488,422656,381376,1296128,8768,1408,548288,109184,1856,3264,265728,152704,1088,192,67264,49024,0,489,1183,1532228790,1328995507,1275840,0
1804,1676992,137472,323136,0,5376,42112,623296,213120,332480,291520,1385472,9280,1280,617664,181120,1856,3456,334976,152448,1152,192,67840,47168,0,488,1175,2157673322,2983618641,1343360,0
1805,1677312,136640,323968,0,3904,20160,569600,214720,408320,366720,1310592,8896,1408,563648,139712,2048,3328,292544,152640,1280,256,67520,47360,0,491,1173,3333559022,1239712844,1290432,0
1806,1677312,159360,323264,0,1920,20160,721024,212736,238848,197696,1479616,8832,1408,715392,142464,1920,3584,445376,151552,1152,256,67776,46272,0,505,1199,162525195,1822082147,1459456,0
1807,1677376,153472,323136,0,1856,20800,863616,140736,173760,132544,1544832,9408,1408,857600,140608,1664,3520,585728,152000,1216,128,128,45120,0,496,1189,820834148,3228589439,1524032,0
1808,1677312,136896,323392,0,2048,20288,567808,138368,488512,447808,1229504,8704,1344,562240,148672,1472,3200,305856,151296,1088,128,192,42688,0,489,1167,4085463534,2581108156,1209216,0
1809,1677312,136576,324224,0,1984,20416,574592,139392,480128,439232,1238080,8512,1408,568768,149696,1600,3136,308928,154304,1216,128,128,43072,0,490,1176,1934145102,71177495,1217664,0
1810,2237632,158528,324096,0,138112,19904,896192,145728,555072,513984,1723648,9024,1344,890368,146560,1792,3264,316544,459008,1088,128,192,49280,0,508,1223,6869533,2113736631,1703744,0
1811,1677248,138240,325312,0,3264,20480,574912,143168,471872,430656,1246592,9152,1344,569152,145536,1856,3200,311296,150144,1152,128,128,48576,0,508,1224,2414205034,2984054975,1226112,0
1812,1677120,207872,323968,0,3328,20160,912896,141312,67584,26752,1650368,9216,1408,907136,146560,1984,3072,646144,154240,1216,128,128,45760,0,502,1208,2897354527,3043968246,1630208,0
1813,1677248,163264,322944,0,3392,20352,892800,144448,130048,89024,1588224,9088,1344,887104,135232,1792,3136,621184,160320,1216,128,128,49344,0,506,1215,2722885974,3897515355,1567872,0
1814,1677248,191744,322432,0,3520,41984,796928,151040,169600,128192,1549056,9152,1408,791168,134848,2048,3072,528768,154432,1152,128,192,54400,0,507,1223,2189013387,3960331459,1507072,0
1815,1677440,143744,320896,0,6336,20480,553728,151040,481216,440384,1237056,8576,1280,548160,140608,1728,3264,297344,142464,960,64,128,54912,0,507,1213,3422419315,3224063159,1216576,0
1816,1677376,144576,322880,0,7040,42496,572992,147392,440000,398848,1278528,8960,1408,567040,140224,1792,3136,302848,153408,1216,64,192,50752,0,509,1215,1210521777,2562793593,1236032,0
1817,1677376,143808,324096,0,4992,20352,556288,146816,481024,440064,1237312,9088,1408,550464,142080,1792,3200,304832,141760,1152,64,128,51200,0,504,1204,3963542004,1746602113,1216960,0
1818,1677440,159936,322816,0,3200,20224,731840,141184,298240,256960,1420480,8640,1280,726208,148800,1984,3136,484416,138176,1216,128,128,45696,0,506,1195,2854047632,163297040,1400256,0
1819,1677184,143168,323520,0,3264,20480,556224,142080,488448,447552,1229632,8704,1344,550656,150848,1984,3072,316160,133568,1088,128,128,46016,0,507,1192,1168736719,66754215,1209152,0
1820,1677184,144128,323200,0,3200,20096,553728,141504,491328,450496,1226688,8448,1408,547968,150848,1664,3264,313984,132800,1088,64,128,46144,0,495,1172,112910006,1518060458,1206592,0
1821,1677440,143552,326272,0,3136,19968,565504,136896,482112,441088,1236352,8512,1408,559680,161088,1984,3072,324416,133248,1024,64,128,41280,0,488,1173,1894661918,2489096244,1216384,0
1822,1677568,143552,322944,0,3200,19968,496192,131200,560512,519424,1158144,8640,1344,490368,96448,1792,3264,256704,133568,1216,128,192,34688,0,483,1159,447718995,3461111071,1138176,0
1823,1677248,144128,324352,0,3328,20416,498240,131008,555776,514752,1162496,8768,1280,492352,96576,2176,3136,260160,133504,1152,128,192,34240,0,485,1164,710632575,3624222457,1142080,0
1824,1677312,158784,322240,0,3200,20352,499008,117568,556160,515328,1161984,8640,1280,493184,97536,1536,3136,261760,132864,1152,128,192,21568,0,483,1167,4000924744,2609176405,1141632,0
1825,1677440,136832,324480,0,115840,42304,505728,117696,434560,393024,1284416,9216,1408,499712,93504,1920,3264,259264,133120,1280,128,192,21888,0,479,1159,1697992397,1950045694,1242112,0
1826,1677248,137280,323584,0,4544,20416,495872,115904,579648,538432,1138816,8704,1344,489984,99968,1792,3264,260544,133760,1088,64,128,21504,0,480,1158,1736568500,3909595213,1118400,0
1827,1677504,173376,321600,0,3200,20032,785600,115264,258432,217024,1460480,8960,1344,779904,60352,2112,3200,545408,137664,1152,64,192,21760,0,483,1151,2882070394,3384035646,1440448,0
1828,1677248,158528,324800,0,3200,20544,777216,116480,276480,235520,1441728,8768,1408,771648,61312,1728,3328,517376,136384,1216,128,128,21184,0,478,1151,3900099999,1785300820,1421184,0
1829,2237440,219008,330368,0,3392,42432,1227072,127680,287488,246272,1991168,333376,1344,1221376,100800,1728,236480,391872,160128,896,128,128,31616,0,497,1167,1507310146,285716593,1948736,0
1830,1677312,162304,329408,0,3328,43200,443456,132096,563520,522432,1154880,13952,1408,437632,60736,1664,3008,149120,148032,1152,128,128,35520,0,502,1182,2290868502,348886334,1111680,0
1831,1677248,143232,327872,0,5440,42944,434496,130816,592448,551680,1125568,13760,1408,428480,60160,1728,3072,160064,148160,1152,128,192,34688,0,498,1168,2587354055,1817062898,1082624,0
1832,1117248,143296,331392,0,4544,20416,415936,133440,68224,26944,1090304,13056,1280,410112,60736,1664,3200,144768,147584,1280,64,128,38208,0,505,1182,565149006,1861471576,1069888,0
1833,1677376,193920,331328,0,3264,20672,745984,134400,247808,206016,1471360,13632,1344,740032,60544,1728,3008,461440,160960,1152,64,128,38720,0,500,1186,283000479,2342018729,1450688,0
1834,1677248,150080,332736,0,3200,20672,509888,133760,526912,485824,1191424,13440,1408,503936,61568,1728,3072,219264,165312,1216,128,128,37696,0,492,1173,1405093273,3741414065,1170752,0
1835,1677184,137280,322176,0,3264,20800,468800,133312,591552,550720,1126464,11456,1408,462976,60096,1856,3008,205824,153792,1280,64,128,37888,0,497,1180,3472877680,3772179009,1105664,0
1836,1677632,135616,323520,0,3136,41600,504896,131008,537856,496704,1180928,9024,1344,499072,97408,1984,3008,253312,145920,1024,128,128,34560,0,499,1167,872226254,304145827,1139328,0
1837,1677120,136192,323136,0,3264,20544,511872,130240,551872,511232,1165888,8768,1408,505984,99712,1856,3072,259648,147776,1216,64,128,34624,0,493,1158,3925019770,614193758,1145344,0
1838,1677184,136832,323072,0,3328,20288,498304,115584,579776,538944,1138240,8960,1408,492672,100608,1728,3008,247168,145856,1280,128,128,21376,0,484,1154,1015091601,1453092066,1117952,0
1839,1677504,142016,327872,0,3136,20736,568000,118208,497536,456384,1221120,8448,1408,562176,140736,1856,3072,291904,146880,1152,128,192,21760,0,473,1140,3132960836,698407113,1200384,0
1840,1677568,136704,330048,0,123840,20416,531200,117760,417600,375616,1301952,8512,1472,525376,99648,1984,3200,262208,144832,1280,128,128,21888,0,467,1133,3236452715,3328173356,1281536,0
1841,1677312,136768,331840,0,3264,20416,511808,116672,556544,515712,1161600,8832,1280,506048,99904,1920,3136,251328,146496,1024,64,128,21632,0,485,1152,53069478,1603445234,1141184,0
1842,1677440,136256,327744,0,4288,20416,514816,117248,556672,515328,1162112,8576,1280,509184,99264,1728,3264,252992,145984,1152,64,128,22016,0,493,1160,3924403116,421951013,1141696,0
1843,1677312,135744,327296,0,5568,20032,523968,116992,547712,506112,1171200,8960,1408,518144,98816,1792,3008,265280,145088,1216,64,128,21760,0,491,1159,1552701076,3689192897,1151168,0
1844,1677312,175680,330048,0,4544,20480,692800,118272,335488,294208,1383104,8512,1216,687104,105216,1920,3136,428992,149696,1216,128,128,21888,0,498,1189,3219463388,2382645452,1362624,0
1845,1677248,136448,330944,0,3200,20288,508608,117632,560128,518976,1158272,8832,1344,502848,101312,1664,3392,252992,146176,1344,64,128,21632,0,503,1197,1032390517,3715348892,1137984,0
1846,1677376,162240,322112,0,4352,64448,609664,118784,395776,353984,1323392,8832,1280,603904,62400,1856,3200,225472,154944,1280,128,128,21888,0,506,1203,2882101650,1194031454,1258944,0
1847,1116928,135488,323584,0,3328,20416,469824,117568,46720,6208,1110720,8832,1344,464192,63680,1728,3328,209280,155328,1088,64,128,22336,0,507,1202,1565030928,3430388936,1090304,0
1848,1677376,160704,324480,0,3264,20352,721984,199040,247552,206528,1470848,8768,1280,716096,63232,2048,3136,192064,424384,1216,192,66880,34624,0,513,1241,3347071429,2217838727,1450496,0
1849,1677248,136256,326464,0,3200,20416,496384,206976,487552,446336,1230912,9344,1472,490560,63936,1856,3136,221376,146944,1024,256,67072,40960,0,513,1253,1354884267,2316786657,1210496,0
1850,1677312,175296,324160,0,3264,20416,693248,206272,254656,213952,1463360,9024,1408,687616,64640,1984,3136,420224,147392,1216,256,67584,40704,0,515,1244,175565674,3753455689,1442944,0
1851,1677376,137152,325632,0,3264,20544,492736,206400,491648,450560,1226816,9280,1472,486976,64832,1920,3072,217344,149632,1024,320,67584,40064,0,507,1246,648429311,1193364618,1206272,0
1852,1677184,137344,322944,0,3264,20032,556160,207808,429632,388608,1288576,9280,1344,550400,108928,1920,3200,280832,148352,1088,192,67328,40960,0,505,1236,3680386664,3856259370,1268544,0
1853,1677248,214784,325056,0,3264,20608,813120,206592,93824,52928,1624320,8896,1472,807424,92416,1984,3136,369088,318784,1088,192,67264,40576,0,520,1254,951762940,1054081375,1603712,0
1854,2237440,195968,330816,0,3264,20416,1057600,146944,482432,441280,1796160,8768,1408,1051776,72448,1856,3136,755328,175104,1216,128,128,51392,0,509,1196,1715605737,430855827,1775744,0
1855,2237440,136448,324480,0,163200,20288,1091648,159872,341504,300416,1937024,98304,1472,1085568,106048,1856,3328,546816,190528,1152,128,192,63552,0,510,1227,1798667731,178701859,1916736,0
1856,1677632,136320,323584,0,6080,42240,762304,157376,249728,208128,1469504,171264,1472,756480,141824,1920,3328,302592,178624,1280,64,128,59968,0,517,1244,3063235845,4208304221,1427264,0
1858,1676992,137216,323776,0,6080,20288,811200,155584,222848,181696,1495296,206400,1408,805312,142400,1856,3200,306752,188224,1088,64,128,59584,0,527,1264,546770358,3917865093,1475008,0
1859,1677376,136832,321408,0,5760,20352,804288,156160,232576,191296,1486080,206912,1280,798528,142336,1984,3072,312320,174912,1088,64,192,59584,0,523,1266,2161308197,3630863867,1465728,0
1860,1677376,135872,322624,0,7040,20480,797440,155648,238272,196992,1480384,207680,1344,791744,141888,2048,3200,300736,179776,1088,128,128,59264,0,516,1255,460027757,3063470781,1459904,0
1861,1677248,134400,324160,0,5824,20288,847040,165632,179904,138880,1538368,208576,1408,841152,185408,1792,3328,345536,182848,1216,128,192,69184,0,514,1240,2751268564,1104319910,1518080,0
1862,2797632,156544,324160,0,4544,20480,1467136,292736,532032,490752,2306880,207552,1344,1461248,170944,1856,3072,952640,195392,1152,50560,67328,73472,0,534,1291,1126345905,972951757,2286400,0
1863,1677312,137152,324160,0,4608,20480,646528,284992,259392,217984,1459328,10112,1344,640640,194048,1984,3328,347840,162368,1088,50944,67520,65216,0,548,1310,2669885069,3885383516,1438848,0
1864,1677376,136896,322944,0,5696,20928,646400,269248,275264,233728,1443648,9920,1280,640704,193536,1792,3008,350080,159936,1216,50816,68160,48384,0,548,1314,3135632140,3423481553,1422720,0
1865,1677632,137792,324800,0,4736,19968,638336,255744,296256,254464,1423168,9600,1408,632320,184320,1920,3456,353280,158592,1152,51008,67904,35776,0,537,1281,2509527647,424612855,1403200,0
1866,2237568,744896,322944,0,3328,42304,574336,303488,246272,204096,2033472,9408,1408,568448,99648,2048,3136,266560,181440,1216,51392,131008,22976,0,586,1412,1963597103,3682648403,1991168,0
1867,1677120,172864,324416,0,3328,20416,539072,303680,313344,271360,1405760,9728,1344,533312,99968,1920,3264,250368,158208,1280,51456,130240,23168,0,584,1440,1095723998,386778016,1385344,0
1868,1677184,172672,326336,0,3328,20608,559616,238528,356096,314624,1362560,9472,1344,553984,102400,1792,3264,268224,158400,1280,51456,68032,23360,0,583,1450,919737302,2312287799,1341952,0
1869,1677312,173312,324416,0,137856,20160,528192,239552,253824,211776,1465536,9600,1472,522240,100160,1792,3008,251904,156608,1088,51776,67648,23488,0,595,1473,3370939124,3002667391,1445376,0
1870,2237632,209600,325184,0,3264,24704,899072,304960,470848,428992,1808640,9664,1344,893120,102976,1984,3072,433472,345024,1152,51328,129792,23168,0,608,1498,3236989905,2802043563,1783936,0
1871,2237376,236544,324160,0,3200,24512,1022080,305408,321472,279424,1957952,9664,1408,1016384,60544,1664,3200,738368,153600,1024,51264,130368,23104,0,615,1509,3632988566,145733565,1933440,0
1872,1677376,176832,322688,0,4544,24256,636544,240832,271680,229888,1447488,11392,1280,630848,47872,1984,3072,337856,165248,1088,51328,67840,22976,0,571,1416,201774244,3283473773,1423232,0
1873,2237440,192576,325440,0,3328,24704,834432,306240,550720,508864,1728576,14528,1408,828736,61248,1856,3136,511040,193408,1088,51904,130240,23488,0,611,1532,3837691251,1227841797,1703872,0
1874,1677312,191104,326144,0,3200,24512,603968,368832,159552,117504,1559808,14720,1408,598208,101248,1728,3264,276096,193024,1024,51968,192704,23040,0,635,1540,8549525,3456501226,1535296,0
1875,2237632,188672,325120,0,3456,46400,1030784,388672,254528,212672,2024960,15744,1408,1025024,152832,1792,3392,689024,190208,1280,51904,193152,39296,0,637,1550,1192430073,2823119648,1978560,0
1876,1677184,172288,323584,0,3456,24256,556672,332864,264064,222592,1454592,16064,1344,550848,60736,2048,3072,209216,190912,1088,52160,130560,49472,0,623,1502,1733212897,737649204,1430336,0
1877,1677248,171840,325120,0,3520,46976,679360,335552,114880,73216,1604032,16448,1344,673664,60160,1920,3136,209472,183232,1216,51584,131136,50368,0,632,1512,4292573351,2735873940,1557056,0
1878,2237632,196800,328192,0,5696,23872,1006080,397248,279744,237952,1999680,16320,1344,1000448,61504,1856,3136,539648,323968,1088,52160,193408,49344,0,665,1587,2415532134,772688833,1975808,0
1879,1677376,189504,323968,0,4864,24768,729152,332864,72256,30464,1646912,16064,1408,723328,82688,1856,3072,396160,184768,1088,51584,130944,49472,0,664,1567,2950591968,3230362481,1622144,0
1880,1677312,172096,322304,0,3584,24640,644608,276352,233728,192192,1485120,16000,1280,638784,156160,1984,3392,303168,193088,1024,51520,67584,57600,0,631,1487,757384506,3999322352,1460480,0
1881,1677184,172416,324032,0,3520,24448,573056,277568,302144,260544,1416640,16320,1344,567168,102528,1984,3008,256960,181632,1280,51776,67840,57856,0,640,1505,446832691,1392151430,1392192,0
1882,1677504,173056,325696,0,144704,24256,605952,341312,62528,20160,1657344,16064,1408,600320,110592,1984,3008,269056,202816,1152,51584,129920,58368,0,675,1586,1147358774,621315591,1633088,0
1883,2237312,197248,322880,0,5056,24704,846336,342848,498240,456000,1781312,91392,1408,840576,100032,1856,3136,441152,186112,960,52160,131200,58368,0,653,1546,1606302207,731906939,1756608,0
1884,1677312,170048,323264,0,3648,24512,794880,282624,78336,36288,1641024,169728,1344,789184,138752,2048,3328,293440,198016,1088,51520,67584,65152,0,634,1507,903040231,2589201972,1616512,0
1885,1677184,170624,324800,0,3456,46080,803776,282496,45952,4096,1673088,168896,1408,798080,184128,2048,3392,327808,187008,1088,51584,67328,65280,0,633,1502,1597405595,186426209,1627008,0
1886,2237504,171200,323648,0,5760,24128,841216,347776,523776,482112,1755392,169024,1280,835392,184000,1856,3456,341312,210560,1088,51712,129792,65088,0,655,1550,2935162292,3937503215,1731264,0
1887,2237504,170752,325760,0,6592,24384,839808,348160,522048,479808,1757696,168000,1408,833920,182464,1856,3392,354048,187840,1216,51392,129792,65024,0,669,1578,2354805405,1926177420,1733312,0
1888,2237312,172096,322880,0,4864,23936,819584,291776,602176,559872,1677440,168704,1408,813824,179072,1856,3328,321088,194624,1344,51904,67648,73600,0,648,1523,2457869633,1057283892,1653504,0
1889,1677248,171072,327488,0,3456,24320,803712,286400,60800,19200,1658048,168384,1408,798080,180480,1856,3328,324800,188928,1152,51136,67712,69312,0,635,1502,1368669728,3505065579,1633728,0
1890,2237632,196736,325824,0,5568,23744,894656,351616,439488,397824,1839808,19328,1472,888640,182016,1856,3072,348160,405760,1280,51136,129856,69440,0,653,1557,2590462570,3917795766,1816064,0
1891,1677248,171840,324224,0,4800,24384,680256,346048,125696,83904,1593344,19136,1472,674432,182656,1792,3136,345472,186944,1088,51328,130560,63296,0,657,1552,3126464345,3443767621,1568960,0
1892,2237568,196928,323328,0,3456,24512,813504,289728,586112,544320,1693248,18944,1280,807872,137984,1856,3136,465664,193408,1152,51712,67584,73024,0,642,1515,3971263883,3241368264,1668736,0
1893,1677184,171520,322752,0,5568,25152,647040,289344,215808,174016,1503168,92800,1280,641088,98304,1920,3200,245376,187136,1088,51072,67264,72576,0,619,1472,322863084,3010044843,1478016,0
1894,2237376,170880,324480,0,6528,46464,828288,358528,502208,460096,1777280,235328,1280,822464,101760,1792,3200,263232,208320,1088,52288,134144,70592,0,657,1573,174069860,3970332205,1730816,0
1895,2237504,189952,324672,0,115712,24448,758656,347584,476480,434240,1803264,168384,1408,752512,102976,1856,3264,272576,187520,1088,51520,130432,65024,0,656,1571,779947039,2775351531,1778816,0
1896,1677120,185024,322240,0,3328,24256,751040,293440,97792,56256,1620864,170752,1472,744960,101568,1920,3392,257600,190144,1024,51136,68224,75264,0,634,1525,3852551765,3267520174,1596608,0
1897,2237312,183616,324224,0,3328,24640,841344,291392,568768,526976,1710336,237952,1344,835456,146688,1984,3072,298240,185536,1088,51584,67968,72640,0,626,1487,2794882857,3454345323,1685696,0
1898,2237440,195136,323328,0,5632,23872,1218880,336576,134016,92352,2145088,331968,1408,1213056,100160,1984,3456,554368,212480,960,51648,129216,55040,0,638,1531,2729429741,3316160990,2121216,0
1899,2237824,170304,325440,0,4608,24320,931776,334272,447104,404992,1832832,355584,1408,925888,102528,1984,3264,262016,187456,1152,51520,130304,51136,0,651,1545,423396694,185045486,1808512,0
1900,2237312,169920,321728,0,3328,23872,919040,266880,532544,490880,1746432,300864,1408,913280,155392,1792,3328,302272,187648,1152,51200,67840,49600,0,634,1495,3198631713,3850913920,1722560,0
1901,2237440,198080,323520,0,3264,24320,851136,267840,569280,527552,1709888,336960,1344,845376,64512,2240,3392,211008,187712,1152,51520,67648,49984,0,634,1509,1276768256,694834442,1685568,0
1902,2237760,187648,326528,0,5632,46208,1112832,333056,225856,183424,2054336,289024,1408,1106880,64704,1856,3456,222528,485440,1152,51200,129792,50304,0,618,1511,670735449,3136056335,2008128,0
1903,1676992,171072,324864,0,4160,24384,741056,332864,78592,36736,1640256,206528,1408,735360,64256,1920,3072,229760,176512,1280,51776,130240,50176,0,639,1532,3239045906,3862768958,1615872,0
1904,1677248,172928,323840,0,3200,24448,745920,265216,141696,99648,1577600,226368,1408,740224,64704,1920,3264,212736,178560,1152,51904,67776,48256,0,630,1486,1815386383,3684671262,1553152,0
1905,1677376,172032,323904,0,3136,5824,705728,256256,210496,168384,1508992,192960,1408,699840,65024,1920,3072,214016,183936,1216,51584,67328,50048,0,626,1502,2107589640,2286342530,1503168,0
1906,1675776,170944,325440,0,4288,5632,798848,316864,53760,14336,1661440,189440,1472,793152,106624,1728,3072,276096,217088,1152,51648,129856,45888,0,630,1523,1880764693,108763517,1655808,0
1907,2237248,173568,331520,0,139008,28096,776128,314176,474752,434560,1802688,96384,1472,770112,69952,1728,3392,224576,194304,1088,51200,130752,40128,0,634,1527,2719603000,2794368308,1774592,0
1908,1677248,172928,329216,0,3264,5632,556416,244928,364864,324864,1352384,9856,1408,550720,72512,1856,3072,225472,184768,1216,51776,67840,39616,0,639,1520,3936749932,1675752395,1346752,0
1909,1677376,232512,331520,0,3328,5568,661120,245824,197504,157440,1519936,9344,1408,655424,73984,1792,3136,332288,193664,1152,51584,67072,39936,0,627,1510,3902142794,3018449724,1514368,0
1910,2237440,270144,328000,0,3200,5632,948608,313728,368128,328448,1908992,9728,1344,942720,76032,2048,3264,598720,213440,1344,52480,130560,39936,0,632,1539,1695675318,4077129802,1903360,0
1911,1677376,172800,330944,0,3200,5632,588224,312704,263872,224000,1453376,9536,1344,582464,103168,1856,3200,255232,189568,1216,51520,130752,40704,0,626,1527,3742351197,3210920143,1447744,0
1912,2237760,306112,328320,0,3392,26944,1180928,268416,123648,83392,2154368,9472,1408,1175104,75968,1856,3200,232512,802112,1024,52096,67904,60864,0,611,1492,3145897116,2514109733,2127424,0
1913,1677120,193216,332032,0,3520,5632,483648,255872,403200,363328,1313792,9152,1344,477696,60352,1664,23744,212928,120000,1216,51776,67264,48768,0,613,1476,363739823,685420652,1308160,0
1914,2237440,300352,323712,0,3712,5440,1178816,343552,81856,42048,2195392,155392,1408,1172992,62528,1984,27648,699584,183168,1152,52288,131136,71232,0,629,1536,249919309,496079325,2189952,0
1915,1677376,231168,323328,0,5760,5632,525120,329856,256512,216384,1460992,15552,1408,519232,63040,1856,28160,211648,147648,1088,51456,131008,56832,0,629,1538,1886818095,3913202555,1455360,0
1916,2237504,247424,322752,0,3648,5824,1040832,257152,359872,319808,1917696,11776,1280,1034880,64320,2688,36800,721536,143936,1088,51904,67904,49600,0,620,1489,2301092860,578926594,1911872,0
1917,1677824,220032,326912,0,6912,5760,499392,247296,371520,330944,1346880,8448,1344,493376,64000,3584,17024,217984,119488,1088,51392,67520,40512,0,622,1487,626295294,2347631669,1341120,0
1918,1676992,191424,331456,0,7744,5440,552448,312256,276224,236032,1440960,8704,1344,546688,106432,3776,3200,276032,140992,1152,51648,130304,41088,0,632,1534,3640493634,2093609518,1435520,0
1919,1677056,209536,329344,0,3328,5696,664320,312448,152384,112896,1564160,9024,1408,658688,63616,78912,24000,293760,127552,1216,51648,130944,41152,0,632,1544,825451238,3717240096,1558464,0
1920,3358208,283456,331200,0,163136,28032,1745792,436800,369792,329408,3028800,394368,1408,1739904,63488,3520,810688,240768,157568,1088,51392,238912,56896,0,604,1472,1939374115,39522763,3000768,0
1921,1677248,239808,330368,0,5952,49472,440128,437888,173632,133568,1543680,14400,1536,434176,63680,1920,3072,147456,137408,1088,51648,239552,56448,0,603,1471,4279953124,2524646520,1494208,0
1922,1677248,229568,331648,0,5056,28096,474624,525696,82560,42112,1635136,14400,1408,468800,63808,1792,3072,158720,160448,1216,51904,334144,47168,0,616,1513,197270871,2300673052,1607040,0
1923,1677504,228992,331584,0,3584,27840,446144,528832,110528,70464,1607040,14784,1344,440448,63936,1792,3072,143616,139328,1280,51968,336000,47488,0,617,1508,3178117100,814394348,1579200,0
1924,1677056,253952,324480,0,3584,5568,462784,332992,293696,253824,1423232,14528,1344,457024,94144,1664,3072,175296,137920,1280,51968,151616,40320,0,602,1464,3138947974,1750164008,1417664,0
1925,1677248,243264,324480,0,3584,5760,498048,459968,142144,101888,1575360,14592,1344,492096,63232,1856,15616,192512,156224,1216,51712,272128,46016,0,612,1476,1021620008,437646538,1569600,0
1926,2237568,239168,324608,0,3776,5888,556096,522304,585728,545408,1692160,9536,1408,550464,63232,2048,38272,225280,163072,1344,51776,335488,43840,0,644,1554,1856541456,1406904223,1686272,0
1927,1677184,234112,327744,0,3584,5504,507264,526848,72128,32704,1644480,9664,1280,501568,70912,1856,3264,222272,141184,1280,51712,335552,48256,0,643,1542,1362918779,1487862166,1638976,0
1928,1677440,191360,323520,0,3456,5760,479360,434944,239040,199232,1478208,9728,1408,473408,36608,1792,3136,187776,144832,1344,51968,246656,46144,0,628,1491,4005079907,4054058120,1472448,0
1929,1678976,191552,326080,0,3584,11712,429440,254784,461824,420032,1258944,9600,1344,423616,16256,1984,3328,158208,140160,1024,52032,67264,44800,0,610,1468,960083841,924850808,1247232,0
1930,1677440,192064,324416,0,3584,12096,517056,323456,304768,262784,1414656,9024,1408,511296,61632,1856,3392,228672,164480,1088,51200,129856,48768,0,613,1501,3929778819,3100053715,1402560,0
1931,1677312,192448,325376,0,3584,33344,444800,326144,351616,309632,1367680,9280,1344,439040,15680,1856,3136,165504,145792,1152,51904,131072,50752,0,621,1521,3454283379,3440876905,1334336,0
1932,1677312,215680,321536,0,3584,5504,761664,213248,156096,114624,1562688,9152,1408,755776,15744,1856,3072,486848,141248,1216,128,67328,58624,0,605,1511,3414956202,2617196411,1557184,0
1933,1675712,195392,329728,0,3648,5312,418240,213056,510336,471104,1204608,9280,1408,412480,16576,1984,3136,170816,126720,1280,128,67200,59776,0,605,1511,3175201650,3729558752,1199296,0
1934,1677440,207936,323392,0,118336,5504,442496,207424,372352,332480,1344960,9472,1216,436608,39168,1856,3008,198144,123392,1216,128,67328,54016,0,588,1508,2284647771,2384011552,1339456,0
1935,1677248,209984,324928,0,4928,5632,476096,196736,458944,419392,1257856,8768,1280,470336,79040,1984,3008,231488,124352,1216,128,67072,44800,0,575,1491,2610297641,2617120437,1252224,0
1936,1678912,167168,323392,0,3456,20096,481856,144768,538176,497280,1181632,9088,1344,476032,77248,1792,3200,238080,122368,1152,64,192,48000,0,517,1310,2141984075,2567742784,1161536,0
1937,2237440,199872,325888,0,3968,43200,1016960,171200,476352,435328,1802112,9216,1280,1011136,76672,1792,3200,537856,126528,1216,128,128,56448,0,529,1338,432370987,4048406965,1758912,0
1938,1677376,187136,323648,0,3904,20032,724864,166848,250944,209920,1467456,8960,1344,719040,83520,1792,3136,483968,127168,1152,128,128,53568,0,528,1341,4258200240,2078712811,1447424,0
1939,1677504,203840,323136,0,6144,20288,823296,170432,130368,88960,1588544,8640,1344,817600,77056,1856,3264,583424,126848,1152,128,128,57344,0,528,1336,1235534854,2718157318,1568256,0
1940,1677184,181184,323456,0,6976,20672,519744,165440,459712,418432,1258752,9088,1344,513792,76480,1792,2944,277952,128384,1344,128,128,52224,0,509,1313,735249461,150782664,1238080,0
1941,1677056,182720,323776,0,5184,22144,480000,147264,515968,475200,1201856,8832,1408,474112,77248,1920,3136,241536,124544,1216,128,192,51136,0,511,1305,141734379,1493314791,1179712,0
1942,1677504,180160,324736,0,3648,20160,473472,148544,526784,485248,1192256,8768,1280,467776,76608,1856,3072,236864,123200,1216,128,128,51776,0,512,1300,2083726051,2810551016,1172096,0
1943,1677312,181248,324288,0,5952,20736,493760,162880,488448,447744,1229568,8064,1344,487936,76096,2048,3072,258304,122880,1152,128,128,65088,0,528,1330,1823516291,2893628263,1208832,0
1944,2237312,203264,321408,0,5120,20160,957632,158464,571264,529792,1707520,8768,1408,951680,77440,1984,3200,719680,124224,1152,64,128,60608,0,522,1308,174484275,4244097073,1687360,0
1945,1677248,160064,323904,0,6336,20480,429632,154432,582400,541696,1135552,8896,1280,423872,36928,1728,3136,193664,122496,1088,64,128,57472,0,523,1308,895133748,3293190176,1115072,0
1946,1117440,147264,326080,0,6656,20096,417600,152256,47488,6080,1111360,8832,1344,411776,30976,1920,3200,182016,122816,1216,64,192,56192,0,525,1311,2529562663,1382182230,1091264,0
1947,1677312,160960,324224,0,3264,20352,420032,151168,597312,555712,1121600,8896,1408,414272,31104,1920,3072,182784,123264,1024,64,128,55360,0,523,1301,1016166301,2093874919,1101248,0
1948,1677120,160960,322944,0,121088,21120,453248,165184,432576,388160,1288960,8832,1472,447232,30976,1856,3008,215424,122304,1152,128,128,69184,0,528,1315,1057749627,2686232935,1267840,0
1949,1116928,147584,323008,0,5504,20160,414784,163776,42112,1472,1115456,8832,1408,409088,30784,1792,2944,179328,120512,1088,64,192,66560,0,530,1311,3953169949,1932266531,1095296,0
1950,1677504,168192,324928,0,4672,20608,746048,156800,256256,215360,1462144,8384,1408,740096,73344,1920,3072,504512,125952,1216,192,128,61056,0,520,1294,249736690,2005177231,1441536,0
1951,1677504,147136,327360,0,3264,20224,464320,158848,556352,515392,1162112,9088,1344,458752,66560,1920,3136,225664,122752,1280,128,192,60992,0,519,1293,562437587,3401140708,1141888,0
1952,1677248,160704,321920,0,3456,42368,474432,157376,516992,475648,1201600,8768,1344,468928,66624,1984,2944,225600,123264,1280,128,128,60544,0,526,1304,1380489649,1434371868,1159232,0
1952,1677248,161792,324352,0,3264,20928,475776,166720,524416,483264,1193984,9088,1344,470016,54976,1792,2944,237632,122304,1344,128,128,70848,0,518,1297,148933669,1981964003,1173056,0
1953,1677248,252672,325184,0,3264,20672,679552,163200,232704,191360,1485888,8576,1344,673792,54080,1856,3008,440256,121728,1152,128,128,65728,0,528,1298,1993358425,1029586856,1465216,0
1954,1677504,187712,325440,0,3392,20544,669952,158080,312384,271168,1406336,8832,1472,664192,53696,1792,3136,428352,125504,1280,128,128,61952,0,532,1319,1399374304,901564913,1385792,0
1955,1677376,172288,324416,0,3392,20672,597120,154944,404544,363456,1313920,8448,1344,591232,64896,1792,3072,354048,126400,1216,128,128,58560,0,519,1284,751522963,3099252347,1293248,0
1956,2237312,146880,323072,0,4736,43776,1233600,271168,214080,173248,2064064,7552,1344,1227904,62848,1728,3136,215680,874176,1152,64,82944,94208,0,525,1294,915702850,1286471554,2020288,0
1957,1677248,147904,324096,0,6080,43584,469248,286272,400064,358784,1318464,8128,1472,463424,80704,1792,3264,245504,77504,1216,128,83008,109888,0,543,1347,1009662222,2658097545,1274880,0
1958,1677312,147328,323648,0,5120,43712,557888,311040,288576,247168,1430144,7936,1344,552064,97088,1472,3392,250304,77824,1216,128,81664,136064,0,559,1406,1129365229,2889264369,1386432,0
1959,1677184,148416,322944,0,3712,44096,485248,339648,333120,292416,1384768,7744,1408,479680,96896,1664,3392,252928,78208,960,128,82368,163776,0,549,1404,2846295017,3019099536,1340672,0
1960,1677248,148288,321664,0,3648,43584,504384,324800,330880,289472,1387776,7680,1408,498816,97792,1856,3136,251584,89088,1280,128,83520,148032,0,541,1378,561017397,194491715,1344192,0
1961,1677568,148416,326336,0,3712,65728,490176,317120,326080,284608,1392960,7488,1408,484416,95872,1920,3136,248448,77632,1152,64,84224,141056,0,545,1390,3197146233,622077683,1327232,0
1962,1677120,148672,324032,0,142720,44096,492416,338240,186944,145920,1531200,7488,1280,486656,97280,1600,3648,246784,78144,1216,64,83456,163392,0,555,1413,2041330009,1472292443,1487104,0
1963,1677312,147968,322496,0,6656,43840,511808,362496,282048,240960,1436352,7552,1536,505856,97088,1792,3520,275008,76800,960,192,82816,187456,0,558,1415,3599347481,169570009,1392512,0
1964,1677312,170048,323712,0,3392,43520,673280,360704,102656,61056,1616256,7744,1408,667520,104512,1728,3264,426368,78720,1024,128,82432,185472,0,564,1428,417888993,1711568585,1572736,0
1965,1677184,160512,323520,0,3456,43584,489216,362432,294464,253248,1423936,7744,1472,483392,103872,1664,3392,259904,78144,1152,64,83264,185664,0,557,1424,3109459433,608483502,1380352,0
1966,1677312,161280,322880,0,3520,44160,628352,357824,159296,117952,1559360,7488,1472,622528,103552,1792,3328,257792,78720,1088,128,84096,177664,0,547,1389,2640248087,1141314032,1515200,0
1967,1677312,148032,321152,0,3456,43712,506112,361920,292928,251648,1425664,7360,1344,500352,104256,1664,3456,260544,77632,1152,128,84224,185152,0,548,1397,1773066833,2771710445,1381952,0
1968,1677312,162176,322048,0,5760,43520,490048,364032,289728,248448,1428864,7936,1408,484096,104448,1856,3328,256896,78080,1088,64,83264,188160,0,543,1359,3146045601,2574857647,1385344,0
1969,1677504,163072,322944,0,3456,43840,656448,351936,135808,94272,1583232,7680,1280,650816,105600,1728,3136,392000,96128,960,128,83072,175936,0,543,1372,1768531876,2993669922,1539392,0
1970,1677120,148480,326400,0,3520,43584,484416,350208,320512,279552,1397568,7424,1280,478592,103552,1664,3264,254464,78080,1088,64,84096,173568,0,538,1365,4077960483,715759192,1353984,0
1971,1677632,161984,323392,0,3456,65152,499776,332096,291776,250432,1427200,7168,1408,493760,104384,1856,3392,269440,78656,1216,128,82880,156160,0,527,1334,1642836877,1440914699,1362048,0
1972,1676992,161792,326848,0,3392,43584,475200,329984,336192,294976,1382016,7552,1472,469312,104320,1792,3328,254848,77888,1152,128,83456,153728,0,527,1331,1495957423,3101378576,1338432,0
1973,2797888,720960,323392,0,3456,43840,860480,294208,551552,510080,2287808,7680,1408,854464,105216,1792,3200,629952,87680,1216,128,74624,125824,0,519,1310,3984345300,2704420740,2243968,0
