frame,ALL,FTR,STG,BG,AUD,HUD,SRC,MISC,OTHR,WAIT,WORK,SHDT,SWRM,GCRA,SCPU,SCAT,SPRM,SINT,SPHD,SPHC,MWPN,MITM,MEFX,MACT,MPRT,MTEX,MCAP,MPRO,MCAM,MFLS,GPOL,GVTX,DGSA,DGSB,WORK-H,WRAPFIX
2,4642560,0,0,0,9856,689472,227392,3338368,377472,326464,4309824,0,2432,215552,0,0,0,0,0,0,0,0,0,0,0,648256,0,0,3338176,192,191,573,2703320287,2703320287,3620352,0
3,1115584,0,0,0,17024,8448,147904,187136,755072,734144,377984,0,1152,143040,0,0,0,0,0,0,0,0,0,0,0,0,0,0,186944,192,191,573,2703320287,2703320287,369536,0
4,1116992,0,0,0,3712,8384,148160,186560,770176,749952,363648,0,1088,143296,0,0,0,0,0,0,0,0,0,0,0,0,0,0,186368,192,191,573,2703320287,2703320287,355264,0
5,1116800,0,0,0,4480,8448,147264,187264,769344,749184,364224,0,1088,142464,0,0,0,0,0,0,0,0,0,0,0,0,0,0,187136,128,191,573,2703320287,2703320287,355776,0
6,1116928,0,0,0,3776,8512,147904,186752,769984,749632,363840,0,1088,143296,0,0,0,0,0,0,0,0,0,0,0,0,0,0,186560,192,191,578,2703320287,2703320287,355328,0
7,1116544,0,0,0,3712,8512,146816,187072,770432,750528,362560,0,1088,141952,0,0,0,0,0,0,0,0,0,0,0,0,0,0,186944,128,191,578,2703320287,2703320287,354048,0
8,1117120,0,0,0,3840,8448,148928,185728,770176,749952,363712,0,1152,143936,0,0,0,0,0,0,0,0,0,0,0,0,0,0,185536,192,191,578,2703320287,2703320287,355264,0
9,1116608,0,0,0,3776,8448,147712,186560,770112,749952,363264,0,1152,142976,0,0,0,0,0,0,0,0,0,0,0,0,0,0,186368,192,191,578,2703320287,2703320287,354816,0
10,1116800,0,0,0,3840,8640,147072,186432,770816,750912,362560,0,1152,142208,0,0,0,0,0,0,0,0,0,0,0,0,0,0,186240,192,191,578,2703320287,2703320287,353920,0
11,1116928,0,0,0,3776,8000,150720,180096,774336,754496,359040,0,1152,145920,0,0,0,0,0,0,0,0,0,0,0,0,0,0,179904,192,191,578,2703320287,2703320287,351040,0
12,1116864,0,0,0,3712,8384,149440,179456,775872,750336,363136,0,1152,144512,0,0,0,0,0,0,0,0,0,0,0,0,0,0,179264,192,191,584,2703320287,2703320287,354752,0
13,1117120,0,0,0,3712,8384,149760,179072,776192,756096,357632,0,1152,145024,0,0,0,0,0,0,0,0,0,0,0,0,0,0,178880,192,191,585,2703320287,2703320287,349248,0
14,1116672,0,0,0,3840,8384,149248,184256,770944,751168,362112,0,1088,144384,0,0,0,0,0,0,0,0,0,0,0,0,0,0,184064,192,189,579,2703320287,2703320287,353728,0
15,1116864,0,0,0,3840,8256,149376,180352,775040,755136,358272,0,1152,144640,0,0,0,0,0,0,0,0,0,0,0,0,0,0,180160,192,187,572,2703320287,2703320287,350016,0
16,1117056,0,0,0,3840,8448,149440,178880,776448,756416,357184,0,1152,144768,0,0,0,0,0,0,0,0,0,0,0,0,0,0,178688,192,187,574,2703320287,2703320287,348736,0
17,1116608,0,0,0,3712,9600,148992,179264,775040,755008,358144,0,1216,144192,0,0,0,0,0,0,0,0,0,0,0,0,0,0,179136,128,187,574,2703320287,2703320287,348544,0
18,1116928,0,0,0,3776,8320,149440,179136,776256,756352,357120,0,1152,144768,0,0,0,0,0,0,0,0,0,0,0,0,0,0,179008,128,187,576,2703320287,2703320287,348800,0
19,1116864,0,0,0,3840,8384,148288,180160,776192,756608,356928,0,1152,143872,0,0,0,0,0,0,0,0,0,0,0,0,0,0,180032,128,187,580,2703320287,2703320287,348544,0
20,1116736,0,0,0,3776,8512,152320,180736,771392,751616,361600,0,1024,147712,0,0,0,0,0,0,0,0,0,0,0,0,0,0,180544,192,186,577,2703320287,2703320287,353088,0
21,1116864,0,0,0,3840,8448,152832,179200,772544,752512,360896,0,1088,148096,0,0,0,0,0,0,0,0,0,0,0,0,0,0,179008,192,180,572,2703320287,2703320287,352448,0
22,1116864,0,0,0,3712,8192,151680,178752,774528,754304,359232,0,1088,146880,0,0,0,0,0,0,0,0,0,0,0,0,0,0,178560,192,178,572,2703320287,2703320287,351040,0
23,1116736,0,0,0,3712,8512,151552,180352,772608,752640,360640,0,1152,146816,0,0,0,0,0,0,0,0,0,0,0,0,0,0,180160,192,178,574,2703320287,2703320287,352128,0
24,1117056,0,0,0,3776,7936,151296,178624,775424,755136,358592,0,1152,146624,0,0,0,0,0,0,0,0,0,0,0,0,0,0,178496,128,178,574,2703320287,2703320287,350656,0
25,1116928,0,0,0,3840,7936,149824,179456,775872,755648,357952,0,1088,145152,0,0,0,0,0,0,0,0,0,0,0,0,0,0,179264,192,177,569,2703320287,2703320287,350016,0
26,1116736,0,0,0,3840,8384,150592,178176,775744,755840,357440,0,1088,145856,0,0,0,0,0,0,0,0,0,0,0,0,0,0,177984,192,175,562,2703320287,2703320287,349056,0
27,1117120,0,0,0,4672,8448,159040,183360,761600,741632,372160,0,1088,154432,0,0,0,0,0,0,0,0,0,0,0,0,0,0,183232,128,173,554,2703320287,2703320287,363712,0
28,1116672,0,0,0,4544,8384,148416,184512,770816,745024,368320,0,1216,143616,0,0,0,0,0,0,0,0,0,0,0,0,0,0,184256,256,173,554,2703320287,2703320287,359936,0
29,1116864,0,0,0,3776,8448,148736,179648,776256,756288,357120,0,1152,144064,0,0,0,0,0,0,0,0,0,0,0,0,0,0,179456,192,173,554,2703320287,2703320287,348672,0
30,1116928,0,0,0,3712,8256,152128,178304,774528,754432,359040,0,1088,147392,0,0,0,0,0,0,0,0,0,0,0,0,0,0,178112,192,173,553,2703320287,2703320287,350784,0
31,1116800,0,0,0,3776,8448,201280,184832,718464,698240,415104,0,1152,196416,0,0,0,0,0,0,0,0,0,0,0,0,0,0,184640,192,173,555,2703320287,2703320287,406656,0
32,1116928,0,0,0,3840,9536,158656,183936,760960,741056,372544,0,1280,153728,0,0,0,0,0,0,0,0,0,0,0,0,0,0,183808,128,173,554,2703320287,2703320287,363008,0
33,1116736,0,0,0,3776,8384,163072,190400,751104,731072,382272,0,1152,158080,0,0,0,0,0,0,0,0,0,0,0,0,0,0,190272,128,173,552,2703320287,2703320287,373888,0
34,1116736,0,0,0,3712,8320,162304,185280,757120,737088,376192,0,1152,157440,0,0,0,0,0,0,0,0,0,0,0,0,0,0,185152,128,173,552,2703320287,2703320287,367872,0
35,1116928,0,0,0,3776,8512,161344,188224,755072,735488,378048,0,1088,156608,0,0,0,0,0,0,0,0,0,0,0,0,0,0,188032,192,173,551,2703320287,2703320287,369536,0
36,1116864,0,0,0,3776,8000,160960,187776,756352,736448,377024,0,1152,156224,0,0,0,0,0,0,0,0,0,0,0,0,0,0,187584,192,172,549,2703320287,2703320287,369024,0
37,1116928,0,0,0,3840,8512,157376,187136,760064,739904,373632,0,1152,152512,0,0,0,0,0,0,0,0,0,0,0,0,0,0,186944,192,172,549,2703320287,2703320287,365120,0
38,1116800,0,0,0,3904,8320,149696,181056,773824,753856,359552,0,1088,145152,0,0,0,0,0,0,0,0,0,0,0,0,0,0,180928,128,172,549,2703320287,2703320287,351232,0
39,1116800,0,0,0,3712,8704,150528,180992,772864,752832,360512,0,1216,145664,0,0,0,0,0,0,0,0,0,0,0,0,0,0,180800,192,172,549,2703320287,2703320287,351808,0
40,1116992,0,0,0,3840,8384,149120,180672,774976,755008,358592,0,1088,144384,0,0,0,0,0,0,0,0,0,0,0,0,0,0,180480,192,172,549,2703320287,2703320287,350208,0
41,1116800,0,0,0,3712,8384,195136,190208,719360,699200,414080,0,1152,190272,0,0,0,0,0,0,0,0,0,0,0,0,0,0,190016,192,172,549,2703320287,3995415629,405696,0
42,1116800,0,0,0,3776,8384,171904,186240,746496,726272,387136,0,1152,166976,0,0,0,0,0,0,0,0,0,0,0,0,0,0,186112,128,172,549,3995415629,3995415629,378752,0
43,1117056,0,0,0,3776,8384,162688,186752,755456,735104,378496,0,1088,158016,0,0,0,0,0,0,0,0,0,0,0,0,0,0,186560,192,172,550,3995415629,3995415629,370112,0
44,1116736,0,0,0,3776,8384,162048,185280,757248,731328,382016,0,1216,157056,0,0,0,0,0,0,0,0,0,0,0,0,0,0,185088,192,171,545,3995415629,3995415629,373632,0
45,1116736,0,0,0,3648,8192,162048,186816,756032,736128,377152,0,1216,157120,0,0,0,0,0,0,0,0,0,0,0,0,0,0,186624,192,171,545,3995415629,3995415629,368960,0
46,1116864,0,0,0,3776,8640,161984,186496,755968,736320,377152,0,1152,157120,0,0,0,0,0,0,0,0,0,0,0,0,0,0,186304,192,171,545,3995415629,3995415629,368512,0
47,1117056,0,0,0,3776,9856,187648,199168,716608,690304,423296,0,1152,182848,0,0,0,0,0,0,0,0,0,0,0,0,0,0,199040,128,189,608,789886632,789886632,413440,0
48,1116736,0,0,0,3840,8640,153216,192320,758720,732032,381376,0,1024,148544,0,0,0,0,0,0,0,0,0,0,0,0,0,0,192192,128,189,608,789886632,789886632,372736,0
49,1116800,0,0,0,3776,8896,154048,193344,756736,730496,382912,0,1216,149248,0,0,0,0,0,0,0,0,0,0,0,0,0,0,193152,192,191,615,789886632,789886632,374016,0
50,1116864,0,0,0,4672,8640,152064,192128,759360,732928,380608,0,1088,147328,0,0,0,0,0,0,0,0,0,0,0,0,0,0,192000,128,191,615,789886632,789886632,371968,0
51,1116864,0,0,0,3840,8512,154304,194048,756160,729664,383936,0,1152,149504,0,0,0,0,0,0,0,0,0,0,0,0,0,0,193920,128,191,615,789886632,789886632,375424,0
52,1116864,0,0,0,3712,8512,154496,193088,757056,731904,381568,0,1088,149824,0,0,0,0,0,0,0,0,0,0,0,0,0,0,192896,192,191,611,789886632,789886632,373056,0
53,1116864,0,0,0,3776,8704,152192,192256,759936,734464,379072,0,1088,147584,0,0,0,0,0,0,0,0,0,0,0,0,0,0,192128,128,191,611,789886632,789886632,370368,0
54,1116864,0,0,0,3776,8768,153856,192768,757696,732352,381184,0,1152,149056,0,0,0,0,0,0,0,0,0,0,0,0,0,0,192576,192,191,610,789886632,789886632,372416,0
55,1116928,0,0,0,3776,8768,153600,197888,752896,727872,385600,0,1152,148864,0,0,0,0,0,0,0,0,0,0,0,0,0,0,197760,128,191,609,789886632,789886632,376832,0
56,1117056,0,0,0,3712,8768,156672,191232,756672,731328,382272,0,1088,151808,0,0,0,0,0,0,0,0,0,0,0,0,0,0,191040,192,191,609,789886632,789886632,373504,0
57,1116864,0,0,0,3776,8704,154048,191488,758848,733184,380288,0,1088,149376,0,0,0,0,0,0,0,0,0,0,0,0,0,0,191296,192,191,609,789886632,789886632,371584,0
58,1116544,0,0,0,3840,8704,155008,190720,758272,733120,380032,0,1152,150272,0,0,0,0,0,0,0,0,0,0,0,0,0,0,190592,128,191,609,789886632,789886632,371328,0
59,1116992,0,0,0,3840,8640,155008,192192,757312,732160,381504,0,1024,150336,0,0,0,0,0,0,0,0,0,0,0,0,0,0,192000,192,191,608,789886632,789886632,372864,0
60,1116544,0,0,0,3712,8640,155840,191424,756928,726208,386880,0,1216,151104,0,0,0,0,0,0,0,0,0,0,0,0,0,0,191296,128,191,608,789886632,789886632,378240,0
61,1116800,0,0,0,3776,8384,158720,192256,753664,728896,384512,0,1152,153984,0,0,0,0,0,0,0,0,0,0,0,0,0,0,192064,192,191,607,789886632,789886632,376128,0
62,1117056,0,0,0,3648,9984,156608,191360,755456,730432,383168,0,1152,151808,0,0,0,0,0,0,0,0,0,0,0,0,0,0,191232,128,191,607,789886632,789886632,373184,0
63,1116800,0,0,0,3840,8192,156928,193152,754688,730240,383232,0,1088,152192,0,0,0,0,0,0,0,0,0,0,0,0,0,0,192960,192,191,607,789886632,789886632,375040,0
64,1116928,0,0,0,3776,8384,155520,191808,757440,731968,381504,0,1216,150784,0,0,0,0,0,0,0,0,0,0,0,0,0,0,191680,128,191,607,789886632,789886632,373120,0
65,1116544,0,0,0,3712,8704,156608,192128,755392,730880,382272,0,1152,151744,0,0,0,0,0,0,0,0,0,0,0,0,0,0,192000,128,191,606,789886632,789886632,373568,0
66,1116672,0,0,0,3776,8896,155072,191360,757568,733312,379968,0,1152,150272,0,0,0,0,0,0,0,0,0,0,0,0,0,0,191168,192,191,606,789886632,789886632,371072,0
67,1117184,0,0,0,3776,8704,155200,192832,756672,732096,381632,0,1152,150400,0,0,0,0,0,0,0,0,0,0,0,0,0,0,192640,192,191,606,789886632,789886632,372928,0
68,1116928,0,0,0,3776,8640,153856,196672,753984,729216,384320,0,1152,149056,0,0,0,0,0,0,0,0,0,0,0,0,0,0,196544,128,191,606,789886632,789886632,375680,0
69,1116416,0,0,0,3776,8960,153216,191872,758592,734528,378432,0,1216,148416,0,0,0,0,0,0,0,0,0,0,0,0,0,0,191744,128,191,606,789886632,789886632,369472,0
70,1116928,0,0,0,3776,8576,155712,191296,757568,732992,380480,0,1152,150912,0,0,0,0,0,0,0,0,0,0,0,0,0,0,191168,128,191,606,789886632,789886632,371904,0
71,1116928,0,0,0,3840,8704,158720,193088,752576,728128,385280,0,1216,153856,0,0,0,0,0,0,0,0,0,0,0,0,0,0,192896,192,191,606,789886632,789886632,376576,0
72,1116736,0,0,0,4608,8768,155776,191232,756352,731840,381504,0,1152,150976,0,0,0,0,0,0,0,0,0,0,0,0,0,0,191104,128,191,606,789886632,789886632,372736,0
73,1116800,0,0,0,3776,8704,155520,192064,756736,732288,381120,0,1088,150784,0,0,0,0,0,0,0,0,0,0,0,0,0,0,191872,192,191,606,789886632,789886632,372416,0
74,1116608,0,0,0,3776,9024,153856,191360,758592,734464,378624,0,1152,148992,0,0,0,0,0,0,0,0,0,0,0,0,0,0,191168,192,191,606,789886632,789886632,369600,0
75,1116992,0,0,0,3776,8832,153856,192320,758208,733632,379840,0,1152,149120,0,0,0,0,0,0,0,0,0,0,0,0,0,0,192128,192,191,606,789886632,789886632,371008,0
76,1116864,0,0,0,3776,8640,182336,195456,726656,696512,416832,0,1088,177536,0,0,0,0,0,0,0,0,0,0,0,0,0,0,195264,192,191,606,789886632,789886632,408192,0
77,1117120,0,0,0,3712,9792,163584,196992,743040,718784,394816,0,1152,158656,0,0,0,0,0,0,0,0,0,0,0,0,0,0,196800,192,191,606,789886632,789886632,385024,0
78,1116736,0,0,0,3840,8640,164736,198272,741248,716800,396480,0,1152,160000,0,0,0,0,0,0,0,0,0,0,0,0,0,0,198144,128,191,606,789886632,789886632,387840,0
79,1117056,0,0,0,3648,8448,165376,198400,741184,716352,397120,0,1216,160512,0,0,0,0,0,0,0,0,0,0,0,0,0,0,198272,128,191,606,789886632,789886632,388672,0
80,1116864,0,0,0,3840,8512,165888,199808,738816,713920,399616,0,1152,160960,0,0,0,0,0,0,0,0,0,0,0,0,0,0,199680,128,191,606,789886632,789886632,391104,0
81,1116672,0,0,0,3840,8512,188928,199360,716032,691712,421568,0,1088,184064,0,0,0,0,0,0,0,0,0,0,0,0,0,0,199232,128,191,606,789886632,789886632,413056,0
82,1116800,0,0,0,3776,8704,161984,203456,738880,714368,399040,0,1152,157248,0,0,0,0,0,0,0,0,0,0,0,0,0,0,203264,192,191,606,789886632,789886632,390336,0
83,1116928,0,0,0,3840,8640,164480,194112,745856,721472,392064,0,1152,159744,0,0,0,0,0,0,0,0,0,0,0,0,0,0,193920,192,191,606,789886632,789886632,383424,0
84,1116864,0,0,0,3776,8448,152768,192896,758976,734400,379136,0,1088,148096,0,0,0,0,0,0,0,0,0,0,0,0,0,0,192768,128,191,606,789886632,789886632,370688,0
85,1116992,0,0,0,3776,8768,152896,195264,756288,731840,381696,0,1152,148160,0,0,0,0,0,0,0,0,0,0,0,0,0,0,195136,128,191,606,789886632,789886632,372928,0
86,1116992,0,0,0,3904,8640,174208,196352,733888,709248,404352,0,1152,169408,0,0,0,0,0,0,0,0,0,0,0,0,0,0,196160,192,191,606,789886632,821002833,395712,0
87,1116608,0,0,0,3776,8448,161536,199680,743168,719040,394112,0,1088,156800,0,0,0,0,0,0,0,0,0,0,0,0,0,0,199488,192,191,606,821002833,821002833,385664,0
88,1116800,0,0,0,3840,8512,162048,200064,742336,718016,395456,0,1152,157184,0,0,0,0,0,0,0,0,0,0,0,0,0,0,199936,128,191,606,821002833,821002833,386944,0
89,1116864,0,0,0,3776,8512,164160,199296,741120,716608,396864,0,1216,159424,0,0,0,0,0,0,0,0,0,0,0,0,0,0,199104,192,191,606,821002833,821002833,388352,0
90,1117120,0,0,0,3840,8704,164480,198208,741888,717056,396736,0,1152,159680,0,0,0,0,0,0,0,0,0,0,0,0,0,0,198016,192,191,606,821002833,821002833,388032,0
91,1116672,0,0,0,3776,8512,166336,201344,736704,712384,400896,0,1152,161472,0,0,0,0,0,0,0,0,0,0,0,0,0,0,201152,192,191,606,821002833,821002833,392384,0
92,1117632,0,0,0,3904,9856,487360,250240,366272,336320,777792,0,1344,482304,0,0,0,0,0,0,0,0,0,0,0,0,0,0,250112,128,202,639,821002833,3016265701,767936,0
93,1116032,0,0,0,3968,8768,174912,241408,686976,662720,449728,0,1536,169792,0,0,0,0,0,0,0,0,0,0,0,0,0,0,241216,192,202,639,3016265701,3016265701,440960,0
94,1116928,0,0,0,4672,8640,175552,231680,696384,672000,441408,0,1536,170240,0,0,0,0,0,0,0,0,0,0,0,0,0,0,231488,192,202,639,3016265701,3016265701,432768,0
95,1116544,0,0,0,3840,8640,177536,235008,691520,667456,445568,0,1408,172480,0,0,0,0,0,0,0,0,0,0,0,0,0,0,234816,192,202,639,3016265701,3016265701,436928,0
96,1116800,0,0,0,3904,8576,176896,232704,694720,670016,443264,0,1536,171648,0,0,0,0,0,0,0,0,0,0,0,0,0,0,232576,128,202,639,3016265701,3016265701,434688,0
97,1116928,0,0,0,3904,8576,176640,232896,694912,670464,443008,0,1600,171392,0,0,0,0,0,0,0,0,0,0,0,0,0,0,232768,128,202,639,3016265701,3016265701,434432,0
98,1116736,0,0,0,3904,8576,176128,232192,695936,671104,442176,0,1472,170880,0,0,0,0,0,0,0,0,0,0,0,0,0,0,232000,192,202,639,3016265701,3016265701,433600,0
99,1116928,0,0,0,3968,8576,179264,233152,691968,667584,445888,0,1472,174016,0,0,0,0,0,0,0,0,0,0,0,0,0,0,232960,192,202,639,3016265701,3016265701,437312,0
100,1117504,0,0,0,3968,8512,583296,295104,226624,202368,911680,0,1472,578176,0,0,0,0,0,0,0,0,0,0,0,0,0,0,294912,192,248,777,3016265701,2423191033,903168,0
101,1116480,0,0,0,10176,8768,244416,273984,579136,554304,558592,0,1600,239104,0,0,0,0,0,0,0,0,0,0,0,0,0,0,273856,128,230,723,2423191033,2423191033,549824,0
102,1116736,0,0,0,4096,8448,199360,273216,631616,607040,506176,0,1472,194112,0,0,0,0,0,0,0,0,0,0,0,0,0,0,273088,128,228,717,2423191033,2423191033,497728,0
103,1116608,0,0,0,4096,8512,198272,275264,630464,605824,507392,0,1536,192896,0,0,0,0,0,0,0,0,0,0,0,0,0,0,275008,256,227,714,2423191033,2423191033,498880,0
104,1117120,0,0,0,4032,8576,195392,274112,635008,610368,503296,0,1472,190144,0,0,0,0,0,0,0,0,0,0,0,0,0,0,273984,128,227,714,2423191033,2423191033,494720,0
105,1116800,0,0,0,4032,8768,198080,273152,632768,608256,505152,0,1472,192960,0,0,0,0,0,0,0,0,0,0,0,0,0,0,273024,128,227,714,2423191033,2423191033,496384,0
106,1116864,0,0,0,4096,8704,196544,274944,632576,608064,505216,0,1536,191168,0,0,0,0,0,0,0,0,0,0,0,0,0,0,274816,128,227,714,2423191033,2423191033,496512,0
107,1116736,0,0,0,9088,8704,227520,274240,597184,572416,540800,0,1472,222208,0,0,0,0,0,0,0,0,0,0,0,0,0,0,274112,128,227,715,2423191033,2423191033,532096,0
108,1117376,0,0,0,4160,9856,708992,340032,54336,24448,1089408,0,1472,703680,0,0,0,0,0,0,0,0,0,0,0,0,0,0,339904,128,251,791,2423191033,1181604743,1079552,0
109,1117184,0,0,0,4224,8704,235264,329216,539776,515648,598016,0,1536,229824,0,0,0,0,0,0,0,0,0,0,0,0,0,0,329088,128,251,791,1286499933,2788709278,589312,0
110,1116480,0,0,0,4160,8768,244608,785024,73920,38208,1074880,0,1472,239424,0,0,0,0,0,0,0,0,0,0,0,0,0,0,784832,192,450,1085,145969438,2915794368,1066112,0
111,1116736,0,0,0,4160,8640,243968,755392,104576,80704,1032448,0,1408,238784,0,0,0,0,0,0,0,0,0,0,0,0,0,0,755200,192,358,985,2057796445,4154864723,1023808,0
112,1117120,0,0,0,4096,8896,238208,363456,502464,478208,635456,0,1408,232768,0,0,0,0,0,0,0,0,0,0,0,0,0,0,363328,128,349,976,3147361571,3806310307,626560,0
113,1116544,0,0,0,4160,8576,240832,362368,500608,476288,636736,0,1472,235520,0,0,0,0,0,0,0,0,0,0,0,0,0,0,362240,128,349,972,3132072174,2818661579,628160,0
114,1116992,0,0,0,4224,9024,243648,361344,498752,474688,638784,0,1472,238336,0,0,0,0,0,0,0,0,0,0,0,0,0,0,361216,128,348,977,2584635774,1696396398,629760,0
115,1116992,0,0,0,4096,8832,241856,365696,496512,472448,641024,0,1472,236544,0,0,0,0,0,0,0,0,0,0,0,0,0,0,365504,192,358,989,2675881125,72375330,632192,0
116,1117248,0,0,0,5184,8384,554688,386496,162496,137536,976256,0,1472,549440,0,0,0,0,0,0,0,0,0,0,0,0,0,0,386368,128,352,979,2423342600,2542571451,967872,0
117,1116992,0,0,0,4160,8704,268096,385856,450176,425472,688000,0,1472,263040,0,0,0,0,0,0,0,0,0,0,0,0,0,0,385664,192,354,983,1767237776,4006921201,679296,0
118,1116416,0,0,0,4096,8576,270976,386304,446464,422528,690432,0,1536,265728,0,0,0,0,0,0,0,0,0,0,0,0,0,0,386176,128,353,980,3246212991,3315842433,681856,0
119,1116928,0,0,0,4160,8640,271552,387456,445120,421056,692352,0,1408,266304,0,0,0,0,0,0,0,0,0,0,0,0,0,0,387328,128,353,980,3126446880,3674123578,683712,0
120,1116736,0,0,0,11008,8704,328832,390784,377408,353088,760064,0,1472,323456,0,0,0,0,0,0,0,0,0,0,0,0,0,0,390592,192,353,980,2743711102,809932252,751360,0
121,1116928,0,0,0,4352,8640,290048,403776,410112,385280,728256,0,1472,284864,0,0,0,0,0,0,0,0,0,0,0,0,0,0,403648,128,358,1000,2879041036,1585378164,719616,0
122,1677184,0,0,0,4224,8576,279616,852544,532224,497024,1176640,0,1472,274368,0,0,0,0,0,0,0,0,0,0,0,0,0,0,852352,192,437,1176,3875123497,1958380839,1168064,0
123,1676800,0,0,0,12032,9792,317952,836032,500992,477056,1196096,0,1408,312768,0,0,0,0,0,0,0,0,0,0,0,0,0,0,835904,128,440,1181,349277951,1225352232,1186304,0
124,1116864,0,0,0,6144,8448,284480,416896,400896,370880,742528,0,1472,279296,0,0,0,0,0,0,0,0,0,0,0,0,0,0,416768,128,446,1192,153417471,1790265229,734080,0
125,1116736,0,0,0,5504,8640,286592,416256,399744,375552,737728,0,1408,281408,0,0,0,0,0,0,0,0,0,0,0,0,0,0,416128,128,452,1211,928991862,3809354124,729088,0
126,1117120,0,0,0,4160,8128,276416,416000,412416,385088,728576,0,1536,271168,0,0,0,0,0,0,0,0,0,0,0,0,0,0,415872,128,451,1206,2479505563,2681487594,720448,0
127,1677056,0,0,0,4160,8896,284992,1119936,259072,206208,1467328,0,1472,279744,0,0,0,0,0,0,0,0,0,0,0,0,0,0,1119744,192,454,1228,1617192532,468906385,1458432,0
128,1676864,0,0,0,4288,8320,295232,1090048,278976,254912,1418496,0,1408,289984,0,0,0,0,0,0,0,0,0,0,0,0,0,0,1089856,192,479,1304,121878029,856555515,1410176,0
129,1116928,0,0,0,4096,8512,275136,458112,371072,346880,766656,0,1408,269632,0,0,0,0,0,0,0,0,0,0,0,0,0,0,457984,128,498,1318,1614943478,810386701,758144,0
130,1116736,0,0,0,4160,8512,276224,454528,373312,349056,764224,0,1472,270976,0,0,0,0,0,0,0,0,0,0,0,0,0,0,454400,128,548,1457,3345191316,2618226068,755712,0
131,1116672,0,0,0,9664,8512,302848,455808,339840,315648,797568,0,1600,297472,0,0,0,0,0,0,0,0,0,0,0,0,0,0,455616,192,558,1447,1807384897,2082214756,789056,0
132,1116928,0,0,0,4288,8832,276352,451328,376128,352192,761216,0,1472,271040,0,0,0,0,0,0,0,0,0,0,0,0,0,0,451200,128,559,1440,498581993,1542310625,752384,0
133,1117056,0,0,0,4352,8832,273920,437504,392448,368000,745536,0,1472,268736,0,0,0,0,0,0,0,0,0,0,0,0,0,0,437376,128,559,1435,558178507,1350189632,736704,0
134,1116928,0,0,0,4352,8448,272640,436672,394816,370432,742976,0,1536,267392,0,0,0,0,0,0,0,0,0,0,0,0,0,0,436480,192,561,1439,1698383883,929362607,734528,0
135,1116672,0,0,0,4352,8576,269504,438400,395840,371712,741376,0,1536,264256,0,0,0,0,0,0,0,0,0,0,0,0,0,0,438272,128,561,1434,3329388573,205038041,732800,0
136,1116800,0,0,0,6272,9472,275200,445184,380672,355328,757056,0,1664,269248,0,0,0,0,0,0,0,0,0,0,0,0,0,0,444992,192,560,1439,2372104634,1973958363,747584,0
137,1116928,0,0,0,10240,9856,300480,435520,360832,336832,776576,0,1472,295104,0,0,0,0,0,0,0,0,0,0,0,0,0,0,435328,192,573,1465,2009637902,679199006,766720,0
138,1116672,0,0,0,6400,8704,272192,438144,391232,366976,746240,0,1344,267200,0,0,0,0,0,0,0,0,0,0,0,0,0,0,437952,192,580,1472,3276324649,17878229,737536,0
139,1116928,0,0,0,6336,8704,275648,437440,388800,364416,748864,0,1536,270400,0,0,0,0,0,0,0,0,0,0,0,0,0,0,437248,192,581,1477,2954920344,3910148222,740160,0
140,1116800,0,0,0,5696,8704,276864,437440,388096,358400,754880,0,1408,271488,0,0,0,0,0,0,0,0,0,0,0,0,0,0,437312,128,579,1481,968375824,2660634186,746176,0
141,1116992,0,0,0,4224,8448,276928,597248,230144,188096,925440,0,1536,271552,0,0,0,0,0,0,0,0,0,0,0,0,0,0,597120,128,574,1464,3670884443,1966700437,916992,0
142,1116864,0,0,0,4160,8576,272384,598592,233152,208832,904576,0,1536,267008,0,0,0,0,0,0,0,0,0,0,0,0,0,0,598400,192,669,1691,551631953,1024696614,896000,0
143,1116800,0,0,0,4224,8576,305664,466432,331904,307904,805440,0,1408,300608,0,0,0,0,0,0,0,0,0,0,0,0,0,0,466240,192,671,1638,2359049278,3115481158,796864,0
144,1116928,0,0,0,6336,8384,285312,467520,349376,325120,788288,0,1536,280000,0,0,0,0,0,0,0,0,0,0,0,0,0,0,467328,192,665,1634,2075796883,680342729,779904,0
145,1116672,0,0,0,5440,8512,284864,469632,348224,323840,789376,0,1408,279488,0,0,0,0,0,0,0,0,0,0,0,0,0,0,469504,128,666,1633,4057706672,3355399454,780864,0
146,1116800,0,0,0,10688,8832,324608,448064,324608,300032,813184,0,1472,319232,0,0,0,0,0,0,0,0,0,0,0,0,0,0,447872,192,659,1616,3809015553,107774754,804352,0
147,1116800,0,0,0,6272,8448,309312,466816,325952,301632,811712,0,1536,304000,0,0,0,0,0,0,0,0,0,0,0,0,0,0,466688,128,678,1644,488757131,3887935599,803264,0
148,1116928,0,0,0,5376,8640,290432,463680,348800,324992,788416,0,1472,285184,0,0,0,0,0,0,0,0,0,0,0,0,0,0,463552,128,671,1641,2965222710,2669536485,779776,0
149,1116800,0,0,0,4160,8640,279296,461504,363200,338752,774592,0,1600,273856,0,0,0,0,0,0,0,0,0,0,0,0,0,0,461376,128,661,1629,549350301,3452599642,765952,0
150,1116800,0,0,0,4160,8640,285504,459520,358976,334848,778432,0,1536,280192,0,0,0,0,0,0,0,0,0,0,0,0,0,0,459392,128,655,1620,3970612914,3993992178,769792,0
151,1117120,0,0,0,4160,8192,287616,458944,358208,333824,779776,0,1408,282432,0,0,0,0,0,0,0,0,0,0,0,0,0,0,458816,128,663,1628,1276568220,3714340812,771584,0
152,1677376,0,0,0,9984,10048,379520,1150272,127552,103104,1570688,0,1536,374144,0,0,0,0,0,0,0,0,0,0,0,0,0,0,1150080,192,664,1618,3103400176,3339177477,1560640,0
153,1116160,0,0,0,4416,8768,312960,467904,322112,298176,814400,0,1408,307584,0,0,0,0,0,0,0,0,0,0,0,0,0,0,467712,192,660,1619,4062102428,1982659932,805632,0
154,1116928,0,0,0,6272,8768,311168,470144,320576,296640,816768,0,1472,305920,0,0,0,0,0,0,0,0,0,0,0,0,0,0,469952,192,662,1628,152527184,4030445857,808000,0
155,1116928,0,0,0,6848,8960,292672,472064,336384,312192,801152,0,1472,287488,0,0,0,0,0,0,0,0,0,0,0,0,0,0,471872,192,663,1635,2388177641,806472920,792192,0
156,1116736,0,0,0,6976,9024,293056,470656,337024,307008,806080,0,1536,287680,0,0,0,0,0,0,0,0,0,0,0,0,0,0,470464,192,671,1645,909609626,909609626,797056,0
157,1120832,0,0,0,5312,8640,291264,469248,346368,318208,799104,0,1472,285952,0,0,0,0,0,0,0,0,0,0,0,0,0,0,469056,192,671,1630,909609626,909609626,790464,0
158,1111872,0,0,0,4992,8704,296960,460032,341184,317184,791168,0,1536,291392,0,0,0,0,0,0,0,0,0,0,0,0,0,0,459904,128,663,1611,909609626,909609626,782464,0
159,1116864,0,0,0,4032,8960,291584,453120,359168,335296,777984,0,1536,286144,0,0,0,0,0,0,0,0,0,0,0,0,0,0,452992,128,660,1619,909609626,909609626,769024,0
160,1117440,0,0,0,4096,8576,333952,407744,363072,338624,775360,0,1600,328512,0,0,0,0,0,0,0,0,0,0,0,0,0,0,407616,128,628,1529,909609626,2818724869,766784,0
161,1116224,0,0,0,4032,8704,271744,401344,430400,406400,706368,0,1472,266496,0,0,0,0,0,0,0,0,0,0,0,0,0,0,401216,128,636,1539,2818724869,2818724869,697664,0
162,1116992,0,0,0,3968,8448,273920,401472,429184,404992,708544,0,1472,268544,0,0,0,0,0,0,0,0,0,0,0,0,0,0,401344,128,636,1527,2818724869,2818724869,700096,0
163,1116800,0,0,0,4032,8768,274048,403008,426944,402816,710592,0,1472,268800,0,0,0,0,0,0,0,0,0,0,0,0,0,0,402880,128,636,1531,2818724869,2818724869,701824,0
164,1116800,0,0,0,4032,8576,275072,401920,427200,403264,710080,0,1472,269888,0,0,0,0,0,0,0,0,0,0,0,0,0,0,401792,128,632,1529,2818724869,2818724869,701504,0
165,1116864,0,0,0,4032,8640,272320,401728,430144,405696,707712,0,1472,267072,0,0,0,0,0,0,0,0,0,0,0,0,0,0,401600,128,628,1527,2818724869,2818724869,699072,0
166,1116736,0,0,0,3968,8768,273024,400704,430272,406144,707072,0,1472,267648,0,0,0,0,0,0,0,0,0,0,0,0,0,0,400576,128,631,1524,2818724869,2818724869,698304,0
167,1116992,0,0,0,9088,8768,300160,383680,415296,390912,722368,0,1472,294848,0,0,0,0,0,0,0,0,0,0,0,0,0,0,383488,192,614,1456,2818724869,2818724869,713600,0
168,1677696,0,0,0,4160,9856,345280,1191808,126592,101632,1572544,0,1472,339904,0,0,0,0,0,0,0,0,0,0,0,0,0,0,1191616,192,612,1454,2818724869,1866949004,1562688,0
169,1115904,0,0,0,6144,8448,250304,343552,507456,482880,629568,0,1600,244864,0,0,0,0,0,0,0,0,0,0,0,0,0,0,343360,192,611,1459,1866949004,1866949004,621120,0
170,1116928,0,0,0,5248,8512,251968,341632,509568,484992,628480,0,1536,246592,0,0,0,0,0,0,0,0,0,0,0,0,0,0,341440,192,610,1459,1866949004,1866949004,619968,0
171,1116736,0,0,0,4032,8704,254592,376320,473088,449024,664192,0,1408,249472,0,0,0,0,0,0,0,0,0,0,0,0,0,0,376192,128,612,1455,1866949004,1866949004,655488,0
172,1116864,0,0,0,4032,8704,252608,342016,509504,479616,633728,0,1472,247296,0,0,0,0,0,0,0,0,0,0,0,0,0,0,341888,128,608,1451,1866949004,1866949004,625024,0
173,1116928,0,0,0,4096,8448,249536,341824,513024,488768,624704,0,1472,244160,0,0,0,0,0,0,0,0,0,0,0,0,0,0,341696,128,607,1452,1866949004,1866949004,616256,0
174,1116992,0,0,0,4096,8640,250112,340800,513344,489088,624320,0,1408,244992,0,0,0,0,0,0,0,0,0,0,0,0,0,0,340672,128,602,1451,1866949004,1866949004,615680,0
175,1116736,0,0,0,4160,8384,249984,343168,511040,486656,626624,0,1472,244800,0,0,0,0,0,0,0,0,0,0,0,0,0,0,342976,192,596,1445,1866949004,1866949004,618240,0
176,1117056,0,0,0,4032,8512,310656,533056,260800,236224,877312,0,1408,305536,0,0,0,0,0,0,0,0,0,0,0,0,0,0,532864,192,595,1446,1866949004,3041812173,868800,0
177,1116672,0,0,0,4032,8576,232640,343808,527616,503232,609984,0,1472,227200,0,0,0,0,0,0,0,0,0,0,0,0,0,0,343616,192,595,1446,3041812173,3041812173,601408,0
178,1116736,0,0,0,4096,8640,235968,359168,508864,484672,628672,0,1472,230592,0,0,0,0,0,0,0,0,0,0,0,0,0,0,358976,192,595,1446,3041812173,3041812173,620032,0
179,1116928,0,0,0,4032,8512,233664,343488,527232,503168,610304,0,1472,228416,0,0,0,0,0,0,0,0,0,0,0,0,0,0,343296,192,592,1441,3041812173,3041812173,601792,0
180,1116864,0,0,0,5056,8640,232832,342400,527936,503936,609408,0,1408,227776,0,0,0,0,0,0,0,0,0,0,0,0,0,0,342208,192,590,1435,3041812173,3041812173,600768,0
181,1116608,0,0,0,4032,8576,233856,340480,529664,505536,607552,0,1408,228608,0,0,0,0,0,0,0,0,0,0,0,0,0,0,340288,192,589,1432,3041812173,3041812173,598976,0
182,1116928,0,0,0,5952,8320,232768,343296,526592,502272,611264,0,1408,227520,0,0,0,0,0,0,0,0,0,0,0,0,0,0,343104,192,588,1431,3041812173,3041812173,602944,0
183,1116864,0,0,0,5120,8768,254656,343808,504512,480256,633088,0,1408,249280,0,0,0,0,0,0,0,0,0,0,0,0,0,0,343680,128,588,1431,3041812173,3041812173,624320,0
184,1116608,0,0,0,3840,9664,245568,346112,511424,487616,625600,0,1408,240320,0,0,0,0,0,0,0,0,0,0,0,0,0,0,345984,128,589,1432,3041812173,3041812173,615936,0
185,1117056,0,0,0,3904,8512,246272,349376,508992,484736,628864,0,1472,241088,0,0,0,0,0,0,0,0,0,0,0,0,0,0,349184,192,589,1430,3041812173,3041812173,620352,0
186,1116864,0,0,0,3968,8704,248960,348928,506304,482176,631168,0,1472,243648,0,0,0,0,0,0,0,0,0,0,0,0,0,0,348736,192,586,1427,3041812173,3041812173,622464,0
187,1116800,0,0,0,4032,8640,248128,383744,472256,448256,665024,0,1472,242880,0,0,0,0,0,0,0,0,0,0,0,0,0,0,383552,192,586,1427,3041812173,3041812173,656384,0
188,1116928,0,0,0,3840,8576,248960,349760,505792,476032,637376,0,1408,243776,0,0,0,0,0,0,0,0,0,0,0,0,0,0,349632,128,586,1427,3041812173,3041812173,628800,0
189,1116736,0,0,0,3904,8768,249728,347648,506688,482624,630592,0,1536,244352,0,0,0,0,0,0,0,0,0,0,0,0,0,0,347520,128,586,1429,3041812173,3041812173,621824,0
190,1116800,0,0,0,3904,8576,236544,372416,495360,471168,642176,0,1472,231424,0,0,0,0,0,0,0,0,0,0,0,0,0,0,372224,192,586,1429,3041812173,3041812173,633600,0
191,1116864,0,0,0,3968,8512,231552,344768,528064,503680,609728,0,1472,226240,0,0,0,0,0,0,0,0,0,0,0,0,0,0,344576,192,588,1433,3041812173,3041812173,601216,0
192,1116864,0,0,0,3904,8640,232448,342528,529344,505280,608128,0,1344,227264,0,0,0,0,0,0,0,0,0,0,0,0,0,0,342336,192,590,1437,3041812173,3041812173,599488,0
193,1116992,0,0,0,3904,8704,232640,342400,529344,505280,608128,0,1472,227328,0,0,0,0,0,0,0,0,0,0,0,0,0,0,342208,192,590,1437,3041812173,3041812173,599424,0
194,1116480,0,0,0,3840,8576,260608,348096,495360,470912,642048,0,1472,255360,0,0,0,0,0,0,0,0,0,0,0,0,0,0,347968,128,591,1440,3296412029,3296412029,633472,0
195,1117056,0,0,0,3904,8576,244800,350656,509120,484928,628608,0,1536,239360,0,0,0,0,0,0,0,0,0,0,0,0,0,0,350464,192,590,1437,3296412029,3296412029,620032,0
196,1116736,0,0,0,3904,8768,247232,349632,507200,482944,630272,0,1408,241984,0,0,0,0,0,0,0,0,0,0,0,0,0,0,349440,192,589,1434,3296412029,3296412029,621504,0
197,1118208,0,0,0,9344,20992,558592,364096,165184,101632,1012928,0,1536,324544,0,0,0,0,0,0,0,0,0,0,0,0,0,0,363904,192,590,1438,3296412029,1787195855,991936,0
198,1116992,0,0,0,4096,8832,313920,322880,467264,441344,672128,0,1472,308416,0,0,0,0,0,0,0,0,0,0,0,0,0,0,322688,192,590,1436,638792187,3299311899,663296,0
199,1116864,0,0,0,4032,9664,311872,322432,468864,443136,670208,0,1472,306432,0,0,0,0,0,0,0,0,0,0,0,0,0,0,322240,192,590,1436,226699811,555921491,660544,0
200,1116992,0,0,0,4032,8832,307264,322368,474496,448256,665152,0,1472,301824,0,0,0,0,0,0,0,0,0,0,0,0,0,0,322240,128,591,1436,1513419730,1822048344,656320,0
201,1119936,0,0,0,3968,8832,309888,314304,482944,453568,662848,0,1536,304320,0,0,0,0,0,0,0,0,0,0,0,0,0,0,314112,192,592,1439,1944013363,2735492587,654016,0
202,1112256,0,0,0,4864,8896,296576,315328,486592,460608,648064,0,1472,291200,0,0,0,0,0,0,0,0,0,0,0,0,0,0,315136,192,591,1436,2500460850,2604678459,639168,0
203,1116672,0,0,0,4096,8576,288320,315648,500032,474304,638912,0,1472,282944,0,0,0,0,0,0,0,0,0,0,0,0,0,0,315456,192,591,1438,3490104611,1559300779,630336,0
204,1116992,0,0,0,4096,8384,270336,314112,520064,488192,625216,0,1408,264896,0,0,0,0,0,0,0,0,0,0,0,0,0,0,313920,192,591,1438,2677606196,2699292941,616832,0
205,1116672,0,0,0,4096,8640,273792,315200,514944,489152,624064,0,1536,268096,0,0,0,0,0,0,0,0,0,0,0,0,0,0,315008,192,593,1440,1990492514,1634984615,615424,0
206,1116608,0,0,0,4096,8320,271808,314944,517440,491584,621568,0,1536,266176,0,0,0,0,0,0,0,0,0,0,0,0,0,0,314752,192,593,1440,670901561,1692975481,613248,0
207,1116800,0,0,0,6016,8960,273984,315200,512640,486464,626688,0,1472,268544,0,0,0,0,0,0,0,0,0,0,0,0,0,0,315008,192,594,1443,3818240948,3808510556,617728,0
208,1116800,0,0,0,6336,9024,286592,314496,500352,474624,638400,0,1472,280960,0,0,0,0,0,0,0,0,0,0,0,0,0,0,314304,192,593,1440,4218986231,43720740,629376,0
209,1116736,0,0,0,3904,8832,274752,314368,514880,489152,624064,0,1536,269120,0,0,0,0,0,0,0,0,0,0,0,0,0,0,314176,192,594,1443,3808984803,3230720126,615232,0
210,1117376,0,0,0,3968,8640,399232,326144,379392,353280,760576,0,1472,393728,0,0,0,0,0,0,0,0,0,0,0,0,0,0,326016,128,597,1451,4019059451,348554650,751936,0
211,1116352,0,0,0,3904,8832,275904,327488,500224,474176,638592,0,1408,270656,0,0,0,0,0,0,0,0,0,0,0,0,0,0,327296,192,592,1446,3438648239,3108798577,629760,0
212,1117440,0,0,0,3904,8640,399232,334208,371456,344960,769024,0,1536,393664,0,0,0,0,0,0,0,0,0,0,0,0,0,0,334016,192,605,1449,606623081,1184114263,760384,0
213,1116864,0,0,0,3968,8768,427008,336896,340224,313920,799424,0,1472,421568,0,0,0,0,0,0,0,0,0,0,0,0,0,0,336768,128,608,1457,3546176614,2486734411,790656,0
214,1676736,0,0,0,3968,10048,388992,822848,450880,424960,1248256,0,1472,383424,0,0,0,0,0,0,0,0,0,0,0,0,0,0,822656,192,602,1452,3487936172,953112058,1238208,0
215,1116672,0,0,0,8448,8576,336512,369216,393920,367936,745216,0,1536,330752,0,0,0,0,0,0,0,0,0,0,0,0,0,0,369024,192,596,1446,3103539243,496582747,736640,0
216,1116608,0,0,0,3968,8704,312512,356992,434432,408384,704768,0,1408,307072,0,0,0,0,0,0,0,0,0,0,0,0,0,0,356800,192,608,1463,3311620161,1375679869,696064,0
217,1117120,0,0,0,6080,8704,317888,357376,427072,400960,712576,0,1472,312320,0,0,0,0,0,0,0,0,0,0,0,0,0,0,357184,192,601,1453,1908233342,553659976,703872,0
218,1116672,0,0,0,6208,8768,319488,346880,435328,409216,703936,0,1536,313792,0,0,0,0,0,0,0,0,0,0,0,0,0,0,346624,256,601,1444,4268017633,1102593146,695168,0
219,1116736,0,0,0,5440,8512,324672,353984,424128,398272,714880,0,1472,318848,0,0,0,0,0,0,0,0,0,0,0,0,0,0,353856,128,599,1435,889434385,1026288845,706368,0
220,1117120,0,0,0,3968,8512,362688,368704,373248,341248,772352,0,1472,357248,0,0,0,0,0,0,0,0,0,0,0,0,0,0,368576,128,603,1440,2452847304,3793724621,763840,0
221,1677312,0,0,0,18496,9344,640576,442496,566400,539968,1133120,0,1472,634944,0,0,0,0,0,0,0,0,0,0,0,0,0,0,442368,128,620,1488,2133229253,1362158470,1123776,0
222,1116288,0,0,0,6720,9280,354368,422400,323520,297856,814336,0,1536,348672,0,0,0,0,0,0,0,0,0,0,0,0,0,0,422208,192,620,1491,1657994739,1597892388,805056,0
223,1116800,0,0,0,7424,10432,374848,413184,310912,283712,827968,0,1472,368960,0,0,0,0,0,0,0,0,0,0,0,0,0,0,412992,192,618,1480,1464979040,1103600469,817536,0
224,1117120,0,0,0,5696,9408,360384,399808,341824,315584,797376,0,1536,354688,0,0,0,0,0,0,0,0,0,0,0,0,0,0,399616,192,608,1449,3457923079,4123359673,787968,0
225,1116672,0,0,0,4032,9344,443584,461312,198400,172608,939968,0,1472,437952,0,0,0,0,0,0,0,0,0,0,0,0,0,0,461120,192,620,1508,3342537460,1152110358,930624,0
226,1117120,0,0,0,3968,9088,441536,467840,194688,168320,944832,0,1408,436032,0,0,0,0,0,0,0,0,0,0,0,0,0,0,467648,192,621,1507,2906851884,702943544,935744,0
227,1116608,0,0,0,4096,21632,383680,409344,297856,271680,840896,0,1536,378112,0,0,0,0,0,0,0,0,0,0,0,0,0,0,409216,128,606,1461,3808855797,2729131705,819264,0
228,1115776,0,0,0,4160,9216,486784,420032,195584,170944,940864,0,1536,481344,0,0,0,0,0,0,0,0,0,0,0,0,0,0,419904,128,611,1471,2952435177,101221750,931648,0
229,1116544,0,0,0,6080,10560,392896,429568,277440,253504,858816,0,1472,387264,0,0,0,0,0,0,0,0,0,0,0,0,0,0,429376,192,647,1545,208814643,1166598331,848256,0
230,1116672,0,0,0,6464,9280,365824,418624,316480,292288,820224,0,1472,360320,0,0,0,0,0,0,0,0,0,0,0,0,0,0,418496,128,630,1518,3370726843,2652152699,810944,0
231,1116928,0,0,0,4160,9344,464576,420608,218240,194048,918848,0,1408,459072,0,0,0,0,0,0,0,0,0,0,0,0,0,0,420416,192,622,1491,1711088248,1013005202,909504,0
232,1116928,0,0,0,3968,9408,383104,412096,308352,284160,828672,0,1408,377728,0,0,0,0,0,0,0,0,0,0,0,0,0,0,411904,192,626,1505,2327362885,455396208,819264,0
233,1117056,0,0,0,4224,9088,413120,429504,261120,236544,876608,0,1472,407680,0,0,0,0,0,0,0,0,0,0,0,0,0,0,429312,192,634,1538,2040276634,4078734960,867520,0
234,1116544,0,0,0,4224,9152,461056,437184,204928,180608,931904,0,1408,455680,0,0,0,0,0,0,0,0,0,0,0,0,0,0,437056,128,646,1567,2518913484,2157687125,922752,0
235,1116800,0,0,0,6208,9344,360320,405568,335360,310848,801792,0,1408,354624,0,0,0,0,0,0,0,0,0,0,0,0,0,0,405376,192,629,1511,1233959200,1835537631,792448,0
236,1116800,0,0,0,6464,9536,360640,390976,349184,319424,793152,0,1472,355136,0,0,0,0,0,0,0,0,0,0,0,0,0,0,390784,192,619,1499,1276169222,1801348822,783616,0
237,1117184,0,0,0,5888,8896,396672,428992,276736,249984,863232,0,1472,391168,0,0,0,0,0,0,0,0,0,0,0,0,0,0,428864,128,636,1561,2955950062,2068004611,854336,0
238,1116480,0,0,0,5248,9280,394112,438528,269312,244736,867648,0,1472,388608,0,0,0,0,0,0,0,0,0,0,0,0,0,0,438336,192,636,1565,1990371425,1622475302,858368,0
239,1117056,0,0,0,4096,9152,379264,405952,318592,293952,819136,0,1536,373760,0,0,0,0,0,0,0,0,0,0,0,0,0,0,405760,192,623,1530,809199944,3200734982,809984,0
240,1116736,0,0,0,3968,9024,362752,407872,333120,308608,804160,0,1600,357056,0,0,0,0,0,0,0,0,0,0,0,0,0,0,407680,192,628,1536,1543782906,819515487,795136,0
241,1117120,0,0,0,6080,9216,393408,430528,277888,253248,859712,0,1536,387840,0,0,0,0,0,0,0,0,0,0,0,0,0,0,430400,128,646,1583,2272041536,2838034896,850496,0
242,1116544,0,0,0,6400,9088,368512,418688,313856,289088,823360,0,1536,362944,0,0,0,0,0,0,0,0,0,0,0,0,0,0,418560,128,643,1585,3957537705,1365117702,814272,0
243,1117120,0,0,0,3904,9152,364800,402944,336320,311552,801536,0,1472,359232,0,0,0,0,0,0,0,0,0,0,0,0,0,0,402752,192,627,1542,1802641836,530506942,792384,0
244,1116800,0,0,0,3968,10560,385216,411776,305280,280512,832192,0,1472,379712,0,0,0,0,0,0,0,0,0,0,0,0,0,0,411648,128,627,1540,1035816224,531617348,821632,0
245,1117056,0,0,0,4032,9088,414144,443968,245824,219264,893824,0,1472,408512,0,0,0,0,0,0,0,0,0,0,0,0,0,0,443776,192,646,1599,1659664986,3241138513,884736,0
246,1116864,0,0,0,4928,9088,373120,434944,294784,269568,843328,0,1472,367680,0,0,0,0,0,0,0,0,0,0,0,0,0,0,434752,192,651,1613,349975558,498258836,834240,0
247,1116800,0,0,0,6016,9664,366144,405632,329344,304512,807872,0,1472,360704,0,0,0,0,0,0,0,0,0,0,0,0,0,0,405440,192,634,1554,1015608335,1287916419,798208,0
248,1116736,0,0,0,6400,9344,465280,398656,237056,212352,900224,0,1536,459584,0,0,0,0,0,0,0,0,0,0,0,0,0,0,398528,128,624,1529,2915361493,1112948012,890880,0
249,1117056,0,0,0,3904,8832,398336,428800,277184,251840,861184,0,1472,392576,0,0,0,0,0,0,0,0,0,0,0,0,0,0,428672,128,639,1590,3092723358,4090885128,852352,0
250,1116864,0,0,0,3968,9152,392832,437440,273472,248128,864768,0,1472,387264,0,0,0,0,0,0,0,0,0,0,0,0,0,0,437312,128,635,1579,1234939339,283952127,855616,0
251,1116864,0,0,0,4032,9216,389568,419904,294144,268224,844608,0,1408,384064,0,0,0,0,0,0,0,0,0,0,0,0,0,0,419712,192,621,1526,3203888868,3687284312,835392,0
252,1116672,0,0,0,3968,9024,364352,409344,329984,298496,814208,0,1536,358848,0,0,0,0,0,0,0,0,0,0,0,0,0,0,409152,192,625,1536,726377814,2578028527,805184,0
253,1117120,0,0,0,6016,9472,402880,431232,267520,241856,871104,0,1472,397248,0,0,0,0,0,0,0,0,0,0,0,0,0,0,431040,192,645,1573,2649788151,815169112,861632,0
254,1116608,0,0,0,6336,9088,472768,422464,205952,176576,935936,0,1536,467136,0,0,0,0,0,0,0,0,0,0,0,0,0,0,422272,192,638,1555,3330117039,33879568,926848,0
255,1117056,0,0,0,3968,8960,372544,403520,328064,301376,811712,0,1536,366912,0,0,0,0,0,0,0,0,0,0,0,0,0,0,403328,192,623,1510,709622486,872372649,802752,0
256,1116800,0,0,0,3904,9280,395456,412672,295488,268800,844032,0,1408,390016,0,0,0,0,0,0,0,0,0,0,0,0,0,0,412480,192,629,1515,272679814,61534662,834752,0
257,1116736,0,0,0,4032,21376,414720,419968,256640,236736,876032,0,1408,409088,0,0,0,0,0,0,0,0,0,0,0,0,0,0,419840,128,633,1513,2671951166,3820126825,854656,0
258,1116608,0,0,0,4032,8896,380544,421056,302080,282432,830208,0,1472,375040,0,0,0,0,0,0,0,0,0,0,0,0,0,0,420864,192,635,1521,1221716088,2306218687,821312,0
259,1116928,0,0,0,6080,10368,483456,393024,224000,204416,908352,0,1472,477824,0,0,0,0,0,0,0,0,0,0,0,0,0,0,392832,192,615,1460,3771849134,822215741,897984,0
260,1116992,0,0,0,6272,9344,367424,381120,352832,333184,779712,0,1472,361856,0,0,0,0,0,0,0,0,0,0,0,0,0,0,380864,256,621,1462,1887162824,1068330797,770368,0
261,1116864,0,0,0,3904,8960,398912,417472,287616,267712,845184,0,1408,393408,0,0,0,0,0,0,0,0,0,0,0,0,0,0,417344,128,636,1509,2840583846,2492685303,836224,0
262,1117120,0,0,0,3840,8896,400640,434816,268928,248960,864192,0,1408,395136,0,0,0,0,0,0,0,0,0,0,0,0,0,0,434624,192,630,1506,507233319,3202615623,855296,0
263,1116544,0,0,0,4032,9088,367040,393152,343232,323520,789056,0,1472,361472,0,0,0,0,0,0,0,0,0,0,0,0,0,0,392960,192,611,1466,1459414017,3060763183,779968,0
264,1116800,0,0,0,3968,8960,334912,396736,372224,352128,760704,0,1408,329344,0,0,0,0,0,0,0,0,0,0,0,0,0,0,396608,128,612,1469,3570801347,4080976437,751744,0
265,1116928,0,0,0,6080,8960,435520,418496,247872,227968,884864,0,1472,430016,0,0,0,0,0,0,0,0,0,0,0,0,0,0,418368,128,638,1523,4117720987,1197672662,875904,0
266,1116544,0,0,0,5888,9024,315840,403584,382208,362432,750016,0,1472,310272,0,0,0,0,0,0,0,0,0,0,0,0,0,0,403392,192,630,1509,688938501,336154017,740992,0
267,1117120,0,0,0,5248,8896,311040,399296,392640,372672,740544,0,1536,305408,0,0,0,0,0,0,0,0,0,0,0,0,0,0,399104,192,611,1464,2602480428,1377232988,731648,0
268,1116544,0,0,0,4736,8960,337152,400000,365696,340032,772480,0,1408,331776,0,0,0,0,0,0,0,0,0,0,0,0,0,0,399808,192,610,1456,2865629795,4067869532,763520,0
269,1116928,0,0,0,4032,8832,370624,419968,313472,293824,819072,0,1472,365056,0,0,0,0,0,0,0,0,0,0,0,0,0,0,419776,192,627,1510,3489934323,3173123811,810240,0
270,1116800,0,0,0,4032,8960,315328,422464,366016,346624,766144,0,1472,309888,0,0,0,0,0,0,0,0,0,0,0,0,0,0,422272,192,630,1516,2980840879,2092778552,757184,0
271,1117504,0,0,0,6016,9216,365120,392384,344768,324352,789056,0,1472,359616,0,0,0,0,0,0,0,0,0,0,0,0,0,0,392192,192,614,1457,3892600222,2922555202,779840,0
272,1116032,0,0,0,5952,9344,312704,380160,407872,387968,723904,0,1472,307072,0,0,0,0,0,0,0,0,0,0,0,0,0,0,380032,128,613,1456,2626781810,3349272223,714560,0
273,1116992,0,0,0,5248,9088,383744,435904,283008,262976,849984,0,1472,378304,0,0,0,0,0,0,0,0,0,0,0,0,0,0,435776,128,624,1506,1540431868,28503275,840896,0
274,1116736,0,0,0,3968,10176,415296,445376,241920,222400,890304,0,1536,409792,0,0,0,0,0,0,0,0,0,0,0,0,0,0,445184,192,623,1510,2844080326,4292004490,880128,0
275,1117184,0,0,0,3840,8640,407424,360000,337280,317568,796096,0,1472,401984,0,0,0,0,0,0,0,0,0,0,0,0,0,0,359808,192,616,1474,1021107687,1776084706,787456,0
276,1116416,0,0,0,3904,8384,294592,365056,444480,424960,687936,0,1344,289088,0,0,0,0,0,0,0,0,0,0,0,0,0,0,364864,192,619,1473,555232334,1199605403,679552,0
277,1116864,0,0,0,5888,8640,280576,357824,463936,444544,668736,0,1408,275008,0,0,0,0,0,0,0,0,0,0,0,0,0,0,357632,192,620,1474,2650194052,2077951482,660096,0
278,1117120,0,0,0,5888,8320,284544,345728,472640,453120,660480,0,1408,279104,0,0,0,0,0,0,0,0,0,0,0,0,0,0,345536,192,609,1451,1947226869,3793672006,652160,0
279,1116736,0,0,0,4480,8576,293440,327168,483072,463296,649856,0,1408,287872,0,0,0,0,0,0,0,0,0,0,0,0,0,0,326976,192,600,1430,1127642877,2113425953,641280,0
280,1117184,0,0,0,2560,8320,466048,403392,236864,217088,896512,0,1408,460480,0,0,0,0,0,0,0,0,0,0,0,0,0,0,403200,192,604,1448,927228665,1439758261,888192,0
281,1116288,0,0,0,11136,8640,446336,356096,294080,274432,838144,0,1536,440832,0,0,0,0,0,0,0,0,0,0,0,0,0,0,355904,192,601,1444,3074048653,1076250282,829504,0
282,1117184,0,0,0,11968,22400,633600,413632,35584,15936,1097600,0,1472,628032,0,0,0,0,0,0,0,0,0,0,0,0,0,0,413440,192,590,1430,2679621725,788998742,1075200,0
283,1116800,0,0,0,9472,22208,411584,408448,265088,245312,867776,0,1536,406080,0,0,0,0,0,0,0,0,0,0,0,0,0,0,408256,192,590,1433,251704505,357156069,845568,0
284,1116864,0,0,0,4096,22144,357568,422144,310912,285312,828096,0,1536,351936,0,0,0,0,0,0,0,0,0,0,0,0,0,0,421952,192,589,1424,425182199,1402610310,805952,0
285,1116672,0,0,0,4160,21504,390912,418112,281984,262464,850688,0,1408,385600,0,0,0,0,0,0,0,0,0,0,0,0,0,0,417920,192,586,1420,3283502397,1388061401,829184,0
286,1116928,0,0,0,4096,8512,358976,412224,333120,313600,799872,0,1536,353408,0,0,0,0,0,0,0,0,0,0,0,0,0,0,412032,192,581,1405,1738099289,1888411557,791360,0
287,1677376,0,0,0,4096,21184,486848,868480,296768,276608,1397248,0,1472,481408,0,0,0,0,0,0,0,0,0,0,0,0,0,0,868288,192,570,1381,845596313,1957360699,1376064,0
288,1116480,0,0,0,10880,8384,503552,396736,196928,176832,936064,0,1472,497984,0,0,0,0,0,0,0,0,0,0,0,0,0,0,396608,128,567,1370,642622376,465590254,927680,0
289,1116864,0,0,0,4928,9856,507968,393216,200896,180864,932352,0,1472,502528,0,0,0,0,0,0,0,0,0,0,0,0,0,0,393024,192,557,1340,3013390960,4026986811,922496,0
290,2237248,0,0,0,10816,22208,699264,1204096,300864,280960,1952768,0,1536,693824,0,0,0,0,0,0,0,0,0,0,0,0,0,0,1203904,192,574,1394,348635183,3012940385,1930560,0
291,1116864,0,0,0,4224,22464,396928,365376,327872,308032,805312,0,1472,391424,0,0,0,0,0,0,0,0,0,0,0,0,0,0,365184,192,576,1387,2615785403,3170737738,782848,0
292,1116864,0,0,0,4224,22592,366784,351360,371904,352384,760896,0,1408,361280,0,0,0,0,0,0,0,0,0,0,0,0,0,0,351168,192,573,1367,3750031063,2802417708,738304,0
293,1116864,0,0,0,4096,8384,438208,351872,314304,294208,819136,0,1536,432704,0,0,0,0,0,0,0,0,0,0,0,0,0,0,351744,128,573,1372,1853637727,192492174,810752,0
294,1116864,0,0,0,6144,8640,371968,373952,356160,336064,777344,0,1472,366208,0,0,0,0,0,0,0,0,0,0,0,0,0,0,373760,192,581,1383,1918348819,3061005970,768704,0
295,1116672,0,0,0,6080,8704,426240,381632,294016,274496,838720,0,1536,420608,0,0,0,0,0,0,0,0,0,0,0,0,0,0,381440,192,577,1386,797467571,2115330911,830016,0
296,1116864,0,0,0,5376,8384,440000,355136,307968,288320,825024,0,1536,434496,0,0,0,0,0,0,0,0,0,0,0,0,0,0,355008,128,579,1378,3960016804,143431828,816640,0
297,1117248,0,0,0,4032,8320,407296,336832,360768,340544,773248,0,1472,401792,0,0,0,0,0,0,0,0,0,0,0,0,0,0,336704,128,564,1343,1572805977,4154353191,764928,0
298,1116352,0,0,0,4096,8384,473472,319680,310720,291136,821632,0,1408,468160,0,0,0,0,0,0,0,0,0,0,0,0,0,0,319488,192,578,1367,48521371,3990615341,813248,0
299,1116928,0,0,0,3968,8448,424128,302016,378368,358656,754752,0,1408,418496,0,0,0,0,0,0,0,0,0,0,0,0,0,0,301824,192,572,1358,2449425188,2204081767,746304,0
300,1116864,0,0,0,4096,22656,518976,347584,223552,197888,915456,0,1600,513600,0,0,0,0,0,0,0,0,0,0,0,0,0,0,347456,128,584,1382,2849492001,2898650776,892800,0
301,1116736,0,0,0,4160,22528,336704,383040,370304,350464,762816,0,1536,331136,0,0,0,0,0,0,0,0,0,0,0,0,0,0,382912,128,590,1394,2551935304,3253368556,740288,0
302,1117504,0,0,0,4160,21888,391232,415808,284416,264192,849856,0,1472,385664,0,0,0,0,0,0,0,0,0,0,0,0,0,0,415616,192,577,1382,2455526769,1326008085,827968,0
303,1116480,0,0,0,4160,8320,394240,422720,287040,267008,845952,0,1472,388672,0,0,0,0,0,0,0,0,0,0,0,0,0,0,422592,128,584,1407,2905650557,2183080749,837632,0
304,1116672,0,0,0,4224,9792,342592,435136,324928,305280,807872,0,1536,336960,0,0,0,0,0,0,0,0,0,0,0,0,0,0,434944,192,573,1376,3318841180,123153065,798080,0
305,1116608,0,0,0,4224,8512,401856,506752,195264,175552,937600,0,1472,396288,0,0,0,0,0,0,0,0,0,0,0,0,0,0,506624,128,568,1371,3662964502,3369137659,929088,0
306,1117056,0,0,0,8704,8768,511936,459392,128256,108736,1004608,0,1408,506560,0,0,0,0,0,0,0,0,0,0,0,0,0,0,459264,128,567,1358,3478353415,3324028236,995840,0
307,1116928,0,0,0,4160,8448,512128,462528,129664,109696,1003712,0,1536,506496,0,0,0,0,0,0,0,0,0,0,0,0,0,0,462336,192,562,1343,3189327389,2034698739,995264,0
308,1116992,0,0,0,4288,8576,507072,452992,144064,123968,989440,0,1472,501632,0,0,0,0,0,0,0,0,0,0,0,0,0,0,452800,192,543,1303,846963886,1265263755,980864,0
309,1677120,0,0,0,4288,22528,660864,936320,53120,32832,1640768,0,1536,655168,0,0,0,0,0,0,0,0,0,0,0,0,0,0,936192,128,561,1342,1092989899,438503257,1618240,0
310,1116736,0,0,0,5056,23168,400512,489856,198144,178048,935168,0,1600,394944,0,0,0,0,0,0,0,0,0,0,0,0,0,0,489664,192,558,1335,2209844012,2861864091,912000,0
311,1116928,0,0,0,4224,22272,393536,461120,235776,216064,897408,0,1600,387968,0,0,0,0,0,0,0,0,0,0,0,0,0,0,460928,192,562,1342,4066025870,315345845,875136,0
312,1116864,0,0,0,4288,8384,373760,460288,270144,250496,862912,0,1472,368192,0,0,0,0,0,0,0,0,0,0,0,0,0,0,460096,192,554,1331,1123196386,4271076935,854528,0
313,1116672,0,0,0,4224,8320,444736,466624,192768,173184,939968,0,1536,439104,0,0,0,0,0,0,0,0,0,0,0,0,0,0,466496,128,559,1350,3584463855,2209777004,931648,0
314,1117184,0,0,0,4288,8512,385728,455232,263424,243584,870080,0,1472,380096,0,0,0,0,0,0,0,0,0,0,0,0,0,0,455104,128,576,1371,3875099304,3814766705,861568,0
315,1116736,0,0,0,4224,8256,340928,419904,343424,323648,789632,0,1472,335232,0,0,0,0,0,0,0,0,0,0,0,0,0,0,419712,192,573,1371,2705277793,1386878361,781376,0
316,1116928,0,0,0,6336,8704,354496,384576,362816,337408,775808,0,1472,348800,0,0,0,0,0,0,0,0,0,0,0,0,0,0,384448,128,565,1347,413440700,1185285801,767104,0
317,1116800,0,0,0,6272,22784,332288,343296,412160,391936,721088,0,1536,326656,0,0,0,0,0,0,0,0,0,0,0,0,0,0,343104,192,557,1332,11657805,891645066,698304,0
318,1116608,0,0,0,5376,8320,271360,299840,531712,512000,601088,0,1536,265728,0,0,0,0,0,0,0,0,0,0,0,0,0,0,299648,192,550,1310,2961598052,2986818865,592768,0
319,1117440,0,0,0,4096,9728,448384,332096,323136,302912,811008,0,1472,442624,0,0,0,0,0,0,0,0,0,0,0,0,0,0,331968,128,553,1313,3251481951,2665201406,801280,0
320,1116672,0,0,0,6144,8576,332224,329472,440256,420480,692544,0,1472,326720,0,0,0,0,0,0,0,0,0,0,0,0,0,0,329280,192,562,1327,3060997818,133711246,683968,0
321,1677376,0,0,0,18560,22656,746368,443072,446720,426304,1247488,0,1472,740608,0,0,0,0,0,0,0,0,0,0,0,0,0,0,442944,128,561,1318,466261657,507001956,1224832,0
322,1116288,0,0,0,4288,8576,328640,337216,437568,417728,695040,0,1536,323008,0,0,0,0,0,0,0,0,0,0,0,0,0,0,336960,256,565,1325,752251622,2939874166,686464,0
323,1116608,0,0,0,4224,22848,331520,339712,418304,398848,714304,0,1536,325888,0,0,0,0,0,0,0,0,0,0,0,0,0,0,339520,192,564,1323,610053104,1390263368,691456,0
324,1116864,0,0,0,4288,8448,388672,383232,332224,312640,800704,0,1472,383232,0,0,0,0,0,0,0,0,0,0,0,0,0,0,383104,128,540,1279,1458767957,3770611191,792256,0
325,1116928,0,0,0,4288,8448,337536,364544,402112,382464,731008,0,1472,332032,0,0,0,0,0,0,0,0,0,0,0,0,0,0,364416,128,546,1290,1126031636,2500326429,722560,0
326,1116992,0,0,0,6336,8640,345920,339200,416896,397312,716096,0,1472,340416,0,0,0,0,0,0,0,0,0,0,0,0,0,0,339008,192,545,1292,2012080524,3714229084,707456,0
327,1116864,0,0,0,6208,8704,319808,345024,437120,417728,695616,0,1472,314240,0,0,0,0,0,0,0,0,0,0,0,0,0,0,344896,128,547,1292,828773085,1228795412,686912,0
328,1117376,0,0,0,5504,8448,438208,344576,320640,300480,813440,0,1472,432576,0,0,0,0,0,0,0,0,0,0,0,0,0,0,344384,192,542,1284,2461817251,1940659682,804992,0
329,1116736,0,0,0,4224,8384,423232,395648,285248,265280,847936,0,1408,417728,0,0,0,0,0,0,0,0,0,0,0,0,0,0,395456,192,540,1271,1668407247,822644947,839552,0
330,1116608,0,0,0,4160,8320,458112,340352,305664,285760,827328,0,1536,452736,0,0,0,0,0,0,0,0,0,0,0,0,0,0,340224,128,546,1272,649858421,703864542,819008,0
331,1676992,0,0,0,13568,23104,955456,461376,223488,203712,1469504,0,1536,949888,0,0,0,0,0,0,0,0,0,0,0,0,0,0,461248,128,547,1294,576623161,2946759307,1446400,0
332,1116800,0,0,0,6528,8640,584384,407104,110144,84672,1028416,0,1472,578752,0,0,0,0,0,0,0,0,0,0,0,0,0,0,406976,128,539,1273,2175000985,1847642862,1019776,0
333,1116800,0,0,0,7040,23936,567680,404672,113472,93888,1019264,0,1536,562048,0,0,0,0,0,0,0,0,0,0,0,0,0,0,404544,128,531,1250,2307977,3324569615,995328,0
334,1677120,0,0,0,5504,22720,729792,487808,431296,411776,1261696,0,1408,724416,0,0,0,0,0,0,0,0,0,0,0,0,0,0,487680,128,544,1285,86269545,1982491144,1238976,0
335,1116800,0,0,0,4288,22784,455104,437248,197376,177600,935680,0,1472,449600,0,0,0,0,0,0,0,0,0,0,0,0,0,0,437120,128,545,1285,3983285238,3141511497,912896,0
336,1116928,0,0,0,4224,22976,415424,402816,271488,251712,861632,0,1472,409856,0,0,0,0,0,0,0,0,0,0,0,0,0,0,402624,192,542,1269,3372208117,1031270178,838656,0
337,1116928,0,0,0,4224,8512,326464,402176,375552,355648,757824,0,1536,321024,0,0,0,0,0,0,0,0,0,0,0,0,0,0,402048,128,529,1245,644990243,253731248,749312,0
338,1117056,0,0,0,8896,8640,492736,429760,177024,156224,957184,0,1472,487232,0,0,0,0,0,0,0,0,0,0,0,0,0,0,429632,128,533,1254,2331488064,1476742086,948544,0
339,1116672,0,0,0,4352,8448,345600,420160,338112,318592,794496,0,1536,340032,0,0,0,0,0,0,0,0,0,0,0,0,0,0,419968,192,558,1282,1218982161,2037863434,786048,0
340,1116672,0,0,0,4288,8640,334016,405632,364096,344448,768640,0,1408,328640,0,0,0,0,0,0,0,0,0,0,0,0,0,0,405440,192,555,1278,1965820566,1509551154,760000,0
341,1117056,0,0,0,4416,8704,330688,363840,409408,389440,724096,0,1472,325184,0,0,0,0,0,0,0,0,0,0,0,0,0,0,363648,192,532,1235,2980750711,3819825519,715392,0
342,1116672,0,0,0,6272,8768,381056,361472,359104,339456,773696,0,1472,375424,0,0,0,0,0,0,0,0,0,0,0,0,0,0,361280,192,533,1224,3792479970,3447768586,764928,0
343,1117184,0,0,0,6272,8576,326848,321728,453760,433728,680000,0,1536,321216,0,0,0,0,0,0,0,0,0,0,0,0,0,0,321536,192,518,1201,3713071266,991631965,671424,0
344,1116864,0,0,0,5632,8320,334656,328896,439360,419648,693696,0,1408,329088,0,0,0,0,0,0,0,0,0,0,0,0,0,0,328704,192,528,1210,3513208817,21768139,685376,0
345,1116800,0,0,0,4224,8704,468288,326656,308928,289024,824192,0,1408,462848,0,0,0,0,0,0,0,0,0,0,0,0,0,0,326464,192,524,1205,3825473279,443003562,815488,0
346,1116928,0,0,0,4224,8384,339776,413632,350912,319232,794240,0,1536,334144,0,0,0,0,0,0,0,0,0,0,0,0,0,0,413440,192,483,1167,2899674821,2125088141,785856,0
347,1117248,0,0,0,6144,22208,372352,405632,310912,290880,822848,0,1408,366976,0,0,0,0,0,0,0,0,0,0,0,0,0,0,405440,192,478,1155,2552789446,1060053062,800640,0
348,1116416,0,0,0,6144,9792,393216,292224,415040,389440,723456,0,1408,387712,0,0,0,0,0,0,0,0,0,0,0,0,0,0,292032,192,484,1157,714055601,759846499,713664,0
349,1677760,0,0,0,5440,8512,574336,780224,309248,288960,1385280,0,1472,568768,0,0,0,0,0,0,0,0,0,0,0,0,0,0,780032,192,470,1143,707532638,229541330,1376768,0
350,1115968,0,0,0,4160,8448,395392,328704,379264,359744,752640,0,1600,389824,0,0,0,0,0,0,0,0,0,0,0,0,0,0,328512,192,484,1178,3248726864,3011441377,744192,0
351,1116928,0,0,0,9664,8704,468736,380800,249024,229120,884160,0,1408,463040,0,0,0,0,0,0,0,0,0,0,0,0,0,0,380608,192,495,1233,2506934964,3575073772,875456,0
352,1677952,0,0,0,5248,8640,812544,455488,396032,375424,1299008,0,1472,806912,0,0,0,0,0,0,0,0,0,0,0,0,0,0,455296,192,488,1195,3285682743,3748430181,1290368,0
353,1116032,0,0,0,5568,8512,633728,402240,65984,45952,1066432,0,1472,628224,0,0,0,0,0,0,0,0,0,0,0,0,0,0,402112,128,478,1188,2567220419,493020818,1057920,0
354,1677504,0,0,0,12672,22848,796992,469120,375872,355520,1318208,0,1472,791232,0,0,0,0,0,0,0,0,0,0,0,0,0,0,468928,192,483,1192,804138506,386680884,1295360,0
355,1116416,0,0,0,6976,22976,536832,421056,128576,108736,1004160,0,1472,531328,0,0,0,0,0,0,0,0,0,0,0,0,0,0,420864,192,486,1201,2922524783,3607665622,981184,0
356,1116672,0,0,0,5568,22848,434048,419840,234368,214848,898240,0,1472,428544,0,0,0,0,0,0,0,0,0,0,0,0,0,0,419648,192,485,1205,4157165051,493689470,875392,0
357,1117312,0,0,0,4352,8576,349440,384128,370816,350720,763008,0,1472,344000,0,0,0,0,0,0,0,0,0,0,0,0,0,0,383936,192,480,1177,194173819,1975765436,754432,0
358,1116352,0,0,0,4224,8448,325376,389312,388992,369280,743552,0,1536,319808,0,0,0,0,0,0,0,0,0,0,0,0,0,0,389184,128,483,1184,3217538398,1849817093,735104,0
359,1116928,0,0,0,4288,8896,298560,343040,462144,442304,671040,0,1472,293056,0,0,0,0,0,0,0,0,0,0,0,0,0,0,342912,128,492,1198,2182603583,1510150276,662144,0
360,1116736,0,0,0,4352,8640,294336,352768,456640,436928,676352,0,1408,288896,0,0,0,0,0,0,0,0,0,0,0,0,0,0,352576,192,484,1193,1312897985,1367464031,667712,0
361,1116992,0,0,0,4288,8576,294272,334592,475264,455424,658048,0,1472,288832,0,0,0,0,0,0,0,0,0,0,0,0,0,0,334400,192,489,1181,752734486,2572015341,649472,0
362,1116736,0,0,0,4352,9920,310464,332992,459008,439488,673792,0,1408,304896,0,0,0,0,0,0,0,0,0,0,0,0,0,0,332864,128,482,1176,509182468,1570556335,663872,0
363,1117248,0,0,0,4288,8576,392576,353728,358080,337856,775936,0,1536,386880,0,0,0,0,0,0,0,0,0,0,0,0,0,0,353536,192,483,1161,582001838,1533425702,767360,0
364,1116288,0,0,0,6272,8832,356800,321024,423360,397632,715008,0,1536,351360,0,0,0,0,0,0,0,0,0,0,0,0,0,0,320832,192,484,1166,1813733804,1527875782,706176,0
365,1116992,0,0,0,6912,8640,328000,313664,459776,439808,673664,0,1408,322560,0,0,0,0,0,0,0,0,0,0,0,0,0,0,313536,128,481,1158,1642498727,2636110309,665024,0
366,1116800,0,0,0,6336,8384,287232,333504,481344,461504,651840,0,1472,281792,0,0,0,0,0,0,0,0,0,0,0,0,0,0,333312,192,476,1148,3057218307,3460540568,643456,0
367,1116928,0,0,0,3968,8448,291968,293376,519168,499456,613888,0,1472,286528,0,0,0,0,0,0,0,0,0,0,0,0,0,0,293184,192,474,1137,1307941737,1036977263,605440,0
368,1116736,0,0,0,4032,8576,284800,291776,527552,508096,605184,0,1536,279296,0,0,0,0,0,0,0,0,0,0,0,0,0,0,291584,192,473,1136,4139829744,3705535440,596608,0
369,1116992,0,0,0,4032,8576,281152,291136,532096,512768,600704,0,1472,275584,0,0,0,0,0,0,0,0,0,0,0,0,0,0,290944,192,473,1132,88041536,3550888285,592128,0
370,1117056,0,0,0,4032,8576,305152,301056,498240,478464,635136,0,1472,299456,0,0,0,0,0,0,0,0,0,0,0,0,0,0,300864,192,481,1143,720537615,1978011399,626560,0
371,1116736,0,0,0,4032,8576,286784,301440,515904,495936,617280,0,1536,281344,0,0,0,0,0,0,0,0,0,0,0,0,0,0,301248,192,480,1144,1853833425,615986709,608704,0
372,1117120,0,0,0,6144,8320,438208,362816,301632,281408,832192,0,1408,432640,0,0,0,0,0,0,0,0,0,0,0,0,0,0,362624,192,473,1140,509716098,3923775576,823872,0
373,1116416,0,0,0,6080,8512,308992,292416,500416,480768,632064,0,1408,303680,0,0,0,0,0,0,0,0,0,0,0,0,0,0,292224,192,479,1149,3080928004,998036645,623552,0
374,1116864,0,0,0,7488,8448,294272,294848,511808,491712,621568,0,1408,288704,0,0,0,0,0,0,0,0,0,0,0,0,0,0,294656,192,487,1176,2449234097,172976906,613120,0
375,1117504,0,0,0,4480,8512,412032,353792,338688,318080,795904,0,1408,406336,0,0,0,0,0,0,0,0,0,0,0,0,0,0,353600,192,487,1170,3664470107,1859848396,787392,0
376,1115904,0,0,0,2560,8512,305152,314048,485632,465856,646592,0,1472,299520,0,0,0,0,0,0,0,0,0,0,0,0,0,0,313920,128,490,1182,2331349591,1664760928,638080,0
377,1117184,0,0,0,2496,23680,346880,301376,442752,422784,690944,0,1408,341376,0,0,0,0,0,0,0,0,0,0,0,0,0,0,301248,128,484,1175,1067049583,1216187125,667264,0
378,1117184,0,0,0,8256,8448,530112,401856,168512,147648,965952,0,1536,524544,0,0,0,0,0,0,0,0,0,0,0,0,0,0,401728,128,497,1212,3002196695,99996979,957504,0
379,1116800,0,0,0,3904,8640,306496,344000,453760,433472,679744,0,1472,300992,0,0,0,0,0,0,0,0,0,0,0,0,0,0,343808,192,488,1194,3164031568,3972520491,671104,0
380,1116288,0,0,0,3968,8384,315776,342144,446016,420800,692032,0,1536,310272,0,0,0,0,0,0,0,0,0,0,0,0,0,0,342016,128,506,1232,4233954517,893592491,683648,0
381,1117056,0,0,0,3904,8704,327360,351040,426048,406400,707200,0,1536,321728,0,0,0,0,0,0,0,0,0,0,0,0,0,0,350848,192,504,1239,1064419734,3644285068,698496,0
382,1116992,0,0,0,3968,8448,358016,351296,395264,372928,740544,0,1472,352512,0,0,0,0,0,0,0,0,0,0,0,0,0,0,351104,192,510,1247,235152046,2626920863,732096,0
383,1117056,0,0,0,5888,8832,360768,353984,387584,367616,745856,0,1536,355200,0,0,0,0,0,0,0,0,0,0,0,0,0,0,353856,128,506,1245,2303805905,3723970764,737024,0
384,1116800,0,0,0,6080,8576,316864,318016,467264,447232,666112,0,1472,311360,0,0,0,0,0,0,0,0,0,0,0,0,0,0,317888,128,472,1156,1657803177,2135009242,657536,0
385,1116992,0,0,0,2560,8448,295808,316672,493504,473472,640064,0,1472,290176,0,0,0,0,0,0,0,0,0,0,0,0,0,0,316480,192,491,1206,1874375954,410938559,631616,0
386,1117056,0,0,0,2496,8576,372800,343936,389248,368960,744704,0,1536,367168,0,0,0,0,0,0,0,0,0,0,0,0,0,0,343808,128,493,1196,1410108154,1606888117,736128,0
387,1116480,0,0,0,2496,8576,328256,349184,427968,408448,704512,0,1536,322560,0,0,0,0,0,0,0,0,0,0,0,0,0,0,348992,192,508,1244,329468158,2064907879,695936,0
388,1116800,0,0,0,3904,8832,506432,365184,232448,212672,900544,0,1536,500864,0,0,0,0,0,0,0,0,0,0,0,0,0,0,365056,128,500,1228,1172775655,1794704160,891712,0
389,1116864,0,0,0,3904,22848,517504,519168,53440,33728,1079616,0,1408,512064,0,0,0,0,0,0,0,0,0,0,0,0,0,0,519040,128,510,1254,2169636945,1379347121,1056768,0
390,1116864,0,0,0,3968,8384,265792,416512,422208,403008,710336,0,1408,260352,0,0,0,0,0,0,0,0,0,0,0,0,0,0,416384,128,508,1244,3376153306,2765023578,701952,0
391,1116736,0,0,0,3904,23424,260672,394496,434240,414720,698496,0,1408,255232,0,0,0,0,0,0,0,0,0,0,0,0,0,0,394368,128,512,1243,524914762,3593514564,675072,0
392,1117056,0,0,0,13440,10176,522176,448064,123200,102720,1010240,0,1536,516544,0,0,0,0,0,0,0,0,0,0,0,0,0,0,447872,192,525,1279,1671474122,3244948464,1000064,0
393,1116992,0,0,0,4096,9024,403136,448384,252352,232640,880256,0,1536,397440,0,0,0,0,0,0,0,0,0,0,0,0,0,0,448192,192,535,1300,404523266,2049931458,871232,0
394,1116736,0,0,0,4160,9344,386112,432064,285056,265344,847232,0,1472,380608,0,0,0,0,0,0,0,0,0,0,0,0,0,0,431936,128,522,1275,955900628,3810073174,837888,0
395,1119744,0,0,0,4160,9024,389952,436928,279680,257472,858176,0,1472,384192,0,0,0,0,0,0,0,0,0,0,0,0,0,0,436800,128,519,1263,1079341366,1744610326,849152,0
396,1114112,0,0,0,4992,9024,412800,463104,224192,198848,911232,0,1536,407168,0,0,0,0,0,0,0,0,0,0,0,0,0,0,462912,192,538,1318,169650400,2300024640,902208,0
397,1117056,0,0,0,4096,9024,394688,410688,298560,278784,834240,0,1536,389120,0,0,0,0,0,0,0,0,0,0,0,0,0,0,410560,128,523,1286,3199915790,1069069690,825216,0
398,1116736,0,0,0,4032,8576,397952,364416,341760,321728,791296,0,1408,392448,0,0,0,0,0,0,0,0,0,0,0,0,0,0,364224,192,502,1228,767586155,887004124,782720,0
399,1116672,0,0,0,3968,8512,364096,376256,363840,344384,768832,0,1408,358464,0,0,0,0,0,0,0,0,0,0,0,0,0,0,376064,192,497,1221,428323691,2090497359,760320,0
400,1116928,0,0,0,3904,8640,351488,362496,390400,370816,742656,0,1408,345920,0,0,0,0,0,0,0,0,0,0,0,0,0,0,362304,192,495,1221,2193847491,528001032,734016,0
401,1116928,0,0,0,3840,8512,338176,363392,403008,383360,730112,0,1472,332608,0,0,0,0,0,0,0,0,0,0,0,0,0,0,363200,192,502,1239,927505208,262582046,721600,0
402,1116928,0,0,0,3904,8576,322944,332096,449408,429568,683776,0,1472,317376,0,0,0,0,0,0,0,0,0,0,0,0,0,0,331904,192,490,1205,3256903527,365528051,675200,0
403,1116736,0,0,0,3904,8640,324160,322240,457792,437824,675392,0,1536,318656,0,0,0,0,0,0,0,0,0,0,0,0,0,0,322048,192,492,1195,4036249771,2070677504,666752,0
404,1116736,0,0,0,3840,8576,347264,332864,424192,404672,708480,0,1472,341632,0,0,0,0,0,0,0,0,0,0,0,0,0,0,332672,192,491,1196,2290532249,853102100,699904,0
405,1117120,0,0,0,3968,8384,383040,340352,381376,361984,751616,0,1408,377536,0,0,0,0,0,0,0,0,0,0,0,0,0,0,340160,192,499,1220,91571574,2363182867,743232,0
406,1116928,0,0,0,3904,8640,369792,329536,405056,385088,728256,0,1472,364416,0,0,0,0,0,0,0,0,0,0,0,0,0,0,329344,192,498,1217,3144779592,3512861564,719616,0
407,1116864,0,0,0,3840,22400,487488,424256,178880,158912,954432,0,1408,481984,0,0,0,0,0,0,0,0,0,0,0,0,0,0,424064,192,512,1264,1590966873,2108996141,932032,0
408,1116736,0,0,0,3968,9728,323712,342784,436544,416768,696512,0,1472,318208,0,0,0,0,0,0,0,0,0,0,0,0,0,0,342656,128,512,1264,1839286353,4130295152,686784,0
409,1117056,0,0,0,3968,8448,304896,331072,468672,449024,664512,0,1408,299392,0,0,0,0,0,0,0,0,0,0,0,0,0,0,330880,192,506,1248,2963870386,1993476704,656064,0
410,1116672,0,0,0,4032,8704,424064,433472,246400,227136,885888,0,1472,418624,0,0,0,0,0,0,0,0,0,0,0,0,0,0,433280,192,540,1354,1703366169,2768451453,877184,0
411,1117248,0,0,0,4096,8576,404032,401472,299072,279040,834688,0,1472,398592,0,0,0,0,0,0,0,0,0,0,0,0,0,0,401280,192,532,1359,4176060582,1214390379,826112,0
412,1116544,0,0,0,11968,8832,553024,426304,116416,91072,1021760,0,1536,547456,0,0,0,0,0,0,0,0,0,0,0,0,0,0,426112,192,537,1376,838446676,509976849,1012928,0
413,1116800,0,0,0,4160,8448,461184,383616,259392,239552,873664,0,1536,455552,0,0,0,0,0,0,0,0,0,0,0,0,0,0,383424,192,534,1352,1039424534,1904401552,865216,0
414,1116928,0,0,0,4160,8512,406336,386752,311168,291584,821888,0,1408,400768,0,0,0,0,0,0,0,0,0,0,0,0,0,0,386560,192,519,1330,3438764473,1392293082,813376,0
415,1116992,0,0,0,6272,8832,356928,387584,357376,337728,775744,0,1472,351360,0,0,0,0,0,0,0,0,0,0,0,0,0,0,387392,192,533,1348,707699652,3125241749,766912,0
416,1116736,0,0,0,6336,8512,372288,364480,365120,345472,767680,0,1536,366848,0,0,0,0,0,0,0,0,0,0,0,0,0,0,364352,128,531,1347,2523699656,1946639398,759168,0
417,1117504,0,0,0,3968,8384,360512,360256,384384,364416,749632,0,1472,354752,0,0,0,0,0,0,0,0,0,0,0,0,0,0,360128,128,533,1371,1652087783,2644202904,741248,0
418,1116416,0,0,0,4864,8448,374464,331264,397376,377728,735104,0,1472,369088,0,0,0,0,0,0,0,0,0,0,0,0,0,0,331136,128,522,1326,1425376370,3231995955,726656,0
419,1116800,0,0,0,4032,8640,369024,331456,403648,383808,729472,0,1408,363456,0,0,0,0,0,0,0,0,0,0,0,0,0,0,331264,192,525,1309,1348648895,3143417652,720832,0
420,1116864,0,0,0,4032,8704,372032,325824,406272,386752,726592,0,1472,366464,0,0,0,0,0,0,0,0,0,0,0,0,0,0,325696,128,524,1304,1024427610,2948276881,717888,0
421,1117120,0,0,0,4032,8704,370624,323712,410048,390016,723520,0,1472,365120,0,0,0,0,0,0,0,0,0,0,0,0,0,0,323584,128,553,1363,811324870,1933750481,714816,0
422,1116544,0,0,0,4032,8512,377152,329472,397376,377728,735296,0,1472,371392,0,0,0,0,0,0,0,0,0,0,0,0,0,0,329344,128,539,1337,125467537,1157048693,726784,0
423,1116864,0,0,0,4032,9856,469120,389248,244608,225088,888320,0,1408,463616,0,0,0,0,0,0,0,0,0,0,0,0,0,0,389056,192,535,1335,1170775118,217162198,878464,0
424,1117120,0,0,0,4032,8512,366912,328576,409088,389312,724352,0,1472,361536,0,0,0,0,0,0,0,0,0,0,0,0,0,0,328384,192,547,1346,2140820783,1700958072,715840,0
425,1116928,0,0,0,4096,8384,369600,307328,427520,407680,705728,0,1472,364096,0,0,0,0,0,0,0,0,0,0,0,0,0,0,307136,192,548,1346,2045474508,539462237,697344,0
426,1116800,0,0,0,3968,8512,391424,302464,410432,390592,722752,0,1600,385472,0,0,0,0,0,0,0,0,0,0,0,0,0,0,302272,192,540,1333,4240059279,4238478198,714240,0
427,1116864,0,0,0,3968,8448,380544,362560,361344,341632,771712,0,1408,375104,0,0,0,0,0,0,0,0,0,0,0,0,0,0,362368,192,527,1311,1857763206,300804863,763264,0
428,1116928,0,0,0,3968,8704,368768,292864,442624,417152,696192,0,1472,363328,0,0,0,0,0,0,0,0,0,0,0,0,0,0,292672,192,534,1301,3916440308,1767205860,687488,0
429,1117312,0,0,0,11200,8448,492416,358592,246656,226240,887552,0,1536,487040,0,0,0,0,0,0,0,0,0,0,0,0,0,0,358400,192,578,1378,1126549967,568412227,879104,0
430,1116288,0,0,0,4160,8704,392640,329728,381056,361344,751424,0,1472,387008,0,0,0,0,0,0,0,0,0,0,0,0,0,0,329536,192,578,1383,16031961,3083251346,742720,0
431,1116480,0,0,0,4096,8576,397824,321472,384512,364928,748032,0,1536,392320,0,0,0,0,0,0,0,0,0,0,0,0,0,0,321280,192,582,1387,3838332863,3671172792,739456,0
432,1117120,0,0,0,4096,8896,392128,321472,390528,370816,742784,0,1408,386688,0,0,0,0,0,0,0,0,0,0,0,0,0,0,321280,192,589,1398,2622417716,1878443684,733888,0
433,1116736,0,0,0,4096,8512,395392,321984,386752,366784,746496,0,1472,389952,0,0,0,0,0,0,0,0,0,0,0,0,0,0,321856,128,571,1379,859749050,862512909,737984,0
434,1116992,0,0,0,4096,8320,342976,322752,438848,419008,694464,0,1536,337408,0,0,0,0,0,0,0,0,0,0,0,0,0,0,322560,192,582,1379,1202947454,2514258508,686144,0
435,1117184,0,0,0,4032,8576,400832,346752,356992,336640,777088,0,1408,395392,0,0,0,0,0,0,0,0,0,0,0,0,0,0,346560,192,591,1421,1865576801,3307153188,768512,0
436,1116352,0,0,0,3968,8640,337856,343488,422400,402624,710208,0,1472,332288,0,0,0,0,0,0,0,0,0,0,0,0,0,0,343296,192,585,1408,3305983663,2797549574,701568,0
437,1116928,0,0,0,4032,22464,432832,347072,310528,290496,822848,0,1472,427328,0,0,0,0,0,0,0,0,0,0,0,0,0,0,346880,192,594,1412,2639835346,3360576832,800384,0
438,1117248,0,0,0,4096,8448,420096,336320,348288,327808,785984,0,1408,414656,0,0,0,0,0,0,0,0,0,0,0,0,0,0,336128,192,607,1439,157079876,3818874435,777536,0
439,1116288,0,0,0,4032,9728,359616,335808,407104,387392,725440,0,1472,353984,0,0,0,0,0,0,0,0,0,0,0,0,0,0,335680,128,601,1436,3090560941,941150789,715712,0
440,1116800,0,0,0,4096,8576,356160,356416,391552,371776,741568,0,1408,350784,0,0,0,0,0,0,0,0,0,0,0,0,0,0,356288,128,597,1423,424717567,3366496811,732992,0
441,1116864,0,0,0,4864,8640,350400,344896,408064,388224,725120,0,1472,344960,0,0,0,0,0,0,0,0,0,0,0,0,0,0,344704,192,591,1415,1303430500,2208806974,716480,0
442,1116992,0,0,0,4096,8640,353024,341440,409792,389696,723776,0,1408,347648,0,0,0,0,0,0,0,0,0,0,0,0,0,0,341248,192,595,1428,1992395117,3980662804,715136,0
443,1116800,0,0,0,6016,8512,439360,370624,292288,272640,840640,0,1472,433664,0,0,0,0,0,0,0,0,0,0,0,0,0,0,370432,192,598,1430,4175779750,4115574658,832128,0
444,1117376,0,0,0,5120,8256,469440,360576,273984,247808,866112,0,1408,464000,0,0,0,0,0,0,0,0,0,0,0,0,0,0,360384,192,579,1389,2057233461,2400412170,857856,0
445,1116416,0,0,0,3968,8512,398336,313792,391808,371776,741120,0,1536,392832,0,0,0,0,0,0,0,0,0,0,0,0,0,0,313600,192,584,1389,1809501705,3226995246,732608,0
446,1116608,0,0,0,3904,8384,357120,323840,423360,404096,709056,0,1472,351552,0,0,0,0,0,0,0,0,0,0,0,0,0,0,323648,192,594,1411,2084845170,2516870582,700672,0
447,1117376,0,0,0,11840,8576,474752,336384,285824,265600,848128,0,1536,469184,0,0,0,0,0,0,0,0,0,0,0,0,0,0,336256,128,615,1449,165302641,1653796114,839552,0
448,1116544,0,0,0,4160,8704,333952,343680,426048,406400,706624,0,1472,328512,0,0,0,0,0,0,0,0,0,0,0,0,0,0,343488,192,615,1454,3201863152,3938973372,697920,0
449,1116736,0,0,0,4160,8576,345024,335616,423360,403584,709568,0,1536,339392,0,0,0,0,0,0,0,0,0,0,0,0,0,0,335424,192,612,1446,1180173283,1956911321,700992,0
450,1116800,0,0,0,4096,8576,394944,335040,374144,354432,758848,0,1408,389504,0,0,0,0,0,0,0,0,0,0,0,0,0,0,334912,128,594,1417,3795782219,237265627,750272,0
451,1117312,0,0,0,13248,8960,471040,354624,269440,249536,864064,0,1408,465472,0,0,0,0,0,0,0,0,0,0,0,0,0,0,354432,192,581,1412,3517684991,3156493213,855104,0
452,1116480,0,0,0,5312,22656,523200,389120,176192,156416,956544,0,1408,517696,0,0,0,0,0,0,0,0,0,0,0,0,0,0,388928,192,579,1417,3463648628,389478290,933888,0
453,1116864,0,0,0,6464,23616,448384,406848,231552,212224,901056,0,1472,442944,0,0,0,0,0,0,0,0,0,0,0,0,0,0,406656,192,594,1446,426836431,2278893248,877440,0
454,1116736,0,0,0,6848,23616,352832,409408,324032,304640,808512,0,1408,347456,0,0,0,0,0,0,0,0,0,0,0,0,0,0,409216,192,600,1464,3473582211,2718758861,784896,0
455,1116672,0,0,0,6976,8640,383360,452224,265472,245632,867392,0,1472,377728,0,0,0,0,0,0,0,0,0,0,0,0,0,0,452032,192,605,1476,2972230978,2450250458,858752,0
456,1117120,0,0,0,5440,8704,392064,464256,246656,226688,886848,0,1536,386624,0,0,0,0,0,0,0,0,0,0,0,0,0,0,464128,128,599,1462,3503711102,2618580231,878144,0
457,1116864,0,0,0,4160,8192,445888,501568,157056,137088,976320,0,1536,440448,0,0,0,0,0,0,0,0,0,0,0,0,0,0,501440,128,585,1435,3002718804,3876957928,968128,0
458,1116672,0,0,0,6144,8640,559808,470720,71360,51584,1061568,0,1472,554368,0,0,0,0,0,0,0,0,0,0,0,0,0,0,470528,192,588,1447,2271957104,2718895689,1052928,0
459,1117120,0,0,0,6144,8448,467264,455808,179456,159296,954304,0,1408,461888,0,0,0,0,0,0,0,0,0,0,0,0,0,0,455680,128,606,1467,157341888,2217259476,945856,0
460,1116480,0,0,0,6912,8640,340672,447360,312896,287424,825344,0,1472,335040,0,0,0,0,0,0,0,0,0,0,0,0,0,0,447168,192,584,1424,4004310536,586669393,816704,0
461,1116864,0,0,0,6272,8640,329664,431360,340928,321216,792064,0,1408,324224,0,0,0,0,0,0,0,0,0,0,0,0,0,0,431168,192,579,1414,2501126126,3343362919,783424,0
462,1677440,0,0,0,13248,23232,723648,454016,463296,440832,1232448,0,1600,717376,0,0,0,0,0,0,0,0,0,0,0,0,0,0,453824,192,575,1400,2460485232,1604477791,1209216,0
463,1116288,0,0,0,4928,22912,424064,490432,173952,154496,958208,0,1536,418560,0,0,0,0,0,0,0,0,0,0,0,0,0,0,490240,192,583,1417,3643596241,3116126998,935296,0
464,1677056,0,0,0,11776,22592,598080,499456,545152,525696,1147712,0,1536,592512,0,0,0,0,0,0,0,0,0,0,0,0,0,0,499264,192,584,1423,3511990405,2259220411,1125120,0
465,1116864,0,0,0,4288,8576,511424,497024,95552,75712,1037632,0,1536,505984,0,0,0,0,0,0,0,0,0,0,0,0,0,0,496832,192,587,1425,1055622537,569094975,1029056,0
466,1116928,0,0,0,4864,8512,537664,500928,64960,44992,1068416,0,1536,532160,0,0,0,0,0,0,0,0,0,0,0,0,0,0,500736,192,587,1417,419507712,3109834274,1059904,0
467,1677056,0,0,0,4352,23040,581952,509696,558016,538176,1135296,0,1472,576384,0,0,0,0,0,0,0,0,0,0,0,0,0,0,509504,192,593,1458,2691485967,1336578435,1112256,0
468,1116800,0,0,0,4288,9664,565952,468736,68160,48448,1064896,0,1472,560320,0,0,0,0,0,0,0,0,0,0,0,0,0,0,468544,192,580,1431,2985521331,337789907,1055232,0
469,1116864,0,0,0,4416,8320,528320,444224,131584,112064,1001280,0,1472,522752,0,0,0,0,0,0,0,0,0,0,0,0,0,0,444032,192,592,1436,908165223,3633334354,992960,0
470,1116672,0,0,0,6656,8384,505920,425408,170304,150720,962432,0,1472,500416,0,0,0,0,0,0,0,0,0,0,0,0,0,0,425280,128,596,1429,3969462290,2211421170,954048,0
471,1116928,0,0,0,7296,8448,399744,414336,287104,267200,846080,0,1536,394240,0,0,0,0,0,0,0,0,0,0,0,0,0,0,414144,192,592,1423,476136440,2469346990,837632,0
472,1116992,0,0,0,5440,8576,413632,407552,281792,261888,851584,0,1472,408128,0,0,0,0,0,0,0,0,0,0,0,0,0,0,407360,192,595,1432,1865255202,1203921685,843008,0
473,1116928,0,0,0,4096,8512,430464,405184,268672,248896,864512,0,1536,424960,0,0,0,0,0,0,0,0,0,0,0,0,0,0,404992,192,596,1441,2556848600,264691155,856000,0
474,1116800,0,0,0,4032,8384,496256,418496,189632,169984,943296,0,1408,490816,0,0,0,0,0,0,0,0,0,0,0,0,0,0,418304,192,592,1442,4212949903,2697186144,934912,0
475,1116864,0,0,0,4096,8384,395072,391744,317568,297920,815424,0,1472,389568,0,0,0,0,0,0,0,0,0,0,0,0,0,0,391552,192,575,1408,1778240175,1903653021,807040,0
476,1117056,0,0,0,5952,8320,395456,391168,316160,290368,823168,0,1472,390080,0,0,0,0,0,0,0,0,0,0,0,0,0,0,390976,192,577,1415,3218242404,1076172364,814848,0
477,1117440,0,0,0,6208,8832,426176,357824,318400,298176,815680,0,1408,420736,0,0,0,0,0,0,0,0,0,0,0,0,0,0,357632,192,577,1412,1130488463,1958417928,806848,0
478,1116224,0,0,0,3904,8448,443840,389888,270144,250560,862208,0,1408,438272,0,0,0,0,0,0,0,0,0,0,0,0,0,0,389696,192,582,1426,1509102502,488855679,853760,0
479,1116992,0,0,0,3904,8384,403328,322944,378432,358720,754752,0,1536,397888,0,0,0,0,0,0,0,0,0,0,0,0,0,0,322752,192,591,1439,96536833,2082025922,746368,0
480,1116864,0,0,0,3968,8512,379648,329728,395008,375232,738176,0,1536,374144,0,0,0,0,0,0,0,0,0,0,0,0,0,0,329536,192,592,1442,3647242656,2326189011,729664,0
481,1116864,0,0,0,3968,8448,331648,358464,414336,394624,718720,0,1536,326272,0,0,0,0,0,0,0,0,0,0,0,0,0,0,358336,128,590,1435,439575505,3582665410,710272,0
482,1118912,0,0,0,3968,8832,458624,327168,320320,298688,816704,0,1536,453056,0,0,0,0,0,0,0,0,0,0,0,0,0,0,326976,192,594,1440,503810310,809740374,807872,0
483,1116160,0,0,0,3904,8768,345408,332224,425856,404544,708160,0,1472,339776,0,0,0,0,0,0,0,0,0,0,0,0,0,0,332032,192,594,1438,4187248670,4030669782,699392,0
484,1116992,0,0,0,4800,9792,343552,319936,438912,417600,695936,0,1472,337984,0,0,0,0,0,0,0,0,0,0,0,0,0,0,319744,192,598,1448,700858099,3993287143,686144,0
485,1117440,0,0,0,3968,8832,399360,317696,387584,365568,748352,0,1408,393920,0,0,0,0,0,0,0,0,0,0,0,0,0,0,317568,128,599,1448,1749112217,781619713,739520,0
486,1116288,0,0,0,3968,8896,418880,327040,357504,335936,776832,0,1536,413248,0,0,0,0,0,0,0,0,0,0,0,0,0,0,326848,192,604,1452,4113476469,2763550233,767936,0
487,1116544,0,0,0,5888,8896,313472,327424,460864,439680,673280,0,1536,307904,0,0,0,0,0,0,0,0,0,0,0,0,0,0,327232,192,604,1454,1882980064,3060092746,664384,0
488,1116992,0,0,0,6336,8896,302208,326144,473408,452160,661312,0,1536,296704,0,0,0,0,0,0,0,0,0,0,0,0,0,0,325952,192,599,1449,1927216223,1385895587,652416,0
489,1116800,0,0,0,4416,8768,293504,318400,491712,470272,643008,0,1472,288128,0,0,0,0,0,0,0,0,0,0,0,0,0,0,318272,128,602,1453,938339885,699913969,634240,0
490,1116608,0,0,0,2624,8896,300352,318208,486528,465408,647680,0,1536,294784,0,0,0,0,0,0,0,0,0,0,0,0,0,0,318016,192,598,1453,4257877714,2876684167,638784,0
491,1117184,0,0,0,2560,8768,383872,319680,402304,380352,733312,0,1408,378240,0,0,0,0,0,0,0,0,0,0,0,0,0,0,319488,192,595,1443,1798937160,3210060424,724544,0
492,1116736,0,0,0,10112,8832,419456,327616,350720,323584,789632,0,1472,414080,0,0,0,0,0,0,0,0,0,0,0,0,0,0,327488,128,606,1439,2571136696,2878608153,780800,0
493,1117056,0,0,0,3968,8960,381888,326848,395392,374080,739456,0,1472,376512,0,0,0,0,0,0,0,0,0,0,0,0,0,0,326656,192,619,1460,3041963811,1190831830,730496,0
494,1116736,0,0,0,3904,8960,385536,325760,392576,370944,742336,0,1472,379968,0,0,0,0,0,0,0,0,0,0,0,0,0,0,325632,128,605,1430,2875492832,3709214664,733376,0
495,1117056,0,0,0,3840,8960,347648,319488,437120,415744,697856,0,1408,342080,0,0,0,0,0,0,0,0,0,0,0,0,0,0,319296,192,597,1409,3633944763,133934124,688896,0
496,1117504,0,0,0,8704,9088,484416,381824,233472,211200,902592,0,1536,478784,0,0,0,0,0,0,0,0,0,0,0,0,0,0,381696,128,632,1498,3180491901,1097676988,893504,0
497,1116032,0,0,0,4032,22720,347776,380544,360960,339776,772800,0,1536,342144,0,0,0,0,0,0,0,0,0,0,0,0,0,0,380416,128,633,1506,824288334,3364257236,750080,0
498,1116992,0,0,0,4096,8832,381056,376704,346304,324992,788416,0,1472,375680,0,0,0,0,0,0,0,0,0,0,0,0,0,0,376512,192,613,1483,4257497806,2039993058,779584,0
499,1116864,0,0,0,9728,10496,532608,381376,182656,161344,951488,0,1536,526912,0,0,0,0,0,0,0,0,0,0,0,0,0,0,381184,192,618,1484,722503802,1602235829,940992,0
500,1116992,0,0,0,4160,8896,359040,378368,366528,345088,768384,0,1408,353600,0,0,0,0,0,0,0,0,0,0,0,0,0,0,378240,128,617,1478,1221266185,2104304884,759488,0
501,1116992,0,0,0,6144,8768,364224,380096,357760,336448,776960,0,1536,358720,0,0,0,0,0,0,0,0,0,0,0,0,0,0,379968,128,612,1466,2662358337,575451314,768192,0
502,1116608,0,0,0,6336,8896,367808,356608,376960,355392,757696,0,1536,362304,0,0,0,0,0,0,0,0,0,0,0,0,0,0,356416,192,610,1436,3264451151,202349050,748800,0
503,1116672,0,0,0,3968,8704,352320,354816,396864,375488,737664,0,1408,346880,0,0,0,0,0,0,0,0,0,0,0,0,0,0,354688,128,606,1432,1274800823,4246131546,728960,0
504,1116928,0,0,0,4032,8832,347392,416896,339776,318784,794624,0,1536,341760,0,0,0,0,0,0,0,0,0,0,0,0,0,0,416704,192,597,1423,2300302731,1367807975,785792,0
505,1677120,0,0,0,8768,9280,504128,749952,404992,378176,1294848,0,1472,498496,0,0,0,0,0,0,0,0,0,0,0,25024,0,0,749760,192,617,1467,798392064,2493101242,1285568,0
506,1116928,0,0,0,5056,9088,375936,513536,213312,191872,921088,0,1472,370176,0,0,0,0,0,0,0,0,0,0,0,0,0,0,513408,128,604,1450,3232342550,1069070398,912000,0
507,1116800,0,0,0,6400,9152,381504,468096,251648,230208,882560,0,1472,375872,0,0,0,0,0,0,0,0,0,0,0,0,0,0,467904,192,612,1471,3561352328,1613564162,873408,0
508,1115392,0,0,0,6656,8768,403456,479552,216960,197184,914368,0,1408,398016,0,0,0,0,0,0,0,0,0,0,0,0,0,0,479424,128,625,1487,1082230103,2015674753,905600,0
509,1116736,0,0,0,5888,9024,482304,416512,203008,177344,935360,0,1408,476352,0,0,0,0,0,0,0,0,0,0,0,0,0,0,416320,192,603,1453,2942753308,2026498618,926336,0
510,1116928,0,0,0,4032,8896,322176,419840,361984,339392,773632,0,1472,316608,0,0,0,0,0,0,0,0,0,0,0,0,0,0,419712,128,591,1428,3497531984,2207148541,764736,0
511,1116992,0,0,0,6016,8960,318976,412416,370624,350592,762368,0,1536,313152,0,0,0,0,0,0,0,0,0,0,0,0,0,0,412224,192,597,1420,3754116546,68245744,753408,0
512,1116864,0,0,0,6080,8960,325184,397376,379264,359488,753344,0,1472,319680,0,0,0,0,0,0,0,0,0,0,0,0,0,0,397184,192,604,1437,573968409,848198137,744384,0
513,1116800,0,0,0,6720,9344,418560,427072,255104,235520,877184,0,1536,412864,0,0,0,0,0,0,0,0,0,0,0,0,0,0,426944,128,599,1418,2071205611,402577635,867840,0
514,1116864,0,0,0,4480,10176,334976,397952,369280,349632,763264,0,1408,329408,0,0,0,0,0,0,0,0,0,0,0,0,0,0,397824,128,601,1434,337712094,4259445766,753088,0
515,1116800,0,0,0,2560,8896,325952,401216,378176,358528,754368,0,1472,320384,0,0,0,0,0,0,0,0,0,0,0,0,0,0,401024,192,586,1411,3626410374,3891310632,745472,0
516,1116928,0,0,0,2560,8768,334016,387968,383616,363968,749120,0,1472,328320,0,0,0,0,0,0,0,0,0,0,0,0,0,0,387776,192,585,1405,612601026,1342616027,740352,0
517,1116992,0,0,0,2624,8896,327680,390400,387392,367552,745536,0,1472,322048,0,0,0,0,0,0,0,0,0,0,0,0,0,0,390208,192,591,1419,2406570227,3981238716,736640,0
518,1116992,0,0,0,2624,8832,588224,388928,128384,108416,1004608,0,1536,582720,0,0,0,0,0,0,0,0,0,0,0,0,0,0,388800,128,605,1435,2722872716,2483687529,995776,0
519,1116608,0,0,0,2560,9024,414976,409856,280192,260352,852288,0,1536,409536,0,0,0,0,0,0,0,0,0,0,0,0,0,0,409664,192,614,1461,2247068228,652019375,843264,0
520,1117056,0,0,0,2560,9152,520000,412928,172416,152704,960448,0,1536,514496,0,0,0,0,0,0,0,0,0,0,0,0,0,0,412736,192,623,1473,3081159640,255554023,951296,0
521,1116736,0,0,0,2496,9024,328320,391872,385024,365120,747712,0,1536,322752,0,0,0,0,0,0,0,0,0,0,0,0,0,0,391680,192,616,1464,2022178364,1017034176,738688,0
522,1117056,0,0,0,2560,8960,328320,384320,392896,373312,739776,0,1472,322752,0,0,0,0,0,0,0,0,0,0,0,0,0,0,384128,192,608,1445,1815635687,934845126,730816,0
523,1116928,0,0,0,9344,8960,422912,394432,281280,261312,851712,0,1408,417408,0,0,0,0,0,0,0,0,0,0,0,0,0,0,394240,192,611,1442,855601951,3659357522,842752,0
524,1116800,0,0,0,3904,9024,334528,405376,363968,343936,768896,0,1536,329024,0,0,0,0,0,0,0,0,0,0,0,0,0,0,405184,192,614,1450,1488980460,4075769853,759872,0
525,1116736,0,0,0,3968,8832,341696,413888,348352,323008,789824,0,1408,336256,0,0,0,0,0,0,0,0,0,0,0,0,0,0,413696,192,612,1443,3745616903,1706040277,780992,0
526,1116864,0,0,0,3904,8896,331904,400896,371264,351552,761472,0,1472,326400,0,0,0,0,0,0,0,0,0,0,0,0,0,0,400704,192,614,1447,679265308,1948434965,752576,0
527,1116992,0,0,0,4800,22784,440832,407424,241152,221568,891392,0,1472,435200,0,0,0,0,0,0,0,0,0,0,0,0,0,0,407232,192,613,1458,143245245,219873679,868608,0
528,1116736,0,0,0,3968,8960,347776,403456,352576,332672,780096,0,1536,342208,0,0,0,0,0,0,0,0,0,0,0,0,0,0,403264,192,606,1451,2636764400,356546246,771136,0
529,1116864,0,0,0,3904,10304,331328,395776,375552,355840,757056,0,1408,325888,0,0,0,0,0,0,0,0,0,0,0,0,0,0,395648,128,601,1446,3006304869,1212257051,746752,0
530,1116800,0,0,0,9536,8896,479232,420096,199040,179520,933248,0,1472,473664,0,0,0,0,0,0,0,0,0,0,0,0,0,0,419904,192,599,1443,842074831,646847814,924352,0
531,1677696,0,0,0,23040,23104,883904,468608,279040,258496,1415040,0,1472,878208,0,0,0,0,0,0,0,0,0,0,0,0,0,0,468480,128,604,1446,2601702957,618579136,1391936,0
532,1116416,0,0,0,4480,23680,411392,370304,306560,286720,825600,0,1536,405760,0,0,0,0,0,0,0,0,0,0,0,0,0,0,370176,128,610,1471,574962146,2044182831,801920,0
533,1116864,0,0,0,6592,22976,501504,362560,223232,203392,909440,0,1536,495808,0,0,0,0,0,0,0,0,0,0,0,0,0,0,362368,192,588,1424,121753659,4112965341,886464,0
534,1116992,0,0,0,7424,8960,475648,367680,257280,236928,875968,0,1472,470208,0,0,0,0,0,0,0,0,0,0,0,0,0,0,367488,192,595,1441,439588150,3540571665,867008,0
535,1116800,0,0,0,8768,8704,434240,394560,270528,250304,862848,0,1408,428544,0,0,0,0,0,0,0,0,0,0,0,0,0,0,394368,192,602,1458,1687967173,1860842699,854144,0
536,1116864,0,0,0,6336,8512,424128,390656,287232,267072,846080,0,1472,418624,0,0,0,0,0,0,0,0,0,0,0,0,0,0,390464,192,601,1457,2120165824,1913814813,837568,0
537,1117056,0,0,0,4288,8512,640640,385600,78016,57856,1055680,0,1536,635072,0,0,0,0,0,0,0,0,0,0,0,0,0,0,385472,128,600,1471,1151353611,1699468941,1047168,0
538,1116352,0,0,0,4288,8576,553472,400832,149184,129280,983552,0,1472,547968,0,0,0,0,0,0,0,0,0,0,0,0,0,0,400704,128,611,1497,3382199115,339252337,974976,0
539,1116992,0,0,0,12416,8960,635776,429184,30656,10752,1102464,0,1472,630272,0,0,0,0,0,0,0,0,0,0,0,0,0,0,428992,192,614,1513,2625240964,3042504249,1093504,0
540,1677120,0,0,0,4416,8448,694464,406720,563072,543296,1130304,0,1600,688704,0,0,0,0,0,0,0,0,0,0,0,0,0,0,406528,192,593,1482,781686757,2340323887,1121856,0
541,1676928,0,0,0,4288,8512,712256,416640,535232,509568,1163904,0,1408,706624,0,0,0,0,0,0,0,0,0,0,0,0,0,0,416512,128,605,1487,436465646,1563476077,1155392,0
542,1677184,0,0,0,6336,24640,745280,614144,286784,266816,1406848,0,1472,739648,0,0,0,0,0,0,0,0,0,0,0,0,0,0,614016,128,589,1451,1350150585,1956040436,1382208,0
543,1116864,0,0,0,6336,23296,531072,413248,142912,122816,990528,0,1408,525440,0,0,0,0,0,0,0,0,0,0,0,0,0,0,413056,192,571,1412,1755027581,2459602083,967232,0
544,1116736,0,0,0,5568,23168,484416,409536,194048,174272,938816,0,1472,478848,0,0,0,0,0,0,0,0,0,0,0,0,0,0,409344,192,577,1404,1159092849,1527506656,915648,0
545,1116864,0,0,0,4224,8768,488256,383936,231680,211968,901376,0,1472,482688,0,0,0,0,0,0,0,0,0,0,0,0,0,0,383744,192,556,1357,273039614,96569816,892608,0
546,1116736,0,0,0,4224,8320,531648,377408,195136,174592,938688,0,1536,526016,0,0,0,0,0,0,0,0,0,0,0,0,0,0,377216,192,570,1369,3470874263,4105441514,930368,0
547,1116928,0,0,0,4224,8448,552512,391104,160640,140800,972544,0,1408,547008,0,0,0,0,0,0,0,0,0,0,0,0,0,0,390912,192,556,1338,1010797996,2757888318,964096,0
548,1116928,0,0,0,5120,8384,502336,384256,216832,197056,916416,0,1472,496768,0,0,0,0,0,0,0,0,0,0,0,0,0,0,384128,128,551,1329,1226448315,1096527386,908032,0
549,1116672,0,0,0,4352,8640,463872,365696,274112,254464,858688,0,1408,458624,0,0,0,0,0,0,0,0,0,0,0,0,0,0,365504,192,545,1318,3524088402,4178825380,850048,0
550,1117056,0,0,0,4288,8448,412480,379968,311872,292096,821504,0,1536,406784,0,0,0,0,0,0,0,0,0,0,0,0,0,0,379776,192,557,1335,1661590075,4147208377,813056,0
551,1117440,0,0,0,4288,8448,470784,383872,250048,229952,883968,0,1472,465344,0,0,0,0,0,0,0,0,0,0,0,0,0,0,383744,128,571,1371,3489203356,217764519,875520,0
552,1116288,0,0,0,11392,8576,536256,436608,123456,103744,1008832,0,1536,530752,0,0,0,0,0,0,0,0,0,0,0,0,0,0,436416,192,582,1441,863800796,1192013689,1000256,0
553,1116800,0,0,0,4544,8448,365504,399360,338944,319488,793792,0,1472,359872,0,0,0,0,0,0,0,0,0,0,0,0,0,0,399232,128,587,1449,3971597128,2962393906,785344,0
554,1116864,0,0,0,5440,8576,362624,407552,332672,312704,800704,0,1472,357120,0,0,0,0,0,0,0,0,0,0,0,0,0,0,407424,128,578,1416,1036531435,3533305138,792128,0
555,1116672,0,0,0,6464,8384,354048,387200,360576,340928,772224,0,1408,348544,0,0,0,0,0,0,0,0,0,0,0,0,0,0,387072,128,587,1423,3666411568,4031940589,763840,0
556,1116864,0,0,0,9856,8576,466304,415296,216832,197248,915904,0,1408,460608,0,0,0,0,0,0,0,0,0,0,0,0,0,0,415104,192,592,1414,3145015047,897757392,907328,0
557,1116800,0,0,0,6464,23616,331776,375872,379072,353536,759424,0,1536,326272,0,0,0,0,0,0,0,0,0,0,0,0,0,0,375680,192,582,1365,3869622362,3133209920,735808,0
558,1116864,0,0,0,6592,9728,392448,375936,332160,312384,800960,0,1472,387008,0,0,0,0,0,0,0,0,0,0,0,0,0,0,375744,192,565,1361,738998023,240713130,791232,0
559,1116608,0,0,0,5632,8448,347008,360000,395520,376000,737024,0,1472,341440,0,0,0,0,0,0,0,0,0,0,0,0,0,0,359808,192,570,1364,1465164611,4107196587,728576,0
560,1116992,0,0,0,4416,8384,420736,377472,305984,286336,827136,0,1536,415168,0,0,0,0,0,0,0,0,0,0,0,0,0,0,377280,192,573,1377,911837096,128439932,818752,0
561,1116928,0,0,0,5568,8384,345088,380800,377088,357312,755968,0,1472,339520,0,0,0,0,0,0,0,0,0,0,0,0,0,0,380608,192,570,1357,406269687,703438826,747584,0
562,1116928,0,0,0,6592,8960,388992,376064,336320,316288,796992,0,1408,383488,0,0,0,0,0,0,0,0,0,0,0,0,0,0,375872,192,567,1344,3378856631,3378751478,788032,0
563,1116800,0,0,0,5696,8512,312448,375680,414464,394240,718976,0,1408,306880,0,0,0,0,0,0,0,0,0,0,0,0,0,0,375488,192,561,1330,1474134485,3232691342,710464,0
564,1116928,0,0,0,4352,8320,376192,375296,352768,332800,780736,0,1408,370688,0,0,0,0,0,0,0,0,0,0,0,0,0,0,375104,192,568,1345,1949882076,1678031538,772416,0
565,1116672,0,0,0,4352,8704,422912,370176,310528,290624,822464,0,1472,417600,0,0,0,0,0,0,0,0,0,0,0,0,0,0,370048,128,565,1338,882325265,2656000087,813760,0
566,1116736,0,0,0,4352,8832,339840,366080,397632,378304,734848,0,1536,334336,0,0,0,0,0,0,0,0,0,0,0,0,0,0,365888,192,573,1363,2913910563,732077605,726016,0
567,1117184,0,0,0,9344,8512,404928,359552,334848,314624,798912,0,1408,399424,0,0,0,0,0,0,0,0,0,0,0,0,0,0,359360,192,576,1373,2741488276,2967371296,790400,0
568,1116800,0,0,0,6464,8832,319808,361152,420544,400896,712064,0,1472,314304,0,0,0,0,0,0,0,0,0,0,0,0,0,0,360960,192,582,1389,3431897866,3896316390,703232,0
569,1116992,0,0,0,6464,8768,326784,360192,414784,394304,718976,0,1472,321280,0,0,0,0,0,0,0,0,0,0,0,0,0,0,360000,192,588,1410,250485687,1447849768,710208,0
570,1116672,0,0,0,6592,8512,403712,360000,337856,318464,794560,0,1472,398144,0,0,0,0,0,0,0,0,0,0,0,0,0,0,359808,192,579,1384,4138888616,3046039001,786048,0
571,1116992,0,0,0,4416,8512,333312,364224,406528,386624,726848,0,1472,327808,0,0,0,0,0,0,0,0,0,0,0,0,0,0,364032,192,590,1406,393588983,1690250172,718336,0
572,1116800,0,0,0,10688,8448,450944,363072,283648,263232,849984,0,1536,445440,0,0,0,0,0,0,0,0,0,0,0,0,0,0,362880,192,605,1436,2170354814,683637763,841536,0
573,1116864,0,0,0,6464,9792,452224,350208,298176,272768,840576,0,1472,446656,0,0,0,0,0,0,0,0,0,0,0,0,0,0,350080,128,601,1440,3362953225,986676988,830784,0
574,1116736,0,0,0,6592,8576,377024,359168,365376,345536,767744,0,1600,371456,0,0,0,0,0,0,0,0,0,0,0,0,0,0,358976,192,592,1420,1505713484,2495425642,759168,0
575,1116928,0,0,0,6400,8832,369088,353344,379264,359488,753792,0,1472,363520,0,0,0,0,0,0,0,0,0,0,0,0,0,0,353152,192,596,1408,2939262528,4233972892,744960,0
576,1116736,0,0,0,5568,8640,327744,340352,434432,414976,698176,0,1472,322112,0,0,0,0,0,0,0,0,0,0,0,0,0,0,340160,192,594,1404,1889963926,2844215957,689536,0
577,1116992,0,0,0,4224,8704,370368,351872,381824,361984,751552,0,1536,364864,0,0,0,0,0,0,0,0,0,0,0,0,0,0,351744,128,589,1393,226977412,2286671913,742848,0
578,1116672,0,0,0,8768,8768,367040,365888,366208,345984,767104,0,1408,361600,0,0,0,0,0,0,0,0,0,0,0,0,0,0,365760,128,590,1407,3601040901,1594286633,758336,0
579,1116736,0,0,0,6912,8512,299392,354112,447808,427584,685632,0,1472,293568,0,0,0,0,0,0,0,0,0,0,0,0,0,0,353920,192,585,1395,1230115621,602238762,677120,0
580,1117248,0,0,0,7168,8512,341632,354432,405504,385152,728640,0,1472,336064,0,0,0,0,0,0,0,0,0,0,0,0,0,0,354240,192,568,1377,3677964511,1733202645,720128,0
581,1116800,0,0,0,4224,8640,360192,353664,390080,370048,743232,0,1536,354688,0,0,0,0,0,0,0,0,0,0,0,0,0,0,353472,192,575,1382,3747986079,1815481929,734592,0
582,1116928,0,0,0,6208,8704,331712,323968,446336,426752,686528,0,1536,326336,0,0,0,0,0,0,0,0,0,0,0,0,0,0,323776,192,574,1377,3569190982,1222488059,677824,0
583,1116672,0,0,0,6272,8704,455808,338560,307328,287744,825344,0,1472,450176,0,0,0,0,0,0,0,0,0,0,0,0,0,0,338368,192,590,1406,1043115331,2232521300,816640,0
584,1116992,0,0,0,5248,8576,345792,334720,422656,402944,710400,0,1536,340352,0,0,0,0,0,0,0,0,0,0,0,0,0,0,334592,128,589,1406,1680104282,3626192912,701824,0
585,1116544,0,0,0,4032,8640,374400,345600,383872,364096,748928,0,1472,368832,0,0,0,0,0,0,0,0,0,0,0,0,0,0,345408,192,582,1396,2305781991,4218721455,740288,0
586,1117056,0,0,0,4160,8448,387200,357824,359424,339520,774016,0,1536,381504,0,0,0,0,0,0,0,0,0,0,0,0,0,0,357632,192,592,1418,640204800,827294856,765568,0
587,1116864,0,0,0,4096,22976,314048,358976,416768,397056,716224,0,1408,308608,0,0,0,0,0,0,0,0,0,0,0,0,0,0,358784,192,564,1396,3143049610,1223741254,693248,0
588,1116864,0,0,0,4160,8512,301696,339968,462528,442816,670592,0,1536,296064,0,0,0,0,0,0,0,0,0,0,0,0,0,0,339840,128,562,1394,2129868463,980706191,662080,0
589,1117056,0,0,0,11456,24512,574656,439552,66880,41472,1071936,0,1344,569088,0,0,0,0,0,0,0,0,0,0,0,0,0,0,439360,192,554,1385,3620047605,1827270270,1047424,0
590,1116736,0,0,0,4224,23360,318592,364992,405568,386048,727232,0,1472,313088,0,0,0,0,0,0,0,0,0,0,0,0,0,0,364800,192,553,1377,340912210,2625196948,703872,0
591,1116736,0,0,0,4416,23040,291456,356992,440832,421312,691904,0,1600,285888,0,0,0,0,0,0,0,0,0,0,0,0,0,0,356800,192,558,1381,2561577000,2111188964,668864,0
592,1117120,0,0,0,14720,23168,468544,414272,196416,176576,936576,0,1472,463040,0,0,0,0,0,0,0,0,0,0,0,0,0,0,414144,128,577,1441,2515769315,1359722173,913408,0
593,1116736,0,0,0,4608,9088,305088,451968,345984,326464,786368,0,1472,299648,0,0,0,0,0,0,0,0,0,0,0,0,0,0,451776,192,576,1442,2941360540,2746724757,777280,0
594,1116672,0,0,0,4672,9152,300864,408320,393664,374080,738624,0,1536,295424,0,0,0,0,0,0,0,0,0,0,0,0,0,0,408128,192,579,1445,2956135854,952039585,729472,0
595,1116864,0,0,0,4736,9024,373504,415232,314368,294784,818176,0,1536,368000,0,0,0,0,0,0,0,0,0,0,0,0,0,0,415040,192,580,1439,565807331,1207752303,809152,0
596,1116928,0,0,0,4608,9088,365056,440704,297472,278016,835008,0,1472,359680,0,0,0,0,0,0,0,0,0,0,0,0,0,0,440576,128,597,1479,2656466136,3735726635,825920,0
597,1117120,0,0,0,4608,8832,356928,426176,320576,300480,812736,0,1536,351232,0,0,0,0,0,0,0,0,0,0,0,0,0,0,425984,192,605,1493,2954282515,2169895982,803904,0
598,1116608,0,0,0,12160,8896,503168,429248,163136,143424,969088,0,1536,497600,0,0,0,0,0,0,0,0,0,0,0,0,0,0,429056,192,606,1538,490336355,56984718,960192,0
599,1116992,0,0,0,4736,9024,395776,431680,275776,255744,857280,0,1536,390272,0,0,0,0,0,0,0,0,0,0,0,0,0,0,431552,128,605,1539,1054469193,2841529402,848256,0
600,1116864,0,0,0,4672,9088,405312,451776,246016,226176,886592,0,1600,399744,0,0,0,0,0,0,0,0,0,0,0,0,0,0,451584,192,610,1528,2205562111,3945515306,877504,0
601,1118208,0,0,0,4672,9344,378240,459648,266304,244992,869312,0,1472,372672,0,0,0,0,0,0,0,0,0,0,0,0,0,0,459456,192,607,1574,2828891753,2510022735,859968,0
602,1116736,0,0,0,4736,9280,379648,428928,294144,272704,840064,0,1472,374080,0,0,0,0,0,0,0,0,0,0,0,0,0,0,428800,128,597,1514,1721182068,424824680,830784,0
603,1116800,0,0,0,4544,8960,409536,402496,291264,270144,842944,0,1536,404160,0,0,0,0,0,0,0,0,0,0,0,0,0,0,402304,192,586,1492,166818650,2883837952,833984,0
604,1116928,0,0,0,4480,8512,351552,365312,387072,365952,747520,0,1408,346112,0,0,0,0,0,0,0,0,0,0,0,0,0,0,365184,128,567,1450,688711295,1666831216,739008,0
605,1116800,0,0,0,4480,9920,395072,371968,335360,308416,804864,0,1408,389568,0,0,0,0,0,0,0,0,0,0,0,0,0,0,371776,192,570,1443,115129732,2700784040,794944,0
606,1116992,0,0,0,4416,8512,391616,340160,372288,350592,762944,0,1536,386048,0,0,0,0,0,0,0,0,0,0,0,0,0,0,340032,128,545,1387,1912644772,1593533620,754432,0
607,1116864,0,0,0,4416,8768,362688,342272,398720,377152,736192,0,1472,357120,0,0,0,0,0,0,0,0,0,0,0,0,0,0,342080,192,526,1335,3388621188,1043131851,727424,0
608,1116864,0,0,0,4544,8896,356160,334400,412864,391488,721792,0,1472,350592,0,0,0,0,0,0,0,0,0,0,0,0,0,0,334208,192,492,1252,1363198045,550214845,712896,0
609,1116864,0,0,0,4416,9024,348096,336896,418432,396672,716672,0,1472,342464,0,0,0,0,0,0,0,0,0,0,0,0,0,0,336704,192,493,1248,593945494,2485670522,707648,0
610,1116800,0,0,0,4480,8896,330176,332928,440320,419072,694208,0,1472,324608,0,0,0,0,0,0,0,0,0,0,0,0,0,0,332800,128,493,1251,141665778,220752185,685312,0
611,1116928,0,0,0,4416,8704,343552,343360,416896,395584,717888,0,1472,338112,0,0,0,0,0,0,0,0,0,0,0,0,0,0,343168,192,494,1251,2474033913,1426823763,709184,0
612,1116992,0,0,0,4480,8704,324864,341824,437120,415744,697728,0,1536,319360,0,0,0,0,0,0,0,0,0,0,0,0,0,0,341632,192,497,1254,612370625,2038729711,689024,0
613,1116736,0,0,0,6400,8704,307072,335360,459200,437952,675264,0,1472,301696,0,0,0,0,0,0,0,0,0,0,0,0,0,0,335168,192,493,1246,4168155417,3790414192,666560,0
614,1117056,0,0,0,7296,8640,307008,330304,463808,442304,671232,0,1472,301504,0,0,0,0,0,0,0,0,0,0,0,0,0,0,330176,128,496,1250,744978860,3365473369,662592,0
615,1116736,0,0,0,6528,8640,302656,326464,472448,451136,662016,0,1408,297216,0,0,0,0,0,0,0,0,0,0,0,0,0,0,326272,192,504,1264,3936911067,475763717,653376,0
616,1116992,0,0,0,6336,8960,300672,325888,475136,453760,659520,0,1536,294976,0,0,0,0,0,0,0,0,0,0,0,0,0,0,325760,128,506,1264,4084075932,2673485999,650560,0
617,1116480,0,0,0,5440,22912,402112,339456,346560,325440,787520,0,1472,396480,0,0,0,0,0,0,0,0,0,0,0,0,0,0,339264,192,518,1288,1432552443,1950583175,764608,0
618,1116800,0,0,0,4160,8832,311680,333632,458496,437504,675840,0,1408,306240,0,0,0,0,0,0,0,0,0,0,0,0,0,0,333440,192,522,1310,60712779,905942534,667008,0
619,1116800,0,0,0,5312,8640,326400,333376,443072,421696,691520,0,1472,320960,0,0,0,0,0,0,0,0,0,0,0,0,0,0,333184,192,525,1324,1664195507,854633085,682880,0
620,1116864,0,0,0,6912,10240,394304,325632,379776,358848,754368,0,1472,388800,0,0,0,0,0,0,0,0,0,0,0,0,0,0,325504,128,536,1362,3573346674,2403045159,744128,0
621,1116928,0,0,0,13632,8832,431744,334720,328000,300928,812288,0,1536,426176,0,0,0,0,0,0,0,0,0,0,0,0,0,0,334528,192,553,1381,1996042451,3862384068,803456,0
622,1116928,0,0,0,4096,8960,362176,349376,392320,370880,742464,0,1408,356608,0,0,0,0,0,0,0,0,0,0,0,0,0,0,349184,192,570,1409,1227817609,3664979887,733504,0
623,1116672,0,0,0,4096,8960,310080,348928,444608,423360,689856,0,1536,304576,0,0,0,0,0,0,0,0,0,0,0,0,0,0,348800,128,579,1420,331139179,1647110648,680896,0
624,1117120,0,0,0,4096,8768,399232,361216,343808,322176,791360,0,1472,393536,0,0,0,0,0,0,0,0,0,0,0,0,0,0,361088,128,588,1435,2557254350,689823108,782592,0
625,1116480,0,0,0,4160,8768,301568,347264,454720,433728,679296,0,1472,295872,0,0,0,0,0,0,0,0,0,0,0,0,0,0,347136,128,588,1426,3576416777,777037393,670528,0
626,1116864,0,0,0,4096,8960,303936,340352,459520,438208,675072,0,1408,298496,0,0,0,0,0,0,0,0,0,0,0,0,0,0,340160,192,585,1411,4023115290,665127399,666112,0
627,1116736,0,0,0,4160,9024,284800,339456,479296,458048,655168,0,1472,279296,0,0,0,0,0,0,0,0,0,0,0,0,0,0,339328,128,585,1411,1987523876,3343644600,646144,0
628,1677312,0,0,0,6016,8896,295744,975936,390720,369280,1304448,0,1472,290240,0,0,0,0,0,0,0,0,0,0,0,0,0,0,975744,192,571,1390,2862980695,3210410077,1295552,0
629,1677184,0,0,0,5248,8896,302528,1040192,320320,298496,1375104,0,1472,297024,0,0,0,0,0,0,0,0,0,0,0,0,0,0,1040064,128,570,1390,3965595091,3565406902,1366208,0
630,1116864,0,0,0,3968,8768,313344,340928,449856,428352,684992,0,1536,307840,0,0,0,0,0,0,0,0,0,0,0,0,0,0,340800,128,560,1370,3496783046,1133177870,676224,0
631,1116736,0,0,0,9472,9664,441344,399552,256704,235392,877248,0,1472,435712,0,0,0,0,0,0,0,0,0,0,0,0,0,0,399360,192,587,1447,2122525785,2185886848,867584,0
632,1116928,0,0,0,5184,9472,384320,452864,265088,243392,869504,0,1472,378752,0,0,0,0,0,0,0,0,0,0,0,0,0,0,452672,192,586,1438,1491133654,1363438611,860032,0
633,1116608,0,0,0,10496,9216,398080,453376,245440,224000,888576,0,1472,392640,0,0,0,0,0,0,0,0,0,0,0,0,0,0,453184,192,581,1420,2815124867,2343807918,879360,0
634,1116864,0,0,0,4160,10624,349056,399104,353920,332416,780544,0,1408,343616,0,0,0,0,0,0,0,0,0,0,0,0,0,0,398912,192,584,1425,3595353098,2788324971,769920,0
635,1116800,0,0,0,4224,9344,367040,428096,308096,286976,825920,0,1472,361408,0,0,0,0,0,0,0,0,0,0,0,0,0,0,427904,192,591,1458,2702378441,753370947,816576,0
636,1116992,0,0,0,7040,9216,354368,421440,324928,303296,809856,0,1408,348928,0,0,0,0,0,0,0,0,0,0,0,0,0,0,421312,128,593,1462,278771302,3470902749,800640,0
637,1676928,0,0,0,14720,27968,623360,492288,518592,473472,1195840,0,3456,612160,0,0,0,0,0,0,0,0,0,0,0,0,0,0,492160,128,566,1406,3011445647,2368007480,1167872,0
638,1116800,0,0,0,4096,8960,305408,382144,416192,391936,721344,0,1536,299904,0,0,0,0,0,0,0,0,0,0,0,0,0,0,382016,128,565,1412,175638692,522308664,712384,0
639,1116672,0,0,0,4160,23296,293120,381248,414848,393856,719232,0,1536,287552,0,0,0,0,0,0,0,0,0,0,0,0,0,0,381056,192,561,1395,3072845404,1908907493,695936,0
640,1117440,0,0,0,3968,9088,404352,447616,252416,230720,883136,0,1408,398976,0,0,0,0,0,0,0,0,0,0,0,0,0,0,447424,192,569,1396,2812767388,1428953994,874048,0
641,1116224,0,0,0,4032,8960,313664,374464,415104,394240,718400,0,1472,308160,0,0,0,0,0,0,0,0,0,0,0,0,0,0,374336,128,549,1331,490210802,336647537,709440,0
642,1116992,0,0,0,6144,8960,303424,358528,439936,418752,694592,0,1536,297792,0,0,0,0,0,0,0,0,0,0,0,0,0,0,358336,192,536,1316,2443689129,3055170621,685632,0
643,1116800,0,0,0,5184,8960,324736,409344,368576,347136,766144,0,1472,319104,0,0,0,0,0,0,0,0,0,0,0,0,0,0,409216,128,546,1346,3223181247,2599206736,757184,0
644,1117184,0,0,0,4032,8704,323712,340992,439744,418176,695488,0,1536,318080,0,0,0,0,0,0,0,0,0,0,0,0,0,0,340736,256,564,1366,2584163605,3867874888,686784,0
645,1116608,0,0,0,3968,9024,351680,338112,413824,392640,720448,0,1536,346048,0,0,0,0,0,0,0,0,0,0,0,0,0,0,337984,128,570,1387,3247245170,1265092871,711424,0
646,1116928,0,0,0,3968,8960,328704,335296,440000,418944,694400,0,1472,323200,0,0,0,0,0,0,0,0,0,0,0,0,0,0,335168,128,566,1397,1679524203,2537304176,685440,0
647,1116864,0,0,0,3968,23360,341440,381504,366592,345280,768000,0,1408,336064,0,0,0,0,0,0,0,0,0,0,0,0,0,0,381376,128,556,1368,1915545132,575553416,744640,0
648,1117120,0,0,0,4032,8768,375104,347136,382080,360704,752960,0,1472,369472,0,0,0,0,0,0,0,0,0,0,0,0,0,0,346944,192,551,1356,2793591531,729263726,744192,0
649,1116416,0,0,0,3968,10048,334336,340672,427392,406400,706496,0,1472,328896,0,0,0,0,0,0,0,0,0,0,0,0,0,0,340544,128,547,1334,330169451,4239098095,696448,0
650,1116992,0,0,0,3968,8960,336640,361856,405568,384640,728768,0,1536,331072,0,0,0,0,0,0,0,0,0,0,0,0,0,0,361728,128,549,1339,3886960604,3328210936,719808,0
651,1116800,0,0,0,3968,8896,347520,336256,420160,398912,714304,0,1472,341952,0,0,0,0,0,0,0,0,0,0,0,0,0,0,336064,192,549,1334,3486620146,96872874,705408,0
652,1116992,0,0,0,3968,8768,352768,331840,419648,398272,715200,0,1472,347392,0,0,0,0,0,0,0,0,0,0,0,0,0,0,331712,128,547,1325,3671512281,3926072241,706432,0
653,1116672,0,0,0,3968,8832,344320,315136,444416,417600,695552,0,1408,338944,0,0,0,0,0,0,0,0,0,0,0,0,0,0,315008,128,535,1286,3201282101,1482712807,686720,0
654,1116928,0,0,0,4032,8768,345216,318080,440832,419456,694016,0,1472,339648,0,0,0,0,0,0,0,0,0,0,0,0,0,0,317952,128,537,1274,689273074,3170718865,685248,0
655,1116992,0,0,0,3968,8704,317632,319808,466880,445376,668160,0,1472,312064,0,0,0,0,0,0,0,0,0,0,0,0,0,0,319616,192,538,1278,3862189633,2787955075,659456,0
656,1116608,0,0,0,3968,8704,453312,311040,339584,318400,794688,0,1536,447872,0,0,0,0,0,0,0,0,0,0,0,0,0,0,310848,192,538,1272,131249141,743818362,785984,0
657,1117376,0,0,0,4928,9024,362432,325440,415552,393856,720000,0,1472,356992,0,0,0,0,0,0,0,0,0,0,0,0,0,0,325248,192,533,1261,2986062882,1671128013,710976,0
658,1116352,0,0,0,4096,8960,380672,339712,382912,361600,751232,0,1408,375168,0,0,0,0,0,0,0,0,0,0,0,0,0,0,339520,192,534,1272,1255831615,940223245,742272,0
659,1116992,0,0,0,4096,8896,374464,327552,401984,380608,732864,0,1472,368832,0,0,0,0,0,0,0,0,0,0,0,0,0,0,327360,192,536,1278,2313197316,3204629410,723968,0
660,1117056,0,0,0,4032,8320,441664,319104,343936,322368,791232,0,1472,436160,0,0,0,0,0,0,0,0,0,0,0,0,0,0,318912,192,543,1282,3497863962,1271259398,782912,0
661,1115328,0,0,0,6080,8832,346048,310016,444352,424640,686784,0,1472,340544,0,0,0,0,0,0,0,0,0,0,0,0,0,0,309888,128,526,1256,3748110301,1004919736,677952,0
662,1676928,0,0,0,11328,23168,729792,412928,499712,479872,1193408,0,1536,724224,0,0,0,0,0,0,0,0,0,0,0,0,0,0,412736,192,565,1345,2864855294,883643106,1170240,0
663,1116800,0,0,0,6080,23616,341504,366144,379456,359680,753216,0,1408,336000,0,0,0,0,0,0,0,0,0,0,0,0,0,0,365952,192,568,1349,3063681585,625019195,729600,0
664,1116928,0,0,0,5312,24064,346240,372352,368960,349568,763904,0,1408,340672,0,0,0,0,0,0,0,0,0,0,0,0,0,0,372160,192,571,1365,2939086538,585375549,739840,0
665,1116928,0,0,0,3904,8704,372160,364544,367616,348224,765184,0,1408,366784,0,0,0,0,0,0,0,0,0,0,0,0,0,0,364352,192,569,1364,2830499138,3099924084,756480,0
666,1116800,0,0,0,4032,8320,397312,380864,326272,306560,806720,0,1472,391744,0,0,0,0,0,0,0,0,0,0,0,0,0,0,380736,128,576,1383,3833668437,3421372465,798400,0
667,1116800,0,0,0,4032,8640,404416,358336,341376,321984,791296,0,1536,398848,0,0,0,0,0,0,0,0,0,0,0,0,0,0,358144,192,564,1354,2808611594,1820544886,782656,0
668,1116864,0,0,0,3968,22848,584128,396032,109888,90240,1023104,0,1472,578624,0,0,0,0,0,0,0,0,0,0,0,0,0,0,395840,192,569,1398,902909954,644713078,1000256,0
669,1116800,0,0,0,4096,24512,350464,396992,340736,315456,797760,0,1600,344960,0,0,0,0,0,0,0,0,0,0,0,0,0,0,396864,128,572,1403,2301292956,412332107,773248,0
670,1116928,0,0,0,4096,23616,332480,404416,352320,332672,780672,0,1472,326976,0,0,0,0,0,0,0,0,0,0,0,0,0,0,404224,192,579,1417,3546576255,1867634459,757056,0
671,1116864,0,0,0,4032,8448,337280,393536,373568,354240,759040,0,1472,331648,0,0,0,0,0,0,0,0,0,0,0,0,0,0,393408,128,582,1422,2774443917,1493503998,750592,0
672,1117056,0,0,0,4096,8448,377472,402944,324096,304448,809088,0,1472,371904,0,0,0,0,0,0,0,0,0,0,0,0,0,0,402816,128,576,1412,1088475238,865601324,800640,0
673,1116992,0,0,0,4032,8640,326976,371520,405824,385856,727680,0,1472,321408,0,0,0,0,0,0,0,0,0,0,0,0,0,0,371328,192,571,1390,1572563118,2368795105,719040,0
674,1116736,0,0,0,4096,8512,391104,385280,327744,307904,805312,0,1472,385600,0,0,0,0,0,0,0,0,0,0,0,0,0,0,385088,192,586,1431,1822029395,2423187554,796800,0
675,1116800,0,0,0,9664,8384,504384,450816,143552,123968,989248,0,1408,498880,0,0,0,0,0,0,0,0,0,0,0,0,0,0,450624,192,612,1461,3384650047,3806423879,980864,0
676,1116992,0,0,0,4288,8512,361152,428928,314112,294144,819392,0,1536,355584,0,0,0,0,0,0,0,0,0,0,0,0,0,0,428800,128,625,1499,1252020562,3947703374,810880,0
677,1116864,0,0,0,4224,23296,403648,411904,273792,254016,859264,0,1472,397952,0,0,0,0,0,0,0,0,0,0,0,0,0,0,411712,192,622,1477,2147622809,2703575894,835968,0
678,1116864,0,0,0,9728,8768,499136,456768,142464,122304,990912,0,1472,493504,0,0,0,0,0,0,0,0,0,0,0,0,0,0,456576,192,636,1517,1843335809,2021574609,982144,0
679,1116800,0,0,0,5376,9728,336064,412992,352640,332672,780672,0,1472,330368,0,0,0,0,0,0,0,0,0,0,0,0,0,0,412864,128,625,1493,2839774208,1743117244,770944,0
680,1117056,0,0,0,8832,8704,413952,407616,277952,258176,855296,0,1472,408512,0,0,0,0,0,0,0,0,0,0,0,0,0,0,407424,192,618,1482,101221569,3816580311,846592,0
681,1116608,0,0,0,6464,8576,340800,407424,353344,333632,779392,0,1472,335296,0,0,0,0,0,0,0,0,0,0,0,0,0,0,407232,192,628,1486,2297831572,4047738217,770816,0
682,1116864,0,0,0,6528,8448,446208,411904,243776,223680,889728,0,1472,440704,0,0,0,0,0,0,0,0,0,0,0,0,0,0,411712,192,604,1454,276993433,834848340,881280,0
683,1116672,0,0,0,5824,8448,320832,386240,395328,375488,737664,0,1472,315264,0,0,0,0,0,0,0,0,0,0,0,0,0,0,386048,192,598,1441,1017380939,1299848146,729216,0
684,1116992,0,0,0,4480,8576,339264,380032,384640,364480,748992,0,1472,333696,0,0,0,0,0,0,0,0,0,0,0,0,0,0,379840,192,609,1456,1719102259,1585724127,740416,0
685,1116672,0,0,0,6656,8576,320832,414336,366272,340992,772032,0,1472,315328,0,0,0,0,0,0,0,0,0,0,0,0,0,0,414208,128,608,1449,2125016495,623751425,763456,0
686,1117056,0,0,0,7424,8768,390336,384960,325568,305152,808192,0,1536,384640,0,0,0,0,0,0,0,0,0,0,0,0,0,0,384768,192,613,1467,2315513152,2220579069,799424,0
687,1116672,0,0,0,5504,8640,370240,384640,347648,327808,785280,0,1536,364672,0,0,0,0,0,0,0,0,0,0,0,0,0,0,384448,192,595,1450,1225575962,1592676097,776640,0
688,1116864,0,0,0,6272,8384,512384,380736,209088,189376,924032,0,1472,506816,0,0,0,0,0,0,0,0,0,0,0,0,0,0,380544,192,594,1434,2863176332,445349576,915648,0
689,1116992,0,0,0,6208,8576,391104,382720,328384,308672,804864,0,1472,385472,0,0,0,0,0,0,0,0,0,0,0,0,0,0,382592,128,595,1441,3357866899,3767595246,796288,0
690,1116864,0,0,0,5568,8384,340352,350208,412352,392512,720896,0,1408,334848,0,0,0,0,0,0,0,0,0,0,0,0,0,0,350080,128,596,1444,1397650344,3711911344,712512,0
691,1116736,0,0,0,6144,8960,316992,380864,403776,384064,728896,0,1408,311488,0,0,0,0,0,0,0,0,0,0,0,0,0,0,380672,192,596,1436,2873824374,1040727078,719936,0
692,1116864,0,0,0,6208,8640,329408,351232,421376,401536,711552,0,1536,323840,0,0,0,0,0,0,0,0,0,0,0,0,0,0,351104,128,607,1451,1980301709,386078279,702912,0
693,1116800,0,0,0,5248,8384,333440,326464,443264,423296,690048,0,1472,327872,0,0,0,0,0,0,0,0,0,0,0,0,0,0,326272,192,592,1421,1280827959,4058123864,681664,0
694,1116864,0,0,0,4096,8320,309952,332480,462016,442496,670848,0,1472,304320,0,0,0,0,0,0,0,0,0,0,0,0,0,0,332352,128,581,1382,2058136397,1052733270,662528,0
695,1116800,0,0,0,4096,9984,319360,328128,455232,435456,677824,0,1472,313728,0,0,0,0,0,0,0,0,0,0,0,0,0,0,328000,128,578,1395,4014359884,2680130438,667840,0
696,1116864,0,0,0,4096,8384,332992,341184,430208,410816,702528,0,1536,327552,0,0,0,0,0,0,0,0,0,0,0,0,0,0,341056,128,574,1393,778961840,4222744639,694144,0
697,1116864,0,0,0,4032,8448,428672,357248,318464,298688,814720,0,1472,423168,0,0,0,0,0,0,0,0,0,0,0,0,0,0,357056,192,583,1404,1343863313,745427339,806272,0
698,1116928,0,0,0,9920,8448,512192,347648,238720,218624,894720,0,1408,506560,0,0,0,0,0,0,0,0,0,0,0,0,0,0,347456,192,578,1405,1614507969,3470549176,886272,0
699,1117120,0,0,0,8768,8576,489280,398400,212096,191936,921664,0,1472,483776,0,0,0,0,0,0,0,0,0,0,0,0,0,0,398208,192,584,1406,1493607641,734335652,913088,0
700,1116352,0,0,0,4288,8576,383744,370432,349312,329600,783296,0,1472,378176,0,0,0,0,0,0,0,0,0,0,0,0,0,0,370240,192,577,1394,1389575039,1729418022,774720,0
701,1116928,0,0,0,7360,8640,463680,366592,270656,242432,871040,0,2432,457152,0,0,0,0,0,0,0,0,0,0,0,0,0,0,366400,192,587,1411,1352328259,2543937075,862400,0
702,1116608,0,0,0,6272,8832,426944,365376,309184,289472,823424,0,1472,421376,0,0,0,0,0,0,0,0,0,0,0,0,0,0,365184,192,604,1430,1792742474,1008056524,814592,0
703,1117056,0,0,0,6336,8768,440768,370816,290368,270592,842752,0,1408,435264,0,0,0,0,0,0,0,0,0,0,0,0,0,0,370624,192,599,1425,2836756996,1460819675,833984,0
704,1116928,0,0,0,11328,8704,560768,363904,172224,152576,960704,0,1536,555264,0,0,0,0,0,0,0,0,0,0,0,0,0,0,363712,192,600,1428,2761655344,2886748155,952000,0
705,1116864,0,0,0,7744,8576,492928,387456,220160,200320,912768,0,1408,487424,0,0,0,0,0,0,0,0,0,0,0,0,0,0,387264,192,598,1419,519510903,881418687,904192,0
706,1116672,0,0,0,5888,23232,597376,449920,40256,20160,1093056,0,1472,591744,0,0,0,0,0,0,0,0,0,0,0,0,0,0,449728,192,618,1482,2974679584,3768333304,1069824,0
707,1117056,0,0,0,8064,24256,429696,408256,246784,226432,886912,0,1472,424192,0,0,0,0,0,0,0,0,0,0,0,0,0,0,408128,128,618,1481,3495967014,1060076985,862656,0
708,1116480,0,0,0,7872,23424,443712,417792,223680,204032,908800,0,1536,438208,0,0,0,0,0,0,0,0,0,0,0,0,0,0,417600,192,622,1496,3429967809,959308,885376,0
709,1116864,0,0,0,11072,8896,428288,402560,266048,246656,866432,0,1472,422912,0,0,0,0,0,0,0,0,0,0,0,0,0,0,402368,192,615,1485,3059322756,135968018,857536,0
710,1116736,0,0,0,5824,10112,360320,374784,365696,345856,767232,0,1472,354752,0,0,0,0,0,0,0,0,0,0,0,0,0,0,374592,192,616,1474,2006545980,2721474668,757120,0
711,1116928,0,0,0,7872,22912,567360,426688,92096,72448,1040896,0,1536,561792,0,0,0,0,0,0,0,0,0,0,0,0,0,0,426560,128,615,1498,3338791740,1128087989,1017984,0
712,1117056,0,0,0,8128,23168,309440,400128,376192,356288,757184,0,1472,303872,0,0,0,0,0,0,0,0,0,0,0,0,0,0,400000,128,609,1477,4008718499,2909508671,734016,0
713,1116736,0,0,0,7040,23424,303808,416256,366208,346688,766400,0,1408,298304,0,0,0,0,0,0,0,0,0,0,0,0,0,0,416064,192,612,1490,2353423886,324615306,742976,0
714,1116736,0,0,0,6592,8448,330240,424256,347200,327680,785408,0,1472,324736,0,0,0,0,0,0,0,0,0,0,0,0,0,0,424064,192,605,1486,2760758554,1422956364,776960,0
715,1116864,0,0,0,5696,8576,425920,440256,236416,216704,896576,0,1472,420352,0,0,0,0,0,0,0,0,0,0,0,0,0,0,440128,128,608,1471,1942488330,3505686407,888000,0
716,1116928,0,0,0,5760,8448,349440,411072,342208,322880,790464,0,1472,344000,0,0,0,0,0,0,0,0,0,0,0,0,0,0,410880,192,603,1463,629695918,3462976373,782016,0
717,1117184,0,0,0,5824,23424,470208,438976,178752,153088,960448,0,1600,464704,0,0,0,0,0,0,0,0,0,0,0,0,0,0,438784,192,613,1490,2847658980,980952660,937024,0
718,1116160,0,0,0,5888,8640,285376,404416,411840,390528,721984,0,1472,279872,0,0,0,0,0,0,0,0,0,0,0,0,0,0,404224,192,613,1487,1715332602,2610847917,713344,0
719,1116928,0,0,0,6912,22784,284544,420480,382208,362816,750464,0,1472,278976,0,0,0,0,0,0,0,0,0,0,0,0,0,0,420288,192,613,1487,1188440658,1569778342,727680,0
720,1117056,0,0,0,5760,8512,320576,419136,363072,343552,769920,0,1408,315008,0,0,0,0,0,0,0,0,0,0,0,0,0,0,418944,192,614,1490,3094179560,4089923855,761408,0
721,1116736,0,0,0,5696,8896,388032,374656,339456,319744,793408,0,1472,382336,0,0,0,0,0,0,0,0,0,0,0,0,0,0,374464,192,615,1480,1152872520,3901588775,784512,0
722,1116800,0,0,0,6720,8704,458112,423488,219776,200128,913088,0,1472,452544,0,0,0,0,0,0,0,0,0,0,0,0,0,0,423360,128,604,1468,4210605880,1833825904,904384,0
723,1116928,0,0,0,6784,8640,431744,417216,252544,232960,880384,0,1472,426240,0,0,0,0,0,0,0,0,0,0,0,0,0,0,417024,192,609,1471,3683482211,511989502,871744,0
724,1116736,0,0,0,6848,8256,402048,436224,263360,243392,869824,0,1408,396672,0,0,0,0,0,0,0,0,0,0,0,0,0,0,436032,192,594,1448,1475922066,1811593356,861568,0
725,1116992,0,0,0,6016,9984,393856,443008,264128,244416,868992,0,1536,388288,0,0,0,0,0,0,0,0,0,0,0,0,0,0,442880,128,602,1468,1890965064,2343704243,859008,0
726,1677120,0,0,0,6144,8704,545152,903104,214016,194304,1479232,0,1536,539584,0,0,0,0,0,0,0,0,0,0,0,0,0,0,902912,192,601,1466,2793780608,3881391363,1470528,0
727,1116928,0,0,0,6144,8512,350784,404288,347200,327488,785920,0,1536,345088,0,0,0,0,0,0,0,0,0,0,0,0,0,0,404096,192,587,1425,4009558977,929511486,777408,0
728,1116992,0,0,0,12544,8832,555776,406720,133120,112960,1000128,0,1472,550208,0,0,0,0,0,0,0,0,0,0,0,0,0,0,406528,192,599,1448,4021751797,2424402298,991296,0
729,1116800,0,0,0,6080,8640,419072,377408,305600,285952,827136,0,1472,413440,0,0,0,0,0,0,0,0,0,0,0,0,0,0,377280,128,602,1458,3814013405,3124472935,818496,0
730,1116864,0,0,0,6144,8576,480384,401856,219904,200256,912960,0,1472,474944,0,0,0,0,0,0,0,0,0,0,0,0,0,0,401728,128,586,1417,472522059,2996958027,904384,0
731,1116992,0,0,0,6080,8768,485952,398336,217856,197824,915520,0,1472,480384,0,0,0,0,0,0,0,0,0,0,0,0,0,0,398208,128,602,1438,457664458,1830571786,906752,0
732,1116736,0,0,0,6144,8832,579968,432384,89408,70016,1043136,0,1472,574464,0,0,0,0,0,0,0,0,0,0,0,0,0,0,432192,192,633,1541,624422156,489064832,1034304,0
733,1117376,0,0,0,7104,8640,394688,426944,280000,254464,859392,0,1472,389056,0,0,0,0,0,0,0,0,0,0,0,0,0,0,426752,192,622,1504,695031576,1712055080,850752,0
734,1116352,0,0,0,8256,8832,408128,415424,275712,256192,856384,0,1472,402624,0,0,0,0,0,0,0,0,0,0,0,0,0,0,415232,192,604,1468,2913050388,920035653,847552,0
735,1116864,0,0,0,8640,8768,387584,414272,297600,277760,835392,0,1536,382016,0,0,0,0,0,0,0,0,0,0,0,0,0,0,414080,192,613,1500,3250956535,3467394417,826624,0
736,1116992,0,0,0,8064,8896,491968,416576,191488,171712,941504,0,1472,486592,0,0,0,0,0,0,0,0,0,0,0,0,0,0,416384,192,619,1499,909763158,1284912527,932608,0
737,1116800,0,0,0,5760,23424,404480,419136,264000,244352,868864,0,1472,398976,0,0,0,0,0,0,0,0,0,0,0,0,0,0,419008,128,618,1503,4145160743,2772752064,845440,0
738,1116736,0,0,0,5824,8384,466176,445440,190912,171008,942144,0,1536,460608,0,0,0,0,0,0,0,0,0,0,0,0,0,0,445248,192,604,1456,2340608788,1329164822,933760,0
739,1116736,0,0,0,7808,8576,369280,395712,335360,315776,797248,0,1536,363520,0,0,0,0,0,0,0,0,0,0,0,0,0,0,395584,128,590,1434,2862201379,2694092057,788672,0
740,1116672,0,0,0,8000,9920,376192,388672,333888,314304,798720,0,1472,370560,0,0,0,0,0,0,0,0,0,0,0,0,0,0,388480,192,602,1473,866915034,4028058637,788800,0
741,1117056,0,0,0,7040,8768,353088,377344,370816,351232,762176,0,1408,347712,0,0,0,0,0,0,0,0,0,0,0,0,0,0,377152,192,601,1463,1409504935,3601118056,753408,0
742,1116800,0,0,0,5696,8832,372672,374144,355456,335680,777536,0,1536,366976,0,0,0,0,0,0,0,0,0,0,0,0,0,0,373952,192,589,1432,3722291191,548982613,768704,0
743,1116928,0,0,0,5696,8384,438912,377792,286144,265792,847680,0,1536,433280,0,0,0,0,0,0,0,0,0,0,0,0,0,0,377664,128,596,1456,571610192,4179220286,839296,0
744,1116672,0,0,0,5760,8768,363392,376064,362688,343296,769792,0,1408,358016,0,0,0,0,0,0,0,0,0,0,0,0,0,0,375872,192,597,1444,107214140,1578182102,761024,0
745,1116864,0,0,0,7488,8512,390656,411072,299136,279680,833600,0,1472,384896,0,0,0,0,0,0,0,0,0,0,0,0,0,0,410880,192,598,1451,1339318044,2799538836,825088,0
746,1116864,0,0,0,5696,8768,345280,366976,390144,370496,742784,0,1408,339968,0,0,0,0,0,0,0,0,0,0,0,0,0,0,366784,192,599,1456,917301584,527811772,734016,0
747,1116608,0,0,0,5760,8576,335360,354368,412544,393280,719744,0,1472,329664,0,0,0,0,0,0,0,0,0,0,0,0,0,0,354176,192,599,1453,2818689513,3884655644,711168,0
748,1117248,0,0,0,5760,8640,342528,353216,407104,387456,726208,0,1408,336960,0,0,0,0,0,0,0,0,0,0,0,0,0,0,353024,192,597,1449,1598010158,738603223,717568,0
749,1116864,0,0,0,5696,8704,341760,356672,404032,378496,734784,0,1472,336128,0,0,0,0,0,0,0,0,0,0,0,0,0,0,356480,192,596,1443,3593573455,731258446,726080,0
750,1116864,0,0,0,6656,8768,371072,354880,375488,355776,757376,0,1536,365632,0,0,0,0,0,0,0,0,0,0,0,0,0,0,354688,192,596,1441,3428820376,4129463958,748608,0
751,1116800,0,0,0,5696,8512,349888,354176,398528,378688,734528,0,1408,344512,0,0,0,0,0,0,0,0,0,0,0,0,0,0,353984,192,589,1432,956336146,3588311993,726016,0
752,1116928,0,0,0,9856,8512,506432,396480,195648,175808,937472,0,1472,500928,0,0,0,0,0,0,0,0,0,0,0,0,0,0,396352,128,594,1451,1272122580,3210214738,928960,0
753,1116864,0,0,0,5824,8704,488576,406080,207680,188032,925248,0,1408,483136,0,0,0,0,0,0,0,0,0,0,0,0,0,0,405952,128,589,1446,183957078,2454470514,916544,0
754,1116864,0,0,0,6912,8512,460160,407616,233664,213824,899392,0,1472,454720,0,0,0,0,0,0,0,0,0,0,0,0,0,0,407424,192,589,1439,2342185357,2875912227,890880,0
755,1116864,0,0,0,7872,10112,412672,409216,276992,257664,855616,0,1472,407104,0,0,0,0,0,0,0,0,0,0,0,0,0,0,409024,192,594,1449,1349019692,4131533919,845504,0
756,1116992,0,0,0,8448,8640,567872,417152,114880,94976,1018240,0,1536,562048,0,0,0,0,0,0,0,0,0,0,0,0,0,0,416960,192,597,1457,2059609984,299248860,1009600,0
757,1116608,0,0,0,7552,8704,492352,421312,186688,166848,946176,0,1408,486976,0,0,0,0,0,0,0,0,0,0,0,0,0,0,421120,192,602,1460,4117242622,3307765791,937472,0
758,1116864,0,0,0,6912,8448,549184,411968,140352,120512,992704,0,1536,543488,0,0,0,0,0,0,0,0,0,0,0,0,0,0,411776,192,605,1466,1944044036,448607667,984256,0
759,1117056,0,0,0,7552,8448,422272,402176,276608,256576,856832,0,1472,416832,0,0,0,0,0,0,0,0,0,0,0,0,0,0,402048,128,605,1467,1292533833,3125599574,848384,0
760,1116672,0,0,0,7552,8576,414464,408384,277696,257984,855104,0,1472,408896,0,0,0,0,0,0,0,0,0,0,0,0,0,0,408256,128,609,1477,3447386713,3893866011,846528,0
761,1117056,0,0,0,6848,8640,377728,373824,350016,330112,783296,0,1536,372032,0,0,0,0,0,0,0,0,0,0,0,0,0,0,373632,192,606,1478,11806021,2919104506,774656,0
762,1116736,0,0,0,5376,8512,415616,373440,313792,293824,819328,0,1472,409856,0,0,0,0,0,0,0,0,0,0,0,0,0,0,373312,128,607,1480,4279857081,833398547,810816,0
763,1116800,0,0,0,5440,8832,376256,371776,354496,334656,778432,0,1536,370688,0,0,0,0,0,0,0,0,0,0,0,0,0,0,371584,192,612,1485,3764487029,2209386147,769600,0
764,1116672,0,0,0,5504,8832,404480,372416,325440,305984,807104,0,1408,399040,0,0,0,0,0,0,0,0,0,0,0,0,0,0,372288,128,611,1493,1115221662,1556035301,798272,0
765,1117120,0,0,0,5440,8512,381952,372480,348736,323136,790400,0,1536,376320,0,0,0,0,0,0,0,0,0,0,0,0,0,0,372352,128,604,1475,1369454644,4062804782,781888,0
766,1116864,0,0,0,6400,8640,510720,398784,192320,169600,943616,0,1472,505216,0,0,0,0,0,0,0,0,0,0,0,0,0,0,398656,128,594,1452,203042299,1136186551,934976,0
767,1117184,0,0,0,6144,22912,562688,379200,146240,126528,987072,0,1536,557120,0,0,0,0,0,0,0,0,0,0,0,0,0,0,379008,192,588,1445,272207861,3078842624,964160,0
768,1116672,0,0,0,5376,8384,427264,381952,293696,273792,839296,0,1472,421632,0,0,0,0,0,0,0,0,0,0,0,0,0,0,381760,192,584,1432,167886347,2177536715,830912,0
769,1117120,0,0,0,5440,8448,592768,384832,125632,105536,1008000,0,1472,587328,0,0,0,0,0,0,0,0,0,0,0,0,0,0,384704,128,594,1460,2941435721,1873447494,999552,0
770,1116608,0,0,0,5504,8640,395904,357760,348800,328832,784192,0,1472,390400,0,0,0,0,0,0,0,0,0,0,0,0,0,0,357568,192,605,1470,2294396796,1348706314,775552,0
771,1116544,0,0,0,6336,9984,418752,361088,320384,300800,812096,0,1536,413184,0,0,0,0,0,0,0,0,0,0,0,0,0,0,360960,128,603,1457,1157097994,1169935085,802112,0
772,1117120,0,0,0,5376,8768,589440,358592,154944,135168,978368,0,1536,583744,0,0,0,0,0,0,0,0,0,0,0,0,0,0,358400,192,602,1461,3049147935,349950562,969600,0
773,1116736,0,0,0,5376,8768,369600,360512,372480,352896,760192,0,1472,364096,0,0,0,0,0,0,0,0,0,0,0,0,0,0,360384,128,607,1457,1639182056,2383518923,751424,0
774,1116992,0,0,0,6272,8768,368064,356224,377664,358144,755200,0,1472,362560,0,0,0,0,0,0,0,0,0,0,0,0,0,0,356032,192,615,1474,3986797958,2147095307,746432,0
775,1116864,0,0,0,5440,8704,373952,368512,360256,340224,772992,0,1408,368576,0,0,0,0,0,0,0,0,0,0,0,0,0,0,368320,192,596,1435,1389380690,4196160856,764288,0
776,1116736,0,0,0,5376,8512,364544,356544,381760,362112,750976,0,1472,359040,0,0,0,0,0,0,0,0,0,0,0,0,0,0,356352,192,593,1434,908413137,4072309513,742464,0
777,1117440,0,0,0,5440,8832,459264,359488,284416,264384,849408,0,1472,453568,0,0,0,0,0,0,0,0,0,0,0,0,0,0,359296,192,590,1428,3134723561,2055755095,840576,0
778,1117056,0,0,0,6272,8704,526144,376512,199424,179328,934080,0,1472,520704,0,0,0,0,0,0,0,0,0,0,0,0,0,0,376320,192,603,1448,108992109,805963624,925376,0
779,1116224,0,0,0,5440,8768,393024,374592,334400,314624,797888,0,1472,387520,0,0,0,0,0,0,0,0,0,0,0,0,0,0,374464,128,598,1444,2384012166,3786367961,789120,0
780,1116928,0,0,0,5376,8704,372736,355776,374336,354496,758848,0,1408,367168,0,0,0,0,0,0,0,0,0,0,0,0,0,0,355584,192,588,1426,2333827522,134394217,750144,0
781,1117184,0,0,0,9344,8768,527488,385152,186432,159872,953728,0,1472,522048,0,0,0,0,0,0,0,0,0,0,0,0,0,0,384960,192,599,1451,1638321980,1371786204,944960,0
782,1116352,0,0,0,3968,8576,360576,379648,363584,343936,768960,0,1408,355136,0,0,0,0,0,0,0,0,0,0,0,0,0,0,379520,128,578,1408,1593342116,663453129,760384,0
783,1116928,0,0,0,4032,8640,352320,364672,387264,367552,745856,0,1408,346816,0,0,0,0,0,0,0,0,0,0,0,0,0,0,364416,256,572,1400,2444502116,60860641,737216,0
784,1116672,0,0,0,4032,8576,367616,391744,344704,324864,788352,0,1472,362240,0,0,0,0,0,0,0,0,0,0,0,0,0,0,391552,192,567,1385,1185546306,3559297017,779776,0
785,1116864,0,0,0,5952,8832,506624,401728,193728,174272,938880,0,1472,500864,0,0,0,0,0,0,0,0,0,0,0,0,0,0,401536,192,564,1388,624261714,502883622,930048,0
786,1116992,0,0,0,5952,9856,479616,397824,223744,203776,909504,0,1408,474048,0,0,0,0,0,0,0,0,0,0,0,0,0,0,397632,192,545,1354,616910481,2601818057,899648,0
787,1116608,0,0,0,5312,8704,477248,407488,217856,198016,915008,0,1472,471552,0,0,0,0,0,0,0,0,0,0,0,0,0,0,407296,192,547,1371,4158009827,4242172677,906304,0
788,1116672,0,0,0,6080,8640,462336,417600,222016,202240,910976,0,1472,456768,0,0,0,0,0,0,0,0,0,0,0,0,0,0,417472,128,548,1361,4073861308,294144399,902336,0
789,1117248,0,0,0,6016,8448,532608,422656,147520,126528,987072,0,1472,526976,0,0,0,0,0,0,0,0,0,0,0,0,0,0,422464,192,559,1404,1380965352,706841326,978624,0
790,1116480,0,0,0,6016,8512,381312,403904,316736,296896,816000,0,1472,375744,0,0,0,0,0,0,0,0,0,0,0,0,0,0,403712,192,560,1405,594132520,2457921527,807488,0
791,1117120,0,0,0,3968,8576,391360,384576,328640,308864,804800,0,1536,385792,0,0,0,0,0,0,0,0,0,0,0,0,0,0,384320,256,555,1398,667926710,3859270543,796224,0
792,1116544,0,0,0,3968,8640,364288,352192,387456,368000,745024,0,1472,358848,0,0,0,0,0,0,0,0,0,0,0,0,0,0,352000,192,567,1421,2333841556,3673458733,736384,0
793,1117120,0,0,0,4928,8384,336832,368512,398464,378688,734976,0,1408,331392,0,0,0,0,0,0,0,0,0,0,0,0,0,0,368320,192,583,1458,1728045117,51129937,726592,0
794,1116864,0,0,0,5952,8320,357184,374784,370624,350784,762624,0,1408,351616,0,0,0,0,0,0,0,0,0,0,0,0,0,0,374656,128,598,1460,1306876838,3419722783,754304,0
795,1116800,0,0,0,4480,8384,344256,353984,405696,386048,727296,0,1472,338624,0,0,0,0,0,0,0,0,0,0,0,0,0,0,353792,192,593,1436,266396088,3641169561,718912,0
796,1117056,0,0,0,2560,8512,416064,373056,316864,296960,816576,0,1408,410624,0,0,0,0,0,0,0,0,0,0,0,0,0,0,372864,192,589,1415,215769861,2262298858,808064,0
797,1116544,0,0,0,2560,23616,327424,340096,422848,397568,715456,0,1344,321984,0,0,0,0,0,0,0,0,0,0,0,0,0,0,339968,128,601,1437,3886167394,997359533,691840,0
798,1116864,0,0,0,2496,8640,324160,337664,443904,424256,689152,0,1472,318528,0,0,0,0,0,0,0,0,0,0,0,0,0,0,337472,192,593,1421,29521824,2118097683,680512,0
799,1116800,0,0,0,2560,8576,358912,394624,352128,332480,780800,0,1536,353344,0,0,0,0,0,0,0,0,0,0,0,0,0,0,394432,192,592,1426,2950374759,445530988,772224,0
800,1116544,0,0,0,2560,8512,361152,360448,383872,364544,748544,0,1472,355712,0,0,0,0,0,0,0,0,0,0,0,0,0,0,360256,192,596,1446,3535851524,532351070,740032,0
801,1117056,0,0,0,2560,8576,323328,349184,433408,413952,699520,0,1536,317760,0,0,0,0,0,0,0,0,0,0,0,0,0,0,348992,192,599,1461,500394571,2811773357,690944,0
802,1116864,0,0,0,2560,9472,401408,347264,356160,336192,777216,0,1472,395712,0,0,0,0,0,0,0,0,0,0,0,0,0,0,347072,192,596,1437,3420019712,980442100,767744,0
803,1116928,0,0,0,2560,8576,454656,365888,285248,265280,848192,0,1536,449088,0,0,0,0,0,0,0,0,0,0,0,0,0,0,365696,192,603,1439,74939470,974813429,839616,0
804,1117184,0,0,0,2560,8384,471872,349120,285248,265408,848256,0,1472,466176,0,0,0,0,0,0,0,0,0,0,0,0,0,0,348928,192,608,1439,1834786872,2751427366,839872,0
805,1116416,0,0,0,2560,8384,403904,358272,343296,323392,789568,0,1408,398336,0,0,0,0,0,0,0,0,0,0,0,0,0,0,358080,192,599,1446,2970147789,1811291383,781184,0
806,1116928,0,0,0,3328,8576,544256,362880,197888,178304,935104,0,1536,538688,0,0,0,0,0,0,0,0,0,0,0,0,0,0,362688,192,598,1437,3338133685,1822291138,926528,0
807,1116864,0,0,0,5056,8512,463232,386496,253568,233920,879488,0,1472,457728,0,0,0,0,0,0,0,0,0,0,0,0,0,0,386304,192,598,1440,3957390976,1182093099,870976,0
808,1116864,0,0,0,5952,8640,390272,410112,301888,281984,831296,0,1536,384704,0,0,0,0,0,0,0,0,0,0,0,0,0,0,409920,192,600,1449,3135335321,2958271242,822656,0
809,1676928,0,0,0,22976,8832,746880,490496,407744,387904,1285120,0,1408,741248,0,0,0,0,0,0,0,0,0,0,0,0,0,0,490304,192,613,1483,89929666,742554212,1276288,0
810,1116928,0,0,0,6400,9152,482624,514688,104064,84416,1028416,0,1472,477184,0,0,0,0,0,0,0,0,0,0,0,0,0,0,514496,192,598,1465,2479104480,3625060319,1019264,0
811,1116928,0,0,0,7296,9216,501504,500928,97984,78016,1034752,0,1536,495936,0,0,0,0,0,0,0,0,0,0,0,0,0,0,500736,192,594,1457,3874876685,1796386144,1025536,0
812,1117056,0,0,0,5632,9024,355008,478784,268608,248576,864448,0,1536,349504,0,0,0,0,0,0,0,0,0,0,0,0,0,0,478656,128,586,1436,150445314,586220021,855424,0
813,1116736,0,0,0,6144,8448,402176,466560,233408,207424,905600,0,1408,396736,0,0,0,0,0,0,0,0,0,0,0,0,0,0,466368,192,591,1446,2888789585,3489819164,897152,0
814,1677376,0,0,0,6528,8320,585984,963328,113216,93248,1580608,0,1472,580416,0,0,0,0,0,0,0,0,0,0,0,0,0,0,963200,128,599,1471,4176585722,2567924621,1572288,0
815,1677312,0,0,0,5568,8448,597760,950912,114624,94144,1579584,0,1536,592064,0,0,0,0,0,0,0,0,0,0,0,0,0,0,950720,192,607,1470,2422727104,205366078,1571136,0
816,1676608,0,0,0,9792,10048,517312,954624,184832,159168,1513408,0,1408,511552,0,0,0,0,0,0,0,0,0,0,0,30912,0,0,954496,128,595,1429,1378270026,2969078761,1503360,0
817,1116864,0,0,0,6080,9216,384768,549248,167552,147776,965120,0,1472,379200,0,0,0,0,0,0,0,0,0,0,0,0,0,0,549056,192,587,1411,1993551230,3899221672,955904,0
818,1116736,0,0,0,6016,9408,364224,532800,204288,184640,927936,0,1408,358784,0,0,0,0,0,0,0,0,0,0,0,0,0,0,532608,192,579,1410,1342143964,3942125844,918528,0
819,1677120,0,0,0,10240,9024,561408,536896,559552,539648,1133440,0,1472,555840,0,0,0,0,0,0,0,0,0,0,0,0,0,0,536704,192,578,1403,358610604,2092612843,1124416,0
820,1116736,0,0,0,4224,9216,437632,535104,130560,111040,1001728,0,1536,432000,0,0,0,0,0,0,0,0,0,0,0,0,0,0,534912,192,572,1370,2091740208,3008209879,992512,0
821,1116928,0,0,0,4224,9088,454720,518976,129920,110464,1002496,0,1472,449024,0,0,0,0,0,0,0,0,0,0,0,0,0,0,518784,192,570,1367,2513906066,2040151267,993408,0
822,1117120,0,0,0,4160,8832,346368,460544,297216,277120,836032,0,1536,340864,0,0,0,0,0,0,0,0,0,0,0,0,0,0,460416,128,567,1368,3915799851,4148193952,827200,0
823,1677120,0,0,0,11968,23424,601536,574784,465408,445248,1227904,0,1472,595840,0,0,0,0,0,0,0,0,0,0,0,0,0,0,574656,128,578,1401,3642310153,278712591,1204480,0
824,1116864,0,0,0,4352,23680,346496,472640,269696,250176,862656,0,1408,340992,0,0,0,0,0,0,0,0,0,0,0,0,0,0,472448,192,582,1415,1762802463,241899400,838976,0
825,1116928,0,0,0,8832,23424,552896,505984,25792,6336,1106432,0,1472,547392,0,0,0,0,0,0,0,0,0,0,0,0,0,0,505792,192,578,1411,2598207546,1420407837,1083008,0
826,1117056,0,0,0,4352,8896,430208,496640,176960,157248,955840,0,1408,424704,0,0,0,0,0,0,0,0,0,0,0,0,0,0,496512,128,589,1442,1645537282,2936407262,946944,0
827,1116544,0,0,0,4352,22912,404480,501568,183232,163392,949248,0,1472,398720,0,0,0,0,0,0,0,0,0,0,0,0,0,0,501440,128,582,1427,4196413820,1757038359,926336,0
828,1116672,0,0,0,9408,9088,412608,489728,195840,175808,936768,0,1472,407104,0,0,0,0,0,0,0,0,0,0,0,0,0,0,489600,128,590,1436,3899797367,2634171961,927680,0
829,1116864,0,0,0,4544,8896,466944,433024,203456,183808,929088,0,1536,461056,0,0,0,0,0,0,0,0,0,0,0,0,0,0,432832,192,571,1371,2564630769,4021101927,920192,0
830,1117184,0,0,0,4544,9024,430656,429184,243776,218112,895168,0,1536,425216,0,0,0,0,0,0,0,0,0,0,0,0,0,0,429056,128,574,1368,205627468,2599868806,886144,0
831,1115200,0,0,0,5248,10048,401600,429632,268672,247872,863296,0,1536,395392,0,0,0,0,0,0,0,0,0,0,0,0,0,0,429440,192,562,1362,3175878004,1035217192,853248,0
832,1116736,0,0,0,6528,9152,410048,455744,235264,215296,897152,0,1536,404544,0,0,0,0,0,0,0,0,0,0,0,0,0,0,455552,192,594,1432,2842788236,2927737000,888000,0
833,1116800,0,0,0,7168,9024,419456,486656,194496,174848,937920,0,1472,413760,0,0,0,0,0,0,0,0,0,0,0,0,0,0,486464,192,591,1447,2003694924,3576830176,928896,0
834,1116736,0,0,0,5504,8960,510144,496064,96064,76416,1036352,0,1536,504640,0,0,0,0,0,0,0,0,0,0,0,0,0,0,495872,192,596,1458,4271508177,708114887,1027392,0
835,1677056,0,0,0,12864,9024,565056,650880,439232,419904,1253120,0,1472,559552,0,0,0,0,0,0,0,0,0,0,0,0,0,0,650752,128,621,1527,3013481471,1976148493,1244096,0
836,1117184,0,0,0,6656,8960,420672,446912,233984,213824,899392,0,1472,414976,0,0,0,0,0,0,0,0,0,0,0,0,0,0,446720,192,609,1506,3975129142,331148538,890432,0
837,1117184,0,0,0,6400,8896,423936,459072,218880,198656,914496,0,1472,418304,0,0,0,0,0,0,0,0,0,0,0,0,0,0,458880,192,601,1476,3008048021,1205654348,905600,0
838,1116672,0,0,0,6720,9152,337280,412096,351424,331072,781504,0,1472,331712,0,0,0,0,0,0,0,0,0,0,0,0,0,0,411968,128,597,1448,2720121592,1434125567,772352,0
839,1116800,0,0,0,4288,8832,351680,424576,327424,307712,805248,0,1472,346112,0,0,0,0,0,0,0,0,0,0,0,0,0,0,424384,192,616,1491,2517181163,4128701034,796416,0
840,1116544,0,0,0,6336,9216,355648,423936,321408,302016,810368,0,1472,350144,0,0,0,0,0,0,0,0,0,0,0,0,0,0,423744,192,615,1479,3914820778,580148435,801152,0
841,1116992,0,0,0,6272,9344,320448,422784,358144,338112,774656,0,1472,314880,0,0,0,0,0,0,0,0,0,0,0,0,0,0,422592,192,608,1463,249666757,1075046470,765312,0
842,1117120,0,0,0,5504,8768,331456,409920,361472,341440,771712,0,1408,325952,0,0,0,0,0,0,0,0,0,0,0,0,0,0,409792,128,617,1484,3819401751,551191286,762944,0
843,1116544,0,0,0,4160,9024,325248,405824,372288,352832,759744,0,1472,319680,0,0,0,0,0,0,0,0,0,0,0,0,0,0,405632,192,604,1462,36087187,652153726,750720,0
844,1116992,0,0,0,8576,9088,440256,445312,213760,194304,918592,0,1536,434752,0,0,0,0,0,0,0,0,0,0,0,0,0,0,445120,192,626,1537,3391391761,2435272360,909504,0
845,1116800,0,0,0,4288,8960,371584,444416,287552,267840,844992,0,1472,365952,0,0,0,0,0,0,0,0,0,0,0,0,0,0,444224,192,629,1528,3407702005,2170477111,836032,0
846,1116928,0,0,0,4352,10304,358528,435456,308288,282624,830400,0,1472,353088,0,0,0,0,0,0,0,0,0,0,0,0,0,0,435264,192,635,1556,1930642277,3861710532,820096,0
847,1116992,0,0,0,6208,9216,355584,427840,318144,298112,814848,0,1472,349888,0,0,0,0,0,0,0,0,0,0,0,0,0,0,427712,128,638,1564,3775659453,2576214417,805632,0
848,1116608,0,0,0,6336,9280,352576,423488,324928,305152,807360,0,1408,346944,0,0,0,0,0,0,0,0,0,0,0,0,0,0,423296,192,641,1557,3077283855,1075509478,798080,0
849,1677184,0,0,0,11200,8960,603392,648320,405312,379712,1293376,0,1536,597568,0,0,0,0,0,0,0,0,0,0,0,15552,0,0,648128,192,644,1595,3250436971,3119898241,1284416,0
850,1117184,0,0,0,6400,9088,441472,546048,114176,93952,1019328,0,1472,435968,0,0,0,0,0,0,0,0,0,0,0,0,0,0,545856,192,623,1546,1056402195,4289412609,1010240,0
851,1676864,0,0,0,6592,9280,525312,645888,489792,469888,1202880,0,1536,519616,0,0,0,0,0,0,0,0,0,0,0,0,0,0,645696,192,629,1572,343790208,304733317,1193600,0
852,1676992,0,0,0,6656,9792,532032,675008,453504,433536,1238912,0,1536,526336,0,0,0,0,0,0,0,0,0,0,0,0,0,0,674816,192,637,1580,1268251074,2456604375,1229120,0
853,1677056,0,0,0,14144,9216,647616,703424,302656,282880,1390144,0,1472,642112,0,0,0,0,0,0,0,0,0,0,0,0,0,0,703232,192,670,1674,646529361,684496211,1380928,0
854,1116800,0,0,0,6464,9536,361856,664704,74240,54528,1057984,0,1472,356288,0,0,0,0,0,0,0,0,0,0,0,0,0,0,664512,192,671,1663,958341670,1739873636,1048448,0
855,1117056,0,0,0,6400,9920,393728,538432,168576,149184,963136,0,1536,388096,0,0,0,0,0,0,0,0,0,0,0,0,0,0,538240,192,636,1560,2615568222,75497302,953216,0
856,1116864,0,0,0,5568,9152,547328,476096,78720,58880,1053824,0,1472,541568,0,0,0,0,0,0,0,0,0,0,0,0,0,0,475968,128,630,1542,3876110129,1335504619,1044672,0
857,1677120,0,0,0,4352,23680,693056,474752,481280,461504,1211584,0,1536,687488,0,0,0,0,0,0,0,0,0,0,0,0,0,0,474560,192,628,1540,1079055924,4135433803,1187904,0
858,1676864,0,0,0,5376,9664,661952,473792,526080,506368,1166080,0,1536,656320,0,0,0,0,0,0,0,0,0,0,0,0,0,0,473600,192,625,1533,988708458,548868960,1156416,0
859,1677696,0,0,0,16384,10816,880768,486656,283072,263168,1409984,0,1536,875136,0,0,0,0,0,0,0,0,0,0,0,0,0,0,486464,192,585,1448,3800778421,2363109850,1399168,0
860,1676736,0,0,0,4352,8832,732672,441856,489024,469184,1203584,0,1536,727040,0,0,0,0,0,0,0,0,0,0,0,0,0,0,441728,128,592,1457,1946829048,2577316779,1194752,0
861,2237120,0,0,0,12096,23936,905664,893248,402176,381952,1851008,0,1472,899968,0,0,0,0,0,0,0,0,0,0,0,0,0,0,893056,192,580,1423,1768014827,1068613680,1827072,0
862,1676864,0,0,0,4480,23808,683072,489408,476096,456320,1216512,0,1536,677504,0,0,0,0,0,0,0,0,0,0,0,0,0,0,489216,192,602,1463,2829067499,1802089401,1192704,0
863,1677312,0,0,0,4544,23360,662144,449280,537984,512320,1161088,0,1600,656512,0,0,0,0,0,0,0,0,0,0,0,0,0,0,449152,128,582,1412,3602288594,3338588638,1137728,0
864,1676864,0,0,0,4544,23872,896256,514176,238016,218112,1454592,0,1536,890496,0,0,0,0,0,0,0,0,0,0,0,0,0,0,513984,192,590,1458,2426523541,2319699786,1430720,0
865,1677056,0,0,0,4608,23872,624128,453056,571392,551360,1121664,0,1472,618496,0,0,0,0,0,0,0,0,0,0,0,0,0,0,452928,128,579,1431,1625818155,923342459,1097792,0
866,1116992,0,0,0,4672,23040,472768,438336,178176,158144,954816,0,1472,467136,0,0,0,0,0,0,0,0,0,0,0,0,0,0,438144,192,552,1386,4161265249,1977687306,931776,0
867,1676992,0,0,0,4672,23744,701440,515904,431232,411392,1261568,0,1536,695744,0,0,0,0,0,0,0,0,0,0,0,0,0,0,515712,192,563,1406,908393778,1635364964,1237824,0
868,1116736,0,0,0,7616,24384,493824,455360,135552,116032,996544,0,1536,488384,0,0,0,0,0,0,0,0,0,0,0,0,0,0,455168,192,573,1439,35154240,169266098,972160,0
869,1117184,0,0,0,9728,24128,507008,436032,140288,120512,992512,0,1472,501440,0,0,0,0,0,0,0,0,0,0,0,0,0,0,435904,128,562,1404,1733116255,1898949504,968384,0
870,1116544,0,0,0,5824,24704,562240,483072,40704,20800,1091712,0,1536,556608,0,0,0,0,0,0,0,0,0,0,0,0,0,0,482880,192,569,1409,3219933182,3759728594,1067008,0
871,1117120,0,0,0,4864,23936,368960,434176,285184,265536,847552,0,1472,363392,0,0,0,0,0,0,0,0,0,0,0,0,0,0,433984,192,585,1432,2776170792,4204091474,823616,0
872,1116608,0,0,0,7168,24000,347264,423424,314752,294976,817408,0,1408,341696,0,0,0,0,0,0,0,0,0,0,0,0,0,0,423232,192,615,1483,302342229,801619062,793408,0
873,1116800,0,0,0,6336,23616,542016,479936,64896,45312,1067392,0,1536,536320,0,0,0,0,0,0,0,0,0,0,0,0,0,0,479680,256,608,1472,944602018,131618110,1043776,0
874,1117056,0,0,0,4736,24064,380672,424768,282816,263040,849920,0,1472,375040,0,0,0,0,0,0,0,0,0,0,0,0,0,0,424576,192,599,1442,2682940619,3155543025,825856,0
875,1116800,0,0,0,4736,23296,399936,443968,244864,225216,887616,0,1408,394432,0,0,0,0,0,0,0,0,0,0,0,0,0,0,443776,192,591,1426,3079307053,2356150826,864320,0
876,1118080,0,0,0,5056,23744,563712,493632,31936,10944,1103040,0,1856,557696,0,0,0,0,0,0,0,0,0,0,0,0,0,0,493440,192,603,1452,529123974,3187555563,1079296,0
877,1116992,0,0,0,5056,23680,364224,425792,298240,277312,835648,0,1408,358848,0,0,0,0,0,0,0,0,0,0,0,0,0,0,425600,192,596,1444,2909215055,2267093038,811968,0
878,1116672,0,0,0,6976,23936,337280,414784,333696,312320,800128,0,1408,331584,0,0,0,0,0,0,0,0,0,0,0,0,0,0,414656,128,617,1473,2764578364,1426616891,776192,0
879,1116992,0,0,0,6080,23808,517120,472128,97856,70336,1042432,0,1984,510976,0,0,0,0,0,0,0,0,0,0,0,0,0,0,472000,128,612,1475,3150491056,3350606661,1018624,0
880,1116672,0,0,0,4992,23616,368448,424512,295104,273920,838720,0,1600,362880,0,0,0,0,0,0,0,0,0,0,0,0,0,0,424320,192,606,1446,1367849269,1314791431,815104,0
881,1116864,0,0,0,7424,23424,363968,396032,326016,304192,808576,0,1536,358656,0,0,0,0,0,0,0,0,0,0,0,0,0,0,395840,192,606,1454,4126465978,3317136318,785152,0
882,1116864,0,0,0,7360,9408,453312,403136,243648,222464,890240,0,1536,447808,0,0,0,0,0,0,0,0,0,0,0,0,0,0,402944,192,592,1419,4064662900,2939126927,880832,0
883,1676928,0,0,0,12800,23936,612160,510592,517440,495936,1176832,0,1472,606784,0,0,0,0,0,0,0,0,0,0,0,0,0,0,510400,192,602,1440,2373693048,3437433501,1152896,0
884,1116992,0,0,0,4992,23552,363008,418752,306688,285760,827200,0,1472,357376,0,0,0,0,0,0,0,0,0,0,0,0,0,0,418560,192,612,1468,116469422,944379528,803648,0
885,1116800,0,0,0,4992,24640,330816,436032,320320,299200,813568,0,1472,325312,0,0,0,0,0,0,0,0,0,0,0,0,0,0,435904,128,613,1470,3446588323,2019708310,788928,0
886,1117056,0,0,0,5120,9408,317568,426368,358592,335424,777536,0,1472,312128,0,0,0,0,0,0,0,0,0,0,0,0,0,0,426240,128,614,1462,241221317,1769403951,768128,0
887,1116928,0,0,0,4992,23360,494528,491648,102400,80832,1032064,0,1408,488960,0,0,0,0,0,0,0,0,0,0,0,0,0,0,491520,128,625,1485,1949076325,3395271300,1008704,0
888,1116800,0,0,0,6912,9216,292160,404928,403584,381888,730688,0,1536,286464,0,0,0,0,0,0,0,0,0,0,0,0,0,0,404800,128,609,1459,1504838531,757869776,721472,0
889,1116928,0,0,0,8000,9344,353664,391040,354880,333632,779072,0,1472,348096,0,0,0,0,0,0,0,0,0,0,0,0,0,0,390912,128,615,1468,1766803358,2200231543,769728,0
890,1116928,0,0,0,4864,9152,329216,363904,409792,388672,724288,0,1536,323584,0,0,0,0,0,0,0,0,0,0,0,0,0,0,363776,128,610,1444,3592452667,2442061713,715136,0
891,1116992,0,0,0,10368,8832,420352,406080,271360,249536,863552,0,1536,414784,0,0,0,0,0,0,0,0,0,0,0,0,0,0,405888,192,631,1508,1659169406,1920072571,854720,0
892,1115264,0,0,0,5888,9152,381376,369152,349696,329664,781440,0,1536,375808,0,0,0,0,0,0,0,0,0,0,0,0,0,0,369024,128,616,1466,767661633,465293903,772288,0
893,1116736,0,0,0,6912,9216,324736,393920,381952,361856,750528,0,1408,319232,0,0,0,0,0,0,0,0,0,0,0,0,0,0,393728,192,621,1477,2373353587,1815691403,741312,0
894,1116864,0,0,0,6144,9152,294336,369088,438144,415424,697280,0,1472,288768,0,0,0,0,0,0,0,0,0,0,0,0,0,0,368896,192,612,1447,3974386340,2284547082,688128,0
895,1116864,0,0,0,4864,9024,357056,410816,335104,309760,802944,0,1536,351424,0,0,0,0,0,0,0,0,0,0,0,0,0,0,410688,128,626,1470,1210840250,727130408,793920,0
896,1117120,0,0,0,4864,9088,387136,382336,333696,313792,799296,0,1408,381696,0,0,0,0,0,0,0,0,0,0,0,0,0,0,382144,192,599,1419,1400611372,142808767,790208,0
897,1677504,0,0,0,11136,9152,530560,876288,250368,229824,1443648,0,1472,524928,0,0,0,0,0,0,0,0,0,0,0,0,0,0,876096,192,609,1448,1091683104,22490815,1434496,0
898,1117760,0,0,0,7232,9216,412160,480896,208256,185408,928384,0,1600,406592,0,0,0,0,0,0,0,0,0,0,0,0,0,0,480704,192,586,1384,2824270545,21908547,919168,0
899,1116800,0,0,0,4736,9344,322560,474496,305664,284480,828224,0,1472,316992,0,0,0,0,0,0,0,0,0,0,0,0,0,0,474304,192,604,1445,2376124710,2932503259,818880,0
900,1677568,0,0,0,12864,24896,608320,499136,532352,510592,1162944,0,1472,602688,0,0,0,0,0,0,0,0,0,0,0,0,0,0,498944,192,579,1386,3303902277,3882909339,1138048,0
901,1116224,0,0,0,7872,23808,431040,466816,186688,164608,947392,0,1536,425280,0,0,0,0,0,0,0,0,0,0,0,0,0,0,466688,128,584,1401,3165206715,3811958583,923584,0
902,1677120,0,0,0,18304,23808,1041664,558336,35008,13696,1659200,0,1600,1035968,0,0,0,0,0,0,0,0,0,0,0,0,0,0,558144,192,591,1442,1156010640,1560923642,1635392,0
903,1116672,0,0,0,6656,24000,506944,488192,90880,69504,1043200,0,1600,501632,0,0,0,0,0,0,0,0,0,0,0,0,0,0,488000,192,572,1390,4149251979,83493245,1019200,0
904,1116992,0,0,0,6784,23616,525248,483968,77376,56064,1056832,0,1536,519616,0,0,0,0,0,0,0,0,0,0,0,0,0,0,483776,192,571,1376,2223281790,856571652,1033216,0
905,1116992,0,0,0,6016,23360,541376,466752,79488,57728,1055232,0,1536,535872,0,0,0,0,0,0,0,0,0,0,0,0,0,0,466560,192,579,1381,810703638,2177055177,1031872,0
906,1116672,0,0,0,6592,9280,571264,481280,48256,26752,1085760,0,1408,565760,0,0,0,0,0,0,0,0,0,0,0,0,0,0,481088,192,576,1380,2953253679,4192229507,1076480,0
907,1116800,0,0,0,6848,9536,616384,453952,30080,8640,1103936,0,1536,610880,0,0,0,0,0,0,0,0,0,0,0,0,0,0,453760,192,580,1380,3869438735,2956778436,1094400,0
908,1116800,0,0,0,4480,9152,565376,419072,118720,97344,1015424,0,1472,559808,0,0,0,0,0,0,0,0,0,0,0,0,0,0,418880,192,553,1314,2049393821,1342403996,1006272,0
909,1116928,0,0,0,6464,9216,557760,420992,122496,101376,1011456,0,1408,552384,0,0,0,0,0,0,0,0,0,0,0,0,0,0,420864,128,542,1281,415824854,3316854693,1002240,0
910,1116800,0,0,0,7232,9472,483392,412288,204416,183040,929728,0,1536,477824,0,0,0,0,0,0,0,0,0,0,0,0,0,0,412096,192,530,1258,365306903,949777311,920256,0
911,1116928,0,0,0,5632,9344,435392,394048,272512,244928,867840,0,1408,429888,0,0,0,0,0,0,0,0,0,0,0,0,0,0,393920,128,534,1259,1116843784,1145845250,858496,0
912,1116928,0,0,0,6400,9344,485504,378240,237440,215488,897408,0,1472,479808,0,0,0,0,0,0,0,0,0,0,0,0,0,0,378112,128,537,1269,2255664119,1545290840,888064,0
913,1116480,0,0,0,6336,8960,459776,363520,277888,256576,855808,0,1536,454208,0,0,0,0,0,0,0,0,0,0,0,0,0,0,363328,192,545,1278,862305295,1385362274,846848,0
914,1115584,0,0,0,9856,9280,571776,399488,125184,105344,1006080,0,1472,566208,0,0,0,0,0,0,0,0,0,0,0,0,0,0,399296,192,543,1303,2825850862,3000588681,996800,0
915,1116800,0,0,0,6400,10240,496256,363648,240256,220288,892480,0,1536,490496,0,0,0,0,0,0,0,0,0,0,0,0,0,0,363520,128,557,1320,2844935923,3667220591,882240,0
916,1116800,0,0,0,6784,9216,509440,358080,233280,213440,899392,0,1472,503872,0,0,0,0,0,0,0,0,0,0,0,0,0,0,357888,192,558,1318,4067288556,651253551,890176,0
917,1117120,0,0,0,7040,23808,511296,346432,228544,208512,904512,0,1536,505664,0,0,0,0,0,0,0,0,0,0,0,0,0,0,346304,128,568,1344,1437506044,1024457204,880704,0
918,1116736,0,0,0,5376,9088,518464,355648,228160,208256,904384,0,1472,512704,0,0,0,0,0,0,0,0,0,0,0,0,0,0,355520,128,566,1352,3829987057,2588245128,895296,0
919,1116864,0,0,0,4160,8896,515968,366400,221440,201600,911232,0,1472,510528,0,0,0,0,0,0,0,0,0,0,0,0,0,0,366272,128,570,1360,3635393790,3445115611,902336,0
920,1116800,0,0,0,4224,9152,467904,351424,284096,264448,848320,0,1408,462336,0,0,0,0,0,0,0,0,0,0,0,0,0,0,351232,192,565,1357,3628543014,4066939147,839168,0
921,1118400,0,0,0,4160,9216,458432,361344,285248,264000,850368,0,1536,452864,0,0,0,0,0,0,0,0,0,0,0,0,0,0,361152,192,579,1385,2357864670,529697829,841152,0
922,1116736,0,0,0,4096,9152,536384,382592,184512,161472,951168,0,2048,530176,0,0,0,0,0,0,0,0,0,0,0,0,0,0,382400,192,576,1386,3969137636,645101973,942016,0
923,1116928,0,0,0,4160,9088,441728,363072,298880,277632,835264,0,1472,436160,0,0,0,0,0,0,0,0,0,0,0,0,0,0,362880,192,571,1372,2038978054,2327046275,826176,0
924,1116864,0,0,0,4160,9344,450816,370752,281792,260480,852352,0,1536,445184,0,0,0,0,0,0,0,0,0,0,0,0,0,0,370624,128,574,1385,510456501,1298796570,843008,0
925,1116672,0,0,0,4224,9408,440448,357760,304832,283712,828864,0,1408,435008,0,0,0,0,0,0,0,0,0,0,0,0,0,0,357632,128,576,1392,2387044805,1475331656,819456,0
926,1116928,0,0,0,4160,9024,443520,360512,299712,278528,834432,0,1408,437824,0,0,0,0,0,0,0,0,0,0,0,0,0,0,360384,128,583,1403,3128913584,3376042223,825408,0
927,1117120,0,0,0,4224,9024,458880,363264,281728,254528,858560,0,1472,453376,0,0,0,0,0,0,0,0,0,0,0,0,0,0,363072,192,587,1410,496988053,3424191621,849536,0
928,1116928,0,0,0,8384,9472,529344,349440,220288,198720,913792,0,1408,523776,0,0,0,0,0,0,0,0,0,0,0,0,0,0,349248,192,575,1371,4148565751,1893925083,904320,0
929,1116864,0,0,0,6656,8960,402048,342400,356800,335424,777472,0,1536,396480,0,0,0,0,0,0,0,0,0,0,0,0,0,0,342208,192,581,1370,429837740,3845809774,768512,0
930,1116800,0,0,0,6656,9216,438976,352128,309824,288448,824320,0,1408,433408,0,0,0,0,0,0,0,0,0,0,0,0,0,0,351936,192,589,1390,1097536547,3989248833,815104,0
931,1116800,0,0,0,5760,10496,391424,338816,370304,348992,763712,0,1472,385920,0,0,0,0,0,0,0,0,0,0,0,0,0,0,338624,192,590,1394,1917306469,3892906659,753216,0
932,1116928,0,0,0,5760,9216,388864,341504,371584,350208,762688,0,1408,383424,0,0,0,0,0,0,0,0,0,0,0,0,0,0,341376,128,585,1392,3273292594,3312471617,753472,0
933,1116800,0,0,0,6080,9088,382400,342208,377024,355520,757184,0,1472,376896,0,0,0,0,0,0,0,0,0,0,0,0,0,0,342016,192,582,1393,547356807,1144167138,748096,0
934,1116992,0,0,0,6912,9600,361600,330496,408384,386752,725888,0,1472,356096,0,0,0,0,0,0,0,0,0,0,0,0,0,0,330368,128,576,1380,2090615109,1648113668,716288,0
935,1116736,0,0,0,5888,9088,412032,340928,348800,327232,785408,0,1472,406336,0,0,0,0,0,0,0,0,0,0,0,0,0,0,340736,192,568,1367,2754698430,3131296627,776320,0
936,1117312,0,0,0,4544,9152,438784,377536,287296,265664,847552,0,1472,433088,0,0,0,0,0,0,0,0,0,0,0,0,0,0,377344,192,586,1403,2495452752,290098665,838400,0
937,1115200,0,0,0,2496,8960,427072,381504,295168,274880,836352,0,1536,421440,0,0,0,0,0,0,0,0,0,0,0,0,0,0,381376,128,568,1363,1747638008,4063330525,827392,0
938,1116480,0,0,0,2560,9024,384768,373248,346880,327296,785152,0,1472,379136,0,0,0,0,0,0,0,0,0,0,0,0,0,0,373120,128,569,1354,1404635444,1259407726,776128,0
939,1116608,0,0,0,2560,8896,417024,373440,314688,294976,817664,0,1536,411520,0,0,0,0,0,0,0,0,0,0,0,0,0,0,373248,192,583,1394,1018553611,1665705645,808768,0
940,1117120,0,0,0,2496,8896,327104,372736,405888,386240,726976,0,1536,321408,0,0,0,0,0,0,0,0,0,0,0,0,0,0,372608,128,583,1398,725402410,3767039971,718080,0
941,1116672,0,0,0,8704,9152,546112,387136,165568,145600,966976,0,1408,540736,0,0,0,0,0,0,0,0,0,0,0,0,0,0,386944,192,573,1380,3495329568,1107962199,957824,0
942,1116864,0,0,0,3904,8960,558336,358848,186816,166784,946112,0,1472,552704,0,0,0,0,0,0,0,0,0,0,0,0,0,0,358656,192,554,1328,4008616941,1720767585,937152,0
943,1118272,0,0,0,3968,9088,527232,367168,210816,183616,930624,0,1536,521536,0,0,0,0,0,0,0,0,0,0,0,0,0,0,367040,128,556,1326,837343301,4205737559,921536,0
944,1116928,0,0,0,3968,9088,604160,427264,72448,51200,1061824,0,1408,598592,0,0,0,0,0,0,0,0,0,0,0,0,0,0,427072,192,559,1327,1892364161,851586228,1052736,0
945,1116864,0,0,0,9344,9728,573312,409472,115008,93760,1018624,0,1472,567680,0,0,0,0,0,0,0,0,0,0,0,0,0,0,409280,192,563,1336,4128548937,574607767,1008896,0
946,1116992,0,0,0,4224,10688,452864,407872,241344,219584,892992,0,1536,447424,0,0,0,0,0,0,0,0,0,0,0,0,0,0,407744,128,562,1332,2045787796,1668464414,882304,0
947,1116928,0,0,0,4992,23552,465152,406400,216832,195136,917376,0,1472,459520,0,0,0,0,0,0,0,0,0,0,0,0,0,0,406208,192,557,1329,630561340,2254935551,893824,0
948,1676864,0,0,0,11520,23552,657984,439232,544576,523072,1149568,0,1472,652480,0,0,0,0,0,0,0,0,0,0,0,0,0,0,439104,128,593,1383,1549098860,3553106995,1126016,0
949,1116864,0,0,0,4160,24128,427008,494464,167104,145920,966912,0,1472,421632,0,0,0,0,0,0,0,0,0,0,0,0,0,0,494272,192,590,1375,2140519838,4200144747,942784,0
950,1117056,0,0,0,4096,23488,300608,456704,332160,310784,802240,0,1472,294848,0,0,0,0,0,0,0,0,0,0,0,0,0,0,456512,192,587,1367,2600297667,2059031406,778752,0
951,1116800,0,0,0,4096,9280,297216,457856,348352,327040,785728,0,1536,291712,0,0,0,0,0,0,0,0,0,0,0,0,0,0,457728,128,595,1379,4006991180,3506655605,776448,0
952,1116928,0,0,0,4096,9344,344896,457728,300864,279360,833472,0,1472,339264,0,0,0,0,0,0,0,0,0,0,0,0,0,0,457536,192,595,1401,2567871720,2994253126,824128,0
953,1116608,0,0,0,4096,9152,395456,455488,252416,230912,881664,0,1536,389952,0,0,0,0,0,0,0,0,0,0,0,0,0,0,455360,128,580,1396,2034406981,1604026816,872512,0
954,1116992,0,0,0,4992,9088,340288,450688,311936,290624,822336,0,1536,334784,0,0,0,0,0,0,0,0,0,0,0,0,0,0,450496,192,588,1408,1489526913,1813345830,813248,0
955,1116928,0,0,0,4096,9152,426944,429504,247232,226304,886528,0,1472,421440,0,0,0,0,0,0,0,0,0,0,0,0,0,0,429312,192,598,1429,3480302324,2444714012,877376,0
956,1116672,0,0,0,4096,9216,356032,419776,327552,306240,806464,0,1472,350400,0,0,0,0,0,0,0,0,0,0,0,0,0,0,419648,128,596,1417,4046592465,2272693358,797248,0
957,1117376,0,0,0,6144,9088,400768,419520,281856,260096,853312,0,1472,395072,0,0,0,0,0,0,0,0,0,0,0,0,0,0,419328,192,580,1372,1948932273,4179075566,844224,0
958,1676608,0,0,0,10240,9024,574784,530560,552000,530816,1141696,0,1472,569088,0,0,0,0,0,0,0,0,0,0,0,0,0,0,530368,192,577,1381,2733346443,3602117552,1132672,0
959,1115392,0,0,0,4032,9216,560256,474112,67776,42624,1068608,0,1536,554560,0,0,0,0,0,0,0,0,0,0,0,0,0,0,473920,192,575,1392,275457916,32462057,1059392,0
960,1116800,0,0,0,3968,10368,424448,465728,212288,192384,920384,0,1408,419008,0,0,0,0,0,0,0,0,0,0,0,0,0,0,465536,192,580,1402,755224625,1359930742,910016,0
961,1116928,0,0,0,6080,9152,417152,448384,236160,216448,896448,0,1472,411584,0,0,0,0,0,0,0,0,0,0,0,0,0,0,448192,192,579,1388,2835196846,3216741019,887296,0
962,1116864,0,0,0,6016,9088,550016,444928,106816,86848,1025792,0,1408,544320,0,0,0,0,0,0,0,0,0,0,0,0,0,0,444736,192,574,1381,2219353498,4055646899,1016704,0
963,1116928,0,0,0,5312,9152,484864,438464,179136,159424,953472,0,1536,479424,0,0,0,0,0,0,0,0,0,0,0,0,0,0,438336,128,559,1357,650095045,290284863,944320,0
964,1116864,0,0,0,3968,9088,433920,428480,241408,221504,891328,0,1408,428416,0,0,0,0,0,0,0,0,0,0,0,0,0,0,428352,128,584,1400,289112734,4102216858,882240,0
965,1116864,0,0,0,4864,8832,447360,384384,271424,251328,861632,0,1472,441920,0,0,0,0,0,0,0,0,0,0,0,0,0,0,384192,192,556,1350,4058626106,1770722718,852800,0
966,1118208,0,0,0,3904,9088,424960,362048,318208,297152,817024,0,1536,419328,0,0,0,0,0,0,0,0,0,0,0,0,0,0,361856,192,551,1336,3826767830,1679257881,807936,0
967,1116992,0,0,0,3904,9088,442048,363136,298816,277120,835840,0,1536,436544,0,0,0,0,0,0,0,0,0,0,0,0,0,0,363008,128,549,1336,304180704,3363201049,826752,0
968,1116992,0,0,0,3904,9152,589568,367744,146624,125120,987840,0,1600,584000,0,0,0,0,0,0,0,0,0,0,0,0,0,0,367552,192,562,1373,3213663797,1584669928,978688,0
969,1116736,0,0,0,3968,9216,441856,361664,300032,278208,834432,0,1472,436480,0,0,0,0,0,0,0,0,0,0,0,0,0,0,361472,192,572,1391,657507795,857058581,825216,0
970,1116800,0,0,0,3904,9344,488704,371840,243008,221760,891008,0,1472,483264,0,0,0,0,0,0,0,0,0,0,0,0,0,0,371712,128,585,1410,825915053,2706917468,881664,0
971,1117056,0,0,0,9408,9344,541504,371072,185728,163904,949056,0,1536,536000,0,0,0,0,0,0,0,0,0,0,0,0,0,0,370880,192,581,1393,1600298012,4002039315,939712,0
972,1116672,0,0,0,4160,9344,558336,379008,165824,144576,968000,0,1600,552832,0,0,0,0,0,0,0,0,0,0,0,0,0,0,378816,192,593,1417,2717373287,3326213957,958656,0
973,1116864,0,0,0,4096,9024,532224,373376,198144,176320,936576,0,1536,526656,0,0,0,0,0,0,0,0,0,0,0,0,0,0,373248,128,584,1410,4086729326,4253963859,927552,0
974,1116672,0,0,0,4352,9152,654720,361664,86784,65728,1046976,0,1536,649088,0,0,0,0,0,0,0,0,0,0,0,0,0,0,361472,192,568,1373,2525980907,500044692,1037824,0
975,1117056,0,0,0,4032,10368,607744,414912,80000,52800,1060288,0,1472,602240,0,0,0,0,0,0,0,0,0,0,0,0,0,0,414784,128,577,1412,2751946358,4008181630,1049920,0
976,1117184,0,0,0,4800,9216,301248,379712,422208,401024,712128,0,1536,295744,0,0,0,0,0,0,0,0,0,0,0,0,0,0,379520,192,583,1420,2947039667,1109698877,702912,0
977,1116736,0,0,0,3968,23552,287936,367936,433344,412032,700672,0,1408,282432,0,0,0,0,0,0,0,0,0,0,0,0,0,0,367808,128,591,1435,1728167613,1989799735,677120,0
978,1116736,0,0,0,6016,9152,293184,371264,437120,415680,696896,0,1408,287616,0,0,0,0,0,0,0,0,0,0,0,0,0,0,371072,192,593,1435,4018110832,1690069724,687744,0
979,1116864,0,0,0,5312,9216,379648,389760,332928,311744,801024,0,1472,374144,0,0,0,0,0,0,0,0,0,0,0,0,0,0,389568,192,585,1417,3132840728,2459884030,791808,0
980,1116736,0,0,0,5952,9024,414400,358720,328640,307456,805312,0,1472,408896,0,0,0,0,0,0,0,0,0,0,0,0,0,0,358528,192,591,1443,3418044458,1933635437,796288,0
981,1117312,0,0,0,5824,9216,401152,362048,339072,317632,795584,0,1472,395584,0,0,0,0,0,0,0,0,0,0,0,0,0,0,361856,192,588,1428,2406272575,1250689489,786368,0
982,1115392,0,0,0,4544,8960,437760,358912,305216,284928,826432,0,1536,432192,0,0,0,0,0,0,0,0,0,0,0,0,0,0,358720,192,590,1434,2903257275,1035608858,817472,0
983,1116672,0,0,0,2560,9024,334080,362880,408128,388224,724352,0,1472,328576,0,0,0,0,0,0,0,0,0,0,0,0,0,0,362688,192,567,1373,3500916036,2066931661,715328,0
984,1116992,0,0,0,2496,8896,334528,355648,415424,395456,717632,0,1472,329216,0,0,0,0,0,0,0,0,0,0,0,0,0,0,355520,128,576,1382,4136290982,4008188633,708736,0
985,1116864,0,0,0,2496,8832,333568,345280,426688,406720,706176,0,1536,328000,0,0,0,0,0,0,0,0,0,0,0,0,0,0,345088,192,581,1387,3056648292,112804882,697344,0
986,1116800,0,0,0,2496,8768,397568,358592,349376,329280,783616,0,1536,392064,0,0,0,0,0,0,0,0,0,0,0,0,0,0,358400,192,575,1374,116051793,89172622,774848,0
987,1116992,0,0,0,2560,9152,446848,368704,289728,269888,843072,0,1408,441344,0,0,0,0,0,0,0,0,0,0,0,0,0,0,368512,192,575,1388,3117678355,2016758263,833920,0
988,1118016,0,0,0,2560,9216,309312,371712,425216,404032,709888,0,1472,303808,0,0,0,0,0,0,0,0,0,0,0,0,0,0,371584,128,580,1398,2690371534,2866440809,700672,0
989,1116992,0,0,0,2560,9280,296256,363328,445568,424192,688832,0,1536,290432,0,0,0,0,0,0,0,0,0,0,0,0,0,0,363136,192,568,1368,610526711,771363866,679552,0
990,1116672,0,0,0,2496,9152,386688,370624,347712,326464,786240,0,1472,381120,0,0,0,0,0,0,0,0,0,0,0,0,0,0,370432,192,568,1365,2323867158,942640591,777088,0
991,1116864,0,0,0,2560,10368,314816,380800,408320,381440,731520,0,1408,309312,0,0,0,0,0,0,0,0,0,0,0,0,0,0,380608,192,571,1373,1447128324,1825485656,721152,0
992,1117056,0,0,0,2560,9408,303872,369984,431232,409728,703360,0,1472,298240,0,0,0,0,0,0,0,0,0,0,0,0,0,0,369856,128,566,1365,190286916,874740963,693952,0
993,1116736,0,0,0,2496,9152,425088,556224,123776,102784,1009984,0,1472,419648,0,0,0,0,0,0,0,0,0,0,0,0,0,0,556032,192,576,1381,3886800278,3621811996,1000832,0
994,1116800,0,0,0,2560,8896,323776,360768,420800,399616,713216,0,1536,318272,0,0,0,0,0,0,0,0,0,0,0,0,0,0,360576,192,571,1369,229701940,3647857146,704320,0
995,1117056,0,0,0,2560,9152,295296,364544,445504,423744,689344,0,1536,289600,0,0,0,0,0,0,0,0,0,0,0,0,0,0,364352,192,571,1366,895298724,4276999115,680192,0
996,1116544,0,0,0,2560,9088,296448,349056,459392,438208,674368,0,1536,290816,0,0,0,0,0,0,0,0,0,0,0,0,0,0,348864,192,580,1367,2109797790,2533063751,665280,0
997,1116864,0,0,0,9984,24320,559168,459712,63680,42176,1070656,0,1408,553600,0,0,0,0,0,0,0,0,0,0,0,0,0,0,459520,192,588,1392,474890085,16185860,1046336,0
998,1116672,0,0,0,5056,24576,408896,405632,272512,251712,860800,0,1408,403328,0,0,0,0,0,0,0,0,0,0,0,0,0,0,405440,192,585,1397,2821822472,2968103238,836224,0
999,1116992,0,0,0,4096,23552,420288,390080,278976,257856,855040,0,1472,414720,0,0,0,0,0,0,0,0,0,0,0,0,0,0,389888,192,584,1384,325356429,3714619067,831488,0
1000,1116928,0,0,0,4160,23872,413952,428480,246464,225216,887616,0,1536,408256,0,0,0,0,0,0,0,0,0,0,0,0,0,0,428288,192,575,1373,2307949260,742444237,863744,0
1001,1116928,0,0,0,4160,9344,429696,395840,277888,256512,856384,0,1536,424064,0,0,0,0,0,0,0,0,0,0,0,0,0,0,395648,192,573,1356,377093232,2629376113,847040,0
1002,1116864,0,0,0,9536,9280,513728,390464,193856,172352,940352,0,1472,508160,0,0,0,0,0,0,0,0,0,0,0,0,0,0,390272,192,600,1420,94117717,4217172107,931072,0
1003,1116544,0,0,0,4224,8960,444032,379200,280128,259072,853568,0,1536,438528,0,0,0,0,0,0,0,0,0,0,0,0,0,0,379072,128,582,1393,761898445,3495002147,844608,0
1004,1115712,0,0,0,4160,8832,403840,381440,317440,297536,814208,0,1408,398144,0,0,0,0,0,0,0,0,0,0,0,0,0,0,381312,128,603,1425,1640200184,2745527542,805376,0
1005,1116608,0,0,0,5248,9152,488128,382848,231232,211520,901056,0,1536,482560,0,0,0,0,0,0,0,0,0,0,0,0,0,0,382656,192,605,1413,4278316422,3512196671,891904,0
1006,1677184,0,0,0,19648,10752,754816,437760,454208,434432,1238272,0,1536,749184,0,0,0,0,0,0,0,0,0,0,0,0,0,0,437568,192,599,1418,178297384,2300798001,1227520,0
1007,1116992,0,0,0,4352,24064,514304,431104,143168,117632,994880,0,1408,508736,0,0,0,0,0,0,0,0,0,0,0,0,0,0,430976,128,605,1427,3660754309,1030781106,970816,0
1008,1116736,0,0,0,4416,9344,478656,424320,200000,180352,932032,0,1536,473152,0,0,0,0,0,0,0,0,0,0,0,0,0,0,424192,128,598,1419,603636820,3475754340,922688,0
1009,1116800,0,0,0,4416,9344,403648,416000,283392,263424,848960,0,1536,397952,0,0,0,0,0,0,0,0,0,0,0,0,0,0,415872,128,588,1379,3265927958,4225858699,839616,0
1010,1116928,0,0,0,4416,9408,421120,443456,238528,219264,893184,0,1472,415616,0,0,0,0,0,0,0,0,0,0,0,0,0,0,443328,128,627,1472,3567035135,4210802471,883776,0
1011,1118400,0,0,0,4096,9216,411840,412992,280256,258944,855488,0,1472,406208,0,0,0,0,0,0,0,0,0,0,0,0,0,0,412864,128,606,1452,1195430367,3597963509,846272,0
1012,1116928,0,0,0,4160,9152,439552,393216,270848,249600,863296,0,1472,433984,0,0,0,0,0,0,0,0,0,0,0,0,0,0,393088,128,610,1441,1411369750,3840037987,854144,0
1013,1116928,0,0,0,4096,9216,406592,393408,303616,281984,830976,0,1472,400832,0,0,0,0,0,0,0,0,0,0,0,0,0,0,393216,192,601,1414,787254180,1682828905,821760,0
1014,1116864,0,0,0,6144,8960,419136,401472,281152,259520,853376,0,1536,413440,0,0,0,0,0,0,0,0,0,0,0,0,0,0,401280,192,580,1390,3352458584,3426964653,844416,0
1015,1116864,0,0,0,6144,9088,421952,399680,280000,258432,854464,0,1472,416448,0,0,0,0,0,0,0,0,0,0,0,0,0,0,399488,192,595,1419,389280101,1406691640,845376,0
1016,1116672,0,0,0,5376,9088,407936,370624,323648,302528,810048,0,1472,402432,0,0,0,0,0,0,0,0,0,0,0,0,0,0,370432,192,567,1348,2044505928,2051220386,800960,0
1017,1117376,0,0,0,4032,9152,556800,383104,164288,142656,970752,0,1408,551296,0,0,0,0,0,0,0,0,0,0,0,0,0,0,382912,192,571,1361,1704637419,732552466,961600,0
1018,1116544,0,0,0,8576,9152,480128,357760,260928,239616,872832,0,1408,474496,0,0,0,0,0,0,0,0,0,0,0,0,0,0,357504,256,590,1385,3278312563,1059937689,863680,0
1019,1116608,0,0,0,4160,9152,405568,372864,324864,303616,808960,0,1472,399936,0,0,0,0,0,0,0,0,0,0,0,0,0,0,372672,192,583,1395,3938179978,3634159655,799808,0
1020,1117120,0,0,0,4992,9280,395520,367296,340032,318592,794560,0,1408,390080,0,0,0,0,0,0,0,0,0,0,0,0,0,0,367168,128,596,1421,2954610799,4231419958,785280,0
1021,1116608,0,0,0,5120,10688,412288,365056,323456,302080,810496,0,1472,406848,0,0,0,0,0,0,0,0,0,0,0,0,0,0,364928,128,590,1415,3362855563,1723446592,799808,0
1022,1116928,0,0,0,6080,9024,403904,356992,340928,316352,796544,0,1472,398208,0,0,0,0,0,0,0,0,0,0,0,0,0,0,356800,192,569,1386,2894967737,987510909,787520,0
1023,1116736,0,0,0,6784,9344,601920,363712,134976,108032,1004544,0,1472,596480,0,0,0,0,0,0,0,0,0,0,0,0,0,0,363520,192,585,1424,601253893,3060769891,995200,0
1024,1117056,0,0,0,6144,9280,393728,361280,346624,325504,787392,0,1408,388288,0,0,0,0,0,0,0,0,0,0,0,0,0,0,361088,192,583,1418,3494956643,3165314593,778112,0
1025,1116864,0,0,0,5248,9216,432640,368704,301056,279616,833280,0,1536,427008,0,0,0,0,0,0,0,0,0,0,0,0,0,0,368576,128,589,1433,2727241906,139009709,824064,0
1026,1116672,0,0,0,3904,9152,425216,358976,319424,297984,814656,0,1472,419712,0,0,0,0,0,0,0,0,0,0,0,0,0,0,358784,192,608,1454,489419171,3668502968,805504,0
1027,1115456,0,0,0,5888,9024,434048,356672,309824,289856,821568,0,1536,428352,0,0,0,0,0,0,0,0,0,0,0,0,0,0,356544,128,595,1451,4177799371,2474748085,812544,0
1028,1116928,0,0,0,5952,8896,436928,347456,317696,297792,815232,0,1472,431360,0,0,0,0,0,0,0,0,0,0,0,0,0,0,347328,128,605,1466,1116629633,252374846,806336,0
1029,1116928,0,0,0,2496,8896,533248,384000,188288,167616,945344,0,1472,527744,0,0,0,0,0,0,0,0,0,0,0,0,0,0,383872,128,602,1461,3199068808,1892672689,936448,0
1030,1116544,0,0,0,2560,8832,444800,389312,271040,251520,861056,0,1536,439232,0,0,0,0,0,0,0,0,0,0,0,0,0,0,389120,192,604,1442,2743326277,1882941819,852224,0
1031,1116992,0,0,0,3968,9472,532736,451200,119616,99072,1013504,0,1536,527040,0,0,0,0,0,0,0,0,0,0,0,0,0,0,451072,128,623,1503,1985495035,3149644280,1004032,0
1032,1116992,0,0,0,3968,9408,441280,438720,223616,204096,908416,0,1408,435776,0,0,0,0,0,0,0,0,0,0,0,0,0,0,438528,192,619,1489,1422674069,1807430699,899008,0
1033,1118208,0,0,0,4032,9472,468352,453184,183168,161728,952064,0,1408,462784,0,0,0,0,0,0,0,0,0,0,0,0,0,0,452992,192,617,1482,834083991,2719846591,942592,0
1034,1116672,0,0,0,3968,9792,458624,464384,179904,158208,953984,0,1472,453056,0,0,0,0,0,0,0,0,0,0,0,0,0,0,464192,192,615,1477,3045561205,3616293554,944192,0
1035,1116928,0,0,0,4096,9728,466752,451968,184384,163008,949440,0,1472,461248,0,0,0,0,0,0,0,0,0,0,0,0,0,0,451776,192,626,1505,2794877663,217163359,939712,0
1036,1116544,0,0,0,4160,10560,461184,463424,177216,155584,956544,0,1472,455552,0,0,0,0,0,0,0,0,0,0,0,0,0,0,463232,192,628,1507,3137657229,1148060053,945984,0
1037,1117120,0,0,0,4096,24000,482944,447744,158336,137152,975552,0,1408,477312,0,0,0,0,0,0,0,0,0,0,0,0,0,0,447552,192,614,1458,2140884839,2791687989,951552,0
1038,1116864,0,0,0,4032,9728,466624,435264,201216,179840,932544,0,1472,461056,0,0,0,0,0,0,0,0,0,0,0,0,0,0,435136,128,622,1482,629705371,2313255567,922816,0
1039,1116800,0,0,0,4032,9728,513856,464448,124736,97728,1014592,0,1472,508224,0,0,0,0,0,0,0,0,0,0,0,0,0,0,464256,192,626,1505,3373541281,1944899385,1004864,0
1040,1116992,0,0,0,3264,9728,530496,498496,75008,52928,1059712,0,1536,525056,0,0,0,0,0,0,0,0,0,0,0,0,0,0,498304,192,625,1508,3509513668,1339425490,1049984,0
1041,1116608,0,0,0,3968,9344,519232,460160,123904,102592,1009536,0,1536,513664,0,0,0,0,0,0,0,0,0,0,0,0,0,0,459968,192,613,1464,1857629746,2210285523,1000192,0
1042,1677120,0,0,0,10432,9792,673024,508416,475456,454080,1218432,0,1536,667264,0,0,0,0,0,0,0,0,0,0,0,0,0,0,508288,128,624,1482,2787250515,1304881261,1208640,0
1043,1116608,0,0,0,3968,9920,539072,473024,90624,68992,1043136,0,1472,533376,0,0,0,0,0,0,0,0,0,0,0,0,0,0,472832,192,626,1488,4090095097,1655536301,1033216,0
1044,1116928,0,0,0,4096,9408,528320,467008,108096,86080,1026432,0,1472,522816,0,0,0,0,0,0,0,0,0,0,0,0,0,0,466880,128,627,1488,1982440487,695250222,1017024,0
1045,1116672,0,0,0,4096,9728,594368,435264,73216,52032,1060224,0,1536,588672,0,0,0,0,0,0,0,0,0,0,0,0,0,0,435072,192,605,1422,2789241783,1735269758,1050496,0
1046,1116800,0,0,0,6144,9792,500928,426944,172992,151744,960640,0,1408,495488,0,0,0,0,0,0,0,0,0,0,0,0,0,0,426816,128,606,1432,198913636,3891875028,950848,0
1047,1117056,0,0,0,5184,24128,580288,461376,46080,24512,1088320,0,1472,574656,0,0,0,0,0,0,0,0,0,0,0,0,0,0,461184,192,632,1468,2604375415,1026324883,1064192,0
1048,1116800,0,0,0,4224,24320,413056,472896,202304,180608,932224,0,1472,407744,0,0,0,0,0,0,0,0,0,0,0,0,0,0,472704,192,625,1461,273728756,2331097360,907904,0
1049,1116736,0,0,0,4224,24128,435648,450304,202432,181376,931328,0,1408,430144,0,0,0,0,0,0,0,0,0,0,0,0,0,0,450112,192,628,1471,1721655625,3830411037,907200,0
1050,1117056,0,0,0,4224,9344,369216,481856,252416,230784,882304,0,1472,363520,0,0,0,0,0,0,0,0,0,0,0,0,0,0,481664,192,623,1459,56193767,1236031450,872960,0
1051,1116544,0,0,0,4160,10496,373376,477568,250944,229120,883456,0,1472,367808,0,0,0,0,0,0,0,0,0,0,0,0,0,0,477376,192,623,1460,2520934028,1646954645,872960,0
1052,1116928,0,0,0,4096,9024,440192,433536,230080,208320,904640,0,1408,434688,0,0,0,0,0,0,0,0,0,0,0,0,0,0,433408,128,619,1475,3884091658,4021422164,895616,0
1053,1115200,0,0,0,6208,9216,411520,436352,251904,232320,878720,0,1472,405888,0,0,0,0,0,0,0,0,0,0,0,0,0,0,436160,192,615,1467,1255166253,2730545972,869504,0
1054,1117056,0,0,0,6208,9152,414080,427008,260608,240576,872448,0,1536,408512,0,0,0,0,0,0,0,0,0,0,0,0,0,0,426816,192,625,1498,900854607,3091833653,863296,0
1055,1116672,0,0,0,5440,8896,471040,431168,200128,174592,938048,0,1472,465600,0,0,0,0,0,0,0,0,0,0,0,0,0,0,430976,192,622,1490,1325171228,2534084856,929152,0
1056,1118400,0,0,0,4096,9216,401664,391872,311552,290496,823936,0,1472,396160,0,0,0,0,0,0,0,0,0,0,0,0,0,0,391744,128,617,1465,3679767898,587961115,814720,0
1057,1117248,0,0,0,10624,9216,491008,459200,147200,125440,987712,0,1472,485440,0,0,0,0,0,0,0,0,0,0,0,0,0,0,459008,192,625,1501,4075849555,2002970765,978496,0
1058,1676544,0,0,0,10624,9088,633408,516096,507328,486016,1186432,0,1600,627840,0,0,0,0,0,0,0,0,0,0,0,0,0,0,515904,192,608,1465,1670223018,1461223404,1177344,0
1059,1676160,0,0,0,8512,9024,553216,567040,538368,518144,1153984,0,1600,547520,0,0,0,0,0,0,0,0,0,0,0,0,0,0,566848,192,606,1459,42539902,2255080785,1144960,0
1060,1116288,0,0,0,5440,9152,422528,528448,150720,131008,981248,0,1536,416960,0,0,0,0,0,0,0,0,0,0,0,0,0,0,528256,192,607,1462,1999394226,1163921791,972096,0
1061,1680320,0,0,0,6656,9344,576320,539008,548992,526272,1149952,0,1536,570496,0,0,0,0,0,0,0,0,0,0,0,0,0,0,538816,192,597,1445,1171842337,184444609,1140608,0
1062,1112256,0,0,0,8448,8896,529408,423424,142080,121280,986944,0,1408,522560,0,0,0,0,0,0,0,0,0,0,0,0,0,0,423232,192,582,1394,2946620164,2407490888,978048,0
1063,1116480,0,0,0,5248,8960,466880,376384,259008,239232,873216,0,1408,461376,0,0,0,0,0,0,0,0,0,0,0,0,0,0,376192,192,579,1379,4142228334,178164696,864256,0
1064,1116864,0,0,0,3968,9216,459712,387008,256960,237120,875712,0,1536,454144,0,0,0,0,0,0,0,0,0,0,0,0,0,0,386816,192,572,1366,2399322614,4159614088,866496,0
1065,1116992,0,0,0,3904,10240,469248,398528,235072,215488,897536,0,1600,463616,0,0,0,0,0,0,0,0,0,0,0,0,0,0,398336,192,574,1370,594742408,2828154970,887296,0
1066,1116864,0,0,0,3904,8896,448896,383232,271936,252096,860800,0,1536,443264,0,0,0,0,0,0,0,0,0,0,0,0,0,0,383040,192,566,1355,112507052,2302552719,851904,0
1067,1117056,0,0,0,3968,23552,454720,386944,247872,228352,884672,0,1408,449280,0,0,0,0,0,0,0,0,0,0,0,0,0,0,386752,192,559,1342,1126116169,2469543723,861120,0
1068,1116736,0,0,0,5824,8960,454208,387072,260672,240704,871936,0,1472,448576,0,0,0,0,0,0,0,0,0,0,0,0,0,0,386944,128,559,1341,1409504598,3764803944,862976,0
1069,1117120,0,0,0,10240,9088,492864,379456,225472,205568,907456,0,1408,487360,0,0,0,0,0,0,0,0,0,0,0,0,0,0,379328,128,556,1331,2829718253,2370728804,898368,0
1070,1116864,0,0,0,3968,8960,367808,367360,368768,348736,764160,0,1408,362304,0,0,0,0,0,0,0,0,0,0,0,0,0,0,367232,128,545,1311,1410584294,4011616041,755200,0
1071,1676800,0,0,0,4928,8896,410240,823808,428928,403136,1269632,0,1472,404800,0,0,0,0,0,0,0,0,0,0,0,0,0,0,823616,192,553,1332,1633529593,2236709528,1260736,0
1072,1116736,0,0,0,5952,9216,311104,358528,431936,412160,700480,0,1408,305728,0,0,0,0,0,0,0,0,0,0,0,0,0,0,358336,192,555,1331,3636534123,1658530239,691264,0
1073,1116992,0,0,0,4416,9024,360384,351616,391552,371712,741248,0,1472,354880,0,0,0,0,0,0,0,0,0,0,0,0,0,0,351424,192,549,1316,4169113758,335423556,732224,0
1074,1116928,0,0,0,9536,9216,440768,358720,298688,278656,834112,0,1536,435072,0,0,0,0,0,0,0,0,0,0,0,0,0,0,358528,192,576,1378,2141079775,2010997500,824896,0
1075,1116608,0,0,0,10688,9216,449920,463232,183552,158016,954432,0,1472,444352,0,0,0,0,0,0,0,0,0,0,0,15040,0,0,463040,192,562,1338,2383029767,3180179307,945216,0
1076,1116928,0,0,0,4288,8832,333632,390016,380160,359936,753024,0,1408,328192,0,0,0,0,0,0,0,0,0,0,0,0,0,0,389824,192,567,1351,4163041514,768539077,744192,0
1077,1117248,0,0,0,6208,8960,372608,358016,371456,351232,762048,0,1472,367232,0,0,0,0,0,0,0,0,0,0,0,0,0,0,357824,192,566,1348,2587439709,2242148473,753088,0
1078,1116608,0,0,0,6592,9024,335424,346752,418816,399360,713216,0,1408,330048,0,0,0,0,0,0,0,0,0,0,0,0,0,0,346624,128,567,1348,796835702,3650678399,704192,0
1079,1116736,0,0,0,7104,9216,336256,348928,415232,395520,716992,0,1472,330880,0,0,0,0,0,0,0,0,0,0,0,0,0,0,348800,128,566,1345,999178985,1297267476,707776,0
1080,1116992,0,0,0,4032,10368,463488,339008,300096,280256,832704,0,1408,457920,0,0,0,0,0,0,0,0,0,0,0,0,0,0,338816,192,565,1360,647417106,2171504629,822336,0
1081,1116608,0,0,0,4096,9024,364992,345600,392896,373376,739200,0,1472,359424,0,0,0,0,0,0,0,0,0,0,0,0,0,0,345408,192,564,1363,3318299997,2563390331,730176,0
1082,1116992,0,0,0,4096,8896,392960,354496,356544,336960,776064,0,1536,387264,0,0,0,0,0,0,0,0,0,0,0,0,0,0,354368,128,566,1362,2689711081,3127299561,767168,0
1083,1116800,0,0,0,4032,9216,427968,415424,260160,240384,872448,0,1536,422528,0,0,0,0,0,0,0,0,0,0,0,0,0,0,415232,192,565,1357,673495007,3347951039,863232,0
1084,1116800,0,0,0,4800,8960,367936,334208,400896,380992,731712,0,1472,362240,0,0,0,0,0,0,0,0,0,0,0,0,0,0,334016,192,576,1382,1488401853,2465976524,722752,0
1085,1116736,0,0,0,3968,9024,351232,335744,416768,397248,715456,0,1536,345600,0,0,0,0,0,0,0,0,0,0,0,0,0,0,335552,192,577,1389,1385666698,1079997113,706432,0
1086,1117056,0,0,0,4032,9024,430656,334272,339072,319040,794048,0,1408,425024,0,0,0,0,0,0,0,0,0,0,0,0,0,0,334080,192,572,1392,2275494214,27187265,785024,0
1087,1116800,0,0,0,9664,8832,544768,381248,172288,152512,960256,0,1536,539072,0,0,0,0,0,0,0,0,0,0,0,0,0,0,381056,192,586,1435,2865622483,2790788566,951424,0
1088,1117120,0,0,0,9664,9216,562304,401152,134784,108672,1004416,0,1472,556800,0,0,0,0,0,0,0,0,0,0,0,0,0,0,401024,128,604,1459,3164225695,3139402539,995200,0
1089,1116608,0,0,0,4096,9024,521920,376320,205248,185728,926848,0,1472,516352,0,0,0,0,0,0,0,0,0,0,0,0,0,0,376128,192,620,1480,2040197087,2921672253,917824,0
1090,1116800,0,0,0,4160,9088,561536,379456,162560,142656,970112,0,1408,556032,0,0,0,0,0,0,0,0,0,0,0,0,0,0,379264,192,614,1470,1800941413,3828666663,961024,0
1091,1116864,0,0,0,4224,9152,526848,384576,192064,172416,940288,0,1472,521280,0,0,0,0,0,0,0,0,0,0,0,0,0,0,384384,192,616,1488,2319121231,1349850872,931136,0
1092,1116992,0,0,0,6144,9024,511040,384192,206592,186560,926528,0,1536,505280,0,0,0,0,0,0,0,0,0,0,0,0,0,0,384000,192,599,1464,3943719672,1007373215,917504,0
1093,1116672,0,0,0,6144,9024,492416,346112,262976,243200,869440,0,1536,487040,0,0,0,0,0,0,0,0,0,0,0,0,0,0,345920,192,585,1414,3877909567,2602524610,860416,0
1094,1116864,0,0,0,4160,9024,456704,359168,287808,267904,844992,0,1472,451072,0,0,0,0,0,0,0,0,0,0,0,0,0,0,358976,192,612,1472,3045086375,1990823555,835968,0
1095,1116800,0,0,0,6208,10176,450752,362432,287232,267328,845440,0,1536,445184,0,0,0,0,0,0,0,0,0,0,0,0,0,0,362304,128,603,1459,3896513279,2437297412,835264,0
1096,1116800,0,0,0,6464,9088,447104,355840,298304,278400,834368,0,1472,441472,0,0,0,0,0,0,0,0,0,0,0,0,0,0,355712,128,575,1411,2589842745,2786317120,825280,0
1097,1116800,0,0,0,6016,24064,478784,359488,248448,228864,883776,0,1472,473280,0,0,0,0,0,0,0,0,0,0,0,0,0,0,359296,192,597,1458,119501607,754961734,859712,0
1098,1116800,0,0,0,4032,9024,476672,360128,266944,246912,865984,0,1472,470976,0,0,0,0,0,0,0,0,0,0,0,0,0,0,360000,128,605,1465,998969370,3058800116,856960,0
1099,1116864,0,0,0,6144,8960,463040,359488,279232,259392,853440,0,1472,457600,0,0,0,0,0,0,0,0,0,0,0,0,0,0,359360,128,599,1447,1376638616,2758098622,844480,0
1100,1116736,0,0,0,6336,9152,469248,366592,265408,245504,867200,0,1472,463936,0,0,0,0,0,0,0,0,0,0,0,0,0,0,366464,128,602,1474,4178688302,1405692622,858048,0
1101,1117184,0,0,0,3968,8960,522944,366784,214528,194752,918400,0,1472,517504,0,0,0,0,0,0,0,0,0,0,0,0,0,0,366592,192,587,1442,1742543530,4214675112,909440,0
1102,1116608,0,0,0,4096,9216,511168,370944,221184,201408,911168,0,1472,505664,0,0,0,0,0,0,0,0,0,0,0,0,0,0,370752,192,590,1440,1885440122,1772049136,901952,0
1103,1116992,0,0,0,6016,8896,491520,367936,242624,222336,890624,0,1536,485824,0,0,0,0,0,0,0,0,0,0,0,0,0,0,367744,192,592,1442,3654885627,1212725017,881728,0
1104,1116864,0,0,0,6208,9088,481792,375232,244544,218688,894080,0,1472,476352,0,0,0,0,0,0,0,0,0,0,0,0,0,0,375040,192,588,1448,4047857266,3010629345,884992,0
1105,1116544,0,0,0,8448,9088,613248,386368,99392,79616,1032768,0,1536,607680,0,0,0,0,0,0,0,0,0,0,0,0,0,0,386176,192,574,1408,2777470271,3922018661,1023680,0
1106,1117120,0,0,0,4928,9088,606400,407296,89408,69568,1043584,0,1472,600832,0,0,0,0,0,0,0,0,0,0,0,0,0,0,407168,128,586,1414,2649314220,1739833885,1034496,0
1107,1116736,0,0,0,6272,9088,571392,413120,116864,97152,1015424,0,1408,565888,0,0,0,0,0,0,0,0,0,0,0,0,0,0,412928,192,587,1430,2483373326,1725017376,1006336,0
1108,1116672,0,0,0,7104,9344,564800,411520,123904,104384,1008128,0,1472,559424,0,0,0,0,0,0,0,0,0,0,0,0,0,0,411328,192,579,1420,3043690747,2296706756,998784,0
1109,1117056,0,0,0,6080,9024,508352,400384,193216,173184,939776,0,1472,502848,0,0,0,0,0,0,0,0,0,0,0,0,0,0,400192,192,562,1390,4225018406,2419631725,930752,0
1110,1116800,0,0,0,3968,10496,499520,396352,206464,186624,926208,0,1472,493952,0,0,0,0,0,0,0,0,0,0,0,0,0,0,396224,128,574,1421,1265372676,2805262695,915712,0
1111,1116864,0,0,0,6016,9216,455232,362304,284096,264128,848704,0,1536,449792,0,0,0,0,0,0,0,0,0,0,0,0,0,0,362176,128,600,1469,1533543097,283473791,839488,0
1112,1116992,0,0,0,6272,8896,503488,362112,236224,216512,896512,0,1472,497856,0,0,0,0,0,0,0,0,0,0,0,0,0,0,361920,192,595,1442,476498039,1991336839,887616,0
1113,1116800,0,0,0,3904,8832,464448,356352,283264,263360,849472,0,1472,459008,0,0,0,0,0,0,0,0,0,0,0,0,0,0,356160,192,585,1416,704181392,4026414315,840640,0
1114,1116992,0,0,0,4096,8896,527552,343936,232512,212480,900544,0,1408,522048,0,0,0,0,0,0,0,0,0,0,0,0,0,0,343744,192,587,1436,3135284201,2191080015,891648,0
1115,1116672,0,0,0,6080,9280,494336,354752,252224,232640,879936,0,1472,488960,0,0,0,0,0,0,0,0,0,0,0,0,0,0,354560,192,590,1427,2220417995,2068893673,870656,0
1116,1118400,0,0,0,6272,9280,603072,386432,113344,91968,1022400,0,1536,597696,0,0,0,0,0,0,0,0,0,0,0,0,0,0,386240,192,606,1460,2757100720,1525155993,1013120,0
1117,1116736,0,0,0,3968,9600,458880,359680,284608,263680,849024,0,1408,453376,0,0,0,0,0,0,0,0,0,0,0,0,0,0,359552,128,592,1449,1330086278,1841160129,839424,0
1118,1116928,0,0,0,4096,9088,514240,377664,211840,190656,922304,0,1408,508800,0,0,0,0,0,0,0,0,0,0,0,0,0,0,377536,128,584,1422,714096315,2454402257,913216,0
1119,1116800,0,0,0,5952,9408,462208,365248,273984,252416,860416,0,1536,456768,0,0,0,0,0,0,0,0,0,0,0,0,0,0,365056,192,588,1409,2699627391,654179265,851008,0
1120,1116672,0,0,0,10432,9664,685824,360768,49984,23168,1089408,0,1536,680128,0,0,0,0,0,0,0,0,0,0,0,0,0,0,360640,128,615,1456,3772650968,4208549203,1079744,0
1121,1117120,0,0,0,3968,9216,475072,414848,214016,192256,920960,0,1472,469504,0,0,0,0,0,0,0,0,0,0,0,0,0,0,414656,192,610,1447,913262278,2044802040,911744,0
1122,1116800,0,0,0,8960,9280,509760,409280,179520,157760,954880,0,1536,504192,0,0,0,0,0,0,0,0,0,0,0,0,0,0,409152,128,593,1416,215365856,3819589834,945600,0
1123,1116672,0,0,0,6272,9408,496000,360640,244352,223040,889536,0,1472,490560,0,0,0,0,0,0,0,0,0,0,0,0,0,0,360448,192,607,1429,3254641225,284171986,880128,0
1124,1116800,0,0,0,6336,9408,609472,361984,129600,108096,1004608,0,1472,603968,0,0,0,0,0,0,0,0,0,0,0,0,0,0,361856,128,594,1422,505844211,279543870,995200,0
1125,1116928,0,0,0,9152,10880,576448,367232,153216,131968,980864,0,1472,570944,0,0,0,0,0,0,0,0,0,0,0,0,0,0,367040,192,611,1443,2877868196,2990438521,969984,0
1126,1117056,0,0,0,4480,9216,304768,374528,424064,402496,710656,0,1472,299328,0,0,0,0,0,0,0,0,0,0,0,0,0,0,374336,192,616,1462,4176206013,2298972175,701440,0
1127,1116608,0,0,0,4416,24064,329472,376000,382656,361536,751040,0,1408,323904,0,0,0,0,0,0,0,0,0,0,0,0,0,0,375808,192,624,1479,502559989,2767743462,726976,0
1128,1116992,0,0,0,6272,9536,330368,368576,402240,380416,732544,0,1408,324736,0,0,0,0,0,0,0,0,0,0,0,0,0,0,368448,128,615,1465,3639654262,3669987200,723008,0
1129,1116928,0,0,0,6528,9024,323648,351296,426432,404672,708096,0,1472,318144,0,0,0,0,0,0,0,0,0,0,0,0,0,0,351104,192,611,1456,269653048,2507835385,699072,0
1130,1115264,0,0,0,5504,9088,340224,358912,401536,381696,729472,0,1472,334656,0,0,0,0,0,0,0,0,0,0,0,0,0,0,358720,192,609,1453,826612204,4083902494,720384,0
1131,1116416,0,0,0,4288,8960,323072,359680,420416,400960,711552,0,1536,317376,0,0,0,0,0,0,0,0,0,0,0,0,0,0,359488,192,599,1429,4181343360,3429985707,702592,0
1132,1117184,0,0,0,6656,9024,452032,358464,291008,271232,841856,0,1472,446464,0,0,0,0,0,0,0,0,0,0,0,0,0,0,358272,192,596,1430,464141957,2483395565,832832,0
1133,1116928,0,0,0,6912,9024,358272,367104,375616,355712,757056,0,1472,352704,0,0,0,0,0,0,0,0,0,0,0,0,0,0,366912,192,610,1461,1845357106,3334832254,748032,0
1134,1116608,0,0,0,9920,9088,663040,383104,51456,31744,1080768,0,1472,657344,0,0,0,0,0,0,0,0,0,0,0,0,0,0,382912,192,607,1442,4213570168,1094075716,1071680,0
1135,1116928,0,0,0,4096,8960,491776,391104,220992,201216,911744,0,1536,486144,0,0,0,0,0,0,0,0,0,0,0,0,0,0,390976,128,598,1438,3761482048,4079068917,902784,0
1136,1116800,0,0,0,4032,9024,458304,385024,260416,234816,877952,0,1408,452736,0,0,0,0,0,0,0,0,0,0,0,0,0,0,384832,192,606,1445,1033773369,2996986400,868928,0
1137,1117376,0,0,0,9536,9152,513088,390656,194944,174912,938176,0,1536,507392,0,0,0,0,0,0,0,0,0,0,0,0,0,0,390464,192,605,1453,1683569656,1121512439,929024,0
1138,1116480,0,0,0,6592,8960,484224,390656,226048,206400,906048,0,1536,478784,0,0,0,0,0,0,0,0,0,0,0,0,0,0,390528,128,611,1463,12422191,3260974588,897088,0
1139,1116928,0,0,0,7232,9472,453120,393152,253952,234112,878592,0,1536,447552,0,0,0,0,0,0,0,0,0,0,0,0,0,0,392960,192,621,1476,2581338588,727737026,869120,0
1140,1116800,0,0,0,6848,9152,477056,377536,246208,226432,886144,0,1408,471488,0,0,0,0,0,0,0,0,0,0,0,0,0,0,377344,192,611,1450,375946204,1170725229,876992,0
1141,1116864,0,0,0,2496,10432,430016,367808,306112,286400,826368,0,1472,424448,0,0,0,0,0,0,0,0,0,0,0,0,0,0,367616,192,605,1445,666778785,2052197211,815936,0
1142,1116864,0,0,0,2560,8832,429504,374784,301184,281600,831360,0,1536,424000,0,0,0,0,0,0,0,0,0,0,0,0,0,0,374592,192,601,1437,3005281119,1784279965,822528,0
1143,1116864,0,0,0,2496,9024,453312,386816,265216,245632,867264,0,1408,447936,0,0,0,0,0,0,0,0,0,0,0,0,0,0,386624,192,601,1444,2491666638,1852716797,858240,0
1144,1116800,0,0,0,8128,8896,592512,372096,135168,115328,997440,0,1472,587008,0,0,0,0,0,0,0,0,0,0,0,0,0,0,371904,192,604,1446,3782591190,1507723505,988544,0
1145,1116800,0,0,0,5824,9280,392128,388224,321344,301440,811264,0,1472,386624,0,0,0,0,0,0,0,0,0,0,0,0,0,0,388032,192,602,1441,1078134175,721073230,801984,0
1146,1116864,0,0,0,5952,9152,283200,354432,464128,444544,668352,0,1536,277760,0,0,0,0,0,0,0,0,0,0,0,0,0,0,354240,192,605,1447,1140046478,30946011,659200,0
1147,2237888,0,0,0,8512,9408,636928,1122304,460736,440768,1793024,0,1536,631168,0,0,0,0,0,0,0,0,0,0,0,0,0,0,1122112,192,634,1505,1108439820,999061161,1783616,0
1148,1116032,0,0,0,3968,8960,318272,457728,327104,307648,804288,0,1408,312768,0,0,0,0,0,0,0,0,0,0,0,0,0,0,457536,192,628,1498,2912717213,795537543,795328,0
1149,1677248,0,0,0,6784,9152,465536,901056,294720,274752,1398528,0,1472,459840,0,0,0,0,0,0,0,0,0,0,0,0,0,0,900864,192,638,1527,1939603263,1088849250,1389376,0
1150,1116800,0,0,0,6912,9408,315520,459520,325440,302912,809408,0,1408,309952,0,0,0,0,0,0,0,0,0,0,0,0,0,0,459328,192,640,1523,653551682,3076991885,800000,0
1151,1677056,0,0,0,3904,9216,683264,439232,541440,521600,1151488,0,1536,677504,0,0,0,0,0,0,0,0,0,0,0,0,0,0,439040,192,639,1523,768895578,689474541,1142272,0
1152,1677568,0,0,0,8640,9280,641536,626240,391872,365760,1307584,0,1536,636032,0,0,0,0,0,0,0,0,0,0,0,0,0,0,626048,192,631,1504,2788168239,2224264867,1298304,0
1153,1116352,0,0,0,4032,9152,609728,435456,57984,38528,1073792,0,1472,604096,0,0,0,0,0,0,0,0,0,0,0,0,0,0,435264,192,624,1482,383334704,2591641781,1064640,0
1154,1116800,0,0,0,4032,10496,611520,446592,44160,22464,1090240,0,1472,606016,0,0,0,0,0,0,0,0,0,0,0,0,0,0,446400,192,634,1498,97879585,380943402,1079744,0
1155,1117120,0,0,0,6016,8896,613504,440128,48576,28480,1084608,0,1408,608064,0,0,0,0,0,0,0,0,0,0,0,0,0,0,439936,192,632,1500,1655096495,1667507254,1075712,0
1156,1116608,0,0,0,6464,8896,607936,437248,56064,36480,1076160,0,1600,602304,0,0,0,0,0,0,0,0,0,0,0,0,0,0,437056,192,625,1486,4021950945,911020491,1067264,0
1157,2798016,0,0,0,20800,27776,1317248,1123392,308800,286080,2504000,0,3264,1306944,0,0,0,0,0,0,0,0,0,0,0,0,0,0,1123200,192,604,1444,2198486601,275912104,2476224,0
1158,1676608,0,0,0,24768,25216,650624,486272,489728,469760,1202688,0,1536,644928,0,0,0,0,0,0,0,0,0,0,0,0,0,0,486080,192,602,1450,648902770,1037816068,1177472,0
1159,1676928,0,0,0,4352,24704,635840,447296,564736,544960,1127872,0,1472,630080,0,0,0,0,0,0,0,0,0,0,0,0,0,0,447104,192,597,1437,2229364910,4262642594,1103168,0
1160,1676928,0,0,0,4224,24320,658560,443840,545984,526336,1146560,0,1472,653120,0,0,0,0,0,0,0,0,0,0,0,0,0,0,443648,192,600,1440,3363929889,893364862,1122240,0
1161,1117056,0,0,0,4352,9152,557696,509120,36736,17152,1095872,0,1472,552064,0,0,0,0,0,0,0,0,0,0,0,0,0,0,508928,192,597,1429,3408977408,991250125,1086720,0
1162,1116928,0,0,0,4224,9024,523904,449152,130624,110592,1002304,0,1472,518336,0,0,0,0,0,0,0,0,0,0,0,0,0,0,448960,192,594,1430,2744274113,2571303048,993280,0
1163,1116736,0,0,0,6272,9024,508480,377664,215296,195456,917184,0,1408,503040,0,0,0,0,0,0,0,0,0,0,0,0,0,0,377472,192,591,1422,417001356,1036046206,908160,0
1164,1117184,0,0,0,6464,9152,478016,385408,238144,217856,895168,0,1600,472192,0,0,0,0,0,0,0,0,0,0,0,0,0,0,385280,128,597,1432,2313805546,3233655456,886016,0
1165,1116544,0,0,0,4096,9152,457344,393600,252352,232576,880192,0,1408,451648,0,0,0,0,0,0,0,0,0,0,0,0,0,0,393408,192,596,1439,292985219,2244940923,871040,0
1166,1116992,0,0,0,4160,8512,361920,392768,349632,329920,783552,0,1536,356288,0,0,0,0,0,0,0,0,0,0,0,0,0,0,392576,192,596,1428,4205626424,2169122354,775040,0
1167,1117056,0,0,0,5888,9600,364800,393472,343296,323328,790272,0,1472,359104,0,0,0,0,0,0,0,0,0,0,0,0,0,0,393280,192,596,1429,1829113027,1282316409,780672,0
1168,1676608,0,0,0,4224,8512,558848,564800,540224,514688,1158400,0,1536,553408,0,0,0,0,0,0,0,0,0,0,0,0,0,0,564608,192,617,1509,1806913989,497222570,1149888,0
1169,1116800,0,0,0,4160,8384,367232,458304,278720,259584,853632,0,1408,361728,0,0,0,0,0,0,0,0,0,0,0,0,0,0,458112,192,558,1395,4204603048,126743753,845248,0
1170,1116928,0,0,0,4160,8512,384576,475392,244288,224640,888768,0,1536,379072,0,0,0,0,0,0,0,0,0,0,0,0,0,0,475200,192,548,1384,3783872525,1709952237,880256,0
1171,1116800,0,0,0,4160,8768,389568,463488,250816,231168,882112,0,1472,384064,0,0,0,0,0,0,0,0,0,0,0,0,0,0,463296,192,533,1315,3697384207,716037073,873344,0
1172,1677184,0,0,0,15488,23232,938240,518592,181632,161344,1512128,0,1472,932672,0,0,0,0,0,0,0,0,0,0,0,0,0,0,518400,192,555,1373,2233767747,1864687312,1488896,0
1173,1116736,0,0,0,4928,24768,384448,506176,196416,176960,936320,0,1472,378944,0,0,0,0,0,0,0,0,0,0,0,0,0,0,505984,192,563,1400,413235046,1046343731,911552,0
1174,1116864,0,0,0,4800,23424,440320,501504,146816,127104,986176,0,1408,434816,0,0,0,0,0,0,0,0,0,0,0,0,0,0,501376,128,564,1400,3122464691,2632067951,962752,0
1175,1116800,0,0,0,4736,23360,443200,528896,116608,96896,1016384,0,1536,437568,0,0,0,0,0,0,0,0,0,0,0,0,0,0,528704,192,575,1437,2264076863,4194275229,993024,0
1176,1116928,0,0,0,4800,8768,383680,503104,216576,196736,916672,0,1472,378240,0,0,0,0,0,0,0,0,0,0,0,0,0,0,502912,192,562,1410,3573802956,939591897,907904,0
1177,1118080,0,0,0,6784,8832,382464,525632,194368,173248,941248,0,1600,376640,0,0,0,0,0,0,0,0,0,0,0,0,0,0,525504,128,562,1407,1958520979,291731371,932416,0
1178,1116928,0,0,0,6976,8640,398848,522688,179776,158272,955072,0,1408,393472,0,0,0,0,0,0,0,0,0,0,0,0,0,0,522496,192,504,1363,82251127,98305139,946432,0
1179,1116864,0,0,0,4672,9088,451968,535232,115904,94656,1018496,0,1408,446464,0,0,0,0,0,0,0,0,0,0,0,0,0,0,535104,128,469,1250,1482587387,329342712,1009408,0
1180,1116928,0,0,0,6656,9088,396032,534272,170880,149632,963520,0,1472,390400,0,0,0,0,0,0,0,0,0,0,0,0,0,0,534144,128,449,1175,2740367708,3411440032,954432,0
1181,1116928,0,0,0,6656,10432,459200,545792,94848,73536,1039552,0,1536,453632,0,0,0,0,0,0,0,0,0,0,0,0,0,0,545600,192,443,1150,1497018243,3675294633,1029120,0
1182,1116800,0,0,0,11840,9088,510656,464128,121088,99712,1013312,0,1472,505024,0,0,0,0,0,0,0,0,0,0,0,0,0,0,463936,192,453,1178,3424402039,708807468,1004224,0
1183,1116928,0,0,0,7296,8832,597696,465792,37312,15360,1097920,0,1472,592128,0,0,0,0,0,0,0,0,0,0,0,0,0,0,465600,192,461,1175,496195809,2377361198,1089088,0
1184,1116672,0,0,0,5632,8960,554496,463104,84480,57344,1055808,0,1472,548864,0,0,0,0,0,0,0,0,0,0,0,0,0,0,462912,192,467,1183,3290987598,496799733,1046848,0
1185,1116928,0,0,0,4416,9024,573504,467328,62656,39808,1073472,0,1408,568128,0,0,0,0,0,0,0,0,0,0,0,0,0,0,467136,192,461,1157,3230032532,3957959417,1064448,0
1186,1116736,0,0,0,6400,9024,552256,458816,90240,68992,1044160,0,1472,546752,0,0,0,0,0,0,0,0,0,0,0,0,0,0,458624,192,462,1152,1147763086,713974678,1035136,0
1187,1116736,0,0,0,4416,24128,560000,462912,65280,44096,1069120,0,1472,554496,0,0,0,0,0,0,0,0,0,0,0,0,0,0,462720,192,456,1134,118362343,751089543,1044992,0
1188,1116928,0,0,0,6208,9152,542336,455488,103744,82304,1030976,0,1536,536704,0,0,0,0,0,0,0,0,0,0,0,0,0,0,455296,192,448,1127,2819405209,786561918,1021824,0
1189,1116928,0,0,0,6464,8960,497664,465088,138752,117504,995584,0,1536,491968,0,0,0,0,0,0,0,0,0,0,0,0,0,0,464960,128,414,1058,564326416,3740767981,986624,0
1190,1116864,0,0,0,6592,8768,386560,372800,342144,320640,792576,0,1536,380800,0,0,0,0,0,0,0,0,0,0,0,0,0,0,372608,192,414,1054,2108476196,2590452435,783808,0
1191,1116864,0,0,0,6144,8640,390016,374080,337984,316480,796864,0,1408,384640,0,0,0,0,0,0,0,0,0,0,0,0,0,0,373888,192,411,1046,849811223,1299713063,788224,0
1192,1116800,0,0,0,5440,9024,352896,428288,321152,299968,813184,0,1408,347264,0,0,0,0,0,0,0,0,0,0,0,0,0,0,428096,192,412,1048,2901999669,863601220,804160,0
1193,1116992,0,0,0,4096,8960,323968,371904,408064,386560,726912,0,1536,318464,0,0,0,0,0,0,0,0,0,0,0,0,0,0,371712,192,411,1041,2960170017,1179309564,717952,0
1194,1116672,0,0,0,4096,8832,292480,370304,440960,419776,693376,0,1472,287040,0,0,0,0,0,0,0,0,0,0,0,0,0,0,370112,192,409,1039,949400871,4199564356,684544,0
1195,1116800,0,0,0,4160,8704,326400,371456,406080,384832,728448,0,1472,320832,0,0,0,0,0,0,0,0,0,0,0,0,0,0,371264,192,405,1028,991937494,1543719785,719744,0
1196,1116928,0,0,0,6144,8896,295680,367872,438336,416768,696576,0,1408,290176,0,0,0,0,0,0,0,0,0,0,0,0,0,0,367680,192,411,1040,2658764269,1577183948,687680,0
1197,1117376,0,0,0,6336,9792,316224,368768,416256,394112,719680,0,1472,310720,0,0,0,0,0,0,0,0,0,0,0,0,0,0,368640,128,405,1021,1978740408,367473577,709888,0
1198,1116992,0,0,0,4096,8640,420416,368128,315712,294080,819392,0,1536,414912,0,0,0,0,0,0,0,0,0,0,0,0,0,0,368000,128,406,1022,3973263373,2735442531,810752,0
1199,1116096,0,0,0,4032,8512,313216,371520,418816,397440,715200,0,1472,307520,0,0,0,0,0,0,0,0,0,0,0,0,0,0,371328,192,402,1016,2855761808,147704899,706688,0
1200,1116992,0,0,0,4032,8512,306304,366656,431488,404416,709120,0,1408,300736,0,0,0,0,0,0,0,0,0,0,0,0,0,0,366464,192,399,1004,1659548358,3078959789,700608,0
1201,1117120,0,0,0,3968,8832,339136,370368,394816,373120,740416,0,1536,333568,0,0,0,0,0,0,0,0,0,0,0,0,0,0,370176,192,405,1017,2235908703,2122977758,731584,0
1202,1116736,0,0,0,4224,8768,326848,365632,411264,389568,723712,0,1536,321216,0,0,0,0,0,0,0,0,0,0,0,0,0,0,365440,192,398,1001,560003522,772057566,714944,0
1203,1116864,0,0,0,4160,9024,327040,342720,433920,412416,700928,0,1472,321408,0,0,0,0,0,0,0,0,0,0,0,0,0,0,342528,192,394,996,2788826182,1197625395,691904,0
1204,1117440,0,0,0,4224,8256,426432,347328,331200,309376,804608,0,1472,420864,0,0,0,0,0,0,0,0,0,0,0,0,0,0,347136,192,396,995,240604837,695523098,796352,0
1205,1115968,0,0,0,4224,8768,333632,316032,453312,432000,680512,0,1472,328064,0,0,0,0,0,0,0,0,0,0,0,0,0,0,315904,128,400,1005,3468604513,3950895249,671744,0
1206,1117440,0,0,0,4288,9216,452544,382080,269312,247552,866048,0,1472,446912,0,0,0,0,0,0,0,0,0,0,0,0,0,0,381952,128,415,1053,4164274246,1707533560,856832,0
1207,1116160,0,0,0,4288,9152,366592,375168,360960,339584,772672,0,1472,360960,0,0,0,0,0,0,0,0,0,0,0,0,0,0,374976,192,407,1035,645655007,2802537584,763520,0
1208,1116672,0,0,0,6272,9152,371136,374848,355264,334016,778752,0,1472,365632,0,0,0,0,0,0,0,0,0,0,0,0,0,0,374656,192,409,1042,1447876679,1862932110,769600,0
1209,1116864,0,0,0,6272,9280,355584,371712,374016,352000,761024,0,1536,350080,0,0,0,0,0,0,0,0,0,0,0,0,0,0,371520,192,409,1042,3592231445,2569765798,751744,0
1210,1116736,0,0,0,6528,9216,498176,423744,179072,157696,955072,0,1536,492480,0,0,0,0,0,0,0,0,0,0,0,0,0,0,423552,192,433,1098,2742204613,2390779128,945856,0
1211,1116928,0,0,0,7040,9280,368320,395008,337280,315776,797184,0,1408,362752,0,0,0,0,0,0,0,0,0,0,0,0,0,0,394816,192,432,1097,4274960440,4080133198,787904,0
1212,1116864,0,0,0,6336,10560,381184,366272,352512,331072,781824,0,1536,375424,0,0,0,0,0,0,0,0,0,0,0,0,0,0,366144,128,422,1057,1962954718,3460693467,771264,0
1213,1116672,0,0,0,9472,9344,443136,369856,284864,263744,848960,0,1472,437696,0,0,0,0,0,0,0,0,0,0,0,0,0,0,369728,128,413,1039,1310583013,2989474188,839616,0
1214,1116864,0,0,0,4224,9472,417984,409984,275200,254144,858880,0,1408,412544,0,0,0,0,0,0,0,0,0,0,0,0,0,0,409856,128,429,1090,3355378355,2577371887,849408,0
1215,1117056,0,0,0,4224,9408,359808,451840,291776,268544,844608,0,1408,354240,0,0,0,0,0,0,0,0,0,0,0,0,0,0,451712,128,459,1180,3113177325,697382545,835200,0
1216,1116608,0,0,0,4224,9600,393472,391296,318016,291136,821504,0,1536,387840,0,0,0,0,0,0,0,0,0,0,0,0,0,0,391104,192,457,1158,2004221229,2062663353,811904,0
1217,1117120,0,0,0,4288,24064,371840,408128,308800,287424,825792,0,1472,366208,0,0,0,0,0,0,0,0,0,0,0,0,0,0,408000,128,464,1152,1034986212,1928984282,801728,0
1218,2237504,0,0,0,4352,25152,702528,991680,513792,492096,1741504,0,1472,696896,0,0,0,0,0,0,0,0,0,0,0,0,0,0,991552,128,504,1261,4285574509,1635456355,1716352,0
1219,1676864,0,0,0,4608,25664,520192,551104,575296,553344,1119744,0,1536,514624,0,0,0,0,0,0,0,0,0,0,0,0,0,0,550912,192,500,1264,1813909979,2937353557,1094080,0
1220,1116736,0,0,0,5504,25344,387520,554496,143872,122880,990272,0,1536,381824,0,0,0,0,0,0,0,0,0,0,0,0,0,0,554368,128,493,1241,760543214,2639269955,964928,0
1221,1116928,0,0,0,6528,24512,400384,571264,114240,92992,1020416,0,1472,394816,0,0,0,0,0,0,0,0,0,0,0,0,0,0,571072,192,507,1302,2644051801,2601852,995904,0
1222,1116864,0,0,0,5824,25664,370176,639040,76160,54656,1058688,0,1600,364544,0,0,0,0,0,0,0,0,0,0,0,0,0,0,638848,192,541,1357,2192337109,2784109199,1033024,0
1223,1116928,0,0,0,4480,25920,347648,693312,45568,24384,1088960,0,1536,342016,0,0,0,0,0,0,0,0,0,0,0,0,0,0,693184,128,514,1318,1860705573,1035294189,1063040,0
1224,1676992,0,0,0,6592,25216,434048,673600,537536,516160,1157312,0,1536,428288,0,0,0,0,0,0,0,0,0,0,0,0,0,0,673472,128,541,1340,4227677885,151760073,1132096,0
1225,1676800,0,0,0,7232,26752,380160,679808,582848,561280,1111872,0,1536,374592,0,0,0,0,0,0,0,0,0,0,0,0,0,0,679616,192,537,1323,1188090957,1965569262,1085120,0
1226,1117056,0,0,0,4224,24704,425600,636544,25984,4224,1109376,0,1600,419776,0,0,0,0,0,0,0,0,0,0,0,0,0,0,636416,128,538,1313,4013127494,2251632735,1084672,0
1227,1116736,0,0,0,4288,25024,397760,623680,65984,44736,1068544,0,1472,392192,0,0,0,0,0,0,0,0,0,0,0,0,0,0,623488,192,532,1289,3127631762,1945969759,1043520,0
1228,1116736,0,0,0,4224,24512,421376,518272,148352,127424,985728,0,1536,415872,0,0,0,0,0,0,0,0,0,0,0,0,0,0,518144,128,519,1254,2777897702,3175867726,961216,0
1229,1116928,0,0,0,4224,24640,399360,563136,125568,104512,1008832,0,1536,393792,0,0,0,0,0,0,0,0,0,0,0,0,0,0,562944,192,515,1253,273952401,2704104666,984192,0
1230,1116992,0,0,0,5952,25408,396992,600832,87808,63616,1049600,0,1536,391360,0,0,0,0,0,0,0,0,0,0,0,0,0,0,600704,128,514,1269,1067716679,2606576144,1024192,0
1231,1116736,0,0,0,5184,24704,408064,592320,86464,65280,1047936,0,1536,402368,0,0,0,0,0,0,0,0,0,0,0,0,0,0,592128,192,511,1249,1674102386,446063812,1023232,0
1232,1116736,0,0,0,4288,24640,380416,583360,124032,96832,1016320,0,1536,374848,0,0,0,0,0,0,0,0,0,0,0,0,0,0,583168,192,511,1254,1981317474,3617256682,991680,0
1233,1117248,0,0,0,4288,24960,354752,523200,210048,188480,925184,0,1536,349248,0,0,0,0,0,0,0,0,0,0,0,0,0,0,523072,128,507,1242,2645473310,1641551179,900224,0
1234,1116672,0,0,0,4224,24320,335168,465664,287296,266176,847040,0,1472,329536,0,0,0,0,0,0,0,0,0,0,0,0,0,0,465472,192,508,1247,3832113643,1177701429,822720,0
1235,1116928,0,0,0,6208,24640,347008,495424,243648,222144,891264,0,1472,341440,0,0,0,0,0,0,0,0,0,0,0,0,0,0,495232,192,514,1255,330318380,1164236584,866624,0
1236,1116736,0,0,0,6208,24832,338880,358336,388480,367296,745920,0,1472,333312,0,0,0,0,0,0,0,0,0,0,0,0,0,0,358144,192,502,1200,900822291,2410444913,721088,0
1237,1116864,0,0,0,5376,24512,312064,355712,419200,397696,715648,0,1472,306560,0,0,0,0,0,0,0,0,0,0,0,0,0,0,355520,192,506,1215,207920411,1481724231,691136,0
1238,1116992,0,0,0,4160,25216,301632,318528,467456,445824,667712,0,1536,295872,0,0,0,0,0,0,0,0,0,0,0,0,0,0,318336,192,497,1193,594226944,3274617385,642496,0
1239,1116544,0,0,0,4096,24704,301376,349696,436672,415296,697728,0,1472,295808,0,0,0,0,0,0,0,0,0,0,0,0,0,0,349568,128,500,1194,1367148791,323008945,673024,0
1240,1116864,0,0,0,4160,26112,292096,339136,455360,433984,679424,0,1536,286528,0,0,0,0,0,0,0,0,0,0,0,0,0,0,338944,192,500,1183,1396130987,1586226430,653312,0
1241,1116864,0,0,0,4160,24256,489344,513152,85952,64704,1048576,0,1408,483712,0,0,0,0,0,0,0,0,0,0,0,0,0,0,513024,128,496,1191,1339027747,1625220351,1024320,0
1242,1116864,0,0,0,6208,24320,320384,407552,358400,336384,776896,0,1472,314880,0,0,0,0,0,0,0,0,0,0,0,0,0,0,407360,192,497,1196,767287328,3101418348,752576,0
1243,1116544,0,0,0,7040,23616,412544,464256,209088,187904,925120,0,1472,406848,0,0,0,0,0,0,0,0,0,0,0,0,0,0,464064,192,494,1194,3603858401,1607640396,901504,0
1244,1116992,0,0,0,7296,23936,286208,404288,395264,374144,739264,0,1408,280704,0,0,0,0,0,0,0,0,0,0,0,0,0,0,404096,192,491,1172,1153438566,881646934,715328,0
1245,1116800,0,0,0,4800,23360,285440,407104,396096,374848,738432,0,1472,279872,0,0,0,0,0,0,0,0,0,0,0,0,0,0,406912,192,504,1195,2863416320,1275124070,715072,0
1246,1116800,0,0,0,2624,23744,298624,419968,371840,350592,762624,0,1408,292992,0,0,0,0,0,0,0,0,0,0,0,0,0,0,419776,192,493,1189,2374290514,1944354986,738880,0
1247,1117184,0,0,0,2560,24192,338176,439680,312576,291008,822720,0,1472,332672,0,0,0,0,0,0,0,0,0,0,0,0,0,0,439488,192,490,1190,3530153841,3389519517,798528,0
1248,1116544,0,0,0,2624,23168,310784,406528,373440,346432,766592,0,1536,305152,0,0,0,0,0,0,0,0,0,0,0,0,0,0,406336,192,485,1179,672632024,4124117267,743424,0
1249,1116928,0,0,0,2560,23680,533504,389248,167936,146112,967232,0,1472,528128,0,0,0,0,0,0,0,0,0,0,0,0,0,0,389056,192,478,1156,3085132209,2142774600,943552,0
1250,1116864,0,0,0,2560,23552,297856,389056,403840,382464,730880,0,1472,292288,0,0,0,0,0,0,0,0,0,0,0,0,0,0,388864,192,491,1179,1151308571,2658111542,707328,0
1251,1116864,0,0,0,3712,9088,537728,394496,171840,150464,962880,0,1536,532032,0,0,0,0,0,0,0,0,0,0,0,0,0,0,394368,128,486,1185,188857031,4168644949,953792,0
1252,1116928,0,0,0,3904,8960,403648,402688,297728,276288,837056,0,1472,397952,0,0,0,0,0,0,0,0,0,0,0,0,0,0,402560,128,490,1175,4005092802,3861208570,828096,0
1253,1676864,0,0,0,15424,22720,687232,872448,79040,57856,1615360,0,1472,681792,0,0,0,0,0,0,0,0,0,0,0,0,0,0,872320,128,491,1193,3535260571,4166038876,1592640,0
1254,1117056,0,0,0,4160,22656,296896,420096,373248,351744,761856,0,1408,291456,0,0,0,0,0,0,0,0,0,0,0,0,0,0,419904,192,494,1199,3323235696,438202538,739200,0
1255,1116800,0,0,0,4032,24192,272576,396864,419136,397824,715456,0,1472,266944,0,0,0,0,0,0,0,0,0,0,0,0,0,0,396672,192,492,1197,1383440918,1765030343,691264,0
1256,1116992,0,0,0,4096,8832,257856,379072,467136,445760,667712,0,1536,252352,0,0,0,0,0,0,0,0,0,0,0,0,0,0,378880,192,494,1198,3479890272,772745157,658880,0
1257,1117056,0,0,0,6144,9344,313024,406528,382016,360064,753088,0,1472,307584,0,0,0,0,0,0,0,0,0,0,0,0,0,0,406336,192,490,1197,2556494406,286768951,743744,0
1258,1116416,0,0,0,6144,9216,341824,391616,367616,346240,766464,0,1536,336192,0,0,0,0,0,0,0,0,0,0,0,0,0,0,391424,192,494,1205,2942473383,55697949,757248,0
1259,1116928,0,0,0,5440,9216,370752,374976,356544,334912,778112,0,1536,365120,0,0,0,0,0,0,0,0,0,0,0,0,0,0,374784,192,490,1198,3735365657,384981049,768896,0
1260,1116800,0,0,0,4032,8512,379584,371072,353600,331776,781568,0,1472,374208,0,0,0,0,0,0,0,0,0,0,0,0,0,0,370880,192,487,1181,418785355,3033734731,773056,0
1261,1116672,0,0,0,4096,8768,338368,370624,394816,373248,739904,0,1472,332864,0,0,0,0,0,0,0,0,0,0,0,0,0,0,370496,128,482,1181,4122961489,3143124865,731136,0
1262,1117440,0,0,0,4160,8832,372352,406656,325440,303872,810112,0,1408,366912,0,0,0,0,0,0,0,0,0,0,0,0,0,0,406464,192,477,1167,685118710,1412505273,801280,0
1263,1116544,0,0,0,4096,8896,332992,385408,385152,363904,749056,0,1536,327552,0,0,0,0,0,0,0,0,0,0,0,0,0,0,385280,128,491,1178,2725493552,3405975144,740160,0
1264,1116608,0,0,0,4160,8832,316736,384000,402880,375552,737600,0,1408,311040,0,0,0,0,0,0,0,0,0,0,0,0,0,0,383808,192,503,1223,2572096973,4055849082,728768,0
1265,1116992,0,0,0,9024,8832,392000,501568,205568,184000,929408,0,1472,386304,0,0,0,0,0,0,0,0,0,0,0,0,0,0,501440,128,651,1666,349188368,1424042867,920576,0
1266,1116800,0,0,0,6336,9088,310272,425024,366080,344576,768512,0,1408,304768,0,0,0,0,0,0,0,0,0,0,0,0,0,0,424832,192,661,1601,2561142064,976760224,759424,0
1267,1116736,0,0,0,6592,9152,295168,426752,379072,357632,755328,0,1536,289664,0,0,0,0,0,0,0,0,0,0,0,0,0,0,426560,192,655,1586,393241744,1534793298,746176,0
1268,1116736,0,0,0,4224,8896,294720,425216,383680,362496,750784,0,1408,289280,0,0,0,0,0,0,0,0,0,0,0,0,0,0,425024,192,655,1590,2681298484,3453848341,741888,0
1269,1116864,0,0,0,4224,8640,360832,432896,310272,288896,824448,0,1536,355456,0,0,0,0,0,0,0,0,0,0,0,0,0,0,432768,128,653,1583,872692570,1604063390,815808,0
1270,1116928,0,0,0,4224,10048,308864,438912,354880,333632,779840,0,1472,303296,0,0,0,0,0,0,0,0,0,0,0,0,0,0,438720,192,657,1592,980244423,2118582984,769792,0
1271,1116928,0,0,0,4160,8896,310592,429568,363712,342592,770816,0,1472,305088,0,0,0,0,0,0,0,0,0,0,0,0,0,0,429440,128,647,1568,2352838789,3555237501,761920,0
1272,1116800,0,0,0,6336,8960,357632,424448,319424,297920,815296,0,1472,352000,0,0,0,0,0,0,0,0,0,0,0,0,0,0,424256,192,654,1575,374739708,3610653474,806336,0
1273,1677312,0,0,0,15424,8960,565248,909376,178304,156736,1516928,0,1472,559680,0,0,0,0,0,0,0,0,0,0,0,0,0,0,909184,192,651,1583,980318396,1987457164,1507968,0
1274,1116800,0,0,0,6272,8768,391616,465408,244736,221376,891968,0,1536,386176,0,0,0,0,0,0,0,0,0,0,0,0,0,0,465280,128,660,1595,3930831639,2117706833,883200,0
1275,1116544,0,0,0,4224,8832,330112,465920,307456,286272,826752,0,1536,324480,0,0,0,0,0,0,0,0,0,0,0,0,0,0,465728,192,662,1597,1299905808,3063801554,817920,0
1276,1116800,0,0,0,4096,8960,346624,459712,297408,276096,837248,0,1472,340992,0,0,0,0,0,0,0,0,0,0,0,0,0,0,459584,128,648,1582,2860035741,800523262,828288,0
1277,1116992,0,0,0,4160,22464,350336,461248,278784,257792,855616,0,1472,344832,0,0,0,0,0,0,0,0,0,0,0,0,0,0,461120,128,652,1590,2558674506,4202540087,833152,0
1278,1117120,0,0,0,4160,8704,404736,459328,240192,215680,897984,0,1536,399232,0,0,0,0,0,0,0,0,0,0,0,0,0,0,459136,192,656,1602,130354617,2341442225,889280,0
1279,1116544,0,0,0,4224,9024,361280,424960,317056,295936,817088,0,1536,355520,0,0,0,0,0,0,0,0,0,0,0,0,0,0,424768,192,638,1551,3377854610,934571472,808064,0
1280,1116928,0,0,0,4224,8960,367360,426112,310272,283392,829952,0,1472,361920,0,0,0,0,0,0,0,0,0,0,0,0,0,0,425984,128,637,1556,1057313289,2356740464,820992,0
1281,1677120,0,0,0,18240,9216,610304,488896,550464,528448,1144896,0,1408,604800,0,0,0,0,0,0,0,0,0,0,0,0,0,0,488704,192,666,1628,503335682,240956760,1135680,0
1282,1116928,0,0,0,5312,9024,388544,476800,237248,215936,897024,0,1472,383040,0,0,0,0,0,0,0,0,0,0,0,0,0,0,476608,192,665,1631,1103805320,750498745,888000,0
1283,1116992,0,0,0,10112,9216,470720,482240,144704,123200,989952,0,1408,465088,0,0,0,0,0,0,0,0,0,0,0,0,0,0,482048,192,672,1632,3529779693,3734120661,980736,0
1284,1116672,0,0,0,4352,10368,324160,472832,304960,283584,829184,0,1536,318592,0,0,0,0,0,0,0,0,0,0,0,0,0,0,472704,128,673,1637,4077841335,2614094345,818816,0
1285,1116672,0,0,0,4352,9280,369152,499072,234816,213760,899008,0,1536,363584,0,0,0,0,0,0,0,0,0,0,0,0,0,0,498880,192,684,1675,1700097555,2112164644,889728,0
1286,1117248,0,0,0,5504,9152,335424,487808,279360,257920,855232,0,1536,329856,0,0,0,0,0,0,0,0,0,0,0,0,0,0,487680,128,687,1683,885014183,3172209144,846080,0
1287,1115264,0,0,0,6784,8960,374272,485888,239360,219392,891776,0,1472,368704,0,0,0,0,0,0,0,0,0,0,0,0,0,0,485696,192,683,1644,3271098220,4113443082,882816,0
1288,1116864,0,0,0,7360,8960,354048,462592,283904,263680,849088,0,1472,348480,0,0,0,0,0,0,0,0,0,0,0,0,0,0,462464,128,670,1622,948326484,1766256407,840128,0
1289,1116800,0,0,0,6976,9088,352960,495552,252224,232320,880384,0,1472,347392,0,0,0,0,0,0,0,0,0,0,0,0,0,0,495360,192,684,1668,3212154234,4088037181,871296,0
1290,1116864,0,0,0,5440,8704,321408,494912,286400,266496,846464,0,1472,315840,0,0,0,0,0,0,0,0,0,0,0,0,0,0,494720,192,679,1653,738978220,239258466,837760,0
1291,1116864,0,0,0,9792,8896,407680,475712,214784,195008,918016,0,1536,401984,0,0,0,0,0,0,0,0,0,0,0,0,0,0,475520,192,661,1616,4132746103,3979312914,909120,0
1292,1116736,0,0,0,4096,8768,435584,445824,222464,202624,910208,0,1408,430080,0,0,0,0,0,0,0,0,0,0,0,0,0,0,445696,128,663,1609,4281010452,969340616,901440,0
1293,1677696,0,0,0,11648,23168,950400,512128,180352,160192,1513344,0,1472,944896,0,0,0,0,0,0,0,0,0,0,0,0,0,0,511936,192,630,1500,1900230266,4005520180,1490176,0
1294,1119552,0,0,0,4224,23232,422336,426816,242944,219520,896064,0,1408,416768,0,0,0,0,0,0,0,0,0,0,0,0,0,0,426624,192,627,1492,2515965554,883717077,872832,0
1295,1111680,0,0,0,5184,22720,411584,389504,282688,262912,844864,0,1536,404992,0,0,0,0,0,0,0,0,0,0,0,0,0,0,389312,192,612,1444,3600424651,419895377,822144,0
1296,1116736,0,0,0,6144,9088,340224,404864,356416,331200,781568,0,1536,334592,0,0,0,0,0,0,0,0,0,0,0,0,0,0,404672,192,612,1448,3540666451,3426814753,772480,0
1297,1116736,0,0,0,6208,8896,395776,437952,267904,248256,864512,0,1408,390016,0,0,0,0,0,0,0,0,0,0,0,0,0,0,437760,192,633,1502,2281105527,342531927,855616,0
1298,1117056,0,0,0,5440,9024,381376,441408,279808,260032,852992,0,1536,375680,0,0,0,0,0,0,0,0,0,0,0,0,0,0,441216,192,630,1487,1809709165,442879694,843968,0
1299,1116928,0,0,0,4096,10176,388736,388928,324992,305088,807936,0,1472,383296,0,0,0,0,0,0,0,0,0,0,0,0,0,0,388736,192,612,1446,1763368215,1154911407,797760,0
1300,1116480,0,0,0,4096,9088,364224,384832,354240,334784,777792,0,1408,358592,0,0,0,0,0,0,0,0,0,0,0,0,0,0,384704,128,610,1429,3307659570,2292353242,768704,0
1301,1116992,0,0,0,4160,8832,425600,415552,262848,243200,869888,0,1472,419904,0,0,0,0,0,0,0,0,0,0,0,0,0,0,415360,192,629,1479,1838455006,1322195895,861056,0
1302,1116864,0,0,0,4224,8896,455744,405888,242112,222528,890368,0,1536,450176,0,0,0,0,0,0,0,0,0,0,0,0,0,0,405760,128,624,1472,3338483428,1213604794,881472,0
1303,1116992,0,0,0,4160,8960,556800,397056,150016,130240,982720,0,1536,551168,0,0,0,0,0,0,0,0,0,0,0,0,0,0,396864,192,607,1439,139603583,3017428559,973760,0
1304,1116800,0,0,0,4224,9024,421184,398400,283968,264320,848512,0,1472,415744,0,0,0,0,0,0,0,0,0,0,0,0,0,0,398208,192,601,1420,2290877162,1054848933,839488,0
1305,1116992,0,0,0,4160,8896,444800,435904,223232,203840,909120,0,1472,438976,0,0,0,0,0,0,0,0,0,0,0,0,0,0,435776,128,626,1473,4283208079,1638273016,900224,0
1306,1116672,0,0,0,4160,8768,384192,407936,311616,291968,820736,0,1408,378752,0,0,0,0,0,0,0,0,0,0,0,0,0,0,407808,128,620,1454,864917539,2987305850,811968,0
1307,1117248,0,0,0,4224,23104,381504,406400,302016,282176,831168,0,1536,375872,0,0,0,0,0,0,0,0,0,0,0,0,0,0,406208,192,600,1412,1792678313,2403506800,808064,0
1308,1116480,0,0,0,6208,9152,368064,390016,343040,323584,788800,0,1600,362560,0,0,0,0,0,0,0,0,0,0,0,0,0,0,389824,192,595,1401,2039767917,3531769792,779648,0
1309,1116800,0,0,0,5376,9152,431104,425984,245184,225472,887360,0,1536,425600,0,0,0,0,0,0,0,0,0,0,0,0,0,0,425856,128,610,1452,2877378828,1718937714,878208,0
1310,1116864,0,0,0,3968,8640,385984,435904,282368,262464,850624,0,1408,380352,0,0,0,0,0,0,0,0,0,0,0,0,0,0,435712,192,620,1464,1489605630,3391494601,841984,0
1311,1116736,0,0,0,4096,9088,430720,425408,247424,227712,885120,0,1536,425280,0,0,0,0,0,0,0,0,0,0,0,0,0,0,425280,128,607,1421,1341352008,3132927079,876032,0
1312,1116928,0,0,0,8256,9216,511808,455808,131840,106496,1006400,0,1536,506240,0,0,0,0,0,0,0,0,0,0,0,0,0,0,455616,192,588,1391,1397516080,3025539419,997184,0
1313,1116864,0,0,0,6144,9088,393280,424512,283840,264128,848512,0,1536,387648,0,0,0,0,0,0,0,0,0,0,0,0,0,0,424320,192,616,1456,4062235582,2286336155,839424,0
1314,1116928,0,0,0,6208,10560,422336,440128,237696,217536,895296,0,1472,416768,0,0,0,0,0,0,0,0,0,0,0,0,0,0,439936,192,613,1447,3544309467,3508003211,884736,0
1315,1677120,0,0,0,8576,8960,658112,447296,554176,534208,1138816,0,1536,652608,0,0,0,0,0,0,0,0,0,0,0,0,0,0,447168,128,593,1398,3134672087,2190585896,1129856,0
1316,1116864,0,0,0,4288,8960,464640,459392,179584,159744,953152,0,1472,458944,0,0,0,0,0,0,0,0,0,0,0,0,0,0,459200,192,598,1411,1225616078,3622690236,944192,0
1317,1117184,0,0,0,6912,9216,482304,475136,143616,123200,989888,0,1472,476736,0,0,0,0,0,0,0,0,0,0,0,0,0,0,474944,192,605,1441,2531614743,3140081374,980672,0
1318,1116608,0,0,0,6336,8896,401344,457856,242176,222336,890176,0,1536,395840,0,0,0,0,0,0,0,0,0,0,0,0,0,0,457664,192,600,1423,783849843,2077665948,881280,0
1319,1116800,0,0,0,4160,8896,419136,390144,294464,274560,838336,0,1408,413504,0,0,0,0,0,0,0,0,0,0,0,0,0,0,389952,192,581,1365,2044176413,1632340439,829440,0
1320,1116992,0,0,0,4096,8960,550656,501952,51328,31296,1081792,0,1536,545088,0,0,0,0,0,0,0,0,0,0,0,0,0,0,501760,192,589,1418,3214678309,2164798746,1072832,0
1321,1117376,0,0,0,4224,8896,387520,447424,269312,248768,864704,0,1408,382016,0,0,0,0,0,0,0,0,0,0,0,0,0,0,447296,128,617,1492,2823715814,2057315355,855808,0
1322,1116928,0,0,0,4288,8960,467520,470784,165376,145280,967744,0,1408,462080,0,0,0,0,0,0,0,0,0,0,0,0,0,0,470592,192,615,1484,3927081483,515200206,958784,0
1323,1116096,0,0,0,4224,8960,357632,420224,325056,305600,806656,0,1408,352064,0,0,0,0,0,0,0,0,0,0,0,0,0,0,420032,192,595,1408,1527653711,802638126,797696,0
1324,1117376,0,0,0,4288,8960,437568,424576,241984,222016,891456,0,1536,431936,0,0,0,0,0,0,0,0,0,0,0,0,0,0,424448,128,606,1425,2471942657,1833981052,882496,0
1325,1116416,0,0,0,4224,9024,360192,469312,273664,253696,858752,0,1536,354560,0,0,0,0,0,0,0,0,0,0,0,0,0,0,469120,192,615,1466,2784307502,3983233971,849728,0
1326,1116800,0,0,0,4224,8768,341824,423680,338304,318400,794496,0,1472,336384,0,0,0,0,0,0,0,0,0,0,0,0,0,0,423488,192,598,1439,1702499177,1507879854,785728,0
1327,1116608,0,0,0,5312,8896,347712,386944,367744,348224,764352,0,1536,342208,0,0,0,0,0,0,0,0,0,0,0,0,0,0,386816,128,576,1354,2126563822,2951762921,755456,0
1328,1117568,0,0,0,6272,8960,434048,375168,293120,266880,846784,0,1600,428352,0,0,0,0,0,0,0,0,0,0,0,0,0,0,374976,192,580,1375,3048071825,1599510758,837824,0
1329,1116736,0,0,0,5312,10048,520896,446144,134336,114176,998592,0,1472,515200,0,0,0,0,0,0,0,0,0,0,0,0,0,0,445952,192,598,1411,2186000690,3115570102,988544,0
1330,1116544,0,0,0,10816,8960,442816,430016,223936,203968,908480,0,1408,437248,0,0,0,0,0,0,0,0,0,0,0,0,0,0,429888,128,599,1431,2718318662,2572320301,899520,0
1331,1116736,0,0,0,4224,8960,428544,424512,250496,230528,882048,0,1600,422848,0,0,0,0,0,0,0,0,0,0,0,0,0,0,424320,192,570,1368,171377148,2055572985,873088,0
1332,1116928,0,0,0,4224,8832,384448,398592,320832,300992,812032,0,1536,378816,0,0,0,0,0,0,0,0,0,0,0,0,0,0,398400,192,573,1373,830788266,263968812,803200,0
1333,1116928,0,0,0,4160,8768,385792,403392,314816,294720,818240,0,1536,380096,0,0,0,0,0,0,0,0,0,0,0,0,0,0,403200,192,576,1373,2112970853,1499301098,809472,0
1334,1116736,0,0,0,5248,9024,385216,403392,313856,294336,818304,0,1472,379776,0,0,0,0,0,0,0,0,0,0,0,0,0,0,403200,192,572,1365,1987616917,990425487,809280,0
1335,1116864,0,0,0,6272,8960,489600,379072,232960,213120,899648,0,1408,484032,0,0,0,0,0,0,0,0,0,0,0,0,0,0,378944,128,556,1321,2543396789,733666676,890688,0
1336,1116608,0,0,0,6848,9216,388864,396480,315200,295936,816576,0,1472,383360,0,0,0,0,0,0,0,0,0,0,0,0,0,0,396352,128,554,1320,2539283576,3697854375,807360,0
1337,1117440,0,0,0,6016,23232,463552,380224,244416,224320,889280,0,1472,458048,0,0,0,0,0,0,0,0,0,0,0,0,0,0,380032,192,546,1305,3434766964,191275578,866048,0
1338,1116160,0,0,0,5248,8576,376064,352064,374208,354560,757760,0,1472,370368,0,0,0,0,0,0,0,0,0,0,0,0,0,0,351936,128,561,1334,1672232803,222141595,749184,0
1339,1116288,0,0,0,4800,8832,379648,367616,355392,333952,778368,0,1472,374272,0,0,0,0,0,0,0,0,0,0,0,0,0,0,367424,192,553,1319,3797833333,3534482394,769536,0
1340,1116800,0,0,0,3968,8896,394112,412800,297024,277248,835776,0,1536,388544,0,0,0,0,0,0,0,0,0,0,0,0,0,0,412608,192,561,1316,2656485985,4263269648,826880,0
1341,1116864,0,0,0,3968,9024,393024,370560,340288,320640,792320,0,1472,387456,0,0,0,0,0,0,0,0,0,0,0,0,0,0,370368,192,566,1339,3042763641,2132835604,783296,0
1342,1117120,0,0,0,3968,8960,449088,375488,279616,259904,853312,0,1472,443584,0,0,0,0,0,0,0,0,0,0,0,0,0,0,375360,128,557,1321,1213848488,2619476254,844352,0
1343,1116544,0,0,0,3968,8960,396352,363584,343680,323840,788736,0,1472,390976,0,0,0,0,0,0,0,0,0,0,0,0,0,0,363456,128,566,1338,23184722,3923817429,779776,0
1344,1116800,0,0,0,4096,8704,475968,366464,261568,236224,876736,0,1472,470656,0,0,0,0,0,0,0,0,0,0,0,0,0,0,366272,192,564,1333,1995232392,3657900841,868032,0
1345,1116928,0,0,0,4032,10176,407488,335104,360128,339904,773120,0,1472,402112,0,0,0,0,0,0,0,0,0,0,0,0,0,0,334976,128,567,1350,503758072,2889711037,762944,0
1346,1116544,0,0,0,4032,9216,459840,365248,278208,258688,853952,0,1536,454272,0,0,0,0,0,0,0,0,0,0,0,0,0,0,365120,128,571,1347,2114021339,3847374287,844736,0
1347,1117056,0,0,0,10752,22912,591040,375488,116864,96320,1016896,0,1472,585472,0,0,0,0,0,0,0,0,0,0,0,0,0,0,375296,192,575,1379,1037348271,3018928581,993984,0
1348,1116736,0,0,0,4096,22720,409024,402240,278656,259008,854144,0,1408,403584,0,0,0,0,0,0,0,0,0,0,0,0,0,0,402112,128,593,1395,1423665132,3542076491,831424,0
1349,1117120,0,0,0,4096,23232,353728,410944,325120,305600,807936,0,1536,348224,0,0,0,0,0,0,0,0,0,0,0,0,0,0,410752,192,595,1438,2958019752,3574126613,784704,0
1350,1116672,0,0,0,4096,8384,372224,411456,320512,300928,812224,0,1408,366656,0,0,0,0,0,0,0,0,0,0,0,0,0,0,411264,192,584,1422,2492002883,514420113,803840,0
1351,1116992,0,0,0,4096,8512,301184,428416,374784,354496,758912,0,1408,295680,0,0,0,0,0,0,0,0,0,0,0,0,0,0,428288,128,591,1442,2991789710,507853098,750400,0
1352,1116800,0,0,0,4096,8704,348288,444608,311104,291584,821696,0,1408,342848,0,0,0,0,0,0,0,0,0,0,0,0,0,0,444416,192,602,1460,3477542267,2523642369,812992,0
1353,1677184,0,0,0,12672,22720,916736,585280,139776,119872,1553728,0,1536,911104,0,0,0,0,0,0,0,0,0,0,0,0,0,0,585088,192,600,1484,3256504032,343085525,1531008,0
1354,1116736,0,0,0,4224,22592,350784,507712,231424,211456,901760,0,1536,345216,0,0,0,0,0,0,0,0,0,0,0,0,0,0,507520,192,610,1509,3713645269,2282088693,879168,0
1355,1116800,0,0,0,6208,23040,286656,468480,332416,312896,800384,0,1408,281088,0,0,0,0,0,0,0,0,0,0,0,0,0,0,468288,192,606,1497,1832153873,1303204913,777344,0
1356,1116928,0,0,0,5568,8512,358720,466624,277504,257728,855616,0,1600,352960,0,0,0,0,0,0,0,0,0,0,0,0,0,0,466432,192,602,1474,1367493560,2880131532,847104,0
1357,1676992,0,0,0,4224,22528,503424,565504,581312,561344,1112128,0,1408,497920,0,0,0,0,0,0,0,0,0,0,0,0,0,0,565312,192,626,1530,3352284489,4251229564,1089600,0
1358,1116864,0,0,0,4224,22912,418432,482432,188864,169408,943936,0,1408,412864,0,0,0,0,0,0,0,0,0,0,0,0,0,0,482304,128,623,1507,1058123851,689325852,921024,0
1359,1116928,0,0,0,4288,23936,356096,412672,319936,300416,812992,0,1664,350336,0,0,0,0,0,0,0,0,0,0,0,0,0,0,412480,192,616,1481,4157549771,1206289123,789056,0
1360,1677120,0,0,0,9792,23360,638528,528576,476864,451328,1221888,0,1408,632960,0,0,0,0,0,0,0,0,0,0,0,0,0,0,528384,192,607,1493,292966077,1383052077,1198528,0
1361,1116992,0,0,0,4736,23424,439808,461248,187776,168000,945408,0,1408,434496,0,0,0,0,0,0,0,0,0,0,0,0,0,0,461056,192,617,1524,856411460,2066282864,921984,0
1362,1116608,0,0,0,4608,23232,336320,417024,335424,315904,797184,0,1472,330816,0,0,0,0,0,0,0,0,0,0,0,0,0,0,416896,128,619,1512,1816785818,504548688,773952,0
1363,1677248,0,0,0,5632,23360,586944,491776,569536,549632,1124032,0,1472,581440,0,0,0,0,0,0,0,0,0,0,0,0,0,0,491648,128,624,1525,2031522496,4161228842,1100672,0
1364,1116544,0,0,0,4608,23424,369664,409408,309440,289792,823168,0,1408,363968,0,0,0,0,0,0,0,0,0,0,0,0,0,0,409280,128,612,1492,1630283915,3727629688,799744,0
1365,1116992,0,0,0,4608,23232,379456,413056,296640,275328,838144,0,1472,374016,0,0,0,0,0,0,0,0,0,0,0,0,0,0,412864,192,609,1485,680174449,1693340695,814912,0
1366,1116928,0,0,0,4672,22784,555584,449216,84672,64640,1048704,0,1472,550144,0,0,0,0,0,0,0,0,0,0,0,0,0,0,449088,128,611,1482,2139661012,2106306013,1025920,0
1367,1116928,0,0,0,4672,23168,358464,423552,307072,287168,826176,0,1472,352960,0,0,0,0,0,0,0,0,0,0,0,0,0,0,423424,128,631,1514,3288787896,439147810,803008,0
1368,1116800,0,0,0,4800,23168,327360,383104,378368,358912,754240,0,1472,321728,0,0,0,0,0,0,0,0,0,0,0,0,0,0,382912,192,625,1494,1262844091,605600864,731072,0
1369,1116800,0,0,0,4864,23104,522176,467968,98688,79360,1033856,0,1472,516544,0,0,0,0,0,0,0,0,0,0,0,0,0,0,467776,192,620,1490,70089309,2461945070,1010752,0
1370,1116992,0,0,0,4864,23168,331456,407104,350400,330752,782784,0,1472,325760,0,0,0,0,0,0,0,0,0,0,0,0,0,0,406912,192,614,1465,1500358028,1543453204,759616,0
1371,1116800,0,0,0,4800,22848,323584,403520,362048,342592,770688,0,1408,318016,0,0,0,0,0,0,0,0,0,0,0,0,0,0,403328,192,627,1498,3873265018,3695251933,747840,0
1372,1117248,0,0,0,5952,23232,501120,444736,142208,122304,991232,0,1472,495680,0,0,0,0,0,0,0,0,0,0,0,0,0,0,444544,192,621,1479,1105977052,1262794604,968000,0
1373,1116736,0,0,0,4928,24640,316736,417344,353088,333248,779968,0,1472,311232,0,0,0,0,0,0,0,0,0,0,0,0,0,0,417152,192,629,1504,2321034982,4228032917,755328,0
1374,1116672,0,0,0,4992,23680,299072,383296,405632,385984,727104,0,1472,293376,0,0,0,0,0,0,0,0,0,0,0,0,0,0,383104,192,628,1501,1836837405,2689471567,703424,0
1375,1118464,0,0,0,4992,23680,530752,484288,74752,52928,1061952,0,1408,525376,0,0,0,0,0,0,0,0,0,0,0,0,0,0,484160,128,635,1527,3883566646,1939232591,1038272,0
1376,1116608,0,0,0,7104,23488,315776,412864,357376,330496,782592,0,1472,310208,0,0,0,0,0,0,0,0,0,0,0,0,0,0,412672,192,615,1476,285619495,715741819,759104,0
1377,1117504,0,0,0,6976,23168,303488,410752,373120,351296,762624,0,1536,297984,0,0,0,0,0,0,0,0,0,0,0,0,0,0,410560,192,635,1513,3156315534,1253420141,739456,0
1378,1116352,0,0,0,6336,23360,488832,442752,155072,133568,979200,0,1472,483328,0,0,0,0,0,0,0,0,0,0,0,0,0,0,442560,192,624,1499,3519423276,2625281738,955840,0
1379,1116992,0,0,0,4992,23680,507648,452288,128384,106688,1006784,0,1472,502144,0,0,0,0,0,0,0,0,0,0,0,0,0,0,452096,192,621,1503,2336239807,3003054213,983104,0
1380,1116736,0,0,0,5056,22912,385088,419968,283712,262400,850816,0,1536,379520,0,0,0,0,0,0,0,0,0,0,0,0,0,0,419776,192,630,1504,2295885961,1730583067,827904,0
1381,1676800,0,0,0,6144,23872,618944,466560,561280,539968,1133312,0,1472,613440,0,0,0,0,0,0,0,0,0,0,0,0,0,0,466432,128,624,1473,1989392848,2850010285,1109440,0
1382,1116928,0,0,0,7168,23296,458816,396736,230912,209664,903808,0,1408,453248,0,0,0,0,0,0,0,0,0,0,0,0,0,0,396544,192,622,1466,1078649966,458389955,880512,0
1383,1116864,0,0,0,7808,22784,410880,385856,289536,267648,845632,0,1472,405312,0,0,0,0,0,0,0,0,0,0,0,0,0,0,385664,192,623,1467,2059367724,2389852016,822848,0
1384,1676992,0,0,0,7104,24128,630528,446656,568576,547392,1126144,0,1472,624832,0,0,0,0,0,0,0,0,0,0,0,0,0,0,446464,192,623,1476,552793790,1050578544,1102016,0
1385,1116800,0,0,0,7424,23488,431232,398016,256640,235264,877888,0,1536,425536,0,0,0,0,0,0,0,0,0,0,0,0,0,0,397888,128,621,1471,2938447091,440479390,854400,0
1386,1116736,0,0,0,7104,23104,421312,383936,281280,260096,852864,0,1472,415872,0,0,0,0,0,0,0,0,0,0,0,0,0,0,383744,192,622,1474,4089977819,96564828,829760,0
1387,1677440,0,0,0,6464,24576,645632,447872,552896,531136,1142656,0,1472,640128,0,0,0,0,0,0,0,0,0,0,0,0,0,0,447680,192,628,1485,3215742098,446621327,1118080,0
1388,1116416,0,0,0,5120,23616,294976,365696,427008,405696,707200,0,1536,289344,0,0,0,0,0,0,0,0,0,0,0,0,0,0,365504,192,633,1492,4061205354,3863570989,683584,0
1389,1116928,0,0,0,7552,23040,331584,353024,401728,380416,732992,0,1536,326016,0,0,0,0,0,0,0,0,0,0,0,0,0,0,352832,192,624,1483,2280122853,3035529300,709952,0
1390,1116736,0,0,0,7552,23616,522048,413952,149568,127808,985216,0,1536,516224,0,0,0,0,0,0,0,0,0,0,0,0,0,0,413760,192,616,1466,3232102512,2424588922,961600,0
1391,1116864,0,0,0,7936,24000,277376,363200,444352,422720,690496,0,1472,271744,0,0,0,0,0,0,0,0,0,0,0,0,0,0,363072,128,617,1482,3093121484,3749092656,666496,0
1392,1116928,0,0,0,6976,23040,259328,351616,475968,448896,664256,0,1472,253632,0,0,0,0,0,0,0,0,0,0,0,0,0,0,351488,128,619,1472,1936312032,2164633314,641216,0
1393,1677440,0,0,0,21952,23168,803584,501568,327168,305536,1368128,0,1536,797952,0,0,0,0,0,0,0,0,0,0,0,0,0,0,501440,128,626,1509,170263866,3071379240,1344960,0
1394,1115072,0,0,0,6208,23616,290240,352384,442624,422656,688832,0,1472,284544,0,0,0,0,0,0,0,0,0,0,0,0,0,0,352192,192,623,1503,3174211093,1457558480,665216,0
1395,1116736,0,0,0,5120,23360,283456,378112,426688,407040,706240,0,1472,277952,0,0,0,0,0,0,0,0,0,0,0,0,0,0,377920,192,633,1535,211518080,2067687548,682880,0
1396,1116544,0,0,0,6976,8576,244992,369152,486848,467712,645248,0,1472,239488,0,0,0,0,0,0,0,0,0,0,0,0,0,0,368960,192,628,1519,679827359,261621426,636672,0
1397,1117248,0,0,0,6144,23360,378368,431808,277568,257664,856128,0,1472,372864,0,0,0,0,0,0,0,0,0,0,0,0,0,0,431616,192,615,1491,1831474940,4203245274,832768,0
1398,1116928,0,0,0,4864,8448,319808,377728,406080,386240,727168,0,1536,314432,0,0,0,0,0,0,0,0,0,0,0,0,0,0,377600,128,618,1491,2435264691,3517184966,718720,0
1399,1116800,0,0,0,6912,8512,390976,361088,349312,329408,783808,0,1408,385408,0,0,0,0,0,0,0,0,0,0,0,0,0,0,360896,192,619,1488,2095955554,2255890244,775296,0
1400,1116928,0,0,0,6848,8768,362496,333056,405760,385856,727296,0,1536,356864,0,0,0,0,0,0,0,0,0,0,0,0,0,0,332928,128,621,1481,1782633533,1543402094,718528,0
1401,1116928,0,0,0,6016,8512,405056,544448,152896,133248,980096,0,1472,399424,0,0,0,0,0,0,0,0,0,0,0,0,0,0,544256,192,639,1566,2382595996,2456379220,971584,0
1402,1116608,0,0,0,7552,9728,380160,327808,391360,371584,741568,0,1472,374592,0,0,0,0,0,0,0,0,0,0,0,0,0,0,327616,192,616,1515,3984232646,4051409303,731840,0
1403,1117312,0,0,0,6912,8576,544256,410752,146816,126848,986880,0,1472,538816,0,0,0,0,0,0,0,0,0,0,0,0,0,0,410560,192,616,1515,2562439106,2092919150,978304,0
1404,1116288,0,0,0,4480,8512,261120,339712,502464,482688,630080,0,1472,255616,0,0,0,0,0,0,0,0,0,0,0,0,0,0,339520,192,617,1510,242212426,2310130762,621568,0
1405,1116928,0,0,0,6400,8448,312576,367744,421760,402048,711296,0,1472,307008,0,0,0,0,0,0,0,0,0,0,0,0,0,0,367552,192,620,1529,1553003564,3263567548,702848,0
1406,1116864,0,0,0,6464,8192,255936,349504,496768,473920,639488,0,1536,250432,0,0,0,0,0,0,0,0,0,0,0,0,0,0,349312,192,611,1503,3326414502,675183178,631296,0
1407,1116736,0,0,0,10624,8512,359616,388992,348992,329216,783936,0,1536,354048,0,0,0,0,0,0,0,0,0,0,0,0,0,0,388864,128,627,1546,1367562259,723765733,775424,0
1408,1117056,0,0,0,6464,8960,287360,347136,467136,441344,672000,0,1536,281920,0,0,0,0,0,0,0,0,0,0,0,0,0,0,347008,128,622,1533,2665075555,2223699066,663040,0
1409,1116608,0,0,0,6400,8704,258624,371328,471552,451520,661376,0,1536,253056,0,0,0,0,0,0,0,0,0,0,0,0,0,0,371200,128,626,1548,2835652717,1328802327,652672,0
1410,1116864,0,0,0,6144,8640,261760,344512,495808,476032,637184,0,1536,256064,0,0,0,0,0,0,0,0,0,0,0,0,0,0,344384,128,618,1523,213991264,828506414,628544,0
1411,1117056,0,0,0,6464,8320,288128,372608,441536,421696,691840,0,1536,282560,0,0,0,0,0,0,0,0,0,0,0,0,0,0,372416,192,619,1536,3169153238,1492838923,683520,0
1412,1116992,0,0,0,10624,8256,374592,348416,375104,354944,758592,0,1472,369088,0,0,0,0,0,0,0,0,0,0,0,0,0,0,348224,192,475,1181,3128531237,3285517287,750336,0
1413,1116672,0,0,0,7168,8704,279488,334528,486784,466688,646272,0,1472,273920,0,0,0,0,0,0,0,0,0,0,0,0,0,0,334336,192,480,1207,3999026358,2189119456,637568,0
1414,1116736,0,0,0,7296,9024,361344,397952,341120,321344,791680,0,1472,355776,0,0,0,0,0,0,0,0,0,0,0,0,0,0,397824,128,477,1206,832899142,3490444016,782656,0
1415,1116928,0,0,0,6656,8448,284224,332672,484928,465408,648000,0,1472,278784,0,0,0,0,0,0,0,0,0,0,0,0,0,0,332480,192,487,1218,182081026,3530584666,639552,0
1416,1116800,0,0,0,5824,8576,305856,333568,462976,443200,670016,0,1536,300352,0,0,0,0,0,0,0,0,0,0,0,0,0,0,333376,192,488,1217,1345091698,3004700738,661440,0
1417,1116992,0,0,0,8640,9984,377024,402368,318976,299200,814144,0,1472,371584,0,0,0,0,0,0,0,0,0,0,0,0,0,0,402240,128,488,1222,3193994007,1406793129,804160,0
1418,1116672,0,0,0,6016,8448,268608,337920,495680,476224,636928,0,1472,263104,0,0,0,0,0,0,0,0,0,0,0,0,0,0,337728,192,487,1221,1678933590,303978206,628480,0
1419,1116992,0,0,0,5312,8768,261888,338880,502144,482368,631104,0,1472,256384,0,0,0,0,0,0,0,0,0,0,0,0,0,0,338688,192,483,1209,425923770,2310852370,622336,0
1420,1117248,0,0,0,6080,8512,313728,346368,442560,422336,691264,0,1472,308032,0,0,0,0,0,0,0,0,0,0,0,0,0,0,346176,192,488,1209,1926153382,2736309798,682752,0
1421,1116992,0,0,0,10816,8832,562944,402432,131968,111680,1001664,0,1536,557184,0,0,0,0,0,0,0,0,0,0,0,0,0,0,402304,128,521,1294,3252978550,2215370949,992832,0
1422,1116416,0,0,0,5952,8640,404544,368576,328704,308928,803968,0,1472,398976,0,0,0,0,0,0,0,0,0,0,0,0,0,0,368448,128,503,1257,1963522189,2886539139,795328,0
1423,1116864,0,0,0,5184,8448,345344,361088,396800,376768,736640,0,1472,339712,0,0,0,0,0,0,0,0,0,0,0,0,0,0,360896,192,490,1210,1137632884,2872530396,728192,0
1424,1116736,0,0,0,4992,8576,429760,350848,322560,297152,816064,0,1472,424256,0,0,0,0,0,0,0,0,0,0,0,0,0,0,350656,192,496,1244,2876675344,3229641309,807488,0
1425,1117120,0,0,0,4032,8704,382464,322048,399872,379904,733632,0,1472,376960,0,0,0,0,0,0,0,0,0,0,0,0,0,0,321856,192,479,1196,3960512575,3898950779,724928,0
1426,1116736,0,0,0,6016,8448,371392,324224,406656,386880,726336,0,1408,365824,0,0,0,0,0,0,0,0,0,0,0,0,0,0,324096,128,500,1229,2311539874,1494514057,717888,0
1427,1116928,0,0,0,6080,23104,362112,295808,429824,410048,703360,0,1536,356544,0,0,0,0,0,0,0,0,0,0,0,0,0,0,295680,128,472,1167,1302451396,3388911101,680256,0
1428,1116736,0,0,0,4096,8512,393536,297984,412608,393152,720128,0,1472,388032,0,0,0,0,0,0,0,0,0,0,0,0,0,0,297856,128,462,1152,2682927602,767002257,711616,0
1429,1116992,0,0,0,20224,9024,586176,368704,132864,112960,1000192,0,1408,580608,0,0,0,0,0,0,0,0,0,0,0,0,0,0,368512,192,488,1226,775572286,7917986,991168,0
1430,1116800,0,0,0,4160,9024,380672,365312,357632,337984,774848,0,1536,374976,0,0,0,0,0,0,0,0,0,0,0,0,0,0,365120,192,502,1243,3385770945,1434933588,765824,0
1431,1116800,0,0,0,4096,8832,397312,358592,347968,328192,784640,0,1536,391744,0,0,0,0,0,0,0,0,0,0,0,0,0,0,358400,192,489,1205,2447613851,503180675,775808,0
1432,1117056,0,0,0,4224,24896,450304,366720,270912,251072,862080,0,1472,444736,0,0,0,0,0,0,0,0,0,0,0,0,0,0,366528,192,487,1188,3806308370,477292762,837184,0
1433,1116608,0,0,0,6272,23936,422528,386944,276928,257216,855360,0,1472,416960,0,0,0,0,0,0,0,0,0,0,0,0,0,0,386752,192,524,1291,3178703341,2461140889,831424,0
1434,1117056,0,0,0,6336,23488,459392,353856,273984,254016,859264,0,1536,453824,0,0,0,0,0,0,0,0,0,0,0,0,0,0,353664,192,528,1271,1736104797,2523574873,835776,0
1435,1116608,0,0,0,3904,8448,380864,328320,395072,375296,737792,0,1472,375296,0,0,0,0,0,0,0,0,0,0,0,0,0,0,328192,128,508,1211,3705619457,2544320335,729344,0
1436,1678528,0,0,0,18816,9472,685376,914688,50176,23232,1651328,0,1472,679936,0,0,0,0,0,0,0,0,0,0,0,18752,0,0,914560,128,543,1331,675928061,2575920305,1641856,0
1437,1117248,0,0,0,6400,9728,529280,507968,63872,41856,1071104,0,1408,523776,0,0,0,0,0,0,0,0,0,0,0,0,0,0,507776,192,544,1357,4282272681,1440030314,1061376,0
1438,1116224,0,0,0,6144,9408,534912,517184,48576,27392,1084736,0,1472,529344,0,0,0,0,0,0,0,0,0,0,0,0,0,0,516992,192,551,1365,3277415765,2931107389,1075328,0
1439,1116928,0,0,0,4288,9408,513344,495424,94464,73472,1039488,0,1472,507776,0,0,0,0,0,0,0,0,0,0,0,0,0,0,495232,192,538,1323,1001938437,254671228,1030080,0
1440,1116736,0,0,0,6912,9408,534272,487680,78464,57152,1055488,0,1472,528768,0,0,0,0,0,0,0,0,0,0,0,0,0,0,487488,192,528,1318,4205548324,2954502222,1046080,0
1441,1677312,0,0,0,6400,9088,609280,531392,521152,494080,1179136,0,1536,603776,0,0,0,0,0,0,0,0,0,0,0,0,0,0,531200,192,659,1630,1720392484,1593893721,1170048,0
1442,1115328,0,0,0,5568,8832,580864,403392,116672,96768,1014592,0,1472,575424,0,0,0,0,0,0,0,0,0,0,0,0,0,0,403200,192,660,1601,1906506590,1650060908,1005760,0
1443,1116864,0,0,0,4288,8896,566272,389440,147968,128128,984832,0,1472,560768,0,0,0,0,0,0,0,0,0,0,0,0,0,0,389248,192,670,1605,1653320541,3392081548,975936,0
1444,1116544,0,0,0,6464,9088,572992,376576,151424,131776,980608,0,1472,567424,0,0,0,0,0,0,0,0,0,0,0,0,0,0,376384,192,668,1603,4273826813,531593200,971520,0
1445,1116800,0,0,0,7360,9344,572224,377152,150720,131008,981632,0,1472,566528,0,0,0,0,0,0,0,0,0,0,0,0,0,0,376960,192,650,1569,241213168,3635736272,972288,0
1446,1117056,0,0,0,5696,10432,563776,388288,148864,129280,983808,0,1408,558272,0,0,0,0,0,0,0,0,0,0,0,0,0,0,388096,192,648,1573,740552677,3508081208,973376,0
1447,1677056,0,0,0,9920,9024,598784,596672,462656,443136,1229888,0,1408,593216,0,0,0,0,0,0,0,0,0,0,0,0,0,0,596544,128,641,1544,2180244407,2795989188,1220864,0
1448,1116928,0,0,0,6272,8896,504576,383936,213248,193472,919360,0,1408,499072,0,0,0,0,0,0,0,0,0,0,0,0,0,0,383808,128,654,1563,2697290051,3771648352,910464,0
1449,1116800,0,0,0,6720,8832,473472,347904,279872,260224,852608,0,1536,467840,0,0,0,0,0,0,0,0,0,0,0,0,0,0,347776,128,645,1534,623599885,2724380848,843776,0
1450,1116800,0,0,0,11712,9280,467776,347520,280512,261056,851648,0,1472,462272,0,0,0,0,0,0,0,0,0,0,0,0,0,0,347328,192,608,1477,3354440867,3078795796,842368,0
1451,1118464,0,0,0,4224,9088,473344,346496,285312,264064,850496,0,1536,467712,0,0,0,0,0,0,0,0,0,0,0,0,0,0,346304,192,637,1514,3259950842,1236312760,841408,0
1452,1116800,0,0,0,5376,9408,496000,339904,266112,244864,867776,0,1472,490368,0,0,0,0,0,0,0,0,0,0,0,0,0,0,339712,192,636,1505,410633879,3956651990,858368,0
1453,1116608,0,0,0,6848,9600,507968,339328,252864,231616,880704,0,1472,502272,0,0,0,0,0,0,0,0,0,0,0,0,0,0,339136,192,633,1512,4258026758,1112001521,871104,0
1454,1116928,0,0,0,8000,9408,488512,339904,271104,249600,863232,0,1472,483008,0,0,0,0,0,0,0,0,0,0,0,0,0,0,339776,128,615,1470,1314770999,3436943197,853824,0
1455,1677120,0,0,0,5376,23488,706240,430272,511744,490304,1182784,0,1472,700800,0,0,0,0,0,0,0,0,0,0,0,0,0,0,430080,192,625,1512,4114936262,2915765592,1159296,0
1456,1116736,0,0,0,6016,23552,432384,353408,301376,279808,832960,0,1536,426752,0,0,0,0,0,0,0,0,0,0,0,0,0,0,353216,192,625,1496,862452686,1417675419,809408,0
1457,1116608,0,0,0,10816,23424,411584,375488,295296,268288,844352,0,1472,405888,0,0,0,0,0,0,0,0,0,0,0,0,0,0,375360,128,623,1508,411120500,2575445245,820928,0
1458,1116928,0,0,0,5440,9216,360256,360000,382016,360512,752512,0,1536,354624,0,0,0,0,0,0,0,0,0,0,0,0,0,0,359872,128,631,1524,666704210,180413386,743296,0
1459,1116800,0,0,0,4032,9280,413504,385536,304448,283008,829824,0,1472,408000,0,0,0,0,0,0,0,0,0,0,0,0,0,0,385408,128,627,1520,3225738704,3642439894,820544,0
1460,1116864,0,0,0,4224,9152,489344,386688,227456,206016,906944,0,1536,483648,0,0,0,0,0,0,0,0,0,0,0,0,0,0,386560,128,626,1508,2780982343,848474060,897792,0
1461,1116864,0,0,0,4096,10496,406656,359232,336384,315136,797696,0,1472,401216,0,0,0,0,0,0,0,0,0,0,0,0,0,0,359040,192,615,1478,367662857,3096916179,787200,0
1462,1116928,0,0,0,9088,9408,491584,373504,233344,211968,900800,0,1408,486080,0,0,0,0,0,0,0,0,0,0,0,0,0,0,373312,192,623,1502,2107514365,4188118487,891392,0
1463,1116928,0,0,0,4224,9024,402432,359680,341568,320256,792640,0,1472,396864,0,0,0,0,0,0,0,0,0,0,0,0,0,0,359488,192,619,1504,1584698776,1544094204,783616,0
1464,1116800,0,0,0,4224,8896,489152,347328,267200,245696,867072,0,1536,483648,0,0,0,0,0,0,0,0,0,0,0,0,0,0,347136,192,627,1510,3938222009,2613194208,858176,0
1465,1116928,0,0,0,9024,9536,538048,346112,214208,193280,919424,0,1600,531840,0,0,0,0,0,0,0,0,0,0,0,0,0,0,345984,128,621,1507,267310765,4078493223,909888,0
1466,1117056,0,0,0,5120,9024,500736,340736,261440,239936,873088,0,1408,495104,0,0,0,0,0,0,0,0,0,0,0,0,0,0,340544,192,591,1461,1952095013,1400889575,864064,0
1467,1115200,0,0,0,4416,8896,512384,340736,248768,229120,882176,0,1536,506816,0,0,0,0,0,0,0,0,0,0,0,0,0,0,340608,128,631,1528,388315275,3002265848,873280,0
1468,1116736,0,0,0,4480,8896,486208,334720,282432,263040,849728,0,1472,480512,0,0,0,0,0,0,0,0,0,0,0,0,0,0,334528,192,617,1500,176511857,1452862996,840832,0
1469,1116992,0,0,0,5440,8960,475200,335040,292352,272576,840512,0,1472,469568,0,0,0,0,0,0,0,0,0,0,0,0,0,0,334848,192,595,1463,200357124,4007478395,831552,0
1470,1116736,0,0,0,6336,9024,504768,334016,262592,243072,869696,0,1472,499136,0,0,0,0,0,0,0,0,0,0,0,0,0,0,333888,128,608,1480,845942642,2647253689,860672,0
1471,1117056,0,0,0,6336,8960,518208,335168,248384,228480,884672,0,1472,512832,0,0,0,0,0,0,0,0,0,0,0,0,0,0,334976,192,621,1485,84293473,1195488991,875712,0
1472,1118208,0,0,0,6272,9344,437248,337792,327552,306304,808000,0,1536,431488,0,0,0,0,0,0,0,0,0,0,0,0,0,0,337600,192,651,1534,2809080541,230235742,798656,0
1473,1116800,0,0,0,5632,9344,483328,338496,280000,252992,859776,0,1536,477760,0,0,0,0,0,0,0,0,0,0,0,0,0,0,338304,192,640,1523,136301910,1598615727,850432,0
1474,1116800,0,0,0,6272,9408,478528,343360,279232,257664,855040,0,1408,472896,0,0,0,0,0,0,0,0,0,0,0,0,0,0,343168,192,624,1493,726937358,2676957963,845632,0
1475,1117056,0,0,0,6272,9408,392512,342848,366016,344448,768576,0,1536,386880,0,0,0,0,0,0,0,0,0,0,0,0,0,0,342656,192,610,1471,30096982,1206540858,759168,0
1476,1116416,0,0,0,6144,10240,438208,342784,319040,297536,814976,0,1472,432704,0,0,0,0,0,0,0,0,0,0,0,0,0,0,342656,128,604,1459,1223290080,1752015106,804736,0
1477,1117120,0,0,0,5312,9600,400192,343104,358912,337600,775424,0,1408,394688,0,0,0,0,0,0,0,0,0,0,0,0,0,0,342912,192,616,1473,373877893,2225128696,765824,0
1478,1116864,0,0,0,6272,9280,447360,346432,307520,286208,826688,0,1472,441920,0,0,0,0,0,0,0,0,0,0,0,0,0,0,346240,192,622,1487,2346104862,3397397676,817408,0
1479,1116800,0,0,0,8384,9472,556160,370176,172608,151424,961280,0,1472,550592,0,0,0,0,0,0,0,0,0,0,0,0,0,0,370048,128,636,1508,490043044,58275661,951808,0
1480,1116864,0,0,0,6528,9280,506304,410688,184064,162624,950272,0,1408,500736,0,0,0,0,0,0,0,0,0,0,0,0,0,0,410496,192,649,1515,117636286,3749351875,940992,0
1481,1116736,0,0,0,6656,9024,490752,405120,205184,183744,928960,0,1472,485184,0,0,0,0,0,0,0,0,0,0,0,0,0,0,404928,192,636,1518,1395486059,2773155746,919936,0
1482,1116928,0,0,0,7232,9408,430976,430080,239232,217856,895104,0,1536,425280,0,0,0,0,0,0,0,0,0,0,0,0,0,0,429952,128,620,1487,641101484,786073110,885696,0
1483,1116736,0,0,0,6400,9088,346816,385408,369024,347840,764992,0,1472,341376,0,0,0,0,0,0,0,0,0,0,0,0,0,0,385216,192,618,1479,393371800,2531256593,755904,0
1484,1116928,0,0,0,5888,9344,359808,366400,375488,353920,759104,0,1536,354176,0,0,0,0,0,0,0,0,0,0,0,0,0,0,366272,128,619,1476,2955979706,2885329454,749760,0
1485,1116928,0,0,0,4480,9216,370816,378496,353920,332288,780736,0,1408,365184,0,0,0,0,0,0,0,0,0,0,0,0,0,0,378304,192,625,1492,3905749288,174638441,771520,0
1486,1116672,0,0,0,3264,9600,568896,444608,90304,69248,1043200,0,1472,563072,0,0,0,0,0,0,0,0,0,0,0,0,0,0,444416,192,646,1549,284221633,1798034110,1033600,0
1487,1117120,0,0,0,4032,23488,396736,443072,249792,228480,884288,0,1472,391104,0,0,0,0,0,0,0,0,0,0,0,0,0,0,442880,192,638,1535,4189206621,1562443772,860800,0
1488,1116736,0,0,0,4096,9536,399040,443904,260160,238848,873472,0,1472,393472,0,0,0,0,0,0,0,0,0,0,0,0,0,0,443776,128,636,1527,648738013,1067996955,863936,0
1489,1116864,0,0,0,4864,9792,403584,420288,278336,250816,861696,0,1472,398144,0,0,0,0,0,0,0,0,0,0,0,0,0,0,420096,192,634,1518,1550614788,3614862169,851904,0
1490,1117120,0,0,0,3968,9984,452544,449920,200704,179008,933696,0,1472,446976,0,0,0,0,0,0,0,0,0,0,0,0,0,0,449792,128,655,1583,362803484,85475671,923712,0
1491,1116608,0,0,0,4096,11008,476096,516160,109248,87616,1024640,0,1472,470656,0,0,0,0,0,0,0,0,0,0,0,0,0,0,515968,192,650,1569,931030710,3699986095,1013632,0
1492,1117120,0,0,0,4160,9728,407872,424064,271296,249728,862976,0,1472,402304,0,0,0,0,0,0,0,0,0,0,0,0,0,0,423936,128,623,1504,1887958652,4055213040,853248,0
1493,1116544,0,0,0,4224,9856,452672,450752,199040,177664,934528,0,1536,447104,0,0,0,0,0,0,0,0,0,0,0,0,0,0,450560,192,644,1555,3850096363,946056076,924672,0
1494,1116992,0,0,0,4160,9728,479488,468672,154944,133504,979136,0,1472,473856,0,0,0,0,0,0,0,0,0,0,0,0,0,0,468544,128,665,1604,486917893,1439616821,969408,0
1495,1116736,0,0,0,4288,9792,487616,457536,157504,136128,976256,0,1408,481920,0,0,0,0,0,0,0,0,0,0,0,0,0,0,457408,128,673,1612,3132221685,4015696372,966464,0
1496,1116928,0,0,0,10880,9792,610432,456256,29568,8192,1104128,0,1472,604352,0,0,0,0,0,0,0,0,0,0,0,0,0,0,456128,128,658,1581,4074988562,2744374623,1094336,0
1497,1117312,0,0,0,8192,9600,475712,451328,172480,150144,962688,0,1472,470144,0,0,0,0,0,0,0,0,0,0,0,0,0,0,451136,192,648,1566,4153094566,2474048209,953088,0
1498,1676672,0,0,0,8576,9856,632832,503168,522240,500672,1171520,0,1472,627200,0,0,0,0,0,0,0,0,0,0,0,0,0,0,503040,128,670,1626,3377506385,1671907226,1161664,0
1499,1116672,0,0,0,6784,9792,548800,467712,83584,62144,1049856,0,1536,543168,0,0,0,0,0,0,0,0,0,0,0,0,0,0,467520,192,668,1588,3865610787,2453776691,1040064,0
1500,1116672,0,0,0,14656,9792,600832,446784,44608,23104,1088960,0,1472,595392,0,0,0,0,0,0,0,0,0,0,0,0,0,0,446592,192,649,1552,3960988798,3713507200,1079168,0
1501,1116992,0,0,0,7040,9280,451968,447232,201472,179904,932672,0,1408,446528,0,0,0,0,0,0,0,0,0,0,0,0,0,0,447040,192,647,1550,2090425152,2627407928,923392,0
1502,1676992,0,0,0,18880,9792,642752,487552,518016,496512,1176000,0,1472,637312,0,0,0,0,0,0,0,0,0,0,0,0,0,0,487424,128,658,1597,1903364989,2511230532,1166208,0
1503,1116864,0,0,0,8128,9920,481856,498432,118528,97024,1015360,0,1536,476288,0,0,0,0,0,0,0,0,0,0,0,0,0,0,498304,128,692,1653,1565177444,4026880346,1005440,0
1504,1116800,0,0,0,8704,9472,519168,471616,107840,86016,1026368,0,1472,513600,0,0,0,0,0,0,0,0,0,0,0,0,0,0,471360,256,686,1645,521111092,2790894014,1016896,0
1505,1116864,0,0,0,7552,11584,529664,478400,89664,62848,1049088,0,1536,524032,0,0,0,0,0,0,0,0,0,0,0,0,0,0,478208,192,671,1621,3063226531,3081471591,1037504,0
1506,1676864,0,0,0,7232,9792,691776,521920,446144,424576,1247808,0,1536,686144,0,0,0,0,0,0,0,0,0,0,0,0,0,0,521792,128,665,1639,477103594,2028534208,1238016,0
1507,1677120,0,0,0,8512,9536,603200,520384,535488,513792,1158912,0,1472,597632,0,0,0,0,0,0,0,0,0,0,0,0,0,0,520192,192,679,1653,3924777839,1876538189,1149376,0
1508,1676928,0,0,0,19712,24192,996864,507584,128576,106880,1565824,0,1344,991488,0,0,0,0,0,0,0,0,0,0,0,0,0,0,507392,192,665,1605,3011422552,223761906,1541632,0
1509,1116736,0,0,0,6144,23936,463296,537344,86016,64768,1047936,0,1536,457600,0,0,0,0,0,0,0,0,0,0,0,0,0,0,537152,192,673,1643,504692203,1649729400,1024000,0
1510,1676928,0,0,0,11584,23616,546496,769472,325760,304448,1368512,0,1600,540864,0,0,0,0,0,0,0,0,0,0,0,0,0,0,769280,192,688,1654,3865267269,2438597174,1344896,0
1511,1116928,0,0,0,8576,9024,472192,563008,64128,42624,1070336,0,1472,466752,0,0,0,0,0,0,0,0,0,0,0,0,0,0,562816,192,688,1659,1466005620,1231548841,1061312,0
1512,1675392,0,0,0,7488,8896,579136,570880,508992,489152,1182208,0,1408,573440,0,0,0,0,0,0,0,0,0,0,0,0,0,0,570752,128,646,1580,1181760122,1771298631,1173312,0
1513,1116864,0,0,0,8192,8896,489344,569920,40512,20928,1091968,0,1472,483712,0,0,0,0,0,0,0,0,0,0,0,0,0,0,569728,192,646,1584,4111680120,1680045701,1083072,0
1514,1116928,0,0,0,8192,8896,542272,527936,29632,10112,1102848,0,1472,536832,0,0,0,0,0,0,0,0,0,0,0,0,0,0,527744,192,648,1593,2105472918,3163411922,1093952,0
1515,1116928,0,0,0,7616,9088,530368,528704,41152,20672,1092096,0,1536,524672,0,0,0,0,0,0,0,0,0,0,0,0,0,0,528512,192,644,1548,2807151951,894113990,1083008,0
1516,1116608,0,0,0,6144,8832,525888,511936,63808,43776,1068864,0,1408,520448,0,0,0,0,0,0,0,0,0,0,0,0,0,0,511808,128,632,1530,2284269461,4053593665,1060032,0
1517,1677184,0,0,0,7040,22976,514304,702336,430528,410624,1262720,0,1408,508800,0,0,0,0,0,0,0,0,0,0,0,0,0,0,702144,192,630,1544,3185068899,2922599853,1239744,0
1518,1677184,0,0,0,7104,10112,627584,482496,549888,529728,1143488,0,1536,621952,0,0,0,0,0,0,0,0,0,0,0,0,0,0,482368,128,636,1537,2538787616,4248621114,1133376,0
1519,1118272,0,0,0,8192,9280,584512,483840,32448,10880,1103360,0,1472,579072,0,0,0,0,0,0,0,0,0,0,0,0,0,0,483648,192,646,1544,2020359088,4109001030,1094080,0
1520,1116608,0,0,0,7872,9344,581312,483712,34368,12992,1099584,0,1536,575744,0,0,0,0,0,0,0,0,0,0,0,0,0,0,483584,128,656,1530,159839645,1466678743,1090240,0
1521,1116864,0,0,0,6144,9088,564224,457472,79936,52800,1060096,0,1408,558720,0,0,0,0,0,0,0,0,0,0,0,0,0,0,457280,192,619,1482,182977881,1259772188,1051008,0
1522,1116672,0,0,0,6208,9088,437888,450432,213056,191616,921152,0,1472,432384,0,0,0,0,0,0,0,0,0,0,0,0,0,0,450240,192,612,1465,3076136760,856713790,912064,0
1523,1116928,0,0,0,8192,9152,438016,420800,240768,219328,893696,0,1472,432576,0,0,0,0,0,0,0,0,0,0,0,0,0,0,420672,128,627,1502,4047011551,862124729,884544,0
1524,1116928,0,0,0,8576,9344,417024,436928,245056,223360,889536,0,1472,411328,0,0,0,0,0,0,0,0,0,0,0,0,0,0,436736,192,621,1505,3169621271,420055169,880192,0
1525,1676800,0,0,0,14144,9600,664256,520384,468416,442240,1230144,0,1472,658560,0,0,0,0,0,0,0,0,0,0,0,0,0,0,520192,192,647,1551,209634371,515772219,1220544,0
1526,1677568,0,0,0,7296,9728,616000,481728,562816,536448,1136704,0,1536,610368,0,0,0,0,0,0,0,0,0,0,0,0,0,0,481600,128,615,1483,1317674749,2460755231,1126976,0
1527,1116480,0,0,0,9280,10624,507136,453568,135872,108096,1002880,0,1536,501376,0,0,0,0,0,0,0,0,0,0,0,0,0,0,453440,128,607,1483,1379643013,1435447191,992256,0
1528,1676992,0,0,0,8448,10048,636096,483968,538432,512064,1160256,0,1536,630464,0,0,0,0,0,0,0,0,0,0,0,0,0,0,483776,192,613,1469,1100006838,1310333372,1150208,0
1529,1116928,0,0,0,6272,9536,520256,439104,141760,115520,997120,0,1408,514752,0,0,0,0,0,0,0,0,0,0,0,0,0,0,438976,128,626,1502,744966135,1333836777,987584,0
1530,1116928,0,0,0,8128,9600,423360,435456,240384,214144,898496,0,1472,417920,0,0,0,0,0,0,0,0,0,0,0,0,0,0,435328,128,618,1502,3895434719,1294753856,888896,0
1531,1116800,0,0,0,8384,9792,396992,438720,262912,236800,875520,0,1472,391360,0,0,0,0,0,0,0,0,0,0,0,0,0,0,438592,128,606,1499,3109984601,43404767,865728,0
1532,1116864,0,0,0,9152,10944,395968,437952,262848,236224,876224,0,1408,390464,0,0,0,0,0,0,0,0,0,0,0,0,0,0,437824,128,606,1469,3672039378,3782220809,865280,0
1533,1116800,0,0,0,9344,9792,377600,439744,280320,253888,858496,0,1408,372096,0,0,0,0,0,0,0,0,0,0,0,0,0,0,439552,192,618,1496,600741691,4230329581,848704,0
1534,1116800,0,0,0,8064,9536,382400,431680,285120,256320,856192,0,1536,376704,0,0,0,0,0,0,0,0,0,0,0,0,0,0,431488,192,611,1481,303961690,4242882659,846656,0
1535,1116928,0,0,0,8896,10240,515968,460928,120896,94976,1017216,0,1536,510464,0,0,0,0,0,0,0,0,0,0,0,0,0,0,460736,192,616,1488,4267038145,2861787457,1006976,0
1536,1116736,0,0,0,8320,9856,374016,453760,270784,244928,867456,0,1408,368448,0,0,0,0,0,0,0,0,0,0,0,0,0,0,453632,128,608,1470,3469013031,1210850148,857600,0
1537,1117120,0,0,0,7104,9792,370752,433600,295872,263872,848960,0,1472,365056,0,0,0,0,0,0,0,0,0,0,0,0,0,0,433472,128,606,1466,1520392857,3166088563,839168,0
1538,1116800,0,0,0,5824,9728,428480,431488,241280,215104,897344,0,1408,422848,0,0,0,0,0,0,0,0,0,0,0,0,0,0,431360,128,610,1467,3384362519,656661542,887616,0
1539,1116800,0,0,0,9984,9536,460992,462400,173888,147584,964800,0,1472,455552,0,0,0,0,0,0,0,0,0,0,0,0,0,0,462208,192,612,1475,1984064296,572315255,955264,0
1540,1676992,0,0,0,11456,10048,501312,665536,488640,462656,1209856,0,1472,495744,0,0,0,0,0,0,0,0,0,0,0,0,0,0,665344,192,619,1487,236957111,2204874094,1199808,0
1541,1116736,0,0,0,6016,9664,380736,432448,287872,261824,850560,0,1536,375232,0,0,0,0,0,0,0,0,0,0,0,0,0,0,432256,192,622,1503,3340616099,1090420074,840896,0
1542,1116864,0,0,0,8256,9344,399360,451008,248896,222784,889792,0,1536,393792,0,0,0,0,0,0,0,0,0,0,0,0,0,0,450816,192,640,1528,307011708,336466130,880448,0
1543,1116800,0,0,0,9024,9984,366912,442304,288576,262272,849984,0,1472,361408,0,0,0,0,0,0,0,0,0,0,0,0,0,0,442176,128,645,1524,615963741,3444511263,840000,0
1544,1116800,0,0,0,9472,9408,409024,444928,243968,217664,894784,0,1536,403392,0,0,0,0,0,0,0,0,0,0,0,0,0,0,444736,192,657,1542,184502302,758565527,885376,0
1545,1116864,0,0,0,7424,9728,356928,449792,292992,266816,845632,0,1344,351552,0,0,0,0,0,0,0,0,0,0,0,0,0,0,449664,128,653,1544,1593240301,535970554,835904,0
1546,1116608,0,0,0,5632,9728,541568,509504,50176,24064,1088192,0,1472,536000,0,0,0,0,0,0,0,0,0,0,0,0,0,0,509376,128,657,1550,3832145707,2675934984,1078464,0
1547,1117056,0,0,0,5760,25152,363008,456128,267008,240832,871872,0,1408,357440,0,0,0,0,0,0,0,0,0,0,0,0,0,0,455936,192,649,1534,4029223380,3539354157,846720,0
1548,1116544,0,0,0,5760,9344,400576,467520,233344,207616,904704,0,1472,395072,0,0,0,0,0,0,0,0,0,0,0,0,0,0,467328,192,640,1521,564870965,1576290529,895360,0
1549,1116864,0,0,0,6656,9600,507840,483840,108928,83136,1029376,0,1408,502336,0,0,0,0,0,0,0,0,0,0,0,0,0,0,483712,128,642,1513,2740757449,2502219887,1019776,0
1550,1116864,0,0,0,5632,9536,495040,519104,87552,61440,1051136,0,1536,489408,0,0,0,0,0,0,0,0,0,0,0,0,0,0,518976,128,648,1536,3454089197,2309643762,1041600,0
1551,1117184,0,0,0,10304,9792,433728,464128,199232,172800,940032,0,1472,428160,0,0,0,0,0,0,0,0,0,0,0,0,0,0,464000,128,645,1517,850351780,1595780576,930240,0
1552,1116352,0,0,0,10432,9664,495616,489152,111488,85760,1026048,0,1472,490048,0,0,0,0,0,0,0,0,0,0,0,0,0,0,488960,192,652,1558,1310227503,1683006100,1016384,0
1553,1677568,0,0,0,13696,9920,630400,519168,504384,472320,1200704,0,1408,624832,0,0,0,0,0,0,0,0,0,0,0,0,0,0,519040,128,647,1550,1658441147,781769059,1190784,0
1554,1116416,0,0,0,5952,9792,514048,508800,77824,51712,1060288,0,1536,508224,0,0,0,0,0,0,0,0,0,0,0,0,0,0,508608,192,634,1537,3976488357,1637753914,1050496,0
1555,1116800,0,0,0,8000,9600,477312,513408,108480,82624,1029696,0,1536,471680,0,0,0,0,0,0,0,0,0,0,0,0,0,0,513280,128,618,1510,3379398539,1568639858,1020096,0
1556,1677056,0,0,0,6016,9600,593920,558720,508800,482752,1190016,0,1472,588352,0,0,0,0,0,0,0,0,0,0,0,0,0,0,558528,192,622,1522,2694318078,610869468,1180416,0
1557,1117184,0,0,0,6016,9792,510592,499712,91072,64704,1048064,0,1856,504448,0,0,0,0,0,0,0,0,0,0,0,0,0,0,499584,128,626,1517,2138378955,1630734788,1038272,0
1558,1116608,0,0,0,7040,9920,561984,505728,31936,5632,1106624,0,1472,556544,0,0,0,0,0,0,0,0,0,0,0,0,0,0,505600,128,630,1526,2235733741,1159067647,1096704,0
1559,1677120,0,0,0,8256,10432,754432,553664,350336,324032,1348224,0,1600,748672,0,0,0,0,0,0,0,0,0,0,0,0,0,0,553536,128,628,1525,1600301350,3437754090,1337792,0
1560,1116864,0,0,0,9472,9792,434176,529600,133824,107840,1004608,0,1472,428608,0,0,0,0,0,0,0,0,0,0,0,0,0,0,529472,128,632,1536,1619710452,2787558744,994816,0
1561,1116928,0,0,0,6912,11008,447488,523520,128000,101632,1010880,0,1472,441792,0,0,0,0,0,0,0,0,0,0,0,0,0,0,523328,192,640,1550,857819,1980613867,999872,0
1562,1116608,0,0,0,11392,9792,484544,510400,100480,74368,1037888,0,1472,478784,0,0,0,0,0,0,0,0,0,0,0,0,0,0,510272,128,629,1532,479981933,1237219607,1028096,0
1563,1116736,0,0,0,5760,9472,473024,494720,133760,107712,1004608,0,1472,467520,0,0,0,0,0,0,0,0,0,0,0,0,0,0,494528,192,633,1543,2457613420,2301161741,995136,0
1564,1677376,0,0,0,5632,9664,592128,503424,566528,540096,1132800,0,1408,586560,0,0,0,0,0,0,0,0,0,0,0,0,0,0,503232,192,639,1553,2717591578,2239408295,1123136,0
1565,1116608,0,0,0,7360,9728,441728,488704,169088,143424,968832,0,1472,436160,0,0,0,0,0,0,0,0,0,0,0,0,0,0,488512,192,628,1533,3536293751,2520765012,959104,0
1566,1116992,0,0,0,5376,9792,423040,472704,206080,179840,932736,0,1472,417472,0,0,0,0,0,0,0,0,0,0,0,0,0,0,472576,128,628,1530,1706802222,3024372564,922944,0
1567,1116928,0,0,0,4032,9600,407616,435904,259776,233664,878976,0,1472,402048,0,0,0,0,0,0,0,0,0,0,0,0,0,0,435776,128,636,1547,2976070899,3880406052,869376,0
1568,1121408,0,0,0,4096,9600,455232,445888,206592,176256,940928,0,1536,449472,0,0,0,0,0,0,0,0,0,0,0,0,0,0,445760,128,650,1572,4136700865,407953601,931328,0
1569,1112256,0,0,0,6784,9408,507520,439744,148800,117248,990720,0,1472,502080,0,0,0,0,0,0,0,0,0,0,0,0,0,0,439552,192,646,1559,2297452158,340873764,981312,0
1570,1116864,0,0,0,6336,9664,492992,441664,166208,139584,972928,0,1408,487424,0,0,0,0,0,0,0,0,0,0,0,0,0,0,441472,192,637,1543,692287961,1796831322,963264,0
1571,1116864,0,0,0,6080,9664,505984,438464,156672,130368,982272,0,1536,500352,0,0,0,0,0,0,0,0,0,0,0,0,0,0,438336,128,637,1538,3194595493,2742502373,972608,0
1572,1116928,0,0,0,4032,9536,507456,455680,140224,113792,998784,0,1536,501824,0,0,0,0,0,0,0,0,0,0,0,0,0,0,455488,192,632,1521,856850157,976874955,989248,0
1573,1116800,0,0,0,3968,9792,440576,434496,227968,202112,910464,0,1472,435008,0,0,0,0,0,0,0,0,0,0,0,0,0,0,434368,128,625,1516,3779226252,3027069712,900672,0
1574,1116864,0,0,0,4032,9408,429952,447808,225664,199424,913088,0,1472,424448,0,0,0,0,0,0,0,0,0,0,0,0,0,0,447616,192,641,1552,216352950,3657996312,903680,0
1575,1116928,0,0,0,4096,9664,410624,441792,250752,224064,888512,0,1472,405056,0,0,0,0,0,0,0,0,0,0,0,0,0,0,441600,192,636,1543,4213189935,1018953012,878848,0
1576,1116544,0,0,0,6080,10816,541952,470592,87104,61056,1051200,0,1472,536320,0,0,0,0,0,0,0,0,0,0,0,0,0,0,470400,192,637,1543,1324216724,1624819760,1040384,0
1577,1116800,0,0,0,6976,23552,430016,441984,214272,188224,924096,0,1536,424256,0,0,0,0,0,0,0,0,0,0,0,0,0,0,441792,192,640,1541,2729818893,1813858458,900544,0
1578,1116928,0,0,0,6208,9600,506624,431040,163456,137408,975168,0,1408,501184,0,0,0,0,0,0,0,0,0,0,0,0,0,0,430912,128,631,1522,3578961837,921879591,965568,0
1579,1677504,0,0,0,9920,24000,588224,504896,550464,524096,1148928,0,1472,582592,0,0,0,0,0,0,0,0,0,0,0,0,0,0,504768,128,645,1557,1196942443,2725651676,1124928,0
1580,1116352,0,0,0,9152,24576,517312,477120,88192,62080,1049728,0,1472,511808,0,0,0,0,0,0,0,0,0,0,0,0,0,0,476992,128,644,1558,3763980680,1453066605,1025152,0
1581,1117056,0,0,0,4224,24192,390080,455360,243200,217472,895296,0,1536,384384,0,0,0,0,0,0,0,0,0,0,0,0,0,0,455168,192,649,1561,1729750542,281860613,871104,0
1582,1116800,0,0,0,4160,9600,489024,475392,138624,112768,999808,0,1472,483520,0,0,0,0,0,0,0,0,0,0,0,0,0,0,475200,192,629,1528,4286210874,799982845,990208,0
1583,1677056,0,0,0,4224,25216,600960,487424,559232,533184,1139520,0,1536,595200,0,0,0,0,0,0,0,0,0,0,0,0,0,0,487232,192,622,1522,3130633940,1414120644,1114304,0
1584,1116992,0,0,0,4224,9792,379584,454144,269248,243392,869312,0,1472,374016,0,0,0,0,0,0,0,0,0,0,0,0,0,0,453952,192,632,1546,2398196623,2089389506,859520,0
1585,1116672,0,0,0,4096,24640,418752,467648,201536,169600,942720,0,1472,413120,0,0,0,0,0,0,0,0,0,0,0,0,0,0,467456,192,629,1556,4194151156,2696006392,918080,0
1586,1117056,0,0,0,4160,9536,554432,479552,69376,42624,1070208,0,1472,548800,0,0,0,0,0,0,0,0,0,0,0,0,0,0,479424,128,655,1579,1778705957,2815886794,1060672,0
1587,1116864,0,0,0,4288,9728,577984,487424,37440,11264,1101312,0,1472,572480,0,0,0,0,0,0,0,0,0,0,0,0,0,0,487232,192,640,1571,4290302300,1070443870,1091584,0
1588,1116736,0,0,0,4480,9472,521856,454016,126912,100736,1011776,0,1472,515904,0,0,0,0,0,0,0,0,0,0,0,0,0,0,453888,128,642,1568,3234456255,201613334,1002304,0
1589,1116864,0,0,0,5312,9728,458752,451776,191296,165248,947264,0,1536,453120,0,0,0,0,0,0,0,0,0,0,0,0,0,0,451584,192,638,1552,931546184,3482110913,937536,0
1590,1117056,0,0,0,5248,9472,469312,430528,202496,176256,936576,0,1536,463872,0,0,0,0,0,0,0,0,0,0,0,0,0,0,430336,192,653,1555,2113087628,1885121444,927104,0
1591,1677120,0,0,0,4352,26432,582976,484096,579264,553280,1119488,0,1472,577344,0,0,0,0,0,0,0,0,0,0,0,0,0,0,483904,192,664,1576,606790867,454603233,1093056,0
1592,1116864,0,0,0,6336,9728,402048,459840,238912,212928,899584,0,1472,396480,0,0,0,0,0,0,0,0,0,0,0,0,0,0,459648,192,650,1553,4231513967,1977868122,889856,0
1593,1116736,0,0,0,7296,24768,528192,451520,104960,78656,1033600,0,1536,522496,0,0,0,0,0,0,0,0,0,0,0,0,0,0,451328,192,665,1585,4280325315,2702189029,1008832,0
1594,1117120,0,0,0,6144,9472,461696,467264,172544,146560,966144,0,1408,456192,0,0,0,0,0,0,0,0,0,0,0,0,0,0,467072,192,639,1547,447776848,3310596699,956672,0
1595,1116928,0,0,0,6336,9728,493632,472768,134464,107712,1004736,0,1536,488064,0,0,0,0,0,0,0,0,0,0,0,0,0,0,472576,192,626,1518,304472646,2660553677,995008,0
1596,1116800,0,0,0,6528,9536,458048,436224,206464,180352,932160,0,1472,452480,0,0,0,0,0,0,0,0,0,0,0,0,0,0,436032,192,636,1545,3834316944,165339235,922624,0
1597,1116736,0,0,0,6208,9792,389120,444608,267008,240832,871488,0,1472,383488,0,0,0,0,0,0,0,0,0,0,0,0,0,0,444480,128,634,1554,3935686123,1924135727,861696,0
1598,1117056,0,0,0,6336,9600,416192,444096,240832,214656,897984,0,1536,410496,0,0,0,0,0,0,0,0,0,0,0,0,0,0,443904,192,634,1556,2161706727,2696466282,888384,0
1599,1116736,0,0,0,6272,9536,446144,452288,202496,176064,936320,0,1472,440448,0,0,0,0,0,0,0,0,0,0,0,0,0,0,452160,128,633,1554,1562026323,2495877831,926784,0
1600,1116672,0,0,0,10240,10112,521984,462592,111744,85696,1025984,0,1536,516480,0,0,0,0,0,0,0,0,0,0,0,0,0,0,462400,192,630,1542,3181799657,3421133367,1015872,0
1601,1117632,0,0,0,6784,9728,453952,447104,200064,168064,945216,0,1472,448320,0,0,0,0,0,0,0,0,0,0,0,0,0,0,446912,192,618,1522,2752743406,4113009192,935488,0
1602,1116480,0,0,0,7488,9920,443840,428608,226624,199936,912064,0,1536,438144,0,0,0,0,0,0,0,0,0,0,0,0,0,0,428480,128,618,1513,2447093320,4075134980,902144,0
1603,1116800,0,0,0,5568,9856,460672,436416,204288,178112,934144,0,1472,455232,0,0,0,0,0,0,0,0,0,0,0,0,0,0,436224,192,623,1525,2540108294,427460481,924288,0
1604,1116608,0,0,0,3968,9472,522688,460672,119808,94208,1018048,0,1536,517120,0,0,0,0,0,0,0,0,0,0,0,0,0,0,460480,192,617,1517,3103048988,2220605037,1008576,0
1605,1115648,0,0,0,4032,9088,454336,421632,226560,202304,909056,0,1536,448896,0,0,0,0,0,0,0,0,0,0,0,0,0,0,421440,192,623,1533,2126996339,1181141083,899968,0
1606,1116928,0,0,0,3968,10240,372160,397888,332672,312896,800064,0,1472,366784,0,0,0,0,0,0,0,0,0,0,0,0,0,0,397760,128,626,1535,4279991012,509498271,789824,0
1607,1116864,0,0,0,6016,23872,353664,425600,307712,288000,824768,0,1408,348224,0,0,0,0,0,0,0,0,0,0,0,0,0,0,425408,192,623,1522,3034147585,1905057726,800896,0
1608,1116672,0,0,0,6272,8896,402880,399168,299456,280000,832576,0,1472,397376,0,0,0,0,0,0,0,0,0,0,0,0,0,0,398976,192,625,1521,3579793355,1649492444,823680,0
1609,1118400,0,0,0,3968,9536,432256,447680,224960,203648,910336,0,1536,426496,0,0,0,0,0,0,0,0,0,0,0,0,0,0,447488,192,627,1529,4241943134,1376266682,900800,0
1610,1116800,0,0,0,6016,9280,487680,445056,168768,147520,965312,0,1472,482048,0,0,0,0,0,0,0,0,0,0,0,0,0,0,444864,192,630,1535,3586201191,4134020962,956032,0
1611,1116736,0,0,0,6144,9408,386432,402368,312384,291264,821376,0,1408,380864,0,0,0,0,0,0,0,0,0,0,0,0,0,0,402176,192,632,1545,4232671910,2364975734,811968,0
1612,1116864,0,0,0,7680,9344,375616,429568,294656,273216,839552,0,1536,369856,0,0,0,0,0,0,0,0,0,0,0,0,0,0,429376,192,648,1569,4024741736,4132117663,830208,0
1613,1116864,0,0,0,6528,9152,366400,411328,323456,302144,810816,0,1536,360768,0,0,0,0,0,0,0,0,0,0,0,0,0,0,411136,192,640,1536,209467278,2484528896,801664,0
1614,1116736,0,0,0,7040,9344,429888,394112,276352,254656,857920,0,1472,424320,0,0,0,0,0,0,0,0,0,0,0,0,0,0,393920,192,647,1545,1496927511,4245480095,848576,0
1615,1116864,0,0,0,4096,9152,356608,399680,347328,326080,786816,0,1408,350976,0,0,0,0,0,0,0,0,0,0,0,0,0,0,399488,192,647,1537,694952304,2845539276,777664,0
1616,1116992,0,0,0,4096,8960,547200,468288,88448,67136,1046016,0,1408,541632,0,0,0,0,0,0,0,0,0,0,0,0,0,0,468096,192,647,1552,1400973680,3405832716,1037056,0
1617,1117312,0,0,0,4096,9152,352064,406016,345984,318528,794816,0,1536,346496,0,0,0,0,0,0,0,0,0,0,0,0,0,0,405824,192,654,1556,459304195,2376947039,785664,0
1618,1116352,0,0,0,4096,9088,364544,395520,343104,321856,790592,0,1536,358976,0,0,0,0,0,0,0,0,0,0,0,0,0,0,395328,192,653,1545,645300437,1796070017,781504,0
1619,1116928,0,0,0,4096,9216,365952,379904,357760,336512,776448,0,1600,360256,0,0,0,0,0,0,0,0,0,0,0,0,0,0,379712,192,650,1545,3457558200,1822359522,767232,0
1620,1116928,0,0,0,4032,9024,364992,371264,367616,346048,766912,0,1472,359360,0,0,0,0,0,0,0,0,0,0,0,0,0,0,371072,192,644,1530,2956440653,2075609482,757888,0
1621,1116736,0,0,0,5120,10304,419200,398080,284032,262848,849792,0,1536,413696,0,0,0,0,0,0,0,0,0,0,0,0,0,0,397888,192,644,1527,2589948849,3584982975,839488,0
1622,2237248,0,0,0,14656,28096,981952,682752,529792,500352,1729088,0,3520,969536,0,0,0,0,0,0,0,0,0,0,0,0,0,0,682560,192,629,1529,3280030708,3630405057,1700992,0
1623,1116736,0,0,0,4224,9088,453824,448896,200704,179456,933312,0,1472,448256,0,0,0,0,0,0,0,0,0,0,0,0,0,0,448704,192,632,1543,505791395,2082816231,924224,0
1624,1116928,0,0,0,4224,23552,418432,425792,244928,223616,889280,0,1472,412800,0,0,0,0,0,0,0,0,0,0,0,0,0,0,425600,192,630,1537,2167899233,848776757,865728,0
1625,1115328,0,0,0,6272,9088,412928,427712,259328,239488,871616,0,1472,407424,0,0,0,0,0,0,0,0,0,0,0,0,0,0,427520,192,631,1545,3817679353,2775427845,862528,0
1626,1116992,0,0,0,6656,8960,456000,423936,221440,201600,911360,0,1536,450432,0,0,0,0,0,0,0,0,0,0,0,0,0,0,423808,128,629,1543,1335971228,198530905,902400,0
1627,1116736,0,0,0,6912,9344,486080,459584,154816,135040,977600,0,1408,480576,0,0,0,0,0,0,0,0,0,0,0,0,0,0,459392,192,646,1574,1825100283,2479784027,968256,0
1628,1116736,0,0,0,5312,9152,475904,435456,190912,171200,941568,0,1536,470336,0,0,0,0,0,0,0,0,0,0,0,0,0,0,435264,192,626,1551,4161876593,2952189607,932416,0
1629,1116864,0,0,0,4032,8832,457792,446656,199552,179968,932992,0,1408,452352,0,0,0,0,0,0,0,0,0,0,0,0,0,0,446464,192,630,1556,3793507459,893737563,924160,0
1630,1117120,0,0,0,4032,8704,517888,415424,171072,150784,962432,0,1472,512448,0,0,0,0,0,0,0,0,0,0,0,0,0,0,415232,192,623,1533,557535621,1958985208,953728,0
1631,1118208,0,0,0,3968,9024,490240,402048,212928,191424,922944,0,1536,484736,0,0,0,0,0,0,0,0,0,0,0,0,0,0,401856,192,619,1542,3246360390,508196122,913920,0
1632,1117504,0,0,0,3968,9280,469376,417344,217536,195776,917696,0,1536,463744,0,0,0,0,0,0,0,0,0,0,0,0,0,0,417152,192,606,1553,688854900,1725342187,908416,0
1633,1115968,0,0,0,4928,8896,465792,427456,208896,181888,930240,0,1408,460224,0,0,0,0,0,0,0,0,0,0,0,0,0,0,427264,192,557,1414,4136323099,1766906721,921344,0
1634,1116736,0,0,0,4032,9152,392064,385792,325696,304448,808384,0,1536,386560,0,0,0,0,0,0,0,0,0,0,0,0,0,0,385664,128,532,1345,331230554,2315766011,799232,0
1635,1116800,0,0,0,4032,9088,391296,378368,334016,312832,800064,0,1472,385728,0,0,0,0,0,0,0,0,0,0,0,0,0,0,378176,192,545,1369,1896123422,4207385190,790976,0
1636,1117120,0,0,0,4032,10368,407232,373824,321664,300352,812864,0,1536,401536,0,0,0,0,0,0,0,0,0,0,0,0,0,0,373632,192,532,1354,1197452622,2959937010,802496,0
1637,1116736,0,0,0,4032,23168,402304,379584,307648,286272,826560,0,1536,396672,0,0,0,0,0,0,0,0,0,0,0,0,0,0,379392,192,542,1371,2995591281,3814816954,803392,0
1638,1116864,0,0,0,4032,9024,484864,365312,253632,232448,880512,0,1536,479168,0,0,0,0,0,0,0,0,0,0,0,0,0,0,365120,192,546,1367,421382635,612461967,871488,0
1639,1116736,0,0,0,3968,9152,435328,355840,312448,291264,821504,0,1472,429696,0,0,0,0,0,0,0,0,0,0,0,0,0,0,355648,192,532,1314,1406334014,3543145996,812352,0
1640,1117056,0,0,0,4032,9408,417856,389568,296192,274816,838272,0,1408,412352,0,0,0,0,0,0,0,0,0,0,0,0,0,0,389440,128,529,1319,3279094331,1016492725,828864,0
1641,1116736,0,0,0,4032,9216,418880,374528,310080,288640,824192,0,1472,413312,0,0,0,0,0,0,0,0,0,0,0,0,0,0,374336,192,519,1295,1064946307,1088481825,814976,0
1642,1117056,0,0,0,4032,9088,425472,374016,304448,282880,830272,0,1472,419968,0,0,0,0,0,0,0,0,0,0,0,0,0,0,373888,128,529,1308,3005407386,2005752821,821184,0
1643,1116800,0,0,0,5952,9024,416384,369600,315840,294400,818432,0,1408,410880,0,0,0,0,0,0,0,0,0,0,0,0,0,0,369472,128,511,1282,1469465493,3254796306,809408,0
1644,1116992,0,0,0,6144,9216,469376,366336,265920,244224,868800,0,1408,463680,0,0,0,0,0,0,0,0,0,0,0,0,0,0,366144,192,530,1309,1052985275,2138883509,859584,0
1645,1116480,0,0,0,3968,9088,391744,377536,334144,312832,799744,0,1472,386176,0,0,0,0,0,0,0,0,0,0,0,0,0,0,377344,192,529,1319,3736822182,3438908699,790656,0
1646,1116928,0,0,0,3904,9152,394496,375680,333696,312128,800960,0,1472,388928,0,0,0,0,0,0,0,0,0,0,0,0,0,0,375552,128,533,1323,341184972,2175803093,791808,0
1647,1116992,0,0,0,3904,9536,377408,372288,353856,332160,780864,0,1472,371712,0,0,0,0,0,0,0,0,0,0,0,0,0,0,372096,192,529,1318,702843933,2081486387,771328,0
1648,1117312,0,0,0,3968,9344,480256,369984,253760,232128,881216,0,1472,474752,0,0,0,0,0,0,0,0,0,0,0,0,0,0,369792,192,531,1315,877724681,4179498870,871872,0
1649,1115904,0,0,0,3904,9408,436352,364800,301440,274560,837248,0,1536,430656,0,0,0,0,0,0,0,0,0,0,0,0,0,0,364608,192,536,1323,2396637363,3736313553,827840,0
1650,1117056,0,0,0,3968,9216,368512,353600,381760,360384,752704,0,1536,362752,0,0,0,0,0,0,0,0,0,0,0,0,0,0,353408,192,532,1305,762315765,147425944,743488,0
1651,1116736,0,0,0,3904,9280,347264,361344,394944,373568,739200,0,1408,341696,0,0,0,0,0,0,0,0,0,0,0,0,0,0,361152,192,534,1310,464175592,424019720,729920,0
1652,1116864,0,0,0,3968,10496,332736,361664,408000,386944,726016,0,1472,327296,0,0,0,0,0,0,0,0,0,0,0,0,0,0,361536,128,533,1305,1567174442,2615657439,715520,0
1653,1117312,0,0,0,3840,9216,405760,362240,336256,314624,798720,0,1408,400128,0,0,0,0,0,0,0,0,0,0,0,0,0,0,362112,128,522,1292,2059560811,1302600384,789504,0
1654,1116544,0,0,0,3904,9344,319872,356160,427264,405696,706880,0,1536,314048,0,0,0,0,0,0,0,0,0,0,0,0,0,0,355968,192,523,1297,1708635448,1326719539,697536,0
1655,1116736,0,0,0,3840,8896,317696,366272,420032,398592,714304,0,1536,312128,0,0,0,0,0,0,0,0,0,0,0,0,0,0,366080,192,525,1298,1417819632,1397456997,705408,0
1656,1116800,0,0,0,4800,9472,315520,358208,428800,407744,705088,0,1408,310016,0,0,0,0,0,0,0,0,0,0,0,0,0,0,358016,192,528,1301,516346796,3947705279,695616,0
1657,1117184,0,0,0,3904,9152,379136,363776,361216,339328,773888,0,1408,373632,0,0,0,0,0,0,0,0,0,0,0,0,0,0,363584,192,531,1307,617808267,768330726,764736,0
1658,1116544,0,0,0,3968,9344,318976,360128,424128,402944,709696,0,1536,313472,0,0,0,0,0,0,0,0,0,0,0,0,0,0,359936,192,533,1311,4011168460,1844215486,700352,0
1659,1116992,0,0,0,3968,9280,309632,357952,436160,414784,698176,0,1472,304000,0,0,0,0,0,0,0,0,0,0,0,0,0,0,357760,192,528,1299,1151609497,1822940778,688896,0
1660,1116736,0,0,0,3968,9216,315200,349632,438720,417472,695296,0,1408,309568,0,0,0,0,0,0,0,0,0,0,0,0,0,0,349440,192,522,1284,2250828916,2003931757,686080,0
1661,1116992,0,0,0,8960,9152,431424,344448,323008,301632,811328,0,1472,425664,0,0,0,0,0,0,0,0,0,0,0,0,0,0,344320,128,538,1296,1315975998,4233380771,802176,0
1662,1116928,0,0,0,4096,9408,360128,345152,398144,373504,739456,0,1536,354560,0,0,0,0,0,0,0,0,0,0,0,0,0,0,345024,128,509,1242,3654711125,286697118,730048,0
1663,1116608,0,0,0,9472,9472,463040,361920,272704,250944,861568,0,1536,457280,0,0,0,0,0,0,0,0,0,0,0,0,0,0,361792,128,521,1281,3996700031,3640179366,852096,0
1664,1117056,0,0,0,4160,9216,408896,362816,331968,310464,802688,0,1536,403392,0,0,0,0,0,0,0,0,0,0,0,0,0,0,362624,192,517,1269,904386008,3098273566,793472,0
1665,1116864,0,0,0,11968,8960,415616,375488,304832,277696,835136,0,1536,409984,0,0,0,0,0,0,0,0,0,0,0,0,0,0,375296,192,521,1281,363513465,3169601471,826176,0
1666,1116800,0,0,0,4352,9344,316352,372288,414464,392832,720064,0,1472,310720,0,0,0,0,0,0,0,0,0,0,0,0,0,0,372096,192,522,1286,1283436963,3938985793,710720,0
1667,1116800,0,0,0,4352,24640,314432,357632,415744,394176,718720,0,1408,308864,0,0,0,0,0,0,0,0,0,0,0,0,0,0,357440,192,519,1280,3296821162,2024331250,694080,0
1668,1116736,0,0,0,4352,9216,308160,369984,425024,403776,709056,0,1472,302656,0,0,0,0,0,0,0,0,0,0,0,0,0,0,369856,128,519,1280,2025970895,3580921393,699840,0
1669,1116864,0,0,0,4416,9536,346496,376704,379712,358272,754560,0,1408,341056,0,0,0,0,0,0,0,0,0,0,0,0,0,0,376576,128,516,1275,3031615040,3932729442,745024,0
1670,1116864,0,0,0,6400,9664,324864,364992,410944,389440,723264,0,1536,319296,0,0,0,0,0,0,0,0,0,0,0,0,0,0,364800,192,513,1268,839186944,4035663002,713600,0
1671,1116928,0,0,0,6208,9408,323968,370304,407040,385344,727360,0,1472,318528,0,0,0,0,0,0,0,0,0,0,0,0,0,0,370176,128,517,1275,3690190235,756363594,717952,0
1672,1117056,0,0,0,6976,9536,322880,372672,404992,383424,729536,0,1472,317248,0,0,0,0,0,0,0,0,0,0,0,0,0,0,372544,128,514,1262,3007755699,2548029050,720000,0
1673,1116608,0,0,0,6336,9216,417728,375808,307520,286080,826560,0,1472,412352,0,0,0,0,0,0,0,0,0,0,0,0,0,0,375616,192,525,1278,4237000541,940200074,817344,0
1674,1116864,0,0,0,11456,9600,435712,472960,187136,165440,947200,0,1472,430144,0,0,0,0,0,0,0,0,0,0,0,0,0,0,472768,192,531,1298,2311245257,2096095337,937600,0
1675,1116736,0,0,0,5248,9216,368064,452544,281664,260544,852224,0,1472,362496,0,0,0,0,0,0,0,0,0,0,0,0,0,0,452416,128,529,1294,2733064716,4163709928,843008,0
1676,1116864,0,0,0,4352,9152,358528,443008,301824,280576,832384,0,1472,352896,0,0,0,0,0,0,0,0,0,0,0,0,0,0,442816,192,538,1305,3489002968,3521569903,823232,0
1677,1117440,0,0,0,4288,9344,444544,458176,201088,179520,933952,0,1472,439040,0,0,0,0,0,0,0,0,0,0,0,0,0,0,458048,128,543,1305,2651092497,2106062063,924608,0
1678,1116480,0,0,0,7232,9408,409664,350656,339520,317568,794944,0,1472,404224,0,0,0,0,0,0,0,0,0,0,0,0,0,0,350464,192,533,1275,2641433983,3521676773,785536,0
1679,1116608,0,0,0,6400,9216,314752,350528,435712,414464,698176,0,1472,309248,0,0,0,0,0,0,0,0,0,0,0,0,0,0,350400,128,523,1249,1062289792,2793033043,688960,0
1680,1116864,0,0,0,4160,9344,317312,348096,437952,416896,696000,0,1472,311808,0,0,0,0,0,0,0,0,0,0,0,0,0,0,347904,192,525,1262,2612684449,1753031103,686656,0
1681,1116992,0,0,0,4288,9344,353344,446272,303744,276608,836416,0,1408,347840,0,0,0,0,0,0,0,0,0,0,0,0,0,0,446080,192,510,1235,4221849913,2879498270,827072,0
1682,1117376,0,0,0,4160,10816,471616,354048,276736,254592,858816,0,1472,465920,0,0,0,0,0,0,0,0,0,0,0,0,0,0,353856,192,513,1240,530380780,3388235341,848000,0
1683,1116288,0,0,0,9536,9344,425856,338880,332672,311168,801216,0,1472,420224,0,0,0,0,0,0,0,0,0,0,0,0,0,0,338752,128,516,1246,1389136628,1891796299,791872,0
1684,1116864,0,0,0,4288,9536,450304,345472,307264,285760,827136,0,1536,444736,0,0,0,0,0,0,0,0,0,0,0,0,0,0,345280,192,518,1258,896698778,22934184,817600,0
1685,1677312,0,0,0,11776,24192,663872,489088,488384,466816,1206336,0,1472,658432,0,0,0,0,0,0,0,0,0,0,0,0,0,0,488960,128,510,1258,733156694,1166552508,1182144,0
1686,1116480,0,0,0,4224,24640,321024,406144,360448,338944,773504,0,1536,315392,0,0,0,0,0,0,0,0,0,0,0,0,0,0,406016,128,510,1258,1335598802,280768998,748864,0
1687,1116864,0,0,0,6272,23936,326336,391040,369280,347712,765184,0,1472,320832,0,0,0,0,0,0,0,0,0,0,0,0,0,0,390848,192,507,1251,1198854084,3830053585,741248,0
1688,1116672,0,0,0,6528,9216,292096,384320,424512,402816,709888,0,1472,286400,0,0,0,0,0,0,0,0,0,0,0,0,0,0,384192,128,502,1238,805531506,3121632315,700672,0
1689,1117056,0,0,0,6144,9152,279744,382080,439936,418368,694784,0,1536,274176,0,0,0,0,0,0,0,0,0,0,0,0,0,0,381888,192,502,1238,2572122901,223877094,685632,0
1690,1116416,0,0,0,5376,9088,387968,400320,313664,292480,819968,0,1472,382272,0,0,0,0,0,0,0,0,0,0,0,0,0,0,400128,192,523,1278,2414266112,3235132410,810880,0
1691,1117184,0,0,0,6144,9536,351808,376704,372992,351552,761472,0,1472,346176,0,0,0,0,0,0,0,0,0,0,0,0,0,0,376576,128,523,1274,728662398,3256455798,751936,0
1692,1116672,0,0,0,5440,9344,319040,360704,422144,400576,712064,0,1600,313472,0,0,0,0,0,0,0,0,0,0,0,0,0,0,360576,128,512,1252,2406085940,579675616,702720,0
1693,1117056,0,0,0,4096,9344,327488,355968,420160,398720,714368,0,1472,321920,0,0,0,0,0,0,0,0,0,0,0,0,0,0,355776,192,515,1256,3430656739,1068995738,705024,0
1694,1116800,0,0,0,4096,9024,328768,342784,432128,410944,701888,0,1472,323200,0,0,0,0,0,0,0,0,0,0,0,0,0,0,342592,192,512,1245,544988985,2113688721,692864,0
1695,1116800,0,0,0,9024,9408,370176,349056,379136,357312,755520,0,1408,364544,0,0,0,0,0,0,0,0,0,0,0,0,0,0,348928,128,531,1274,4089368968,13908785,746112,0
1696,1116928,0,0,0,9792,9344,384640,364224,348928,327232,785600,0,1472,378944,0,0,0,0,0,0,0,0,0,0,0,0,0,0,364096,128,530,1278,1918893821,2653189396,776256,0
1697,1116928,0,0,0,4288,25152,314624,368384,404480,377280,735680,0,1408,309056,0,0,0,0,0,0,0,0,0,0,0,0,0,0,368256,128,529,1284,2582072420,105340482,710528,0
1698,1116800,0,0,0,4224,9472,422656,349312,331136,309632,803136,0,1536,417088,0,0,0,0,0,0,0,0,0,0,0,0,0,0,349184,128,529,1275,4237012800,279418626,793664,0
1699,1116992,0,0,0,5248,9216,476288,357632,268608,247232,865792,0,1472,470720,0,0,0,0,0,0,0,0,0,0,0,0,0,0,357376,256,508,1247,1938829016,233387144,856576,0
1700,1116736,0,0,0,6464,9536,396096,356672,347968,326592,786176,0,1408,390592,0,0,0,0,0,0,0,0,0,0,0,0,0,0,356544,128,499,1230,3678684963,4051552158,776640,0
1701,1116928,0,0,0,6656,9280,353920,346624,400448,379264,733632,0,1472,348416,0,0,0,0,0,0,0,0,0,0,0,0,0,0,346432,192,506,1245,1244399154,3413490599,724352,0
1702,1116736,0,0,0,6336,9472,353536,356480,390912,369024,743552,0,1472,348160,0,0,0,0,0,0,0,0,0,0,0,0,0,0,356288,192,502,1243,3833779856,1328008974,734080,0
1703,1116864,0,0,0,6720,9536,401280,364800,334528,313280,799296,0,1472,395840,0,0,0,0,0,0,0,0,0,0,0,0,0,0,364608,192,496,1233,1040107750,1821244890,789760,0
1704,1116928,0,0,0,6912,9216,389120,384064,327616,306240,806656,0,1536,383552,0,0,0,0,0,0,0,0,0,0,0,0,0,0,383872,192,501,1244,226158714,231084544,797440,0
1705,1116736,0,0,0,5312,9344,340544,358144,403392,381696,731072,0,1472,334912,0,0,0,0,0,0,0,0,0,0,0,0,0,0,358016,128,500,1240,3870451711,913804367,721728,0
1706,1117056,0,0,0,4032,9536,490880,394368,218240,196736,916352,0,1536,485248,0,0,0,0,0,0,0,0,0,0,0,0,0,0,394176,192,501,1237,1970180889,1009243178,906816,0
1707,1116736,0,0,0,9088,9344,411648,342208,344448,322688,789888,0,1536,406208,0,0,0,0,0,0,0,0,0,0,0,0,0,0,342080,128,487,1209,300681444,1000981543,780544,0
1708,1116800,0,0,0,4096,8832,339584,349312,414976,393472,719488,0,1408,334144,0,0,0,0,0,0,0,0,0,0,0,0,0,0,349120,192,495,1226,357618950,2037661267,710656,0
1709,1116800,0,0,0,4096,9088,318784,357056,427776,406464,706304,0,1472,313344,0,0,0,0,0,0,0,0,0,0,0,0,0,0,356864,192,501,1238,879959612,3084494795,697216,0
1710,1117312,0,0,0,13504,24576,532672,399488,147072,125184,987904,0,1536,526912,0,0,0,0,0,0,0,0,0,0,0,0,0,0,399296,192,510,1252,1917013908,2300500305,963328,0
1711,1116736,0,0,0,6144,9024,295616,388224,417728,396032,716736,0,1472,289920,0,0,0,0,0,0,0,0,0,0,0,0,0,0,388096,128,509,1248,1396384456,1583186389,707712,0
1712,1116480,0,0,0,6848,25216,292736,378176,413504,392384,720064,0,1600,286976,0,0,0,0,0,0,0,0,0,0,0,0,0,0,377984,192,508,1245,629419796,4106026110,694848,0
1713,1116864,0,0,0,9920,9536,371584,393536,332288,305152,807680,0,1408,366016,0,0,0,0,0,0,0,0,0,0,0,0,0,0,393344,192,506,1238,974969921,1360526485,798144,0
1714,1116800,0,0,0,5440,9408,412672,423040,266240,244480,868224,0,1472,407040,0,0,0,0,0,0,0,0,0,0,0,0,0,0,422912,128,486,1202,3863369662,1275710349,858816,0
1715,1116928,0,0,0,4288,9152,401792,422016,279680,258432,854528,0,1472,396224,0,0,0,0,0,0,0,0,0,0,0,0,0,0,421824,192,480,1181,167513373,2704485565,845376,0
1716,1116608,0,0,0,6144,9472,421760,421056,258176,237056,875456,0,1536,416192,0,0,0,0,0,0,0,0,0,0,0,0,0,0,420928,128,470,1171,1945893863,484455228,865984,0
1717,1116928,0,0,0,6720,9408,402944,405440,292416,270656,842176,0,1536,397376,0,0,0,0,0,0,0,0,0,0,0,0,0,0,405248,192,483,1191,3107298239,1564820070,832768,0
1718,1116864,0,0,0,5952,9024,385088,374208,342592,321408,791488,0,1536,379520,0,0,0,0,0,0,0,0,0,0,0,0,0,0,374016,192,488,1197,1539232556,396080182,782464,0
1719,1116928,0,0,0,5312,9472,327936,367296,406912,385664,727296,0,1536,322368,0,0,0,0,0,0,0,0,0,0,0,0,0,0,367168,128,494,1213,2601787526,3749616380,717824,0
1720,1116672,0,0,0,3968,9344,332288,343360,427712,406400,706240,0,1472,326720,0,0,0,0,0,0,0,0,0,0,0,0,0,0,343232,128,494,1211,3213681896,3321319908,696896,0
1721,1116864,0,0,0,3840,9408,394560,341056,368000,346752,766144,0,1472,388992,0,0,0,0,0,0,0,0,0,0,0,0,0,0,340864,192,491,1204,496142897,3834739511,756736,0
1722,1116928,0,0,0,4800,9344,375296,339712,387776,366656,746304,0,1472,369856,0,0,0,0,0,0,0,0,0,0,0,0,0,0,339584,128,492,1209,2195521828,819468219,736960,0
1723,1116992,0,0,0,3904,9344,354688,332864,416192,394880,718144,0,1536,349056,0,0,0,0,0,0,0,0,0,0,0,0,0,0,332736,128,503,1215,189741714,844209627,708800,0
1724,1116864,0,0,0,9472,9472,493312,373376,231232,209408,903360,0,1472,487680,0,0,0,0,0,0,0,0,0,0,0,0,0,0,373184,192,489,1218,1474528877,2228982354,893888,0
1725,1116800,0,0,0,4032,9536,351488,347584,404160,382656,730112,0,1536,346112,0,0,0,0,0,0,0,0,0,0,0,0,0,0,347456,128,486,1210,2744861442,617585875,720576,0
1726,1116864,0,0,0,4032,9216,336576,347968,419072,397888,715008,0,1472,331008,0,0,0,0,0,0,0,0,0,0,0,0,0,0,347776,192,497,1209,3158206050,2456378959,705792,0
1727,1116928,0,0,0,3968,25408,337344,383744,366464,344704,768320,0,1408,331712,0,0,0,0,0,0,0,0,0,0,0,0,0,0,383552,192,483,1186,1385712547,2279366529,742912,0
1728,1116800,0,0,0,4032,9344,400384,361664,341376,320064,792768,0,1472,394880,0,0,0,0,0,0,0,0,0,0,0,0,0,0,361536,128,477,1183,1756704244,422389668,783424,0
1729,1116736,0,0,0,3968,8960,343104,350976,409728,382592,730176,0,1408,337408,0,0,0,0,0,0,0,0,0,0,0,0,0,0,350784,192,487,1191,139818563,3720446488,721216,0
1730,1116992,0,0,0,4032,9344,342208,359168,402240,380800,732288,0,1408,336832,0,0,0,0,0,0,0,0,0,0,0,0,0,0,358976,192,496,1207,452789543,4001763124,722944,0
1731,1116800,0,0,0,4032,9408,471936,423808,207616,186560,926272,0,1536,466240,0,0,0,0,0,0,0,0,0,0,0,0,0,0,423680,128,495,1211,485923388,2086937970,916864,0
1732,1117184,0,0,0,8448,9472,475712,359744,263808,241856,871296,0,1472,470080,0,0,0,0,0,0,0,0,0,0,0,0,0,0,359552,192,478,1169,3902967842,896552615,861824,0
1733,1116480,0,0,0,4224,9152,339776,356992,406336,385088,727424,0,1472,334144,0,0,0,0,0,0,0,0,0,0,0,0,0,0,356800,192,473,1146,2494900517,2327054314,718272,0
1734,1116864,0,0,0,6144,9152,465024,417600,218944,197120,915776,0,1536,459392,0,0,0,0,0,0,0,0,0,0,0,0,0,0,417408,192,486,1174,3471016265,4028975448,906624,0
1735,1116864,0,0,0,6144,9408,345856,357376,398080,376704,736256,0,1472,340352,0,0,0,0,0,0,0,0,0,0,0,0,0,0,357184,192,479,1158,4020311301,2425407563,726848,0
1736,1116672,0,0,0,6272,9664,339968,367232,393536,371904,740416,0,1408,334272,0,0,0,0,0,0,0,0,0,0,0,0,0,0,367040,192,489,1159,998314878,3054829609,730752,0
1737,1117440,0,0,0,6016,9472,355264,361600,385088,363136,750144,0,1472,349568,0,0,0,0,0,0,0,0,0,0,0,0,0,0,361408,192,482,1147,2366343775,2103709840,740672,0
1738,1116416,0,0,0,5248,9088,393984,326208,381888,360512,751936,0,1408,388352,0,0,0,0,0,0,0,0,0,0,0,0,0,0,326016,192,464,1103,41554016,1794905397,742848,0
1739,2235712,0,0,0,19072,27520,1254912,399488,534720,504640,1723328,0,3648,1244096,0,0,0,0,0,0,0,0,0,0,0,0,0,0,399360,128,457,1105,784702613,2683031674,1695808,0
1740,1116416,0,0,0,10560,24448,392192,379968,309248,289728,822592,0,1536,386688,0,0,0,0,0,0,0,0,0,0,0,0,0,0,379840,128,443,1067,717936647,2723313381,798144,0
1741,1116992,0,0,0,4544,25472,333120,363584,390272,370560,742464,0,1536,327488,0,0,0,0,0,0,0,0,0,0,0,0,0,0,363392,192,444,1064,1508677790,1761962641,716992,0
1742,1116864,0,0,0,4544,24128,352256,361920,374016,354048,758784,0,1536,346688,0,0,0,0,0,0,0,0,0,0,0,0,0,0,361728,192,451,1076,1547835949,345153810,734656,0
1743,1116800,0,0,0,5312,9152,335296,368128,398912,379328,733440,0,1536,329728,0,0,0,0,0,0,0,0,0,0,0,0,0,0,367936,192,445,1063,1695417227,3358350733,724288,0
1744,1117056,0,0,0,4480,8832,395200,372032,336512,316864,796288,0,1536,389568,0,0,0,0,0,0,0,0,0,0,0,0,0,0,371840,192,451,1076,3039151819,2021162298,787456,0
1745,1116800,0,0,0,4480,8640,336576,329088,438016,412480,700672,0,1536,331072,0,0,0,0,0,0,0,0,0,0,0,0,0,0,328960,128,447,1065,1509115543,3413220876,692032,0
1746,1117120,0,0,0,4480,8384,318400,326144,459712,439744,673856,0,1536,312896,0,0,0,0,0,0,0,0,0,0,0,0,0,0,325952,192,453,1075,351345986,1432091059,665472,0
1747,1116800,0,0,0,4480,8640,312448,326848,464384,444352,668928,0,1536,306816,0,0,0,0,0,0,0,0,0,0,0,0,0,0,326656,192,449,1072,2179546768,2777407697,660288,0
1748,1116736,0,0,0,4416,8704,352192,314048,437376,417536,695680,0,1536,346560,0,0,0,0,0,0,0,0,0,0,0,0,0,0,313920,128,447,1069,4026027730,1233568855,686976,0
1749,1116928,0,0,0,6656,8576,356352,355968,389376,369856,743424,0,1472,350720,0,0,0,0,0,0,0,0,0,0,0,0,0,0,355776,192,471,1139,2402192906,2970476369,734848,0
1750,1116992,0,0,0,6528,8640,379456,335872,386496,366912,746432,0,1472,373952,0,0,0,0,0,0,0,0,0,0,0,0,0,0,335680,192,500,1190,3036516967,2426245804,737792,0
1751,1116928,0,0,0,5696,8512,328384,317120,457216,437568,675776,0,1536,322752,0,0,0,0,0,0,0,0,0,0,0,0,0,0,316928,192,542,1273,515704685,2812777686,667264,0
1752,1118464,0,0,0,4352,8832,282240,323264,499776,478528,636352,0,1536,276736,0,0,0,0,0,0,0,0,0,0,0,0,0,0,323072,192,548,1253,1455133133,3728038597,627520,0
1753,1116608,0,0,0,4480,8768,363392,348992,390976,369728,743360,0,1472,358016,0,0,0,0,0,0,0,0,0,0,0,0,0,0,348800,192,565,1288,2966646937,3464017699,734592,0
1754,1116608,0,0,0,4480,8896,416448,344384,342400,321408,791680,0,1472,410816,0,0,0,0,0,0,0,0,0,0,0,0,0,0,344192,192,555,1266,3370105011,1731254582,782784,0
1755,1117056,0,0,0,4480,8640,451392,334848,317696,296320,817280,0,1536,445824,0,0,0,0,0,0,0,0,0,0,0,0,0,0,334720,128,555,1278,1519715227,1908652436,808640,0
1756,1116736,0,0,0,4480,10048,437184,325952,339072,318016,795200,0,1536,431552,0,0,0,0,0,0,0,0,0,0,0,0,0,0,325760,192,565,1300,489891876,2529836110,785152,0
1757,1116864,0,0,0,4480,23168,447872,328704,312640,291456,821952,0,1472,442368,0,0,0,0,0,0,0,0,0,0,0,0,0,0,328512,192,562,1305,3928612160,2704374917,798784,0
1758,1116864,0,0,0,5632,8832,490304,328192,283904,262208,851008,0,1472,484800,0,0,0,0,0,0,0,0,0,0,0,0,0,0,328064,128,576,1332,1331718107,539852109,842176,0
1759,1116928,0,0,0,6720,8896,430144,333888,337280,315840,797440,0,1472,424640,0,0,0,0,0,0,0,0,0,0,0,0,0,0,333696,192,580,1327,1760141074,455201602,788544,0
1760,1116928,0,0,0,6720,8832,338368,342400,420608,399104,714304,0,1472,332736,0,0,0,0,0,0,0,0,0,0,0,0,0,0,342272,128,585,1349,1516686534,250183970,705472,0
1761,1116800,0,0,0,6464,8960,314880,344768,441728,414656,698496,0,1536,309440,0,0,0,0,0,0,0,0,0,0,0,0,0,0,344640,128,584,1350,1368890258,1202838887,689536,0
1762,1116736,0,0,0,5632,8768,317568,345600,439168,418048,695104,0,1472,311808,0,0,0,0,0,0,0,0,0,0,0,0,0,0,345408,192,583,1353,3280406338,2824890204,686336,0
1763,1116864,0,0,0,4352,8704,301120,347328,455360,434048,679296,0,1472,295552,0,0,0,0,0,0,0,0,0,0,0,0,0,0,347136,192,586,1361,2991262697,3687786264,670592,0
1764,1117632,0,0,0,4352,8704,401856,345728,356992,334976,779136,0,1472,396352,0,0,0,0,0,0,0,0,0,0,0,0,0,0,345536,192,576,1359,684890862,3463809313,770432,0
1765,1116160,0,0,0,7296,8960,298048,350464,451392,430080,682496,0,1472,292480,0,0,0,0,0,0,0,0,0,0,0,0,0,0,350272,192,588,1369,4132331539,1033575993,673536,0
1766,1116736,0,0,0,6592,8960,308544,352320,440320,419008,694016,0,1536,302976,0,0,0,0,0,0,0,0,0,0,0,0,0,0,352128,192,589,1367,1047334519,1203635437,685056,0
1767,1117120,0,0,0,6912,8896,323648,354240,423424,401920,711488,0,1408,318144,0,0,0,0,0,0,0,0,0,0,0,0,0,0,354048,192,584,1367,4051032755,3372294756,702592,0
1768,1116992,0,0,0,5504,8832,378368,357824,366464,344832,768576,0,1472,372736,0,0,0,0,0,0,0,0,0,0,0,0,0,0,357632,192,589,1375,4173377080,2887421971,759744,0
1769,1116544,0,0,0,4160,8768,277760,355008,470848,449792,663232,0,1408,272192,0,0,0,0,0,0,0,0,0,0,0,0,0,0,354880,128,597,1386,3259243338,1295385714,654464,0
1770,1117056,0,0,0,4160,8960,329088,361280,413568,391744,721728,0,1472,323520,0,0,0,0,0,0,0,0,0,0,0,0,0,0,361088,192,604,1395,2086286766,2156556603,712768,0
1771,1116544,0,0,0,6080,8960,309312,363456,428736,407296,705600,0,1408,303744,0,0,0,0,0,0,0,0,0,0,0,0,0,0,363328,128,595,1396,995409723,3171613772,696640,0
1772,1116992,0,0,0,5248,10112,306688,362752,432192,410752,702720,0,1472,300992,0,0,0,0,0,0,0,0,0,0,0,0,0,0,362560,192,575,1363,287085739,2778479456,692608,0
1773,1116608,0,0,0,3904,8896,310080,361024,432704,411776,701312,0,1536,304512,0,0,0,0,0,0,0,0,0,0,0,0,0,0,360896,128,535,1292,355501342,2971381455,692416,0
1774,1116928,0,0,0,3968,8896,325184,353152,425728,404480,708992,0,1472,319616,0,0,0,0,0,0,0,0,0,0,0,0,0,0,353024,128,473,1138,3951628760,2151659693,700096,0
1775,1116928,0,0,0,3968,8896,325568,359936,418560,397248,716224,0,1600,320064,0,0,0,0,0,0,0,0,0,0,0,0,0,0,359808,128,466,1128,3652256782,1469471019,707328,0
1776,1116736,0,0,0,16320,8960,543552,422912,124992,103616,1009280,0,1472,537920,0,0,0,0,0,0,0,0,0,0,0,0,0,0,422720,192,472,1156,3318746253,2463923223,1000320,0
1777,1117184,0,0,0,4224,9280,335744,379200,388736,361600,751680,0,1408,330368,0,0,0,0,0,0,0,0,0,0,0,0,0,0,379008,192,465,1138,344396833,2730458572,742400,0
1778,1116736,0,0,0,9152,9216,370816,377792,349760,328064,784640,0,1536,365312,0,0,0,0,0,0,0,0,0,0,0,0,0,0,377664,128,464,1136,530890229,1602713073,775424,0
1779,1116672,0,0,0,4224,8896,335936,368384,399232,377664,735168,0,1472,330368,0,0,0,0,0,0,0,0,0,0,0,0,0,0,368192,192,461,1126,1549096205,197695185,726272,0
1780,1116864,0,0,0,4224,9344,364736,392128,346432,324928,788032,0,1408,359168,0,0,0,0,0,0,0,0,0,0,0,0,0,0,392000,128,472,1174,66143634,1535540214,778688,0
1781,1116928,0,0,0,4288,9216,342464,393408,367552,346240,766848,0,1536,336896,0,0,0,0,0,0,0,0,0,0,0,0,0,0,393216,192,470,1179,3709747049,1863021352,757632,0
1782,1116928,0,0,0,4352,9216,401472,366272,335616,314176,798848,0,1472,395904,0,0,0,0,0,0,0,0,0,0,0,0,0,0,366144,128,456,1135,2060319828,3401503401,789632,0
1783,1116864,0,0,0,4352,9024,331712,365632,406144,385088,727936,0,1408,326336,0,0,0,0,0,0,0,0,0,0,0,0,0,0,365440,192,457,1132,1998649122,651846812,718912,0
1784,1116928,0,0,0,8320,9216,471872,391232,236288,214912,897984,0,1472,466176,0,0,0,0,0,0,0,0,0,0,0,0,0,0,391104,128,477,1188,999471096,1879950808,888768,0
1785,1117056,0,0,0,6336,9408,398400,391680,311232,289920,823232,0,1472,392768,0,0,0,0,0,0,0,0,0,0,0,0,0,0,391488,192,474,1177,59161169,686413337,813824,0
1786,1117568,0,0,0,6336,9216,405056,363840,333120,310784,802944,0,1472,399488,0,0,0,0,0,0,0,0,0,0,0,0,0,0,363712,128,467,1138,2523831026,1059797634,793728,0
1787,1116032,0,0,0,7808,25344,347328,369024,366528,345216,766784,0,1472,341696,0,0,0,0,0,0,0,0,0,0,0,0,0,0,368832,192,479,1157,1300250766,3859765027,741440,0
1788,1116800,0,0,0,6528,9536,436480,465472,198784,177536,935360,0,1536,430976,0,0,0,0,0,0,0,0,0,0,0,0,0,0,465280,192,489,1200,2968925497,3958047023,925824,0
1789,1116928,0,0,0,4288,8896,362496,405568,335680,314176,798912,0,1536,356928,0,0,0,0,0,0,0,0,0,0,0,0,0,0,405440,128,482,1187,387449847,3256467480,790016,0
1790,1116544,0,0,0,4352,9024,346688,364736,391744,367488,745152,0,1472,341056,0,0,0,0,0,0,0,0,0,0,0,0,0,0,364544,192,467,1132,70073059,831301795,736128,0
1791,1115456,0,0,0,6208,8960,347200,357632,395456,375552,735936,0,1472,341440,0,0,0,0,0,0,0,0,0,0,0,0,0,0,357440,192,471,1138,3713741689,73942951,726976,0
1792,1116928,0,0,0,6656,8768,377344,384768,339392,319552,793536,0,1472,371776,0,0,0,0,0,0,0,0,0,0,0,0,0,0,384576,192,486,1181,2498922000,978007704,784768,0
1793,1116800,0,0,0,4224,9216,364416,380800,358144,332672,780224,0,1536,358784,0,0,0,0,0,0,0,0,0,0,0,0,0,0,380608,192,480,1168,3790945837,549614453,771008,0
1794,1116800,0,0,0,4224,8896,426560,358720,318400,298560,814400,0,1472,421056,0,0,0,0,0,0,0,0,0,0,0,0,0,0,358528,192,466,1126,3356654340,1064285024,805504,0
1795,1117312,0,0,0,9216,8768,452736,368640,277952,257984,855360,0,1472,446976,0,0,0,0,0,0,0,0,0,0,0,0,0,0,368448,192,463,1116,1689703367,1709084300,846592,0
1796,1116544,0,0,0,4416,8768,394176,394944,314240,294528,818176,0,1472,388608,0,0,0,0,0,0,0,0,0,0,0,0,0,0,394752,192,476,1147,855545238,1590287474,809408,0
1797,1117184,0,0,0,6528,8768,375360,382528,344000,323840,789248,0,1408,369792,0,0,0,0,0,0,0,0,0,0,0,0,0,0,382336,192,479,1150,3140932551,1911960042,780480,0
1798,1116544,0,0,0,6400,8960,378688,363072,359424,339648,772864,0,1536,373248,0,0,0,0,0,0,0,0,0,0,0,0,0,0,362880,192,463,1100,3157383846,3309396535,763904,0
1799,1116736,0,0,0,5632,8960,335872,361344,404928,385344,727488,0,1472,330368,0,0,0,0,0,0,0,0,0,0,0,0,0,0,361216,128,458,1088,1102025126,1769989810,718528,0
1800,1116928,0,0,0,4352,8704,381760,395200,326912,307328,805760,0,1472,376256,0,0,0,0,0,0,0,0,0,0,0,0,0,0,395008,192,476,1149,2120161105,1243216446,797056,0
1801,1116864,0,0,0,4352,8768,360832,400768,342144,322688,790336,0,1408,355328,0,0,0,0,0,0,0,0,0,0,0,0,0,0,400576,192,470,1133,283246813,1500735336,781568,0
1802,1116800,0,0,0,6784,9920,335360,371904,392832,372736,740160,0,1472,329792,0,0,0,0,0,0,0,0,0,0,0,0,0,0,371776,128,451,1071,1189900256,3923346931,730240,0
1803,1116928,0,0,0,7680,8832,330176,356992,413248,393408,719488,0,1472,324608,0,0,0,0,0,0,0,0,0,0,0,0,0,0,356800,192,457,1085,1225004637,2797993638,710656,0
1804,1116736,0,0,0,6912,8768,357632,384576,358848,338368,774400,0,1536,352128,0,0,0,0,0,0,0,0,0,0,0,0,0,0,384448,128,474,1138,958062215,4024144618,765632,0
1805,1116928,0,0,0,6592,8832,357824,352640,391040,371072,742208,0,1472,352128,0,0,0,0,0,0,0,0,0,0,0,0,0,0,352512,128,473,1146,3290915171,3078235960,733376,0
1806,1116608,0,0,0,6144,8448,354112,328128,419776,400064,713024,0,1472,348608,0,0,0,0,0,0,0,0,0,0,0,0,0,0,328000,128,458,1104,2429447725,389767256,704576,0
1807,1117056,0,0,0,3328,8576,362496,332928,409728,390080,723392,0,1408,356992,0,0,0,0,0,0,0,0,0,0,0,0,0,0,332800,128,457,1108,363373693,483270643,714816,0
1808,1116672,0,0,0,4096,8320,351296,333504,419456,399936,713216,0,1408,345920,0,0,0,0,0,0,0,0,0,0,0,0,0,0,333312,192,455,1100,2017000360,46747671,704896,0
1809,1116992,0,0,0,6144,8192,285376,333248,484032,458368,655168,0,1536,279872,0,0,0,0,0,0,0,0,0,0,0,0,0,0,333056,192,457,1103,2579946001,2548546452,646976,0
1810,1116928,0,0,0,6848,8384,285248,290880,525568,505920,607424,0,1472,279680,0,0,0,0,0,0,0,0,0,0,0,0,0,0,290688,192,439,1053,924744634,2676595301,599040,0
1811,1116672,0,0,0,5248,8448,270464,289280,543232,523712,589376,0,1408,264960,0,0,0,0,0,0,0,0,0,0,0,0,0,0,289024,256,441,1057,813637472,1724622818,580928,0
1812,1116992,0,0,0,3968,8256,294784,297856,512128,492352,621184,0,1536,289280,0,0,0,0,0,0,0,0,0,0,0,0,0,0,297664,192,441,1062,510036543,3220155534,612928,0
1813,1116736,0,0,0,3968,8768,343552,302720,457728,437888,675328,0,1408,338176,0,0,0,0,0,0,0,0,0,0,0,0,0,0,302528,192,440,1064,395811630,3067983975,666560,0
1814,1116736,0,0,0,4096,8640,270592,300864,532544,512704,600512,0,1408,265280,0,0,0,0,0,0,0,0,0,0,0,0,0,0,300736,128,442,1059,2756515516,4064405349,591872,0
1815,1117056,0,0,0,6080,8384,340736,289536,472320,452480,660928,0,1472,335232,0,0,0,0,0,0,0,0,0,0,0,0,0,0,289408,128,442,1055,3999110503,1285597762,652544,0
1816,1116992,0,0,0,5952,8384,350144,392384,360128,340416,772992,0,1408,344640,0,0,0,0,0,0,0,0,0,0,0,0,0,0,392192,192,458,1090,3972601765,775636078,764608,0
1817,1116864,0,0,0,6656,24000,296384,324416,465408,445824,667392,0,1472,290752,0,0,0,0,0,0,0,0,0,0,0,0,0,0,324224,192,453,1085,703343674,4225843043,643392,0
1818,1116800,0,0,0,4608,9920,404224,331136,366912,347264,766016,0,1472,398528,0,0,0,0,0,0,0,0,0,0,0,0,0,0,331008,128,461,1141,2981247832,2950454213,756096,0
1819,1116800,0,0,0,3264,8512,336384,336512,432128,412672,700672,0,1472,331008,0,0,0,0,0,0,0,0,0,0,0,0,0,0,336320,192,520,1309,1183846849,2101108046,692160,0
1820,1118464,0,0,0,3904,8576,317824,341440,446720,425600,689344,0,1472,312384,0,0,0,0,0,0,0,0,0,0,0,0,0,0,341312,128,545,1315,1076124506,1430724051,680768,0
1821,1116736,0,0,0,5888,8832,288768,329856,483392,462272,650944,0,1472,283264,0,0,0,0,0,0,0,0,0,0,0,0,0,0,329728,128,553,1311,3765020076,4184480506,642112,0
1822,1117120,0,0,0,5888,8896,294784,329600,477952,456576,656896,0,1536,289280,0,0,0,0,0,0,0,0,0,0,0,0,0,0,329408,192,564,1324,332534215,3412277830,648000,0
1823,1116928,0,0,0,4416,8448,340480,351040,412544,391168,722304,0,1536,334848,0,0,0,0,0,0,0,0,0,0,0,0,0,0,350848,192,565,1319,1994921188,3034909589,713856,0
1824,1115392,0,0,0,8512,8768,477504,342592,278016,258176,853312,0,1536,471872,0,0,0,0,0,0,0,0,0,0,0,0,0,0,342464,128,580,1344,3089072172,1740403027,844544,0
1825,1116736,0,0,0,15744,9408,625344,406848,59392,33984,1078464,0,1472,619648,0,0,0,0,0,0,0,0,0,0,0,0,0,0,406656,192,593,1384,854693962,3503827613,1069056,0
1826,1116672,0,0,0,4160,8448,455168,369536,279360,259392,853824,0,1472,449600,0,0,0,0,0,0,0,0,0,0,0,0,0,0,369344,192,574,1345,3745826899,1998747734,845376,0
1827,1116992,0,0,0,6080,8512,395840,352960,353600,334080,779392,0,1536,390208,0,0,0,0,0,0,0,0,0,0,0,0,0,0,352768,192,584,1358,1242041305,1730370531,770880,0
1828,1116992,0,0,0,6208,8640,404736,354496,342912,323200,790208,0,1536,398848,0,0,0,0,0,0,0,0,0,0,0,0,0,0,354304,192,581,1353,41512967,2076511843,781568,0
1829,1116864,0,0,0,5376,8384,412096,354496,336512,316800,796544,0,1472,406592,0,0,0,0,0,0,0,0,0,0,0,0,0,0,354368,128,577,1351,21263656,4263646655,788160,0
1830,1116544,0,0,0,5184,8704,350208,361280,391168,371648,741440,0,1472,344640,0,0,0,0,0,0,0,0,0,0,0,0,0,0,361088,192,584,1364,2897402183,1128973801,732736,0
1831,1117184,0,0,0,4992,8320,347264,336832,419776,399744,713984,0,1600,341696,0,0,0,0,0,0,0,0,0,0,0,0,0,0,336640,192,565,1317,3694151195,3057996095,705664,0
1832,1116736,0,0,0,4800,8768,326272,335744,441152,421504,691776,0,1536,320704,0,0,0,0,0,0,0,0,0,0,0,0,0,0,335616,128,562,1317,665362065,1242634377,683008,0
1833,1117120,0,0,0,6016,8320,325568,326016,451200,431552,682112,0,1472,320128,0,0,0,0,0,0,0,0,0,0,0,0,0,0,325888,128,565,1312,1514229346,2087432000,673792,0
1834,1116864,0,0,0,5952,9600,316160,323072,462080,442432,670912,0,1472,310592,0,0,0,0,0,0,0,0,0,0,0,0,0,0,322880,192,545,1282,2207362591,3941840419,661312,0
1835,1116864,0,0,0,6592,8768,330368,323968,447168,427328,685888,0,1536,324672,0,0,0,0,0,0,0,0,0,0,0,0,0,0,323840,128,540,1281,3230009496,3311958607,677120,0
1836,1116928,0,0,0,5888,8512,389952,332864,379712,359936,753408,0,1472,384384,0,0,0,0,0,0,0,0,0,0,0,0,0,0,332672,192,546,1296,3746180734,1561730822,744896,0
1837,1116736,0,0,0,5120,8256,372672,347072,383616,363392,749888,0,1472,367104,0,0,0,0,0,0,0,0,0,0,0,0,0,0,346880,192,555,1307,1966498138,477080186,741632,0
1838,1116672,0,0,0,3904,8384,392256,334976,377152,357056,756160,0,1408,386688,0,0,0,0,0,0,0,0,0,0,0,0,0,0,334784,192,540,1292,2746897277,3908114562,747776,0
1839,1116608,0,0,0,5888,8832,357376,324480,420032,400576,712448,0,1408,351936,0,0,0,0,0,0,0,0,0,0,0,0,0,0,324288,192,559,1313,1083600547,3627139076,703616,0
1840,1116864,0,0,0,5888,8576,302464,323648,476288,456576,656704,0,1536,296960,0,0,0,0,0,0,0,0,0,0,0,0,0,0,323456,192,554,1288,2447331981,11191016,648128,0
1841,1117184,0,0,0,4480,8512,385920,317504,400768,375168,738496,0,1472,380352,0,0,0,0,0,0,0,0,0,0,0,0,0,0,317376,128,551,1282,192688097,541040804,729984,0
1842,1116992,0,0,0,14080,8832,592640,340416,161024,140800,972480,0,1472,587072,0,0,0,0,0,0,0,0,0,0,0,0,0,0,340288,128,561,1318,3728122020,1564354462,963648,0
1843,1116544,0,0,0,4096,8448,332352,349888,421760,401856,711168,0,1472,326848,0,0,0,0,0,0,0,0,0,0,0,0,0,0,349760,128,567,1340,2764135315,3804662661,702720,0
1844,1116736,0,0,0,4160,8640,334208,354560,415168,395392,717824,0,1472,328512,0,0,0,0,0,0,0,0,0,0,0,0,0,0,354368,192,563,1338,3248629577,224621790,709184,0
1845,1117056,0,0,0,6144,8640,396608,361600,344064,324288,789312,0,1472,391040,0,0,0,0,0,0,0,0,0,0,0,0,0,0,361408,192,572,1339,613761548,3681636190,780672,0
1846,1116544,0,0,0,6208,8640,380672,367296,353728,334336,778624,0,1472,375104,0,0,0,0,0,0,0,0,0,0,0,0,0,0,367104,192,577,1350,2540810064,3226541774,769984,0
1847,1117888,0,0,0,11072,23552,450816,368256,264192,243264,870976,0,1472,445376,0,0,0,0,0,0,0,0,0,0,0,0,0,0,368128,128,583,1359,996303647,1451318225,847424,0
1848,1116096,0,0,0,5760,8384,492096,370368,239488,219840,892672,0,1536,486528,0,0,0,0,0,0,0,0,0,0,0,0,0,0,370176,192,602,1399,4091955685,1360750255,884288,0
1849,1116992,0,0,0,5824,9792,438720,373376,289280,268992,844480,0,1472,433216,0,0,0,0,0,0,0,0,0,0,0,0,0,0,373248,128,590,1396,698524106,232498681,834688,0
1850,1116672,0,0,0,6016,8640,421056,368832,312128,292352,820736,0,1472,415488,0,0,0,0,0,0,0,0,0,0,0,0,0,0,368640,192,594,1387,72657782,1635309502,812096,0
1851,1116736,0,0,0,7872,8256,398208,358080,344320,324736,788544,0,1472,392640,0,0,0,0,0,0,0,0,0,0,0,0,0,0,357888,192,601,1396,4198033836,1520574418,780288,0
1852,1116928,0,0,0,6016,8512,474240,369280,258880,239040,874432,0,1472,468608,0,0,0,0,0,0,0,0,0,0,0,0,0,0,369088,192,581,1361,552125986,133414134,865920,0
1853,1116608,0,0,0,6016,8512,405312,368832,327936,308480,804672,0,1408,399680,0,0,0,0,0,0,0,0,0,0,0,0,0,0,368704,128,590,1382,2575999444,3396165342,796160,0
1854,1117056,0,0,0,6080,8512,581760,434880,85824,66048,1047488,0,1472,576192,0,0,0,0,0,0,0,0,0,0,0,0,0,0,434688,192,602,1421,1975238032,2946213911,1038976,0
1855,1116992,0,0,0,6080,8576,461760,371776,268800,249216,864320,0,1408,456192,0,0,0,0,0,0,0,0,0,0,0,0,0,0,371584,192,591,1402,1444191706,3213905278,855744,0
1856,1116800,0,0,0,6080,8448,473088,382656,246528,226752,886528,0,1472,467520,0,0,0,0,0,0,0,0,0,0,0,0,0,0,382464,192,565,1360,1016821739,838787103,878080,0
1857,1117248,0,0,0,6016,8384,369280,355904,377664,352000,761728,0,1536,363712,0,0,0,0,0,0,0,0,0,0,0,0,0,0,355712,192,571,1363,4263443095,3628380595,753344,0
1858,1116480,0,0,0,8064,8448,338432,345856,415680,395840,717056,0,1408,332864,0,0,0,0,0,0,0,0,0,0,0,0,0,0,345728,128,587,1389,1489832531,685894124,708608,0
1859,1116992,0,0,0,8064,8448,335104,357056,408320,388480,725056,0,1536,329600,0,0,0,0,0,0,0,0,0,0,0,0,0,0,356928,128,604,1412,2384144311,3313169336,716608,0
1860,1116608,0,0,0,7296,8576,399040,365888,335808,316224,796864,0,1408,393600,0,0,0,0,0,0,0,0,0,0,0,0,0,0,365696,192,580,1379,3500089133,635907654,788288,0
1861,1117120,0,0,0,5952,8576,357952,355200,389440,369472,744192,0,1536,352448,0,0,0,0,0,0,0,0,0,0,0,0,0,0,355072,128,588,1385,4271597839,2164868095,735616,0
1862,1116736,0,0,0,5888,8384,423232,347776,331456,311808,801408,0,1536,417536,0,0,0,0,0,0,0,0,0,0,0,0,0,0,347648,128,572,1356,200144235,2501534233,793024,0
1863,1116992,0,0,0,8192,8448,361024,349184,390144,370240,743168,0,1536,355456,0,0,0,0,0,0,0,0,0,0,0,0,0,0,348992,192,579,1363,2490484323,4143799012,734720,0
1864,1116800,0,0,0,8256,8704,382016,359616,358208,338368,774848,0,1536,375872,0,0,0,0,0,0,0,0,0,0,0,0,0,0,359424,192,583,1361,1813886466,2455732087,766144,0
1865,1116864,0,0,0,12800,9984,480192,373568,240320,220160,892992,0,1472,474688,0,0,0,0,0,0,0,0,0,0,0,0,0,0,373440,128,578,1350,767063565,3385292849,883008,0
1866,1116608,0,0,0,17408,8896,588800,397184,104320,84864,1027968,0,1408,583232,0,0,0,0,0,0,0,0,0,0,0,0,0,0,397056,128,575,1335,3934348986,166296497,1019072,0
1867,1117184,0,0,0,6080,8576,343360,342976,416192,396608,716992,0,1536,337664,0,0,0,0,0,0,0,0,0,0,0,0,0,0,342784,192,579,1342,1857760026,1039420247,708416,0
1868,1116864,0,0,0,6144,8896,396288,359872,345664,326016,787328,0,1472,390656,0,0,0,0,0,0,0,0,0,0,0,0,0,0,359680,192,581,1345,3581947205,462814089,778432,0
1869,1116480,0,0,0,8512,8512,331584,347072,420800,400896,712064,0,1408,326016,0,0,0,0,0,0,0,0,0,0,0,0,0,0,346880,192,579,1350,3688096848,2693101693,703552,0
1870,1116736,0,0,0,9024,8384,390400,374016,334912,315392,797824,0,1408,384960,0,0,0,0,0,0,0,0,0,0,0,0,0,0,373824,192,574,1334,1122255780,3577704377,789440,0
1871,1116928,0,0,0,8512,8640,339008,369856,390912,371008,742272,0,1472,333440,0,0,0,0,0,0,0,0,0,0,0,0,0,0,369664,192,567,1326,2736988073,491139826,733632,0
1872,1117056,0,0,0,12288,8384,361344,356864,378176,358464,755072,0,1536,355840,0,0,0,0,0,0,0,0,0,0,0,0,0,0,356736,128,563,1312,886606802,354527348,746688,0
1873,1116928,0,0,0,7168,8576,285568,346816,468800,442944,670464,0,1472,279936,0,0,0,0,0,0,0,0,0,0,0,0,0,0,346624,192,555,1300,3658221721,2123876596,661888,0
1874,1116672,0,0,0,5760,8448,430656,372480,299328,279488,833600,0,1536,425152,0,0,0,0,0,0,0,0,0,0,0,0,0,0,372352,128,559,1307,1886244457,2270756256,825152,0
1875,1116864,0,0,0,5824,8320,279168,358272,465280,445632,667712,0,1536,273472,0,0,0,0,0,0,0,0,0,0,0,0,0,0,358080,192,559,1304,1935348433,161112188,659392,0
1876,1116992,0,0,0,10688,8768,430720,368448,298368,277952,835392,0,1472,425280,0,0,0,0,0,0,0,0,0,0,0,0,0,0,368256,192,565,1318,2569852286,3321214460,826624,0
1877,1116736,0,0,0,10880,23872,400640,355264,326080,306240,806912,0,1536,394816,0,0,0,0,0,0,0,0,0,0,0,0,0,0,355072,192,566,1323,3333235775,1029609918,783040,0
1878,1116800,0,0,0,8000,8448,372992,359616,367744,347840,765376,0,1536,367360,0,0,0,0,0,0,0,0,0,0,0,0,0,0,359424,192,571,1334,4208380543,1000870674,756928,0
1879,1117120,0,0,0,8960,8576,367232,359744,372608,352960,760576,0,1536,361664,0,0,0,0,0,0,0,0,0,0,0,0,0,0,359552,192,578,1348,1942873541,2633740506,752000,0
1880,1116800,0,0,0,8064,8640,365440,321600,413056,393216,719872,0,1536,359808,0,0,0,0,0,0,0,0,0,0,0,0,0,0,321408,192,569,1300,2627111513,3668054552,711232,0
1881,1116672,0,0,0,7232,9792,414144,331648,353856,334272,778752,0,1472,408512,0,0,0,0,0,0,0,0,0,0,0,0,0,0,331456,192,546,1277,1086062970,3827901948,768960,0
1882,1116864,0,0,0,6976,8640,422784,343168,335296,315584,797696,0,1472,417408,0,0,0,0,0,0,0,0,0,0,0,0,0,0,342976,192,547,1278,3797101567,334143468,789056,0
1883,1116736,0,0,0,7936,8704,367424,329792,402880,382976,730176,0,1472,361856,0,0,0,0,0,0,0,0,0,0,0,0,0,0,329664,128,553,1288,1556621954,3847652789,721472,0
1884,1117056,0,0,0,7104,8512,375168,334592,391680,372032,741440,0,1472,369472,0,0,0,0,0,0,0,0,0,0,0,0,0,0,334400,192,560,1296,3795960847,2861906784,732928,0
1885,1116928,0,0,0,5696,8704,374592,333248,394688,374848,738496,0,1472,369088,0,0,0,0,0,0,0,0,0,0,0,0,0,0,333056,192,555,1286,2652879332,2083318039,729792,0
1886,1116992,0,0,0,12928,23872,587904,363712,128576,108416,1005056,0,2880,578816,0,0,0,0,0,0,0,0,0,0,0,0,0,0,363584,128,554,1297,2665342058,1447006731,981184,0
1887,1116608,0,0,0,13120,23552,306112,362944,410880,391232,721728,0,1536,300672,0,0,0,0,0,0,0,0,0,0,0,0,0,0,362752,192,558,1302,1944816723,1255305174,698176,0
1888,1117056,0,0,0,6016,23168,296768,356352,434752,415040,698496,0,1472,291328,0,0,0,0,0,0,0,0,0,0,0,0,0,0,356160,192,556,1301,2175670137,951167268,675328,0
1889,1116544,0,0,0,5952,8320,289280,343424,469568,443968,669120,0,1408,283584,0,0,0,0,0,0,0,0,0,0,0,0,0,0,343232,192,558,1311,357413281,319168092,660800,0
1890,1116864,0,0,0,5952,8576,275520,360576,466240,446528,666816,0,1536,269952,0,0,0,0,0,0,0,0,0,0,0,0,0,0,360384,192,553,1300,1089431743,3894802710,658240,0
1891,1117056,0,0,0,5888,8320,384640,364608,353600,333568,779968,0,1536,378816,0,0,0,0,0,0,0,0,0,0,0,0,0,0,364416,192,565,1316,1087783346,2598806770,771648,0
1892,1116736,0,0,0,6016,8384,381184,349184,371968,352128,761088,0,1472,375552,0,0,0,0,0,0,0,0,0,0,0,0,0,0,348992,192,561,1317,3394289107,596730909,752704,0
1893,1116928,0,0,0,11584,8448,374720,380544,341632,321536,791808,0,1472,369216,0,0,0,0,0,0,0,0,0,0,0,0,0,0,380352,192,577,1349,1634761491,1789778529,783360,0
1894,1116608,0,0,0,8448,8512,323840,356160,419648,399680,713472,0,1408,318336,0,0,0,0,0,0,0,0,0,0,0,0,0,0,356032,128,580,1348,2484832380,3875323680,704960,0
1895,1116992,0,0,0,8640,8512,321216,353024,425600,405824,707584,0,1408,315648,0,0,0,0,0,0,0,0,0,0,0,0,0,0,352832,192,586,1356,3181589277,431615475,699072,0
1896,1116864,0,0,0,7744,8512,300352,343552,456704,436992,676352,0,1536,294720,0,0,0,0,0,0,0,0,0,0,0,0,0,0,343360,192,581,1351,1632636783,1681028540,667840,0
1897,1117184,0,0,0,5888,9664,351936,343104,406592,386944,726656,0,1536,346432,0,0,0,0,0,0,0,0,0,0,0,0,0,0,342912,192,580,1351,2245056921,3910950936,716992,0
1898,1116480,0,0,0,5888,8384,302976,332288,466944,447360,665600,0,1536,297152,0,0,0,0,0,0,0,0,0,0,0,0,0,0,332160,128,585,1369,1539137985,1635534331,657216,0
1899,1116992,0,0,0,5824,8512,307136,344448,451072,429504,683904,0,1472,301696,0,0,0,0,0,0,0,0,0,0,0,0,0,0,344256,192,588,1370,3346503576,1934925659,675392,0
1900,1116864,0,0,0,5824,8512,299200,330240,473088,453184,660224,0,1472,293504,0,0,0,0,0,0,0,0,0,0,0,0,0,0,330048,192,598,1386,30543191,2970400985,651712,0
1901,1116864,0,0,0,5824,8512,295232,328320,478976,458944,654400,0,1472,289664,0,0,0,0,0,0,0,0,0,0,0,0,0,0,328192,128,599,1388,2817530462,3614538983,645888,0
1902,1117248,0,0,0,10432,8832,483072,333888,281024,260928,852416,0,1536,477632,0,0,0,0,0,0,0,0,0,0,0,0,0,0,333760,128,598,1387,2474896025,198423752,843584,0
1903,1116416,0,0,0,5952,8384,280192,329280,492608,473024,639808,0,1536,274688,0,0,0,0,0,0,0,0,0,0,0,0,0,0,329088,192,595,1378,2363498084,2082847559,631424,0
1904,1116992,0,0,0,5888,8704,304192,338176,460032,440512,672896,0,1472,298432,0,0,0,0,0,0,0,0,0,0,0,0,0,0,338048,128,594,1378,3335880835,3277701885,664192,0
1905,1116928,0,0,0,6016,8192,345216,324160,433344,407872,705536,0,1536,339520,0,0,0,0,0,0,0,0,0,0,0,0,0,0,323968,192,597,1387,559396161,2227945104,697344,0
1906,1116864,0,0,0,6016,8512,342016,375296,385024,365440,747904,0,1408,336576,0,0,0,0,0,0,0,0,0,0,0,0,0,0,375104,192,603,1402,480343368,1810748580,739392,0
1907,1117056,0,0,0,11072,23616,298560,337856,445952,426048,687360,0,1472,293120,0,0,0,0,0,0,0,0,0,0,0,0,0,0,337664,192,590,1382,553027818,2632579312,663744,0
1908,1116864,0,0,0,6080,8448,285824,322240,494272,474432,638912,0,1536,280192,0,0,0,0,0,0,0,0,0,0,0,0,0,0,322112,128,605,1405,3860434565,4258827866,630464,0
1909,1116928,0,0,0,6144,8384,280000,349504,472896,452928,660480,0,1408,274688,0,0,0,0,0,0,0,0,0,0,0,0,0,0,349312,192,603,1391,2275529743,4133908473,652096,0
1910,1116736,0,0,0,8000,8576,386688,349696,363776,344192,768960,0,1536,381120,0,0,0,0,0,0,0,0,0,0,0,0,0,0,349568,128,608,1414,3798942938,855948545,760384,0
1911,1117184,0,0,0,7296,8192,367680,360320,373696,353600,760064,0,1472,362176,0,0,0,0,0,0,0,0,0,0,0,0,0,0,360128,192,593,1394,1388789500,1856468433,751872,0
1912,1116672,0,0,0,5952,8512,280320,350464,471424,451840,661312,0,1472,274816,0,0,0,0,0,0,0,0,0,0,0,0,0,0,350272,192,595,1393,2931968631,1519185574,652800,0
1913,1116800,0,0,0,6912,9792,378816,353472,367808,348224,764928,0,1408,373376,0,0,0,0,0,0,0,0,0,0,0,0,0,0,353280,192,605,1415,650216943,2290881912,755136,0
1914,1116992,0,0,0,12736,8640,417472,364352,313792,294016,819328,0,1408,411968,0,0,0,0,0,0,0,0,0,0,0,0,0,0,364224,128,599,1393,1600661926,1994626924,810688,0
1915,1117184,0,0,0,6016,8512,452416,351040,299200,279040,834624,0,1472,446976,0,0,0,0,0,0,0,0,0,0,0,0,0,0,350848,192,590,1385,2252058490,3682310559,826112,0
1916,1116480,0,0,0,6144,8448,343360,348992,409536,389888,723136,0,1408,337856,0,0,0,0,0,0,0,0,0,0,0,0,0,0,348800,192,599,1390,561303937,984334238,714688,0
1917,1117120,0,0,0,6976,8448,354176,354240,393280,373184,740288,0,1472,348544,0,0,0,0,0,0,0,0,0,0,0,0,0,0,354112,128,598,1382,1440905373,1662989368,731840,0
1918,1116608,0,0,0,11072,8576,500608,366912,229440,206336,906624,0,1536,494976,0,0,0,0,0,0,0,0,0,0,0,0,0,0,366784,128,599,1381,1501129776,3974113969,898048,0
1919,1116928,0,0,0,6912,8768,452544,378624,270080,250048,863296,0,1536,446976,0,0,0,0,0,0,0,0,0,0,0,0,0,0,378496,128,583,1359,2020971085,3814552294,854528,0
1920,1117056,0,0,0,8192,8384,364160,376512,359808,339904,773632,0,1536,358656,0,0,0,0,0,0,0,0,0,0,0,0,0,0,376320,192,579,1353,438352376,1649292343,765248,0
1921,1116864,0,0,0,8704,8768,348864,372736,377792,352064,761216,0,1472,343168,0,0,0,0,0,0,0,0,0,0,0,0,0,0,372544,192,581,1352,4050716225,931071521,752448,0
1922,1116608,0,0,0,17344,9216,537024,397888,155136,135424,977152,0,1472,531456,0,0,0,0,0,0,0,0,0,0,0,0,0,0,397696,192,600,1404,3387510091,87862868,967936,0
1923,1117184,0,0,0,5888,8704,384448,395776,322368,302656,810624,0,1472,378944,0,0,0,0,0,0,0,0,0,0,0,0,0,0,395584,192,597,1396,635022612,2994885417,801920,0
1924,1117120,0,0,0,11072,8704,416576,416384,264384,243968,869248,0,1408,411072,0,0,0,0,0,0,0,0,0,0,0,0,0,0,416192,192,578,1376,2769498221,35436860,860544,0
1925,1116288,0,0,0,7936,9024,354560,395584,349184,329280,783168,0,1472,349184,0,0,0,0,0,0,0,0,0,0,0,0,0,0,395392,192,577,1378,2330340611,621303295,774144,0
1926,1116800,0,0,0,7232,8960,382080,418304,300224,280640,832128,0,1408,376640,0,0,0,0,0,0,0,0,0,0,0,0,0,0,418112,192,588,1421,4155083941,1042557230,823168,0
1927,1116928,0,0,0,5888,9024,413248,423872,264896,245312,867712,0,1472,407616,0,0,0,0,0,0,0,0,0,0,0,0,0,0,423680,192,592,1424,1358523042,2022804113,858688,0
1928,1116992,0,0,0,8000,10304,423232,395072,280384,260288,852608,0,1408,417664,0,0,0,0,0,0,0,0,0,0,0,0,0,0,394880,192,595,1402,1028912072,1630962180,842304,0
1929,1116864,0,0,0,8064,9024,366464,386368,346944,327168,785600,0,1536,360640,0,0,0,0,0,0,0,0,0,0,0,0,0,0,386176,192,593,1406,2708274010,4170161713,776576,0
1930,1116800,0,0,0,7104,8576,407616,421376,272128,252160,860736,0,1536,401856,0,0,0,0,0,0,0,0,0,0,0,0,0,0,421184,192,616,1462,2172042766,1678377333,852160,0
1931,1116928,0,0,0,5888,8960,569152,461248,71680,51648,1061440,0,1472,563456,0,0,0,0,0,0,0,0,0,0,0,0,0,0,461056,192,608,1452,2624837200,2017520450,1052480,0
1932,1117184,0,0,0,5888,8640,368960,409600,324096,304448,808896,0,1472,363392,0,0,0,0,0,0,0,0,0,0,0,0,0,0,409408,192,591,1396,1389356217,1097897432,800256,0
1933,1116608,0,0,0,5824,9088,365568,401792,334336,314304,798464,0,1472,359936,0,0,0,0,0,0,0,0,0,0,0,0,0,0,401664,128,594,1404,3340292889,3034159877,789376,0
1934,1116864,0,0,0,5888,8960,398080,418496,285440,265856,847168,0,1536,392768,0,0,0,0,0,0,0,0,0,0,0,0,0,0,418304,192,610,1448,2224929624,3847819326,838208,0
1935,1116800,0,0,0,5888,8768,407872,456704,237568,217792,895168,0,1472,402240,0,0,0,0,0,0,0,0,0,0,0,0,0,0,456576,128,613,1442,756717434,2762001346,886400,0
1936,1116928,0,0,0,5888,8896,468416,440896,192832,173056,939968,0,1408,462848,0,0,0,0,0,0,0,0,0,0,0,0,0,0,440768,128,589,1400,219017466,1180357003,931072,0
1937,1116608,0,0,0,11008,24640,389312,403328,288320,262784,849792,0,1408,383744,0,0,0,0,0,0,0,0,0,0,0,0,0,0,403136,192,597,1421,17537585,1021581400,825152,0
1938,1116864,0,0,0,8000,8896,420224,420288,259456,239488,873600,0,1408,414720,0,0,0,0,0,0,0,0,0,0,0,0,0,0,420096,192,624,1489,2280941958,876117414,864704,0
1939,1117184,0,0,0,15872,8896,497472,425088,169856,149312,963904,0,1600,491840,0,0,0,0,0,0,0,0,0,0,0,0,0,0,424960,128,627,1498,1083890650,656400136,955008,0
1940,1116544,0,0,0,10432,8960,468672,468800,159680,139648,972800,0,1472,463040,0,0,0,0,0,0,0,0,0,0,0,0,0,0,468608,192,606,1434,2897600489,1372401613,963840,0
1941,1116672,0,0,0,6144,8896,383360,405824,312448,292800,820032,0,1536,377664,0,0,0,0,0,0,0,0,0,0,0,0,0,0,405632,192,615,1468,308157104,3856952801,811136,0
1942,1116928,0,0,0,8192,9024,422336,439424,237952,218112,894912,0,1472,416896,0,0,0,0,0,0,0,0,0,0,0,0,0,0,439232,192,613,1487,2440286898,2633686348,885888,0
1943,1116608,0,0,0,8640,10368,467776,498304,131520,111808,1000768,0,1472,462272,0,0,0,0,0,0,0,0,0,0,0,0,0,0,498112,192,615,1477,1835282946,2919276598,990400,0
1944,1116928,0,0,0,8896,9152,368832,405760,324288,304704,808128,0,1472,363456,0,0,0,0,0,0,0,0,0,0,0,0,0,0,405632,128,595,1423,176273330,806882535,798976,0
1945,1116992,0,0,0,7296,8960,366784,394560,339392,319104,793856,0,1536,361024,0,0,0,0,0,0,0,0,0,0,0,0,0,0,394368,192,595,1440,4108256932,4035173484,784896,0
1946,1116864,0,0,0,7936,8896,401536,418816,279680,259712,853248,0,1472,396032,0,0,0,0,0,0,0,0,0,0,0,0,0,0,418624,192,613,1487,4099884100,2454051316,844352,0
1947,1116928,0,0,0,18624,9408,520064,430272,138560,118592,993792,0,1472,514560,0,0,0,0,0,0,0,0,0,0,0,0,0,0,430144,128,619,1477,3510844978,2565036740,984384,0
1948,1116928,0,0,0,6080,8640,432512,412544,257152,237568,875520,0,1536,426880,0,0,0,0,0,0,0,0,0,0,0,0,0,0,412416,128,598,1413,2613547210,2406740426,866880,0
1949,1116864,0,0,0,6080,8960,474048,424512,203264,183488,929536,0,1536,468288,0,0,0,0,0,0,0,0,0,0,0,0,0,0,424320,192,603,1427,1284056622,891147526,920576,0
1950,1117056,0,0,0,6080,8896,484096,426048,191936,171968,941248,0,1472,478592,0,0,0,0,0,0,0,0,0,0,0,0,0,0,425856,192,614,1466,513203876,698057663,932352,0
1951,1116672,0,0,0,6080,8576,433856,418816,249344,229568,883328,0,1536,428160,0,0,0,0,0,0,0,0,0,0,0,0,0,0,418624,192,612,1462,3018604530,2128459882,874752,0
1952,1116992,0,0,0,7872,8512,452032,376704,271872,252032,861376,0,1472,446336,0,0,0,0,0,0,0,0,0,0,0,0,0,0,376512,192,593,1409,2866732588,3453920386,852864,0
1953,1117568,0,0,0,8192,8384,363392,362432,375168,347776,766272,0,1536,357952,0,0,0,0,0,0,0,0,0,0,0,0,0,0,362240,192,598,1428,2131170137,369015685,757888,0
1954,1113856,0,0,0,5824,8640,396352,344064,358976,337536,772864,0,1408,390784,0,0,0,0,0,0,0,0,0,0,0,0,0,0,343872,192,596,1418,2282832341,449283770,764224,0
1955,1117056,0,0,0,7744,8384,411072,346304,343552,323712,789824,0,1472,405632,0,0,0,0,0,0,0,0,0,0,0,0,0,0,346176,128,588,1400,3531922952,652534590,781440,0
1956,1116736,0,0,0,8000,8512,382144,315840,402240,382656,730560,0,1408,376448,0,0,0,0,0,0,0,0,0,0,0,0,0,0,315648,192,576,1360,3564455529,3646746935,722048,0
1957,1116864,0,0,0,10368,8576,506304,343616,248000,227968,885312,0,1472,500672,0,0,0,0,0,0,0,0,0,0,0,0,0,0,343424,192,562,1329,33641707,253424952,876736,0
1958,1116864,0,0,0,5760,8512,447360,342464,312768,293056,820288,0,1472,441728,0,0,0,0,0,0,0,0,0,0,0,0,0,0,342272,192,560,1323,3106577411,167033291,811776,0
1959,1116864,0,0,0,5824,9920,397312,362176,341632,321280,792064,0,1472,391680,0,0,0,0,0,0,0,0,0,0,0,0,0,0,361984,192,573,1351,794081717,1599449131,782144,0
1960,1116800,0,0,0,5760,8704,331136,321536,449664,430016,683264,0,1472,325440,0,0,0,0,0,0,0,0,0,0,0,0,0,0,321344,192,572,1349,2193748234,2019854128,674560,0
1961,1116992,0,0,0,5824,8448,342912,321600,438208,418560,694912,0,1408,337408,0,0,0,0,0,0,0,0,0,0,0,0,0,0,321408,192,568,1331,2332313468,283224452,686464,0
