frame,ALL,FTR,STG,BG,AUD,HUD,SRC,MISC,OTHR,WAIT,WORK,SHDT,SWRM,GCRA,SCPU,SCAT,SPRM,SINT,SPHD,SPHC,MWPN,MITM,MEFX,MACT,MPRT,MTEX,MCAP,MPRO,MCAM,MFLS,GPOL,GVTX,DGSA,DGSB,WORK-H,WRAPFIX
2,4579648,0,0,0,10560,636032,222720,3326848,383488,328000,4246720,0,2880,212096,0,0,0,0,0,0,0,0,0,0,0,647808,0,0,3326720,128,191,573,3002998875,3002998875,3610688,0
3,1115648,0,0,0,16960,8320,147584,187648,755136,734848,377408,0,960,142976,0,0,0,0,0,0,0,0,0,0,0,0,0,0,187456,192,191,573,3002998875,3002998875,369088,0
4,1116544,0,0,0,3904,8384,146368,187072,770816,751232,361856,0,960,142016,0,0,0,0,0,0,0,0,0,0,0,0,0,0,186880,192,191,573,3002998875,3002998875,353472,0
5,1117248,0,0,0,4672,8832,149952,186624,767168,747392,366400,0,960,145280,0,0,0,0,0,0,0,0,0,0,0,0,0,0,186496,128,191,573,3002998875,3002998875,357568,0
6,1117056,0,0,0,3840,8384,146304,187264,771264,751552,361984,0,960,141696,0,0,0,0,0,0,0,0,0,0,0,0,0,0,187136,128,191,578,3002998875,3002998875,353600,0
7,1116864,0,0,0,3776,8384,145536,186880,772288,752320,361088,0,960,141056,0,0,0,0,0,0,0,0,0,0,0,0,0,0,186688,192,191,578,3002998875,3002998875,352704,0
8,1116672,0,0,0,3840,9152,147520,186112,770048,750208,362944,0,960,142912,0,0,0,0,0,0,0,0,0,0,0,0,0,0,185920,192,191,578,3002998875,3002998875,353792,0
9,1117120,0,0,0,3904,8256,146624,187072,771264,750976,362816,0,960,142336,0,0,0,0,0,0,0,0,0,0,0,0,0,0,186880,192,191,578,3002998875,3002998875,354560,0
10,1116928,0,0,0,3776,8512,145536,186496,772608,752320,361280,0,960,141184,0,0,0,0,0,0,0,0,0,0,0,0,0,0,186368,128,191,578,3002998875,3002998875,352768,0
11,1116800,0,0,0,3968,8512,149120,180288,774912,754944,358400,0,1024,144640,0,0,0,0,0,0,0,0,0,0,0,0,0,0,180160,128,191,578,3002998875,3002998875,349888,0
12,1116736,0,0,0,3840,8704,148160,178688,777344,751872,361280,0,1024,143744,0,0,0,0,0,0,0,0,0,0,0,0,0,0,178496,192,191,584,3002998875,3002998875,352576,0
13,1116736,0,0,0,3840,8640,149184,179328,775744,756096,357184,0,960,144704,0,0,0,0,0,0,0,0,0,0,0,0,0,0,179200,128,191,585,3002998875,3002998875,348544,0
14,1116992,0,0,0,3904,8320,147648,183232,773888,753984,359680,0,960,143104,0,0,0,0,0,0,0,0,0,0,0,0,0,0,183040,192,189,579,3002998875,3002998875,351360,0
15,1116864,0,0,0,3904,8576,148544,179200,776640,756928,356544,0,1024,144128,0,0,0,0,0,0,0,0,0,0,0,0,0,0,179008,192,187,572,3002998875,3002998875,347968,0
16,1117056,0,0,0,3968,8448,148096,178752,777792,757888,355712,0,896,143744,0,0,0,0,0,0,0,0,0,0,0,0,0,0,178560,192,187,574,3002998875,3002998875,347264,0
17,1116864,0,0,0,3904,9984,149056,179776,774144,754176,359232,0,960,144512,0,0,0,0,0,0,0,0,0,0,0,0,0,0,179584,192,187,574,3002998875,3002998875,349248,0
18,1116992,0,0,0,3840,8640,148288,178176,778048,758272,355264,0,896,143872,0,0,0,0,0,0,0,0,0,0,0,0,0,0,177984,192,187,576,3002998875,3002998875,346624,0
19,1116736,0,0,0,3840,8256,147008,179840,777792,757824,355520,0,960,142592,0,0,0,0,0,0,0,0,0,0,0,0,0,0,179648,192,187,580,3002998875,3002998875,347264,0
20,1116736,0,0,0,3904,8832,151296,178240,774464,754880,358400,0,896,146816,0,0,0,0,0,0,0,0,0,0,0,0,0,0,178112,128,186,577,3002998875,3002998875,349568,0
21,1116928,0,0,0,3840,8832,151360,178560,774336,754432,359040,0,1024,146816,0,0,0,0,0,0,0,0,0,0,0,0,0,0,178432,128,180,572,3002998875,3002998875,350208,0
22,1116864,0,0,0,3776,8512,150976,178688,774912,754752,358592,0,960,146624,0,0,0,0,0,0,0,0,0,0,0,0,0,0,178560,128,178,572,3002998875,3002998875,350080,0
23,1116864,0,0,0,3968,8640,151104,179008,774144,754432,358976,0,1024,146752,0,0,0,0,0,0,0,0,0,0,0,0,0,0,178880,128,178,574,3002998875,3002998875,350336,0
24,1117056,0,0,0,3904,8640,149888,179008,775616,755776,357888,0,960,145344,0,0,0,0,0,0,0,0,0,0,0,0,0,0,178816,192,178,574,3002998875,3002998875,349248,0
25,1117056,0,0,0,3776,8320,148864,179648,776448,756416,357312,0,960,144384,0,0,0,0,0,0,0,0,0,0,0,0,0,0,179520,128,177,569,3002998875,3002998875,348992,0
26,1116672,0,0,0,3776,8704,148928,176960,778304,758400,354944,0,896,144576,0,0,0,0,0,0,0,0,0,0,0,0,0,0,176832,128,175,562,3002998875,3002998875,346240,0
27,1117120,0,0,0,3968,8832,150592,190400,763328,743360,370240,0,896,145920,0,0,0,0,0,0,0,0,0,0,0,0,0,0,190208,192,173,554,3002998875,3002998875,361408,0
28,1116672,0,0,0,4736,8704,146752,183680,772800,747328,366016,0,896,142464,0,0,0,0,0,0,0,0,0,0,0,0,0,0,183552,128,173,554,3002998875,3002998875,357312,0
29,1117184,0,0,0,3840,8704,147136,179008,778496,758208,355520,0,960,142528,0,0,0,0,0,0,0,0,0,0,0,0,0,0,178880,128,173,554,3002998875,3002998875,346816,0
30,1116416,0,0,0,3904,8960,151232,177472,774848,754944,358144,0,896,146688,0,0,0,0,0,0,0,0,0,0,0,0,0,0,177280,192,173,553,3002998875,3002998875,349184,0
31,1117056,0,0,0,3840,8512,148672,179648,776384,756352,357248,0,896,144256,0,0,0,0,0,0,0,0,0,0,0,0,0,0,179520,128,173,555,3002998875,3002998875,348736,0
32,1117120,0,0,0,3840,9728,145664,178944,778944,758976,354688,0,896,141248,0,0,0,0,0,0,0,0,0,0,0,0,0,0,178752,192,173,554,3002998875,3002998875,344960,0
33,1116928,0,0,0,3776,8640,148800,178880,776832,756864,356608,0,1024,144320,0,0,0,0,0,0,0,0,0,0,0,0,0,0,178688,192,173,552,3002998875,3002998875,347968,0
34,1116672,0,0,0,3840,8512,147712,177920,778688,758208,355072,0,960,143424,0,0,0,0,0,0,0,0,0,0,0,0,0,0,177792,128,173,552,3002998875,3002998875,346560,0
35,1116992,0,0,0,3904,8320,147584,179904,777280,757440,356224,0,1024,143168,0,0,0,0,0,0,0,0,0,0,0,0,0,0,179712,192,173,551,3002998875,3002998875,347904,0
36,1116672,0,0,0,3840,8768,147776,178496,777792,757952,355328,0,896,143488,0,0,0,0,0,0,0,0,0,0,0,0,0,0,178368,128,172,549,3002998875,3002998875,346560,0
37,1116928,0,0,0,3904,8640,148864,179136,776384,756608,356864,0,960,144448,0,0,0,0,0,0,0,0,0,0,0,0,0,0,178944,192,172,549,3002998875,3002998875,348224,0
38,1116992,0,0,0,3904,8576,148736,177600,778176,757888,355712,0,896,144192,0,0,0,0,0,0,0,0,0,0,0,0,0,0,177472,128,172,549,3002998875,3002998875,347136,0
39,1116544,0,0,0,3904,8576,148928,179392,775744,756032,357056,0,960,144384,0,0,0,0,0,0,0,0,0,0,0,0,0,0,179200,192,172,549,3002998875,3002998875,348480,0
40,1117120,0,0,0,3776,8640,147968,178944,777792,757504,356224,0,960,143360,0,0,0,0,0,0,0,0,0,0,0,0,0,0,178752,192,172,549,3002998875,3002998875,347584,0
41,1117056,0,0,0,3904,8512,173120,184320,747200,727296,386432,0,960,168640,0,0,0,0,0,0,0,0,0,0,0,0,0,0,184128,192,172,549,3002998875,3002998875,377920,0
42,1116992,0,0,0,3904,8704,159488,178048,766848,746816,366656,0,1024,155136,0,0,0,0,0,0,0,0,0,0,0,0,0,0,177856,192,172,549,3002998875,3002998875,357952,0
43,1116608,0,0,0,3840,8320,149632,178560,776256,756352,356864,0,960,145216,0,0,0,0,0,0,0,0,0,0,0,0,0,0,178432,128,172,550,3002998875,3002998875,348544,0
44,1117056,0,0,0,3840,8704,148224,179456,776832,751104,362432,0,1024,143872,0,0,0,0,0,0,0,0,0,0,0,0,0,0,179328,128,171,545,3002998875,3002998875,353728,0
45,1117056,0,0,0,3840,8640,148160,178944,777472,757952,355712,0,896,143808,0,0,0,0,0,0,0,0,0,0,0,0,0,0,178752,192,171,545,3002998875,3002998875,347072,0
46,1116736,0,0,0,3968,8576,148352,177984,777856,757888,355264,0,896,144192,0,0,0,0,0,0,0,0,0,0,0,0,0,0,177792,192,171,545,3002998875,3002998875,346688,0
47,1117952,0,0,0,3840,10240,504128,243904,355840,329536,785024,0,1344,499072,0,0,0,0,0,0,0,0,0,0,0,0,0,0,243712,192,200,641,3619349932,3619349932,774784,0
48,1116224,0,0,0,3904,9152,174592,239936,688640,661824,450880,0,1216,169664,0,0,0,0,0,0,0,0,0,0,0,0,0,0,239744,192,200,641,3619349932,3619349932,441728,0
49,1116800,0,0,0,3904,8768,176000,231808,696320,670016,443328,0,1344,171072,0,0,0,0,0,0,0,0,0,0,0,0,0,0,231616,192,202,648,3619349932,3619349932,434560,0
50,1116864,0,0,0,4608,8768,174784,231168,697536,671104,442240,0,1280,169856,0,0,0,0,0,0,0,0,0,0,0,0,0,0,230976,192,202,648,3619349932,3619349932,433472,0
51,1117056,0,0,0,3840,8512,177536,231936,695232,668672,444928,0,1408,172544,0,0,0,0,0,0,0,0,0,0,0,0,0,0,231744,192,202,648,3619349932,3619349932,436416,0
52,1116800,0,0,0,3904,8768,175680,231744,696704,671104,442240,0,1280,170688,0,0,0,0,0,0,0,0,0,0,0,0,0,0,231616,128,202,644,3619349932,3619349932,433472,0
53,1116928,0,0,0,3840,8640,175872,231168,697408,672064,441472,0,1280,170752,0,0,0,0,0,0,0,0,0,0,0,0,0,0,230976,192,202,644,3619349932,3619349932,432832,0
54,1116864,0,0,0,3968,8960,177984,232896,693056,667584,445952,0,1408,172800,0,0,0,0,0,0,0,0,0,0,0,0,0,0,232704,192,202,643,3619349932,3619349932,436992,0
55,1116992,0,0,0,3840,8576,175552,232640,696384,670976,442624,0,1280,170496,0,0,0,0,0,0,0,0,0,0,0,0,0,0,232512,128,202,642,3619349932,3619349932,434048,0
56,1116672,0,0,0,3840,8576,177856,232064,694336,669120,444096,0,1280,172992,0,0,0,0,0,0,0,0,0,0,0,0,0,0,231872,192,202,642,3619349932,3619349932,435520,0
57,1117440,0,0,0,3840,8768,176576,232000,696256,670272,443712,0,1280,171776,0,0,0,0,0,0,0,0,0,0,0,0,0,0,231808,192,202,642,3619349932,3619349932,434944,0
58,1116352,0,0,0,3968,8896,176896,230400,696192,671296,441600,0,1280,172096,0,0,0,0,0,0,0,0,0,0,0,0,0,0,230208,192,202,642,3619349932,3619349932,432704,0
59,1116864,0,0,0,3904,9152,178112,232512,693184,668288,445056,0,1280,173120,0,0,0,0,0,0,0,0,0,0,0,0,0,0,232320,192,202,641,3619349932,3619349932,435904,0
60,1116928,0,0,0,3968,8640,178880,232320,693120,662400,451136,0,1216,173952,0,0,0,0,0,0,0,0,0,0,0,0,0,0,232128,192,202,641,3619349932,3619349932,442496,0
61,1116864,0,0,0,3968,8512,181120,231616,691648,666688,446656,0,1344,176064,0,0,0,0,0,0,0,0,0,0,0,0,0,0,231424,192,202,640,3619349932,3619349932,438144,0
62,1116928,0,0,0,3840,8768,175808,234432,694080,668992,444480,0,1216,170880,0,0,0,0,0,0,0,0,0,0,0,0,0,0,234304,128,182,582,3619349932,3619349932,435712,0
63,1116864,0,0,0,3840,10112,171840,236480,694592,669504,444032,0,1344,166784,0,0,0,0,0,0,0,0,0,0,0,0,0,0,236352,128,166,530,3619349932,3619349932,433920,0
64,1116928,0,0,0,3840,8640,169152,235712,699584,674624,438912,0,1280,164224,0,0,0,0,0,0,0,0,0,0,0,0,0,0,235520,192,152,494,3619349932,3619349932,430272,0
65,1116672,0,0,0,3904,8768,169600,234944,699456,675008,438080,0,1344,164736,0,0,0,0,0,0,0,0,0,0,0,0,0,0,234752,192,130,425,3619349932,3619349932,429312,0
66,1116864,0,0,0,3776,8640,167616,236032,700800,676224,437248,0,1216,162816,0,0,0,0,0,0,0,0,0,0,0,0,0,0,235840,192,111,368,3619349932,3619349932,428608,0
67,1116928,0,0,0,3904,8640,169216,235008,700160,675648,437888,0,1280,164352,0,0,0,0,0,0,0,0,0,0,0,0,0,0,234816,192,108,362,3619349932,3619349932,429248,0
68,1116736,0,0,0,3904,8576,167488,234176,702592,678272,435008,0,1344,162560,0,0,0,0,0,0,0,0,0,0,0,0,0,0,234048,128,98,323,3619349932,3619349932,426432,0
69,1116992,0,0,0,3840,9088,165952,234752,703360,679168,434368,0,1216,161152,0,0,0,0,0,0,0,0,0,0,0,0,0,0,234624,128,87,287,3619349932,3619349932,425280,0
70,1116992,0,0,0,3904,8704,168064,233792,702528,677696,435904,0,1216,163200,0,0,0,0,0,0,0,0,0,0,0,0,0,0,233664,128,80,265,3619349932,3619349932,427200,0
71,1116800,0,0,0,3904,8768,169536,234816,699776,675200,438208,0,1280,164544,0,0,0,0,0,0,0,0,0,0,0,0,0,0,234688,128,80,264,3619349932,3619349932,429440,0
72,1116928,0,0,0,4672,9024,168064,234816,700352,675968,437376,0,1280,163328,0,0,0,0,0,0,0,0,0,0,0,0,0,0,234624,192,80,264,3619349932,3619349932,428352,0
73,1116864,0,0,0,3776,8640,168128,234752,701568,676736,436736,0,1344,163136,0,0,0,0,0,0,0,0,0,0,0,0,0,0,234624,128,79,261,3619349932,3619349932,428096,0
74,1116992,0,0,0,3904,8704,168576,233664,702144,677184,436416,0,1344,163648,0,0,0,0,0,0,0,0,0,0,0,0,0,0,233536,128,79,261,3619349932,3619349932,427712,0
75,1116928,0,0,0,10944,8896,243136,254080,599872,575424,537920,0,1216,238144,0,0,0,0,0,0,0,0,0,0,0,0,0,0,253888,192,83,279,3619349932,3784879386,529024,0
76,1116800,0,0,0,4032,8576,177152,251264,675776,645696,467648,0,1280,172224,0,0,0,0,0,0,0,0,0,0,0,0,0,0,251072,192,80,270,3784879386,3784879386,459072,0
77,1117312,0,0,0,4032,8768,173824,706752,223936,188544,925312,0,1280,169024,0,0,0,0,0,0,0,0,0,0,0,0,0,0,706624,128,163,462,3784879386,3784879386,916544,0
78,1677440,0,0,0,10560,10240,628736,744448,283456,258944,1414848,0,1216,623744,0,0,0,0,0,0,0,0,0,0,0,0,0,0,744256,192,163,460,881140562,1322596196,1404608,0
79,1116032,0,0,0,4096,8704,195264,313600,594368,569856,542656,0,1280,190208,0,0,0,0,0,0,0,0,0,0,0,0,0,0,313408,192,163,465,1322596196,2935860823,533952,0
80,1116800,0,0,0,4288,8704,187840,307456,608512,584512,528768,0,1280,182848,0,0,0,0,0,0,0,0,0,0,0,0,0,0,307328,128,164,496,2935860823,2935860823,520064,0
81,1117376,0,0,0,4160,8896,224128,308992,571200,546944,566976,0,1344,219136,0,0,0,0,0,0,0,0,0,0,0,0,0,0,308800,192,160,488,2935860823,1252444529,558080,0
82,1116608,0,0,0,4160,8640,204736,312192,586880,562304,550784,0,1280,199744,0,0,0,0,0,0,0,0,0,0,0,0,0,0,312000,192,159,493,1252444529,2945405002,542144,0
83,1116864,0,0,0,4096,8768,187072,314048,602880,578112,535168,0,1280,182080,0,0,0,0,0,0,0,0,0,0,0,0,0,0,313856,192,127,411,2945405002,2945405002,526400,0
84,1116800,0,0,0,4160,8832,185344,308480,609984,585472,527744,0,1280,180352,0,0,0,0,0,0,0,0,0,0,0,0,0,0,308352,128,109,366,2945405002,2945405002,518912,0
85,1117056,0,0,0,4032,8704,186240,309312,608768,584256,529280,0,1344,181440,0,0,0,0,0,0,0,0,0,0,0,0,0,0,309120,192,110,373,2945405002,2945405002,520576,0
86,1116800,0,0,0,4096,8704,187008,302208,614784,590208,523072,0,1344,182080,0,0,0,0,0,0,0,0,0,0,0,0,0,0,302016,192,106,355,2945405002,2945405002,514368,0
87,1116992,0,0,0,4160,8704,186112,300416,617600,593216,520320,0,1216,181056,0,0,0,0,0,0,0,0,0,0,0,0,0,0,300288,128,99,335,2945405002,2945405002,511616,0
88,1116672,0,0,0,4160,8576,187008,288704,628224,603904,509312,0,1344,181952,0,0,0,0,0,0,0,0,0,0,0,0,0,0,288512,192,91,308,2945405002,2945405002,500736,0
89,1116992,0,0,0,4032,8768,185024,289152,630016,605568,508096,0,1280,180160,0,0,0,0,0,0,0,0,0,0,0,0,0,0,289024,128,84,282,2945405002,2945405002,499328,0
90,1116864,0,0,0,4096,8640,182976,287488,633664,607232,506176,0,1344,177984,0,0,0,0,0,0,0,0,0,0,0,0,0,0,287360,128,75,254,2945405002,2945405002,497536,0
91,1116736,0,0,0,4224,8576,186880,289664,627392,603008,510336,0,1344,182080,0,0,0,0,0,0,0,0,0,0,0,0,0,0,289472,192,84,284,2945405002,2945405002,501760,0
92,1116992,0,0,0,4160,8832,187904,289088,627008,596992,516544,0,1280,182848,0,0,0,0,0,0,0,0,0,0,0,0,0,0,288896,192,86,288,2945405002,2945405002,507712,0
93,1117120,0,0,0,4288,8704,187264,301888,614976,590656,523008,0,1216,182400,0,0,0,0,0,0,0,0,0,0,0,0,0,0,301760,128,119,383,2945405002,2945405002,514304,0
94,1116736,0,0,0,4992,10304,183552,289792,628096,603968,509248,0,1344,178496,0,0,0,0,0,0,0,0,0,0,0,0,0,0,289600,192,162,484,2945405002,2945405002,498944,0
95,1117440,0,0,0,4096,8640,186752,736192,181760,146368,967616,0,1280,181696,0,0,0,0,0,0,0,0,0,0,0,0,0,0,736064,128,225,654,2945405002,2945405002,958976,0
96,1116864,0,0,0,4160,8896,185920,718272,199616,175872,937472,0,1280,180992,0,0,0,0,0,0,0,0,0,0,0,0,0,0,718144,128,200,546,2945405002,2945405002,928576,0
97,1116672,0,0,0,4160,8896,189760,285376,628480,603712,509504,0,1280,184896,0,0,0,0,0,0,0,0,0,0,0,0,0,0,285184,192,173,450,2945405002,2945405002,500608,0
98,1116736,0,0,0,4096,8896,191616,284224,627904,603712,509504,0,1344,186560,0,0,0,0,0,0,0,0,0,0,0,0,0,0,284032,192,178,451,2945405002,2945405002,500608,0
99,1116864,0,0,0,4096,8704,187648,286848,629568,605248,508096,0,1216,182592,0,0,0,0,0,0,0,0,0,0,0,0,0,0,286656,192,178,443,2945405002,2945405002,499392,0
100,1116800,0,0,0,5184,8896,189056,284480,629184,604224,509120,0,1216,184128,0,0,0,0,0,0,0,0,0,0,0,0,0,0,284352,128,181,454,2945405002,2945405002,500224,0
101,1117120,0,0,0,6080,8640,193856,288704,619840,594944,518656,0,1280,188992,0,0,0,0,0,0,0,0,0,0,0,0,0,0,288512,192,179,447,2945405002,2945405002,510016,0
102,1116928,0,0,0,6336,8576,192448,284608,624960,600256,513216,0,1152,187648,0,0,0,0,0,0,0,0,0,0,0,0,0,0,284480,128,181,456,2945405002,2945405002,504640,0
103,1116800,0,0,0,6016,8832,193152,286656,622144,597568,515712,0,1344,188160,0,0,0,0,0,0,0,0,0,0,0,0,0,0,286528,128,177,439,2945405002,2945405002,506880,0
104,1116992,0,0,0,5376,8704,185984,285632,631296,606784,506688,0,1280,181120,0,0,0,0,0,0,0,0,0,0,0,0,0,0,285440,192,179,445,2945405002,2945405002,497984,0
105,1116800,0,0,0,3840,8768,188224,284032,631936,607488,505920,0,1280,183424,0,0,0,0,0,0,0,0,0,0,0,0,0,0,283840,192,187,450,2945405002,2945405002,497152,0
106,1116800,0,0,0,3904,8896,189696,284160,630144,605568,507776,0,1216,184768,0,0,0,0,0,0,0,0,0,0,0,0,0,0,283968,192,184,448,2945405002,2945405002,498880,0
107,1117824,0,0,0,9024,8768,290112,282048,527872,502912,611328,0,1280,285056,0,0,0,0,0,0,0,0,0,0,0,0,0,0,281920,128,189,460,4026148207,4026148207,602560,0
108,1115840,0,0,0,3968,9088,195264,280384,627136,596608,515712,0,1280,190336,0,0,0,0,0,0,0,0,0,0,0,0,0,0,280192,192,189,462,4026148207,4026148207,506624,0
109,1117248,0,0,0,4096,9664,722816,349568,31104,7232,1106560,0,1408,717568,0,0,0,0,0,0,0,0,0,0,0,0,0,0,349376,192,186,459,268324811,2062031264,1096896,0
110,1117120,0,0,0,4032,8768,236544,337344,530432,506176,607424,0,1344,231488,0,0,0,0,0,0,0,0,0,0,0,0,0,0,337152,192,186,458,4134961013,1276711854,598656,0
111,1116480,0,0,0,4096,8640,236800,341248,525696,501376,611584,0,1344,231744,0,0,0,0,0,0,0,0,0,0,0,0,0,0,341120,128,185,457,1273081916,4101993858,602944,0
112,1116992,0,0,0,4096,8832,234368,338112,531584,507776,605824,0,1344,229312,0,0,0,0,0,0,0,0,0,0,0,0,0,0,337920,192,182,452,3979560772,3808273010,596992,0
113,1116992,0,0,0,4032,8896,237184,338240,528640,504640,608704,0,1280,232064,0,0,0,0,0,0,0,0,0,0,0,0,0,0,338048,192,182,452,2561245328,3395467185,599808,0
114,1116672,0,0,0,4096,8640,238272,337664,528000,504128,609024,0,1280,233280,0,0,0,0,0,0,0,0,0,0,0,0,0,0,337536,128,186,452,121744527,495594377,600384,0
115,1116992,0,0,0,4032,8576,237952,339072,527360,503488,609984,0,1280,232832,0,0,0,0,0,0,0,0,0,0,0,0,0,0,338944,128,185,453,1385451978,763761650,601408,0
116,1117056,0,0,0,4928,8704,238464,339392,525568,501568,611968,0,1344,233472,0,0,0,0,0,0,0,0,0,0,0,0,0,0,339200,192,187,463,1728663673,2869197078,603264,0
117,1117440,0,0,0,4032,8768,241344,339136,524160,499392,614528,0,1344,236224,0,0,0,0,0,0,0,0,0,0,0,0,0,0,338944,192,187,464,295506827,2688043666,605760,0
118,1116480,0,0,0,4160,8896,242432,337344,523648,499840,613120,0,1344,237120,0,0,0,0,0,0,0,0,0,0,0,0,0,0,337152,192,186,467,4170772114,2182272867,604224,0
119,1116800,0,0,0,4160,8576,238528,339328,526208,502208,611072,0,1344,233536,0,0,0,0,0,0,0,0,0,0,0,0,0,0,339136,192,187,464,3540436437,1939018632,602496,0
120,1116608,0,0,0,4096,8768,237248,339136,527360,503424,609600,0,1408,232192,0,0,0,0,0,0,0,0,0,0,0,0,0,0,339008,128,187,462,3486274864,3924387138,600832,0
121,1116928,0,0,0,4096,8896,253312,340224,510400,486592,626624,0,1344,248192,0,0,0,0,0,0,0,0,0,0,0,0,0,0,340032,192,185,462,4013364865,1688809806,617728,0
122,1117120,0,0,0,4160,8640,290176,342912,471232,447104,666560,0,1280,285184,0,0,0,0,0,0,0,0,0,0,0,0,0,0,342784,128,180,451,524656768,1705813799,657920,0
123,1116864,0,0,0,4160,8832,247360,343680,512832,488896,624384,0,1344,242432,0,0,0,0,0,0,0,0,0,0,0,0,0,0,343488,192,179,448,2978208500,1435927826,615552,0
124,1116800,0,0,0,11072,8704,295104,344448,457472,427712,685504,0,1408,290048,0,0,0,0,0,0,0,0,0,0,0,0,0,0,344256,192,171,423,1601911144,129312773,676800,0
125,1116992,0,0,0,6272,10048,250560,349504,500608,477056,636352,0,1408,245440,0,0,0,0,0,0,0,0,0,0,0,0,0,0,349376,128,142,385,3283949111,1463297130,626304,0
126,1117120,0,0,0,5376,8832,248192,310080,544640,517312,596224,0,1344,243008,0,0,0,0,0,0,0,0,0,0,0,0,0,0,309952,128,72,241,2382371436,2891294014,587392,0
127,1677248,0,0,0,4032,8768,254336,1009920,400192,347968,1325824,0,1408,249152,0,0,0,0,0,0,0,0,0,0,0,0,0,0,1009792,128,102,326,3643840450,211898945,1317056,0
128,1676864,0,0,0,3968,8576,247680,978496,438144,413824,1259584,0,1408,242560,0,0,0,0,0,0,0,0,0,0,0,0,0,0,978368,128,152,383,1922272546,3866791710,1251008,0
129,1116864,0,0,0,4224,9024,237632,346176,519808,495744,617536,0,1344,232640,0,0,0,0,0,0,0,0,0,0,0,0,0,0,345984,192,170,428,1211168619,1548840454,608512,0
130,1116928,0,0,0,4096,8640,239168,349184,515840,491840,621632,0,1344,233984,0,0,0,0,0,0,0,0,0,0,0,0,0,0,348992,192,170,424,790022128,1967835374,612992,0
131,1116928,0,0,0,4032,9152,240896,348608,514240,490176,623232,0,1344,235968,0,0,0,0,0,0,0,0,0,0,0,0,0,0,348416,192,174,430,4240772532,3119466702,614080,0
132,1116800,0,0,0,3968,8896,262080,351552,490304,466240,647040,0,1344,257088,0,0,0,0,0,0,0,0,0,0,0,0,0,0,351296,256,170,415,4165477715,1862255295,638144,0
133,1116736,0,0,0,4096,8768,248192,352192,503488,479424,633728,0,1408,243264,0,0,0,0,0,0,0,0,0,0,0,0,0,0,352064,128,168,406,308424813,1652807799,624960,0
134,1116992,0,0,0,3968,8704,250688,352448,501184,476672,636800,0,1472,245632,0,0,0,0,0,0,0,0,0,0,0,0,0,0,352320,128,170,413,121072294,1336304599,628096,0
135,1116928,0,0,0,3968,8832,251712,354176,498240,474176,639168,0,1344,246528,0,0,0,0,0,0,0,0,0,0,0,0,0,0,354048,128,167,405,259556095,2618561107,630336,0
136,1116800,0,0,0,4032,8896,251520,352704,499648,475648,637568,0,1280,246528,0,0,0,0,0,0,0,0,0,0,0,0,0,0,352512,192,179,447,1033825695,4149244163,628672,0
137,1116928,0,0,0,9984,8768,278784,352960,466432,442048,671232,0,1408,273600,0,0,0,0,0,0,0,0,0,0,0,0,0,0,352768,192,187,472,619364826,3000464415,662464,0
138,1117568,0,0,0,4160,8960,307456,311424,485568,460352,653696,0,1280,302592,0,0,0,0,0,0,0,0,0,0,0,0,0,0,311296,128,183,457,1740657754,4000560628,644736,0
139,1116160,0,0,0,4160,8640,238720,306560,558080,533952,578752,0,1472,233536,0,0,0,0,0,0,0,0,0,0,0,0,0,0,306368,192,182,453,1971489115,243884482,570112,0
140,1117184,0,0,0,6144,10112,557440,334016,209472,179712,933952,0,1408,552320,0,0,0,0,0,0,0,0,0,0,0,0,0,0,333824,192,179,442,2423383904,30267587,923840,0
141,1116672,0,0,0,5376,8512,271616,331968,499200,474560,638592,0,1280,266304,0,0,0,0,0,0,0,0,0,0,0,0,0,0,331840,128,171,423,1660031109,4081098059,630080,0
142,1117120,0,0,0,4032,8768,270144,330304,503872,479936,633600,0,1344,265024,0,0,0,0,0,0,0,0,0,0,0,0,0,0,330112,192,175,438,856021347,3631701061,624832,0
143,1116992,0,0,0,4096,8448,269888,331776,502784,478592,634944,0,1408,264896,0,0,0,0,0,0,0,0,0,0,0,0,0,0,331584,192,181,459,3478047345,1549166140,626496,0
144,1116672,0,0,0,4160,8768,271680,330944,501120,477440,635584,0,1344,266624,0,0,0,0,0,0,0,0,0,0,0,0,0,0,330752,192,191,485,2490575094,2956519494,626816,0
145,1116864,0,0,0,4032,9024,265216,329280,509312,485504,627648,0,1344,260096,0,0,0,0,0,0,0,0,0,0,0,0,0,0,329088,192,193,490,3104820720,4163058727,618624,0
146,1116928,0,0,0,4096,8768,267008,331520,505536,481152,632256,0,1472,261824,0,0,0,0,0,0,0,0,0,0,0,0,0,0,331328,192,194,493,28624378,1037328856,623488,0
147,1116992,0,0,0,4032,8640,270016,332288,502016,478080,635456,0,1408,264896,0,0,0,0,0,0,0,0,0,0,0,0,0,0,332096,192,192,494,3818959615,2249530792,626816,0
148,1116736,0,0,0,4096,8448,271552,330048,502592,478400,634816,0,1408,266432,0,0,0,0,0,0,0,0,0,0,0,0,0,0,329856,192,191,488,4051503970,3091779974,626368,0
149,1117056,0,0,0,4096,8896,273536,329920,500608,476544,636928,0,1344,268416,0,0,0,0,0,0,0,0,0,0,0,0,0,0,329728,192,193,490,4001314730,1927610516,628032,0
150,1116992,0,0,0,4032,9152,269568,330944,503296,478976,634432,0,1344,264576,0,0,0,0,0,0,0,0,0,0,0,0,0,0,330816,128,190,496,2877513064,3584622031,625280,0
151,1116800,0,0,0,4032,8960,271296,331840,500672,476416,636800,0,1472,266176,0,0,0,0,0,0,0,0,0,0,0,0,0,0,331648,192,190,500,2677971100,957757622,627840,0
152,1677120,0,0,0,9920,8960,311552,1012992,333696,309504,1363904,0,1344,306432,0,0,0,0,0,0,0,0,0,0,0,0,0,0,1012800,192,202,532,3036979155,4182121811,1354944,0
153,1116992,0,0,0,4160,8640,271680,337088,495424,471168,642368,0,1344,266624,0,0,0,0,0,0,0,0,0,0,0,0,0,0,336960,128,195,517,1320838465,492541910,633728,0
154,1116928,0,0,0,6336,9024,271936,335296,494336,470208,643072,0,1344,266880,0,0,0,0,0,0,0,0,0,0,0,0,0,0,335168,128,198,522,2485191994,3690510856,634048,0
155,1117248,0,0,0,10688,10496,304576,342080,449408,425280,688384,0,1408,299456,0,0,0,0,0,0,0,0,0,0,0,0,0,0,341888,192,208,543,2237360169,1038825309,677888,0
156,1116800,0,0,0,4096,8832,281856,340032,481984,452160,661056,0,1344,276608,0,0,0,0,0,0,0,0,0,0,0,0,0,0,339840,192,247,669,2816240412,198949216,652224,0
157,1116800,0,0,0,4224,8448,281216,425344,397568,373568,739712,0,1344,276096,0,0,0,0,0,0,0,0,0,0,0,0,0,0,425152,192,381,1058,2846650522,352644178,731264,0
158,1116992,0,0,0,4224,8576,281856,420480,401856,377920,735552,0,1280,276800,0,0,0,0,0,0,0,0,0,0,0,0,0,0,420352,128,466,1171,1199589575,1436652508,726976,0
159,1116928,0,0,0,5056,8704,282944,408256,411968,388160,725184,0,1280,277824,0,0,0,0,0,0,0,0,0,0,0,0,0,0,408000,256,496,1241,2150723381,2506539491,716480,0
160,1116608,0,0,0,4160,8576,271424,343424,489024,465408,647680,0,1280,266432,0,0,0,0,0,0,0,0,0,0,0,0,0,0,343296,128,272,732,1366906979,3862749208,639104,0
161,1117248,0,0,0,4224,8768,268544,498624,337088,295424,818368,0,1408,263424,0,0,0,0,0,0,0,0,0,0,0,0,0,0,498432,192,216,559,966973354,3190522011,809600,0
162,1116608,0,0,0,4224,8640,267840,499328,336576,312320,800704,0,1408,262912,0,0,0,0,0,0,0,0,0,0,0,0,0,0,499200,128,150,382,3068017279,1985892560,792064,0
163,1116864,0,0,0,4160,8640,268160,320384,515520,491392,621952,0,1280,263232,0,0,0,0,0,0,0,0,0,0,0,0,0,0,320256,128,132,292,3141477061,3631219908,613312,0
164,1116800,0,0,0,4096,8704,267584,320704,515712,491584,621696,0,1408,262592,0,0,0,0,0,0,0,0,0,0,0,0,0,0,320512,192,128,279,1334540253,2452103952,612992,0
165,1117184,0,0,0,4160,8384,268224,320960,515456,491264,622464,0,1408,263104,0,0,0,0,0,0,0,0,0,0,0,0,0,0,320768,192,121,263,2394981541,3708592450,614080,0
166,1116544,0,0,0,4160,8896,266880,320000,516608,492864,620160,0,1344,261632,0,0,0,0,0,0,0,0,0,0,0,0,0,0,319808,192,118,260,2990490545,3241969563,611264,0
167,1116800,0,0,0,10432,8832,294656,301248,501632,477184,636096,0,1280,289536,0,0,0,0,0,0,0,0,0,0,0,0,0,0,301120,128,119,260,34850937,2895344624,627264,0
168,1116800,0,0,0,6272,8832,269056,299776,532864,508608,604608,0,1280,264000,0,0,0,0,0,0,0,0,0,0,0,0,0,0,299648,128,82,228,1726777208,2961797592,595776,0
169,1117504,0,0,0,6912,8704,331520,235712,534656,509824,604160,0,1408,326464,0,0,0,0,0,0,0,0,0,0,0,0,0,0,235584,128,29,96,2141631500,3208498311,595456,0
170,1116288,0,0,0,10624,9408,296064,223552,576640,551360,561280,0,1344,290944,0,0,0,0,0,0,0,0,0,0,0,0,0,0,223424,128,30,100,188767387,2883712760,551872,0
171,1116480,0,0,0,5504,10048,246912,223616,630400,606272,506624,0,1344,241728,0,0,0,0,0,0,0,0,0,0,0,0,0,0,223488,128,30,99,2883712760,2883712760,496576,0
172,1116800,0,0,0,4224,8896,243776,255296,604608,574336,538944,0,1344,238912,0,0,0,0,0,0,0,0,0,0,0,0,0,0,255168,128,130,281,2883712760,2883712760,530048,0
173,1116992,0,0,0,4224,8768,249344,255296,599360,574912,538560,0,1408,244352,0,0,0,0,0,0,0,0,0,0,0,0,0,0,255104,192,129,279,2883712760,2035268470,529792,0
174,1116800,0,0,0,4224,8768,255040,258240,590528,566016,547136,0,1344,249920,0,0,0,0,0,0,0,0,0,0,0,0,0,0,258112,128,140,311,2035268470,2779892430,538368,0
175,1116800,0,0,0,4160,8640,240384,252992,610624,586112,527168,0,1344,235456,0,0,0,0,0,0,0,0,0,0,0,0,0,0,252800,192,139,341,2779892430,2779892430,518528,0
176,1116800,0,0,0,4096,8704,259776,254528,589696,564992,548288,0,1408,254528,0,0,0,0,0,0,0,0,0,0,0,0,0,0,254400,128,107,303,2779892430,1677553349,539584,0
177,1117760,0,0,0,4096,8448,264128,258240,582848,557760,556480,0,1408,259136,0,0,0,0,0,0,0,0,0,0,0,0,0,0,258112,128,82,264,1677553349,711789373,548032,0
178,1116544,0,0,0,4096,9216,271168,259008,573056,549056,563904,0,1344,266176,0,0,0,0,0,0,0,0,0,0,0,0,0,0,258816,192,75,255,711789373,711789373,554688,0
179,1116736,0,0,0,4096,8896,263360,258176,582208,557760,555392,0,1408,258176,0,0,0,0,0,0,0,0,0,0,0,0,0,0,258048,128,64,217,711789373,711789373,546496,0
180,1116928,0,0,0,6272,8704,255360,261120,585472,561408,552064,0,1344,250304,0,0,0,0,0,0,0,0,0,0,0,0,0,0,260992,128,63,217,711789373,711789373,543360,0
181,1116288,0,0,0,6272,8704,254912,256128,590272,565824,546880,0,1344,249984,0,0,0,0,0,0,0,0,0,0,0,0,0,0,256000,128,58,190,711789373,711789373,538176,0
182,1117184,0,0,0,6080,8704,252928,253696,595776,571200,542400,0,1344,247744,0,0,0,0,0,0,0,0,0,0,0,0,0,0,253568,128,57,186,711789373,711789373,533696,0
183,1116544,0,0,0,5952,8640,251008,243520,607424,583168,529920,0,1216,246144,0,0,0,0,0,0,0,0,0,0,0,0,0,0,243328,192,56,188,711789373,711789373,521280,0
184,1116800,0,0,0,5312,9088,251648,241600,609152,585024,527872,0,1216,246592,0,0,0,0,0,0,0,0,0,0,0,0,0,0,241472,128,56,188,711789373,711789373,518784,0
185,1117312,0,0,0,3904,8768,241152,235392,628096,603200,510656,0,1280,236032,0,0,0,0,0,0,0,0,0,0,0,0,0,0,235264,128,56,188,711789373,711789373,501888,0
186,1116864,0,0,0,3904,9984,243456,239232,620288,595648,517696,0,1280,238464,0,0,0,0,0,0,0,0,0,0,0,0,0,0,239104,128,88,281,711789373,711789373,507712,0
187,1677376,0,0,0,3968,8704,253248,1173888,237568,213824,1459968,0,1280,248192,0,0,0,0,0,0,0,0,0,0,0,0,0,0,1173760,128,231,603,711789373,711789373,1451264,0
188,1116800,0,0,0,3840,8704,249664,323200,531392,501504,611840,0,1408,244736,0,0,0,0,0,0,0,0,0,0,0,0,0,0,323072,128,394,969,711789373,711789373,603136,0
189,1116736,0,0,0,3904,8640,279424,327296,497472,473472,639680,0,1344,274368,0,0,0,0,0,0,0,0,0,0,0,0,0,0,327104,192,440,1058,2248335339,2248335339,631040,0
190,1116928,0,0,0,3840,8640,263680,358848,481920,457728,655744,0,1280,258816,0,0,0,0,0,0,0,0,0,0,0,0,0,0,358656,192,464,1130,2248335339,2248335339,647104,0
191,1116736,0,0,0,3904,8768,263040,364864,476160,452096,661056,0,1344,258048,0,0,0,0,0,0,0,0,0,0,0,0,0,0,364672,192,510,1272,2248335339,2248335339,652288,0
192,1116928,0,0,0,3904,8832,261760,356032,486400,462336,651072,0,1344,256704,0,0,0,0,0,0,0,0,0,0,0,0,0,0,355904,128,583,1401,2248335339,2248335339,642240,0
193,1116928,0,0,0,3968,8704,261120,359168,483968,459712,653696,0,1408,256064,0,0,0,0,0,0,0,0,0,0,0,0,0,0,358976,192,590,1406,2248335339,2248335339,644992,0
194,1116800,0,0,0,3968,8576,265024,359168,480064,456256,657152,0,1344,260032,0,0,0,0,0,0,0,0,0,0,0,0,0,0,359040,128,598,1424,2248335339,2248335339,648576,0
195,1116864,0,0,0,3904,8768,260288,362112,481792,457920,655488,0,1280,255296,0,0,0,0,0,0,0,0,0,0,0,0,0,0,361920,192,599,1431,2248335339,2248335339,646720,0
196,1116800,0,0,0,3904,8576,249536,353536,501248,477056,636288,0,1280,244480,0,0,0,0,0,0,0,0,0,0,0,0,0,0,353408,128,605,1446,2248335339,2248335339,627712,0
197,1118400,0,0,0,9344,21120,559424,369920,158592,97088,1017664,0,1472,327744,0,0,0,0,0,0,0,0,0,0,0,0,0,0,369728,192,606,1457,2248335339,3744745632,996544,0
198,1116736,0,0,0,4032,8768,319744,326208,457984,431936,681216,0,1344,314496,0,0,0,0,0,0,0,0,0,0,0,0,0,0,326016,192,600,1449,2703811233,2364054369,672448,0
199,1116800,0,0,0,4032,8768,319936,321984,462080,436096,677184,0,1280,314688,0,0,0,0,0,0,0,0,0,0,0,0,0,0,321792,192,590,1437,1702140928,3056141219,668416,0
200,1117504,0,0,0,4032,8576,370624,522688,211584,185216,928832,0,1344,365376,0,0,0,0,0,0,0,0,0,0,0,0,0,0,522496,192,590,1439,3726954741,398198177,920256,0
201,1116288,0,0,0,4032,9984,301184,345344,455744,430336,682432,0,1408,295872,0,0,0,0,0,0,0,0,0,0,0,0,0,0,345216,128,591,1445,885797143,3750902421,672448,0
202,1116800,0,0,0,4096,8960,297216,334848,471680,445952,667264,0,1408,291840,0,0,0,0,0,0,0,0,0,0,0,0,0,0,334720,128,591,1451,4199467804,613948345,658304,0
203,1116928,0,0,0,4864,8576,287296,322752,493440,467584,645760,0,1280,281984,0,0,0,0,0,0,0,0,0,0,0,0,0,0,322624,128,590,1446,2969967329,2536150143,637184,0
204,1116736,0,0,0,4032,8704,272000,323648,508352,476928,636224,0,1408,266752,0,0,0,0,0,0,0,0,0,0,0,0,0,0,323456,192,590,1451,2906276647,3444855380,627520,0
205,1116608,0,0,0,4096,8960,270464,321472,511616,486144,626944,0,1344,265280,0,0,0,0,0,0,0,0,0,0,0,0,0,0,321280,192,588,1448,2036277814,335384497,617984,0
206,1116928,0,0,0,4096,8768,271488,321088,511488,485696,627712,0,1344,266240,0,0,0,0,0,0,0,0,0,0,0,0,0,0,320960,128,585,1438,816841536,2972333038,618944,0
207,1116992,0,0,0,6080,8832,275520,321024,505536,479296,634048,0,1216,270336,0,0,0,0,0,0,0,0,0,0,0,0,0,0,320832,192,585,1434,2634308417,475077346,625216,0
208,1117120,0,0,0,6016,8896,277632,320320,504256,478272,635200,0,1408,272448,0,0,0,0,0,0,0,0,0,0,0,0,0,0,320192,128,588,1437,2986458475,1010352491,626304,0
209,1116736,0,0,0,5376,8960,283712,320896,497792,472064,641152,0,1344,278528,0,0,0,0,0,0,0,0,0,0,0,0,0,0,320704,192,588,1436,299902420,3361265343,632192,0
210,1117120,0,0,0,3968,8704,271104,320256,513088,487104,626432,0,1280,265984,0,0,0,0,0,0,0,0,0,0,0,0,0,0,320064,192,587,1433,1054592345,2060217555,617728,0
211,1116800,0,0,0,4032,8960,270144,322688,510976,485376,627840,0,1344,264896,0,0,0,0,0,0,0,0,0,0,0,0,0,0,322496,192,588,1433,897022036,3645331731,618880,0
212,1117824,0,0,0,4032,8832,532480,334976,237504,210304,904000,0,1408,527232,0,0,0,0,0,0,0,0,0,0,0,0,0,0,334848,128,603,1465,2801118202,507390344,895168,0
213,1116480,0,0,0,4032,8704,406656,341376,355712,329024,784000,0,1344,401280,0,0,0,0,0,0,0,0,0,0,0,0,0,0,341184,192,599,1462,265759113,1942453424,775296,0
214,1116288,0,0,0,3968,8768,302784,360256,440512,414400,698432,0,1472,297408,0,0,0,0,0,0,0,0,0,0,0,0,0,0,360064,192,606,1462,4223811993,2906052503,689664,0
215,1116992,0,0,0,3968,8576,314432,339008,451008,425216,688256,0,1408,309056,0,0,0,0,0,0,0,0,0,0,0,0,0,0,338752,256,620,1490,529478212,3969030869,679680,0
216,1677504,0,0,0,4032,10176,405632,822336,435328,409024,1264960,0,1344,400576,0,0,0,0,0,0,0,0,0,0,0,0,0,0,822144,192,613,1493,2586520395,2226675857,1254784,0
217,1116928,0,0,0,8448,8704,537664,374464,187648,160768,952576,0,1408,532288,0,0,0,0,0,0,0,0,0,0,0,0,0,0,374272,192,611,1498,1538792030,3494076942,943872,0
218,1116032,0,0,0,4096,8832,312832,356992,433280,407744,704704,0,1344,307584,0,0,0,0,0,0,0,0,0,0,0,0,0,0,356800,192,619,1508,1497146197,1644222261,695872,0
219,1116992,0,0,0,6208,8640,318976,360064,423104,396864,716544,0,1408,313856,0,0,0,0,0,0,0,0,0,0,0,0,0,0,359872,192,624,1511,3889795000,3918032913,707904,0
220,1116864,0,0,0,6016,8832,330432,354304,417280,385152,728064,0,1280,325120,0,0,0,0,0,0,0,0,0,0,0,0,0,0,354112,192,621,1498,703818700,2337075420,719232,0
221,1116672,0,0,0,18944,9088,612160,446080,30400,4224,1108352,0,1408,606784,0,0,0,0,0,0,0,0,0,0,0,0,0,0,445952,128,639,1554,2346516404,597040603,1099264,0
222,1117312,0,0,0,4288,9216,379840,422784,301184,274880,838400,0,1344,374656,0,0,0,0,0,0,0,0,0,0,0,0,0,0,422592,192,629,1535,3876630885,3565007796,829184,0
223,1116608,0,0,0,4224,9216,380672,414208,308288,281984,830592,0,1280,375360,0,0,0,0,0,0,0,0,0,0,0,0,0,0,414080,128,629,1538,984142802,3358867485,821376,0
224,1116736,0,0,0,4992,9280,370432,416832,315200,289152,823616,0,1344,365184,0,0,0,0,0,0,0,0,0,0,0,0,0,0,416640,192,630,1536,2856754694,3554817968,814336,0
225,1116864,0,0,0,6144,9216,397120,444288,260096,233920,878976,0,1344,391872,0,0,0,0,0,0,0,0,0,0,0,0,0,0,444160,128,649,1580,2122009028,2351766191,869760,0
226,1116736,0,0,0,6464,8960,361472,426624,313216,287104,825600,0,1280,356096,0,0,0,0,0,0,0,0,0,0,0,0,0,0,426496,128,647,1582,2198094771,1072271913,816640,0
227,1116736,0,0,0,4160,21376,365184,408320,317696,291712,820992,0,1280,359936,0,0,0,0,0,0,0,0,0,0,0,0,0,0,408128,192,632,1537,1396071704,24909394,799616,0
228,1115776,0,0,0,4032,9152,384128,413760,304704,280128,831680,0,1280,379008,0,0,0,0,0,0,0,0,0,0,0,0,0,0,413568,192,635,1547,1683731859,2744081040,822528,0
229,1116544,0,0,0,4096,9472,415744,432512,254720,230976,881536,0,1344,410368,0,0,0,0,0,0,0,0,0,0,0,0,0,0,432320,192,651,1598,1913028174,2747428650,872064,0
230,1117056,0,0,0,4096,9152,363584,436096,304128,279680,833408,0,1280,358336,0,0,0,0,0,0,0,0,0,0,0,0,0,0,435968,128,657,1618,684488245,97788931,824256,0
231,1116800,0,0,0,6336,10624,467264,405504,227072,203200,909504,0,1344,462080,0,0,0,0,0,0,0,0,0,0,0,0,0,0,405376,128,646,1562,681760424,4222391219,898880,0
232,1116928,0,0,0,6336,9472,362560,392128,346432,322240,790656,0,1344,357312,0,0,0,0,0,0,0,0,0,0,0,0,0,0,391936,192,651,1561,1842813302,889890676,781184,0
233,1116800,0,0,0,4032,9344,446080,464192,193152,169216,943488,0,1408,440576,0,0,0,0,0,0,0,0,0,0,0,0,0,0,464064,128,658,1586,861150290,87899941,934144,0
234,1117184,0,0,0,4032,9088,440000,478592,185472,161024,952192,0,1280,434752,0,0,0,0,0,0,0,0,0,0,0,0,0,0,478400,192,644,1571,1200695891,3597656189,943104,0
235,1116800,0,0,0,4096,9152,377984,406528,319040,294784,817984,0,1344,372864,0,0,0,0,0,0,0,0,0,0,0,0,0,0,406336,192,632,1550,3289651789,2301046864,808832,0
236,1116992,0,0,0,4096,9088,362752,424192,316864,286336,826560,0,1344,357504,0,0,0,0,0,0,0,0,0,0,0,0,0,0,424000,192,631,1547,4057913408,3941429162,817472,0
237,1117248,0,0,0,6656,9408,491264,435968,173952,147328,965888,0,1344,485952,0,0,0,0,0,0,0,0,0,0,0,0,0,0,435840,128,660,1596,2165157351,731819852,956480,0
238,1116480,0,0,0,7232,9536,364160,418880,316672,292288,820096,0,1280,358848,0,0,0,0,0,0,0,0,0,0,0,0,0,0,418752,128,655,1586,56439530,3199995996,810560,0
239,1116672,0,0,0,5248,9344,465728,407488,228864,204288,908352,0,1408,460416,0,0,0,0,0,0,0,0,0,0,0,0,0,0,407232,256,631,1526,604572068,740046029,899008,0
240,1117056,0,0,0,3904,9280,385536,414272,304064,279488,833536,0,1344,380224,0,0,0,0,0,0,0,0,0,0,0,0,0,0,414080,192,632,1523,3545957975,2897799070,824256,0
241,1116928,0,0,0,4032,9152,410240,432448,261056,236544,876480,0,1344,404992,0,0,0,0,0,0,0,0,0,0,0,0,0,0,432320,128,649,1577,107761521,1725305429,867328,0
242,1117056,0,0,0,4032,9152,366080,434624,303168,278016,835072,0,1408,360768,0,0,0,0,0,0,0,0,0,0,0,0,0,0,434432,192,651,1578,2887579724,1819448198,825920,0
243,1116672,0,0,0,6080,9216,364992,405312,331072,306432,806272,0,1344,359744,0,0,0,0,0,0,0,0,0,0,0,0,0,0,405184,128,632,1516,1719252346,2860517381,797056,0
244,1117184,0,0,0,6272,9472,363968,392832,344640,320064,793024,0,1344,358528,0,0,0,0,0,0,0,0,0,0,0,0,0,0,392640,192,629,1508,3645889215,729456005,783552,0
245,1117120,0,0,0,3904,9664,395520,430720,277312,252096,860992,0,1280,390336,0,0,0,0,0,0,0,0,0,0,0,0,0,0,430592,128,646,1565,4040324282,1673568099,851328,0
246,1116736,0,0,0,3840,10304,392960,448768,260864,236352,876480,0,1344,387904,0,0,0,0,0,0,0,0,0,0,0,0,0,0,448576,192,644,1562,1029314045,2341066569,866176,0
247,1116928,0,0,0,4864,9152,379776,406848,316288,291264,821696,0,1280,374464,0,0,0,0,0,0,0,0,0,0,0,0,0,0,406656,192,626,1515,3439154108,4035989936,812544,0
248,1116864,0,0,0,4032,9152,362688,410368,330624,305280,807680,0,1344,357248,0,0,0,0,0,0,0,0,0,0,0,0,0,0,410176,192,628,1518,646773087,588672105,798528,0
249,1116800,0,0,0,6144,9152,396736,430400,274368,249152,863744,0,1344,391552,0,0,0,0,0,0,0,0,0,0,0,0,0,0,430272,128,645,1569,1392685573,4261521110,854592,0
250,1116608,0,0,0,6272,9536,365824,419648,315328,290560,821952,0,1408,360512,0,0,0,0,0,0,0,0,0,0,0,0,0,0,419456,192,641,1563,1474873695,3865069516,812416,0
251,1116992,0,0,0,3904,9408,366848,404864,331968,305984,806976,0,1408,361344,0,0,0,0,0,0,0,0,0,0,0,0,0,0,404672,192,622,1514,3297971688,749364762,797568,0
252,1116800,0,0,0,3904,9088,388800,413504,301504,269568,843200,0,1408,383488,0,0,0,0,0,0,0,0,0,0,0,0,0,0,413312,192,624,1515,3450612069,3181605193,834112,0
253,1117120,0,0,0,4096,9216,435456,432384,235968,209984,903168,0,1280,430016,0,0,0,0,0,0,0,0,0,0,0,0,0,0,432192,192,640,1568,2376475536,2374866737,893952,0
254,1116800,0,0,0,4096,9024,371712,434240,297728,268288,844544,0,1344,366464,0,0,0,0,0,0,0,0,0,0,0,0,0,0,434048,192,640,1565,535172375,3091467235,835520,0
255,1116928,0,0,0,6080,9280,373824,404992,322752,296256,816704,0,1344,368512,0,0,0,0,0,0,0,0,0,0,0,0,0,0,404800,192,623,1508,248994321,3205526106,807424,0
256,1116800,0,0,0,6208,9344,392832,393920,314496,288000,824768,0,1344,387520,0,0,0,0,0,0,0,0,0,0,0,0,0,0,393792,128,622,1503,2266430394,3355133950,815424,0
257,1116928,0,0,0,3968,21312,405376,417408,268864,249088,863808,0,1280,400128,0,0,0,0,0,0,0,0,0,0,0,0,0,0,417216,192,618,1489,2487871121,1325277024,842496,0
258,1116608,0,0,0,3968,9088,395392,424000,284160,264512,848192,0,1408,390080,0,0,0,0,0,0,0,0,0,0,0,0,0,0,423872,128,618,1487,3802435165,655161201,839104,0
259,1117248,0,0,0,4096,9152,408128,392064,303808,284224,829056,0,1408,402752,0,0,0,0,0,0,0,0,0,0,0,0,0,0,391936,128,600,1436,329309583,2094734110,819904,0
260,1116864,0,0,0,4096,9152,403648,399744,300224,280768,832064,0,1280,398336,0,0,0,0,0,0,0,0,0,0,0,0,0,0,399616,128,603,1437,1802415982,3976060229,822912,0
261,1116992,0,0,0,6144,10240,406592,418880,275136,255168,857856,0,1280,401344,0,0,0,0,0,0,0,0,0,0,0,0,0,0,418752,128,622,1486,537436475,545208730,847616,0
262,1116544,0,0,0,6272,9216,399808,407296,293952,274304,838208,0,1344,394432,0,0,0,0,0,0,0,0,0,0,0,0,0,0,407168,128,617,1476,2032663633,2187096247,828992,0
263,1116992,0,0,0,3904,9088,397376,390592,316032,296576,816320,0,1344,392000,0,0,0,0,0,0,0,0,0,0,0,0,0,0,390400,192,600,1429,3208153879,1679182005,807232,0
264,1116864,0,0,0,3904,9088,474816,422464,206592,186880,926016,0,1408,469440,0,0,0,0,0,0,0,0,0,0,0,0,0,0,422272,192,591,1419,2257690871,215880433,916928,0
265,1117184,0,0,0,3968,9024,502144,438336,163712,144192,968960,0,1344,497024,0,0,0,0,0,0,0,0,0,0,0,0,0,0,438144,192,611,1468,588456553,3304986809,959936,0
266,1116736,0,0,0,4032,9216,408448,419840,275200,255552,857216,0,1344,403072,0,0,0,0,0,0,0,0,0,0,0,0,0,0,419648,192,611,1470,2723545336,3633202172,848000,0
267,1116864,0,0,0,6144,9024,424320,400768,276608,256640,856256,0,1344,419008,0,0,0,0,0,0,0,0,0,0,0,0,0,0,400576,192,586,1394,3649857075,1624055883,847232,0
268,1116992,0,0,0,6272,10752,352064,381376,366528,336832,776128,0,1280,346560,0,0,0,0,0,0,0,0,0,0,0,0,0,0,381248,128,598,1406,1837293311,3512741981,765376,0
269,1116864,0,0,0,4672,9280,398784,417600,286528,267136,845760,0,1280,393408,0,0,0,0,0,0,0,0,0,0,0,0,0,0,417408,192,606,1456,3155679403,2354349048,836480,0
270,1116800,0,0,0,3904,9216,472384,428864,202432,182848,929984,0,1280,467008,0,0,0,0,0,0,0,0,0,0,0,0,0,0,428672,192,610,1463,389605470,2786893235,920768,0
271,1117568,0,0,0,4032,9024,428544,411072,264896,244736,868928,0,1344,423232,0,0,0,0,0,0,0,0,0,0,0,0,0,0,410880,192,593,1417,3285367813,1564573240,859904,0
272,1116352,0,0,0,4096,9024,356288,398336,348608,328704,783616,0,1344,350848,0,0,0,0,0,0,0,0,0,0,0,0,0,0,398144,192,596,1414,3822553563,2036822412,774592,0
273,1117056,0,0,0,6208,9344,446144,430272,225088,204992,908032,0,1344,440960,0,0,0,0,0,0,0,0,0,0,0,0,0,0,430080,192,615,1462,3373040996,3638397018,898688,0
274,1116480,0,0,0,6272,9024,371840,405632,323712,303936,808512,0,1344,366592,0,0,0,0,0,0,0,0,0,0,0,0,0,0,405440,192,608,1451,29726609,3559517946,799488,0
275,1117696,0,0,0,3968,9600,435712,390016,278400,258368,855232,0,1344,430336,0,0,0,0,0,0,0,0,0,0,0,0,0,0,389824,192,597,1422,313197836,3021593561,845632,0
276,1116160,0,0,0,3904,10368,403584,399680,298624,278848,833344,0,1280,398336,0,0,0,0,0,0,0,0,0,0,0,0,0,0,399488,192,599,1433,3747772935,2109214682,822976,0
277,1116608,0,0,0,4096,9152,457408,420224,225728,206144,906496,0,1344,452160,0,0,0,0,0,0,0,0,0,0,0,0,0,0,420096,128,620,1491,112037714,1947034218,897344,0
278,1116864,0,0,0,4032,9216,412672,392128,298816,279616,833472,0,1344,407360,0,0,0,0,0,0,0,0,0,0,0,0,0,0,391936,192,622,1494,3389850513,1619670489,824256,0
279,1116992,0,0,0,6016,8896,426624,360704,314752,295296,818112,0,1344,421312,0,0,0,0,0,0,0,0,0,0,0,0,0,0,360512,192,610,1437,724529998,214062765,809216,0
280,1116864,0,0,0,5952,8704,282240,348288,471680,452096,661184,0,1344,277056,0,0,0,0,0,0,0,0,0,0,0,0,0,0,348096,192,614,1445,2742119566,3673330413,652480,0
281,1117312,0,0,0,9792,9152,382656,378496,337216,317248,796480,0,1344,377472,0,0,0,0,0,0,0,0,0,0,0,0,0,0,378368,128,610,1444,183795323,1179415498,787328,0
282,1116416,0,0,0,3904,8832,403840,429952,269888,250432,862464,0,1408,398656,0,0,0,0,0,0,0,0,0,0,0,0,0,0,429760,192,611,1445,4254534933,4129567247,853632,0
283,1116928,0,0,0,3904,8576,293568,328064,482816,463168,650176,0,1344,288448,0,0,0,0,0,0,0,0,0,0,0,0,0,0,327936,128,581,1381,969746447,3174404472,641600,0
284,1117120,0,0,0,3904,8704,250752,317504,536256,511104,602496,0,1280,245632,0,0,0,0,0,0,0,0,0,0,0,0,0,0,317312,192,583,1378,4007863238,994964390,593792,0
285,1116800,0,0,0,5888,8896,249792,305280,546944,527424,585792,0,1344,244608,0,0,0,0,0,0,0,0,0,0,0,0,0,0,305088,192,586,1389,4014640444,934844291,576896,0
286,1117120,0,0,0,13312,8640,375616,343040,376512,356736,756800,0,1408,370368,0,0,0,0,0,0,0,0,0,0,0,0,0,0,342848,192,580,1366,3229527444,399027372,748160,0
287,1117312,0,0,0,8832,20608,490240,434048,163584,143424,970304,0,1408,484928,0,0,0,0,0,0,0,0,0,0,0,0,0,0,433856,192,580,1381,870951903,2666468326,949696,0
288,1676352,0,0,0,12224,21696,773888,450816,417728,397760,1274944,0,1280,768640,0,0,0,0,0,0,0,0,0,0,0,0,0,0,450624,192,577,1380,1857800818,1014582284,1253248,0
289,1117184,0,0,0,4160,21888,314176,418944,358016,338176,775424,0,1408,308864,0,0,0,0,0,0,0,0,0,0,0,0,0,0,418752,192,574,1372,1869531559,1652827645,753536,0
290,1116736,0,0,0,6720,21632,335040,516800,236544,204288,908736,0,1408,329664,0,0,0,0,0,0,0,0,0,0,0,0,0,0,516608,192,549,1355,138746842,150280080,887104,0
291,1116864,0,0,0,8256,22784,283840,475584,326400,306880,806208,0,1344,278464,0,0,0,0,0,0,0,0,0,0,0,0,0,0,475392,192,546,1351,1155083053,1700424547,783424,0
292,1117312,0,0,0,6528,8960,547840,415424,138560,118656,995072,0,1280,542656,0,0,0,0,0,0,0,0,0,0,0,0,0,0,415232,192,547,1359,2610637580,902098202,986112,0
293,1116224,0,0,0,6144,8704,361856,408832,330688,311040,801600,0,1344,356416,0,0,0,0,0,0,0,0,0,0,0,0,0,0,408640,192,551,1365,1744484422,2732820676,792896,0
294,1677312,0,0,0,11008,8896,637632,476352,543424,523200,1150528,0,1408,632256,0,0,0,0,0,0,0,0,0,0,0,0,0,0,476224,128,573,1429,1870225117,998284878,1141632,0
295,1116800,0,0,0,4096,8640,323456,456448,324160,304256,809024,0,1408,318080,0,0,0,0,0,0,0,0,0,0,0,0,0,0,456320,128,570,1412,768816647,3293857833,800384,0
296,1116608,0,0,0,4032,8640,318144,422144,363648,343936,769152,0,1344,312896,0,0,0,0,0,0,0,0,0,0,0,0,0,0,421952,192,564,1395,868870387,3834727172,760512,0
297,1117504,0,0,0,4032,8960,296576,362368,445568,425408,688576,0,1344,291392,0,0,0,0,0,0,0,0,0,0,0,0,0,0,362176,192,567,1410,1050926740,2209973539,679616,0
298,1116288,0,0,0,4096,8704,312128,360640,430720,411328,701376,0,1344,306880,0,0,0,0,0,0,0,0,0,0,0,0,0,0,360512,128,555,1382,518397094,1111813326,692672,0
299,1117056,0,0,0,3968,8896,311104,360384,432704,412864,700608,0,1344,305792,0,0,0,0,0,0,0,0,0,0,0,0,0,0,360192,192,567,1405,1653796776,530552286,691712,0
300,1116800,0,0,0,4032,8448,313792,322176,468352,443008,670208,0,1344,308544,0,0,0,0,0,0,0,0,0,0,0,0,0,0,321984,192,554,1367,2118116812,2136301523,661760,0
301,1116928,0,0,0,4160,8896,300608,321984,481280,461504,651904,0,1344,295360,0,0,0,0,0,0,0,0,0,0,0,0,0,0,321856,128,551,1355,3042527409,1917559719,643008,0
302,1117120,0,0,0,4032,8576,310720,323584,470208,450496,663104,0,1344,305472,0,0,0,0,0,0,0,0,0,0,0,0,0,0,323456,128,549,1357,871490199,830320847,654528,0
303,1116672,0,0,0,3968,9088,311040,329856,462720,443392,669696,0,1344,305856,0,0,0,0,0,0,0,0,0,0,0,0,0,0,329664,192,540,1336,1184953161,3509676592,660608,0
304,1117248,0,0,0,3968,8896,386816,363136,354432,334848,778816,0,1408,381440,0,0,0,0,0,0,0,0,0,0,0,0,0,0,362944,192,547,1351,233754871,1316387078,769920,0
305,1116416,0,0,0,3968,9024,302784,361472,439168,419712,693120,0,1344,297408,0,0,0,0,0,0,0,0,0,0,0,0,0,0,361344,128,547,1350,1341391888,3505790213,684096,0
306,1116992,0,0,0,3968,9984,249920,322368,530752,511168,602304,0,1344,244672,0,0,0,0,0,0,0,0,0,0,0,0,0,0,322176,192,557,1365,1604159028,3539454432,592320,0
307,1116992,0,0,0,4032,8576,270272,314176,519936,500160,613312,0,1408,264896,0,0,0,0,0,0,0,0,0,0,0,0,0,0,313984,192,559,1368,3922258155,3361526671,604736,0
308,1116672,0,0,0,4032,9024,287424,316928,499264,479744,633344,0,1344,282112,0,0,0,0,0,0,0,0,0,0,0,0,0,0,316736,192,566,1375,4279968141,37375621,624320,0
309,1116928,0,0,0,6016,8576,273088,308224,521024,501248,612032,0,1408,267904,0,0,0,0,0,0,0,0,0,0,0,0,0,0,308032,192,566,1372,1055445204,272105146,603456,0
310,1677888,0,0,0,5312,8704,362112,786368,515392,495168,1179200,0,1280,356288,0,0,0,0,0,0,0,0,0,0,0,0,0,0,786176,192,560,1369,1499280089,2405711964,1170496,0
311,1115840,0,0,0,4096,11776,425152,380352,294464,264640,844352,0,1792,417216,0,0,0,0,0,0,0,0,0,0,0,0,0,0,380224,128,561,1384,1269245694,1367426222,832576,0
312,1117184,0,0,0,11712,8704,399296,364864,332608,312576,801024,0,1344,394048,0,0,0,0,0,0,0,0,0,0,0,0,0,0,364672,192,553,1367,140335292,3537027573,792320,0
313,1116736,0,0,0,4288,8704,370304,377152,356288,336832,776320,0,1344,365120,0,0,0,0,0,0,0,0,0,0,0,0,0,0,376960,192,556,1381,3607824563,529280113,767616,0
314,1117056,0,0,0,4288,21632,573952,422592,94592,75072,1038400,0,1408,568512,0,0,0,0,0,0,0,0,0,0,0,0,0,0,422400,192,550,1369,3856363877,2242025253,1016768,0
315,1117120,0,0,0,4224,22336,271680,413056,405824,385792,727808,0,1408,266496,0,0,0,0,0,0,0,0,0,0,0,0,0,0,412928,128,550,1374,547702437,3944724934,705472,0
316,1116544,0,0,0,4288,21504,307200,386816,396736,371520,741440,0,1408,301760,0,0,0,0,0,0,0,0,0,0,0,0,0,0,386688,128,545,1366,1913805467,675940706,719936,0
317,1116864,0,0,0,4288,21632,272576,390976,427392,408064,705280,0,1280,267328,0,0,0,0,0,0,0,0,0,0,0,0,0,0,390784,192,547,1366,2989787482,622077208,683648,0
318,1116864,0,0,0,4288,8832,300992,402176,400576,380608,732736,0,1408,295552,0,0,0,0,0,0,0,0,0,0,0,0,0,0,401984,192,544,1357,460411749,3310978389,723904,0
319,1116800,0,0,0,6464,8896,374912,381504,345024,325312,787776,0,1344,369536,0,0,0,0,0,0,0,0,0,0,0,0,0,0,381376,128,544,1357,1295358281,1299918857,778880,0
320,1116928,0,0,0,6208,8960,412864,374080,314816,295296,817984,0,1280,407552,0,0,0,0,0,0,0,0,0,0,0,0,0,0,373888,192,554,1361,1913077263,3891650653,809024,0
321,1117056,0,0,0,5504,10176,435712,363584,302080,282496,830912,0,1344,430528,0,0,0,0,0,0,0,0,0,0,0,0,0,0,363392,192,550,1360,583427440,1524221580,820736,0
322,1116992,0,0,0,4288,9024,398144,350464,355072,335360,778048,0,1344,392960,0,0,0,0,0,0,0,0,0,0,0,0,0,0,350272,192,543,1352,1499330154,161242570,769024,0
323,1116672,0,0,0,4160,8512,391680,317312,395008,375552,737664,0,1408,386496,0,0,0,0,0,0,0,0,0,0,0,0,0,0,317120,192,544,1348,689409054,4035668503,729152,0
324,1116928,0,0,0,4160,8640,386496,313216,404416,384448,729024,0,1408,380992,0,0,0,0,0,0,0,0,0,0,0,0,0,0,313024,192,544,1349,1514083273,556563440,720384,0
325,1116736,0,0,0,4160,8640,352128,355520,396288,376768,736448,0,1344,346816,0,0,0,0,0,0,0,0,0,0,0,0,0,0,355392,128,532,1324,2029263009,3467814716,727808,0
326,1117312,0,0,0,4160,8896,285120,306048,513088,492992,620864,0,1344,280000,0,0,0,0,0,0,0,0,0,0,0,0,0,0,305920,128,533,1332,2475692756,4192899666,611968,0
327,1116800,0,0,0,6208,8640,336192,316608,449152,429376,683904,0,1344,330816,0,0,0,0,0,0,0,0,0,0,0,0,0,0,316480,128,549,1354,2752523674,3155363163,675264,0
328,1116864,0,0,0,6144,8704,334912,302336,464768,445504,667840,0,1344,329728,0,0,0,0,0,0,0,0,0,0,0,0,0,0,302144,192,548,1349,3092547297,2595275087,659136,0
329,1117440,0,0,0,5312,8896,371968,339904,391360,371072,742848,0,1280,366784,0,0,0,0,0,0,0,0,0,0,0,0,0,0,339712,192,534,1318,545155389,1340300160,733952,0
330,1116480,0,0,0,3968,8896,305856,306816,490944,471040,641920,0,1344,300544,0,0,0,0,0,0,0,0,0,0,0,0,0,0,306688,128,526,1305,2780439583,935714130,633024,0
331,1116608,0,0,0,3968,8640,310784,296640,496576,476992,636032,0,1280,305408,0,0,0,0,0,0,0,0,0,0,0,0,0,0,296448,192,528,1312,1200797410,3402538011,627392,0
332,1117056,0,0,0,4032,8512,364480,340160,399872,374336,739264,0,1280,359040,0,0,0,0,0,0,0,0,0,0,0,0,0,0,340032,128,538,1328,2431449516,4196694318,730752,0
333,1116800,0,0,0,3968,8896,288192,313600,502144,482688,630592,0,1344,282944,0,0,0,0,0,0,0,0,0,0,0,0,0,0,313472,128,543,1342,1386603716,1830047430,621696,0
334,1116928,0,0,0,4928,8640,280128,301056,522176,502656,610688,0,1344,274816,0,0,0,0,0,0,0,0,0,0,0,0,0,0,300928,128,541,1334,4111630090,1841583906,602048,0
335,1116928,0,0,0,4096,8640,274368,304576,525248,505536,607808,0,1408,269120,0,0,0,0,0,0,0,0,0,0,0,0,0,0,304448,128,542,1335,1444048546,304663614,599168,0
336,1116928,0,0,0,4032,8704,271104,306176,526912,507264,606144,0,1344,265920,0,0,0,0,0,0,0,0,0,0,0,0,0,0,305984,192,547,1345,311391974,3086077985,597440,0
337,1116928,0,0,0,3968,10240,234816,295296,572608,552640,560832,0,1344,229632,0,0,0,0,0,0,0,0,0,0,0,0,0,0,295168,128,550,1350,84050416,3111643523,550592,0
338,1116672,0,0,0,4032,8960,233984,304768,564928,545088,568064,0,1408,228736,0,0,0,0,0,0,0,0,0,0,0,0,0,0,304576,192,549,1347,1454776363,2066975792,559104,0
339,1116864,0,0,0,6144,8640,361088,315776,425216,406016,707264,0,1280,355776,0,0,0,0,0,0,0,0,0,0,0,0,0,0,315584,192,553,1355,3805572292,1864238120,698624,0
340,1116864,0,0,0,6144,9088,254656,302208,544768,525440,587776,0,1344,249408,0,0,0,0,0,0,0,0,0,0,0,0,0,0,302016,192,557,1366,4238344603,3949346216,578688,0
341,1117056,0,0,0,5312,9024,256064,305152,541504,521600,591872,0,1344,250880,0,0,0,0,0,0,0,0,0,0,0,0,0,0,304960,192,555,1361,3368077836,3450514098,582848,0
342,1116608,0,0,0,3904,8640,236928,305600,561536,542400,570624,0,1408,231552,0,0,0,0,0,0,0,0,0,0,0,0,0,0,305408,192,552,1357,1484467996,3580829138,561984,0
343,1116992,0,0,0,9856,8576,429888,358656,310016,290304,823168,0,1344,424640,0,0,0,0,0,0,0,0,0,0,0,0,0,0,358464,192,557,1373,518958196,3735015115,814592,0
344,1117312,0,0,0,4096,8640,362944,362368,379264,359296,754496,0,1408,357504,0,0,0,0,0,0,0,0,0,0,0,0,0,0,362176,192,558,1381,2260094996,3893758287,745856,0
345,1117056,0,0,0,4224,8640,349760,354816,399616,379904,733632,0,1408,344448,0,0,0,0,0,0,0,0,0,0,0,0,0,0,354688,128,551,1378,356232010,937048481,724992,0
346,1116480,0,0,0,4160,9088,316544,350912,435776,416000,696896,0,1344,311296,0,0,0,0,0,0,0,0,0,0,0,0,0,0,350720,192,545,1357,80088257,3297252225,687808,0
347,1116992,0,0,0,4160,21760,240064,343808,507200,487936,625472,0,1216,234944,0,0,0,0,0,0,0,0,0,0,0,0,0,0,343616,192,558,1388,546642517,301992868,603712,0
348,1116544,0,0,0,6144,8896,256640,311104,533760,508480,604544,0,1280,251456,0,0,0,0,0,0,0,0,0,0,0,0,0,0,310976,128,557,1377,4155460339,1901380851,595648,0
349,1117056,0,0,0,5184,8704,339840,361408,401920,382656,730880,0,1344,334528,0,0,0,0,0,0,0,0,0,0,0,0,0,0,361216,192,572,1406,3154771052,420548735,722176,0
350,1116800,0,0,0,9344,8832,627904,385600,85120,65472,1047616,0,1408,622464,0,0,0,0,0,0,0,0,0,0,0,0,0,0,385472,128,551,1378,3592219309,3208328239,1038784,0
351,1117184,0,0,0,4416,8960,359616,361472,382720,362944,750720,0,1408,354304,0,0,0,0,0,0,0,0,0,0,0,0,0,0,361344,128,546,1375,1277810329,154880472,741760,0
352,1116608,0,0,0,4352,9984,372608,346112,383552,363648,749376,0,1344,367424,0,0,0,0,0,0,0,0,0,0,0,0,0,0,345920,192,551,1371,3834583410,2949686378,739392,0
353,1677504,0,0,0,11136,8832,659584,550336,447616,427200,1246656,0,1344,654336,0,0,0,0,0,0,0,0,0,0,0,0,0,0,550144,192,575,1389,2532240081,2377349846,1237824,0
354,1116288,0,0,0,6784,8896,385792,420672,294144,273792,838912,0,1344,380608,0,0,0,0,0,0,0,0,0,0,0,0,0,0,420480,192,586,1408,1420746350,4221530019,830016,0
355,1116608,0,0,0,5760,8640,395392,429376,277440,257536,855488,0,1344,389888,0,0,0,0,0,0,0,0,0,0,0,0,0,0,429184,192,604,1429,2318612918,4042938272,846848,0
356,1116992,0,0,0,7040,8704,385216,401664,314368,294656,818880,0,1472,379776,0,0,0,0,0,0,0,0,0,0,0,0,0,0,401536,128,589,1399,636887606,2107428172,810176,0
357,1117440,0,0,0,6336,8832,403264,403584,295424,275072,838784,0,1344,398016,0,0,0,0,0,0,0,0,0,0,0,0,0,0,403456,128,582,1383,3848118754,1725132975,829952,0
358,2237184,0,0,0,12928,22464,609664,1224576,367552,347520,1885824,0,1408,604288,0,0,0,0,0,0,0,0,0,0,0,0,0,0,1224384,192,574,1389,280243267,2095430528,1863360,0
359,1116800,0,0,0,5248,22336,432448,394496,262272,242240,870976,0,1344,427072,0,0,0,0,0,0,0,0,0,0,0,0,0,0,394304,192,580,1406,3634515311,3084912286,848640,0
360,1116544,0,0,0,3968,21632,241344,349184,500416,480640,632320,0,1536,235840,0,0,0,0,0,0,0,0,0,0,0,0,0,0,349056,128,585,1419,4282772416,3593431218,610688,0
361,1116800,0,0,0,3968,8704,271360,349184,483584,463936,649344,0,1344,265920,0,0,0,0,0,0,0,0,0,0,0,0,0,0,349056,128,584,1421,4217669732,2144127786,640640,0
362,1117184,0,0,0,4096,8832,244096,365888,494272,474432,639168,0,1344,238784,0,0,0,0,0,0,0,0,0,0,0,0,0,0,365696,192,577,1398,3749714458,2034899897,630336,0
363,1116416,0,0,0,3968,8832,340800,366720,396096,376576,736256,0,1344,335552,0,0,0,0,0,0,0,0,0,0,0,0,0,0,366528,192,578,1391,3749102551,348138027,727424,0
364,1117248,0,0,0,4032,8640,369664,340608,394304,368896,744832,0,1344,364416,0,0,0,0,0,0,0,0,0,0,0,0,0,0,340416,192,577,1376,1682480452,2284466411,736192,0
365,1116864,0,0,0,4032,8640,305472,328640,470080,450368,662912,0,1280,300160,0,0,0,0,0,0,0,0,0,0,0,0,0,0,328448,192,574,1376,343102621,2175441493,654272,0
366,1116928,0,0,0,4032,9856,335040,329152,438848,419136,694272,0,1408,329728,0,0,0,0,0,0,0,0,0,0,0,0,0,0,329024,128,577,1385,3347928226,804067041,684416,0
367,1117184,0,0,0,3968,8896,304256,318016,482048,462272,651328,0,1280,299008,0,0,0,0,0,0,0,0,0,0,0,0,0,0,317888,128,559,1337,4195481730,16281426,642432,0
368,1116480,0,0,0,3968,8640,298112,311808,493952,474624,638272,0,1344,292928,0,0,0,0,0,0,0,0,0,0,0,0,0,0,311616,192,560,1338,279561116,2243282583,629632,0
369,1117760,0,0,0,9472,22144,478464,373248,234432,214272,900032,0,1344,473088,0,0,0,0,0,0,0,0,0,0,0,0,0,0,373056,192,591,1411,3325161212,3408989810,877888,0
370,1116096,0,0,0,4096,8832,262208,335360,505600,486144,626368,0,1344,257088,0,0,0,0,0,0,0,0,0,0,0,0,0,0,335232,128,579,1381,1464902711,3531258312,617536,0
371,1117184,0,0,0,4032,21696,260224,336192,495040,475392,638336,0,1280,255040,0,0,0,0,0,0,0,0,0,0,0,0,0,0,336000,192,581,1388,35438479,1025636093,616640,0
372,1117248,0,0,0,4096,8704,426752,392448,285248,265408,848320,0,1344,421376,0,0,0,0,0,0,0,0,0,0,0,0,0,0,392256,192,569,1358,3243036919,3785488225,839616,0
373,1116480,0,0,0,9216,9088,298816,354240,445120,425472,687424,0,1280,293504,0,0,0,0,0,0,0,0,0,0,0,0,0,0,354112,128,578,1384,3233477278,2797599144,678336,0
374,1117056,0,0,0,4160,8576,298688,342592,463040,443264,670336,0,1408,293568,0,0,0,0,0,0,0,0,0,0,0,0,0,0,342400,192,578,1377,3847001614,4085867427,661760,0
375,2237440,0,0,0,4288,8704,570496,1073024,580928,561024,1672896,0,1344,564800,0,0,0,0,0,0,0,0,0,0,0,0,0,0,1072768,256,595,1398,332247935,2015489680,1664192,0
376,1116672,0,0,0,5120,8768,317248,409344,376192,356288,756864,0,1344,312064,0,0,0,0,0,0,0,0,0,0,0,0,0,0,409152,192,584,1380,3150348225,3082345155,748096,0
377,1116544,0,0,0,6464,21376,323072,411776,353856,333504,779456,0,1344,317824,0,0,0,0,0,0,0,0,0,0,0,0,0,0,411584,192,593,1392,4152168492,3573584432,758080,0
378,1116992,0,0,0,6144,8640,319808,420480,361920,342272,771200,0,1344,314752,0,0,0,0,0,0,0,0,0,0,0,0,0,0,420288,192,586,1383,4093865981,3119785884,762560,0
379,1116800,0,0,0,5376,8640,403904,409664,289216,269312,843968,0,1408,398528,0,0,0,0,0,0,0,0,0,0,0,0,0,0,409472,192,584,1376,179034024,753641938,835328,0
380,1117120,0,0,0,12672,23680,479552,478016,123200,97216,1016320,0,1344,474176,0,0,0,0,0,0,0,0,0,0,0,0,0,0,477824,192,609,1423,2255143017,1850233719,992640,0
381,1116608,0,0,0,4288,22848,561024,485760,42688,23104,1089984,0,1344,555520,0,0,0,0,0,0,0,0,0,0,0,0,0,0,485632,128,572,1377,4282123716,3248708569,1067136,0
382,1117696,0,0,0,4288,23104,298368,413440,378496,355008,759040,0,1344,292992,0,0,0,0,0,0,0,0,0,0,0,0,0,0,413248,192,567,1364,726201290,3488833566,735936,0
383,1116224,0,0,0,6528,22656,298304,402240,386496,366784,745728,0,1344,292928,0,0,0,0,0,0,0,0,0,0,0,0,0,0,402112,128,571,1374,2352584570,1673447349,723072,0
384,1116864,0,0,0,6144,22592,256704,397760,433664,413632,699584,0,1408,251264,0,0,0,0,0,0,0,0,0,0,0,0,0,0,397568,192,571,1375,1420368722,1906011097,676992,0
385,1116736,0,0,0,5376,8576,274240,396544,432000,411968,701248,0,1344,268928,0,0,0,0,0,0,0,0,0,0,0,0,0,0,396416,128,576,1369,237192757,2217714461,692672,0
386,1116800,0,0,0,4224,8960,310912,396672,396032,376704,736512,0,1344,305664,0,0,0,0,0,0,0,0,0,0,0,0,0,0,396544,128,575,1379,2130328414,405722978,727552,0
387,1116992,0,0,0,4224,8832,344960,454656,304320,284672,828736,0,1344,339584,0,0,0,0,0,0,0,0,0,0,0,0,0,0,454528,128,591,1404,3798653089,3624420193,819904,0
388,1116992,0,0,0,4160,8704,335872,393408,374848,355072,758400,0,1344,330688,0,0,0,0,0,0,0,0,0,0,0,0,0,0,393216,192,597,1416,1246116358,413360182,749696,0
389,1116736,0,0,0,4160,8960,331712,381824,390080,370624,742592,0,1408,326464,0,0,0,0,0,0,0,0,0,0,0,0,0,0,381632,192,602,1438,483209273,2822418166,733632,0
390,1117120,0,0,0,4224,8960,354176,331904,417856,398016,715584,0,1408,348736,0,0,0,0,0,0,0,0,0,0,0,0,0,0,331712,192,603,1435,3908138629,3881884284,706624,0
391,1116864,0,0,0,6144,8704,404544,349824,347648,327872,785408,0,1344,399104,0,0,0,0,0,0,0,0,0,0,0,0,0,0,349696,128,603,1438,3973849607,2974324598,776704,0
392,1116736,0,0,0,6400,8960,339840,343168,418368,398528,714688,0,1344,334464,0,0,0,0,0,0,0,0,0,0,0,0,0,0,342976,192,612,1451,3924859120,1000632381,705728,0
393,1117056,0,0,0,4032,8512,362624,352576,389312,369408,744128,0,1408,357440,0,0,0,0,0,0,0,0,0,0,0,0,0,0,352384,192,614,1471,2825875039,3739974502,735616,0
394,1116928,0,0,0,4096,8768,359360,341568,403136,383808,729472,0,1344,354176,0,0,0,0,0,0,0,0,0,0,0,0,0,0,341440,128,608,1457,1059096263,3121794694,720704,0
395,1116800,0,0,0,4224,8512,451968,383232,268864,249408,863808,0,1344,446592,0,0,0,0,0,0,0,0,0,0,0,0,0,0,383040,192,610,1456,3916120219,2009923349,855296,0
396,1117056,0,0,0,4224,9920,464704,375360,262848,237312,876224,0,1344,459328,0,0,0,0,0,0,0,0,0,0,0,0,0,0,375168,192,613,1476,251067370,2952422366,866304,0
397,1116928,0,0,0,4288,8640,359744,366592,377664,357952,755520,0,1408,354368,0,0,0,0,0,0,0,0,0,0,0,0,0,0,366400,192,607,1450,1506792442,647092805,746880,0
398,1118144,0,0,0,7488,8960,454400,478528,168768,147904,966720,0,1344,448960,0,0,0,0,0,0,0,0,0,0,0,0,0,0,478400,128,640,1527,1807208433,3644629202,957760,0
399,1117312,0,0,0,6720,8640,310784,363648,427520,405760,708032,0,1216,305600,0,0,0,0,0,0,0,0,0,0,0,0,0,0,363456,192,632,1514,2634332290,458055038,699392,0
400,1116736,0,0,0,5632,8704,306112,372032,424256,402688,710464,0,1344,300544,0,0,0,0,0,0,0,0,0,0,0,0,0,0,371904,128,629,1511,561672611,2018863609,701760,0
401,1116864,0,0,0,6144,9472,320000,363648,417600,396288,716672,0,1408,314688,0,0,0,0,0,0,0,0,0,0,0,0,0,0,363456,192,627,1511,1371162314,2746439239,707200,0
402,1116864,0,0,0,6080,8960,360448,375360,366016,344832,768512,0,1344,355136,0,0,0,0,0,0,0,0,0,0,0,0,0,0,375168,192,629,1507,3240855596,3629418617,759552,0
403,1116608,0,0,0,5312,9216,327552,360832,413696,392640,720384,0,1280,322176,0,0,0,0,0,0,0,0,0,0,0,0,0,0,360704,128,630,1520,2320029237,1274582757,711168,0
404,1116864,0,0,0,3904,9088,326080,327680,450112,428928,684416,0,1344,320704,0,0,0,0,0,0,0,0,0,0,0,0,0,0,327488,192,613,1459,4130873614,2604405476,675328,0
405,1117568,0,0,0,4032,9024,370240,330304,403968,382144,731840,0,1344,364992,0,0,0,0,0,0,0,0,0,0,0,0,0,0,330112,192,618,1462,3474905223,2680489435,722816,0
406,1116224,0,0,0,3968,9152,331008,319424,452672,431424,681216,0,1344,325760,0,0,0,0,0,0,0,0,0,0,0,0,0,0,319296,128,614,1451,3177547029,3633679185,672064,0
407,1116928,0,0,0,3904,22336,329920,322176,438592,417280,696128,0,1344,324416,0,0,0,0,0,0,0,0,0,0,0,0,0,0,322048,128,614,1453,3353797355,4048008140,673792,0
408,1116800,0,0,0,3904,8512,343616,320000,440768,419264,694016,0,1344,338304,0,0,0,0,0,0,0,0,0,0,0,0,0,0,319808,192,614,1449,3709647687,1008584856,685504,0
409,1117312,0,0,0,8576,9024,400896,537920,160896,138816,974912,0,1344,395648,0,0,0,0,0,0,0,0,0,0,0,0,0,0,537792,128,603,1450,2329778907,2417548767,965888,0
410,1116288,0,0,0,3968,9088,335936,343168,424128,403008,709696,0,1280,330752,0,0,0,0,0,0,0,0,0,0,0,0,0,0,343040,128,603,1446,3134981267,1964264030,700608,0
411,1116928,0,0,0,4096,8960,339072,345856,418944,397440,715904,0,1344,333888,0,0,0,0,0,0,0,0,0,0,0,0,0,0,345728,128,599,1444,22985559,2225828921,706944,0
412,1117504,0,0,0,4032,10176,399104,336384,367808,340288,773696,0,1280,393920,0,0,0,0,0,0,0,0,0,0,0,0,0,0,336192,192,604,1446,4002449238,1627873539,763520,0
413,1116160,0,0,0,6144,8832,358848,339264,403072,381440,731136,0,1408,353728,0,0,0,0,0,0,0,0,0,0,0,0,0,0,339136,128,604,1442,1362702233,3336743673,722304,0
414,1117120,0,0,0,5888,8960,367744,336704,397824,376320,737216,0,1344,362496,0,0,0,0,0,0,0,0,0,0,0,0,0,0,336512,192,618,1470,2775943573,4084712432,728256,0
415,1116928,0,0,0,5248,8896,380928,346752,375104,353408,760000,0,1344,375552,0,0,0,0,0,0,0,0,0,0,0,0,0,0,346560,192,603,1452,3412555333,1737737974,751104,0
416,1116928,0,0,0,3968,9024,354944,344640,404352,382848,730560,0,1408,349760,0,0,0,0,0,0,0,0,0,0,0,0,0,0,344512,128,593,1444,3835215288,1315150093,721536,0
417,1117184,0,0,0,3968,9024,364928,329472,409792,388352,725248,0,1344,359680,0,0,0,0,0,0,0,0,0,0,0,0,0,0,329280,192,587,1433,1567477715,537596604,716224,0
418,1116416,0,0,0,3904,9088,361792,382336,359296,338176,774656,0,1280,356672,0,0,0,0,0,0,0,0,0,0,0,0,0,0,382144,192,590,1435,3590614274,559848805,765568,0
419,1117504,0,0,0,4032,8640,408512,321664,374656,353024,760896,0,1344,403200,0,0,0,0,0,0,0,0,0,0,0,0,0,0,321472,192,617,1468,425838370,2416330539,752256,0
420,1116096,0,0,0,4736,8704,372992,332608,397056,375744,736896,0,1344,367616,0,0,0,0,0,0,0,0,0,0,0,0,0,0,332416,192,611,1442,2643979618,4123970891,728192,0
421,1116736,0,0,0,5888,8896,384704,343552,373696,352768,760448,0,1344,379264,0,0,0,0,0,0,0,0,0,0,0,0,0,0,343360,192,611,1443,1666174628,1420509140,751552,0
422,1117056,0,0,0,5888,9024,365632,329152,407360,386176,727360,0,1472,360320,0,0,0,0,0,0,0,0,0,0,0,0,0,0,328960,192,602,1431,3954169773,1834203652,718336,0
423,1117056,0,0,0,4480,8640,369600,331520,402816,381632,731840,0,1344,364224,0,0,0,0,0,0,0,0,0,0,0,0,0,0,331328,192,606,1436,4061337410,4097187812,723200,0
424,1116800,0,0,0,2560,9088,389952,333376,381824,360576,752640,0,1344,384640,0,0,0,0,0,0,0,0,0,0,0,0,0,0,333184,192,614,1460,2027217301,4281729613,743552,0
425,1116928,0,0,0,2560,8960,334016,321216,450176,428928,684288,0,1280,328704,0,0,0,0,0,0,0,0,0,0,0,0,0,0,321024,192,611,1457,3553055593,1022749571,675328,0
426,1117248,0,0,0,8896,9408,422656,348864,327424,305664,807680,0,1280,417216,0,0,0,0,0,0,0,0,0,0,0,0,0,0,348736,128,601,1424,1490696253,347785673,798272,0
427,1116480,0,0,0,3904,10368,398592,359104,344512,321408,791488,0,1344,393088,0,0,0,0,0,0,0,0,0,0,0,0,0,0,358912,192,600,1418,875921581,218860010,781120,0
428,1116608,0,0,0,3968,9024,525952,347328,230336,203392,909696,0,1280,520704,0,0,0,0,0,0,0,0,0,0,0,0,0,0,347200,128,596,1420,1202529892,663784941,900672,0
429,1117056,0,0,0,3968,8832,333312,354240,416704,395648,717888,0,1408,328064,0,0,0,0,0,0,0,0,0,0,0,0,0,0,354048,192,603,1437,1837593511,459549493,709056,0
430,1116800,0,0,0,3968,9024,321280,353792,428736,407680,705600,0,1344,316160,0,0,0,0,0,0,0,0,0,0,0,0,0,0,353600,192,605,1440,1134145640,1346611011,696576,0
431,1117376,0,0,0,3904,8960,392256,550912,161344,139584,974208,0,1408,387008,0,0,0,0,0,0,0,0,0,0,0,0,0,0,550720,192,601,1430,3368537966,610373173,965248,0
432,1116416,0,0,0,3968,8704,438080,351360,314304,293184,819712,0,1280,432768,0,0,0,0,0,0,0,0,0,0,0,0,0,0,351168,192,598,1446,729220308,2570185035,811008,0
433,1117312,0,0,0,8000,9216,333632,350976,415488,393856,719744,0,1280,328576,0,0,0,0,0,0,0,0,0,0,0,0,0,0,350784,192,604,1456,4059571942,1210021109,710528,0
434,1116608,0,0,0,6080,8640,494912,345792,261184,239552,873536,0,1408,489600,0,0,0,0,0,0,0,0,0,0,0,0,0,0,345600,192,601,1444,865328991,1890627445,864896,0
435,1116672,0,0,0,6464,8832,381568,538944,180864,159680,953344,0,1408,376384,0,0,0,0,0,0,0,0,0,0,0,0,0,0,538816,128,592,1439,3594276080,375207937,944512,0
436,1117120,0,0,0,6912,9408,304768,343616,452416,430784,682624,0,1344,299392,0,0,0,0,0,0,0,0,0,0,0,0,0,0,343488,128,595,1427,138637703,1224278177,673216,0
437,1116608,0,0,0,11392,22400,602304,325376,155136,133952,979072,0,1408,596928,0,0,0,0,0,0,0,0,0,0,0,0,0,0,325184,192,605,1427,182884703,1454599985,956672,0
438,1117120,0,0,0,10944,22720,581376,358272,143808,122240,991296,0,1344,575936,0,0,0,0,0,0,0,0,0,0,0,0,0,0,358080,192,609,1451,3984704001,1758301351,968576,0
439,1115200,0,0,0,4096,8512,307648,328448,466496,447040,664640,0,1280,302336,0,0,0,0,0,0,0,0,0,0,0,0,0,0,328320,128,598,1436,1823914119,864768838,656128,0
440,1116800,0,0,0,4096,22400,453568,333376,303360,283712,829504,0,1536,448128,0,0,0,0,0,0,0,0,0,0,0,0,0,0,333184,192,591,1424,1270266059,3550260689,807104,0
441,1117056,0,0,0,4096,8576,311872,322624,469888,450176,663424,0,1280,306752,0,0,0,0,0,0,0,0,0,0,0,0,0,0,322432,192,586,1407,139984517,1626814739,654848,0
442,1116800,0,0,0,4032,8896,319936,342528,441408,421760,691456,0,1280,314624,0,0,0,0,0,0,0,0,0,0,0,0,0,0,342336,192,575,1412,203530174,2293440859,682560,0
443,1117184,0,0,0,9536,10176,471104,361728,264640,244672,868800,0,1408,465728,0,0,0,0,0,0,0,0,0,0,0,0,0,0,361536,192,582,1398,2867369843,1646262652,858624,0
444,1116416,0,0,0,4224,22848,566976,411712,110656,85440,1027456,0,1408,561664,0,0,0,0,0,0,0,0,0,0,0,0,0,0,411520,192,589,1429,1726686766,3719161295,1004608,0
445,1117504,0,0,0,4096,22528,308224,404032,378624,358848,755136,0,1408,302784,0,0,0,0,0,0,0,0,0,0,0,0,0,0,403840,192,584,1413,1156199391,300710475,732608,0
446,1116224,0,0,0,4096,21888,269568,394688,425984,406016,706752,0,1408,264192,0,0,0,0,0,0,0,0,0,0,0,0,0,0,394560,128,587,1421,325358815,1230642683,684864,0
447,1116928,0,0,0,4096,8512,346688,379712,377920,358272,755200,0,1280,341376,0,0,0,0,0,0,0,0,0,0,0,0,0,0,379584,128,581,1398,149147438,368905751,746688,0
448,1116864,0,0,0,4160,8576,396288,389952,317888,298176,815168,0,1408,390976,0,0,0,0,0,0,0,0,0,0,0,0,0,0,389760,192,583,1412,4159572296,705941323,806592,0
449,1116992,0,0,0,4224,8896,436928,396352,270592,251072,862336,0,1344,431552,0,0,0,0,0,0,0,0,0,0,0,0,0,0,396160,192,591,1434,4041937897,992554445,853440,0
450,1116864,0,0,0,4160,8768,436096,401664,266176,246784,866560,0,1344,431040,0,0,0,0,0,0,0,0,0,0,0,0,0,0,401472,192,607,1451,4083097617,558003992,857792,0
451,1116736,0,0,0,4160,8640,429504,396224,278208,258816,854400,0,1408,424256,0,0,0,0,0,0,0,0,0,0,0,0,0,0,396032,192,604,1473,2422673614,4250491053,845760,0
452,1117056,0,0,0,4160,8640,390336,387136,326784,307072,806400,0,1344,385152,0,0,0,0,0,0,0,0,0,0,0,0,0,0,386944,192,592,1435,3504047436,2312752069,797760,0
453,1116672,0,0,0,4096,8896,397696,312640,393344,373824,739328,0,1344,392320,0,0,0,0,0,0,0,0,0,0,0,0,0,0,312512,128,576,1407,2403426528,3331785318,730432,0
454,1117120,0,0,0,4096,8896,406464,302208,395456,376000,737536,0,1344,401344,0,0,0,0,0,0,0,0,0,0,0,0,0,0,302016,192,568,1399,3684096887,2703597333,728640,0
455,1117120,0,0,0,4160,8640,406208,303360,394752,374912,738752,0,1408,400896,0,0,0,0,0,0,0,0,0,0,0,0,0,0,303168,192,582,1413,335141138,311880516,730112,0
456,1117440,0,0,0,4096,8512,468672,501184,134976,114752,999232,0,1344,463360,0,0,0,0,0,0,0,0,0,0,0,0,0,0,500992,192,594,1426,4236299165,1341590244,990720,0
457,1116224,0,0,0,4096,8896,506240,309248,287744,267840,844864,0,1344,501056,0,0,0,0,0,0,0,0,0,0,0,0,0,0,309120,128,604,1440,4199494353,3457459127,835968,0
458,1116928,0,0,0,4096,9920,512000,364288,226624,207040,906368,0,1216,506880,0,0,0,0,0,0,0,0,0,0,0,0,0,0,364096,192,594,1434,3803525196,268651695,896448,0
459,1117184,0,0,0,4160,8896,433856,336000,334272,314496,799104,0,1408,428544,0,0,0,0,0,0,0,0,0,0,0,0,0,0,335872,128,608,1439,3686166544,4042966599,790208,0
460,1116352,0,0,0,4160,8576,314240,301760,487616,462336,650560,0,1408,309120,0,0,0,0,0,0,0,0,0,0,0,0,0,0,301568,192,593,1418,1772996079,33957383,641984,0
461,1116992,0,0,0,4096,8576,340480,310720,453120,433600,679872,0,1344,335232,0,0,0,0,0,0,0,0,0,0,0,0,0,0,310528,192,594,1420,3785765923,2385810373,671296,0
462,1116992,0,0,0,4096,8960,335040,309504,459392,440064,673344,0,1408,329792,0,0,0,0,0,0,0,0,0,0,0,0,0,0,309312,192,603,1449,3565003100,2488697088,664384,0
463,1116992,0,0,0,4224,8640,340800,330752,432576,413184,700224,0,1344,335424,0,0,0,0,0,0,0,0,0,0,0,0,0,0,330624,128,602,1443,276036079,1997045508,691584,0
464,1117184,0,0,0,9152,8704,507648,374912,216768,197056,916544,0,1408,502272,0,0,0,0,0,0,0,0,0,0,0,0,0,0,374720,192,602,1442,898717618,73821465,907840,0
465,1116352,0,0,0,7296,9216,388608,376512,334720,314880,797824,0,1344,383296,0,0,0,0,0,0,0,0,0,0,0,0,0,0,376320,192,586,1408,4112180570,3844057122,788608,0
466,1117248,0,0,0,6336,8640,445888,376832,279552,259648,853952,0,1344,440576,0,0,0,0,0,0,0,0,0,0,0,0,0,0,376640,192,585,1408,2908178873,45541421,845312,0
467,1676864,0,0,0,5440,22336,377664,838784,432640,412992,1260352,0,1344,372416,0,0,0,0,0,0,0,0,0,0,0,0,0,0,838592,192,589,1419,2073327927,1637767805,1238016,0
468,1116992,0,0,0,6272,8704,431872,365184,304960,285568,827904,0,1408,426624,0,0,0,0,0,0,0,0,0,0,0,0,0,0,364992,192,576,1394,1971931662,383439768,819200,0
469,1117056,0,0,0,5248,22848,637312,409536,42112,21568,1091776,0,1280,632000,0,0,0,0,0,0,0,0,0,0,0,0,0,0,409344,192,594,1420,3475430812,2073893552,1068928,0
470,1116800,0,0,0,4288,22656,485568,405184,199104,179648,933568,0,1344,480192,0,0,0,0,0,0,0,0,0,0,0,0,0,0,404992,192,599,1435,1747906076,3041947862,910912,0
471,1116864,0,0,0,4160,22208,393728,387584,309184,289728,823616,0,1408,388480,0,0,0,0,0,0,0,0,0,0,0,0,0,0,387392,192,600,1433,1355581886,31686437,801408,0
472,1116928,0,0,0,4288,8512,263680,385728,454720,435072,678336,0,1280,258368,0,0,0,0,0,0,0,0,0,0,0,0,0,0,385600,128,600,1431,3716766402,2011384398,669824,0
473,1116928,0,0,0,4224,10112,371648,385664,345280,325760,787712,0,1344,366400,0,0,0,0,0,0,0,0,0,0,0,0,0,0,385472,192,606,1442,505571376,583313757,777600,0
474,1116928,0,0,0,10176,22656,585216,448576,50304,30272,1082944,0,1408,579904,0,0,0,0,0,0,0,0,0,0,0,0,0,0,448384,192,625,1498,752133432,1022430215,1060288,0
475,1116864,0,0,0,4224,22720,280896,448000,361024,340864,772480,0,1408,275712,0,0,0,0,0,0,0,0,0,0,0,0,0,0,447872,128,617,1470,76807593,1716975717,749760,0
476,1116736,0,0,0,4288,22080,268288,431424,390656,364992,748288,0,1408,262848,0,0,0,0,0,0,0,0,0,0,0,0,0,0,431296,128,617,1470,3302149358,2418994904,726208,0
477,1117312,0,0,0,4352,8832,321920,421248,360960,340544,773184,0,1344,316800,0,0,0,0,0,0,0,0,0,0,0,0,0,0,421056,192,629,1501,4132696968,2558954755,764352,0
478,1116096,0,0,0,4288,8832,511616,483968,107392,87744,1024768,0,1344,506368,0,0,0,0,0,0,0,0,0,0,0,0,0,0,483776,192,628,1490,1980541064,1592001231,1015936,0
479,1117376,0,0,0,4224,8832,436352,407232,260736,240704,873088,0,1408,430848,0,0,0,0,0,0,0,0,0,0,0,0,0,0,407104,128,628,1492,1603474670,2172455406,864256,0
480,1116480,0,0,0,4288,8960,443456,421440,238336,218688,894208,0,1280,438080,0,0,0,0,0,0,0,0,0,0,0,0,0,0,421312,128,632,1503,880792987,3517526781,885248,0
481,1116800,0,0,0,4288,9024,446016,415616,241856,222144,891072,0,1280,440768,0,0,0,0,0,0,0,0,0,0,0,0,0,0,415488,128,624,1495,2294257361,1258159535,882048,0
482,1116736,0,0,0,4288,8896,401920,369664,331968,312576,800640,0,1408,396736,0,0,0,0,0,0,0,0,0,0,0,0,0,0,369536,128,616,1475,3983273979,1257940827,791744,0
483,1116928,0,0,0,4288,8640,348608,337280,418112,398592,714816,0,1280,343424,0,0,0,0,0,0,0,0,0,0,0,0,0,0,337152,128,611,1454,1454124836,1702347686,706176,0
484,1117184,0,0,0,6272,8576,326144,329280,446912,427264,686336,0,1280,321024,0,0,0,0,0,0,0,0,0,0,0,0,0,0,329152,128,617,1461,2957082751,1360422415,677760,0
485,1116800,0,0,0,6400,8896,329984,330496,441024,421376,691776,0,1408,324608,0,0,0,0,0,0,0,0,0,0,0,0,0,0,330304,192,612,1449,3041191977,1159490666,682880,0
486,1116864,0,0,0,4160,8768,315328,335552,453056,433536,679808,0,1408,310016,0,0,0,0,0,0,0,0,0,0,0,0,0,0,335360,192,608,1444,1401152786,1030243604,671040,0
487,1677632,0,0,0,4992,8896,401536,799616,462592,442752,1231168,0,1472,396288,0,0,0,0,0,0,0,0,0,0,0,0,0,0,799424,192,606,1438,676812906,1155457988,1222272,0
488,1676928,0,0,0,4160,10240,407168,809408,445952,426048,1247296,0,1280,401792,0,0,0,0,0,0,0,0,0,0,0,0,0,0,809216,192,608,1444,1850350891,1538119870,1237056,0
489,1116608,0,0,0,4224,8832,318144,309952,475456,456000,657024,0,1344,313024,0,0,0,0,0,0,0,0,0,0,0,0,0,0,309760,192,604,1438,259923944,514191075,648192,0
490,1118592,0,0,0,10240,9408,521408,392704,184832,163520,951296,0,1344,516096,0,0,0,0,0,0,0,0,0,0,0,0,0,0,392576,128,617,1467,2688545693,1271518136,941888,0
491,1116480,0,0,0,6528,9152,325888,329408,445504,424128,688704,0,1344,320448,0,0,0,0,0,0,0,0,0,0,0,0,0,0,329280,128,601,1444,4184064637,1202439723,679552,0
492,1117440,0,0,0,4160,8960,368192,340992,395136,367616,746304,0,1344,363008,0,0,0,0,0,0,0,0,0,0,0,0,0,0,340800,192,597,1446,4084815871,781143410,737344,0
493,1116544,0,0,0,4224,9216,330112,371840,401152,379136,733824,0,1408,324928,0,0,0,0,0,0,0,0,0,0,0,0,0,0,371712,128,603,1450,2687344756,1681517114,724608,0
494,1116672,0,0,0,4160,8768,309824,338560,455360,434240,678912,0,1344,304704,0,0,0,0,0,0,0,0,0,0,0,0,0,0,338368,192,604,1436,1138617602,2000798538,670144,0
495,1116992,0,0,0,6592,8960,300096,336704,464640,443264,670080,0,1408,294528,0,0,0,0,0,0,0,0,0,0,0,0,0,0,336512,192,592,1416,187683362,1042447017,661120,0
496,1116864,0,0,0,11840,9344,361920,382016,351744,330048,783232,0,1344,356800,0,0,0,0,0,0,0,0,0,0,0,0,0,0,381888,128,607,1462,1185580367,306982375,773888,0
497,1116928,0,0,0,5376,22592,322496,380672,385792,364416,748928,0,1344,317248,0,0,0,0,0,0,0,0,0,0,0,0,0,0,380480,192,603,1454,3666792823,1568513941,726336,0
498,1117568,0,0,0,3968,8768,359616,380992,364224,342464,771584,0,1344,354240,0,0,0,0,0,0,0,0,0,0,0,0,0,0,380864,128,603,1452,3762586381,1307778919,762816,0
499,1116352,0,0,0,4096,9088,321024,380480,401664,380160,732608,0,1408,315904,0,0,0,0,0,0,0,0,0,0,0,0,0,0,380352,128,608,1463,1710299056,211030036,723520,0
500,1116800,0,0,0,4096,8960,347648,390848,365248,344448,768768,0,1280,342336,0,0,0,0,0,0,0,0,0,0,0,0,0,0,390656,192,599,1455,3206201026,3850097658,759808,0
501,1117184,0,0,0,4160,8832,383104,419968,301120,279744,833984,0,1344,377664,0,0,0,0,0,0,0,0,0,0,0,0,0,0,419776,192,619,1516,1805496911,3137584306,825152,0
502,1116928,0,0,0,12480,8896,473280,402944,219328,197568,915712,0,1408,467904,0,0,0,0,0,0,0,0,0,0,0,0,0,0,402752,192,608,1484,2300515914,2115968564,906816,0
503,1116608,0,0,0,4352,10368,358976,398464,344448,323200,789824,0,1280,353792,0,0,0,0,0,0,0,0,0,0,0,0,0,0,398336,128,610,1481,215794276,61071027,779456,0
504,1116864,0,0,0,4352,9152,337024,400640,365696,344576,768704,0,1344,331584,0,0,0,0,0,0,0,0,0,0,0,0,0,0,400448,192,614,1495,2091119717,3224248717,759552,0
505,1116800,0,0,0,4352,8896,340992,397184,365376,343808,769408,0,1408,335616,0,0,0,0,0,0,0,0,0,0,0,0,0,0,397056,128,606,1489,1141753351,4253708117,760512,0
506,1117120,0,0,0,4352,8896,367808,408192,327872,306240,807360,0,1344,362688,0,0,0,0,0,0,0,0,0,0,0,0,0,0,408064,128,601,1491,4156705871,2226772346,798464,0
507,1116672,0,0,0,4480,9024,302464,375040,425664,404416,708672,0,1408,297152,0,0,0,0,0,0,0,0,0,0,0,0,0,0,374848,192,600,1468,2673319554,3638067414,699648,0
508,1677632,0,0,0,12416,22400,670656,455872,516288,488640,1185408,0,1280,665280,0,0,0,0,0,0,0,0,0,0,0,0,0,0,455680,192,597,1460,1192899489,231562309,1163008,0
509,1116352,0,0,0,6592,23360,268352,449472,368576,347584,765184,0,1408,263168,0,0,0,0,0,0,0,0,0,0,0,0,0,0,449280,192,590,1440,2273585282,2499571471,741824,0
510,1116864,0,0,0,5696,22336,283776,435968,369088,344768,768512,0,1408,278464,0,0,0,0,0,0,0,0,0,0,0,0,0,0,435776,192,591,1441,2789241494,3994666972,746176,0
511,1116800,0,0,0,4352,22336,282368,421632,386112,364736,748480,0,1408,277056,0,0,0,0,0,0,0,0,0,0,0,0,0,0,421440,192,582,1414,3461583125,425516296,726144,0
512,1117184,0,0,0,4352,9088,290240,441728,371776,350656,762944,0,1344,284864,0,0,0,0,0,0,0,0,0,0,0,0,0,0,441536,192,576,1399,2261761625,2069584600,753856,0
513,1116864,0,0,0,6592,8640,382592,467328,251712,230272,883008,0,1408,377216,0,0,0,0,0,0,0,0,0,0,0,0,0,0,467200,128,596,1457,3128527628,2719554038,874368,0
514,1116864,0,0,0,7552,8832,376960,476160,247360,226048,887104,0,1344,371712,0,0,0,0,0,0,0,0,0,0,0,0,0,0,476032,128,611,1488,959590939,2910415708,878272,0
515,1116928,0,0,0,6144,9216,379392,470464,251712,230656,882624,0,1408,374080,0,0,0,0,0,0,0,0,0,0,0,0,0,0,470336,128,600,1456,441666401,3090304066,873408,0
516,1116672,0,0,0,5504,8960,376128,457408,268672,247424,865664,0,1408,370816,0,0,0,0,0,0,0,0,0,0,0,0,0,0,457280,128,539,1376,4033770241,3552807742,856704,0
517,1116928,0,0,0,4224,8832,394624,414912,294336,273024,840384,0,1344,389376,0,0,0,0,0,0,0,0,0,0,0,0,0,0,414720,192,521,1325,1071707953,3850325633,831552,0
518,1117312,0,0,0,4288,10368,438656,454720,209280,187456,926272,0,1408,433344,0,0,0,0,0,0,0,0,0,0,0,0,0,0,454528,192,520,1323,3954628771,3033589724,915904,0
519,1116608,0,0,0,4352,9152,395712,429312,278080,256640,856384,0,1408,390272,0,0,0,0,0,0,0,0,0,0,0,0,0,0,429120,192,512,1296,1861911287,1107983228,847232,0
520,1116992,0,0,0,4352,8832,384512,429056,290240,268800,844672,0,1280,379264,0,0,0,0,0,0,0,0,0,0,0,0,0,0,428928,128,522,1320,3686087702,3368657229,835840,0
521,1116864,0,0,0,4352,8576,383040,422016,298880,277632,835648,0,1344,377536,0,0,0,0,0,0,0,0,0,0,0,0,0,0,421824,192,517,1299,4185298123,3195918945,827072,0
522,1117120,0,0,0,4352,8896,389120,413504,301248,279872,833664,0,1408,383872,0,0,0,0,0,0,0,0,0,0,0,0,0,0,413312,192,517,1303,1394968392,4180344031,824768,0
523,1116800,0,0,0,4352,8768,374336,413888,315456,294080,819136,0,1408,368960,0,0,0,0,0,0,0,0,0,0,0,0,0,0,413632,256,518,1300,889056830,3242732490,810368,0
524,1116736,0,0,0,4352,8960,398720,390912,313792,286656,826560,0,1408,393536,0,0,0,0,0,0,0,0,0,0,0,0,0,0,390720,192,506,1261,2487686614,2691178269,817600,0
525,1117312,0,0,0,5376,8768,372864,392768,337536,315840,797888,0,1344,367488,0,0,0,0,0,0,0,0,0,0,0,0,0,0,392640,128,517,1296,630299943,3104697326,789120,0
526,1116800,0,0,0,6400,8896,385984,359488,356032,334528,778688,0,1408,380736,0,0,0,0,0,0,0,0,0,0,0,0,0,0,359296,192,498,1236,104489465,3931186724,769792,0
527,1116800,0,0,0,9280,22656,396032,387136,301696,280192,832960,0,1280,390592,0,0,0,0,0,0,0,0,0,0,0,0,0,0,386944,192,521,1293,1567181155,1903664695,810304,0
528,1116864,0,0,0,4288,8768,351936,346752,405120,383808,729472,0,1344,346624,0,0,0,0,0,0,0,0,0,0,0,0,0,0,346560,192,498,1223,398346865,1324141557,720704,0
529,1117056,0,0,0,4416,8768,355776,357312,390784,369280,744192,0,1344,350464,0,0,0,0,0,0,0,0,0,0,0,0,0,0,357184,128,491,1208,3588968913,3109934577,735424,0
530,1116736,0,0,0,6400,9088,404864,388160,308224,286784,826304,0,1344,399424,0,0,0,0,0,0,0,0,0,0,0,0,0,0,387968,192,514,1277,1539960620,2873786224,817216,0
531,1116800,0,0,0,6656,9344,366208,392320,342272,321088,791936,0,1280,360768,0,0,0,0,0,0,0,0,0,0,0,0,0,0,392128,192,509,1267,3587439614,2751224586,782592,0
532,1117056,0,0,0,5824,8768,357952,418496,326016,304704,808768,0,1408,352512,0,0,0,0,0,0,0,0,0,0,0,0,0,0,418368,128,541,1353,2515377836,3757942136,800000,0
533,1116608,0,0,0,4416,8832,391360,384192,327808,306944,806144,0,1408,386048,0,0,0,0,0,0,0,0,0,0,0,0,0,0,384000,192,501,1254,1846062619,3215715020,797312,0
534,1117056,0,0,0,4480,10240,368320,393728,340288,319104,794368,0,1344,362816,0,0,0,0,0,0,0,0,0,0,0,0,0,0,393536,192,522,1318,3921240211,3676462022,784128,0
535,1116800,0,0,0,4544,8960,342976,395200,365120,344000,769216,0,1344,337664,0,0,0,0,0,0,0,0,0,0,0,0,0,0,395008,192,516,1308,1029540107,68544192,760256,0
536,1116800,0,0,0,4608,8960,353536,398400,351296,330240,782976,0,1408,348224,0,0,0,0,0,0,0,0,0,0,0,0,0,0,398208,192,535,1350,2751155988,2513005284,774016,0
537,1117760,0,0,0,4608,9024,293888,397184,413056,390528,723648,0,1408,288576,0,0,0,0,0,0,0,0,0,0,0,0,0,0,397056,128,558,1407,1774056052,2081488667,714624,0
538,1116352,0,0,0,6976,9024,282624,396480,421248,399616,713152,0,1280,277056,0,0,0,0,0,0,0,0,0,0,0,0,0,0,396352,128,542,1372,1527418594,230085746,704128,0
539,1116864,0,0,0,11904,8832,383104,391488,321536,299968,813184,0,1408,377600,0,0,0,0,0,0,0,0,0,0,0,0,0,0,391360,128,549,1389,2564037450,3902993862,804352,0
540,1116672,0,0,0,5888,8960,294592,390720,416512,389440,723584,0,1408,289152,0,0,0,0,0,0,0,0,0,0,0,0,0,0,390528,192,554,1403,1170879712,491444638,714624,0
541,1116928,0,0,0,4736,9024,297600,358464,447104,426112,687232,0,1280,292352,0,0,0,0,0,0,0,0,0,0,0,0,0,0,358336,128,536,1352,2016204288,3126299552,678208,0
542,1116992,0,0,0,5696,8704,356992,397440,348160,327040,786368,0,1344,351744,0,0,0,0,0,0,0,0,0,0,0,0,0,0,397312,128,575,1427,755257641,3785558028,777664,0
543,1116864,0,0,0,7232,9152,304000,374656,421824,400512,712768,0,1344,298560,0,0,0,0,0,0,0,0,0,0,0,0,0,0,374464,192,572,1419,3502074657,1318574952,703616,0
544,1117248,0,0,0,7424,8832,301888,374848,424256,403008,710528,0,1344,296576,0,0,0,0,0,0,0,0,0,0,0,0,0,0,374656,192,581,1432,483848181,1731618759,701696,0
545,1116800,0,0,0,6272,9024,350144,357952,393408,371584,741696,0,1408,344768,0,0,0,0,0,0,0,0,0,0,0,0,0,0,357760,192,577,1408,2680239511,804257990,732672,0
546,1116672,0,0,0,5632,8960,349888,357504,394688,373568,739584,0,1408,344448,0,0,0,0,0,0,0,0,0,0,0,0,0,0,357312,192,574,1390,2796848300,1397669186,730624,0
547,1116864,0,0,0,5248,8896,453824,395072,253824,232512,880768,0,1280,448640,0,0,0,0,0,0,0,0,0,0,0,0,0,0,394880,192,601,1446,1373781702,2607379404,871872,0
548,1116736,0,0,0,7104,9088,360704,392000,347840,326400,786752,0,1216,355584,0,0,0,0,0,0,0,0,0,0,0,0,0,0,391808,192,604,1453,3074657910,2188327504,777664,0
549,1116928,0,0,0,6080,10240,524288,403712,172608,151232,962112,0,1280,518784,0,0,0,0,0,0,0,0,0,0,0,0,0,0,403520,192,607,1465,724943652,1094648326,951872,0
550,1117120,0,0,0,4224,8960,430336,388096,285504,264448,849088,0,1344,424896,0,0,0,0,0,0,0,0,0,0,0,0,0,0,387904,192,607,1472,2382428954,1922301713,840128,0
551,1116928,0,0,0,4160,9088,431360,394944,277376,255680,857664,0,1344,426048,0,0,0,0,0,0,0,0,0,0,0,0,0,0,394752,192,596,1452,1089308197,883606021,848576,0
552,1116928,0,0,0,5056,9152,479552,411200,211968,190720,922624,0,1344,474240,0,0,0,0,0,0,0,0,0,0,0,0,0,0,411008,192,626,1513,4277539066,3625186054,913472,0
553,1116608,0,0,0,4288,9024,462016,389440,251840,230592,882496,0,1280,456704,0,0,0,0,0,0,0,0,0,0,0,0,0,0,389248,192,608,1466,3227150197,3013870987,873472,0
554,1116992,0,0,0,4224,8512,452288,405632,246336,224960,888448,0,1344,446912,0,0,0,0,0,0,0,0,0,0,0,0,0,0,405440,192,618,1482,4064330616,689993411,879936,0
555,1116864,0,0,0,4352,8960,429312,397056,277184,255680,857600,0,1344,424064,0,0,0,0,0,0,0,0,0,0,0,0,0,0,396864,192,623,1494,1936093242,2894117586,848640,0
556,1116992,0,0,0,6336,9024,520320,457984,123328,96128,1017280,0,1344,515008,0,0,0,0,0,0,0,0,0,0,0,0,0,0,457792,192,618,1481,2034480125,1975859671,1008256,0
557,1116736,0,0,0,6080,22528,427648,402304,258176,236928,876224,0,1408,422272,0,0,0,0,0,0,0,0,0,0,0,0,0,0,402176,128,626,1498,2779101205,140760102,853696,0
558,1116992,0,0,0,5568,8960,424384,358464,319616,298304,815104,0,1344,418944,0,0,0,0,0,0,0,0,0,0,0,0,0,0,358336,128,611,1461,3488440780,167347274,806144,0
559,1116608,0,0,0,6272,9152,489984,431488,179712,158592,954240,0,1408,484800,0,0,0,0,0,0,0,0,0,0,0,0,0,0,431296,192,601,1442,2578346685,1311104447,945088,0
560,1116800,0,0,0,6272,9216,528064,377536,195712,173824,939136,0,1344,522624,0,0,0,0,0,0,0,0,0,0,0,0,0,0,377344,192,604,1452,2738072167,4117250096,929920,0
561,1117120,0,0,0,6464,9280,416896,363520,320960,299712,813696,0,1344,411648,0,0,0,0,0,0,0,0,0,0,0,0,0,0,363328,192,605,1450,194673345,3354649323,804416,0
562,1116864,0,0,0,6272,9024,406848,351488,343232,321664,791552,0,1280,401600,0,0,0,0,0,0,0,0,0,0,0,0,0,0,351360,128,610,1455,1078667944,66989286,782528,0
563,1116800,0,0,0,5248,9024,391680,350720,360128,338880,774272,0,1344,386432,0,0,0,0,0,0,0,0,0,0,0,0,0,0,350592,128,607,1454,447388657,408605313,765248,0
564,1116800,0,0,0,5056,8704,407296,341056,354688,333312,780032,0,1344,402048,0,0,0,0,0,0,0,0,0,0,0,0,0,0,340864,192,600,1454,3791005930,4012784685,771328,0
565,1117120,0,0,0,6080,10560,341504,351232,407744,386752,726720,0,1344,336256,0,0,0,0,0,0,0,0,0,0,0,0,0,0,351104,128,600,1455,2140689485,45138742,716160,0
566,1116928,0,0,0,4544,8832,333696,347328,422528,401536,711872,0,1408,328448,0,0,0,0,0,0,0,0,0,0,0,0,0,0,347136,192,606,1463,1325856841,2847589426,703040,0
567,1116864,0,0,0,2560,8832,363072,328960,413440,392192,721216,0,1344,357696,0,0,0,0,0,0,0,0,0,0,0,0,0,0,328768,192,611,1452,2342450230,212769996,712384,0
568,1116864,0,0,0,2560,8576,339584,321344,444800,423616,689728,0,1280,334080,0,0,0,0,0,0,0,0,0,0,0,0,0,0,321216,128,606,1436,815212620,2618134485,681152,0
569,1116672,0,0,0,2560,9088,331968,323648,449408,427968,685184,0,1280,326592,0,0,0,0,0,0,0,0,0,0,0,0,0,0,323456,192,606,1438,2766502512,3388603714,676096,0
570,1116800,0,0,0,2560,8832,336960,319360,449088,427776,685440,0,1280,331648,0,0,0,0,0,0,0,0,0,0,0,0,0,0,319168,192,599,1424,1748238085,3859159208,676608,0
571,1116672,0,0,0,2624,8704,399936,346304,359104,337984,775168,0,1344,394560,0,0,0,0,0,0,0,0,0,0,0,0,0,0,346176,128,608,1435,1448240762,3054763818,766464,0
572,1117248,0,0,0,2560,8832,377024,344256,384576,357760,755904,0,1344,371584,0,0,0,0,0,0,0,0,0,0,0,0,0,0,344128,128,603,1436,1051279651,1978928870,747072,0
573,1116736,0,0,0,2560,9088,419392,374400,311296,290304,822912,0,1344,414144,0,0,0,0,0,0,0,0,0,0,0,0,0,0,374144,256,596,1437,4256930606,536845782,813824,0
574,1677056,0,0,0,3392,8960,416512,811520,436672,415616,1257920,0,1280,411328,0,0,0,0,0,0,0,0,0,0,0,0,0,0,811328,192,593,1427,2359636268,1755881408,1248960,0
575,1117120,0,0,0,2496,9216,328192,338240,438976,417600,696064,0,1344,322944,0,0,0,0,0,0,0,0,0,0,0,0,0,0,338112,128,619,1466,2921327786,278554037,686848,0
576,1116800,0,0,0,2560,9088,426368,355072,323712,302592,810624,0,1280,420992,0,0,0,0,0,0,0,0,0,0,0,0,0,0,354880,192,593,1422,718017894,856814790,801536,0
577,2237184,0,0,0,16000,23040,896128,832192,469824,448704,1784832,0,1344,890688,0,0,0,0,0,0,0,0,0,0,0,0,0,0,832064,128,599,1465,745353953,4132908522,1761792,0
578,1115648,0,0,0,4224,23040,343808,373760,370816,351104,760960,0,1280,338496,0,0,0,0,0,0,0,0,0,0,0,0,0,0,373632,128,593,1461,2323091745,4293852712,737920,0
579,1116800,0,0,0,4160,24384,311424,365696,411136,391872,721280,0,1408,305984,0,0,0,0,0,0,0,0,0,0,0,0,0,0,365568,128,590,1439,4195591571,78643163,696896,0
580,1117184,0,0,0,4160,22528,316096,354304,420096,400512,713152,0,1344,310784,0,0,0,0,0,0,0,0,0,0,0,0,0,0,354112,192,597,1456,3601655404,1372767167,690624,0
581,1116800,0,0,0,4224,8576,324672,400768,378560,358912,754368,0,1344,319424,0,0,0,0,0,0,0,0,0,0,0,0,0,0,400576,192,608,1472,1877121462,1870761484,745792,0
582,1117376,0,0,0,10880,8896,490304,408832,198464,178176,935488,0,1408,485120,0,0,0,0,0,0,0,0,0,0,0,0,0,0,408704,128,624,1513,58779301,1381661915,926592,0
583,1116288,0,0,0,4224,8832,367936,403328,331968,310656,802112,0,1344,362688,0,0,0,0,0,0,0,0,0,0,0,0,0,0,403200,128,639,1546,179806186,2556264879,793280,0
584,1116544,0,0,0,4224,8640,361152,407808,334720,315136,797888,0,1408,355840,0,0,0,0,0,0,0,0,0,0,0,0,0,0,407616,192,627,1518,2453245896,529492054,789248,0
585,1117248,0,0,0,6272,8640,379008,392448,330880,310912,802688,0,1408,373504,0,0,0,0,0,0,0,0,0,0,0,0,0,0,392320,128,613,1491,1444755556,1526387319,794048,0
586,1116864,0,0,0,6464,8832,396864,382400,322304,302528,810752,0,1408,391680,0,0,0,0,0,0,0,0,0,0,0,0,0,0,382208,192,605,1469,3163827085,1087745553,801920,0
587,1116800,0,0,0,6144,22912,431488,396672,259584,240064,873152,0,1280,426176,0,0,0,0,0,0,0,0,0,0,0,0,0,0,396480,192,617,1501,238593779,3428774578,850240,0
588,1116672,0,0,0,6016,8576,457920,348032,296128,271040,842048,0,1344,452608,0,0,0,0,0,0,0,0,0,0,0,0,0,0,347840,192,610,1458,1986096292,2525949487,833472,0
589,1117376,0,0,0,5312,8640,446336,345152,311936,292096,821760,0,1344,440960,0,0,0,0,0,0,0,0,0,0,0,0,0,0,345024,128,604,1445,261504846,1706232671,813120,0
590,1116800,0,0,0,4032,8704,446528,338880,318656,298880,814400,0,1344,441152,0,0,0,0,0,0,0,0,0,0,0,0,0,0,338752,128,596,1428,2407227589,1184444870,805696,0
591,1116736,0,0,0,3904,8768,376896,336320,390848,371008,742144,0,1344,371648,0,0,0,0,0,0,0,0,0,0,0,0,0,0,336192,128,598,1428,885503690,1804584390,733376,0
592,1116928,0,0,0,3968,8832,348224,331200,424704,405376,708032,0,1344,343104,0,0,0,0,0,0,0,0,0,0,0,0,0,0,331072,128,605,1437,3011404400,3697385089,699200,0
593,1116992,0,0,0,3968,8640,358592,332160,413632,393792,719680,0,1344,353472,0,0,0,0,0,0,0,0,0,0,0,0,0,0,331968,192,594,1422,2432992600,2639829991,711040,0
594,1116672,0,0,0,3968,10048,335744,340864,426048,405312,707776,0,1280,330624,0,0,0,0,0,0,0,0,0,0,0,0,0,0,340736,128,600,1432,523268231,1410253682,697728,0
595,1116864,0,0,0,10624,8576,442752,359104,295808,275968,837312,0,1408,437248,0,0,0,0,0,0,0,0,0,0,0,0,0,0,358976,128,591,1431,911924331,748791996,828736,0
596,1116864,0,0,0,4032,8832,345216,333760,425024,403776,709568,0,1408,339968,0,0,0,0,0,0,0,0,0,0,0,0,0,0,333568,192,590,1431,1999512011,388865157,700736,0
597,1117376,0,0,0,4032,8512,333248,323456,448128,427904,686016,0,1344,327936,0,0,0,0,0,0,0,0,0,0,0,0,0,0,323264,192,575,1390,1900757012,3438692012,677504,0
598,1116352,0,0,0,4032,8640,429760,392832,281088,261312,851520,0,1408,424576,0,0,0,0,0,0,0,0,0,0,0,0,0,0,392640,192,582,1391,591926745,1100406660,842880,0
599,1116928,0,0,0,3968,8832,312256,330496,461376,441472,671936,0,1344,307008,0,0,0,0,0,0,0,0,0,0,0,0,0,0,330304,192,585,1395,1030755944,2613701882,663104,0
600,1116672,0,0,0,4032,8704,310400,329152,464384,444864,668288,0,1344,305088,0,0,0,0,0,0,0,0,0,0,0,0,0,0,329024,128,583,1393,2067658943,1740357136,659584,0
601,1117056,0,0,0,3968,8640,315776,319552,469120,449408,664128,0,1344,310592,0,0,0,0,0,0,0,0,0,0,0,0,0,0,319360,192,586,1393,3790095260,4086051578,655488,0
602,1116928,0,0,0,4032,8896,325184,320320,458496,438912,674432,0,1408,319872,0,0,0,0,0,0,0,0,0,0,0,0,0,0,320128,192,573,1377,1689802391,3558218128,665536,0
603,1116736,0,0,0,6016,8832,317696,306688,477504,458112,655104,0,1408,312448,0,0,0,0,0,0,0,0,0,0,0,0,0,0,306496,192,571,1361,2651890816,283443255,646272,0
604,1116800,0,0,0,5888,8512,353728,313792,434880,409408,703872,0,1344,348608,0,0,0,0,0,0,0,0,0,0,0,0,0,0,313600,192,570,1364,794977614,2989260605,695360,0
605,1117184,0,0,0,5184,8832,341504,322624,439040,419456,694208,0,1344,336064,0,0,0,0,0,0,0,0,0,0,0,0,0,0,322432,192,564,1351,677559293,1657240468,685376,0
606,1116672,0,0,0,3904,8640,466496,327872,309760,290112,822976,0,1344,461312,0,0,0,0,0,0,0,0,0,0,0,0,0,0,327744,128,563,1345,1161649180,3626141970,814336,0
607,1117632,0,0,0,3904,8704,435776,302400,366848,347072,767040,0,1280,430528,0,0,0,0,0,0,0,0,0,0,0,0,0,0,302208,192,568,1346,1606194810,618440278,758336,0
608,1116288,0,0,0,3968,8832,303104,301760,498624,479104,633664,0,1344,297792,0,0,0,0,0,0,0,0,0,0,0,0,0,0,301568,192,569,1337,3111284700,1752546390,624832,0
609,1117056,0,0,0,3904,10176,384704,310912,407360,387904,725568,0,1344,379328,0,0,0,0,0,0,0,0,0,0,0,0,0,0,310784,128,566,1339,912428494,745914696,715392,0
610,1117184,0,0,0,9408,8512,447680,322176,329408,309120,804544,0,1344,442432,0,0,0,0,0,0,0,0,0,0,0,0,0,0,322048,128,566,1344,3518408463,374122370,796032,0
611,1116352,0,0,0,6144,8832,383872,342400,375104,355392,757312,0,1344,378432,0,0,0,0,0,0,0,0,0,0,0,0,0,0,342208,192,570,1349,1642804922,397595077,748480,0
612,1116992,0,0,0,6080,8768,366784,354880,380480,360640,752768,0,1344,361536,0,0,0,0,0,0,0,0,0,0,0,0,0,0,354688,192,562,1338,3999391610,4111590842,744000,0
613,1117056,0,0,0,5312,8832,480128,394752,228032,208128,905280,0,1344,474752,0,0,0,0,0,0,0,0,0,0,0,0,0,0,394624,128,568,1358,1417776882,3129213037,896448,0
614,1116736,0,0,0,3968,8896,365376,376448,362048,342464,770752,0,1216,360128,0,0,0,0,0,0,0,0,0,0,0,0,0,0,376320,128,573,1363,3487427653,3549565731,761856,0
615,1116864,0,0,0,4032,8832,340864,341760,421376,401856,711424,0,1408,335680,0,0,0,0,0,0,0,0,0,0,0,0,0,0,341632,128,570,1368,3670349252,845662915,702592,0
616,1116864,0,0,0,4032,8960,318720,328832,456320,436928,676416,0,1280,313472,0,0,0,0,0,0,0,0,0,0,0,0,0,0,328640,192,569,1354,104551928,207635754,667456,0
617,1117056,0,0,0,4928,22272,328128,348224,413504,393408,720064,0,1344,322816,0,0,0,0,0,0,0,0,0,0,0,0,0,0,348032,192,582,1385,557440745,2316142857,697792,0
618,1116608,0,0,0,8960,8640,647040,378816,73152,53312,1059712,0,1344,641728,0,0,0,0,0,0,0,0,0,0,0,0,0,0,378688,128,576,1375,3978872807,2923084604,1051072,0
619,1117056,0,0,0,4224,8896,418496,372736,312704,292992,820480,0,1344,413184,0,0,0,0,0,0,0,0,0,0,0,0,0,0,372544,192,571,1368,3384871531,2695635610,811584,0
620,1116864,0,0,0,4224,8768,378880,374144,350848,325312,788032,0,1344,373632,0,0,0,0,0,0,0,0,0,0,0,0,0,0,373952,192,569,1361,102201667,1303691168,779264,0
621,1117056,0,0,0,4160,8768,338688,379328,386112,366464,747008,0,1280,333376,0,0,0,0,0,0,0,0,0,0,0,0,0,0,379200,128,577,1401,416536671,3808376422,738240,0
622,1116544,0,0,0,4160,8832,310848,336448,456256,437120,675840,0,1344,305600,0,0,0,0,0,0,0,0,0,0,0,0,0,0,336320,128,584,1414,4096432262,3765745243,667008,0
623,1116992,0,0,0,7040,8704,325120,353472,422656,402880,710528,0,1280,319808,0,0,0,0,0,0,0,0,0,0,0,0,0,0,353280,192,577,1387,2080934662,2345311685,701824,0
624,1116928,0,0,0,6848,10240,504640,392960,202240,182400,930752,0,1408,499264,0,0,0,0,0,0,0,0,0,0,0,0,0,0,392768,192,579,1411,3146236266,2019281449,920512,0
625,1116736,0,0,0,5376,8704,455488,372800,274368,255360,857792,0,1344,450048,0,0,0,0,0,0,0,0,0,0,0,0,0,0,372608,192,572,1390,524213548,1359949719,849088,0
626,1117184,0,0,0,3904,8576,404416,363456,336832,317248,796352,0,1344,399232,0,0,0,0,0,0,0,0,0,0,0,0,0,0,363328,128,575,1399,732094374,3941229242,787776,0
627,1116672,0,0,0,3968,8384,342720,331008,430592,411008,702208,0,1344,337536,0,0,0,0,0,0,0,0,0,0,0,0,0,0,330816,192,580,1406,545241452,2943884402,693824,0
628,1116992,0,0,0,3904,8768,350720,328448,425152,405440,708032,0,1344,345408,0,0,0,0,0,0,0,0,0,0,0,0,0,0,328320,128,593,1435,3611827107,674871909,699264,0
629,1116992,0,0,0,6016,8704,335616,322688,443968,424384,689088,0,1280,330432,0,0,0,0,0,0,0,0,0,0,0,0,0,0,322496,192,596,1433,4012349604,549872759,680384,0
630,1116864,0,0,0,4544,8640,329536,322240,451904,432064,681280,0,1408,324352,0,0,0,0,0,0,0,0,0,0,0,0,0,0,322048,192,596,1434,3069767299,2761278219,672640,0
631,1116928,0,0,0,2560,8704,341184,323968,440512,420992,692352,0,1408,335680,0,0,0,0,0,0,0,0,0,0,0,0,0,0,323776,192,588,1415,1525888959,382618865,683648,0
632,1116928,0,0,0,2560,8448,345344,323648,436928,417600,695872,0,1344,340160,0,0,0,0,0,0,0,0,0,0,0,0,0,0,323456,192,591,1417,3599548022,4021715275,687424,0
633,1116864,0,0,0,2560,8640,332352,322176,451136,431616,681728,0,1344,327104,0,0,0,0,0,0,0,0,0,0,0,0,0,0,321984,192,592,1415,899216753,2959089274,673088,0
634,1117568,0,0,0,2560,8768,388416,322240,395584,375680,738304,0,1280,383040,0,0,0,0,0,0,0,0,0,0,0,0,0,0,322112,128,600,1430,1021274485,1905734492,729536,0
635,1116352,0,0,0,8576,8512,441280,324928,333056,313088,799808,0,1408,435840,0,0,0,0,0,0,0,0,0,0,0,0,0,0,324736,192,601,1429,2221927571,2105327102,791296,0
636,1116928,0,0,0,3904,8640,326912,327360,450112,424960,688384,0,1408,321536,0,0,0,0,0,0,0,0,0,0,0,0,0,0,327168,192,598,1428,4003368269,1690693432,679744,0
637,1116928,0,0,0,4032,8832,332928,325760,445376,425984,687360,0,1344,327552,0,0,0,0,0,0,0,0,0,0,0,0,0,0,325568,192,596,1429,4083046938,3011474116,678528,0
638,1117056,0,0,0,3904,8576,370880,363264,370432,347584,765952,0,1280,365568,0,0,0,0,0,0,0,0,0,0,0,0,0,0,363072,192,597,1435,2615894007,526005179,757376,0
639,1117184,0,0,0,4736,8448,396864,341824,365312,345344,768384,0,1408,391488,0,0,0,0,0,0,0,0,0,0,0,0,0,0,341696,128,599,1431,2470202314,2050272062,759936,0
640,1116672,0,0,0,3968,9728,312448,329664,460864,441280,671872,0,1280,307264,0,0,0,0,0,0,0,0,0,0,0,0,0,0,329472,192,593,1423,1959401767,3529645599,662144,0
641,1116928,0,0,0,3904,8960,315712,357952,430400,410560,702784,0,1344,310464,0,0,0,0,0,0,0,0,0,0,0,0,0,0,357824,128,593,1416,2786101115,2848592559,693824,0
642,1116544,0,0,0,8128,8576,367360,327680,404800,384960,727936,0,1344,362048,0,0,0,0,0,0,0,0,0,0,0,0,0,0,327488,192,597,1423,3272009892,1674412585,719360,0
643,1117120,0,0,0,6144,8640,302208,340096,460032,440576,672960,0,1344,296896,0,0,0,0,0,0,0,0,0,0,0,0,0,0,339968,128,589,1414,535842030,2717714149,664320,0
644,1117120,0,0,0,4992,9024,458240,346880,297984,278016,835520,0,1344,453056,0,0,0,0,0,0,0,0,0,0,0,0,0,0,346688,192,579,1399,3613029260,2229679774,826496,0
645,1116672,0,0,0,3968,8832,307328,334528,462016,442368,670784,0,1280,302144,0,0,0,0,0,0,0,0,0,0,0,0,0,0,334336,192,582,1406,3127706790,1542483411,661952,0
646,1117120,0,0,0,4032,8640,344192,334848,425408,405632,707968,0,1280,339072,0,0,0,0,0,0,0,0,0,0,0,0,0,0,334720,128,584,1394,609074920,13781447,699328,0
647,1116736,0,0,0,4032,22592,320768,340928,428416,408896,704256,0,1344,315328,0,0,0,0,0,0,0,0,0,0,0,0,0,0,340736,192,585,1395,4226299535,1869533046,681664,0
648,1116800,0,0,0,6080,8832,372480,376000,353408,333568,779584,0,1344,367104,0,0,0,0,0,0,0,0,0,0,0,0,0,0,375872,128,592,1404,894130884,21393327,770752,0
649,1116672,0,0,0,13824,9344,514752,392896,185856,165888,946752,0,1344,509376,0,0,0,0,0,0,0,0,0,0,0,0,0,0,392768,128,583,1388,1859821343,3174162633,937408,0
650,1116800,0,0,0,6144,9280,403392,375424,322560,303040,809856,0,1408,398144,0,0,0,0,0,0,0,0,0,0,0,0,0,0,375232,192,593,1414,3331668326,2609398904,800576,0
651,1117312,0,0,0,5376,9088,420608,380736,301504,281536,831808,0,1280,415232,0,0,0,0,0,0,0,0,0,0,0,0,0,0,380608,128,593,1421,3596953280,3475623524,822720,0
652,1116608,0,0,0,4160,8960,542784,361216,199488,174272,938496,0,1408,537536,0,0,0,0,0,0,0,0,0,0,0,0,0,0,361088,128,595,1446,1556396346,4263652777,929536,0
653,1116928,0,0,0,4096,8768,299584,377792,426688,407488,705792,0,1280,294336,0,0,0,0,0,0,0,0,0,0,0,0,0,0,377664,128,599,1457,281714593,3317369499,697024,0
654,1116992,0,0,0,4032,8640,294272,343744,466304,446976,666496,0,1408,289024,0,0,0,0,0,0,0,0,0,0,0,0,0,0,343552,192,605,1470,23839237,1665388841,657856,0
655,1116800,0,0,0,4096,10112,303296,382208,417088,397696,715520,0,1408,297984,0,0,0,0,0,0,0,0,0,0,0,0,0,0,382080,128,604,1469,2713417917,2294905456,705408,0
656,1116992,0,0,0,4096,8640,298880,379712,425664,406464,707008,0,1408,293440,0,0,0,0,0,0,0,0,0,0,0,0,0,0,379520,192,603,1455,2210536309,650994627,698368,0
657,1117312,0,0,0,6016,8704,285760,369792,447040,427072,686592,0,1344,280448,0,0,0,0,0,0,0,0,0,0,0,0,0,0,369664,128,607,1465,2677846139,2497359487,677888,0
658,1116352,0,0,0,5376,8576,415744,364416,322240,302528,810304,0,1408,410432,0,0,0,0,0,0,0,0,0,0,0,0,0,0,364288,128,595,1436,2347973029,1148440457,801728,0
659,1116992,0,0,0,4032,8576,320768,375488,408128,388096,725376,0,1408,315648,0,0,0,0,0,0,0,0,0,0,0,0,0,0,375296,192,596,1431,4188261035,3048509188,716800,0
660,1117120,0,0,0,3968,8448,308032,346496,450176,430592,683072,0,1344,302912,0,0,0,0,0,0,0,0,0,0,0,0,0,0,346304,192,584,1393,1781551801,355926009,674624,0
661,1116864,0,0,0,4800,8640,352576,370176,380672,360640,752640,0,1344,347200,0,0,0,0,0,0,0,0,0,0,0,0,0,0,370048,128,584,1394,2552989375,835477113,744000,0
662,1117184,0,0,0,3968,8448,318336,371520,414912,395008,718720,0,1408,312960,0,0,0,0,0,0,0,0,0,0,0,0,0,0,371392,128,589,1400,1007785977,378534498,710272,0
663,1117056,0,0,0,3904,8704,328384,340800,435264,415232,698240,0,1344,323136,0,0,0,0,0,0,0,0,0,0,0,0,0,0,340672,128,576,1376,52860069,1692708014,689536,0
664,1116736,0,0,0,3968,8896,311040,301056,491776,471936,641280,0,1344,305856,0,0,0,0,0,0,0,0,0,0,0,0,0,0,300864,192,571,1370,1443711200,2371184927,632384,0
665,1116736,0,0,0,3968,8640,282752,302144,519232,499712,613568,0,1280,277504,0,0,0,0,0,0,0,0,0,0,0,0,0,0,301952,192,576,1378,2042002355,949009340,604928,0
666,1117184,0,0,0,3904,8704,288384,301376,514816,494912,618752,0,1280,283136,0,0,0,0,0,0,0,0,0,0,0,0,0,0,301184,192,575,1373,499606626,2854963321,610048,0
667,1116672,0,0,0,3968,8832,374144,331008,398720,379200,734016,0,1344,368896,0,0,0,0,0,0,0,0,0,0,0,0,0,0,330816,192,587,1395,3985644816,696440697,725184,0
668,1116992,0,0,0,4032,8704,429120,355648,319488,294208,819200,0,1344,423744,0,0,0,0,0,0,0,0,0,0,0,0,0,0,355456,192,579,1381,2703036057,4025191756,810496,0
669,1117184,0,0,0,3968,8640,391744,327488,385344,365568,748032,0,1408,386496,0,0,0,0,0,0,0,0,0,0,0,0,0,0,327296,192,592,1410,1781929377,2546252524,739392,0
670,1116864,0,0,0,10624,24064,630656,408256,43264,23424,1089792,0,1408,625472,0,0,0,0,0,0,0,0,0,0,0,0,0,0,408064,192,593,1409,2556661055,1382461091,1065728,0
671,1116864,0,0,0,4160,23296,370048,358784,360576,341056,772288,0,1408,364672,0,0,0,0,0,0,0,0,0,0,0,0,0,0,358592,192,594,1422,4084445173,2498185484,748992,0
672,1116928,0,0,0,4160,22912,354176,344448,391232,371776,741568,0,1472,348736,0,0,0,0,0,0,0,0,0,0,0,0,0,0,344256,192,589,1413,3106172244,1093081358,718656,0
673,1116928,0,0,0,4096,8704,328512,375296,400320,380544,732800,0,1344,323200,0,0,0,0,0,0,0,0,0,0,0,0,0,0,375104,192,576,1401,1280999274,488350883,724096,0
674,1116544,0,0,0,4096,8832,292736,377920,432960,413568,699392,0,1408,287488,0,0,0,0,0,0,0,0,0,0,0,0,0,0,377728,192,584,1405,1560298996,3243987201,690560,0
675,1116736,0,0,0,9216,8896,418752,370496,309376,289728,823424,0,1408,413376,0,0,0,0,0,0,0,0,0,0,0,0,0,0,370304,192,605,1439,3509823804,1092380991,814528,0
676,1116992,0,0,0,4224,8576,315520,349120,439552,419584,693888,0,1408,310272,0,0,0,0,0,0,0,0,0,0,0,0,0,0,348928,192,598,1409,3496671263,372246155,685312,0
677,1116992,0,0,0,9792,22912,657600,348160,78528,58496,1054848,0,1344,652416,0,0,0,0,0,0,0,0,0,0,0,0,0,0,347968,192,618,1455,1466259946,2709771195,1031936,0
678,1116672,0,0,0,4352,8640,380416,342912,380352,360704,752448,0,1344,375296,0,0,0,0,0,0,0,0,0,0,0,0,0,0,342784,128,616,1469,3783101270,1915158138,743808,0
679,1117184,0,0,0,4416,8896,380864,340928,382080,362624,750912,0,1344,375616,0,0,0,0,0,0,0,0,0,0,0,0,0,0,340736,192,612,1459,3890071681,443280623,742016,0
680,1116864,0,0,0,4544,8896,374592,333056,395776,376192,737152,0,1344,369472,0,0,0,0,0,0,0,0,0,0,0,0,0,0,332864,192,611,1451,1854583340,430095404,728256,0
681,1116800,0,0,0,4480,8640,355264,333824,414592,395072,718144,0,1344,350080,0,0,0,0,0,0,0,0,0,0,0,0,0,0,333632,192,615,1455,1189363146,4076793194,709504,0
682,1116672,0,0,0,5440,8512,355904,333248,413568,394048,719104,0,1408,350720,0,0,0,0,0,0,0,0,0,0,0,0,0,0,333120,128,614,1450,2600517446,2057105227,710592,0
683,1117504,0,0,0,5376,22784,490752,433920,164672,144384,969536,0,1280,485632,0,0,0,0,0,0,0,0,0,0,0,0,0,0,433728,192,609,1454,852649811,3895190118,946752,0
684,1116160,0,0,0,7296,23488,268672,363200,453504,428032,684544,0,1408,263232,0,0,0,0,0,0,0,0,0,0,0,0,0,0,363008,192,610,1456,146524216,2176591677,661056,0
685,1116800,0,0,0,6400,23296,253184,350912,483008,463296,649856,0,1280,248000,0,0,0,0,0,0,0,0,0,0,0,0,0,0,350720,192,605,1447,1253569013,2678116021,626560,0
686,1116736,0,0,0,5440,9920,245056,345920,510400,490560,622656,0,1344,239744,0,0,0,0,0,0,0,0,0,0,0,0,0,0,345792,128,605,1441,1587066847,3314340421,612736,0
687,1117248,0,0,0,4096,8576,264320,370688,469568,449920,663744,0,1344,259200,0,0,0,0,0,0,0,0,0,0,0,0,0,0,370496,192,609,1454,1196399777,3239896574,655168,0
688,1116608,0,0,0,4224,8704,295872,348032,459776,440320,672704,0,1344,290688,0,0,0,0,0,0,0,0,0,0,0,0,0,0,347904,128,612,1457,2187219127,1295785488,664000,0
689,1116864,0,0,0,4160,8448,343360,393600,367296,347712,765696,0,1344,338112,0,0,0,0,0,0,0,0,0,0,0,0,0,0,393472,128,613,1458,3936571863,2949070448,757248,0
690,1116928,0,0,0,6144,8960,337984,355200,408640,389312,723904,0,1408,332800,0,0,0,0,0,0,0,0,0,0,0,0,0,0,355008,192,608,1431,3061303640,1396163296,714944,0
691,1116928,0,0,0,6016,8768,320256,322688,459200,439744,673472,0,1408,315136,0,0,0,0,0,0,0,0,0,0,0,0,0,0,322496,192,618,1445,4223535079,546004361,664704,0
692,1116864,0,0,0,5440,8640,320640,309120,473024,453696,659648,0,1280,315200,0,0,0,0,0,0,0,0,0,0,0,0,0,0,308928,192,608,1425,730980423,2562114941,651008,0
693,1117056,0,0,0,3968,8896,294016,319424,490752,470976,642496,0,1344,288832,0,0,0,0,0,0,0,0,0,0,0,0,0,0,319296,128,603,1417,3845529376,2364693307,633600,0
694,1116992,0,0,0,3968,8768,311616,315776,476864,457216,656256,0,1280,306496,0,0,0,0,0,0,0,0,0,0,0,0,0,0,315584,192,599,1416,4039873512,1871552629,647488,0
695,1116928,0,0,0,4032,8896,321664,318208,464128,444736,668736,0,1408,316352,0,0,0,0,0,0,0,0,0,0,0,0,0,0,318016,192,592,1409,1531713759,4213851663,659840,0
696,1116992,0,0,0,4032,8640,333888,339456,430976,411072,702336,0,1408,328704,0,0,0,0,0,0,0,0,0,0,0,0,0,0,339328,128,596,1416,119454614,1763750506,693696,0
697,1116672,0,0,0,9920,8896,487168,386368,224320,204736,908352,0,1344,481792,0,0,0,0,0,0,0,0,0,0,0,0,0,0,386176,192,582,1391,1356049884,315731193,899456,0
698,1677248,0,0,0,14784,23680,753024,428416,457344,436544,1236992,0,3264,742592,0,0,0,0,0,0,0,0,0,0,0,0,0,0,428288,128,604,1446,1996596241,1183523918,1213312,0
699,1116928,0,0,0,9920,23552,435456,424320,223680,203520,909760,0,1408,430080,0,0,0,0,0,0,0,0,0,0,0,0,0,0,424128,192,592,1425,3680525658,1140824569,886208,0
700,1116672,0,0,0,4480,23168,412288,412224,264512,239168,873984,0,1472,406976,0,0,0,0,0,0,0,0,0,0,0,0,0,0,412032,192,599,1439,1628466199,1540619727,850816,0
701,1117056,0,0,0,4480,24320,421504,408896,257856,238272,875200,0,1344,416256,0,0,0,0,0,0,0,0,0,0,0,0,0,0,408704,192,599,1432,89696894,292277788,850880,0
702,1116736,0,0,0,4480,8704,292608,411968,398976,379328,733888,0,1280,287296,0,0,0,0,0,0,0,0,0,0,0,0,0,0,411776,192,599,1432,1436962604,2364555382,725184,0
703,1116928,0,0,0,4480,8576,294976,400704,408192,388608,724800,0,1344,289728,0,0,0,0,0,0,0,0,0,0,0,0,0,0,400576,128,597,1431,2830426395,1779351011,716224,0
704,1677824,0,0,0,11264,8768,637440,482560,537792,517568,1156608,0,1408,632128,0,0,0,0,0,0,0,0,0,0,0,0,0,0,482368,192,601,1450,3554321363,218810698,1147840,0
705,1116032,0,0,0,7808,8640,380736,397184,321664,302016,810560,0,1408,375424,0,0,0,0,0,0,0,0,0,0,0,0,0,0,396992,192,610,1459,301700761,475474210,801920,0
706,1117120,0,0,0,7040,8960,437568,470592,192960,173440,940096,0,1408,432256,0,0,0,0,0,0,0,0,0,0,0,0,0,0,470400,192,602,1495,1189465250,2398995150,931136,0
707,1116928,0,0,0,6080,23232,332096,347328,408192,388288,725056,0,1280,326848,0,0,0,0,0,0,0,0,0,0,0,0,0,0,347136,192,568,1411,720814104,918081923,701824,0
708,1117952,0,0,0,6080,8896,306688,357184,439104,418432,695872,0,1408,301568,0,0,0,0,0,0,0,0,0,0,0,0,0,0,356928,256,536,1323,1341094787,3279235754,686976,0
709,1116992,0,0,0,8896,9024,297152,356544,445376,423616,689728,0,1408,291776,0,0,0,0,0,0,0,0,0,0,0,0,0,0,356416,128,526,1303,3059076382,1808767923,680704,0
710,1117120,0,0,0,9152,8960,312256,363456,423296,401664,711808,0,1280,306752,0,0,0,0,0,0,0,0,0,0,0,0,0,0,363264,192,526,1294,2503408544,3324496158,702848,0
711,1117248,0,0,0,8128,8960,436992,373824,289344,267584,845952,0,1344,431808,0,0,0,0,0,0,0,0,0,0,0,0,0,0,373696,128,515,1290,1453943151,3731737781,836992,0
712,1116288,0,0,0,5632,9024,362176,380672,358784,337408,775424,0,1280,356800,0,0,0,0,0,0,0,0,0,0,0,0,0,0,380544,128,515,1281,1796622533,2529201478,766400,0
713,1116864,0,0,0,6592,9024,311168,366912,423168,400896,712384,0,1408,305856,0,0,0,0,0,0,0,0,0,0,0,0,0,0,366784,128,512,1273,2576614024,1262972271,703360,0
714,1116800,0,0,0,5632,8832,301248,369792,431296,409792,703488,0,1280,296128,0,0,0,0,0,0,0,0,0,0,0,0,0,0,369600,192,518,1290,1332515756,3529333291,694656,0
715,1116800,0,0,0,5760,8960,342912,404160,355008,333760,779392,0,1408,337536,0,0,0,0,0,0,0,0,0,0,0,0,0,0,404032,128,521,1294,2015829893,1627156511,770432,0
716,1116864,0,0,0,5888,10304,298688,372928,429056,402240,711104,0,1344,293440,0,0,0,0,0,0,0,0,0,0,0,0,0,0,372736,192,516,1279,1293657358,2076317755,700800,0
717,1117440,0,0,0,5824,8960,288256,369344,445056,423232,690688,0,1344,282944,0,0,0,0,0,0,0,0,0,0,0,0,0,0,369216,128,506,1255,3645317893,192125237,681728,0
718,1116288,0,0,0,6656,8896,279680,384128,436928,415360,697344,0,1280,274240,0,0,0,0,0,0,0,0,0,0,0,0,0,0,383936,192,504,1253,1884459558,3062653161,688448,0
719,1116928,0,0,0,10560,8960,306048,353856,437504,416064,697280,0,1344,300672,0,0,0,0,0,0,0,0,0,0,0,0,0,0,353664,192,505,1256,782805790,4243737122,688320,0
720,1116736,0,0,0,5888,8960,342912,371264,387712,366592,746624,0,1344,337536,0,0,0,0,0,0,0,0,0,0,0,0,0,0,371072,192,501,1248,227193636,3495292682,737664,0
721,1116928,0,0,0,5824,8896,279424,354112,468672,447040,666304,0,1408,274048,0,0,0,0,0,0,0,0,0,0,0,0,0,0,353920,192,502,1247,2469628387,269354139,657408,0
722,1117056,0,0,0,5952,8832,366592,350080,385600,364160,749312,0,1344,361216,0,0,0,0,0,0,0,0,0,0,0,0,0,0,349952,128,514,1261,2780372797,895646744,740480,0
723,1116800,0,0,0,6016,8960,313408,350848,437568,416192,697088,0,1472,308096,0,0,0,0,0,0,0,0,0,0,0,0,0,0,350656,192,514,1261,309061533,1369344423,688128,0
724,1116672,0,0,0,6016,8960,309888,350848,440960,419584,693568,0,1344,304640,0,0,0,0,0,0,0,0,0,0,0,0,0,0,350656,192,519,1265,2340595311,4269213208,684608,0
725,1116928,0,0,0,6016,8960,334528,350592,416832,395584,717760,0,1344,329344,0,0,0,0,0,0,0,0,0,0,0,0,0,0,350400,192,511,1251,3388339935,328679217,708800,0
726,1119488,0,0,0,6080,8832,303872,352000,448704,424128,691776,0,1344,298560,0,0,0,0,0,0,0,0,0,0,0,0,0,0,351808,192,519,1265,3147582458,2674996983,682944,0
727,1114432,0,0,0,6784,8768,315200,349568,434112,412608,698240,0,1280,309952,0,0,0,0,0,0,0,0,0,0,0,0,0,0,349440,128,517,1269,2688623583,2671178121,689472,0
728,1117184,0,0,0,17344,9408,437376,358080,294976,273728,839360,0,1344,432192,0,0,0,0,0,0,0,0,0,0,0,0,0,0,357952,128,522,1279,1610331999,872354667,829952,0
729,1116416,0,0,0,8064,9088,309696,362432,427136,405760,707072,0,1280,304448,0,0,0,0,0,0,0,0,0,0,0,0,0,0,362240,192,527,1285,1308669513,427747438,697984,0
730,1117184,0,0,0,7296,8896,321856,364992,414144,392768,720704,0,1280,316672,0,0,0,0,0,0,0,0,0,0,0,0,0,0,364864,128,525,1288,1852610950,3254191384,711808,0
731,1116736,0,0,0,5888,9984,304768,362176,433920,412544,700608,0,1280,299456,0,0,0,0,0,0,0,0,0,0,0,0,0,0,362048,128,522,1278,3137923259,1814894403,690624,0
732,1116864,0,0,0,6784,8704,359744,365504,376128,349120,764224,0,1344,354624,0,0,0,0,0,0,0,0,0,0,0,0,0,0,365312,192,516,1263,1125728727,2492238749,755520,0
733,1117312,0,0,0,5888,8704,368640,415680,318400,296896,816896,0,1344,363456,0,0,0,0,0,0,0,0,0,0,0,0,0,0,415488,192,515,1259,3983781957,2135178783,808192,0
734,1116672,0,0,0,6016,8960,319744,363840,418112,396736,716416,0,1344,314432,0,0,0,0,0,0,0,0,0,0,0,0,0,0,363712,128,513,1260,1528699230,1679566602,707456,0
735,1117056,0,0,0,8256,9280,459968,381632,257920,236544,876736,0,1408,454784,0,0,0,0,0,0,0,0,0,0,0,0,0,0,381440,192,509,1264,341082338,1955366564,867456,0
736,1116608,0,0,0,8256,9152,322496,349888,426816,405248,707712,0,1280,317248,0,0,0,0,0,0,0,0,0,0,0,0,0,0,349760,128,510,1265,2899685409,951016359,698560,0
737,1116864,0,0,0,12864,23488,469888,371520,239104,217536,895744,0,1472,464512,0,0,0,0,0,0,0,0,0,0,0,0,0,0,371328,192,509,1249,1425879166,3929161398,872256,0
738,1116736,0,0,0,8000,8832,347904,368960,383040,361472,751744,0,1344,342656,0,0,0,0,0,0,0,0,0,0,0,0,0,0,368768,192,511,1242,2052958574,3178927864,742912,0
739,1116800,0,0,0,7168,8896,454336,377536,268864,247488,865728,0,1408,448896,0,0,0,0,0,0,0,0,0,0,0,0,0,0,377408,128,501,1240,2600959219,1370063071,856832,0
740,1116928,0,0,0,6784,8960,329984,362944,408256,387520,725824,0,1344,324800,0,0,0,0,0,0,0,0,0,0,0,0,0,0,362816,128,504,1245,1624438423,4083387236,716864,0
741,1116928,0,0,0,5888,8832,387840,364032,350336,328896,784448,0,1344,382528,0,0,0,0,0,0,0,0,0,0,0,0,0,0,363840,192,520,1265,754044623,977565584,775616,0
742,1116992,0,0,0,6016,9024,362560,360576,378816,357568,755904,0,1408,357376,0,0,0,0,0,0,0,0,0,0,0,0,0,0,360448,128,515,1246,1906216141,1037608727,746880,0
743,1116928,0,0,0,8064,8896,408704,354432,336832,315392,797952,0,1344,403392,0,0,0,0,0,0,0,0,0,0,0,0,0,0,354240,192,519,1248,3426583876,3364603162,789056,0
744,1116608,0,0,0,7040,8896,407168,351168,342336,321216,791808,0,1408,401856,0,0,0,0,0,0,0,0,0,0,0,0,0,0,351040,128,522,1264,874382623,3304315222,782912,0
745,1117120,0,0,0,10624,9024,400768,355392,341312,320000,793536,0,1344,395392,0,0,0,0,0,0,0,0,0,0,0,0,0,0,355264,128,523,1267,883117783,1584713019,784512,0
746,1116672,0,0,0,5824,10624,365376,358784,376064,354944,758144,0,1344,360192,0,0,0,0,0,0,0,0,0,0,0,0,0,0,358592,192,523,1261,374836714,2291030721,747520,0
747,1117312,0,0,0,7936,9088,384064,352000,364224,342720,770944,0,1344,378816,0,0,0,0,0,0,0,0,0,0,0,0,0,0,351808,192,529,1285,3690476149,1135417455,761856,0
748,1116864,0,0,0,8000,9152,388096,357376,354240,326976,786176,0,1344,382656,0,0,0,0,0,0,0,0,0,0,0,0,0,0,357184,192,531,1281,544946278,3818972471,777024,0
749,1116928,0,0,0,9152,9024,372032,358592,368128,345344,767872,0,1984,364928,0,0,0,0,0,0,0,0,0,0,0,0,0,0,358400,192,534,1285,4170060330,854638484,758848,0
750,1116800,0,0,0,6848,8576,417216,374784,309376,288192,825024,0,1408,411776,0,0,0,0,0,0,0,0,0,0,0,0,0,0,374592,192,524,1278,3332284824,3419125086,816448,0
751,1116992,0,0,0,5952,9088,316736,365568,419648,398528,715008,0,1280,311488,0,0,0,0,0,0,0,0,0,0,0,0,0,0,365440,128,527,1266,3505511283,1215819515,705920,0
752,1116928,0,0,0,5952,8960,367616,366272,368128,346880,766592,0,1344,362368,0,0,0,0,0,0,0,0,0,0,0,0,0,0,366144,128,536,1293,2364039730,4117229836,757632,0
753,1116800,0,0,0,8064,9152,363712,353792,382080,360256,752896,0,1344,358400,0,0,0,0,0,0,0,0,0,0,0,0,0,0,353600,192,518,1250,5914643,2659024178,743744,0
754,1117248,0,0,0,12288,8704,488320,400448,207488,185088,928576,0,1344,483136,0,0,0,0,0,0,0,0,0,0,0,0,0,0,400320,128,512,1260,4015460915,492841040,919872,0
755,1116416,0,0,0,8192,8896,409408,400256,289664,268352,844480,0,1344,404096,0,0,0,0,0,0,0,0,0,0,0,0,0,0,400128,128,510,1264,4025948881,699433945,835584,0
756,1116736,0,0,0,5760,8832,452480,375424,274240,252608,860544,0,1408,447168,0,0,0,0,0,0,0,0,0,0,0,0,0,0,375296,128,514,1281,3442244725,1647748329,851712,0
757,1116736,0,0,0,8192,9280,494656,389824,214784,193984,918976,0,1344,489280,0,0,0,0,0,0,0,0,0,0,0,0,0,0,389632,192,514,1281,1636531119,3969087041,909696,0
758,1116992,0,0,0,8256,9216,683264,381312,34944,13952,1099264,0,1344,678016,0,0,0,0,0,0,0,0,0,0,0,0,0,0,381184,128,521,1291,695669907,2099256977,1090048,0
759,1116800,0,0,0,6912,8768,498560,391040,211520,190528,922624,0,1344,493184,0,0,0,0,0,0,0,0,0,0,0,0,0,0,390848,192,513,1275,2062840982,3452651446,913856,0
760,1117312,0,0,0,5696,8704,550784,400192,151936,130496,983296,0,1344,545408,0,0,0,0,0,0,0,0,0,0,0,0,0,0,400064,128,519,1284,1291485985,2320421089,974592,0
761,1116544,0,0,0,5760,10240,691264,378112,31168,9728,1103360,0,1280,685824,0,0,0,0,0,0,0,0,0,0,0,0,0,0,377920,192,510,1271,704789789,3318717693,1093120,0
762,1117248,0,0,0,5760,9152,492416,360576,249344,227456,886208,0,1408,487104,0,0,0,0,0,0,0,0,0,0,0,0,0,0,360448,128,507,1267,2443056360,3765190467,877056,0
763,1116608,0,0,0,5760,9024,476672,366528,258624,236992,876160,0,1408,471424,0,0,0,0,0,0,0,0,0,0,0,0,0,0,366400,128,526,1300,1364759828,1671214622,867136,0
764,1116800,0,0,0,5952,8960,505920,368832,227136,200384,912896,0,1344,500544,0,0,0,0,0,0,0,0,0,0,0,0,0,0,368640,192,523,1295,1777008423,3612358766,903936,0
765,1116928,0,0,0,7232,8896,477312,357568,265920,244288,868928,0,1408,472192,0,0,0,0,0,0,0,0,0,0,0,0,0,0,357376,192,524,1290,3074098956,2367765253,860032,0
766,1117120,0,0,0,10688,9216,477440,371776,248000,223744,889728,0,1344,472064,0,0,0,0,0,0,0,0,0,0,0,0,0,0,371520,256,520,1289,695279830,1581984235,880512,0
767,1116928,0,0,0,5760,23040,360896,344768,382464,361280,752192,0,1344,355712,0,0,0,0,0,0,0,0,0,0,0,0,0,0,344512,256,514,1274,2064317,90446403,729152,0
768,1116928,0,0,0,7808,8640,356480,343232,400768,379712,733632,0,1280,351232,0,0,0,0,0,0,0,0,0,0,0,0,0,0,343104,128,522,1278,2740868337,2698036926,724992,0
769,1116800,0,0,0,7872,9088,372032,337152,390656,369152,744064,0,1408,366784,0,0,0,0,0,0,0,0,0,0,0,0,0,0,336960,192,501,1252,2726711025,3329381741,734976,0
770,1116800,0,0,0,6976,8960,313280,367104,420480,399296,713856,0,1408,308032,0,0,0,0,0,0,0,0,0,0,0,0,0,0,366912,192,509,1266,1888335907,1241578504,704896,0
771,1117056,0,0,0,7424,8896,438656,383232,278848,257472,856000,0,1344,432832,0,0,0,0,0,0,0,0,0,0,0,0,0,0,383040,192,505,1256,2071126890,2346006677,847104,0
772,1116736,0,0,0,6400,8512,334720,349760,417344,395712,717504,0,1344,329472,0,0,0,0,0,0,0,0,0,0,0,0,0,0,349632,128,514,1288,2594483985,2899956214,708992,0
773,1116928,0,0,0,7744,8960,349760,342656,407808,386496,726848,0,1344,344512,0,0,0,0,0,0,0,0,0,0,0,0,0,0,342528,128,513,1268,1354048404,2398671844,717888,0
774,1117184,0,0,0,8384,9280,412096,370432,316992,295680,817664,0,1344,406784,0,0,0,0,0,0,0,0,0,0,0,0,0,0,370240,192,525,1293,459875362,690033886,808384,0
775,1116544,0,0,0,5440,9152,348416,353856,399680,378432,734592,0,1344,343168,0,0,0,0,0,0,0,0,0,0,0,0,0,0,353728,128,516,1318,2773238891,2486150326,725440,0
776,1116864,0,0,0,5504,8960,351360,353728,397312,376384,736896,0,1408,346112,0,0,0,0,0,0,0,0,0,0,0,0,0,0,353536,192,535,1370,3046180965,2609996346,727936,0
777,1117312,0,0,0,6336,10048,484032,355008,261888,240000,873856,0,1344,478720,0,0,0,0,0,0,0,0,0,0,0,0,0,0,354816,192,589,1518,183673005,2091612452,863808,0
778,1676672,0,0,0,5440,8832,456512,813248,392640,371456,1301632,0,1344,451264,0,0,0,0,0,0,0,0,0,0,0,0,0,0,813120,128,609,1523,2767931284,2641976228,1292800,0
779,1116736,0,0,0,5440,8896,375488,365440,361472,340288,772928,0,1344,370176,0,0,0,0,0,0,0,0,0,0,0,0,0,0,365248,192,603,1471,3557924250,4200561836,764032,0
780,1116864,0,0,0,10944,8960,602176,380160,114624,87488,1025728,0,1280,596992,0,0,0,0,0,0,0,0,0,0,0,0,0,0,379968,192,613,1473,758307756,3937978042,1016768,0
781,1117056,0,0,0,4096,9152,468864,369856,265088,243904,869568,0,1344,463488,0,0,0,0,0,0,0,0,0,0,0,0,0,0,369728,128,627,1504,917871190,1978767361,860416,0
782,1116992,0,0,0,4160,8960,477824,357312,268736,247488,865920,0,1344,472512,0,0,0,0,0,0,0,0,0,0,0,0,0,0,357184,128,629,1496,2434706903,1297412177,856960,0
783,1116736,0,0,0,4096,9216,445312,404864,253248,232384,880768,0,1408,439936,0,0,0,0,0,0,0,0,0,0,0,0,0,0,404672,192,634,1505,57653753,1640274540,871552,0
784,1117184,0,0,0,4800,8960,491392,380992,231040,209664,904000,0,1408,486080,0,0,0,0,0,0,0,0,0,0,0,0,0,0,380864,128,638,1519,2235650142,3010697454,895040,0
785,1116800,0,0,0,5696,8896,468544,368576,265088,243968,869248,0,1344,463296,0,0,0,0,0,0,0,0,0,0,0,0,0,0,368384,192,634,1511,3405319097,1238429498,860352,0
786,1117376,0,0,0,5120,9088,476992,481856,144320,122304,991488,0,1408,471680,0,0,0,0,0,0,0,0,0,0,0,0,0,0,481664,192,637,1518,1090019554,2959361367,982400,0
787,1116416,0,0,0,6144,8960,346816,398208,356288,335040,777792,0,1280,341440,0,0,0,0,0,0,0,0,0,0,0,0,0,0,398016,192,633,1507,3642389118,604470455,768832,0
788,1117248,0,0,0,5376,8832,348608,386560,367872,346304,767232,0,1408,343296,0,0,0,0,0,0,0,0,0,0,0,0,0,0,386432,128,632,1506,737552799,125937472,758400,0
789,1116480,0,0,0,6080,8960,357056,396864,347520,326208,786624,0,1408,351936,0,0,0,0,0,0,0,0,0,0,0,0,0,0,396672,192,631,1500,4076142923,3912244722,777664,0
790,1117120,0,0,0,6016,9152,459264,419776,222912,201280,912256,0,1344,453952,0,0,0,0,0,0,0,0,0,0,0,0,0,0,419648,128,628,1491,2631451814,165011805,903104,0
791,1116864,0,0,0,4480,8896,567104,415296,121088,99840,1013504,0,1408,561856,0,0,0,0,0,0,0,0,0,0,0,0,0,0,415104,192,627,1506,2711460169,1798784845,1004608,0
792,1677440,0,0,0,9984,25088,795264,445568,401536,379968,1293824,0,1408,789888,0,0,0,0,0,0,0,0,0,0,0,0,0,0,445440,128,642,1533,2409145514,3167681648,1268736,0
793,1116416,0,0,0,4864,23552,493952,416704,177344,155968,956992,0,1280,488640,0,0,0,0,0,0,0,0,0,0,0,0,0,0,416512,192,637,1516,2263138229,155789363,933440,0
794,1117056,0,0,0,3968,23040,425024,396928,268096,246592,867008,0,1280,419648,0,0,0,0,0,0,0,0,0,0,0,0,0,0,396800,128,640,1524,2350170501,2729655857,843968,0
795,1116992,0,0,0,3904,8960,420352,410752,273024,251456,862016,0,1344,414976,0,0,0,0,0,0,0,0,0,0,0,0,0,0,410560,192,642,1538,2907623539,347206880,853056,0
796,1116544,0,0,0,3840,9024,429824,420800,253056,225920,887168,0,1408,424576,0,0,0,0,0,0,0,0,0,0,0,0,0,0,420608,192,643,1538,2630298718,4245129872,878144,0
797,1116864,0,0,0,3968,23424,487232,432384,169856,148736,964544,0,1408,481920,0,0,0,0,0,0,0,0,0,0,0,0,0,0,432192,192,643,1532,1325366913,1882784277,941120,0
798,1117056,0,0,0,3904,8896,506304,456064,141888,120128,993344,0,1408,500992,0,0,0,0,0,0,0,0,0,0,0,0,0,0,455936,128,634,1519,628382609,778861973,984448,0
799,1677184,0,0,0,10112,9088,535936,560832,561216,534208,1139008,0,1280,530752,0,0,0,0,0,0,0,0,0,0,0,14976,0,0,560704,128,644,1548,964074350,1375650928,1129920,0
800,1116736,0,0,0,4480,9472,536128,501184,65472,44096,1068608,0,1408,530752,0,0,0,0,0,0,0,0,0,0,0,0,0,0,500992,192,650,1575,2906727021,4038419289,1059136,0
801,1117120,0,0,0,4096,9024,570816,493376,39808,18496,1094656,0,1344,565440,0,0,0,0,0,0,0,0,0,0,0,0,0,0,493184,192,656,1589,899556857,2466682318,1085632,0
802,1116608,0,0,0,4096,9408,519104,503808,80192,58880,1053760,0,1344,513728,0,0,0,0,0,0,0,0,0,0,0,0,0,0,503616,192,650,1583,1544471762,2305672507,1044352,0
803,1116864,0,0,0,4160,9280,440128,503232,160064,139008,974016,0,1344,434880,0,0,0,0,0,0,0,0,0,0,0,0,0,0,503040,192,656,1583,1195781544,189486412,964736,0
804,1117120,0,0,0,4160,9280,412928,476928,213824,192960,920192,0,1408,407552,0,0,0,0,0,0,0,0,0,0,0,0,0,0,476736,192,656,1588,2974076554,3542319633,910912,0
805,1116800,0,0,0,6208,9344,397696,448768,254784,233344,879488,0,1344,392384,0,0,0,0,0,0,0,0,0,0,0,0,0,0,448576,192,642,1551,1744354221,56851089,870144,0
806,1117120,0,0,0,6080,9856,415296,424832,261056,239488,873344,0,1408,409984,0,0,0,0,0,0,0,0,0,0,0,0,0,0,424640,192,633,1532,3809763200,4158914073,863488,0
807,1116736,0,0,0,5568,10816,409664,403392,287296,266304,846400,0,1472,404288,0,0,0,0,0,0,0,0,0,0,0,0,0,0,403264,128,632,1538,3097043994,3170947024,835584,0
808,1116992,0,0,0,8384,9664,455616,480896,162432,141120,971712,0,1408,450304,0,0,0,0,0,0,0,0,0,0,0,0,0,0,480768,128,631,1535,2736580715,611047909,962048,0
809,1117120,0,0,0,4160,9088,392448,410752,300672,279232,833984,0,1344,387008,0,0,0,0,0,0,0,0,0,0,0,0,0,0,410560,192,633,1532,78451952,3919853695,824896,0
810,1116544,0,0,0,4160,9088,369408,397632,336256,314944,797632,0,1408,364096,0,0,0,0,0,0,0,0,0,0,0,0,0,0,397376,256,625,1512,1013282444,2658218174,788544,0
811,1117120,0,0,0,6272,9536,366656,433472,301184,279872,833216,0,1280,361280,0,0,0,0,0,0,0,0,0,0,0,0,0,0,433280,192,622,1503,3058308923,2440717993,823680,0
812,1116672,0,0,0,5504,9408,379968,383040,338752,317696,795008,0,1408,374592,0,0,0,0,0,0,0,0,0,0,0,0,0,0,382848,192,615,1490,1016335278,142816134,785600,0
813,1117120,0,0,0,4096,9344,379200,397376,327104,300288,812800,0,1408,373888,0,0,0,0,0,0,0,0,0,0,0,0,0,0,397184,192,618,1504,3650918288,2355424244,803456,0
814,1117056,0,0,0,4928,9088,404992,410496,287552,265856,847232,0,1344,399680,0,0,0,0,0,0,0,0,0,0,0,0,0,0,410368,128,625,1522,1139634492,1031154930,838144,0
815,1117120,0,0,0,4992,9600,467392,418176,216960,195520,917632,0,1408,462144,0,0,0,0,0,0,0,0,0,0,0,0,0,0,418048,128,628,1526,699044668,4267199196,908032,0
816,1676736,0,0,0,5248,9408,588032,506560,567488,546304,1126400,0,1344,582656,0,0,0,0,0,0,0,0,0,0,0,0,0,0,506432,128,629,1527,2214321110,3432748158,1116992,0
817,1676992,0,0,0,4480,9152,697920,492032,473408,452352,1220736,0,1344,692608,0,0,0,0,0,0,0,0,0,0,0,0,0,0,491840,192,628,1530,2907717658,1026120430,1211584,0
818,1116800,0,0,0,7552,9408,519168,440448,140224,118912,993728,0,1408,513728,0,0,0,0,0,0,0,0,0,0,0,0,0,0,440256,192,639,1552,3993966982,767645707,984320,0
819,1117056,0,0,0,8320,9472,566336,470400,62528,40896,1072128,0,1344,560896,0,0,0,0,0,0,0,0,0,0,0,0,0,0,470208,192,630,1534,2520630235,871844531,1062656,0
820,1116736,0,0,0,7488,9536,528640,457728,113344,91200,1021504,0,1344,523264,0,0,0,0,0,0,0,0,0,0,0,0,0,0,457536,192,640,1546,2969159402,2210260231,1011968,0
821,1116928,0,0,0,5504,10560,524480,466432,109952,88256,1024640,0,1344,519360,0,0,0,0,0,0,0,0,0,0,0,0,0,0,466240,192,629,1526,2419881023,2611954040,1014080,0
822,1116864,0,0,0,4160,9152,560256,463296,80000,58816,1054080,0,1280,554944,0,0,0,0,0,0,0,0,0,0,0,0,0,0,463104,192,621,1517,1180519928,415939593,1044928,0
823,1116800,0,0,0,4160,9216,558080,452992,92352,71488,1041344,0,1344,552896,0,0,0,0,0,0,0,0,0,0,0,0,0,0,452800,192,629,1518,1234580498,2852949807,1032128,0
824,1117120,0,0,0,4096,9408,530816,464320,108480,86336,1026880,0,1344,525568,0,0,0,0,0,0,0,0,0,0,0,0,0,0,464128,192,638,1549,455561847,438465684,1017472,0
825,1116864,0,0,0,4160,9152,530368,455424,117760,95936,1016896,0,1472,524800,0,0,0,0,0,0,0,0,0,0,0,0,0,0,455232,192,635,1544,4044926430,4261119517,1007744,0
826,1116736,0,0,0,4160,9344,620736,446848,35648,14464,1098304,0,1344,615232,0,0,0,0,0,0,0,0,0,0,0,0,0,0,446656,192,628,1525,1195984505,1726408005,1088960,0
827,1117120,0,0,0,4160,23744,500672,403904,184640,163072,950080,0,1408,495168,0,0,0,0,0,0,0,0,0,0,0,0,0,0,403776,128,637,1534,3041086237,10808540,926336,0
828,1116672,0,0,0,4160,9216,452480,403584,247232,225984,886656,0,1280,447040,0,0,0,0,0,0,0,0,0,0,0,0,0,0,403456,128,636,1516,1496406392,92736322,877440,0
829,1116800,0,0,0,4288,9280,425664,405760,271808,244928,868032,0,1280,420288,0,0,0,0,0,0,0,0,0,0,0,0,0,0,405568,192,639,1539,3822615101,2534198240,858752,0
830,1116800,0,0,0,9536,9088,488256,441728,168192,147008,965824,0,1344,482880,0,0,0,0,0,0,0,0,0,0,0,0,0,0,441536,192,629,1551,3828577035,2005671770,956736,0
831,1117120,0,0,0,4480,9280,352000,403072,348288,327168,785984,0,1344,346752,0,0,0,0,0,0,0,0,0,0,0,0,0,0,402944,128,633,1558,697593087,4241902447,776704,0
832,1116928,0,0,0,4352,9088,357440,392384,353664,332160,780800,0,1344,352064,0,0,0,0,0,0,0,0,0,0,0,0,0,0,392192,192,624,1559,2290190477,1230618,771712,0
833,1115456,0,0,0,6208,9728,383680,389568,326272,306624,804800,0,1408,378368,0,0,0,0,0,0,0,0,0,0,0,0,0,0,389440,128,634,1560,1321576566,844290953,795072,0
834,1116800,0,0,0,6592,9024,413696,383552,303936,284352,828480,0,1408,408512,0,0,0,0,0,0,0,0,0,0,0,0,0,0,383360,192,621,1539,2188518299,434484712,819456,0
835,1116992,0,0,0,4288,9088,420480,400384,282752,262784,850240,0,1408,415040,0,0,0,0,0,0,0,0,0,0,0,0,0,0,400256,128,626,1536,269667833,893743245,841152,0
836,1676800,0,0,0,10304,10496,620352,456448,579200,559104,1113600,0,1344,614848,0,0,0,0,0,0,0,0,0,0,0,0,0,0,456320,128,620,1516,250939674,4248568613,1103104,0
837,1117568,0,0,0,4544,8896,476224,436928,190976,170688,942912,0,1408,470848,0,0,0,0,0,0,0,0,0,0,0,0,0,0,436736,192,626,1521,670046874,1430009878,934016,0
838,1116288,0,0,0,5568,9216,490176,414400,196928,177280,935104,0,1408,484864,0,0,0,0,0,0,0,0,0,0,0,0,0,0,414272,128,618,1521,1999594366,2851591534,925888,0
839,1116672,0,0,0,6528,9024,504896,413952,182272,162624,950080,0,1408,499648,0,0,0,0,0,0,0,0,0,0,0,0,0,0,413824,128,622,1542,4256682919,2913290108,941056,0
840,1118592,0,0,0,6720,9472,549824,408832,143744,122816,991680,0,1408,544448,0,0,0,0,0,0,0,0,0,0,0,0,0,0,408704,128,637,1549,3341545320,2127613625,982208,0
841,1116928,0,0,0,6400,9280,524224,417344,159680,138176,974720,0,1408,518976,0,0,0,0,0,0,0,0,0,0,0,0,0,0,417152,192,637,1538,1877980831,729749813,965440,0
842,1116800,0,0,0,6656,9216,515904,405312,179712,158336,954432,0,1280,510592,0,0,0,0,0,0,0,0,0,0,0,0,0,0,405120,192,635,1533,2301493401,1752950922,945216,0
843,1117056,0,0,0,6848,9088,505472,407616,188032,166528,946368,0,1344,499968,0,0,0,0,0,0,0,0,0,0,0,0,0,0,407424,192,632,1538,3596900466,2978686392,937280,0
844,1676992,0,0,0,7040,9216,645120,446400,569216,548032,1124928,0,1344,639808,0,0,0,0,0,0,0,0,0,0,0,0,0,0,446208,192,630,1533,2324586720,2283345986,1115712,0
845,1116800,0,0,0,4224,9472,422208,421120,259776,232640,879808,0,1408,417088,0,0,0,0,0,0,0,0,0,0,0,0,0,0,420928,192,621,1517,1461217840,2078273763,870336,0
846,1116864,0,0,0,4288,9344,562560,430400,110272,89408,1023488,0,1344,557248,0,0,0,0,0,0,0,0,0,0,0,0,0,0,430272,128,621,1522,162229232,946307841,1014144,0
847,1116928,0,0,0,6720,9344,436608,410112,254144,232768,880256,0,1344,431360,0,0,0,0,0,0,0,0,0,0,0,0,0,0,409920,192,603,1489,2804200553,1552781714,870912,0
848,1117056,0,0,0,7232,9472,461376,411712,227264,206016,907008,0,1344,456192,0,0,0,0,0,0,0,0,0,0,0,0,0,0,411520,192,596,1495,3394021624,2734352298,897536,0
849,1116672,0,0,0,5440,9472,478912,406848,216000,194624,918016,0,1344,473728,0,0,0,0,0,0,0,0,0,0,0,0,0,0,406720,128,610,1516,3473353365,4192583665,908544,0
850,1676800,0,0,0,3968,10688,608512,481152,572480,551296,1121600,0,1344,603136,0,0,0,0,0,0,0,0,0,0,0,0,0,0,480960,192,609,1514,1354927596,4063950077,1110912,0
851,1117056,0,0,0,4032,9088,457984,391296,254656,233408,879744,0,1280,452480,0,0,0,0,0,0,0,0,0,0,0,0,0,0,391104,192,615,1519,3777870663,1847777550,870656,0
852,1677696,0,0,0,16064,10368,699008,420608,531648,509632,1162816,0,3136,688896,0,0,0,0,0,0,0,0,0,0,0,0,0,0,420416,192,611,1513,2185950936,917562119,1152448,0
853,1116480,0,0,0,4096,8896,502592,437312,163584,142464,970112,0,1344,497344,0,0,0,0,0,0,0,0,0,0,0,0,0,0,437120,192,615,1517,1983741427,774009403,961216,0
854,1677120,0,0,0,19264,9856,742336,467520,438144,416896,1255616,0,1408,737024,0,0,0,0,0,0,0,0,0,0,0,0,0,0,467392,128,630,1573,2667110326,1537761316,1245760,0
855,1116800,0,0,0,7232,9472,513408,450432,136256,114816,997568,0,1344,508160,0,0,0,0,0,0,0,0,0,0,0,0,0,0,450304,128,627,1559,3488143363,1350407222,988096,0
856,1115456,0,0,0,5888,9600,534656,436544,128768,108928,1002112,0,1280,529216,0,0,0,0,0,0,0,0,0,0,0,0,0,0,436416,128,622,1536,2058848109,2175032528,992512,0
857,1117056,0,0,0,4352,23680,423936,433472,231616,212032,900608,0,1344,418560,0,0,0,0,0,0,0,0,0,0,0,0,0,0,433280,192,613,1522,2144034080,824809505,876928,0
858,1116800,0,0,0,5440,9472,447616,467968,186304,166528,945792,0,1472,442176,0,0,0,0,0,0,0,0,0,0,0,0,0,0,467840,128,633,1579,1637430919,3898621846,936320,0
859,1117056,0,0,0,6336,9536,436352,639232,25600,5632,1107008,0,1280,431104,0,0,0,0,0,0,0,0,0,0,0,0,0,0,639040,192,653,1637,1087200075,1360971974,1097472,0
860,1116608,0,0,0,5568,9536,395136,435968,270400,250688,861568,0,1344,389888,0,0,0,0,0,0,0,0,0,0,0,0,0,0,435776,192,634,1590,1236264465,2894386509,852032,0
861,1117248,0,0,0,4224,9472,580928,447104,75520,50240,1062592,0,1408,575488,0,0,0,0,0,0,0,0,0,0,0,0,0,0,446912,192,634,1593,3969711068,3328351079,1053120,0
862,1678848,0,0,0,4160,9792,645440,466304,553152,531712,1142720,0,1344,640192,0,0,0,0,0,0,0,0,0,0,0,0,0,0,466112,192,641,1601,367364126,3311630771,1132928,0
863,1116224,0,0,0,4672,9472,534912,452928,114240,93120,1018688,0,1408,529344,0,0,0,0,0,0,0,0,0,0,0,0,0,0,452800,128,641,1607,3251135452,360744504,1009216,0
864,1116864,0,0,0,4096,11008,505984,448832,146944,125952,986496,0,1408,500672,0,0,0,0,0,0,0,0,0,0,0,0,0,0,448640,192,627,1561,932756020,3982748328,975488,0
865,1117056,0,0,0,4160,9408,485824,434368,183296,161728,950976,0,1344,480512,0,0,0,0,0,0,0,0,0,0,0,0,0,0,434176,192,630,1569,3536112340,865374733,941568,0
866,1116736,0,0,0,4160,9984,614912,451328,36352,14912,1097472,0,1344,609536,0,0,0,0,0,0,0,0,0,0,0,0,0,0,451136,192,637,1594,99438742,3932372001,1087488,0
867,1116928,0,0,0,4224,9728,586816,464832,51328,29824,1082752,0,1344,581568,0,0,0,0,0,0,0,0,0,0,0,0,0,0,464640,192,645,1626,2486923362,4014282509,1073024,0
868,1116928,0,0,0,4224,9792,508544,438784,155584,134272,978176,0,1472,503232,0,0,0,0,0,0,0,0,0,0,0,0,0,0,438592,192,637,1580,3756523919,936043303,968384,0
869,1116800,0,0,0,6272,9600,561088,449984,89856,68800,1043584,0,1344,555840,0,0,0,0,0,0,0,0,0,0,0,0,0,0,449792,192,640,1591,2465291096,243767592,1033984,0
870,1117120,0,0,0,6144,9600,569920,475968,55488,34240,1078528,0,1344,564672,0,0,0,0,0,0,0,0,0,0,0,0,0,0,475776,192,657,1640,2388461462,1157837045,1068928,0
871,1116800,0,0,0,5504,9664,526336,475200,100096,78784,1033600,0,1472,521088,0,0,0,0,0,0,0,0,0,0,0,0,0,0,475072,128,657,1642,597986272,2034991167,1023936,0
872,1116864,0,0,0,4096,9792,601024,452096,49856,28544,1083840,0,1408,595584,0,0,0,0,0,0,0,0,0,0,0,0,0,0,451904,192,645,1606,866692497,3154574880,1074048,0
873,1117120,0,0,0,4032,9600,519168,436288,148032,126848,985856,0,1408,513856,0,0,0,0,0,0,0,0,0,0,0,0,0,0,436096,192,640,1586,72317486,3515027011,976256,0
874,1117120,0,0,0,4032,9728,547648,457280,98432,77056,1035648,0,1408,542208,0,0,0,0,0,0,0,0,0,0,0,0,0,0,457088,192,654,1626,3023416877,294522116,1025920,0
875,1116608,0,0,0,4032,9472,485760,466176,151168,129408,982784,0,1408,480512,0,0,0,0,0,0,0,0,0,0,0,0,0,0,466048,128,657,1638,3596599490,745983683,973312,0
876,1116800,0,0,0,4096,9408,481024,440128,182144,159040,953408,0,1344,475648,0,0,0,0,0,0,0,0,0,0,0,0,0,0,439936,192,641,1586,171121144,3403142784,944000,0
877,1116800,0,0,0,4928,9664,541440,438336,122432,95680,1016640,0,1344,536064,0,0,0,0,0,0,0,0,0,0,0,0,0,0,438144,192,645,1605,1845128554,3655801753,1006976,0
878,1115456,0,0,0,4032,9344,505024,457024,140032,120640,990464,0,1408,499712,0,0,0,0,0,0,0,0,0,0,0,0,0,0,456832,192,658,1642,2925445150,2657116228,981120,0
879,1117376,0,0,0,4096,10624,504128,514688,83840,63616,1049344,0,1408,498944,0,0,0,0,0,0,0,0,0,0,0,0,0,0,514496,192,653,1629,2605657937,3815725572,1038720,0
880,1676864,0,0,0,8768,9984,655680,816512,185920,160384,1511616,0,1280,650496,0,0,0,0,0,0,0,0,0,0,0,24256,0,0,816320,192,639,1596,356118199,2839806505,1501632,0
881,1677312,0,0,0,4288,10112,619072,701504,342336,322496,1350080,0,1408,613696,0,0,0,0,0,0,0,0,0,0,0,0,0,0,701376,128,635,1569,2038564026,1618246915,1339968,0
882,1676992,0,0,0,6848,9984,569344,609152,481664,462080,1210176,0,1344,564032,0,0,0,0,0,0,0,0,0,0,0,0,0,0,608960,192,656,1628,3396265777,2519352484,1200192,0
883,1677312,0,0,0,7360,10048,588160,609984,461760,442048,1230336,0,1280,582976,0,0,0,0,0,0,0,0,0,0,0,0,0,0,609856,128,661,1641,2550872259,2612941164,1220288,0
884,1116736,0,0,0,4032,9792,573824,502272,26816,7104,1104960,0,1344,568384,0,0,0,0,0,0,0,0,0,0,0,0,0,0,502080,192,641,1573,2804082150,3011772387,1095168,0
885,1118464,0,0,0,4096,9728,523200,496256,85184,63872,1049856,0,1408,517696,0,0,0,0,0,0,0,0,0,0,0,0,0,0,496064,192,646,1588,1572595036,159077752,1040128,0
886,1116608,0,0,0,4032,10112,426944,550912,124608,103616,1008256,0,1344,421632,0,0,0,0,0,0,0,0,0,0,0,0,0,0,550720,192,663,1635,1878242194,4128488361,998144,0
887,1117248,0,0,0,5120,24064,448320,566016,73728,52288,1060224,0,1344,443136,0,0,0,0,0,0,0,0,0,0,0,0,0,0,565888,128,664,1646,3556756050,1013109741,1036160,0
888,1116928,0,0,0,6144,10176,481792,523968,94848,73280,1038912,0,1280,476480,0,0,0,0,0,0,0,0,0,0,0,0,0,0,523840,128,635,1582,2263356864,2290849284,1028736,0
889,1116864,0,0,0,5376,10112,394944,507392,199040,177088,935040,0,1408,389632,0,0,0,0,0,0,0,0,0,0,0,0,0,0,507200,192,639,1578,457939089,1681752479,924928,0
890,1116864,0,0,0,3968,10112,418304,549760,134720,113728,998464,0,1408,413056,0,0,0,0,0,0,0,0,0,0,0,0,0,0,549632,128,653,1619,3871209235,785970691,988352,0
891,1677120,0,0,0,12224,9984,599808,536704,518400,496896,1175552,0,1344,594624,0,0,0,0,0,0,0,0,0,0,0,0,0,0,536512,192,657,1610,2540435396,2257696821,1165568,0
892,1116928,0,0,0,4160,11264,429632,557824,114048,92672,1019584,0,1344,424192,0,0,0,0,0,0,0,0,0,0,0,0,0,0,557632,192,648,1566,1122748630,4052872797,1008320,0
893,1116736,0,0,0,4224,9984,440576,528512,133440,112512,999552,0,1344,435072,0,0,0,0,0,0,0,0,0,0,0,0,0,0,528320,192,640,1567,2438996654,3554931297,989568,0
894,1116800,0,0,0,4224,9984,408512,528704,165376,135424,976704,0,1280,403200,0,0,0,0,0,0,0,0,0,0,0,0,0,0,528512,192,658,1616,3573731705,3399777547,966720,0
895,1116992,0,0,0,4288,9792,413376,541696,147840,126848,985472,0,1408,407936,0,0,0,0,0,0,0,0,0,0,0,0,0,0,541568,128,657,1614,2080446070,225509529,975680,0
896,1116928,0,0,0,4224,9856,394752,514944,193152,171776,940480,0,1344,389504,0,0,0,0,0,0,0,0,0,0,0,0,0,0,514816,128,652,1583,629893517,3610408269,930624,0
897,1116992,0,0,0,5056,9920,407616,489216,205184,183872,928384,0,1344,402432,0,0,0,0,0,0,0,0,0,0,0,0,0,0,489024,192,645,1564,2840788354,3208313620,918464,0
898,1116800,0,0,0,6272,10624,467776,526144,105984,84288,1027264,0,1344,462592,0,0,0,0,0,0,0,0,0,0,0,0,0,0,525952,192,655,1593,2732247298,787355345,1016640,0
899,1116480,0,0,0,6592,10112,504320,554240,41216,19776,1091840,0,1344,498880,0,0,0,0,0,0,0,0,0,0,0,0,0,0,554112,128,659,1609,90758019,2402207728,1081728,0
900,1116800,0,0,0,4096,9984,399616,502336,200768,179648,932480,0,1344,394368,0,0,0,0,0,0,0,0,0,0,0,0,0,0,502144,192,644,1563,2526757056,216314263,922496,0
901,1675648,0,0,0,8832,9984,627712,510272,518848,499264,1171648,0,1408,622272,0,0,0,0,0,0,0,0,0,0,0,0,0,0,510080,192,659,1572,824678297,2422333064,1161664,0
902,1677248,0,0,0,4224,9664,634368,515136,513856,494400,1178240,0,1280,629056,0,0,0,0,0,0,0,0,0,0,0,0,0,0,515008,128,670,1619,2509982825,632110582,1168576,0
903,1116928,0,0,0,6464,10112,509120,501888,89344,70080,1041920,0,1280,503936,0,0,0,0,0,0,0,0,0,0,0,0,0,0,501760,128,661,1604,2186590782,4218616459,1031808,0
904,1676992,0,0,0,8768,10176,607232,498624,552192,532352,1139904,0,1344,601728,0,0,0,0,0,0,0,0,0,0,0,0,0,0,498496,128,630,1529,3587635422,3867370543,1129728,0
905,1676928,0,0,0,11904,10048,614656,510528,529792,509952,1162304,0,1344,609472,0,0,0,0,0,0,0,0,0,0,0,0,0,0,510400,128,638,1558,342860334,2705142096,1152256,0
906,1116800,0,0,0,6464,11072,486208,501504,111552,92160,1019904,0,1344,480768,0,0,0,0,0,0,0,0,0,0,0,0,0,0,501312,192,651,1599,1943715475,2485904394,1008832,0
907,1118464,0,0,0,5632,9664,421952,518400,162816,141760,971968,0,1344,416512,0,0,0,0,0,0,0,0,0,0,0,0,0,0,518208,192,647,1586,2093846993,1264589770,962304,0
908,1117184,0,0,0,6464,10368,448320,482624,169408,148032,964160,0,1344,443008,0,0,0,0,0,0,0,0,0,0,0,0,0,0,482432,192,624,1524,1456640200,1116517471,953792,0
909,1116672,0,0,0,5632,10240,442880,472192,185728,164480,947392,0,1280,437696,0,0,0,0,0,0,0,0,0,0,0,0,0,0,472000,192,616,1508,2943688413,1075331241,937152,0
910,1116736,0,0,0,6336,9856,544640,517440,38464,11648,1100480,0,1408,539392,0,0,0,0,0,0,0,0,0,0,0,0,0,0,517248,192,636,1567,2382528904,1642254407,1090624,0
911,1117120,0,0,0,6528,10048,500480,572608,27456,6208,1105984,0,1408,495040,0,0,0,0,0,0,0,0,0,0,0,0,0,0,572480,128,636,1573,2319633887,2020404590,1095936,0
912,1116928,0,0,0,4160,9856,382464,473024,247424,226368,885888,0,1280,377152,0,0,0,0,0,0,0,0,0,0,0,0,0,0,472832,192,622,1527,1259788930,2063986239,876032,0
913,1116864,0,0,0,4288,9856,422144,469440,211136,190144,922048,0,1280,416768,0,0,0,0,0,0,0,0,0,0,0,0,0,0,469248,192,617,1519,2607996920,2975230942,912192,0
914,1117120,0,0,0,4160,9792,388288,496064,218816,197568,914944,0,1344,383040,0,0,0,0,0,0,0,0,0,0,0,0,0,0,495936,128,627,1554,3185227989,2205716393,905152,0
915,1116544,0,0,0,4160,9792,395200,508672,198720,177728,934208,0,1344,389824,0,0,0,0,0,0,0,0,0,0,0,0,0,0,508544,128,632,1560,2800560014,542765638,924416,0
916,1116608,0,0,0,4224,10240,440960,540608,120576,99712,1012224,0,1344,435584,0,0,0,0,0,0,0,0,0,0,0,0,0,0,540416,192,621,1524,2026411243,407296239,1001984,0
917,1117248,0,0,0,9792,23616,498816,478272,106752,85184,1027328,0,1344,493376,0,0,0,0,0,0,0,0,0,0,0,0,0,0,478080,192,625,1524,3168856948,2214915478,1003712,0
918,1677120,0,0,0,4288,10048,687616,505728,469440,448128,1224320,0,1408,682176,0,0,0,0,0,0,0,0,0,0,0,0,0,0,505600,128,641,1560,717530114,371249950,1214272,0
919,1677440,0,0,0,6656,10176,607104,493696,559808,538176,1134144,0,1344,601856,0,0,0,0,0,0,0,0,0,0,0,0,0,0,493504,192,645,1564,955649646,979735458,1123968,0
920,1116544,0,0,0,5760,11328,545792,439808,113856,92416,1019328,0,1344,540672,0,0,0,0,0,0,0,0,0,0,0,0,0,0,439680,128,631,1519,1392042298,70282351,1008000,0
921,1116800,0,0,0,3968,10112,440064,451200,211456,190528,921536,0,1344,434752,0,0,0,0,0,0,0,0,0,0,0,0,0,0,451008,192,627,1513,1628744923,3657330826,911424,0
922,1677184,0,0,0,4992,9856,629888,503232,529216,507648,1164864,0,1344,624512,0,0,0,0,0,0,0,0,0,0,0,0,0,0,503040,192,652,1575,238933830,2703586054,1155008,0
923,1115328,0,0,0,5888,9792,476224,471680,151744,132288,978368,0,1408,470848,0,0,0,0,0,0,0,0,0,0,0,0,0,0,471552,128,657,1598,2320664728,1337192935,968576,0
924,1117248,0,0,0,4544,9280,621440,456256,25728,6272,1106688,0,1280,616000,0,0,0,0,0,0,0,0,0,0,0,0,0,0,456064,192,641,1541,593131336,1989118120,1097408,0
925,1117248,0,0,0,2560,9152,417536,425472,262528,242560,870528,0,1344,412160,0,0,0,0,0,0,0,0,0,0,0,0,0,0,425216,256,645,1548,703093773,2904758981,861376,0
926,1116608,0,0,0,2624,9280,413504,404480,286720,261376,851072,0,1408,408384,0,0,0,0,0,0,0,0,0,0,0,0,0,0,404352,128,630,1530,2278177689,494531558,841792,0
927,1117056,0,0,0,2624,9344,501696,465920,137472,117952,994880,0,1344,496448,0,0,0,0,0,0,0,0,0,0,0,0,0,0,465728,192,623,1515,3731741822,3544175553,985536,0
928,1676736,0,0,0,8704,9408,675456,415104,568064,548288,1124160,0,1344,670208,0,0,0,0,0,0,0,0,0,0,0,0,0,0,414912,192,634,1535,3222917515,529657612,1114752,0
929,1116864,0,0,0,11648,9536,492288,448192,155200,135360,977088,0,1280,486976,0,0,0,0,0,0,0,0,0,0,0,0,0,0,448064,128,630,1518,659562891,2677263435,967552,0
930,1118336,0,0,0,4224,9408,549760,473856,81088,59968,1054080,0,1408,544128,0,0,0,0,0,0,0,0,0,0,0,0,0,0,473664,192,607,1479,2780844011,1245075869,1044672,0
931,1116928,0,0,0,4224,9472,541376,464384,97472,76288,1036416,0,1408,536192,0,0,0,0,0,0,0,0,0,0,0,0,0,0,464256,128,612,1488,1625024929,2468338128,1026944,0
932,1117056,0,0,0,4288,9280,489984,446528,166976,145536,967296,0,1408,484672,0,0,0,0,0,0,0,0,0,0,0,0,0,0,446336,192,619,1494,2098682648,1247644075,958016,0
933,1116800,0,0,0,4224,9536,389312,450432,263296,242048,870528,0,1344,383808,0,0,0,0,0,0,0,0,0,0,0,0,0,0,450304,128,617,1476,275141414,1047686315,860992,0
934,1117056,0,0,0,6272,9280,408512,441856,251136,229888,882880,0,1280,403264,0,0,0,0,0,0,0,0,0,0,0,0,0,0,441664,192,615,1489,3604194614,3912336005,873600,0
935,1116608,0,0,0,6144,10688,377216,419008,303552,281856,830528,0,1408,371968,0,0,0,0,0,0,0,0,0,0,0,0,0,0,418816,192,620,1494,4158457954,2140081581,819840,0
936,1116864,0,0,0,6912,9920,394496,429312,276224,254592,857984,0,1344,389248,0,0,0,0,0,0,0,0,0,0,0,0,0,0,429120,192,628,1498,4141356486,1777148316,848064,0
937,1116928,0,0,0,6848,9792,372032,426304,301952,280576,832000,0,1344,366848,0,0,0,0,0,0,0,0,0,0,0,0,0,0,426112,192,625,1497,2015068242,1631800118,822208,0
938,1116864,0,0,0,5248,9664,410688,402432,288832,267648,844992,0,1344,405312,0,0,0,0,0,0,0,0,0,0,0,0,0,0,402240,192,618,1484,3915924930,1073938691,835328,0
939,1116992,0,0,0,3904,9472,372032,423040,308544,287104,825728,0,1472,366592,0,0,0,0,0,0,0,0,0,0,0,0,0,0,422912,128,608,1470,3433228527,1611379561,816256,0
940,1116992,0,0,0,6016,9472,400576,437568,263360,242368,870272,0,1344,395200,0,0,0,0,0,0,0,0,0,0,0,0,0,0,437376,192,601,1455,1559295246,313252981,860800,0
941,1117120,0,0,0,5952,9728,449408,416384,235648,214336,898432,0,1344,444224,0,0,0,0,0,0,0,0,0,0,0,0,0,0,416256,128,619,1485,3614326641,3940652845,888704,0
942,1116672,0,0,0,10112,9600,489088,448704,159168,132032,980288,0,1344,483776,0,0,0,0,0,0,0,0,0,0,0,0,0,0,448448,256,608,1441,2835041231,2584328160,970688,0
943,1116736,0,0,0,3904,9408,415808,393984,293632,272384,840128,0,1344,410368,0,0,0,0,0,0,0,0,0,0,0,0,0,0,393792,192,602,1437,2940387326,182743732,830720,0
944,1116864,0,0,0,3968,9344,439424,381376,282752,261376,851264,0,1344,434112,0,0,0,0,0,0,0,0,0,0,0,0,0,0,381184,192,595,1426,3235881524,1317281760,841920,0
945,1116864,0,0,0,3904,9664,519680,433216,150400,129280,983296,0,1344,514240,0,0,0,0,0,0,0,0,0,0,0,0,0,0,433024,192,602,1441,1375825614,2488361294,973632,0
946,1115392,0,0,0,9024,9280,490816,405952,200320,180544,930560,0,1344,485440,0,0,0,0,0,0,0,0,0,0,0,0,0,0,405760,192,600,1451,3343766152,3675560808,921280,0
947,1116864,0,0,0,9856,24000,521600,430336,131072,111552,1000896,0,1408,516544,0,0,0,0,0,0,0,0,0,0,0,0,0,0,430144,192,617,1472,3237584925,1603467236,976896,0
948,1116992,0,0,0,4224,9344,436864,419584,246976,227328,885376,0,1408,431424,0,0,0,0,0,0,0,0,0,0,0,0,0,0,419392,192,614,1469,3739377380,428534678,876032,0
949,1116928,0,0,0,6272,9600,418624,406912,275520,255936,856576,0,1280,413312,0,0,0,0,0,0,0,0,0,0,0,0,0,0,406720,192,621,1479,703877716,800779524,846976,0
950,1117184,0,0,0,10560,11456,510912,422720,161536,141888,970560,0,1344,505408,0,0,0,0,0,0,0,0,0,0,0,0,0,0,422528,192,628,1500,4230203916,135577316,959104,0
951,1117120,0,0,0,8960,9408,466496,434624,197632,177920,934848,0,1408,461248,0,0,0,0,0,0,0,0,0,0,0,0,0,0,434496,128,624,1497,1725436792,1720083194,925440,0
952,1117824,0,0,0,4352,9536,415104,437504,251328,230336,883200,0,1280,409792,0,0,0,0,0,0,0,0,0,0,0,0,0,0,437312,192,618,1480,2960677473,3225684862,873664,0
953,1116864,0,0,0,6464,9792,384960,438848,276800,255680,856768,0,1344,379776,0,0,0,0,0,0,0,0,0,0,0,0,0,0,438720,128,621,1483,3009672555,1586679268,846976,0
954,1116864,0,0,0,6848,9664,470976,443520,185856,163840,948800,0,1344,465792,0,0,0,0,0,0,0,0,0,0,0,0,0,0,443328,192,611,1474,3481517490,357871530,939136,0
955,1676928,0,0,0,16192,24960,724352,591744,319680,298496,1373952,0,1408,719040,0,0,0,0,0,0,0,0,0,0,0,0,0,0,591616,128,609,1475,3003130832,2358878616,1348992,0
956,1116928,0,0,0,4416,9216,430528,452352,220416,198912,913856,0,1344,425152,0,0,0,0,0,0,0,0,0,0,0,0,0,0,452224,128,605,1473,2268266991,3097769394,904640,0
957,1117056,0,0,0,4480,23680,432448,438720,217728,196160,916864,0,1280,426944,0,0,0,0,0,0,0,0,0,0,0,0,0,0,438528,192,606,1476,3070280100,3307512466,893184,0
958,1116480,0,0,0,4480,9152,393600,445952,263296,235968,876544,0,1408,388288,0,0,0,0,0,0,0,0,0,0,0,0,0,0,445824,128,609,1477,1299355068,1435943760,867392,0
959,1117056,0,0,0,7296,9024,415424,459776,225536,203904,909184,0,1472,410176,0,0,0,0,0,0,0,0,0,0,0,0,0,0,459584,192,613,1482,831322305,2506373069,900160,0
960,1676928,0,0,0,6400,24384,660160,582336,403648,379840,1292160,0,2752,651712,0,0,0,0,0,0,0,0,0,0,0,0,0,0,582208,128,620,1504,2509856120,3545503893,1267776,0
961,1116800,0,0,0,20032,24512,344704,492032,235520,214400,898176,0,1408,339200,0,0,0,0,0,0,0,0,0,0,0,0,0,0,491840,192,621,1496,4231119634,3356908452,873664,0
962,1117184,0,0,0,6656,24192,451072,497344,137920,116672,996160,0,1280,445696,0,0,0,0,0,0,0,0,0,0,0,0,0,0,497152,192,621,1506,4054625614,1429569122,971968,0
963,1116864,0,0,0,11840,23872,403072,552704,125376,103872,1008704,0,1344,397760,0,0,0,0,0,0,0,0,0,0,0,0,0,0,552512,192,622,1508,591780385,1901229895,984832,0
964,1115584,0,0,0,6656,10624,338624,559744,199936,180224,931136,0,1280,333312,0,0,0,0,0,0,0,0,0,0,0,0,0,0,559552,192,615,1487,3276152235,3693777958,920512,0
965,1116928,0,0,0,7488,9280,372544,539584,188032,167488,945408,0,1408,367296,0,0,0,0,0,0,0,0,0,0,0,0,0,0,539392,192,610,1468,2286168323,2683894221,936128,0
966,1116608,0,0,0,7168,9344,486720,521152,92224,72832,1039488,0,1344,481536,0,0,0,0,0,0,0,0,0,0,0,0,0,0,520896,256,620,1485,195871011,1636731073,1030144,0
967,1116928,0,0,0,7296,9344,457472,468672,174144,154816,957888,0,1280,452160,0,0,0,0,0,0,0,0,0,0,0,0,0,0,468416,256,622,1494,2154357061,3072218098,948544,0
968,1118400,0,0,0,5632,9408,399808,495616,207936,186816,927488,0,1344,394432,0,0,0,0,0,0,0,0,0,0,0,0,0,0,495424,192,619,1489,2740375385,3601827720,918080,0
969,1116864,0,0,0,4224,9472,388416,424000,290752,269504,843392,0,1280,383104,0,0,0,0,0,0,0,0,0,0,0,0,0,0,423808,192,618,1494,1380257236,4205017885,833920,0
970,1116992,0,0,0,4288,9472,354944,432320,315968,294400,818624,0,1408,349504,0,0,0,0,0,0,0,0,0,0,0,0,0,0,432128,192,614,1479,1635009859,4045003499,809152,0
971,1116992,0,0,0,4224,9344,349888,448832,304704,283584,829440,0,1344,344768,0,0,0,0,0,0,0,0,0,0,0,0,0,0,448640,192,616,1497,3651301332,2337869851,820096,0
972,1116928,0,0,0,4160,9216,381824,412480,309248,288064,824896,0,1280,376512,0,0,0,0,0,0,0,0,0,0,0,0,0,0,412352,128,620,1495,806019088,1304576891,815680,0
973,1116672,0,0,0,4224,9536,352512,428032,322368,301184,811520,0,1280,347456,0,0,0,0,0,0,0,0,0,0,0,0,0,0,427840,192,618,1492,777351211,1457226039,801984,0
974,1116992,0,0,0,4224,9600,331584,412480,359104,331904,781056,0,1280,326336,0,0,0,0,0,0,0,0,0,0,0,0,0,0,412352,128,619,1498,2386003662,4290613098,771456,0
975,1116928,0,0,0,4224,9408,348608,407808,346880,325824,787008,0,1408,343424,0,0,0,0,0,0,0,0,0,0,0,0,0,0,407680,128,605,1447,883301352,2515161270,777600,0
976,1117120,0,0,0,4288,9536,337152,409024,357120,335680,777408,0,1344,332032,0,0,0,0,0,0,0,0,0,0,0,0,0,0,408832,192,621,1475,2482757759,2805708352,767872,0
977,1116608,0,0,0,4224,23616,448000,424384,216384,195072,917632,0,1280,442752,0,0,0,0,0,0,0,0,0,0,0,0,0,0,424192,192,608,1455,2313311409,2832870255,894016,0
978,1116800,0,0,0,4224,9600,347712,412864,342400,321472,791168,0,1408,342528,0,0,0,0,0,0,0,0,0,0,0,0,0,0,412672,192,611,1473,3956857598,538204162,781568,0
979,1116928,0,0,0,4160,9536,358144,411712,333376,312320,800640,0,1344,352832,0,0,0,0,0,0,0,0,0,0,0,0,0,0,411520,192,609,1465,4857894,2950878123,791104,0
980,1117248,0,0,0,4160,13568,345088,425280,329152,307968,805312,0,1344,339776,0,0,0,0,0,0,0,0,0,0,0,0,0,0,425088,192,596,1461,2677258771,1168232212,791744,0
981,1116800,0,0,0,4992,9344,348032,409600,344832,323456,789440,0,1408,342848,0,0,0,0,0,0,0,0,0,0,0,0,0,0,409472,128,598,1475,387787817,1115171134,780096,0
982,1117056,0,0,0,6272,9280,333952,409024,358528,337088,775936,0,1280,328768,0,0,0,0,0,0,0,0,0,0,0,0,0,0,408896,128,598,1474,883517152,4139687866,766656,0
983,1116736,0,0,0,6080,9216,355520,433856,312064,290688,822144,0,1344,350272,0,0,0,0,0,0,0,0,0,0,0,0,0,0,433664,192,597,1468,1236784018,1742301761,812928,0
984,1116992,0,0,0,5376,9600,369024,420928,312064,290240,822784,0,1344,363776,0,0,0,0,0,0,0,0,0,0,0,0,0,0,420736,192,593,1453,688315055,4083910063,813184,0
985,1116800,0,0,0,6336,9600,368256,422016,310592,289280,823552,0,1408,363072,0,0,0,0,0,0,0,0,0,0,0,0,0,0,421888,128,578,1422,2885260368,1584602064,813952,0
986,1116928,0,0,0,5312,9600,417472,419008,265536,244480,868416,0,1344,412224,0,0,0,0,0,0,0,0,0,0,0,0,0,0,418816,192,550,1368,347915368,2443374210,858816,0
987,1116992,0,0,0,4032,9088,311040,405632,387200,366016,747072,0,1344,305792,0,0,0,0,0,0,0,0,0,0,0,0,0,0,405504,128,536,1323,745578764,4165066868,737984,0
988,1117184,0,0,0,4032,9152,314880,390144,398976,377856,735424,0,1408,309632,0,0,0,0,0,0,0,0,0,0,0,0,0,0,389952,192,521,1274,548597317,712714854,726272,0
989,1116480,0,0,0,8896,9600,434752,455296,207936,186624,925760,0,1408,429248,0,0,0,0,0,0,0,0,0,0,0,0,0,0,455104,192,527,1289,1131292773,3231118961,916160,0
990,1116800,0,0,0,4096,9152,374912,406976,321664,294912,817920,0,1344,369728,0,0,0,0,0,0,0,0,0,0,0,0,0,0,406848,128,524,1281,3504138183,3003025432,808768,0
991,1117056,0,0,0,4096,9152,343936,394624,365248,344128,768960,0,1408,338688,0,0,0,0,0,0,0,0,0,0,0,0,0,0,394496,128,527,1282,1032311844,3727935323,759808,0
992,1116864,0,0,0,4096,9344,348096,398208,357120,335680,777216,0,1344,342784,0,0,0,0,0,0,0,0,0,0,0,0,0,0,398016,192,527,1283,4107812418,411911403,767872,0
993,1116800,0,0,0,4032,9536,446720,389120,267392,246272,866496,0,1280,441344,0,0,0,0,0,0,0,0,0,0,0,0,0,0,388928,192,532,1291,3756272636,3649910340,856960,0
994,1117056,0,0,0,4096,9472,354944,394752,353792,332480,780608,0,1344,349504,0,0,0,0,0,0,0,0,0,0,0,0,0,0,394624,128,529,1289,942449388,3874092878,771136,0
995,1116864,0,0,0,4032,10688,341568,402240,358336,336768,776128,0,1280,336320,0,0,0,0,0,0,0,0,0,0,0,0,0,0,402112,128,522,1274,852597448,4025838297,765440,0
996,1116672,0,0,0,4032,9600,355968,405696,341376,320064,792576,0,1408,350592,0,0,0,0,0,0,0,0,0,0,0,0,0,0,405568,128,521,1291,3851179674,131417996,782976,0
997,1116928,0,0,0,4032,9408,436864,390208,276416,255040,857920,0,1408,431616,0,0,0,0,0,0,0,0,0,0,0,0,0,0,390080,128,517,1285,194881495,32119007,848512,0
998,1116928,0,0,0,6144,9344,351232,384320,365888,344640,768320,0,1344,345792,0,0,0,0,0,0,0,0,0,0,0,0,0,0,384128,192,520,1280,2829607965,2012733220,758976,0
999,1116864,0,0,0,6336,9600,359872,388672,352384,330432,782400,0,1344,354624,0,0,0,0,0,0,0,0,0,0,0,0,0,0,388480,192,521,1289,408274385,2361314805,772800,0
1000,1116864,0,0,0,3904,9472,360768,397888,344832,323328,789568,0,1344,355392,0,0,0,0,0,0,0,0,0,0,0,0,0,0,397760,128,531,1309,4268371718,1443312769,780096,0
1001,1117184,0,0,0,3968,9728,420096,458944,224448,203200,910080,0,1344,414912,0,0,0,0,0,0,0,0,0,0,0,0,0,0,458752,192,516,1282,2048451484,1424774549,900352,0
1002,1116544,0,0,0,8832,9536,413312,427712,257152,235776,876800,0,1280,407936,0,0,0,0,0,0,0,0,0,0,0,0,0,0,427520,192,532,1314,3249566035,182967699,867264,0
1003,1116992,0,0,0,4928,9344,486912,427328,188480,167296,945728,0,1280,481600,0,0,0,0,0,0,0,0,0,0,0,0,0,0,427136,192,529,1308,2816909981,815986093,936384,0
1004,1116928,0,0,0,4224,9216,396544,428224,278720,257408,855552,0,1280,391232,0,0,0,0,0,0,0,0,0,0,0,0,0,0,428096,128,564,1389,2169978299,1463683521,846336,0
1005,1116992,0,0,0,4352,9280,405184,455040,243136,221824,891264,0,1408,399936,0,0,0,0,0,0,0,0,0,0,0,0,0,0,454848,192,552,1376,649178413,287506760,881984,0
1006,1116608,0,0,0,4288,9344,406784,461248,234944,208064,904576,0,1344,401408,0,0,0,0,0,0,0,0,0,0,0,0,0,0,461056,192,554,1379,2782838630,3156591433,895232,0
1007,1117056,0,0,0,6400,23808,384832,446912,255104,233472,879424,0,1344,379392,0,0,0,0,0,0,0,0,0,0,0,0,0,0,446784,128,548,1374,3969311427,767811026,855616,0
1008,1117120,0,0,0,10112,9344,415488,411840,270336,248576,864512,0,1408,410176,0,0,0,0,0,0,0,0,0,0,0,0,0,0,411648,192,544,1342,3356901939,1034243002,855168,0
1009,1116608,0,0,0,4352,9152,396480,416960,289664,268480,844288,0,1344,391104,0,0,0,0,0,0,0,0,0,0,0,0,0,0,416768,192,568,1392,3817329496,2971415186,835136,0
1010,1117120,0,0,0,6528,10688,371072,403584,325248,304128,808896,0,1280,365760,0,0,0,0,0,0,0,0,0,0,0,0,0,0,403456,128,558,1380,976467486,1784934970,798208,0
1011,1116736,0,0,0,6272,9536,366336,417792,316800,295616,817024,0,1472,360896,0,0,0,0,0,0,0,0,0,0,0,0,0,0,417664,128,551,1373,1629692820,3410986866,807488,0
1012,1117184,0,0,0,5376,9408,493120,444992,164288,142656,970496,0,1344,487744,0,0,0,0,0,0,0,0,0,0,0,0,0,0,444800,192,582,1424,338600338,670770228,961088,0
1013,1116608,0,0,0,6592,9728,379264,417216,303808,282496,829952,0,1344,373888,0,0,0,0,0,0,0,0,0,0,0,0,0,0,417024,192,603,1452,2595332335,2730213861,820224,0
1014,1116928,0,0,0,7296,9344,399040,419200,282048,260224,852736,0,1280,393536,0,0,0,0,0,0,0,0,0,0,0,0,0,0,419008,192,617,1491,1718005049,4035054047,843392,0
1015,1116928,0,0,0,6528,9472,437568,429440,233920,212224,900608,0,1408,432064,0,0,0,0,0,0,0,0,0,0,0,0,0,0,429248,192,623,1499,401966430,990352843,891136,0
1016,1116992,0,0,0,6400,9344,393792,417664,289792,268352,844608,0,1344,388736,0,0,0,0,0,0,0,0,0,0,0,0,0,0,417408,256,609,1482,494236065,185781484,835264,0
1017,1117376,0,0,0,6592,9600,443968,431744,225472,203008,910272,0,1344,438656,0,0,0,0,0,0,0,0,0,0,0,0,0,0,431552,192,615,1507,1636644545,2962948622,900672,0
1018,1116224,0,0,0,6272,9472,412224,436352,251904,230912,881344,0,1408,406976,0,0,0,0,0,0,0,0,0,0,0,0,0,0,436224,128,622,1528,3179043999,376054087,871872,0
1019,1117056,0,0,0,6016,9344,420800,425792,255104,233792,879232,0,1344,415296,0,0,0,0,0,0,0,0,0,0,0,0,0,0,425600,192,575,1445,108094329,1332964728,869888,0
1020,1116608,0,0,0,5440,9472,436032,397824,267840,246336,866240,0,1344,430720,0,0,0,0,0,0,0,0,0,0,0,0,0,0,397632,192,509,1257,350323441,4201261637,856768,0
1021,1116672,0,0,0,4288,9216,473792,413120,216256,195072,917568,0,1408,468544,0,0,0,0,0,0,0,0,0,0,0,0,0,0,412928,192,534,1303,905025603,3129116673,908352,0
1022,1117120,0,0,0,6464,9408,469056,401408,230784,200768,912192,0,1344,463552,0,0,0,0,0,0,0,0,0,0,0,0,0,0,401216,192,541,1325,1573433130,878878788,902784,0
1023,1116736,0,0,0,6656,9408,569792,416192,114688,93248,1019328,0,1280,564544,0,0,0,0,0,0,0,0,0,0,0,0,0,0,416000,192,527,1301,4234245520,858860493,1009920,0
1024,1116864,0,0,0,4288,9600,465088,409472,228416,207488,905216,0,1408,459776,0,0,0,0,0,0,0,0,0,0,0,0,0,0,409344,128,514,1270,1713658625,4039741773,895616,0
1025,1116928,0,0,0,5184,10880,478656,399104,223104,201920,911040,0,1280,473280,0,0,0,0,0,0,0,0,0,0,0,0,0,0,398976,128,522,1286,3706756893,2547326006,900160,0
1026,1116928,0,0,0,6336,9536,441856,406848,252352,231040,881856,0,1408,436800,0,0,0,0,0,0,0,0,0,0,0,0,0,0,406656,192,530,1294,509209642,4094322598,872320,0
1027,1116928,0,0,0,6592,9216,482496,447168,171456,150208,962752,0,1280,477248,0,0,0,0,0,0,0,0,0,0,0,0,0,0,447040,128,533,1296,1571593737,937248521,953536,0
1028,1116928,0,0,0,4224,9408,492032,423808,187456,166144,946880,0,1344,486784,0,0,0,0,0,0,0,0,0,0,0,0,0,0,423552,256,521,1264,3281559854,2340453405,937472,0
1029,1116672,0,0,0,4288,9408,440128,389248,273600,252224,860480,0,1344,434688,0,0,0,0,0,0,0,0,0,0,0,0,0,0,389120,128,505,1246,2555356884,1729780199,851072,0
1030,1116992,0,0,0,7040,9536,445632,422016,232768,211264,901568,0,1408,440256,0,0,0,0,0,0,0,0,0,0,0,0,0,0,421824,192,514,1252,1557179958,2563477639,892032,0
1031,1116864,0,0,0,7936,9664,447872,403136,248256,226944,885696,0,1408,442560,0,0,0,0,0,0,0,0,0,0,0,0,0,0,403008,128,526,1281,945052166,3247154919,876032,0
1032,1117056,0,0,0,5248,9344,459904,405440,237120,215424,897664,0,1344,454592,0,0,0,0,0,0,0,0,0,0,0,0,0,0,405312,128,574,1409,3130713155,3499210699,888320,0
1033,1116608,0,0,0,4096,9408,540736,410560,151808,130496,982144,0,1344,535488,0,0,0,0,0,0,0,0,0,0,0,0,0,0,410368,192,571,1396,63127212,3690114278,972736,0
1034,1116864,0,0,0,6080,9408,430144,398912,272320,250560,862272,0,1408,424768,0,0,0,0,0,0,0,0,0,0,0,0,0,0,398720,192,611,1463,1282946169,3305080496,852864,0
1035,1116800,0,0,0,6272,9536,444864,398528,257600,236032,876736,0,1472,439488,0,0,0,0,0,0,0,0,0,0,0,0,0,0,398400,128,616,1439,2916654572,3338340186,867200,0
1036,1117376,0,0,0,3968,9728,467904,398336,237440,215936,897472,0,1408,462464,0,0,0,0,0,0,0,0,0,0,0,0,0,0,398208,128,620,1440,1289478927,1795212884,887744,0
1037,1116480,0,0,0,3968,23168,385472,415744,288128,266880,845696,0,1280,379904,0,0,0,0,0,0,0,0,0,0,0,0,0,0,415616,128,616,1445,2918451772,3751312557,822528,0
1038,1116736,0,0,0,5952,9152,299520,387712,414400,387328,725440,0,1472,294080,0,0,0,0,0,0,0,0,0,0,0,0,0,0,387520,192,617,1441,1567917065,1218468322,716288,0
1039,1116992,0,0,0,6016,9472,298688,392320,410496,388992,724032,0,1344,293440,0,0,0,0,0,0,0,0,0,0,0,0,0,0,392128,192,603,1412,935069381,1641761474,714560,0
1040,1116992,0,0,0,4608,9600,301888,381888,419008,397696,715328,0,1344,296448,0,0,0,0,0,0,0,0,0,0,0,0,0,0,381760,128,601,1402,1548374931,3367923751,705728,0
1041,1116736,0,0,0,2560,10368,304384,380032,419392,398400,714368,0,1344,299200,0,0,0,0,0,0,0,0,0,0,0,0,0,0,379840,192,600,1411,34424712,920643076,704000,0
1042,1117248,0,0,0,2624,9344,306944,398848,399488,378368,734912,0,1344,301504,0,0,0,0,0,0,0,0,0,0,0,0,0,0,398656,192,615,1444,4189757893,1010640413,725568,0
1043,1116736,0,0,0,2624,9216,413504,398464,292928,271808,840960,0,1408,408256,0,0,0,0,0,0,0,0,0,0,0,0,0,0,398336,128,601,1415,920847354,109841188,831744,0
1044,1117120,0,0,0,2560,9536,297792,389440,417792,396800,716224,0,1344,292480,0,0,0,0,0,0,0,0,0,0,0,0,0,0,389248,192,604,1429,163912022,966154649,706688,0
1045,1116800,0,0,0,2624,9408,311104,390400,403264,381952,730880,0,1344,305984,0,0,0,0,0,0,0,0,0,0,0,0,0,0,390208,192,598,1420,44794314,350068430,721472,0
1046,1116928,0,0,0,2624,9152,300864,395456,408832,387456,725568,0,1408,295616,0,0,0,0,0,0,0,0,0,0,0,0,0,0,395328,128,599,1407,2543673166,3983301704,716416,0
1047,1116800,0,0,0,2624,9536,313984,391552,399104,378112,734784,0,1344,308672,0,0,0,0,0,0,0,0,0,0,0,0,0,0,391424,128,608,1422,3661340286,2465939873,725248,0
1048,1117056,0,0,0,3456,9152,345408,400832,358208,337280,775808,0,1280,340160,0,0,0,0,0,0,0,0,0,0,0,0,0,0,400704,128,621,1452,1912743408,1311301642,766656,0
1049,1116864,0,0,0,2560,9280,446528,395584,262912,241408,871488,0,1344,441280,0,0,0,0,0,0,0,0,0,0,0,0,0,0,395392,192,614,1438,392146611,1817659258,862208,0
1050,1116672,0,0,0,2496,9152,428224,398592,278208,257344,855360,0,1344,422912,0,0,0,0,0,0,0,0,0,0,0,0,0,0,398400,192,614,1437,19229127,3788863194,846208,0
1051,1116928,0,0,0,2560,9408,330688,392704,381568,360448,752448,0,1344,325568,0,0,0,0,0,0,0,0,0,0,0,0,0,0,392512,192,614,1427,2886410517,2340601935,743040,0
1052,1116928,0,0,0,2560,9344,340480,369664,394880,373568,739456,0,1344,335232,0,0,0,0,0,0,0,0,0,0,0,0,0,0,369472,192,626,1452,3446187570,411318623,730112,0
1053,1116800,0,0,0,2624,9216,321216,390144,393600,372480,740352,0,1344,315968,0,0,0,0,0,0,0,0,0,0,0,0,0,0,389952,192,613,1439,1157348661,182194087,731136,0
1054,1116928,0,0,0,2432,9728,396864,416256,291648,262656,850304,0,1280,391616,0,0,0,0,0,0,0,0,0,0,0,0,0,0,416064,192,611,1452,3922713177,4185966465,840576,0
1055,1117056,0,0,0,2624,9408,326272,392896,385856,364608,748480,0,1408,320896,0,0,0,0,0,0,0,0,0,0,0,0,0,0,392704,192,611,1450,1379724708,3931541911,739072,0
1056,1116736,0,0,0,2624,10688,440512,382528,280384,259200,853568,0,1408,435200,0,0,0,0,0,0,0,0,0,0,0,0,0,0,382336,192,609,1456,983279450,669413826,842880,0
1057,1117056,0,0,0,2624,9088,337280,364160,403904,382784,730304,0,1344,332096,0,0,0,0,0,0,0,0,0,0,0,0,0,0,363968,192,607,1447,2111304308,3331336992,721216,0
1058,1115328,0,0,0,2560,9024,460480,469760,173504,154304,957056,0,1280,455168,0,0,0,0,0,0,0,0,0,0,0,0,0,0,469632,128,621,1473,3020245797,299961284,948032,0
1059,1116736,0,0,0,2624,9152,384576,409984,310400,291328,821504,0,1280,379328,0,0,0,0,0,0,0,0,0,0,0,0,0,0,409856,128,606,1443,224205783,904396143,812352,0
1060,1117120,0,0,0,8832,9280,449536,374976,274496,254976,858048,0,1280,444224,0,0,0,0,0,0,0,0,0,0,0,0,0,0,374784,192,606,1446,2788088028,3632540533,848768,0
1061,1116864,0,0,0,3968,9024,415232,386432,302208,282624,830272,0,1408,409856,0,0,0,0,0,0,0,0,0,0,0,0,0,0,386304,128,607,1440,4221688764,3806595779,821248,0
1062,1116928,0,0,0,3968,9088,444160,370496,289216,269632,843392,0,1344,438720,0,0,0,0,0,0,0,0,0,0,0,0,0,0,370368,128,593,1419,8196046,2819618349,834304,0
1063,1116800,0,0,0,4032,9344,450560,359488,293376,273792,838976,0,1344,445056,0,0,0,0,0,0,0,0,0,0,0,0,0,0,359296,192,599,1436,1491870295,1507303936,829632,0
1064,1677440,0,0,0,18304,9664,888320,441024,320128,300032,1373184,0,1408,883072,0,0,0,0,0,0,0,0,0,0,0,0,0,0,440896,128,608,1468,711031917,1070442804,1363520,0
1065,1116672,0,0,0,4096,9728,519936,409536,173376,153920,958336,0,1472,514624,0,0,0,0,0,0,0,0,0,0,0,0,0,0,409344,192,614,1466,1420069588,2478985519,948608,0
1066,1117056,0,0,0,6208,9600,518720,416832,165696,145984,966464,0,1344,513408,0,0,0,0,0,0,0,0,0,0,0,0,0,0,416704,128,615,1474,335575058,3508972143,956864,0
1067,1116928,0,0,0,6336,24512,525376,418496,142208,122432,990016,0,1344,520128,0,0,0,0,0,0,0,0,0,0,0,0,0,0,418304,192,617,1482,140015187,540912790,965504,0
1068,1116800,0,0,0,4032,9472,593216,480960,29120,9664,1102720,0,1280,587904,0,0,0,0,0,0,0,0,0,0,0,0,0,0,480768,192,619,1500,3899639970,3588563988,1093248,0
1069,1677184,0,0,0,16384,24064,698752,498496,439488,419328,1253440,0,1408,693440,0,0,0,0,0,0,0,0,0,0,0,0,0,0,498304,192,629,1514,3890984474,1161163191,1229376,0
1070,1116672,0,0,0,6400,24576,252480,458944,374272,348864,763584,0,1344,247360,0,0,0,0,0,0,0,0,0,0,0,0,0,0,458816,128,630,1523,4104782728,237636920,739008,0
1071,1116864,0,0,0,5504,25344,385728,450816,249472,230016,882752,0,1280,380224,0,0,0,0,0,0,0,0,0,0,0,0,0,0,450624,192,633,1532,2691143105,82942128,857408,0
1072,1117056,0,0,0,4352,23744,242624,454656,391680,372160,740992,0,1408,237440,0,0,0,0,0,0,0,0,0,0,0,0,0,0,454528,128,633,1533,1531641395,1467435757,717248,0
1073,1116800,0,0,0,4352,9472,304896,462848,335232,315840,796928,0,1280,299584,0,0,0,0,0,0,0,0,0,0,0,0,0,0,462720,128,632,1538,2537612130,1817042153,787456,0
1074,1117056,0,0,0,4288,9024,333184,454464,316096,296576,816512,0,1408,327808,0,0,0,0,0,0,0,0,0,0,0,0,0,0,454272,192,633,1533,1134137062,949853857,807488,0
1075,1116672,0,0,0,4224,9408,247680,449984,405376,385920,726784,0,1344,242496,0,0,0,0,0,0,0,0,0,0,0,0,0,0,449856,128,623,1502,3816727766,2555860238,717376,0
1076,1117184,0,0,0,4288,8960,298432,448448,357056,337408,775872,0,1280,293056,0,0,0,0,0,0,0,0,0,0,0,0,0,0,448320,128,643,1547,3796221405,1373432244,766912,0
1077,1117120,0,0,0,8896,9408,373120,466880,258816,238912,874240,0,1408,367808,0,0,0,0,0,0,0,0,0,0,0,0,0,0,466688,192,614,1492,3376013055,749096224,864832,0
1078,1676800,0,0,0,10048,9472,591232,506560,559488,539968,1132736,0,1344,585856,0,0,0,0,0,0,0,0,0,0,0,0,0,0,506432,128,627,1519,2469634255,1119592441,1123264,0
1079,1676864,0,0,0,6656,9280,546816,563456,550656,531264,1141504,0,1408,541568,0,0,0,0,0,0,0,0,0,0,0,0,0,0,563264,192,628,1524,3905118682,3114892313,1132224,0
1080,1116800,0,0,0,5696,9152,326336,453760,321856,302400,810304,0,1344,321024,0,0,0,0,0,0,0,0,0,0,0,0,0,0,453632,128,628,1516,3079146567,2782346437,801152,0
1081,1116992,0,0,0,4544,9088,356608,428096,318656,298944,814016,0,1344,351360,0,0,0,0,0,0,0,0,0,0,0,0,0,0,427904,192,623,1496,2963797224,643335806,804928,0
1082,1116992,0,0,0,4416,9216,380224,388864,334272,314368,798592,0,1408,374784,0,0,0,0,0,0,0,0,0,0,0,0,0,0,388672,192,608,1476,2574568810,2721664128,789376,0
1083,1116800,0,0,0,6592,9024,299200,417920,384064,364352,748480,0,1344,293888,0,0,0,0,0,0,0,0,0,0,0,0,0,0,417728,192,610,1489,3391083727,1613253307,739456,0
1084,1116992,0,0,0,6528,9088,281344,392448,427584,407808,705280,0,1280,276160,0,0,0,0,0,0,0,0,0,0,0,0,0,0,392256,192,605,1470,1829308532,3810949364,696192,0
1085,1116928,0,0,0,5760,9088,304064,415936,382080,362560,750400,0,1280,298752,0,0,0,0,0,0,0,0,0,0,0,0,0,0,415744,192,612,1487,4234311838,3606774901,741312,0
1086,1116864,0,0,0,4352,10624,376832,396608,328448,303360,809472,0,1408,371584,0,0,0,0,0,0,0,0,0,0,0,0,0,0,396416,192,612,1472,539790633,3858883809,798848,0
1087,1117056,0,0,0,4416,9088,320384,421120,362048,342208,770880,0,1344,315136,0,0,0,0,0,0,0,0,0,0,0,0,0,0,420928,192,625,1508,1123226190,3681216780,761792,0
1088,1116736,0,0,0,4352,9280,370496,398272,334336,314624,798208,0,1280,365184,0,0,0,0,0,0,0,0,0,0,0,0,0,0,398080,192,611,1482,158338608,2118539383,788928,0
1089,1116928,0,0,0,4416,9152,285888,419008,398464,379072,733888,0,1280,280768,0,0,0,0,0,0,0,0,0,0,0,0,0,0,418880,128,619,1527,1175448453,260482472,724736,0
1090,1117056,0,0,0,7360,8896,380160,394176,326464,306624,806528,0,1344,374912,0,0,0,0,0,0,0,0,0,0,0,0,0,0,394048,128,599,1473,2000699757,904857606,797632,0
1091,1116992,0,0,0,5696,9216,397568,423680,280832,261376,851520,0,1344,392192,0,0,0,0,0,0,0,0,0,0,0,0,0,0,423552,128,609,1496,153897499,564300295,842304,0
1092,1116736,0,0,0,4160,8832,296960,396352,410432,390656,722176,0,1344,291648,0,0,0,0,0,0,0,0,0,0,0,0,0,0,396160,192,606,1465,329701375,218841140,713344,0
1093,1116736,0,0,0,4224,9408,306880,421504,374720,355136,757568,0,1344,301632,0,0,0,0,0,0,0,0,0,0,0,0,0,0,421312,192,610,1487,1115780566,3018574586,748160,0
1094,1117184,0,0,0,6400,9216,340096,410240,351232,331520,781504,0,1280,334912,0,0,0,0,0,0,0,0,0,0,0,0,0,0,410112,128,605,1462,1025703656,1405952825,772288,0
1095,1116864,0,0,0,6272,9216,359104,431808,310464,290880,821888,0,1344,353792,0,0,0,0,0,0,0,0,0,0,0,0,0,0,431616,192,622,1496,2305093984,1102649919,812672,0
1096,1118400,0,0,0,11840,13120,491968,452544,148928,117056,993600,0,1472,485760,0,0,0,0,0,0,0,0,0,0,0,0,0,0,452352,192,621,1480,2323749045,338425448,980480,0
1097,1116736,0,0,0,15552,24064,385280,442752,249088,227584,885184,0,1344,379456,0,0,0,0,0,0,0,0,0,0,0,0,0,0,442560,192,633,1518,2515926654,1590971211,861120,0
1098,1117056,0,0,0,5120,9280,312320,415040,375296,353664,759424,0,1408,306944,0,0,0,0,0,0,0,0,0,0,0,0,0,0,414912,128,624,1489,2695230716,3204976836,750144,0
1099,1116992,0,0,0,6272,9280,290624,439488,371328,349632,763392,0,1344,285376,0,0,0,0,0,0,0,0,0,0,0,0,0,0,439360,128,638,1529,2685343212,3644325458,754112,0
1100,1116864,0,0,0,5376,9728,291456,415424,394880,373248,739520,0,1344,286208,0,0,0,0,0,0,0,0,0,0,0,0,0,0,415232,192,620,1487,1438802647,3559922191,729792,0
1101,1117056,0,0,0,4160,10432,305856,426368,370240,348800,764352,0,1408,300608,0,0,0,0,0,0,0,0,0,0,0,0,0,0,426176,192,615,1479,2772860267,1533302634,753920,0
1102,1116800,0,0,0,4096,9408,306368,402496,394432,366976,745920,0,1280,300992,0,0,0,0,0,0,0,0,0,0,0,0,0,0,402368,128,609,1459,2785803694,292217360,736512,0
1103,1116736,0,0,0,21440,9920,563648,473728,48000,26304,1085888,0,3200,553536,0,0,0,0,0,0,0,0,0,0,0,0,0,0,473536,192,620,1493,750317082,285655404,1075968,0
1104,1116928,0,0,0,4288,9920,340160,510592,251968,230912,881664,0,1344,334784,0,0,0,0,0,0,0,0,0,0,0,0,0,0,510400,192,623,1541,1533587117,2679276447,871744,0
1105,1116928,0,0,0,4352,9728,319680,447296,335872,314816,797824,0,1344,314432,0,0,0,0,0,0,0,0,0,0,0,0,0,0,447104,192,618,1529,3650005139,39030161,788096,0
1106,1116736,0,0,0,4224,9536,546240,437184,119552,98368,1014208,0,1344,540864,0,0,0,0,0,0,0,0,0,0,0,0,0,0,437056,128,618,1518,2275523419,3162110678,1004672,0
1107,1116928,0,0,0,4160,9536,414848,434624,253760,232704,880256,0,1344,409600,0,0,0,0,0,0,0,0,0,0,0,0,0,0,434432,192,618,1527,80830972,1048498687,870720,0
1108,1117120,0,0,0,4160,9664,444160,422080,237056,215680,897408,0,1408,438912,0,0,0,0,0,0,0,0,0,0,0,0,0,0,421952,128,617,1526,2912115163,3574427199,887744,0
1109,1116992,0,0,0,4032,9216,435648,403392,264704,243264,869760,0,1408,430400,0,0,0,0,0,0,0,0,0,0,0,0,0,0,403200,192,602,1481,654054668,1526547399,860544,0
1110,1116544,0,0,0,4096,9472,428096,398784,276096,254720,857920,0,1408,422912,0,0,0,0,0,0,0,0,0,0,0,0,0,0,398656,128,599,1494,3756933733,4001164286,848448,0
1111,1117056,0,0,0,4160,9216,480256,399232,224192,202752,910464,0,1280,475136,0,0,0,0,0,0,0,0,0,0,0,0,0,0,399104,128,606,1521,448159420,232626599,901248,0
1112,1115392,0,0,0,4928,9280,495296,407360,198528,176192,935232,0,1344,489728,0,0,0,0,0,0,0,0,0,0,0,0,0,0,407168,192,607,1536,2722501948,1193157457,925952,0
1113,1116736,0,0,0,4096,9344,424640,423744,254912,233536,879296,0,1280,419392,0,0,0,0,0,0,0,0,0,0,0,0,0,0,423616,128,610,1551,3738464042,2805531650,869952,0
1114,1117056,0,0,0,4032,9088,439296,407616,257024,235520,877568,0,1408,433856,0,0,0,0,0,0,0,0,0,0,0,0,0,0,407424,192,613,1559,638808643,4117312319,868480,0
1115,1116736,0,0,0,4096,9216,418176,416832,268416,247168,865536,0,1472,412736,0,0,0,0,0,0,0,0,0,0,0,0,0,0,416640,192,610,1554,1828847941,4109949717,856320,0
1116,1116928,0,0,0,4096,10816,594048,476736,31232,10176,1102848,0,1344,588864,0,0,0,0,0,0,0,0,0,0,0,0,0,0,476544,192,578,1475,2193581783,872569691,1092032,0
1117,1116864,0,0,0,9216,9472,589376,482560,26240,4736,1108032,0,1408,583936,0,0,0,0,0,0,0,0,0,0,0,0,0,0,482368,192,577,1481,3326586654,2288996892,1098560,0
1118,1116736,0,0,0,4288,9408,449920,451840,201280,174144,938624,0,1344,444672,0,0,0,0,0,0,0,0,0,0,0,0,0,0,451712,128,577,1469,2240542067,3889598337,929216,0
1119,1116864,0,0,0,4224,9280,462976,417152,223232,202304,910592,0,1408,457600,0,0,0,0,0,0,0,0,0,0,0,0,0,0,417024,128,579,1472,4218536927,2054498904,901312,0
1120,1117120,0,0,0,6400,9344,481664,425792,193920,171968,941184,0,1344,476288,0,0,0,0,0,0,0,0,0,0,0,0,0,0,425600,192,597,1554,1369946749,3490041954,931840,0
1121,1116736,0,0,0,6336,9408,472128,433024,195840,174272,938496,0,1280,466752,0,0,0,0,0,0,0,0,0,0,0,0,0,0,432896,128,615,1564,2965623388,3008356156,929088,0
1122,1116992,0,0,0,5568,8960,507456,418496,176512,155136,957888,0,1280,502208,0,0,0,0,0,0,0,0,0,0,0,0,0,0,418368,128,611,1542,3392640478,1910952363,948928,0
1123,1116864,0,0,0,4160,9408,506112,439296,157888,136640,976256,0,1344,500864,0,0,0,0,0,0,0,0,0,0,0,0,0,0,439104,192,617,1540,3967721173,2384567869,966848,0
1124,1117120,0,0,0,4224,9216,465408,445568,192704,171456,941632,0,1344,460032,0,0,0,0,0,0,0,0,0,0,0,0,0,0,445440,128,618,1532,4184186676,2625828032,932416,0
1125,1116608,0,0,0,4224,9216,451712,423936,227520,206400,906240,0,1280,446336,0,0,0,0,0,0,0,0,0,0,0,0,0,0,423808,128,607,1493,4052476767,1612945900,897024,0
1126,1117248,0,0,0,6528,9216,467712,466560,167232,145088,968192,0,1280,462656,0,0,0,0,0,0,0,0,0,0,0,0,0,0,466432,128,603,1461,3616842505,463937029,958976,0
1127,1116608,0,0,0,14336,23808,463168,460096,155200,133824,978560,0,1344,457856,0,0,0,0,0,0,0,0,0,0,0,0,0,0,459904,192,615,1478,1778806145,2842921509,954752,0
1128,1116992,0,0,0,4160,9344,364480,422208,316800,295424,817536,0,1472,359040,0,0,0,0,0,0,0,0,0,0,0,0,0,0,422016,192,628,1506,527267341,4239156306,808192,0
1129,1116736,0,0,0,4096,9216,364736,427712,310976,289664,823104,0,1344,359424,0,0,0,0,0,0,0,0,0,0,0,0,0,0,427584,128,624,1484,2203345617,2717087907,813888,0
1130,1116992,0,0,0,4224,9600,380928,432640,289600,268352,844608,0,1408,375744,0,0,0,0,0,0,0,0,0,0,0,0,0,0,432448,192,614,1473,1036229593,2299729341,835008,0
1131,1116736,0,0,0,4160,9280,443136,425536,234624,213376,899392,0,1344,437632,0,0,0,0,0,0,0,0,0,0,0,0,0,0,425344,192,618,1487,3432469507,1964581549,890112,0
1132,1117120,0,0,0,4224,10624,433536,420992,247744,226048,887104,0,1408,428160,0,0,0,0,0,0,0,0,0,0,0,0,0,0,420864,128,613,1469,3827071265,1422811083,876480,0
1133,1116800,0,0,0,4160,9600,365312,415296,322432,301248,811584,0,1280,360064,0,0,0,0,0,0,0,0,0,0,0,0,0,0,415168,128,616,1471,1516281333,196200928,801984,0
1134,1116928,0,0,0,7104,9472,390272,412544,297536,270656,842304,0,1408,384832,0,0,0,0,0,0,0,0,0,0,0,0,0,0,412416,128,611,1453,1076500112,2806468493,832832,0
1135,1116928,0,0,0,6016,9088,499648,416448,185728,164032,948928,0,1408,494336,0,0,0,0,0,0,0,0,0,0,0,0,0,0,416256,192,607,1430,607945728,2218643145,939840,0
1136,1116736,0,0,0,5440,9472,341504,396736,363584,342464,770176,0,1344,336064,0,0,0,0,0,0,0,0,0,0,0,0,0,0,396608,128,613,1446,2046646665,216867645,760704,0
1137,1117248,0,0,0,4096,9344,361600,395904,346304,324352,788992,0,1344,356224,0,0,0,0,0,0,0,0,0,0,0,0,0,0,395712,192,614,1447,982143104,555611215,779648,0
1138,1116608,0,0,0,4096,9280,355584,387968,359680,338176,774464,0,1344,350144,0,0,0,0,0,0,0,0,0,0,0,0,0,0,387776,192,609,1434,2102455075,2239784444,765184,0
1139,1116672,0,0,0,5184,9152,366912,400000,335424,313856,798848,0,1344,361600,0,0,0,0,0,0,0,0,0,0,0,0,0,0,399872,128,611,1440,3367427548,2851517730,789696,0
1140,1117120,0,0,0,6208,9600,399744,406336,295232,274432,838528,0,1344,394368,0,0,0,0,0,0,0,0,0,0,0,0,0,0,406144,192,607,1421,805103676,4152748115,828928,0
1141,1116736,0,0,0,5312,9536,329024,395392,377472,356352,756352,0,1344,323520,0,0,0,0,0,0,0,0,0,0,0,0,0,0,395264,128,614,1438,3778832743,169509125,746816,0
1142,1116992,0,0,0,4096,9408,366208,389696,347584,326592,786432,0,1344,360960,0,0,0,0,0,0,0,0,0,0,0,0,0,0,389504,192,615,1437,3024592166,354170912,777024,0
1143,1116928,0,0,0,4032,9344,325312,392640,385600,364288,748672,0,1344,320000,0,0,0,0,0,0,0,0,0,0,0,0,0,0,392512,128,611,1433,3966104978,1689906123,739328,0
1144,1116992,0,0,0,4032,9280,351936,382848,368896,347392,765696,0,1344,346688,0,0,0,0,0,0,0,0,0,0,0,0,0,0,382720,128,613,1438,3782906338,3071357526,756416,0
1145,1116736,0,0,0,3968,9408,337472,383104,382784,361408,751360,0,1344,332160,0,0,0,0,0,0,0,0,0,0,0,0,0,0,382912,192,611,1439,452657476,694732268,741952,0
1146,1117120,0,0,0,4096,9344,326592,382208,394880,373184,740032,0,1344,321472,0,0,0,0,0,0,0,0,0,0,0,0,0,0,382016,192,613,1436,2790905037,2390848656,730688,0
1147,1116736,0,0,0,3904,10624,425280,409472,267456,246336,866496,0,1408,419968,0,0,0,0,0,0,0,0,0,0,0,0,0,0,409280,192,617,1444,462862623,1182366683,855872,0
1148,1117056,0,0,0,4224,9728,520320,472896,109888,88896,1023808,0,1280,515008,0,0,0,0,0,0,0,0,0,0,0,0,0,0,472704,192,628,1499,2284729612,3920800064,1014080,0
1149,1116864,0,0,0,9728,9664,578048,460096,59328,38208,1074048,0,1344,572608,0,0,0,0,0,0,0,0,0,0,0,0,0,0,459904,192,629,1505,4229204312,1834679007,1064384,0
1150,1116992,0,0,0,4352,9792,357632,451776,293440,263424,849152,0,1280,352320,0,0,0,0,0,0,0,0,0,0,0,0,0,0,451584,192,633,1508,2651602992,3114834016,839360,0
1151,1116800,0,0,0,4352,9728,395904,453632,253184,231936,880512,0,1344,390592,0,0,0,0,0,0,0,0,0,0,0,0,0,0,453440,192,624,1493,2087098248,3598485118,870784,0
1152,1116928,0,0,0,4288,9856,383744,479360,239680,218368,894144,0,1408,378240,0,0,0,0,0,0,0,0,0,0,0,0,0,0,479104,256,639,1548,1105076447,3315270259,884288,0
1153,1117120,0,0,0,4288,9536,391680,487296,224320,202752,910016,0,1344,386432,0,0,0,0,0,0,0,0,0,0,0,0,0,0,487104,192,650,1563,1375749273,3578146028,900480,0
1154,1116672,0,0,0,4224,9920,323648,462272,316608,295488,816768,0,1344,318336,0,0,0,0,0,0,0,0,0,0,0,0,0,0,462080,192,636,1516,1256798591,801653609,806848,0
1155,1117184,0,0,0,4288,9600,319808,460416,323072,301248,811584,0,1344,314432,0,0,0,0,0,0,0,0,0,0,0,0,0,0,460288,128,631,1500,842141983,290011261,801984,0
1156,1116864,0,0,0,4288,9728,369856,495744,237248,215488,897024,0,1344,364608,0,0,0,0,0,0,0,0,0,0,0,0,0,0,495552,192,642,1542,3486035930,1813045655,887296,0
1157,1116928,0,0,0,5120,23744,388928,489728,209408,187968,924544,0,1408,383552,0,0,0,0,0,0,0,0,0,0,0,0,0,0,489600,128,647,1540,1868048521,2437670611,900800,0
1158,1116672,0,0,0,4352,9984,360064,446784,295488,274112,838144,0,1344,354816,0,0,0,0,0,0,0,0,0,0,0,0,0,0,446592,192,632,1497,1207038214,352476963,828160,0
1159,1117056,0,0,0,4352,9536,440640,457024,205504,183872,928832,0,1344,435200,0,0,0,0,0,0,0,0,0,0,0,0,0,0,456832,192,638,1513,495006321,3538666510,919296,0
1160,1116736,0,0,0,4352,9792,493696,481600,127296,106304,1006080,0,1344,488256,0,0,0,0,0,0,0,0,0,0,0,0,0,0,481408,192,653,1561,461477516,3161342782,996288,0
1161,1117056,0,0,0,4352,9728,415424,480320,207232,186304,926336,0,1344,410048,0,0,0,0,0,0,0,0,0,0,0,0,0,0,480128,192,660,1586,3804534083,2646793933,916608,0
1162,1116800,0,0,0,6400,11200,454464,451904,192832,171392,940992,0,1408,449088,0,0,0,0,0,0,0,0,0,0,0,0,0,0,451776,128,643,1519,183103717,2369988966,929792,0
1163,1116864,0,0,0,6400,9792,473152,447040,180480,159360,953024,0,1408,467776,0,0,0,0,0,0,0,0,0,0,0,0,0,0,446912,128,635,1506,1343045052,1858508013,943232,0
1164,1116928,0,0,0,6208,9792,467840,500672,132416,111232,1001280,0,1408,462592,0,0,0,0,0,0,0,0,0,0,0,0,0,0,500480,192,658,1628,1658385476,4250322045,991488,0
1165,1116800,0,0,0,6464,9728,447680,470528,182400,161280,951040,0,1280,442240,0,0,0,0,0,0,0,0,0,0,0,0,0,0,470400,128,650,1614,641983416,1386184133,941312,0
1166,1116992,0,0,0,4160,9920,596416,451264,55232,28160,1084352,0,1408,591168,0,0,0,0,0,0,0,0,0,0,0,0,0,0,451072,192,636,1558,1909367947,2659666801,1074432,0
1167,1116864,0,0,0,4096,9920,527360,439296,136192,115136,997248,0,1408,521920,0,0,0,0,0,0,0,0,0,0,0,0,0,0,439104,192,646,1575,3228857260,3961021820,987328,0
1168,1116864,0,0,0,4096,9728,543232,458176,101632,78336,1034176,0,1408,537920,0,0,0,0,0,0,0,0,0,0,0,0,0,0,457984,192,658,1618,1132085287,3422372845,1024448,0
1169,1116928,0,0,0,4032,9600,539904,472832,90560,69120,1043456,0,1408,534592,0,0,0,0,0,0,0,0,0,0,0,0,0,0,472640,192,654,1613,3083862750,761626930,1033856,0
1170,1116800,0,0,0,4032,9728,506432,446784,149824,128448,983936,0,1344,501184,0,0,0,0,0,0,0,0,0,0,0,0,0,0,446592,192,637,1557,524357875,3661999985,974208,0
1171,1117056,0,0,0,6272,9344,587392,487680,26368,4928,1107712,0,1408,582016,0,0,0,0,0,0,0,0,0,0,0,0,0,0,487488,192,632,1557,3834992243,792978528,1098368,0
1172,1676864,0,0,0,5312,9472,595200,494144,572736,551552,1120896,0,1344,590016,0,0,0,0,0,0,0,0,0,0,0,0,0,0,493952,192,641,1597,148836052,4093646171,1111424,0
1173,1677696,0,0,0,13056,9728,713216,539200,402496,380352,1292800,0,1472,707712,0,0,0,0,0,0,0,0,0,0,0,0,0,0,539072,128,628,1598,3249796924,3890807222,1283072,0
1174,1116416,0,0,0,4160,9600,542656,460224,99776,78400,1033600,0,1344,537408,0,0,0,0,0,0,0,0,0,0,0,0,0,0,460096,128,611,1553,3619697308,3161738768,1024000,0
1175,1116800,0,0,0,4096,10176,549888,461824,90816,69376,1042944,0,1408,544320,0,0,0,0,0,0,0,0,0,0,0,0,0,0,461632,192,581,1480,2490195198,1046581419,1032768,0
1176,1676928,0,0,0,4160,11200,608640,488576,564352,543296,1129216,0,1344,603392,0,0,0,0,0,0,0,0,0,0,0,0,0,0,488448,128,564,1423,1007050541,4258471109,1118016,0
1177,2237248,0,0,0,4992,9536,603072,1151040,468608,447232,1785664,0,1344,597760,0,0,0,0,0,0,0,0,0,0,0,0,0,0,1150848,192,557,1411,1151894657,192862882,1776128,0
1178,2237120,0,0,0,14720,25536,745728,1253184,197952,176896,2055616,0,1344,740544,0,0,0,0,0,0,0,0,0,0,0,0,0,0,1253056,128,550,1387,2063195845,1003517828,2030080,0
1179,1116928,0,0,0,6976,25600,477440,537280,69632,48384,1064000,0,1344,472000,0,0,0,0,0,0,0,0,0,0,0,0,0,0,537152,128,560,1424,2027722481,93058179,1038400,0
1180,1677056,0,0,0,6080,25600,592256,595520,457600,436288,1236224,0,1408,586880,0,0,0,0,0,0,0,0,0,0,0,0,0,0,595392,128,598,1545,887888708,1620944616,1210624,0
1181,1677120,0,0,0,6912,25920,488384,619200,536704,515136,1157440,0,1408,483200,0,0,0,0,0,0,0,0,0,0,0,0,0,0,619008,192,594,1540,212787787,2708803277,1131520,0
1182,1677056,0,0,0,6912,25920,533120,573056,538048,510848,1161728,0,1344,527616,0,0,0,0,0,0,0,0,0,0,0,0,0,0,572864,192,583,1507,2724461472,2348224775,1135808,0
1183,1676992,0,0,0,4544,25984,504704,580800,560960,539712,1132800,0,1344,499328,0,0,0,0,0,0,0,0,0,0,0,0,0,0,580672,128,589,1529,2036523342,3068637991,1106816,0
1184,1676992,0,0,0,5440,25408,539200,638336,468608,447296,1225408,0,1344,533824,0,0,0,0,0,0,0,0,0,0,0,0,0,0,638144,192,605,1573,2750284291,4160108281,1200000,0
1185,1677312,0,0,0,6336,25600,497536,624256,523584,502208,1170624,0,1344,492288,0,0,0,0,0,0,0,0,0,0,0,0,0,0,624064,192,602,1566,2966600700,3508652242,1145024,0
1186,2237184,0,0,0,10688,26816,820288,820544,558848,532160,1700224,0,1344,815040,0,0,0,0,0,0,0,0,0,0,0,0,0,0,820352,192,589,1515,3202614956,3211383637,1673408,0
1187,1676928,0,0,0,4544,25728,633472,741248,271936,246272,1425920,0,1344,628160,0,0,0,0,0,0,0,0,0,0,0,0,0,0,741120,128,588,1502,2807289463,2417634974,1400192,0
1188,1677248,0,0,0,4480,25408,641664,745856,259840,233344,1439232,0,1408,636416,0,0,0,0,0,0,0,0,0,0,0,0,0,0,745664,192,610,1547,3747631319,1271988107,1413824,0
1189,1677056,0,0,0,6784,25920,634432,766208,243712,217536,1454720,0,1408,629056,0,0,0,0,0,0,0,0,0,0,0,0,0,0,766080,128,607,1536,3041823392,3951898601,1428800,0
1190,1676928,0,0,0,5760,25728,599872,718208,327360,301504,1370688,0,1408,594368,0,0,0,0,0,0,0,0,0,0,0,0,0,0,718016,192,587,1474,3612007292,2676573037,1344960,0
1191,1677056,0,0,0,5312,25536,604480,721920,319808,293504,1378880,0,1408,599168,0,0,0,0,0,0,0,0,0,0,0,0,0,0,721728,192,578,1448,2234310163,3242919857,1353344,0
1192,1677248,0,0,0,5568,25344,667712,803072,175552,149696,1522752,0,1344,662272,0,0,0,0,0,0,0,0,0,0,0,0,0,0,802880,192,605,1529,4284827952,2343570775,1497408,0
1193,1676800,0,0,0,6464,25280,570048,721984,353024,327040,1345024,0,1408,564608,0,0,0,0,0,0,0,0,0,0,0,0,0,0,721856,128,599,1509,3552095207,352074609,1319744,0
1194,1676992,0,0,0,5696,25664,546048,664512,435072,408640,1263552,0,1408,540608,0,0,0,0,0,0,0,0,0,0,0,0,0,0,664320,192,589,1466,1871883458,3242145681,1237888,0
1195,1677120,0,0,0,4352,25088,526592,650624,470464,443904,1228672,0,1408,521344,0,0,0,0,0,0,0,0,0,0,0,0,0,0,650432,192,572,1414,577409897,2644817029,1203584,0
1196,1677312,0,0,0,4352,26624,686784,620288,339264,312960,1359744,0,1344,681344,0,0,0,0,0,0,0,0,0,0,0,0,0,0,620160,128,574,1406,3162356573,2712096846,1333120,0
1197,1117184,0,0,0,4416,25600,399872,590656,96640,70272,1042240,0,1408,394560,0,0,0,0,0,0,0,0,0,0,0,0,0,0,590464,192,564,1395,1630800943,2278287724,1016640,0
1198,1116544,0,0,0,4352,25344,398656,539968,148224,116416,995456,0,1408,393408,0,0,0,0,0,0,0,0,0,0,0,0,0,0,539840,128,555,1353,870389856,3214088385,970112,0
1199,1116800,0,0,0,4352,25536,442688,526400,117824,91456,1020736,0,1344,437248,0,0,0,0,0,0,0,0,0,0,0,0,0,0,526208,192,559,1355,509378824,2741549487,995200,0
1200,1677888,0,0,0,6464,25024,448448,665856,532096,505600,1167680,0,1408,443200,0,0,0,0,0,0,0,0,0,0,0,0,0,0,665664,192,571,1394,978905832,471074827,1142656,0
1201,1116160,0,0,0,6592,25408,335680,626112,122368,96320,1015104,0,1408,330304,0,0,0,0,0,0,0,0,0,0,0,0,0,0,625920,192,569,1393,1880090308,1562496371,989696,0
1202,1116864,0,0,0,4224,25088,320640,563008,203904,177792,934464,0,1408,315328,0,0,0,0,0,0,0,0,0,0,0,0,0,0,562816,192,554,1349,377859406,1338599622,909376,0
1203,1116928,0,0,0,4224,25216,334528,576576,176384,150528,961728,0,1280,329216,0,0,0,0,0,0,0,0,0,0,0,0,0,0,576384,192,554,1351,3312859348,4136039468,936512,0
1204,1116864,0,0,0,4352,25152,409984,596672,80704,54912,1057344,0,1408,404736,0,0,0,0,0,0,0,0,0,0,0,0,0,0,596480,192,565,1377,2756130454,3180020398,1032192,0
1205,1117056,0,0,0,4224,24960,384128,595328,108416,82368,1030016,0,1408,378560,0,0,0,0,0,0,0,0,0,0,0,0,0,0,595136,192,567,1381,516713533,671392195,1005056,0
1206,1116928,0,0,0,6272,25024,324928,562240,198464,172608,939456,0,1344,319680,0,0,0,0,0,0,0,0,0,0,0,0,0,0,562048,192,538,1303,597015882,1462314615,914432,0
1207,1116864,0,0,0,6592,25280,324992,574912,185088,159168,952768,0,1344,319616,0,0,0,0,0,0,0,0,0,0,0,0,0,0,574720,192,542,1307,2296952229,401626790,927488,0
1208,1677248,0,0,0,4160,25280,451840,621056,574912,549184,1123392,0,1344,446528,0,0,0,0,0,0,0,0,0,0,0,0,0,0,620928,128,543,1344,720894297,367500416,1098112,0
1209,1676928,0,0,0,8896,24896,508544,618880,515712,490112,1181888,0,1280,503104,0,0,0,0,0,0,0,0,0,0,0,0,0,0,618688,192,558,1362,811828410,2109410975,1156992,0
1210,1675776,0,0,0,5120,25344,535168,608960,501184,476544,1194496,0,1344,529792,0,0,0,0,0,0,0,0,0,0,0,0,0,0,608768,192,515,1258,3616205732,958478148,1169152,0
1211,1116864,0,0,0,6848,10304,444608,603392,51712,27392,1084672,0,1344,439168,0,0,0,0,0,0,0,0,0,0,0,0,0,0,603200,192,519,1276,3291032409,2779811550,1074368,0
1212,1116928,0,0,0,6784,9792,446848,624832,28672,4032,1108224,0,1344,441536,0,0,0,0,0,0,0,0,0,0,0,0,0,0,624640,192,537,1330,3111360544,1273792766,1098432,0
1213,1116928,0,0,0,5824,24128,390016,628160,68800,44480,1067648,0,1408,384576,0,0,0,0,0,0,0,0,0,0,0,0,0,0,627968,192,542,1340,535677405,3273186211,1043520,0
1214,1116672,0,0,0,4160,9984,324800,583488,194240,164288,947648,0,1344,319552,0,0,0,0,0,0,0,0,0,0,0,0,0,0,583296,192,527,1293,93464931,1087622620,937664,0
1215,1117120,0,0,0,4160,9536,307392,562368,233664,209216,903232,0,1408,301888,0,0,0,0,0,0,0,0,0,0,0,0,0,0,562176,192,526,1292,2569051220,465599276,893696,0
1216,1116800,0,0,0,4096,9664,343872,564800,194368,170112,942080,0,1344,338432,0,0,0,0,0,0,0,0,0,0,0,0,0,0,564608,192,525,1298,3944241993,1765486459,932416,0
1217,1117376,0,0,0,4096,23808,316032,566784,206656,181440,931328,0,1408,310336,0,0,0,0,0,0,0,0,0,0,0,0,0,0,566592,192,528,1302,1637484673,189286058,907520,0
1218,1116544,0,0,0,6080,9536,394688,527424,178816,154304,957888,0,1280,389440,0,0,0,0,0,0,0,0,0,0,0,0,0,0,527232,192,525,1278,1274056633,1489832820,948352,0
1219,1116864,0,0,0,6144,9536,317312,519872,264000,239552,872960,0,1280,312000,0,0,0,0,0,0,0,0,0,0,0,0,0,0,519680,192,530,1291,1149071966,2266347053,863424,0
1220,1116992,0,0,0,5312,9856,342336,540992,218496,194112,918016,0,1408,336832,0,0,0,0,0,0,0,0,0,0,0,0,0,0,540800,192,523,1277,147195760,1242846684,908160,0
1221,1116800,0,0,0,3904,9344,294784,510336,298432,271936,840640,0,1408,289408,0,0,0,0,0,0,0,0,0,0,0,0,0,0,510208,128,526,1275,3942988751,1177412890,831296,0
1222,1116672,0,0,0,6080,9600,305728,476800,318464,294208,817984,0,1408,300416,0,0,0,0,0,0,0,0,0,0,0,0,0,0,476672,128,511,1220,1650445777,381837866,808384,0
1223,1117120,0,0,0,12224,9280,342656,492800,260160,229952,882816,0,1472,337408,0,0,0,0,0,0,0,0,0,0,0,0,0,0,492608,192,507,1225,2585174636,1579735826,873536,0
1224,1118272,0,0,0,5248,9536,300864,469120,333504,307904,806016,0,1280,295488,0,0,0,0,0,0,0,0,0,0,0,0,0,0,468928,192,501,1216,3337280316,2891788782,796480,0
1225,1116928,0,0,0,3968,11328,303808,454848,342976,317184,795328,0,1344,298368,0,0,0,0,0,0,0,0,0,0,0,0,0,0,454720,128,525,1259,660429729,917085450,784000,0
1226,1116992,0,0,0,3904,9664,296576,498944,307904,281664,830976,0,1408,291136,0,0,0,0,0,0,0,0,0,0,0,0,0,0,498752,192,584,1460,685224359,2749823871,821312,0
1227,1116992,0,0,0,3904,9472,354816,477696,271104,245056,867584,0,1408,349568,0,0,0,0,0,0,0,0,0,0,0,0,0,0,477504,192,649,1604,762885393,984317264,858112,0
1228,1116928,0,0,0,3968,9856,297664,477632,327808,301504,811072,0,1408,292416,0,0,0,0,0,0,0,0,0,0,0,0,0,0,477440,192,633,1540,306097216,103117195,801216,0
1229,1116928,0,0,0,3904,9792,342464,483968,276800,250432,862080,0,1408,337152,0,0,0,0,0,0,0,0,0,0,0,0,0,0,483840,128,633,1538,662858212,252462404,852288,0
1230,1116992,0,0,0,3904,9728,375488,484864,243008,211136,901504,0,1408,370304,0,0,0,0,0,0,0,0,0,0,0,0,0,0,484736,128,635,1538,1365294725,1711073546,891776,0
1231,1116800,0,0,0,4800,9664,295296,485824,321216,295104,817280,0,1408,289856,0,0,0,0,0,0,0,0,0,0,0,0,0,0,485696,128,638,1543,3514786529,4263508120,807616,0
1232,1116864,0,0,0,3904,9600,296320,475584,331456,305280,807232,0,1344,291008,0,0,0,0,0,0,0,0,0,0,0,0,0,0,475456,128,631,1524,1807260896,950494121,797632,0
1233,1117056,0,0,0,3968,9536,297728,475840,329984,303872,808832,0,1280,292480,0,0,0,0,0,0,0,0,0,0,0,0,0,0,475712,128,623,1505,1607985966,121283043,799296,0
1234,1116608,0,0,0,11584,10176,390784,535936,168128,142400,969728,0,1408,385344,0,0,0,0,0,0,0,0,0,0,0,0,0,0,535744,192,629,1516,1424218508,3713548929,959552,0
1235,1117056,0,0,0,4224,10048,395968,560192,146624,120512,992064,0,1408,390656,0,0,0,0,0,0,0,0,0,0,0,0,0,0,560000,192,628,1528,556730604,2893301715,982016,0
1236,1116992,0,0,0,4160,9984,454464,551744,96640,70976,1041664,0,1344,449088,0,0,0,0,0,0,0,0,0,0,0,0,0,0,551616,128,636,1536,2558517432,2571420090,1031680,0
1237,1116736,0,0,0,4160,9792,414592,544448,143744,117824,994560,0,1344,409280,0,0,0,0,0,0,0,0,0,0,0,0,0,0,544256,192,633,1531,79113236,1592639965,984768,0
1238,1117440,0,0,0,4224,9728,426496,537664,139328,113344,999808,0,1408,421248,0,0,0,0,0,0,0,0,0,0,0,0,0,0,537472,192,637,1533,1108706364,2931604106,990080,0
1239,1116608,0,0,0,6208,9664,322944,495168,282624,256448,855808,0,1344,317760,0,0,0,0,0,0,0,0,0,0,0,0,0,0,494976,192,641,1541,153475635,3308669798,846144,0
1240,1116672,0,0,0,6144,10816,298368,493568,307776,281984,830400,0,1344,292992,0,0,0,0,0,0,0,0,0,0,0,0,0,0,493376,192,641,1545,1545065365,1497095117,819584,0
1241,1116928,0,0,0,6912,9792,356608,485504,258112,232000,880384,0,1280,351296,0,0,0,0,0,0,0,0,0,0,0,0,0,0,485312,192,649,1558,1895115084,2110523493,870592,0
1242,1115584,0,0,0,6080,9536,298752,468800,332416,308032,803136,0,1408,293248,0,0,0,0,0,0,0,0,0,0,0,0,0,0,468672,128,662,1572,737206304,3114655384,793600,0
1243,1116864,0,0,0,6656,9472,298368,472960,329408,304896,807424,0,1280,292928,0,0,0,0,0,0,0,0,0,0,0,0,0,0,472768,192,659,1567,2707901051,666955328,797952,0
1244,1116800,0,0,0,5888,9536,255488,463616,382272,358272,754176,0,1408,250368,0,0,0,0,0,0,0,0,0,0,0,0,0,0,463424,192,657,1564,3627911620,573512197,744640,0
1245,1116800,0,0,0,4608,9344,264320,462208,376320,352256,760192,0,1280,259008,0,0,0,0,0,0,0,0,0,0,0,0,0,0,462016,192,653,1560,2902337124,1859742658,750848,0
1246,1678144,0,0,0,17152,24576,656064,740736,239616,208256,1465152,0,1408,650624,0,0,0,0,0,0,0,0,0,0,0,0,0,0,740608,128,652,1547,2753831352,260214572,1440576,0
1247,1116224,0,0,0,4096,24000,338048,515200,234880,210240,901632,0,1408,332672,0,0,0,0,0,0,0,0,0,0,0,0,0,0,515008,192,656,1558,3757342886,2590757957,877632,0
1248,1116864,0,0,0,4160,23488,244864,485760,358592,333952,778560,0,1408,239488,0,0,0,0,0,0,0,0,0,0,0,0,0,0,485568,192,659,1564,2839111389,3161490270,755072,0
1249,1116928,0,0,0,4096,9728,253312,491008,358784,334208,778368,0,1280,248192,0,0,0,0,0,0,0,0,0,0,0,0,0,0,490816,192,663,1580,1664716041,1652104033,768640,0
1250,1116800,0,0,0,4160,9472,400448,535680,167040,142848,969600,0,1344,395008,0,0,0,0,0,0,0,0,0,0,0,0,0,0,535488,192,654,1581,930376346,1107043834,960128,0
1251,1116992,0,0,0,4096,9536,359488,538240,205632,181440,931072,0,1344,354112,0,0,0,0,0,0,0,0,0,0,0,0,0,0,538048,192,649,1587,4286261118,3624740637,921536,0
1252,1676992,0,0,0,13248,9664,678784,531840,443456,419072,1253312,0,1472,673472,0,0,0,0,0,0,0,0,0,0,0,0,0,0,531648,192,675,1630,235741448,1068245872,1243648,0
1253,2237568,0,0,0,12672,23808,1146880,606784,447424,422848,1810240,0,1344,1141568,0,0,0,0,0,0,0,0,0,0,0,0,0,0,606592,192,670,1656,3219575409,3047677071,1786432,0
1254,1116736,0,0,0,6656,25664,312064,585088,187264,162624,949696,0,1472,306688,0,0,0,0,0,0,0,0,0,0,0,0,0,0,584896,192,667,1647,3780236559,721548526,924032,0
1255,1116800,0,0,0,5824,23488,336896,543168,207424,183040,929280,0,1408,331584,0,0,0,0,0,0,0,0,0,0,0,0,0,0,542976,192,661,1627,3526448475,3066724291,905792,0
1256,1116928,0,0,0,4416,9408,337152,549568,216384,191616,921024,0,1408,331712,0,0,0,0,0,0,0,0,0,0,0,0,0,0,549376,192,659,1639,3978867219,3146961465,911616,0
1257,1117312,0,0,0,4480,9664,380864,581696,140608,115968,996928,0,1408,375552,0,0,0,0,0,0,0,0,0,0,0,0,0,0,581568,128,670,1642,4240548511,1661639061,987264,0
1258,1116736,0,0,0,4416,9856,356416,515392,230656,206208,906176,0,1344,351168,0,0,0,0,0,0,0,0,0,0,0,0,0,0,515200,192,635,1554,2744616389,2835954129,896320,0
1259,1116800,0,0,0,4352,9408,440704,438656,223680,198976,913472,0,1344,435328,0,0,0,0,0,0,0,0,0,0,0,0,0,0,438528,128,580,1367,768557516,663663113,904064,0
1260,1117440,0,0,0,4416,9600,385472,429568,288384,263936,849152,0,1280,380224,0,0,0,0,0,0,0,0,0,0,0,0,0,0,429376,192,593,1378,2968205766,4160998855,839552,0
1261,1116160,0,0,0,6528,9920,411456,428544,259712,235648,876032,0,1280,406080,0,0,0,0,0,0,0,0,0,0,0,0,0,0,428352,192,571,1331,3921282917,2273124792,866112,0
1262,1117056,0,0,0,6400,9728,393920,422016,284992,255104,857280,0,1344,388736,0,0,0,0,0,0,0,0,0,0,0,0,0,0,421824,192,564,1297,1787091425,1638004197,847552,0
1263,1676864,0,0,0,5696,9600,507840,876608,277120,252992,1419392,0,1344,502592,0,0,0,0,0,0,0,0,0,0,0,0,0,0,876416,192,557,1295,2433254559,3894488788,1409792,0
1264,1117056,0,0,0,8832,9600,496128,431040,171456,147136,965568,0,1408,490624,0,0,0,0,0,0,0,0,0,0,0,0,0,0,430848,192,560,1313,1577408896,309653761,955968,0
1265,1117184,0,0,0,4480,9536,627840,418880,56448,32000,1080832,0,1280,622656,0,0,0,0,0,0,0,0,0,0,0,0,0,0,418688,192,571,1319,4091388326,1783597062,1071296,0
1266,1676672,0,0,0,6528,9792,680448,410304,569600,545408,1126720,0,1408,675072,0,0,0,0,0,0,0,0,0,0,0,0,0,0,410112,192,550,1276,3912947156,1001054606,1116928,0
1267,1677376,0,0,0,5760,9600,680704,423808,557504,533312,1139520,0,1408,675392,0,0,0,0,0,0,0,0,0,0,0,0,0,0,423616,192,554,1267,1835502413,1700044385,1129920,0
1268,1116864,0,0,0,4288,10560,663104,400384,38528,13696,1098816,0,1408,657792,0,0,0,0,0,0,0,0,0,0,0,0,0,0,400192,192,564,1284,2198633648,2183048730,1088256,0
1269,1676864,0,0,0,4352,9664,698432,420352,544064,520192,1152320,0,1280,693120,0,0,0,0,0,0,0,0,0,0,0,0,0,0,420160,192,571,1291,3310432908,1965164579,1142656,0
1270,1117248,0,0,0,4480,9600,589056,409792,104320,79680,1033216,0,1280,583744,0,0,0,0,0,0,0,0,0,0,0,0,0,0,409600,192,558,1281,3435550436,2032109081,1023616,0
1271,1116928,0,0,0,5312,9664,515008,411968,174976,150592,961984,0,1280,509696,0,0,0,0,0,0,0,0,0,0,0,0,0,0,411840,128,560,1308,1358739361,1395562945,952320,0
1272,1116672,0,0,0,6464,9728,494528,403200,202752,178368,933696,0,1408,489024,0,0,0,0,0,0,0,0,0,0,0,0,0,0,403072,128,573,1317,4091952929,1570094509,923968,0
1273,1116992,0,0,0,6464,9664,598912,469696,32256,7680,1104704,0,1408,593472,0,0,0,0,0,0,0,0,0,0,0,0,0,0,469504,192,579,1316,1017921098,916760749,1095040,0
1274,1117248,0,0,0,5696,9472,494784,396672,210624,185920,926848,0,1408,489408,0,0,0,0,0,0,0,0,0,0,0,0,0,0,396480,192,562,1280,3738455493,2802711350,917376,0
1275,1116416,0,0,0,9024,9472,567808,448512,81600,57216,1054848,0,1344,562432,0,0,0,0,0,0,0,0,0,0,0,0,0,0,448320,192,571,1331,2475961635,1125441143,1045376,0
1276,1117056,0,0,0,4544,9600,555584,463680,83648,59328,1053312,0,1408,550336,0,0,0,0,0,0,0,0,0,0,0,0,0,0,463552,128,578,1394,2489530388,489714758,1043712,0
1277,1117504,0,0,0,7040,23936,410368,472320,203840,179136,933824,0,1344,405120,0,0,0,0,0,0,0,0,0,0,0,0,0,0,472128,192,575,1379,1998683065,3674747508,909888,0
1278,1116480,0,0,0,7360,9792,420736,463424,215168,181568,930304,0,1280,415424,0,0,0,0,0,0,0,0,0,0,0,0,0,0,463296,128,585,1399,2290908575,2430839906,920512,0
1279,1676544,0,0,0,20160,10816,645440,482048,518080,488064,1182656,0,3136,635584,0,0,0,0,0,0,0,0,0,0,0,0,0,0,481920,128,581,1388,1061274812,845898769,1171840,0
1280,1117504,0,0,0,21312,9664,474752,478848,132928,108224,1004928,0,1344,469440,0,0,0,0,0,0,0,0,0,0,0,0,0,0,478656,192,598,1441,845166822,1440896854,995264,0
1281,1116544,0,0,0,4352,9216,410368,472000,220608,201152,911424,0,1280,404928,0,0,0,0,0,0,0,0,0,0,0,0,0,0,471808,192,596,1462,1410262274,3465901933,902208,0
1282,1117056,0,0,0,4352,8896,375872,434816,293120,273152,840000,0,1344,370560,0,0,0,0,0,0,0,0,0,0,0,0,0,0,434624,192,604,1462,1513844791,1718878808,831104,0
1283,1116544,0,0,0,4480,10560,350080,422144,329280,309696,802816,0,1344,344640,0,0,0,0,0,0,0,0,0,0,0,0,0,0,421952,192,604,1475,216095490,2840943404,792256,0
1284,1116800,0,0,0,6528,9024,412800,439104,249344,229760,883008,0,1344,407424,0,0,0,0,0,0,0,0,0,0,0,0,0,0,438912,192,595,1454,1619477185,1596328983,873984,0
1285,1116800,0,0,0,7232,9536,367424,426176,306432,286592,826048,0,1344,362176,0,0,0,0,0,0,0,0,0,0,0,0,0,0,425984,192,612,1485,1844122374,4278148254,816512,0
1286,1116992,0,0,0,7616,9664,380928,415680,303104,283392,829376,0,1344,375744,0,0,0,0,0,0,0,0,0,0,0,0,0,0,415552,128,591,1422,2454874145,3175831860,819712,0
1287,1116672,0,0,0,5888,9280,529088,506752,65664,45248,1067456,0,1344,523648,0,0,0,0,0,0,0,0,0,0,0,0,0,0,506560,192,598,1477,2276207644,2783966260,1058176,0
1288,1116800,0,0,0,4224,9280,359488,417344,326464,307264,805504,0,1408,354368,0,0,0,0,0,0,0,0,0,0,0,0,0,0,417216,128,601,1488,1670161716,3932095366,796224,0
1289,1116864,0,0,0,6144,9280,562304,457536,81600,62336,1050560,0,1408,557056,0,0,0,0,0,0,0,0,0,0,0,0,0,0,457344,192,607,1491,1675354708,318934085,1041280,0
1290,1116992,0,0,0,6144,9408,394624,417856,288960,269184,843648,0,1408,389248,0,0,0,0,0,0,0,0,0,0,0,0,0,0,417664,192,609,1490,751782681,4290742802,834240,0
1291,1116992,0,0,0,5504,9024,400768,397760,303936,284160,828864,0,1280,395392,0,0,0,0,0,0,0,0,0,0,0,0,0,0,397632,128,611,1489,543527175,320292172,819840,0
1292,1116928,0,0,0,3968,9088,424320,406848,272704,252736,860160,0,1408,418880,0,0,0,0,0,0,0,0,0,0,0,0,0,0,406656,192,604,1469,2465430805,1071772595,851072,0
1293,1116608,0,0,0,4800,9280,480448,408768,213312,193856,918720,0,1344,475136,0,0,0,0,0,0,0,0,0,0,0,0,0,0,408512,256,603,1469,1894435754,2510449085,909440,0
1294,1117376,0,0,0,3968,9024,416512,431232,256640,230272,883072,0,1280,411264,0,0,0,0,0,0,0,0,0,0,0,0,0,0,431040,192,602,1486,381444179,2651360615,874048,0
1295,1116480,0,0,0,8768,9152,470208,452352,176000,156480,955840,0,1344,464832,0,0,0,0,0,0,0,0,0,0,0,0,0,0,452160,192,589,1447,4097868726,2821261641,946688,0
1296,1116672,0,0,0,8704,9344,461312,438848,198464,178944,933632,0,1280,456064,0,0,0,0,0,0,0,0,0,0,0,0,0,0,438656,192,588,1444,3646503655,2567503288,924288,0
1297,1117056,0,0,0,4224,9152,411712,425344,266624,247040,866112,0,1280,406272,0,0,0,0,0,0,0,0,0,0,0,0,0,0,425152,192,597,1465,1666111853,2868391316,856960,0
1298,1116800,0,0,0,6464,10560,397056,434176,268544,249088,863488,0,1408,391616,0,0,0,0,0,0,0,0,0,0,0,0,0,0,433984,192,597,1467,3020984074,2179841777,852928,0
1299,1116992,0,0,0,6784,9152,407872,413184,280000,260480,852544,0,1280,402560,0,0,0,0,0,0,0,0,0,0,0,0,0,0,413056,128,603,1484,2543848843,2772442257,843392,0
1300,1116928,0,0,0,5696,9152,413952,426240,261888,242368,870528,0,1280,408512,0,0,0,0,0,0,0,0,0,0,0,0,0,0,426048,192,606,1489,408983,3124716021,861376,0
1301,1117184,0,0,0,3968,8896,406976,394112,303232,283392,829824,0,1280,401792,0,0,0,0,0,0,0,0,0,0,0,0,0,0,393920,192,608,1492,3980466703,3048512011,820928,0
1302,1116928,0,0,0,4032,9344,507648,412288,183616,163776,949184,0,1344,502464,0,0,0,0,0,0,0,0,0,0,0,0,0,0,412096,192,602,1476,252537286,2207005229,939840,0
1303,1116736,0,0,0,4032,9088,415936,398720,288960,269248,843456,0,1408,410496,0,0,0,0,0,0,0,0,0,0,0,0,0,0,398592,128,598,1468,1924794839,871500406,834368,0
1304,1116992,0,0,0,3968,9216,557632,395968,150208,130752,982272,0,1280,552448,0,0,0,0,0,0,0,0,0,0,0,0,0,0,395840,128,595,1466,1200571523,505379933,973056,0
1305,1116672,0,0,0,4096,9216,434624,414208,254528,235520,877184,0,1280,429312,0,0,0,0,0,0,0,0,0,0,0,0,0,0,414080,128,586,1448,440232855,1436311206,867968,0
1306,1117376,0,0,0,4032,9088,526336,398976,178944,158656,954752,0,1344,520896,0,0,0,0,0,0,0,0,0,0,0,0,0,0,398784,192,596,1463,1744300415,309169815,945664,0
1307,1116544,0,0,0,3968,23552,441728,397376,249920,230336,882240,0,1344,436352,0,0,0,0,0,0,0,0,0,0,0,0,0,0,397184,192,591,1450,1263145215,3943324851,858688,0
1308,1116736,0,0,0,4032,9088,533888,401728,168000,147840,964992,0,1344,528576,0,0,0,0,0,0,0,0,0,0,0,0,0,0,401600,128,598,1458,798657621,1524155473,955904,0
1309,1116992,0,0,0,2560,8960,484736,429824,190912,171456,941568,0,1280,479488,0,0,0,0,0,0,0,0,0,0,0,0,0,0,429696,128,600,1439,1380375206,3823666089,932608,0
1310,1116800,0,0,0,2624,9216,442752,422144,240064,215168,897728,0,1280,437568,0,0,0,0,0,0,0,0,0,0,0,0,0,0,421952,192,597,1418,1168342359,936820983,888512,0
1311,1116928,0,0,0,2624,9088,400960,397888,306368,286912,825984,0,1344,395776,0,0,0,0,0,0,0,0,0,0,0,0,0,0,397696,192,605,1427,2006102298,3347306134,816896,0
1312,1117376,0,0,0,2624,9088,421312,404224,280128,260224,853248,0,1344,416000,0,0,0,0,0,0,0,0,0,0,0,0,0,0,404096,128,599,1405,2388881399,1092410558,844160,0
1313,1116672,0,0,0,2688,10304,382976,416512,304192,284544,828224,0,1344,377856,0,0,0,0,0,0,0,0,0,0,0,0,0,0,416320,192,600,1407,3658670514,3511002085,817920,0
1314,1116544,0,0,0,2624,9024,409088,402752,293056,273216,839424,0,1280,403648,0,0,0,0,0,0,0,0,0,0,0,0,0,0,402560,192,603,1423,2392451828,1876206993,830400,0
1315,1116672,0,0,0,3456,8960,319232,396160,388864,369472,743296,0,1408,313984,0,0,0,0,0,0,0,0,0,0,0,0,0,0,395968,192,593,1413,1631072495,552934905,734336,0
1316,1117312,0,0,0,3456,9024,325632,432384,346816,327360,785984,0,1408,320320,0,0,0,0,0,0,0,0,0,0,0,0,0,0,432192,192,589,1402,1654875744,4189743838,776960,0
1317,1117184,0,0,0,2560,8896,376960,395904,332864,312384,800896,0,1344,371648,0,0,0,0,0,0,0,0,0,0,0,0,0,0,395712,192,593,1414,3707432308,3174349466,792000,0
1318,1116608,0,0,0,2624,9088,436224,402368,266304,246912,865728,0,1344,430912,0,0,0,0,0,0,0,0,0,0,0,0,0,0,402240,128,590,1379,1024108045,1776787354,856640,0
1319,1116608,0,0,0,2560,9152,296512,375168,433216,413760,698816,0,1344,291264,0,0,0,0,0,0,0,0,0,0,0,0,0,0,375040,128,590,1380,2027884279,992483989,689664,0
1320,1116864,0,0,0,2624,9344,290176,361856,452864,433728,679168,0,1280,284864,0,0,0,0,0,0,0,0,0,0,0,0,0,0,361664,192,590,1386,3968389722,2465926505,669824,0
1321,1116864,0,0,0,2560,9152,287104,380608,437440,418112,694848,0,1344,281856,0,0,0,0,0,0,0,0,0,0,0,0,0,0,380480,128,583,1381,4063341721,936207607,685696,0
1322,1116928,0,0,0,2560,9280,355264,391488,358336,338560,774464,0,1280,350016,0,0,0,0,0,0,0,0,0,0,0,0,0,0,391296,192,577,1372,4018420097,2045043801,765184,0
1323,1116992,0,0,0,2688,8960,297984,380224,427136,407552,705472,0,1344,292672,0,0,0,0,0,0,0,0,0,0,0,0,0,0,380096,128,558,1331,2510642938,1347193834,696512,0
1324,1116928,0,0,0,2624,9152,380224,383936,340992,321536,791424,0,1344,374976,0,0,0,0,0,0,0,0,0,0,0,0,0,0,383744,192,553,1310,1529729475,3537139879,782272,0
1325,1116736,0,0,0,2560,9280,375232,460352,269312,249920,862912,0,1408,370112,0,0,0,0,0,0,0,0,0,0,0,0,0,0,460160,192,560,1324,1639506281,1989184646,853632,0
1326,1117184,0,0,0,3200,9600,360192,397184,347008,321024,792192,0,1408,354816,0,0,0,0,0,0,0,0,0,0,0,0,0,0,396992,192,554,1319,1525375953,3546971475,782592,0
1327,1116672,0,0,0,26816,10752,606336,429760,43008,15296,1095808,0,2496,595712,0,0,0,0,0,0,0,0,0,0,0,0,0,0,429632,128,568,1348,228166370,1465257720,1085056,0
1328,1116928,0,0,0,6272,10816,450560,421952,227328,207680,904832,0,1408,445120,0,0,0,0,0,0,0,0,0,0,0,0,0,0,421760,192,564,1333,4117652657,2044900166,894016,0
1329,1116928,0,0,0,6144,9920,426624,409920,264320,244352,867904,0,1344,421248,0,0,0,0,0,0,0,0,0,0,0,0,0,0,409728,192,570,1343,4037432191,475926189,857984,0
1330,1116672,0,0,0,5440,9728,526912,419648,154944,135424,976704,0,1408,521600,0,0,0,0,0,0,0,0,0,0,0,0,0,0,419456,192,564,1332,1568476310,2284506502,966976,0
1331,1677248,0,0,0,12736,25088,876672,546880,215872,196288,1475648,0,2944,866816,0,0,0,0,0,0,0,0,0,0,0,0,0,0,546752,128,600,1393,3515800392,74527396,1450560,0
1332,1116992,0,0,0,8832,9152,344768,452608,301632,281664,831232,0,1344,339520,0,0,0,0,0,0,0,0,0,0,0,0,0,0,452480,128,601,1405,2976229821,1261679848,822080,0
1333,1116864,0,0,0,6592,23232,283776,473856,329408,309760,803136,0,1280,278464,0,0,0,0,0,0,0,0,0,0,0,0,0,0,473664,192,604,1426,1409076632,390855335,779904,0
1334,1116864,0,0,0,6336,9344,286720,480640,333824,314176,798784,0,1408,281344,0,0,0,0,0,0,0,0,0,0,0,0,0,0,480448,192,597,1411,3086135896,4264006363,789440,0
1335,1116800,0,0,0,5696,9152,376832,524352,200768,179456,933376,0,1344,371328,0,0,0,0,0,0,0,0,0,0,0,0,0,0,524160,192,594,1412,4029176666,2585845034,924224,0
1336,1119872,0,0,0,4480,9024,327232,473152,305984,283392,832512,0,1344,322048,0,0,0,0,0,0,0,0,0,0,0,0,0,0,473024,128,585,1385,3075533355,1377211501,823488,0
1337,1113088,0,0,0,5440,23296,389824,507776,186752,165952,943168,0,1280,384128,0,0,0,0,0,0,0,0,0,0,0,0,0,0,507584,192,591,1404,83164189,4059235564,919872,0
1338,1116608,0,0,0,6528,9408,312384,462528,325760,306368,806336,0,1408,307072,0,0,0,0,0,0,0,0,0,0,0,0,0,0,462400,128,584,1372,454135951,3461936005,796928,0
1339,1117248,0,0,0,6912,9024,330304,455232,315776,296128,817216,0,1344,324992,0,0,0,0,0,0,0,0,0,0,0,0,0,0,455040,192,600,1409,3705483967,895518287,808192,0
1340,1116544,0,0,0,7232,9472,404480,469568,225792,206336,906048,0,1408,399232,0,0,0,0,0,0,0,0,0,0,0,0,0,0,469440,128,588,1400,3854540970,2414738889,896576,0
1341,1116992,0,0,0,5568,9408,376128,463040,262848,243264,869760,0,1408,370816,0,0,0,0,0,0,0,0,0,0,0,0,0,0,462912,128,579,1390,2648640918,1298150778,860352,0
1342,1117056,0,0,0,4352,9280,364992,462080,276352,251328,861696,0,1408,359552,0,0,0,0,0,0,0,0,0,0,0,0,0,0,461888,192,578,1379,2821908449,1758721208,852416,0
1343,1116928,0,0,0,4288,10560,314560,432064,355456,336000,777024,0,1280,309184,0,0,0,0,0,0,0,0,0,0,0,0,0,0,431872,192,582,1390,2203647760,2138607443,766464,0
1344,1677184,0,0,0,9088,9408,457856,646528,554304,534336,1138688,0,1344,452608,0,0,0,0,0,0,0,0,0,0,0,0,0,0,646336,192,596,1418,3654699321,3348461460,1129280,0
1345,1116800,0,0,0,4544,9536,341952,572352,188416,168832,943744,0,1472,336640,0,0,0,0,0,0,0,0,0,0,0,0,0,0,572224,128,604,1434,262344958,1259965330,934208,0
1346,1116800,0,0,0,5568,9152,354240,587968,159872,140160,972416,0,1344,348928,0,0,0,0,0,0,0,0,0,0,0,0,0,0,587776,192,608,1450,2250095098,2126435505,963264,0
1347,1116864,0,0,0,6912,9600,354624,586112,159616,139776,972864,0,1344,349248,0,0,0,0,0,0,0,0,0,0,0,0,0,0,585920,192,606,1496,1073791441,2937846364,963264,0
1348,1116928,0,0,0,7168,9600,344768,503424,251968,232512,880064,0,1280,339456,0,0,0,0,0,0,0,0,0,0,0,0,0,0,503296,128,571,1443,737225576,2985613921,870464,0
1349,1116864,0,0,0,5568,9472,309376,507008,285440,265984,846656,0,1344,304128,0,0,0,0,0,0,0,0,0,0,0,0,0,0,506816,192,543,1363,1049397845,603733144,837184,0
1350,1117120,0,0,0,4352,9408,311552,488128,303680,283968,828864,0,1344,306112,0,0,0,0,0,0,0,0,0,0,0,0,0,0,487936,192,536,1344,127033554,2792276203,819456,0
1351,1116800,0,0,0,9536,9792,408576,483072,205824,186368,926016,0,1408,403264,0,0,0,0,0,0,0,0,0,0,0,0,0,0,482880,192,542,1358,3900581360,2574481720,916224,0
1352,1116864,0,0,0,6528,9472,506496,512320,82048,62336,1050304,0,1408,501120,0,0,0,0,0,0,0,0,0,0,0,0,0,0,512192,128,541,1346,1520442753,2789728355,1040832,0
1353,1117376,0,0,0,6720,9664,390592,506560,203840,183616,929152,0,1408,385344,0,0,0,0,0,0,0,0,0,0,0,0,0,0,506368,192,542,1374,2339909462,4156331213,919488,0
1354,1116416,0,0,0,4352,9728,326912,509120,266304,246592,865664,0,1280,321664,0,0,0,0,0,0,0,0,0,0,0,0,0,0,508928,192,545,1369,4095907854,254168309,855936,0
1355,1117056,0,0,0,4416,9408,300032,516224,286976,267072,845888,0,1344,294720,0,0,0,0,0,0,0,0,0,0,0,0,0,0,516096,128,555,1375,3421142028,3919288340,836480,0
1356,1118016,0,0,0,5312,9792,361536,509056,232320,211200,902464,0,1280,356160,0,0,0,0,0,0,0,0,0,0,0,0,0,0,508928,128,532,1350,2891213983,56895965,892672,0
1357,1116800,0,0,0,6464,9792,366464,580992,153088,131904,980544,0,1344,361280,0,0,0,0,0,0,0,0,0,0,0,0,0,0,580800,192,550,1382,1875998208,418701058,970752,0
1358,1116992,0,0,0,8832,11072,431168,535488,130432,103360,1009408,0,1280,425856,0,0,0,0,0,0,0,0,0,0,0,0,0,0,535296,192,543,1361,1742961947,2194660971,998336,0
1359,1116864,0,0,0,5120,9728,400960,590336,110720,89344,1023104,0,1408,395648,0,0,0,0,0,0,0,0,0,0,0,0,0,0,590144,192,580,1451,220646745,2931170714,1013376,0
1360,1117056,0,0,0,6912,10176,344576,597440,157952,136768,975488,0,1408,339200,0,0,0,0,0,0,0,0,0,0,0,0,0,0,597312,128,577,1455,1352561646,1353488526,965312,0
1361,1116672,0,0,0,6784,10112,377216,609664,112896,91456,1020480,0,1408,371840,0,0,0,0,0,0,0,0,0,0,0,0,0,0,609536,128,574,1439,632928352,4159289336,1010368,0
1362,1677376,0,0,0,19136,10048,556992,577088,514112,492480,1180032,0,1280,551744,0,0,0,0,0,0,0,0,0,0,0,0,0,0,576896,192,578,1446,3449128102,3842521954,1169984,0
1363,1116928,0,0,0,4416,9984,438912,589632,73984,52672,1059648,0,1408,433600,0,0,0,0,0,0,0,0,0,0,0,0,0,0,589440,192,594,1484,3224882682,2522924678,1049664,0
1364,1116672,0,0,0,4544,9792,445952,531136,125248,103808,1008384,0,1344,440512,0,0,0,0,0,0,0,0,0,0,0,0,0,0,530944,192,582,1453,443690273,1123428257,998592,0
1365,1116736,0,0,0,4416,9920,432576,513344,156480,135360,976768,0,1408,427264,0,0,0,0,0,0,0,0,0,0,0,0,0,0,513152,192,550,1373,1032842928,3432387894,966848,0
1366,1116928,0,0,0,4544,9856,423424,508800,170304,148992,963392,0,1408,418112,0,0,0,0,0,0,0,0,0,0,0,0,0,0,508672,128,548,1364,1290126758,3636379959,953536,0
1367,1116928,0,0,0,4608,24256,409536,486208,192320,171392,940928,0,1280,404352,0,0,0,0,0,0,0,0,0,0,0,0,0,0,486080,128,535,1346,1432428496,919282543,916672,0
1368,1116864,0,0,0,4480,9984,421120,566784,114496,93120,1019136,0,1280,415808,0,0,0,0,0,0,0,0,0,0,0,0,0,0,566656,128,548,1375,4239494805,2672088416,1009152,0
1369,1116864,0,0,0,4480,9984,434560,509568,158272,136576,975680,0,1408,429312,0,0,0,0,0,0,0,0,0,0,0,0,0,0,509440,128,546,1360,2294991357,2884295476,965696,0
1370,1677504,0,0,0,10624,24704,623296,585280,433600,411712,1261376,0,1344,617856,0,0,0,0,0,0,0,0,0,0,0,0,0,0,585088,192,554,1382,2496841792,1695037857,1236672,0
1371,1116544,0,0,0,6784,9728,305344,497920,296768,275456,836800,0,1408,300096,0,0,0,0,0,0,0,0,0,0,0,0,0,0,497728,192,551,1372,3069425723,1985280398,827072,0
1372,1116672,0,0,0,6784,23360,321408,543744,221376,200000,912384,0,1408,316352,0,0,0,0,0,0,0,0,0,0,0,0,0,0,543552,192,558,1393,3774872653,484520658,889024,0
1373,1116928,0,0,0,7104,10880,324416,543296,231232,210048,902528,0,1408,319104,0,0,0,0,0,0,0,0,0,0,0,0,0,0,543168,128,560,1401,515980224,3747811056,891648,0
1374,1116800,0,0,0,7296,9664,452096,593088,54656,27776,1084736,0,1280,446784,0,0,0,0,0,0,0,0,0,0,0,0,0,0,592960,128,546,1372,2335682452,3684726665,1075072,0
1375,1116864,0,0,0,7808,9920,350528,529856,218752,197824,914752,0,1408,345152,0,0,0,0,0,0,0,0,0,0,0,0,0,0,529664,192,543,1373,508972271,562362235,904832,0
1376,1117056,0,0,0,7616,9728,389120,537472,173120,151936,960576,0,1408,383808,0,0,0,0,0,0,0,0,0,0,0,0,0,0,537344,128,539,1362,4111998526,3567910878,950848,0
1377,1117440,0,0,0,5824,9792,349568,501824,250432,228864,884224,0,1280,344320,0,0,0,0,0,0,0,0,0,0,0,0,0,0,501696,128,526,1323,4209808154,973759718,874432,0
1378,1116096,0,0,0,6528,9536,345344,472512,282176,261120,850624,0,1344,340032,0,0,0,0,0,0,0,0,0,0,0,0,0,0,472320,192,523,1318,3020355178,3535401060,841088,0
1379,1116416,0,0,0,6528,9728,509312,512896,77952,56704,1055424,0,1280,504128,0,0,0,0,0,0,0,0,0,0,0,0,0,0,512768,128,527,1314,728509323,2405065451,1045696,0
1380,1117440,0,0,0,6400,9600,345280,419456,336704,315328,797824,0,1280,339968,0,0,0,0,0,0,0,0,0,0,0,0,0,0,419264,192,529,1312,3678046928,1784490807,788224,0
1381,1116736,0,0,0,4352,9728,368768,429120,304768,283712,828800,0,1280,363456,0,0,0,0,0,0,0,0,0,0,0,0,0,0,428928,192,528,1306,2218945849,1363826575,819072,0
1382,1117248,0,0,0,4416,9664,356288,417472,329408,308096,804864,0,1280,350912,0,0,0,0,0,0,0,0,0,0,0,0,0,0,417344,128,527,1311,3538114865,1128823709,795200,0
1383,1116928,0,0,0,4352,9664,360192,420160,322560,301504,811200,0,1280,354944,0,0,0,0,0,0,0,0,0,0,0,0,0,0,420032,128,520,1306,1525932802,2872209285,801536,0
1384,1116864,0,0,0,6272,9344,461184,417536,222528,200896,911680,0,1344,455936,0,0,0,0,0,0,0,0,0,0,0,0,0,0,417344,192,533,1332,485413594,2436274085,902336,0
1385,1116800,0,0,0,6208,9536,358272,418880,323904,302784,809792,0,1280,352704,0,0,0,0,0,0,0,0,0,0,0,0,0,0,418688,192,528,1317,48716187,1595335505,800256,0
1386,1116992,0,0,0,5440,9792,373824,435456,292480,271296,841536,0,1344,368448,0,0,0,0,0,0,0,0,0,0,0,0,0,0,435264,192,524,1314,2781472330,3100475036,831744,0
1387,1676992,0,0,0,19200,10176,638144,487424,522048,500992,1171072,0,1344,632832,0,0,0,0,0,0,0,0,0,0,0,0,0,0,487296,128,541,1372,3110173250,61802956,1160896,0
1388,1117056,0,0,0,4480,11584,390848,477184,232960,211776,900480,0,1408,385600,0,0,0,0,0,0,0,0,0,0,0,0,0,0,476992,192,538,1361,1413450049,2285537887,888896,0
1389,1116736,0,0,0,6528,10240,392384,469312,238272,216640,895296,0,1472,386944,0,0,0,0,0,0,0,0,0,0,0,0,0,0,469184,128,540,1359,1296269062,412912469,885056,0
1390,1116672,0,0,0,6528,10432,391488,469632,238592,211584,900160,0,1344,386112,0,0,0,0,0,0,0,0,0,0,0,0,0,0,469504,128,539,1358,883241814,1555245749,889728,0
1391,1117120,0,0,0,5760,10368,425664,497984,177344,155904,956480,0,1344,420224,0,0,0,0,0,0,0,0,0,0,0,0,0,0,497792,192,556,1409,3743116305,424272141,946112,0
1392,1116800,0,0,0,4352,10048,402880,484544,214976,193408,918720,0,1408,397696,0,0,0,0,0,0,0,0,0,0,0,0,0,0,484416,128,555,1409,372612509,1359683270,908672,0
1393,1116800,0,0,0,4416,9984,448192,459648,194560,173056,939072,0,1344,442944,0,0,0,0,0,0,0,0,0,0,0,0,0,0,459456,192,539,1359,1710311100,269618690,929088,0
1394,1117120,0,0,0,10112,9792,468928,473728,154560,133056,979392,0,1408,463552,0,0,0,0,0,0,0,0,0,0,0,0,0,0,473600,128,535,1355,4110264654,3578522597,969600,0
1395,1116864,0,0,0,6528,10240,444800,502272,153024,131968,980032,0,1344,439488,0,0,0,0,0,0,0,0,0,0,0,0,0,0,502144,128,554,1409,4241401413,3045476512,969792,0
1396,1116864,0,0,0,4480,9856,421376,500288,180864,159936,952192,0,1344,416128,0,0,0,0,0,0,0,0,0,0,0,0,0,0,500096,192,550,1402,132527873,4201473194,942336,0
1397,1117056,0,0,0,4480,24000,513728,477504,97344,75712,1036736,0,1344,508288,0,0,0,0,0,0,0,0,0,0,0,0,0,0,477312,192,537,1351,1138079563,1368222103,1012736,0
1398,1116480,0,0,0,6528,10176,404160,472832,222784,201536,910080,0,1280,398848,0,0,0,0,0,0,0,0,0,0,0,0,0,0,472704,128,533,1352,1413138387,4069734765,899904,0
1399,1116992,0,0,0,6912,10048,443904,501248,154880,133568,978432,0,1344,438592,0,0,0,0,0,0,0,0,0,0,0,0,0,0,501056,192,549,1404,3331097708,1302048618,968384,0
1400,1116864,0,0,0,4352,10176,409344,515520,177472,156032,956160,0,1280,404032,0,0,0,0,0,0,0,0,0,0,0,0,0,0,515328,192,553,1396,715961809,2479381064,945984,0
1401,1116736,0,0,0,4352,10176,419712,486592,195904,174656,937408,0,1344,414400,0,0,0,0,0,0,0,0,0,0,0,0,0,0,486464,128,543,1355,2272748488,1168936403,927232,0
1402,1116928,0,0,0,5184,9856,402752,458816,240320,218944,893376,0,1344,397504,0,0,0,0,0,0,0,0,0,0,0,0,0,0,458688,128,549,1366,3464993972,2995103990,883520,0
1403,1116672,0,0,0,6976,11392,534400,488640,75264,53888,1058048,0,1344,528832,0,0,0,0,0,0,0,0,0,0,0,0,0,0,488512,128,555,1392,1388801796,1720875585,1046656,0
1404,1117248,0,0,0,5632,10048,404032,487872,209664,188288,924224,0,1344,398592,0,0,0,0,0,0,0,0,0,0,0,0,0,0,487680,192,552,1386,710560141,661040177,914176,0
1405,1116800,0,0,0,6272,10176,387328,460032,252992,231552,880576,0,1472,381888,0,0,0,0,0,0,0,0,0,0,0,0,0,0,459840,192,535,1335,4003397899,459402160,870400,0
1406,1116736,0,0,0,6400,10176,382848,458496,258816,229056,882880,0,1408,377472,0,0,0,0,0,0,0,0,0,0,0,0,0,0,458368,128,533,1329,2697761465,3523107387,872704,0
1407,1116672,0,0,0,4096,9792,419840,485760,197184,176128,935936,0,1280,414528,0,0,0,0,0,0,0,0,0,0,0,0,0,0,485568,192,547,1373,2051309152,2664658524,926144,0
1408,1117440,0,0,0,4224,10048,452544,500992,149632,128192,984448,0,1472,446976,0,0,0,0,0,0,0,0,0,0,0,0,0,0,500800,192,548,1376,40136348,257141416,974400,0
1409,1116800,0,0,0,4224,10112,420544,473728,208192,186944,925120,0,1344,415040,0,0,0,0,0,0,0,0,0,0,0,0,0,0,473600,128,533,1329,1555292206,1088693806,915008,0
1410,1116800,0,0,0,4096,9856,444864,473024,184960,163648,948544,0,1344,439488,0,0,0,0,0,0,0,0,0,0,0,0,0,0,472896,128,529,1319,3181457883,331814898,938688,0
1411,1116800,0,0,0,4352,10048,490880,501824,109696,88512,1023616,0,1344,485568,0,0,0,0,0,0,0,0,0,0,0,0,0,0,501632,192,544,1368,3395573035,3351553113,1013568,0
1412,1116800,0,0,0,6336,10304,453120,500160,146880,125184,986624,0,1344,447808,0,0,0,0,0,0,0,0,0,0,0,0,0,0,500032,128,543,1369,3208046800,1685925754,976320,0
1413,1117056,0,0,0,6720,10304,510528,476032,113472,92096,1020032,0,1344,505152,0,0,0,0,0,0,0,0,0,0,0,0,0,0,475904,128,534,1336,708220008,2380145466,1009728,0
1414,1116864,0,0,0,4224,10048,446144,476224,180224,158784,953408,0,1280,440768,0,0,0,0,0,0,0,0,0,0,0,0,0,0,476096,128,524,1318,3228769722,830204170,943360,0
1415,1116608,0,0,0,4224,10048,513728,501504,87104,65984,1045952,0,1344,508416,0,0,0,0,0,0,0,0,0,0,0,0,0,0,501312,192,553,1393,3107343710,2592340210,1035904,0
1416,1676992,0,0,0,3968,24704,729728,592064,326528,304640,1367488,0,1472,724288,0,0,0,0,0,0,0,0,0,0,0,0,0,0,591872,192,553,1406,3750235575,1082094039,1342784,0
1417,1116800,0,0,0,4352,24704,429312,453824,204608,183488,928704,0,1344,424128,0,0,0,0,0,0,0,0,0,0,0,0,0,0,453632,192,538,1355,2939429668,2502053531,904000,0
1418,1116928,0,0,0,4352,25600,408960,456448,221568,200320,911872,0,1344,403584,0,0,0,0,0,0,0,0,0,0,0,0,0,0,456320,128,532,1344,1985797328,3881386191,886272,0
1419,1116800,0,0,0,6400,9728,409216,491648,199808,178560,933824,0,1280,403776,0,0,0,0,0,0,0,0,0,0,0,0,0,0,491456,192,563,1435,4210653442,1840997156,924096,0
1420,1677312,0,0,0,13632,10304,628928,534912,489536,468032,1204672,0,1344,623552,0,0,0,0,0,0,0,0,0,0,0,0,0,0,534720,192,557,1407,897764046,1768760269,1194368,0
1421,1116928,0,0,0,4544,9728,489984,511168,101504,79936,1032512,0,1344,484672,0,0,0,0,0,0,0,0,0,0,0,0,0,0,510976,192,535,1358,1246398064,2544402554,1022784,0
1422,1677376,0,0,0,4544,9920,556544,518464,587904,560320,1112576,0,1344,550976,0,0,0,0,0,0,0,0,0,0,0,0,0,0,517952,512,544,1381,440353972,4064245732,1102656,0
1423,1116416,0,0,0,5504,9920,488896,558720,53376,32000,1079936,0,1344,483456,0,0,0,0,0,0,0,0,0,0,0,0,0,0,558592,128,556,1430,2462209677,2264912740,1070016,0
1424,1117120,0,0,0,6656,9600,389120,556416,155328,133760,978880,0,1408,383680,0,0,0,0,0,0,0,0,0,0,0,0,0,0,556224,192,552,1416,2031128665,3143310706,969280,0
1425,1116672,0,0,0,6976,9856,403008,474752,222080,201024,911232,0,1408,397696,0,0,0,0,0,0,0,0,0,0,0,0,0,0,474560,192,535,1358,3218421646,662727840,901376,0
1426,1116992,0,0,0,7104,9984,412096,471104,216704,195328,917312,0,1408,406912,0,0,0,0,0,0,0,0,0,0,0,0,0,0,470912,192,544,1373,3140352970,1737161608,907328,0
1427,1116992,0,0,0,7424,24512,438656,494336,152064,130560,981952,0,1344,433280,0,0,0,0,0,0,0,0,0,0,0,0,0,0,494208,128,557,1401,856273577,3183943384,957440,0
1428,1116736,0,0,0,5696,9792,406272,488384,206592,185152,927168,0,1344,400768,0,0,0,0,0,0,0,0,0,0,0,0,0,0,488192,192,544,1383,1611411540,1247173885,917376,0
1429,1117056,0,0,0,10304,10112,504768,541888,49984,28480,1083968,0,1408,499328,0,0,0,0,0,0,0,0,0,0,0,0,0,0,541696,192,554,1402,2639505761,3394137691,1073856,0
1430,1116544,0,0,0,4480,9920,462656,525760,113728,92544,1019328,0,1344,457472,0,0,0,0,0,0,0,0,0,0,0,0,0,0,525568,192,559,1417,3470919036,2071263039,1009408,0
1431,1116992,0,0,0,5504,10176,484864,577728,38720,17280,1094976,0,1344,479424,0,0,0,0,0,0,0,0,0,0,0,0,0,0,577536,192,578,1476,26590702,2497152132,1084800,0
1432,1116992,0,0,0,6656,11456,433920,578688,86272,64768,1047424,0,1408,428544,0,0,0,0,0,0,0,0,0,0,0,0,0,0,578496,192,582,1488,3597057714,1939581306,1035968,0
1433,2237696,0,0,0,10368,10240,938048,696768,582272,559872,1673024,0,1344,932608,0,0,0,0,0,0,0,0,0,0,0,0,0,0,696576,192,571,1481,1065240989,3281900012,1662784,0
1434,1676480,0,0,0,7296,11136,483968,598080,576000,554624,1116480,0,1344,478464,0,0,0,0,0,0,0,0,0,0,0,0,0,0,597888,192,563,1456,3922187168,4288472335,1105344,0
1435,1677184,0,0,0,6848,10624,532992,600512,526208,504896,1167104,0,1408,527424,0,0,0,0,0,0,0,0,0,0,0,0,0,0,600384,128,572,1476,2847013496,1800838556,1156480,0
1436,1677440,0,0,0,6464,10176,581184,589888,489728,468160,1204224,0,1280,575744,0,0,0,0,0,0,0,0,0,0,0,0,0,0,589696,192,581,1493,4135097767,2092735568,1194048,0
1437,1676928,0,0,0,6720,10624,577536,755456,326592,304896,1366912,0,1408,572032,0,0,0,0,0,0,0,0,0,0,0,0,0,0,755264,192,585,1526,553498723,1762524547,1356288,0
1438,1676608,0,0,0,4480,10112,556864,657856,447296,420352,1251328,0,1408,551488,0,0,0,0,0,0,0,0,0,0,0,0,0,0,657728,128,586,1515,1322876193,2998284183,1241216,0
1439,1676928,0,0,0,6528,10560,624704,649216,385920,364992,1306752,0,1344,619392,0,0,0,0,0,0,0,0,0,0,0,0,0,0,649024,192,582,1501,3921075338,3537188961,1296192,0
1440,1677376,0,0,0,5696,10496,579904,664384,416896,395328,1276928,0,1472,574400,0,0,0,0,0,0,0,0,0,0,0,0,0,0,664192,192,588,1521,1746297872,3460231742,1266432,0
1441,1676800,0,0,0,5312,10112,558272,614656,488448,467136,1204864,0,1280,553024,0,0,0,0,0,0,0,0,0,0,0,0,0,0,614464,192,572,1451,1654804132,4032135653,1194752,0
1442,1677312,0,0,0,6528,11648,558912,617216,483008,461440,1210816,0,1344,553600,0,0,0,0,0,0,0,0,0,0,0,0,0,0,617088,128,569,1450,2003828714,483380176,1199168,0
1443,1676992,0,0,0,5696,10368,596544,632320,432064,410560,1261568,0,1344,591232,0,0,0,0,0,0,0,0,0,0,0,0,0,0,632128,192,586,1513,2499902072,396096784,1251200,0
1444,1677120,0,0,0,4352,10432,549952,628864,483520,462016,1210112,0,1408,544448,0,0,0,0,0,0,0,0,0,0,0,0,0,0,628672,192,598,1526,2915309232,1658992501,1199680,0
1445,1676928,0,0,0,4288,10816,531392,595776,534656,512576,1158912,0,1344,526144,0,0,0,0,0,0,0,0,0,0,0,0,0,0,595648,128,582,1467,1142114031,1003566764,1148096,0
1446,1677056,0,0,0,8832,10176,690752,664000,303296,281920,1390144,0,1472,685248,0,0,0,0,0,0,0,0,0,0,0,0,0,0,663808,192,586,1480,736672569,2218501169,1379968,0
1447,1677184,0,0,0,6656,10688,522624,635328,501888,480832,1191040,0,1408,517120,0,0,0,0,0,0,0,0,0,0,0,0,0,0,635136,192,583,1494,3278822447,107739133,1180352,0
1448,1116608,0,0,0,7872,10432,456896,551296,90112,68800,1042752,0,1344,451584,0,0,0,0,0,0,0,0,0,0,0,0,0,0,551168,128,550,1399,2197358648,1956928683,1032320,0
1449,1116864,0,0,0,6912,10368,437248,527872,134464,113216,998592,0,1344,431680,0,0,0,0,0,0,0,0,0,0,0,0,0,0,527744,128,546,1368,287358719,3824757339,988224,0
1450,1116864,0,0,0,4288,10368,484864,526528,90816,69440,1042624,0,1344,479424,0,0,0,0,0,0,0,0,0,0,0,0,0,0,526400,128,542,1357,1508844057,3010610406,1032256,0
1451,1116800,0,0,0,4288,10368,473152,564416,64576,43584,1068288,0,1408,467904,0,0,0,0,0,0,0,0,0,0,0,0,0,0,564288,128,571,1443,3774813035,3299590899,1057920,0
1452,1117184,0,0,0,6848,10496,422400,556032,121408,100160,1011968,0,1280,417216,0,0,0,0,0,0,0,0,0,0,0,0,0,0,555904,128,564,1431,1901201235,488953270,1001472,0
1453,1116608,0,0,0,7360,10688,409664,514368,174528,153344,958016,0,1344,404224,0,0,0,0,0,0,0,0,0,0,0,0,0,0,514240,128,534,1350,3379092807,542723970,947328,0
1454,1117184,0,0,0,6912,10304,379072,499200,221696,194560,917568,0,1280,373760,0,0,0,0,0,0,0,0,0,0,0,0,0,0,499072,128,548,1374,1386263601,2067749580,907264,0
1455,1116800,0,0,0,6464,11840,444096,527488,126912,105472,1006144,0,1344,438720,0,0,0,0,0,0,0,0,0,0,0,0,0,0,527360,128,564,1432,3416815271,1648096489,994304,0
1456,1116736,0,0,0,3968,10176,387008,525760,189824,168704,943104,0,1472,381568,0,0,0,0,0,0,0,0,0,0,0,0,0,0,525568,192,563,1421,442598730,3867943953,932928,0
1457,1116992,0,0,0,4096,24832,436864,487424,163776,141952,970368,0,1344,431488,0,0,0,0,0,0,0,0,0,0,0,0,0,0,487232,192,544,1367,390944619,1019554998,945536,0
1458,1116736,0,0,0,3904,9792,405888,461824,235328,214208,897792,0,1344,400704,0,0,0,0,0,0,0,0,0,0,0,0,0,0,461632,192,542,1365,3288271520,1356892251,888000,0
1459,1116992,0,0,0,4800,9728,381120,473536,247808,226240,886080,0,1408,375680,0,0,0,0,0,0,0,0,0,0,0,0,0,0,473408,128,544,1360,3526171984,538210537,876352,0
1460,1116672,0,0,0,3968,10368,353856,466048,282432,261376,850496,0,1280,348608,0,0,0,0,0,0,0,0,0,0,0,0,0,0,465856,192,549,1381,1841837189,829041676,840128,0
1461,1117056,0,0,0,6016,9984,367680,424832,308544,287104,825344,0,1344,362624,0,0,0,0,0,0,0,0,0,0,0,0,0,0,424640,192,531,1318,1170164797,189971861,815360,0
1462,1117120,0,0,0,5952,10048,361216,426432,313472,292160,820352,0,1344,355840,0,0,0,0,0,0,0,0,0,0,0,0,0,0,426240,192,534,1318,532064752,2104328006,810304,0
1463,1116800,0,0,0,4608,9984,515072,416832,170304,148992,963264,0,1344,509824,0,0,0,0,0,0,0,0,0,0,0,0,0,0,416640,192,530,1316,4226190536,1602444058,953280,0
1464,1117056,0,0,0,3264,10048,403712,416000,284032,262976,849472,0,1280,398464,0,0,0,0,0,0,0,0,0,0,0,0,0,0,415872,128,523,1309,954503900,1252740105,839424,0
1465,1116800,0,0,0,3904,9792,372416,393280,337408,316096,796032,0,1344,367104,0,0,0,0,0,0,0,0,0,0,0,0,0,0,393088,192,523,1306,2733245686,789713803,786240,0
1466,1116992,0,0,0,3840,9856,357952,391488,353856,332352,780032,0,1408,352512,0,0,0,0,0,0,0,0,0,0,0,0,0,0,391296,192,519,1302,3654123881,1101628982,770176,0
1467,1116992,0,0,0,5952,9920,389760,397248,314112,292672,819584,0,1408,384512,0,0,0,0,0,0,0,0,0,0,0,0,0,0,397120,128,519,1303,1710873847,926543391,809664,0
1468,1116608,0,0,0,6272,9856,357888,394688,347904,326400,785600,0,1344,352704,0,0,0,0,0,0,0,0,0,0,0,0,0,0,394496,192,517,1301,2352807574,3176231875,775744,0
1469,1117120,0,0,0,2688,10112,372992,395648,335680,314112,798464,0,1344,367680,0,0,0,0,0,0,0,0,0,0,0,0,0,0,395456,192,518,1296,3502583722,2390515596,788352,0
1470,1116544,0,0,0,2624,9984,358272,391680,353984,326976,784960,0,1408,353152,0,0,0,0,0,0,0,0,0,0,0,0,0,0,391488,192,516,1287,3921597647,660488125,774976,0
1471,1117120,0,0,0,2624,10880,378880,395264,329472,308160,804480,0,1280,373696,0,0,0,0,0,0,0,0,0,0,0,0,0,0,395072,192,515,1280,2197910159,494428408,793600,0
1472,1116864,0,0,0,2496,9920,363264,394304,346880,325632,786624,0,1408,357824,0,0,0,0,0,0,0,0,0,0,0,0,0,0,394176,128,516,1283,3735806430,2240286146,776704,0
1473,1116800,0,0,0,2560,9920,392384,396800,315136,293696,818432,0,1408,387072,0,0,0,0,0,0,0,0,0,0,0,0,0,0,396608,192,515,1285,2183631751,843267935,808512,0
1474,1117184,0,0,0,8448,10240,487360,449344,161792,140160,972288,0,1344,482240,0,0,0,0,0,0,0,0,0,0,0,0,0,0,449152,192,514,1288,553851385,4242495489,962048,0
1475,1116416,0,0,0,4096,9408,606336,435584,60992,40000,1071872,0,1344,600896,0,0,0,0,0,0,0,0,0,0,0,0,0,0,435456,128,519,1299,3173853630,1162112731,1062464,0
1476,1117120,0,0,0,4032,9984,427904,409152,266048,244800,867520,0,1344,422592,0,0,0,0,0,0,0,0,0,0,0,0,0,0,408960,192,521,1303,4227117574,666831325,857536,0
1477,1116992,0,0,0,5312,9664,398336,417344,286336,264960,847424,0,1344,392960,0,0,0,0,0,0,0,0,0,0,0,0,0,0,417216,128,519,1303,2907492265,153846556,837760,0
1478,1116864,0,0,0,6400,10112,392640,456128,251584,230080,882048,0,1280,387264,0,0,0,0,0,0,0,0,0,0,0,0,0,0,456000,128,587,1445,2931769712,938739197,871936,0
1479,1116800,0,0,0,5440,10240,386688,436800,277632,256000,856128,0,1344,381312,0,0,0,0,0,0,0,0,0,0,0,0,0,0,436672,128,625,1520,996951353,3726302057,845888,0
1480,1116800,0,0,0,4096,10112,369728,431744,301120,279808,832384,0,1280,364352,0,0,0,0,0,0,0,0,0,0,0,0,0,0,431616,128,632,1504,3268845563,2544758577,822272,0
1481,1117120,0,0,0,4928,10112,469568,427776,204736,183488,928960,0,1344,464256,0,0,0,0,0,0,0,0,0,0,0,0,0,0,427584,192,623,1481,3759074307,4163604011,918848,0
1482,1116800,0,0,0,5248,9984,501312,456640,143616,122624,989632,0,1792,495552,0,0,0,0,0,0,0,0,0,0,0,0,0,0,456512,128,627,1475,2098621633,3659311579,979648,0
1483,1117120,0,0,0,5312,9472,478016,454656,169664,148160,964608,0,1280,472704,0,0,0,0,0,0,0,0,0,0,0,0,0,0,454528,128,616,1465,872840828,1957794017,955136,0
1484,1116608,0,0,0,4224,9536,342464,419648,340736,319552,792832,0,1344,337280,0,0,0,0,0,0,0,0,0,0,0,0,0,0,419456,192,608,1446,2338053586,2520586364,783296,0
1485,1116992,0,0,0,6400,9600,378880,447552,274560,253248,859392,0,1344,373568,0,0,0,0,0,0,0,0,0,0,0,0,0,0,447360,192,621,1476,13063522,3634992947,849792,0
1486,1116928,0,0,0,6336,11136,344960,420928,333568,306432,806208,0,1408,339584,0,0,0,0,0,0,0,0,0,0,0,0,0,0,420736,192,621,1470,1844220844,2594639518,795072,0
1487,1117056,0,0,0,5440,23360,355264,427520,305472,283648,829184,0,1280,349952,0,0,0,0,0,0,0,0,0,0,0,0,0,0,427328,192,618,1475,2313190113,296649330,805824,0
1488,1116736,0,0,0,3968,9472,345024,425472,332800,311232,801152,0,1408,339776,0,0,0,0,0,0,0,0,0,0,0,0,0,0,425280,192,613,1476,2419436349,2655690677,791680,0
1489,1116928,0,0,0,4032,9536,354304,434944,314112,292672,820032,0,1344,349120,0,0,0,0,0,0,0,0,0,0,0,0,0,0,434816,128,613,1475,2518836961,3193658790,810496,0
1490,1116928,0,0,0,4160,9536,384256,430720,288256,266944,845824,0,1344,378752,0,0,0,0,0,0,0,0,0,0,0,0,0,0,430528,192,616,1472,1722060046,1967416861,836288,0
1491,1116608,0,0,0,4096,9472,368512,430528,304000,282944,829376,0,1280,363200,0,0,0,0,0,0,0,0,0,0,0,0,0,0,430336,192,605,1446,2776357430,4052096565,819904,0
1492,1117184,0,0,0,4032,9344,322944,419776,361088,339520,773504,0,1344,317760,0,0,0,0,0,0,0,0,0,0,0,0,0,0,419648,128,606,1446,2398960241,3416199545,764160,0
1493,1116800,0,0,0,6144,9408,326144,402240,372864,351488,761024,0,1280,320832,0,0,0,0,0,0,0,0,0,0,0,0,0,0,402048,192,612,1462,1037328610,2873893968,751616,0
1494,1117056,0,0,0,5440,9536,471872,445632,184576,162816,949952,0,1344,466688,0,0,0,0,0,0,0,0,0,0,0,0,0,0,445440,192,616,1473,3389939633,926172012,940416,0
1495,1116672,0,0,0,3968,9536,433472,447360,222336,200768,911680,0,1408,428096,0,0,0,0,0,0,0,0,0,0,0,0,0,0,447232,128,610,1460,968426065,3955300973,902144,0
1496,1117056,0,0,0,4096,9600,441152,429696,232512,210880,901952,0,1344,435904,0,0,0,0,0,0,0,0,0,0,0,0,0,0,429504,192,611,1461,172160026,1406568581,892352,0
1497,1117248,0,0,0,6144,9664,460096,430144,211200,189568,923264,0,1344,454784,0,0,0,0,0,0,0,0,0,0,0,0,0,0,429952,192,611,1461,1331672237,386727071,913600,0
1498,1116544,0,0,0,6144,9600,460864,420608,219328,198208,914112,0,1344,455552,0,0,0,0,0,0,0,0,0,0,0,0,0,0,420416,192,611,1466,2171818869,138071673,904512,0
1499,1116800,0,0,0,6784,9472,471168,406912,222464,200704,911808,0,1344,465920,0,0,0,0,0,0,0,0,0,0,0,0,0,0,406720,192,617,1482,2867844158,3713800146,902336,0
1500,1116928,0,0,0,5888,9408,460800,407296,233536,211968,900672,0,1344,455488,0,0,0,0,0,0,0,0,0,0,0,0,0,0,407168,128,610,1459,1804347313,2863356622,891264,0
1501,1116928,0,0,0,4608,11200,469120,417472,214528,193472,919168,0,1408,463744,0,0,0,0,0,0,0,0,0,0,0,0,0,0,417280,192,622,1484,2919721901,1838292906,907968,0
1502,1116672,0,0,0,3840,9472,592896,457792,52672,25792,1086656,0,1344,587456,0,0,0,0,0,0,0,0,0,0,0,0,0,0,457600,192,630,1505,244631515,526525763,1077184,0
1503,1116992,0,0,0,4800,9600,557952,448448,96192,75008,1037760,0,1344,552704,0,0,0,0,0,0,0,0,0,0,0,0,0,0,448320,128,631,1512,1432227918,2203651209,1028160,0
1504,1116928,0,0,0,3968,9792,593216,421888,88064,66880,1045760,0,1408,587968,0,0,0,0,0,0,0,0,0,0,0,0,0,0,421696,192,629,1509,1698217979,3699907784,1035968,0
1505,1116864,0,0,0,5952,9600,600576,422144,78592,57536,1055040,0,1344,595328,0,0,0,0,0,0,0,0,0,0,0,0,0,0,421952,192,630,1508,3712613043,943391886,1045440,0
1506,1116928,0,0,0,5952,9728,599488,422016,79744,58112,1054656,0,1280,594176,0,0,0,0,0,0,0,0,0,0,0,0,0,0,421888,128,628,1504,2537751007,2005598304,1044928,0
1507,1117056,0,0,0,4672,9600,643328,430336,29120,7872,1104896,0,1280,637952,0,0,0,0,0,0,0,0,0,0,0,0,0,0,430144,192,628,1505,4133142342,1122958367,1095296,0
1508,1117120,0,0,0,7872,9664,631552,429568,38464,17088,1095872,0,1280,626048,0,0,0,0,0,0,0,0,0,0,0,0,0,0,429440,128,626,1503,1182914021,2582883248,1086208,0
1509,1116672,0,0,0,4096,9600,516224,413888,172864,151680,960768,0,1408,511104,0,0,0,0,0,0,0,0,0,0,0,0,0,0,413696,192,624,1498,484880204,2378372702,951168,0
1510,1116992,0,0,0,4928,9664,563008,407360,132032,111040,1001664,0,1408,557568,0,0,0,0,0,0,0,0,0,0,0,0,0,0,407168,192,623,1488,663101146,113521612,992000,0
1511,1117056,0,0,0,5888,9216,544512,393856,163584,142336,970496,0,1280,539136,0,0,0,0,0,0,0,0,0,0,0,0,0,0,393728,128,618,1481,2952459285,3847841084,961280,0
1512,1116736,0,0,0,4672,9792,541888,392000,168384,147136,965248,0,1344,536576,0,0,0,0,0,0,0,0,0,0,0,0,0,0,391808,192,622,1501,2688681015,4061932643,955456,0
1513,1116928,0,0,0,2560,9536,553408,401728,149696,128576,984064,0,1280,548096,0,0,0,0,0,0,0,0,0,0,0,0,0,0,401536,192,628,1513,2282814253,2155583470,974528,0
1514,1116736,0,0,0,2560,9536,574528,424000,106112,84672,1027904,0,1344,569280,0,0,0,0,0,0,0,0,0,0,0,0,0,0,423808,192,625,1508,2516554856,1081581584,1018368,0
1515,1117056,0,0,0,2624,9536,539968,400192,164736,143040,969728,0,1408,534528,0,0,0,0,0,0,0,0,0,0,0,0,0,0,400064,128,623,1506,2074240921,4110308400,960192,0
1516,1116736,0,0,0,3968,10816,594048,407360,100544,79424,1033088,0,1344,588672,0,0,0,0,0,0,0,0,0,0,0,0,0,0,407168,192,611,1472,3843356673,913479561,1022272,0
1517,1116736,0,0,0,3968,23872,435008,411840,242048,221056,891328,0,1344,429696,0,0,0,0,0,0,0,0,0,0,0,0,0,0,411648,192,616,1490,3536083908,3563675931,867456,0
1518,1116928,0,0,0,3968,9600,439552,387712,276096,248896,863808,0,1408,434368,0,0,0,0,0,0,0,0,0,0,0,0,0,0,387584,128,615,1484,835688794,3982811929,854208,0
1519,1117120,0,0,0,3904,9280,374272,396224,333440,312128,800896,0,1280,368896,0,0,0,0,0,0,0,0,0,0,0,0,0,0,396032,192,614,1482,2737680699,4195096503,791616,0
1520,1116736,0,0,0,3904,9344,290240,396992,416256,394880,717568,0,1408,284928,0,0,0,0,0,0,0,0,0,0,0,0,0,0,396800,192,605,1470,2138148730,651261230,708224,0
1521,1116864,0,0,0,3968,9280,279040,396160,428416,407104,705664,0,1280,273728,0,0,0,0,0,0,0,0,0,0,0,0,0,0,395968,192,592,1445,3158839215,2348168870,696384,0
1522,1117120,0,0,0,4096,9216,283072,388800,431936,410624,702272,0,1408,277632,0,0,0,0,0,0,0,0,0,0,0,0,0,0,388672,128,595,1452,558478747,1038549135,693056,0
1523,1116800,0,0,0,3968,9152,333824,388928,380928,359680,752960,0,1280,328640,0,0,0,0,0,0,0,0,0,0,0,0,0,0,388736,192,598,1454,3206557701,1619100333,743808,0
1524,1116992,0,0,0,8192,9600,379520,388864,330816,309376,803264,0,1344,373952,0,0,0,0,0,0,0,0,0,0,0,0,0,0,388672,192,601,1449,1998863352,574845845,793664,0
1525,1116736,0,0,0,6144,9408,350784,420224,330176,309056,803328,0,1344,345536,0,0,0,0,0,0,0,0,0,0,0,0,0,0,420032,192,607,1465,1880398388,3884869710,793920,0
1526,1115456,0,0,0,6912,9344,270208,386816,442176,422336,688896,0,1344,264896,0,0,0,0,0,0,0,0,0,0,0,0,0,0,386624,192,600,1453,1875512792,786860671,679552,0
1527,1116992,0,0,0,5248,9344,418624,424832,258944,239232,873472,0,1280,413184,0,0,0,0,0,0,0,0,0,0,0,0,0,0,424704,128,596,1448,634100424,2580418334,864128,0
1528,1116672,0,0,0,3968,9344,306368,392320,404672,385408,727040,0,1280,300864,0,0,0,0,0,0,0,0,0,0,0,0,0,0,392128,192,592,1418,218278262,2613140078,717696,0
1529,1117184,0,0,0,3904,9408,432000,397568,274304,254528,858368,0,1280,426688,0,0,0,0,0,0,0,0,0,0,0,0,0,0,397376,192,597,1440,2999507927,697125189,848960,0
1530,1116736,0,0,0,3968,9280,265216,395392,442880,423360,689152,0,1408,259968,0,0,0,0,0,0,0,0,0,0,0,0,0,0,395200,192,577,1414,3261360903,3688251065,679872,0
1531,1677248,0,0,0,16512,25472,838272,512832,284160,264320,1408448,0,1280,833088,0,0,0,0,0,0,0,0,0,0,0,0,0,0,512704,128,589,1453,1542162472,2857756669,1382976,0
1532,1118464,0,0,0,4288,24064,348672,433344,308096,287168,827008,0,1344,343360,0,0,0,0,0,0,0,0,0,0,0,0,0,0,433152,192,599,1468,408170631,3723044710,802944,0
1533,1116864,0,0,0,4288,23936,414464,499648,174528,153216,959360,0,1344,409216,0,0,0,0,0,0,0,0,0,0,0,0,0,0,499456,192,595,1454,3974401843,1857654393,935424,0
1534,1116544,0,0,0,8704,24000,353152,436032,294656,264640,847488,0,1408,347968,0,0,0,0,0,0,0,0,0,0,0,0,0,0,435840,192,605,1479,308773030,3969729810,823488,0
1535,1677376,0,0,0,13312,10432,591232,526464,535936,508160,1164096,0,3136,581504,0,0,0,0,0,0,0,0,0,0,0,0,0,0,526272,192,608,1478,631702904,3496715137,1153664,0
1536,1116672,0,0,0,19840,9792,406720,491392,188928,167296,944640,0,1280,401344,0,0,0,0,0,0,0,0,0,0,0,0,0,0,491264,128,599,1469,1020811082,958868397,934848,0
1537,1117120,0,0,0,4416,9600,457600,459520,185984,164608,947776,0,1344,452224,0,0,0,0,0,0,0,0,0,0,0,0,0,0,459392,128,599,1470,2491195292,2865922560,938176,0
1538,1116672,0,0,0,4416,10048,485376,471168,145664,124416,987584,0,1408,480064,0,0,0,0,0,0,0,0,0,0,0,0,0,0,471040,128,588,1450,1737607071,1381293276,977536,0
1539,1677504,0,0,0,4480,10112,591488,507520,563904,542208,1130496,0,1408,586112,0,0,0,0,0,0,0,0,0,0,0,0,0,0,507328,192,584,1443,2481301385,725269848,1120384,0
1540,1676608,0,0,0,11264,24320,609280,532224,499520,478272,1193792,0,1408,603712,0,0,0,0,0,0,0,0,0,0,0,0,0,0,532096,128,586,1457,1367814062,3311100355,1169472,0
1541,1116608,0,0,0,4480,9472,409600,455808,237248,216256,896128,0,1344,404224,0,0,0,0,0,0,0,0,0,0,0,0,0,0,455616,192,587,1453,94165889,826807468,886656,0
1542,1116928,0,0,0,6464,23296,440256,475840,171072,149888,962752,0,1344,434944,0,0,0,0,0,0,0,0,0,0,0,0,0,0,475648,192,599,1483,3448260327,4085716662,939456,0
1543,1117184,0,0,0,6272,9920,311232,484544,305216,283584,829312,0,1344,305856,0,0,0,0,0,0,0,0,0,0,0,0,0,0,484416,128,599,1478,2114299294,1879778690,819392,0
1544,1116608,0,0,0,5568,9600,276416,456512,368512,347072,765248,0,1408,271232,0,0,0,0,0,0,0,0,0,0,0,0,0,0,456320,192,605,1477,2832113523,999168504,755648,0
1545,1117056,0,0,0,4416,10752,272448,434624,394816,373696,739072,0,1344,267136,0,0,0,0,0,0,0,0,0,0,0,0,0,0,434432,192,593,1444,32889065,3026616680,728320,0
1546,1116864,0,0,0,5120,9536,286400,467904,347904,326080,786496,0,1408,281280,0,0,0,0,0,0,0,0,0,0,0,0,0,0,467776,128,608,1474,3224808416,1945428521,776960,0
1547,1116800,0,0,0,4288,24000,317120,433664,337728,316416,796160,0,1344,311744,0,0,0,0,0,0,0,0,0,0,0,0,0,0,433472,192,604,1457,2772280758,73883595,772160,0
1548,1115328,0,0,0,4352,9664,380928,527936,192448,173056,937984,0,1344,375744,0,0,0,0,0,0,0,0,0,0,0,0,0,0,527744,192,609,1476,4194599461,3981116545,928320,0
1549,1116928,0,0,0,4288,9280,305408,463808,334144,314304,798336,0,1280,300224,0,0,0,0,0,0,0,0,0,0,0,0,0,0,463616,192,609,1486,1842572462,1623536046,789056,0
1550,1116992,0,0,0,4352,9408,365376,436288,301568,276160,836608,0,1280,360064,0,0,0,0,0,0,0,0,0,0,0,0,0,0,436096,192,608,1475,1481210278,3884325241,827200,0
1551,1116992,0,0,0,4224,9344,378752,439552,285120,265280,847488,0,1344,373440,0,0,0,0,0,0,0,0,0,0,0,0,0,0,439360,192,607,1478,1689604513,3094224423,838144,0
1552,1116736,0,0,0,4352,9280,310464,432832,359808,340224,772288,0,1280,305088,0,0,0,0,0,0,0,0,0,0,0,0,0,0,432640,192,609,1477,1221159502,4103037921,763008,0
1553,1116864,0,0,0,4352,9664,303104,409088,390656,371136,741440,0,1344,297792,0,0,0,0,0,0,0,0,0,0,0,0,0,0,408960,128,601,1450,508583213,403909910,731776,0
1554,1116928,0,0,0,4288,9536,277312,408960,416832,397440,715264,0,1472,272000,0,0,0,0,0,0,0,0,0,0,0,0,0,0,408768,192,602,1453,1859098430,3078747160,705728,0
1555,1118784,0,0,0,4288,9344,348096,449728,307328,285440,829120,0,1344,342784,0,0,0,0,0,0,0,0,0,0,0,0,0,0,449600,128,608,1460,1410521872,1134360748,819776,0
1556,1115840,0,0,0,6464,9856,285696,432576,381248,360512,750848,0,1280,280384,0,0,0,0,0,0,0,0,0,0,0,0,0,0,432448,128,602,1458,2819112022,3827772109,740992,0
1557,1677824,0,0,0,17152,9664,788928,581760,280320,258432,1414976,0,1280,783744,0,0,0,0,0,0,0,0,0,0,0,0,0,0,581568,192,636,1575,2673181473,713650099,1405312,0
1558,1676928,0,0,0,11840,24192,605568,598208,437120,415424,1257152,0,1408,600128,0,0,0,0,0,0,0,0,0,0,0,0,0,0,598016,192,637,1558,1402357637,2411177200,1232960,0
1559,1116480,0,0,0,6720,10688,299712,523840,275520,254272,857984,0,1408,294272,0,0,0,0,0,0,0,0,0,0,0,0,0,0,523648,192,631,1541,472905551,3664829811,847296,0
1560,1116672,0,0,0,6528,23680,386240,544768,155456,134400,978048,0,1344,380992,0,0,0,0,0,0,0,0,0,0,0,0,0,0,544640,128,638,1573,529782618,411429448,954368,0
1561,1677312,0,0,0,7360,24064,564928,547520,533440,512000,1160768,0,1280,559744,0,0,0,0,0,0,0,0,0,0,0,0,0,0,547392,128,638,1572,2578997937,2902277945,1136704,0
1562,1116864,0,0,0,6784,24128,375104,521792,189056,167552,945024,0,1344,369600,0,0,0,0,0,0,0,0,0,0,0,0,0,0,521664,128,637,1569,2570697376,3404445144,920896,0
1563,1116928,0,0,0,4608,23744,461760,479360,147456,126272,986368,0,1344,456384,0,0,0,0,0,0,0,0,0,0,0,0,0,0,479168,192,589,1456,1594504401,3528068029,962624,0
1564,1677056,0,0,0,4800,24128,646976,465920,535232,514048,1158784,0,1344,641600,0,0,0,0,0,0,0,0,0,0,0,0,0,0,465728,192,594,1457,1435318954,1226111702,1134656,0
1565,1677184,0,0,0,4672,26816,567744,570880,507072,484096,1188736,0,1472,562304,0,0,0,0,0,0,0,0,0,0,0,0,0,0,570688,192,617,1529,1494936671,1848840846,1161920,0
1566,1116608,0,0,0,5568,24192,404032,486208,196608,169600,942656,0,1344,398592,0,0,0,0,0,0,0,0,0,0,0,0,0,0,486080,128,609,1499,2450996666,1528385428,918464,0
1567,1677632,0,0,0,4672,23872,632320,492608,524160,502528,1170880,0,1408,626880,0,0,0,0,0,0,0,0,0,0,0,0,0,0,492416,192,603,1487,2390335122,1650255109,1147008,0
1568,1116416,0,0,0,4800,24192,387712,461120,238592,217344,894720,0,1408,382272,0,0,0,0,0,0,0,0,0,0,0,0,0,0,460928,192,601,1472,1898313938,3628598490,870528,0
1569,1116864,0,0,0,4800,23552,344576,464192,279744,258752,853888,0,1344,339072,0,0,0,0,0,0,0,0,0,0,0,0,0,0,464000,192,594,1455,2350913152,1375675747,830336,0
1570,1116928,0,0,0,4928,24896,583808,443136,60160,38784,1073856,0,1344,578496,0,0,0,0,0,0,0,0,0,0,0,0,0,0,443008,128,608,1494,2389374247,27956783,1048960,0
1571,1115648,0,0,0,4928,9216,422080,436608,242816,222720,888640,0,1344,416704,0,0,0,0,0,0,0,0,0,0,0,0,0,0,436480,128,615,1507,368245932,354049537,879424,0
1572,1116864,0,0,0,4928,25088,415872,428288,242688,222848,889728,0,1344,410560,0,0,0,0,0,0,0,0,0,0,0,0,0,0,428160,128,603,1486,2311101997,3960407600,864640,0
1573,1116800,0,0,0,5568,24384,526400,430400,130048,110208,1002368,0,1344,521024,0,0,0,0,0,0,0,0,0,0,0,0,0,0,430208,192,608,1502,344811001,2806043890,977984,0
1574,1116800,0,0,0,7168,9664,351104,417216,331648,312128,800128,0,1408,345728,0,0,0,0,0,0,0,0,0,0,0,0,0,0,417088,128,601,1493,1780165023,3051014033,790464,0
1575,1116928,0,0,0,7040,24320,385536,419968,280064,260224,852288,0,1408,380160,0,0,0,0,0,0,0,0,0,0,0,0,0,0,419776,192,610,1486,3360905698,40397580,827968,0
1576,1117184,0,0,0,5056,24128,484928,421504,181568,161536,951424,0,1408,479616,0,0,0,0,0,0,0,0,0,0,0,0,0,0,421312,192,609,1501,779220885,3606918384,927296,0
1577,1117952,0,0,0,5184,23680,472384,528448,88256,66944,1046720,0,1344,466880,0,0,0,0,0,0,0,0,0,0,0,0,0,0,528256,192,614,1510,3227571325,2578597653,1023040,0
1578,1117184,0,0,0,5120,23744,367680,450688,269952,248256,864640,0,1408,362304,0,0,0,0,0,0,0,0,0,0,0,0,0,0,450560,128,605,1475,811278370,4152070622,840896,0
1579,1116544,0,0,0,5248,24000,522944,454272,110080,88768,1023488,0,1408,517632,0,0,0,0,0,0,0,0,0,0,0,0,0,0,454080,192,618,1518,2060142270,510352503,999488,0
1580,1116800,0,0,0,5248,9856,325184,449984,326528,305408,807040,0,1344,319744,0,0,0,0,0,0,0,0,0,0,0,0,0,0,449792,192,610,1501,2463663688,3590670173,797184,0
1581,1117056,0,0,0,5312,23744,441856,453440,192704,171264,941440,0,1408,436544,0,0,0,0,0,0,0,0,0,0,0,0,0,0,453248,192,608,1500,4001047312,1786271256,917696,0
1582,1116992,0,0,0,7040,24768,583552,457536,44096,16960,1095680,0,1344,577920,0,0,0,0,0,0,0,0,0,0,0,0,0,0,457408,128,613,1516,1940061240,3018319920,1070912,0
1583,1116672,0,0,0,7360,9600,386944,420928,291840,270400,841984,0,1344,381440,0,0,0,0,0,0,0,0,0,0,0,0,0,0,420736,192,591,1462,4288581974,3474645227,832384,0
1584,1116928,0,0,0,5056,24128,410752,424320,252672,231296,881408,0,1408,405376,0,0,0,0,0,0,0,0,0,0,0,0,0,0,424192,128,603,1467,502854169,83822049,857280,0
1585,1116864,0,0,0,5184,24128,579584,425536,82432,60928,1051712,0,1344,574272,0,0,0,0,0,0,0,0,0,0,0,0,0,0,425408,128,598,1464,4148696884,2616146302,1027584,0
1586,1116928,0,0,0,5120,9216,356416,419264,326912,305408,807232,0,1408,350912,0,0,0,0,0,0,0,0,0,0,0,0,0,0,419072,192,602,1489,497984367,2645233115,798016,0
1587,1116608,0,0,0,6080,25344,389760,425344,270080,248832,863488,0,1408,384192,0,0,0,0,0,0,0,0,0,0,0,0,0,0,425152,192,612,1478,4094349482,2229477592,838144,0
1588,1117056,0,0,0,5184,24384,554624,425984,106880,85696,1027072,0,1280,549312,0,0,0,0,0,0,0,0,0,0,0,0,0,0,425792,192,617,1509,2205794577,357134256,1002688,0
1589,1116992,0,0,0,5248,9408,362816,420800,318720,297088,815616,0,1344,357504,0,0,0,0,0,0,0,0,0,0,0,0,0,0,420608,192,615,1498,842300552,3166050422,806208,0
1590,1677312,0,0,0,6528,23488,587904,523584,535808,514240,1158784,0,1408,582656,0,0,0,0,0,0,0,0,0,0,0,0,0,0,523392,192,608,1485,1970803127,1248337035,1135296,0
1591,1116480,0,0,0,7616,24320,494208,441024,149312,128192,984064,0,1344,488640,0,0,0,0,0,0,0,0,0,0,0,0,0,0,440832,192,598,1471,2409927430,1378901220,959744,0
1592,1116736,0,0,0,6848,9472,277824,427200,395392,374144,738240,0,1344,272384,0,0,0,0,0,0,0,0,0,0,0,0,0,0,427008,192,597,1457,1766075141,1326452058,728768,0
1593,1115328,0,0,0,5184,23744,322944,428672,334784,315264,795776,0,1344,317568,0,0,0,0,0,0,0,0,0,0,0,0,0,0,428544,128,607,1474,898186814,3080110011,772032,0
1594,1117056,0,0,0,6080,24512,481216,428480,176768,157120,955584,0,1280,475904,0,0,0,0,0,0,0,0,0,0,0,0,0,0,428288,192,607,1478,1612306700,3468429414,931072,0
1595,1117056,0,0,0,7168,9600,281344,428992,389952,370496,742080,0,1408,275968,0,0,0,0,0,0,0,0,0,0,0,0,0,0,428800,192,607,1482,3354008724,3020626769,732480,0
1596,1116800,0,0,0,6208,23744,340864,435776,310208,290432,821952,0,1408,335552,0,0,0,0,0,0,0,0,0,0,0,0,0,0,435584,192,613,1493,665495034,3248458133,798208,0
1597,1117056,0,0,0,12672,24256,438464,496704,144960,124800,988032,0,1536,432512,0,0,0,0,0,0,0,0,0,0,0,0,0,0,496576,128,619,1492,270403871,1779706820,963776,0
1598,1116800,0,0,0,6912,9472,312640,439616,348160,322944,789504,0,1408,307264,0,0,0,0,0,0,0,0,0,0,0,0,0,0,439424,192,620,1499,4028238054,3550555559,780032,0
1599,1116992,0,0,0,6208,24512,283648,462464,340160,320384,792000,0,1344,278208,0,0,0,0,0,0,0,0,0,0,0,0,0,0,462272,192,624,1518,2020540880,3498943307,767488,0
1600,1118464,0,0,0,4928,9536,491584,498368,114048,92416,1021824,0,1344,486272,0,0,0,0,0,0,0,0,0,0,0,0,0,0,498176,192,616,1518,939270287,3031702064,1012288,0
1601,1116224,0,0,0,6912,9664,301056,446784,351808,330880,780992,0,1344,295616,0,0,0,0,0,0,0,0,0,0,0,0,0,0,446592,192,627,1516,2817938972,2263211546,771328,0
1602,1117056,0,0,0,6976,10368,342208,438784,318720,297792,814912,0,1344,336896,0,0,0,0,0,0,0,0,0,0,0,0,0,0,438656,128,623,1503,422142662,43137640,804544,0
1603,1116672,0,0,0,6272,24128,512512,536128,37632,16448,1095872,0,1344,507200,0,0,0,0,0,0,0,0,0,0,0,0,0,0,536000,128,590,1446,3374611801,1685194793,1071744,0
1604,1117120,0,0,0,6016,24000,343360,479936,263808,242496,870400,0,1280,338112,0,0,0,0,0,0,0,0,0,0,0,0,0,0,479680,256,602,1470,715412189,3244921714,846400,0
1605,1116608,0,0,0,6976,23872,323904,472064,289792,268736,843648,0,1344,318592,0,0,0,0,0,0,0,0,0,0,0,0,0,0,471872,192,600,1469,2822355783,531869216,819776,0
1606,1116736,0,0,0,6208,9408,343168,468480,289472,268160,844288,0,1344,337792,0,0,0,0,0,0,0,0,0,0,0,0,0,0,468352,128,603,1476,2393632733,3703022182,834880,0
1607,1117184,0,0,0,6848,24128,352384,493952,239872,218944,893888,0,1408,347072,0,0,0,0,0,0,0,0,0,0,0,0,0,0,493760,192,599,1473,996403842,1306829188,869760,0
1608,1116544,0,0,0,6912,9408,420736,468352,211136,189952,922304,0,1280,415488,0,0,0,0,0,0,0,0,0,0,0,0,0,0,468160,192,619,1514,2749668083,3348623689,912896,0
1609,1116672,0,0,0,6848,9344,433408,481728,185344,162560,949888,0,1408,426816,0,0,0,0,0,0,0,0,0,0,0,0,0,0,481600,128,622,1513,2053436445,586372858,940544,0
1610,1116224,0,0,0,6912,9856,413376,474752,211328,189952,921856,0,1280,408128,0,0,0,0,0,0,0,0,0,0,0,0,0,0,474624,128,607,1483,25718979,2415469677,912000,0
1611,1116800,0,0,0,6848,9472,409664,466112,224704,203456,908864,0,1344,404288,0,0,0,0,0,0,0,0,0,0,0,0,0,0,465984,128,618,1493,2017105383,1387404318,899392,0
1612,1117120,0,0,0,5952,9664,455296,452864,193344,171968,940736,0,1344,450048,0,0,0,0,0,0,0,0,0,0,0,0,0,0,452672,192,627,1529,1098727848,3179755346,931072,0
1613,1116544,0,0,0,6528,9408,416064,454400,230144,208960,903424,0,1280,410816,0,0,0,0,0,0,0,0,0,0,0,0,0,0,454272,128,621,1518,3228764747,4226885375,894016,0
1614,1116992,0,0,0,7104,9792,432832,452928,214336,187200,924992,0,1344,427520,0,0,0,0,0,0,0,0,0,0,0,0,0,0,452736,192,636,1547,1372320520,3639443848,915200,0
1615,1116800,0,0,0,7424,9472,450240,447744,201920,180992,931456,0,1280,444992,0,0,0,0,0,0,0,0,0,0,0,0,0,0,447552,192,636,1551,4190889982,1878603530,921984,0
1616,1115520,0,0,0,6720,9536,498624,447808,152832,133312,977792,0,1408,493312,0,0,0,0,0,0,0,0,0,0,0,0,0,0,447680,128,644,1561,2455907057,1628135325,968256,0
1617,1117376,0,0,0,6400,11136,430912,448192,220736,200896,912064,0,1344,425664,0,0,0,0,0,0,0,0,0,0,0,0,0,0,448000,192,642,1552,143590717,595669461,900928,0
1618,1116416,0,0,0,5696,9344,361408,427072,312896,293504,818752,0,1280,356224,0,0,0,0,0,0,0,0,0,0,0,0,0,0,426880,192,632,1519,4268502571,816890010,809408,0
1619,1116864,0,0,0,6400,9664,417728,435456,247616,227840,884672,0,1408,412416,0,0,0,0,0,0,0,0,0,0,0,0,0,0,435264,192,626,1519,746401271,3102779317,875008,0
1620,1116928,0,0,0,6272,9280,383296,424896,293184,273728,839104,0,1280,377984,0,0,0,0,0,0,0,0,0,0,0,0,0,0,424704,192,633,1521,3489681943,1712261112,829824,0
1621,1116992,0,0,0,5504,9600,385024,428160,288704,268864,843904,0,1280,379712,0,0,0,0,0,0,0,0,0,0,0,0,0,0,427968,192,622,1503,1404156248,1745024000,834304,0
1622,1118848,0,0,0,4224,9472,455680,465920,183552,161984,952640,0,1344,450368,0,0,0,0,0,0,0,0,0,0,0,0,0,0,465792,128,637,1521,2448296235,3781454744,943168,0
1623,1116544,0,0,0,4160,9472,378752,448448,275712,254208,858240,0,1408,373056,0,0,0,0,0,0,0,0,0,0,0,0,0,0,448320,128,631,1514,2508595915,35409130,848768,0
1624,1116928,0,0,0,9216,9856,435328,461312,201216,179904,932608,0,1280,430080,0,0,0,0,0,0,0,0,0,0,0,0,0,0,461120,192,628,1514,1450771043,2996760655,922752,0
1625,1117248,0,0,0,4352,9472,429824,456384,217216,195712,917312,0,1344,424512,0,0,0,0,0,0,0,0,0,0,0,0,0,0,456192,192,634,1527,2698374711,3563209997,907840,0
1626,1116288,0,0,0,4352,9472,363136,516096,223232,202176,909888,0,1344,357760,0,0,0,0,0,0,0,0,0,0,0,0,0,0,515968,128,631,1520,3758141169,561777000,900416,0
1627,1117120,0,0,0,4288,9536,345856,443264,314176,292672,820160,0,1408,340416,0,0,0,0,0,0,0,0,0,0,0,0,0,0,443072,192,619,1492,2550302853,1440282013,810624,0
1628,1116864,0,0,0,4416,9664,363584,421568,317632,296192,816448,0,1344,358208,0,0,0,0,0,0,0,0,0,0,0,0,0,0,421440,128,624,1501,733499650,237766976,806784,0
1629,1116800,0,0,0,6592,9856,425920,462208,212224,190720,921728,0,1280,420736,0,0,0,0,0,0,0,0,0,0,0,0,0,0,462080,128,624,1483,2481577434,2423905113,911872,0
1630,1116992,0,0,0,11328,9792,414656,464128,217088,189824,922944,0,1280,409216,0,0,0,0,0,0,0,0,0,0,0,0,0,0,463936,192,609,1449,391956290,3923868230,913152,0
1631,1116800,0,0,0,7552,9472,365120,404736,329920,308864,803584,0,1280,359872,0,0,0,0,0,0,0,0,0,0,0,0,0,0,404544,192,612,1452,827338426,2698501938,794112,0
1632,1117248,0,0,0,6400,11136,446080,422720,230912,209472,903424,0,1344,440832,0,0,0,0,0,0,0,0,0,0,0,0,0,0,422528,192,622,1478,3060166305,557725784,892288,0
1633,1116800,0,0,0,6976,9664,367872,408832,323456,302080,810368,0,1408,362560,0,0,0,0,0,0,0,0,0,0,0,0,0,0,408640,192,606,1459,999459125,3383428005,800704,0
1634,1677440,0,0,0,11520,10176,662144,588480,405120,383296,1289408,0,1344,657024,0,0,0,0,0,0,0,0,0,0,0,0,0,0,588288,192,636,1536,814220446,765988741,1279232,0
1635,1116416,0,0,0,4352,9920,494656,490560,116928,90688,1021120,0,1408,489344,0,0,0,0,0,0,0,0,0,0,0,0,0,0,490368,192,628,1519,2677000535,2493847134,1011200,0
1636,1677056,0,0,0,8896,14592,606656,510336,536576,499392,1168320,0,2304,600384,0,0,0,0,0,0,0,0,0,0,0,0,0,0,510144,192,631,1528,431458705,3675600315,1153728,0
1637,1116736,0,0,0,11584,24384,347200,456576,276992,250944,861120,0,1280,341824,0,0,0,0,0,0,0,0,0,0,0,0,0,0,456384,192,633,1523,3273374742,4082395746,836736,0
1638,1116864,0,0,0,5376,9984,333376,452224,315904,290240,821888,0,1280,328000,0,0,0,0,0,0,0,0,0,0,0,0,0,0,452096,128,632,1505,1014594426,1022238146,811904,0
1639,1116864,0,0,0,6784,10368,353536,444288,301888,275648,836288,0,1344,348224,0,0,0,0,0,0,0,0,0,0,0,0,0,0,444160,128,622,1489,972285981,4023355420,825920,0
1640,1116928,0,0,0,4672,9920,424512,486720,191104,169856,942720,0,1280,419328,0,0,0,0,0,0,0,0,0,0,0,0,0,0,486528,192,628,1503,2441066225,262411513,932800,0
1641,1117120,0,0,0,2624,9664,465984,417472,221376,200000,912896,0,1408,460864,0,0,0,0,0,0,0,0,0,0,0,0,0,0,417280,192,624,1500,2739675190,1048483682,903232,0
1642,1116608,0,0,0,2560,9728,484288,416192,203840,182656,929728,0,1280,479040,0,0,0,0,0,0,0,0,0,0,0,0,0,0,416000,192,632,1516,2924441092,4289815216,920000,0
1643,1116928,0,0,0,2624,9664,455488,420544,228608,207552,905152,0,1408,450240,0,0,0,0,0,0,0,0,0,0,0,0,0,0,420416,128,638,1518,2982031842,540840938,895488,0
1644,1116992,0,0,0,2560,9536,535680,456704,112512,91264,1021440,0,1408,530304,0,0,0,0,0,0,0,0,0,0,0,0,0,0,456576,128,629,1487,3654710517,4053691055,1011904,0
1645,1116928,0,0,0,2624,9600,522368,417472,164864,143872,968832,0,1344,517248,0,0,0,0,0,0,0,0,0,0,0,0,0,0,417344,128,626,1484,1757784663,2781813935,959232,0
1646,1117184,0,0,0,2624,10880,489280,437120,177280,150656,962432,0,1408,483968,0,0,0,0,0,0,0,0,0,0,0,0,0,0,436928,192,621,1483,208674486,3447309427,951552,0
1647,1116864,0,0,0,2624,9472,442560,468992,193216,172032,940608,0,1344,437376,0,0,0,0,0,0,0,0,0,0,0,0,0,0,468800,192,622,1486,3740030854,2731808008,931136,0
1648,1116736,0,0,0,2624,9600,497856,417344,189312,168064,944448,0,1344,492544,0,0,0,0,0,0,0,0,0,0,0,0,0,0,417216,128,621,1483,3750919285,1849257786,934848,0
1649,1116992,0,0,0,7808,9536,437952,404224,257472,235712,876992,0,1280,432704,0,0,0,0,0,0,0,0,0,0,0,0,0,0,404032,192,618,1472,492651309,952821062,867456,0
1650,1116608,0,0,0,8384,9536,393216,398336,307136,285888,826368,0,1344,387904,0,0,0,0,0,0,0,0,0,0,0,0,0,0,398208,128,617,1468,1267622734,777095949,816832,0
1651,1117184,0,0,0,6144,9920,285120,382656,433344,412160,700288,0,1280,279872,0,0,0,0,0,0,0,0,0,0,0,0,0,0,382464,192,605,1463,4201477898,673703294,690368,0
1652,1116672,0,0,0,6464,9792,385408,398336,316672,295040,817280,0,1344,380096,0,0,0,0,0,0,0,0,0,0,0,0,0,0,398144,192,614,1474,1558432455,1745521566,807488,0
1653,1117056,0,0,0,5760,9600,279552,388480,433664,412288,700416,0,1280,274176,0,0,0,0,0,0,0,0,0,0,0,0,0,0,388288,192,614,1471,2365038467,3852870479,690816,0
1654,1116864,0,0,0,2560,9536,285824,387648,431296,409408,703232,0,1216,280576,0,0,0,0,0,0,0,0,0,0,0,0,0,0,387456,192,619,1480,968543761,2363553178,693696,0
1655,1116800,0,0,0,2624,9472,425920,416448,262336,241408,871168,0,1344,420672,0,0,0,0,0,0,0,0,0,0,0,0,0,0,416320,128,619,1485,385832629,1500118206,861696,0
1656,1116928,0,0,0,2560,9728,288192,399872,416576,395392,717312,0,1408,283072,0,0,0,0,0,0,0,0,0,0,0,0,0,0,399680,192,618,1486,1273664788,2457591092,707584,0
1657,1116928,0,0,0,2560,9472,302080,393536,409280,387968,724800,0,1408,296704,0,0,0,0,0,0,0,0,0,0,0,0,0,0,393408,128,614,1477,3997157599,968032848,715328,0
1658,1117056,0,0,0,2624,9536,336064,401024,367808,346560,766272,0,1344,330944,0,0,0,0,0,0,0,0,0,0,0,0,0,0,400832,192,611,1460,282368876,905723059,756736,0
1659,1677312,0,0,0,2560,9536,423040,870016,372160,350976,1322112,0,1344,417792,0,0,0,0,0,0,0,0,0,0,0,0,0,0,869824,192,601,1440,2667821148,2425320048,1312576,0
1660,1116672,0,0,0,8128,9344,526016,419584,153600,131968,980352,0,1344,520576,0,0,0,0,0,0,0,0,0,0,0,0,0,0,419392,192,605,1443,3447737645,2856630658,971008,0
1661,1676096,0,0,0,16320,27840,638208,408128,585600,555456,1114240,0,3072,628672,0,0,0,0,0,0,0,0,0,0,0,0,0,0,407936,192,607,1453,2038828977,3712111972,1086400,0
1662,1116672,0,0,0,10560,24896,384192,383680,313344,284480,827776,0,1280,378816,0,0,0,0,0,0,0,0,0,0,0,0,0,0,383552,128,625,1483,3486723613,348435067,802880,0
1663,1116736,0,0,0,4224,24256,305856,382272,400128,380864,731648,0,1344,300480,0,0,0,0,0,0,0,0,0,0,0,0,0,0,382080,192,611,1454,4186610506,687231601,707392,0
1664,1116864,0,0,0,4224,9408,349632,380032,373568,353728,758976,0,1344,344256,0,0,0,0,0,0,0,0,0,0,0,0,0,0,379904,128,608,1456,1066681302,3966038457,749568,0
1665,1116928,0,0,0,4224,9216,358336,404032,341120,321728,790976,0,1344,353024,0,0,0,0,0,0,0,0,0,0,0,0,0,0,403904,128,611,1464,2679191723,1897734052,781760,0
1666,1116608,0,0,0,4096,9344,396736,387712,318720,299008,813440,0,1344,391360,0,0,0,0,0,0,0,0,0,0,0,0,0,0,387520,192,620,1486,2713776738,1153309769,804096,0
1667,1118400,0,0,0,4096,24192,415872,400192,274048,252736,861568,0,1344,410432,0,0,0,0,0,0,0,0,0,0,0,0,0,0,400000,192,624,1489,1844619212,925048874,837376,0
1668,1116992,0,0,0,4416,9920,524736,528128,49792,23232,1089088,0,1344,519296,0,0,0,0,0,0,0,0,0,0,0,0,0,0,527936,192,629,1508,1214890219,3957816548,1079168,0
1669,1116864,0,0,0,4480,9856,417344,462080,223104,197312,915008,0,1280,412096,0,0,0,0,0,0,0,0,0,0,0,0,0,0,461888,192,627,1512,2119109631,2795840182,905152,0
1670,1117120,0,0,0,4224,25408,562176,469120,56192,30144,1082240,0,1344,556672,0,0,0,0,0,0,0,0,0,0,0,0,0,0,468928,192,628,1499,4229018853,3725106089,1056832,0
1671,1116608,0,0,0,4544,9984,331520,432576,337984,311872,800064,0,1344,326144,0,0,0,0,0,0,0,0,0,0,0,0,0,0,432448,128,618,1478,2317988239,70456688,790080,0
1672,1116928,0,0,0,4480,24896,355328,434176,298048,272064,840192,0,1344,350016,0,0,0,0,0,0,0,0,0,0,0,0,0,0,433984,192,629,1528,3329340620,1937034414,815296,0
1673,1116800,0,0,0,6464,9856,355136,419072,326272,300480,811840,0,1792,349504,0,0,0,0,0,0,0,0,0,0,0,0,0,0,418880,192,587,1466,3752219166,2123198044,801984,0
1674,1116992,0,0,0,7296,9536,382272,556928,160960,139968,972736,0,1408,376832,0,0,0,0,0,0,0,0,0,0,0,0,0,0,556736,192,573,1471,1971262419,176264394,963200,0
1675,1116800,0,0,0,5632,9728,345664,412992,342784,321856,790592,0,1344,340352,0,0,0,0,0,0,0,0,0,0,0,0,0,0,412800,192,542,1360,425957485,694146230,780864,0
1676,1116928,0,0,0,4288,10816,366208,390848,344768,323328,789440,0,1344,360832,0,0,0,0,0,0,0,0,0,0,0,0,0,0,390720,128,559,1389,3252584299,4109147382,778624,0
1677,1117312,0,0,0,4224,9856,357568,390272,355392,333824,779200,0,1344,352384,0,0,0,0,0,0,0,0,0,0,0,0,0,0,390080,192,535,1350,2414024369,4059317712,769344,0
1678,1116480,0,0,0,4288,9600,428672,437120,236800,209600,902656,0,1280,423232,0,0,0,0,0,0,0,0,0,0,0,0,0,0,436928,192,545,1365,2294684172,3062373092,893056,0
1679,1116864,0,0,0,4352,9472,375232,384192,343616,322560,790080,0,1408,369984,0,0,0,0,0,0,0,0,0,0,0,0,0,0,384000,192,534,1335,2923065404,1129185341,780608,0
1680,1116800,0,0,0,4288,9664,365056,382464,355328,334400,778048,0,1408,359744,0,0,0,0,0,0,0,0,0,0,0,0,0,0,382336,128,537,1339,4245061290,2027073955,768384,0
1681,1117056,0,0,0,4224,9408,375232,413312,314880,293312,819648,0,1280,369856,0,0,0,0,0,0,0,0,0,0,0,0,0,0,413184,128,551,1349,211476266,42779740,810240,0
1682,1116992,0,0,0,4224,9600,366336,389120,347712,326080,786688,0,1280,360896,0,0,0,0,0,0,0,0,0,0,0,0,0,0,388928,192,536,1320,4266719660,441321380,777088,0
1683,1116864,0,0,0,6272,9472,357952,382400,360768,339328,773248,0,1344,352768,0,0,0,0,0,0,0,0,0,0,0,0,0,0,382272,128,536,1315,2606579689,3226517540,763776,0
1684,1116672,0,0,0,17216,9984,603200,425152,61120,39744,1072384,0,1344,597888,0,0,0,0,0,0,0,0,0,0,0,0,0,0,424960,192,527,1329,2613116830,466390565,1062400,0
1685,1116736,0,0,0,4544,10176,414592,413824,273600,252800,859200,0,1344,409280,0,0,0,0,0,0,0,0,0,0,0,0,0,0,413632,192,521,1301,1340880316,2295988388,849024,0
1686,1116928,0,0,0,4480,10368,450560,417152,234368,213184,899008,0,1344,445248,0,0,0,0,0,0,0,0,0,0,0,0,0,0,416960,192,530,1325,141560704,1973689419,888640,0
1687,1116800,0,0,0,4352,9728,460416,423616,218688,197184,915008,0,1280,454912,0,0,0,0,0,0,0,0,0,0,0,0,0,0,423424,192,529,1344,1098364747,4224432262,905280,0
1688,1116928,0,0,0,6528,10304,524736,516544,58816,37376,1074624,0,1408,519424,0,0,0,0,0,0,0,0,0,0,0,0,0,0,516352,192,559,1390,1895663467,168913064,1064320,0
1689,1116928,0,0,0,6848,10880,492544,513728,92928,71616,1040000,0,1344,487232,0,0,0,0,0,0,0,0,0,0,0,0,0,0,513536,192,539,1362,437199941,2083451438,1029120,0
1690,1117120,0,0,0,4352,10240,528960,515008,58560,36736,1075584,0,1280,523648,0,0,0,0,0,0,0,0,0,0,0,0,0,0,514880,128,560,1391,733470519,2347703075,1065344,0
1691,1116736,0,0,0,6464,11904,529856,518656,49856,28416,1082944,0,1344,524608,0,0,0,0,0,0,0,0,0,0,0,0,0,0,518464,192,550,1371,3826248624,1072748590,1071040,0
1692,1677248,0,0,0,6336,10240,565952,521856,572864,551040,1121280,0,1408,560768,0,0,0,0,0,0,0,0,0,0,0,0,0,0,521728,128,529,1351,2519029289,2953490187,1111040,0
1693,1677056,0,0,0,5504,10112,580160,507776,573504,552256,1120064,0,1344,574720,0,0,0,0,0,0,0,0,0,0,0,0,0,0,507584,192,563,1396,3397194069,443158278,1109952,0
1694,1676992,0,0,0,4288,10048,589056,523328,550272,523520,1148864,0,1280,583744,0,0,0,0,0,0,0,0,0,0,0,0,0,0,523136,192,561,1397,2542413540,3421819309,1138816,0
1695,1116928,0,0,0,7104,10304,516096,510336,73088,51968,1060160,0,1408,510784,0,0,0,0,0,0,0,0,0,0,0,0,0,0,510208,128,544,1357,2802544095,3041801294,1049856,0
1696,1116864,0,0,0,6016,10176,536704,510208,53760,32192,1080000,0,1792,530816,0,0,0,0,0,0,0,0,0,0,0,0,0,0,510080,128,534,1345,1111513298,948942271,1069824,0
1697,1677056,0,0,0,5440,24832,650368,956672,39744,18304,1653824,0,1344,645120,0,0,0,0,0,0,0,0,0,0,0,0,0,0,956544,128,557,1371,80930871,1342554954,1628992,0
1698,1116864,0,0,0,8576,9856,541632,520768,36032,14720,1097472,0,1344,536320,0,0,0,0,0,0,0,0,0,0,0,0,0,0,520576,192,549,1357,572075948,71204263,1087616,0
1699,1116992,0,0,0,4160,9856,494784,457280,150912,129664,982592,0,1408,489600,0,0,0,0,0,0,0,0,0,0,0,0,0,0,457152,128,539,1327,442394115,608651818,972736,0
1700,1116928,0,0,0,6208,10176,424576,448640,227328,205888,906176,0,1344,419136,0,0,0,0,0,0,0,0,0,0,0,0,0,0,448448,192,520,1277,292513780,2147374459,896000,0
1701,1117056,0,0,0,6208,10176,427072,448768,224832,202944,909312,0,1280,421824,0,0,0,0,0,0,0,0,0,0,0,0,0,0,448640,128,519,1286,2284833920,3237375676,899136,0
1702,1116800,0,0,0,10304,10176,511680,477056,107584,86272,1025536,0,1344,505728,0,0,0,0,0,0,0,0,0,0,0,0,0,0,476864,192,546,1349,4247339028,121925026,1015360,0
1703,1116864,0,0,0,4224,10368,418880,489216,194176,172992,939136,0,1280,413568,0,0,0,0,0,0,0,0,0,0,0,0,0,0,489024,192,547,1343,1878055479,537312407,928768,0
1704,1117248,0,0,0,4224,9664,373504,494784,235072,213248,899392,0,1280,368128,0,0,0,0,0,0,0,0,0,0,0,0,0,0,494656,128,571,1427,165845339,2983595691,889728,0
1705,1116672,0,0,0,4352,11264,347648,488064,265344,243904,868160,0,1344,342272,0,0,0,0,0,0,0,0,0,0,0,0,0,0,487936,128,570,1416,1614294997,2934067389,856896,0
1706,1116864,0,0,0,6528,10240,349760,475136,275200,253824,858176,0,1344,344320,0,0,0,0,0,0,0,0,0,0,0,0,0,0,474944,192,578,1441,954468190,635956575,847936,0
1707,1117120,0,0,0,6720,10560,352512,477696,269632,248000,863936,0,1344,347200,0,0,0,0,0,0,0,0,0,0,0,0,0,0,477504,192,581,1456,4055201477,3923976607,853376,0
1708,1116672,0,0,0,7104,10240,364544,448896,285888,264384,847488,0,1344,359168,0,0,0,0,0,0,0,0,0,0,0,0,0,0,448768,128,578,1430,1010383750,627783551,837248,0
1709,1116800,0,0,0,7488,11008,435968,456832,205504,184256,927232,0,1408,430656,0,0,0,0,0,0,0,0,0,0,0,0,0,0,456640,192,602,1439,3385652250,95638951,916224,0
1710,1117056,0,0,0,7168,10048,380224,453952,265664,238720,873600,0,1280,374976,0,0,0,0,0,0,0,0,0,0,0,0,0,0,453824,128,597,1440,106944419,3975047774,863552,0
1711,1116864,0,0,0,5312,9920,366784,459264,275584,254208,857920,0,1344,361472,0,0,0,0,0,0,0,0,0,0,0,0,0,0,459072,192,607,1453,403278545,515617982,848000,0
1712,1116928,0,0,0,6016,10176,386176,450112,264448,243136,868992,0,1472,380864,0,0,0,0,0,0,0,0,0,0,0,0,0,0,449920,192,597,1428,3332698276,2260207788,858816,0
1713,1116864,0,0,0,5888,10112,418304,457344,225216,203776,908352,0,1344,413120,0,0,0,0,0,0,0,0,0,0,0,0,0,0,457152,192,611,1452,3176048532,2369344250,898240,0
1714,1117376,0,0,0,4672,10176,451136,442240,209152,187392,925120,0,1344,445824,0,0,0,0,0,0,0,0,0,0,0,0,0,0,442112,128,595,1422,946313705,335349521,914944,0
1715,1116416,0,0,0,2688,10112,570752,508608,24256,3200,1108352,0,1344,565440,0,0,0,0,0,0,0,0,0,0,0,0,0,0,508416,192,601,1425,3843217847,3161502998,1098240,0
1716,1116800,0,0,0,3392,10112,371008,435968,296320,274816,837312,0,1280,365760,0,0,0,0,0,0,0,0,0,0,0,0,0,0,435840,128,608,1438,2369171872,658639791,827200,0
1717,1116928,0,0,0,2752,10048,343488,442112,318528,297408,814848,0,1344,338240,0,0,0,0,0,0,0,0,0,0,0,0,0,0,441920,192,597,1411,626950873,3395892083,804800,0
1718,1116736,0,0,0,2496,10048,358336,414080,331776,310528,801536,0,1408,353152,0,0,0,0,0,0,0,0,0,0,0,0,0,0,413952,128,595,1409,3248002203,2624182414,791488,0
1719,1116800,0,0,0,2624,9984,336832,406400,360960,339776,772288,0,1280,331584,0,0,0,0,0,0,0,0,0,0,0,0,0,0,406208,192,591,1407,2671566931,4160344909,762304,0
1720,1116672,0,0,0,15168,11328,455104,424960,210112,188800,923136,0,1280,449792,0,0,0,0,0,0,0,0,0,0,0,0,0,0,424832,128,597,1424,628402507,4209040958,911808,0
1721,1116864,0,0,0,4032,9920,356032,432896,313984,292928,819200,0,1408,350528,0,0,0,0,0,0,0,0,0,0,0,0,0,0,432704,192,597,1433,3546046533,1113593876,809280,0
1722,1117056,0,0,0,4160,10048,329024,420160,353664,332224,780096,0,1408,323904,0,0,0,0,0,0,0,0,0,0,0,0,0,0,420032,128,600,1436,3475990690,1064813764,770048,0
1723,1116672,0,0,0,4096,10176,354304,433088,315008,293824,818112,0,1408,348864,0,0,0,0,0,0,0,0,0,0,0,0,0,0,432960,128,592,1415,824477849,823180791,807936,0
1724,1116864,0,0,0,4096,10112,350592,431936,320128,298560,813696,0,1344,345088,0,0,0,0,0,0,0,0,0,0,0,0,0,0,431808,128,591,1421,692872439,2042321457,803584,0
1725,1116992,0,0,0,4032,9920,475264,427968,199808,178304,934016,0,1408,470016,0,0,0,0,0,0,0,0,0,0,0,0,0,0,427776,192,599,1427,3412673783,1416338298,924096,0
1726,1116864,0,0,0,4096,9984,364544,451008,287232,259328,852800,0,1344,359104,0,0,0,0,0,0,0,0,0,0,0,0,0,0,450816,192,596,1428,63249260,3954446440,842816,0
1727,1116864,0,0,0,4096,24832,365440,444992,277504,255872,856320,0,1344,360000,0,0,0,0,0,0,0,0,0,0,0,0,0,0,444800,192,610,1451,3104481060,2414638947,831488,0
1728,1117248,0,0,0,4096,10112,345664,430464,326912,305216,807232,0,1344,340160,0,0,0,0,0,0,0,0,0,0,0,0,0,0,430336,128,604,1455,4037499084,74896053,797120,0
1729,1116672,0,0,0,4160,10048,341248,431808,329408,307712,804352,0,1344,336000,0,0,0,0,0,0,0,0,0,0,0,0,0,0,431680,128,603,1440,828666863,654201335,794304,0
1730,1116800,0,0,0,4160,10048,325888,422592,354112,332800,779328,0,1408,320448,0,0,0,0,0,0,0,0,0,0,0,0,0,0,422400,192,618,1467,207937257,2030623385,769280,0
1731,1116736,0,0,0,4096,9856,320960,398656,383168,361984,750144,0,1280,315648,0,0,0,0,0,0,0,0,0,0,0,0,0,0,398528,128,625,1478,752088875,3460379158,740288,0
1732,1116992,0,0,0,4096,10048,315200,411200,376448,354816,757504,0,1280,309952,0,0,0,0,0,0,0,0,0,0,0,0,0,0,411008,192,625,1474,2480715170,221476660,747456,0
1733,1116992,0,0,0,4160,9920,381248,468352,253312,232128,880512,0,1344,375936,0,0,0,0,0,0,0,0,0,0,0,0,0,0,468160,192,626,1479,1545891034,3895789566,870592,0
1734,1116928,0,0,0,4096,9600,296832,400000,406400,385344,727424,0,1344,291456,0,0,0,0,0,0,0,0,0,0,0,0,0,0,399872,128,625,1484,3561126151,4205687587,717824,0
1735,1116928,0,0,0,4032,9472,295488,411328,396608,375168,737472,0,1280,290112,0,0,0,0,0,0,0,0,0,0,0,0,0,0,411136,192,624,1493,2350989255,3791126194,728000,0
1736,1116672,0,0,0,4160,10880,302336,444032,355264,334080,778368,0,1280,296960,0,0,0,0,0,0,0,0,0,0,0,0,0,0,443840,192,613,1478,3765744870,1648743697,767488,0
1737,1117440,0,0,0,6272,9600,297344,398016,406208,384320,728832,0,1344,292096,0,0,0,0,0,0,0,0,0,0,0,0,0,0,397824,192,607,1474,464015899,282005832,719232,0
1738,1116480,0,0,0,6144,9280,306048,419392,375616,354240,757888,0,1280,300608,0,0,0,0,0,0,0,0,0,0,0,0,0,0,419200,192,596,1450,1745177177,1163885844,748608,0
1739,1116800,0,0,0,6208,9344,335872,410176,355200,333888,778624,0,1344,330624,0,0,0,0,0,0,0,0,0,0,0,0,0,0,409920,256,604,1464,205904440,2695817445,769280,0
1740,1116544,0,0,0,4096,9536,435392,406528,260992,240128,872128,0,1408,430080,0,0,0,0,0,0,0,0,0,0,0,0,0,0,406336,192,611,1469,1313999013,656885430,862592,0
1741,1116928,0,0,0,4032,9408,326848,398976,377664,356224,756416,0,1280,321600,0,0,0,0,0,0,0,0,0,0,0,0,0,0,398784,192,604,1453,2444810878,1240010307,747008,0
1742,1116992,0,0,0,4032,9600,293248,399360,410752,383872,728768,0,1280,288000,0,0,0,0,0,0,0,0,0,0,0,0,0,0,399168,192,615,1468,3551475434,2292078635,719168,0
1743,1117056,0,0,0,4032,9408,296384,389056,418176,396608,716288,0,1344,291072,0,0,0,0,0,0,0,0,0,0,0,0,0,0,388864,192,617,1475,3925631286,3348071728,706880,0
1744,1116864,0,0,0,3968,9472,317760,461184,324480,302784,809920,0,1408,312512,0,0,0,0,0,0,0,0,0,0,0,0,0,0,460992,192,613,1456,2242764274,2492461864,800448,0
1745,1117184,0,0,0,4032,9600,311232,401472,390848,369152,743872,0,1344,306048,0,0,0,0,0,0,0,0,0,0,0,0,0,0,401344,128,614,1474,2359534246,4232747124,734272,0
1746,1116416,0,0,0,4096,9728,317312,389440,395840,374336,737792,0,1344,312128,0,0,0,0,0,0,0,0,0,0,0,0,0,0,389312,128,612,1471,556271112,3493932745,728064,0
1747,1116928,0,0,0,18944,9792,558528,465152,64512,43264,1069120,0,1280,553344,0,0,0,0,0,0,0,0,0,0,0,0,0,0,465024,128,635,1531,4013846531,882839448,1059328,0
1748,1117376,0,0,0,4224,9984,333120,464256,305792,283968,828736,0,1280,327936,0,0,0,0,0,0,0,0,0,0,0,0,0,0,464128,128,632,1519,2291902533,3137561781,818752,0
1749,1116224,0,0,0,4160,9984,351616,437760,312704,291776,819712,0,1344,346112,0,0,0,0,0,0,0,0,0,0,0,0,0,0,437568,192,634,1507,3164973269,3832271757,809728,0
1750,1117056,0,0,0,4224,9920,329856,434944,338112,316864,795584,0,1280,324416,0,0,0,0,0,0,0,0,0,0,0,0,0,0,434816,128,618,1481,4015348959,3409906943,785664,0
1751,1116864,0,0,0,9408,11584,480384,493312,122176,100544,1011648,0,1408,475200,0,0,0,0,0,0,0,0,0,0,0,0,0,0,493120,192,606,1467,112048815,1270669844,1000064,0
1752,1677568,0,0,0,16128,10432,694016,639360,317632,295936,1376768,0,1408,688768,0,0,0,0,0,0,0,0,0,0,0,0,0,0,639232,128,649,1591,3967103100,3311131563,1366336,0
1753,1116480,0,0,0,4224,10240,505856,543680,52480,26496,1085120,0,1280,500416,0,0,0,0,0,0,0,0,0,0,0,0,0,0,543552,128,640,1555,356698670,38109567,1074880,0
1754,1677056,0,0,0,4288,10048,542528,546432,573760,547584,1124672,0,1408,536960,0,0,0,0,0,0,0,0,0,0,0,0,0,0,546240,192,631,1541,2550886666,2999027207,1114624,0
1755,1676992,0,0,0,4288,10048,588480,514432,559744,533632,1138496,0,1280,583296,0,0,0,0,0,0,0,0,0,0,0,0,0,0,514240,192,632,1536,996576500,1142937037,1128448,0
1756,1676992,0,0,0,6848,9920,556352,534272,569600,543808,1128320,0,1408,550912,0,0,0,0,0,0,0,0,0,0,0,0,0,0,534144,128,629,1526,2175975145,2304681326,1118400,0
1757,1677184,0,0,0,5696,25344,549248,538112,558784,532928,1139072,0,1280,544000,0,0,0,0,0,0,0,0,0,0,0,0,0,0,537920,192,630,1536,2175995294,2898554844,1113728,0
1758,1677568,0,0,0,10816,25024,791360,649472,200896,168192,1504448,0,1344,785856,0,0,0,0,0,0,0,0,0,0,0,0,0,0,649280,192,640,1529,1165017568,4223049658,1479424,0
1759,1116480,0,0,0,14272,30528,476096,544448,51136,14464,1092288,0,3264,465856,0,0,0,0,0,0,0,0,0,0,0,0,0,0,544320,128,639,1529,3735852131,3574519821,1061760,0
1760,1677056,0,0,0,22080,27584,669312,506048,452032,412096,1258048,0,1536,660480,0,0,0,0,0,0,0,0,0,0,0,0,0,0,505856,192,629,1534,3991695753,4204915734,1230464,0
1761,1116800,0,0,0,4672,24704,371456,541824,174144,148544,963648,0,1344,366080,0,0,0,0,0,0,0,0,0,0,0,0,0,0,541696,128,640,1557,2688660724,1263127857,938944,0
1762,1116992,0,0,0,4544,24704,476224,543168,68352,42048,1070272,0,1408,470784,0,0,0,0,0,0,0,0,0,0,0,0,0,0,543040,128,623,1517,4200650278,1062538584,1045568,0
1763,1117056,0,0,0,4544,10880,462784,514240,124608,98048,1014528,0,1408,457664,0,0,0,0,0,0,0,0,0,0,0,0,0,0,514048,192,614,1515,906840338,1839356006,1003648,0
1764,1116672,0,0,0,4608,9856,507840,540608,53760,27712,1084480,0,1408,502400,0,0,0,0,0,0,0,0,0,0,0,0,0,0,540480,128,632,1522,1633946049,3104217350,1074624,0
1765,1116864,0,0,0,4544,9600,503936,516672,82112,55936,1056384,0,1408,498560,0,0,0,0,0,0,0,0,0,0,0,0,0,0,516544,128,634,1546,1642007604,2056627077,1046784,0
1766,1116608,0,0,0,4608,10048,506752,468544,126656,100672,1011328,0,1344,501312,0,0,0,0,0,0,0,0,0,0,0,0,0,0,468352,192,634,1535,1631111810,2117713161,1001280,0
1767,1677184,0,0,0,9024,9792,582848,508096,567424,541312,1131392,0,1344,577536,0,0,0,0,0,0,0,0,0,0,0,0,0,0,507968,128,640,1528,2696680488,2992732213,1121600,0
1768,1116544,0,0,0,4480,9536,448960,465664,187904,166592,945664,0,1344,443648,0,0,0,0,0,0,0,0,0,0,0,0,0,0,465472,192,634,1513,1944674117,3661675695,936128,0
1769,1116736,0,0,0,5632,9536,440960,412736,247872,226752,885568,0,1280,435392,0,0,0,0,0,0,0,0,0,0,0,0,0,0,412608,128,648,1531,702336284,1490139777,876032,0
1770,1117248,0,0,0,6656,9792,374080,403072,323648,302144,810688,0,1344,368704,0,0,0,0,0,0,0,0,0,0,0,0,0,0,402944,128,642,1526,3667876518,3805947574,800896,0
1771,1116864,0,0,0,7296,9664,403456,398208,298240,276928,835584,0,1344,398272,0,0,0,0,0,0,0,0,0,0,0,0,0,0,398016,192,588,1471,1832422469,3203361081,825920,0
1772,1116672,0,0,0,6592,9600,381824,362112,356544,334848,777344,0,1280,376640,0,0,0,0,0,0,0,0,0,0,0,0,0,0,361920,192,534,1329,1903857119,1301324658,767744,0
1773,1115584,0,0,0,5696,9472,397760,489664,212992,193600,917568,0,1344,392320,0,0,0,0,0,0,0,0,0,0,0,0,0,0,489472,192,538,1351,3371943035,1090020810,908096,0
1774,1116672,0,0,0,4288,9408,381568,388800,332608,307392,805056,0,1408,376192,0,0,0,0,0,0,0,0,0,0,0,0,0,0,388608,192,547,1373,305145801,867941707,795648,0
1775,1116992,0,0,0,4352,9280,361024,376000,366336,346880,765952,0,1280,355648,0,0,0,0,0,0,0,0,0,0,0,0,0,0,375872,128,550,1368,3650776706,2858883407,756672,0
1776,1116800,0,0,0,4352,9600,366144,381632,355072,335552,777024,0,1344,360832,0,0,0,0,0,0,0,0,0,0,0,0,0,0,381440,192,538,1338,3324549876,1357735640,767424,0
1777,1117056,0,0,0,4352,9472,496896,396928,209408,189952,922944,0,1280,491584,0,0,0,0,0,0,0,0,0,0,0,0,0,0,396736,192,553,1349,1252087716,158359777,913472,0
1778,1118272,0,0,0,4352,10688,402368,384704,316160,295296,818752,0,1280,397184,0,0,0,0,0,0,0,0,0,0,0,0,0,0,384576,128,540,1331,487997010,1476321326,808064,0
1779,1117056,0,0,0,5120,9344,396160,396672,309760,288448,824448,0,1408,390976,0,0,0,0,0,0,0,0,0,0,0,0,0,0,396480,192,542,1337,2838223190,3375263974,815104,0
1780,1116800,0,0,0,5376,9600,407616,409600,284608,263680,848832,0,1280,402304,0,0,0,0,0,0,0,0,0,0,0,0,0,0,409472,128,548,1344,1117280533,1221668896,839232,0
1781,1117056,0,0,0,6400,9472,407296,400192,293696,272256,840576,0,1280,401856,0,0,0,0,0,0,0,0,0,0,0,0,0,0,400000,192,539,1330,4263522835,991152277,831104,0
1782,1116800,0,0,0,5504,9792,390208,402048,309248,287552,824960,0,1280,385024,0,0,0,0,0,0,0,0,0,0,0,0,0,0,401856,192,540,1330,4208436386,3178486141,815168,0
1783,1117056,0,0,0,4160,9536,425344,404480,273536,252096,860736,0,1280,420224,0,0,0,0,0,0,0,0,0,0,0,0,0,0,404352,128,539,1321,264647639,173167283,851200,0
1784,1116800,0,0,0,6400,9472,408576,394752,297600,276608,835904,0,1344,403264,0,0,0,0,0,0,0,0,0,0,0,0,0,0,394560,192,528,1311,2100186667,4038955540,826432,0
1785,1117696,0,0,0,6400,10048,463232,407616,230400,208576,904832,0,1408,457920,0,0,0,0,0,0,0,0,0,0,0,0,0,0,407488,128,548,1341,2151131551,1794231974,894784,0
1786,1115968,0,0,0,7104,9728,423552,420480,255104,233664,877888,0,1344,418368,0,0,0,0,0,0,0,0,0,0,0,0,0,0,420352,128,548,1340,1568148593,2108832378,868160,0
1787,1117120,0,0,0,6208,24256,402752,414208,269696,248448,864320,0,1344,397568,0,0,0,0,0,0,0,0,0,0,0,0,0,0,414080,128,545,1337,1646919539,2168682190,840064,0
1788,1116672,0,0,0,5312,9344,396736,413376,291904,270656,841856,0,1344,391488,0,0,0,0,0,0,0,0,0,0,0,0,0,0,413248,128,540,1333,4085085172,379420300,832512,0
1789,1117056,0,0,0,3968,9472,416192,415360,272064,250432,862400,0,1344,410624,0,0,0,0,0,0,0,0,0,0,0,0,0,0,415168,192,536,1325,2211815090,3377685795,852928,0
1790,1116608,0,0,0,6080,9280,385920,395968,319360,289792,822592,0,1344,380544,0,0,0,0,0,0,0,0,0,0,0,0,0,0,395840,128,526,1317,1099167215,1691897836,813312,0
1791,1117312,0,0,0,9536,9536,560960,465792,71488,50176,1062912,0,1344,555520,0,0,0,0,0,0,0,0,0,0,0,0,0,0,465600,192,555,1378,2770882076,787467187,1053376,0
1792,1116672,0,0,0,3968,9728,399104,440320,263552,242240,870208,0,1344,393792,0,0,0,0,0,0,0,0,0,0,0,0,0,0,440192,128,538,1345,152721229,3556525563,860480,0
1793,1117184,0,0,0,3904,11008,395840,438336,268096,244864,868032,0,1280,390336,0,0,0,0,0,0,0,0,0,0,0,0,0,0,438208,128,549,1368,669131764,2283422638,857024,0
1794,1116672,0,0,0,4032,9408,390720,439680,272832,251456,860992,0,1472,385536,0,0,0,0,0,0,0,0,0,0,0,0,0,0,439488,192,547,1366,2283320273,228261314,851584,0
1795,1116608,0,0,0,3968,9792,377280,437184,288384,267072,845312,0,1344,371840,0,0,0,0,0,0,0,0,0,0,0,0,0,0,436992,192,542,1357,235221241,1764654291,835520,0
1796,1117056,0,0,0,5952,9792,380096,434432,286784,265600,847232,0,1344,374720,0,0,0,0,0,0,0,0,0,0,0,0,0,0,434304,128,542,1360,2989111564,41172011,837440,0
1797,1117440,0,0,0,6208,9664,388992,406400,306176,284416,828736,0,1280,383680,0,0,0,0,0,0,0,0,0,0,0,0,0,0,406208,192,531,1322,1800937747,1737052816,819072,0
1798,1116608,0,0,0,2688,9536,367104,412032,325248,303872,808512,0,1344,361728,0,0,0,0,0,0,0,0,0,0,0,0,0,0,411840,192,545,1334,2218003230,958420245,798976,0
1799,1116672,0,0,0,2688,9600,357952,409280,337152,315904,796608,0,1344,352704,0,0,0,0,0,0,0,0,0,0,0,0,0,0,409152,128,532,1314,679770555,12709507,787008,0
1800,1677120,0,0,0,2560,9536,415360,865984,383680,362304,1310592,0,1408,410048,0,0,0,0,0,0,0,0,0,0,0,0,0,0,865792,192,529,1306,1551799828,2820907914,1301056,0
1801,1677440,0,0,0,3456,9664,444864,841088,378368,356736,1316544,0,1344,439424,0,0,0,0,0,0,0,0,0,0,0,0,0,0,840960,128,517,1289,3245009155,1339530557,1306880,0
1802,1116736,0,0,0,2688,9536,341184,393088,370240,349120,763456,0,1344,335808,0,0,0,0,0,0,0,0,0,0,0,0,0,0,392896,192,532,1310,1538744193,123765510,753920,0
1803,1116672,0,0,0,2560,9536,347648,396288,360640,339136,773248,0,1280,342272,0,0,0,0,0,0,0,0,0,0,0,0,0,0,396096,192,534,1312,229039663,59089034,763712,0
1804,1116672,0,0,0,9728,9664,487232,417728,192320,170816,941696,0,1408,481856,0,0,0,0,0,0,0,0,0,0,0,0,0,0,417536,192,538,1325,3293421158,1052666214,932032,0
1805,1116928,0,0,0,3968,9408,348224,403712,351616,330304,782400,0,1344,342912,0,0,0,0,0,0,0,0,0,0,0,0,0,0,403584,128,529,1306,3896766453,693527992,772992,0
1806,1116992,0,0,0,3968,9408,349120,398208,356288,329280,783552,0,1344,343872,0,0,0,0,0,0,0,0,0,0,0,0,0,0,398016,192,521,1295,2653014055,512125732,774144,0
1807,1116800,0,0,0,3968,9408,353728,400640,349056,327936,784640,0,1280,348416,0,0,0,0,0,0,0,0,0,0,0,0,0,0,400448,192,537,1319,22604229,2213237538,775232,0
1808,1116928,0,0,0,3904,10560,340864,400128,361472,340160,772608,0,1280,335616,0,0,0,0,0,0,0,0,0,0,0,0,0,0,400000,128,532,1310,4046480478,456764304,762048,0
1809,1116608,0,0,0,9600,9472,487360,433728,176448,155136,957120,0,1408,482048,0,0,0,0,0,0,0,0,0,0,0,0,0,0,433600,128,551,1370,3570231896,1224999222,947648,0
1810,1116928,0,0,0,4096,9344,354240,435456,313792,292288,820480,0,1344,348992,0,0,0,0,0,0,0,0,0,0,0,0,0,0,435328,128,546,1360,1050421571,3514325257,811136,0
1811,1116992,0,0,0,4224,9344,402560,437952,262912,241536,871232,0,1344,397056,0,0,0,0,0,0,0,0,0,0,0,0,0,0,437760,192,542,1353,3801858748,470407456,861888,0
1812,1116736,0,0,0,4160,9344,386112,431936,285184,264256,848384,0,1344,380736,0,0,0,0,0,0,0,0,0,0,0,0,0,0,431744,192,535,1339,3481767161,4266744920,839040,0
1813,1116864,0,0,0,4096,9536,369728,429568,303936,282624,830016,0,1344,364480,0,0,0,0,0,0,0,0,0,0,0,0,0,0,429376,192,539,1344,3541060382,2673137762,820480,0
1814,1677184,0,0,0,4288,24448,621248,502656,524544,503040,1169920,0,1344,615936,0,0,0,0,0,0,0,0,0,0,0,0,0,0,502464,192,569,1415,2090329787,2734360385,1145472,0
1815,1116736,0,0,0,4352,9280,415936,440768,246400,225280,887232,0,1344,410432,0,0,0,0,0,0,0,0,0,0,0,0,0,0,440576,192,546,1348,72423734,3927114582,877952,0
1816,1117312,0,0,0,4288,24128,415872,440896,232128,210304,902720,0,1408,410688,0,0,0,0,0,0,0,0,0,0,0,0,0,0,440704,192,558,1383,2253447799,2629944628,878592,0
1817,1116672,0,0,0,4288,24128,418880,436736,232640,211264,901120,0,1280,413568,0,0,0,0,0,0,0,0,0,0,0,0,0,0,436544,192,557,1382,1149588251,3076802287,876992,0
1818,1116736,0,0,0,4288,9664,445568,466240,190976,169792,942784,0,1408,440064,0,0,0,0,0,0,0,0,0,0,0,0,0,0,466048,192,551,1381,1469479777,895643167,933120,0
1819,1116928,0,0,0,5440,9664,405824,450368,245632,224256,888384,0,1408,400576,0,0,0,0,0,0,0,0,0,0,0,0,0,0,450240,128,550,1373,2794481699,149921759,878720,0
1820,1116864,0,0,0,6336,9728,426816,403392,270592,249280,863104,0,1344,421568,0,0,0,0,0,0,0,0,0,0,0,0,0,0,403264,128,518,1299,2851733624,696545585,853376,0
1821,1116928,0,0,0,7104,9792,498560,476800,124672,103424,1008960,0,1408,493120,0,0,0,0,0,0,0,0,0,0,0,0,0,0,476608,192,520,1308,2880282603,2178946387,999168,0
1822,1116864,0,0,0,7232,9600,408128,421696,270208,243392,869184,0,1344,402880,0,0,0,0,0,0,0,0,0,0,0,0,0,0,421568,128,580,1441,2770932677,2383753781,859584,0
1823,1116992,0,0,0,5312,11008,425408,404928,270336,248704,864000,0,1408,419968,0,0,0,0,0,0,0,0,0,0,0,0,0,0,404736,192,589,1443,532082302,1226017317,852992,0
1824,1116800,0,0,0,4096,9408,448256,464128,190912,169664,942912,0,1280,442880,0,0,0,0,0,0,0,0,0,0,0,0,0,0,463936,192,613,1470,3904943824,332485986,933504,0
1825,1116864,0,0,0,4032,9792,396992,404928,301120,279680,832960,0,1344,391616,0,0,0,0,0,0,0,0,0,0,0,0,0,0,404736,192,603,1445,3895225248,1434971834,823168,0
1826,1116800,0,0,0,6208,9472,391040,406464,303616,282368,830144,0,1344,385920,0,0,0,0,0,0,0,0,0,0,0,0,0,0,406272,192,602,1452,1809872733,3143348115,820672,0
1827,1116992,0,0,0,6400,9344,373376,407168,320704,299456,813184,0,1280,368192,0,0,0,0,0,0,0,0,0,0,0,0,0,0,406976,192,611,1469,2361121338,4031680038,803840,0
1828,1116864,0,0,0,3904,9088,364224,396608,343040,321856,790784,0,1344,358976,0,0,0,0,0,0,0,0,0,0,0,0,0,0,396416,192,600,1459,2169168915,417156165,781696,0
1829,1116928,0,0,0,3968,9408,365376,383296,354880,333440,779264,0,1280,360000,0,0,0,0,0,0,0,0,0,0,0,0,0,0,383168,128,600,1455,3789102108,2599324246,769856,0
1830,1116800,0,0,0,4032,9536,360128,383872,359232,338112,774464,0,1344,354816,0,0,0,0,0,0,0,0,0,0,0,0,0,0,383744,128,611,1452,1397634378,3233886761,764928,0
1831,1116864,0,0,0,4032,9216,361088,384448,358080,337024,775680,0,1408,355648,0,0,0,0,0,0,0,0,0,0,0,0,0,0,384256,192,604,1442,3940822994,3587540016,766464,0
1832,1117056,0,0,0,3968,9344,362816,384576,356352,334848,778048,0,1344,357632,0,0,0,0,0,0,0,0,0,0,0,0,0,0,384448,128,614,1458,3901261492,1036885933,768704,0
1833,1676864,0,0,0,3968,9536,454208,827840,381312,360192,1312448,0,1344,448896,0,0,0,0,0,0,0,0,0,0,0,0,0,0,827648,192,619,1475,2391071142,2361292873,1302912,0
1834,1116992,0,0,0,3968,9472,388928,384320,330304,309056,803712,0,1280,383552,0,0,0,0,0,0,0,0,0,0,0,0,0,0,384128,192,610,1454,597923872,3779439325,794240,0
1835,1116864,0,0,0,4608,9536,535680,420608,146432,124992,987584,0,1408,530368,0,0,0,0,0,0,0,0,0,0,0,0,0,0,420480,128,611,1449,4234262338,3690643520,978048,0
1836,1117056,0,0,0,4096,9408,408704,384000,310848,289600,823232,0,1408,403456,0,0,0,0,0,0,0,0,0,0,0,0,0,0,383808,192,621,1479,695078961,1440064703,813824,0
1837,1116992,0,0,0,15488,9408,606336,415424,70336,48832,1063808,0,1344,601088,0,0,0,0,0,0,0,0,0,0,0,0,0,0,415296,128,624,1482,1692205537,4130570721,1054400,0
1838,1116608,0,0,0,4160,10816,387328,418560,295744,268736,843520,0,1344,382144,0,0,0,0,0,0,0,0,0,0,0,0,0,0,418432,128,628,1487,2589420364,1118393409,832704,0
1839,1116736,0,0,0,5184,9408,333888,384960,383296,362112,750400,0,1344,328512,0,0,0,0,0,0,0,0,0,0,0,0,0,0,384768,192,625,1489,1138754847,3920574070,740992,0
1840,1116672,0,0,0,6208,9472,317632,379456,403904,382592,729856,0,1344,312320,0,0,0,0,0,0,0,0,0,0,0,0,0,0,379264,192,622,1492,342679225,1921099877,720384,0
1841,1117056,0,0,0,6848,9472,354496,379392,366848,345280,767360,0,1408,349248,0,0,0,0,0,0,0,0,0,0,0,0,0,0,379200,192,629,1501,1395492818,3107964752,757888,0
1842,1116800,0,0,0,6144,9792,337664,379520,383680,362112,750400,0,1344,332288,0,0,0,0,0,0,0,0,0,0,0,0,0,0,379328,192,629,1510,546750431,2692388709,740608,0
1843,1116672,0,0,0,5440,9728,318144,392960,390400,368704,743680,0,1408,312832,0,0,0,0,0,0,0,0,0,0,0,0,0,0,392768,192,626,1495,2596306001,4253547923,733952,0
1844,1117056,0,0,0,4928,9408,430912,426112,245696,224320,888384,0,1344,425536,0,0,0,0,0,0,0,0,0,0,0,0,0,0,425920,192,632,1540,3088671879,54976636,878976,0
1845,1116800,0,0,0,4032,9344,358144,488960,256320,234816,877824,0,1344,353024,0,0,0,0,0,0,0,0,0,0,0,0,0,0,488768,192,622,1509,3337738752,179024196,868480,0
1846,1675456,0,0,0,8512,9344,663104,501952,492544,472640,1198464,0,1280,657856,0,0,0,0,0,0,0,0,0,0,0,0,0,0,501760,192,653,1558,2348293933,4071643063,1189120,0
1847,1116800,0,0,0,10176,24320,341824,470272,270208,250496,861952,0,1408,336320,0,0,0,0,0,0,0,0,0,0,0,0,0,0,470144,128,638,1542,508207529,1529196765,837632,0
1848,1117120,0,0,0,5952,9344,439680,482240,179904,160064,952768,0,1344,434240,0,0,0,0,0,0,0,0,0,0,0,0,0,0,482048,192,639,1542,546008640,1499766613,943424,0
1849,1116864,0,0,0,8064,9536,324352,464576,310336,291008,821312,0,1344,319040,0,0,0,0,0,0,0,0,0,0,0,0,0,0,464384,192,636,1530,275068514,2336245265,811776,0
1850,1116992,0,0,0,10944,9472,396096,362688,337792,318080,794368,0,1344,390784,0,0,0,0,0,0,0,0,0,0,0,0,0,0,362496,192,501,1230,3502942009,4110658035,784896,0
1851,1116800,0,0,0,5760,9216,275328,324352,502144,482112,630464,0,1408,270016,0,0,0,0,0,0,0,0,0,0,0,0,0,0,324160,192,511,1253,1100705006,641854315,621248,0
1852,1116928,0,0,0,7808,9216,251456,324352,524096,504256,608448,0,1408,246272,0,0,0,0,0,0,0,0,0,0,0,0,0,0,324224,128,507,1246,1176073268,2213997403,599232,0
1853,1116992,0,0,0,8256,10432,249280,323264,525760,505728,607040,0,1408,243904,0,0,0,0,0,0,0,0,0,0,0,0,0,0,323136,128,497,1229,2596210127,2478086860,596608,0
1854,1116608,0,0,0,6912,9408,261184,323136,515968,490752,621504,0,1984,254848,0,0,0,0,0,0,0,0,0,0,0,0,0,0,323008,128,489,1205,181718310,655223321,612096,0
1855,1117120,0,0,0,5696,9472,249408,324672,527872,508416,604352,0,1280,244032,0,0,0,0,0,0,0,0,0,0,0,0,0,0,324480,192,485,1203,1402338034,1756710324,594880,0
1856,1116800,0,0,0,5632,9280,268544,323264,510080,490496,622016,0,1408,263360,0,0,0,0,0,0,0,0,0,0,0,0,0,0,323136,128,483,1196,3445835415,857090179,612736,0
1857,1117504,0,0,0,5568,9536,252288,322368,527744,507712,605568,0,1344,247040,0,0,0,0,0,0,0,0,0,0,0,0,0,0,322240,128,481,1192,4173273319,3810498836,596032,0
1858,1116288,0,0,0,5696,9472,246400,322368,532352,512960,599040,0,1408,241216,0,0,0,0,0,0,0,0,0,0,0,0,0,0,322240,128,480,1193,4292092138,1273932388,589568,0
1859,1117632,0,0,0,5632,9152,319616,353216,430016,409792,703680,0,1408,314304,0,0,0,0,0,0,0,0,0,0,0,0,0,0,353088,128,473,1177,3674327329,3048840198,694528,0
1860,1116352,0,0,0,5632,9408,404352,324480,372480,353024,759040,0,1344,398976,0,0,0,0,0,0,0,0,0,0,0,0,0,0,324288,192,458,1144,384611484,1685945426,749632,0
1861,1117056,0,0,0,5632,9600,236032,324416,541376,521728,591104,0,1280,230848,0,0,0,0,0,0,0,0,0,0,0,0,0,0,324288,128,462,1149,964294712,1116342938,581504,0
1862,1116992,0,0,0,5632,9344,266944,322496,512576,492608,620160,0,1344,261504,0,0,0,0,0,0,0,0,0,0,0,0,0,0,322368,128,461,1147,3496482519,3706556603,610816,0
1863,1116672,0,0,0,7808,24768,377600,349120,357376,337920,774400,0,1408,372224,0,0,0,0,0,0,0,0,0,0,0,0,0,0,348928,192,469,1140,1332416153,3519004636,749632,0
1864,1116992,0,0,0,7616,24576,254080,324416,506304,486592,626112,0,1344,248896,0,0,0,0,0,0,0,0,0,0,0,0,0,0,324288,128,481,1163,3764459668,3354233375,601536,0
1865,1116736,0,0,0,6336,24192,603520,374528,108160,88576,1023808,0,1408,598080,0,0,0,0,0,0,0,0,0,0,0,0,0,0,374272,256,467,1131,593631634,3785160487,999616,0
1866,1117440,0,0,0,4288,9408,566656,407168,129920,109888,1003264,0,1408,561344,0,0,0,0,0,0,0,0,0,0,0,0,0,0,407040,128,476,1163,1385387486,1248617340,993856,0
1867,1678144,0,0,0,19904,9856,578816,992320,77248,38336,1635264,0,1344,573504,0,0,0,0,0,0,0,0,0,0,0,17856,0,0,992128,192,496,1250,2563991807,979671272,1625408,0
1868,1677056,0,0,0,5888,10880,521600,709696,428992,407616,1265152,0,1408,516160,0,0,0,0,0,0,0,0,0,0,0,0,0,0,709504,192,485,1204,784056576,3256784924,1254272,0
1869,1116672,0,0,0,5888,9728,481856,479104,140096,118912,993472,0,1280,476672,0,0,0,0,0,0,0,0,0,0,0,0,0,0,478912,192,501,1238,1505831383,972551207,983744,0
1870,1116800,0,0,0,5952,9536,594816,464640,41856,20224,1092352,0,1408,589440,0,0,0,0,0,0,0,0,0,0,0,0,0,0,464512,128,502,1226,3598726552,3831876486,1082816,0
1871,1116928,0,0,0,8064,9920,528000,467264,103680,76160,1036416,0,1280,522752,0,0,0,0,0,0,0,0,0,0,0,0,0,0,467136,128,491,1228,3671251157,1042116420,1026496,0
1872,1677056,0,0,0,7872,9984,671360,498816,489024,467712,1204864,0,1408,666368,0,0,0,0,0,0,0,0,0,0,0,0,0,0,498624,192,575,1422,3449030313,4173666844,1194880,0
1873,1115456,0,0,0,7296,9344,613952,432000,52864,33472,1077696,0,1280,608576,0,0,0,0,0,0,0,0,0,0,0,0,0,0,431872,128,585,1413,4264017736,3255991830,1068352,0
1874,1117056,0,0,0,6976,9408,598016,453376,49280,29376,1083392,0,1408,592768,0,0,0,0,0,0,0,0,0,0,0,0,0,0,453184,192,610,1464,1315862656,1363189039,1073984,0
1875,1676800,0,0,0,14208,24832,788160,741120,108480,87040,1585344,0,1344,783040,0,0,0,0,0,0,0,0,0,0,0,0,0,0,740928,192,567,1411,2884977556,2374860329,1560512,0
1876,1116864,0,0,0,6208,24832,498304,460416,127104,107456,1005120,0,1408,493184,0,0,0,0,0,0,0,0,0,0,0,0,0,0,460224,192,563,1403,2299952624,327265892,980288,0
1877,1116928,0,0,0,12288,23936,491968,458752,129984,110208,1002432,0,1280,486720,0,0,0,0,0,0,0,0,0,0,0,0,0,0,458560,192,569,1410,3420779485,2698246865,978496,0
1878,1116928,0,0,0,6144,9408,415104,454272,232000,212160,900608,0,1280,409856,0,0,0,0,0,0,0,0,0,0,0,0,0,0,454144,128,567,1419,1405665602,3854185689,891200,0
1879,1116928,0,0,0,8192,9856,458560,465408,174912,155264,957248,0,1280,453184,0,0,0,0,0,0,0,0,0,0,0,0,0,0,465216,192,582,1438,485455481,2945707327,947392,0
1880,1116736,0,0,0,8832,9792,484800,466944,146368,127040,985152,0,1344,479488,0,0,0,0,0,0,0,0,0,0,0,0,0,0,466816,128,583,1405,1879218993,1150712990,975360,0
1881,1116992,0,0,0,7040,9600,497088,476096,127168,107328,1005248,0,1408,491712,0,0,0,0,0,0,0,0,0,0,0,0,0,0,475904,192,603,1436,1106265542,1588774506,995648,0
1882,1117056,0,0,0,5952,10688,430656,438464,231296,211520,901248,0,1344,425408,0,0,0,0,0,0,0,0,0,0,0,0,0,0,438272,192,589,1409,1491055833,2724998330,890560,0
1883,1116800,0,0,0,6016,9344,475392,442240,183808,164032,948544,0,1344,470144,0,0,0,0,0,0,0,0,0,0,0,0,0,0,442048,192,599,1428,3310373044,2805355435,939200,0
1884,1116864,0,0,0,5952,9408,443904,457216,200384,180608,931904,0,1280,438656,0,0,0,0,0,0,0,0,0,0,0,0,0,0,457024,192,596,1426,1151656218,1715086048,922496,0
1885,1116992,0,0,0,6528,9408,536832,429184,135040,115392,997312,0,1408,531520,0,0,0,0,0,0,0,0,0,0,0,0,0,0,429056,128,573,1390,2979404488,1014754072,987904,0
1886,1116864,0,0,0,8320,9536,494272,428864,175872,156096,956480,0,1280,488960,0,0,0,0,0,0,0,0,0,0,0,0,0,0,428736,128,554,1363,4246332229,2217720566,946944,0
1887,1116736,0,0,0,8256,9536,469952,428864,200128,174656,937600,0,1344,464704,0,0,0,0,0,0,0,0,0,0,0,0,0,0,428736,128,581,1413,3498790584,3675562970,928064,0
1888,1116992,0,0,0,7360,9792,461888,423872,214080,192704,919936,0,1280,456576,0,0,0,0,0,0,0,0,0,0,0,0,0,0,423744,128,609,1450,126288687,3349003492,910144,0
1889,1677056,0,0,0,6080,9664,466816,1125504,68992,49600,1623168,0,1280,461632,0,0,0,0,0,0,0,0,0,0,0,0,0,0,1125376,128,613,1454,3669775299,4220270941,1613504,0
1890,1116672,0,0,0,8256,9728,500416,422208,176064,156672,955520,0,1344,494976,0,0,0,0,0,0,0,0,0,0,0,0,0,0,422080,128,613,1445,239866811,3935671552,945792,0
1891,1116736,0,0,0,7488,9664,494400,422592,182592,163008,949248,0,1408,489024,0,0,0,0,0,0,0,0,0,0,0,0,0,0,422464,128,598,1432,3012987814,2345326578,939584,0
1892,1117056,0,0,0,7104,9216,514432,421696,164608,145024,967808,0,1408,509120,0,0,0,0,0,0,0,0,0,0,0,0,0,0,421504,192,609,1446,1210721023,1398044226,958592,0
1893,1117056,0,0,0,8064,9536,525120,421952,152384,132480,980224,0,1408,519744,0,0,0,0,0,0,0,0,0,0,0,0,0,0,421760,192,572,1390,4100493394,555675175,970688,0
1894,1116928,0,0,0,8128,9600,520128,423232,155840,135680,976768,0,1344,514816,0,0,0,0,0,0,0,0,0,0,0,0,0,0,423040,192,592,1426,1319133248,3290364778,967168,0
1895,1116544,0,0,0,7232,9536,514176,416768,168832,149184,963072,0,1344,508928,0,0,0,0,0,0,0,0,0,0,0,0,0,0,416576,192,623,1476,4268570060,1498969937,953536,0
1896,1116864,0,0,0,5888,9472,500608,414592,186304,166848,945792,0,1280,495360,0,0,0,0,0,0,0,0,0,0,0,0,0,0,414464,128,612,1469,3613607574,678570213,936320,0
1897,2237568,0,0,0,12096,16064,743168,1184384,281856,251328,1976704,0,2368,737024,0,0,0,0,0,0,0,0,0,0,0,0,0,0,1184192,192,638,1539,947293905,4279147497,1960640,0
1898,1676992,0,0,0,13440,24320,650048,944896,44288,19648,1652864,0,1344,644800,0,0,0,0,0,0,0,0,0,0,0,0,0,0,944768,128,658,1605,2679144491,1252140807,1628544,0
1899,1116992,0,0,0,6144,24896,419392,494464,172096,152256,960448,0,1344,414272,0,0,0,0,0,0,0,0,0,0,0,0,0,0,494336,128,638,1581,3733369250,1141959297,935552,0
1900,1677504,0,0,0,12544,24896,545984,531776,562304,542016,1130944,0,1408,540736,0,0,0,0,0,0,0,0,0,0,0,0,0,0,531584,192,648,1634,464676674,3011449902,1106048,0
1901,1116224,0,0,0,9344,9792,375168,513600,208320,186624,925120,0,1344,369984,0,0,0,0,0,0,0,0,0,0,0,0,0,0,513408,192,649,1644,1514604649,3873956826,915328,0
1902,1116864,0,0,0,7616,9920,387200,532032,180096,160512,951936,0,1280,381888,0,0,0,0,0,0,0,0,0,0,0,0,0,0,531904,128,655,1652,3118637271,1104856402,942016,0
1903,1116672,0,0,0,7872,9408,438592,577088,83712,58560,1053824,0,1344,433344,0,0,0,0,0,0,0,0,0,0,0,0,0,0,576896,192,659,1651,1477947868,753325120,1044416,0
1904,1117312,0,0,0,8320,9280,438208,492352,169152,148928,964032,0,1408,432960,0,0,0,0,0,0,0,0,0,0,0,0,0,0,492160,192,645,1617,1858206967,597437994,954752,0
1905,1116864,0,0,0,8640,9472,420096,470912,207744,188096,924288,0,1408,414848,0,0,0,0,0,0,0,0,0,0,0,0,0,0,470784,128,639,1585,3063315525,1845066485,914816,0
1906,1116992,0,0,0,10688,9408,399744,440384,256768,236480,876160,0,1280,394560,0,0,0,0,0,0,0,0,0,0,0,0,0,0,440192,192,637,1558,2601037607,3059256072,866752,0
1907,1116544,0,0,0,10944,24000,401344,476032,204224,184320,927872,0,1280,396096,0,0,0,0,0,0,0,0,0,0,0,0,0,0,475904,128,630,1537,1581447145,3158821094,903872,0
1908,1116608,0,0,0,5888,9216,336384,427840,337280,317632,794752,0,1344,331008,0,0,0,0,0,0,0,0,0,0,0,0,0,0,427648,192,635,1546,1923286501,2401908711,785536,0
1909,1116864,0,0,0,5888,9408,297088,427264,377216,357248,755392,0,1408,291776,0,0,0,0,0,0,0,0,0,0,0,0,0,0,427072,192,635,1546,282622683,1494274070,745984,0
1910,1116928,0,0,0,5952,9600,298304,459328,343744,324288,788352,0,1280,292928,0,0,0,0,0,0,0,0,0,0,0,0,0,0,459136,192,635,1551,2411886735,2914930321,778752,0
1911,1116864,0,0,0,5888,9600,296704,433920,370752,351104,761408,0,1344,291264,0,0,0,0,0,0,0,0,0,0,0,0,0,0,433728,192,639,1565,1438548569,3415539648,751808,0
1912,1117056,0,0,0,5888,10560,404224,429504,266880,246912,865856,0,1280,398848,0,0,0,0,0,0,0,0,0,0,0,0,0,0,429376,128,637,1557,577824564,3940713454,855296,0
1913,1116544,0,0,0,8000,9216,380608,430144,288576,268608,843712,0,1216,375296,0,0,0,0,0,0,0,0,0,0,0,0,0,0,429952,192,641,1575,2747058898,1004782996,834496,0
1914,1116992,0,0,0,7936,9280,346048,426048,327680,306112,806528,0,1344,340608,0,0,0,0,0,0,0,0,0,0,0,0,0,0,425920,128,627,1543,364522987,1480154818,797248,0
1915,1117248,0,0,0,7040,9600,409152,423360,268096,248320,864576,0,1344,403776,0,0,0,0,0,0,0,0,0,0,0,0,0,0,423168,192,642,1567,2149710650,449770721,854976,0
1916,1116544,0,0,0,10368,9600,443072,447488,206016,186112,926080,0,1344,437696,0,0,0,0,0,0,0,0,0,0,0,0,0,0,447360,128,622,1537,4294514885,447999594,916480,0
1917,1677504,0,0,0,14080,24768,775424,601792,261440,241472,1431488,0,1280,770112,0,0,0,0,0,0,0,0,0,0,0,0,0,0,601600,192,639,1573,3807357219,2595725351,1406720,0
1918,1116288,0,0,0,6016,24768,399552,553024,132928,110720,1001216,0,1472,394176,0,0,0,0,0,0,0,0,0,0,0,0,0,0,552832,192,642,1579,699673822,665474427,976448,0
1919,1116800,0,0,0,6016,24128,373056,533184,180416,154880,957760,0,1344,367616,0,0,0,0,0,0,0,0,0,0,0,0,0,0,532992,192,644,1587,4255384980,4104825905,933632,0
1920,1677056,0,0,0,11712,10112,588224,574272,492736,473024,1199296,0,1344,582848,0,0,0,0,0,0,0,0,0,0,0,0,0,0,574144,128,637,1566,581897853,677141701,1189184,0
1921,1117312,0,0,0,8192,9856,448576,589696,60992,41280,1071232,0,1408,443392,0,0,0,0,0,0,0,0,0,0,0,0,0,0,589504,192,625,1547,2907816685,3879865406,1061376,0
1922,1116672,0,0,0,8128,10176,440256,571200,86912,67200,1044672,0,1408,434816,0,0,0,0,0,0,0,0,0,0,0,0,0,0,571008,192,626,1552,2159491962,1629686321,1034496,0
1923,1116928,0,0,0,9152,10176,436736,546880,113984,94656,1017472,0,1408,431360,0,0,0,0,0,0,0,0,0,0,0,0,0,0,546688,192,623,1531,2404553639,1634039243,1007296,0
1924,1116928,0,0,0,8576,10176,399808,539648,158720,139200,973056,0,1408,394624,0,0,0,0,0,0,0,0,0,0,0,0,0,0,539456,192,639,1564,3862737175,1631678626,962880,0
1925,1116672,0,0,0,7744,10048,390272,523264,185344,165888,945920,0,1408,384576,0,0,0,0,0,0,0,0,0,0,0,0,0,0,523136,128,647,1567,390305408,1119185859,935872,0
1926,1117312,0,0,0,10496,11008,504448,518720,72640,51904,1060672,0,1344,499008,0,0,0,0,0,0,0,0,0,0,0,0,0,0,518528,192,626,1526,1820767752,52483317,1049664,0
1927,1116608,0,0,0,5888,9664,472128,501760,127168,107456,1004480,0,1344,466944,0,0,0,0,0,0,0,0,0,0,0,0,0,0,501568,192,631,1538,3373913871,942815568,994816,0
1928,1116864,0,0,0,5952,9792,478528,488640,133952,114368,997824,0,1344,473152,0,0,0,0,0,0,0,0,0,0,0,0,0,0,488448,192,635,1542,812009397,2118880352,988032,0
1929,1116928,0,0,0,8064,10112,477056,486400,135296,115648,996352,0,1472,471808,0,0,0,0,0,0,0,0,0,0,0,0,0,0,486272,128,619,1513,3895935627,3497445734,986240,0
1930,1117056,0,0,0,8000,10112,546432,513344,39168,19648,1092480,0,1344,541312,0,0,0,0,0,0,0,0,0,0,0,0,0,0,513152,192,618,1515,3566079716,4143038804,1082368,0
1931,2237824,0,0,0,13696,25344,1348096,592320,258368,238016,1994752,0,1280,1342656,0,0,0,0,0,0,0,0,0,0,0,0,0,0,592064,256,562,1401,4010567929,1618065218,1969408,0
1932,1116544,0,0,0,8064,24896,434368,568192,81024,61312,1050880,0,1344,429248,0,0,0,0,0,0,0,0,0,0,0,0,0,0,568000,192,563,1390,4101266621,2818392581,1025984,0
1933,1677440,0,0,0,7296,24832,502272,564992,578048,557824,1115328,0,1344,496832,0,0,0,0,0,0,0,0,0,0,0,0,0,0,564864,128,596,1469,805684971,3773157707,1090496,0
1934,1116224,0,0,0,6016,9344,378304,525888,196672,177280,934720,0,1280,373120,0,0,0,0,0,0,0,0,0,0,0,0,0,0,525696,192,603,1496,2300020349,3549652030,925376,0
1935,1677504,0,0,0,11840,10816,579904,566464,508480,478208,1194816,0,1408,574464,0,0,0,0,0,0,0,0,0,0,0,0,0,0,566272,192,586,1466,3298241995,1589401727,1184000,0
1936,1676672,0,0,0,8704,9664,555968,558720,543616,523648,1148736,0,1344,550592,0,0,0,0,0,0,0,0,0,0,0,0,0,0,558528,192,595,1484,4018708974,2469204656,1139072,0
1937,1676992,0,0,0,15424,24512,554112,569920,513024,493184,1179328,0,1344,548800,0,0,0,0,0,0,0,0,0,0,0,0,0,0,569728,192,598,1499,41795636,929240834,1154816,0
1938,1676736,0,0,0,8896,11136,509632,569856,577216,557312,1115008,0,1408,504320,0,0,0,0,0,0,0,0,0,0,0,0,0,0,569728,128,599,1500,2396997005,3627492042,1103872,0
1939,1117120,0,0,0,7680,9664,529984,513920,55872,35456,1077440,0,1344,524672,0,0,0,0,0,0,0,0,0,0,0,0,0,0,513728,192,578,1433,2590978075,1555245302,1067776,0
1940,1117056,0,0,0,7744,9792,543232,504128,52160,32512,1080256,0,1408,537920,0,0,0,0,0,0,0,0,0,0,0,0,0,0,503936,192,573,1435,3371521212,3883099620,1070464,0
1941,1116864,0,0,0,8768,9472,520576,515200,62848,43264,1069312,0,1344,515264,0,0,0,0,0,0,0,0,0,0,0,0,0,0,515008,192,580,1461,1161623645,2836344896,1059840,0
1942,1116928,0,0,0,7680,9216,499072,469184,131776,112384,1000320,0,1344,493760,0,0,0,0,0,0,0,0,0,0,0,0,0,0,468992,192,571,1426,1025833580,3757321823,991104,0
1943,1117120,0,0,0,9984,9600,524800,486336,86400,66112,1046656,0,1344,519360,0,0,0,0,0,0,0,0,0,0,0,0,0,0,486208,128,572,1437,2283771750,3992162327,1037056,0
1944,1116736,0,0,0,10496,9600,500864,462272,133504,113664,998656,0,1472,495552,0,0,0,0,0,0,0,0,0,0,0,0,0,0,462080,192,572,1415,551199988,2373543132,989056,0
1945,1116992,0,0,0,9856,9536,508544,482944,106112,86272,1026432,0,1280,503232,0,0,0,0,0,0,0,0,0,0,0,0,0,0,482752,192,578,1437,141754815,519663941,1016896,0
1946,1677248,0,0,0,8896,9792,613760,546368,498432,478464,1194432,0,1344,608320,0,0,0,0,0,0,0,0,0,0,0,0,0,0,546240,128,565,1400,1171371072,671422349,1184640,0
1947,1676544,0,0,0,8512,9408,583424,518336,556864,537344,1134912,0,1280,578176,0,0,0,0,0,0,0,0,0,0,0,0,0,0,518144,192,573,1410,962106902,367212662,1125504,0
1948,1677312,0,0,0,7616,9344,569472,529280,561600,541632,1131456,0,1472,563968,0,0,0,0,0,0,0,0,0,0,0,0,0,0,529152,128,608,1484,2843650390,2613025054,1122112,0
1949,1116800,0,0,0,7360,9536,483008,440896,176000,156352,956096,0,1408,477568,0,0,0,0,0,0,0,0,0,0,0,0,0,0,440768,128,622,1503,1051084640,2046378239,946560,0
1950,1116736,0,0,0,8384,9344,480064,472320,146624,127296,985088,0,1280,474688,0,0,0,0,0,0,0,0,0,0,0,0,0,0,472128,192,633,1540,373137170,1297548097,975744,0
1951,1116928,0,0,0,9664,10816,564736,488320,43392,17664,1094912,0,1280,559360,0,0,0,0,0,0,0,0,0,0,0,0,0,0,488128,192,631,1540,825527714,960741512,1084096,0
1952,1116736,0,0,0,10368,10112,526784,495168,74304,54016,1058048,0,1472,521472,0,0,0,0,0,0,0,0,0,0,0,0,0,0,494976,192,627,1532,2940153021,1032526984,1047936,0
1953,1677760,0,0,0,10624,9728,578688,521600,557120,537152,1136192,0,1408,573376,0,0,0,0,0,0,0,0,0,0,0,0,0,0,521408,192,627,1549,3334764972,283916143,1126464,0
1954,1116288,0,0,0,12672,9792,406848,470464,216512,195520,916416,0,1280,401408,0,0,0,0,0,0,0,0,0,0,0,0,0,0,470336,128,631,1524,2193661244,811919197,906624,0
1955,1116992,0,0,0,7680,9792,500992,465984,132544,112896,999872,0,1344,495808,0,0,0,0,0,0,0,0,0,0,0,0,0,0,465792,192,640,1558,62363784,3177959836,990080,0
1956,1117056,0,0,0,10752,9728,330816,452352,313408,293568,818816,0,1344,325312,0,0,0,0,0,0,0,0,0,0,0,0,0,0,452160,192,637,1550,3716285403,3289797296,809088,0
1957,1116864,0,0,0,10112,9600,321792,453760,321600,302016,810304,0,1408,316608,0,0,0,0,0,0,0,0,0,0,0,0,0,0,453632,128,654,1592,1096773741,649494347,800704,0
1958,1116672,0,0,0,8960,9536,301440,448832,347904,328320,784000,0,1280,296000,0,0,0,0,0,0,0,0,0,0,0,0,0,0,448704,128,628,1532,788821376,676110578,774464,0
1959,1677184,0,0,0,13696,9344,454144,756096,443904,424128,1248704,0,1344,448640,0,0,0,0,0,0,0,0,0,0,0,0,0,0,755904,192,622,1516,4227230021,1863800959,1239360,0
1960,1116992,0,0,0,7616,9792,468480,450304,180800,161408,951296,0,1280,463168,0,0,0,0,0,0,0,0,0,0,0,0,0,0,450112,192,626,1514,1352224053,4241964758,941504,0
1961,1116800,0,0,0,7552,9344,420544,464896,214464,194624,917888,0,1408,415360,0,0,0,0,0,0,0,0,0,0,0,0,0,0,464768,128,625,1509,4268936991,2082890682,908544,0
