frame,ALL,FTR,STG,BG,AUD,HUD,SRC,MISC,OTHR,WAIT,WORK,SHDT,SWRM,GCRA,SCPU,SCAT,SPRM,SINT,SPHD,SPHC,MWPN,MITM,MEFX,MACT,MPRT,MTEX,MCAP,MPRO,MCAM,MFLS,GPOL,GVTX,DGSA,DGSB,WORK-H,WRAPFIX
2,5048448,10048,1751296,0,20736,708928,265280,1905984,386176,339200,4709248,0,3712,253120,0,0,0,0,0,0,0,0,0,0,11712,1381376,0,0,1894080,192,191,573,3002998875,3002998875,4000320,0
3,1115584,9920,162496,0,18816,8896,166592,56768,692096,671680,443904,0,1088,161792,0,0,0,0,0,0,0,0,0,0,11072,0,0,0,45568,128,191,573,3002998875,3002998875,435008,0
4,1116928,9984,162368,0,3392,8704,165568,58048,708864,689152,427776,0,1024,160896,0,0,0,0,0,0,0,0,0,0,11200,0,0,0,46720,128,191,573,3002998875,3002998875,419072,0
5,1116672,9792,162560,0,4224,8960,164864,57280,708992,688704,427968,0,1088,160128,0,0,0,0,0,0,0,0,0,0,11264,0,0,0,45888,128,191,573,3002998875,3002998875,419008,0
6,1116672,10112,161728,0,3392,8768,165632,57856,709184,689088,427584,0,1024,161024,0,0,0,0,0,0,0,0,0,0,11136,0,0,0,46528,192,191,578,3002998875,3002998875,418816,0
7,1116992,9984,162304,0,3328,8896,164992,57024,710464,690240,426752,0,1024,160448,0,0,0,0,0,0,0,0,0,0,11008,0,0,0,45888,128,191,578,3002998875,3002998875,417856,0
8,1116672,10176,162176,0,3520,9024,167104,56512,708160,688320,428352,0,1024,162432,0,0,0,0,0,0,0,0,0,0,11072,0,0,0,45312,128,191,578,3002998875,3002998875,419328,0
9,1116608,9792,161920,0,3392,9024,165568,56896,710016,689984,426624,0,960,161216,0,0,0,0,0,0,0,0,0,0,11264,0,0,0,45504,128,191,578,3002998875,3002998875,417600,0
10,1116928,10176,161600,0,3392,8960,164608,56512,711680,691392,425536,0,960,160000,0,0,0,0,0,0,0,0,0,0,10944,0,0,0,45440,128,191,578,3002998875,3002998875,416576,0
11,1116800,10112,162496,0,3392,8960,168128,56512,707200,687104,429696,0,1088,163584,0,0,0,0,0,0,0,0,0,0,11136,0,0,0,45248,128,191,578,3002998875,3002998875,420736,0
12,1116992,9984,162368,0,3392,8896,166976,57792,707584,681600,435392,0,1088,162496,0,0,0,0,0,0,0,0,0,0,11264,0,0,0,46336,192,191,584,3002998875,3002998875,426496,0
13,1116928,10176,162432,0,3392,9088,167808,56960,707072,686528,430400,0,1088,163008,0,0,0,0,0,0,0,0,0,0,11328,0,0,0,45440,192,191,585,3002998875,3002998875,421312,0
14,1116672,10112,162240,0,3392,9024,166656,58176,707072,686912,429760,0,1024,162112,0,0,0,0,0,0,0,0,0,0,11328,0,0,0,46720,128,189,579,3002998875,3002998875,420736,0
15,1116992,9856,161600,0,3456,9024,166976,62208,703872,683520,433472,0,1088,162048,0,0,0,0,0,0,0,0,0,0,11328,0,0,0,50752,128,187,572,3002998875,3002998875,424448,0
16,1116800,10112,162112,0,3392,8960,166848,56640,708736,688640,428160,0,1024,162432,0,0,0,0,0,0,0,0,0,0,11136,0,0,0,45376,128,187,574,3002998875,3002998875,419200,0
17,1116864,10176,162944,0,3392,30656,167360,57600,684736,664384,452480,0,1024,162752,0,0,0,0,0,0,0,0,0,0,11328,0,0,0,46144,128,187,574,3002998875,3002998875,421824,0
18,1116800,10176,162304,0,3328,9024,167360,56576,708032,687808,428992,0,1024,162688,0,0,0,0,0,0,0,0,0,0,11136,0,0,0,45312,128,187,576,3002998875,3002998875,419968,0
19,1116864,10176,162432,0,3392,8960,166656,56576,708672,688512,428352,0,1088,161984,0,0,0,0,0,0,0,0,0,0,11072,0,0,0,45376,128,187,580,3002998875,3002998875,419392,0
20,1116864,9984,162240,0,3392,8960,169280,57984,705024,684928,431936,0,1024,164672,0,0,0,0,0,0,0,0,0,0,11328,0,0,0,46528,128,186,577,3002998875,3002998875,422976,0
21,1116672,10176,162560,0,3328,9088,170432,56896,704192,684096,432576,0,1088,165696,0,0,0,0,0,0,0,0,0,0,11328,0,0,0,45440,128,180,572,3002998875,3002998875,423488,0
22,1116928,9984,162496,0,3328,9024,169088,57792,705216,685184,431744,0,960,164480,0,0,0,0,0,0,0,0,0,0,11328,0,0,0,46336,128,178,572,3002998875,3002998875,422720,0
23,1116800,9792,163072,0,3328,8704,169664,57088,705152,684864,431936,0,1024,164928,0,0,0,0,0,0,0,0,0,0,11200,0,0,0,45760,128,178,574,3002998875,3002998875,423232,0
24,1116928,10048,161984,0,3264,8896,168640,56768,707328,687040,429888,0,1152,163840,0,0,0,0,0,0,0,0,0,0,11072,0,0,0,45568,128,178,574,3002998875,3002998875,420992,0
25,1116864,9728,161664,0,3392,8960,167616,57152,708352,688000,428864,0,1152,163008,0,0,0,0,0,0,0,0,0,0,11200,0,0,0,45824,128,177,569,3002998875,3002998875,419904,0
26,1116864,10176,162368,0,3264,8960,168576,56384,707136,686976,429888,0,1024,164096,0,0,0,0,0,0,0,0,0,0,11136,0,0,0,45120,128,175,562,3002998875,3002998875,420928,0
27,1116736,10176,161728,0,4288,9216,168896,57600,704832,684736,432000,0,1024,164352,0,0,0,0,0,0,0,0,0,0,11648,0,0,0,45824,128,173,554,3002998875,3002998875,422784,0
28,1116992,9920,162176,0,3264,9024,165824,57984,708800,682944,434048,0,1024,161088,0,0,0,0,0,0,0,0,0,0,11264,0,0,0,46528,192,173,554,3002998875,3002998875,425024,0
29,1116416,9728,162304,0,3392,9088,165760,57664,708480,683712,432704,0,960,161280,0,0,0,0,0,0,0,0,0,0,11392,0,0,0,46080,192,173,554,3002998875,3002998875,423616,0
30,1117184,9920,162304,0,3392,9024,169472,57792,705280,685120,432064,0,1024,165056,0,0,0,0,0,0,0,0,0,0,11328,0,0,0,46336,128,173,553,3002998875,3002998875,423040,0
31,1116800,9792,163008,0,3264,8704,166720,57024,708288,688256,428544,0,896,162112,0,0,0,0,0,0,0,0,0,0,11200,0,0,0,45696,128,173,555,3002998875,3002998875,419840,0
32,1116800,10176,162240,0,3328,30912,164864,56384,688896,668992,447808,0,1024,160192,0,0,0,0,0,0,0,0,0,0,11136,0,0,0,45120,128,173,554,3002998875,3002998875,416896,0
33,1116800,10176,162624,0,3392,8896,167808,57664,706240,685824,430976,0,1088,163072,0,0,0,0,0,0,0,0,0,0,11328,0,0,0,46208,128,173,552,3002998875,3002998875,422080,0
34,1116864,10048,162176,0,3328,8832,167168,56768,708544,688128,428736,0,1024,162304,0,0,0,0,0,0,0,0,0,0,11072,0,0,0,45568,128,173,552,3002998875,3002998875,419904,0
35,1116864,9664,161280,0,3392,8832,167040,57344,709312,689280,427584,0,1024,162368,0,0,0,0,0,0,0,0,0,0,11136,0,0,0,46016,192,173,551,3002998875,3002998875,418752,0
36,1116608,10240,162816,0,3200,8896,166848,57536,707072,686784,429824,0,960,162048,0,0,0,0,0,0,0,0,0,0,11264,0,0,0,46080,192,172,549,3002998875,3002998875,420928,0
37,1117056,10048,163072,0,3264,8832,167872,56768,707200,687040,430016,0,1024,163328,0,0,0,0,0,0,0,0,0,0,11200,0,0,0,45376,192,172,549,3002998875,3002998875,421184,0
38,1116672,10176,162752,0,3328,8832,167616,57344,706624,686272,430400,0,1024,162944,0,0,0,0,0,0,0,0,0,0,11328,0,0,0,45824,192,172,549,3002998875,3002998875,421568,0
39,1116928,10048,162432,0,3328,9088,166976,56512,708544,688128,428800,0,960,162368,0,0,0,0,0,0,0,0,0,0,11072,0,0,0,45312,128,172,549,3002998875,3002998875,419712,0
40,1116928,9920,162688,0,3328,8704,166848,56896,708544,688320,428608,0,1024,162176,0,0,0,0,0,0,0,0,0,0,11328,0,0,0,45440,128,172,549,3002998875,3002998875,419904,0
41,1116608,9728,161856,0,3456,9024,190208,57024,685312,665344,451264,0,960,185536,0,0,0,0,0,0,0,0,0,0,11264,0,0,0,45632,128,172,549,3002998875,3002998875,442240,0
42,1116800,10176,160768,0,3392,8704,175424,62208,696128,676032,440768,0,1024,170752,0,0,0,0,0,0,0,0,0,0,11136,0,0,0,50944,128,172,549,3002998875,3002998875,432064,0
43,1116800,10112,162368,0,3328,8960,166784,56576,708672,688640,428160,0,1024,162176,0,0,0,0,0,0,0,0,0,0,11072,0,0,0,45376,128,172,550,3002998875,3002998875,419200,0
44,1116672,9728,161728,0,3328,8896,166784,57280,708928,683200,433472,0,1024,162240,0,0,0,0,0,0,0,0,0,0,11264,0,0,0,45888,128,171,545,3002998875,3002998875,424576,0
45,1117120,9984,163072,0,3328,8768,166400,56896,708672,688256,428864,0,1152,161536,0,0,0,0,0,0,0,0,0,0,11200,0,0,0,45504,192,171,545,3002998875,3002998875,420096,0
46,1116608,9920,162304,0,3456,8960,166976,57920,707072,686848,429760,0,1088,162496,0,0,0,0,0,0,0,0,0,0,11392,0,0,0,46400,128,171,545,3002998875,3002998875,420800,0
47,1677376,15232,164544,0,3392,41728,828480,109824,514176,487808,1189568,0,1344,823488,0,0,0,0,0,0,64,128,44416,0,13312,0,0,0,51776,128,200,641,3619349932,3619349932,1147840,0
48,1116544,14912,163840,0,3392,19776,191168,107904,615552,588672,527872,0,1280,186304,0,0,0,0,0,0,64,128,44096,0,12928,0,0,0,50560,128,200,641,3619349932,3619349932,508096,0
49,1116672,14976,163328,0,4352,19776,192704,108864,612672,586176,530496,0,1280,187968,0,0,0,0,0,0,128,64,44544,64,12928,0,0,0,50944,192,202,648,3619349932,3619349932,510720,0
50,1117056,15168,163968,0,3456,19584,191808,108160,614912,588352,528704,0,1216,186880,0,0,0,0,0,0,128,64,44032,0,12992,0,0,0,50816,128,202,648,3619349932,3619349932,509120,0
51,1116608,14912,163712,0,3392,19840,193408,109568,611776,585280,531328,0,1344,188416,0,0,0,0,0,0,128,64,44928,0,12928,0,0,0,51264,256,202,648,3619349932,3619349932,511488,0
52,1116928,14976,163712,0,3392,19840,192064,109248,613696,588096,528832,0,1344,187200,0,0,0,0,0,0,64,64,44864,64,12864,0,0,0,51200,128,202,644,3619349932,3619349932,508992,0
53,1116864,14848,163840,0,3456,20096,191872,107968,614784,588864,528000,0,1216,187072,0,0,0,0,0,0,64,128,44352,64,12992,0,0,0,50176,192,202,644,3619349932,3619349932,507904,0
54,1116672,15040,163008,0,3328,19776,193728,109184,612608,587008,529664,0,1280,188736,0,0,0,0,0,0,64,128,44800,64,12864,0,0,0,51072,192,202,643,3619349932,3619349932,509888,0
55,1116736,15104,164480,0,3392,19648,191936,114368,607808,582464,534272,0,1408,186816,0,0,0,0,0,0,64,64,44992,0,13056,0,0,0,55936,256,202,642,3619349932,3619349932,514624,0
56,1116864,15168,163072,0,3392,19840,194496,108672,612224,586688,530176,0,1280,189504,0,0,0,0,0,0,64,64,44416,0,12928,0,0,0,51008,192,202,642,3619349932,3619349932,510336,0
57,1117248,14976,162880,0,3328,19776,193408,108160,614720,588928,528320,0,1344,188544,0,0,0,0,0,0,128,64,44288,64,12992,0,0,0,50432,192,202,642,3619349932,3619349932,508544,0
58,1116352,15104,163712,0,3392,19904,193408,108160,612672,587392,528960,0,1344,188544,0,0,0,0,0,0,64,64,44224,0,12864,0,0,0,50752,192,202,642,3619349932,3619349932,509056,0
59,1116608,14976,164224,0,3456,19648,194560,108672,611072,585984,530624,0,1280,189568,0,0,0,0,0,0,128,64,44608,0,12992,0,0,0,50752,128,202,641,3619349932,3619349932,510976,0
60,1116992,15104,163072,0,3456,19648,195264,108352,612096,581248,535744,0,1344,190208,0,0,0,0,0,0,64,64,44608,0,12928,0,0,0,50560,128,202,641,3619349932,3619349932,516096,0
61,1116928,15168,163840,0,3328,20096,197632,108224,608640,583744,533184,0,1280,192576,0,0,0,0,0,0,64,64,44416,0,12992,0,0,0,50496,192,202,640,3619349932,3619349932,513088,0
62,1116928,15040,164032,0,3456,19712,191808,109184,613696,588672,528256,0,1344,186944,0,0,0,0,0,0,64,128,44864,0,12864,0,0,0,51072,192,182,582,3619349932,3619349932,508544,0
63,1116544,14976,164608,0,3456,42112,186944,109312,595136,570048,546496,0,1344,181952,0,0,0,0,0,0,128,64,44672,0,13184,0,0,0,51136,128,166,530,3619349932,3619349932,504384,0
64,1116736,15168,163904,0,3392,19584,184960,108288,621440,596736,520000,0,1408,179968,0,0,0,0,0,0,128,64,44416,64,12992,0,0,0,50432,192,152,494,3619349932,3619349932,500416,0
65,1116800,15040,163008,0,3456,19712,185216,108992,621376,596608,520192,0,1280,180352,0,0,0,0,0,0,64,128,44864,0,13184,0,0,0,50624,128,130,425,3619349932,3619349932,500480,0
66,1116800,14592,163456,0,3520,19648,184128,110464,620992,596544,520256,0,1280,179328,0,0,0,0,0,0,64,64,44992,0,13440,0,0,0,51712,192,111,368,3619349932,3619349932,500608,0
67,1116736,14720,163968,0,3392,19648,185664,109376,619968,595584,521152,0,1344,180736,0,0,0,0,0,0,128,128,44480,64,13312,0,0,0,51136,128,108,362,3619349932,3619349932,501504,0
68,1116992,14528,163264,0,3392,19840,183488,109440,623040,598272,518720,0,1280,178496,0,0,0,0,0,0,128,64,44544,64,13504,0,0,0,51008,128,98,323,3619349932,3619349932,498880,0
69,1116864,14592,163840,0,3520,19840,182464,114176,618432,593536,523328,0,1280,177664,0,0,0,0,0,0,64,128,44672,0,13248,0,0,0,55936,128,87,287,3619349932,3619349932,503488,0
70,1116800,14464,163328,0,3392,19712,184384,109056,622464,597632,519168,0,1344,179392,0,0,0,0,0,0,64,64,44672,64,13120,0,0,0,50944,128,80,265,3619349932,3619349932,499456,0
71,1116736,14848,164608,0,4416,19584,185216,108928,619136,594752,521984,0,1280,180224,0,0,0,0,0,0,128,64,44672,0,13312,0,0,0,50624,128,80,264,3619349932,3619349932,502400,0
72,1116928,14784,163008,0,3328,19712,184192,108672,623232,598912,518016,0,1344,179072,0,0,0,0,0,0,128,64,44800,0,13248,0,0,0,50240,192,80,264,3619349932,3619349932,498304,0
73,1116928,14592,163712,0,3392,19968,184640,109056,621568,596800,520128,0,1344,179712,0,0,0,0,0,0,128,64,44544,0,13184,0,0,0,51008,128,79,261,3619349932,3619349932,500160,0
74,1116800,14720,164096,0,3520,19712,184384,108480,621888,596992,519808,0,1280,179520,0,0,0,0,0,0,64,128,43968,0,13248,0,0,0,50880,192,79,261,3619349932,3619349932,500096,0
75,1117376,14528,164544,0,12544,19776,256128,123648,526208,501632,615744,0,1344,251008,0,0,0,0,0,0,128,64,43968,0,27008,0,0,0,52288,192,83,279,3619349932,3784879386,595968,0
76,1116288,14400,163968,0,3520,19776,191424,122944,600256,570432,545856,0,1280,186432,0,0,0,0,0,0,64,128,44864,64,25664,0,0,0,51968,192,80,270,3784879386,3784879386,526080,0
77,1117248,510720,164736,0,3584,19904,189760,85184,143360,107520,1009728,0,1216,184832,0,0,0,0,0,0,128,64,4480,64,26304,0,0,0,53952,192,163,462,3784879386,3784879386,989824,0
78,2797248,462592,164416,0,12032,43008,1402176,161024,552000,527616,2269632,0,1344,1397120,0,0,0,0,0,0,128,128,75904,128,28288,0,0,0,56256,192,163,460,881140562,1322596196,2226624,0
79,1116864,54592,165696,0,3712,19776,210304,157056,505728,481856,635008,0,1280,205248,0,0,0,0,0,0,192,64,71808,0,29888,0,0,0,54976,128,163,465,1322596196,2935860823,615232,0
80,1116800,54592,164096,0,3712,19712,202176,154688,517824,494080,622720,0,1280,197312,0,0,0,0,0,0,128,128,71104,64,28096,0,0,0,54976,192,164,496,2935860823,2935860823,603008,0
81,1116992,53952,164736,0,3712,20352,237248,156928,480064,455744,661248,0,1408,232192,0,0,0,0,0,0,192,128,71744,64,29696,0,0,0,54912,192,160,488,2935860823,1252444529,640896,0
82,1116736,54656,164672,0,3712,19904,218304,162304,493184,469056,647680,0,1280,213376,0,0,0,0,0,0,128,64,70976,64,33088,0,0,0,57792,192,159,493,1252444529,2945405002,627776,0
83,1116800,54848,164928,0,3648,19968,202752,158272,512384,488192,628608,0,1344,197568,0,0,0,0,0,0,192,128,71104,64,31296,0,0,0,55360,128,127,411,2945405002,2945405002,608640,0
84,1116544,54784,166208,0,3648,19712,200768,156928,514496,490752,625792,0,1216,195648,0,0,0,0,0,0,128,128,71232,128,29632,0,0,0,55488,192,109,366,2945405002,2945405002,606080,0
85,1116800,54336,165504,0,3712,19456,201536,157312,514944,490880,625920,0,1216,196544,0,0,0,0,0,0,128,128,71680,0,29760,0,0,0,55488,128,110,373,2945405002,2945405002,606464,0
86,1116672,54144,164480,0,3520,19776,201024,152192,521536,497664,619008,0,1216,195968,0,0,0,0,0,0,128,192,71680,64,24000,0,0,0,56000,128,106,355,2945405002,2945405002,599232,0
87,1116864,54400,165504,0,3648,20032,201152,148416,523712,499456,617408,0,1280,196160,0,0,0,0,0,0,192,128,71808,128,20992,0,0,0,55040,128,99,335,2945405002,2945405002,597376,0
88,1116928,54784,163648,0,3712,19712,201664,140352,533056,508992,607936,0,1280,196864,0,0,0,0,0,0,64,128,71040,0,13440,0,0,0,55552,128,91,308,2945405002,2945405002,588224,0
89,1116544,54720,163328,0,3648,20032,200448,140544,533824,509760,606784,0,1408,195392,0,0,0,0,0,0,64,128,71680,0,13504,0,0,0,54976,192,84,282,2945405002,2945405002,586752,0
90,1116864,55040,164416,0,3712,19840,199168,140800,533888,509632,607232,0,1280,194304,0,0,0,0,0,0,128,192,71872,128,13440,0,0,0,54848,192,75,254,2945405002,2945405002,587392,0
91,1116608,54912,168064,0,3776,20032,201920,149056,518848,495040,621568,0,1280,196928,0,0,0,0,0,0,192,128,75328,0,13312,0,0,0,59904,192,84,284,2945405002,2945405002,601536,0
92,1116800,54912,164096,0,4352,19904,201984,140608,530944,501376,615424,0,1344,197056,0,0,0,0,0,0,128,128,70912,64,14080,0,0,0,55104,192,86,288,2945405002,2945405002,595520,0
93,1117120,54528,163648,0,3712,41792,202240,140672,510528,486080,631040,0,1344,197440,0,0,0,0,0,0,192,192,71488,64,13696,0,0,0,54848,192,119,383,2945405002,2945405002,589248,0
94,1116608,55040,163008,0,3584,19840,198976,139648,536512,512384,604224,0,1344,193984,0,0,0,0,0,0,192,128,71168,64,13120,0,0,0,54848,128,162,484,2945405002,2945405002,584384,0
95,1117184,500224,163968,0,3648,20032,201728,141504,86080,49728,1067456,0,1344,196800,0,0,0,0,0,0,128,128,71616,64,13568,0,0,0,55808,192,225,654,2945405002,2945405002,1047424,0
96,1116544,478976,165312,0,3648,19392,201600,142208,105408,81152,1035392,0,1280,196608,0,0,0,0,0,0,128,128,72128,0,13120,0,0,0,56576,128,200,546,2945405002,2945405002,1016000,0
97,1116928,50560,162560,0,3584,19904,204480,140608,535232,511296,605632,0,1344,199424,0,0,0,0,0,0,64,192,72064,64,13056,0,0,0,54976,192,173,450,2945405002,2945405002,585728,0
98,1116864,50432,163776,0,3712,19584,206912,140864,531584,507392,609472,0,1280,201920,0,0,0,0,0,0,64,128,71744,128,13504,0,0,0,55104,192,178,451,2945405002,2945405002,589888,0
99,1116672,50496,163904,0,3648,19968,204096,141184,533376,509376,607296,0,1408,199104,0,0,0,0,0,0,128,128,71424,64,13696,0,0,0,55552,192,178,443,2945405002,2945405002,587328,0
100,1116928,50176,164224,0,5888,19648,205568,139904,531520,507456,609472,0,1408,200768,0,0,0,0,0,0,128,64,71040,128,13632,0,0,0,54656,256,181,454,2945405002,2945405002,589824,0
101,1116672,50432,163392,0,5952,19904,208192,140224,528576,504576,612096,0,1344,203328,0,0,0,0,0,0,64,128,71360,0,13632,0,0,0,54848,192,179,447,2945405002,2945405002,592192,0
102,1116928,49792,163456,0,6528,20032,207040,140800,529280,504640,612288,0,1344,201984,0,0,0,0,0,0,192,64,71296,64,13952,0,0,0,54976,256,181,456,2945405002,2945405002,592256,0
103,1116608,49728,163968,0,4800,20352,206912,140160,530688,506880,609728,0,1344,201856,0,0,0,0,0,0,128,64,71232,64,13696,0,0,0,54784,192,177,439,2945405002,2945405002,589376,0
104,1117120,49664,163712,0,3392,19840,202752,140352,537408,513024,604096,0,1344,197632,0,0,0,0,0,0,128,128,71424,128,13184,0,0,0,55168,192,179,445,2945405002,2945405002,584256,0
105,1116736,49920,162880,0,3392,19904,204480,140480,535680,511680,605056,0,1280,199424,0,0,0,0,0,0,128,128,72000,128,13248,0,0,0,54720,128,187,450,2945405002,2945405002,585152,0
106,1116736,49920,164480,0,3520,19840,203840,139456,535680,511552,605184,0,1216,198912,0,0,0,0,0,0,192,192,71424,64,12928,0,0,0,54464,192,184,448,2945405002,2945405002,585344,0
107,1116864,49856,163712,0,10560,19776,577984,136384,158592,134208,982656,0,1344,572736,0,0,0,0,0,0,64,128,68928,64,13376,0,0,0,53632,192,189,460,4026148207,4026148207,962880,0
108,1116864,50176,162880,0,3584,41792,215424,136768,506240,476416,640448,0,1344,209920,0,0,0,0,0,0,128,64,68544,64,13248,0,0,0,54528,192,189,462,4026148207,4026148207,598656,0
109,1677184,52800,166912,0,3648,20160,1049536,211712,172416,147968,1529216,0,1280,1044480,0,0,0,0,0,0,320,256,138752,64,12992,0,0,0,59136,192,186,459,268324811,2062031264,1509056,0
110,1116928,53376,162944,0,3584,19712,255680,210560,411072,386816,730112,0,1344,250496,0,0,0,0,0,0,448,192,137728,128,13504,0,0,0,58368,192,186,458,4134961013,1276711854,710400,0
111,1116736,52992,164352,0,3648,19584,256064,211456,408640,384704,732032,0,1280,250880,0,0,0,0,0,0,256,256,139072,64,13376,0,0,0,58304,128,185,457,1273081916,4101993858,712448,0
112,1116800,52992,163328,0,3584,19648,252672,210432,414144,390080,726720,0,1408,247680,0,0,0,0,0,0,256,192,138496,64,13440,0,0,0,57792,192,182,452,3979560772,3808273010,707072,0
113,1116800,53056,162816,0,4480,19648,265664,211584,399552,375552,741248,0,1280,260544,0,0,0,0,0,0,256,320,139328,64,13184,0,0,0,58240,192,182,452,2561245328,3395467185,721600,0
114,1116864,53376,163200,0,3712,19968,257408,209728,409472,385152,731712,0,1344,252416,0,0,0,0,0,0,256,320,137920,64,13376,0,0,0,57664,128,186,452,121744527,495594377,711744,0
115,1116672,53248,163328,0,3712,19392,256768,210560,409664,385408,731264,0,1344,251776,0,0,0,0,0,0,320,192,138176,64,13248,0,0,0,58368,192,185,453,1385451978,763761650,711872,0
116,1116736,53376,162624,0,3584,19840,257792,210304,409216,384960,731776,0,1408,252672,0,0,0,0,0,0,256,192,138240,64,13312,0,0,0,58048,192,187,463,1728663673,2869197078,711936,0
117,1117440,53568,163264,0,3584,19456,259648,209856,408064,383232,734208,0,1344,254592,0,0,0,0,0,0,320,256,138496,64,13184,0,0,0,57344,192,187,464,295506827,2688043666,714752,0
118,1116352,53184,163712,0,3584,19712,260352,210944,404864,380416,735936,0,1344,255168,0,0,0,0,0,0,256,192,138432,64,13376,0,0,0,58496,128,186,467,4170772114,2182272867,716224,0
119,1116864,53120,164416,0,3584,19584,257664,211520,406976,382784,734080,0,1408,252608,0,0,0,0,0,0,320,320,139648,192,13440,0,0,0,57344,256,187,464,3540436437,1939018632,714496,0
120,1116992,53184,163520,0,3584,19392,257408,212928,406976,382848,734144,0,1344,252416,0,0,0,0,0,0,192,192,140480,64,13120,0,0,0,58752,128,187,462,3486274864,3924387138,714752,0
121,1116480,53056,162816,0,3584,19648,270784,210432,396160,372096,744384,0,1344,265728,0,0,0,0,0,0,192,256,138816,64,13184,0,0,0,57728,192,185,462,4013364865,1688809806,724736,0
122,1116992,53376,173504,0,3712,20288,303296,210176,352640,325312,791680,0,1344,298240,0,0,0,0,0,0,256,192,138048,64,13056,0,0,0,58432,128,180,451,524656768,1705813799,771392,0
123,1116736,53120,171200,0,3584,42560,267584,209984,368704,344512,772224,0,1344,262528,0,0,0,0,0,0,320,192,138432,128,13504,0,0,0,57280,128,179,448,2978208500,1435927826,729664,0
124,1116672,52800,169088,0,12608,19648,315008,210112,337408,307584,809088,0,1408,309824,0,0,0,0,0,0,256,256,137920,128,13824,0,0,0,57536,192,171,422,1601911144,129312773,789440,0
125,1116928,53632,166528,0,3520,19968,269952,210496,392832,368576,748352,0,1408,264832,0,0,0,0,0,0,320,192,138304,128,12992,0,0,0,58304,256,142,385,3283949111,1463297130,728384,0
126,1116864,17408,169216,0,3584,19328,267904,208448,430976,406592,710272,0,1408,262720,0,0,0,0,0,0,192,256,139328,64,13248,0,0,0,55232,128,72,241,2382371436,2891294014,690944,0
127,1677120,709504,169408,0,3584,19968,274112,211904,288640,233728,1443392,0,1344,268992,0,0,0,0,0,0,256,320,139520,64,13312,0,0,0,58304,128,102,326,3643840450,211898945,1423424,0
128,1676864,672832,168192,0,3584,19712,266240,212032,334272,309760,1367104,0,1408,261248,0,0,0,0,0,0,64,192,137216,128,13376,0,0,0,60928,128,152,383,1922272546,3866791710,1347392,0
129,1116416,59648,162624,0,3584,19584,257984,213184,399808,375872,740544,0,1408,252736,0,0,0,0,0,0,256,256,139328,64,13824,0,0,0,59328,128,170,428,1211168619,1548840454,720960,0
130,1117120,59328,163776,0,3584,19776,258112,212736,399808,375552,741568,0,1408,253120,0,0,0,0,0,0,256,320,138496,128,14016,0,0,0,59328,192,170,424,790022128,1967835374,721792,0
131,1116864,59136,163840,0,3584,19264,260864,212096,398080,373824,743040,0,1408,255552,0,0,0,0,0,0,256,256,138432,64,14144,0,0,0,58752,192,174,430,4240772532,3119466702,723776,0
132,1116544,58752,166912,0,3648,19904,281792,212672,372864,348928,767616,0,1280,276544,0,0,0,0,0,0,192,192,138624,192,14208,0,0,0,59136,128,170,415,4165477715,1862255295,747712,0
133,1116864,58816,168960,0,3584,19904,267968,212480,385152,360768,756096,0,1344,262976,0,0,0,0,0,0,192,192,138816,64,14144,0,0,0,58880,192,168,406,308424813,1652807799,736192,0
134,1116736,63360,171008,0,3584,19584,270784,218112,370304,346368,770368,0,1408,265792,0,0,0,0,0,0,192,320,139136,128,14848,0,0,0,63360,128,170,413,121072294,1336304599,750784,0
135,1116864,59072,168960,0,4416,19264,271296,211712,382144,358016,758848,0,1344,266112,0,0,0,0,0,0,256,192,138560,64,13696,0,0,0,58752,192,167,405,259556095,2618561107,739584,0
136,1116928,59072,170944,0,3520,19712,271744,212800,379136,355008,761920,0,1280,266816,0,0,0,0,0,0,256,320,139136,128,13568,0,0,0,59200,192,179,447,1033825695,4149244163,742208,0
137,1116928,58816,168576,0,10752,42048,297920,212480,326336,301568,815360,0,1280,292736,0,0,0,0,0,0,320,192,138816,0,13824,0,0,0,59136,192,187,472,619364826,3000464415,773312,0
138,1116736,58880,168960,0,3712,19776,444992,144000,276416,251776,864960,0,1408,439936,0,0,0,0,0,0,192,128,72896,64,14144,0,0,0,56320,256,183,457,1740657754,4000560628,845184,0
139,1116736,58624,163200,0,3776,20096,262784,145344,462912,438592,678144,0,1408,257728,0,0,0,0,0,0,256,128,73920,64,14144,0,0,0,56704,128,182,453,1971489115,243884482,658048,0
140,1676992,62784,162688,0,5888,19648,812352,144832,468800,439168,1237824,0,1408,807104,0,0,0,0,0,0,128,128,74688,128,13184,0,0,0,56448,128,179,442,2423383904,30267587,1218176,0
141,1116864,62400,164032,0,4992,19904,287424,143296,434816,410944,705920,0,1408,282240,0,0,0,0,0,0,192,128,73408,64,13248,0,0,0,56128,128,171,423,1660031109,4081098059,686016,0
142,1116928,63168,163520,0,3584,19968,288000,143488,435200,410944,705984,0,1344,282880,0,0,0,0,0,0,128,128,73664,128,13120,0,0,0,56192,128,175,438,856021347,3631701061,686016,0
143,1116864,62848,164352,0,3584,19840,288256,143104,434880,410624,706240,0,1344,283136,0,0,0,0,0,0,192,192,73728,128,13248,0,0,0,55488,128,181,459,3478047345,1549166140,686400,0
144,1116736,62272,163840,0,3584,19776,288896,143936,434432,410048,706688,0,1344,283904,0,0,0,0,0,0,128,192,73728,64,13248,0,0,0,56384,192,191,485,2490575094,2956519494,686912,0
145,1116608,62784,163008,0,3712,19840,283008,142720,441536,417408,699200,0,1280,278080,0,0,0,0,0,0,128,128,72832,64,13120,0,0,0,56320,128,193,490,3104820720,4163058727,679360,0
146,1116864,62400,163712,0,3584,19776,285440,143616,438336,414016,702848,0,1280,280256,0,0,0,0,0,0,128,192,73472,64,13184,0,0,0,56448,128,194,493,28624378,1037328856,683072,0
147,1116800,62272,163392,0,3584,19776,287552,143488,436736,412608,704192,0,1280,282432,0,0,0,0,0,0,256,128,73344,0,13184,0,0,0,56384,192,192,494,3818959615,2249530792,684416,0
148,1116992,62848,163200,0,3648,19776,289600,144576,433344,409088,707904,0,1280,284480,0,0,0,0,0,0,256,192,73792,64,13568,0,0,0,56512,192,191,488,4051503970,3091779974,688128,0
149,1116672,62656,163456,0,3584,19648,289600,143552,434176,409856,706816,0,1280,284544,0,0,0,0,0,0,192,192,73344,0,13504,0,0,0,56192,128,193,490,4001314730,1927610516,687168,0
150,1116864,62976,166208,0,3584,19904,286784,143488,433920,409792,707072,0,1344,281792,0,0,0,0,0,0,256,256,73600,64,13440,0,0,0,55680,192,190,496,2877513064,3584622031,687168,0
151,1116800,62336,164416,0,3584,19328,288896,143808,434432,410176,706624,0,1344,283968,0,0,0,0,0,0,128,192,73920,0,13056,0,0,0,56384,128,190,500,2677971100,957757622,687296,0
152,1676992,740928,163584,0,11584,43136,327040,145024,245696,221376,1455616,0,1408,321920,0,0,0,0,0,0,192,64,73920,128,13440,0,0,0,57088,192,202,532,3036979155,4182121811,1412480,0
153,1116672,71104,162944,0,3712,20096,289472,144832,424512,400448,716224,0,1344,284160,0,0,0,0,0,0,128,128,73600,64,13376,0,0,0,57344,192,195,517,1320838465,492541910,696128,0
154,1116608,70464,163968,0,5888,20160,288448,143872,423808,399616,716992,0,1280,283392,0,0,0,0,0,0,128,192,73472,64,13248,0,0,0,56640,128,198,522,2485191994,3690510856,696832,0
155,1116928,71424,165376,0,10880,19776,321408,150080,377984,353536,763392,0,1280,316160,0,0,0,0,0,0,128,192,73408,128,14336,0,0,0,61760,128,208,543,2237360169,1038825309,743616,0
156,1116608,71232,163072,0,4672,20160,300032,143808,413632,384192,732416,0,1408,294912,0,0,0,0,0,0,128,128,73280,0,13632,0,0,0,56512,128,247,669,2816240412,198949216,712256,0
157,1116992,161792,164160,0,3712,19392,298560,147584,321792,297536,819456,0,1408,293440,0,0,0,0,0,0,256,128,72832,64,13376,0,0,0,60736,192,381,1058,2846650522,352644178,800064,0
158,1116800,141184,164288,0,3776,19904,299648,148096,339904,315456,801344,0,1408,294400,0,0,0,0,0,0,128,192,73024,128,13440,0,0,0,60992,192,466,1171,1199589575,1436652508,781440,0
159,1116672,142656,164352,0,3840,19520,300032,147136,339136,314688,801984,0,1408,295040,0,0,0,0,0,0,128,128,73984,64,13184,0,0,0,59456,192,496,1241,2150723381,2506539491,782464,0
160,1116864,72512,164096,0,3776,19712,287936,142592,426240,402112,714752,0,1344,282624,0,0,0,0,0,0,192,128,73536,64,13120,0,0,0,55424,128,272,732,1366906979,3862749208,695040,0
161,1116992,232832,163200,0,3712,20160,286272,144768,266048,223552,893440,0,1408,281280,0,0,0,0,0,0,192,128,73856,64,13248,0,0,0,57088,192,214,552,966973354,3190522011,873280,0
162,1116480,228352,164224,0,3648,19584,284928,145792,269952,245952,870528,0,1344,279680,0,0,0,0,0,0,320,128,72512,64,13248,0,0,0,59392,128,148,375,3068017279,1985892560,850944,0
163,1116928,49344,163584,0,3648,19840,284544,146496,449472,425024,691904,0,1472,279424,0,0,0,0,0,0,256,128,74176,128,13120,0,0,0,58496,192,130,286,3141477061,3631219908,672064,0
164,1116800,49408,163136,0,3712,20160,285568,143744,451072,426816,689984,0,1408,280448,0,0,0,0,0,0,256,128,73920,64,13248,0,0,0,55936,192,126,273,1334540253,2452103952,669824,0
165,1116736,48896,163776,0,3712,19904,285504,143104,451840,428160,688576,0,1408,280576,0,0,0,0,0,0,256,192,73920,64,12864,0,0,0,55680,128,119,257,2394981541,3708592450,668672,0
166,1116864,49472,163584,0,3712,19584,284224,142976,453312,428992,687872,0,1344,279168,0,0,0,0,0,0,192,128,73728,0,12928,0,0,0,55808,192,116,252,2990490545,3241969563,668288,0
167,1116800,49216,164544,0,11904,20224,310976,115008,444928,420096,696704,0,1408,305984,0,0,0,0,0,0,192,128,45888,128,13184,0,0,0,55296,192,117,253,34850937,2895344624,676480,0
168,1116928,49216,163904,0,6016,42240,285312,115392,454848,430016,686912,0,1344,280256,0,0,0,0,0,0,256,128,46592,64,13312,0,0,0,54848,192,80,221,1726777208,2961797592,644672,0
169,1116480,18752,162752,0,6720,19840,446848,61760,399808,375232,741248,0,1344,441856,0,0,0,0,0,0,0,0,0,0,12160,0,0,0,49408,192,29,96,2141631500,3208498311,721408,0
170,1117056,18688,163840,0,11392,19776,317504,76736,509120,484800,632256,0,1408,312384,0,0,0,0,0,0,0,0,0,0,26432,0,0,0,50176,128,30,100,188767387,2883712760,612480,0
171,1116736,18688,163840,0,3648,19520,271296,75904,563840,539904,576832,0,1216,266304,0,0,0,0,0,0,0,0,0,0,25408,0,0,0,50368,128,30,99,2883712760,2883712760,557312,0
172,1117056,49152,163648,0,3712,19648,269568,77760,533568,503680,613376,0,1408,264512,0,0,0,0,0,0,0,0,0,0,25472,0,0,0,52160,128,130,281,2883712760,2883712760,593728,0
173,1116608,49536,165120,0,3712,19584,274752,79616,524288,500288,616320,0,1344,269696,0,0,0,0,0,0,0,0,0,0,27072,0,0,0,52352,192,129,279,2883712760,2035268470,596736,0
174,1116992,49472,164544,0,3648,19392,281600,81536,516800,492736,624256,0,1344,276352,0,0,0,0,0,0,0,0,0,0,29184,0,0,0,52160,192,140,311,2035268470,2779892430,604864,0
175,1116544,49280,165248,0,3712,19520,268160,79424,531200,507200,609344,0,1280,263040,0,0,0,0,0,0,0,0,0,0,27072,0,0,0,52160,192,139,341,2779892430,2779892430,589824,0
176,1116992,49600,164608,0,3712,19520,281152,80832,517568,493568,623424,0,1280,276096,0,0,0,0,0,0,0,0,0,0,28352,0,0,0,52288,192,107,303,2779892430,1677553349,603904,0
177,1117120,49280,165888,0,3712,19584,289408,84608,504640,480000,637120,0,1408,284352,0,0,0,0,0,0,0,0,0,0,32000,0,0,0,52416,192,82,264,1677553349,711789373,617536,0
178,1116736,48512,167296,0,4544,19584,295552,83200,498048,473856,642880,0,1408,290368,0,0,0,0,0,0,0,0,0,0,30912,0,0,0,52032,256,75,255,711789373,711789373,623296,0
179,1116736,48704,169920,0,4736,20288,288768,80576,503744,479424,637312,0,1280,283584,0,0,0,0,0,0,0,0,0,0,28224,0,0,0,52160,192,64,217,711789373,711789373,617024,0
180,1116608,49088,169920,0,5952,20480,281472,80064,509632,485504,631104,0,1344,276416,0,0,0,0,0,0,0,0,0,0,28288,0,0,0,51584,192,63,217,711789373,711789373,610624,0
181,1116928,49856,170560,0,4864,19584,280576,74432,517056,493184,623744,0,1344,275328,0,0,0,0,0,0,0,0,0,0,23488,0,0,0,50816,128,58,190,711789373,711789373,604160,0
182,1116800,49088,170176,0,5696,19648,278784,71168,522240,498048,618752,0,1408,273728,0,0,0,0,0,0,0,0,0,0,19968,0,0,0,51072,128,57,186,711789373,711789373,599104,0
183,1116928,49344,169088,0,5760,19392,277376,62784,533184,509120,607808,0,1408,272256,0,0,0,0,0,0,0,0,0,0,12288,0,0,0,50304,192,56,188,711789373,711789373,588416,0
184,1116672,49536,168704,0,4800,42240,278784,62912,509696,485504,631168,0,1344,273664,0,0,0,0,0,0,0,0,0,0,12352,0,0,0,50432,128,56,188,711789373,711789373,588928,0
185,1116864,49344,162304,0,3456,20032,266368,62272,553088,529216,587648,0,1344,261248,0,0,0,0,0,0,0,0,0,0,12032,0,0,0,50048,192,56,188,711789373,711789373,567616,0
186,1116608,48896,163328,0,3456,19904,270848,63616,546560,522496,594112,0,1344,265728,0,0,0,0,0,0,0,0,0,0,12032,0,0,0,51392,192,88,281,711789373,711789373,574208,0
187,1676992,897344,163648,0,3456,20096,278336,69056,245056,220864,1456128,0,1344,273088,0,0,0,0,0,0,0,0,0,0,12352,0,0,0,56512,192,231,603,711789373,711789373,1436032,0
188,1116992,136192,163648,0,3456,19904,276224,68352,449216,419520,697472,0,1408,271168,0,0,0,0,0,0,0,0,0,0,12032,0,0,0,56128,192,394,969,711789373,711789373,677568,0
189,1116864,135232,168512,0,3456,19584,305280,68672,416128,392128,724736,0,1408,300224,0,0,0,0,0,0,0,0,0,0,12032,0,0,0,56448,192,440,1058,2248335339,2248335339,705152,0
190,1117056,167296,172160,0,3456,19712,290624,68672,395136,370880,746176,0,1408,285504,0,0,0,0,0,0,0,0,0,0,12416,0,0,0,56128,128,464,1130,2248335339,2248335339,726464,0
191,1116800,170944,169792,0,3456,19776,288320,70336,394176,370112,746688,0,1408,283200,0,0,0,0,0,0,0,0,0,0,12224,0,0,0,57920,192,510,1272,2248335339,2248335339,726912,0
192,1116672,168256,166464,0,3456,19584,288768,69696,400448,376384,740288,0,1408,283712,0,0,0,0,0,0,0,0,0,0,12352,0,0,0,57088,256,583,1401,2248335339,2248335339,720704,0
193,1116800,168000,169472,0,3456,20096,285952,70016,399808,375808,740992,0,1344,280960,0,0,0,0,0,0,0,0,0,0,12352,0,0,0,57472,192,590,1406,2248335339,2248335339,720896,0
194,1116800,166464,168768,0,3456,19648,292032,69824,396608,372416,744384,0,1408,286912,0,0,0,0,0,0,0,0,0,0,12224,0,0,0,57472,128,598,1424,2248335339,2248335339,724736,0
195,1116800,166720,168576,0,3392,19712,287040,70592,400768,376512,740288,0,1280,281856,0,0,0,0,0,0,0,0,0,0,12736,0,0,0,57728,128,599,1431,2248335339,2248335339,720576,0
196,1116800,167680,163008,0,3392,19968,276928,71104,414720,390528,726272,0,1344,271808,0,0,0,0,0,0,0,0,0,0,12608,0,0,0,58368,128,605,1446,2248335339,2248335339,706304,0
197,1678592,173440,166208,0,10944,40128,673216,97024,517632,451968,1226624,0,1472,374656,0,0,0,0,0,0,0,0,0,0,12544,0,0,0,84352,128,606,1457,2248335339,3744745632,1186496,0
198,1116736,129920,166400,0,3584,49408,393984,77696,295744,269248,847488,0,1408,388608,0,0,0,0,0,0,0,0,0,0,12544,0,0,0,65024,128,600,1449,2703811233,2364054369,798080,0
199,1116736,130368,165056,0,4416,27200,401600,76544,311552,284928,831808,0,1408,396352,0,0,0,0,0,0,0,0,0,0,12160,0,0,0,64256,128,590,1437,1702140928,3056141219,804608,0
200,1676928,326976,164288,0,3584,28160,533376,78656,541888,515456,1161472,0,1408,527936,0,0,0,0,0,0,0,0,0,0,12480,0,0,0,65984,192,590,1439,3726954741,398198177,1133312,0
201,1116800,152576,164800,0,3584,27584,382400,78208,307648,281280,835520,0,1344,377152,0,0,0,0,0,0,0,0,0,0,12288,0,0,0,65728,192,591,1445,885797143,3750902421,807936,0
202,1116992,131264,165120,0,3648,26752,379136,77184,333888,307712,809280,0,1408,373696,0,0,0,0,0,0,0,0,0,0,12864,0,0,0,64192,128,591,1451,4199467804,613948345,782528,0
203,1116800,130240,165184,0,3584,27328,358144,77504,354816,328448,788352,0,1472,352832,0,0,0,0,0,0,0,0,0,0,12480,0,0,0,64832,192,590,1446,2969967329,2536150143,761024,0
204,1116800,130432,169088,0,5824,27968,329472,77632,376384,344384,772416,0,1344,324288,0,0,0,0,0,0,0,0,0,0,12480,0,0,0,65024,128,590,1451,2906276647,3444855380,744448,0
205,1116800,130496,166208,0,6144,27520,329472,77440,379520,353152,763648,0,1408,324224,0,0,0,0,0,0,0,0,0,0,12672,0,0,0,64640,128,588,1448,2036277814,335384497,736128,0
206,1116800,130304,166144,0,3584,27200,330176,76864,382528,356416,760384,0,1344,324864,0,0,0,0,0,0,0,0,0,0,12480,0,0,0,64256,128,585,1438,816841536,2972333038,733184,0
207,1116800,130496,165760,0,3456,27328,331264,76736,381760,355776,761024,0,1408,325824,0,0,0,0,0,0,0,0,0,0,12544,0,0,0,64000,192,585,1434,2634308417,475077346,733696,0
208,1116864,130432,164672,0,3456,27328,332928,77120,380928,354816,762048,0,1408,327744,0,0,0,0,0,0,0,0,0,0,12864,0,0,0,64064,192,587,1436,2986458475,1010352491,734720,0
209,1116864,131264,164992,0,3520,27392,338624,77504,373568,347456,769408,0,1408,333376,0,0,0,0,0,0,0,0,0,0,12416,0,0,0,64960,128,588,1436,299902420,3361265343,742016,0
210,1116864,130560,164992,0,3456,27520,328832,77120,384384,358080,758784,0,1408,323392,0,0,0,0,0,0,0,0,0,0,12224,0,0,0,64704,192,587,1433,1054592345,2060217555,731264,0
211,1116736,129600,164480,0,3520,27392,327168,77376,387200,361088,755648,0,1344,321920,0,0,0,0,0,0,0,0,0,0,12672,0,0,0,64576,128,588,1433,897022036,3645331731,728256,0
212,1677120,179008,165120,0,3520,27456,722176,89280,490560,464640,1212480,0,1472,716864,0,0,0,0,0,0,0,0,0,0,22336,0,0,0,66752,192,603,1465,2801118202,507390344,1185024,0
213,1116928,148672,166912,0,3520,49600,515008,92480,140736,114368,1002560,0,1408,509504,0,0,0,0,0,0,0,0,0,0,26624,0,0,0,65664,192,599,1462,265759113,1942453424,952960,0
214,1116672,154368,166656,0,3584,27392,372800,91648,300224,274176,842496,0,1408,367296,0,0,0,0,0,0,0,0,0,0,26112,0,0,0,65344,192,606,1462,4223811993,2906052503,815104,0
215,1116800,131136,166400,0,3520,27520,396736,90688,300800,274432,842368,0,1408,391424,0,0,0,0,0,0,0,0,0,0,26240,0,0,0,64256,192,620,1490,529478212,3969030869,814848,0
216,1677056,584256,166016,0,3520,27776,524608,117440,253440,227456,1449600,0,1472,518976,0,0,0,0,0,0,0,0,0,0,49920,0,0,0,67328,192,613,1493,2586520395,2226675857,1421824,0
217,1677184,166656,166720,0,9984,27712,730176,122112,453824,427328,1249856,0,1280,724800,0,0,0,0,0,0,0,0,0,0,52864,0,0,0,69120,128,611,1498,1538792030,3494076942,1222144,0
218,1116672,144256,165888,0,4736,27648,393152,98112,282880,256768,859904,0,1408,387712,0,0,0,0,0,0,0,0,0,0,31552,0,0,0,66368,192,619,1508,1497146197,1644222261,832256,0
219,1116864,145216,165888,0,6656,27904,406464,96768,267968,241472,875392,0,1280,401024,0,0,0,0,0,0,0,0,0,0,31040,0,0,0,65536,192,624,1511,3889795000,3918032913,847488,0
220,1116864,134336,167168,0,4864,27456,409920,105344,267776,235712,881152,0,1408,404544,0,0,0,0,0,0,0,0,0,0,39424,0,0,0,65728,192,621,1498,703818700,2337075420,853696,0
221,1677184,162880,167680,0,23104,28160,701632,195584,398144,371712,1305472,0,1472,696000,0,0,0,0,0,0,45376,128,128,0,40192,0,0,0,109632,128,639,1554,3291776970,596569878,1277312,0
222,1116800,145792,166144,0,3520,27712,455488,190208,127936,101440,1015360,0,1408,450048,0,0,0,0,0,0,45248,128,128,0,35968,0,0,0,108608,128,629,1535,1726829048,313492211,987648,0
223,1116864,134848,166784,0,3776,27968,456128,192256,135104,108992,1007872,0,1472,450752,0,0,0,0,0,0,45376,128,128,0,38080,0,0,0,108352,192,629,1538,587716251,2067923400,979904,0
224,1116288,145152,166656,0,3712,27520,438528,185216,149504,123904,992384,0,1408,433280,0,0,0,0,0,0,45760,64,128,64,30848,0,0,0,108160,192,630,1536,3006795026,2595973622,964864,0
225,1117120,145408,167232,0,5952,27968,469440,215616,85504,59008,1058112,0,1408,464064,0,0,0,0,0,0,45376,128,128,64,25792,0,0,0,144000,128,649,1580,2562834906,2209814887,1030144,0
226,1116864,135360,166336,0,6144,28032,440064,214336,126592,99904,1016960,0,1408,434752,0,0,0,0,0,0,45888,128,128,0,25408,0,0,0,142656,128,647,1582,3942979612,2447605721,988928,0
227,1116864,144960,167424,0,3584,55744,441472,180160,123520,97152,1019712,0,1408,436032,0,0,0,0,0,0,45568,64,128,64,25856,0,0,0,108288,192,632,1537,1792790200,2030045359,963968,0
228,1115008,145536,166144,0,3520,20480,461120,185920,132288,107712,1007296,0,1408,455616,0,0,0,0,0,0,45440,128,128,0,34304,0,0,0,105792,128,635,1547,4024895478,2271083961,986816,0
229,1116608,134400,167680,0,3712,20736,491200,225472,73408,49024,1067584,0,1408,485760,0,0,0,0,0,0,44928,128,192,0,37632,0,0,0,142464,128,651,1598,2799526494,1674872488,1046848,0
230,1117120,145088,167680,0,3712,20352,440896,218432,120960,96448,1020672,0,1408,435584,0,0,0,0,0,0,45568,64,128,0,31168,0,0,0,141248,256,657,1618,509198557,4130508309,1000320,0
231,1676608,158336,169024,0,5952,20928,574464,177920,569984,545728,1130880,0,1408,569088,0,0,0,0,0,0,45824,128,128,64,24704,0,0,0,106880,192,646,1562,2546249118,194674064,1109952,0
232,1116928,134912,166720,0,4992,20032,440960,177216,172096,147840,969088,0,1408,435712,0,0,0,0,0,0,45568,128,128,0,24576,0,0,0,106624,192,651,1561,903836303,3540704701,949056,0
233,1676928,197184,166144,0,3584,21312,535744,214528,538432,513856,1163072,0,1408,530432,0,0,0,0,0,0,45376,64,128,64,24640,0,0,0,144128,128,658,1586,3005568568,3444954251,1141760,0
234,1676992,203072,166912,0,3584,21248,535040,222464,524672,500160,1176832,0,1408,529664,0,0,0,0,0,0,45056,128,128,0,33408,0,0,0,143552,192,644,1571,4158163678,328746450,1155584,0
235,1116800,134528,167936,0,3648,20736,463296,190464,136192,111872,1004928,0,1408,457920,0,0,0,0,0,0,45824,128,128,0,37696,0,0,0,106496,192,632,1550,2515064378,753379621,984192,0
236,1116992,159040,167872,0,3584,20672,445056,182720,138048,108096,1008896,0,1408,439808,0,0,0,0,0,0,45376,64,128,64,30976,0,0,0,105920,192,631,1547,2645580947,2332765401,988224,0
237,1677440,157696,168064,0,5824,20480,596160,214208,515008,490176,1187264,0,1408,590848,0,0,0,0,0,0,45632,128,128,64,25472,0,0,0,142656,128,660,1596,1131619266,2466501976,1166784,0
238,1116224,133696,167168,0,4800,20544,444160,213248,132608,108096,1008128,0,1408,438784,0,0,0,0,0,0,46144,128,128,0,25664,0,0,0,141056,128,655,1586,1802611166,1983391479,987584,0
239,1677312,166144,166400,0,4352,20928,584576,177280,557632,532416,1144896,0,1408,579264,0,0,0,0,0,0,46016,128,128,0,25408,0,0,0,105472,128,631,1526,2620270195,16558026,1123968,0
240,1116544,145152,167168,0,3456,43072,459840,187968,109888,84928,1031616,0,1344,454528,0,0,0,0,0,0,45504,128,128,0,34112,0,0,0,107904,192,632,1523,1693865458,2480281553,988544,0
241,1116928,134400,166848,0,3648,20352,488384,227520,75776,50560,1066368,0,1408,482944,0,0,0,0,0,0,45504,128,128,64,38400,0,0,0,143040,256,649,1577,3796532232,2125684203,1046016,0
242,1116928,144448,167552,0,3584,20608,441664,220224,118848,93952,1022976,0,1408,436288,0,0,0,0,0,0,45696,64,128,64,31808,0,0,0,142272,192,651,1578,1681549326,888730,1002368,0
243,1116736,144960,168000,0,5824,20608,441792,178048,157504,132480,984256,0,1408,436288,0,0,0,0,0,0,45568,128,128,0,25408,0,0,0,106624,192,632,1516,209510842,2517992822,963648,0
244,1116672,133504,168000,0,6080,20096,439488,180416,169088,143872,972800,0,1408,434240,0,0,0,0,0,0,45312,64,128,64,25408,0,0,0,109312,128,629,1508,3909420039,3305538823,952704,0
245,1116800,144256,166720,0,3520,20864,472192,213440,95808,70592,1046208,0,1408,466944,0,0,0,0,0,0,45696,128,128,0,25216,0,0,0,142144,128,646,1565,2614683089,1807573092,1025344,0
246,1116800,144064,167552,0,3456,20864,467136,222272,91456,66112,1050688,0,1408,461696,0,0,0,0,0,0,45696,128,128,0,33664,0,0,0,142528,128,644,1562,1777817575,3066959749,1029824,0
247,1116864,134848,166912,0,3648,20672,460544,191296,138944,113856,1003008,0,1408,455296,0,0,0,0,0,0,45952,128,128,0,38080,0,0,0,106752,256,626,1515,1940600738,3311690835,982336,0
248,1116800,144512,166464,0,3584,21120,436608,184000,160512,134976,981824,0,1472,431232,0,0,0,0,0,0,46080,128,128,0,31104,0,0,0,106432,128,628,1518,860789505,808978675,960704,0
249,1116864,145408,166464,0,5824,20800,473600,212416,92352,66816,1050048,0,1408,468224,0,0,0,0,0,0,45568,128,128,0,25024,0,0,0,141440,128,645,1569,2664823533,4262727961,1029248,0
250,1116672,134464,167360,0,6080,20672,440384,212992,134720,106368,1010304,0,1408,435136,0,0,0,0,0,0,45696,64,128,0,25664,0,0,0,141248,192,641,1563,2151431169,494226274,989632,0
251,1116800,144896,167552,0,3456,20864,447360,177664,155008,128896,987904,0,1408,441920,0,0,0,0,0,0,45696,128,64,64,25344,0,0,0,106240,128,622,1514,3530391151,1210616043,967040,0
252,1116736,144960,166912,0,3392,20672,463360,185280,132160,100416,1016320,0,1344,457856,0,0,0,0,0,0,45376,128,128,0,33600,0,0,0,105920,128,624,1515,2160357945,3628787462,995648,0
253,1116672,134848,166976,0,3584,20608,510208,226496,53952,27840,1088832,0,1344,504768,0,0,0,0,0,0,46080,64,128,0,37632,0,0,0,142464,128,641,1569,2347567190,2484778339,1068224,0
254,1116992,144512,166208,0,3584,20608,450496,218688,112896,86528,1030464,0,1408,445056,0,0,0,0,0,0,45824,128,128,0,30528,0,0,0,141952,128,639,1562,2215081986,2856465948,1009856,0
255,1116992,145472,167424,0,5824,43008,451904,177792,125568,98944,1018048,0,1408,446592,0,0,0,0,0,0,45696,128,128,0,24768,0,0,0,106944,128,623,1508,577632116,3938786028,975040,0
256,1116544,133824,166976,0,6016,20864,470656,178304,139904,113408,1003136,0,1408,465472,0,0,0,0,0,0,45888,128,128,0,25024,0,0,0,106944,192,622,1503,1476019513,3013212029,982272,0
257,1116864,144960,167680,0,3456,21952,480064,212992,85760,65728,1051136,0,1408,474752,0,0,0,0,0,0,45696,128,128,0,24448,0,0,0,142400,192,618,1489,4014557539,1329774901,1029184,0
258,1116736,144448,167232,0,3520,9600,471296,220288,100352,77824,1038912,0,1280,465792,0,0,0,0,0,0,45568,64,128,64,32832,0,0,0,141504,128,618,1487,1256861438,385255234,1029312,0
259,1116864,133824,167936,0,3584,9664,488000,188288,125568,105408,1011456,0,1344,482624,0,0,0,0,0,0,45504,128,128,0,37248,0,0,0,105152,128,600,1436,1001218347,3360356966,1001792,0
260,1116672,143680,171072,0,3648,9536,479296,192704,116736,96704,1019968,0,1344,473984,0,0,0,0,0,0,47936,128,128,64,33536,0,0,0,110784,128,603,1437,3538345857,3103107788,1010432,0
261,1116800,144832,167232,0,6720,9664,481856,211200,95296,75328,1041472,0,1408,476544,0,0,0,0,0,0,45504,128,128,0,25216,0,0,0,140096,128,622,1486,2459473884,3633814596,1031808,0
262,1116928,133696,167360,0,5952,9600,476608,212224,111488,91328,1025600,0,1408,471296,0,0,0,0,0,0,45440,64,128,0,25472,0,0,0,140992,128,617,1476,2805225562,776753678,1016000,0
263,1116992,144384,166720,0,3456,9664,476480,177280,139008,118912,998080,0,1408,471168,0,0,0,0,0,0,46208,128,128,0,25664,0,0,0,105024,128,600,1429,3045006219,2421104723,988416,0
264,1676928,178368,166016,0,3520,10112,560384,185344,573184,552896,1124032,0,1344,555072,0,0,0,0,0,0,45824,128,128,0,33728,0,0,0,105344,192,591,1419,9385698,3574304819,1113920,0
265,1676928,164736,167040,0,3584,9536,593344,225280,513408,493440,1183488,0,1408,588032,0,0,0,0,0,0,45952,64,128,0,37952,0,0,0,141056,128,611,1468,140525835,2888933139,1173952,0
266,1116736,144512,167872,0,5888,9664,490624,217344,80832,60800,1055936,0,1344,485376,0,0,0,0,0,0,45056,64,128,64,31168,0,0,0,140736,128,611,1470,2223967049,1487337689,1046272,0
267,1116608,153920,166912,0,5824,9792,497856,176256,106048,86208,1030400,0,1344,492416,0,0,0,0,0,0,45952,64,128,64,24640,0,0,0,105280,128,586,1394,2089852648,1115115436,1020608,0
268,1116736,134656,166464,0,4864,9408,417152,175552,208640,183296,933440,0,1408,411904,0,0,0,0,0,0,45376,128,128,0,25024,0,0,0,104768,128,599,1409,3362206503,2109393516,924032,0
269,1116864,144896,166976,0,3520,32000,445824,211648,112000,91776,1025088,0,1408,440576,0,0,0,0,0,0,45440,128,128,0,25216,0,0,0,140608,128,606,1456,2088699879,2760570792,993088,0
270,1676864,158336,167808,0,3456,9408,553344,221952,562560,542400,1134464,0,1408,548096,0,0,0,0,0,0,45632,128,128,0,33728,0,0,0,142208,128,610,1463,687124906,3323536190,1125056,0
271,1116672,153536,168000,0,3648,9600,496320,190656,94912,75072,1041600,0,1408,491008,0,0,0,0,0,0,46016,64,192,64,37120,0,0,0,107072,128,593,1417,1874047169,603162317,1032000,0
272,1116864,145792,166400,0,3584,9344,404288,180992,206464,186688,930176,0,1344,398848,0,0,0,0,0,0,45824,128,128,0,29504,0,0,0,105280,128,596,1414,729958490,4029485155,920832,0
273,1116480,157440,166272,0,5888,10240,532608,211328,32704,13184,1103296,0,1344,527424,0,0,0,0,0,0,45376,64,128,0,24192,0,0,0,141376,192,615,1462,4198024891,2699783650,1093056,0
274,1117056,134848,167360,0,6080,9856,426432,210176,162304,142208,974848,0,1408,421056,0,0,0,0,0,0,45504,64,128,0,24704,0,0,0,139648,128,608,1451,970416768,736099426,964992,0
275,1116800,164928,166912,0,3456,9600,522240,175552,74112,53952,1062848,0,1408,516864,0,0,0,0,0,0,45696,64,128,0,23872,0,0,0,105600,192,597,1422,1140325987,2610069466,1053248,0
276,1116736,146752,167168,0,3456,9600,455552,184384,149824,129600,987136,0,1408,450240,0,0,0,0,0,0,45248,128,128,64,33216,0,0,0,105472,128,599,1433,3247138334,3695689188,977536,0
277,1116736,134016,167552,0,3584,9536,506688,224512,70848,50944,1065792,0,1344,501376,0,0,0,0,0,0,45184,128,128,0,37312,0,0,0,141568,192,620,1491,3049333429,472468791,1056256,0
278,1116928,161408,165824,0,3584,9344,469440,169536,137792,117568,999360,0,1408,464192,0,0,0,0,0,0,0,0,0,0,30912,0,0,0,138496,128,622,1494,4186402681,1619670489,990016,0
279,1116928,181184,167936,0,5760,9344,494592,127552,130560,110464,1006464,0,1408,489216,0,0,0,0,0,0,0,0,0,0,25024,0,0,0,102400,128,610,1437,724529998,214062765,997120,0
280,1116608,135488,166144,0,5632,9344,320896,126272,352832,332928,783680,0,1344,315584,0,0,0,0,0,0,0,0,0,0,25088,0,0,0,101056,128,614,1445,2742119566,3673330413,774336,0
281,1116736,165952,176704,0,11456,9408,435200,129984,188032,168128,948608,0,1408,429824,0,0,0,0,0,0,0,0,0,0,24832,0,0,0,105024,128,610,1444,183795323,1179415498,939200,0
282,1117120,233728,166208,0,4288,8960,481472,139584,82880,62592,1054528,0,1408,476224,0,0,0,0,0,0,0,0,0,0,37312,0,0,0,102080,192,611,1445,4254534933,4129567247,1045568,0
283,1116544,134592,166528,0,3456,9088,332288,97472,373120,353664,762880,0,1472,326912,0,0,0,0,0,0,0,0,0,0,33984,0,0,0,63360,128,581,1381,969746447,3174404472,753792,0
284,1116864,135232,165376,0,3456,31872,284736,87488,408704,383424,733440,0,1472,279424,0,0,0,0,0,0,0,0,0,0,24256,0,0,0,63104,128,583,1378,4007863238,994964390,701568,0
285,1116608,136576,166400,0,5632,9152,283520,73536,441792,419392,697216,0,1472,278272,0,0,0,0,0,0,0,0,0,0,11840,0,0,0,61568,128,587,1390,4014640444,934844291,688064,0
286,1116928,159232,166144,0,16832,9728,425856,86656,252480,232256,884672,0,1472,420480,0,0,0,0,0,0,0,0,0,0,23552,0,0,0,62976,128,580,1366,3229527444,399027372,874944,0
287,1677056,199808,167168,0,10240,21440,602368,135488,540544,520128,1156928,0,1408,596928,0,0,0,0,0,0,0,0,0,0,35776,0,0,0,99584,128,580,1381,870951903,2666468326,1135488,0
288,1676800,201152,166720,0,13632,21952,899456,168768,205120,184896,1491904,0,1472,894016,0,0,0,0,0,0,0,0,0,0,34176,0,0,0,134464,128,577,1380,1857800818,1014582284,1469952,0
289,1116800,169408,166080,0,6016,22208,340928,163904,248256,228480,888320,0,1408,335488,0,0,0,0,0,0,0,0,0,0,31616,0,0,0,132160,128,574,1372,1869531559,1652827645,866112,0
290,1116928,256576,166720,0,6528,22400,372736,153920,138048,105920,1011008,0,1408,367424,0,0,0,0,0,0,0,0,0,0,24192,0,0,0,129536,192,549,1355,138746842,150280080,988608,0
291,1116480,251008,166144,0,6720,21760,321088,134592,215168,195136,921344,0,1408,315712,0,0,0,0,0,0,0,0,0,0,24128,0,0,0,110272,192,546,1351,1155083053,1700424547,899584,0
292,1677184,177920,165824,0,6720,9600,624320,149632,543168,522880,1154304,0,1408,618880,0,0,0,0,0,0,0,0,0,0,38144,0,0,0,111360,128,547,1359,2610637580,902098202,1144704,0
293,1116864,151552,166784,0,4864,9280,402624,168832,212928,192960,923904,0,1344,397248,0,0,0,0,0,0,0,0,0,0,58048,0,0,0,110656,128,551,1365,1744484422,2732820676,914624,0
294,1676928,178880,165824,0,11008,9344,729024,216064,366784,346048,1330880,0,1408,723712,0,0,0,0,0,0,128,64,66688,0,41856,0,0,0,107200,128,573,1429,1870225117,998284878,1321536,0
295,1116608,156288,165760,0,3520,9152,361152,211904,208832,188800,927808,0,1472,355584,0,0,0,0,0,0,128,64,67200,64,38208,0,0,0,106112,128,570,1412,768816647,3293857833,918656,0
296,1116928,123840,165248,0,3584,9088,356288,211840,247040,227008,889920,0,1472,350784,0,0,0,0,0,0,128,64,66944,64,38336,0,0,0,106176,128,564,1395,868870387,3834727172,880832,0
297,1116992,125184,165632,0,3584,31104,329472,148736,313280,292736,824256,0,1408,324160,0,0,0,0,0,0,0,0,0,0,46208,0,0,0,102400,128,567,1410,1050926740,2209973539,793152,0
298,1116480,125504,166208,0,3584,9344,353856,150208,307776,287680,828800,0,1408,348544,0,0,0,0,0,0,0,0,0,0,44928,0,0,0,105152,128,555,1382,518397094,1111813326,819456,0
299,1116736,125568,165376,0,3520,9088,353408,147072,312704,292672,824064,0,1344,348096,0,0,0,0,0,0,0,0,0,0,44480,0,0,0,102400,192,567,1405,1653796776,530552286,814976,0
300,1116800,125760,165504,0,3648,9088,353280,99392,360128,334592,782208,0,1408,347712,0,0,0,0,0,0,0,0,0,0,36352,0,0,0,62912,128,554,1367,2118116812,2136301523,773120,0
301,1116864,125504,167040,0,3584,9344,342912,99328,369152,349184,767680,0,1344,337536,0,0,0,0,0,0,0,0,0,0,36160,0,0,0,62976,192,551,1355,3042527409,1917559719,758336,0
302,1116608,124672,165696,0,4352,9088,349760,99904,363136,343040,773568,0,1408,344512,0,0,0,0,0,0,0,0,0,0,36608,0,0,0,63104,192,549,1357,871490199,830320847,764480,0
303,1116800,126144,167104,0,3584,9280,351872,108416,350400,330560,786240,0,1408,346432,0,0,0,0,0,0,0,0,0,0,44800,0,0,0,63424,192,540,1336,1184953161,3509676592,776960,0
304,1116736,191488,166016,0,3584,9280,400768,109632,235968,216128,900608,0,1408,395392,0,0,0,0,0,0,0,0,0,0,44096,0,0,0,65408,128,547,1351,233754871,1316387078,891328,0
305,1116864,173568,165824,0,3520,9536,354880,108160,301376,281600,835264,0,1344,349440,0,0,0,0,0,0,0,0,0,0,43136,0,0,0,64896,128,547,1350,1341391888,3505790213,825728,0
306,1116544,125312,166592,0,3584,9088,280064,100160,431744,411840,704704,0,1408,274752,0,0,0,0,0,0,0,0,0,0,36992,0,0,0,63040,128,556,1364,1604159028,3539454432,695616,0
307,1116992,126080,165120,0,3520,9152,307456,92032,413632,393600,723392,0,1344,302080,0,0,0,0,0,0,0,0,0,0,28224,0,0,0,63616,192,559,1368,3922258155,3361526671,714240,0
308,1116480,124928,170816,0,3584,9216,322112,91968,393856,374400,742080,0,1408,316672,0,0,0,0,0,0,0,0,0,0,28288,0,0,0,63552,128,566,1375,4279968141,37375621,732864,0
309,1116992,122560,171008,0,5632,9344,305600,85184,417664,397632,719360,0,1408,300160,0,0,0,0,0,0,0,0,0,0,21568,0,0,0,63488,128,566,1372,1055445204,272105146,710016,0
310,1677248,587392,170496,0,4928,9152,412096,83264,409920,390016,1287232,0,1408,406592,0,0,0,0,0,0,0,0,0,0,19968,0,0,0,63168,128,560,1369,1499280089,2405711964,1278080,0
311,1116736,136064,189696,0,6848,12096,445120,109696,217216,187712,929024,0,1920,436224,0,0,0,0,0,0,0,0,0,0,40640,0,0,0,68928,128,561,1384,1269245694,1367426222,916928,0
312,1116736,167232,172096,0,12416,31936,432704,93504,206848,186368,930368,0,1472,427392,0,0,0,0,0,0,0,0,0,0,29248,0,0,0,64064,192,553,1367,140335292,3537027573,898432,0
313,1116992,169984,170752,0,3840,9344,428608,101568,232896,212800,904192,0,1472,423104,0,0,0,0,0,0,0,0,0,0,37312,0,0,0,64064,192,556,1381,3607824563,529280113,894848,0
314,1676928,180480,170816,0,3776,21568,660480,152128,487680,467648,1209280,0,1472,655040,0,0,0,0,0,0,0,0,0,0,37568,0,0,0,114432,128,550,1369,3856363877,2242025253,1187712,0
315,1116736,170368,166592,0,3840,22016,291136,153088,309696,289664,827072,0,1408,285888,0,0,0,0,0,0,0,0,0,0,42112,0,0,0,110848,128,550,1374,547702437,3944724934,805056,0
316,1116800,147520,165504,0,3840,22080,344896,150336,282624,257280,859520,0,1408,339584,0,0,0,0,0,0,0,0,0,0,37504,0,0,0,112704,128,545,1366,1913805467,675940706,837440,0
317,1116800,159936,166784,0,3840,22016,292032,142336,329856,309824,806976,0,1536,286720,0,0,0,0,0,0,0,0,0,0,29888,0,0,0,112320,128,547,1366,2989787482,622077208,784960,0
318,1116864,169920,168704,0,4928,9856,327296,141120,295040,275072,841792,0,1472,321792,0,0,0,0,0,0,0,0,0,0,29824,0,0,0,111168,128,544,1357,460411749,3310978389,831936,0
319,1116736,145472,171520,0,6080,9216,416000,135424,233024,213120,903616,0,1408,410752,0,0,0,0,0,0,0,0,0,0,24704,0,0,0,110592,128,544,1357,1295358281,1299918857,894400,0
320,1116544,154240,170752,0,4992,9344,461888,123328,192000,172224,944320,0,1344,456384,0,0,0,0,0,0,0,0,0,0,13184,0,0,0,110016,128,554,1361,1913077263,3891650653,934976,0
321,1117056,136576,169728,0,3648,9408,487616,132992,177088,156928,960128,0,1408,482048,0,0,0,0,0,0,0,0,0,0,22784,0,0,0,110080,128,550,1360,583427440,1524221580,950720,0
322,1120384,126080,170048,0,3584,9216,446848,131968,232640,208512,911872,0,1344,441536,0,0,0,0,0,0,0,0,0,0,21440,0,0,0,110400,128,543,1352,1499330154,161242570,902656,0
323,1113216,136192,171200,0,4544,9216,445696,74688,271680,251392,861824,0,1408,440320,0,0,0,0,0,0,0,0,0,0,11776,0,0,0,62784,128,544,1348,689409054,4035668503,852608,0
324,1116608,136960,170880,0,3584,9152,440768,73984,281280,261376,855232,0,1408,435392,0,0,0,0,0,0,0,0,0,0,12160,0,0,0,61696,128,545,1350,1514083273,556563440,846080,0
325,1116736,214016,166848,0,3648,9216,398336,77440,247232,227392,889344,0,1408,392896,0,0,0,0,0,0,0,0,0,0,11712,0,0,0,65536,192,532,1324,2029263009,3467814716,880128,0
326,1116928,135744,165760,0,5888,9472,332672,75584,391808,371776,745152,0,1536,327168,0,0,0,0,0,0,0,0,0,0,11712,0,0,0,63744,128,533,1332,2475692756,4192899666,735680,0
327,1116608,135168,166080,0,5824,31616,395904,84800,297216,277120,839488,0,1408,390528,0,0,0,0,0,0,0,0,0,0,21824,0,0,0,62848,128,549,1354,2752523674,3155363163,807872,0
328,1117120,125568,165120,0,4864,9344,399424,82048,330752,310848,806272,0,1408,393984,0,0,0,0,0,0,0,0,0,0,19968,0,0,0,61888,192,548,1349,3092547297,2595275087,796928,0
329,1116352,186752,165312,0,3520,9152,446464,75584,229568,209792,906560,0,1408,441216,0,0,0,0,0,0,0,0,0,0,12032,0,0,0,63424,128,534,1318,545155389,1340300160,897408,0
330,1117120,135680,165376,0,3520,9152,365504,74752,363136,343232,773888,0,1408,360192,0,0,0,0,0,0,0,0,0,0,11968,0,0,0,62656,128,526,1305,2780439583,935714130,764736,0
331,1116608,124864,165568,0,3520,9216,367360,75328,370752,351040,765568,0,1408,361920,0,0,0,0,0,0,0,0,0,0,12032,0,0,0,63104,192,528,1312,1200797410,3402538011,756352,0
332,1116992,186112,165952,0,3520,9280,446976,75200,229952,204224,912768,0,1408,441536,0,0,0,0,0,0,0,0,0,0,11712,0,0,0,63296,192,538,1328,2431449516,4196694318,903488,0
333,1116928,135488,165504,0,3520,9216,333312,85376,384512,364032,752896,0,1408,327936,0,0,0,0,0,0,0,0,0,0,21824,0,0,0,63424,128,542,1339,1386603716,1830047430,743680,0
334,1116608,125248,164608,0,3584,9088,319232,83264,411584,391488,725120,0,1408,313792,0,0,0,0,0,0,0,0,0,0,19840,0,0,0,63296,128,541,1334,4111630090,1841583906,716032,0
335,1116800,136000,165632,0,3584,9024,318464,73984,410112,390016,726784,0,1344,312960,0,0,0,0,0,0,0,0,0,0,11712,0,0,0,62144,128,542,1335,1444048546,304663614,717760,0
336,1116736,135936,165248,0,3456,9344,315008,74624,413120,393280,723456,0,1472,309632,0,0,0,0,0,0,0,0,0,0,12032,0,0,0,62464,128,547,1345,311391974,3086077985,714112,0
337,1116736,125760,164800,0,3456,9088,268544,74624,470464,450432,666304,0,1344,263168,0,0,0,0,0,0,0,0,0,0,12224,0,0,0,62208,192,550,1350,84050416,3111643523,657216,0
338,1116672,135744,164736,0,3456,9280,265472,77504,460480,440576,676096,0,1408,260096,0,0,0,0,0,0,0,0,0,0,11904,0,0,0,65472,128,549,1347,1454776363,2066975792,666816,0
339,1117120,154816,165888,0,5760,9280,418368,85504,277504,257280,859840,0,1408,412864,0,0,0,0,0,0,0,0,0,0,21568,0,0,0,63808,128,553,1355,3805572292,1864238120,850560,0
340,1116544,124096,166528,0,4864,9216,290368,83008,438464,418560,697984,0,1408,284992,0,0,0,0,0,0,0,0,0,0,19712,0,0,0,63168,128,557,1366,4238344603,3949346216,688768,0
341,1116864,137536,165760,0,3456,9024,296064,73728,431296,411200,705664,0,1408,290752,0,0,0,0,0,0,0,0,0,0,12032,0,0,0,61504,192,555,1361,3368077836,3450514098,696640,0
342,1116736,136128,164736,0,3520,9280,269376,75456,458240,438144,678592,0,1472,263936,0,0,0,0,0,0,0,0,0,0,11648,0,0,0,63680,128,552,1357,1484467996,3580829138,669312,0
343,1116800,170112,166592,0,11392,31552,518720,97280,121152,101184,1015616,0,1408,513472,0,0,0,0,0,0,0,0,0,0,32000,0,0,0,65152,128,557,1373,518958196,3735015115,984064,0
344,1116864,164672,165504,0,3648,9344,425856,99648,248192,228544,888320,0,1408,420608,0,0,0,0,0,0,0,0,0,0,35136,0,0,0,64384,128,558,1381,2260094996,3893758287,878976,0
345,1116800,159040,165696,0,6144,9472,424064,98752,253632,233664,883136,0,1408,418752,0,0,0,0,0,0,0,0,0,0,34304,0,0,0,64320,128,551,1378,356232010,937048481,873664,0
346,1116928,164288,166272,0,3712,9088,378624,95744,299200,279232,837696,0,1408,373376,0,0,0,0,0,0,0,0,0,0,31680,0,0,0,63936,128,545,1357,80088257,3297252225,828608,0
347,1116800,156032,166400,0,3712,22208,272320,88064,408064,388160,728640,0,1408,267008,0,0,0,0,0,0,0,0,0,0,24000,0,0,0,63872,192,558,1388,546642517,301992868,706432,0
348,1116672,124928,166464,0,5952,9344,294336,88000,427648,402240,714432,0,1408,289088,0,0,0,0,0,0,0,0,0,0,24384,0,0,0,63424,192,557,1377,4155460339,1901380851,705088,0
349,1116992,162432,167040,0,4864,9216,396672,100288,276480,256512,860480,0,1408,391232,0,0,0,0,0,0,0,0,0,0,36800,0,0,0,63360,128,572,1406,3154771052,420548735,851264,0
350,1676928,184896,165376,0,10752,9408,757056,106816,442624,422400,1254528,0,1472,751552,0,0,0,0,0,0,0,0,0,0,40576,0,0,0,66048,192,551,1378,3592219309,3208328239,1245120,0
351,1116544,160512,167104,0,4032,9216,405888,104000,265792,245952,870592,0,1408,400384,0,0,0,0,0,0,0,0,0,0,38720,0,0,0,65152,128,545,1371,1277810329,154880472,861376,0
352,1116736,155904,169344,0,5056,9280,431424,92672,253056,232960,883776,0,1408,426048,0,0,0,0,0,0,0,0,0,0,28544,0,0,0,64000,128,551,1371,3834583410,2949686378,874496,0
353,1677120,300736,165376,0,14528,9472,744256,178048,264704,244224,1432896,0,1408,738816,0,0,0,0,0,0,128,128,78400,64,29248,0,0,0,69952,128,575,1389,3600580630,742100093,1423424,0
354,1116800,164608,166720,0,6912,9344,417024,175360,176832,156480,960320,0,1408,411584,0,0,0,0,0,0,128,64,78976,0,29760,0,0,0,66304,128,586,1408,2573747833,1601072810,950976,0
355,1116608,146368,166784,0,4800,9216,430656,182528,176256,156160,960448,0,1408,425344,0,0,0,0,0,0,64,64,77504,0,38784,0,0,0,65984,128,604,1429,760820229,2615688825,951232,0
356,1116992,134464,167424,0,5888,9408,421248,185280,193280,173120,943872,0,1408,416000,0,0,0,0,0,0,128,64,79680,64,37696,0,0,0,67520,128,589,1399,1621067892,3626293583,934464,0
357,1117376,144576,167168,0,6080,31488,444608,176576,146880,125952,991424,0,1408,439296,0,0,0,0,0,0,64,64,79680,64,29440,0,0,0,67072,192,582,1383,4260764461,1497361148,959936,0
358,2236800,926912,165504,0,12864,22400,657536,211584,240000,219904,2016896,0,1408,652096,0,0,0,0,0,0,128,64,79040,0,63744,0,0,0,68480,128,574,1389,3339292509,43756042,1994496,0
359,1116416,186304,166208,0,4032,22400,537088,111808,88576,68800,1047616,0,1408,531712,0,0,0,0,0,0,0,0,0,0,45568,0,0,0,66112,128,580,1406,1195549026,89533573,1025216,0
360,1116800,142656,166464,0,3520,22528,258624,110272,412736,392768,724032,0,1472,253184,0,0,0,0,0,0,0,0,0,0,45056,0,0,0,65024,192,585,1419,3691339966,4066004180,701504,0
361,1116736,143424,165568,0,3520,9216,293312,111360,390336,370304,746432,0,1344,287936,0,0,0,0,0,0,0,0,0,0,44544,0,0,0,66688,128,584,1421,3496780279,1785610269,737216,0
362,1116864,163136,166400,0,3520,9280,260544,107840,406144,385984,730880,0,1472,255232,0,0,0,0,0,0,0,0,0,0,41792,0,0,0,65856,192,576,1397,1556924668,224649634,721600,0
363,1116800,160192,166016,0,3520,9472,367872,109568,300160,280128,836672,0,1472,362432,0,0,0,0,0,0,0,0,0,0,41152,0,0,0,68288,128,578,1391,2214238202,444791423,827200,0
364,1116928,143680,167296,0,3584,9216,405696,101696,285760,260032,856896,0,1408,400384,0,0,0,0,0,0,0,0,0,0,34560,0,0,0,67008,128,577,1376,1172536459,2568229254,847680,0
365,1116544,135040,178240,0,3520,9344,343680,104640,342080,322368,794176,0,1408,338368,0,0,0,0,0,0,0,0,0,0,33536,0,0,0,70912,192,574,1376,2018902855,3810059303,784832,0
366,1116992,135168,165440,0,4352,9344,379584,98624,324480,304384,812608,0,1408,374208,0,0,0,0,0,0,0,0,0,0,32960,0,0,0,65536,128,577,1385,3140361246,2862274303,803264,0
367,1116608,134336,166080,0,3520,9216,344704,87936,370816,350720,765888,0,1408,339328,0,0,0,0,0,0,0,0,0,0,22144,0,0,0,65664,128,559,1337,1568633511,2028590161,756672,0
368,1116992,135424,165504,0,3520,9472,336512,87424,379136,359040,757952,0,1408,331200,0,0,0,0,0,0,0,0,0,0,22080,0,0,0,65152,192,560,1338,3968207755,426205270,748480,0
369,1676992,167616,165056,0,11136,22976,667840,127424,514944,494528,1182464,0,1408,662400,0,0,0,0,0,0,0,0,0,0,22080,0,0,0,105152,192,591,1411,4163648444,3280689680,1159488,0
370,1116352,137344,165888,0,3584,9600,290944,116480,392512,372800,743552,0,1472,285376,0,0,0,0,0,0,0,0,0,0,13248,0,0,0,103040,192,579,1381,2683021548,1477064325,733952,0
371,1117120,136960,165248,0,3520,44416,289088,115904,361984,341952,775168,0,1408,283712,0,0,0,0,0,0,0,0,0,0,13248,0,0,0,102528,128,581,1388,320709156,3489645805,730752,0
372,1116736,225344,166336,0,3584,9408,540096,116480,55488,35456,1081280,0,1728,534208,0,0,0,0,0,0,0,0,0,0,13184,0,0,0,103168,128,569,1358,3804413014,3461211094,1071872,0
373,1116736,146560,166400,0,10688,9472,329664,126208,327744,307840,808896,0,1408,324416,0,0,0,0,0,0,0,0,0,0,23168,0,0,0,102912,128,579,1385,2808836928,907332371,799424,0
374,1116864,134784,165184,0,3712,9472,332096,125376,346240,326144,790720,0,1408,326592,0,0,0,0,0,0,0,0,0,0,21376,0,0,0,103808,192,578,1377,3289451711,4028350563,781248,0
375,2237120,821824,166528,0,3840,9472,629248,167680,438528,418560,1818560,0,1408,623936,0,0,0,0,0,0,128,128,85440,64,13888,0,0,0,67904,128,595,1398,220174243,3633152219,1809088,0
376,1116928,196032,167168,0,3840,9600,377280,149888,213120,193088,923840,0,1408,371904,0,0,0,0,0,0,128,128,69120,0,13568,0,0,0,66816,128,584,1380,347526245,3492569504,914240,0
377,1116736,176320,167104,0,6144,23168,352192,151360,240448,220480,896256,0,1472,346880,0,0,0,0,0,0,64,64,59904,64,23552,0,0,0,67584,128,593,1392,183347536,969198717,873088,0
378,1116608,176000,166784,0,6016,9664,352000,160064,246080,223360,893248,0,1408,346688,0,0,0,0,0,0,128,128,70528,64,21440,0,0,0,67648,128,586,1383,3144404993,3097175170,883584,0
379,1116672,194112,169024,0,5120,9280,454592,151808,132736,112896,1003776,0,1408,449280,0,0,0,0,0,0,64,64,56832,64,26112,0,0,0,68544,128,584,1376,544406344,507494852,994496,0
380,1677248,218688,166528,0,14016,23040,546304,178368,530304,504512,1172736,0,1408,540992,0,0,0,0,0,0,64,64,70848,64,37504,0,0,0,69632,192,609,1423,755009625,4117343886,1149696,0
381,1676928,266048,166720,0,4864,22912,649792,161920,404672,384640,1292288,0,1472,644160,0,0,0,0,0,0,0,0,0,0,44672,0,0,0,117120,128,572,1377,3019649534,3400495285,1269376,0
382,1116992,179840,165824,0,6016,22848,327872,152000,262592,242368,874624,0,1472,322560,0,0,0,0,0,0,0,0,0,0,38272,0,0,0,113536,192,567,1364,3535720562,461052968,851776,0
383,1116672,169216,166016,0,4992,23168,324416,148992,279872,259968,856704,0,1472,319040,0,0,0,0,0,0,0,0,0,0,36224,0,0,0,112640,128,571,1374,3034721260,1539681201,833536,0
384,1116800,176576,165952,0,3648,45888,276032,135424,313280,293312,823488,0,1408,270592,0,0,0,0,0,0,0,0,0,0,22528,0,0,0,112768,128,571,1375,3030830123,2419226218,777600,0
385,1117056,177536,164864,0,5376,9536,319808,135104,304832,284736,832320,0,1408,314432,0,0,0,0,0,0,0,0,0,0,22784,0,0,0,112128,192,576,1369,3532543474,1271682532,822784,0
386,1116288,175296,165824,0,3712,9408,353408,135104,273536,253824,862464,0,1408,347968,0,0,0,0,0,0,0,0,0,0,22720,0,0,0,112192,192,575,1379,1292043452,3898167365,853056,0
387,1117184,221504,166016,0,3712,9216,384768,145920,186048,166016,951168,0,1472,379392,0,0,0,0,0,0,0,0,0,0,32256,0,0,0,113536,128,591,1404,3667924808,2210782423,941952,0
388,1116608,165056,164800,0,3584,9472,384832,144000,244864,225024,891584,0,1408,379392,0,0,0,0,0,0,0,0,0,0,31040,0,0,0,112832,128,597,1416,2547246487,2184802343,882112,0
389,1117120,163456,165184,0,3712,9216,380928,133888,260736,240576,876544,0,1472,375424,0,0,0,0,0,0,0,0,0,0,21504,0,0,0,112256,128,602,1438,2231781780,806970604,867328,0
390,1116864,163520,164160,0,5888,9472,410112,76864,286848,266816,850048,0,1472,404736,0,0,0,0,0,0,0,0,0,0,12224,0,0,0,64512,128,603,1435,2839996967,1391258676,840576,0
391,1116608,180992,165312,0,6080,9344,479872,76736,198272,178432,938176,0,1408,474560,0,0,0,0,0,0,0,0,0,0,12096,0,0,0,64512,128,603,1438,41820691,3703927564,928832,0
392,1116800,172608,167488,0,3584,9344,380352,76928,306496,286336,830464,0,1344,375040,0,0,0,0,0,0,0,0,0,0,12416,0,0,0,64384,128,612,1451,2124083543,694442712,821120,0
393,1116928,174144,164992,0,3648,9408,402432,86080,276224,256064,860864,0,1408,396992,0,0,0,0,0,0,0,0,0,0,21760,0,0,0,64128,192,615,1472,3629174880,1757267155,851456,0
394,1116480,163904,165184,0,3520,9472,395456,85760,293184,273344,843136,0,1344,390080,0,0,0,0,0,0,0,0,0,0,19904,0,0,0,65728,128,608,1457,2392378540,728355920,833664,0
395,1117120,191488,166912,0,3712,9344,513472,97344,134848,114624,1002496,0,1408,508096,0,0,0,0,0,0,0,0,0,0,12992,0,0,0,84224,128,610,1456,853963317,1670645743,993152,0
396,1116864,180160,166144,0,3776,9536,523840,97472,135936,110464,1006400,0,1408,518464,0,0,0,0,0,0,0,0,0,0,12800,0,0,0,84544,128,613,1476,3477692250,1141710263,996864,0
397,1116736,172160,167296,0,3840,9344,388096,97472,278528,258560,858176,0,1472,382592,0,0,0,0,0,0,0,0,0,0,12544,0,0,0,84800,128,607,1450,1818928328,913574192,848832,0
398,1678528,227264,167552,0,6208,20224,526528,159488,571264,549568,1128960,0,1472,521088,0,0,0,0,0,0,0,0,0,0,27136,0,0,0,132224,128,640,1527,3439861210,2590319907,1108736,0
399,1116800,134656,165568,0,6592,43456,333888,136896,295744,273984,842816,0,1408,328512,0,0,0,0,0,0,0,0,0,0,24704,0,0,0,112064,128,632,1514,882802870,1129155371,799360,0
400,1116672,144704,164992,0,6464,20672,328448,134592,316800,295488,821184,0,1408,323008,0,0,0,0,0,0,0,0,0,0,22016,0,0,0,112384,192,629,1511,3742341642,3699810586,800512,0
401,1116928,146304,164672,0,5760,20928,351104,124864,303296,281408,835520,0,1344,345792,0,0,0,0,0,0,0,0,0,0,13696,0,0,0,110976,192,627,1511,4262272832,212949009,814592,0
402,1116736,161024,165952,0,4864,21056,419264,124480,220096,198272,918464,0,1408,413952,0,0,0,0,0,0,0,0,0,0,13952,0,0,0,110400,128,629,1507,3183495992,3667988851,897408,0
403,1116928,133440,165312,0,3456,20480,361344,135296,297600,275328,841600,0,1408,355904,0,0,0,0,0,0,0,0,0,0,23168,0,0,0,112000,128,630,1520,1568212522,187669168,821120,0
404,1116608,134976,165440,0,3520,20672,365184,92224,334592,313024,803584,0,1408,359808,0,0,0,0,0,0,0,0,0,0,20352,0,0,0,71744,128,613,1459,1159900002,1293580406,782912,0
405,1117056,145984,164992,0,3520,20288,453696,93120,235456,213504,903552,0,1408,448448,0,0,0,0,0,0,0,0,0,0,20288,0,0,0,72704,128,617,1461,467788961,1729345361,883264,0
406,1116480,134336,169024,0,3456,20480,381568,85312,322304,300800,815680,0,1344,376064,0,0,0,0,0,0,0,0,0,0,13056,0,0,0,72128,128,614,1451,831969342,3129091192,795200,0
407,1116480,134144,166016,0,4416,34304,382656,85568,309376,287936,828544,0,1408,377216,0,0,0,0,0,0,0,0,0,0,12864,0,0,0,72576,128,615,1456,2410605815,1085551313,794240,0
408,1117120,133632,164992,0,3456,20672,392640,84608,317120,295424,821696,0,1344,387328,0,0,0,0,0,0,0,0,0,0,12800,0,0,0,71680,128,614,1449,597805057,3032808524,801024,0
409,1677120,333376,166784,0,10240,20672,491776,105536,548736,526592,1150528,0,1408,486464,0,0,0,0,0,0,0,0,0,0,32704,0,0,0,72704,128,603,1450,553149675,353978519,1129856,0
410,1116480,133056,165440,0,3584,20736,384512,105152,304000,282176,834304,0,1408,379136,0,0,0,0,0,0,0,0,0,0,31552,0,0,0,73472,128,603,1446,8241186,2654397538,813568,0
411,1116928,133760,165888,0,3520,21184,386688,103744,302144,280448,836480,0,1344,381312,0,0,0,0,0,0,0,0,0,0,31552,0,0,0,72064,128,599,1444,2312898449,2326355187,815296,0
412,1116928,152384,167040,0,5760,20544,493952,97216,180032,152640,964288,0,1472,488704,0,0,0,0,0,0,0,0,0,0,24448,0,0,0,72512,256,604,1446,519108652,1215955869,943744,0
413,1116800,134336,166336,0,5760,21248,409408,95872,283840,262400,854400,0,1472,403968,0,0,0,0,0,0,0,0,0,0,25024,0,0,0,70720,128,604,1442,2375430410,2572073861,833152,0
414,1116736,133952,167168,0,4864,42496,425536,96640,246080,224320,892416,0,1408,420224,0,0,0,0,0,0,0,0,0,0,24384,0,0,0,72128,128,618,1470,1497653476,2015840864,849920,0
415,1116992,133760,166016,0,3456,20352,448576,105920,238912,217152,899840,0,1408,443264,0,0,0,0,0,0,0,0,0,0,32576,0,0,0,73216,128,603,1452,2773112236,2562154966,879488,0
416,1116800,134528,165376,0,3456,20672,421120,104768,266880,245056,871744,0,1344,415744,0,0,0,0,0,0,0,0,0,0,31488,0,0,0,73152,128,592,1441,1691343118,3262460841,851072,0
417,1117056,133824,164800,0,3456,20288,430976,92608,271104,248960,868096,0,1344,425600,0,0,0,0,0,0,0,0,0,0,20480,0,0,0,72000,128,587,1433,3344289914,2082144081,847808,0
418,1116416,196352,165696,0,3520,20032,428480,84288,218048,196224,920192,0,1472,423040,0,0,0,0,0,0,0,0,0,0,12800,0,0,0,71360,128,590,1435,2434633417,2676027714,900160,0
419,1116672,152064,165440,0,3456,21248,493952,86912,193600,172096,944576,0,1344,488704,0,0,0,0,0,0,0,0,0,0,12736,0,0,0,74048,128,617,1468,471921262,3945076381,923328,0
420,1116736,144192,164800,0,5632,20672,430592,85440,265408,244032,872704,0,1408,425408,0,0,0,0,0,0,0,0,0,0,12864,0,0,0,72384,192,611,1442,1966430582,1681417273,852032,0
421,1116992,144704,165632,0,5824,20672,448128,94080,237952,216064,900928,0,1408,442816,0,0,0,0,0,0,0,0,0,0,22016,0,0,0,71936,128,611,1443,1070843946,1586292300,880256,0
422,1116928,134592,165312,0,2176,20288,428224,93376,272960,250944,865984,0,1408,422912,0,0,0,0,0,0,0,0,0,0,20544,0,0,0,72704,128,602,1431,2875970322,1827124638,845696,0
423,1116672,143744,165696,0,2176,20544,430016,84800,269696,248128,868544,0,1408,424640,0,0,0,0,0,0,0,0,0,0,12992,0,0,0,71680,128,606,1436,497753378,3486498243,848000,0
424,1116864,145472,166272,0,2176,20928,461376,84608,236032,214272,902592,0,1408,456064,0,0,0,0,0,0,0,0,0,0,12800,0,0,0,71680,128,614,1460,3214872274,1558129851,881664,0
425,1116864,134400,166400,0,2176,20736,388352,83648,321152,299136,817728,0,1408,382976,0,0,0,0,0,0,0,0,0,0,12864,0,0,0,70592,192,611,1457,2292145814,1083855592,796992,0
426,1116672,163136,165568,0,10496,20992,526464,98496,131520,109568,1007104,0,1408,520960,0,0,0,0,0,0,0,0,0,0,24832,0,0,0,73472,192,601,1424,1673371975,633560820,986112,0
427,1116992,144896,166016,0,3520,20288,459904,106816,215552,193600,923392,0,1408,454400,0,0,0,0,0,0,0,0,0,0,33536,0,0,0,73152,128,600,1418,2281347572,1962067484,903104,0
428,1116800,154880,178240,0,3392,20864,585856,104064,69504,41984,1074816,0,1344,580416,0,0,0,0,0,0,0,0,0,0,30976,0,0,0,72896,192,596,1420,4254835117,3934783605,1053952,0
429,1116800,144512,166848,0,4352,42624,369728,104064,284672,262848,853952,0,1408,364416,0,0,0,0,0,0,0,0,0,0,31488,0,0,0,72448,128,603,1437,2335122901,2840429841,811328,0
430,1116544,146112,166720,0,3392,20480,359104,102528,318208,296640,819904,0,1472,353664,0,0,0,0,0,0,0,0,0,0,30720,0,0,0,71616,192,605,1440,2309457002,563639144,799424,0
431,1677120,346176,166144,0,3584,20800,477632,103680,559104,537600,1139520,0,1408,472192,0,0,0,0,0,0,0,0,0,0,30656,0,0,0,72832,192,601,1430,3255585181,2688109687,1118720,0
432,1116992,151296,165952,0,3520,20416,492224,112064,171520,149696,967296,0,1344,486848,0,0,0,0,0,0,0,0,0,0,38080,0,0,0,73856,128,598,1446,1098398716,2053432094,946880,0
433,1116800,147200,168576,0,9472,20672,399744,110784,260352,238528,878272,0,1408,394240,0,0,0,0,0,0,0,0,0,0,37696,0,0,0,72960,128,604,1456,1245964914,2798324450,857600,0
434,1116864,170816,170560,0,6272,20160,605504,105536,38016,16448,1100416,0,1344,600256,0,0,0,0,0,0,0,0,0,0,31488,0,0,0,73856,192,601,1444,3477136476,3617555015,1080256,0
435,1116800,331904,171584,0,6208,20672,418560,97024,70848,48896,1067904,0,1408,413312,0,0,0,0,0,0,0,0,0,0,24064,0,0,0,72832,128,592,1439,3923210945,3140900198,1047232,0
436,1116864,135360,171392,0,4608,20480,333184,97024,354816,333184,783680,0,1408,327936,0,0,0,0,0,0,0,0,0,0,24640,0,0,0,72256,128,595,1427,3040942891,4002333121,763200,0
437,1116736,133312,168384,0,12928,34496,625856,85120,56640,34880,1081856,0,1408,620416,0,0,0,0,0,0,0,0,0,0,12736,0,0,0,72256,128,605,1427,621478908,3376118491,1047360,0
438,1676992,167232,170432,0,12224,23296,666816,95680,541312,519872,1157120,0,1472,661440,0,0,0,0,0,0,0,0,0,0,30720,0,0,0,64768,192,609,1451,611435671,1446234715,1133824,0
439,1115392,136384,170752,0,3520,9088,356416,93824,345408,325440,789952,0,1408,350976,0,0,0,0,0,0,0,0,0,0,29888,0,0,0,63744,192,598,1436,932826830,1741060842,780864,0
440,1116864,155136,169664,0,3584,22976,554880,95744,114880,94784,1022080,0,1408,549376,0,0,0,0,0,0,0,0,0,0,30656,0,0,0,64960,128,591,1424,2439376692,185538819,999104,0
441,1116736,135872,164608,0,3648,9280,346432,96192,360704,340800,775936,0,1408,341120,0,0,0,0,0,0,0,0,0,0,29504,0,0,0,66560,128,586,1407,1257463526,2463546891,766656,0
442,1117056,145472,165440,0,3584,9280,354432,93504,345344,325184,791872,0,1344,349120,0,0,0,0,0,0,0,0,0,0,28992,0,0,0,64384,128,575,1412,2066719577,1989941106,782592,0
443,1116928,174272,165504,0,10368,32064,554368,92800,87552,67200,1049728,0,1408,548992,0,0,0,0,0,0,0,0,0,0,27840,0,0,0,64832,128,582,1398,1025892096,633822736,1017664,0
444,1676864,184960,168064,0,3648,22848,742272,146752,408320,383040,1293824,0,1408,736896,0,0,0,0,0,0,0,0,0,0,29632,0,0,0,116928,192,589,1429,3322070061,375997206,1270976,0
445,1116544,172032,171136,0,3648,23360,343360,140928,262080,242496,874048,0,1408,337856,0,0,0,0,0,0,0,0,0,0,29056,0,0,0,111744,128,584,1413,1602481787,288794871,850688,0
446,1117056,162240,172992,0,3584,22976,291072,139968,324224,304192,812864,0,1344,285632,0,0,0,0,0,0,0,0,0,0,28608,0,0,0,111232,128,587,1421,2805954432,2073852443,789888,0
447,1116992,161984,170880,0,3648,9280,378944,125888,266368,246336,870656,0,1472,373568,0,0,0,0,0,0,0,0,0,0,13504,0,0,0,112192,192,581,1398,3537867981,2576656452,861376,0
448,1116544,173120,169728,0,3648,9472,435712,126848,198016,178176,938368,0,1408,430400,0,0,0,0,0,0,0,0,0,0,13632,0,0,0,113024,192,583,1412,1435335057,2584386470,928896,0
449,1116608,179456,169600,0,4480,9344,498944,124672,130112,110272,1006336,0,1408,493568,0,0,0,0,0,0,0,0,0,0,13376,0,0,0,111168,128,591,1434,2452204424,1847292878,996992,0
450,1116800,176384,171008,0,3712,9344,482816,134528,139008,119168,997632,0,1472,477440,0,0,0,0,0,0,0,0,0,0,22912,0,0,0,111488,128,607,1451,3744961346,619141626,988288,0
451,1116928,173056,164480,0,3584,9536,492032,138496,135744,115328,1001600,0,1408,486528,0,0,0,0,0,0,0,0,0,0,26176,0,0,0,112192,128,604,1473,1077021928,2158660084,992064,0
452,1116992,168192,164544,0,3648,9408,440448,136192,194560,174464,942528,0,1408,435008,0,0,0,0,0,0,0,0,0,0,24192,0,0,0,111872,128,592,1435,1392334919,2756918481,933120,0
453,1116544,134464,164672,0,3584,9408,453696,86848,263872,243840,872704,0,1408,448256,0,0,0,0,0,0,0,0,0,0,19968,0,0,0,66752,128,576,1407,1432227287,3106653922,863296,0
454,1116992,133952,164480,0,3648,9344,470080,76800,258688,238720,878272,0,1408,464704,0,0,0,0,0,0,0,0,0,0,12288,0,0,0,64320,192,569,1402,2598958044,1171090065,868928,0
455,1116672,134464,165888,0,3584,9408,468928,75520,258880,238976,877696,0,1344,463488,0,0,0,0,0,0,0,0,0,0,12480,0,0,0,62848,192,582,1413,647714079,3321542184,868288,0
456,1677120,330688,164736,0,3584,9408,546496,86528,535680,515904,1161216,0,1408,541056,0,0,0,0,0,0,0,0,0,0,22144,0,0,0,64256,128,594,1426,1680735618,1044354954,1151808,0
457,1116864,151488,163968,0,3584,32000,616320,84224,65280,45312,1071552,0,1472,610944,0,0,0,0,0,0,0,0,0,0,19904,0,0,0,64192,128,605,1443,2238961139,326989040,1039552,0
458,1116672,214144,164544,0,3584,9280,604672,85056,35392,15616,1101056,0,1344,599360,0,0,0,0,0,0,0,0,0,0,20096,0,0,0,64832,128,594,1434,2841226579,1536207577,1091776,0
459,1116864,183360,165312,0,3648,9344,495680,77824,181696,161984,954880,0,1344,490240,0,0,0,0,0,0,0,0,0,0,12608,0,0,0,65088,128,608,1439,227711761,3682062144,945536,0
460,1116736,134784,166912,0,3648,9344,364352,76480,361216,335680,781056,0,1344,358976,0,0,0,0,0,0,0,0,0,0,12544,0,0,0,63744,192,593,1418,1655716079,1245910215,771712,0
461,1117056,134592,165760,0,3584,9280,401472,87104,315264,295040,822016,0,1408,396032,0,0,0,0,0,0,0,0,0,0,22080,0,0,0,64896,128,594,1420,3015751648,3941819926,812736,0
462,1116800,135040,164288,0,3584,9472,395712,85568,323136,302976,813824,0,1408,390400,0,0,0,0,0,0,0,0,0,0,20416,0,0,0,64960,192,602,1446,2039944658,596208868,804352,0
463,1116672,148544,165248,0,3584,9152,395392,89600,305152,285056,831616,0,1408,390080,0,0,0,0,0,0,0,0,0,0,24576,0,0,0,64896,128,602,1443,493284756,1916214524,822464,0
464,1116800,183872,166080,0,11200,9472,586112,100480,59584,39424,1077376,0,1408,580736,0,0,0,0,0,0,0,0,0,0,34816,0,0,0,65472,192,602,1442,3193041875,333425541,1067904,0
465,1116864,179008,164992,0,3584,9408,451200,102272,206400,186496,930368,0,1344,445760,0,0,0,0,0,0,0,0,0,0,36224,0,0,0,65856,192,586,1408,2508362560,3865067724,920960,0
466,1116672,185728,166912,0,3584,9408,522688,93952,134400,114560,1002112,0,1408,517248,0,0,0,0,0,0,0,0,0,0,28224,0,0,0,65536,192,585,1408,122876421,3320103936,992704,0
467,1677120,623360,166144,0,3712,23232,419648,106240,334784,314880,1362240,0,1408,414144,0,0,0,0,0,0,0,0,0,0,37312,0,0,0,68800,128,589,1419,760942533,474170062,1339008,0
468,1116864,170368,166528,0,5824,9536,483520,101376,179712,159808,957056,0,1344,478080,0,0,0,0,0,0,0,0,0,0,35072,0,0,0,66176,128,576,1394,2099015257,1632328985,947520,0
469,1677120,200192,166720,0,4800,23232,790912,117120,374144,353920,1323200,0,1408,785536,0,0,0,0,0,0,0,0,0,0,51200,0,0,0,65792,128,595,1421,1109484955,1429372024,1299968,0
470,1116672,191936,166592,0,4544,23232,582016,120640,27712,8000,1108672,0,1600,576448,0,0,0,0,0,0,0,0,0,0,54272,0,0,0,66240,128,599,1435,2221690252,1083773449,1085440,0
471,1116928,175296,166336,0,3776,22784,462080,117248,169408,149440,967488,0,1408,456576,0,0,0,0,0,0,0,0,0,0,50496,0,0,0,66624,128,600,1433,933735387,3758299210,944704,0
472,1116736,172928,165504,0,3712,32064,287744,119040,335744,315776,800960,0,1408,282368,0,0,0,0,0,0,0,0,0,0,52928,0,0,0,65984,128,600,1431,2328548543,2229644738,768896,0
473,1116800,169600,166720,0,5888,9600,410816,123904,230272,210560,906240,0,1408,405440,0,0,0,0,0,0,0,0,0,0,55680,0,0,0,68096,128,606,1442,898675609,1642415818,896640,0
474,1676992,187584,167040,0,11712,22976,689280,184064,414336,393856,1283136,0,1408,683840,0,0,0,0,0,0,0,0,0,0,68544,0,0,0,115328,192,625,1498,89488983,2903244900,1260160,0
475,1116992,184448,166464,0,3840,23232,301312,176192,261504,241664,875328,0,1408,295936,0,0,0,0,0,0,0,0,0,0,62464,0,0,0,113600,128,617,1470,1182095792,2898898001,852096,0
476,1116608,175296,166848,0,3904,22784,290240,169856,287680,262400,854208,0,1408,284864,0,0,0,0,0,0,0,0,0,0,56896,0,0,0,112768,192,617,1470,1887673406,3894597954,831424,0
477,1117504,164800,167232,0,3840,9536,355008,170240,246848,226368,891136,0,1408,349632,0,0,0,0,0,0,0,0,0,0,57344,0,0,0,112768,128,629,1501,1886632215,4135126711,881600,0
478,1676480,259840,166272,0,3840,9408,628800,166592,441728,421568,1254912,0,1408,623424,0,0,0,0,0,0,0,0,0,0,52672,0,0,0,113728,192,628,1490,512026584,1772590811,1245504,0
479,1116672,160192,167168,0,3776,9472,476160,158656,141248,121472,995200,0,1408,470784,0,0,0,0,0,0,0,0,0,0,46016,0,0,0,112512,128,628,1492,529795217,2395794750,985728,0
480,1116928,181248,166016,0,3776,9280,490880,150528,115200,95168,1021760,0,1344,485504,0,0,0,0,0,0,0,0,0,0,37312,0,0,0,113024,192,632,1503,1115445575,4012335959,1012480,0
481,1676800,183936,165440,0,6016,9792,613568,151232,546816,526784,1150016,0,1408,608256,0,0,0,0,0,0,0,0,0,0,37440,0,0,0,113600,192,624,1495,2953764068,123441307,1140224,0
482,1116672,133888,165568,0,6144,9472,451136,151040,199424,178944,937728,0,1344,445952,0,0,0,0,0,0,0,0,0,0,37760,0,0,0,113152,128,616,1475,1931807776,745459208,928256,0
483,1116672,134144,166016,0,3712,9600,384640,108608,309952,290240,826432,0,1472,379136,0,0,0,0,0,0,0,0,0,0,42624,0,0,0,65856,128,611,1454,768788817,2288624794,816832,0
484,1116928,135040,166656,0,3712,9728,361152,101056,339584,319744,797184,0,1472,355712,0,0,0,0,0,0,0,0,0,0,36160,0,0,0,64704,192,617,1461,3691029101,4216613438,787456,0
485,1116928,134528,166848,0,3648,9536,367552,101248,333568,313728,803200,0,1408,362176,0,0,0,0,0,0,0,0,0,0,36032,0,0,0,65088,128,612,1449,189574987,1426491657,793664,0
486,1116736,134848,166656,0,3712,31168,356096,94336,329920,310080,806656,0,1472,350720,0,0,0,0,0,0,0,0,0,0,29248,0,0,0,64960,128,608,1444,221670719,2337152328,775488,0
487,1676992,601984,169152,0,3648,9344,462336,93952,336576,316736,1360256,0,1344,457024,0,0,0,0,0,0,0,0,0,0,28416,0,0,0,65408,128,606,1438,4102841859,1353602497,1350912,0
488,1677312,605568,166272,0,3648,9152,505920,99840,286912,266560,1410752,0,1344,500544,0,0,0,0,0,0,0,0,0,0,33408,0,0,0,66304,128,608,1444,4000764070,3228816976,1401600,0
489,1116608,134912,164096,0,5824,9472,373696,84800,343808,323648,792960,0,1408,368384,0,0,0,0,0,0,0,0,0,0,19904,0,0,0,64768,128,604,1438,2451788599,3352566748,783488,0
490,1678272,199680,165312,0,12416,19072,632320,111744,537728,516160,1162112,0,1344,627008,0,0,0,0,0,0,0,0,0,0,39360,0,0,0,72256,128,617,1467,3103093997,1271518136,1143040,0
491,1117120,136640,164160,0,3712,18880,379392,92096,322240,300352,816768,0,1408,374016,0,0,0,0,0,0,0,0,0,0,21312,0,0,0,70656,128,601,1444,4184064637,1202439723,797888,0
492,1116864,149440,165056,0,3712,18432,453312,93376,233536,206208,910656,0,1472,447936,0,0,0,0,0,0,0,0,0,0,20480,0,0,0,72704,192,597,1446,4084815871,781143410,892224,0
493,1116672,179712,166144,0,6016,18944,386880,92160,266816,245248,871424,0,1408,381568,0,0,0,0,0,0,0,0,0,0,20288,0,0,0,71744,128,603,1450,2687344756,1681517114,852480,0
494,1116608,146048,165888,0,5952,18880,350848,93184,335808,314560,802048,0,1408,345472,0,0,0,0,0,0,0,0,0,0,22080,0,0,0,70976,128,604,1436,1138617602,2000798538,783168,0
495,1116928,144768,165696,0,6720,19200,338048,92928,349568,327808,789120,0,1408,332608,0,0,0,0,0,0,0,0,0,0,20352,0,0,0,72384,192,592,1416,187683362,1042447017,769920,0
496,1116800,144960,165824,0,12416,18624,398016,141312,235648,214016,902784,0,1408,392576,0,0,0,0,0,0,0,0,0,0,30208,0,0,0,110976,128,607,1462,1185580367,306982375,884160,0
497,1116736,145216,166400,0,3584,32256,360448,142592,266240,244480,872256,0,1344,355200,0,0,0,0,0,0,0,0,0,0,30592,0,0,0,111872,128,603,1454,3666792823,1568513941,840000,0
498,1116800,164352,166208,0,3584,20608,434944,143232,183872,162560,954240,0,1408,429568,0,0,0,0,0,0,0,0,0,0,30272,0,0,0,112832,128,603,1452,3762586381,1307778919,933632,0
499,1116864,145088,165440,0,3584,18496,371200,140416,272640,251008,865856,0,1408,365824,0,0,0,0,0,0,0,0,0,0,30336,0,0,0,109888,192,608,1463,1710299056,211030036,847360,0
500,1116800,144128,168064,0,3648,43264,405248,153216,199232,177536,939264,0,1408,399744,0,0,0,0,0,0,0,0,0,0,38528,0,0,0,114560,128,599,1455,3206201026,3850097658,896000,0
501,1116736,144704,167232,0,3648,20160,437376,187520,156096,134208,982528,0,1408,432000,0,0,0,0,0,0,0,0,0,0,40384,0,0,0,147008,128,619,1516,1805496911,3137584306,962368,0
502,1676928,164352,167104,0,16192,20736,586560,165120,556864,534912,1142016,0,1408,581056,0,0,0,0,0,0,0,0,0,0,52544,0,0,0,112384,192,608,1484,2300515914,2115968564,1121280,0
503,1116864,144768,167104,0,4096,20480,420992,156544,202880,181184,935680,0,1408,415552,0,0,0,0,0,0,0,0,0,0,45056,0,0,0,111296,192,610,1481,215794276,61071027,915200,0
504,1116736,145152,165760,0,3968,20928,384768,158080,238080,216320,900416,0,1408,379520,0,0,0,0,0,0,0,0,0,0,45568,0,0,0,112320,192,614,1495,2091119717,3224248717,879488,0
505,1116800,144064,166016,0,3904,20928,377728,156800,247360,225664,891136,0,1344,372416,0,0,0,0,0,0,0,0,0,0,45312,0,0,0,111360,128,606,1489,1141753351,4253708117,870208,0
506,1116736,164032,167424,0,3968,20416,444096,165568,151232,126592,990144,0,1472,438784,0,0,0,0,0,0,0,0,0,0,53504,0,0,0,111936,128,601,1491,4156705871,2226772346,969728,0
507,1116800,145536,166080,0,3968,20736,329088,123840,327552,306176,810624,0,1408,323712,0,0,0,0,0,0,0,0,0,0,50880,0,0,0,72832,128,600,1468,2673319554,3638067414,789888,0
508,1677184,182016,166144,0,14848,34432,815744,179968,284032,256448,1420736,0,1408,810432,0,0,0,0,0,0,0,0,0,0,58752,0,0,0,121024,192,597,1460,1192899489,231562309,1386304,0
509,1116736,176640,166400,0,3968,35008,285248,173824,275648,253504,863232,0,1408,279808,0,0,0,0,0,0,0,0,0,0,53120,0,0,0,120576,128,590,1440,2273585282,2499571471,828224,0
510,1116800,175424,165248,0,6208,34112,307584,172928,255296,233344,883456,0,1408,302144,0,0,0,0,0,0,0,0,0,0,53248,0,0,0,119552,128,591,1441,2789241494,3994666972,849344,0
511,1116736,165824,165184,0,6912,34944,308352,157696,277824,256256,860480,0,1408,303040,0,0,0,0,0,0,0,0,0,0,37824,0,0,0,119744,128,582,1414,3461583125,425516296,825536,0
512,1116800,176000,166080,0,6208,20928,316032,167424,264128,242688,874112,0,1344,310720,0,0,0,0,0,0,0,0,0,0,46656,0,0,0,120640,128,576,1399,2261761625,2069584600,853184,0
513,1116928,165952,166528,0,6272,20032,425536,213056,119552,97728,1019200,0,1408,420160,0,0,0,0,0,0,0,0,0,0,52864,0,0,0,160064,128,596,1457,3128527628,2719554038,999168,0
514,1116736,174336,166080,0,6784,41280,415488,213952,98816,74176,1042560,0,1472,410112,0,0,0,0,0,0,0,0,0,0,55936,0,0,0,157888,128,611,1488,959590939,2910415708,1001280,0
515,1116672,174336,167168,0,5120,18688,412608,206848,131904,110400,1006272,0,1408,407232,0,0,0,0,0,0,0,0,0,0,47936,0,0,0,158784,128,600,1456,441666401,3090304066,987584,0
516,1116800,175552,167680,0,3712,18624,411136,195136,144960,123328,993472,0,1472,405632,0,0,0,0,0,0,0,0,0,0,38208,0,0,0,156800,128,539,1376,4033770241,3552807742,974848,0
517,1116992,175168,167488,0,3648,18240,432512,146048,173888,151936,965056,0,1344,426944,0,0,0,0,0,0,0,0,0,0,35264,0,0,0,110656,128,521,1325,1071707953,3850325633,946816,0
518,1116608,174592,165824,0,3776,18112,478784,193920,81600,60096,1056512,0,1472,473152,0,0,0,0,0,0,0,0,0,0,46720,0,0,0,147008,192,520,1323,3954628771,3033589724,1038400,0
519,1116736,175488,166976,0,3840,18368,434496,160640,156928,135168,981568,0,1472,429184,0,0,0,0,0,0,0,0,0,0,49600,0,0,0,110912,128,512,1296,1861911287,1107983228,963200,0
520,1116928,175168,166016,0,3840,18752,424576,160448,168128,146496,970432,0,1408,419200,0,0,0,0,0,0,0,0,0,0,48768,0,0,0,111552,128,522,1320,3686087702,3368657229,951680,0
521,1116928,174400,166528,0,3776,18368,422848,155008,176000,154368,962560,0,1472,417280,0,0,0,0,0,0,0,0,0,0,43072,0,0,0,111808,128,517,1299,4185298123,3195918945,944192,0
522,1116672,165952,166208,0,3776,18752,431040,153280,177664,155584,961088,0,1344,425600,0,0,0,0,0,0,0,0,0,0,42560,0,0,0,110592,128,517,1303,1394968392,4180344031,942336,0
523,1116864,165696,166208,0,3904,18624,416384,153216,192832,171136,945728,0,1344,410944,0,0,0,0,0,0,0,0,0,0,43072,0,0,0,110016,128,518,1300,889056830,3242732490,927104,0
524,1116800,165888,165952,0,3840,18688,441280,121920,199232,172032,944768,0,1408,435776,0,0,0,0,0,0,0,0,0,0,49664,0,0,0,72128,128,505,1260,2487686614,2691178269,926080,0
525,1116608,166336,166208,0,4928,18560,424000,120320,216256,194496,922112,0,1472,418560,0,0,0,0,0,0,0,0,0,0,47936,0,0,0,72256,128,517,1296,630299943,3104697326,903552,0
526,1116992,129664,166592,0,6016,18624,445632,124672,225792,204032,912960,0,1408,440256,0,0,0,0,0,0,64,64,64,0,48448,0,0,0,75840,192,498,1236,104489465,3931186724,894336,0
527,1116672,164800,169600,0,10688,31872,434816,116224,188672,166912,949760,0,1408,429568,0,0,0,0,0,0,0,0,0,0,41280,0,0,0,74752,192,521,1293,1567181155,1903664695,917888,0
528,1116864,129792,166400,0,3840,18496,392256,109312,296768,275136,841728,0,1408,386944,0,0,0,0,0,0,128,64,128,64,33280,0,0,0,75520,128,498,1223,398346865,1324141557,823232,0
529,1116864,128768,166784,0,3840,18624,399040,109504,290304,268672,848192,0,1408,393664,0,0,0,0,0,0,128,64,128,64,33472,0,0,0,75456,192,491,1208,3588968913,3109934577,829568,0
530,1116864,129344,166848,0,4992,40576,445632,163264,166208,144064,972800,0,1472,440256,0,0,0,0,0,0,64,64,128,64,46592,0,0,0,116224,128,514,1277,1539960620,2873786224,932224,0
531,1116864,130304,166656,0,6336,18944,404544,164288,225792,203840,913024,0,1408,399232,0,0,0,0,0,0,128,128,64,64,48768,0,0,0,115008,128,509,1267,3587439614,2751224586,894080,0
532,1116608,164480,176320,0,5376,18880,398144,165952,187456,165824,950784,0,1472,392832,0,0,0,0,0,0,0,0,0,0,49088,0,0,0,116736,128,541,1353,2515377836,3757942136,931904,0
533,1116864,139968,166912,0,4864,18432,440896,153536,192256,170560,946304,0,1408,435712,0,0,0,0,0,0,128,128,128,64,38784,0,0,0,114176,128,502,1255,1846062619,3215715020,927872,0
534,1116928,164736,166912,0,4096,18368,407104,153728,201984,180096,936832,0,1344,401856,0,0,0,0,0,0,0,0,0,0,42368,0,0,0,111232,128,522,1318,3921240211,3676462022,918464,0
535,1116800,111488,166592,0,4224,18496,363072,194880,258048,236352,880448,0,1344,357632,0,0,0,0,0,0,192,64,128,64,45632,0,0,0,148672,128,516,1308,1029540107,68544192,861952,0
536,1116928,134784,166464,0,4224,18176,374656,169664,248960,227200,889728,0,1408,369280,0,0,0,0,0,0,0,0,0,0,57280,0,0,0,112256,128,535,1350,2751155988,2513005284,871552,0
537,1117056,134528,167488,0,4224,18816,315072,167424,309504,287360,829696,0,1408,309632,0,0,0,0,0,0,0,0,0,0,56192,0,0,0,111104,128,558,1407,1774056052,2081488667,810880,0
538,1116352,135040,165952,0,6336,18880,303936,168000,318208,296832,819520,0,1408,298560,0,0,0,0,0,0,0,0,0,0,56576,0,0,0,111296,128,542,1372,1527418594,230085746,800640,0
539,1116992,153728,167296,0,13760,19136,458624,163008,141440,119616,997376,0,1408,453056,0,0,0,0,0,0,0,0,0,0,48960,0,0,0,113920,128,549,1389,2564037450,3902993862,978240,0
540,1116608,134720,166080,0,5568,18560,328640,160960,302080,274944,841664,0,1408,323328,0,0,0,0,0,0,0,0,0,0,49152,0,0,0,111616,192,554,1403,1170879712,491444638,823104,0
541,1116928,134848,166656,0,4096,18688,332224,118400,342016,320064,796864,0,1408,326784,0,0,0,0,0,0,0,0,0,0,47040,0,0,0,71232,128,536,1352,2016204288,3126299552,778176,0
542,1116672,169408,166400,0,5248,18880,425216,128320,203200,181568,935104,0,1408,419776,0,0,0,0,0,0,0,0,0,0,54784,0,0,0,73408,128,575,1427,755257641,3785558028,916224,0
543,1116736,143616,166464,0,6848,18496,327360,127296,326656,305344,811392,0,1408,322112,0,0,0,0,0,0,0,0,0,0,54336,0,0,0,72832,128,572,1419,3502074657,1318574952,792896,0
544,1116928,145408,166400,0,7296,18752,335296,125952,317824,296000,820928,0,1344,329984,0,0,0,0,0,0,0,0,0,0,53760,0,0,0,72064,128,581,1432,483848181,1731618759,802176,0
545,1116672,163008,166464,0,6144,18688,396928,110464,254976,233344,883328,0,1408,391616,0,0,0,0,0,0,0,0,0,0,37952,0,0,0,72384,128,577,1408,2680239511,804257990,864640,0
546,1117056,162880,166784,0,5120,40384,403008,110464,228416,206336,910720,0,1408,397760,0,0,0,0,0,0,0,0,0,0,37760,0,0,0,72576,128,574,1390,2796848300,1397669186,870336,0
547,1116672,148096,167104,0,4928,18624,509120,154688,114112,92160,1024512,0,1472,503616,0,0,0,0,0,0,0,0,0,0,41728,0,0,0,112768,192,601,1446,1373781702,2607379404,1005888,0
548,1116736,135040,166592,0,6976,21120,409984,158528,218496,196352,920384,0,1408,404608,0,0,0,0,0,0,0,0,0,0,45696,0,0,0,112704,128,604,1453,3074657910,2188327504,899264,0
549,1677248,166784,166464,0,6016,20608,601856,161856,553664,531840,1145408,0,1472,596288,0,0,0,0,0,0,0,0,0,0,49088,0,0,0,112576,192,607,1465,724943652,1094648326,1124800,0
550,1116864,134976,167872,0,3712,21440,494656,157120,137088,115264,1001600,0,1344,489280,0,0,0,0,0,0,0,0,0,0,44544,0,0,0,112448,128,606,1469,2382428954,1922301713,980160,0
551,1116544,135936,167936,0,3648,20224,492864,148800,147136,125440,991104,0,1408,487488,0,0,0,0,0,0,0,0,0,0,38144,0,0,0,110528,128,596,1452,1089308197,883606021,970880,0
552,1116864,136256,165568,0,3840,19968,543104,188608,59520,37760,1079104,0,1408,537728,0,0,0,0,0,0,0,0,0,0,41344,0,0,0,147136,128,626,1513,4277539066,3625186054,1059136,0
553,1116736,136128,166080,0,3840,20288,525376,156800,108224,83712,1033024,0,1408,520000,0,0,0,0,0,0,0,0,0,0,45312,0,0,0,111360,128,608,1466,3227150197,3013870987,1012736,0
554,1116736,145344,169408,0,4736,20544,520064,166976,89664,67136,1049600,0,1408,514560,0,0,0,0,0,0,0,0,0,0,53376,0,0,0,113472,128,618,1482,4064330616,689993411,1029056,0
555,1116992,134464,167744,0,5760,20480,493440,163776,131328,109568,1007424,0,1408,488192,0,0,0,0,0,0,0,0,0,0,52800,0,0,0,110848,128,623,1494,1936093242,2894117586,986944,0
556,1676992,223616,167360,0,5952,20928,631680,165056,462400,435200,1241792,0,1344,626176,0,0,0,0,0,0,0,0,0,0,53504,0,0,0,111360,192,618,1481,2034480125,1975859671,1220864,0
557,1116736,145984,166976,0,5056,34368,487232,158400,118720,96896,1019840,0,1408,482048,0,0,0,0,0,0,0,0,0,0,46080,0,0,0,112128,192,626,1498,2779101205,140760102,985472,0
558,1116672,134464,166656,0,4800,20672,481408,116736,191936,170048,946624,0,1344,476032,0,0,0,0,0,0,0,0,0,0,44032,0,0,0,72576,128,611,1461,3488440780,167347274,925952,0
559,1677184,225344,166336,0,5888,20992,574656,126336,557632,535552,1141632,0,1472,569216,0,0,0,0,0,0,0,0,0,0,52608,0,0,0,73600,128,601,1442,2578346685,1311104447,1120640,0
560,1677056,146560,166272,0,6720,43456,657728,124544,531776,510016,1167040,0,1408,652288,0,0,0,0,0,0,0,0,0,0,51520,0,0,0,72896,128,604,1452,2738072167,4117250096,1123584,0
561,1116480,133696,166272,0,4928,20416,473728,125312,192128,170432,946048,0,1408,468352,0,0,0,0,0,0,0,0,0,0,51968,0,0,0,73216,128,605,1450,194673345,3354649323,925632,0
562,1116864,133824,166592,0,3520,20800,454656,110144,227328,205568,911296,0,1408,449280,0,0,0,0,0,0,0,0,0,0,37888,0,0,0,72128,128,610,1455,1078667944,66989286,890496,0
563,1116672,134016,166272,0,5632,20480,431040,109248,249984,228096,888576,0,1408,425664,0,0,0,0,0,0,0,0,0,0,36864,0,0,0,72192,192,607,1454,447388657,408605313,868096,0
564,1116928,153280,166976,0,5760,19968,453312,101120,216512,194624,922304,0,1408,447872,0,0,0,0,0,0,0,0,0,0,28864,0,0,0,72064,192,600,1454,3791005930,4012784685,902336,0
565,1116736,134080,167360,0,4160,20608,369152,111104,310272,288256,828480,0,1408,363840,0,0,0,0,0,0,0,0,0,0,37184,0,0,0,73728,192,600,1455,2140689485,45138742,807872,0
566,1116736,134720,166592,0,2240,20480,360704,111552,320448,298752,817984,0,1408,355328,0,0,0,0,0,0,0,0,0,0,36544,0,0,0,74880,128,606,1463,1325856841,2847589426,797504,0
567,1116608,133760,164800,0,2176,20416,403136,92608,299712,278336,838272,0,1408,397568,0,0,0,0,0,0,0,0,0,0,20800,0,0,0,71680,128,610,1453,2342450230,212769996,817856,0
568,1116864,134080,164288,0,2176,20672,379648,84928,331072,309120,807744,0,1472,374208,0,0,0,0,0,0,0,0,0,0,12864,0,0,0,71936,128,606,1436,815212620,2618134485,787072,0
569,1116544,133632,164480,0,2176,20480,379904,85120,330752,309376,807168,0,1344,374528,0,0,0,0,0,0,0,0,0,0,12608,0,0,0,72384,128,606,1438,2766502512,3388603714,786688,0
570,1117056,133888,164864,0,2176,20224,384192,83328,328384,306688,810368,0,1280,378752,0,0,0,0,0,0,0,0,0,0,12608,0,0,0,70592,128,599,1424,1748238085,3859159208,790144,0
571,1116736,153792,166528,0,2240,20992,460288,106240,206656,184960,931776,0,1472,454656,0,0,0,0,0,0,0,0,0,0,33152,0,0,0,72896,192,608,1435,1448240762,3054763818,910784,0
572,1116608,152128,166336,0,2176,20672,444416,104768,226112,199040,917568,0,1408,439104,0,0,0,0,0,0,0,0,0,0,31488,0,0,0,73152,128,603,1436,1051279651,1978928870,896896,0
573,1116864,195136,166912,0,2176,20608,553920,104128,73984,52416,1064448,0,1344,548544,0,0,0,0,0,0,0,0,0,0,30912,0,0,0,73088,128,596,1437,4256930606,536845782,1043840,0
574,1676992,632768,172032,0,2176,20288,490688,100608,258432,236672,1440320,0,1408,485248,0,0,0,0,0,0,0,0,0,0,25472,0,0,0,75008,128,593,1427,2359636268,1755881408,1420032,0
575,1116928,134528,166656,0,3008,42432,397056,96768,276480,254528,862400,0,1408,391808,0,0,0,0,0,0,0,0,0,0,24576,0,0,0,72064,128,619,1466,2921327786,278554037,819968,0
576,1116736,164736,171712,0,2176,20032,546496,96832,114752,93056,1023680,0,1408,541120,0,0,0,0,0,0,0,0,0,0,24640,0,0,0,72064,128,593,1422,718017894,856814790,1003648,0
577,2237184,596160,172288,0,19648,23744,961216,126336,337792,315840,1921344,0,1408,955776,0,0,0,0,0,0,0,0,0,0,59264,0,0,0,66944,128,598,1461,745353953,4132908522,1897600,0
578,1115648,146688,171072,0,3712,23744,399104,124544,246784,226496,889152,0,1280,393792,0,0,0,0,0,0,0,0,0,0,56896,0,0,0,67520,128,592,1457,2323091745,4293852712,865408,0
579,1116736,150784,168128,0,3840,23552,366656,114624,289152,269056,847680,0,1408,361216,0,0,0,0,0,0,0,0,0,0,45248,0,0,0,69184,192,589,1435,4195591571,78643163,824128,0
580,1116544,135552,171776,0,3712,23616,372608,114944,294336,274368,842176,0,1408,367232,0,0,0,0,0,0,0,0,0,0,47360,0,0,0,67392,192,596,1452,3601655404,1372767167,818560,0
581,1116736,180288,171456,0,3776,9536,380224,119040,252416,232640,884096,0,1344,374976,0,0,0,0,0,0,0,0,0,0,50816,0,0,0,68096,128,607,1468,1877121462,1870761484,874560,0
582,1677312,172288,170880,0,12544,9792,611200,167744,532864,512448,1164864,0,1408,605952,0,0,0,0,0,0,128,64,42048,64,54336,0,0,0,70912,192,623,1509,58779301,1381661915,1155072,0
583,1116608,135168,166464,0,3712,9600,431360,171584,198720,178944,937664,0,1408,426112,0,0,0,0,0,0,128,64,42368,0,58560,0,0,0,70272,192,639,1546,179806186,2556264879,928064,0
584,1116992,145280,165952,0,5888,9664,422528,168064,199616,179328,937664,0,1408,417344,0,0,0,0,0,0,64,128,42432,64,55104,0,0,0,70144,128,627,1518,2453245896,529492054,928000,0
585,1116800,135296,167104,0,5952,9728,453824,161344,183552,163520,953280,0,1472,448576,0,0,0,0,0,0,128,128,42368,0,49472,0,0,0,69056,192,613,1491,1444755556,1526387319,943552,0
586,1116672,134912,169536,0,6080,9664,472000,151424,173056,153152,963520,0,1408,466560,0,0,0,0,0,0,128,64,42624,0,38336,0,0,0,70144,128,605,1469,3163827085,1087745553,953856,0
587,1116736,134016,171904,0,5760,23296,513536,159104,109120,89088,1027648,0,1408,508160,0,0,0,0,0,0,64,64,42240,64,46400,0,0,0,70144,128,617,1501,238593779,3428774578,1004352,0
588,1116672,134400,170688,0,4864,9536,543168,111040,142976,117696,998976,0,1408,537856,0,0,0,0,0,0,0,0,0,0,44224,0,0,0,66688,128,610,1458,1986096292,2525949487,989440,0
589,1116672,133888,171392,0,3456,32064,533312,109504,133056,112448,1004224,0,1408,528000,0,0,0,0,0,0,0,0,0,0,43776,0,0,0,65600,128,604,1445,261504846,1706232671,972160,0
590,1116672,134144,170752,0,3456,9984,536640,103616,158080,138176,978496,0,1408,531264,0,0,0,0,0,0,0,0,0,0,37248,0,0,0,66240,128,596,1428,2407227589,1184444870,968512,0
591,1116864,134144,172160,0,3392,9472,468224,97408,232064,211904,904960,0,1344,462848,0,0,0,0,0,0,0,0,0,0,32064,0,0,0,65216,128,598,1428,885503690,1804584390,895488,0
592,1116672,134016,171072,0,3456,9408,440448,94144,264128,244224,872448,0,1408,435072,0,0,0,0,0,0,0,0,0,0,28480,0,0,0,65536,128,605,1437,3011404400,3697385089,863040,0
593,1116928,134592,166208,0,3520,9216,448960,105344,249088,228928,888000,0,1344,443648,0,0,0,0,0,0,0,0,0,0,36992,0,0,0,68224,128,594,1422,2432992600,2639829991,878784,0
594,1116480,134784,165888,0,3520,9408,426432,101312,275136,255104,861376,0,1408,421120,0,0,0,0,0,0,0,0,0,0,35392,0,0,0,65792,128,600,1432,523268231,1410253682,851968,0
595,1116672,154944,166208,0,12288,9536,585280,108800,79616,59584,1057088,0,1408,579904,0,0,0,0,0,0,0,0,0,0,41664,0,0,0,67008,128,591,1431,911924331,748791996,1047552,0
596,1116928,137664,166976,0,3520,9536,433280,99584,266368,246208,870720,0,1408,427840,0,0,0,0,0,0,0,0,0,0,33984,0,0,0,65472,128,590,1431,1999512011,388865157,861184,0
597,1117376,138112,166720,0,3520,9408,415360,90048,294208,273536,843840,0,1344,409792,0,0,0,0,0,0,0,0,0,0,24320,0,0,0,65600,128,575,1390,1900757012,3438692012,834432,0
598,1116352,227264,165952,0,3456,9600,576768,99008,34304,14144,1102208,0,1280,571328,0,0,0,0,0,0,0,0,0,0,32512,0,0,0,66368,128,582,1391,591926745,1100406660,1092608,0
599,1116800,137920,166464,0,3520,9536,388160,96000,315200,295104,821696,0,1472,382720,0,0,0,0,0,0,0,0,0,0,31424,0,0,0,64384,192,585,1395,1030755944,2613701882,812160,0
600,1116736,137664,164992,0,3520,9536,385664,98240,317120,297088,819648,0,1408,380416,0,0,0,0,0,0,0,0,0,0,31616,0,0,0,66432,192,583,1393,2067658943,1740357136,810112,0
601,1116736,137536,165760,0,3584,9408,389696,88320,322432,302400,814336,0,1344,384384,0,0,0,0,0,0,0,0,0,0,24064,0,0,0,64128,128,586,1393,3790095260,4086051578,804928,0
602,1116672,137856,165952,0,4672,9600,399488,89536,309568,289600,827072,0,1408,394048,0,0,0,0,0,0,0,0,0,0,24576,0,0,0,64832,128,573,1377,1689802391,3558218128,817472,0
603,1117056,136704,165248,0,5696,9984,394112,76736,328576,308544,808512,0,1408,388736,0,0,0,0,0,0,0,0,0,0,12672,0,0,0,63936,128,571,1361,2651890816,283443255,798528,0
604,1116736,136704,164480,0,4800,9600,426432,86400,288320,262784,853952,0,1408,421120,0,0,0,0,0,0,0,0,0,0,21312,0,0,0,64960,128,570,1364,794977614,2989260605,844352,0
605,1116800,147648,164800,0,3456,31488,416384,85632,267392,247424,869376,0,1408,410880,0,0,0,0,0,0,0,0,0,0,20160,0,0,0,65344,128,564,1351,677559293,1657240468,837888,0
606,1116864,155264,164800,0,3520,9664,568320,87360,127936,108096,1008768,0,1408,562816,0,0,0,0,0,0,0,0,0,0,19968,0,0,0,67264,128,563,1345,1161649180,3626141970,999104,0
607,1116864,151040,164416,0,3456,9472,583488,76736,128256,108288,1008576,0,1408,578176,0,0,0,0,0,0,0,0,0,0,11840,0,0,0,64768,128,568,1346,1606194810,618440278,999104,0
608,1116928,134400,164992,0,3392,9600,370112,76608,357824,337472,779456,0,1408,364608,0,0,0,0,0,0,0,0,0,0,12352,0,0,0,64064,192,569,1337,3111284700,1752546390,769856,0
609,1116800,133504,163584,0,3456,9472,452224,88256,266304,246208,870592,0,1408,446976,0,0,0,0,0,0,0,0,0,0,22208,0,0,0,65856,192,566,1339,912428494,745914696,861120,0
610,1116480,151552,165376,0,10880,9472,559808,95040,124352,104576,1011904,0,1408,554368,0,0,0,0,0,0,0,0,0,0,28800,0,0,0,66112,128,566,1344,3518408463,374122370,1002432,0
611,1116800,143360,166592,0,5824,9600,453632,103232,234560,214592,902208,0,1408,448256,0,0,0,0,0,0,0,0,0,0,36032,0,0,0,67072,128,570,1349,1642804922,397595077,892608,0
612,1116928,176960,165120,0,5888,9536,449920,94912,214592,194304,922624,0,1344,444608,0,0,0,0,0,0,0,0,0,0,28288,0,0,0,66496,128,562,1338,3999391610,4111590842,913088,0
613,1676992,224960,166272,0,4992,9472,618176,94784,558336,538176,1138816,0,1344,612800,0,0,0,0,0,0,0,0,0,0,28160,0,0,0,66496,128,568,1358,1417776882,3129213037,1129344,0
614,1116480,204672,166784,0,3456,9472,500096,94208,137792,117504,998976,0,1408,494848,0,0,0,0,0,0,0,0,0,0,28416,0,0,0,65664,128,572,1360,3487427653,3549565731,989504,0
615,1116672,144832,166080,0,3456,9664,421632,101888,269120,249280,867392,0,1280,416384,0,0,0,0,0,0,0,0,0,0,36416,0,0,0,65344,128,570,1368,3670349252,845662915,857728,0
616,1116992,134208,166016,0,3520,9536,391296,100096,312320,292096,824896,0,1408,386048,0,0,0,0,0,0,0,0,0,0,35392,0,0,0,64576,128,569,1354,104551928,207635754,815360,0
617,1116672,158080,166144,0,4416,23488,415040,95168,254336,234240,882432,0,2624,407360,0,0,0,0,0,0,0,0,0,0,28864,0,0,0,66176,128,582,1385,557440745,2316142857,858944,0
618,1677056,192832,166400,0,10496,9536,814016,108224,375552,355584,1321472,0,1408,808640,0,0,0,0,0,0,0,0,0,0,40768,0,0,0,67328,128,576,1375,3978872807,2923084604,1311936,0
619,1116544,167936,165632,0,3648,31936,523840,106176,117376,97472,1019072,0,1344,518400,0,0,0,0,0,0,0,0,0,0,39808,0,0,0,66240,128,571,1368,3384871531,2695635610,987136,0
620,1116928,177728,169344,0,3712,9536,469440,100672,186496,161024,955904,0,1408,464128,0,0,0,0,0,0,0,0,0,0,34496,0,0,0,65920,256,568,1362,102201667,1303691168,946368,0
621,1116544,176704,166080,0,3776,9472,412480,108288,239744,219648,896896,0,1408,407104,0,0,0,0,0,0,0,0,0,0,41472,0,0,0,66688,128,577,1401,416536671,3808376422,887424,0
622,1116928,133376,166976,0,6336,9856,382720,107456,310208,290176,826752,0,1344,377472,0,0,0,0,0,0,0,0,0,0,40960,0,0,0,66368,128,584,1414,4096432262,3765745243,816896,0
623,1116736,158528,167168,0,7296,9536,402752,99968,271488,251776,864960,0,1408,397568,0,0,0,0,0,0,0,0,0,0,34432,0,0,0,65408,128,577,1387,2080934662,2345311685,855424,0
624,1676928,185728,166080,0,6144,9984,621248,110080,577664,557632,1119296,0,1408,616000,0,0,0,0,0,0,0,0,0,0,43776,0,0,0,66112,192,579,1411,3146236266,2019281449,1109312,0
625,1116736,192064,165312,0,3520,9728,590784,102656,52672,32768,1083968,0,1408,585408,0,0,0,0,0,0,0,0,0,0,35648,0,0,0,66880,128,571,1389,524213548,1359949719,1074240,0
626,1116992,169792,166400,0,3456,9536,506688,103360,157760,137472,979520,0,1344,501376,0,0,0,0,0,0,0,0,0,0,37440,0,0,0,65728,192,575,1399,732094374,3941229242,969984,0
627,1116864,134656,166016,0,3520,9472,430784,101952,270464,250432,866432,0,1408,425408,0,0,0,0,0,0,0,0,0,0,35072,0,0,0,66752,128,580,1406,545241452,2943884402,856960,0
628,1116672,134912,166400,0,5760,9728,429888,100416,269568,249600,867072,0,1344,424640,0,0,0,0,0,0,0,0,0,0,35008,0,0,0,65280,128,592,1434,3611827107,674871909,857344,0
629,1116800,134464,167296,0,5760,9472,404288,93952,301568,281472,835328,0,1408,398912,0,0,0,0,0,0,0,0,0,0,28800,0,0,0,64960,192,596,1433,4012349604,549872759,825856,0
630,1116608,134592,166528,0,4096,9536,401856,93760,306240,286272,830336,0,1408,396416,0,0,0,0,0,0,0,0,0,0,28800,0,0,0,64768,192,595,1431,3069767299,2761278219,820800,0
631,1117056,133568,167680,0,2176,9408,411200,93440,299584,279552,837504,0,1408,405888,0,0,0,0,0,0,0,0,0,0,28480,0,0,0,64832,128,588,1415,1525888959,382618865,828096,0
632,1116928,133696,165504,0,2176,9472,413824,96896,295360,275200,841728,0,1408,408448,0,0,0,0,0,0,0,0,0,0,30528,0,0,0,66176,192,590,1414,3599548022,4021715275,832256,0
633,1116544,133760,168320,0,2176,9664,400768,95168,306688,286976,829568,0,1408,395328,0,0,0,0,0,0,0,0,0,0,29632,0,0,0,65408,128,592,1415,899216753,2959089274,819904,0
634,1117056,151552,166784,0,2240,31616,496128,95360,173376,150272,966784,0,1408,490752,0,0,0,0,0,0,0,0,0,0,29056,0,0,0,66176,128,600,1430,1021274485,1905734492,935168,0
635,1116672,151616,166400,0,10240,9920,521792,95296,161408,141248,975424,0,1408,516288,0,0,0,0,0,0,0,0,0,0,29376,0,0,0,65728,192,601,1429,2221927571,2105327102,965504,0
636,1116992,133376,166912,0,3456,9216,388672,98112,317248,291648,825344,0,1408,383360,0,0,0,0,0,0,0,0,0,0,31936,0,0,0,65984,192,598,1428,4003368269,1690693432,816128,0
637,1116672,134592,166720,0,3456,9408,395712,98112,308672,288896,827776,0,1344,390336,0,0,0,0,0,0,0,0,0,0,32000,0,0,0,65984,128,596,1429,4083046938,3011474116,818368,0
638,1116992,183744,166848,0,4352,9408,449472,103808,199360,178944,938048,0,1408,444096,0,0,0,0,0,0,0,0,0,0,36608,0,0,0,67072,128,598,1436,2615894007,526005179,928640,0
639,1116864,152256,167040,0,3456,9472,454656,101824,228160,207872,908992,0,1408,449344,0,0,0,0,0,0,0,0,0,0,35776,0,0,0,65920,128,599,1431,2470202314,2050272062,899520,0
640,1116672,134464,165440,0,3328,9472,367616,100736,335616,315264,801408,0,1344,362240,0,0,0,0,0,0,0,0,0,0,35008,0,0,0,65600,128,593,1423,1959401767,3529645599,791936,0
641,1116992,169088,165824,0,3520,9600,378240,95744,294976,274880,842112,0,1344,372864,0,0,0,0,0,0,0,0,0,0,29376,0,0,0,66240,128,593,1416,2786101115,2848592559,832512,0
642,1116544,152128,166912,0,9792,9664,436224,100160,241664,221312,895232,0,1408,430912,0,0,0,0,0,0,0,0,0,0,34368,0,0,0,65664,128,597,1423,3272009892,1674412585,885568,0
643,1116736,145536,165312,0,5824,9472,354496,99200,336896,316800,799936,0,1408,349120,0,0,0,0,0,0,0,0,0,0,34048,0,0,0,64960,192,589,1418,535842030,2717714149,790464,0
644,1116800,170496,165056,0,4672,9408,595648,108160,63360,43328,1073472,0,1280,590272,0,0,0,0,0,0,0,0,0,0,41472,0,0,0,66496,192,579,1399,3613029260,2229679774,1064064,0
645,1116608,134784,166464,0,3520,9664,362304,106304,333568,313728,802880,0,1344,356928,0,0,0,0,0,0,0,0,0,0,40640,0,0,0,65536,128,582,1406,3127706790,1542483411,793216,0
646,1117248,133696,166080,0,3584,9344,407552,109312,287680,267904,849344,0,1408,402176,0,0,0,0,0,0,0,0,0,0,43008,0,0,0,66176,128,584,1394,609074920,13781447,840000,0
647,1116608,134016,167936,0,3520,23488,377280,112256,298112,277696,838912,0,1344,371968,0,0,0,0,0,0,0,0,0,0,45184,0,0,0,66880,192,585,1395,4226299535,1869533046,815424,0
648,1116736,169536,166912,0,5632,9792,464064,117312,183488,163200,953536,0,1472,458752,0,0,0,0,0,0,0,0,0,0,50816,0,0,0,66368,128,592,1404,894130884,21393327,943744,0
649,1676992,148352,165696,0,15808,32064,628160,167104,519808,499392,1177600,0,1408,622784,0,0,0,0,0,0,44800,128,128,0,51072,0,0,0,70848,128,583,1388,4042550513,887136677,1145536,0
650,1116864,148672,166656,0,6080,10496,500288,152384,132288,111936,1004928,0,1408,494912,0,0,0,0,0,0,45056,128,128,0,37120,0,0,0,69824,128,593,1414,1356103522,3630108589,994432,0
651,1116544,152256,167488,0,3584,9920,522560,151296,109440,89408,1027136,0,1408,517184,0,0,0,0,0,0,45312,64,128,0,36928,0,0,0,68736,128,593,1421,412360993,2028411611,1017216,0
652,1677120,166464,165760,0,3584,9920,650816,105664,574912,549568,1127552,0,1344,645312,0,0,0,0,0,0,0,0,0,0,39936,0,0,0,65600,128,595,1446,1850126298,4263652777,1117632,0
653,1116800,149120,166784,0,3584,9408,351296,136448,300160,279872,836928,0,1344,345984,0,0,0,0,0,0,0,0,0,0,69888,0,0,0,66432,128,599,1457,281714593,3317369499,827520,0
654,1116800,137792,165696,0,3584,9664,348160,115648,336256,316480,800320,0,1472,342656,0,0,0,0,0,0,0,0,0,0,48960,0,0,0,66560,128,606,1471,23839237,1665388841,790656,0
655,1116800,147904,166144,0,3584,9536,352704,141312,295616,275584,841216,0,1408,347328,0,0,0,0,0,0,0,0,0,0,74688,0,0,0,66432,192,604,1469,2713417917,2294905456,831680,0
656,1116736,148608,166080,0,5824,9920,346752,138560,300992,281152,835584,0,1344,341312,0,0,0,0,0,0,0,0,0,0,72000,0,0,0,66432,128,603,1455,2210536309,650994627,825664,0
657,1117184,138752,165504,0,5760,9792,333952,137984,325440,304832,812352,0,1472,328576,0,0,0,0,0,0,0,0,0,0,72256,0,0,0,65600,128,607,1465,2677846139,2497359487,802560,0
658,1116416,167168,165824,0,4928,9472,531456,125184,112384,92288,1024128,0,1408,526144,0,0,0,0,0,0,0,0,0,0,57728,0,0,0,67328,128,595,1436,2347973029,1148440457,1014656,0
659,1116736,157504,166656,0,3520,9536,385600,136640,257280,237312,879424,0,1408,380288,0,0,0,0,0,0,0,0,0,0,65664,0,0,0,70848,128,596,1431,4188261035,3048509188,869888,0
660,1116992,137792,169088,0,4416,9472,365184,112960,318080,297984,819008,0,1408,359936,0,0,0,0,0,0,0,0,0,0,47616,0,0,0,65152,192,584,1393,1781551801,355926009,809536,0
661,1116928,147392,166592,0,3520,9536,398272,128768,262848,242752,874176,0,1408,392960,0,0,0,0,0,0,0,0,0,0,62208,0,0,0,66368,192,584,1394,2552989375,835477113,864640,0
662,1116736,149056,165312,0,3456,9344,363456,129344,296768,276928,839808,0,1408,358016,0,0,0,0,0,0,0,0,0,0,62080,0,0,0,67136,128,589,1400,1007785977,378534498,830464,0
663,1116672,168576,165952,0,3520,9792,409856,86144,272832,252800,863872,0,1408,404608,0,0,0,0,0,0,0,0,0,0,20416,0,0,0,65600,128,575,1375,52860069,1692708014,854080,0
664,1116864,134784,164928,0,3456,32000,357440,76864,347392,327168,789696,0,1408,352192,0,0,0,0,0,0,0,0,0,0,12608,0,0,0,64128,128,571,1370,1443711200,2371184927,757696,0
665,1116416,134144,164288,0,3456,9536,321856,76480,406656,387072,729344,0,1408,316544,0,0,0,0,0,0,0,0,0,0,12160,0,0,0,64128,192,576,1378,2042002355,949009340,719808,0
666,1116800,134400,165120,0,3456,9472,327360,75584,401408,381568,735232,0,1408,322048,0,0,0,0,0,0,0,0,0,0,12032,0,0,0,63360,192,575,1373,499606626,2854963321,725760,0
667,1116864,153984,165184,0,3456,9600,427008,92800,264832,244800,872064,0,1472,421696,0,0,0,0,0,0,0,0,0,0,26752,0,0,0,65856,192,587,1395,3985644816,696440697,862464,0
668,1116608,165696,165568,0,3520,9472,512000,113792,146560,121152,995456,0,1408,506688,0,0,0,0,0,0,0,0,0,0,46720,0,0,0,66944,128,579,1381,2703036057,4025191756,985984,0
669,1117120,134208,166912,0,3584,9600,459840,101312,241664,221376,895744,0,1408,454400,0,0,0,0,0,0,0,0,0,0,35200,0,0,0,65984,128,592,1410,1781929377,2546252524,886144,0
670,1676864,194048,165760,0,12160,23616,744512,124608,412160,391872,1284992,0,1344,739136,0,0,0,0,0,0,0,0,0,0,57216,0,0,0,67264,128,593,1409,2556661055,1382461091,1261376,0
671,1116608,173120,166720,0,3648,23616,438912,106304,204288,184448,932160,0,1408,433472,0,0,0,0,0,0,0,0,0,0,37888,0,0,0,68288,128,594,1422,4084445173,2498185484,908544,0
672,1116864,161536,165824,0,3584,23616,405184,109376,247744,227584,889280,0,1408,399808,0,0,0,0,0,0,0,0,0,0,42432,0,0,0,66816,128,589,1413,3106172244,1093081358,865664,0
673,1116864,176000,165568,0,3584,9408,380608,110400,271296,251456,865408,0,1408,375232,0,0,0,0,0,0,0,0,0,0,41792,0,0,0,68480,128,576,1401,1280999274,488350883,856000,0
674,1116800,173056,167936,0,3648,9600,351552,110528,300480,280512,836288,0,1408,346112,0,0,0,0,0,0,0,0,0,0,41856,0,0,0,68544,128,584,1405,1560298996,3243987201,826688,0
675,1116672,167552,165632,0,10880,9600,494144,113408,155456,135616,981056,0,1344,488704,0,0,0,0,0,0,0,0,0,0,44928,0,0,0,68352,128,605,1439,3509823804,1092380991,971456,0
676,1116736,143488,165184,0,3840,9600,373696,111104,309824,289472,827264,0,1408,368256,0,0,0,0,0,0,0,0,0,0,42816,0,0,0,68160,128,598,1409,3496671263,372246155,817664,0
677,1677312,151808,167360,0,11136,23552,766272,119552,437632,417344,1259968,0,1408,760768,0,0,0,0,0,0,0,0,0,0,50624,0,0,0,68800,128,618,1455,1466259946,2709771195,1236416,0
678,1116544,134336,171136,0,3968,32448,419840,116352,238464,218560,897984,0,1408,414592,0,0,0,0,0,0,0,0,0,0,48640,0,0,0,67520,192,616,1469,3783101270,1915158138,865536,0
679,1116480,133888,171392,0,3904,9472,428992,109504,259328,239488,876992,0,1408,423808,0,0,0,0,0,0,0,0,0,0,42496,0,0,0,66880,128,612,1459,3890071681,443280623,867520,0
680,1117056,134848,169600,0,3840,9344,422400,98880,278144,258112,858944,0,1344,416896,0,0,0,0,0,0,0,0,0,0,33280,0,0,0,65408,192,611,1451,1854583340,430095404,849600,0
681,1116864,134272,170880,0,4800,9344,432128,97984,267456,247360,869504,0,1344,426688,0,0,0,0,0,0,0,0,0,0,32704,0,0,0,65152,128,615,1455,1189363146,4076793194,860160,0
682,1116992,134592,170176,0,6400,9472,454336,97664,244352,224128,892864,0,1408,448960,0,0,0,0,0,0,0,0,0,0,32320,0,0,0,65216,128,614,1450,2600517446,2057105227,883392,0
683,1676800,237760,170432,0,6720,24192,626816,111552,499328,479424,1197376,0,1472,621440,0,0,0,0,0,0,0,0,0,0,45568,0,0,0,65856,128,608,1450,852649811,3895190118,1173184,0
684,1116672,148224,170240,0,3712,23744,289280,113536,367936,342592,774080,0,1344,283968,0,0,0,0,0,0,0,0,0,0,47040,0,0,0,66368,128,609,1452,146524216,2176591677,750336,0
685,1116544,136064,169792,0,3648,23616,273152,112128,398144,378112,738432,0,1408,267840,0,0,0,0,0,0,0,0,0,0,46720,0,0,0,65280,128,604,1443,1253569013,2678116021,714816,0
686,1116800,135744,168960,0,3712,9792,265792,109504,423296,403584,713216,0,1408,260480,0,0,0,0,0,0,0,0,0,0,42240,0,0,0,67136,128,604,1437,1587066847,3314340421,703424,0
687,1116864,158592,169472,0,3712,9344,285376,115136,375232,355200,761664,0,1408,280000,0,0,0,0,0,0,0,0,0,0,45504,0,0,0,69504,128,608,1450,1196399777,3239896574,752320,0
688,1116608,135808,170048,0,3648,9536,325184,111744,360640,340672,775936,0,1344,320000,0,0,0,0,0,0,0,0,0,0,45184,0,0,0,66432,128,611,1453,2187219127,1295785488,766400,0
689,1116864,197056,170240,0,5952,9536,391872,111424,230784,210688,906176,0,1536,386496,0,0,0,0,0,0,0,0,0,0,43840,0,0,0,67392,192,613,1458,3936571863,2949070448,896640,0
690,1116736,184512,168896,0,5952,9536,417728,91584,238528,218560,898176,0,1408,412288,0,0,0,0,0,0,0,0,0,0,24640,0,0,0,66816,128,608,1431,3061303640,1396163296,888640,0
691,1116928,135488,168704,0,4864,9472,350144,90304,357952,337984,778944,0,1344,344832,0,0,0,0,0,0,0,0,0,0,24960,0,0,0,65216,128,618,1445,4223535079,546004361,769472,0
692,1116608,135040,168832,0,3584,9344,358272,76992,364544,344768,771840,0,1408,352768,0,0,0,0,0,0,0,0,0,0,12096,0,0,0,64704,192,609,1426,730980423,2562114941,762496,0
693,1116928,135936,168576,0,3520,32192,320384,86848,369472,349440,767488,0,1344,315008,0,0,0,0,0,0,0,0,0,0,21888,0,0,0,64832,128,603,1417,3845529376,2364693307,735296,0
694,1116416,135936,168832,0,3456,9472,348032,85504,365184,345536,770880,0,1472,342464,0,0,0,0,0,0,0,0,0,0,20032,0,0,0,65344,128,599,1416,4039873512,1871552629,761408,0
695,1117056,152896,168384,0,3584,9536,361792,86144,334720,314560,802496,0,1408,356416,0,0,0,0,0,0,0,0,0,0,20352,0,0,0,65664,128,592,1409,1531713759,4213851663,792960,0
696,1116800,169280,170240,0,5824,9600,372160,78016,311680,291712,825088,0,1408,367040,0,0,0,0,0,0,0,0,0,0,12160,0,0,0,65728,128,597,1417,119454614,1763750506,815488,0
697,1116800,198912,171072,0,11712,9792,550208,90368,84736,64576,1052224,0,1472,544896,0,0,0,0,0,0,0,0,0,0,24384,0,0,0,65856,128,582,1391,1356049884,315731193,1042432,0
698,1677120,191936,172352,0,3776,25024,839104,150912,294016,274048,1403072,0,1344,832768,0,0,0,0,0,0,0,0,0,0,34688,0,0,0,116032,192,604,1446,1996596241,1183523918,1378048,0
699,1116544,177472,172160,0,11264,24128,474752,151680,105088,84992,1031552,0,1408,469376,0,0,0,0,0,0,0,0,0,0,38080,0,0,0,113408,192,591,1422,3680525658,1140824569,1007424,0
700,1116800,167232,172160,0,4032,24448,453120,149824,145984,120768,996032,0,1344,447616,0,0,0,0,0,0,0,0,0,0,36736,0,0,0,112896,192,599,1439,1628466199,1540619727,971584,0
701,1116864,167936,173952,0,3968,24064,470784,146560,129600,109568,1007296,0,1408,465472,0,0,0,0,0,0,0,0,0,0,33600,0,0,0,112832,128,599,1432,89696894,292277788,983232,0
702,1116928,177344,171136,0,4928,9536,335872,138496,279616,259584,857344,0,1408,329408,0,0,0,0,0,0,0,0,0,0,25280,0,0,0,113088,128,599,1432,1436962604,2364555382,847808,0
703,1116608,164224,170688,0,4096,9280,323712,138432,306176,286208,830400,0,1408,318272,0,0,0,0,0,0,0,0,0,0,25280,0,0,0,113024,128,597,1431,2830426395,1779351011,821120,0
704,1677376,226432,171200,0,13056,9664,733888,164928,358208,337728,1339648,0,1344,728704,0,0,0,0,0,0,0,0,0,0,49408,0,0,0,115392,128,601,1450,3554321363,218810698,1329984,0
705,1116544,164928,166272,0,6592,9280,440960,145152,183360,163328,953216,0,1472,435520,0,0,0,0,0,0,0,0,0,0,29888,0,0,0,115136,128,611,1460,301700761,475474210,943936,0
706,1677056,230272,166592,0,6720,9600,526400,156800,580672,560128,1116928,0,1408,521088,0,0,0,0,0,0,0,0,0,0,41728,0,0,0,114944,128,602,1495,1189465250,2398995150,1107328,0
707,1116928,147200,165824,0,5632,46208,386176,105216,260672,240704,876224,0,1344,380864,0,0,0,0,0,0,0,0,0,0,36928,0,0,0,68160,128,568,1411,720814104,918081923,830016,0
708,1118336,149184,166208,0,8256,19136,341760,105280,328512,306944,811392,0,1408,336448,0,0,0,0,0,0,0,0,0,0,32384,0,0,0,72704,192,536,1323,1341094787,3279235754,792256,0
709,1116736,148864,166720,0,8960,18752,335488,104064,333888,312000,804736,0,1408,330112,0,0,0,0,0,0,0,0,0,0,31360,0,0,0,72576,128,526,1303,3059076382,1808767923,785984,0
710,1116608,148928,165568,0,8896,18688,346752,111744,316032,294208,822400,0,1408,341440,0,0,0,0,0,0,0,0,0,0,38656,0,0,0,72960,128,526,1294,2503408544,3324496158,803712,0
711,1116928,160960,166848,0,6272,18880,532352,110144,121472,99712,1017216,0,1408,527040,0,0,0,0,0,0,0,0,0,0,36288,0,0,0,73728,128,515,1290,1453943151,3731737781,998336,0
712,1116800,169408,168256,0,5248,18624,410432,111936,232896,211008,905792,0,1408,405184,0,0,0,0,0,0,0,0,0,0,39232,0,0,0,72576,128,515,1281,1796622533,2529201478,887168,0
713,1116864,147776,169536,0,6272,18560,341504,110592,322624,300992,815872,0,1408,336000,0,0,0,0,0,0,0,0,0,0,38848,0,0,0,71616,128,512,1273,2576614024,1262972271,797312,0
714,1116672,149568,171136,0,5248,18176,328640,115840,328064,306176,810496,0,1344,323392,0,0,0,0,0,0,0,0,0,0,42624,0,0,0,73024,192,518,1290,1332515756,3529333291,792320,0
715,1116800,198720,170560,0,5312,17792,384320,113920,226176,204672,912128,0,1408,379008,0,0,0,0,0,0,0,0,0,0,40384,0,0,0,73408,128,521,1294,2015829893,1627156511,894336,0
716,1117056,148800,170880,0,5248,18880,332864,112704,327680,300096,816960,0,1344,327552,0,0,0,0,0,0,0,0,0,0,40896,0,0,0,71680,128,516,1279,1293657358,2076317755,798080,0
717,1116864,147392,170752,0,5376,18624,315072,113280,346368,324288,792576,0,1408,309760,0,0,0,0,0,0,0,0,0,0,40640,0,0,0,72448,192,506,1255,3645317893,192125237,773952,0
718,1116608,159488,171008,0,6272,18240,304384,116992,340224,318528,798080,0,1408,299008,0,0,0,0,0,0,64,64,64,0,39680,0,0,0,76992,128,504,1253,1884459558,3062653161,779840,0
719,1116800,124224,171584,0,12352,18240,327360,117312,345728,323968,792832,0,1408,321792,0,0,0,0,0,0,128,128,64,0,39744,0,0,0,77120,128,505,1256,782805790,4243737122,774592,0
720,1116992,143680,172416,0,5376,18944,385920,115712,274944,253184,863808,0,1344,380544,0,0,0,0,0,0,128,64,128,64,38080,0,0,0,77120,128,501,1248,227193636,3495292682,844864,0
721,1116736,123712,171328,0,6336,18816,303360,115904,377280,355520,761216,0,1344,297984,0,0,0,0,0,0,128,128,128,64,38912,0,0,0,76416,128,502,1247,2469628387,269354139,742400,0
722,1116800,123264,172032,0,5568,40832,397824,114048,263232,241472,875328,0,1408,392576,0,0,0,0,0,0,64,64,128,64,36672,0,0,0,76928,128,514,1261,2780372797,895646744,834496,0
723,1116800,123136,171456,0,6400,18432,349248,114624,333504,311808,804992,0,1344,343872,0,0,0,0,0,0,64,64,64,0,36672,0,0,0,77568,192,514,1261,309061533,1369344423,786560,0
724,1116800,124480,171712,0,5568,18944,334144,114048,347904,326080,790720,0,1408,328832,0,0,0,0,0,0,128,64,64,0,37056,0,0,0,76544,192,519,1265,2340595311,4269213208,771776,0
725,1116736,144512,170432,0,5568,18752,375744,113920,287808,266240,850496,0,1344,370432,0,0,0,0,0,0,64,64,64,0,36864,0,0,0,76736,128,511,1251,3388339935,328679217,831744,0
726,1116672,123648,170880,0,5504,18752,343232,116032,338624,316992,799680,0,1408,337856,0,0,0,0,0,0,64,64,128,64,37184,0,0,0,78400,128,519,1265,3147582458,2674996983,780928,0
727,1116864,124800,169728,0,6720,18304,355904,114432,326976,305472,811392,0,1408,350592,0,0,0,0,0,0,128,64,64,0,37632,0,0,0,76416,128,517,1269,2688623583,2671178121,793088,0
728,1116672,143360,172096,0,22016,18752,482880,123648,153920,132096,984576,0,1408,477504,0,0,0,0,0,0,128,64,64,0,45824,0,0,0,77440,128,522,1279,1610331999,872354667,965824,0
729,1116608,123776,172224,0,6720,19200,345536,126080,323072,301184,815424,0,1408,339968,0,0,0,0,0,0,128,64,128,0,48704,0,0,0,76928,128,527,1285,1308669513,427747438,796224,0
730,1117120,124608,171648,0,5312,18944,357312,129344,309952,288256,828864,0,1408,351936,0,0,0,0,0,0,128,64,128,64,52096,0,0,0,76736,128,526,1291,1852610950,3254191384,809920,0
731,1116864,123456,171712,0,5376,18688,340224,125824,331584,309824,807040,0,1408,334848,0,0,0,0,0,0,64,64,128,64,48768,0,0,0,76608,128,522,1278,3137923259,1814894403,788352,0
732,1116992,123648,171520,0,6336,18560,400960,129600,266368,239040,877952,0,1408,395456,0,0,0,0,0,0,128,64,128,0,52096,0,0,0,77056,128,516,1263,1125728727,2492238749,859392,0
733,1116992,200896,173056,0,5312,18752,440704,129024,149248,127232,989760,0,1408,435392,0,0,0,0,0,0,64,64,64,0,50944,0,0,0,77760,128,515,1259,3983781957,2135178783,971008,0
734,1116736,123584,173440,0,5504,18752,358592,125184,311680,289856,826880,0,1408,353280,0,0,0,0,0,0,192,64,128,64,47872,0,0,0,76736,128,513,1260,1528699230,1679566602,808128,0
735,1116864,142592,173120,0,7680,18688,562432,125248,87104,65280,1051584,0,1344,556928,0,0,0,0,0,0,128,64,128,64,48384,0,0,0,76352,128,509,1264,341082338,1955366564,1032896,0
736,1116800,113152,173184,0,7872,18560,359936,123136,320960,298880,817920,0,1344,354560,0,0,0,0,0,0,128,128,128,64,46208,0,0,0,76352,128,510,1265,2899685409,951016359,799360,0
737,1116672,129600,172480,0,14464,55744,561408,132736,50240,28352,1088320,0,1472,556096,0,0,0,0,0,0,64,64,128,64,52032,0,0,0,80256,128,509,1249,1425879166,3929161398,1032576,0
738,1116800,122112,173120,0,8064,18688,380224,127104,287488,265728,851072,0,1408,374848,0,0,0,0,0,0,128,64,128,0,50176,0,0,0,76416,192,511,1242,2052958574,3178927864,832384,0
739,1116864,136512,173120,0,7040,19008,521664,128640,130880,108992,1007872,0,1344,516224,0,0,0,0,0,0,128,64,128,64,51328,0,0,0,76736,192,502,1243,2600959219,1370063071,988864,0
740,1116800,122368,171456,0,5440,19136,368768,128256,301376,279680,837120,0,1408,363520,0,0,0,0,0,0,192,64,64,0,51392,0,0,0,76352,192,504,1245,1624438423,4083387236,817984,0
741,1116736,123840,172160,0,5504,18624,439424,128832,228352,206528,910208,0,1408,434176,0,0,0,0,0,0,192,64,128,64,51072,0,0,0,77120,192,520,1265,754044623,977565584,891584,0
742,1116544,122560,171456,0,5376,18752,403136,126912,268352,246976,869568,0,1536,397696,0,0,0,0,0,0,64,64,128,64,49664,0,0,0,76736,192,515,1246,1906216141,1037608727,850816,0
743,1116736,140736,173056,0,7872,18368,480256,117888,178560,157184,959552,0,1344,475008,0,0,0,0,0,0,64,64,64,0,39744,0,0,0,77760,192,519,1248,3426583876,3364603162,941184,0
744,1116928,110976,172416,0,7808,19008,463104,125568,218048,196160,920768,0,1344,457792,0,0,0,0,0,0,192,64,128,64,47296,0,0,0,77696,128,522,1264,874382623,3304315222,901760,0
745,1116864,111488,186304,0,11968,18432,451136,130176,207360,185344,931520,0,1408,445888,0,0,0,0,0,0,64,128,64,0,52608,0,0,0,77184,128,523,1267,883117783,1584713019,913088,0
746,1116736,111424,173312,0,6336,18624,412992,132224,261824,240192,876544,0,1344,407680,0,0,0,0,0,0,128,64,128,64,54720,0,0,0,76992,128,523,1261,374836714,2291030721,857920,0
747,1117056,113536,171968,0,7616,18368,436608,124864,244096,222144,894912,0,1408,431296,0,0,0,0,0,0,128,128,64,0,48960,0,0,0,75392,192,529,1285,3690476149,1135417455,876544,0
748,1116544,112384,176064,0,7680,18496,441728,133952,226240,198912,917632,0,1408,436480,0,0,0,0,0,0,64,64,64,0,56704,0,0,0,76928,128,531,1281,544946278,3818972471,899136,0
749,1116800,110784,173248,0,5376,18560,403648,133568,271616,249984,866816,0,1344,398272,0,0,0,0,0,0,64,64,64,0,56640,0,0,0,76608,128,534,1285,4170060330,854638484,848256,0
750,1116928,131264,171328,0,6336,18240,469568,150656,169536,147840,969088,0,1408,464128,0,0,0,0,0,0,64,128,128,0,73216,0,0,0,76992,128,524,1278,3332284824,3419125086,950848,0
751,1116800,112320,171584,0,5440,18688,353344,141888,313536,291968,824832,0,1408,348096,0,0,0,0,0,0,64,64,128,64,64832,0,0,0,76608,128,527,1266,3505511283,1215819515,806144,0
752,1116864,131200,171392,0,5440,18496,417600,144128,228608,206784,910080,0,1408,412160,0,0,0,0,0,0,64,64,64,0,66112,0,0,0,77632,192,536,1293,2364039730,4117229836,891584,0
753,1116992,111936,172224,0,7808,40704,402048,128896,253376,231296,885696,0,1472,396608,0,0,0,0,0,0,128,128,128,64,51392,0,0,0,76928,128,518,1250,5914643,2659024178,844992,0
754,1116672,125056,171456,0,14336,18752,576256,163584,47232,25344,1091328,0,1344,570880,0,0,0,0,0,0,192,64,128,64,52352,0,0,0,110656,128,512,1260,4015460915,492841040,1072576,0
755,1116864,138880,171776,0,8000,18688,439040,149056,191424,169792,947072,0,1408,433792,0,0,0,0,0,0,128,64,64,0,52736,0,0,0,95936,128,509,1261,4025948881,699433945,928384,0
756,1116672,111680,172096,0,5248,18688,485056,150208,173696,151744,964928,0,1408,479744,0,0,0,0,0,0,128,64,64,0,53504,0,0,0,96256,192,514,1281,3442244725,1647748329,946240,0
757,1116736,129536,170368,0,7808,18752,550464,148992,90816,69120,1047616,0,1408,545216,0,0,0,0,0,0,128,64,128,64,51520,0,0,0,96960,128,514,1281,1636531119,3969087041,1028864,0
758,1677056,148288,171072,0,7872,18240,876672,138752,316160,294400,1382656,0,1408,871552,0,0,0,0,0,0,192,64,128,64,41216,0,0,0,96960,128,521,1291,695669907,2099256977,1364416,0
759,1116480,162624,171776,0,6464,18368,542080,133056,82112,60416,1056064,0,1408,536704,0,0,0,0,0,0,192,64,128,64,34240,0,0,0,98240,128,513,1275,2062840982,3452651446,1037696,0
760,1677056,170688,171648,0,6336,18176,596864,131712,581632,559360,1117696,0,1408,591680,0,0,0,0,0,0,64,64,128,64,34944,0,0,0,96256,192,519,1284,1291485985,2320421089,1099520,0
761,1676928,141632,171328,0,5248,18752,785152,139648,415168,393536,1283392,0,1344,779776,0,0,0,0,0,0,64,128,64,64,43328,0,0,0,95808,192,512,1275,704789789,3318717693,1264640,0
762,1116928,111936,170240,0,5248,19008,533184,137344,139968,115200,1001728,0,1408,527808,0,0,0,0,0,0,128,64,64,0,40960,0,0,0,95936,192,507,1267,2443056360,3765190467,982720,0
763,1116736,123392,171968,0,6272,18432,517888,129792,148992,127296,989440,0,1408,512512,0,0,0,0,0,0,64,64,64,0,34496,0,0,0,94976,128,526,1300,1364759828,1671214622,971008,0
764,1116736,123392,171584,0,5312,18496,547584,129600,120768,93504,1023232,0,1408,542336,0,0,0,0,0,0,128,64,128,64,34368,0,0,0,94720,128,523,1295,1777008423,3612358766,1004736,0
765,1117056,112832,172160,0,7680,18496,520064,131456,154368,131968,985088,0,1408,514752,0,0,0,0,0,0,192,64,128,0,34880,0,0,0,96000,192,524,1290,3074098956,2367765253,966592,0
766,1676992,142784,171264,0,13632,19648,671616,121664,536384,514560,1162432,0,1344,666304,0,0,0,0,0,0,128,64,64,0,43776,0,0,0,77504,128,520,1289,695279830,1581984235,1142784,0
767,1117056,111872,169984,0,5376,55232,403968,122496,248128,226240,890816,0,1408,398656,0,0,0,0,0,0,64,64,64,0,42816,0,0,0,79360,128,514,1274,2064317,90446403,835584,0
768,1116800,111488,171712,0,7808,18880,399488,121344,286080,264064,852736,0,1408,394176,0,0,0,0,0,0,64,64,128,64,43456,0,0,0,77440,128,523,1281,2740868337,2698036926,833856,0
769,1116736,112064,171968,0,7488,18368,446336,112960,247552,225344,891392,0,1408,441024,0,0,0,0,0,0,128,64,64,0,36416,0,0,0,76160,128,501,1252,2726711025,3329381741,873024,0
770,1116480,131904,171008,0,6656,19008,346432,127360,314112,292672,823808,0,1280,340928,0,0,0,0,0,0,128,64,128,64,45824,0,0,0,81024,128,509,1266,1888335907,1241578504,804800,0
771,1116736,150336,171520,0,5120,18496,526144,121024,124096,102336,1014400,0,1280,520896,0,0,0,0,0,0,128,64,64,0,42816,0,0,0,77824,128,505,1256,2071126890,2346006677,995904,0
772,1117056,111936,170368,0,7872,18752,367296,125696,315136,293056,824000,0,1472,361856,0,0,0,0,0,0,192,128,64,64,47168,0,0,0,77952,128,513,1285,2594483985,2899956214,805248,0
773,1116800,131072,171520,0,7488,18944,396864,119872,271040,249024,867776,0,1344,391616,0,0,0,0,0,0,128,64,64,0,42752,0,0,0,76736,128,513,1268,1354048404,2398671844,848832,0
774,1116928,180288,171904,0,6592,18816,464192,116224,158912,136960,979968,0,1408,458624,0,0,0,0,0,0,0,0,0,0,43200,0,0,0,72896,128,525,1293,459875362,690033886,961152,0
775,1116672,155904,171200,0,4992,18368,418496,109504,238208,216320,900352,0,1408,413120,0,0,0,0,0,0,0,0,0,0,36416,0,0,0,72960,128,516,1318,2773238891,2486150326,881984,0
776,1116864,133888,171264,0,5120,18752,393728,109888,284224,262592,854272,0,1408,388416,0,0,0,0,0,0,0,0,0,0,36160,0,0,0,73536,192,535,1370,3046180965,2609996346,835520,0
777,1117312,146432,169536,0,5120,18752,552192,109504,115776,93504,1023808,0,1408,547008,0,0,0,0,0,0,0,0,0,0,36096,0,0,0,73280,128,589,1518,183673005,2091612452,1005056,0
778,1676416,596992,170688,0,6208,21056,552000,121600,207872,186304,1490112,0,1408,546752,0,0,0,0,0,0,0,0,0,0,45376,0,0,0,76032,192,609,1523,2767931284,2641976228,1469056,0
779,1116800,135488,171584,0,3584,20736,417600,119680,248128,226112,890688,0,1408,412288,0,0,0,0,0,0,0,0,0,0,44800,0,0,0,74752,128,603,1471,3557924250,4200561836,869952,0
780,1676864,145472,171392,0,10432,21184,675904,120896,531584,504256,1172608,0,1408,670528,0,0,0,0,0,0,0,0,0,0,45824,0,0,0,74880,192,613,1473,758307756,3937978042,1151424,0
781,1116928,146368,170944,0,5120,43008,535424,110784,105280,83264,1033664,0,1408,529984,0,0,0,0,0,0,0,0,0,0,37184,0,0,0,73472,128,627,1504,917871190,1978767361,990656,0
782,1116672,133952,169408,0,5696,20928,572992,111488,102208,80256,1036416,0,1408,567616,0,0,0,0,0,0,0,0,0,0,37696,0,0,0,73664,128,629,1496,2434706903,1297412177,1015488,0
783,1116864,195328,170816,0,4992,20800,569152,113536,42240,20416,1096448,0,1408,563712,0,0,0,0,0,0,0,0,0,0,37312,0,0,0,76096,128,634,1505,57653753,1640274540,1075648,0
784,1116608,146176,171776,0,3456,20416,570688,121792,82304,60416,1056192,0,1408,565376,0,0,0,0,0,0,0,0,0,0,47616,0,0,0,73984,192,638,1519,2235650142,3010697454,1035776,0
785,1116800,134784,170624,0,3456,20544,571456,120768,95168,73216,1043584,0,1408,566144,0,0,0,0,0,0,0,0,0,0,46848,0,0,0,73728,192,634,1511,3405319097,1238429498,1023040,0
786,1676992,206208,172032,0,3456,22592,553536,176768,542400,520704,1156288,0,1344,548160,0,0,0,0,0,0,0,0,0,0,65664,0,0,0,110912,192,637,1518,1090019554,2959361367,1133696,0
787,1116480,146880,170944,0,4288,20800,374848,134848,263872,242176,874304,0,1408,369408,0,0,0,0,0,0,0,0,0,0,44800,0,0,0,89920,128,633,1507,3642389118,604470455,853504,0
788,1117184,136128,171712,0,3520,20672,377344,135360,272448,249920,867264,0,1408,372160,0,0,0,0,0,0,0,0,0,0,44736,0,0,0,90496,128,632,1506,737552799,125937472,846592,0
789,1116544,146240,171584,0,5760,21440,385664,137344,248512,226880,889664,0,1408,380352,0,0,0,0,0,0,0,0,0,0,46272,0,0,0,90944,128,631,1500,4076142923,3912244722,868224,0
790,1116864,146496,172480,0,4160,20928,488768,160320,123712,102144,1014720,0,1408,483328,0,0,0,0,0,0,0,0,0,0,66368,0,0,0,93760,192,628,1491,2631451814,165011805,993792,0
791,1676928,169088,171008,0,2240,20736,614208,147904,551744,530112,1146816,0,1408,608768,0,0,0,0,0,0,0,0,0,0,53696,0,0,0,94080,128,627,1506,2711460169,1798784845,1126080,0
792,1676800,179456,170368,0,11328,34880,867776,148736,264256,242496,1434304,0,1344,862208,0,0,0,0,0,0,0,0,0,0,55680,0,0,0,92928,128,642,1533,2409145514,3167681648,1399424,0
793,1116800,158080,172096,0,3456,35520,521088,144896,81664,59904,1056896,0,1472,515584,0,0,0,0,0,0,0,0,0,0,51072,0,0,0,93696,128,637,1516,2263138229,155789363,1021376,0
794,1116672,139008,172096,0,3456,35392,441088,145920,179712,157952,958720,0,1536,435456,0,0,0,0,0,0,0,0,0,0,52672,0,0,0,93120,128,640,1524,2350170501,2729655857,923328,0
795,1117056,150016,171840,0,3328,42624,433664,147712,167872,146304,970752,0,1344,428224,0,0,0,0,0,0,0,0,0,0,54080,0,0,0,93504,128,642,1538,2907623539,347206880,928128,0
796,1116736,157184,172160,0,3456,20992,442944,148544,171456,144384,972352,0,1408,437632,0,0,0,0,0,0,0,0,0,0,55680,0,0,0,92736,128,643,1538,2630298718,4245129872,951360,0
797,1116928,169792,173056,0,3456,35008,513664,149568,72384,50624,1066304,0,1408,508352,0,0,0,0,0,0,0,0,0,0,54976,0,0,0,94464,128,643,1532,1325366913,1882784277,1031296,0
798,1676928,224064,171968,0,3392,20416,544640,145024,567424,545664,1131264,0,1408,539200,0,0,0,0,0,0,0,0,0,0,50752,0,0,0,94144,128,635,1522,628382609,778861973,1110848,0
799,1676800,147008,174528,0,11328,20160,566592,298880,458304,430912,1245888,0,1280,561280,0,0,0,0,0,0,64,150720,192,64,50496,21312,0,0,97152,192,645,1549,964074350,1375650928,1225728,0
800,1116992,147200,172672,0,3584,20928,517440,212288,42880,20992,1096000,0,1472,512064,0,0,0,0,0,0,64,63168,128,64,51776,0,0,0,96960,128,643,1546,4144487310,2728380574,1075072,0
801,1676992,146304,171456,0,3584,21696,562880,196736,574336,552576,1124416,0,1344,557568,0,0,0,0,0,0,128,62848,256,0,37504,0,0,0,95872,128,643,1538,302696541,3289042364,1102720,0
802,1677248,145728,171456,0,3648,20992,632384,205696,497344,475392,1201856,0,1344,626944,0,0,0,0,0,0,128,62848,256,0,46208,0,0,0,96128,128,638,1535,1587994058,200585350,1180864,0
803,1116608,156096,172544,0,3712,20480,500672,206080,57024,35200,1081408,0,1408,495232,0,0,0,0,0,0,64,63808,192,64,45120,0,0,0,96704,128,644,1535,1203032740,2531096863,1060928,0
804,1117056,146560,172288,0,3712,21056,434432,199296,139712,117760,999296,0,1344,428992,0,0,0,0,0,0,128,63616,192,64,38592,0,0,0,96576,128,644,1540,551003719,319907792,978240,0
805,1116736,156224,172928,0,5888,21440,419584,202560,138112,116224,1000512,0,1408,414208,0,0,0,0,0,0,128,68224,192,64,39552,0,0,0,94272,128,634,1519,2736030835,409526351,979072,0
806,1116672,135552,172032,0,6784,20608,406528,198848,176320,154688,961984,0,1344,401088,0,0,0,0,0,0,64,63104,192,0,38592,0,0,0,96768,128,629,1516,726202395,3657899610,941376,0
807,1117056,146432,171264,0,5120,20928,391616,180160,201536,179776,937280,0,1408,386304,0,0,0,0,0,0,128,63232,192,0,39168,0,0,0,77248,192,628,1522,1249319426,2824418284,916352,0
808,1676928,207680,171456,0,10112,43648,505536,189632,548864,526784,1150144,0,1472,499968,0,0,0,0,0,0,64,62784,192,0,49024,0,0,0,77440,128,627,1519,3261542776,2045080226,1106496,0
809,1116736,134912,172480,0,3776,21120,420992,188928,174528,152704,964032,0,1408,415744,0,0,0,0,0,0,128,62976,128,0,48448,0,0,0,77056,192,629,1516,2826818934,2649369140,942912,0
810,1116608,145536,174144,0,5952,20608,410240,179840,180288,158400,958208,0,1408,404928,0,0,0,0,0,0,128,63104,192,0,40320,0,0,0,75968,128,625,1512,1158277298,855597666,937600,0
811,1116672,182080,171200,0,5952,20928,408512,178688,149312,127488,989184,0,1344,403200,0,0,0,0,0,0,192,63424,192,64,38784,0,0,0,75904,128,623,1507,1439292801,4023503133,968256,0
812,1116672,134592,171200,0,5056,20992,439360,178496,166976,145600,971072,0,1408,433920,0,0,0,0,0,0,128,62528,192,64,39104,0,0,0,76352,128,615,1490,3069180192,2304728171,950080,0
813,1116864,146432,172288,0,3584,20608,419840,178304,175808,148736,968128,0,1408,414400,0,0,0,0,0,0,64,63040,192,0,38080,0,0,0,76800,128,618,1504,77607779,403315012,947520,0
814,1116992,146816,172416,0,3584,20928,432064,188928,152256,130368,986624,0,1344,426816,0,0,0,0,0,0,64,63360,192,64,48832,0,0,0,76288,128,625,1522,1233823174,929915706,965696,0
815,1116608,134976,171200,0,5824,20736,411264,188608,184000,162368,954240,0,1408,405952,0,0,0,0,0,0,128,63552,192,0,47104,0,0,0,77504,128,627,1522,1971760047,489625774,933504,0
816,1677120,162624,171520,0,4672,21056,606720,197568,512960,491264,1185856,0,1408,601344,0,0,0,0,0,0,128,63168,192,0,36928,0,0,0,96960,192,627,1524,1709518176,3767980954,1164800,0
817,1676928,152768,170112,0,3520,22912,555776,198912,572928,551360,1125568,0,1408,550400,0,0,0,0,0,0,128,63424,192,0,36352,0,0,0,98624,192,625,1517,2430262233,1418561278,1102656,0
818,1677056,146432,172800,0,5888,23680,573632,191168,563456,541696,1135360,0,1408,568384,0,0,0,0,0,0,64,56128,192,0,37184,0,0,0,97472,128,628,1522,1390022817,3440596088,1111680,0
819,1676992,148096,171328,0,6528,22784,617984,203328,506944,485120,1191872,0,1408,612544,0,0,0,0,0,0,128,56000,192,0,47680,0,0,0,99136,192,628,1522,1411756589,3784750349,1169088,0
820,1676928,135296,172352,0,4288,23680,581376,200896,559040,537216,1139712,0,1408,575936,0,0,0,0,0,0,128,55040,192,0,46272,0,0,0,99072,192,627,1523,4216828522,255439892,1116032,0
821,1677376,162752,171136,0,2304,45056,702784,174464,418880,396736,1280640,0,1408,697536,0,0,0,0,0,0,64,56128,192,0,38080,0,0,0,79872,128,623,1516,3065366113,1450561391,1235584,0
822,1676608,156032,170688,0,3712,23232,679296,182720,460928,439104,1237504,0,1408,673920,0,0,0,0,0,0,128,56320,192,64,47168,0,0,0,78720,128,630,1535,2871983485,2555422164,1214272,0
823,1116672,155520,178048,0,3648,23872,515008,193472,47104,25216,1091456,0,1344,509632,0,0,0,0,0,0,64,56064,192,64,54080,0,0,0,82880,128,632,1527,1799458292,1465997250,1067584,0
824,1116800,148736,175680,0,4608,23488,407872,192960,163456,142016,974784,0,1408,402368,0,0,0,0,0,0,128,56064,192,0,57472,0,0,0,78912,192,635,1534,466104929,862224097,951296,0
825,1116736,147968,172224,0,3776,22912,418880,193280,157696,136064,980672,0,1408,413440,0,0,0,0,0,0,64,56064,192,64,57664,0,0,0,79104,128,641,1544,471384465,3858483470,957760,0
826,1116992,160960,172992,0,5952,23616,474880,185472,93120,71232,1045760,0,1408,469568,0,0,0,0,0,0,128,56128,192,0,49216,0,0,0,79680,128,644,1539,1466268946,3944870495,1022144,0
827,1116544,184576,171328,0,5952,37824,452416,186624,77824,56192,1060352,0,1408,447104,0,0,0,0,0,0,128,56128,192,0,49536,0,0,0,80512,128,639,1528,3068545455,4084483957,1022528,0
828,1116864,149120,172544,0,4928,23168,419904,185152,162048,140224,976640,0,1408,414656,0,0,0,0,0,0,128,55680,192,64,49152,0,0,0,79808,128,639,1533,3273905330,2161103637,953472,0
829,1676992,210432,172352,0,3712,23168,528064,204224,535040,507648,1169344,0,1472,522752,0,0,0,0,0,0,128,55936,192,64,49472,0,0,0,98304,128,631,1520,2712858685,3719488967,1146176,0
830,1676928,212288,172032,0,10688,23616,664384,249152,344768,322688,1354240,0,1408,658816,0,0,0,0,0,0,128,55424,192,64,72512,0,0,0,120704,128,649,1581,700659780,4002529678,1330624,0
831,1116992,169920,171840,0,6272,23680,423104,252480,69696,48128,1068864,0,1408,417792,0,0,0,0,0,0,64,55488,192,64,78592,0,0,0,117952,128,657,1600,49832874,3789266506,1045184,0
832,1116672,143936,169664,0,6208,20864,408896,248640,118464,96512,1020160,0,1408,403584,0,0,0,0,0,0,128,54592,192,0,77056,0,0,0,116544,128,646,1585,3953126438,3204831178,999296,0
833,1116544,155520,171456,0,5184,20992,356672,241344,165376,143936,972608,0,1408,351360,0,0,0,0,0,0,128,55168,192,64,69696,0,0,0,115904,192,657,1601,2245044109,3235914095,951616,0
834,1116928,155520,173760,0,4928,20864,400000,239552,122304,100416,1016512,0,1408,394496,0,0,0,0,0,0,64,54720,192,64,69248,0,0,0,115136,128,652,1597,2458604837,380532145,995648,0
835,1116800,144192,172224,0,6144,43328,359168,242944,148800,126912,989888,0,1408,353792,0,0,0,0,0,0,192,54976,192,0,70848,0,0,0,116608,128,657,1600,4265771850,2456262586,946560,0
836,1116864,155968,172224,0,5056,20800,365440,204544,192832,170816,946048,0,1408,360000,0,0,0,0,0,0,128,56000,192,0,70976,0,0,0,77120,128,630,1546,1861487277,3804298475,925248,0
837,1116864,156800,170112,0,3712,21248,378880,204160,181952,159936,956928,0,1408,373568,0,0,0,0,0,0,128,55808,192,64,66944,0,0,0,80832,192,644,1549,1706498291,301282733,935680,0
838,1116416,144832,172032,0,5888,21056,362752,199168,210688,188992,927424,0,1408,357440,0,0,0,0,0,0,128,55808,192,64,65408,0,0,0,77440,128,642,1543,1631921753,1567375399,906368,0
839,1116992,167616,171584,0,6208,21504,372032,192000,186048,164352,952640,0,1408,366720,0,0,0,0,0,0,64,55616,128,64,58240,0,0,0,77760,128,627,1514,1518706184,68126014,931136,0
840,1676800,166848,171072,0,3712,23040,542912,213440,555776,534208,1142592,0,1408,537600,0,0,0,0,0,0,128,56192,192,0,57280,0,0,0,99520,128,631,1517,1466651256,414072679,1119552,0
841,1116608,156224,171968,0,3648,22912,433024,209792,119040,97792,1018816,0,1344,427584,0,0,0,0,0,0,128,55808,192,64,55424,0,0,0,97984,192,627,1507,3422609747,2634217068,995904,0
842,1117056,150016,171520,0,4864,23616,490432,219392,57216,35328,1081728,0,1408,484992,0,0,0,0,0,0,64,55744,192,64,64448,0,0,0,98752,128,640,1544,2939336900,718642073,1058112,0
843,1676992,170880,171456,0,5952,23296,612608,218240,474560,452800,1224192,0,1408,607296,0,0,0,0,0,0,128,55744,192,0,61952,0,0,0,100096,128,631,1537,3294109568,4098378384,1200896,0
844,1676992,176000,172160,0,7424,23424,586496,189440,522048,500288,1176704,0,1344,581056,0,0,0,0,0,0,128,56000,192,0,53568,0,0,0,79424,128,631,1541,2969092887,4174072861,1153280,0
845,1116608,147008,171904,0,6016,23232,416640,182592,169216,142016,974592,0,1408,411264,0,0,0,0,0,0,64,56000,192,64,47872,0,0,0,78208,192,633,1528,1426841274,1597078461,951360,0
846,1116736,147712,172416,0,3520,22400,434496,172480,163712,141888,974848,0,1472,429312,0,0,0,0,0,0,64,55936,192,64,38336,0,0,0,77696,192,634,1529,817575374,1638485423,952448,0
847,1116864,147392,170304,0,3648,23424,414336,183552,174208,152512,964352,0,1408,408960,0,0,0,0,0,0,128,56064,192,64,47040,0,0,0,79936,128,630,1534,2572785887,1102339901,940928,0
848,1116736,179648,172800,0,3648,23872,495296,199552,41920,20032,1096704,0,1344,489920,0,0,0,0,0,0,64,56064,192,0,44416,0,0,0,98688,128,622,1505,1843811664,2631864803,1072832,0
849,1116864,149696,171840,0,3712,45184,391552,199424,155456,133568,983296,0,1408,386368,0,0,0,0,0,0,128,55808,192,64,45440,0,0,0,97600,192,632,1534,893304704,1848092565,938112,0
850,1677056,182208,172736,0,4800,23040,581760,193856,518656,496640,1180416,0,1344,576448,0,0,0,0,0,0,128,55552,192,64,38464,0,0,0,99328,128,642,1539,2304683133,515331378,1157376,0
851,1676992,175552,174528,0,6080,22976,871616,203904,222336,200448,1476544,0,1472,866176,0,0,0,0,0,0,128,56000,192,0,45248,0,0,0,102208,128,631,1532,2553194271,2766360594,1453568,0
852,1676928,148160,170368,0,4928,23424,746880,220352,362816,340800,1336128,0,1408,741440,0,0,0,0,0,0,128,56384,256,0,61440,0,0,0,102016,128,625,1520,1809621398,2696462833,1312704,0
853,1677248,167488,172736,0,5824,23040,573952,230848,503360,481664,1195584,0,1408,568512,0,0,0,0,0,0,64,55680,256,0,60672,0,0,0,114048,128,646,1547,2959603205,222847161,1172544,0
854,1676864,184960,172928,0,3648,23104,731584,213120,347520,325952,1350912,0,1344,726208,0,0,0,0,0,0,128,56320,256,0,62272,0,0,0,94016,128,644,1525,4277111660,79518265,1327808,0
855,1676992,150080,171264,0,3776,21504,563968,191040,575360,553728,1123264,0,1472,558656,0,0,0,0,0,0,128,56000,192,0,57472,0,0,0,77120,128,654,1544,2554622326,1026905617,1101760,0
856,1116736,138816,171776,0,6784,20864,377856,189760,210880,189312,927424,0,1472,372352,0,0,0,0,0,0,64,55296,192,0,56576,0,0,0,77504,128,623,1498,3069678441,3828826331,906560,0
857,1116736,150976,170688,0,6848,35840,352256,190272,209856,188224,928512,0,1344,346816,0,0,0,0,0,0,64,56256,192,0,56128,0,0,0,77504,128,615,1501,3087658133,1297420575,892672,0
858,1117184,151744,171584,0,4160,21248,368256,199616,200576,178496,938688,0,1408,363008,0,0,0,0,0,0,64,56000,192,0,65920,0,0,0,77312,128,618,1517,1935700573,1772613281,917440,0
859,1116736,166272,172416,0,2240,21120,500352,198592,55744,34112,1082624,0,1344,494976,0,0,0,0,0,0,64,55616,192,64,65664,0,0,0,76800,192,629,1529,1290687869,3832556166,1061504,0
860,1677184,180864,171584,0,2176,21184,527872,191168,582336,559808,1117376,0,1344,522496,0,0,0,0,0,0,64,55680,192,0,58048,0,0,0,76992,192,618,1513,3896837317,2371310493,1096192,0
861,1116608,138752,170752,0,2240,43072,337216,188800,235776,208640,907968,0,1408,331904,0,0,0,0,0,0,128,55936,256,0,56128,0,0,0,76160,192,616,1512,1275624647,3653312686,864896,0
862,1116800,148864,178368,0,3072,23040,396928,173184,193344,171712,945088,0,1408,391616,0,0,0,0,0,0,64,55936,192,64,38656,0,0,0,78144,128,616,1485,2196771052,3703139937,922048,0
863,1116864,149760,174272,0,3072,22976,351680,182336,232768,210816,906048,0,1344,346368,0,0,0,0,0,0,192,56000,192,0,46976,0,0,0,78784,192,621,1491,4067840758,368843334,883072,0
864,1116736,137600,173696,0,2176,23360,340032,182016,257856,235968,880768,0,1472,334592,0,0,0,0,0,0,128,55808,192,0,45120,0,0,0,80640,128,623,1501,3747618342,3242283305,857408,0
865,1116800,149376,175040,0,2240,23616,416576,174208,175744,153984,962816,0,1536,411136,0,0,0,0,0,0,64,56128,192,64,39168,0,0,0,78400,192,615,1487,1829532905,2967945275,939200,0
866,1116736,150144,173696,0,2304,23104,337152,160192,270144,248704,868032,0,1408,331776,0,0,0,0,0,0,128,55680,192,64,25728,0,0,0,78272,128,617,1490,1011309024,1349327185,844928,0
867,1117120,159616,173312,0,2176,23552,505536,160192,92736,70720,1046400,0,1472,500096,0,0,0,0,0,0,128,56064,192,64,25472,0,0,0,78144,128,619,1486,2506219771,681351030,1022848,0
868,1116608,149312,174464,0,2240,22912,336128,160320,271232,249408,867200,0,1408,330752,0,0,0,0,0,0,64,55872,192,0,25984,0,0,0,78080,128,613,1474,1076109847,1870083540,844288,0
869,1116672,149952,173376,0,2240,22848,365568,170240,232448,210816,905856,0,1472,360064,0,0,0,0,0,0,64,56064,192,0,34496,0,0,0,79296,128,612,1474,3044937364,2564333366,883008,0
870,1116800,156096,174528,0,2304,23104,422144,168512,170112,148416,968384,0,1408,416896,0,0,0,0,0,0,64,56064,192,0,33088,0,0,0,78976,128,609,1473,4166355043,3404060919,945280,0
871,1116864,173184,173952,0,2240,23424,397312,160320,186432,164736,952128,0,1344,392000,0,0,0,0,0,0,64,55936,192,64,25024,0,0,0,78912,128,602,1463,3722842695,1628760280,928704,0
872,1116608,179584,173888,0,2176,22976,491328,161088,85568,63808,1052800,0,1344,485760,0,0,0,0,0,0,64,56000,192,64,25664,0,0,0,78976,128,619,1482,432232011,710302066,1029824,0
873,1116800,149312,171072,0,2176,22720,363392,147520,260608,238976,877824,0,1408,358144,0,0,0,0,0,0,128,55808,192,0,14016,0,0,0,77248,128,617,1468,3827499503,1284526871,855104,0
874,1117184,172224,170496,0,2176,23040,455808,148800,144640,122368,994816,0,1408,450560,0,0,0,0,0,0,64,56000,192,64,13696,0,0,0,78656,128,612,1462,2206830054,3694028191,971776,0
875,1116800,165120,170368,0,11200,22848,535168,163136,48960,26688,1090112,0,1408,529792,0,0,0,0,0,0,64,55680,192,64,28224,0,0,0,78784,128,611,1465,2390798000,2005899131,1067264,0
876,1676864,197248,172096,0,3840,45504,650944,176960,430272,408320,1268544,0,1408,645440,0,0,0,0,0,0,64,56064,192,0,41152,0,0,0,79360,128,603,1457,1634714754,2726869753,1223040,0
877,1116672,167232,171264,0,3776,21120,404544,164352,184384,157184,959488,0,1408,399104,0,0,0,0,0,0,128,55616,192,64,30272,0,0,0,77888,192,607,1453,1444841624,833214875,938368,0
878,1117056,150016,172544,0,3712,20800,378176,163072,228736,204352,912704,0,1472,372736,0,0,0,0,0,0,128,55680,256,0,30528,0,0,0,76288,192,603,1451,4050751105,3893141918,891904,0
879,1116672,160576,171456,0,3776,21248,352256,163712,243648,222016,894656,0,1344,346752,0,0,0,0,0,0,128,56000,192,64,30208,0,0,0,76928,192,605,1451,2535818177,2670494021,873408,0
880,1677056,185280,171392,0,11200,21376,566272,180096,541440,519872,1157184,0,1344,560704,0,0,0,0,0,0,64,55360,192,0,46336,0,0,0,77952,192,620,1483,561845115,527413734,1135808,0
881,1116736,162880,170688,0,10752,21248,430080,182144,138944,116928,999808,0,1408,424640,0,0,0,0,0,0,64,55424,192,64,48640,0,0,0,77632,128,628,1478,2090247687,3437542704,978560,0
882,1677184,176000,168832,0,11904,21120,722176,183936,393216,371264,1305920,0,1472,716800,0,0,0,0,0,0,64,56512,128,64,49664,0,0,0,77376,128,619,1471,78544831,3001935497,1284800,0
883,1676928,166144,168832,0,5952,21312,616448,183168,515072,493312,1183616,0,1408,611136,0,0,0,0,0,0,64,55488,192,64,49152,0,0,0,78080,128,621,1475,2942105756,3441486953,1162304,0
884,1116992,165056,165760,0,6208,21312,527680,174208,56768,34432,1082560,0,1280,522368,0,0,0,0,0,0,128,55744,256,0,40704,0,0,0,77248,128,626,1484,3634743160,3448549935,1061248,0
885,1677056,205440,166912,0,12480,23232,718272,195072,355648,333632,1343424,0,1472,712896,0,0,0,0,0,0,128,55552,192,0,58880,0,0,0,80192,128,621,1480,101071107,769516309,1320192,0
886,1677056,165312,168128,0,6848,23232,634816,191232,487488,465408,1211648,0,1344,629440,0,0,0,0,0,0,192,55936,192,64,55488,0,0,0,79232,128,617,1480,1336449225,3841319144,1188416,0
887,1677056,259392,165824,0,13760,26560,737024,234048,240448,218240,1458816,0,1408,731520,0,0,0,0,0,0,64,55552,192,0,54592,0,0,0,123520,128,615,1487,3933750124,4177569228,1432256,0
888,1116608,187072,165952,0,5888,34688,355520,224256,143232,121280,995328,0,1344,350016,0,0,0,0,0,0,128,56256,192,0,47040,0,0,0,120512,128,609,1470,2396981146,954363741,960640,0
889,1116480,156352,166528,0,6272,26880,385600,222848,152000,130496,985984,0,1408,380224,0,0,0,0,0,0,128,55616,192,64,46400,0,0,0,120320,128,616,1483,2930619728,1286055952,959104,0
890,1677120,188736,167040,0,5760,12416,539072,217280,546816,522432,1154688,0,1472,533568,0,0,0,0,0,0,128,55680,192,0,40896,0,0,0,120256,128,611,1471,1071758818,2794107015,1142272,0
891,1116928,177344,166912,0,4992,12352,452544,225664,77120,55424,1061504,0,1472,447040,0,0,0,0,0,0,128,56128,192,64,45632,0,0,0,123392,128,616,1450,666899868,360630558,1049152,0
892,1116928,165056,166144,0,3584,12544,512064,220928,36608,14528,1102400,0,1344,506624,0,0,0,0,0,0,128,55424,192,0,44352,0,0,0,120704,128,623,1462,3476948324,3096021733,1089856,0
893,1116928,175040,167360,0,3712,12736,472768,208320,76992,49664,1067264,0,1472,467200,0,0,0,0,0,0,128,55680,192,0,31168,0,0,0,121024,128,618,1459,2610209694,1867963917,1054528,0
894,1116672,176064,165632,0,3584,12480,496704,201472,60736,38976,1077696,0,1280,491328,0,0,0,0,0,0,128,56128,192,64,24256,0,0,0,120512,192,618,1450,346818428,2073027674,1065216,0
895,1677248,405888,172864,0,13120,26752,851328,157632,49664,27584,1649664,0,1472,845952,0,0,0,0,0,0,64,56256,192,0,26048,0,0,0,74880,192,612,1442,520301769,4049594778,1622912,0
896,1116608,170496,170048,0,3776,12480,478144,156672,124992,103552,1013056,0,1536,472832,0,0,0,0,0,0,128,56384,256,0,26432,0,0,0,73280,192,615,1447,1890848210,1568816824,1000576,0
897,1116992,172864,171968,0,3776,27008,505408,171904,64064,41984,1075008,0,1408,499840,0,0,0,0,0,0,128,55808,192,0,41088,0,0,0,74560,128,616,1456,968861755,1116011701,1048000,0
898,1116352,143168,170176,0,3840,12352,417856,170304,198656,177216,939136,0,1408,412544,0,0,0,0,0,0,128,56064,192,0,39808,0,0,0,73920,192,618,1458,375214438,2859465655,926784,0
899,1116992,174976,171392,0,3776,12288,505856,167744,80960,59328,1057664,0,1472,500480,0,0,0,0,0,0,128,55552,128,64,36480,0,0,0,75264,128,609,1452,843126516,1420932021,1045376,0
900,1676800,231104,171200,0,3840,24256,711680,169024,365696,344000,1332800,0,1408,706112,0,0,0,0,0,0,128,55424,192,0,39872,0,0,0,73216,192,614,1444,1191596498,3569920468,1308544,0
901,1115456,148352,171264,0,3840,24832,386688,177536,202944,183168,932288,0,1408,381248,0,0,0,0,0,0,128,55936,192,0,41216,0,0,0,79872,192,612,1447,745523371,1550349596,907456,0
902,1116800,136448,166400,0,4736,47168,374272,170240,217536,197632,919168,0,1408,368704,0,0,0,0,0,0,128,55680,192,64,41280,0,0,0,72768,128,605,1432,39364422,2126338557,872000,0
903,1116736,135424,167104,0,3840,9856,409792,172800,217920,198080,918656,0,1472,404224,0,0,0,0,0,0,64,55808,256,0,45952,0,0,0,70592,128,615,1455,3049291082,1103862918,908800,0
904,1676864,164416,165760,0,22144,10560,745216,260992,307776,287744,1389120,0,1408,739840,0,0,0,0,0,0,44416,55104,320,64,45696,0,0,0,115264,128,641,1525,327317152,2922565804,1378560,0
905,1117120,146688,169344,0,4096,10368,455552,257728,73344,50624,1066496,0,1408,450112,0,0,0,0,0,0,44800,55424,320,0,44032,0,0,0,113024,128,649,1568,4069798680,329730847,1056128,0
906,1116608,135296,171200,0,4096,10624,446784,244608,104000,84032,1032576,0,1408,441344,0,0,0,0,0,0,44608,55296,320,0,32192,0,0,0,112064,128,646,1557,2050200544,129252420,1021952,0
907,1118400,135488,170880,0,4032,24064,458048,249280,76608,55104,1063296,0,1408,452608,0,0,0,0,0,0,45120,55552,320,64,26688,0,0,0,121408,128,636,1532,393864940,3699204108,1039232,0
908,1677120,134464,171840,0,4096,23872,550272,286784,505792,483840,1193280,0,1344,544960,0,0,0,0,0,0,45056,55872,320,64,27968,0,0,0,157376,128,654,1596,295654345,2784769198,1169408,0
909,1676928,134912,171520,0,4096,23232,522240,270976,549952,522240,1154688,0,1408,516928,0,0,0,0,0,0,45056,55488,320,128,13888,0,0,0,155904,192,640,1577,4219081364,391029007,1131456,0
910,1676672,134720,171840,0,6336,24000,532288,245184,562304,540608,1136064,0,1408,526912,0,0,0,0,0,0,44992,54720,384,0,23552,0,0,0,121408,128,621,1518,3897101472,4107056135,1112064,0
911,1116800,135104,172288,0,5376,23360,510208,243328,27136,5376,1111424,0,1408,504768,0,0,0,0,0,0,44992,55424,320,64,21888,0,0,0,120512,128,603,1477,2879060353,2630542090,1088064,0
912,1677248,154048,165440,0,3968,23232,670656,332992,326912,305088,1372160,0,1280,665216,0,0,0,0,0,0,45760,55296,320,64,37376,0,0,0,194048,128,648,1597,3827232363,3587038837,1348928,0
913,1677120,134976,165888,0,3904,24000,510080,321664,516608,494784,1182336,0,1280,504704,0,0,0,0,0,0,45504,54464,320,64,30464,0,0,0,190720,128,641,1583,2013208223,3715254130,1158336,0
914,1677248,134848,166848,0,4032,45248,516672,287104,522496,500480,1176768,0,1408,511360,0,0,0,0,0,0,45120,55232,320,128,30336,0,0,0,155840,128,625,1538,364530124,1781230968,1131520,0
915,1676800,134848,166080,0,3968,23104,501696,287616,559488,537344,1139456,0,1472,496256,0,0,0,0,0,0,45376,54656,320,64,30976,0,0,0,156096,128,638,1563,622724014,3240834266,1116352,0
916,1676864,135040,166464,0,6144,23680,551360,333312,460864,439168,1237696,0,1344,545920,0,0,0,0,0,0,45696,55424,320,64,39296,0,0,0,192384,128,670,1596,1453645316,2163298251,1214016,0
917,1677056,134912,166848,0,6400,37568,517952,329984,483392,461376,1215680,0,1408,512512,0,0,0,0,0,0,44864,54656,320,128,37120,0,0,0,192768,128,674,1604,414225599,283457300,1178112,0
918,1676544,134016,166336,0,3904,23744,508672,260992,578880,557120,1119424,0,1408,503168,0,0,0,0,0,0,45248,54528,320,128,36800,0,0,0,123840,128,640,1518,1286441059,4085084006,1095680,0
919,1117184,134784,166720,0,4736,23616,480448,251200,55680,33920,1083264,0,1408,475200,0,0,0,0,0,0,44736,54912,320,0,30400,0,0,0,120704,128,641,1528,805536577,177519218,1059648,0
920,1676800,158080,165824,0,6016,23360,513792,290496,519232,497088,1179712,0,1408,508352,0,0,0,0,0,0,46080,55616,256,128,30272,0,0,0,158016,128,657,1572,1839216948,3581542520,1156352,0
921,1677056,134144,166912,0,5248,24192,485248,286784,574528,552576,1124480,0,1408,479936,0,0,0,0,0,0,45312,54848,320,64,31040,0,0,0,155072,128,657,1571,1957134210,1867276324,1100288,0
922,1677056,146880,166400,0,11264,21568,592960,258368,479616,457920,1219136,0,1408,587520,0,0,0,0,0,0,45312,54784,320,64,38528,0,0,0,119232,128,642,1527,714477264,3257389281,1197568,0
923,1116928,136576,166144,0,6464,21440,474496,257280,54528,32576,1084352,0,1344,468992,0,0,0,0,0,0,45376,55360,320,0,37184,0,0,0,118912,128,640,1526,2226427947,4015010119,1062912,0
924,1676800,146944,167616,0,5376,21696,595584,294144,445440,423488,1253312,0,1408,590272,0,0,0,0,0,0,45632,54592,256,128,36544,0,0,0,156800,192,653,1577,1201544298,545016915,1231616,0
925,1676736,188800,167488,0,11456,43840,628480,290880,345792,318528,1358208,0,1408,623040,0,0,0,0,0,0,45120,55488,384,0,35840,0,0,0,153920,128,653,1571,637786274,4185577803,1314368,0
926,1116992,154560,167424,0,4928,21056,491968,251392,25664,3776,1113216,0,1408,486720,0,0,0,0,0,0,45120,55488,320,0,32192,0,0,0,118144,128,629,1504,2623551490,1724025521,1092160,0
927,1676928,216448,166272,0,5952,21760,569600,248320,448576,426880,1250048,0,1408,564160,0,0,0,0,0,0,46272,54912,320,64,26304,0,0,0,120320,128,623,1495,2446644255,319586842,1228288,0
928,1676928,166016,165568,0,5056,21888,532288,291008,495104,473472,1203456,0,1408,526976,0,0,0,0,0,0,45568,54656,320,64,34176,0,0,0,156096,128,635,1530,838973973,1651518394,1181568,0
929,1677184,155392,167232,0,3584,21824,499456,288576,541120,519424,1157760,0,1408,493952,0,0,0,0,0,0,45312,55040,256,64,32576,0,0,0,155136,192,639,1546,1453737213,719216420,1135936,0
930,1676672,164864,166016,0,3584,23040,498688,248576,571904,550144,1126528,0,1344,493184,0,0,0,0,0,0,45440,54720,320,64,26048,0,0,0,121856,128,623,1497,647071542,3646309852,1103488,0
931,1676864,200320,166016,0,3584,23488,575424,251328,456704,435136,1241728,0,1408,570112,0,0,0,0,0,0,45696,54848,384,0,25792,0,0,0,124480,128,631,1507,1346693943,3723806351,1218240,0
932,1677184,186176,167296,0,3584,22912,588928,285312,422976,401024,1276160,0,1408,583552,0,0,0,0,0,0,46208,55488,384,0,26176,0,0,0,156928,128,643,1551,2963370931,7588342,1253248,0
933,1676992,166784,167936,0,3584,23296,499648,271616,544128,522304,1154688,0,1408,494272,0,0,0,0,0,0,44992,55872,320,128,14144,0,0,0,156032,128,647,1544,2355366418,1883688658,1131392,0
934,1676800,176704,166272,0,3648,23680,521472,253056,531968,510528,1166272,0,1408,516096,0,0,0,0,0,0,44928,54656,320,128,24960,0,0,0,127936,128,635,1521,2532746453,3420065040,1142592,0
935,1116864,134464,166784,0,4480,23616,483712,243072,60736,39168,1077696,0,1344,478336,0,0,0,0,0,0,44928,54784,320,128,22016,0,0,0,120768,128,629,1495,774443656,885147454,1054080,0
936,1677056,144960,167104,0,4736,45056,519360,272384,523456,501248,1175808,0,1408,514112,0,0,0,0,0,0,45568,55808,320,128,13824,0,0,0,156608,128,649,1562,2272100843,642735354,1130752,0
937,1676992,160320,165504,0,6144,23680,633792,271424,416128,394176,1282816,0,1344,628416,0,0,0,0,0,0,45760,55168,384,64,13760,0,0,0,156160,128,646,1565,2158609016,3416420231,1259136,0
938,1676864,225088,166528,0,10112,23040,613120,248832,390144,368576,1308288,0,1408,607616,0,0,0,0,0,0,45568,55680,320,64,25408,0,0,0,121664,128,631,1509,2407665278,2243134941,1285248,0
939,1116672,135232,165888,0,3584,23360,499456,255936,33216,11712,1104960,0,1344,494016,0,0,0,0,0,0,45632,55232,256,128,34176,0,0,0,120384,128,635,1520,3093081649,3602746026,1081600,0
940,1677184,134976,167680,0,3584,23168,527104,289984,530688,508928,1168256,0,1408,521664,0,0,0,0,0,0,45568,55232,384,128,32192,0,0,0,156352,128,639,1548,1500313284,298308109,1145088,0
941,1676672,134784,167424,0,5888,23232,504000,296896,544448,516928,1159744,0,1280,498560,0,0,0,0,0,0,45504,55424,320,0,38912,0,0,0,156544,192,639,1541,895708324,131783985,1136512,0
942,1677056,218880,166912,0,4992,24448,620160,254912,386752,365120,1311936,0,1408,614592,0,0,0,0,0,0,46272,56064,320,64,31680,0,0,0,120384,128,622,1493,2403511046,3397598226,1287488,0
943,1677056,165824,166464,0,3584,23552,540800,254144,522688,500992,1176064,0,1472,535424,0,0,0,0,0,0,44928,55424,320,64,31552,0,0,0,121728,128,614,1479,2092509975,301747192,1152512,0
944,1676992,134208,167488,0,3584,23744,512832,287808,547328,525888,1151104,0,1408,507456,0,0,0,0,0,0,45248,54592,320,64,31552,0,0,0,155904,128,645,1552,4106476005,1373423914,1127360,0
945,1676992,180032,166464,0,3520,21440,505728,297600,502208,480320,1196672,0,1408,500416,0,0,0,0,0,0,44928,55296,320,64,39872,0,0,0,156992,128,636,1538,52258918,1331442471,1175232,0
946,1116800,134784,167296,0,3520,21184,491776,252672,45568,23680,1093120,0,1408,486464,0,0,0,0,0,0,45696,54848,320,64,33280,0,0,0,118336,128,629,1498,1397392141,2894866770,1071936,0
947,1676864,134656,166720,0,3520,58624,482944,254144,576256,554432,1122432,0,1408,477632,0,0,0,0,0,0,45696,54976,320,64,32704,0,0,0,120256,128,616,1481,3773629011,1311144695,1063808,0
948,1677312,147840,167232,0,3584,21312,647168,283008,407168,385280,1292032,0,1408,641792,0,0,0,0,0,0,45248,56128,320,0,26176,0,0,0,155008,128,636,1540,3728631574,4249491633,1270720,0
949,1116736,135616,167232,0,3520,21248,491328,267520,30272,8448,1108288,0,1408,485888,0,0,0,0,0,0,45056,54912,320,128,13888,0,0,0,153024,192,642,1549,4269153696,933682440,1087040,0
950,1676928,155072,171200,0,3520,21376,607040,242112,476608,454592,1222336,0,1408,601664,0,0,0,0,0,0,54208,55872,320,64,13824,0,0,0,117696,128,630,1508,3917472176,2273199843,1200960,0
951,1116736,135040,166400,0,4352,21056,495872,243008,51008,29312,1087424,0,1344,490496,0,0,0,0,0,0,45504,54720,320,0,23680,0,0,0,118592,192,630,1507,1066470894,603516717,1066368,0
952,1676992,136000,167040,0,3584,23680,523712,281280,541696,519936,1157056,0,1472,518272,0,0,0,0,0,0,45632,54976,320,64,22336,0,0,0,157824,128,643,1545,2113935313,887569046,1133376,0
953,1676864,185280,166720,0,3520,23360,656128,278464,363392,341632,1335232,0,1408,650816,0,0,0,0,0,0,44864,56320,320,128,21888,0,0,0,154816,128,646,1554,1645635415,977172108,1311872,0
954,1116864,145984,165952,0,3584,24384,497408,235904,43648,21760,1095104,0,1408,492096,0,0,0,0,0,0,45248,55680,320,64,14400,0,0,0,120064,128,632,1511,79478729,1740248816,1070720,0
955,1116736,157056,166976,0,3520,22976,489344,234752,42112,20160,1096576,0,1408,483776,0,0,0,0,0,0,45184,55296,320,0,13824,0,0,0,120000,128,629,1502,659457504,2157061180,1073600,0
956,1676992,152384,167424,0,5760,23744,650176,282176,395328,373632,1303360,0,1472,644864,0,0,0,0,0,0,45184,56128,384,128,23872,0,0,0,156352,128,643,1556,3905803057,1571329476,1279616,0
957,1677376,157824,167040,0,5952,23680,570304,285056,467520,439808,1237568,0,1472,564928,0,0,0,0,0,0,45312,55488,320,0,27200,0,0,0,156608,128,642,1550,3834348781,2838787423,1213888,0
958,1676800,152448,165888,0,9088,23552,636736,265152,423936,402048,1274752,0,1408,631424,0,0,0,0,0,0,45824,55296,320,64,39232,0,0,0,124224,192,643,1533,1629452859,1033831872,1251200,0
959,1116736,134656,166976,0,5696,45696,468864,261184,33664,11776,1104960,0,1344,463296,0,0,0,0,0,0,45376,55680,320,0,37504,0,0,0,122176,128,637,1516,875644900,1888747035,1059264,0
960,1676672,143040,166592,0,5952,24256,520448,288640,527744,506304,1170368,0,1408,514944,0,0,0,0,0,0,45824,55808,384,128,30208,0,0,0,156160,128,649,1555,1179559221,213444296,1146112,0
961,1116928,135040,166720,0,2176,23616,441856,287488,60032,38400,1078528,0,1408,436480,0,0,0,0,0,0,45056,55680,256,128,31232,0,0,0,155008,128,649,1575,1375493050,1078886507,1054912,0
962,1116928,134592,166464,0,2240,23360,450176,252416,87680,65920,1051008,0,1408,444672,0,0,0,0,0,0,45184,55488,320,64,30720,0,0,0,120512,128,632,1520,3254679767,3493356768,1027648,0
963,1676736,147072,166592,0,2176,23552,596032,259840,481472,459584,1217152,0,1408,590784,0,0,0,0,0,0,45248,54784,320,0,39040,0,0,0,120320,128,629,1513,4270274233,686289864,1193600,0
964,1116992,134144,166336,0,2176,23424,469952,295104,25856,3840,1113152,0,1344,464640,0,0,0,0,0,0,45056,54976,320,0,37440,0,0,0,157184,128,646,1564,3836283116,739187208,1089728,0
965,1116800,134848,166336,0,2176,23936,447680,293312,48512,26624,1090176,0,1408,442240,0,0,0,0,0,0,44992,54400,320,0,37440,0,0,0,156032,128,641,1553,4107799043,3062990509,1066240,0
966,1676992,151872,166464,0,2304,23424,515200,252288,565440,543360,1133632,0,1408,509824,0,0,0,0,0,0,45184,55104,256,64,30720,0,0,0,120832,128,624,1504,2389745474,2945588591,1110208,0
967,1116608,134592,166656,0,2240,21184,424384,250432,117120,95232,1021376,0,1408,419008,0,0,0,0,0,0,45248,55360,320,64,30592,0,0,0,118720,128,626,1506,3349986700,1665295807,1000192,0
968,1677248,190976,166912,0,2240,21504,520448,286144,489024,467136,1210112,0,1344,515008,0,0,0,0,0,0,45952,55552,320,64,30144,0,0,0,153984,128,636,1546,1704435087,1847772299,1188608,0
969,1676608,191168,165888,0,3136,21120,671680,295680,327936,306240,1370368,0,1344,666304,0,0,0,0,0,0,45568,55168,320,0,38784,0,0,0,155712,128,651,1572,1058721594,3526509115,1349248,0
970,1116736,134464,166592,0,2240,21760,501696,257280,32704,11392,1105344,0,1408,496192,0,0,0,0,0,0,45376,54720,384,0,37312,0,0,0,119360,128,651,1534,4225661004,595623252,1083584,0
971,1676864,590336,166912,0,2240,21056,441664,250624,204032,182400,1494464,0,1408,436224,0,0,0,0,0,0,45504,55040,320,64,30016,0,0,0,119552,128,637,1516,3718076232,1788765966,1473408,0
972,1677120,240320,167936,0,19648,58624,796864,315712,78016,56128,1620992,0,1408,791552,0,0,0,0,0,0,46080,55424,320,64,58240,0,0,0,155456,128,645,1575,2207044273,1600924964,1562368,0
973,1116544,135680,167872,0,3712,21248,422080,302656,63296,36480,1080064,0,1344,416512,0,0,0,0,0,0,45120,55296,320,128,46912,0,0,0,154688,192,643,1569,2372777465,390928517,1058816,0
974,1676864,155968,165440,0,3712,36288,599936,221056,494464,472768,1204096,0,1408,594688,0,0,0,0,0,0,128,54720,192,0,48704,0,0,0,117120,192,631,1524,1205675311,3253900920,1167808,0
975,1117184,139200,165952,0,3776,23744,390528,221696,172288,150336,966848,0,1408,385088,0,0,0,0,0,0,128,55232,192,0,46656,0,0,0,119360,128,631,1524,3093701966,3511685367,943104,0
976,1116672,161024,165952,0,3712,23360,404480,222976,135168,113408,1003264,0,1408,399168,0,0,0,0,0,0,192,54400,192,64,49728,0,0,0,118272,128,632,1528,20410056,3985011252,979904,0
977,1116928,150144,166208,0,3712,27072,469760,214144,85888,64000,1052928,0,1408,464448,0,0,0,0,0,0,192,55104,256,0,46016,0,0,0,112448,128,624,1513,526904027,2108733893,1025856,0
978,1116800,159232,171200,0,3712,12288,484992,171584,113792,91904,1024896,0,1344,479616,0,0,0,0,0,0,128,56256,128,0,41664,0,0,0,73280,128,613,1476,2370739146,2754080005,1012608,0
979,1116736,160320,172224,0,3776,12416,455040,171264,141696,119872,996864,0,1408,449792,0,0,0,0,0,0,128,55936,192,64,41728,0,0,0,73024,192,607,1456,393730045,3778786437,984448,0
980,1116608,150208,173184,0,3712,12544,515968,173056,87936,66496,1050112,0,1408,510528,0,0,0,0,0,0,64,55552,192,64,45504,0,0,0,71488,192,612,1474,443711056,4004283876,1037568,0
981,1116992,149440,169472,0,3712,12288,452224,166848,163008,140992,976000,0,1344,446976,0,0,0,0,0,0,64,55360,192,0,37504,0,0,0,73536,192,606,1460,2870536245,1268617396,963712,0
982,1116736,160000,172032,0,5952,12672,506048,168320,91712,70080,1046656,0,1408,500736,0,0,0,0,0,0,128,55680,192,64,38656,0,0,0,73408,192,606,1456,1634294355,2184685704,1033984,0
983,1116672,149376,172672,0,5952,12608,486016,165312,124736,103040,1013632,0,1344,480640,0,0,0,0,0,0,128,55360,192,0,36992,0,0,0,72448,192,605,1467,669208360,2798269522,1001024,0
984,1117056,149504,171200,0,5120,12608,488384,158784,131456,109824,1007232,0,1408,482944,0,0,0,0,0,0,128,56000,192,64,30464,0,0,0,71808,128,607,1462,3330983727,3177163321,994624,0
985,1116800,166528,168448,0,3584,12480,559552,167616,38592,16768,1100032,0,1408,554112,0,0,0,0,0,0,64,55680,192,64,38784,0,0,0,72704,128,607,1479,4104593090,603391207,1087552,0
986,1116736,139392,165568,0,3648,12544,395712,159744,240128,218432,898304,0,1408,390464,0,0,0,0,0,0,128,55872,192,0,31232,0,0,0,72192,128,607,1472,37150311,44038719,885760,0
987,1116608,149440,165120,0,3648,34688,376576,150464,236672,215040,901568,0,1408,371200,0,0,0,0,0,0,128,55872,192,0,21824,0,0,0,72320,128,609,1476,2701421535,3062698624,866880,0
988,1116736,169600,167552,0,7104,12416,515392,151168,93504,71744,1044992,0,1408,510144,0,0,0,0,0,0,64,55936,192,0,23232,0,0,0,71616,128,613,1474,440025947,1269119371,1032576,0
989,1117056,138176,170880,0,4480,12288,384896,149824,256512,229184,887872,0,1408,379648,0,0,0,0,0,0,64,55680,192,64,21952,0,0,0,71616,256,605,1456,3493014131,3353347914,875584,0
990,1116672,149696,170240,0,3648,9920,391680,137600,253888,232448,884224,0,1408,386368,0,0,0,0,0,0,64,55488,192,0,13632,0,0,0,68096,128,604,1470,1228769759,3733135195,874304,0
991,1115328,150144,171264,0,3712,9984,383872,147648,248704,228736,886592,0,1408,378432,0,0,0,0,0,0,64,55872,256,0,22848,0,0,0,68480,128,601,1466,1757009950,986669345,876608,0
992,1116864,139200,169344,0,3584,9984,373312,146752,274688,254720,862144,0,1408,367936,0,0,0,0,0,0,128,56000,192,0,21760,0,0,0,68544,128,604,1467,3484114781,3262207157,852160,0
993,1677120,219648,170880,0,10112,10176,698624,199744,367936,347904,1329216,0,1344,693184,0,0,0,0,0,0,128,54784,192,0,34240,0,0,0,110208,192,614,1492,3560296193,543830695,1319040,0
994,1116864,139200,172352,0,3840,9984,384576,200512,206400,186240,930624,0,1408,379200,0,0,0,0,0,0,64,55360,192,64,37056,0,0,0,107648,128,613,1489,3463417108,1916910221,920640,0
995,1116480,138816,165824,0,3776,10176,367104,200896,229888,210240,906240,0,1344,361664,0,0,0,0,0,0,128,54848,128,0,36928,0,0,0,108736,128,617,1492,3302921882,804130507,896064,0
996,1116928,158400,165440,0,3840,9920,440640,193600,145088,125056,991872,0,1472,435136,0,0,0,0,0,0,128,54528,192,0,29888,0,0,0,108736,128,609,1493,3082878524,230864880,981952,0
997,1677184,173696,166976,0,12928,9984,730048,323008,260544,240320,1436864,0,1344,724800,0,0,0,0,0,0,192,81344,85248,64,40192,0,0,0,115840,128,624,1529,1809604586,2271467935,1426880,0
998,1676928,137408,165952,0,6016,10688,469056,325056,562752,542720,1134208,0,1408,463616,0,0,0,0,0,0,192,88256,85184,0,39424,0,0,0,111872,128,624,1538,3971947561,2385386389,1123520,0
999,1676864,148672,169216,0,6208,9920,503168,285568,554112,534080,1142784,0,1344,497920,0,0,0,0,0,0,192,87744,84480,128,40384,0,0,0,72512,128,605,1471,1818663963,4133449022,1132864,0
1000,1677056,155648,164992,0,6848,32704,540480,285696,490688,470592,1206464,0,1408,535104,0,0,0,0,0,0,192,86720,86336,64,38784,0,0,0,73472,128,616,1496,1898293350,3901919769,1173760,0
1001,1676800,177792,165504,0,4864,10624,549056,194304,574656,554688,1122112,0,1472,543616,0,0,0,0,0,0,128,86784,128,0,36736,0,0,0,70336,192,609,1459,2567836283,3791063823,1111488,0
1002,1116800,160000,166208,0,2176,10112,447168,192832,138304,118528,998272,0,1408,441664,0,0,0,0,0,0,128,84160,192,0,38208,0,0,0,70016,128,610,1474,636579668,1309230885,988160,0
1003,1116928,137728,165888,0,2304,9856,442816,193728,164608,144768,972160,0,1472,437440,0,0,0,0,0,0,128,85568,192,64,37248,0,0,0,70336,192,610,1474,2930781876,2008956388,962304,0
1004,1116992,149312,165952,0,2240,10176,501568,193344,94400,74176,1042816,0,1472,496256,0,0,0,0,0,0,64,85696,192,64,36736,0,0,0,70464,128,617,1493,3395084842,4169262856,1032640,0
1005,1116736,137216,166848,0,2176,10112,479424,194688,126272,100864,1015872,0,1408,474048,0,0,0,0,0,0,64,86400,192,0,38656,0,0,0,69248,128,609,1480,1540920956,419545315,1005760,0
1006,1677312,257408,167168,0,10880,10048,872576,208192,151040,130752,1546560,0,1408,867264,0,0,0,0,0,0,128,86912,192,64,50432,0,0,0,70272,192,624,1512,3108962888,1222650072,1536512,0
1007,1116480,148352,167936,0,6784,25536,453248,207168,107456,86336,1030144,0,1472,447680,0,0,0,0,0,0,64,86720,192,0,49280,0,0,0,70784,128,614,1496,263253324,2257504363,1004608,0
1008,1116800,148160,166848,0,3648,9920,470144,201664,116416,96448,1020352,0,1408,464832,0,0,0,0,0,0,128,86784,192,64,43776,0,0,0,70592,128,616,1493,401686505,3122484794,1010432,0
1009,1117184,156672,166208,0,3584,9792,472448,201088,107392,87232,1029952,0,1472,466816,0,0,0,0,0,0,64,87552,192,64,43392,0,0,0,69696,128,609,1486,1165511131,1314084503,1020160,0
1010,1116736,148160,166784,0,3584,10112,386368,191552,210176,189888,926848,0,1408,381056,0,0,0,0,0,0,128,86592,192,64,35520,0,0,0,68928,128,612,1483,1249955862,1662380937,916736,0
1011,1116864,149248,166208,0,3584,10176,390080,192320,205248,185088,931776,0,1408,384640,0,0,0,0,0,0,128,86976,192,0,35392,0,0,0,69504,128,619,1493,2905091418,538194647,921600,0
1012,1677248,173120,170304,0,3584,10048,608128,192768,519296,498944,1178304,0,1408,602688,0,0,0,0,0,0,128,87232,192,64,35136,0,0,0,69888,128,625,1491,3578474650,1862124264,1168256,0
1013,1116416,149120,167104,0,3648,10176,394688,202752,188928,168960,947456,0,1408,389376,0,0,0,0,0,0,128,87168,192,0,44160,0,0,0,70912,192,620,1493,3445711779,3228775667,937280,0
1014,1116928,157504,167872,0,3456,32320,495488,202112,58176,37568,1079360,0,1408,489984,0,0,0,0,0,0,128,86912,192,64,45568,0,0,0,69120,128,611,1473,1319325929,1480275532,1047040,0
1015,1116608,148672,166976,0,3584,10240,418816,195584,172736,152704,963904,0,1344,413440,0,0,0,0,0,0,128,87552,192,64,37568,0,0,0,69952,128,610,1471,3123100539,1175728600,953664,0
1016,1116736,147584,167040,0,3648,9920,441216,204864,142464,122688,994048,0,1344,435840,0,0,0,0,0,0,128,87168,192,0,46912,0,0,0,70336,128,610,1477,863716259,933412376,984128,0
1017,1117184,137152,167360,0,4736,9984,420800,203328,173824,153472,963712,0,1344,415360,0,0,0,0,0,0,128,86912,192,64,45056,0,0,0,70848,128,601,1460,1992211378,2389980475,953728,0
1018,1116160,158912,166144,0,5888,10176,449600,195200,130240,107200,1008960,0,1344,444352,0,0,0,0,0,0,64,86848,192,0,38336,0,0,0,69632,128,598,1459,1492858307,1121814491,998784,0
1019,1116864,159424,167296,0,4928,10112,426688,203968,144448,124160,992704,0,1408,421376,0,0,0,0,0,0,128,86912,192,64,46720,0,0,0,69824,128,602,1455,3222504889,3412518079,982592,0
1020,1116736,137920,166464,0,3584,10112,413440,197696,187520,167616,949120,0,1408,408256,0,0,0,0,0,0,64,86720,128,64,40640,0,0,0,69952,128,599,1453,1813004579,871237372,939008,0
1021,1116672,157888,166784,0,5760,10624,418240,186432,170944,145536,971136,0,1408,412800,0,0,0,0,0,0,128,86528,192,0,29824,0,0,0,69632,128,595,1441,2057033959,464605469,960512,0
1022,1677120,178944,166656,0,5760,10176,584768,197504,533312,513344,1163776,0,1408,579328,0,0,0,0,0,0,64,87040,192,64,39488,0,0,0,70528,128,597,1458,441772306,1217823309,1153600,0
1023,1116992,138304,167680,0,4224,10176,419392,195072,182144,162048,954944,0,1408,413824,0,0,0,0,0,0,128,87552,128,64,37696,0,0,0,69312,192,592,1453,549562917,1567533868,944768,0
1024,1677120,633024,166336,0,2240,10176,635584,187584,42176,22080,1655040,0,1408,630208,0,0,0,0,0,0,64,86976,192,0,30208,0,0,0,69952,192,602,1469,2948167049,3928617448,1644864,0
1025,1116672,155520,166400,0,2240,9856,490176,195584,96896,76608,1040064,0,1408,484800,0,0,0,0,0,0,192,86400,192,0,38720,0,0,0,69952,128,604,1450,4058792736,17491198,1030208,0
1026,1116544,160768,168896,0,2240,9984,545664,201536,27456,7488,1109056,0,1408,540288,0,0,0,0,0,0,64,86656,192,64,44096,0,0,0,70336,128,617,1484,568088570,2544397843,1099072,0
1027,1677120,217344,166912,0,2304,9984,557184,214272,509120,488896,1188224,0,1344,551808,0,0,0,0,0,0,128,99456,256,0,44160,0,0,0,70144,128,619,1483,2317534254,2440631570,1178240,0
1028,1116608,198400,166464,0,3072,32384,488704,196672,30912,10752,1105856,0,1408,483456,0,0,0,0,0,0,128,87232,192,64,38656,0,0,0,70272,128,604,1445,4141315992,95582393,1073472,0
1029,1116736,206336,166144,0,2176,9920,486720,170432,75008,54784,1061952,0,1472,481344,0,0,0,0,0,0,64,86528,192,0,13696,0,0,0,69760,192,615,1459,1133581372,1659750639,1052032,0
1030,1676736,177920,164800,0,2304,9856,573376,180608,567872,547648,1129088,0,1408,568064,0,0,0,0,0,0,128,86528,256,0,23552,0,0,0,70016,128,626,1479,3980579251,621268758,1119232,0
1031,1677184,158336,165824,0,10944,10176,575168,177088,579648,559040,1118144,0,1344,569856,0,0,0,0,0,0,128,85568,192,64,22016,0,0,0,68992,128,615,1458,3243718303,1713063338,1107968,0
1032,2237248,216960,166912,0,15104,28480,1173120,233344,403328,381376,1855872,0,3200,1163008,0,0,0,0,0,0,192,86912,38080,64,34304,0,0,0,73664,128,616,1455,2783660549,1711752259,1827392,0
1033,1116928,149952,166656,0,3968,9792,507776,225920,52864,32704,1084224,0,1344,502336,0,0,0,0,0,0,256,82432,43392,0,27264,0,0,0,72384,192,622,1473,882239324,183735106,1074432,0
1034,1676928,159616,167040,0,3968,24512,656000,263296,402496,382400,1294528,0,1472,650560,0,0,0,0,0,0,192,81728,79744,128,26176,0,0,0,75200,128,632,1499,3832376924,637947952,1270016,0
1035,1677248,150208,167296,0,3968,9920,520896,271616,553344,533184,1144064,0,1408,515456,0,0,0,0,0,0,320,81728,86784,128,28864,0,0,0,73600,192,633,1502,950697773,3005128051,1134144,0
1036,1676928,175296,167296,0,3968,10176,524544,311104,484544,464320,1212608,0,1408,519104,0,0,0,0,0,0,320,81664,119616,64,31744,0,0,0,77504,192,630,1497,316846437,1353779396,1202432,0
1037,1676800,152768,167680,0,3904,24384,542656,320768,464640,439232,1237568,0,1408,537280,0,0,0,0,0,0,384,81792,127744,64,32768,0,0,0,77760,256,631,1509,3689271765,2792424399,1213184,0
1038,1677312,160512,166016,0,3968,9856,626368,356160,354432,334144,1343168,0,1408,620928,0,0,0,0,0,0,320,88576,126656,64,63424,0,0,0,76928,192,632,1526,1468245180,334106131,1333312,0
1039,1676864,184320,167232,0,10112,32384,595200,349888,337728,317440,1359424,0,1472,589568,0,0,0,0,0,0,448,86720,127616,128,55104,0,0,0,79744,128,624,1516,3299648786,3208858822,1327040,0
1040,1677120,159488,166272,0,7168,10240,604800,344000,385152,364800,1312320,0,1408,599296,0,0,0,0,0,0,256,88128,126720,192,51648,0,0,0,76928,128,619,1496,1184780931,2793956857,1302080,0
1041,1676928,171584,166848,0,5952,10176,477824,340608,503936,483648,1193280,0,1344,472448,0,0,0,0,0,0,384,88896,126144,128,48512,0,0,0,76416,128,613,1502,2097656541,2166988743,1183104,0
1042,1676928,160320,167040,0,3776,10304,415808,347968,571712,551744,1125184,0,1472,410304,0,0,0,0,0,0,256,87360,127424,192,54912,0,0,0,77632,192,563,1416,1747380987,1046248033,1114880,0
1043,1116800,112448,166528,0,4480,9920,404416,341440,77568,57536,1059264,0,1472,398848,0,0,0,0,0,0,320,88320,127104,64,45888,0,0,0,79616,128,512,1283,2310155647,2542514298,1049344,0
1044,1116736,123712,166208,0,3776,9792,404032,334528,74688,54976,1061760,0,1408,398592,0,0,0,0,0,0,320,88448,126272,64,41728,0,0,0,77568,128,523,1310,1083220543,1248004380,1051968,0
1045,1116992,123136,167168,0,3840,9984,414912,302848,95104,75392,1041600,0,1408,409600,0,0,0,0,0,0,320,87232,84928,0,52736,0,0,0,77504,128,517,1299,708658024,2447863653,1031616,0
1046,1676992,131456,168064,0,3712,10112,524608,300160,538880,518720,1158272,0,1408,519168,0,0,0,0,0,0,320,88128,85056,192,49472,0,0,0,76864,128,510,1296,4015142495,110551545,1148160,0
1047,1118272,122560,167168,0,3712,18624,450496,258304,97408,75712,1042560,0,1344,445248,0,0,0,0,0,0,192,88192,43712,64,45312,0,0,0,80640,192,503,1273,3618816288,2514896581,1023936,0
1048,1116864,123264,166784,0,3776,18816,428224,266688,109312,87616,1029248,0,1408,422912,0,0,0,0,0,0,256,87168,44224,64,55424,0,0,0,79424,128,498,1266,1309593051,714490607,1010432,0
1049,1676800,581184,167488,0,3712,19008,423232,221120,261056,239168,1437632,0,1344,417792,0,0,0,0,0,0,128,88576,192,0,53376,0,0,0,78656,192,498,1249,2867291673,1146571000,1418624,0
1050,1116864,122560,167104,0,3712,19008,427072,225024,152384,130624,986240,0,1408,421696,0,0,0,0,0,0,128,87872,192,0,58560,0,0,0,78144,128,506,1256,3304072105,251287668,967232,0
1051,1676672,181312,166656,0,10496,55104,689536,280768,292800,271168,1405504,0,1408,684160,0,0,0,0,0,0,64,87936,192,64,63616,0,0,0,128768,128,516,1262,1811876577,4038545421,1350400,0
1052,1116864,146496,167360,0,5952,34048,390464,270784,101760,80192,1036672,0,1408,385024,0,0,0,0,0,0,64,88576,192,64,56448,0,0,0,125312,128,516,1261,2141177237,3257643360,1002624,0
1053,1116928,149504,168832,0,6016,34496,451520,255168,51392,24256,1092672,0,1408,446016,0,0,0,0,0,0,64,88448,192,64,42048,0,0,0,124224,128,514,1256,2080280001,3562126164,1058176,0
1054,1116544,150016,171392,0,5056,19328,405120,267968,97664,76160,1040384,0,1408,399680,0,0,0,0,0,0,64,87872,192,64,53824,0,0,0,125824,128,517,1265,671232565,2410035250,1021056,0
1055,1116864,146432,171584,0,3776,18624,389504,265984,120960,99136,1017728,0,1408,384064,0,0,0,0,0,0,64,87936,192,64,51648,0,0,0,125952,128,514,1260,637449203,371441533,999104,0
1056,1677056,149760,172352,0,6016,18944,486976,260608,582400,560704,1116352,0,1408,481472,0,0,0,0,0,0,192,87744,192,64,47168,0,0,0,124992,256,513,1266,2212647579,2212807375,1097408,0
1057,1676928,141568,171072,0,5120,19072,538880,268544,532672,510976,1165952,0,1408,533376,0,0,0,0,0,0,64,88192,192,64,55040,0,0,0,124864,128,510,1265,1476019754,2452712989,1146880,0
1058,1676800,131200,171712,0,5952,18816,501760,266112,581248,558912,1117888,0,1472,496384,0,0,0,0,0,0,64,88064,192,64,52544,0,0,0,125056,128,512,1253,844041686,2919891550,1099072,0
1059,1677120,221952,171328,0,4928,18624,670976,262656,326656,304832,1372288,0,1408,665536,0,0,0,0,0,0,128,88256,192,64,48832,0,0,0,125056,128,513,1276,1140091322,56791293,1353664,0
1060,1116864,134976,166144,0,3456,18880,439104,222272,132032,110016,1006848,0,1408,433664,0,0,0,0,0,0,64,88640,192,64,55232,0,0,0,77952,128,511,1268,1519603435,367977948,987968,0
1061,1116800,123264,173120,0,3456,18880,514752,228352,54976,33024,1083776,0,1344,509504,0,0,0,0,0,0,128,89664,256,64,57472,0,0,0,80640,128,513,1272,710055766,183343181,1064896,0
1062,1676992,165824,204928,0,4544,20352,625984,130752,524608,493248,1183744,0,2368,619648,0,0,0,0,0,0,0,0,0,0,56448,0,0,0,74176,128,508,1264,1638032837,1823623770,1163392,0
1063,1116736,149376,165568,0,15424,18560,416704,126400,224704,203136,913600,0,1472,411200,0,0,0,0,0,0,0,0,0,0,54144,0,0,0,72128,128,511,1269,3511997774,1904178931,895040,0
1064,1116800,150592,171200,0,3584,40896,422784,119808,207936,186176,930624,0,1472,417280,0,0,0,0,0,0,0,0,0,0,46976,0,0,0,72704,128,504,1252,3849066345,4213370916,889728,0
1065,1116672,150272,171264,0,3584,18816,411264,118336,243136,221440,895232,0,1408,405952,0,0,0,0,0,0,0,0,0,0,46208,0,0,0,71936,192,498,1242,2592341761,3809743272,876416,0
1066,1116864,139136,171072,0,3456,18688,408256,117888,258368,236672,880192,0,1280,402752,0,0,0,0,0,0,0,0,0,0,45760,0,0,0,72000,128,498,1246,1046885166,4165802597,861504,0
1067,1116608,150336,168896,0,3584,33280,410880,117632,232000,210112,906496,0,1280,405440,0,0,0,0,0,0,0,0,0,0,43776,0,0,0,73664,192,498,1237,1731863404,766470590,873216,0
1068,1116992,149440,172480,0,3520,18624,473984,124288,174656,152960,964032,0,1472,468544,0,0,0,0,0,0,0,0,0,0,50560,0,0,0,73600,128,502,1245,836701933,2379328665,945408,0
1069,1116800,158144,171136,0,3520,18496,613568,120832,31104,4096,1112704,0,1344,608128,0,0,0,0,0,0,0,0,0,0,47936,0,0,0,72704,192,504,1253,2072277842,1358553409,1094208,0
1070,1116928,149056,172160,0,3520,18688,460544,112832,200128,178304,938624,0,1344,455168,0,0,0,0,0,0,0,0,0,0,39808,0,0,0,72896,128,507,1254,4074293797,941964334,919936,0
1071,1116864,200064,166400,0,3520,18688,463232,111808,153152,131136,985728,0,1408,457792,0,0,0,0,0,0,0,0,0,0,38400,0,0,0,73280,128,503,1241,2383019926,2009074516,967040,0
1072,1116800,138688,166592,0,3520,18624,404608,110784,273984,252160,864640,0,1344,399232,0,0,0,0,0,0,0,0,0,0,38848,0,0,0,71744,192,505,1245,255888187,4151467467,846016,0
1073,1116864,149696,166784,0,3584,18496,404096,107712,266496,244672,872192,0,1472,398720,0,0,0,0,0,0,0,0,0,0,35968,0,0,0,71616,128,509,1252,292604717,2332093380,853696,0
1074,1116736,184704,165376,0,3584,18368,421184,116288,207232,185600,931136,0,1472,415680,0,0,0,0,0,0,0,0,0,0,42560,0,0,0,73600,128,508,1243,3062054316,1516766570,912768,0
1075,1116864,138880,166592,0,3584,18624,403136,114048,272000,250432,866432,0,1408,397888,0,0,0,0,0,0,0,0,0,0,41088,0,0,0,72832,128,507,1246,236677810,2209356568,847808,0
1076,1116800,149504,165056,0,3520,18560,416064,106688,257408,235648,881152,0,1408,410688,0,0,0,0,0,0,0,0,0,0,32512,0,0,0,73984,192,505,1238,483608328,3530843257,862592,0
1077,1117184,150592,166976,0,3520,18688,406464,101952,268992,246784,870400,0,1344,401024,0,0,0,0,0,0,0,0,0,0,30656,0,0,0,71168,128,506,1237,3625045819,3878274252,851712,0
1078,1116352,138368,167040,0,3584,18496,350656,101888,336320,314560,801792,0,1408,345280,0,0,0,0,0,0,0,0,0,0,30400,0,0,0,71360,128,506,1239,3824521902,1390214293,783296,0
1079,1116928,150080,166592,0,3520,18368,356288,100480,321600,299776,817152,0,1472,350848,0,0,0,0,0,0,0,0,0,0,28416,0,0,0,71872,192,511,1244,3763180105,557827317,798784,0
1080,1116928,150208,165952,0,3520,40448,367296,110656,278848,256576,860352,0,1408,361920,0,0,0,0,0,0,0,0,0,0,37312,0,0,0,73152,192,513,1245,235369492,22046089,819904,0
1081,1116480,138624,166400,0,3584,18752,353280,105664,330176,308480,808000,0,1408,348032,0,0,0,0,0,0,0,0,0,0,33536,0,0,0,72000,128,505,1233,1087059028,4142826827,789248,0
1082,1677056,179776,166272,0,19072,18880,684032,123008,486016,464000,1213056,0,1408,678656,0,0,0,0,0,0,3648,64,3840,64,37632,0,0,0,77568,192,494,1221,2021900075,4039578590,1194176,0
1083,1116672,149632,166272,0,4672,19328,457024,134592,185152,163584,953088,0,1408,451648,0,0,0,0,0,0,4032,128,4032,64,50240,0,0,0,75904,192,505,1237,3726123756,4110569185,933760,0
1084,1116800,138560,166464,0,3904,18944,452160,136128,200640,178752,938048,0,1408,446592,0,0,0,0,0,0,3968,64,4288,64,51072,0,0,0,76480,192,498,1230,3242758133,3350192783,919104,0
1085,1676800,161856,166656,0,3840,18816,548800,357248,419584,392512,1284288,0,1408,543424,0,0,0,0,0,0,179840,192,47808,0,50304,0,0,0,78976,128,531,1311,3326606812,3201460112,1265472,0
1086,1677248,150400,165632,0,3904,19072,622464,241920,473856,451968,1225280,0,1472,616960,0,0,0,0,0,0,85760,128,29568,64,47360,0,0,0,78912,128,521,1288,2265080514,1840460960,1206208,0
1087,2236992,606848,166336,0,21376,33344,874624,283840,250624,228992,2008000,0,1408,869120,0,0,0,0,0,0,85568,192,29696,0,41792,0,0,0,126400,192,537,1316,1431074157,2847400473,1974656,0
1088,1116800,140672,165760,0,4032,18752,411584,275136,100864,79488,1037312,0,1408,406080,0,0,0,0,0,0,86656,192,29312,128,34112,0,0,0,124608,128,533,1305,4026767381,2919179026,1018560,0
1089,1116800,140864,166336,0,3968,33344,342848,274624,154816,133440,983360,0,1472,337408,0,0,0,0,0,0,87168,192,30336,0,30784,0,0,0,126016,128,533,1307,1830795100,744013071,950016,0
1090,1116736,140672,166272,0,3968,19200,329664,271936,185024,163392,953344,0,1408,324288,0,0,0,0,0,0,86656,128,29568,128,31616,0,0,0,123712,128,533,1305,3225331232,3450423581,934144,0
1091,1677184,197632,166336,0,3904,18752,516864,280960,492736,470656,1206528,0,1408,511616,0,0,0,0,0,0,85056,192,29504,64,40384,0,0,0,125632,128,514,1293,3174434006,1436707917,1187776,0
1092,1676864,151552,166912,0,3968,41344,651520,287744,373824,352000,1324864,0,1408,646016,0,0,0,0,0,0,86592,192,29760,0,47488,0,0,0,123584,128,529,1292,4128206342,1157690988,1283520,0
1093,1676864,197248,166336,0,12160,33664,762304,328000,177152,155456,1521408,0,1472,757056,0,0,0,0,0,0,86272,192,28544,64,42048,0,0,0,170688,192,516,1292,1845978277,457864983,1487744,0
1094,1117056,153152,165824,0,4224,18624,385344,317440,72448,50624,1066432,0,1408,379968,0,0,0,0,0,0,86592,192,29568,128,33856,0,0,0,166976,128,514,1288,2898174240,1051882695,1047808,0
1095,1116608,142208,167488,0,4224,32832,384704,274560,110592,89088,1027520,0,1408,379264,0,0,0,0,0,0,85824,192,29440,64,34048,0,0,0,124864,128,508,1270,3103867683,586721136,994688,0
1096,1116928,152192,167232,0,4160,18880,457792,275776,40896,19200,1097728,0,1408,452608,0,0,0,0,0,0,86336,192,29312,0,34112,0,0,0,125632,192,527,1295,2851508074,464767984,1078848,0
1097,1677120,161024,166272,0,4224,33600,564928,278208,468864,447232,1229888,0,1472,559616,0,0,0,0,0,0,86144,192,29056,0,36032,0,0,0,126656,128,527,1293,1035101507,1388628157,1196288,0
1098,1116992,139456,165952,0,6528,18816,436096,274624,75520,53632,1063360,0,1408,430848,0,0,0,0,0,0,85824,192,29440,64,34688,0,0,0,124288,128,526,1296,4284363068,1101457808,1044544,0
1099,1116608,149824,166720,0,5376,19328,453248,266624,55488,33984,1082624,0,1472,447872,0,0,0,0,0,0,86336,192,29120,64,26624,0,0,0,124096,192,521,1274,3514559570,1236713594,1063296,0
1100,1116864,150016,167360,0,4096,18944,409216,270912,96320,74624,1042240,0,1344,403840,0,0,0,0,0,0,86144,192,29504,128,30144,0,0,0,124672,128,526,1292,1478684141,1324980844,1023296,0
1101,1116864,139712,166144,0,4992,18880,415488,220480,151168,123904,992960,0,1408,410048,0,0,0,0,0,0,85824,192,28992,64,28352,0,0,0,76928,128,512,1271,365043364,3810740145,974080,0
1102,1116800,149440,167232,0,4096,18944,440000,220224,116864,95104,1021696,0,1280,434496,0,0,0,0,0,0,85824,192,29120,0,27776,0,0,0,77184,128,521,1280,4209111295,2814924420,1002752,0
1103,1116672,150528,169216,0,4096,18816,491968,229632,52416,30400,1086272,0,1408,486656,0,0,0,0,0,0,86528,192,28992,128,36672,0,0,0,76992,128,521,1277,752764943,2829769019,1067456,0
1104,1116800,139328,166208,0,6656,19456,421568,171520,192064,170304,946496,0,1408,416128,0,0,0,0,0,0,31104,128,28416,128,34432,0,0,0,77184,128,503,1236,2960097241,1648603102,927040,0
1105,1116672,150784,169408,0,6656,18752,442432,163840,164800,143040,973632,0,1408,437056,0,0,0,0,0,0,30336,128,28608,64,28032,0,0,0,76544,128,490,1196,2063868010,1985262097,954880,0
1106,1116800,150720,172096,0,5568,40384,420736,164992,162304,140416,976384,0,1472,415232,0,0,0,0,0,0,30656,128,28864,128,28224,0,0,0,76864,128,504,1226,4229545935,4251766421,936000,0
1107,1116928,140032,171392,0,3904,18560,412992,165632,204416,182400,934528,0,1408,407744,0,0,0,0,0,0,30912,192,29568,64,28160,0,0,0,76544,192,504,1222,4018850302,3575639632,915968,0
1108,1116672,149376,171904,0,3840,18944,416448,164608,191552,169728,946944,0,1408,410880,0,0,0,0,0,0,30336,128,28928,0,27840,0,0,0,77184,192,507,1225,3107682901,3671797983,928000,0
1109,1116544,151296,170688,0,3904,18560,406144,149056,216896,195264,921280,0,1408,400832,0,0,0,0,0,0,3904,64,32064,0,36224,0,0,0,76672,128,500,1225,768881584,2233860289,902720,0
1110,1116800,139008,172736,0,3840,19072,391296,147328,243520,222016,894784,0,1344,385728,0,0,0,0,0,0,3904,64,31872,64,34816,0,0,0,76416,192,502,1231,1246939587,520324744,875712,0
1111,1116992,149440,171776,0,3776,19264,376512,140480,255744,233664,883328,0,1408,371264,0,0,0,0,0,0,3840,128,32192,0,27584,0,0,0,76608,128,497,1225,4116019407,599623365,864064,0
1112,1116864,151232,166464,0,6144,19072,375616,140032,258304,236480,880384,0,1408,370240,0,0,0,0,0,0,3904,64,32000,128,27776,0,0,0,76032,128,496,1223,578550386,1179234899,861312,0
1113,1116544,139840,166464,0,6336,19264,389504,140096,255040,233344,883200,0,1408,384192,0,0,0,0,0,0,4032,64,32192,64,27904,0,0,0,75712,128,490,1209,1085780510,3519660373,863936,0
1114,1116736,149888,166336,0,3648,19008,377984,139712,260160,238272,878464,0,1408,372608,0,0,0,0,0,0,3968,128,31936,64,27904,0,0,0,75584,128,501,1232,2636372429,1287928759,859456,0
1115,1116864,149760,166208,0,5888,19392,377152,149696,248768,227008,889856,0,1472,371776,0,0,0,0,0,0,3968,128,31936,64,36096,0,0,0,77312,192,499,1235,3870117487,1664793163,870464,0
1116,1116928,137856,172224,0,5888,18368,389952,150144,242496,220480,896448,0,1408,384576,0,0,0,0,0,0,3968,128,32128,64,34944,0,0,0,78784,128,502,1242,150896504,163567824,878080,0
1117,1116864,149504,171904,0,4928,19072,378304,140096,253056,225408,891456,0,1408,373056,0,0,0,0,0,0,3776,64,31936,64,28480,0,0,0,75648,128,507,1242,3804055106,3617774560,872384,0
1118,1116736,150144,172224,0,3648,18880,375424,141440,254976,233344,883392,0,1408,370048,0,0,0,0,0,0,4096,128,31808,0,28416,0,0,0,76864,128,508,1244,1712208642,2065662120,864512,0
1119,1676864,191296,169280,0,12544,18560,645504,148736,490944,468992,1207872,0,1408,640192,0,0,0,0,0,0,3776,64,64,0,31232,0,0,0,113472,128,519,1295,1668493153,3655138759,1189312,0
1120,1116992,148800,172288,0,3712,19072,402496,154560,216064,194432,922560,0,1408,397184,0,0,0,0,0,0,3776,64,128,64,35456,0,0,0,114944,128,563,1395,955644551,3019473050,903488,0
1121,1116800,149632,171584,0,3648,41664,395392,163392,191488,169472,947328,0,1344,390144,0,0,0,0,0,0,3776,64,128,64,44032,0,0,0,115200,128,597,1456,1207486753,2576974933,905664,0
1122,1119616,137728,170880,0,3712,18368,377280,162496,249152,224256,895360,0,1344,371840,0,0,0,0,0,0,3776,64,128,0,42432,0,0,0,115904,192,574,1418,2138170218,4291261869,876992,0
1123,1112128,148288,166336,0,4544,18816,374912,152128,247104,223104,889024,0,1344,369600,0,0,0,0,0,0,3776,64,128,64,33344,0,0,0,114624,128,604,1465,1752912961,2452101842,870208,0
1124,1116928,148992,166208,0,6208,19264,364992,153536,257728,235584,881344,0,1408,359552,0,0,0,0,0,0,3712,64,128,64,33600,0,0,0,115840,128,593,1448,2879576666,2188530501,862080,0
1125,1116736,137984,165824,0,6592,19840,366400,112448,307648,285760,830976,0,1408,360896,0,0,0,0,0,0,3904,64,64,0,32704,0,0,0,75584,128,576,1386,1474862827,3086519776,811136,0
1126,1116928,148480,165248,0,4096,19008,355968,112768,311360,289408,827520,0,1472,350656,0,0,0,0,0,0,3904,64,128,0,32640,0,0,0,75840,192,594,1424,2980532496,3792897346,808512,0
1127,1116480,147712,166336,0,2240,33536,376256,120000,270400,248960,867520,0,1344,370816,0,0,0,0,0,0,3904,64,64,0,38080,0,0,0,77760,128,612,1456,286787931,3819417419,833984,0
1128,1116800,200384,165696,0,2176,20864,475136,118400,134144,112640,1004160,0,1344,469760,0,0,0,0,0,0,3968,64,128,64,36608,0,0,0,77440,128,605,1454,3776460163,2445032192,983296,0
1129,1116800,227136,166208,0,9216,21248,458752,117184,117056,95168,1021632,0,1344,453312,0,0,0,0,0,0,3904,0,128,0,35136,0,0,0,77888,128,592,1429,1441976769,671802321,1000384,0
1130,1116800,137664,165248,0,3456,21312,368448,115776,304896,280704,836096,0,1408,363136,0,0,0,0,0,0,4032,0,128,64,34880,0,0,0,76544,128,604,1468,987328550,1476579613,814784,0
1131,1116992,148736,166336,0,3456,21248,378368,115840,283008,261184,855808,0,1472,372992,0,0,0,0,0,0,3840,64,128,0,35200,0,0,0,76480,128,594,1439,4019821852,643175605,834560,0
1132,1116992,181312,165632,0,12480,20928,554752,133568,48320,26176,1090816,0,1408,549504,0,0,0,0,0,0,3968,64,64,64,51904,0,0,0,77376,128,589,1424,3115096794,2952642419,1069888,0
1133,1116608,138880,166720,0,3584,21120,369536,131264,285504,257984,858624,0,1408,364160,0,0,0,0,0,0,3840,64,64,0,50496,0,0,0,76672,128,589,1410,511368470,2655161765,837504,0
1134,1116672,149952,165760,0,3584,21120,372352,116928,286976,265216,851456,0,1408,367104,0,0,0,0,0,0,3968,64,128,64,36096,0,0,0,76480,128,591,1420,2275694256,1149785487,830336,0
1135,1116608,151040,166336,0,3520,21440,374400,116608,283264,261632,854976,0,1408,368960,0,0,0,0,0,0,3904,64,64,0,35392,0,0,0,77056,128,611,1464,1349937722,3897360380,833536,0
1136,1116992,139392,165824,0,3456,21184,369664,116736,300736,279040,837952,0,1344,364160,0,0,0,0,0,0,3840,64,64,0,35136,0,0,0,77504,128,605,1454,3305856616,3492375938,816768,0
1137,1117440,150208,165824,0,3584,43840,369984,110848,273152,250752,866688,0,1472,364544,0,0,0,0,0,0,3840,64,64,0,30016,0,0,0,76736,128,604,1448,1375613030,435818323,822848,0
1138,1116224,212544,166080,0,3520,21248,445312,114176,153344,131648,984576,0,1408,440000,0,0,0,0,0,0,0,0,0,0,38080,0,0,0,75968,128,604,1451,2811351387,3865597006,963328,0
1139,1116800,138624,166272,0,3520,20992,364800,113152,309440,287616,829184,0,1408,359424,0,0,0,0,0,0,0,0,0,0,37824,0,0,0,75200,128,591,1432,53361386,1230442106,808192,0
1140,1116672,149120,163712,0,3456,20608,351872,85376,342528,320768,795904,0,1280,346368,0,0,0,0,0,0,0,0,0,0,12096,0,0,0,73152,128,589,1420,2020754807,460123674,775296,0
1141,1116928,185152,165824,0,3520,20480,349184,86080,306688,284992,831936,0,1472,343744,0,0,0,0,0,0,0,0,0,0,12544,0,0,0,73344,192,600,1438,777301865,3944212800,811456,0
1142,1116800,146816,165824,0,3584,20928,363968,86464,329216,307584,809216,0,1408,358592,0,0,0,0,0,0,0,0,0,0,12480,0,0,0,73856,128,603,1439,1973118879,2263558586,788288,0
1143,1116736,148288,164480,0,3520,20544,307328,89216,383360,361664,755072,0,1408,302080,0,0,0,0,0,0,0,0,0,0,12928,0,0,0,76160,128,605,1439,2247124182,206688951,734528,0
1144,1116672,155008,164928,0,3456,21120,383808,96768,291584,269888,846784,0,1472,378432,0,0,0,0,0,0,0,0,0,0,22656,0,0,0,73984,128,592,1409,1036232235,537069970,825664,0
1145,1116864,137344,164480,0,4352,21376,318336,94656,376320,354560,762304,0,1344,313024,0,0,0,0,0,0,0,0,0,0,20672,0,0,0,73856,128,600,1414,4281937700,67250876,740928,0
1146,1116800,137088,164800,0,3520,20864,311680,86272,392576,367872,748928,0,1408,306432,0,0,0,0,0,0,0,0,0,0,12864,0,0,0,73280,128,586,1389,164679171,3819889205,728064,0
1147,1116800,137664,164224,0,3456,20800,322048,86272,382336,360576,756224,0,1344,316672,0,0,0,0,0,0,0,0,0,0,12352,0,0,0,73792,128,582,1365,1433043855,1421736343,735424,0
1148,1116800,136896,165184,0,5760,20800,308352,85952,393856,372352,744448,0,1408,303040,0,0,0,0,0,0,0,0,0,0,12288,0,0,0,73536,128,580,1375,5527851,619351171,723648,0
1149,1116864,137152,164800,0,5824,20800,336192,96064,356032,328832,788032,0,1408,330816,0,0,0,0,0,0,0,0,0,0,21952,0,0,0,73920,192,575,1375,1205133347,3432346419,767232,0
1150,1116800,149376,165440,0,4096,20800,515776,94848,166464,144448,972352,0,1408,510400,0,0,0,0,0,0,0,0,0,0,20992,0,0,0,73728,128,576,1376,2191600193,4177975382,951552,0
1151,1117056,136384,165504,0,2304,20992,376896,94080,320896,299328,817728,0,1344,371456,0,0,0,0,0,0,0,0,0,0,20800,0,0,0,73088,192,576,1375,802690981,3126669105,796736,0
1152,1116736,136576,163840,0,2176,20736,344704,86144,362560,341056,775680,0,1408,339200,0,0,0,0,0,0,0,0,0,0,12608,0,0,0,73344,192,578,1378,4013665445,429082517,754944,0
1153,1116608,140224,164992,0,12032,56320,500672,111552,130816,108864,1007744,0,1408,495232,0,0,0,0,0,0,0,0,0,0,41152,0,0,0,70272,128,481,1184,856509687,805931249,951424,0
1154,1116480,110016,164288,0,3456,34496,308736,109568,385920,364416,752064,0,1408,303424,0,0,0,0,0,0,0,0,0,0,39296,0,0,0,70144,128,484,1189,2242002881,1798488983,717568,0
1155,1116672,110208,164608,0,3456,34240,418880,138432,246848,224832,891840,0,1472,413568,0,0,0,0,0,0,0,0,0,0,67392,0,0,0,70912,128,498,1235,2241654667,798419360,857600,0
1156,1116864,110528,166144,0,3456,34624,335488,137664,328960,306944,809920,0,1408,330240,0,0,0,0,0,0,0,0,0,0,66944,0,0,0,70592,128,494,1225,112627737,2357415372,775296,0
1157,1677184,769152,166528,0,3456,33728,330944,139072,234304,209792,1467392,0,1408,325632,0,0,0,0,0,0,0,0,0,0,66816,0,0,0,72064,192,486,1209,1797436800,1866021331,1433664,0
1158,1677184,794176,166336,0,3456,33728,327872,122432,229184,207104,1470080,0,1408,322496,0,0,0,0,0,0,0,0,0,0,51136,0,0,0,71168,128,493,1212,4088210960,3452954531,1436352,0
1159,1116288,120064,165248,0,3456,33600,445376,121792,226752,205248,911040,0,1344,440000,0,0,0,0,0,0,0,0,0,0,51200,0,0,0,70400,192,493,1194,2784382083,3127707183,877440,0
1160,1116864,112640,164736,0,10368,34624,383360,160960,250176,228480,888384,0,1408,378048,0,0,0,0,0,0,0,0,0,0,51776,0,0,0,109056,128,516,1261,4254216595,2057359638,853760,0
1161,1116992,113728,165056,0,3584,33536,367424,154304,279360,257408,859584,0,1344,362112,0,0,0,0,0,0,0,0,0,0,45184,0,0,0,108992,128,505,1242,1785004841,459937988,826048,0
1162,1116544,123520,164864,0,3584,33792,496320,153280,141184,119552,996992,0,1408,490816,0,0,0,0,0,0,0,0,0,0,44416,0,0,0,108672,192,491,1226,952504039,783212452,963200,0
1163,1116800,102080,166208,0,3648,33600,385344,161024,264896,243264,873536,0,1344,379904,0,0,0,0,0,0,0,0,0,0,51264,0,0,0,109632,128,493,1233,3450235071,3738884834,839936,0
1164,1116928,102400,167616,0,3712,33664,410624,178048,220864,199040,917888,0,1280,405312,0,0,0,0,0,0,0,0,0,0,66944,0,0,0,110976,128,491,1227,4045069427,4018751443,884224,0
1165,1116736,102144,166144,0,17600,34880,519872,168832,107264,79808,1036928,0,1408,514496,0,0,0,0,0,0,0,0,0,0,58688,0,0,0,109952,192,508,1230,2075007016,2017644753,1002048,0
1166,2237312,257856,175616,0,17088,37824,1003776,201536,543616,506624,1730688,0,3200,993856,0,0,0,0,0,0,31680,128,128,0,91776,0,0,0,77632,192,498,1239,4091392678,4210440465,1692864,0
1167,1116544,129152,166464,0,3904,56704,402944,192832,164544,137984,978560,0,1408,397312,0,0,0,0,0,0,31040,128,192,0,86720,0,0,0,74624,128,497,1244,4053219113,2789432755,921856,0
1168,1116928,121344,166080,0,3904,33728,343104,169408,279360,252480,864448,0,1408,337728,0,0,0,0,0,0,0,0,0,0,98368,0,0,0,70912,128,489,1227,177378970,3394081869,830720,0
1169,1116544,121024,166080,0,3776,34624,312384,157568,321088,299712,816832,0,1344,307008,0,0,0,0,0,0,0,0,0,0,86144,0,0,0,71296,128,505,1265,3481052352,3841614692,782208,0
1170,1116928,141120,166272,0,3840,33984,356928,157184,257600,235968,880960,0,1344,351552,0,0,0,0,0,0,0,0,0,0,82752,0,0,0,74304,128,516,1275,2084500342,753317364,846976,0
1171,1117120,119424,167040,0,3968,33728,404288,157568,231104,208960,908160,0,1344,398912,0,0,0,0,0,0,0,0,0,0,85568,0,0,0,71872,128,500,1245,961433837,3517191204,874432,0
1172,1116480,109824,166016,0,6208,33536,434816,159360,206720,185024,931456,0,1408,429504,0,0,0,0,0,0,0,0,0,0,87680,0,0,0,71552,128,487,1223,3159241411,3692500784,897920,0
1173,1116992,109312,168128,0,6080,33472,467968,161280,170752,148480,968512,0,1408,462656,0,0,0,0,0,0,0,0,0,0,90176,0,0,0,70976,128,507,1249,1336785969,2879187587,935040,0
1174,1116480,109888,167936,0,5248,33984,487168,159104,153152,131520,984960,0,1408,481792,0,0,0,0,0,0,0,0,0,0,88192,0,0,0,70784,128,524,1275,4005689094,3940980428,950976,0
1175,1677056,112000,167424,0,3968,33088,692864,270016,397696,376192,1300864,0,1344,687424,0,0,0,0,0,0,64,64,114752,0,80896,0,0,0,74112,128,504,1250,1775687312,1115012452,1267776,0
1176,1116800,111808,165888,0,6400,33472,551616,221056,26560,5056,1111744,0,1408,546304,0,0,0,0,0,0,64,128,69568,0,78080,0,0,0,73088,128,497,1236,403221741,2251300902,1078272,0
1177,1116864,112896,167168,0,6848,33536,530688,219328,46400,24512,1092352,0,1408,525440,0,0,0,0,0,0,64,64,69376,0,77248,0,0,0,72448,128,508,1264,686581239,3595460184,1058816,0
1178,1116928,110848,167104,0,5120,33216,497600,212800,90240,68224,1048704,0,1536,492288,0,0,0,0,0,0,64,128,68992,64,70720,0,0,0,72704,128,528,1292,1440325298,3664169654,1015488,0
1179,1116736,112064,166656,0,6144,33472,527808,214912,55680,33408,1083328,0,1472,522560,0,0,0,0,0,0,64,64,68928,64,73216,0,0,0,72448,128,522,1284,1356471161,2439020393,1049856,0
1180,1116736,113280,166720,0,6016,33408,509504,208768,79040,57664,1059072,0,1408,504128,0,0,0,0,0,0,64,128,69120,0,65728,0,0,0,73600,128,512,1276,508753366,2596827448,1025664,0
1181,1677248,131968,167168,0,3840,32512,614208,250112,477440,449984,1227264,0,1472,608768,0,0,0,0,0,0,64,64,68800,64,69696,0,0,0,111296,128,523,1306,3240687361,3867989154,1194752,0
1182,1116672,111296,167616,0,3776,55296,474752,234112,69824,48384,1068288,0,1408,469312,0,0,0,0,0,0,128,128,69312,0,54464,0,0,0,109952,128,529,1302,3543361256,2870843287,1012992,0
1183,1116864,110592,167232,0,6080,24576,481792,237952,88640,66880,1049984,0,1408,476416,0,0,0,0,0,0,64,64,68480,0,62144,0,0,0,107008,192,527,1306,1428276902,4150648553,1025408,0
1184,1115328,112064,166912,0,6144,23808,460224,235136,111040,91136,1024192,0,1344,454912,0,0,0,0,0,0,64,128,69824,64,61248,0,0,0,103616,192,523,1300,1280650289,3534661372,1000384,0
1185,1116672,122176,166976,0,5120,23744,439296,227328,132032,112064,1004608,0,1536,433920,0,0,0,0,0,0,128,64,69504,0,52864,0,0,0,104640,128,500,1251,1193369712,300240962,980864,0
1186,1116800,125056,165952,0,3776,9408,454848,232384,125376,105216,1011584,0,1408,449536,0,0,0,0,0,0,128,128,79424,0,47616,0,0,0,104960,128,515,1273,975050036,3383217733,1002176,0
1187,1117120,111680,166976,0,4608,23424,442496,182848,185088,164800,952320,0,1408,437184,0,0,0,0,0,0,64,64,69056,64,46016,0,0,0,67456,128,507,1235,396163400,1549358842,928896,0
1188,1116736,123200,166720,0,6080,23488,424192,181824,191232,171136,945600,0,1408,418816,0,0,0,0,0,0,64,64,69696,0,45312,0,0,0,66560,128,499,1223,3292685585,2738647981,922112,0
1189,1116800,122752,166464,0,6016,9664,435776,190656,185472,165312,951488,0,1408,430464,0,0,0,0,0,0,64,64,68800,0,53568,0,0,0,68032,128,478,1183,2724688368,1758425636,941824,0
1190,1116672,112576,166400,0,5184,9408,414464,182656,225984,206016,910656,0,1408,409088,0,0,0,0,0,0,64,64,70144,0,44800,0,0,0,67456,128,496,1207,889522981,3141841399,901248,0
1191,1116800,123840,166592,0,6528,9344,431616,173504,205376,185280,931520,0,1408,426176,0,0,0,0,0,0,128,128,69376,0,37504,0,0,0,66176,192,492,1203,3821980540,2923071298,922176,0
1192,1116736,136512,166784,0,7360,9792,474112,173632,148544,128384,988352,0,1472,468608,0,0,0,0,0,0,64,128,68992,0,37696,0,0,0,66624,128,505,1228,3362919242,3042390542,978560,0
1193,1116864,112320,167104,0,6912,9600,442688,173440,204800,184896,931968,0,1408,437312,0,0,0,0,0,0,128,64,68736,64,37824,0,0,0,66496,128,510,1226,2616474180,733913286,922368,0
1194,1677184,171200,166464,0,16000,9344,563712,192384,558080,537984,1139200,0,1472,558336,0,0,0,0,0,0,64,64,69760,64,53824,0,0,0,68416,192,487,1209,1862412979,2942143015,1129856,0
1195,1116928,125248,167040,0,4864,9408,321344,188928,300096,279936,836992,0,1344,315904,0,0,0,0,0,0,128,128,68992,0,52672,0,0,0,66880,128,506,1235,404505927,337129333,827584,0
1196,1116672,113856,164736,0,6336,9344,315200,164160,343040,322752,793920,0,1472,309888,0,0,0,0,0,0,64,64,69184,0,28352,0,0,0,66304,192,502,1231,3911274559,2286905838,784576,0
1197,1117376,125120,165696,0,6528,31168,315328,159872,313664,287296,830080,0,1472,310016,0,0,0,0,0,0,64,64,69568,64,21632,0,0,0,68288,192,503,1245,505089733,31422686,798912,0
1198,1116352,125824,164608,0,4864,9280,320064,149888,341824,321600,794752,0,1408,314752,0,0,0,0,0,0,64,64,69504,0,13248,0,0,0,66880,128,501,1232,2384865559,1119124381,785472,0
1199,1116672,131008,165760,0,3456,9408,483584,148736,174720,154688,961984,0,1408,478144,0,0,0,0,0,0,192,64,69056,64,13376,0,0,0,65792,192,494,1222,339092908,1459219819,952576,0
1200,1116864,126080,165120,0,3456,9472,316544,159104,337088,317056,799808,0,1408,311104,0,0,0,0,0,0,64,64,69760,64,22976,0,0,0,66048,128,494,1231,148909491,3306681092,790336,0
1201,1118272,163776,164736,0,3456,18496,415360,164992,187456,166080,952192,0,1408,409856,0,0,0,0,0,0,128,64,69312,0,22016,0,0,0,73344,128,495,1242,3083488553,1711745649,933696,0
1202,1116608,143808,165440,0,3392,18496,318016,155520,311936,290752,825856,0,1408,312704,0,0,0,0,0,0,128,64,69376,0,13632,0,0,0,72192,128,490,1243,664442833,878098761,807360,0
1203,1116736,145408,165248,0,3392,18560,304640,155264,324224,302656,814080,0,1344,299200,0,0,0,0,0,0,128,64,69504,64,13568,0,0,0,71808,128,514,1323,1730876651,3257323629,795520,0
1204,1116672,176192,165888,0,3520,18688,301376,157184,293824,272640,844032,0,1408,295872,0,0,0,0,0,0,128,64,69504,64,13568,0,0,0,73728,128,634,1598,4261921509,91902955,825344,0
1205,1116992,171264,165760,0,5568,18816,302528,157120,295936,274240,842752,0,1408,297152,0,0,0,0,0,0,128,64,68928,64,13888,0,0,0,73920,128,640,1575,3137210635,1131215705,823936,0
1206,1116928,177728,164928,0,5632,19072,319936,167424,262208,240704,876224,0,1472,314624,0,0,0,0,0,0,64,128,69440,0,23168,0,0,0,74432,192,649,1583,789880003,1433304666,857152,0
1207,1116608,171776,166528,0,4160,18624,432384,166336,156800,135040,981568,0,1344,427072,0,0,0,0,0,0,128,64,69312,64,21952,0,0,0,74688,128,652,1590,1060379003,4172892218,962944,0
1208,1116672,174208,169408,0,3072,18816,482112,158144,110912,89344,1027328,0,1408,476800,0,0,0,0,0,0,128,64,69440,64,13824,0,0,0,74496,128,638,1557,1546045882,4068344431,1008512,0
1209,1116864,159040,164992,0,3072,18304,326336,157312,287808,266240,850624,0,1408,321088,0,0,0,0,0,0,128,64,68800,64,14080,0,0,0,74048,128,629,1536,3181672374,4290722859,832320,0
1210,1116736,199488,166400,0,10112,18624,389888,186432,145792,124032,992704,0,1472,384512,0,0,0,0,0,0,128,64,69504,64,38016,0,0,0,78528,128,641,1553,1120335000,3147137459,974080,0
1211,1116800,195520,167104,0,3456,20672,390848,187264,151936,130048,986752,0,1408,385472,0,0,0,0,0,0,128,64,69440,0,41600,0,0,0,75904,128,646,1563,2323718013,3706994613,966080,0
1212,1116992,165888,166208,0,3392,43136,330240,182848,225280,203072,913920,0,1344,324992,0,0,0,0,0,0,128,64,69760,0,36544,0,0,0,76224,128,650,1563,1112828231,2615860892,870784,0
1213,1116544,205376,167360,0,4608,20736,495168,183872,39424,12480,1104064,0,1472,489792,0,0,0,0,0,0,128,64,69376,64,38144,0,0,0,75904,192,644,1573,2032827629,1754582021,1083328,0
1214,1676800,202176,166784,0,3584,21184,520704,183168,579200,557696,1119104,0,1408,515200,0,0,0,0,0,0,64,64,69440,0,37248,0,0,0,76224,128,644,1571,2462899048,2481641281,1097920,0
1215,1117056,182208,166208,0,3456,20544,378688,182592,183360,161536,955520,0,1344,373312,0,0,0,0,0,0,64,64,69312,0,36800,0,0,0,76224,128,639,1563,2261147029,1665921889,934976,0
1216,1116800,183360,166272,0,5696,20608,373248,184384,183232,161344,955456,0,1408,367936,0,0,0,0,0,0,64,64,69760,64,38400,0,0,0,75904,128,647,1575,2839494965,638244685,934848,0
1217,1116480,161984,165440,0,5760,34176,326976,182464,239680,217792,898688,0,1344,321792,0,0,0,0,0,0,64,64,69120,0,36544,0,0,0,76480,192,641,1568,2336299477,2642271150,864512,0
1218,1116928,150528,166592,0,4096,13440,326080,169664,286528,264704,852224,0,1344,320576,0,0,0,0,0,0,128,64,68608,64,30016,0,0,0,70656,128,641,1559,432071045,2153429417,838784,0
1219,1116544,150976,165952,0,2176,9536,325824,166592,295488,273920,842624,0,1472,320448,0,0,0,0,0,0,64,128,68928,0,29504,0,0,0,67840,128,638,1553,1092684084,3867123562,833088,0
1220,1115456,138432,166080,0,2176,9472,339328,167360,292608,272576,842880,0,1344,333888,0,0,0,0,0,0,64,64,69376,0,29440,0,0,0,68288,128,631,1534,4177343286,1425917071,833408,0
1221,1116736,149696,167360,0,2240,9408,323392,167104,297536,277248,839488,0,1408,318080,0,0,0,0,0,0,128,64,68864,64,29504,0,0,0,68352,128,645,1553,1159113375,3748427484,830080,0
1222,1116608,151168,165760,0,2176,9408,343680,177600,266816,246784,869824,0,1408,338304,0,0,0,0,0,0,128,128,69184,0,37824,0,0,0,70208,128,644,1549,2815226856,1684013731,860416,0
1223,1116992,138688,166272,0,2304,9280,324032,174976,301440,281152,835840,0,1408,318592,0,0,0,0,0,0,128,64,68864,64,36928,0,0,0,68800,128,642,1546,2133202735,3001967751,826560,0
1224,1116736,150400,168832,0,2304,9472,324544,163648,297536,277632,839104,0,1344,319232,0,0,0,0,0,0,128,64,69184,64,25280,0,0,0,68800,128,635,1544,386972638,1868838254,829632,0
1225,1116672,181632,165760,0,9344,9408,517568,171328,61632,41472,1075200,0,1408,512256,0,0,0,0,0,0,128,64,69312,64,13120,0,0,0,88512,128,637,1552,3276719134,2868962001,1065792,0
1226,1116736,139264,166656,0,3456,9408,362176,170944,264832,244288,872448,0,1408,356800,0,0,0,0,0,0,128,64,69952,64,12928,0,0,0,87680,128,639,1573,494387171,2273690925,863040,0
1227,1116672,186240,166400,0,3456,31232,525248,170752,33344,13184,1103488,0,1344,519872,0,0,0,0,0,0,128,64,69440,0,12672,0,0,0,88320,128,633,1556,1253473323,880815603,1072256,0
1228,1116992,149056,166528,0,4608,9280,441408,181504,164608,144448,972544,0,1408,436096,0,0,0,0,0,0,128,128,69696,64,22016,0,0,0,89344,128,628,1541,1075838189,1248536268,963264,0
1229,1676928,152256,166976,0,5696,9792,581824,178816,581568,555456,1121472,0,1408,576640,0,0,0,0,0,0,128,64,69760,0,20416,0,0,0,88192,256,614,1523,1542948859,2941086686,1111680,0
1230,1116864,166720,166464,0,4992,9472,583616,95808,89792,69696,1047168,0,1344,578176,0,0,0,0,0,0,0,0,0,0,12160,0,0,0,83520,128,563,1369,3487912826,561487400,1037696,0
1231,1116736,167744,166784,0,2176,9344,548416,96064,126208,105984,1010752,0,1408,543104,0,0,0,0,0,0,0,0,0,0,12608,0,0,0,83328,128,573,1366,3092478852,2726186028,1001408,0
1232,1116608,147264,165888,0,2176,9216,473408,97088,221568,201792,914816,0,1408,467968,0,0,0,0,0,0,0,0,0,0,12736,0,0,0,84160,192,581,1373,2240544886,1888433997,905600,0
1233,1116736,159232,166336,0,2176,9344,493696,97024,188928,169088,947648,0,1408,488320,0,0,0,0,0,0,0,0,0,0,12800,0,0,0,84096,128,580,1375,1628647387,1776406765,938304,0
1234,1677312,163264,167168,0,2816,9600,647168,121984,565312,545216,1132096,0,1408,641856,0,0,0,0,0,0,0,0,0,0,22080,0,0,0,99776,128,595,1396,459015709,2830907299,1122496,0
1235,1677376,207488,165824,0,10048,9600,758976,85824,439616,418944,1258432,0,1408,753472,0,0,0,0,0,0,0,0,0,0,20160,0,0,0,65536,128,605,1407,721268425,2187971775,1248832,0
1236,1116480,148544,166272,0,5888,9664,391360,75968,318784,298816,817664,0,1408,386048,0,0,0,0,0,0,0,0,0,0,11904,0,0,0,63936,128,585,1380,1822637398,2638974528,808000,0
1237,1116864,137728,167808,0,13056,9408,473728,88000,227136,206720,910144,0,1408,468480,0,0,0,0,0,0,0,0,0,0,22080,0,0,0,65792,128,586,1389,742011105,1500626252,900736,0
1238,1116864,167680,166592,0,5760,9664,517888,99200,150080,129856,987008,0,1344,512576,0,0,0,0,0,0,0,0,0,0,32960,0,0,0,66112,128,568,1368,2334076460,1300054748,977344,0
1239,1116672,159872,167104,0,10944,9856,514240,155008,99648,79680,1036992,0,1408,508800,0,0,0,0,0,0,45184,64,192,64,39424,0,0,0,69952,128,577,1398,2902752570,600042732,1027136,0
1240,1116800,150016,166656,0,3456,9920,447488,149568,189696,169792,947008,0,1280,442112,0,0,0,0,0,0,45056,128,128,0,35008,0,0,0,69120,128,582,1400,705731328,997200355,937088,0
1241,1117056,208704,167552,0,3520,32064,509248,141504,54464,34112,1082944,0,1408,503936,0,0,0,0,0,0,45120,64,128,0,27584,0,0,0,68480,128,586,1403,1420828036,601441436,1050880,0
1242,1676928,199424,166464,0,5824,9984,761920,143488,389824,369664,1307264,0,1344,756544,0,0,0,0,0,0,45696,64,128,0,27712,0,0,0,69760,128,594,1411,4011263423,164507725,1297280,0
1243,1116480,192832,167232,0,4864,9728,541632,143232,56960,37184,1079296,0,1344,536256,0,0,0,0,0,0,46080,64,128,64,27840,0,0,0,68928,128,594,1408,3173602507,3087516860,1069568,0
1244,1116800,183552,168000,0,3456,9856,397760,151616,202560,182656,934144,0,1344,392128,0,0,0,0,0,0,45632,64,128,64,35840,0,0,0,69696,192,620,1443,4021501332,4249931134,924288,0
1245,1116864,168192,167424,0,3520,10112,364160,148928,254528,229120,887744,0,1408,358656,0,0,0,0,0,0,45888,64,128,64,34112,0,0,0,68544,128,597,1422,363144744,2754701207,877632,0
1246,1116864,159616,166208,0,3392,9664,360704,138176,279104,259200,857664,0,1344,355328,0,0,0,0,0,0,45888,128,128,0,22976,0,0,0,68864,192,583,1406,3075299835,2970385755,848000,0
1247,1116416,149888,167104,0,3328,23360,360896,139392,272448,252544,863872,0,1408,355520,0,0,0,0,0,0,46272,128,128,0,22720,0,0,0,69952,192,580,1399,3105610735,1471705780,840512,0
1248,1677120,177664,165760,0,3456,10112,648640,137984,533504,513856,1163264,0,1280,643200,0,0,0,0,0,0,45568,64,128,64,22720,0,0,0,69312,128,585,1401,321968739,3286218804,1153152,0
1249,1116992,160832,166016,0,3520,9920,369792,147072,259840,239680,877312,0,1408,364544,0,0,0,0,0,0,45824,64,128,64,31808,0,0,0,69056,128,583,1402,1744849214,2755222487,867392,0
1250,1116800,138688,167040,0,5440,9920,353664,144704,297344,277184,839616,0,1408,348352,0,0,0,0,0,0,45696,128,128,64,29952,0,0,0,68608,128,592,1416,3775202553,4188378120,829696,0
1251,1116480,159808,169280,0,5696,10624,357184,137024,276864,256960,859520,0,1408,351808,0,0,0,0,0,0,45440,128,128,0,22720,0,0,0,68480,128,591,1402,3491399481,1557707349,848896,0
1252,1116800,191360,166464,0,4160,9792,416256,138496,190272,170368,946432,0,1408,410752,0,0,0,0,0,0,45760,128,128,64,22848,0,0,0,69440,128,579,1387,1678568262,2556921860,936640,0
1253,1116736,196288,167296,0,2176,9920,484544,128000,128512,108608,1008128,0,1344,479104,0,0,0,0,0,0,45952,64,128,0,13248,0,0,0,68480,128,605,1424,3369073164,3870292219,998208,0
1254,1117056,149120,167424,0,2240,9664,394624,127872,266112,246272,870784,0,1344,389120,0,0,0,0,0,0,45504,128,128,0,13696,0,0,0,68288,128,605,1423,1619755510,1052751433,861120,0
1255,1116864,155968,166336,0,2176,9920,452480,137984,192000,171904,944960,0,1344,447168,0,0,0,0,0,0,45312,128,192,64,23616,0,0,0,68544,128,607,1424,3234033175,4028246729,935040,0
1256,1676992,147776,165760,0,3584,32192,664384,161472,501824,481600,1195392,0,1408,658944,0,0,0,0,0,0,45952,128,128,0,45120,0,0,0,70016,128,581,1389,1028861749,3376446266,1163200,0
1257,1677440,240576,166400,0,12736,23936,720640,158912,354240,333632,1343808,0,1408,715136,0,0,0,0,0,0,45696,128,128,0,43136,0,0,0,69632,192,606,1419,1053118528,3798692666,1319872,0
1258,1116032,161664,166528,0,3712,23872,368448,157056,234752,214656,901376,0,1472,363008,0,0,0,0,0,0,45696,64,128,64,41472,0,0,0,69440,192,601,1407,1759880832,4005448209,877504,0
1259,1116928,192192,167424,0,10688,24192,460736,161920,99776,79616,1037312,0,1472,455296,0,0,0,0,0,0,45824,128,128,0,46144,0,0,0,69568,128,595,1406,274197126,3290733346,1013120,0
1260,1116736,188864,167808,0,3712,9920,387200,164608,194624,174656,942080,0,1280,381696,0,0,0,0,0,0,45440,64,128,0,48512,0,0,0,70336,128,593,1398,939548298,1759376781,932160,0
1261,1116800,187264,166976,0,3776,10112,399104,168896,180672,155072,961728,0,1344,393536,0,0,0,0,0,0,45888,64,128,64,52224,0,0,0,70400,128,590,1401,581247327,3812836433,951616,0
1262,1116928,136896,167104,0,3776,9792,387968,165696,245696,225600,891328,0,1408,382656,0,0,0,0,0,0,45952,64,128,0,50432,0,0,0,68992,128,582,1400,3136645168,3518451918,881536,0
1263,1116608,162688,167040,0,3776,9792,364864,166656,241792,221696,894912,0,1408,359424,0,0,0,0,0,0,45888,128,128,0,50560,0,0,0,69760,192,578,1389,3423555322,3464565457,885120,0
1264,1117056,232384,169216,0,3776,9856,372544,160832,168448,148160,968896,0,1408,367168,0,0,0,0,0,0,45952,64,128,0,46144,0,0,0,68416,128,558,1348,360127306,2523287927,959040,0
1265,1116800,237760,166080,0,3840,9792,366592,162560,170176,150272,966528,0,1408,361216,0,0,0,0,0,0,45568,128,128,0,46528,0,0,0,70080,128,565,1354,128563952,3908133491,956736,0
1266,1116800,146176,166144,0,6272,10048,461824,150464,175872,155776,961024,0,1280,456512,0,0,0,0,0,0,45824,128,128,0,35136,0,0,0,69120,128,562,1344,2292836096,2615724328,950976,0
1267,1116864,146368,167232,0,7168,10112,504064,157632,124288,104320,1012544,0,1408,498624,0,0,0,0,0,0,45696,64,128,64,42304,0,0,0,69248,128,566,1355,2410021944,486838898,1002432,0
1268,1116864,129472,169984,0,4992,10048,442944,156608,202816,182656,934208,0,1408,437696,0,0,0,0,0,0,46208,128,128,0,40576,0,0,0,69440,128,566,1361,592015138,3734185580,924160,0
1269,1116736,129664,172864,0,3648,9920,387328,155520,257792,237824,878912,0,1280,381952,0,0,0,0,0,0,45760,128,128,64,40832,0,0,0,68480,128,571,1367,4067341711,3722722373,868992,0
1270,1117056,129792,171328,0,3584,9856,330112,141568,330816,310720,806336,0,1408,324736,0,0,0,0,0,0,45632,128,128,0,27392,0,0,0,68160,128,562,1346,578427554,4104211859,796480,0
1271,1116672,140224,172160,0,4480,31936,347968,136960,282944,263168,853504,0,1344,342528,0,0,0,0,0,0,45824,128,128,64,22784,0,0,0,67840,192,552,1321,2013081487,573143184,821568,0
1272,1116608,128000,170880,0,3520,9984,357760,136256,310208,290176,826432,0,1408,352384,0,0,0,0,0,0,45824,128,128,64,22784,0,0,0,67200,128,554,1327,3075014168,98082113,816448,0
1273,1677248,305536,171392,0,3584,24512,628480,203712,340032,314880,1362368,0,1408,622976,0,0,0,0,0,0,77184,256,256,64,52416,0,0,0,73408,128,560,1338,3616108436,2941960178,1337856,0
1274,1676608,146944,172160,0,22208,9792,577664,248640,499200,476544,1200064,0,1536,572096,0,0,0,0,0,0,85440,128,256,64,52096,0,0,0,110464,192,575,1379,2487276833,30518152,1190272,0
1275,1117056,130944,166144,0,4032,24000,326976,247104,217856,197696,919360,0,1408,321728,0,0,0,0,0,0,85376,192,256,128,51200,0,0,0,109824,128,573,1381,158424368,1418834850,895360,0
1276,1116608,139456,166272,0,4032,10176,367296,244288,185088,165440,951168,0,1472,361856,0,0,0,0,0,0,85888,256,256,0,46848,0,0,0,110912,128,581,1391,3038799206,717539375,940992,0
1277,1116864,151552,168320,0,6272,24192,386432,246016,134080,108672,1008192,0,1408,381120,0,0,0,0,0,0,85376,256,256,64,47424,0,0,0,112512,128,577,1383,2747562024,526488477,984000,0
1278,1116608,139328,169664,0,6272,10304,409920,280000,101120,81472,1035136,0,1344,404608,0,0,0,0,0,0,87040,256,192,64,46016,0,0,0,146304,128,589,1423,842061211,1806857152,1024832,0
1279,1677120,251520,172480,0,5376,10560,388160,275008,574016,553984,1123136,0,1472,382784,0,0,0,0,0,0,86016,192,256,64,42048,0,0,0,146304,128,586,1416,512448281,2429791773,1112576,0
1280,1116800,149120,171776,0,3968,10176,364672,239232,177856,158016,958784,0,1408,359232,0,0,0,0,0,0,85632,128,256,64,42112,0,0,0,110912,128,579,1385,408823413,353697558,948608,0
1281,1116608,148288,172544,0,3904,10048,355392,237504,188928,168960,947648,0,1408,350016,0,0,0,0,0,0,85376,256,320,64,40512,0,0,0,110848,128,589,1403,3973768127,1039540988,937600,0
1282,1116608,146176,170816,0,6080,10432,390400,263232,129472,109568,1007040,0,1344,384896,0,0,0,0,0,0,86336,192,256,64,30144,0,0,0,146112,128,603,1445,1042248655,709991256,996608,0
1283,1677248,207936,173312,0,5248,10176,483392,270464,526720,506624,1170624,0,1280,478016,0,0,0,0,0,0,85568,128,256,64,38784,0,0,0,145536,128,604,1447,1599730780,470707325,1160448,0
1284,1116800,180032,173120,0,3840,32320,461248,234048,32192,11968,1104832,0,1344,455936,0,0,0,0,0,0,86016,192,256,128,36928,0,0,0,110400,128,587,1396,897236187,1222268528,1072512,0
1285,1116864,148992,172928,0,4928,10368,365504,226560,187584,167168,949696,0,1344,360192,0,0,0,0,0,0,85696,256,320,128,30080,0,0,0,109888,192,584,1388,3919486192,144071701,939328,0
1286,1676736,259840,166848,0,12032,10432,511680,307456,408448,388224,1288512,0,1408,506304,0,0,0,0,0,0,87168,256,320,0,38400,0,0,0,181184,128,608,1480,3062418629,4272024755,1278080,0
1287,1116800,148160,167104,0,5120,10432,374080,302336,109568,89728,1027072,0,1408,368704,0,0,0,0,0,0,86208,128,320,64,35328,0,0,0,180160,128,603,1456,3018368482,3152961747,1016640,0
1288,1116608,147840,166592,0,5888,10176,434176,270528,81408,61568,1055040,0,1344,428736,0,0,0,0,0,0,85184,256,320,64,38400,0,0,0,146112,192,609,1462,3885053997,1842247145,1044864,0
1289,1677248,160320,166400,0,12800,10496,481152,275200,570880,550784,1126464,0,1408,475840,0,0,0,0,0,0,85824,256,256,64,41984,0,0,0,146688,128,602,1446,3276654408,10783616,1115968,0
1290,1116992,148416,166848,0,7744,10304,435200,312768,35712,15680,1101312,0,1408,430016,0,0,0,0,0,0,85952,192,256,128,45056,0,0,0,181056,128,624,1507,1205219744,1173434636,1091008,0
1291,1116672,135488,167872,0,6400,10432,404608,306176,85696,65408,1051264,0,1472,399104,0,0,0,0,0,0,85696,256,256,64,37504,0,0,0,182272,128,617,1483,352804278,1839647683,1040832,0
1292,1116736,154752,167488,0,11904,10240,497600,234944,39808,19520,1097216,0,1408,492288,0,0,0,0,0,0,86144,256,256,64,38080,0,0,0,110016,128,586,1400,3081840605,3582508186,1086976,0
1293,1677248,147392,166720,0,12288,10240,535040,283776,521792,495744,1181504,0,1408,529536,0,0,0,0,0,0,86080,192,45888,192,37632,0,0,0,113600,192,568,1365,817602810,3359467270,1171264,0
1294,1676992,135168,167360,0,4032,10240,472896,337600,549696,529472,1147520,0,1408,467648,0,0,0,0,0,0,85952,256,44992,192,57280,0,0,0,148736,192,588,1421,291072961,1064970998,1137280,0
1295,1676672,135552,167552,0,5056,10112,469312,334208,554880,535104,1141568,0,1472,463872,0,0,0,0,0,0,86592,256,46016,64,53440,0,0,0,147712,128,591,1429,1514504986,845831258,1131456,0
1296,1676992,134784,166272,0,6400,10624,485760,296448,576704,556672,1120320,0,1408,480320,0,0,0,0,0,0,85760,256,46464,128,51136,0,0,0,112576,128,583,1390,1359411995,583980793,1109696,0
1297,1116928,135232,166912,0,3840,32960,444544,286848,46592,26368,1090560,0,1408,439232,0,0,0,0,0,0,85760,128,46464,64,41472,0,0,0,112832,128,580,1381,2348610831,4018522200,1057600,0
1298,1677120,134784,167424,0,3776,9856,476352,323840,561088,540800,1136320,0,1408,470912,0,0,0,0,0,0,86592,128,46336,128,41472,0,0,0,149056,128,584,1391,3312411181,1620615626,1126464,0
1299,1676736,267904,167616,0,12672,10496,670208,321600,226240,205888,1470848,0,1344,664832,0,0,0,0,0,0,85312,320,45824,128,41280,0,0,0,148608,128,583,1381,2235216794,1226732885,1460352,0
1300,1677056,191552,167168,0,3840,10432,523456,283456,497152,477184,1199872,0,1344,518144,0,0,0,0,0,0,86208,320,46592,128,37120,0,0,0,112960,128,559,1319,2736849495,416091981,1189440,0
1301,1677120,190720,167040,0,3776,10240,521728,282368,501248,481152,1195968,0,1344,516288,0,0,0,0,0,0,85824,320,46272,128,36928,0,0,0,112704,192,577,1343,3759947147,1621282463,1185728,0
1302,1676928,190592,167424,0,4736,9856,673344,239872,391104,371072,1305856,0,1408,667968,0,0,0,0,0,0,46016,128,45568,64,36928,0,0,0,110976,192,575,1343,295253789,2704054415,1296000,0
1303,1677184,176832,167744,0,5888,9984,547840,260096,508800,488448,1188736,0,1472,542528,0,0,0,0,0,0,46144,192,65792,128,36672,0,0,0,110976,192,600,1412,1334694754,2874812765,1178752,0
1304,1676736,175360,166464,0,11904,10112,662144,234432,416320,396032,1280704,0,1344,656704,0,0,0,0,0,0,45952,256,79488,128,33088,0,0,0,75392,128,571,1318,1817922639,156457570,1270592,0
1305,1676928,186752,170176,0,3648,9792,600064,295680,410816,390912,1286016,0,1472,594624,0,0,0,0,0,0,46080,320,136128,320,33536,0,0,0,79168,128,588,1373,692411139,267590284,1276224,0
1306,1116800,153280,166400,0,3648,9856,347136,365248,71232,51392,1065408,0,1344,341760,0,0,0,0,0,0,46080,512,196288,192,33664,0,0,0,88384,128,586,1397,1109206503,195546105,1055552,0
1307,1676928,147968,167424,0,4544,24576,349760,423296,559360,539456,1137472,0,1408,344448,0,0,0,0,0,0,46336,768,254720,128,33600,0,0,0,87552,192,612,1463,2654803041,1648473327,1112896,0
1308,1677120,162560,166656,0,4672,32256,494528,456896,359552,339200,1337920,0,1408,489216,0,0,0,0,0,0,46400,832,281728,320,38016,0,0,0,89472,128,620,1494,4256812977,3222174391,1305664,0
1309,1676736,145408,167808,0,5760,10048,429632,394880,523200,497920,1178816,0,1408,424384,0,0,0,0,0,0,46400,640,224704,192,38592,0,0,0,84224,128,615,1446,2771690025,18715675,1168768,0
1310,1116928,145792,166464,0,4928,10304,368192,331520,89728,69760,1047168,0,1408,362944,0,0,0,0,0,0,46656,448,166976,192,36160,0,0,0,80960,128,591,1417,2275447576,4280989907,1036864,0
1311,1116800,146304,167552,0,5760,10048,398656,268032,120448,100480,1016320,0,1472,393216,0,0,0,0,0,0,46208,320,109120,0,35520,0,0,0,76736,128,581,1388,2034721222,3295372826,1006272,0
1312,1116736,136192,166464,0,5696,9920,463872,208320,126272,106432,1010304,0,1344,458368,0,0,0,0,0,0,45824,192,46720,0,43584,0,0,0,71872,128,566,1345,1205212039,3284464330,1000384,0
1313,1116800,153024,166656,0,11648,9728,494208,151744,129792,109760,1007040,0,1344,488704,0,0,0,0,0,0,128,128,46208,0,36864,0,0,0,68288,128,579,1371,2650165059,2124667564,997312,0
1314,1116864,135488,166784,0,3456,9408,313024,152000,336704,316672,800192,0,1408,307712,0,0,0,0,0,0,128,64,46464,0,36480,0,0,0,68736,128,588,1376,1391334132,1124265057,790784,0
1315,1116608,135168,167424,0,3456,9280,436928,186112,178240,158272,958336,0,1408,431488,0,0,0,0,0,0,64,64,77632,64,38336,0,0,0,69824,128,613,1446,721838342,3314306230,949056,0
1316,1116992,134976,166336,0,3456,9408,384576,168192,250048,229824,887168,0,1344,379136,0,0,0,0,0,0,128,128,62720,0,36544,0,0,0,68544,128,600,1416,3796751760,1752010910,877760,0
1317,1117376,135552,167424,0,3456,9280,415616,155840,230208,209536,907840,0,1408,410176,0,0,0,0,0,0,64,128,46080,64,40960,0,0,0,68352,192,580,1365,1340889650,1846168968,898560,0
1318,1116416,135040,169216,0,3456,9472,435776,170112,193344,173248,943168,0,1408,430336,0,0,0,0,0,0,128,64,59456,64,41600,0,0,0,68672,128,580,1373,603022196,1187670347,933696,0
1319,1116608,149184,167744,0,10816,9472,429952,211584,137856,117824,998784,0,1408,424640,0,0,0,0,0,0,192,192,98368,0,41536,0,0,0,71168,128,578,1377,1182470194,3404982849,989312,0
1320,1677120,177344,166848,0,16448,27520,803776,166080,319104,290560,1386560,0,2432,792832,0,0,0,0,0,0,50112,128,128,64,44928,0,0,0,70592,128,575,1380,236325375,2069911934,1359040,0
1321,1116672,140224,166464,0,3840,10112,336000,157248,302784,283072,833600,0,1344,330752,0,0,0,0,0,0,50048,64,128,64,37312,0,0,0,69504,128,569,1360,68710117,4146192772,823488,0
1322,1117120,139904,166976,0,3776,46336,370624,156992,232512,212096,905024,0,1408,365312,0,0,0,0,0,0,50304,64,128,64,36608,0,0,0,69696,128,569,1367,2058957970,2425785178,858688,0
1323,1116544,206656,166720,0,3776,10112,529792,148928,50560,30720,1085824,0,1408,524416,0,0,0,0,0,0,50752,64,128,64,27648,0,0,0,70080,192,559,1334,1349185106,3191745569,1075712,0
1324,1116736,208448,167680,0,3840,10048,495296,156736,74688,54848,1061888,0,1408,489984,0,0,0,0,0,0,49728,128,128,0,36608,0,0,0,69952,192,556,1334,2157652939,2124640942,1051840,0
1325,1116992,135168,167168,0,6016,10240,448128,156352,193920,168192,948800,0,1344,442880,0,0,0,0,0,0,50432,128,128,0,35392,0,0,0,70144,128,557,1307,3525604254,1608436010,938560,0
1326,1116864,146752,165824,0,5952,10048,447296,159808,181184,160832,956032,0,1408,441984,0,0,0,0,0,0,49792,128,128,0,35776,0,0,0,73856,128,562,1320,3411037730,2977436769,945984,0
1327,1676992,165184,167360,0,17984,10496,622464,152000,541504,521088,1155904,0,1408,617088,0,0,0,0,0,0,49920,128,192,0,31424,0,0,0,70208,128,567,1337,3032239044,1483490134,1145408,0
1328,1116672,153216,166080,0,3904,9984,547456,158016,78016,57920,1058752,0,1472,541888,0,0,0,0,0,0,50240,128,128,0,38016,0,0,0,69312,192,566,1342,317658587,90272278,1048768,0
1329,1116992,155200,165952,0,3904,9664,513280,113984,155008,134848,982144,0,1472,507904,0,0,0,0,0,0,0,0,0,0,47744,0,0,0,66112,128,552,1310,1694129754,4072184374,972480,0
1330,1116800,136128,166400,0,4928,9664,310592,113536,375552,355328,761472,0,1408,305216,0,0,0,0,0,0,0,0,0,0,46784,0,0,0,66624,128,548,1299,1155069664,2778996150,751808,0
1331,1676992,263360,166848,0,9152,25024,983744,172736,56128,35008,1641984,0,3264,973568,0,0,0,0,0,0,0,0,0,0,55616,0,0,0,116928,192,558,1314,216492673,3122618071,1616960,0
1332,1116736,164800,168704,0,12096,23808,463744,166464,117120,97024,1019712,0,1408,458304,0,0,0,0,0,0,0,0,0,0,51648,0,0,0,114688,128,548,1283,3426246344,2348509075,995904,0
1333,1116864,154880,167232,0,6464,23936,468032,165760,130560,110400,1006464,0,1344,462784,0,0,0,0,0,0,0,0,0,0,52032,0,0,0,113600,128,544,1273,950999983,172700814,982528,0
1334,1116736,154496,165824,0,6400,23552,467264,151424,147776,127936,988800,0,1408,461888,0,0,0,0,0,0,0,0,0,0,38272,0,0,0,113024,128,540,1268,3513932354,701469437,965248,0
1335,1116672,164608,167168,0,5440,9536,442944,151488,175488,155264,961408,0,1408,437504,0,0,0,0,0,0,0,0,0,0,37184,0,0,0,114176,128,539,1261,1691746393,2068542684,951872,0
1336,1676928,177344,165120,0,4032,31872,671872,157120,469568,449600,1227328,0,1408,666560,0,0,0,0,0,0,0,0,0,0,41088,0,0,0,115840,192,554,1294,822781916,4000748524,1195456,0
1337,1116992,162752,165760,0,4096,23424,531648,146816,82496,62016,1054976,0,1408,526208,0,0,0,0,0,0,0,0,0,0,32064,0,0,0,114560,192,539,1261,2781200064,1315980986,1031552,0
1338,1116736,162240,166720,0,6208,9728,503360,145536,122944,102592,1014144,0,1344,498112,0,0,0,0,0,0,0,0,0,0,31808,0,0,0,113600,128,534,1255,1652557362,3257981687,1004416,0
1339,1116928,161984,165760,0,6336,9600,538176,148928,86144,65792,1051136,0,1920,532416,0,0,0,0,0,0,0,0,0,0,35712,0,0,0,113088,128,532,1254,2462915406,65017144,1041536,0
1340,1118272,161792,167040,0,5312,14016,524480,102848,142784,121152,997120,0,1344,519104,0,0,0,0,0,0,0,0,0,0,33856,0,0,0,68864,128,527,1240,2321422133,2167679675,983104,0
1341,1116864,160960,166912,0,3968,9472,486144,100608,188800,161536,955328,0,1344,480704,0,0,0,0,0,0,0,0,0,0,33408,0,0,0,67072,128,524,1217,2611207848,3382483358,945856,0
1342,1115328,161792,166208,0,6144,9728,515328,90880,165248,144960,970368,0,1472,510016,0,0,0,0,0,0,0,0,0,0,23936,0,0,0,66816,128,524,1213,963243690,2409154328,960640,0
1343,1116736,161664,167296,0,6144,9600,505536,94272,172224,152064,964672,0,1408,500288,0,0,0,0,0,0,0,0,0,0,27264,0,0,0,66816,192,532,1236,440914774,3560201742,955072,0
1344,1116992,169152,166336,0,5248,9600,585664,92736,88256,68224,1048768,0,1472,580224,0,0,0,0,0,0,0,0,0,0,25472,0,0,0,67072,192,531,1261,4100918587,1973316498,1039168,0
1345,1116672,162240,165760,0,3840,9536,540416,95360,139520,119680,996992,0,1408,534336,0,0,0,0,0,0,0,0,0,0,26112,0,0,0,69120,128,529,1256,1638091182,805582513,987456,0
1346,1116672,161024,166016,0,3840,9408,544832,94144,137408,117376,999296,0,1408,539392,0,0,0,0,0,0,0,0,0,0,26112,0,0,0,67904,128,515,1231,4281057634,2835545713,989888,0
1347,1676928,168896,165696,0,6912,9600,648640,97024,580160,560128,1116800,0,1408,643200,0,0,0,0,0,0,0,0,0,0,29248,0,0,0,67328,448,507,1228,556118918,2423283159,1107200,0
1348,1116928,164032,166016,0,6336,9408,561472,104256,105408,85312,1031616,0,1344,556224,0,0,0,0,0,0,0,0,0,0,36160,0,0,0,67968,128,494,1182,44332843,2708304633,1022208,0
1349,1676928,170304,166656,0,17728,10048,769856,107008,435328,415168,1261760,0,1408,764352,0,0,0,0,0,0,0,0,0,0,38592,0,0,0,68288,128,478,1126,3695112807,4278403704,1251712,0
1350,1116672,162304,166336,0,3904,32000,530880,105664,115584,94976,1021696,0,1408,525568,0,0,0,0,0,0,0,0,0,0,37696,0,0,0,67776,192,453,1058,435477009,506540617,989696,0
1351,1116800,160640,167104,0,3840,9600,514816,109376,151424,131584,985216,0,1344,509312,0,0,0,0,0,0,0,0,0,0,41536,0,0,0,67712,128,457,1082,546849018,3222280687,975616,0
1352,1116800,131392,165696,0,3968,9536,369728,112704,323776,303872,812928,0,1408,364416,0,0,0,0,0,0,0,0,0,0,45056,0,0,0,67520,128,458,1087,3445540805,748972365,803392,0
1353,1116928,132416,166144,0,3840,9472,407552,112832,284672,264576,852352,0,1408,402112,0,0,0,0,0,0,0,0,0,0,45440,0,0,0,67264,128,451,1075,3465193070,2007529279,842880,0
1354,1116736,153792,166784,0,3904,9664,469184,111616,201792,181952,934784,0,1536,463680,0,0,0,0,0,0,0,0,0,0,43712,0,0,0,67776,128,441,1074,1223357310,392502541,925120,0
1355,1116736,132160,165888,0,6592,9664,366208,111168,325056,305152,811584,0,1408,361024,0,0,0,0,0,0,0,0,0,0,44672,0,0,0,66368,128,455,1090,881543722,2085497614,801920,0
1356,1116864,133184,165632,0,6976,9600,373760,112768,314944,294592,822272,0,1408,368576,0,0,0,0,0,0,0,0,0,0,45760,0,0,0,66880,128,465,1111,408478641,3211209027,812672,0
1357,1116608,131072,167168,0,7168,9600,375680,112000,313920,288064,828544,0,1408,370432,0,0,0,0,0,0,0,0,0,0,44672,0,0,0,67136,192,477,1146,910992835,4040943851,818944,0
1358,1116864,145664,168064,0,4992,9344,424448,112000,252352,232256,884608,0,1280,419200,0,0,0,0,0,0,0,0,0,0,44352,0,0,0,67520,128,481,1152,2252907549,1725098626,875264,0
1359,1116800,132864,169536,0,3584,9408,314176,111744,375488,355456,761344,0,1408,308864,0,0,0,0,0,0,0,0,0,0,45184,0,0,0,66368,192,484,1155,2525598385,1410829354,751936,0
1360,1116864,132800,166144,0,5824,9536,307392,113408,381760,361856,755008,0,1344,302080,0,0,0,0,0,0,0,0,0,0,45504,0,0,0,67712,192,482,1147,2813392700,4130748489,745472,0
1361,1116672,131776,165696,0,5760,9408,330496,112448,361088,341184,775488,0,1472,325184,0,0,0,0,0,0,0,0,0,0,45248,0,0,0,67072,128,478,1143,1030616813,831765542,766080,0
1362,1116736,132352,166400,0,4864,9728,327104,112192,364096,344192,772544,0,1280,321792,0,0,0,0,0,0,0,0,0,0,45504,0,0,0,66560,128,486,1159,1580674133,2008451175,762816,0
1363,1116928,132416,166848,0,3520,9472,306560,112064,386048,366272,750656,0,1344,301184,0,0,0,0,0,0,0,0,0,0,45184,0,0,0,66688,192,495,1181,534460661,2608008076,741184,0
1364,1116928,132416,167232,0,3520,9408,312128,101248,390976,370752,746176,0,1344,306816,0,0,0,0,0,0,0,0,0,0,35200,0,0,0,65920,128,498,1166,2305299675,3448240124,736768,0
1365,1116608,132288,166848,0,3520,9536,307392,103040,393984,374080,742528,0,1472,301952,0,0,0,0,0,0,0,0,0,0,35456,0,0,0,67392,192,507,1189,2618377974,2450278613,732992,0
1366,1116736,132800,170880,0,3520,31808,336384,90688,350656,330624,786112,0,1408,331008,0,0,0,0,0,0,0,0,0,0,24000,0,0,0,66560,128,506,1180,1717696738,3544368907,754304,0
1367,1116864,152512,171392,0,3520,23616,498496,92864,174464,154368,962496,0,1408,493184,0,0,0,0,0,0,0,0,0,0,23488,0,0,0,69248,128,515,1218,2269375719,2799598089,938880,0
1368,1117184,131456,170048,0,3520,9536,347648,91200,363776,343680,773504,0,1344,342272,0,0,0,0,0,0,0,0,0,0,23552,0,0,0,67520,128,516,1216,610211041,36722156,763968,0
1369,1676864,171072,169664,0,20416,9600,652416,133312,520384,500032,1176832,0,1408,646912,0,0,0,0,0,0,0,0,0,0,32128,0,0,0,100992,192,526,1269,1434112560,3189222858,1167232,0
1370,2236864,192320,171712,0,11264,9472,1235840,99712,516544,496192,1740672,0,1344,1230464,0,0,0,0,0,0,0,0,0,0,34432,0,0,0,65152,128,473,1159,3814133946,1655494963,1731200,0
1371,1116544,190720,170944,0,5824,9472,589568,99968,50048,30336,1086208,0,1344,584384,0,0,0,0,0,0,0,0,0,0,34304,0,0,0,65536,128,484,1179,659563624,1029852201,1076736,0
1372,1116800,169344,171072,0,5824,9472,572800,102528,85760,65856,1050944,0,1344,567296,0,0,0,0,0,0,0,0,0,0,35136,0,0,0,67264,128,490,1173,417830183,4219537391,1041472,0
1373,1116864,118784,166144,0,4928,9728,484096,99520,233664,207936,908928,0,1408,478912,0,0,0,0,0,0,0,0,0,0,34688,0,0,0,64640,192,494,1188,3054746322,3537177484,899200,0
1374,1118528,152640,165760,0,10304,13888,594176,104128,77632,55808,1062720,0,1408,588864,0,0,0,0,0,0,0,0,0,0,36672,0,0,0,67264,192,494,1191,3619672454,1907680160,1048832,0
1375,1116672,152768,166144,0,3712,13504,496960,103936,179648,158016,958656,0,1408,491584,0,0,0,0,0,0,0,0,0,0,37056,0,0,0,66752,128,492,1188,2793692064,3106008685,945152,0
1376,1677184,183488,168064,0,3712,13760,642048,104640,561472,539584,1137600,0,1408,636672,0,0,0,0,0,0,0,0,0,0,36928,0,0,0,67584,128,499,1185,638358295,3281412057,1123840,0
1377,1117248,127680,170752,0,4800,14272,565888,103232,130624,108224,1009024,0,1344,560512,0,0,0,0,0,0,0,0,0,0,37248,0,0,0,65856,128,503,1175,516337173,2008374209,994752,0
1378,1116096,119104,171520,0,5888,13824,556160,103104,146496,124736,991360,0,1408,550848,0,0,0,0,0,0,0,0,0,0,36864,0,0,0,66112,128,511,1183,2608012782,3865161123,977536,0
1379,1117056,118400,170688,0,6080,35776,538112,104064,143936,121920,995136,0,1408,532672,0,0,0,0,0,0,0,0,0,0,36736,0,0,0,67200,128,506,1180,1762778732,1395122902,959360,0
1380,1116480,138816,171200,0,5824,14208,589888,103616,92928,71104,1045376,0,1408,584640,0,0,0,0,0,0,0,0,0,0,37376,0,0,0,66112,128,519,1195,362651578,2649717871,1031168,0
1381,1116800,124544,171520,0,4992,14400,442944,104384,254016,232832,883968,0,1472,437632,0,0,0,0,0,0,0,0,0,0,36992,0,0,0,67200,192,491,1158,2694877567,3876717048,869568,0
1382,1116736,211136,172096,0,3520,9472,581696,96704,42112,20608,1096128,0,1408,576320,0,0,0,0,0,0,0,0,0,0,31872,0,0,0,64704,128,493,1157,4016469199,1938574026,1086656,0
1383,1675712,153024,166592,0,10368,9344,672960,91648,571776,551296,1124416,0,1408,667520,0,0,0,0,0,0,0,0,0,0,27200,0,0,0,64320,128,509,1175,2194740888,1093012994,1115072,0
1384,1116736,118720,164416,0,4736,9536,680320,74688,64320,44160,1072576,0,1408,674880,0,0,0,0,0,0,0,0,0,0,11904,0,0,0,62656,128,500,1165,1603603282,162906243,1063040,0
1385,1676800,147712,164736,0,5888,9600,702080,75712,571072,551360,1125440,0,1472,696768,0,0,0,0,0,0,0,0,0,0,11968,0,0,0,63616,128,490,1146,3054068449,198489273,1115840,0
1386,1116928,118784,165248,0,4992,9600,686528,75392,56384,34048,1082880,0,1408,681152,0,0,0,0,0,0,0,0,0,0,12032,0,0,0,63232,128,486,1153,437121805,68665206,1073280,0
1387,2236928,598720,167808,0,10624,9536,875712,90304,484224,464256,1772672,0,1408,870272,0,0,0,0,0,0,0,0,0,0,23808,0,0,0,66368,128,539,1263,3449801788,3815445429,1763136,0
1388,1677312,179008,165312,0,6976,10240,902912,100480,312384,292224,1385088,0,1408,897600,0,0,0,0,0,0,0,0,0,0,32512,0,0,0,67776,192,535,1239,2277795034,120789021,1374848,0
1389,1676736,170688,165696,0,6784,9728,801792,97856,424192,398656,1278080,0,1408,796416,0,0,0,0,0,0,0,0,0,0,31232,0,0,0,66496,128,548,1258,2179228609,3477295537,1268352,0
1390,1677120,162880,165888,0,6656,9472,686848,98240,547136,526848,1150272,0,1408,681472,0,0,0,0,0,0,0,0,0,0,31360,0,0,0,66752,128,554,1260,2997745365,3901743125,1140800,0
1391,1116672,154624,166272,0,4928,31936,571136,90048,97728,78080,1038592,0,1408,565824,0,0,0,0,0,0,0,0,0,0,23744,0,0,0,66176,128,539,1246,3573995351,233013780,1006656,0
1392,1676864,187456,165568,0,11584,9536,744512,118080,440128,420160,1256704,0,1408,739072,0,0,0,0,0,0,0,0,0,0,32896,0,0,0,85056,128,546,1261,1323911630,248152635,1247168,0
1393,1117056,133376,165952,0,6656,9920,369920,117696,313536,293568,823488,0,1408,364544,0,0,0,0,0,0,0,0,0,0,33344,0,0,0,84224,128,549,1272,1115408027,361813279,813568,0
1394,1116480,150336,166720,0,4864,9664,514496,117952,152448,132544,983936,0,1408,509312,0,0,0,0,0,0,0,0,0,0,32832,0,0,0,84992,128,562,1291,1216924116,1412797672,974272,0
1395,1117184,131712,167488,0,5568,10112,487360,112320,202624,182336,934848,0,1344,481856,0,0,0,0,0,0,0,0,0,0,27328,0,0,0,84800,192,559,1283,2627954759,915128444,924736,0
1396,1116736,142528,167232,0,5632,9536,491072,121728,179008,159104,957632,0,1408,485760,0,0,0,0,0,0,0,0,0,0,36096,0,0,0,85504,128,559,1286,1738514170,2252940139,948096,0
1397,1116800,142720,167424,0,4224,23616,519936,120768,138112,118272,998528,0,1408,514496,0,0,0,0,0,0,0,0,0,0,34432,0,0,0,86208,128,554,1275,3211190776,3064842808,974912,0
1398,1116928,132608,166784,0,2176,9664,438144,113216,254336,233920,883008,0,1344,432832,0,0,0,0,0,0,0,0,0,0,27776,0,0,0,85312,128,557,1287,194962568,981256923,873344,0
1399,1116800,131584,167232,0,2176,9536,387584,115456,303232,283008,833792,0,1344,382272,0,0,0,0,0,0,0,0,0,0,27264,0,0,0,88064,128,551,1287,747553717,836656018,824256,0
1400,1116928,218240,167104,0,9920,9536,515840,95040,101248,80704,1036224,0,1408,510528,0,0,0,0,0,0,0,0,0,0,28224,0,0,0,66688,128,551,1286,1599430669,495827336,1026688,0
1401,1116416,192704,165952,0,18880,10048,549824,112192,66816,46912,1069504,0,1344,544448,0,0,0,0,0,0,3648,128,4032,64,33344,0,0,0,70784,192,536,1269,3403268995,1824006983,1059456,0
1402,1117120,133760,166336,0,4800,9792,338560,123904,339968,316992,800128,0,1408,333184,0,0,0,0,0,0,3840,128,3904,64,45952,0,0,0,69888,128,531,1258,3860416241,1274268531,790336,0
1403,1116736,168256,167488,0,11136,9920,451200,139392,169344,149312,967424,0,1472,445696,0,0,0,0,0,0,3840,128,3968,64,60416,0,0,0,70848,128,536,1267,66969923,1347641775,957504,0
1404,1116736,150656,166848,0,6016,9920,418944,142080,222272,202496,914240,0,1408,413504,0,0,0,0,0,0,3904,64,4096,64,63424,0,0,0,70400,128,554,1312,1059802686,887324294,904320,0
1405,1676992,156992,167168,0,5888,10240,511040,246784,578880,552768,1124224,0,1408,505856,0,0,0,0,0,0,86336,192,29696,64,58560,0,0,0,71744,192,594,1392,384710763,2798288472,1113984,0
1406,1677120,169856,177280,0,5120,46656,715584,289280,273344,253184,1423936,0,1408,710208,0,0,0,0,0,0,85440,192,30016,0,52544,0,0,0,120896,192,564,1365,1671982307,3877752523,1377280,0
1407,1116480,146560,166592,0,4544,24256,282368,277504,214656,194688,921792,0,1344,276992,0,0,0,0,0,0,85952,192,29888,64,41856,0,0,0,119424,128,554,1351,3339444633,3807010988,897536,0
1408,1116928,136256,165888,0,3712,24448,284224,276672,225728,205568,911360,0,1408,278976,0,0,0,0,0,0,86208,192,29376,64,42112,0,0,0,118528,192,566,1367,3695593543,1397821203,886912,0
1409,1116864,135808,165824,0,3712,24448,302144,277312,207616,187392,929472,0,1408,296576,0,0,0,0,0,0,86336,192,30208,0,41792,0,0,0,118592,192,566,1364,2556447104,4196229404,905024,0
1410,1676992,601408,167488,0,3776,9728,368320,285888,240384,220288,1456704,0,1408,363072,0,0,0,0,0,0,85568,192,29632,64,51200,0,0,0,119104,128,565,1368,3709238933,52306756,1446976,0
1411,1676736,202688,166848,0,18240,24448,669760,293760,300992,280640,1396096,0,1344,664448,0,0,0,0,0,0,86016,192,29440,64,57408,0,0,0,120512,128,574,1361,595017020,2795731656,1371648,0
1412,1677184,182848,166912,0,4992,25280,444992,287424,564736,544768,1132416,0,1344,439488,0,0,0,0,0,0,84864,192,29376,64,53440,0,0,0,119296,192,582,1373,3515224190,758133341,1107136,0
1413,1116736,149504,167744,0,6144,24640,419456,287552,61696,38720,1078016,0,1472,414144,0,0,0,0,0,0,85120,128,29504,64,53952,0,0,0,118656,128,576,1357,139552644,2646674664,1053376,0
1414,1116864,139584,166976,0,5248,9856,452480,282432,60288,40384,1076480,0,1472,447104,0,0,0,0,0,0,86336,128,29440,64,45568,0,0,0,120768,128,569,1361,1609416379,3534408465,1066624,0
1415,1676864,181184,166208,0,3968,9728,595456,248896,471424,451584,1225280,0,1344,590080,0,0,0,0,0,0,86720,128,29504,128,40896,0,0,0,91328,192,573,1357,526558267,19386293,1215552,0
1416,1676992,188992,166656,0,4096,9856,618112,235328,453952,434240,1242752,0,1408,612608,0,0,0,0,0,0,86272,192,29568,64,46848,0,0,0,72256,128,585,1370,410553775,3968054314,1232896,0
1417,1116800,146368,166912,0,4160,9920,489280,236544,63616,43392,1073408,0,1408,483840,0,0,0,0,0,0,86080,192,29376,64,48000,0,0,0,72640,192,560,1333,3019424182,2764722251,1063488,0
1418,1116800,147776,168832,0,4096,10048,457792,219968,108288,88192,1028608,0,1408,452416,0,0,0,0,0,0,86720,192,28928,64,32256,0,0,0,71680,128,555,1329,306082014,584873619,1018560,0
1419,1116736,148096,167680,0,6272,32448,469568,215296,77376,57152,1059584,0,1472,464192,0,0,0,0,0,0,85824,128,29504,64,28416,0,0,0,71232,128,584,1372,2405953936,202398867,1027136,0
1420,1116992,137600,167296,0,6592,10112,469120,216192,110080,90112,1026880,0,1472,463744,0,0,0,0,0,0,86400,128,30144,64,28992,0,0,0,70336,128,576,1358,501269752,870409833,1016768,0
1421,1116608,146816,167872,0,3904,9856,403584,160128,224448,198848,917760,0,1344,398272,0,0,0,0,0,0,30400,128,29120,0,28032,0,0,0,72320,128,546,1264,563455890,964585090,907904,0
1422,1116864,224448,167104,0,3968,10048,514112,168896,28288,8576,1108288,0,1408,508736,0,0,0,0,0,0,30656,128,28736,128,37056,0,0,0,72064,128,538,1255,1754446791,1611437906,1098240,0
1423,1116864,136896,166656,0,3968,9920,367872,167616,263936,243968,872896,0,1408,362560,0,0,0,0,0,0,30528,128,28800,0,35520,0,0,0,72512,128,542,1243,924689147,3207831887,862976,0
1424,1116672,136192,170816,0,6528,9728,403520,158656,231232,211520,905152,0,1408,398272,0,0,0,0,0,0,30464,128,28544,128,28544,0,0,0,70656,192,540,1240,1403127494,1475006806,895424,0
1425,1117120,147136,171456,0,6528,10176,376768,154816,250240,230272,886848,0,1408,371328,0,0,0,0,0,0,30336,192,29888,128,23040,0,0,0,71104,128,551,1272,827501667,993921371,876672,0
1426,1677056,181376,212544,0,11712,27712,792448,161280,289984,259584,1417472,0,2752,784192,0,0,0,0,0,0,3904,64,31808,0,50368,0,0,0,75008,128,559,1297,744615218,684358734,1389760,0
1427,1116608,147456,171712,0,22784,24960,449280,152448,147968,128064,988544,0,1408,443840,0,0,0,0,0,0,3904,128,31424,64,44096,0,0,0,72704,128,562,1320,2568845231,4019141015,963584,0
1428,1116736,155968,171776,0,5504,24640,452928,152000,153920,133824,982912,0,1408,447360,0,0,0,0,0,0,3968,128,31936,0,43648,0,0,0,72192,128,544,1281,2289303315,1674416290,958272,0
1429,1677120,138496,174400,0,13312,25216,512064,639680,173952,148544,1528576,0,1408,506624,0,0,0,0,0,0,3904,483840,32000,0,45568,42368,0,0,74176,192,545,1290,769710311,672062137,1503360,0
1430,1117056,168128,171456,0,6528,10688,499008,212288,48960,28800,1088256,0,1280,493632,0,0,0,0,0,0,3776,60096,32064,64,42176,0,0,0,73920,192,550,1302,467150778,282107763,1077568,0
1431,1116672,136320,170880,0,6528,10368,499456,216384,76736,56704,1059968,0,1408,494272,0,0,0,0,0,0,3776,60096,31936,128,45696,0,0,0,74624,128,544,1308,2482919482,1571968620,1049600,0
1432,1116864,136448,170752,0,5504,10496,446784,210368,136512,116480,1000384,0,1344,441408,0,0,0,0,0,0,4032,60800,31744,64,38784,0,0,0,74816,128,548,1317,1552256649,2420604752,989888,0
1433,1116800,146496,170816,0,4224,31936,429056,210496,123776,103360,1013440,0,1408,423616,0,0,0,0,0,0,3840,60096,31808,128,41216,0,0,0,73280,128,553,1318,3553334060,2450200230,981504,0
1434,1676800,151168,171776,0,11456,10368,604032,218688,509312,488960,1187840,0,1472,598592,0,0,0,0,0,0,3904,59968,32128,128,48704,0,0,0,73664,192,579,1362,2674449645,2569391571,1177472,0
1435,1116736,154560,170560,0,4288,10432,543104,173056,60736,40896,1075840,0,1344,537728,0,0,0,0,0,0,3648,59904,256,64,36352,0,0,0,72704,128,555,1325,3525587412,2649595224,1065408,0
1436,1116992,135552,170368,0,4288,10368,413504,169536,213376,193280,923712,0,1472,408128,0,0,0,0,0,0,3776,59904,256,128,33792,0,0,0,71552,128,554,1319,347383544,1015937066,913344,0
1437,1117312,135616,172160,0,4352,10560,425088,173696,195840,175488,941824,0,1408,419712,0,0,0,0,0,0,3776,60480,256,64,37248,0,0,0,71680,192,538,1289,3506819891,3086305578,931264,0
1438,1116160,135744,170880,0,4416,10624,417088,173120,204288,178880,937280,0,1408,411648,0,0,0,0,0,0,3648,60032,192,64,36992,0,0,0,72064,128,516,1272,944891531,2992468932,926656,0
1439,1116928,151744,170112,0,4352,10176,540736,186368,53440,33408,1083520,0,1344,535232,0,0,0,0,0,0,3840,60608,256,64,45760,0,0,0,75712,128,510,1270,1654263250,3814702259,1073344,0
1440,1116800,134656,170304,0,4352,10368,410240,184768,202112,182144,934656,0,1344,404672,0,0,0,0,0,0,3648,60096,192,64,47360,0,0,0,73280,128,502,1270,717472994,3391606551,924288,0
1441,1676992,133760,170688,0,15040,11072,585856,182528,578048,557824,1119168,0,1408,580544,0,0,0,0,0,0,3840,59968,256,64,46016,0,0,0,72256,128,511,1246,751618840,3078644405,1108096,0
1442,1116480,136448,171648,0,6976,10816,494976,172096,123520,103488,1012992,0,1408,489664,0,0,0,0,0,0,3712,60032,256,0,34944,0,0,0,73024,128,504,1232,3390609275,2522868109,1002176,0
1443,1677248,208832,172160,0,15360,24960,620608,181184,454144,434176,1243072,0,1408,614976,0,0,0,0,0,0,128,60032,192,64,48512,0,0,0,72128,128,504,1234,196721385,106988228,1218112,0
1444,1116800,142528,171136,0,4160,9984,337216,182272,269504,249472,867328,0,1408,331712,0,0,0,0,0,0,192,59840,192,0,51456,0,0,0,70464,128,496,1221,3101162238,453869523,857344,0
1445,1116928,149952,172992,0,6464,24256,406080,186688,170496,150592,966336,0,1408,400640,0,0,0,0,0,0,128,64832,192,64,50112,0,0,0,71232,128,490,1211,2939404244,3331796256,942080,0
1446,1116864,151552,171712,0,8064,10112,471616,180480,123328,103168,1013696,0,1408,466368,0,0,0,0,0,0,128,60288,128,0,48768,0,0,0,71040,128,501,1249,2975336840,436357944,1003584,0
1447,1116864,154688,171520,0,6400,32320,402304,180672,168960,148736,968128,0,1472,396800,0,0,0,0,0,0,128,60096,192,64,48512,0,0,0,71552,128,503,1267,845879917,3903594207,935808,0
1448,1116480,134592,171136,0,5312,9920,520448,179712,95360,75200,1041280,0,1408,515008,0,0,0,0,0,0,64,59904,192,64,47808,0,0,0,71552,128,512,1276,3352414141,3577964240,1031360,0
1449,1116928,134848,171648,0,3904,9984,413760,175936,206848,186752,930176,0,1472,408320,0,0,0,0,0,0,64,60224,192,0,44416,0,0,0,70912,128,513,1255,377269130,1529128842,920192,0
1450,1116736,135232,172416,0,3968,9792,426176,174784,194368,174400,942336,0,1408,420736,0,0,0,0,0,0,128,60096,192,0,43328,0,0,0,70912,128,512,1249,1344101883,3842928516,932544,0
1451,1116672,135680,171520,0,12800,9920,439104,179456,168192,148416,968256,0,1344,433600,0,0,0,0,0,0,64,60032,192,64,46976,0,0,0,71936,192,491,1207,375348265,2035492701,958336,0
1452,1117120,115264,167552,0,6528,10624,378176,174208,264768,244672,872448,0,1408,372864,0,0,0,0,0,0,128,60160,256,64,39104,0,0,0,74368,128,464,1120,2985229239,1364744589,861824,0
1453,1116672,114496,169344,0,13120,10368,401024,181120,227200,207104,909568,0,1408,395712,0,0,0,0,0,0,192,59840,256,0,45696,0,0,0,75008,128,470,1132,1457115934,2574266242,899200,0
1454,1116480,115584,167232,0,5504,9984,346176,170816,301184,275648,840832,0,1408,340672,0,0,0,0,0,0,192,59648,192,0,36224,0,0,0,74368,192,469,1135,2535576669,2897656071,830848,0
1455,1116928,115712,166976,0,5632,10112,334784,173760,309952,290240,826688,0,1408,329408,0,0,0,0,0,0,192,60224,320,64,38656,0,0,0,74176,128,474,1146,4093155623,2955764269,816576,0
1456,1116864,165120,165888,0,7808,10048,394240,174528,199232,178944,937920,0,1408,388928,0,0,0,0,0,0,192,60352,320,0,38848,0,0,0,74688,128,481,1156,3549526875,1367854737,927872,0
1457,1116544,115072,166208,0,13248,24768,363520,186176,247552,227584,888960,0,1408,358208,0,0,0,0,0,0,256,60096,320,64,49280,0,0,0,75968,192,478,1159,363453896,2947379745,864192,0
1458,1116992,128704,168640,0,5696,9920,346880,187456,269696,249856,867136,0,1408,341632,0,0,0,0,0,0,192,60160,320,64,51776,0,0,0,74816,128,480,1166,1574546803,2256037326,857216,0
1459,1116800,161664,168896,0,6720,9984,363968,184832,220736,200640,916160,0,1408,358592,0,0,0,0,0,0,256,60160,320,64,48960,0,0,0,74944,128,473,1149,3108461371,1542800063,906176,0
1460,1116608,132096,169152,0,8256,10112,426880,180928,189184,169344,947264,0,1472,421440,0,0,0,0,0,0,256,60032,320,64,46080,0,0,0,74048,128,478,1149,3801375914,579419944,937152,0
1461,1117248,114816,169984,0,8192,9984,368768,172928,272576,252416,864832,0,1408,363456,0,0,0,0,0,0,192,60288,320,64,37568,0,0,0,74304,192,473,1134,1232109487,3666145189,854848,0
1462,1678400,162048,171584,0,5504,34112,575872,201920,527360,505856,1172544,0,1344,570624,0,0,0,0,0,0,256,56704,320,64,46912,0,0,0,97536,128,480,1162,1380295757,2401496157,1138432,0
1463,1116608,144320,170112,0,13376,12160,519552,198208,58880,36736,1079872,0,1408,514048,0,0,0,0,0,0,320,56448,320,64,62976,0,0,0,77952,128,478,1169,3180674103,1177225128,1067712,0
1464,1116608,134784,174592,0,8256,12480,379904,198912,207680,186112,930496,0,1408,374720,0,0,0,0,0,0,256,55872,256,64,64832,0,0,0,77504,128,474,1165,3553451604,158732869,918016,0
1465,1117184,120640,171200,0,8832,12352,345664,196160,262336,240384,876800,0,1344,340096,0,0,0,0,0,0,192,56320,256,64,62016,0,0,0,77184,128,476,1168,3349725148,429669672,864448,0
1466,1116672,149248,172160,0,7744,12800,522368,209344,43008,21440,1095232,0,1408,516992,0,0,0,0,0,0,320,56896,320,128,54272,0,0,0,97216,192,470,1152,1896451281,3613579213,1082432,0
1467,1116928,121344,176128,0,7616,12416,389248,206848,203328,181120,935808,0,2880,381888,0,0,0,0,0,0,256,56640,256,64,52800,0,0,0,96704,128,464,1142,3464800003,3725787239,923392,0
1468,1116736,139328,172608,0,7744,12416,486144,216000,82496,60544,1056192,0,1408,480704,0,0,0,0,0,0,192,56640,320,128,61440,0,0,0,97152,128,473,1164,1487610928,433607936,1043776,0
1469,1116672,120128,172160,0,8576,12608,461312,211264,130624,109312,1007360,0,1408,455936,0,0,0,0,0,0,320,56832,320,128,56384,0,0,0,97152,128,470,1159,2630239521,557998039,994752,0
1470,1677184,147776,172416,0,8384,12096,600512,225920,510080,482624,1194560,0,1408,595136,0,0,0,0,0,0,256,57408,256,64,55232,0,0,0,112576,128,478,1166,1176118388,1837172430,1182464,0
1471,1676928,135296,171328,0,5824,12416,779520,204032,368512,346432,1330496,0,1408,774272,0,0,0,0,0,0,320,56960,256,0,50944,0,0,0,95360,192,406,1028,1751803279,3286837846,1318080,0
1472,1676992,192000,171328,0,8064,12416,627520,202240,463424,441408,1235584,0,1408,622208,0,0,0,0,0,0,192,56960,256,64,49728,0,0,0,94912,128,410,1024,386381154,1384582326,1223168,0
1473,1116672,100992,171392,0,8704,12416,594944,202496,25728,4096,1112576,0,1472,589504,0,0,0,0,0,0,256,56064,256,64,51008,0,0,0,94720,128,408,1023,2249093200,200477150,1100160,0
1474,1676928,102016,171904,0,8384,12544,614464,211904,555712,534016,1142912,0,1408,609088,0,0,0,0,0,0,256,57472,320,0,58432,0,0,0,95296,128,412,1036,983734825,1753674585,1130368,0
1475,1677056,100672,171584,0,9344,35200,697984,213696,448576,426624,1250432,0,1472,692608,0,0,0,0,0,0,192,57472,256,64,57472,0,0,0,98112,128,405,1010,2557604764,84546398,1215232,0
1476,1676800,101824,171904,0,13504,12672,689216,214208,473472,452032,1224768,0,1408,683840,0,0,0,0,0,0,256,56640,192,0,61248,0,0,0,95744,128,400,1001,115394762,4060212022,1212096,0
1477,1676992,101184,171840,0,8064,10432,614784,198976,571712,549888,1127104,0,1408,609408,0,0,0,0,0,0,256,56768,320,64,49472,0,0,0,91968,128,400,998,1306221580,2172834788,1116672,0
1478,1675392,101824,171776,0,5376,9984,620352,199168,566912,546880,1128512,0,1472,614976,0,0,0,0,0,0,192,56896,256,0,49408,0,0,0,92288,128,403,1003,1158959095,2132739377,1118528,0
1479,1677120,101568,170112,0,8256,10624,617344,193664,575552,555584,1121536,0,1408,611968,0,0,0,0,0,0,128,56960,256,128,44480,0,0,0,91584,128,411,1020,1153412853,3325216549,1110912,0
1480,1677120,101888,171584,0,6848,9920,616576,203264,567040,546944,1130176,0,1344,611200,0,0,0,0,0,0,256,57472,320,128,51712,0,0,0,93248,128,408,1016,2429325040,2706306750,1120256,0
1481,1676864,132800,171584,0,5376,10112,766080,216128,374784,354496,1322368,0,1344,760704,0,0,0,0,0,0,256,56960,256,64,49472,0,0,0,108992,128,411,1024,4001373211,788673638,1312256,0
1482,1676928,126144,172480,0,13376,10112,627456,198976,528384,508096,1168832,0,1344,622208,0,0,0,0,0,0,256,56512,256,64,49664,0,0,0,92096,128,401,1005,2170212924,332798424,1158720,0
1483,1676736,132480,176064,0,8960,10496,659904,190528,498304,478208,1198528,0,1472,654528,0,0,0,0,0,0,128,56896,256,0,40768,0,0,0,92288,192,400,989,766052071,3442593288,1188032,0
1484,1677120,100672,172288,0,10304,10112,654656,183552,545536,525120,1152000,0,1408,649344,0,0,0,0,0,0,192,57088,320,128,33792,0,0,0,91904,128,407,1004,3365152743,299614086,1141888,0
1485,1678272,112512,171712,0,7552,12352,632576,180480,561088,539328,1138944,0,1408,627264,0,0,0,0,0,0,192,56832,320,64,27968,0,0,0,94976,128,406,1003,78362966,938301917,1126592,0
1486,1677056,176128,175168,0,5376,34816,668160,174016,443392,415936,1261120,0,1408,662784,0,0,0,0,0,0,320,56512,256,0,40320,0,0,0,76480,128,398,1000,235529922,3773458694,1226304,0
1487,1676928,145024,173120,0,5248,26944,612864,173504,540224,518720,1158208,0,1344,607360,0,0,0,0,0,0,256,56896,320,64,38528,0,0,0,77312,128,419,1040,727379044,2978309375,1131264,0
1488,1677312,539008,170688,0,6400,12608,605184,165248,178176,156032,1521280,0,1408,599936,0,0,0,0,0,0,256,56320,320,128,31744,0,0,0,76352,128,462,1133,3256334541,974391037,1508672,0
1489,1676864,133824,172480,0,18560,12544,653696,172032,513728,491584,1185280,0,1472,648192,0,0,0,0,0,0,256,56128,320,64,39296,0,0,0,75840,128,478,1156,3451472165,4166416225,1172736,0
1490,1676672,114368,172544,0,5376,12672,619072,183232,569408,547840,1128832,0,1408,613760,0,0,0,0,0,0,320,56768,320,64,49216,0,0,0,76352,192,481,1158,3096456809,3211995039,1116160,0
1491,1116800,114944,171840,0,5376,12288,541760,194816,75776,54272,1062528,0,1408,536256,0,0,0,0,0,0,192,56704,256,64,60224,0,0,0,77248,128,482,1160,1741862594,2515971314,1050240,0
1492,1117056,113472,172736,0,5376,12416,463680,193856,155520,133312,983744,0,1280,458240,0,0,0,0,0,0,320,56768,320,128,59840,0,0,0,76352,128,483,1171,2996578857,877034614,971328,0
1493,1676992,140672,171520,0,6592,12288,613248,214464,518208,496128,1180864,0,1408,608000,0,0,0,0,0,0,192,56448,320,128,60480,0,0,0,96768,128,475,1157,2065113874,2380786533,1168576,0
1494,1116864,113792,172352,0,5440,12544,395968,207680,209088,187392,929472,0,1344,390528,0,0,0,0,0,0,192,57472,320,64,53184,0,0,0,96320,128,480,1152,3428793254,382738521,916928,0
1495,1676864,152000,173440,0,23040,12864,720640,218624,376256,354240,1322624,0,1408,715200,0,0,0,0,0,0,320,57152,4672,64,58944,0,0,0,97344,128,479,1148,3418518029,1301755942,1309760,0
1496,1116736,114240,173376,0,7808,12352,518784,236224,53952,32320,1084416,0,1408,513344,0,0,0,0,0,0,256,56960,4672,128,74816,0,0,0,99264,128,487,1181,1180212873,2297660793,1072064,0
1497,1677568,113536,176384,0,6848,12352,570688,246976,550784,528384,1149184,0,1408,565440,0,0,0,0,0,0,320,56960,4672,64,86208,0,0,0,98624,128,474,1157,3445902270,2921726822,1136832,0
1498,1676608,113856,171328,0,5504,34432,571392,243392,536704,514496,1162112,0,1408,566016,0,0,0,0,0,0,256,56704,4544,64,82752,0,0,0,98944,128,481,1172,3894240252,2233239426,1127680,0
1499,1677056,113600,172608,0,7936,12224,571264,279488,519936,498176,1178880,0,1408,565760,0,0,0,0,0,0,192,66624,31168,64,77632,0,0,0,103616,192,477,1170,3497281654,3299134184,1166656,0
1500,1676992,114560,171392,0,8192,10112,585920,256320,530496,508352,1168640,0,1472,580416,0,0,0,0,0,0,320,56448,31488,64,71232,0,0,0,96640,128,482,1173,302301145,536403908,1158528,0
1501,1675520,132608,171776,0,5504,9920,674432,260928,420352,400256,1275264,0,1408,669056,0,0,0,0,0,0,384,57024,31552,128,74496,0,0,0,97152,192,468,1133,1417008828,2852159434,1265344,0
1502,1677376,153984,171904,0,5504,9792,606528,237184,492480,466688,1210688,0,1472,601088,0,0,0,0,0,0,192,56832,31040,64,70720,0,0,0,78144,192,469,1157,2246943741,3591142017,1200896,0
1503,1116800,137984,171584,0,6464,9984,477888,239104,73792,53568,1063232,0,1344,472640,0,0,0,0,0,0,384,56832,31168,192,71936,0,0,0,78400,192,461,1131,232194257,3843480901,1053248,0
1504,1676864,148672,171584,0,5504,9856,760064,245824,335360,315392,1361472,0,1344,754624,0,0,0,0,0,0,320,57664,31360,64,78720,0,0,0,77568,128,478,1171,1248545861,1576674020,1351616,0
1505,1116608,114816,172480,0,5568,9856,449216,237120,127552,107584,1009024,0,1472,443840,0,0,0,0,0,0,320,56704,31040,128,72384,0,0,0,76416,128,464,1140,1772491271,914290659,999168,0
1506,1116864,114624,172800,0,6592,10368,451264,240192,121024,100864,1016000,0,1408,445888,0,0,0,0,0,0,256,56704,31232,192,74816,0,0,0,76864,128,471,1144,1006576995,2266718523,1005632,0
1507,1678528,203520,172160,0,6656,12736,528512,253312,501632,479616,1198912,0,1344,523136,0,0,0,0,0,0,320,57216,31488,64,83776,0,0,0,80320,128,459,1118,1261480529,4214062663,1186176,0
1508,1116864,114688,170560,0,13440,12480,463424,257152,85120,63296,1053568,0,1408,458112,0,0,0,0,0,0,384,56384,31104,64,86912,0,0,0,82112,192,468,1129,735085376,3207049460,1041088,0
1509,1116928,114752,171840,0,6528,12416,450496,254528,106368,84224,1032704,0,1408,444992,0,0,0,0,0,0,192,56384,31424,64,88704,0,0,0,77632,128,459,1108,167377216,3410476381,1020288,0
1510,1116544,115200,172032,0,7744,34688,449024,231488,106368,84480,1032064,0,1472,443712,0,0,0,0,0,0,192,56128,30848,128,67840,0,0,0,76224,128,453,1096,4251360021,2749853487,997376,0
1511,1117056,114496,171968,0,7680,12736,470272,234880,105024,83200,1033856,0,1408,464960,0,0,0,0,0,0,192,56768,31360,64,69120,0,0,0,77248,128,477,1131,3412609966,827249782,1021120,0
1512,1116416,114496,173056,0,6912,12608,502208,230720,76416,54592,1061824,0,1472,496640,0,0,0,0,0,0,256,56192,31168,0,65216,0,0,0,77760,128,459,1097,618450037,1300725748,1049216,0
1513,1677120,114304,170304,0,5632,12480,581248,233280,559872,538240,1138880,0,1408,575808,0,0,0,0,0,0,192,56768,31104,128,67584,0,0,0,77376,128,462,1089,2329331979,2268782048,1126400,0
1514,1677312,131072,171456,0,3776,12544,637248,240192,481024,459136,1218176,0,1408,631744,0,0,0,0,0,0,192,56640,31104,64,73536,0,0,0,78528,128,436,1041,3132394864,428628942,1205632,0
1515,1116544,115072,172608,0,6144,12928,388544,241024,180224,158400,958144,0,1408,382976,0,0,0,0,0,0,256,56512,32128,64,74688,0,0,0,77184,192,433,1050,2204625800,2958738539,945216,0
1516,1116608,114368,171136,0,7808,12864,383744,227264,199424,177472,939136,0,1408,378496,0,0,0,0,0,0,192,57408,31872,0,60544,0,0,0,77120,128,430,1034,3222798677,1528728642,926272,0
1517,1116736,114688,172928,0,8064,26624,410688,227840,155904,133760,982976,0,1344,405440,0,0,0,0,0,0,128,56704,32256,64,60800,0,0,0,77760,128,441,1052,4104802717,1151335315,956352,0
1518,1116864,113600,171520,0,4800,12352,535680,228928,49984,22592,1094272,0,1408,530368,0,0,0,0,0,0,192,56960,32320,64,62784,0,0,0,76416,192,446,1057,667094864,17756147,1081920,0
1519,1676800,202112,171264,0,3584,12096,512320,235072,540352,518720,1158080,0,1408,506880,0,0,0,0,0,0,320,56320,32640,0,64320,0,0,0,81280,192,446,1054,3390534686,807639260,1145984,0
1520,1116928,113472,171840,0,3456,12160,411840,228800,175360,153472,963456,0,1344,406400,0,0,0,0,0,0,128,56320,32384,0,62656,0,0,0,77184,128,437,1034,2812398582,2206278481,951296,0
1521,1116864,124608,171712,0,5632,12480,395648,236672,170112,148032,968832,0,1408,390208,0,0,0,0,0,0,128,56640,32448,128,68736,0,0,0,78464,128,452,1057,421755938,1146157807,956352,0
1522,1676864,146624,172096,0,14208,10304,567360,277824,488448,466816,1210048,0,1536,561920,0,0,0,0,0,0,44800,56576,32192,0,65792,0,0,0,78336,128,455,1050,623288525,3447372651,1199744,0
1523,1115392,117056,171456,0,3520,32832,482432,271744,36352,15936,1099456,0,1408,476992,0,0,0,0,0,0,44864,56256,32448,128,60096,0,0,0,77824,128,440,1023,2803755193,3441510249,1066624,0
1524,1676864,138880,180288,0,31360,12928,784896,446592,81920,48064,1628800,0,1472,779392,0,0,0,0,0,0,42112,208768,32256,192,81920,22144,0,0,81216,128,433,1025,885319367,1072601044,1615872,0
1525,1677248,147328,172288,0,12864,10432,540288,290816,503232,482880,1194368,0,1408,534976,0,0,0,0,0,0,42176,47104,31488,256,89472,0,0,0,80192,128,438,1040,1568909541,3046586750,1183936,0
1526,1676864,117376,172416,0,3840,10368,569792,286976,516096,495616,1181248,0,1344,564480,0,0,0,0,0,0,42880,47488,32384,192,83776,0,0,0,80128,128,440,1053,1285883311,2478535101,1170880,0
1527,1676864,138752,172160,0,3968,10304,576576,283712,491392,471360,1205504,0,1408,571136,0,0,0,0,0,0,42496,47552,32320,128,82048,0,0,0,78976,192,442,1061,703341549,1200708196,1195200,0
1528,1676992,139136,170112,0,4032,10368,577344,255744,520256,500032,1176960,0,1472,571968,0,0,0,0,0,0,42816,47168,4352,0,81408,0,0,0,79872,128,436,1046,684585009,3692337681,1166592,0
1529,1677056,116736,170752,0,3904,10304,563584,255168,556608,536320,1140736,0,1408,558208,0,0,0,0,0,0,42624,47552,4288,128,80960,0,0,0,79488,128,438,1047,2721789149,3590361251,1130432,0
1530,1676992,167360,172096,0,3968,10176,601920,244288,477184,453760,1223232,0,1408,596672,0,0,0,0,0,0,42688,46976,384,64,75712,0,0,0,78336,128,447,1066,1880675066,1569186399,1213056,0
1531,1117056,139840,175424,0,3968,10368,503872,245312,38272,17856,1099200,0,1408,498624,0,0,0,0,0,0,42496,47232,448,128,76992,0,0,0,77888,128,449,1085,3167479076,2263557801,1088832,0
1532,1116672,118976,172288,0,3904,10368,520064,245632,45440,25408,1091264,0,1344,514816,0,0,0,0,0,0,42624,47424,384,128,77312,0,0,0,77632,128,452,1101,2359404294,3427968716,1080896,0
1533,1116544,139584,171776,0,3968,10432,508096,219712,62976,43136,1073408,0,1408,502720,0,0,0,0,0,0,42304,46912,384,128,53568,0,0,0,76288,128,444,1075,3329498652,2619076954,1062976,0
1534,1117312,140160,172096,0,3904,10112,498944,218880,73216,52864,1064448,0,1408,493440,0,0,0,0,0,0,42368,47168,384,64,52544,0,0,0,76224,128,450,1085,539108508,2784590704,1054336,0
1535,1116672,118400,172800,0,3904,32512,501440,233856,53760,28096,1088576,0,1344,496064,0,0,0,0,0,0,47040,56896,320,0,52928,0,0,0,76544,128,439,1063,3853047798,2065448681,1056064,0
1536,1116672,145280,171456,0,4864,10496,543232,213184,28160,7936,1108736,0,1408,537984,0,0,0,0,0,0,42304,47232,448,128,46272,0,0,0,76608,192,441,1084,1676321542,1384509158,1098240,0
1537,1116800,126912,171392,0,6144,10624,475008,222016,104704,84416,1032384,0,1472,469568,0,0,0,0,0,0,41856,47424,512,128,54208,0,0,0,77760,128,442,1086,4111021865,1246490783,1021760,0
1538,1116864,114624,171328,0,6144,10432,466560,218496,129280,109056,1007808,0,1472,461248,0,0,0,0,0,0,42368,47168,448,128,51904,0,0,0,76288,192,446,1088,2987238786,457433773,997376,0
1539,1116608,126592,171200,0,5376,10624,468992,211712,122112,102080,1014528,0,1408,463552,0,0,0,0,0,0,42048,47104,448,64,45056,0,0,0,76864,128,447,1087,3476852096,1901625324,1003904,0
1540,1116928,126400,171712,0,3904,10240,476608,212160,115904,96000,1020928,0,1408,471232,0,0,0,0,0,0,42176,47104,384,128,45184,0,0,0,77056,128,448,1100,749065981,2963982376,1010688,0
1541,1116608,114880,171776,0,6656,10560,535168,212928,64640,44800,1071808,0,1408,529728,0,0,0,0,0,0,42048,47104,320,128,45952,0,0,0,77248,128,447,1105,68604740,1205943422,1061248,0
1542,1117248,125440,175104,0,6080,10432,466560,213184,120448,100288,1016960,0,1344,461184,0,0,0,0,0,0,42688,47232,448,128,46144,0,0,0,76416,128,446,1090,1376837887,1052966410,1006528,0
1543,1116736,126720,170240,0,5120,10368,559488,220288,24512,4352,1112384,0,1536,553792,0,0,0,0,0,0,42368,47040,448,64,53312,0,0,0,76928,128,447,1096,698488952,3441699414,1102016,0
1544,1677184,132992,171392,0,3712,10688,564480,217984,575936,555712,1121472,0,1408,559168,0,0,0,0,0,0,41920,47232,384,0,51968,0,0,0,76352,128,451,1103,58097842,2095101254,1110784,0
1545,1116736,139456,171456,0,3712,10176,473344,220800,97792,77888,1038848,0,1472,467904,0,0,0,0,0,0,42112,47168,384,128,54976,0,0,0,75904,128,444,1092,2179038600,3892794852,1028672,0
1546,1677376,193792,172352,0,10816,10240,712512,218944,358720,338048,1339328,0,1408,707264,0,0,0,0,0,0,42240,48000,384,64,53312,0,0,0,74816,128,497,1201,1984681669,627170129,1329088,0
1547,1116608,134528,171840,0,12160,25664,529664,210816,31936,11840,1104768,0,1344,524288,0,0,0,0,0,0,42112,46784,320,64,45504,0,0,0,75904,128,529,1251,436397434,3101380546,1079104,0
1548,1116864,145792,171136,0,6208,10688,508096,207616,67328,47296,1069568,0,1344,502528,0,0,0,0,0,0,42624,47232,384,192,43072,0,0,0,73984,128,556,1295,3641652272,4238797395,1058880,0
1549,1676992,145792,171264,0,6848,32704,566272,218880,535232,515264,1161728,0,1344,560896,0,0,0,0,0,0,42240,47232,384,128,53824,0,0,0,74880,192,571,1314,1146035069,752581695,1129024,0
1550,1677056,209344,172544,0,5760,25472,822016,267776,174144,153984,1523072,0,1408,816704,0,0,0,0,0,0,43008,47296,384,64,62016,0,0,0,114880,128,591,1377,1853253169,740719971,1497600,0
1551,1678528,152832,171776,0,6528,21440,467904,272320,585728,558016,1120512,0,1408,462528,0,0,0,0,0,0,41984,46528,448,192,61760,0,0,0,121152,256,586,1373,241818973,3159452970,1099072,0
1552,1116672,153856,172288,0,4736,35648,428288,268736,53120,31552,1085120,0,1408,422784,0,0,0,0,0,0,42240,46848,512,128,57600,0,0,0,121280,128,588,1384,2165389241,3186039670,1049472,0
1553,1117056,143488,169728,0,3392,21568,443840,265600,69440,47424,1069632,0,1344,438464,0,0,0,0,0,0,41984,46656,448,64,56064,0,0,0,120256,128,589,1388,1235694661,918645735,1048064,0
1554,1679296,175040,170048,0,3456,21248,518912,268864,521728,498432,1180864,0,1344,513280,0,0,0,0,0,0,42112,46464,384,64,55168,0,0,0,124544,128,597,1412,548705776,1577360054,1159616,0
1555,1674816,155904,171520,0,4416,23488,553088,270400,496000,473984,1200832,0,1408,547712,0,0,0,0,0,0,42624,44480,384,0,59392,0,0,0,123392,128,585,1401,983803174,575987177,1177344,0
1556,1677056,135040,172416,0,5888,23936,529408,230528,579840,557632,1119424,0,1408,524160,0,0,0,0,0,0,42048,45376,384,64,57152,0,0,0,85312,192,584,1377,4044329441,1034338467,1095488,0
1557,1117120,146880,172736,0,4800,23872,511744,224832,32256,9984,1107136,0,1344,506304,0,0,0,0,0,0,41984,44736,448,64,53248,0,0,0,84160,192,578,1366,2655084024,1058633110,1083264,0
1558,1676864,163904,171904,0,11136,24064,601088,236800,467968,446080,1230784,0,1472,595520,0,0,0,0,0,0,42560,45056,448,128,64512,0,0,0,83904,192,602,1416,2661813086,2390754263,1206720,0
1559,1116928,134656,171264,0,3584,23488,490368,225536,68032,46016,1070912,0,1408,485120,0,0,0,0,0,0,42432,44672,448,192,54656,0,0,0,83008,128,597,1407,3172499425,614699016,1047424,0
1560,1116864,145536,172544,0,3584,22912,462336,227072,82880,60992,1055872,0,1408,456896,0,0,0,0,0,0,42560,44992,384,64,55616,0,0,0,83328,128,590,1388,942570896,268462200,1032960,0
1561,1676608,146048,172544,0,3584,46208,508800,237120,562304,540416,1136192,0,1408,503488,0,0,0,0,0,0,42688,44864,384,64,65216,0,0,0,83712,192,601,1425,1513219122,1976395135,1089984,0
1562,1677184,152256,172288,0,3584,23488,600768,236480,488320,466560,1210624,0,1408,595392,0,0,0,0,0,0,42368,45056,320,128,64640,0,0,0,83840,128,597,1419,1985488291,1922273847,1187136,0
1563,1676992,153024,170624,0,3584,23552,602176,226816,497216,475456,1201536,0,1408,596864,0,0,0,0,0,0,42240,44864,384,192,54976,0,0,0,84032,128,595,1424,2667772017,1933938309,1177984,0
1564,1116928,134272,171200,0,5824,12992,498176,221248,73216,51456,1065472,0,1344,492864,0,0,0,0,0,0,41984,45248,448,192,55936,0,0,0,77312,128,591,1406,166385007,2014449292,1052480,4
1565,1116864,135744,172544,0,4864,12544,502784,220736,67648,45760,1071104,0,1408,497600,0,0,0,0,0,0,42688,44736,384,128,55936,0,0,0,76736,128,600,1420,3155880895,3808398410,1058560,0
1566,1676864,152512,172864,0,3392,12736,606976,231872,496512,474624,1202240,0,1344,601536,0,0,0,0,0,0,42496,45120,448,128,65280,0,0,0,78208,192,594,1421,1848017559,3138294876,1189504,0
1567,1676992,152576,171776,0,3456,12544,568128,235712,532800,505408,1171584,0,1408,562816,0,0,0,0,0,0,42432,44992,384,128,69696,0,0,0,77888,192,595,1419,3938226406,3423690506,1159040,0
1568,1116736,134272,174080,0,5696,12928,492032,235136,62592,40704,1076032,0,1408,486784,0,0,0,0,0,0,42368,45440,384,0,68544,0,0,0,78272,128,593,1407,1775685254,3114682650,1063104,0
1569,1116864,135232,171328,0,5632,12416,504512,225792,61952,40192,1076672,0,1408,498944,0,0,0,0,0,0,42304,45376,256,0,61568,0,0,0,76160,128,599,1409,2975279700,1965272391,1064256,0
1570,1677056,151744,171776,0,4096,32512,549312,224832,542784,520576,1156480,0,1408,544000,0,0,0,0,0,0,42496,45056,320,0,63296,0,0,0,73472,192,601,1413,1726458857,1604473007,1123968,0
1571,1675456,153152,171840,0,2240,10560,525568,239168,572928,552768,1122688,0,1408,520256,0,0,0,0,0,0,42432,45312,320,128,77056,0,0,0,73792,128,596,1419,2252305469,74936910,1112128,0
1572,1116672,135488,172032,0,3136,10304,447040,234112,114560,94720,1021952,0,1408,441792,0,0,0,0,0,0,42368,44736,256,64,72448,0,0,0,74112,128,590,1400,3802658867,107705105,1011648,0
1573,1116864,133312,170624,0,2176,10176,486912,230528,83136,63360,1053504,0,1344,481536,0,0,0,0,0,0,42112,44480,320,128,68352,0,0,0,74944,192,581,1371,2276467357,1552784279,1043328,0
1574,2237312,261312,170688,0,2944,10176,981568,366528,444096,423744,1813568,0,1408,976192,0,0,0,0,0,0,83136,44864,43008,256,78784,0,0,0,116352,128,613,1486,701591811,913526931,1803392,0
1575,1676480,152576,172032,0,3584,10304,602496,330560,404928,385152,1291328,0,1408,596992,0,0,0,0,0,0,42816,44736,42752,64,87104,0,0,0,112896,192,616,1479,1923575735,2374203238,1281024,0
1576,1677248,134976,172416,0,4544,10624,527104,324032,503552,483712,1193536,0,1472,521600,0,0,0,0,0,0,42432,44736,42752,64,81280,0,0,0,112576,192,627,1500,2329976529,1518806905,1182912,0
1577,1678464,133504,172608,0,5632,27392,483072,318080,538176,516928,1161536,0,1344,477760,0,0,0,0,0,0,42496,44096,42368,192,71296,0,0,0,117440,192,617,1475,1487243994,132951043,1134144,0
1578,1677248,148544,171072,0,13184,12928,578304,315456,437760,415744,1261504,0,1472,572736,0,0,0,0,0,0,42560,44480,42368,64,70016,0,0,0,115840,128,613,1468,2004960014,1326926849,1248576,0
1579,1676992,133056,172160,0,3456,12672,473472,362944,519232,497216,1179776,0,1408,467968,0,0,0,0,0,0,42560,45184,87616,256,69376,0,0,0,117824,128,624,1487,1934984391,1508408514,1167104,0
1580,1676864,134720,171840,0,3456,12864,563904,293248,496832,474944,1201920,0,1408,558464,0,0,0,0,0,0,42752,45120,46400,64,80448,0,0,0,78336,128,586,1383,2816963765,2354637192,1189056,0
1581,1676928,134528,174784,0,3584,35328,541632,299456,487616,465344,1211584,0,1344,536320,0,0,0,0,0,0,42304,45120,46464,128,86656,0,0,0,78656,128,574,1359,3550584310,3373146264,1176256,0
1582,1676992,134912,172672,0,4736,13184,504704,299520,547264,525696,1151296,0,1408,499392,0,0,0,0,0,0,42688,45248,47104,128,84992,0,0,0,79232,128,568,1347,2174209721,3324621420,1138112,0
1583,1677056,135104,173632,0,5824,12864,532160,265920,551552,524352,1152704,0,1344,526784,0,0,0,0,0,0,42240,45440,46208,128,53312,0,0,0,78464,128,561,1314,3244759374,2070141812,1139840,0
1584,1116992,134784,172992,0,4864,12608,474880,265344,51520,29824,1087168,0,1408,469376,0,0,0,0,0,0,42432,45184,45888,128,52736,0,0,0,78848,128,566,1326,1713808992,950319311,1074560,0
1585,1116480,134528,174784,0,3456,12800,485824,264192,40896,19520,1096960,0,1408,480448,0,0,0,0,0,0,42752,44800,46208,64,52096,0,0,0,78080,192,566,1305,2059905645,4218615742,1084160,0
1586,1677376,135296,176000,0,3456,13184,494784,274752,579904,558080,1119296,0,1344,489280,0,0,0,0,0,0,42560,44800,46528,0,61312,0,0,0,79360,192,554,1285,3076446024,3435520238,1106112,0
1587,1679552,155136,173696,0,3520,12800,498560,278400,557440,532608,1146944,0,1408,493248,0,0,0,0,0,0,41856,45376,46400,128,65856,0,0,0,78656,128,561,1313,3249865162,2143924601,1134144,0
1588,1674304,153024,173696,0,5568,12672,607744,295872,425728,403712,1270592,0,1344,602432,0,0,0,0,0,0,42240,45312,64704,192,65088,0,0,0,78208,128,581,1384,3219253874,3666381745,1257920,0
1589,1676736,135616,174656,0,13184,12992,555264,261504,523520,501888,1174848,0,1408,549952,0,0,0,0,0,0,42560,44928,49216,192,47424,0,0,0,77056,128,554,1327,2073079387,1028576564,1161856,0
1590,1676864,135616,175296,0,3584,12800,507776,329920,511872,490176,1186688,0,1408,502528,0,0,0,0,0,0,43008,44864,108736,128,48384,0,0,0,84672,128,557,1338,751353693,766396900,1173888,0
1591,1677120,134976,175232,0,10624,12864,621952,391744,329728,307904,1369216,0,1344,616704,0,0,0,0,0,0,42496,45632,166400,256,49088,0,0,0,87744,128,577,1392,1260143305,998322065,1356352,0
1592,1676992,135424,173376,0,3712,32384,694464,460096,177536,155456,1521536,0,1472,689216,0,0,0,0,0,0,42944,45952,225152,192,57024,0,0,0,88704,128,607,1444,1931713362,1513775309,1489152,0
1593,1675200,135552,173696,0,4992,10368,627904,513344,209344,189504,1485696,0,1408,622464,0,0,0,0,0,0,43136,45696,282432,192,48960,0,0,0,92736,192,590,1474,112953426,1296106521,1475328,0
1594,1677120,135424,172160,0,6336,10624,568000,477248,307328,287232,1389888,0,1472,562688,0,0,0,0,0,0,42624,45184,254272,64,43584,0,0,0,91392,128,558,1417,2221710506,4054298374,1379264,0
1595,1677184,166400,174720,0,15232,10496,688384,409152,212800,192256,1484928,0,1408,683072,0,0,0,0,0,0,43072,45440,196736,256,35264,0,0,0,88256,128,520,1290,1720202129,372418960,1474432,0
1596,1676736,141888,172416,0,6336,10304,485632,344512,515648,495744,1180992,0,1344,480320,0,0,0,0,0,0,42368,44800,139264,320,36032,0,0,0,81536,192,504,1259,63942393,1014562694,1170688,0
1597,1677056,141120,173312,0,5120,10688,506624,281216,558976,538816,1138240,0,1408,501184,0,0,0,0,0,0,42432,44800,79104,0,35776,0,0,0,78976,128,512,1268,1254091336,102012986,1127552,0
1598,1116992,141504,172416,0,3456,10432,510912,249344,28928,8640,1108352,0,1408,505728,0,0,0,0,0,0,42176,44928,46144,64,39808,0,0,0,76096,128,529,1295,289172982,3435254222,1097920,0
1599,1116608,141376,172672,0,3520,9984,495360,252224,41472,15936,1100672,0,1408,490176,0,0,0,0,0,0,42688,44544,46016,64,43328,0,0,0,75392,192,555,1354,397888922,714568724,1090688,0
1600,1118656,140736,171904,0,3648,12352,495488,259456,35072,13184,1105472,0,1408,490240,0,0,0,0,0,0,42880,44672,45632,64,47424,0,0,0,78592,192,578,1382,1642509368,522185837,1093120,0
1601,1676800,141248,171520,0,5952,13056,517120,285888,542016,520384,1156416,0,1408,511808,0,0,0,0,0,0,42176,45504,75840,128,42816,0,0,0,79296,128,587,1414,2290342510,3973690668,1143360,0
1602,1116992,141504,171904,0,4928,12608,495040,251072,39936,18048,1098944,0,1408,489792,0,0,0,0,0,0,42368,44992,47488,128,38208,0,0,0,77760,128,568,1361,1550357210,3314567253,1086336,0
1603,1116608,141760,169280,0,3584,12864,466368,237824,84928,63424,1053184,0,1408,460928,0,0,0,0,0,0,42880,45120,45760,128,25152,0,0,0,78656,128,569,1336,658927603,2149017343,1040320,0
1604,1677056,148608,170560,0,3584,35328,494272,260608,564096,542336,1134720,0,1408,488832,0,0,0,0,0,0,42816,44736,59264,64,33664,0,0,0,79872,192,572,1354,2043289052,3046380743,1099392,0
1605,1116864,153152,167168,0,6656,12928,462208,217472,97280,75520,1041344,0,1344,456704,0,0,0,0,0,0,192,44672,58240,128,38208,0,0,0,75904,128,569,1347,2931496809,183207243,1028416,0
1606,1116864,135296,167104,0,5888,12480,402304,217792,176000,154176,962688,0,1408,397056,0,0,0,0,0,0,192,44800,59648,0,37312,0,0,0,75712,128,572,1356,2408014965,256477055,950208,0
1607,1116608,136064,167232,0,6656,26816,407104,194368,178368,156672,959936,0,1408,401728,0,0,0,0,0,0,256,45376,46720,64,25024,0,0,0,76800,128,568,1345,1813065398,2057901020,933120,0
1608,1116800,147520,166592,0,5824,12864,484032,193600,106368,84672,1032128,0,1280,478592,0,0,0,0,0,0,192,45120,46208,64,24960,0,0,0,76928,128,577,1360,694206483,509562020,1019264,0
1609,1676800,164736,166400,0,12160,12224,580608,196800,543872,522176,1154624,0,1344,575168,0,0,0,0,0,0,192,44864,46400,0,29952,0,0,0,75264,128,576,1356,4197739224,1652531411,1142400,0
1610,1677120,135936,167104,0,13248,12864,647104,211648,489216,467008,1210112,0,1408,641664,0,0,0,0,0,0,49728,45568,320,64,38208,0,0,0,77568,192,579,1368,1040742364,947212949,1197248,0
1611,1676928,163136,167360,0,16896,13056,745280,224704,346496,324672,1352256,0,1344,739840,0,0,0,0,0,0,49152,45440,384,64,39616,0,0,0,89920,128,569,1346,2250695045,1911722628,1339200,0
1612,1676992,150976,166912,0,4992,12608,932480,217216,191808,169728,1507264,0,1408,926976,0,0,0,0,0,0,51072,45312,320,64,45504,0,0,0,74752,192,520,1229,2611047652,171478947,1494656,0
1613,1676928,226560,167360,0,6144,12928,925824,217792,120320,98304,1578624,0,1408,920512,0,0,0,0,0,0,50048,44864,320,64,33792,0,0,0,88576,128,506,1204,1497166310,3768439151,1565696,0
1614,1676928,143744,166848,0,5312,12800,807488,216192,324544,302976,1373952,0,1472,802048,0,0,0,0,0,0,49728,45184,320,64,33792,0,0,0,86976,128,503,1196,2540078224,3898148811,1361152,0
1615,1677056,123264,166656,0,6144,10432,848064,212416,310080,282880,1394176,0,1472,842752,0,0,0,0,0,0,49216,45248,256,128,32896,0,0,0,84544,128,500,1190,2985417835,914243247,1383744,0
1616,1675456,122560,166784,0,5120,32448,872576,221696,254272,233984,1441472,0,1344,867072,0,0,0,0,0,0,50304,44992,320,128,41600,0,0,0,84224,128,497,1186,881929118,489654168,1409024,0
1617,1677440,123520,166592,0,4736,10304,869056,226368,276864,256000,1421440,0,1408,863552,0,0,0,0,0,0,50176,45184,320,64,45504,0,0,0,84992,128,498,1187,3964580836,2265216527,1411136,0
1618,1676608,123328,166656,0,4864,10304,848000,220480,302976,282688,1393920,0,1344,842752,0,0,0,0,0,0,48960,44928,384,128,41344,0,0,0,84608,128,501,1195,3117531235,3172433459,1383616,0
1619,1676992,123584,167360,0,6080,10816,849408,207744,312000,291712,1385280,0,1344,843904,0,0,0,0,0,0,48768,44672,320,0,29568,0,0,0,84224,192,492,1175,3770733783,515937147,1374464,0
1620,1676800,123584,166976,0,3648,10048,660032,179968,532544,512448,1164352,0,1408,654720,0,0,0,0,0,0,64,54144,192,64,38144,0,0,0,87232,128,493,1177,2927064594,2852782479,1154304,0
1621,1676864,157696,167168,0,4544,9920,722752,148928,465856,446080,1230784,0,1280,717440,0,0,0,0,0,0,128,45312,128,0,34880,0,0,0,68352,128,495,1172,2144681303,2728801816,1220864,0
1622,1118464,141696,167232,0,3648,12416,549248,159360,84864,60608,1057856,0,1408,543936,0,0,0,0,0,0,128,44736,192,0,43584,0,0,0,70592,128,491,1180,1366922240,1914376678,1045440,0
1623,1116864,129664,166144,0,5952,12608,568192,162752,71552,49728,1067136,0,1408,562880,0,0,0,0,0,0,64,44608,192,0,46528,0,0,0,71232,128,499,1178,3469082156,775002712,1054528,0
1624,1116800,121152,166592,0,6016,12480,520512,162496,127552,105792,1011008,0,1408,515200,0,0,0,0,0,0,128,44608,192,64,46528,0,0,0,70848,128,492,1168,1059266131,4007015120,998528,0
1625,1676736,140672,166272,0,16960,12672,670464,159872,509824,488000,1188736,0,1408,665088,0,0,0,0,0,0,128,45248,192,0,43264,0,0,0,70912,128,502,1183,4290908776,605256584,1176064,0
1626,1677120,134848,166784,0,3648,12352,663936,153856,541696,520064,1157056,0,1408,658624,0,0,0,0,0,0,128,44608,192,64,38208,0,0,0,70528,128,500,1184,1690860682,604984024,1144704,0
1627,1116928,150016,165952,0,3648,12160,539584,153920,91648,69952,1046976,0,1408,534272,0,0,0,0,0,0,128,45184,192,64,38400,0,0,0,69760,192,498,1187,4164165350,119799776,1034816,0
1628,1116800,120704,167616,0,3648,34368,564736,160448,65280,43392,1073408,0,1344,559296,0,0,0,0,0,0,128,45312,192,64,43072,0,0,0,71552,128,494,1176,3808482287,617340249,1039040,0
1629,1676800,557440,166592,0,3712,12416,615744,165376,155520,133760,1543040,0,1408,610368,0,0,0,0,0,0,128,44672,192,0,46976,0,0,0,73280,128,559,1316,1813703579,452563906,1530624,0
1630,1116800,135360,167168,0,5120,12480,549952,166208,80512,59008,1057792,0,1408,544512,0,0,0,0,0,0,128,44864,192,64,47232,0,0,0,73600,128,570,1328,3314518055,508013262,1045312,0
1631,1116992,154432,166336,0,6464,12480,596288,152256,28736,1600,1115392,0,1344,591104,0,0,0,0,0,0,128,44288,192,64,35072,0,0,0,72320,192,543,1274,1021342227,3123994158,1102912,0
1632,1116736,134400,166848,0,5312,12416,498816,153280,145664,123904,992832,0,1408,493568,0,0,0,0,0,0,128,44800,192,0,34816,0,0,0,73216,128,551,1300,3731055817,1657772336,980416,0
1633,1676928,171456,165888,0,10240,12608,650240,162560,503936,481920,1195008,0,1408,644928,0,0,0,0,0,0,128,45248,192,0,43712,0,0,0,73152,128,551,1298,1965211722,1230149099,1182400,0
1634,1677056,189952,172288,0,3776,12224,875456,183872,239488,217536,1459520,0,1408,870080,0,0,0,0,0,0,128,44992,192,0,44736,0,0,0,93632,192,540,1287,2541127778,4010671018,1447296,0
1635,1676800,164992,171072,0,4928,12352,663680,189184,470592,448960,1227840,0,1344,658304,0,0,0,0,0,0,128,45056,192,64,48960,0,0,0,94656,128,553,1306,2415441577,3897419504,1215488,0
1636,1676864,172992,171712,0,5376,12288,676608,183872,454016,432320,1244544,0,1408,671232,0,0,0,0,0,0,128,44992,192,64,45248,0,0,0,93120,128,556,1310,2053709976,261946208,1232256,0
1637,1677056,166336,169664,0,7488,24128,671680,170176,467584,445696,1231360,0,1408,666240,0,0,0,0,0,0,128,45504,128,0,34624,0,0,0,89664,128,552,1297,155551090,4131132505,1207232,0
1638,1675456,166272,171904,0,6912,10176,678720,170240,471232,451200,1224256,0,1408,673408,0,0,0,0,0,0,128,45184,192,64,34496,0,0,0,90048,128,555,1300,2585148980,3420649101,1214080,0
1639,1677248,166080,172288,0,5696,10176,666496,162688,493824,473600,1203648,0,1408,661248,0,0,0,0,0,0,128,45056,192,0,28544,0,0,0,88640,128,552,1289,3700195737,4135587094,1193472,0
1640,1676992,254272,171072,0,4160,31936,884224,171776,159552,139456,1537536,0,1408,878912,0,0,0,0,0,0,128,45248,192,64,36160,0,0,0,89856,128,550,1276,1536046761,893365138,1505600,0
1641,1676928,210240,165312,0,2944,9856,833408,163776,291392,271424,1405504,0,1408,827840,0,0,0,0,0,0,128,45056,192,64,33344,0,0,0,84864,128,565,1298,3119037035,2823846142,1395648,0
1642,1676928,167040,166720,0,3456,10112,615488,163008,551104,531328,1145600,0,1408,610112,0,0,0,0,0,0,128,44864,256,0,33344,0,0,0,84288,128,560,1283,4231567920,606378464,1135488,0
1643,1676864,189120,166784,0,11072,10112,838080,158144,303552,283840,1393024,0,1408,832768,0,0,0,0,0,0,64,45056,192,64,28544,0,0,0,84096,128,552,1275,1439121673,3340132658,1382912,0
1644,1677312,188160,168832,0,4800,10048,807680,209088,288704,268480,1408832,0,1408,802304,0,0,0,0,0,0,192,45120,46272,0,30080,0,0,0,87296,128,558,1295,2840088111,2850262334,1398784,0
1645,2236992,182912,172480,0,22080,13568,1100608,211136,534208,505536,1731456,0,3520,1087296,0,0,0,0,0,0,256,4160,39232,0,81728,0,0,0,85632,128,574,1353,4142830881,1592181111,1717888,0
1646,2236928,184512,173056,0,13888,24896,1017408,248576,574592,554624,1682304,0,1408,1012096,0,0,0,0,0,0,192,4160,39872,64,69760,0,0,0,134400,128,576,1349,4078725359,1186275829,1657408,0
1647,1677056,180288,172672,0,3968,24512,679168,233792,382656,357184,1319872,0,1408,673728,0,0,0,0,0,0,192,4032,31808,64,65920,0,0,0,131648,128,576,1351,3357185529,921203666,1295360,0
1648,1677248,205888,180864,0,8704,27520,910080,237184,107008,77696,1599552,0,3264,899840,0,0,0,0,0,0,0,0,0,0,62016,0,0,0,175040,128,580,1365,1462900477,901725622,1572032,0
1649,1116864,170368,172544,0,12352,24768,393216,234752,108864,86208,1030656,0,1472,387840,0,0,0,0,0,0,0,0,0,0,62272,0,0,0,172288,192,577,1368,207958346,1750918300,1005888,0
1650,1117120,182528,172800,0,4224,46784,381504,233280,96000,75648,1041472,0,1408,376064,0,0,0,0,0,0,0,0,0,0,60608,0,0,0,172544,128,573,1346,3207039081,706925888,994688,0
1651,1116480,169408,166272,0,4224,9728,440000,243712,83136,63232,1053248,0,1408,434752,0,0,0,0,0,0,0,0,0,0,71936,0,0,0,171648,128,567,1352,2832668160,2244012106,1043520,0
1652,1116736,175424,166208,0,6464,9408,415872,239680,103680,83904,1032832,0,1344,410432,0,0,0,0,0,0,0,0,0,0,69056,0,0,0,170432,192,568,1337,1768995929,4153272134,1023424,0
1653,1677248,183744,167040,0,5568,9600,666048,234368,410880,390656,1286592,0,1408,660800,0,0,0,0,0,0,0,0,0,0,58496,0,0,0,175744,128,552,1299,2328649573,1671420835,1276992,0
1654,1676864,175936,167744,0,4992,9536,585984,233536,499136,479232,1197632,0,1472,580672,0,0,0,0,0,0,0,0,0,0,55808,0,0,0,177536,192,554,1305,2464857541,3851584024,1188096,0
1655,1677120,189312,166656,0,4096,9408,570048,174720,562880,542720,1134400,0,1472,564736,0,0,0,0,0,0,0,0,0,0,59584,0,0,0,115008,128,545,1286,415110181,3637539962,1124992,0
1656,1116672,162048,166016,0,4096,9472,453504,177024,144512,124480,992192,0,1408,448064,0,0,0,0,0,0,0,0,0,0,61120,0,0,0,115776,128,550,1283,2023323280,3787696819,982720,0
1657,1116864,163904,167296,0,4032,9408,480064,120192,171968,151808,965056,0,1344,474624,0,0,0,0,0,0,0,0,0,0,52032,0,0,0,67968,192,540,1282,2266091300,4090867456,955648,0
1658,1116480,162944,167360,0,4096,9664,506048,127104,139264,116032,1000448,0,1408,500800,0,0,0,0,0,0,0,0,0,0,58688,0,0,0,68224,192,514,1249,4235851009,1145998428,990784,0
1659,1117120,113664,167168,0,4096,9664,391360,114176,316992,296960,820160,0,1472,385984,0,0,0,0,0,0,0,0,0,0,45376,0,0,0,68672,128,467,1140,1146700348,1894488680,810496,0
1660,1116736,113856,166400,0,4096,9344,402752,109440,310848,290688,826048,0,1344,397376,0,0,0,0,0,0,0,0,0,0,40256,0,0,0,69056,128,465,1145,4253747720,1536444048,816704,0
1661,1116992,113664,167296,0,4032,9344,429952,111488,281216,261120,855872,0,1408,424384,0,0,0,0,0,0,0,0,0,0,39424,0,0,0,71936,128,470,1159,2297835094,1673715047,846528,0
1662,1116736,114240,165824,0,4096,9536,414400,116736,291904,271936,844800,0,1472,409024,0,0,0,0,0,0,0,0,0,0,47424,0,0,0,69184,128,483,1202,1488285713,2993843782,835264,0
1663,1116736,114176,166976,0,5184,9664,404224,116992,299520,273792,842944,0,1344,398912,0,0,0,0,0,0,0,0,0,0,46464,0,0,0,70336,192,492,1207,1448883844,2710250937,833280,0
1664,1116928,114048,165760,0,6272,31808,402880,119296,276864,256512,860416,0,1408,397760,0,0,0,0,0,0,0,0,0,0,49728,0,0,0,69440,128,511,1256,2001913362,706098366,828608,0
1665,1118528,114176,166272,0,5440,18688,414656,117696,281600,260352,858176,0,1280,409088,0,0,0,0,0,0,0,0,0,0,41664,0,0,0,75904,128,511,1250,2533314903,3892933059,839488,0
1666,1116480,115072,166400,0,4032,19008,413632,117440,280896,259456,857024,0,1344,408256,0,0,0,0,0,0,0,0,0,0,42240,0,0,0,75072,128,508,1255,2015607626,410572828,838016,0
1667,1116992,131136,166400,0,3968,33216,491520,118976,171776,149760,967232,0,1344,486144,0,0,0,0,0,0,0,0,0,0,41344,0,0,0,77504,128,514,1263,1660000519,3315384891,934016,0
1668,1116672,149696,165568,0,11200,19008,585920,133824,51456,29632,1087040,0,1408,580352,0,0,0,0,0,0,0,0,0,0,57664,0,0,0,76032,128,509,1260,1911258140,1325459239,1068032,0
1669,1116864,114432,167104,0,6336,18944,376512,130432,303104,281600,835264,0,1408,371200,0,0,0,0,0,0,0,0,0,0,54848,0,0,0,75456,128,520,1273,2503752121,633621931,816320,0
1670,1116992,125952,167552,0,5376,18880,390592,131200,277440,255616,861376,0,1408,385280,0,0,0,0,0,0,0,0,0,0,54976,0,0,0,76096,128,512,1268,3569165418,1920893190,842496,0
1671,1116800,125824,166784,0,5056,18816,394688,128512,277120,255232,861568,0,1344,389248,0,0,0,0,0,0,0,0,0,0,53440,0,0,0,74944,128,505,1265,3468020515,3790935369,842752,0
1672,1116736,114560,166272,0,6208,18880,386944,126144,297728,275840,840896,0,1408,381824,0,0,0,0,0,0,0,0,0,0,51264,0,0,0,74688,192,499,1250,2011060089,2653705651,822016,0
1673,1116800,125184,166528,0,5312,19072,388416,122368,289920,265728,851072,0,1408,383040,0,0,0,0,0,0,0,0,0,0,46016,0,0,0,76160,192,503,1249,1462804513,3218298380,832000,0
1674,1116544,128640,166720,0,3840,18688,427648,143680,227328,205888,910656,0,1344,422272,0,0,0,0,0,0,0,0,0,0,59264,0,0,0,84288,128,515,1273,78014284,135801439,891968,0
1675,1116928,134208,167296,0,4736,18496,480384,136704,175104,153152,963776,0,1344,475008,0,0,0,0,0,0,0,0,0,0,62272,0,0,0,74240,192,522,1290,2297976874,946140674,945280,0
1676,1116800,138432,166272,0,11840,18688,527744,181568,72256,50432,1066368,0,1344,522304,0,0,0,0,0,0,45376,128,128,0,56000,0,0,0,79744,192,522,1279,632979231,197027766,1047680,0
1677,1117120,140288,167360,0,3968,18816,481088,172672,132928,110720,1006400,0,1472,475712,0,0,0,0,0,0,45056,128,128,64,49088,0,0,0,78080,128,522,1268,1086471535,1949545850,987584,0
1678,1676480,149248,167424,0,3968,18432,589504,191168,556736,535104,1141376,0,1408,584128,0,0,0,0,0,0,45440,64,128,64,46976,0,0,0,98368,128,516,1267,2449965422,3951714850,1122944,0
1679,1116864,139264,168128,0,4096,40320,410304,187264,167488,140032,976832,0,1344,404992,0,0,0,0,0,0,45952,64,128,0,42432,0,0,0,98560,128,502,1237,3041234248,2503217155,936512,0
1680,1116608,158976,166848,0,4480,18944,535936,192576,38848,17280,1099328,0,1344,530496,0,0,0,0,0,0,46208,64,128,0,48128,0,0,0,97920,128,501,1236,1023535430,991825501,1080384,0
1681,1116736,118336,167168,0,6272,18944,494144,190464,121408,99776,1016960,0,1408,488896,0,0,0,0,0,0,45696,128,128,0,47168,0,0,0,97216,128,500,1237,1762024297,1355915337,998016,0
1682,1116800,139264,167488,0,6464,18816,494208,182144,108416,86400,1030400,0,1408,489024,0,0,0,0,0,0,45184,64,128,64,40128,0,0,0,96448,128,503,1244,1913113263,691982162,1011584,0
1683,1676928,152768,166720,0,6080,19392,684672,179712,467584,446080,1230848,0,1344,679424,0,0,0,0,0,0,45376,64,128,0,36032,0,0,0,97984,128,509,1237,1811331611,44872844,1211456,0
1684,1116928,117696,169536,0,5120,18496,480960,178240,146880,125056,991872,0,1344,475584,0,0,0,0,0,0,45376,64,128,64,35456,0,0,0,97024,128,507,1231,3082699042,4097476915,973376,0
1685,1116800,146880,166336,0,6080,18688,471232,168384,139200,117312,999488,0,1408,465984,0,0,0,0,0,0,46016,128,128,0,43264,0,0,0,78720,128,497,1206,3152928871,791863034,980800,0
1686,1116800,129600,165952,0,6144,18880,375808,166464,253952,232448,884352,0,1344,370432,0,0,0,0,0,0,45312,64,128,0,41792,0,0,0,78976,192,498,1201,1558650157,1351860425,865472,0
1687,1116672,136000,167232,0,13696,18880,439552,171840,169472,147840,968832,0,1408,434112,0,0,0,0,0,0,45568,64,128,0,46912,0,0,0,79040,128,497,1209,2479953360,319743914,949952,0
1688,1116736,139520,166528,0,6400,18880,332736,161408,291264,269504,847232,0,1472,327488,0,0,0,0,0,0,45376,128,128,64,37632,0,0,0,77952,128,499,1203,3111179782,3122522695,828352,0
1689,1116672,145984,166912,0,6976,18944,431616,162688,183552,161984,954688,0,1408,426176,0,0,0,0,0,0,45696,128,128,0,38208,0,0,0,78400,128,502,1219,684374892,1123995031,935744,0
1690,1116864,163328,167104,0,4992,18816,558336,167040,37248,15744,1101120,0,1344,553152,0,0,0,0,0,0,46144,64,128,64,41216,0,0,0,79296,128,487,1183,334645705,3407574977,1082304,0
1691,1116992,131776,167040,0,10624,18624,402432,163520,222976,201088,915904,0,1408,397120,0,0,0,0,0,0,45632,64,128,64,39616,0,0,0,77888,128,481,1174,1569451140,1501651240,897280,0
1692,1116608,114496,167040,0,3712,18304,318272,161152,333632,312000,804608,0,1344,312896,0,0,0,0,0,0,45312,128,128,64,37568,0,0,0,77824,128,476,1159,3289481817,2372686251,786304,0
1693,1116864,131904,167552,0,3712,19072,428800,154624,211200,189696,927168,0,1408,423360,0,0,0,0,0,0,45696,128,128,0,30912,0,0,0,77632,128,474,1139,1804419366,1350931641,908096,0
1694,1116992,114368,168000,0,3648,40384,412992,154816,222784,200960,916032,0,1344,407616,0,0,0,0,0,0,45760,64,128,64,30400,0,0,0,78272,128,478,1143,2713605132,1712518416,875648,0
1695,1116672,125632,170112,0,3712,20480,429632,163648,203456,173440,943232,0,1408,424256,0,0,0,0,0,0,45952,64,128,64,33152,0,0,0,84096,192,479,1142,3819930002,1232453598,922752,0
1696,1116672,124096,166016,0,4544,18496,433472,159296,210752,188928,927744,0,1344,428096,0,0,0,0,0,0,45504,128,192,64,33664,0,0,0,79616,128,476,1142,4245137520,64323957,909248,0
1697,1116992,113984,167296,0,3712,33472,407424,155776,235328,213696,903296,0,1408,402048,0,0,0,0,0,0,45632,128,192,64,28928,0,0,0,80704,128,477,1144,1971145203,3965831357,869824,0
1698,1116864,125056,166400,0,5952,19008,470528,146816,183104,161408,955456,0,1344,465088,0,0,0,0,0,0,45824,64,128,64,22528,0,0,0,78016,192,474,1134,3499487674,4089443373,936448,0
1699,1677120,125824,166976,0,14976,19200,703360,201600,445184,423296,1253824,0,1472,697920,0,0,0,0,0,0,45696,192,33024,128,40576,0,0,0,81856,128,485,1168,4063975974,2651269941,1234624,0
1700,1676800,114112,166080,0,3712,18816,627776,200448,545856,524032,1152768,0,1472,622528,0,0,0,0,0,0,46336,128,32960,128,39040,0,0,0,81728,128,485,1173,2774137808,2339036278,1133952,0
1701,1677248,131392,167808,0,3904,18816,616320,241792,497216,475584,1201664,0,1472,610752,0,0,0,0,0,0,46016,256,64128,64,47680,0,0,0,83520,128,508,1222,4078345848,2231964745,1182848,0
1702,1676928,113984,166144,0,6080,19136,627200,231680,512704,490560,1186368,0,1344,621696,0,0,0,0,0,0,45632,192,63040,128,37888,0,0,0,84608,192,503,1210,1020006102,3290180905,1167232,0
1703,1677120,114368,166400,0,5312,19200,565632,264256,541952,519808,1157312,0,1344,560448,0,0,0,0,0,0,45888,320,90944,128,42432,0,0,0,84416,128,508,1230,2527499082,1008689098,1138112,0
1704,1676800,113920,165760,0,3968,18880,666368,233280,474624,452864,1223936,0,1408,660800,0,0,0,0,0,0,46016,320,62336,64,40576,0,0,0,83840,128,489,1195,4182986145,2775550534,1205056,0
1705,1677056,229632,165760,0,13120,34048,813312,297984,123200,101568,1575488,0,1344,807936,0,0,0,0,0,0,46144,320,91648,192,73856,0,0,0,85632,192,490,1238,2820207216,1523108150,1541440,0
1706,1116928,111360,167040,0,4160,55872,439424,256128,82944,61056,1055872,0,1408,433792,0,0,0,0,0,0,45376,320,63040,192,61248,0,0,0,85824,128,482,1219,2309139795,4246982722,1000000,0
1707,1116608,111680,166784,0,4224,34048,435840,257344,106688,85056,1031552,0,1408,430272,0,0,0,0,0,0,46592,256,62720,192,63936,0,0,0,83520,128,483,1221,973032839,220445258,997504,0
1708,1116928,146048,167424,0,6464,19008,423936,220992,133056,111552,1005376,0,1344,418688,0,0,0,0,0,0,45696,192,33152,128,61184,0,0,0,80512,128,490,1244,2689365179,1029623447,986368,0
1709,1116992,132480,167424,0,6592,18944,444672,226560,120320,98560,1018432,0,1472,439360,0,0,0,0,0,0,45952,128,33600,64,66176,0,0,0,80512,128,526,1329,778583863,2234573298,999488,0
1710,1116928,146560,166656,0,4160,18752,430080,189440,161280,139392,977536,0,1408,424832,0,0,0,0,0,0,45760,128,192,64,65088,0,0,0,78016,192,565,1388,4004360978,427912214,958784,0
1711,1116736,132480,167424,0,4096,19264,524352,235904,33216,6272,1110464,0,1408,518976,0,0,0,0,0,0,45760,128,33280,64,76096,0,0,0,80448,128,579,1394,3484016856,2860042495,1091200,0
1712,1117056,132672,166400,0,4160,20800,399872,236224,156928,134784,982272,0,1408,394496,0,0,0,0,0,0,45888,256,33024,0,76992,0,0,0,79936,128,584,1403,2291221761,1237827355,961472,0
1713,1116672,131328,166976,0,4160,21056,416512,243264,133376,111424,1005248,0,1408,411136,0,0,0,0,0,0,46208,256,32960,0,82496,0,0,0,81216,128,589,1417,4117478111,1001449575,984192,0
1714,1116672,141568,167040,0,4224,21312,400384,238464,143680,121792,994880,0,1472,394944,0,0,0,0,0,0,45376,192,33216,64,79552,0,0,0,79936,128,585,1413,2944357012,2053632260,973568,0
1715,1117184,132160,166976,0,5056,20864,405120,191296,195712,173568,943616,0,1408,399808,0,0,0,0,0,0,45568,128,128,0,67072,0,0,0,78272,128,572,1384,3762074018,1253780642,922752,0
1716,1116736,152768,167040,0,4160,21376,517568,187008,66816,44672,1072064,0,1344,512192,0,0,0,0,0,0,45760,128,128,0,63104,0,0,0,77760,128,584,1405,3969171715,498912387,1050688,0
1717,1117056,131904,167168,0,4160,20672,418432,186496,188224,166144,950912,0,1344,413120,0,0,0,0,0,0,45888,64,128,0,62272,0,0,0,78016,128,590,1405,4017697350,1998442831,930240,0
1718,1116800,132480,168256,0,4160,20864,435456,186048,169536,147520,969280,0,1408,430080,0,0,0,0,0,0,45568,64,128,64,62208,0,0,0,77888,128,596,1415,3095955041,2739303395,948416,0
1719,1116608,130944,167040,0,4160,20416,434496,187264,172288,150528,966080,0,1408,429184,0,0,0,0,0,0,45568,64,128,64,60736,0,0,0,80576,128,591,1407,3843518261,2166479100,945664,0
1720,1677248,151872,166912,0,11328,20928,561472,190720,574016,551744,1125504,0,1344,556096,0,0,0,0,0,0,45760,64,128,0,66496,0,0,0,78080,192,594,1413,1879529380,316365394,1104576,0
1721,1116672,131968,166912,0,4480,42944,433216,191040,146112,124352,992320,0,1408,427840,0,0,0,0,0,0,45696,128,128,0,66816,0,0,0,78144,128,596,1411,1417940439,2328018480,949376,0
1722,1116864,132480,166720,0,4544,20864,435648,190016,166592,145152,971712,0,1472,430144,0,0,0,0,0,0,45696,64,128,0,66496,0,0,0,77440,192,597,1419,188837665,415368633,950848,0
1723,1116416,132352,167296,0,4480,21056,443584,189632,158016,136512,979904,0,1408,438144,0,0,0,0,0,0,45824,64,128,0,66112,0,0,0,77376,128,592,1406,3967243828,189702098,958848,0
1724,1117120,149120,167872,0,4480,21056,515072,190592,68928,47040,1070080,0,1408,509760,0,0,0,0,0,0,45952,128,128,0,66560,0,0,0,77632,192,586,1402,3378293468,2753277814,1049024,0
1725,1116800,132096,166272,0,8192,21184,443648,188864,156544,134208,982592,0,1344,438016,0,0,0,0,0,0,45632,128,128,64,64576,0,0,0,78208,128,574,1386,230004377,3874440324,961408,0
1726,1116800,132224,167360,0,6784,20672,439616,186752,163392,141632,975168,0,1408,434304,0,0,0,0,0,0,45312,64,128,64,63808,0,0,0,77248,128,569,1375,2638262416,1327001328,954496,0
1727,1116672,131584,167104,0,7488,34240,435264,191360,149632,122496,994176,0,1344,429760,0,0,0,0,0,0,46208,128,128,0,65664,0,0,0,79040,192,567,1368,2479422347,3996889471,959936,0
1728,1117120,131840,167040,0,7808,18624,453696,188416,149696,127808,989312,0,1344,448256,0,0,0,0,0,0,45376,64,128,0,65152,0,0,0,77568,128,559,1357,1039514834,472077146,970688,0
1729,1116608,133696,166400,0,6976,18752,445440,190016,155328,133696,982912,0,1344,440192,0,0,0,0,0,0,45504,64,128,64,65856,0,0,0,78272,128,556,1356,1949689345,1531399654,964160,0
1730,1116480,131328,166016,0,5312,18816,419584,185472,189952,168640,947840,0,1408,414400,0,0,0,0,0,0,45952,128,128,0,62272,0,0,0,76864,128,557,1355,1847457470,918351910,929024,0
1731,1117056,149312,167232,0,6272,18816,525504,186880,63040,41664,1075392,0,1408,520128,0,0,0,0,0,0,45632,64,128,0,62336,0,0,0,78592,128,552,1346,1399295077,974268888,1056576,0
1732,1116928,149888,167296,0,6656,18816,502016,189248,83008,60992,1055936,0,1408,496640,0,0,0,0,0,0,45568,128,128,0,65344,0,0,0,77952,128,561,1366,3325428555,2798979801,1037120,0
1733,1116864,131904,168256,0,6912,18816,451584,190336,149056,124352,992512,0,1408,446144,0,0,0,0,0,0,45888,128,128,64,66880,0,0,0,77120,128,562,1365,480833020,588515161,973696,0
1734,1116608,131584,167488,0,6016,18752,435136,181952,175680,154112,962496,0,1408,429760,0,0,0,0,0,0,45888,64,128,64,58688,0,0,0,76992,128,557,1349,3394930901,1302102799,943744,0
1735,1677184,150848,166272,0,6336,18752,584448,179328,571200,549312,1127872,0,1472,579136,0,0,0,0,0,0,45824,128,128,64,54784,0,0,0,78272,128,562,1366,2587215254,1995962530,1109120,0
1736,1116928,131968,166336,0,5376,41088,478464,176256,117440,95232,1021696,0,1344,473152,0,0,0,0,0,0,45440,64,128,64,52608,0,0,0,77824,128,558,1355,881838290,2404066203,980608,0
1737,1116992,131264,166336,0,3456,18304,517504,170048,110080,87808,1029184,0,1472,511936,0,0,0,0,0,0,45632,128,128,64,47424,0,0,0,76480,192,560,1364,583361428,2425471362,1010880,0
1738,1116160,132224,167232,0,3520,18624,490240,170944,133376,111808,1004352,0,1408,484800,0,0,0,0,0,0,46080,128,128,0,46784,0,0,0,77632,192,565,1372,1649058665,3715828714,985728,0
1739,1116928,131008,168064,0,3456,20992,497472,174976,120960,99264,1017664,0,1280,492096,0,0,0,0,0,0,45760,128,192,64,51136,0,0,0,77568,128,572,1380,1784130994,360937753,996672,0
1740,1676992,149632,166144,0,22080,21696,726144,258496,332800,311104,1365888,0,1408,720832,0,0,0,0,0,0,85184,128,256,0,52672,0,0,0,120128,128,588,1435,2054048005,2981390320,1344192,0
1741,1116736,132288,167360,0,3712,21120,507456,241984,42816,21184,1095552,0,1344,502080,0,0,0,0,0,0,85696,256,256,128,36224,0,0,0,119232,192,587,1421,2870924352,349696750,1074432,0
1742,1116736,132288,168128,0,4800,21248,444096,238976,107200,85440,1031296,0,1408,438656,0,0,0,0,0,0,85376,192,256,64,34176,0,0,0,118784,128,592,1426,1408906160,213397330,1010048,0
1743,1676864,157568,166464,0,5888,20608,595712,243456,487168,459968,1216896,0,1344,590528,0,0,0,0,0,0,85504,128,256,64,37696,0,0,0,119680,128,602,1451,1558489203,2060967397,1196288,0
1744,1677056,214976,166336,0,4992,16576,650560,276480,347136,325696,1351360,0,1344,645248,0,0,0,0,0,0,86336,256,256,64,35264,0,0,0,154176,128,609,1481,1784983262,630870049,1334784,0
1745,1677120,177664,166592,0,16704,32000,731776,284352,268032,245824,1431296,0,1472,726016,0,0,0,0,0,0,45376,128,128,0,40576,0,0,0,198016,128,611,1490,3048394373,2389490254,1399296,0
1746,1116928,159808,167360,0,3584,16576,387264,245824,136512,114880,1002048,0,1472,381568,0,0,0,0,0,0,45440,64,128,64,36800,0,0,0,163136,192,591,1431,950062657,3004289346,985472,0
1747,1116608,151744,166528,0,3584,31808,433728,240832,88384,66752,1049856,0,1344,428352,0,0,0,0,0,0,45696,128,128,0,34432,0,0,0,160320,128,592,1433,922031517,3600848624,1018048,0
1748,1116672,150784,167616,0,3584,16384,464960,240832,72512,50880,1065792,0,1408,459712,0,0,0,0,0,0,45376,64,128,0,34432,0,0,0,160640,192,594,1436,4127565808,1258868700,1049408,0
1749,1116992,161664,167616,0,3520,38336,452608,241984,51264,29440,1087552,0,1408,447168,0,0,0,0,0,0,45504,128,128,64,34816,0,0,0,161216,128,596,1441,318327926,3547655750,1049216,0
1750,1676864,228992,167744,0,3584,16512,561088,203712,495232,473664,1203200,0,1408,555840,0,0,0,0,0,0,45952,64,128,0,34688,0,0,0,122752,128,584,1385,2461557510,484106781,1186688,0
1751,1116800,170304,167680,0,3584,16640,438016,202688,117888,96128,1020672,0,1408,432704,0,0,0,0,0,0,45952,128,128,0,33920,0,0,0,122432,128,578,1381,2077273481,829802874,1004032,0
1752,1116928,161984,164736,0,3584,16320,436160,152704,181440,160064,956864,0,1472,430656,0,0,0,0,0,0,0,0,0,0,33216,0,0,0,119296,192,572,1377,2780510031,1265027220,940544,0
1753,1116800,195136,166336,0,10432,16192,478400,115456,134848,113088,1003712,0,1472,472960,0,0,0,0,0,0,0,0,0,0,42944,0,0,0,72384,128,573,1377,3198990068,424702014,987520,0
1754,1116800,161792,166976,0,3648,16512,417664,116160,234048,212480,904320,0,1408,412224,0,0,0,0,0,0,0,0,0,0,43072,0,0,0,72896,192,570,1370,190481272,2324729263,887808,0
1755,1116672,162752,166080,0,3648,16448,435072,114944,217728,195840,920832,0,1408,429568,0,0,0,0,0,0,0,0,0,0,43328,0,0,0,71488,128,567,1367,3282979690,609877078,904384,0
1756,1677376,253184,166336,0,3648,13440,530496,128000,582272,559488,1117888,0,1408,524928,0,0,0,0,0,0,0,0,0,0,56192,0,0,0,71680,128,565,1361,668911576,1263445801,1104448,0
1757,1116416,193408,166784,0,5824,24768,509952,120576,95104,73600,1042816,0,1408,504640,0,0,0,0,0,0,0,0,0,0,51584,0,0,0,68800,192,562,1347,3107094311,2190588684,1018048,0
1758,1115520,162368,165504,0,4992,9664,401728,123520,247744,227584,887936,0,1472,396416,0,0,0,0,0,0,0,0,0,0,55232,0,0,0,68160,128,575,1380,1534727540,2824600869,878272,0
1759,1676736,254720,165760,0,3520,9600,577600,122880,542656,517248,1159488,0,1472,572288,0,0,0,0,0,0,0,0,0,0,51840,0,0,0,70848,192,568,1351,652697911,3811569180,1149888,0
1760,2237120,253952,166208,0,15872,24832,1162752,145216,468288,447424,1789696,0,3264,1152640,0,0,0,0,0,0,0,0,0,0,76160,0,0,0,68928,128,551,1325,3941367778,606715912,1764864,0
1761,1677120,218176,166528,0,6272,9856,603072,182272,490944,470784,1206336,0,1344,597696,0,0,0,0,0,0,0,0,0,0,73728,0,0,0,108416,128,567,1369,1847616517,306164715,1196480,0
1762,1116800,136512,165760,0,5504,47296,476032,167616,118080,98176,1018624,0,1408,470656,0,0,0,0,0,0,0,0,0,0,60288,0,0,0,107136,192,579,1387,3443521547,1825834536,971328,0
1763,1116608,137024,166400,0,3904,9472,454272,190720,154816,134656,981952,0,1408,448960,0,0,0,0,0,0,0,0,0,0,83712,0,0,0,106880,128,560,1355,2144462218,3680942339,972480,0
1764,1116544,179392,166720,0,4864,9408,437888,159872,158400,138816,977728,0,1280,432640,0,0,0,0,0,0,0,0,0,0,53760,0,0,0,105984,128,566,1369,450013895,3190742395,968320,0
1765,1116864,131648,166528,0,3968,9728,473664,164160,167168,147456,969408,0,1536,468160,0,0,0,0,0,0,0,0,0,0,58304,0,0,0,105728,128,582,1383,457540433,2173935924,959680,0
1766,1116992,145664,167232,0,3968,9408,466688,160640,163392,143296,973696,0,1408,461248,0,0,0,0,0,0,0,0,0,0,54336,0,0,0,106112,192,589,1398,3562703390,3073101207,964288,0
1767,1116800,131136,166656,0,3968,9536,444032,123584,237888,217728,899072,0,1408,438720,0,0,0,0,0,0,0,0,0,0,56320,0,0,0,67072,192,576,1368,4106866308,135906929,889536,0
1768,1116992,131648,166208,0,3904,9536,451584,115520,238592,218240,898752,0,1408,446208,0,0,0,0,0,0,0,0,0,0,47040,0,0,0,68352,128,559,1354,630555693,3097865087,889216,0
1769,1116672,132800,165632,0,3968,9600,539136,113664,151872,131648,985024,0,1856,533248,0,0,0,0,0,0,0,0,0,0,45120,0,0,0,68416,128,553,1350,2127275922,3234942319,975424,0
1770,1116736,131648,166656,0,3968,9408,472064,112896,220096,200000,916736,0,1408,466496,0,0,0,0,0,0,0,0,0,0,44736,0,0,0,68032,128,547,1344,577366678,1993847466,907328,0
1771,1116800,131392,166272,0,3968,9472,473664,94528,237504,217280,899520,0,1408,468224,0,0,0,0,0,0,0,0,0,0,26048,0,0,0,68352,128,527,1302,534530251,2607785836,890048,0
1772,1116864,131008,166592,0,6208,9792,488128,97152,217984,198016,918848,0,1408,482816,0,0,0,0,0,0,0,0,0,0,28928,0,0,0,68096,128,540,1336,4108440410,3307621540,909056,0
1773,1116736,131712,166208,0,6208,9728,498304,98368,206208,186240,930496,0,1408,492992,0,0,0,0,0,0,0,0,0,0,27968,0,0,0,70272,128,527,1285,1146595811,2057795138,920768,0
1774,1116800,131008,165248,0,5312,9280,462144,96320,247488,227776,889024,0,1408,456768,0,0,0,0,0,0,0,0,0,0,27968,0,0,0,68224,128,529,1292,3855142769,32779739,879744,0
1775,1116992,131264,166464,0,5952,9600,454336,98688,250688,224768,892224,0,1344,448960,0,0,0,0,0,0,0,0,0,0,31040,0,0,0,67520,128,524,1294,2334980475,2777817982,882624,0
1776,1116608,130432,166336,0,6016,9344,457920,97536,249024,229184,887424,0,1408,452672,0,0,0,0,0,0,0,0,0,0,29440,0,0,0,67904,192,503,1269,2821763987,4105940515,878080,0
1777,1117056,131712,165440,0,5120,9280,471360,100928,233216,212864,904192,0,1408,466048,0,0,0,0,0,0,0,0,0,0,32704,0,0,0,68096,128,516,1295,2559225875,756339756,894912,0
1778,1116736,148608,165376,0,3776,31616,468672,99136,199552,179264,937472,0,1408,463424,0,0,0,0,0,0,0,0,0,0,30720,0,0,0,68288,128,505,1256,128197117,2065492644,905856,0
1779,1116928,131328,168704,0,3776,9344,452864,99392,251520,231680,885248,0,1472,447360,0,0,0,0,0,0,0,0,0,0,30464,0,0,0,68800,128,489,1189,4148649258,2218117763,875904,0
1780,1116864,120000,171840,0,3776,9536,448064,103872,259776,239744,877120,0,1472,442688,0,0,0,0,0,0,192,64,128,0,31680,0,0,0,71680,128,469,1124,3790388178,497509942,867584,0
1781,1116672,179520,171584,0,10816,9600,541056,106176,97920,77824,1038848,0,1472,535680,0,0,0,0,0,0,64,128,128,64,34496,0,0,0,71168,128,468,1130,2275843240,941069234,1029248,0
1782,1116864,105856,171328,0,6080,9728,447360,105344,271168,251008,865856,0,1408,442176,0,0,0,0,0,0,128,128,64,0,33152,0,0,0,71744,128,472,1145,649755761,2635975805,856128,0
1783,1116992,134720,172608,0,18176,9600,587648,109184,85056,64896,1052096,0,1408,582336,0,0,0,0,0,0,192,64,128,64,37824,0,0,0,70784,128,483,1138,58415389,625389258,1042496,0
1784,1118400,106240,171072,0,6144,18624,336832,115968,363520,342208,776192,0,1408,331584,0,0,0,0,0,0,128,64,64,0,38528,0,0,0,76992,192,463,1104,2468218059,4176916300,757568,0
1785,1116736,118656,174208,0,6528,18240,444800,120576,233728,211840,904896,0,1344,439552,0,0,0,0,0,0,64,64,64,0,41792,0,0,0,78464,128,469,1122,2342696391,1354679478,886656,0
1786,1116800,106816,176256,0,6720,18560,346176,125568,336704,312320,804480,0,1408,340736,0,0,0,0,0,0,128,128,128,64,45248,0,0,0,79744,128,479,1140,2853441756,1322613121,785920,0
1787,1116864,105472,165696,0,5952,33152,336448,123456,346688,324800,792064,0,1408,330944,0,0,0,0,0,0,64,128,64,0,45312,0,0,0,77760,128,454,1108,1439178748,2933831383,758912,0
1788,1116928,106368,166912,0,3648,18112,366784,123328,331776,309888,807040,0,1472,361408,0,0,0,0,0,0,128,64,128,0,45184,0,0,0,77696,128,464,1118,3319292073,4263008417,788928,0
1789,1116800,106240,167104,0,3648,18112,337984,122880,360832,339264,777536,0,1472,332672,0,0,0,0,0,0,128,64,64,0,45376,0,0,0,77120,128,470,1134,2878879555,2881788311,759424,0
1790,1116672,126976,172224,0,5888,19392,471488,122880,197824,176192,940480,0,1408,466176,0,0,0,0,0,0,128,128,64,0,44800,0,0,0,77632,128,462,1124,1928912699,2804791008,921088,0
1791,1117056,153728,171840,0,6080,18368,434048,120384,212608,185344,931712,0,1408,428864,0,0,0,0,0,0,128,64,64,0,42368,0,0,0,77568,192,472,1133,291646791,19603191,913344,0
1792,1677184,165120,170816,0,19648,33280,705280,126528,456512,434624,1242560,0,1472,699904,0,0,0,0,0,0,128,128,64,0,47936,0,0,0,78080,192,484,1140,2149616707,590819289,1209280,0
1793,1116480,127488,169152,0,4928,56000,380160,129984,248768,227392,889088,0,1472,374784,0,0,0,0,0,0,128,64,64,0,50304,0,0,0,79232,192,481,1132,2805586158,3094204137,833088,0
1794,1116800,114048,171584,0,3584,32960,354880,125632,314112,292160,824640,0,1472,349312,0,0,0,0,0,0,128,64,64,0,46144,0,0,0,79104,128,479,1120,3602127356,4279170191,791680,0
1795,1117120,114240,172160,0,3520,18304,382336,125184,301376,279744,837376,0,1408,377024,0,0,0,0,0,0,128,64,128,0,46080,0,0,0,78656,128,486,1147,1361571921,3553426789,819072,0
1796,1116672,134720,171584,0,3840,17856,426560,128000,234112,212416,904256,0,1408,421120,0,0,0,0,0,0,192,64,128,0,45312,0,0,0,82176,128,475,1144,1578567466,3927246670,886400,0
1797,1117184,115392,166976,0,3712,17728,442624,125184,245568,223104,894080,0,1472,437248,0,0,0,0,0,0,128,128,64,0,43904,0,0,0,80768,192,480,1141,1490584425,1112680055,876352,0
1798,1116352,105984,166144,0,3776,18240,424256,123392,274560,252736,863616,0,1344,419008,0,0,0,0,0,0,64,128,64,64,43520,0,0,0,79424,128,491,1166,408936902,1040780700,845376,0
1799,1116928,105472,165632,0,3712,18368,396672,122368,304704,283008,833920,0,1344,391232,0,0,0,0,0,0,64,64,64,0,41984,0,0,0,80064,128,493,1178,2295199381,4116126839,815552,0
1800,1116416,105472,166208,0,3712,18432,396800,120000,305792,284352,832064,0,1344,391360,0,0,0,0,0,0,64,64,64,0,39296,0,0,0,80384,128,492,1173,928082576,3455040631,813632,0
1801,1117248,106112,165888,0,3776,18240,439360,107584,276288,254400,862848,0,1344,434048,0,0,0,0,0,0,128,128,64,0,29248,0,0,0,77888,128,482,1150,2066659471,951445593,844608,0
1802,1116608,124992,166336,0,3712,17984,523712,152320,127552,105792,1010816,0,1408,518336,0,0,0,0,0,0,128,64,128,64,33536,0,0,0,118272,128,497,1191,3190500791,2943395519,992832,0
1803,1116736,105856,166464,0,3712,18176,437120,153280,232128,210624,906112,0,1408,431616,0,0,0,0,0,0,128,64,64,0,36736,0,0,0,116160,128,488,1184,3400512863,3994750689,887936,0
1804,1116928,105024,167552,0,3712,18048,426944,155584,240064,218304,898624,0,1408,421440,0,0,0,0,0,0,192,64,64,0,37440,0,0,0,117632,192,489,1183,1628877641,777673011,880576,0
1805,1116992,105408,166528,0,6016,18624,484160,151744,184512,162880,954112,0,1472,478848,0,0,0,0,0,0,64,64,64,0,34496,0,0,0,116928,128,488,1175,1655521028,2844676572,935488,0
1806,1116800,105856,167360,0,4928,18432,433920,150848,235456,213696,903104,0,1344,428480,0,0,0,0,0,0,128,64,64,0,35200,0,0,0,115264,128,491,1173,147068435,365471826,884672,0
1807,1116672,124224,166720,0,3584,18368,491456,155008,157312,129984,986688,0,1344,486144,0,0,0,0,0,0,128,64,128,64,35072,0,0,0,119360,192,505,1199,1265882682,179267415,968320,0
1808,1116992,118016,165248,0,4416,39744,575104,111744,102720,80640,1036352,0,1344,569792,0,0,0,0,0,0,128,64,128,0,34112,0,0,0,77184,128,496,1189,3098053692,2914422318,996608,0
1809,1116480,105088,166720,0,3584,18240,439360,109504,273984,252224,864256,0,1536,433856,0,0,0,0,0,0,128,64,64,0,31744,0,0,0,77376,128,489,1167,2781360214,3862510256,846016,0
1810,1116800,105152,166336,0,3584,17984,443648,109696,270400,248704,868096,0,1344,438208,0,0,0,0,0,0,128,128,128,64,32192,0,0,0,76928,128,490,1176,2076557310,3508107006,850112,0
1811,1116800,123584,166400,0,12160,18304,569600,111552,115200,93312,1023488,0,1408,564160,0,0,0,0,0,0,64,128,64,0,35520,0,0,0,75648,128,508,1223,1059850087,1409598903,1005184,0
1812,1116736,105984,166336,0,3776,17664,439808,113728,269440,247680,869056,0,1344,434496,0,0,0,0,0,0,64,64,64,0,36992,0,0,0,76416,128,508,1224,3542497092,808494324,851392,0
1813,1116544,164160,165568,0,3712,18112,591360,111488,62144,40576,1075968,0,1408,585984,0,0,0,0,0,0,128,128,128,64,33856,0,0,0,77056,128,502,1208,3938155911,198081640,1057856,0
1814,1116672,128896,166720,0,10240,18624,510976,116544,164672,142848,973824,0,1472,505536,0,0,0,0,0,0,128,64,64,0,38592,0,0,0,77568,128,506,1215,1709435987,3379674904,955200,0
1815,1116736,154112,166272,0,11776,18304,562368,120768,83136,61568,1055168,0,1408,557056,0,0,0,0,0,0,128,64,64,0,43584,0,0,0,76800,128,507,1223,1135584242,860078884,1036864,0
1816,1117120,111616,165888,0,3968,17856,411776,121792,284224,262400,854720,0,1408,406400,0,0,0,0,0,0,64,128,128,64,43584,0,0,0,77696,128,507,1213,325418753,1313989427,836864,0
1817,1116736,111680,166080,0,5120,33408,427840,118336,254272,232320,884416,0,1408,422464,0,0,0,0,0,0,128,64,64,0,39808,0,0,0,78080,192,509,1215,2453963071,3004513291,851008,0
1818,1116864,112192,166080,0,6144,18624,412608,117632,283584,261952,854912,0,1408,407360,0,0,0,0,0,0,128,64,128,64,40064,0,0,0,76992,192,504,1204,3753029689,3027347491,836288,0
1819,1116800,125184,168704,0,7104,18240,488512,113920,195136,173440,943360,0,1344,483072,0,0,0,0,0,0,128,64,128,64,35968,0,0,0,77376,192,506,1195,981805377,3447929248,925120,0
1820,1116672,112832,166592,0,6656,18304,410944,113728,287616,265664,851008,0,1344,405568,0,0,0,0,0,0,128,64,64,0,35072,0,0,0,78272,128,507,1192,2809956387,3045568724,832704,0
1821,1116928,111680,166656,0,4992,17984,410496,112832,292288,270464,846464,0,1344,405120,0,0,0,0,0,0,64,64,64,0,35584,0,0,0,76928,128,495,1172,2100691608,2613702309,828480,0
1822,1116864,111680,166400,0,3584,18112,423808,108032,285248,263424,853440,0,1408,418496,0,0,0,0,0,0,64,64,128,64,30848,0,0,0,76736,128,488,1173,3686238031,915337418,835328,0
1823,1116672,112960,166144,0,3648,18240,368128,101440,346112,319040,797632,0,1472,362688,0,0,0,0,0,0,64,64,128,64,24832,0,0,0,76160,128,483,1159,155850448,2984853544,779392,0
1824,1116928,113088,165248,0,5824,40448,367296,102016,323008,301120,815808,0,1408,361920,0,0,0,0,0,0,192,64,128,64,24512,0,0,0,76928,128,485,1164,2892464202,2965577627,775360,0
1825,1116800,124672,166016,0,5888,18048,372096,88256,341824,319744,797056,0,1344,366784,0,0,0,0,0,0,128,128,64,64,12800,0,0,0,74944,128,483,1167,3112190633,2841258938,779008,0
1826,1116672,105152,165632,0,3584,18112,374784,89152,360256,338624,778048,0,1408,369408,0,0,0,0,0,0,128,64,64,0,12800,0,0,0,75968,128,479,1159,1530236457,50071858,759936,0
1827,1117056,105664,165056,0,3584,17984,365760,89152,369856,347840,769216,0,1408,360320,0,0,0,0,0,0,128,64,64,0,12544,0,0,0,76224,128,480,1158,2797314412,1862970177,751232,0
1828,1116416,135296,165632,0,3584,18560,489792,89344,214208,193088,923328,0,1472,484480,0,0,0,0,0,0,128,64,64,0,12288,0,0,0,76672,128,483,1151,165859764,3056385728,904768,0
1829,1117056,122880,167744,0,3520,17792,473216,90368,241536,219776,897280,0,1408,467904,0,0,0,0,0,0,128,64,64,0,12352,0,0,0,77632,128,478,1151,781647394,2525865233,879488,0
1830,1676864,175424,173696,0,4608,32576,705088,100160,485312,461824,1215040,0,1408,699584,0,0,0,0,0,0,64,128,64,0,22272,0,0,0,77440,192,497,1167,2841429740,2336540812,1182464,0
1831,1116928,126016,170752,0,5888,33344,346816,102208,331904,310144,806784,0,1408,341504,0,0,0,0,0,0,64,128,64,64,25536,0,0,0,76224,128,502,1182,1157365696,483252232,773440,0
1832,1116928,113536,169344,0,6144,33472,336768,100864,356800,334976,781952,0,1472,331456,0,0,0,0,0,0,128,64,64,0,24384,0,0,0,76096,128,498,1168,3320341099,2603214785,748480,0
1833,1116608,113536,170816,0,3520,18048,320064,104768,385856,364096,752512,0,1408,314496,0,0,0,0,0,0,128,64,128,0,28096,0,0,0,76224,128,505,1182,496582725,1008805837,734464,0
1834,1116864,150464,170688,0,5760,18496,483456,105472,182528,160768,956096,0,1408,478144,0,0,0,0,0,0,128,64,128,64,27776,0,0,0,77184,128,500,1186,1793419087,871121368,937600,0
1835,1116544,114240,170240,0,5824,18624,390336,106048,311232,289792,826752,0,1472,384896,0,0,0,0,0,0,128,64,64,0,27648,0,0,0,78016,128,492,1173,1299373611,3238449013,808128,0
1836,1116992,105984,166144,0,4928,18240,352640,104192,364864,343104,773888,0,1408,347264,0,0,0,0,0,0,64,64,128,64,27520,0,0,0,76224,128,497,1180,576582548,4278416893,755648,0
1837,1116928,105280,165568,0,3456,18048,379648,102912,342016,319872,797056,0,1408,374336,0,0,0,0,0,0,64,64,128,64,25024,0,0,0,77440,128,499,1167,391545210,2272139612,779008,0
1838,1116736,105408,164224,0,3520,17984,382656,103808,339136,317312,799424,0,1408,377280,0,0,0,0,0,0,64,128,64,0,25024,0,0,0,78336,192,493,1158,1078371484,3466498561,781440,0
1839,1116800,105664,164864,0,3520,40512,373376,89152,339712,312256,804544,0,1344,368000,0,0,0,0,0,0,128,64,128,64,12288,0,0,0,76352,128,484,1154,2821336282,3297152765,764032,0
1840,1116800,104576,170944,0,3456,18176,436352,89344,293952,272320,844480,0,1344,430976,0,0,0,0,0,0,64,64,128,64,12672,0,0,0,76160,192,473,1140,3211668512,4150977376,826304,0
1841,1116480,105344,171328,0,3520,18176,403776,91648,322688,301120,815360,0,1408,398336,0,0,0,0,0,0,128,64,128,64,12288,0,0,0,78848,128,467,1133,3311011109,23404336,797184,0
1842,1116992,105984,171008,0,3520,18496,385984,88960,343040,321280,795712,0,1344,380416,0,0,0,0,0,0,192,64,64,0,12672,0,0,0,75840,128,485,1152,936394910,4276554404,777216,0
1843,1116736,106560,167936,0,3520,18432,390080,88064,342144,320320,796416,0,1344,384640,0,0,0,0,0,0,128,64,128,64,12416,0,0,0,75136,128,493,1160,451659185,814117895,777984,0
1844,1116736,104832,171712,0,3584,18112,399040,88320,331136,309824,806912,0,1344,393664,0,0,0,0,0,0,128,128,128,64,12288,0,0,0,75456,128,491,1159,4232022358,1855607990,788800,0
1845,1117056,138304,170496,0,3584,18240,451200,88960,246272,224576,892480,0,1408,445824,0,0,0,0,0,0,128,128,128,0,12544,0,0,0,75904,128,498,1189,1010303706,1861990550,874240,0
1846,1116544,104512,171072,0,3584,18368,382976,88832,347200,325504,791040,0,1408,377536,0,0,0,0,0,0,128,128,128,64,12736,0,0,0,75520,128,503,1197,2873342787,3613570198,772672,0
1847,1117056,128960,165760,0,11520,33152,384192,89664,303808,281856,835200,0,1408,378624,0,0,0,0,0,0,128,64,64,0,12416,0,0,0,76800,192,506,1203,1121484714,1316166640,802048,0
1848,1116480,105408,164224,0,5440,18560,354176,89088,379584,357696,758784,0,1408,348992,0,0,0,0,0,0,64,64,64,0,12480,0,0,0,76224,192,507,1202,4128267832,3405543225,740224,0
1849,1116864,124352,166720,0,7552,18560,449152,142976,207552,186112,930752,0,1344,443776,0,0,0,0,0,0,128,128,64,64,25408,0,0,0,117056,128,513,1241,2863310636,3097100819,912192,0
1850,1116608,104832,166784,0,8064,18368,377600,146304,294656,273024,843584,0,1472,372096,0,0,0,0,0,0,128,64,64,0,30080,0,0,0,115840,128,513,1253,3596260039,1545530203,825216,0
1851,1117184,138304,166976,0,8448,17728,470592,146368,168768,146688,970496,0,1408,465216,0,0,0,0,0,0,128,64,64,0,30208,0,0,0,115776,128,515,1244,4259319750,2714138067,952768,0
1852,1116544,106112,165696,0,5184,18816,376704,150016,294016,272384,844160,0,1344,371456,0,0,0,0,0,0,64,128,128,64,30336,0,0,0,119168,128,507,1246,3598859248,2617710272,825344,0
1853,1116928,105984,166848,0,5248,18112,417088,147520,256128,234496,882432,0,1408,411776,0,0,0,0,0,0,64,64,128,64,30464,0,0,0,116544,192,505,1236,572546788,82402425,864320,0
1854,1117056,171520,166464,0,5120,40000,507648,147200,79104,56960,1060096,0,1408,502336,0,0,0,0,0,0,192,128,64,0,29824,0,0,0,116864,128,520,1254,837291211,2486916791,1020096,0
1855,1116352,152896,167040,0,12224,18112,572672,116096,77312,50048,1066304,0,1472,567232,0,0,0,0,0,0,128,128,128,64,37824,0,0,0,77632,192,509,1196,1551232853,2405674562,1048192,0
1856,1116864,105920,165632,0,13440,18496,526016,126976,160384,138432,978432,0,1344,520576,0,0,0,0,0,0,128,128,128,0,49088,0,0,0,77376,128,510,1227,4173542445,646244842,959936,0
1857,1117376,105472,165504,0,5760,18240,528768,126336,167296,144576,972800,0,1408,523456,0,0,0,0,0,0,128,64,64,0,47872,0,0,0,78080,128,517,1244,1809225966,3750148635,954560,0
1858,1116224,105152,166464,0,5632,18304,551616,122304,146752,124928,991296,0,1344,546368,0,0,0,0,0,0,128,128,128,0,44864,0,0,0,76928,128,527,1264,2034888842,4131805223,972992,0
1859,1116800,105984,166080,0,5696,18240,546176,122560,152064,130368,986432,0,1472,540736,0,0,0,0,0,0,64,64,128,0,45632,0,0,0,76544,128,523,1266,1813026821,600637529,968192,0
1860,1116928,105984,165632,0,5760,17792,539392,123712,158656,136896,980032,0,1472,534080,0,0,0,0,0,0,64,64,64,0,45632,0,0,0,77696,192,516,1255,640783021,1078492167,962240,0
1861,1116864,105536,166592,0,5696,18368,585472,132352,102848,80832,1036032,0,1472,580160,0,0,0,0,0,0,128,128,64,0,54208,0,0,0,77632,192,514,1240,3917999349,2500464967,1017664,0
1862,1676672,123648,166400,0,27328,18816,811904,223808,304768,282688,1393984,0,1408,806464,0,0,0,0,0,0,45120,128,192,64,57280,0,0,0,120896,128,534,1291,3675565194,1342226766,1375168,0
1863,1116544,105280,167744,0,7936,18304,501824,219456,96000,74368,1042176,0,1408,496448,0,0,0,0,0,0,45312,128,256,64,51200,0,0,0,122368,128,548,1310,802368655,1950978132,1023872,0
1864,1116928,105792,167360,0,8576,18688,502336,202304,111872,89984,1026944,0,1408,496832,0,0,0,0,0,0,45120,128,192,64,36096,0,0,0,120576,128,548,1314,150762233,2678006387,1008256,0
1865,1117056,105664,167424,0,7808,18368,493312,190272,134208,112000,1005056,0,1344,488000,0,0,0,0,0,0,45312,192,256,0,25728,0,0,0,118656,128,537,1281,3213736040,28468139,986688,0
1866,1116672,240960,167488,0,6912,18496,441792,209920,31104,9280,1107392,0,1344,436352,0,0,0,0,0,0,45440,128,128,64,14400,0,0,0,149632,128,586,1412,2534055598,2638087772,1088896,0
1867,1116544,131584,166784,0,5504,18688,409152,209408,175424,153600,962944,0,1344,403904,0,0,0,0,0,0,45632,128,128,0,14016,0,0,0,149376,128,584,1440,902964168,1106018505,944256,0
1868,1117056,132544,167296,0,7680,18752,426944,174528,189312,167232,949824,0,1408,421568,0,0,0,0,0,0,45696,64,128,0,14144,0,0,0,114304,192,583,1450,2888160135,1979664389,931072,0
1869,1116608,132736,168128,0,7680,41280,400256,175488,191040,169472,947136,0,1344,394944,0,0,0,0,0,0,46272,128,128,64,14016,0,0,0,114688,192,595,1473,2232342889,709371225,905856,0
1870,1677056,162048,167104,0,6784,20800,597696,212288,510336,488640,1188416,0,1408,592384,0,0,0,0,0,0,45760,128,128,0,13824,0,0,0,152320,128,608,1498,1341995077,1087481998,1167616,0
1871,1676864,186816,166592,0,5312,20800,684096,211840,401408,373952,1302912,0,1408,678784,0,0,0,0,0,0,45120,64,128,0,13696,0,0,0,152704,128,615,1509,3925483440,144860088,1282112,0
1872,1116928,134784,170240,0,12032,22400,393408,181312,202752,180672,936256,0,1344,388224,0,0,0,0,0,0,45120,128,128,0,15552,0,0,0,120256,128,571,1416,1801749612,693060329,913856,0
1873,1676992,148032,165952,0,5440,21120,554048,213696,568704,546624,1130368,0,1408,548672,0,0,0,0,0,0,45504,128,128,0,14336,0,0,0,153408,192,611,1532,604218042,1273897894,1109248,0
1874,1116672,144448,167936,0,5504,20928,472064,254464,51328,29696,1086976,0,1280,466688,0,0,0,0,0,0,45824,192,42240,0,13824,0,0,0,152192,192,635,1540,1443109518,388683206,1066048,0
1875,1677184,144832,166272,0,12928,21056,641920,272256,417920,395840,1281344,0,1344,636288,0,0,0,0,0,0,46336,192,42560,0,30464,0,0,0,152576,128,637,1550,2477958,3797346702,1260288,0
1876,1116800,131072,168320,0,8448,20992,435456,246464,106048,84032,1032768,0,1408,430208,0,0,0,0,0,0,45184,192,41344,64,38720,0,0,0,120832,128,623,1502,296448794,1939814243,1011776,0
1877,1116352,131648,166720,0,15360,35776,438080,245120,83648,61952,1054400,0,1472,432832,0,0,0,0,0,0,45248,128,41280,64,38272,0,0,0,119936,192,632,1512,2993870100,3763101893,1018624,0
1878,1677184,151680,166656,0,7040,21376,665280,282496,382656,360704,1316480,0,1472,659840,0,0,0,0,0,0,45824,192,41216,64,38656,0,0,0,156416,128,665,1587,39887574,470666260,1295104,0
1879,1676992,145088,167168,0,7808,20864,537344,244608,554112,532480,1144512,0,1344,532096,0,0,0,0,0,0,45952,192,42688,64,37952,0,0,0,117632,128,664,1567,3076526316,2097307284,1123648,0
1880,1116864,131392,167680,0,8064,21312,511552,207360,69504,47808,1069056,0,1408,506176,0,0,0,0,0,0,45888,64,128,64,45760,0,0,0,115264,192,631,1487,1686478549,4271599822,1047744,0
1881,1116864,130624,166208,0,5504,43008,448128,208832,114560,92544,1024320,0,1408,442624,0,0,0,0,0,0,45440,64,192,0,46144,0,0,0,116864,128,640,1505,491332040,1653685303,981312,0
1882,1116928,130624,167424,0,5504,20928,476032,243776,72640,50752,1066176,0,1408,470656,0,0,0,0,0,0,45568,128,128,0,45888,0,0,0,151936,128,675,1586,821773591,3935452975,1045248,0
1883,1676800,155904,167104,0,14528,21056,530048,244672,543488,521600,1155200,0,1280,524672,0,0,0,0,0,0,45632,128,128,0,45952,0,0,0,152704,128,653,1546,3638645048,2937902908,1134144,0
1884,1676736,131200,167616,0,5632,20992,577024,216960,557312,535744,1140992,0,1472,571584,0,0,0,0,0,0,46016,64,128,0,54080,0,0,0,116480,192,634,1507,2798203899,2606225257,1120000,0
1885,1677056,132416,167680,0,7872,20800,580352,217152,550784,528768,1148288,0,1344,575104,0,0,0,0,0,0,46144,128,192,64,54272,0,0,0,116224,128,633,1502,3998158218,1230311172,1127488,0
1886,1677120,131776,166400,0,8000,20992,615936,251520,482496,460736,1216384,0,1408,610496,0,0,0,0,0,0,45696,64,128,64,53824,0,0,0,151616,128,655,1550,796378697,1580428709,1195392,0
1887,1676800,132096,166848,0,7744,21376,613376,251904,483456,456256,1220544,0,1408,608064,0,0,0,0,0,0,45440,128,192,0,53952,0,0,0,152064,128,669,1578,2578052228,1722315149,1199168,0
1888,1676992,131904,166080,0,6976,21504,596928,222848,530752,509056,1167936,0,1472,591296,0,0,0,0,0,0,45568,128,128,0,60800,0,0,0,116096,128,648,1523,43128727,3111048712,1146432,0
1889,1677120,131968,167488,0,7744,22784,579072,224320,543744,521728,1155392,0,1408,573760,0,0,0,0,0,0,45696,64,128,0,57536,0,0,0,120768,128,635,1502,252704982,3045474302,1132608,0
1890,1676864,150208,167232,0,7872,21184,653632,255040,421696,397120,1279744,0,1408,648320,0,0,0,0,0,0,46144,128,128,64,56064,0,0,0,152384,128,653,1557,362852099,488036633,1258560,0
1891,1676800,131904,166016,0,7744,20864,536640,247360,566272,544448,1132352,0,1344,530944,0,0,0,0,0,0,45248,128,128,0,50816,0,0,0,150912,128,657,1552,2926012342,731248648,1111488,0
1892,1677120,149696,167680,0,6976,42944,598016,221440,490368,468352,1208768,0,1344,592704,0,0,0,0,0,0,45504,128,128,0,58432,0,0,0,117120,128,642,1515,3421161061,1121364383,1165824,0
1893,1116608,130304,167680,0,5440,20416,472384,221504,98880,76928,1039680,0,1344,467072,0,0,0,0,0,0,45760,64,128,64,58304,0,0,0,117056,128,619,1472,2053513387,3535769132,1019264,0
1894,1677056,131264,167808,0,5504,21568,569216,254464,527232,505344,1171712,0,1408,563904,0,0,0,0,0,0,46016,128,128,64,55744,0,0,0,152192,192,657,1573,2515312623,2810656299,1150144,0
1895,1676928,145664,167360,0,7808,20992,539584,248896,546624,524864,1152064,0,1408,534208,0,0,0,0,0,0,45632,128,128,0,50880,0,0,0,152000,128,656,1571,3818999469,3991621566,1131072,0
1896,1116864,142336,166848,0,7296,20800,532352,222336,24896,2752,1114112,0,1408,526848,0,0,0,0,0,0,45632,128,64,64,58944,0,0,0,117376,128,634,1525,863629387,1844907956,1093312,0
1897,1676928,141312,167424,0,5312,20992,582272,221632,537984,515968,1160960,0,1472,576896,0,0,0,0,0,0,45952,128,128,0,57792,0,0,0,117440,192,626,1487,1975631072,378263801,1139968,0
1898,1676992,152000,166464,0,5312,20608,736448,241856,354304,332608,1344384,0,1408,731072,0,0,0,0,0,0,45312,128,128,0,43648,0,0,0,152512,128,638,1531,2414702787,2918462881,1323776,0
1899,1676864,131200,167168,0,6464,20480,649408,235520,466624,444544,1232320,0,1408,644224,0,0,0,0,0,0,45824,64,128,0,38656,0,0,0,150720,128,651,1545,1427770573,4121676867,1211840,0
1900,1676992,131712,166272,0,5312,20736,674496,200768,477696,455232,1221760,0,1408,669120,0,0,0,0,0,0,46272,128,128,64,38080,0,0,0,115904,192,634,1495,1815469934,775294269,1201024,0
1901,1677056,156160,167680,0,5376,21248,551168,201216,574208,552064,1124992,0,1408,545792,0,0,0,0,0,0,45760,128,128,0,39040,0,0,0,116032,128,634,1509,4108745814,1473179961,1103744,0
1902,1677056,144704,166336,0,12288,20928,645952,238400,448448,426304,1250752,0,1408,640640,0,0,0,0,0,0,46144,128,192,64,38848,0,0,0,152896,128,618,1511,3782070387,3776139643,1229824,0
1903,1677120,130560,166464,0,6336,43136,515584,239168,575872,548096,1129024,0,1408,510336,0,0,0,0,0,0,45376,128,128,64,38848,0,0,0,154496,128,639,1532,1977201597,4194000637,1085888,0
1904,1116672,130880,166336,0,5248,20352,512000,200896,80960,58944,1057728,0,1344,506752,0,0,0,0,0,0,46208,128,128,0,38720,0,0,0,115584,128,630,1486,2628497725,2386583513,1037376,0
1905,1116608,136576,169600,0,5376,9728,486016,199616,109696,88064,1028544,0,1408,480704,0,0,0,0,0,0,48192,64,192,64,39424,0,0,0,111552,128,626,1502,2127390445,1170896937,1018816,0
1906,1675584,131136,166592,0,5312,9792,571904,226112,564736,544448,1131136,0,1344,566592,0,0,0,0,0,0,45824,128,128,64,35328,0,0,0,144512,128,630,1523,1125343019,1512569849,1121344,0
1907,1116992,131328,172352,0,14208,24896,515776,219648,38784,18496,1098496,0,1344,510464,0,0,0,0,0,0,45696,128,128,0,29632,0,0,0,143936,128,634,1527,3094343737,1636783832,1073600,0
1908,1116608,131008,172224,0,5248,9792,430656,185024,182656,162496,954112,0,1408,425344,0,0,0,0,0,0,45696,128,192,64,29696,0,0,0,109120,128,639,1520,267406504,2989419825,944320,0
1909,1116480,182720,172544,0,5312,9600,489024,184640,72640,52800,1063680,0,1408,483648,0,0,0,0,0,0,45632,128,192,0,29760,0,0,0,108800,128,627,1510,2408268400,3285712166,1054080,0
1910,1677504,212800,169792,0,5376,9792,629184,221824,428736,408256,1269248,0,1408,624000,0,0,0,0,0,0,46272,128,128,0,29632,0,0,0,145472,192,632,1539,1559498494,2033074180,1259456,0
1911,1116608,131072,172096,0,5312,9600,458496,219648,120384,100544,1016064,0,1408,453184,0,0,0,0,0,0,45632,128,128,0,29888,0,0,0,143744,128,626,1527,3749327196,4034468096,1006464,0
1912,1676672,248576,171264,0,12096,9792,751360,205440,278144,258304,1418368,0,1408,745984,0,0,0,0,0,0,45696,128,192,64,49024,0,0,0,110208,128,611,1492,418826255,860849488,1408576,0
1913,1116992,149248,171840,0,5504,9792,367744,191552,221312,201344,915648,0,1408,362432,0,0,0,0,0,0,45696,128,128,0,37248,0,0,0,108224,128,613,1476,1550329037,4165328308,905856,0
1914,1677184,237888,167232,0,16640,9856,717888,250560,277120,253760,1423424,0,1408,712448,0,0,0,0,0,0,46400,128,128,0,57920,0,0,0,145856,128,629,1536,1327061429,3880941051,1413568,0
1915,1116928,178368,167680,0,5760,9920,404032,235008,116160,96128,1020800,0,1408,398720,0,0,0,0,0,0,45760,64,128,64,43648,0,0,0,145216,128,629,1538,3401150856,2112411910,1010880,0
1916,1676864,192384,166144,0,13504,32448,629312,193856,449216,428992,1247872,0,1408,623936,0,0,0,0,0,0,46336,128,128,0,37568,0,0,0,109568,128,620,1489,4205476573,22852876,1215424,0
1917,1117120,169600,170560,0,5824,9728,380480,183680,197248,174400,942720,0,1280,375104,0,0,0,0,0,0,45888,64,128,0,29120,0,0,0,108288,192,622,1487,3305773355,2980979690,932992,0
1918,1116416,146368,171776,0,8576,10368,425856,220416,133056,113152,1003264,0,1408,420416,0,0,0,0,0,0,45696,64,128,0,29632,0,0,0,144768,128,632,1534,2892185711,3867789635,992896,0
1919,1116736,158912,171712,0,9280,9984,483200,220288,63360,37888,1078848,0,1344,477696,0,0,0,0,0,0,45696,128,128,0,29440,0,0,0,144704,192,632,1544,3506488951,1995400631,1068864,0
1920,2237376,224256,179968,0,12160,28096,984512,250304,558080,528640,1708736,0,3264,974400,0,0,0,0,0,0,45504,128,128,0,45888,0,0,0,158528,128,606,1478,2038269236,2899924833,1680640,0
1921,1116672,190016,171520,0,14016,24832,352320,247680,116288,96256,1020416,0,1472,346816,0,0,0,0,0,0,45312,64,128,0,43712,0,0,0,158336,128,605,1477,1796953742,4138058034,995584,0
1922,1116864,180928,171712,0,7936,25088,377024,274304,79872,59648,1057216,0,1472,371712,0,0,0,0,0,0,45632,128,128,0,35904,0,0,0,192384,128,616,1513,3816412118,3933993598,1032128,0
1923,1116672,180992,171968,0,9152,24896,351872,273984,103808,83904,1032768,0,1408,346560,0,0,0,0,0,0,45312,128,128,0,35008,0,0,0,193280,128,617,1508,2207115113,113672476,1007872,0
1924,1117120,204416,172672,0,7104,9792,365248,234048,123840,103680,1013440,0,1408,359680,0,0,0,0,0,0,45696,64,128,0,30528,0,0,0,157504,128,602,1464,1431407533,2507238287,1003648,0
1925,1116480,190656,167552,0,5632,9920,390464,236608,115648,96064,1020416,0,1408,385152,0,0,0,0,0,0,45824,64,128,0,33472,0,0,0,156928,192,612,1476,746730596,2618164129,1010496,0
1926,1116736,184128,166400,0,5504,9920,446336,272256,32192,12096,1104640,0,1472,441024,0,0,0,0,0,0,45504,128,128,64,32768,0,0,0,193536,128,644,1554,2310398332,552011976,1094720,0
1927,1116992,178304,167680,0,5568,9664,403136,273600,79040,59008,1057984,0,1408,397760,0,0,0,0,0,0,45504,64,128,64,35968,0,0,0,191680,192,643,1542,1864802102,4044096036,1048320,0
1928,1116864,147136,165824,0,5568,9664,381056,238720,168896,148800,968064,0,1408,375680,0,0,0,0,0,0,45568,64,128,64,35520,0,0,0,157248,128,628,1491,4294283694,478796487,958400,0
1929,1118336,146560,166208,0,5568,13824,336704,191488,257984,236288,882048,0,1408,331200,0,0,0,0,0,0,45760,128,128,64,33600,0,0,0,111680,128,610,1468,2077279132,1645494860,868224,0
1930,1116864,144448,167360,0,5568,36416,413184,234432,115456,93632,1023232,0,1344,407744,0,0,0,0,0,0,45888,128,128,0,36096,0,0,0,152064,128,613,1501,2149640909,1660536222,986816,0
1931,1116672,147904,167360,0,5568,14016,351872,231616,198336,176704,939968,0,1408,346432,0,0,0,0,0,0,45696,128,128,0,39232,0,0,0,146304,128,621,1521,2808629672,3822817115,925952,0
1932,1116672,166784,166016,0,5568,9344,513984,152384,102592,80768,1035904,0,1472,508672,0,0,0,0,0,0,0,0,0,0,44992,0,0,0,107264,128,605,1511,4291563693,3127015831,1026560,0
1933,1115392,150912,166784,0,5568,9344,326016,153408,303360,283456,831936,0,1408,320832,0,0,0,0,0,0,0,0,0,0,46656,0,0,0,106560,192,605,1511,2549840802,2404549651,822592,0
1934,1116736,161152,166272,0,5632,9792,344640,149120,280128,260352,856384,0,1408,339328,0,0,0,0,0,0,0,0,0,0,41536,0,0,0,107456,128,588,1508,565460041,2595770770,846592,0
1935,1116736,159872,167104,0,5696,9344,365952,140864,267904,242496,874240,0,1408,360640,0,0,0,0,0,0,0,0,0,0,34496,0,0,0,106240,128,575,1491,2950026519,1952695370,864896,0
1936,1118208,129728,166272,0,5504,18944,373312,114560,309888,288256,829952,0,1408,368128,0,0,0,0,0,0,64,64,128,64,37056,0,0,0,77056,128,517,1310,2542910378,1470935708,811008,0
1937,1116800,154432,166016,0,12928,33728,545664,144384,59648,37888,1078912,0,1408,540160,0,0,0,0,0,0,192,64,64,0,45952,0,0,0,97920,192,529,1338,4112862550,261393794,1045184,0
1938,1116864,146688,166656,0,12672,18816,494720,140800,136512,114944,1001920,0,1344,489408,0,0,0,0,0,0,192,64,128,64,43392,0,0,0,96832,128,528,1341,3544691493,248662956,983104,0
1939,1116992,158336,166016,0,6016,18496,516224,144896,107008,85184,1031808,0,1408,510976,0,0,0,0,0,0,128,128,128,64,46208,0,0,0,98112,128,528,1336,48497111,2618538653,1013312,0
1940,1116544,140608,167232,0,8448,19008,403904,136960,240384,218816,897728,0,1408,398528,0,0,0,0,0,0,128,128,64,0,40896,0,0,0,95616,128,509,1313,822925721,945098381,878720,0
1941,1117248,143360,166464,0,8640,18816,368896,118400,292672,270848,846400,0,1408,363520,0,0,0,0,0,0,128,64,128,64,40512,0,0,0,77376,128,511,1305,2562927038,1582509621,827584,0
1942,1116736,141184,169216,0,9088,18688,364928,117760,295872,273984,842752,0,1408,359424,0,0,0,0,0,0,128,64,64,0,40064,0,0,0,77248,192,512,1300,2115922122,2609957158,824064,0
1943,1117056,139776,166656,0,8000,18624,385856,129472,268672,246656,870400,0,1408,380608,0,0,0,0,0,0,128,64,128,64,51840,0,0,0,77120,128,528,1330,3868211377,701572584,851776,0
1944,1116672,158720,166080,0,7104,18368,612992,126720,26688,5056,1111616,0,1280,607616,0,0,0,0,0,0,128,64,128,64,48704,0,0,0,77440,192,522,1308,3662029613,355057941,1093248,0
1945,1116608,124160,165888,0,5760,18496,331328,123200,347776,325824,790784,0,1344,325952,0,0,0,0,0,0,64,64,128,64,45440,0,0,0,77312,128,523,1308,996206074,449192511,772288,0
1946,1116864,113664,166720,0,7936,40192,322752,129600,336000,314240,802624,0,1408,317312,0,0,0,0,0,0,192,64,128,64,46016,0,0,0,83008,128,525,1311,3923640243,4178831346,762432,0
1947,1116928,124032,166848,0,8192,18432,323776,121408,354240,332544,784384,0,1408,318400,0,0,0,0,0,0,128,64,128,0,43776,0,0,0,77120,192,523,1301,2392810375,709879609,765952,0
1948,1116992,123328,166272,0,5568,18816,354048,134272,314688,292992,824000,0,1344,348800,0,0,0,0,0,0,64,64,64,0,55872,0,0,0,78080,128,528,1315,386780740,2776276799,805184,0
1949,1116736,114496,166784,0,5632,19008,321472,132032,357312,335488,781248,0,1408,316224,0,0,0,0,0,0,128,64,64,0,54272,0,0,0,77376,128,530,1311,4055769924,259592532,762240,0
1950,1116928,129984,166912,0,5632,18560,478848,127232,189760,168320,948608,0,1408,473536,0,0,0,0,0,0,64,64,128,64,49216,0,0,0,77504,192,520,1294,1560279768,3004572043,930048,0
1951,1116992,112640,166592,0,5568,18368,358400,126080,329344,302144,814848,0,1408,353088,0,0,0,0,0,0,64,64,128,64,48384,0,0,0,77184,192,519,1293,618270291,2946615729,796480,0
1952,1116736,123776,165696,0,5696,18752,368128,126080,308608,287104,829632,0,1344,362752,0,0,0,0,0,0,128,128,64,64,48768,0,0,0,76800,128,526,1304,269259506,1327142460,810880,0
1953,1116928,125568,168128,0,5696,18368,372992,136320,289856,267968,848960,0,1536,367616,0,0,0,0,0,0,128,128,64,0,58176,0,0,0,77696,128,518,1297,1103401786,264011462,830592,0
1954,1116864,206784,165760,0,5824,18496,485952,132096,101952,80320,1036544,0,1280,480704,0,0,0,0,0,0,128,64,128,64,53376,0,0,0,78208,128,528,1298,1413975384,914745809,1018048,0
1955,1116608,145792,165888,0,7936,18432,447616,127872,203072,181504,935104,0,1344,442368,0,0,0,0,0,0,128,64,64,0,49728,0,0,0,77760,128,532,1319,3833700176,2259039421,916672,0
1956,1116928,133696,165632,0,7808,18432,412480,124864,254016,232256,884672,0,1408,407232,0,0,0,0,0,0,64,64,64,0,47296,0,0,0,77248,128,519,1284,1860699622,3382811852,866240,0
1957,1116864,114944,167680,0,5696,33984,493696,227008,73856,52224,1064640,0,1344,488320,0,0,0,0,0,0,64,64,67776,64,81536,0,0,0,77376,128,525,1294,1308815327,2593526337,1030656,0
1958,1116928,115328,167168,0,5760,34240,352512,238784,203136,180992,935936,0,1408,347200,0,0,0,0,0,0,128,64,67264,0,95488,0,0,0,75712,128,543,1347,2333810176,2992711319,901696,0
1959,1116672,114816,166784,0,5824,34112,438208,269440,87488,65920,1050752,0,1408,432832,0,0,0,0,0,0,128,64,67648,64,125056,0,0,0,76352,128,559,1406,2320627458,4142726466,1016640,0
1960,1116608,115968,165952,0,7936,34496,366080,291904,134272,112640,1003968,0,1408,360832,0,0,0,0,0,0,128,64,68032,0,147776,0,0,0,75776,128,549,1404,3920051563,1834968439,969472,0
1961,1116864,115648,166272,0,8448,56384,381696,273088,115328,93568,1023296,0,1344,376064,0,0,0,0,0,0,128,128,66944,0,130432,0,0,0,75264,192,541,1378,1210766118,1982195369,966912,0
1962,1116928,115584,166720,0,8064,34496,370240,266688,155136,133312,983616,0,1408,364992,0,0,0,0,0,0,192,128,67840,0,122432,0,0,0,75968,128,545,1390,1005992744,2785406315,949120,0
1963,1116736,116032,166336,0,5504,34176,371456,287872,135360,113664,1003072,0,1408,365952,0,0,0,0,0,0,64,64,67264,0,144768,0,0,0,75584,128,555,1413,588317369,117267260,968896,0
1964,1116480,115136,166656,0,7744,34432,388224,307456,96832,75200,1041280,0,1408,383040,0,0,0,0,0,0,64,64,67328,64,164736,0,0,0,75008,192,558,1415,2578130424,2892660214,1006848,0
1965,1677056,132288,166784,0,6784,34752,450112,309376,576960,555136,1121920,0,1408,444544,0,0,0,0,0,0,128,64,67520,0,164864,0,0,0,76672,128,564,1428,3415334167,985252971,1087168,0
1966,1116672,124736,165824,0,7488,33984,364992,309376,110272,88704,1027968,0,1536,359424,0,0,0,0,0,0,64,128,66624,0,163456,0,0,0,78976,128,557,1424,2927193626,2475103798,993984,0
1967,1116928,125056,167424,0,14016,34240,397824,304640,73728,46144,1070784,0,1536,392320,0,0,0,0,0,0,128,128,66880,0,158784,0,0,0,78592,128,547,1389,4145150333,2384770568,1036544,0
1968,1116480,115136,176512,0,6784,34304,383360,309760,90624,69184,1047296,0,1472,377792,0,0,0,0,0,0,64,64,67392,64,166080,0,0,0,75968,128,548,1397,1895663974,1991706296,1012992,0
1969,1116992,125888,165632,0,5376,34304,367552,314368,103872,82048,1034944,0,1536,362112,0,0,0,0,0,0,64,64,68096,0,170304,0,0,0,75712,128,543,1359,3794699122,86717920,1000640,0
1970,1116928,124672,166528,0,5504,34048,423296,305408,57472,35584,1081344,0,1536,417984,0,0,0,0,0,0,192,64,66944,0,161792,0,0,0,76288,128,543,1372,3388224720,3178059379,1047296,0
1971,1116928,116352,165888,0,5568,34176,363008,311680,120256,98688,1018240,0,1536,357696,0,0,0,0,0,0,128,64,66944,0,168832,0,0,0,75584,128,538,1365,2023553323,2844425725,984064,0
1972,1116800,126080,166912,0,5568,34048,374144,282048,128000,106304,1010496,0,1472,368576,0,0,0,0,0,0,64,64,66880,0,138944,0,0,0,75968,128,527,1334,2592722857,2393318700,976448,0
1973,1116864,125248,167168,0,5632,34496,354432,280704,149184,127616,989248,0,1472,349056,0,0,0,0,0,0,192,64,66688,64,137536,0,0,0,76032,128,527,1331,862111964,459141504,954752,0
