frame,ALL,FTR,STG,BG,AUD,HUD,SRC,MISC,OTHR,WAIT,WORK,SHDT,SWRM,GCRA,SCPU,SCAT,SPRM,SINT,SPHD,SPHC,MWPN,MITM,MEFX,MACT,MPRT,MTEX,MCAP,MPRO,MCAM,MFLS,GPOL,GVTX,DGSA,DGSB,WORK-H,WRAPFIX
2,15666240,10048,14388480,0,19776,611904,194176,61952,379904,342784,15323456,0,960,189248,0,0,0,0,0,0,0,0,0,0,10816,1950080,96768,1728,0,128,107,337,902322457,902322457,14711552,3
3,1116160,10112,144640,0,3712,8512,192832,52608,703744,683712,432448,0,960,187968,0,0,0,0,0,0,0,0,0,0,10496,0,0,0,41984,128,106,334,902322457,902322457,423936,0
4,1116800,10048,137728,0,3648,8896,194880,52352,709248,689664,427136,0,960,190144,0,0,0,0,0,0,0,0,0,0,10560,0,0,0,41664,128,103,327,902322457,902322457,418240,0
5,1116800,10048,144576,0,3648,8576,191168,52672,706112,686400,430400,0,896,186624,0,0,0,0,0,0,0,0,0,0,10496,0,0,0,42048,128,102,326,902322457,902322457,421824,0
6,1117120,10048,144320,0,4480,8576,194688,52672,702336,682816,434304,0,1024,189888,0,0,0,0,0,0,0,0,0,0,10560,0,0,0,41984,128,99,315,902322457,902322457,425728,0
7,1116992,10048,144320,0,3776,8640,191616,52672,705920,686528,430464,0,1024,186944,0,0,0,0,0,0,0,0,0,0,10560,0,0,0,41984,128,94,298,902322457,902322457,421824,0
8,1116864,10240,144640,0,3712,8768,193472,52608,703424,683968,432896,0,1024,188608,0,0,0,0,0,0,0,0,0,0,10752,0,0,0,41728,128,95,301,902322457,902322457,424128,0
9,1116992,10304,137536,0,3648,8832,194752,52352,709568,689920,427072,0,1024,189824,0,0,0,0,0,0,0,0,0,0,10560,0,0,0,41664,128,93,295,902322457,902322457,418240,0
10,1117056,10112,144128,0,3648,8512,191936,52480,706240,686720,430336,0,960,187264,0,0,0,0,0,0,0,0,0,0,10624,0,0,0,41728,128,90,286,902322457,902322457,421824,0
11,1117056,10368,144512,0,3712,8832,194368,52352,702912,683328,433728,0,960,189696,0,0,0,0,0,0,0,0,0,0,10560,0,0,0,41664,128,86,273,902322457,902322457,424896,0
12,1116864,10240,144384,0,3648,8768,190528,52544,706752,681408,435456,0,960,185920,0,0,0,0,0,0,0,0,0,0,10752,0,0,0,41664,128,82,262,902322457,902322457,426688,0
13,1116800,10112,142720,0,3648,8704,191104,52480,708032,688768,428032,0,896,186432,0,0,0,0,0,0,0,0,0,0,10624,0,0,0,41728,128,76,242,902322457,902322457,419328,0
14,1117248,9792,135232,0,3648,8448,191168,52416,716544,697152,420096,0,960,186496,0,0,0,0,0,0,0,0,0,0,10624,0,0,0,41664,128,70,225,902322457,902322457,411648,0
15,1116800,10048,141376,0,3776,8704,190272,52672,709952,690880,425920,0,1024,185600,0,0,0,0,0,0,0,0,0,0,10560,0,0,0,41984,128,70,231,902322457,902322457,417216,0
16,1116928,10176,141440,0,3712,8576,192064,52608,708352,689024,427904,0,896,187392,0,0,0,0,0,0,0,0,0,0,10624,0,0,0,41856,128,67,220,902322457,902322457,419328,0
17,1117120,10048,141888,0,3712,30080,190336,52992,688064,668224,448896,0,960,185728,0,0,0,0,0,0,0,0,0,0,10752,0,0,0,42112,128,66,215,902322457,902322457,418816,0
18,1116928,10176,141952,0,3584,8704,189824,52864,709824,689984,426944,0,960,185088,0,0,0,0,0,0,0,0,0,0,10752,0,0,0,41984,128,65,212,902322457,902322457,418240,0
19,1117120,9856,134912,0,3712,8576,191488,52608,715968,696640,420480,0,960,186688,0,0,0,0,0,0,0,0,0,0,10688,0,0,0,41792,128,67,217,902322457,902322457,411904,0
20,1116928,10176,141248,0,3776,8704,192960,52672,707392,687872,429056,0,896,188288,0,0,0,0,0,0,0,0,0,0,10560,0,0,0,41984,128,66,214,902322457,902322457,420352,0
21,1116672,9984,142848,0,3584,8768,196736,57344,697408,678208,438464,0,1024,191936,0,0,0,0,0,0,0,0,0,0,10880,0,0,0,46336,128,66,214,902322457,902322457,429696,0
22,1116864,10176,142208,0,3648,8704,193600,52544,705984,686592,430272,0,1024,188800,0,0,0,0,0,0,0,0,0,0,10688,0,0,0,41728,128,64,207,902322457,902322457,421568,0
23,1117056,9920,142464,0,3648,8640,193920,52736,705728,686080,430976,0,1088,189120,0,0,0,0,0,0,0,0,0,0,10816,0,0,0,41792,128,63,206,902322457,902322457,422336,0
24,1116800,9984,136704,0,3648,8832,194240,52224,711168,691712,425088,0,1024,189568,0,0,0,0,0,0,0,0,0,0,10432,0,0,0,41664,128,60,198,902322457,902322457,416256,0
25,1116928,10048,142464,0,3648,8960,192000,52800,707008,687232,429696,0,960,187264,0,0,0,0,0,0,0,0,0,0,10624,0,0,0,42048,128,60,197,902322457,902322457,420736,0
26,1117056,9920,142592,0,3712,8576,193984,52736,705536,685952,431104,0,1024,189120,0,0,0,0,0,0,0,0,0,0,10688,0,0,0,41920,128,60,197,902322457,902322457,422528,0
27,1116928,9792,142720,0,3648,8768,193280,52352,706368,686848,430080,0,1024,188480,0,0,0,0,0,0,0,0,0,0,10688,0,0,0,41536,128,60,197,902322457,902322457,421312,0
28,1116992,10048,142400,0,4480,8640,190464,53056,707904,682944,434048,0,1024,185728,0,0,0,0,0,0,0,0,0,0,10688,0,0,0,42176,192,60,201,902322457,902322457,425408,0
29,1116864,10112,136320,0,3584,8576,191488,52288,714496,695040,421824,0,1024,186624,0,0,0,0,0,0,0,0,0,0,10560,0,0,0,41536,192,60,201,902322457,902322457,413248,0
30,1116992,10048,142272,0,3648,8832,193216,52992,705984,686592,430400,0,1024,188416,0,0,0,0,0,0,0,0,0,0,10752,0,0,0,42112,128,60,201,902322457,902322457,421568,0
31,1116992,9856,142144,0,3712,8832,195008,52544,704896,685376,431616,0,960,190144,0,0,0,0,0,0,0,0,0,0,11008,0,0,0,41344,192,60,201,902322457,902322457,422784,0
32,1117056,10048,142720,0,3712,30464,188160,52224,689728,670016,447040,0,832,183488,0,0,0,0,0,0,0,0,0,0,10624,0,0,0,41408,192,59,198,902322457,902322457,416576,0
33,1116736,10048,141952,0,3712,8768,191360,52928,707968,688320,428416,0,1024,186368,0,0,0,0,0,0,0,0,0,0,10752,0,0,0,42048,128,59,198,902322457,902322457,419648,0
34,1116800,9984,135232,0,3712,8832,192832,52096,714112,694720,422080,0,960,188224,0,0,0,0,0,0,0,0,0,0,10368,0,0,0,41600,128,57,192,902322457,902322457,413248,0
35,1117120,9792,141376,0,3712,8704,189632,52416,711488,691840,425280,0,896,184896,0,0,0,0,0,0,0,0,0,0,10688,0,0,0,41536,192,57,190,902322457,902322457,416576,0
36,1116864,9984,141376,0,3776,8960,191936,52736,708096,688576,428288,0,896,187264,0,0,0,0,0,0,0,0,0,0,10880,0,0,0,41664,192,57,190,902322457,902322457,419328,0
37,1116992,10368,141312,0,3648,8832,190912,52032,709888,690496,426496,0,896,186368,0,0,0,0,0,0,0,0,0,0,10560,0,0,0,41344,128,57,190,902322457,902322457,417664,0
38,1116864,10048,141824,0,3584,8768,190528,52480,709632,689984,426880,0,960,185856,0,0,0,0,0,0,0,0,0,0,10624,0,0,0,41728,128,57,190,902322457,902322457,418112,0
39,1117056,9920,134720,0,3712,8832,191808,52288,715776,696256,420800,0,960,187136,0,0,0,0,0,0,0,0,0,0,10624,0,0,0,41472,192,57,189,902322457,902322457,411968,0
40,1116928,10176,141760,0,3712,8704,190272,52352,709952,690368,426560,0,1024,185728,0,0,0,0,0,0,0,0,0,0,10304,0,0,0,41920,128,53,175,902322457,902322457,417856,0
41,1116864,10240,141952,0,3648,8832,218496,57088,676608,656960,459904,0,960,213824,0,0,0,0,0,0,0,0,0,0,10688,0,0,0,46272,128,53,175,902322457,902322457,451072,0
42,1116992,10112,144320,0,3712,8832,202880,51712,695424,676032,440960,0,896,198080,0,0,0,0,0,0,0,0,0,0,10368,0,0,0,41216,128,53,175,902322457,902322457,432128,0
43,1117184,9984,145088,0,3712,8768,195264,52608,701760,682048,435136,0,1024,190528,0,0,0,0,0,0,0,0,0,0,10816,0,0,0,41664,128,53,175,902322457,902322457,426368,0
44,1116800,9856,137408,0,3648,8704,195456,52224,709504,684416,432384,0,960,190848,0,0,0,0,0,0,0,0,0,0,10432,0,0,0,41664,128,53,175,902322457,902322457,423680,0
45,1116928,9984,144640,0,3648,8704,193856,51968,704128,684224,432704,0,1024,189184,0,0,0,0,0,0,0,0,0,0,10432,0,0,0,41408,128,53,175,902322457,902322457,424000,0
46,1117120,9984,145024,0,3648,9024,197440,52224,699776,680128,436992,0,1024,192576,0,0,0,0,0,0,0,0,0,0,10560,0,0,0,41536,128,53,175,902322457,902322457,427968,0
47,1117504,15104,144832,0,3648,41600,637312,108672,166336,140544,976960,114176,1280,632192,360320,0,210496,0,0,1,128,128,46528,512,13056,0,26944,128,21120,128,86,283,1574646547,1574646547,935360,0
48,1116736,15168,143808,0,3712,19776,216640,107456,610176,583936,532800,0,1280,211648,0,0,0,0,0,0,64,128,46656,512,12608,0,0,0,47360,128,86,283,1574646547,1574646547,513024,0
49,1116800,15296,138112,0,3584,19904,220608,107648,611648,585600,531200,0,1344,215616,0,0,0,0,0,0,128,64,46528,576,12928,0,0,0,47296,128,88,290,1574646547,1574646547,511296,0
50,1116672,15232,144128,0,4608,19968,227840,106816,598080,572480,544192,0,1280,222784,0,0,0,0,0,0,128,64,45952,576,12416,0,0,0,47552,128,88,290,1574646547,1574646547,524224,0
51,1117184,15232,144192,0,3712,19840,219520,106752,607936,582336,534848,0,1280,214464,0,0,0,0,0,0,128,64,45888,576,12544,0,0,0,47424,128,88,290,1574646547,1574646547,515008,0
52,1116992,15104,143488,0,3584,19968,215616,107840,611392,586368,530624,0,1280,210560,0,0,0,0,0,0,64,128,47104,576,12416,0,0,0,47424,128,88,286,1574646547,1574646547,510656,0
53,1116800,14976,141952,0,3520,20160,213568,107648,614976,590080,526720,0,1280,208576,0,0,0,0,0,0,128,128,46912,576,12608,0,0,0,47168,128,88,286,1574646547,1574646547,506560,0
54,1116864,15232,135232,0,3712,19776,216256,106944,619712,594816,522048,0,1280,211200,0,0,0,0,0,0,64,128,46656,512,12736,0,0,0,46720,128,88,285,1574646547,1574646547,502272,0
55,1117120,15232,142016,0,3648,19648,214336,107328,614912,590080,527040,0,1344,209408,0,0,0,0,0,0,128,64,46656,576,12416,0,0,0,47360,128,85,275,1574646547,1574646547,507392,0
56,1116928,15040,142016,0,3712,19840,218752,107904,609664,584896,532032,0,1280,213632,0,0,0,0,0,0,64,128,47040,512,12544,0,0,0,47488,128,85,275,1574646547,1574646547,512192,0
57,1117440,15168,142016,0,3648,20032,215232,107712,613632,588224,529216,0,1344,209984,0,0,0,0,0,0,128,128,46848,576,12608,0,0,0,47296,128,88,284,1574646547,1574646547,509184,0
58,2237184,19200,141888,0,3712,19648,1747456,183936,121344,97088,2140096,135104,1280,1742400,1488832,0,1319104,0,0,1,256,256,118016,1088,12928,0,25856,64,25344,128,134,422,1574646547,4190231328,2120448,0
59,1117248,19200,134912,0,12096,19840,280256,178368,472576,448064,669184,0,1280,275008,0,0,0,0,0,0,256,192,113920,1088,13376,0,0,0,49408,128,116,367,4190231328,4190231328,649344,0
60,1116992,19264,142016,0,3776,19904,234304,179392,518336,488640,628352,0,1280,229312,0,0,0,0,0,0,192,256,113856,1088,13184,0,0,0,50688,128,116,367,4190231328,4190231328,608448,0
61,1116800,19072,148544,0,3776,19904,238976,177984,508544,484672,632128,0,1152,234048,0,0,0,0,0,0,192,192,113664,1024,13120,0,0,0,49664,128,115,363,4190231328,4190231328,612224,0
62,1116864,19008,143360,0,3840,41856,234944,178624,495232,471744,645120,0,1344,229632,0,0,0,0,0,0,192,256,113536,1024,13120,0,0,0,50368,128,114,360,4190231328,4190231328,603264,0
63,1117056,19200,143296,0,3776,19968,235840,177984,516992,492736,624320,0,1216,230592,0,0,0,0,0,0,128,192,112896,1600,12800,0,0,0,50240,128,114,360,4190231328,4190231328,604352,0
64,1116928,19008,135488,0,3776,19904,235520,177536,525696,501824,615104,0,1344,230400,0,0,0,0,0,0,128,128,112832,1152,12608,0,0,0,50560,128,114,360,4190231328,4190231328,595200,0
65,1116864,19136,142528,0,3776,19904,234240,178944,518336,494656,622208,0,1344,229120,0,0,0,0,0,0,128,128,113216,1024,13312,0,0,0,51008,128,111,350,4190231328,4190231328,602304,0
66,1116992,19264,143168,0,3840,19904,235840,178432,516544,492928,624064,0,1344,230656,0,0,0,0,0,0,192,256,113664,1344,12800,0,0,0,50048,128,111,350,4190231328,4190231328,604160,0
67,1116864,19200,143168,0,3840,20160,234816,178240,517440,494016,622848,0,1344,229568,0,0,0,0,0,0,128,128,113216,1024,12736,0,0,0,50880,128,114,359,4190231328,4190231328,602688,0
68,1117120,488256,142848,0,3776,19776,235008,180544,46912,11712,1105408,0,1280,230080,0,414400,0,0,0,0,192,192,113280,1088,12672,0,0,0,52992,128,313,654,4190231328,4190231328,1085632,0
69,1117184,435584,136256,0,3840,19712,239296,180928,101568,77632,1039552,0,1216,234176,0,382016,0,0,0,0,256,192,113664,1088,13184,0,0,0,52416,128,220,553,4190231328,4190231328,1019840,0
70,3357632,55360,142912,0,4672,19776,2485568,260352,388992,365184,2992448,159232,1280,2480512,2140608,0,1931264,0,0,1,256,384,187200,1920,12992,0,38848,384,18240,128,236,621,1476321737,1939130081,2972672,0
71,1116800,54976,143040,0,3840,19712,278912,260416,355904,331968,784832,0,1344,273856,0,0,0,0,0,0,448,384,186112,2048,12800,0,0,0,58432,192,236,617,2226735084,1237028097,765120,0
72,1116864,55168,142208,0,3904,20096,277504,259904,358080,334400,782464,0,1408,272256,0,0,0,0,0,0,384,256,186496,1920,13056,0,0,0,57664,128,233,616,2959971823,3543639011,762368,0
73,1117184,54976,142016,0,3776,19840,280064,270848,345664,321792,795392,0,1280,275136,0,0,0,0,0,0,320,384,197888,1984,12992,0,0,0,57152,128,246,639,3370770485,3131819039,775552,0
74,1116736,55232,134912,0,3712,20032,280576,260608,361664,337920,778816,0,1280,275648,0,0,0,0,0,0,320,384,187264,1856,12672,0,0,0,57984,128,240,625,336698060,4220249297,758784,0
75,1117248,55872,142336,0,12608,41856,345152,273920,245504,221376,895872,0,1344,339904,0,0,0,0,0,0,256,448,186240,1984,26944,0,0,0,57920,128,246,646,1665665611,4018581325,854016,0
76,1116672,54720,141632,0,3968,19840,287744,279744,329024,299840,816832,0,1344,282560,0,0,0,0,0,0,256,448,193984,2048,24896,0,0,0,57984,128,244,644,1726565688,4045346592,796992,0
77,1677312,520320,142464,0,3904,19712,284352,233536,473024,437952,1239360,0,1280,279296,0,429952,0,0,0,0,448,256,145792,2048,25408,0,0,0,59456,128,320,814,245750691,1776524807,1219648,0
78,1676992,499200,142336,0,3968,19840,292352,235328,483968,460608,1216384,0,1280,287296,0,402560,0,0,0,0,320,320,144960,1920,27776,0,0,0,59840,192,319,810,3603663153,1269075914,1196544,0
79,1116928,90176,135168,0,6208,20032,292608,240512,332224,308480,808448,0,1344,287424,0,0,0,0,0,0,320,320,146752,1856,30016,0,0,0,61120,128,320,812,2140371522,1142768667,788416,0
80,1117184,90944,141632,0,5184,20224,277120,237696,344384,320576,796608,0,1280,272000,0,0,0,0,0,0,320,256,145984,1920,27328,0,0,0,61760,128,320,807,1769986497,3185913266,776384,0
81,1676928,91520,141056,0,3776,19776,587520,266432,566848,543168,1133760,95424,1344,582272,244672,0,102528,0,0,1,384,448,171328,2432,29888,0,37504,384,23936,128,328,828,3158299131,3675217822,1113984,0
82,2237568,1155712,144832,0,3776,20160,325760,241536,345792,292416,1945152,0,1344,320576,0,660608,0,0,0,0,384,320,145920,2112,32064,0,0,0,60544,192,331,841,4238982217,2367478515,1924992,0
83,2237120,1001792,144960,0,3840,20096,310976,241408,514048,490240,1746880,0,1344,305792,0,624064,0,0,0,0,320,320,145984,1984,31808,0,0,0,60864,128,366,913,2053973390,2616542406,1726784,0
84,1677312,411520,137792,0,3648,20096,308608,238912,556736,533056,1144256,0,1344,303488,0,0,0,43968,0,0,256,320,145280,2048,29696,0,0,0,61120,192,384,938,3324021175,2700935013,1124160,0
85,1677056,778944,144960,0,11648,20224,356288,239424,125568,102080,1574976,0,1408,350976,0,645184,0,0,0,0,320,320,145536,1920,28864,0,0,0,62336,128,468,1118,608463890,1230205168,1554752,0
86,1116800,132928,144896,0,3840,42240,314048,233792,245056,221120,895680,0,1344,308928,0,0,0,0,0,0,192,320,145408,1920,23616,0,0,0,62208,128,457,1087,668261538,1779156745,853440,0
87,1117440,133888,145728,0,4800,20032,314880,231488,266624,242816,874624,0,1280,309696,0,0,0,0,0,0,256,320,146688,1984,21120,0,0,0,60992,128,460,1089,4081544040,466849769,854592,0
88,1116864,132160,144640,0,3968,19968,313536,221056,281536,258048,858816,0,1280,308352,0,0,0,0,0,0,192,384,145088,2048,12736,0,0,0,60480,128,447,1059,2625402509,1013037720,838848,0
89,1117056,132672,137536,0,3968,19776,312256,221248,289600,265856,851200,0,1344,307200,0,0,0,0,0,0,320,384,145664,2048,12544,0,0,0,60160,128,441,1051,4168190309,3800699408,831424,0
90,1116928,131648,144512,0,3840,19776,309440,222464,285248,261632,855296,0,1344,304320,0,0,0,0,0,0,320,384,145792,1920,13120,0,0,0,60800,128,438,1059,1050471904,3619183339,835520,0
91,1117376,131776,144704,0,3968,20352,310144,220032,286400,262656,854720,0,1280,304960,0,0,0,0,0,0,320,384,144576,1984,12800,0,0,0,59840,128,439,1060,976647310,1486815285,834368,0
92,1116992,132672,143680,0,3968,20032,306304,222208,288128,259008,857984,0,1344,301184,0,0,0,0,0,0,320,320,144896,2176,13312,0,0,0,60992,192,438,1054,4097355199,4053486409,837952,0
93,1116800,131776,142912,0,3776,19648,305792,221760,291136,267328,849472,0,1344,300800,0,0,0,0,0,0,320,320,144960,2112,13056,0,0,0,60800,192,441,1051,1483697780,3661188800,829824,0
94,1116800,133056,134848,0,3904,19904,308160,220928,296000,272448,844352,0,1280,303104,0,0,0,0,0,0,256,320,144960,2112,13312,0,0,0,59776,192,446,1064,1986385812,2921329162,824448,0
95,1116992,132352,143104,0,4032,19968,306560,221568,289408,265920,851072,0,1280,301440,0,0,0,0,0,0,320,384,145536,1984,12928,0,0,0,60288,128,456,1084,1423521239,866613351,831104,0
96,1116928,133184,142720,0,11264,20096,334656,221952,253056,229248,887680,0,1344,329536,0,0,0,0,0,0,320,384,146176,1920,13056,0,0,0,59968,128,456,1086,2189427621,1210418583,867584,0
97,1117120,132224,143040,0,4160,19968,312768,220800,284160,260224,856896,0,1280,307648,0,0,0,0,0,0,320,320,145088,1920,13056,0,0,0,59968,128,462,1100,721817071,2311226308,836928,0
98,1116736,132736,140800,0,5184,19968,310848,222464,284736,261056,855680,0,1280,305728,0,0,0,0,0,0,320,256,146240,2048,13056,0,0,0,60416,128,460,1096,3492969419,1339423592,835712,0
99,1116928,132800,134208,0,6272,19968,310592,221440,291648,267648,849280,0,1280,305536,0,0,0,0,0,0,192,320,145984,1920,12672,0,0,0,60224,128,458,1088,1248097475,3605130279,829312,0
100,1116928,131136,143040,0,5504,19968,308288,224192,284800,260928,856000,0,1280,303040,0,0,0,0,0,0,320,384,145792,1984,13312,0,0,0,62272,128,446,1072,430766734,485653660,836032,0
101,1116992,131520,143168,0,6080,42432,315392,221568,256832,232960,884032,0,1280,310272,0,0,0,0,0,0,320,384,145024,1920,13248,0,0,0,60544,128,437,1055,1784941206,4229206245,841600,0
102,1116544,133120,143104,0,6208,20096,310272,220352,283392,260096,856448,0,1344,305088,0,0,0,0,0,0,192,320,145152,2048,13056,0,0,0,59456,128,441,1063,3978560280,2985323819,836352,0
103,1117184,133248,143104,0,5184,20416,308800,221056,285376,261440,855744,0,1280,303616,0,0,0,0,0,0,256,320,145792,1984,12992,0,0,0,59584,128,434,1052,513067130,1571151916,835328,0
104,1116992,133248,137152,0,3840,20032,309248,221312,292160,268608,848384,0,1280,304256,0,0,0,0,0,0,320,320,145344,1856,13056,0,0,0,60288,128,434,1052,1770448814,2859732901,828352,0
105,1116928,132096,142144,0,3776,19968,306880,221504,290560,266752,850176,0,1280,301824,0,0,0,0,0,0,320,320,144960,1984,13120,0,0,0,60672,128,431,1051,2357926080,753083684,830208,0
106,1117120,126784,142784,0,3776,19904,308608,221952,293312,269504,847616,0,1280,303552,0,0,0,0,0,0,384,384,146048,1920,12736,0,0,0,60352,128,431,1057,2336431053,3178687517,827712,0
107,2237312,287808,143424,0,11008,19776,1007808,218240,549248,505984,1731328,575680,1280,1002752,619776,126784,12416,0,1,1,256,256,142208,1472,13120,0,23936,64,36800,128,440,1092,2543055195,3573923146,1711552,0
108,1116992,289920,142784,0,7104,19904,352384,218880,86016,56704,1060288,0,1344,347072,0,119360,0,0,0,0,256,320,142080,1472,13312,0,0,0,61248,192,489,1198,2106685996,179726924,1040384,0
109,1116928,153344,136960,0,5248,19840,343296,219520,238720,214592,902336,0,1344,338112,0,0,0,0,0,0,320,256,142848,1536,13184,0,0,0,61248,128,517,1209,2763669766,1312234951,882496,0
110,1117120,153472,142272,0,3904,19840,343872,219328,234432,210688,906432,0,1344,338624,0,0,0,0,0,0,256,256,141632,1600,13504,0,0,0,61952,128,516,1205,2859156949,43149938,886592,0
111,1116736,152448,142592,0,10944,20096,374912,218304,197440,173696,943040,0,1408,369792,0,0,0,0,0,0,320,256,141696,1344,13504,0,0,0,61056,128,520,1211,3996146095,666207479,922944,0
112,1117056,153600,142592,0,3904,19968,363328,232960,200704,177152,939904,0,1408,358080,0,0,0,0,0,0,256,192,141888,1472,27200,0,0,0,61824,128,531,1227,3949927590,2372661695,919936,0
113,1116928,255616,142720,0,12224,19968,381568,233344,71488,48000,1068928,0,1344,376384,0,0,0,86208,0,0,256,256,142208,1600,25472,0,0,0,63424,128,543,1259,792243544,3103545538,1048960,0
114,1116864,163776,135296,0,3968,20096,343808,232640,217280,193600,923264,0,1344,338560,0,0,0,0,0,0,256,192,142272,1536,25536,0,0,0,62720,128,542,1262,2105438057,2676155743,903168,0
115,1117248,163776,142016,0,4032,41856,355648,234688,175232,151040,966208,0,1280,350400,0,0,0,0,0,0,320,320,141504,1472,28096,0,0,0,62848,128,555,1292,351794015,1095650043,924352,0
116,1116992,163584,141888,0,4032,19904,356096,234176,197312,173568,943424,0,1280,350912,0,0,0,0,0,0,192,256,141504,1408,27968,0,0,0,62720,128,552,1274,3391743187,2656303369,923520,0
117,1117504,163520,142016,0,4096,19968,347072,234304,206528,182080,935424,0,1280,341952,0,0,0,0,0,0,256,320,141952,1536,27648,0,0,0,62464,128,546,1272,175309803,1585335114,915456,0
118,1676544,168960,142592,0,4096,19840,595264,166144,579648,555008,1121536,172416,1280,590080,212096,0,11648,0,1,1,128,192,75136,1024,28800,0,20032,128,40576,128,516,1185,3948258454,2871985877,1101696,0
119,1117056,161472,135936,0,3968,20032,378816,168704,248128,224448,892608,0,1344,373568,0,0,0,0,0,0,192,192,75648,1088,31232,0,0,0,60224,128,513,1191,3525295212,812310416,872576,0
120,1116992,162624,144512,0,6208,20224,359424,167296,256704,232960,884032,0,1344,354240,0,0,0,0,0,0,192,128,75840,1088,29440,0,0,0,60480,128,513,1193,3222098080,50603929,863808,0
121,1116928,162240,141696,0,6080,20160,363904,167744,255104,231424,885504,0,1408,358784,0,0,0,0,0,0,128,256,75520,1088,29312,0,0,0,61312,128,517,1185,3632117330,8678578,865344,0
122,1116992,163072,144896,0,5504,19776,360768,164160,258816,235136,881856,0,1344,355648,0,0,0,0,0,0,128,192,75712,1024,27008,0,0,0,59968,128,518,1183,472167188,1401367591,862080,0
123,1116928,163136,144512,0,5056,19776,358592,159040,266816,242880,874048,0,1280,353408,0,0,0,0,0,0,192,256,75968,1024,20736,0,0,0,60672,192,510,1166,1039122289,15309252,854272,0
124,1116864,164224,137920,0,6208,19904,359552,148416,280640,251712,865152,0,1280,354368,0,0,0,0,0,0,192,128,74560,1024,13184,0,0,0,59200,128,509,1168,1274448170,4116032450,845248,0
125,1116736,162752,144704,0,5248,19904,353472,149440,281216,257600,859136,0,1280,348480,0,0,0,0,0,0,128,192,75840,960,12800,0,0,0,59392,128,516,1179,3206587624,359664822,839232,0
126,1117248,162880,144640,0,3712,19968,355456,149056,281536,257920,859328,0,1344,350272,0,0,0,0,0,0,128,256,75072,1088,13120,0,0,0,59264,128,519,1178,949539368,2904920445,839360,0
127,1116928,163712,143872,0,3776,19712,356736,148992,280128,256128,860800,0,1344,351616,0,0,0,0,0,0,192,192,75264,1088,13056,0,0,0,59072,128,518,1175,2190966857,3356333655,841088,0
128,1116928,162368,143872,0,3776,19904,353152,122688,311168,287552,829376,0,1344,348096,0,0,0,0,0,0,192,128,48704,1024,12928,0,0,0,59584,128,486,1089,3698373613,1009540181,809472,0
129,1116992,162624,138112,0,3776,19904,357696,123136,311744,285184,831808,0,1344,352512,0,0,0,0,0,0,128,192,49600,1024,13312,0,0,0,58688,192,485,1094,3268472322,2201258288,811904,0
130,2237376,915200,144128,0,7104,41984,555584,66560,506816,483200,1754176,123072,1344,550336,170176,746816,14208,0,1,1,0,0,0,0,11136,0,22656,704,31872,192,483,1086,2220675919,2220675919,1712192,0
131,1116928,161472,144320,0,5120,19776,343168,64192,378880,355200,761728,0,1280,337920,0,0,0,0,0,0,0,0,0,0,11200,0,0,0,52864,128,488,1087,2220675919,2220675919,741952,0
132,1117120,161920,143680,0,3712,19840,342848,64192,380928,357248,759872,0,1344,337728,0,0,0,0,0,0,0,0,0,0,10816,0,0,0,53248,128,488,1089,2220675919,2220675919,740032,0
133,1116736,193536,142336,0,3648,19968,342272,66240,348736,325312,791424,0,1280,337152,0,0,0,29184,0,0,0,0,0,0,11264,0,0,0,54784,192,487,1094,2220675919,2220675919,771456,0
134,1117056,162048,134912,0,3648,19968,341184,65856,389440,365760,751296,0,1280,336000,0,0,0,0,0,0,0,0,0,0,11200,0,0,0,54528,128,484,1091,2220675919,2220675919,731328,0
135,1116992,161536,142144,0,3712,20224,344512,65344,379520,355840,761152,0,1408,339392,0,0,0,0,0,0,0,0,0,0,11200,0,0,0,54016,128,491,1100,2220675919,2220675919,740928,0
136,1116928,161472,143104,0,3584,20032,345344,64320,379072,355200,761728,0,1344,340160,0,0,0,0,0,0,0,0,0,0,11200,0,0,0,52928,192,492,1097,2220675919,2220675919,741696,0
137,1117120,162304,142208,0,11008,20224,368320,65280,347776,323648,793472,0,1280,363200,0,0,0,0,0,0,0,0,0,0,11264,0,0,0,53888,128,488,1096,2220675919,2220675919,773248,0
138,1116736,162240,141440,0,3776,19840,342272,64896,382272,358528,758208,0,1280,337280,0,0,0,0,0,0,0,0,0,0,11008,0,0,0,53696,192,487,1095,2220675919,2220675919,738368,0
139,1116992,161920,134464,0,3776,19904,344896,66112,385920,362176,754816,0,1280,339840,0,0,0,0,0,0,0,0,0,0,11136,0,0,0,54848,128,481,1087,2220675919,2220675919,734912,0
140,1117056,162432,142208,0,3712,19904,341568,64256,382976,353792,763264,0,1344,336448,0,0,0,0,0,0,0,0,0,0,10880,0,0,0,53248,128,476,1085,2220675919,2220675919,743360,0
141,1677056,349888,144960,0,3712,20352,516736,64832,576576,552192,1124864,104192,1280,511616,149312,184512,12992,0,1,1,0,0,0,0,11136,0,23488,128,29952,128,478,1087,2220675919,3128112657,1104512,0
142,1116928,162176,143360,0,3840,19776,338752,64576,384448,360832,756096,0,1344,333504,0,0,0,0,0,0,0,0,0,0,11520,0,0,0,52928,128,478,1087,3128112657,3128112657,736320,0
143,1117056,183360,143232,0,3776,20032,340928,65408,360320,336448,780608,0,1344,335680,0,0,0,18240,0,0,0,0,0,0,11328,0,0,0,53952,128,477,1084,3128112657,3128112657,760576,0
144,1116928,160832,136128,0,3776,19776,341312,65024,390080,366592,750336,0,1280,336064,0,0,0,0,0,0,0,0,0,0,11136,0,0,0,53760,128,475,1082,3128112657,3128112657,730560,0
145,1116992,161792,143232,0,3712,41280,338752,64896,363328,339520,777472,0,1280,333632,0,0,0,0,0,0,0,0,0,0,11136,0,0,0,53632,128,476,1083,3128112657,3128112657,736192,0
146,1116864,161664,143360,0,3776,19712,340416,64960,382976,359168,757696,0,1344,335168,0,0,0,0,0,0,0,0,0,0,10816,0,0,0,54016,128,476,1085,3128112657,3128112657,737984,0
147,1117376,161664,143232,0,3776,19840,340480,64448,383936,360064,757312,0,1216,335424,0,0,0,0,0,0,0,0,0,0,11008,0,0,0,53312,128,474,1085,3128112657,3128112657,737472,0
148,1116736,194304,143296,0,3776,19968,343360,65600,346432,322880,793856,0,1280,338240,0,0,0,29120,0,0,0,0,0,0,11136,0,0,0,54336,128,477,1092,3128112657,3128112657,773888,0
149,1116992,160896,135808,0,3776,19584,341696,66176,389056,365312,751680,0,1344,336512,0,0,0,0,0,0,0,0,0,0,11200,0,0,0,54848,128,477,1092,3128112657,3128112657,732096,0
150,1116928,161920,143296,0,3776,22592,341312,70144,373888,350144,766784,0,1344,336256,0,0,0,0,0,0,0,0,0,0,13120,0,0,0,56896,128,475,1088,3128112657,3128112657,744192,0
151,1116800,194240,143360,0,4672,19712,345792,65216,343808,319936,796864,0,1408,340608,0,0,0,29184,0,0,0,0,0,0,11264,0,0,0,53824,128,476,1093,3128112657,3128112657,777152,0
152,1116928,161216,143296,0,3776,19904,339904,65536,383296,359744,757184,0,1280,334656,0,0,0,0,0,0,0,0,0,0,11392,0,0,0,54016,128,477,1094,3128112657,3128112657,737280,0
153,1117184,161408,142080,0,3776,19776,338752,64576,386816,363200,753984,0,1280,333696,0,0,0,0,0,0,0,0,0,0,10944,0,0,0,53440,192,476,1089,3128112657,3128112657,734208,0
154,1116672,161344,135104,0,6144,20160,339328,65216,389376,366144,750528,0,1344,334144,0,0,0,0,0,0,0,0,0,0,11136,0,0,0,53888,192,479,1094,3128112657,3128112657,730368,0
155,1117120,162112,142080,0,6016,19904,336128,63936,386944,363264,753856,0,1344,331072,0,0,0,0,0,0,0,0,0,0,11008,0,0,0,52736,192,478,1091,3128112657,3128112657,733952,0
156,1116992,162560,142720,0,5056,20288,339840,64192,382336,352960,764032,0,1344,334720,0,0,0,0,0,0,0,0,0,0,11200,0,0,0,52864,128,478,1091,3128112657,3128112657,743744,0
157,1116864,161856,142592,0,3584,19968,337344,63552,387968,364352,752512,0,1280,332352,0,0,0,0,0,0,0,0,0,0,10944,0,0,0,52480,128,479,1090,3128112657,3128112657,732544,0
158,1117056,161856,142784,0,3712,19776,336064,65536,387328,363584,753472,0,1344,331008,0,0,0,0,0,0,0,0,0,0,11200,0,0,0,54208,128,480,1091,3128112657,3128112657,733696,0
159,1116992,160384,135296,0,3584,19968,350208,65408,382144,358464,758528,0,1408,344960,0,0,0,0,0,0,0,0,0,0,10944,0,0,0,54336,128,484,1097,3128112657,3128112657,738560,0
160,1116928,161792,142912,0,3648,42176,338240,63424,364736,341120,775808,0,1280,333056,0,0,0,0,0,0,0,0,0,0,10944,0,0,0,52288,192,480,1091,3128112657,3128112657,733632,0
161,1116992,162368,141440,0,3648,19840,344896,64640,380160,356416,760576,0,1280,339712,0,0,0,0,0,0,0,0,0,0,11328,0,0,0,53184,128,478,1085,3128112657,3128112657,740736,0
162,1116928,161152,144960,0,3712,19840,341952,64128,381184,357312,759616,0,1280,336832,0,0,0,0,0,0,0,0,0,0,11072,0,0,0,52928,128,477,1080,3128112657,3128112657,739776,0
163,1117056,161408,145088,0,3712,19712,343040,65152,378944,355584,761472,0,1344,337920,0,0,0,0,0,0,0,0,0,0,11136,0,0,0,53888,128,479,1082,3128112657,3128112657,741760,0
164,1116864,161408,137472,0,3712,19840,343168,64128,387136,363392,753472,0,1280,338048,0,0,0,0,0,0,0,0,0,0,11328,0,0,0,52672,128,479,1086,3128112657,3128112657,733632,0
165,1117056,161024,145024,0,3584,19904,344768,65088,377664,353728,763328,0,1344,339712,0,0,0,0,0,0,0,0,0,0,11072,0,0,0,53888,128,476,1083,3128112657,3128112657,743424,0
166,1116992,161664,145216,0,3648,19968,343296,63232,379968,356288,760704,0,1216,338176,0,0,0,0,0,0,0,0,0,0,10880,0,0,0,52224,128,475,1078,3128112657,3128112657,740736,0
167,1117056,162112,145024,0,10624,19904,365120,64832,349440,325504,791552,0,1344,360000,0,0,0,0,0,0,0,0,0,0,11392,0,0,0,53312,128,474,1078,3128112657,3128112657,771648,0
168,1117120,161472,144768,0,3776,19712,343232,64640,379520,355648,761472,0,1216,338240,0,0,0,0,0,0,0,0,0,0,11072,0,0,0,53440,128,475,1083,3128112657,3128112657,741760,0
169,1116864,162816,138048,0,3776,19904,347776,64320,380224,356224,760640,0,1408,342656,0,0,0,0,0,0,0,0,0,0,11392,0,0,0,52800,128,474,1080,3128112657,3128112657,740736,0
170,1116992,161088,145280,0,3776,19904,352064,64192,370688,347008,769984,0,1344,346944,0,0,0,0,0,0,0,0,0,0,11008,0,0,0,53056,128,473,1076,3128112657,3128112657,750080,0
171,1116928,161088,144448,0,3840,19840,342656,64128,380928,357248,759680,0,1280,337600,0,0,0,0,0,0,0,0,0,0,11072,0,0,0,52928,128,475,1082,3128112657,3128112657,739840,0
172,1116928,161856,144896,0,3840,19904,338624,64064,383744,354944,761984,0,1280,333504,0,0,0,0,0,0,0,0,0,0,11136,0,0,0,52800,128,479,1089,3128112657,3128112657,742080,0
173,1116864,161216,141888,0,4736,19712,337216,64640,387456,363648,753216,0,1344,331968,0,0,0,0,0,0,0,0,0,0,11264,0,0,0,53248,128,478,1088,3128112657,3128112657,733504,0
174,1117056,160768,135488,0,3776,19904,342080,65664,389376,366144,750912,0,1408,336960,0,0,0,0,0,0,0,0,0,0,11136,0,0,0,54336,192,478,1088,3128112657,3128112657,731008,0
175,1116864,161344,142400,0,3776,21376,339968,65472,382528,359296,757568,0,1280,334784,0,0,0,0,0,0,0,0,0,0,11328,0,0,0,53952,192,480,1094,3128112657,3128112657,736192,0
176,1117056,162432,143168,0,3776,19904,341376,64064,382336,358784,758272,0,1344,336128,0,0,0,0,0,0,0,0,0,0,11328,0,0,0,52608,128,479,1093,3128112657,3128112657,738368,0
177,1117504,161792,142144,0,3712,19712,339840,64832,385472,361472,756032,0,1344,334784,0,0,0,0,0,0,0,0,0,0,11392,0,0,0,53312,128,477,1087,3128112657,3128112657,736320,0
178,1116480,162304,142144,0,3840,19968,341568,64960,381696,358272,758208,0,1280,336448,0,0,0,0,0,0,0,0,0,0,11584,0,0,0,53184,192,477,1087,3128112657,3128112657,738240,0
179,1117056,160832,137472,0,3776,20032,339584,65472,389888,366336,750720,0,1280,334336,0,0,0,0,0,0,0,0,0,0,11200,0,0,0,54080,192,477,1089,3128112657,3128112657,730688,0
180,1117056,162944,142208,0,3776,19712,339520,65472,383424,359616,757440,0,1344,334400,0,0,0,0,0,0,0,0,0,0,11520,0,0,0,53824,128,479,1089,3128112657,3128112657,737728,0
181,1116736,161344,143424,0,5056,19776,355072,64768,367296,343488,773248,0,1344,349888,0,0,0,0,0,0,0,0,0,0,11072,0,0,0,53568,128,480,1090,3128112657,3128112657,753472,0
182,1117184,161408,142656,0,6656,20224,338816,64064,383360,359616,757568,0,1280,333760,0,0,0,0,0,0,0,0,0,0,11072,0,0,0,52864,128,478,1088,3128112657,3128112657,737344,0
183,1116736,182784,143296,0,6720,20160,339392,64128,360256,336576,780160,0,1280,334144,0,0,0,18112,0,0,0,0,0,0,11392,0,0,0,52608,128,479,1091,3128112657,3128112657,760000,0
184,1117056,181760,135488,0,4288,19904,341632,66112,367872,344192,772864,0,1280,336512,0,0,0,18176,0,0,0,0,0,0,11328,0,0,0,54656,128,477,1089,3128112657,3128112657,752960,0
185,1116864,162496,143040,0,2368,19584,342528,64832,382016,358592,758272,0,1344,337344,0,0,0,0,0,0,0,0,0,0,11136,0,0,0,53568,128,478,1090,3128112657,3128112657,738688,0
186,1116864,162304,142912,0,2368,19840,340672,64384,384384,360512,756352,0,1280,335552,0,0,0,0,0,0,0,0,0,0,10880,0,0,0,53376,128,478,1088,3128112657,3128112657,736512,0
187,1116928,162432,143872,0,2304,19968,340544,64320,383488,359616,757312,0,1408,335424,0,0,0,0,0,0,0,0,0,0,11072,0,0,0,53120,128,478,1092,3128112657,3128112657,737344,0
188,1117184,161280,143872,0,2368,19840,340800,64000,385024,356096,761088,0,1280,335488,0,0,0,0,0,0,0,0,0,0,11200,0,0,0,52672,128,480,1094,3128112657,3128112657,741248,0
189,1116864,162816,136192,0,2368,19776,342080,65216,388416,364672,752192,0,1344,337024,0,0,0,0,0,0,0,0,0,0,10752,0,0,0,54336,128,481,1097,3128112657,3128112657,732416,0
190,1117056,161664,143936,0,2368,20992,342208,64512,381376,358080,758976,0,1280,336960,0,0,0,0,0,0,0,0,0,0,11328,0,0,0,53056,128,482,1100,3128112657,3128112657,737984,0
191,1116992,162496,143168,0,2368,20096,341632,64256,382976,359488,757504,0,1408,336448,0,0,0,0,0,0,0,0,0,0,11328,0,0,0,52800,128,481,1101,3128112657,3128112657,737408,0
192,1116864,193920,144000,0,2368,20224,340288,65408,350656,327168,789696,0,1280,335232,0,0,0,29632,0,0,0,0,0,0,11264,0,0,0,53952,192,476,1091,3128112657,3128112657,769472,0
193,1117056,161600,143936,0,2304,19904,337152,64512,387648,363840,753216,0,1408,332096,0,0,0,0,0,0,0,0,0,0,11264,0,0,0,53120,128,476,1089,3128112657,3128112657,733312,0
194,1116928,182336,134848,0,2304,20096,340224,64960,372160,348288,768640,0,1280,335104,0,0,0,18240,0,0,0,0,0,0,11328,0,0,0,53504,128,475,1084,3128112657,3128112657,748544,0
195,1117056,194368,142272,0,4096,19904,347840,65408,343168,319104,797952,0,1344,341696,0,0,0,29440,0,0,0,0,0,0,11392,0,0,0,53888,128,476,1089,3128112657,3128112657,778048,0
196,1116992,182208,142336,0,2368,20032,342016,64256,363776,340032,776960,0,1216,336768,0,0,0,18112,0,0,0,0,0,0,10944,0,0,0,53184,128,477,1090,3128112657,3128112657,756928,0
197,1118336,168768,141312,0,10816,40832,554560,92160,109888,54272,1064064,0,1408,417984,0,0,0,0,0,0,0,0,0,0,11392,0,0,0,80640,128,478,1094,3128112657,2697456047,1023232,0
198,1117120,124160,142848,0,3648,28096,408256,72640,337472,311616,805504,0,1344,403008,0,0,0,0,0,0,0,0,0,0,11456,0,0,0,61056,128,479,1093,1132914168,2179488706,777408,0
199,1116992,124480,135488,0,3712,27456,413120,72320,340416,312768,804224,0,1280,407808,0,0,0,0,0,0,0,0,0,0,11776,0,0,0,60352,192,481,1095,2634244469,2552662419,776768,0
200,1116864,124032,142912,0,3712,28160,421376,72768,323904,298176,818688,0,1280,415936,0,0,0,0,0,0,0,0,0,0,11456,0,0,0,61184,128,479,1090,2657323459,3458181172,790528,0
201,1117120,123520,142848,0,3712,27456,415040,73408,331136,305792,811328,0,1344,409792,0,0,0,0,0,0,0,0,0,0,11904,0,0,0,61376,128,475,1080,2723198048,3212783607,783872,0
202,1116928,124096,144960,0,3648,28160,412288,72384,331392,306048,810880,0,1344,407040,0,0,0,0,0,0,0,0,0,0,11392,0,0,0,60800,192,473,1078,1771270721,78924949,782720,0
203,1117184,124160,144192,0,3712,28096,392064,72704,352256,326592,790592,0,1280,386688,0,0,0,0,0,0,0,0,0,0,11392,0,0,0,61184,128,475,1078,341700045,1998694811,762496,0
204,1117184,124480,137280,0,3712,27968,368064,73664,382016,351296,765888,0,1344,362560,0,0,0,0,0,0,0,0,0,0,11648,0,0,0,61888,128,474,1077,662195140,3460557021,737920,0
205,1116736,123712,145344,0,3648,29568,367808,72512,374144,348992,767744,0,1408,362496,0,0,0,0,0,0,0,0,0,0,11520,0,0,0,60864,128,470,1071,3881564684,1621770904,738176,0
206,1116864,124544,144768,0,3648,27776,368704,73280,374144,348544,768320,0,1280,363392,0,0,0,0,0,0,0,0,0,0,11584,0,0,0,61568,128,470,1071,2783872438,2303634948,740544,0
207,1117184,124544,144832,0,3712,28672,368000,72384,375040,349632,767552,0,1280,362560,0,0,0,0,0,0,0,0,0,0,11392,0,0,0,60864,128,471,1072,719537871,2573382465,738880,0
208,1116928,124480,145216,0,3648,28160,369088,73600,372736,347136,769792,0,1344,363712,0,0,0,0,0,0,0,0,0,0,11776,0,0,0,61696,128,474,1077,2519166591,2060487027,741632,0
209,1117056,142912,138560,0,3712,27648,467072,72768,264384,238912,878144,38336,1280,461888,77440,0,11136,0,1,1,0,0,0,0,11648,0,20992,128,39872,128,479,1084,2335770074,2696863820,850496,0
210,1116928,142336,145536,0,3648,28288,482048,83968,231104,205760,911168,43840,1280,476736,83136,0,11008,0,1,1,0,0,0,0,21312,0,21120,128,41216,192,473,1073,1458634876,2696662260,882880,0
211,1116864,123264,145216,0,3776,27840,379328,84352,353088,327552,789312,0,1408,373952,0,0,0,0,0,0,0,0,0,0,21504,0,0,0,62720,128,472,1072,956561570,3592039979,761472,0
212,1116992,156416,144448,0,3648,27904,603520,82432,98624,73088,1043904,93376,1344,598144,185408,0,26752,0,2,2,0,0,0,0,20736,0,49920,704,10944,128,475,1077,451436585,3900444418,1016000,0
213,1117056,147648,143488,0,3648,27328,593344,87936,113664,88064,1028992,82816,1344,588096,169984,0,24768,0,2,2,0,0,0,0,25344,0,48576,256,13632,128,475,1096,22484965,1709746602,1001664,0
214,1117056,137920,135552,0,3712,27776,408512,86976,316608,290880,826176,0,1344,403136,0,0,0,0,0,0,0,0,0,0,24768,0,0,0,62080,128,475,1074,2440659078,1028336391,798400,0
215,1116992,130048,143488,0,3712,27776,416896,86720,308352,282816,834176,0,1344,411584,0,0,0,0,0,0,0,0,0,0,25408,0,0,0,61184,128,497,1126,1471490708,119086003,806400,0
216,1116992,129280,142848,0,3648,27648,437440,108160,267968,242368,874624,0,1280,432192,0,0,0,0,0,0,0,0,0,0,45120,0,0,0,62912,128,497,1115,397503440,136204131,846976,0
217,2797376,611968,141952,0,23104,27712,1067968,880064,44608,13632,2783744,216064,1280,1062656,465984,438528,55744,0,3,4,731840,128,256,576,39936,22144,105152,1856,192,128,514,1160,1945907763,1724636250,2756032,0
218,1117248,144768,146624,0,10304,28480,471424,212544,103104,77440,1039808,0,1280,466048,0,0,0,0,0,0,47232,64,128,576,55680,0,0,0,108672,192,511,1160,3448109417,1118451268,1011328,0
219,1117056,144192,135616,0,4032,50112,455936,189504,137664,111808,1005248,0,1280,450496,0,0,0,0,0,0,47104,128,192,512,34944,0,0,0,106496,128,505,1145,1594576208,1638436961,955136,0
220,1116864,145856,142592,0,6272,28096,465920,181696,146432,120832,996032,0,1280,460544,0,0,0,0,0,0,46592,64,128,576,29440,0,0,0,104768,128,505,1142,978218300,3229822502,967936,0
221,1116864,134656,143232,0,6336,28416,493376,218624,92224,61632,1055232,0,1280,488000,0,0,0,0,0,0,47360,128,192,512,29376,0,0,0,140928,128,518,1183,3234151640,2699171766,1026816,0
222,1116992,144896,143680,0,7232,28096,472384,213312,107392,81664,1035328,0,1280,467008,0,0,0,0,0,0,47168,128,128,512,25088,0,0,0,140160,128,518,1182,1744035892,1053885372,1007232,0
223,1117120,145216,144000,0,6336,28160,504832,185472,103104,77184,1039936,0,1280,499392,0,0,0,0,0,0,47104,128,192,448,32576,0,0,0,104896,128,503,1143,3613117171,2569204399,1011776,0
224,1116736,133120,137536,0,3904,28480,489152,190400,134144,108672,1008064,0,1280,483904,0,0,0,0,0,0,47360,128,192,512,37120,0,0,0,104896,192,506,1151,503945637,3134760549,979584,0
225,1117056,144384,143552,0,3904,28224,502080,219904,75008,49728,1067328,0,1280,496768,0,0,0,0,0,0,47040,128,192,576,31232,0,0,0,140608,128,527,1208,3262314859,432918766,1039104,0
226,2237184,208896,143744,0,11712,28416,652224,661440,530752,499776,1737408,0,1408,646848,0,0,0,49472,0,0,45440,256,91520,960,35200,38720,0,0,487936,128,540,1239,4098030938,399666694,1708992,0
227,1677248,146624,147584,0,3968,33280,516800,376896,452096,426496,1250752,0,1344,511552,0,0,0,0,0,0,44288,192,92416,1088,33664,0,0,0,205120,128,524,1193,2069430547,4231664872,1217472,0
228,1675648,143552,144192,0,6912,21184,502848,371456,485504,461632,1214016,0,1280,497472,0,0,0,0,0,0,44608,192,92096,1088,33664,0,0,0,199680,128,521,1192,4140391061,4019632613,1192832,0
229,1677248,145600,136256,0,5760,20928,567488,408832,392384,368512,1308736,0,1280,562240,0,0,0,0,0,0,44800,128,90624,1024,35136,0,0,0,236928,192,538,1237,3668825429,696602828,1287808,0
230,1677120,134016,142720,0,6336,21184,534528,314624,523712,500032,1177088,0,1280,529152,0,0,0,0,0,0,44352,128,192,512,37824,0,0,0,231424,192,534,1227,555975240,3185659649,1155904,0
231,1116736,144320,143104,0,7040,42688,476352,272832,30400,6656,1110080,0,1280,470912,0,0,0,0,0,0,44544,128,192,576,30464,0,0,0,196800,128,516,1176,2960977164,1901341872,1067392,0
232,1117184,145472,143936,0,6208,21632,465664,266816,67456,43840,1073344,0,1280,460480,0,0,0,0,0,0,44608,64,128,576,24896,0,0,0,196416,128,518,1178,272201343,648849069,1051712,0
233,1677056,134400,142400,0,5120,20480,491328,302400,580928,556736,1120320,0,1344,486016,0,0,0,0,0,0,44672,192,192,512,24640,0,0,0,232064,128,533,1213,1166067438,869956349,1099840,0
234,1677120,164096,138112,0,4544,21376,634048,302272,412672,388992,1288128,43776,1216,628800,131904,0,25856,0,1,2,44288,128,192,512,24640,0,45376,1280,185728,128,538,1229,3964474536,2179762303,1266752,0
235,1117056,145792,143232,0,4544,20736,500608,272448,29696,5504,1111552,0,1280,495488,0,0,0,0,0,0,44672,64,192,576,32640,0,0,0,194176,128,519,1191,1825213929,533700114,1090816,0
236,1116992,134336,142656,0,3840,21184,483776,277440,53760,29568,1087424,0,1280,478592,0,0,0,0,0,0,43904,128,192,576,35264,0,0,0,197248,128,516,1191,4275655252,1705579739,1066240,0
237,1677568,164800,142656,0,3776,20736,605120,306752,433728,409088,1268480,51264,1280,599872,97088,0,14208,0,1,1,44160,192,192,448,30784,0,23808,128,206912,128,537,1236,3999894378,4269122946,1247744,0
238,1676736,145664,142400,0,6208,21184,474752,301440,585088,554752,1121984,0,1280,469504,0,0,0,0,0,0,44608,192,192,576,23680,0,0,0,232000,192,533,1231,288679760,1556362326,1100800,0
239,1116928,133440,136128,0,5056,21120,475904,264960,80320,56448,1060480,0,1280,470656,0,0,0,0,0,0,44288,128,192,512,23872,0,0,0,195840,128,515,1171,994582264,2742937542,1039360,0
240,1677120,157568,141824,0,11264,21184,597824,255040,492416,468288,1208832,0,1280,592448,0,0,0,0,0,0,44608,128,192,512,37568,0,0,0,171904,128,520,1189,606245602,1402517991,1187648,0
241,1676992,145216,141824,0,3776,21696,654720,292224,417536,393600,1283392,0,1344,649472,0,0,0,0,0,0,44288,128,192,576,39872,0,0,0,206976,192,545,1254,4002916538,1613052504,1261696,0
242,1677120,135360,144512,0,3904,21248,619328,295040,457728,433344,1243776,0,1344,614080,0,0,0,0,0,0,45440,128,256,448,43008,0,0,0,205632,128,544,1258,404107756,1113602538,1222528,0
243,1677248,142720,144256,0,6208,43008,621312,252672,467072,442624,1234624,0,1344,615936,0,0,0,0,0,0,45184,64,192,512,34752,0,0,0,171840,128,521,1191,1284297240,1341799950,1191616,0
244,1677184,144768,138688,0,6400,21248,616064,246848,503168,478464,1198720,0,1280,610624,0,0,0,0,0,0,44608,128,192,512,31488,0,0,0,169792,128,524,1194,2848672947,3633961560,1177472,0
245,1676800,134592,144384,0,3840,20928,641024,283520,448512,424256,1252544,0,1280,635776,0,0,0,0,0,0,44352,64,192,512,30784,0,0,0,207488,128,545,1240,2672581083,2241663912,1231616,0
246,1678848,206208,144448,0,3840,31872,629248,291072,372160,346304,1332544,0,1344,624000,0,0,0,48192,0,0,44608,128,192,640,31360,0,0,0,214016,128,549,1252,4239212505,1507326260,1300672,0
247,1677248,144512,143680,0,3776,32512,659520,261312,431936,406144,1271104,0,1280,654272,0,0,0,0,0,0,44928,128,192,448,38592,0,0,0,176832,192,535,1209,2710798176,3178673462,1238592,0
248,1677248,153792,143744,0,3968,32192,784256,259904,299392,272768,1404480,46464,1344,778944,136192,0,25920,0,1,2,44608,64,192,576,36480,0,47232,1152,129472,128,524,1195,3163888484,2646566272,1372288,0
249,1677184,144512,137920,0,6208,32128,659392,287424,409600,382848,1294336,0,1280,654080,0,0,0,0,0,0,44608,128,192,576,30464,0,0,0,211328,128,542,1254,1875635787,934130838,1262208,0
250,1676992,165504,144320,0,16448,44224,889152,254656,162688,136064,1540928,55488,1344,883840,102528,0,10688,0,1,1,0,0,0,0,44480,0,25280,1728,183040,128,549,1265,1617630317,1875886020,1496704,0
251,1677120,149056,144448,0,3712,43520,564416,211584,560384,532928,1144192,0,1280,559104,0,0,0,0,0,0,0,0,0,0,35072,0,0,0,176384,128,535,1221,2307355988,1390998743,1100672,0
252,1117120,148800,144192,0,3712,44224,532544,207104,36544,8384,1108736,0,1280,527424,0,0,0,0,0,0,0,0,0,0,34176,0,0,0,172800,128,538,1234,772997888,3196649516,1064512,0
253,1676864,149632,142656,0,3712,31680,579008,215104,555072,527744,1149120,0,1280,573824,0,0,0,0,0,0,0,0,0,0,41408,0,0,0,173504,192,533,1230,2180350241,1614924575,1117440,0
254,1677184,147904,134848,0,3776,53056,597312,220736,519552,486400,1190784,0,1280,592064,0,0,0,0,0,0,0,0,0,0,45056,0,0,0,175552,128,530,1235,1267378418,469735105,1137728,0
255,1116992,144448,142784,0,6144,31680,573120,178368,40448,12992,1104000,0,1216,567744,0,0,0,0,0,0,0,0,0,0,42112,0,0,0,136128,128,502,1150,2422685378,2361357871,1072320,0
256,1116992,145472,141696,0,6080,32000,561984,174080,55680,28288,1088704,0,1344,556608,0,0,0,0,0,0,0,0,0,0,37120,0,0,0,136832,128,504,1157,878201678,399288898,1056704,0
257,1116736,134976,142912,0,5056,33408,553536,172416,74432,50304,1066432,0,1408,548160,0,0,0,0,0,0,0,0,0,0,35008,0,0,0,137280,128,472,1055,4013630018,3737543585,1033024,0
258,1117120,145408,141760,0,3648,20480,551232,170496,84096,61120,1056000,0,1344,545856,0,0,0,0,0,0,0,0,0,0,35456,0,0,0,134912,128,486,1091,788080424,1715769645,1035520,0
259,1116800,144896,134848,0,3648,20608,577344,166720,68736,47936,1068864,0,1280,572032,0,0,0,0,0,0,0,0,0,0,31936,0,0,0,134656,128,484,1078,4233540411,2550203432,1048256,0
260,1117376,135680,142784,0,3776,20032,562432,172480,80192,59008,1058368,0,1280,557376,0,0,0,0,0,0,0,0,0,0,37184,0,0,0,135168,128,477,1070,2703558417,839611961,1038336,0
261,1116864,144896,143936,0,3712,20352,542016,166016,95936,74688,1042176,0,1344,536704,0,0,0,0,0,0,0,0,0,0,31168,0,0,0,134720,128,480,1072,762984057,494639304,1021824,0
262,1116864,146624,142528,0,6080,21440,544512,158336,97344,76224,1040640,0,1280,539008,0,0,0,0,0,0,0,0,0,0,25216,0,0,0,132992,128,482,1077,3490994528,2550125096,1019200,0
263,1117056,134912,143808,0,6144,20480,522112,159872,129728,108672,1008384,0,1344,516928,0,0,0,0,0,0,0,0,0,0,24768,0,0,0,134912,192,484,1075,577416366,3039726500,987904,0
264,1117056,145088,135936,0,3584,20288,509568,159872,142720,121280,995776,0,1280,504192,0,0,0,0,0,0,0,0,0,0,25408,0,0,0,134336,128,493,1084,3687205612,721492100,975488,0
265,1116800,145664,143360,0,3648,21120,534528,166912,101568,80384,1036416,0,1344,529280,0,0,0,0,0,0,0,0,0,0,32384,0,0,0,134400,128,485,1081,480526583,3164505973,1015296,0
266,1117312,135040,142720,0,3840,20608,529728,173440,111936,91072,1026240,0,1408,524416,0,0,0,0,0,0,0,0,0,0,36864,0,0,0,136448,128,484,1081,3295672614,2601276109,1005632,0
267,1116864,145472,143424,0,3776,20544,508224,165440,129984,109056,1007808,0,1344,502848,0,0,0,0,0,0,0,0,0,0,30848,0,0,0,134464,128,482,1082,4059526410,3055578392,987264,0
268,1116928,146048,143872,0,12480,20416,543488,159168,91456,70336,1046592,0,1280,538176,0,0,0,0,0,0,0,0,0,0,24768,0,0,0,134272,128,484,1081,1788722839,1456507188,1026176,0
269,1116928,134080,136448,0,6272,43072,512320,160064,124672,103488,1013440,0,1280,507136,0,0,0,0,0,0,0,0,0,0,24896,0,0,0,135040,128,493,1082,1096513836,3110699496,970368,0
270,1116736,144384,153920,0,3712,20032,515712,160256,118720,92544,1024192,0,1344,510528,0,0,0,0,0,0,0,0,0,0,24576,0,0,0,135552,128,489,1088,875126450,697216368,1004160,0
271,1677184,163648,143424,0,6784,21184,633472,167552,541120,519680,1157504,38016,1344,628096,77248,0,11072,0,1,1,0,0,0,0,32192,0,21120,128,113984,128,490,1086,2821935639,2900654,1136320,0
272,1117312,152704,143616,0,3712,20480,561664,173440,61696,40576,1076736,4736,1344,556160,43584,0,9088,0,0,1,0,0,0,0,37056,0,22656,128,113472,128,486,1077,652120091,3221588662,1056256,0
273,1116544,176704,142848,0,3648,20672,528960,166144,77568,56384,1060160,4480,1344,523648,46464,0,11200,19456,0,1,0,0,0,0,31232,0,23424,64,111296,128,484,1084,903502354,1130295756,1039488,0
274,1117056,166208,136192,0,3648,20608,477248,160128,153024,131840,985216,0,1344,471872,0,0,0,18112,0,0,0,0,0,0,24960,0,0,0,135040,128,493,1092,782285268,1080197160,964608,0
275,1117184,145472,143936,0,3712,20288,495168,158784,149824,128704,988480,4608,1344,489984,47808,0,10944,0,0,1,0,0,0,0,25088,0,25152,384,108032,128,493,1086,3246850344,71926174,968192,0
276,1116928,143552,142528,0,3584,20416,451904,157440,197504,176448,940480,0,1344,446592,0,0,0,0,0,0,0,0,0,0,25344,0,0,0,131968,128,498,1105,2896282104,1471753562,920064,0
277,1677184,228416,142016,0,5952,20928,643776,173824,462272,441024,1236160,43008,1280,638464,143616,0,22784,79424,1,2,0,0,0,0,36928,0,49152,13888,73728,128,493,1112,2257622784,3006239092,1215232,0
278,1116992,143744,143808,0,4352,20928,458048,168256,177856,156608,960384,0,1280,452800,0,0,0,0,0,0,0,0,0,0,34368,0,0,0,133760,128,483,1076,2183463976,3222057340,939456,0
279,1677312,178304,134592,0,10240,20736,741632,216704,375104,353664,1323648,45952,1280,736448,87424,0,11200,0,1,1,44096,128,192,576,33216,0,21952,128,116288,128,473,1064,4241646458,679749874,1302912,0
280,2797248,918464,142528,0,11584,33600,914560,202880,573632,552192,2245056,47680,1280,909184,184384,747328,35136,0,1,3,128,64,35584,576,28224,0,69248,832,68096,128,492,1106,2024815284,1376969157,2211456,0
281,1116992,172224,143680,0,3712,55424,463488,232576,45888,24896,1092096,0,1344,458176,0,0,0,0,0,0,128,128,35776,512,59520,0,0,0,136320,192,505,1140,2178506205,2340612939,1036672,0
282,1677248,180032,144128,0,3840,32832,592320,253568,470528,449024,1228224,7680,1216,587072,91520,0,19968,0,0,2,192,192,68928,1024,43648,0,50432,192,88832,128,501,1153,292788731,3900501302,1195392,0
283,1677248,179712,143872,0,10432,20800,595264,295168,432000,410624,1266624,43328,1280,589760,90304,0,12672,0,1,1,128,256,69248,1216,51904,0,25216,128,146944,128,514,1171,1318323623,3381714502,1245824,0
284,1676992,166400,137600,0,10432,21120,581952,279936,479552,458176,1218816,39040,1344,576704,85120,0,12672,0,1,1,128,256,69184,1088,49728,0,26240,64,133184,64,509,1157,712635408,2240497720,1197696,0
285,1677312,184320,143872,0,6400,21120,607744,277824,436032,414976,1262336,49536,1408,602304,97920,0,14336,0,1,1,256,256,69248,896,48960,0,24704,704,132608,192,525,1192,2651863892,3492869136,1241216,0
286,1676992,171968,144320,0,7424,21056,517568,281408,533248,507200,1169792,0,1408,512064,0,0,0,0,0,0,128,256,67904,1088,54144,0,0,0,157760,128,520,1180,117751944,7857092,1148736,0
287,1117056,148288,145216,0,7296,33408,482880,268032,31936,10752,1106304,0,1344,477696,0,0,0,0,0,0,192,192,68416,1024,56320,0,0,0,141760,128,520,1174,1174393930,3598335971,1072896,0
288,1117120,176512,145536,0,6272,20608,463680,211008,93504,72832,1044288,0,1280,458368,0,0,0,0,0,0,128,64,35712,448,37952,0,0,0,136576,128,508,1136,2631217389,1342781550,1023680,0
289,1677184,198848,138112,0,20416,21056,726272,199040,373440,352192,1324992,59456,1344,720896,130560,0,14464,29824,1,1,128,128,4352,576,56384,0,26304,640,110400,128,497,1100,3288542279,1660195724,1303936,0
290,1677120,172800,145280,0,6272,20544,612800,215232,504192,483328,1193792,7552,1344,607488,92544,0,20032,0,0,2,128,64,4416,512,72896,0,50240,192,86656,128,501,1134,4137661444,2883124280,1173248,0
291,1117248,157952,144896,0,6464,20480,572992,187456,27008,5760,1111488,0,1344,567744,0,0,0,0,0,0,128,64,4480,512,46720,0,0,0,135424,128,493,1115,486121454,2680094336,1091008,0
292,1116992,137472,145152,0,3776,20800,547200,188928,73664,52480,1064512,0,1280,541888,0,0,0,0,0,0,128,128,4480,512,48704,0,0,0,134848,128,489,1101,3029394124,385377554,1043712,0
293,1677120,157504,142272,0,3840,42240,714304,224064,392896,371648,1305472,0,1280,708928,0,0,0,0,0,0,128,128,45760,512,40832,0,0,0,136576,128,483,1096,2200392811,4254529404,1263232,0
294,1677120,176064,134848,0,3712,20544,739264,207744,394944,373696,1303424,4544,1280,734080,41344,0,9536,0,0,1,64,64,32704,576,35840,0,19904,512,117888,192,483,1086,2990392878,3548978163,1282880,0
295,1677056,167104,142208,0,3776,20864,713024,206400,423680,402432,1274624,4416,1280,707776,46016,0,10880,20672,0,1,64,64,32512,576,37312,0,23296,64,112384,128,475,1072,450421093,391072226,1253760,0
296,1677120,164800,142912,0,3776,21056,721024,206336,417216,396160,1280960,0,1280,715776,0,0,0,18240,0,0,128,128,32320,512,35904,0,0,0,137216,128,479,1091,3928691512,3556610406,1259904,0
297,1677504,143680,142144,0,3712,20608,648192,207616,511552,490048,1187456,0,1280,642752,0,0,0,0,0,0,128,128,32192,512,37120,0,0,0,137408,128,481,1086,100733705,335001253,1166848,0
298,1116672,131776,143168,0,3776,20800,530240,205312,81600,59904,1056768,0,1280,524928,0,0,0,0,0,0,128,128,32576,576,36608,0,0,0,135168,128,486,1096,2349122653,933389418,1035968,0
299,1116992,142912,135680,0,3840,20608,564928,197824,51200,29952,1087040,0,1280,559680,0,0,0,0,0,0,128,128,31808,512,29824,0,0,0,135296,128,471,1065,3196547831,1319099660,1066432,0
300,1677184,144192,143296,0,3712,21120,589504,197952,577408,556288,1120896,0,1408,584192,0,0,0,0,0,0,128,128,32384,512,30208,0,0,0,134464,128,484,1094,195882399,727234090,1099776,0
301,1677312,146816,143936,0,3712,20736,594240,198976,568896,547456,1129856,4544,1280,589056,48064,0,11008,0,0,1,128,64,32320,576,30592,0,25728,448,108992,128,478,1078,1089435075,600814222,1109120,0
302,1676992,160320,143680,0,3776,20544,645120,198976,504576,478208,1198784,52032,1280,639872,92864,0,11392,0,1,1,128,64,32000,576,30464,0,22016,64,113536,128,487,1089,2614679436,1810525697,1178240,0
303,1116992,145152,144000,0,3712,20608,556736,206400,40384,19392,1097600,0,1280,551424,0,0,0,0,0,0,128,128,32256,448,37376,0,0,0,136000,64,472,1067,1485115909,2435582755,1076992,0
304,1677376,150144,136128,0,11456,42560,775552,199424,362112,340800,1336576,7936,1280,770176,89344,0,20480,0,0,2,128,128,32704,512,29248,0,46720,192,89600,192,474,1094,1266014179,1435727050,1294016,0
305,1676736,145088,144000,0,3968,21312,596288,191296,574784,553536,1123200,0,1280,590976,0,0,0,0,0,0,128,128,32448,512,22720,0,0,0,135232,128,505,1119,3520394473,1615322666,1101888,0
306,1117184,134080,144000,0,3968,20928,565312,190720,58176,37312,1079872,0,1408,560000,0,0,0,0,0,0,128,128,31936,512,22784,0,0,0,135104,128,489,1095,4024027139,1815592872,1058944,0
307,1116864,144896,144064,0,3904,20352,566400,189760,47488,26304,1090560,0,1280,561088,0,0,0,0,0,0,128,64,32320,512,22784,0,0,0,133824,128,501,1104,2497654997,2375762200,1070208,0
308,1677376,222464,144128,0,3904,20736,701824,203968,380352,359104,1318272,4672,1344,696640,73920,0,10176,80448,0,1,128,128,32128,512,34048,0,23744,64,113088,128,489,1084,3686660593,2374781280,1297536,0
309,1116800,133952,135808,0,6592,21120,551424,218816,49088,27968,1088832,0,1344,546112,0,0,0,0,0,0,128,128,33792,448,48320,0,0,0,135872,128,491,1093,210389223,2638883861,1067712,0
310,1116864,143808,143808,0,6592,21312,501056,198720,101568,80448,1036416,0,1344,495616,0,0,0,0,0,0,128,128,33536,576,29376,0,0,0,134848,128,494,1083,1502496218,1570266715,1015104,0
311,1116992,145280,143936,0,7040,19840,463744,198720,138432,117376,999616,0,1344,458496,0,0,0,0,0,0,128,64,32960,576,29504,0,0,0,135296,192,505,1107,1881759591,2070785134,979776,0
312,1116928,134336,143936,0,6144,20352,462720,197824,151616,130432,986496,0,1280,457472,0,0,0,0,0,0,128,128,33216,512,29440,0,0,0,134272,128,509,1107,1504639744,2636038750,966144,0
313,1117248,162880,142272,0,2368,20672,515776,194752,78528,57280,1059968,4480,1344,510464,41024,0,9472,0,0,1,64,128,33536,512,25088,0,20288,128,114880,128,506,1107,822311570,655354780,1039296,0
314,1116608,144832,135040,0,2304,20160,489088,202880,122304,100992,1015616,0,1280,483648,0,0,0,0,0,0,128,64,33216,512,32704,0,0,0,136128,128,501,1099,2887361086,1535851914,995456,0
315,1677504,153152,142592,0,10560,20608,620928,206720,522944,501888,1175616,59008,1408,615424,105856,0,11264,0,1,1,128,64,33216,512,37184,0,21824,128,113536,128,507,1108,210548481,1651239284,1155008,0
316,1116800,144448,142848,0,6272,20352,481024,200704,121152,99904,1016896,0,1280,475712,0,0,0,0,0,0,128,128,33408,512,31808,0,0,0,134592,128,508,1112,3455438318,3248475879,996544,0
317,1116864,175872,144512,0,6144,33472,549376,160896,46592,25664,1091200,46848,1408,543936,99520,0,14528,0,1,1,0,0,0,0,25024,0,27072,2624,106048,128,506,1110,884987052,354739339,1057728,0
318,1117056,134400,143040,0,5120,41600,440448,166080,186368,159488,957568,0,1408,435072,0,0,0,0,0,0,0,0,0,0,32704,0,0,0,133312,64,495,1093,1400140763,498505701,915968,0
319,1116928,144768,135744,0,3712,20736,424640,165120,222208,201280,915648,0,1344,419328,0,0,0,0,0,0,0,0,0,0,31232,0,0,0,133696,192,495,1097,3951088812,3403580231,894912,0
320,1116864,221056,143488,0,3712,21120,522816,174528,30144,8960,1107904,4480,1280,517440,74112,0,10240,78592,0,1,0,0,0,0,39360,0,23680,13632,97728,128,482,1102,3414549464,317329480,1086784,0
321,1116992,133696,142720,0,4864,20672,426304,168512,220224,199296,917696,0,1280,420864,0,0,0,0,0,0,0,0,0,0,34240,0,0,0,134144,128,489,1112,3949073758,3978609563,897024,0
322,1116800,144384,145152,0,5952,21248,432448,158016,209600,188480,928320,0,1280,427200,0,0,0,0,0,0,0,0,0,0,25088,0,0,0,132800,128,487,1107,1877444573,1905293128,907072,0
323,1677312,144576,144640,0,12928,20672,642624,201984,509888,488576,1188736,0,1344,637184,0,0,0,0,0,0,128,64,35968,576,28480,0,0,0,136640,128,497,1140,3799274383,4230200271,1168064,0
324,1116672,133696,138432,0,5440,20416,492032,198976,127680,105728,1010944,0,1280,486208,0,0,0,0,0,0,128,64,35840,576,27072,0,0,0,135168,128,496,1139,1569417933,2608107204,990528,0
325,1677056,145088,144512,0,3968,21056,617664,238272,506496,485440,1191616,0,1344,612096,0,0,0,0,0,0,192,256,69440,1152,30080,0,0,0,137024,128,506,1167,613948671,331120542,1170560,0
326,1117120,144192,145280,0,3776,20416,523392,246848,33216,11776,1105344,0,1344,518080,0,0,0,0,0,0,192,192,67648,1024,38784,0,0,0,138880,128,508,1171,1870345438,4066185446,1084928,0
327,1677120,133568,144320,0,3968,20416,707072,251264,416512,395520,1281600,0,1408,701824,0,0,0,0,0,0,256,192,70208,1088,41152,0,0,0,138240,128,507,1177,3361863248,275849362,1261184,0
328,1677120,162944,144576,0,3968,20800,649408,255168,440256,419264,1257856,5184,1344,644032,50560,0,10752,0,0,1,192,192,67200,1024,28160,0,25280,128,132864,128,498,1167,1412803610,2283508035,1237056,0
329,1677184,133952,138496,0,4160,9600,783936,247040,360000,338880,1338304,0,1344,778624,0,0,0,0,0,0,192,256,68096,960,31744,0,0,0,145664,128,495,1155,681947752,2669722353,1328704,0
330,1675648,152576,144640,0,6592,9664,668800,249344,444032,424448,1251200,5056,1344,663488,49024,0,10688,0,0,1,256,192,67968,960,30528,0,25984,128,123264,64,494,1144,3385287618,2048827606,1241536,0
331,1677248,216128,144768,0,14080,44800,909376,286592,61504,41856,1635392,71872,1408,904064,136832,0,15040,30528,1,1,192,192,67968,1088,68800,0,24128,128,123904,192,523,1209,3709667334,4184616086,1590592,0
332,1117056,136512,144576,0,6592,9536,544576,252352,22912,3328,1113728,0,1408,539072,0,0,0,0,0,0,128,192,67328,1024,52480,0,0,0,131072,128,518,1203,3783490543,869623027,1104192,0
333,1116992,145664,142400,0,5568,22784,519808,221696,59072,39808,1077184,0,1408,514496,0,0,0,0,0,0,64,128,35840,512,52736,0,0,0,132288,128,508,1177,822069068,919741490,1054400,0
334,1116736,146176,134976,0,4096,9728,517888,220736,83136,58176,1058560,0,1280,512512,0,0,0,0,0,0,128,64,35456,512,55232,0,0,0,129216,128,503,1170,1616988565,3751058757,1048832,0
335,1677120,161792,142976,0,4096,9536,610240,185280,563200,543680,1133440,4544,1280,604864,46400,0,10176,0,0,1,0,0,0,0,55424,0,23680,128,105920,128,477,1120,2855615617,2093670389,1123904,0
336,1117120,165696,142912,0,4160,9536,541504,189248,64064,44672,1072448,4352,1344,536128,45824,0,10880,19456,0,1,0,0,0,0,59072,0,23168,128,106752,128,487,1137,2883108645,704942182,1062912,0
337,1117056,154560,141888,0,4224,9664,480128,189440,137152,117888,999168,0,1280,474752,0,0,0,18048,0,0,0,0,0,0,59712,0,0,0,129536,192,492,1147,2195172377,304547277,989504,0
338,1117248,132928,143360,0,4096,9344,470784,191616,165120,145792,971456,0,1280,465344,0,0,0,0,0,0,0,0,0,0,63552,0,0,0,127936,128,495,1151,3465855650,3189721085,962112,0
339,1116928,132800,135296,0,4160,9728,494400,190720,149824,130368,986560,0,1280,489152,0,0,0,0,0,0,0,0,0,0,60864,0,0,0,129728,128,485,1132,512336916,2255802478,976832,0
340,1116928,133504,143104,0,4224,9856,475776,183936,166528,147072,969856,0,1344,470528,0,0,0,0,0,0,0,0,0,0,56192,0,0,0,127616,128,485,1127,1917284250,1092140811,960000,0
341,1116800,150720,143104,0,4032,9664,579968,183936,45376,26048,1090752,4928,1344,574656,46656,0,10176,0,0,1,0,0,0,0,53888,0,24256,128,105536,128,486,1123,239908726,270379187,1081088,0
342,1117056,145536,143040,0,4096,12992,533184,188288,89920,69312,1047744,0,1280,527616,0,0,0,0,0,0,0,0,0,0,58112,0,0,0,129920,256,486,1128,391232031,3675713314,1034752,0
343,1117120,146816,143168,0,4992,9536,587968,182592,42048,22528,1094592,4480,1216,582784,47616,0,10752,0,0,1,0,0,0,0,53952,0,25664,384,102464,128,492,1123,3484347637,3501541320,1085056,0
344,1116736,145408,136384,0,4096,9792,535616,178752,106688,86976,1029760,0,1344,530368,0,0,0,0,0,0,0,0,0,0,52032,0,0,0,126528,192,485,1103,3893262571,1766296915,1019968,0
345,1117056,144256,143296,0,4224,9728,496448,174912,144192,124544,992512,0,1280,491136,0,0,0,0,0,0,0,0,0,0,45888,0,0,0,128896,128,495,1109,3352027505,2756901962,982784,0
346,1116864,132928,143744,0,4160,31680,491520,172608,140224,120640,996224,0,1344,486272,0,0,0,0,0,0,0,0,0,0,46272,0,0,0,126208,128,491,1103,3268590271,107829544,964544,0
347,1677120,214400,142848,0,4224,22528,745472,212928,334720,315200,1361920,45440,1344,740224,192512,0,34880,30592,1,3,0,0,0,0,47488,0,73920,832,90560,128,502,1134,3644350998,2262599640,1339392,0
348,1677184,162944,142848,0,4352,9664,713152,224320,419904,400448,1276736,46144,1280,707904,124608,0,20992,0,1,2,0,0,0,0,45120,0,41792,192,137088,128,506,1147,644690472,9478873,1267072,0
349,1676992,181760,135872,0,6592,9664,701120,205696,436288,417024,1259968,0,1280,695744,5504,0,0,0,0,2,0,0,0,0,40384,0,0,256,164928,128,516,1149,1203590511,896329738,1250304,0
350,1677312,145856,143040,0,7936,9856,723328,204672,442624,417664,1259648,0,1280,718208,0,0,0,0,0,0,0,0,0,0,41280,0,0,0,163264,128,504,1129,1042526833,2444198861,1249792,0
351,1677056,134656,143808,0,7552,9536,708672,202752,470080,450880,1226176,0,1280,703424,0,0,0,0,0,0,0,0,0,0,39744,0,0,0,162880,128,500,1128,3106754503,154093250,1216640,0
352,1677120,152128,143808,0,7360,9920,850048,204544,309312,290048,1387072,7488,1344,844672,106560,0,20096,0,0,2,0,0,0,0,42624,0,50816,256,110720,128,506,1141,312656739,3659848611,1377152,0
353,1677376,135296,142592,0,5184,9536,707520,202432,474816,455424,1221952,0,1344,702208,0,0,0,0,0,0,0,0,0,0,38528,0,0,0,163776,128,505,1133,2333448703,707361293,1212416,0
354,1677056,144896,134528,0,6016,9728,727616,204032,450240,430400,1246656,0,1216,722240,0,0,0,0,0,0,0,0,0,0,39104,0,0,0,164800,128,504,1128,4064408001,3473021320,1236928,0
355,1677248,145792,142208,0,5056,9536,714368,195520,464768,445120,1232128,0,1216,709120,0,0,0,0,0,0,0,0,0,0,30656,0,0,0,164736,128,498,1111,2392363693,3712165215,1222592,0
356,1677120,160512,142080,0,6016,9728,786240,180352,392192,372608,1304512,49856,1280,780800,97664,0,14912,0,1,1,0,0,0,0,30720,0,24832,128,124544,128,500,1113,3168802685,536179163,1294784,0
357,1117568,145728,142080,0,5120,31168,578432,180160,34880,15104,1102464,0,1344,572992,0,0,0,0,0,0,0,0,0,0,30848,0,0,0,149184,128,497,1113,2514733239,3723907084,1071296,0
358,1116288,145472,142272,0,6016,9664,595456,178624,38784,19712,1096576,0,1344,590016,0,0,0,0,0,0,0,0,0,0,33472,0,0,0,145024,128,495,1118,2295361888,314923270,1086912,0
359,1677248,164224,135488,0,5888,10304,602176,182208,576960,556864,1120384,4544,1280,596864,46016,0,10752,18368,0,1,0,0,0,0,32256,0,23232,128,126464,128,481,1102,2260024828,1003711816,1110080,0
360,1677312,172096,142144,0,5248,9792,971136,167296,209600,190080,1487232,211264,1280,965760,325632,0,17472,0,0,1,0,0,0,0,39232,0,83968,2688,41280,128,486,1105,1197408389,1522694903,1477440,0
361,1677120,229440,141760,0,11840,9536,562688,169280,552576,533120,1144000,0,1280,557376,0,66240,0,18112,0,0,0,0,0,0,40640,0,0,0,128512,128,414,952,756308157,2222217199,1134464,0
362,1677120,280064,144960,0,3648,9664,673728,168192,396864,377280,1299840,4608,1280,668544,49280,86592,12544,31872,0,1,0,0,0,0,40832,0,22400,128,104704,128,415,945,2218272673,4181398893,1290176,0
363,1116992,137152,144448,0,3712,9408,588416,171648,62208,42688,1074304,0,1280,583040,0,0,0,0,0,0,0,0,0,0,43200,0,0,0,128320,128,418,953,1661073984,1501200132,1064896,0
364,1116928,138880,138176,0,3648,9728,589248,168512,68736,48832,1068096,0,1280,584000,0,0,0,0,0,0,0,0,0,0,44160,0,0,0,124224,128,419,950,296015,1409811049,1058368,0
365,1116992,161408,144448,0,3648,9472,592704,174656,30656,11136,1105856,0,1280,587456,0,0,0,29312,0,0,0,0,0,0,46080,0,0,0,128448,128,420,956,2317384391,3247189969,1096384,0
366,1116928,137536,144000,0,3712,9600,574848,165824,81408,56576,1060352,0,1280,569472,0,0,0,0,0,0,0,0,0,0,40320,0,0,0,125376,128,419,953,1702690295,1181010291,1050752,0
367,1117120,138624,144128,0,3712,9600,596672,170880,53504,34240,1082880,0,1280,591296,0,0,0,0,0,0,0,0,0,0,43008,0,0,0,127744,128,421,960,4106487868,2071727841,1073280,0
368,1677376,143808,144128,0,3648,9664,694720,167552,513856,493952,1183424,54336,1344,689472,98560,0,12224,0,1,1,0,0,0,0,40832,0,24448,128,102016,128,408,932,2480907435,1247555649,1173760,0
369,1116608,128384,138176,0,3648,9600,619072,172736,44992,25344,1091264,0,1280,613888,0,0,0,0,0,0,0,0,0,0,46016,0,0,0,126592,128,408,929,3294757354,2574533339,1081664,0
370,1677312,583424,144960,0,3648,31552,587520,167552,158656,138752,1538560,0,1280,582336,0,446016,0,0,0,0,0,0,0,0,42112,0,0,0,125312,128,409,929,3032654096,4099733981,1507008,0
371,1116736,127424,144192,0,3776,9728,586368,170304,74944,55424,1061312,0,1344,580800,0,0,0,0,0,0,0,0,0,0,42688,0,0,0,127488,128,413,943,210472162,2994355635,1051584,0
372,1117184,120320,144896,0,3648,9600,564864,164928,108928,89472,1027712,0,1152,559488,0,0,0,0,0,0,0,0,0,0,40000,0,0,0,124800,128,409,928,1141023332,1237368035,1018112,0
373,1676992,180288,142976,0,19264,22656,1004032,194688,113088,93568,1583424,16000,1408,998720,69120,0,12480,30528,0,1,0,0,0,0,67456,0,24192,960,101952,128,410,927,3013040639,3623248471,1560768,0
374,1677184,256640,134784,0,4992,23296,921472,180480,155520,136064,1541120,100992,1344,916032,234432,0,24256,75328,2,2,0,0,0,0,52224,0,49600,44096,34432,128,467,1052,2433293880,2477539732,1517824,0
375,1116672,155968,142976,0,3776,23232,456448,174784,159488,140096,976576,0,1280,451200,0,0,0,0,0,0,0,0,0,0,47104,0,0,0,127552,128,468,1056,1318924199,362917421,953344,0
376,1117120,154880,202304,0,9216,27072,549568,122048,52032,22848,1094272,0,3328,539136,0,0,0,0,0,0,0,0,0,0,45952,0,0,0,75968,128,461,1043,3689943483,2227582857,1067200,0
377,1116800,158016,142400,0,18432,23104,514240,125632,134976,115776,1001024,0,1280,508992,0,0,0,0,0,0,0,0,0,0,56448,0,0,0,69056,128,485,1109,1519608241,1610100522,977920,0
378,1116864,156800,142784,0,4800,9536,619456,122496,60992,41536,1075328,0,1344,614144,0,0,0,0,0,0,0,0,0,0,54464,0,0,0,67904,128,488,1087,3790895968,1140742163,1065792,0
379,1677248,160320,135808,0,3904,9408,741632,114816,511360,491776,1185472,92800,1280,736384,183808,0,25856,0,2,2,0,0,0,0,53184,0,50816,512,10176,128,484,1076,886001506,1894109664,1176064,0
380,1117056,133504,142976,0,3840,9024,468672,112768,246272,226816,890240,0,1280,463296,0,0,0,0,0,0,0,0,0,0,50880,0,0,0,61760,128,471,1048,3275557175,2612313147,881216,0
381,1116864,133248,143360,0,3968,9216,481280,109056,236736,217600,899264,0,1280,475968,0,0,0,0,0,0,0,0,0,0,47424,0,0,0,61504,128,476,1061,696093310,2931753380,890048,0
382,1677184,223040,143296,0,3904,9344,686016,105152,506432,481408,1195776,102144,1344,680768,194304,0,24256,80576,2,2,0,0,0,0,42752,0,45824,7808,8640,128,469,1053,4221834092,2522148356,1186432,0
383,1116992,132288,143104,0,3968,9152,465984,99136,263360,244224,872768,0,1280,460608,0,0,0,0,0,0,0,0,0,0,36800,0,0,0,62208,128,461,1041,2308536914,141661512,863616,0
384,1117056,133120,136640,0,3968,30656,487104,93248,232320,212352,904704,0,1408,481856,0,0,0,0,0,0,0,0,0,0,32704,0,0,0,60416,128,463,1062,322261625,210456809,874048,0
385,1116864,132928,143936,0,3840,9152,448064,91776,287168,264768,852096,0,1344,442752,0,0,0,0,0,0,0,0,0,0,30784,0,0,0,60800,192,461,1059,1708707677,1930788155,842944,0
386,1116864,151488,143424,0,3904,9152,616832,99008,93056,73472,1043392,119296,1344,611520,176448,0,12032,0,1,1,0,0,0,0,38144,0,23872,128,36736,128,468,1075,2205462840,3646403555,1034240,0
387,1117184,132672,142912,0,3904,9216,452992,96640,278848,259008,858176,0,1280,447616,0,0,0,0,0,0,0,0,0,0,35136,0,0,0,61376,128,461,1065,965926474,4048020482,848960,0
388,1116928,151872,143168,0,3968,9344,530112,86784,191680,172288,944640,42240,1408,524672,84736,0,12032,0,1,1,0,0,0,0,26112,0,23168,128,37248,128,462,1052,653730968,2677723125,935296,0
389,1116928,132480,136768,0,3840,9024,434880,84864,315072,295424,821504,0,1280,429376,0,0,0,0,0,0,0,0,0,0,24128,0,0,0,60608,128,469,1040,3884293688,666717039,812480,0
390,1116864,133376,143680,0,3840,9344,397824,84864,343936,324672,792192,0,1344,392448,0,0,0,0,0,0,0,0,0,0,24128,0,0,0,60608,128,492,1083,1059879106,746826601,782848,0
391,1677248,311424,142784,0,4096,9024,809600,132736,267584,248192,1429056,95296,1344,804224,298752,0,49600,112832,2,4,0,0,0,0,33984,0,91264,1472,5888,128,479,1074,3076395722,3312599945,1420032,0
392,1677120,180800,143488,0,10560,9408,975808,121344,235712,216128,1460992,205504,1408,970368,324160,0,17088,0,0,3,0,0,0,0,39680,0,83584,2752,0,192,473,1063,3048473701,400849237,1451584,0
393,1116992,153472,142144,0,6912,8896,617152,120704,67712,48320,1068672,0,1280,611968,0,0,0,22976,0,0,0,0,0,0,40512,0,0,0,80000,192,415,929,4013695781,4117877909,1059776,0
394,1676928,239296,134720,0,7424,9536,820608,118272,347072,327296,1349632,64256,1280,815232,123264,0,12288,101056,1,1,0,0,0,0,38848,0,24000,13696,41600,128,413,934,335634934,2743160943,1340096,0
395,1117248,128384,141248,0,5376,9152,656384,117376,59328,39488,1077760,0,1344,651200,0,0,0,0,0,0,0,0,0,0,37184,0,0,0,80064,128,408,925,2416557411,3458682277,1068608,0
396,1676992,167936,141696,0,3968,9152,818688,98624,436928,417216,1259776,82624,1280,813312,140416,0,15680,0,1,1,0,0,0,0,38656,0,27328,2752,29760,128,422,944,3045335365,3385315390,1250624,0
397,1117184,143040,149248,0,6400,30976,531776,88256,167488,147328,969856,0,1280,526400,0,0,0,0,0,0,0,0,0,0,29568,0,0,0,58496,192,414,924,4241460325,1843197979,938880,0
398,2237120,863360,141760,0,8128,9344,573952,90176,550400,525568,1711552,0,1280,568512,0,715072,0,0,0,0,0,0,0,0,29568,0,0,0,60480,128,421,938,4174512920,2574672154,1702208,0
399,1677248,130560,134912,0,19584,9088,866432,100224,416448,396800,1280448,0,1280,861056,0,0,0,0,0,0,0,0,0,0,39424,0,0,0,60672,128,423,963,1395845137,2431406265,1271360,0
400,2237376,250048,147968,0,9216,25600,1156096,105280,543168,514048,1723328,251968,2880,1146816,309440,0,14144,87168,1,1,0,0,0,0,40768,0,24576,7360,32448,128,403,920,190017523,1739957523,1697728,0
401,1116928,144768,141440,0,12288,23104,584384,102208,108736,89216,1027712,0,1280,579008,0,0,0,0,0,0,0,0,0,0,40768,0,0,0,61312,128,407,936,644413613,2913978527,1004608,0
402,1116928,132928,143744,0,4416,22848,543808,102400,166784,147264,969664,0,1280,538496,0,0,0,0,0,0,0,0,0,0,40896,0,0,0,61376,128,408,937,19669193,4014266284,946816,0
403,1116992,132416,144576,0,4544,22464,563776,105536,143680,124480,992512,0,1280,558464,0,0,0,0,0,0,0,0,0,0,42752,0,0,0,62656,128,410,943,2111435929,3150700272,970048,0
404,1116992,135872,137600,0,4416,9344,575360,103936,150464,130944,986048,0,1344,569984,0,0,0,0,0,0,0,0,0,0,42304,0,0,0,61504,128,413,951,2428439161,3658833656,976704,0
405,1116800,116160,143424,0,6656,9216,590784,105344,145216,126016,990784,0,1344,585472,0,0,0,0,0,0,0,0,0,0,42880,0,0,0,62336,128,414,954,1120258203,1954894080,981568,0
406,1118784,115648,143488,0,6784,20032,601984,110528,120320,99008,1019776,0,1280,596736,0,0,0,0,0,0,0,0,0,0,41408,0,0,0,68992,128,415,955,3274127065,1665368969,999744,0
407,1116608,147456,144576,0,5696,33792,591552,103040,90496,69760,1046848,0,1344,586240,0,0,0,20800,0,0,0,0,0,0,32320,0,0,0,70528,192,421,958,2027915750,3199897146,1013056,0
408,1117184,115712,143872,0,4288,20096,577792,92864,162560,141184,976000,0,1280,572480,0,0,0,0,0,0,0,0,0,0,24128,0,0,0,68608,128,419,961,3973403346,3921178100,955904,0
409,1677184,220096,143808,0,4224,20288,762624,100416,425728,404736,1272448,0,1408,757248,0,0,0,76352,0,0,0,0,0,0,29376,0,0,0,70848,192,478,1080,2219421734,1577407027,1252160,0
410,1677440,130432,144000,0,4288,43072,702144,96064,557440,536128,1141312,0,1344,696832,0,0,0,0,0,0,0,0,0,0,26048,0,0,0,69888,128,476,1072,1315100861,4168060717,1098240,0
411,1116928,140352,137344,0,4224,19968,620800,92480,101760,80384,1036544,0,1216,615680,0,0,0,0,0,0,0,0,0,0,24064,0,0,0,68288,128,483,1079,3063514631,2328909117,1016576,0
412,1677056,142848,144768,0,4224,20352,715008,92608,557248,536064,1140992,8704,1344,709760,94592,0,21760,0,0,2,0,0,0,0,22976,0,49152,704,19648,128,479,1071,656311402,2071185182,1120640,0
413,1116992,130240,145152,0,4224,20416,595456,90688,130816,109632,1007360,0,1408,589952,0,0,0,0,0,0,0,0,0,0,22400,0,0,0,68160,128,488,1083,1232418809,2460827682,986944,0
414,1116800,130112,144768,0,4224,20672,568512,94400,154112,127872,988928,0,1408,563072,0,0,0,0,0,0,0,0,0,0,26048,0,0,0,68224,128,491,1070,1449757913,220213107,968256,0
415,1117056,176256,144640,0,10880,20416,621632,113984,29248,8064,1108992,43136,1280,616320,123648,0,21696,0,1,2,0,0,0,0,24192,0,41984,256,47424,128,489,1080,2748594183,3737655343,1088576,0
416,1116992,148544,138176,0,6400,20096,522240,110464,171072,149952,967040,0,1280,516800,2816,0,0,0,0,1,0,0,0,0,23936,0,0,64,86336,128,487,1086,3077075674,3267635038,946944,0
417,1677632,157824,144896,0,6656,20800,774976,99520,472960,451392,1226240,29952,1344,769536,142528,0,17088,0,0,1,0,0,0,0,31808,0,83648,2496,0,128,478,1069,614317075,789850787,1205440,0
418,1676544,159424,142208,0,6976,20736,668160,102016,577024,555904,1120640,8064,1280,662848,93760,0,21504,20736,0,2,0,0,0,0,34752,0,50176,512,16448,128,419,954,638337385,4282921487,1099904,0
419,1117056,148800,142592,0,5952,20288,526400,99264,173760,152704,964352,0,1280,521024,0,0,0,22336,0,0,0,0,0,0,33152,0,0,0,65984,128,424,951,3915993604,2715890754,944064,0
420,1117120,124736,143488,0,4160,20160,499008,99264,226304,205248,911872,0,1344,493824,0,0,0,0,0,0,0,0,0,0,33344,0,0,0,65792,128,421,948,396491633,3865440439,891712,0
421,1116800,124608,135744,0,4096,20288,553664,99712,178688,157568,959232,0,1344,548416,0,0,0,0,0,0,0,0,0,0,33728,0,0,0,65856,128,417,935,1345226925,942561456,938944,0
422,1116992,123520,142400,0,4096,19776,564992,102272,159936,138624,978368,0,1280,559680,0,0,0,0,0,0,0,0,0,0,36672,0,0,0,65472,128,411,907,111449312,1558603962,958592,0
423,1117120,124544,142208,0,5248,20416,550080,101696,172928,151424,965696,0,1280,544704,0,0,0,0,0,0,0,0,0,0,35584,0,0,0,65984,128,408,898,4083199547,4023418175,945280,0
424,1116800,123456,142144,0,6400,41984,548352,101952,152512,131200,985600,0,1280,542976,0,0,0,0,0,0,0,0,0,0,35584,0,0,0,66240,128,394,883,4113461581,306954411,943616,0
425,1116864,123776,142144,0,5440,20544,541440,102528,180992,159616,957248,0,1280,536064,0,0,0,0,0,0,0,0,0,0,35392,0,0,0,67008,128,357,817,1068044625,2723901562,936704,0
426,1116992,123072,136000,0,3968,18432,480128,102656,252736,231744,885248,0,1280,474816,0,0,0,0,0,0,0,0,0,0,35456,0,0,0,67072,128,314,720,3002687407,1547429779,866816,0
427,1116992,135488,142912,0,6272,18304,587392,101952,124672,103232,1013760,53312,1280,582016,98816,0,12800,0,1,1,0,0,0,0,35136,0,25792,128,40768,128,297,686,4027729764,3114488057,995456,0
428,1117056,122368,142720,0,13184,19072,517632,101312,200768,179456,937600,0,1344,512320,0,0,0,0,0,0,0,0,0,0,34944,0,0,0,66240,128,291,665,2293287144,90354270,918528,0
429,1116736,114304,142144,0,4096,17728,587072,103616,147776,127040,989696,0,1344,581824,0,0,0,0,0,0,0,0,0,0,36352,0,0,0,67136,128,290,661,513424679,2862346887,971968,0
430,1117056,113408,142976,0,4032,18112,591808,102592,144128,117888,999168,0,1280,586432,0,0,0,0,0,0,0,0,0,0,35712,0,0,0,66752,128,288,649,3899052696,3000266579,981056,0
431,1117120,114560,136128,0,4032,18304,513600,102592,227904,206528,910592,0,1280,508352,0,0,0,0,0,0,0,0,0,0,35776,0,0,0,66624,192,291,658,2145025422,2776600959,892288,0
432,1117120,145408,143296,0,4096,18368,585792,95616,124544,103296,1013824,0,1344,580672,0,0,0,20672,0,0,0,0,0,0,28800,0,0,0,66688,128,295,676,322330484,2896184354,995456,0
433,1116928,114624,143232,0,6272,17792,555008,96000,184000,162752,954176,0,1344,549632,0,0,0,0,0,0,0,0,0,0,29312,0,0,0,66560,128,289,664,171036198,3559360526,936384,0
434,1117056,219008,142080,0,6656,18688,545856,97856,86912,65984,1051072,0,1408,540480,0,0,0,76160,0,0,0,0,0,0,29056,0,0,0,68672,128,335,784,2781748056,705439429,1032384,0
435,1117184,161216,144576,0,7040,18624,618112,96384,71232,50176,1067008,4672,1408,612800,46080,0,10816,19456,0,1,0,0,0,0,28224,0,23296,128,44608,128,347,821,277611868,604676734,1048384,0
436,1116928,129024,136064,0,5248,18112,562112,94976,171392,149888,967040,0,1280,556864,0,0,0,0,0,0,0,0,0,0,26880,0,0,0,67968,128,363,847,3467469097,2261299429,948928,0
437,1677056,171008,143168,0,4544,31360,676480,144064,506432,484992,1192064,53184,1280,671296,101184,0,14528,17984,1,1,0,0,0,0,34112,0,24448,704,84672,128,408,961,2556985394,559499305,1160704,0
438,1117184,129856,143488,0,3840,17664,504512,145408,172416,151040,966144,0,1280,499008,0,0,0,0,0,0,0,0,0,0,37952,0,0,0,107328,128,409,968,1409426057,3553958614,948480,0
439,1116864,128768,142784,0,3776,40704,520576,142912,137344,116032,1000832,0,1280,515200,0,0,0,0,0,0,0,0,0,0,36032,0,0,0,106752,128,415,967,2211683853,1946669288,960128,0
440,1116992,156992,142400,0,3904,20096,576832,162240,54528,33536,1083456,8256,1280,571328,85760,0,19776,0,0,2,0,0,0,0,34880,0,41664,128,85376,192,440,1041,4286771039,132378255,1063360,0
441,1117056,148544,136256,0,3840,20480,504896,160640,142400,121408,995648,0,1280,499456,2816,0,0,0,0,1,0,0,0,0,32256,0,0,128,128128,128,433,1041,4244414718,97913922,975168,0
442,1677248,159616,142400,0,3968,20224,666176,174464,510400,489024,1188224,8320,1344,660928,94656,0,20736,0,0,2,0,0,0,0,32128,0,50112,256,91776,192,460,1091,3025150922,592403023,1168000,0
443,1116864,143168,142528,0,6400,20224,614272,133760,56512,35520,1081344,4416,1280,608832,47552,0,10816,0,0,1,0,0,0,0,31360,0,25664,384,76288,64,439,1035,2802286363,2822201879,1061120,0
444,1117120,149248,142528,0,11392,20352,617792,134208,41600,20160,1096960,4672,1280,612608,48960,0,10944,0,0,1,0,0,0,0,31104,0,26496,128,76352,128,468,1109,3398775485,4119998314,1076608,0
445,1116800,131072,142272,0,6336,20480,551744,131904,132992,112192,1004608,0,1344,546176,0,0,0,0,0,0,0,0,0,0,30144,0,0,0,101568,192,486,1139,1728997459,1247967096,984128,0
446,1117056,131136,137728,0,7296,20672,547200,116672,156352,129792,987264,0,1280,541888,0,0,0,0,0,0,0,0,0,0,30208,0,0,0,86336,128,486,1113,3739324848,551129387,966592,0
447,1117056,130368,144320,0,6720,20672,536384,117312,161280,140224,976832,0,1408,530944,0,0,0,0,0,0,0,0,0,0,30144,0,0,0,87040,128,480,1112,4203252927,1423923339,956160,0
448,2237376,811136,144512,0,5248,20352,729600,189184,337344,316352,1921024,69312,1280,724160,195712,627264,14848,0,1,1,128,64,84480,512,32192,0,29248,2816,39616,128,512,1168,1087262443,1939426299,1900672,0
449,1116928,200448,145344,0,3776,20352,514880,172416,59712,38400,1078528,4480,1216,509632,46336,0,9984,0,0,1,128,64,71296,576,29120,0,23808,128,47168,128,523,1183,3069346933,1456348399,1058176,0
450,1677056,224000,144576,0,3904,21184,592384,190080,500928,479808,1197248,47616,1280,587072,108992,0,14848,32576,1,1,128,128,75200,512,41920,0,26496,1152,44416,128,525,1192,1346631028,2934940438,1176064,0
451,1117440,179072,138112,0,3904,20032,439360,184128,152832,131392,986048,0,1280,434048,0,0,0,0,0,0,128,64,72064,512,39680,0,0,0,71488,192,532,1213,620570849,3500816973,966016,0
452,1116928,179264,144320,0,3904,41984,461568,175936,109952,88256,1028672,0,1408,456128,0,0,0,0,0,0,128,128,72576,512,31616,0,0,0,70848,128,529,1196,1813026148,1189671965,986688,0
453,1116864,179136,145088,0,3904,20160,447424,174592,146560,125888,990976,0,1280,442112,0,0,0,0,0,0,128,64,72128,512,30336,0,0,0,71296,128,531,1197,856101606,35466817,970816,0
454,1117056,178816,144384,0,3840,20160,485696,173824,110336,88960,1028096,0,1344,480448,0,0,0,0,0,0,64,128,70784,576,31616,0,0,0,70528,128,532,1193,2152554792,1479886422,1007936,0
455,1116864,178816,145280,0,3968,19904,455552,174656,138688,115648,1001216,0,1344,450240,0,0,0,0,0,0,64,128,72000,512,30592,0,0,0,71232,128,531,1203,4023675346,884111583,981312,0
456,1117056,178880,137280,0,6272,20288,473088,183936,117312,96000,1021056,0,1280,467648,0,0,0,0,0,0,128,64,76608,576,36096,0,0,0,70272,192,534,1212,3474438499,2846561073,1000768,0
457,2237504,713728,143616,0,13440,20864,893312,267072,185472,164352,2073152,92096,1280,887872,282240,437312,26944,75520,2,2,192,192,154624,1152,33216,0,55744,6848,14976,128,549,1247,755049591,3625691612,2052288,0
458,1676864,641664,142400,0,5312,20544,475840,169984,221120,200192,1476672,0,1344,470464,14656,444928,0,0,0,2,128,128,84352,512,13056,0,0,9024,62656,128,517,1175,559647794,361018414,1456128,0
459,1117248,163136,142976,0,6144,20096,446656,169536,168704,147648,969600,0,1408,441216,0,0,0,0,0,0,64,128,85568,512,13056,0,0,0,70080,128,515,1165,396371947,2165449745,949504,0
460,1677248,372096,141120,0,6400,20544,794816,242688,99584,78400,1598848,107584,1280,789504,278272,0,28032,160320,2,2,256,192,150336,1152,14848,0,56640,12800,6272,192,569,1267,2229617474,2929751565,1578304,0
461,1116800,173696,134976,0,3776,19904,486784,238784,58880,37760,1079040,0,1344,481344,0,0,0,0,0,0,256,192,149248,1088,15040,0,0,0,72832,128,569,1275,21354791,2392324790,1059136,0
462,1677184,193600,142336,0,3840,20032,504384,240704,572288,545792,1131392,0,1280,499008,0,0,0,0,0,0,192,192,150400,1088,15296,0,0,0,73408,128,545,1241,798210048,832522676,1111360,0
463,1117056,192960,141888,0,6336,20288,480576,242048,32960,11712,1105344,0,1408,475072,0,0,0,0,0,0,256,128,152576,1088,14784,0,0,0,73088,128,566,1277,1141569753,1119054289,1085056,0
464,1677056,235968,140992,0,13376,34240,819712,220672,212096,190976,1486080,84864,1280,814336,171648,0,11712,51392,1,1,256,192,106368,1088,35072,0,15680,27776,34112,128,576,1322,3899702769,1263403324,1451840,0
465,1677248,235520,140992,0,4032,55552,635648,219456,386048,364800,1312448,53632,1344,630144,124928,0,12160,51520,1,1,192,192,108224,1024,33600,0,24192,13632,38272,128,558,1291,3330706555,2004065263,1256896,0
466,1676992,172672,136640,0,4096,35008,500736,250752,577088,555648,1121344,0,1344,495424,0,0,0,0,0,0,256,320,137920,1536,33728,0,0,0,76864,128,555,1279,2000811542,10200093,1086336,0
467,1677120,172544,143808,0,4032,34624,504512,243968,573632,552256,1124864,0,1344,499200,0,0,0,0,0,0,320,320,138240,1728,26048,0,0,0,77184,128,569,1318,1761788611,1042521502,1090240,0
468,1677376,204544,142656,0,4160,20736,647936,262528,394816,373696,1303680,8192,1280,642560,99008,0,24768,0,0,2,320,256,139392,1536,24384,0,47424,704,48384,128,576,1326,1737817119,3701810897,1282944,0
469,1676992,192896,142400,0,4096,17920,561344,227328,531008,510080,1166912,0,1280,556096,2816,0,0,0,0,1,256,192,108160,1088,24128,0,0,128,93248,128,555,1292,2127621945,1192739213,1148992,0
470,1677376,203840,142528,0,6464,18624,637568,263808,404544,383360,1294016,4672,1280,632256,46144,0,10752,19200,0,1,384,384,140736,2048,24000,0,23168,128,72832,128,564,1323,2798853337,3971260669,1275392,0
471,1677056,172224,135616,0,7488,18240,582144,227456,533888,512768,1164288,0,1280,576896,0,0,0,0,0,0,192,256,107968,1088,25152,0,0,0,92672,128,545,1281,3074634660,1951546442,1146048,0
472,1676992,194432,142272,0,9408,20736,604928,261376,443840,421696,1255296,0,1280,599488,0,0,0,18112,0,0,256,256,139008,1472,23808,0,0,0,96448,128,552,1309,1362084655,3843988358,1234560,0
473,1677312,172864,142592,0,4608,18048,599936,215552,523712,502592,1174720,0,1280,594560,0,0,0,0,0,0,128,192,106944,1024,14400,0,0,0,92736,128,538,1284,2459837220,3671614524,1156672,0
474,1676992,173056,143104,0,3776,18432,608000,253312,477312,456320,1220672,0,1280,602688,0,0,0,0,0,0,320,320,140288,1664,14272,0,0,0,96320,128,546,1308,112479251,2451347809,1202240,0
475,1117312,192192,142144,0,6208,18432,527488,197568,33280,11392,1105920,4736,1280,522048,49408,0,12736,0,0,1,128,192,108032,1024,14912,0,24320,128,48704,128,542,1298,2303445825,2625733596,1087488,0
476,1117184,172544,136192,0,6272,40000,462912,235264,64000,42752,1074432,0,1280,457536,0,0,0,0,0,0,256,320,142336,1536,14976,0,0,0,75712,128,543,1321,2437205898,3479280472,1034432,0
477,1117184,172992,142336,0,6976,18112,456640,197376,122752,101184,1016000,0,1280,451264,0,0,0,0,0,0,256,128,107648,1088,14848,0,0,0,73216,192,555,1314,618248892,4240110166,997888,0
478,1116416,172544,141056,0,6144,18240,462784,232128,83520,57536,1058880,0,1280,457408,0,0,0,0,0,0,320,320,138560,1664,14784,0,0,0,76352,128,576,1369,2768585407,3888008856,1040640,0
479,1117120,172736,142208,0,5120,18176,456448,195520,126912,105792,1011328,0,1280,451136,0,0,0,0,0,0,128,256,106368,1216,14912,0,0,0,72448,192,570,1354,487890936,411577660,993152,0
480,1677056,202432,141888,0,3712,18048,609152,234304,467520,446784,1230272,49024,1280,603904,140032,0,26432,0,1,2,320,256,141568,1600,14912,0,47104,640,27776,128,585,1402,1658158490,2631091751,1212224,0
481,1677376,220992,134976,0,3840,18240,585280,140224,573824,552064,1125312,7744,1280,579968,102912,0,19648,77056,0,2,128,64,35712,576,13696,0,42368,8896,38656,128,547,1313,2708651460,1590145718,1107072,0
482,1116864,148928,141760,0,3840,19968,506432,177280,118656,97472,1019392,0,1280,501184,2816,0,0,0,0,1,256,192,68992,1088,14080,0,0,128,92416,128,554,1327,3253296052,1429073590,999424,0
483,1117120,129792,140928,0,4928,20032,530048,140288,151104,129216,987904,0,1280,524736,0,0,0,0,0,0,128,64,35776,512,14016,0,0,0,89664,128,546,1301,316075848,1015469031,967872,0
484,1116864,129792,141312,0,6208,20096,548736,176576,94144,73024,1043840,0,1344,543360,0,0,0,0,0,0,192,128,67776,1024,13824,0,0,0,93440,192,560,1331,3655736746,825215408,1023744,0
485,1117056,143040,141440,0,5056,20480,616064,140352,50624,29312,1087744,4416,1216,610880,47936,0,10816,0,0,1,64,128,35712,512,13760,0,25856,384,63808,128,548,1301,2226174505,2496276156,1067264,0
486,1116928,130816,137728,0,3648,20352,580416,175488,68480,47680,1069248,0,1280,574976,0,0,0,0,0,0,192,128,68224,1088,14336,0,0,0,91328,192,560,1331,2116848109,2880097062,1048896,0
487,1117056,130880,144192,0,3776,20352,572352,140288,105216,83968,1033088,0,1344,567040,0,0,0,0,0,0,128,128,35840,512,13952,0,0,0,89600,128,553,1310,2689177691,2591411685,1012736,0
488,1116992,130496,145344,0,5952,20480,574976,177088,62656,41344,1075648,0,1344,569472,0,0,0,0,0,0,192,192,69120,1088,14016,0,0,0,92352,128,563,1341,2731718967,3935176340,1055168,0
489,1677056,182464,144192,0,5952,20480,616320,142144,565504,544384,1132672,4736,1280,610816,47424,0,12288,31232,0,1,128,128,35840,640,14272,0,22528,128,68352,128,554,1312,2159754439,3353074026,1112192,0
490,1117184,131008,145024,0,4288,41280,560640,175808,59136,37824,1079360,0,1408,555328,0,0,0,0,0,0,192,128,67904,1024,14016,0,0,0,92416,128,562,1334,642522413,4238090020,1038080,0
491,1117056,137664,137536,0,2368,20224,560576,143488,115200,94208,1022848,0,1344,555072,0,0,0,0,0,0,128,128,35776,512,15424,0,0,0,91392,128,554,1310,1472733175,2778535012,1002624,0
492,1677312,229888,145280,0,10112,20800,769664,226816,274752,253248,1424064,54400,1280,764352,123072,0,11520,82944,1,1,256,192,69376,1152,22016,0,21440,14016,98240,128,585,1400,1991299841,2691951783,1403264,0
493,1116480,130112,144576,0,3648,20224,555200,231616,31104,9856,1106624,0,1280,550016,0,0,0,0,0,0,192,256,68032,1088,28608,0,0,0,133312,128,580,1395,2785354183,2725138062,1086400,0
494,1116992,129856,144256,0,3584,19840,532352,233920,53184,26304,1090688,0,1216,527168,0,0,0,0,0,0,256,256,68352,1088,28736,0,0,0,135104,128,564,1359,2612788194,4255232094,1070848,0
495,1117056,144448,144384,0,3712,20160,541312,196416,66624,45312,1071744,0,1216,536064,0,0,0,0,0,0,128,128,35968,576,28544,0,0,0,130944,128,565,1366,1433051042,383092630,1051584,0
496,1116800,149888,138048,0,4800,19904,581696,179264,43200,22144,1094656,40448,1344,576448,81152,0,11904,0,1,1,128,128,35776,512,30848,0,21760,128,89856,128,573,1356,1644458561,2759999060,1074752,0
497,1677056,131072,143744,0,20352,34688,601984,440896,304320,283392,1393664,0,1344,596352,0,0,0,0,0,0,64,64,192,300032,29824,0,0,0,110592,128,555,1329,3841583185,2619509505,1358976,0
498,1677440,131008,144000,0,6080,20480,570624,367360,437888,416704,1260736,0,1280,565120,0,0,0,0,0,0,64,64,128,267456,28416,0,0,0,71104,128,561,1280,2606829117,1351028315,1240256,0
499,1677120,131264,143232,0,5120,20608,565760,365440,445696,424384,1252736,0,1344,560512,0,0,0,0,0,0,128,128,128,267008,28160,0,0,0,69760,128,556,1294,3065888986,2812534808,1232128,0
500,1677440,131392,143360,0,3712,20480,562432,366528,449536,428288,1249152,0,1216,557120,0,0,0,0,0,0,64,128,128,267456,28032,0,0,0,70528,192,551,1279,4270363804,1055673838,1228672,0
501,1676992,131520,136384,0,3648,19968,572736,365568,447168,426048,1250944,0,1344,567488,0,0,0,0,0,0,64,64,64,267136,27904,0,0,0,70144,192,549,1274,3574518924,911458949,1230976,0
502,1677312,157568,143232,0,3648,42048,614400,366848,349568,328320,1348992,4608,1344,609152,42752,0,9792,0,0,1,64,128,128,267072,28288,0,20224,64,50752,128,549,1278,2445027322,3861280072,1306944,0
503,1677248,130368,143872,0,3648,20160,553664,367040,458496,437056,1240192,0,1280,548288,0,0,0,0,0,0,128,128,128,267200,28224,0,0,0,71104,128,552,1286,3909424393,1757000881,1220032,0
504,1677248,182848,143936,0,3648,20416,706880,366272,253248,231680,1445568,45632,1280,701568,131712,0,25280,20864,1,2,128,128,128,267904,27648,0,45440,576,24192,128,543,1273,267257992,3012188527,1425152,0
505,1676992,242240,144384,0,3712,20544,718784,366592,180736,159616,1517376,71104,1344,713600,135744,0,12544,97216,1,1,128,128,128,267392,27776,0,29888,14272,26752,128,555,1286,3765787082,2728717630,1496832,0
506,1677184,148224,138112,0,3584,19968,576704,366720,423872,402624,1274560,0,1344,571200,0,0,0,0,0,0,128,64,128,267904,27392,0,0,0,70976,128,542,1261,2560732733,696653410,1254592,0
507,1676864,134144,144512,0,3712,20096,571904,349376,453120,431744,1245120,0,1344,566592,0,0,0,0,0,0,128,64,64,268864,11264,0,0,0,68800,192,549,1285,409617944,2598593587,1225024,0
508,1677632,134400,144512,0,4544,20032,566272,350272,457600,435520,1242112,0,1344,560896,0,0,0,0,0,0,64,64,64,268928,11136,0,0,0,69888,128,524,1232,1047636229,516666119,1222080,0
509,1676928,153728,144576,0,3648,20608,675264,348352,330752,309760,1367168,8896,1344,669760,95872,0,24576,0,0,2,128,128,128,267264,11264,0,46720,576,22016,128,536,1262,3991597367,2066589233,1346560,0
510,1677312,134528,144448,0,3712,19904,557824,348032,468864,442432,1234880,0,1344,552384,0,0,0,0,0,0,128,128,128,266816,11328,0,0,0,69376,128,552,1297,1750798204,589247980,1214976,0
511,1677056,133120,137472,0,3712,20224,557568,350592,474368,453056,1224000,0,1280,552384,0,0,0,0,0,0,128,128,128,268544,11904,0,0,0,69696,64,551,1294,3971714860,2225991013,1203776,0
512,1677312,133952,144384,0,3584,20224,557248,347648,470272,448896,1228416,0,1408,551872,0,0,0,0,0,0,128,128,128,266816,11328,0,0,0,68992,128,550,1295,783208577,246476097,1208192,0
513,1677120,134528,144576,0,3584,42560,559424,347968,444480,420032,1257088,0,1280,554048,0,0,0,0,0,0,128,128,128,266816,11456,0,0,0,69184,128,545,1281,2327973534,3120613028,1214528,0
514,1676800,134400,144832,0,3584,19712,569792,349248,455232,432384,1244416,0,1280,564480,0,0,0,0,0,0,128,128,128,267712,11072,0,0,0,69888,192,546,1287,3141176267,1972616609,1224704,0
515,1677312,134336,145472,0,3584,20096,602944,366144,404736,383808,1293504,0,1280,597632,0,0,0,0,0,0,128,128,128,267136,27584,0,0,0,70912,128,547,1299,879955759,3632256760,1273408,0
516,1677056,186368,137792,0,3648,20992,619904,367040,341312,320320,1356736,4480,1344,614464,46848,0,12480,33152,0,1,128,64,64,267008,27840,0,22080,64,49664,128,542,1277,631230558,1344734861,1335744,0
517,1677056,134464,144448,0,3648,20928,566848,366208,440512,419328,1257728,0,1280,561536,0,0,0,0,0,0,128,128,128,266816,27904,0,0,0,70976,128,541,1277,3653843484,2532666738,1236800,0
518,1677312,163520,143616,0,3648,20352,699712,366016,280448,259520,1417792,46720,1344,694336,130688,0,23104,0,1,2,128,128,128,266944,27712,0,46720,448,23680,128,542,1270,1062986205,2918456336,1397440,0
519,1677248,196864,142976,0,3648,20160,689472,371392,252736,231552,1445696,47232,1408,684096,88064,0,11968,29952,1,1,128,128,128,268160,31936,0,21376,128,49280,128,546,1281,3869156478,2303997816,1425536,0
520,1677184,131200,143104,0,3648,20352,567424,370048,441408,420160,1257024,0,1344,562048,0,0,0,0,0,0,128,64,128,267776,31680,0,0,0,70144,128,549,1293,2729084784,2346452529,1236672,0
521,1677184,131008,136000,0,3648,20096,566016,368704,451712,430848,1246336,0,1344,560704,0,0,0,0,0,0,128,64,192,267008,31616,0,0,0,69504,192,552,1298,3157110622,2383672237,1226240,0
522,1677184,131136,143680,0,3648,20416,564608,369152,444544,423552,1253632,0,1344,559168,0,0,0,0,0,0,128,128,128,266816,32768,0,0,0,68992,192,564,1316,1836056911,833750959,1233216,0
523,1677376,130944,143680,0,4416,41472,564800,368768,423296,401920,1275456,0,1280,559424,0,0,0,0,0,0,128,64,64,266816,32192,0,0,0,69376,128,558,1307,2795711450,1535191149,1233984,0
524,1677312,150656,142848,0,3712,21120,663296,371008,324672,303552,1373760,47744,1280,658048,93504,0,14208,0,1,1,128,128,128,267712,31744,0,23936,384,46720,128,549,1289,3238876287,214577047,1352640,0
525,1677120,160256,143808,0,3648,20160,631488,368448,349312,327744,1349376,4608,1344,626048,46272,0,11008,18240,0,1,128,128,128,266688,31360,0,23168,128,46592,128,538,1272,3093465211,4031828498,1329216,0
526,1676992,161664,139264,0,3584,20288,665728,376512,309952,283584,1393408,4864,1408,660288,48192,0,10880,18368,0,1,64,64,128,266432,38848,0,25024,512,45248,192,558,1313,677587491,1657640657,1373120,0
527,2237376,148672,145280,0,22144,34816,910656,476544,499264,478400,1758976,45824,1280,905280,85568,0,11520,0,1,1,45248,192,256,270144,43712,0,21184,128,95552,128,571,1363,2649433929,3301672511,1724160,0
528,1677184,157760,145152,0,16128,21568,812864,473728,49984,28864,1648320,49600,1280,807488,111808,0,14656,0,1,1,44992,256,320,268096,45248,0,24384,128,90176,128,570,1362,3218730247,405257689,1626752,0
529,1677248,130304,146112,0,4160,20800,628928,461312,285632,264320,1412928,0,1344,623488,0,0,0,0,0,0,45312,256,320,267520,34240,0,0,0,113536,128,578,1364,1663576407,3120623829,1392128,0
530,1677184,147712,145600,0,4160,21312,681984,456512,219904,198848,1478336,4480,1280,676672,45504,0,10304,0,0,1,45504,256,320,267136,29248,0,23808,64,90048,128,575,1352,3708475970,2178058271,1457024,0
531,1677312,143552,139136,0,4096,21440,773376,490496,105216,83968,1593344,7616,1280,768064,93312,0,21760,0,0,2,45184,192,256,267968,29184,0,49856,576,97152,128,593,1399,3441154804,2515353906,1571904,0
532,1677056,131008,145216,0,4160,20416,632704,492672,250880,229696,1447360,0,1344,627264,0,0,0,0,0,0,45696,256,320,267264,29440,0,0,0,149504,192,594,1402,2335204622,507851914,1426944,0
533,1677120,130944,145216,0,6464,41920,632576,457536,262464,241344,1435776,0,1344,627328,0,0,0,0,0,0,46400,256,320,266880,29120,0,0,0,114432,128,578,1356,1826867619,3354349316,1393856,0
534,2237184,147968,145024,0,11136,22336,913280,607296,390144,363776,1873408,49472,1344,907840,134848,0,22720,0,1,2,182912,512,704,269696,33280,20864,48768,256,71040,128,579,1361,3701039106,2289539421,1851072,0
535,1677248,143552,149568,0,4160,20800,715456,569216,74496,53248,1624000,0,1344,710208,0,0,0,0,0,0,109376,512,704,271296,33216,0,0,0,153984,128,604,1414,3676159287,3554900981,1603200,0
536,1677248,129920,138368,0,6464,21696,711808,573184,95808,74496,1602752,0,1344,706368,0,0,0,0,0,0,107776,448,704,270272,35328,0,0,0,158528,128,604,1406,3136093585,2466588726,1581056,0
537,1677504,129536,144704,0,7872,22016,711168,531328,130880,109056,1568448,0,1344,705728,0,0,0,0,0,0,108672,448,640,268864,33280,0,0,0,119296,128,581,1355,4011515468,1147264234,1546432,0
538,2236736,223488,142592,0,6976,20992,782464,540416,519808,498624,1738112,5184,1280,777088,74496,0,10112,81920,0,1,109568,448,768,268224,40768,0,23616,128,96768,128,583,1359,3631070778,3057650794,1717120,0
539,1677312,134656,142720,0,10304,21312,749312,579136,39872,18944,1658368,0,1344,744000,0,0,0,0,0,0,109568,512,640,267328,44800,0,0,0,156160,128,601,1410,3647634085,4044431561,1637056,0
540,1677312,144896,143232,0,5120,20928,697536,572352,93248,71936,1605376,0,1280,692352,0,0,0,0,0,0,107584,448,576,269568,38464,0,0,0,155584,128,592,1396,2071391466,840583685,1584448,0
541,1677248,145856,136192,0,6400,21824,695616,536512,134848,113344,1563904,0,1344,690368,0,0,0,0,0,0,108480,448,768,269312,38208,0,0,0,119168,128,577,1351,3235376706,1553231881,1542080,0
542,1676800,133632,142656,0,3712,21504,692672,532544,150080,128832,1547968,0,1280,687488,0,0,0,0,0,0,107840,448,576,269312,35008,0,0,0,119232,128,572,1329,2278235099,3027662595,1526464,0
543,2237696,165056,143680,0,3712,43136,822784,560832,498496,471872,1765824,45888,1280,817600,87808,0,14400,0,1,1,109120,448,576,270336,25216,0,20288,128,134592,128,580,1361,559615923,1170664049,1722688,0
544,1677056,145984,142656,0,3776,21568,719296,568256,75520,54272,1622784,0,1280,714048,0,0,0,0,0,0,109376,448,576,269184,32960,0,0,0,155584,128,588,1385,2106463866,329940809,1601216,0
545,1677184,133952,143680,0,3904,21952,719424,536128,118144,96832,1580352,0,1280,714048,0,0,0,0,0,0,107584,512,640,269632,37888,0,0,0,119680,192,574,1347,4097456905,3664579316,1558400,0
546,1677056,145024,137344,0,6272,21632,730240,466176,170368,149120,1527936,0,1280,724864,0,0,0,0,0,0,46016,192,320,268352,37056,0,0,0,114112,128,563,1318,95264909,3130607355,1506304,0
547,1677056,146368,145024,0,6464,20992,670528,496192,191488,170432,1506624,0,1280,665344,0,0,0,0,0,0,45440,256,320,269632,31872,0,0,0,148544,128,581,1369,1041660216,2118869845,1485632,0
548,1677312,134592,143936,0,3712,20480,641088,494208,239296,217600,1459712,0,1344,635904,0,0,0,0,0,0,45568,192,256,266880,32832,0,0,0,148352,128,575,1352,3458369996,2857145284,1439232,0
549,1676992,145600,144000,0,3968,21504,791936,533824,36160,14912,1662080,0,1280,786624,0,0,0,0,0,0,109888,512,704,269376,32960,0,0,0,120192,192,558,1308,1515926654,1291899100,1640576,0
550,1677120,145728,143744,0,3968,21568,775488,540608,46016,24832,1652288,0,1344,770176,0,0,0,0,0,0,109248,448,576,269120,40640,0,0,0,120448,128,556,1311,2405243818,314220284,1630720,0
551,2237376,134400,137792,0,4992,21632,816896,580736,540928,519936,1717440,0,1408,811520,0,0,0,0,0,0,109568,448,640,269120,43776,0,0,0,157056,128,573,1354,127711705,3630765698,1695808,0
552,1677120,145664,143616,0,6336,21568,758848,570880,30208,9088,1668032,0,1344,753536,0,0,0,0,0,0,108800,448,448,267520,37632,0,0,0,155904,128,573,1354,2907166736,2594172684,1646464,0
553,1677184,145600,143680,0,7424,43328,754048,532416,50688,29184,1648000,0,1408,748544,0,0,0,0,0,0,108992,512,576,268096,32704,0,0,0,121408,128,556,1295,2324470937,3981948158,1604672,0
554,1676864,133696,143680,0,5568,21888,747136,525568,99328,78336,1598528,0,1344,741696,0,0,0,0,0,0,109056,384,704,269760,24960,0,0,0,120512,192,553,1276,127442581,419034103,1576640,0
555,2237440,145280,143936,0,3648,20992,794944,562752,565888,544512,1692928,0,1408,789696,0,0,0,0,0,0,109248,448,576,269888,25728,0,0,0,156736,128,569,1333,2144398864,4001910651,1671936,0
556,2237504,158528,137920,0,3712,21504,899008,569472,447360,425856,1811648,7744,1280,893760,93312,0,22016,0,0,2,107904,576,704,270848,32896,0,48640,704,107072,128,576,1343,2652935202,459619518,1790144,0
557,1677056,134784,143680,0,3776,35648,794752,535936,28480,7360,1669696,0,1280,789440,0,0,0,0,0,0,108224,384,576,269696,36736,0,0,0,120192,128,562,1280,2665468904,3057704519,1634048,0
558,1677184,144128,144192,0,6144,22080,794880,532160,33600,12544,1664640,0,1280,789440,0,0,0,0,0,0,108608,448,512,269888,31680,0,0,0,120896,128,556,1274,1701885606,3353235738,1642560,0
559,2237312,155200,144128,0,6144,21184,845952,497792,566912,540416,1696896,0,1280,840576,0,0,0,0,0,0,46016,192,320,268416,32704,0,0,0,150016,128,566,1314,1356352416,2429980840,1675712,0
560,1677184,152576,144256,0,3648,20608,718592,498688,138816,117760,1559424,5824,1280,713088,52160,0,12544,0,0,1,45184,192,320,266752,37760,0,24064,128,124160,128,552,1288,1076536798,390124948,1538816,0
561,1677248,145600,136960,0,3712,20416,644672,464256,261632,240384,1436864,0,1280,639296,0,0,0,0,0,0,45376,256,320,267584,37184,0,0,0,113408,128,540,1245,2203642235,464164107,1416448,0
562,1677184,158976,143936,0,3584,42944,764544,472256,90944,69504,1607680,7616,1216,759360,93248,0,21504,0,0,2,45696,320,320,267776,44160,0,49984,704,63168,128,548,1262,416673305,3481189652,1564736,0
563,1677184,134976,143104,0,3712,20736,692096,511808,170752,149120,1528064,0,1344,686720,0,0,0,0,0,0,45632,256,320,267840,48000,0,0,0,149632,128,562,1299,1230354575,2903887717,1507328,0
564,2237184,195776,151488,0,3712,20928,834240,584576,446464,425152,1812032,4608,1280,828928,47232,0,12352,31424,0,1,109888,512,768,275520,41664,0,22272,64,133760,128,564,1300,2854661500,3968539447,1791104,0
565,1677248,145408,143040,0,4672,21760,747456,535680,79232,57984,1619264,0,1280,742080,0,0,0,0,0,0,109376,576,832,268352,37312,0,0,0,119104,128,546,1250,1765024244,948323389,1597504,0
566,1676928,134464,139584,0,3776,21440,751040,535744,90880,69824,1607104,0,1280,745728,0,0,0,0,0,0,108864,512,704,268928,37504,0,0,0,119104,128,543,1242,3927285256,1634818376,1585664,0
567,2237440,180736,145664,0,3712,20992,786048,569152,531136,510080,1727360,0,1280,780672,0,0,0,30528,0,0,109632,512,640,269440,31424,0,0,0,157376,128,562,1301,3167262413,1550006515,1706368,0
568,2237248,145536,145408,0,6144,21824,777280,568512,572544,551680,1685568,0,1344,771968,0,0,0,0,0,0,108800,512,576,270208,32768,0,0,0,155520,128,561,1300,4061298274,971190764,1663744,0
569,1677376,133696,145536,0,3840,21184,772224,537152,63744,42176,1635200,0,1280,766912,0,0,0,0,0,0,108800,576,640,270336,36928,0,0,0,119744,128,544,1248,3851346933,2954915759,1614016,0
570,1677376,144896,145344,0,6144,21248,745472,528448,85824,64576,1612800,0,1344,740160,0,0,0,0,0,0,108416,512,768,268160,31040,0,0,0,119424,128,543,1243,3647689002,881635309,1591552,0
571,2237184,145664,138496,0,6976,44032,786880,561280,553856,532160,1705024,0,1344,781568,0,0,0,0,0,0,110272,512,704,268800,24832,0,0,0,156032,128,561,1294,1093639051,1491736493,1660992,0
572,2237376,153984,146112,0,4352,21632,832192,560000,519104,497856,1739520,4480,1280,826880,48320,0,12608,0,0,1,109184,512,704,269120,25216,0,23424,384,131328,128,560,1285,3912628019,1583686266,1717888,0
573,1677248,145728,147456,0,2432,21120,726016,461824,172672,151616,1525632,0,1280,720576,0,0,0,0,0,0,45568,256,256,270272,32256,0,0,0,113088,128,547,1246,2019078873,3012193202,1504512,0
574,1677248,145984,144960,0,2368,20608,670784,468224,224320,203200,1474048,0,1344,665344,0,0,0,0,0,0,45760,256,320,267072,40384,0,0,0,114304,128,550,1258,303705198,1704693024,1453440,0
575,2237184,187456,144768,0,3648,20992,855104,505216,520000,493504,1743680,13504,1344,849792,139328,0,35264,20864,0,3,44864,256,320,268992,41920,0,67456,704,80576,128,552,1286,1016907263,3022884559,1722688,0
576,1677056,145024,139392,0,6016,20800,637824,498816,229184,208128,1468928,0,1344,632512,0,0,0,0,0,0,46016,192,256,267648,35776,0,0,0,148800,128,548,1282,2257061394,811139597,1448128,0
577,1677312,167488,149056,0,5952,22848,642432,459968,229568,206080,1471232,0,1856,636544,0,0,0,18048,0,0,45632,192,256,269824,31488,0,0,0,112448,128,532,1235,2012453555,2588980856,1448384,0
578,1676736,149184,143552,0,3200,20736,634368,456000,269696,248512,1428224,0,1408,628992,0,0,0,0,0,0,46016,128,320,265280,31104,0,0,0,112960,192,528,1210,3366695134,2784378840,1407488,0
579,2237696,145088,144064,0,3712,21120,805888,567424,550400,529152,1708544,0,1280,800448,0,0,0,0,0,0,109184,448,576,269824,31040,0,0,0,156224,128,548,1265,2244102949,3920263490,1687424,0
580,2237248,158400,144064,0,3712,43776,832192,574016,481088,459456,1777792,4480,1344,827136,48064,0,11008,0,0,1,108608,448,640,268416,38912,0,25792,384,130688,128,568,1298,2768442638,200881784,1734016,0
581,2237120,154688,136512,0,3776,21568,869760,537152,513664,492672,1744448,7552,1344,864384,94592,0,24576,0,0,2,107264,384,704,269888,36864,0,47040,704,74176,128,541,1224,3863111571,3419068813,1722880,0
582,1677184,145344,143616,0,6336,21568,734272,526656,99392,78336,1598848,0,1344,728896,0,0,0,0,0,0,108160,448,640,267520,29952,0,0,0,119808,128,539,1221,976258536,3658715917,1577280,0
583,1677120,145216,143680,0,6592,22080,773120,560064,26368,4992,1672128,0,1280,767744,0,0,0,0,0,0,110592,512,704,267328,24832,0,0,0,155968,128,559,1276,2373712292,696583632,1650048,0
584,1677376,133184,143488,0,4416,21952,738240,556352,79744,58368,1619008,0,1408,732736,0,0,0,0,0,0,107776,512,704,268160,25472,0,0,0,153600,128,557,1270,4196300485,2657965026,1597056,0
585,1676992,145792,143232,0,2432,21376,748160,523264,92736,71296,1605696,0,1344,742848,0,0,0,0,0,0,107968,512,576,269952,25088,0,0,0,119040,128,538,1217,347712201,917406673,1584320,0
586,1677184,145600,137280,0,2304,21312,796288,466560,107840,86720,1590464,0,1280,790848,0,0,0,0,0,0,45888,320,320,265472,40064,0,0,0,114304,192,536,1212,3954761478,1991518210,1569152,0
587,1677120,133440,145536,0,3712,34816,686080,506880,166656,145344,1531776,0,1280,680832,0,0,0,0,0,0,45440,192,256,267584,42816,0,0,0,150464,128,553,1254,3777394533,2093911975,1496960,0
588,1676992,145088,145088,0,6016,21120,636608,499200,223872,202432,1474560,0,1280,631360,0,0,0,0,0,0,45824,256,320,268096,35968,0,0,0,148608,128,551,1248,676604447,3733023249,1453440,0
589,1676992,146176,145088,0,6080,20864,635008,459008,264768,243712,1433280,0,1280,629760,0,0,0,0,0,0,46144,256,384,267648,32256,0,0,0,112128,192,532,1189,2972386118,2313504226,1412416,0
590,1677504,133504,144768,0,2368,42176,625344,460608,268736,247104,1430400,0,1344,619776,0,0,0,0,0,0,45824,256,320,267648,32384,0,0,0,114048,128,528,1176,1946980621,1773505953,1388224,0
591,1676736,144640,138816,0,3904,22016,666432,496064,204864,177408,1499328,0,1344,660480,0,0,0,0,0,0,45376,256,320,267328,33472,0,0,0,149184,128,543,1227,1825738777,3475581405,1477312,0
592,1677376,146688,144832,0,2368,20800,653824,504320,204544,183168,1494208,0,1408,648448,0,0,0,0,0,0,45376,256,256,267456,40256,0,0,0,150592,128,546,1229,2773437074,3448078497,1473408,0
593,1676992,134912,144576,0,3648,20480,646400,470720,256256,235008,1441984,0,1344,641152,0,0,0,0,0,0,46016,256,320,269376,41536,0,0,0,113088,128,530,1183,2269775345,3798884923,1421504,0
594,1676992,145280,144640,0,5888,21184,630528,456768,272704,251520,1425472,0,1280,625216,0,0,0,0,0,0,45632,256,320,267776,29632,0,0,0,113024,128,528,1180,2005982219,3269141354,1404288,0
595,1677568,145344,145152,0,6144,21312,668800,486784,204032,182336,1495232,0,1344,663424,0,0,0,0,0,0,45312,256,256,268416,23744,0,0,0,148672,128,545,1226,2655635897,843282910,1473920,0
596,1677184,133888,137088,0,2432,20928,630912,486976,264960,243648,1433536,0,1280,625664,0,0,0,0,0,0,45568,256,384,267648,24192,0,0,0,148800,128,541,1212,2715869396,630567895,1412608,0
597,1677568,164864,144640,0,2432,20608,772480,410880,161664,139776,1537792,46528,1344,767232,135424,0,21696,0,1,2,128,128,128,268352,32000,0,41344,256,68416,128,523,1171,3760846903,2380972997,1517184,0
598,1676608,148928,144512,0,2432,20288,634240,410304,315904,295040,1381568,0,1344,628800,0,0,0,0,0,0,128,128,128,264896,34240,0,0,0,110656,128,525,1172,984345750,3251980317,1361280,0
599,1677312,136576,143168,0,3840,20416,627968,412096,333248,312064,1365248,0,1408,622528,0,0,0,0,0,0,192,128,128,267200,34944,0,0,0,109376,128,526,1171,3173048042,2725893597,1344832,0
600,1677376,199552,144320,0,5952,42240,660608,406016,218688,197120,1480256,4736,1344,655296,47040,0,12416,32128,0,1,128,128,128,266752,28608,0,21952,128,88064,128,539,1199,1078383855,1822653637,1438016,0
601,1676992,180736,137152,0,6016,20352,673408,360512,298816,277632,1399360,4544,1344,668096,46720,0,10880,19648,0,1,128,128,128,266752,22400,0,23744,128,46976,128,517,1142,2307120576,2205135010,1379008,0
602,1677184,136704,143168,0,2432,20480,594944,367296,412160,391232,1285952,0,1344,589696,0,0,0,0,0,0,128,64,128,267200,29568,0,0,0,70080,128,516,1140,977115323,1299977476,1265472,0
603,1677120,204480,143488,0,2368,20736,577792,365760,362496,341696,1335424,0,1344,572480,0,0,0,47808,0,0,128,128,128,265664,28544,0,0,0,71040,128,515,1141,255415780,1687492642,1314688,0
604,1677184,243520,143104,0,2368,20416,787776,372160,107840,86784,1590400,12544,1344,782464,167808,0,32448,79360,0,3,128,128,128,265856,35136,0,72128,14592,0,128,491,1121,2696915659,1905457767,1569984,0
605,1677056,136000,143552,0,2368,20096,578048,367808,429184,407808,1269248,0,1344,572736,0,0,0,0,0,0,128,128,128,265728,31296,0,0,0,70272,128,492,1116,1547917070,2085836548,1249152,0
606,1676992,148416,138560,0,3136,20160,594496,361024,411200,389888,1287104,0,1344,588992,0,0,0,0,0,0,128,128,128,268160,22016,0,0,0,70336,128,481,1085,456653693,138704013,1266944,0
607,1677184,136256,145856,0,2304,20352,596416,347264,428736,402240,1274944,0,1344,591104,0,0,0,0,0,0,64,128,128,266624,11200,0,0,0,68992,128,474,1075,2725715857,2537753337,1254592,0
608,2237312,303872,144960,0,10048,20736,917056,436224,404416,383552,1853760,14656,1280,911744,215680,0,34112,106880,0,3,192,192,69248,269248,22336,0,75328,2752,0,128,544,1202,556062365,2512733417,1833024,0
609,1677184,196992,146304,0,3712,20352,754688,437568,117568,96256,1580928,8768,1280,749440,92672,0,20160,0,0,2,192,256,69568,267456,25728,0,50112,256,23872,128,518,1173,3250402637,1508145458,1560576,0
610,1677184,178752,145856,0,5952,42048,664064,423872,216640,195392,1481792,0,1280,658688,0,0,0,0,0,0,192,256,55488,267904,26112,0,0,0,73792,128,518,1165,2157072272,655902337,1439744,0
611,1677056,179776,138496,0,4288,20416,628224,438912,266944,245632,1431424,0,1280,622848,0,0,0,0,0,0,256,256,70656,267776,24576,0,0,0,75264,128,521,1167,2173600021,194564475,1411008,0
612,1677120,176768,146304,0,2304,20096,647104,425984,258560,237376,1439744,0,1408,641728,0,0,0,0,0,0,256,128,56512,267648,25664,0,0,0,75648,128,519,1165,847915785,931808179,1419648,0
613,1677056,178688,146816,0,2368,20480,647616,432448,248640,227584,1449472,0,1344,642304,0,0,0,0,0,0,256,192,64704,267968,25664,0,0,0,73536,128,513,1157,2519779761,2287149883,1428992,0
614,1677312,194880,146304,0,2304,19776,776384,428864,108800,87680,1589632,7680,1408,770944,103872,0,20224,0,0,2,256,128,55424,267904,31168,0,47808,256,25792,128,530,1188,2777577901,4116227584,1569856,0
615,1677120,179968,146304,0,2368,20032,628736,438720,260992,239360,1437760,0,1344,623488,0,0,0,0,0,0,192,256,69248,267648,26688,0,0,0,74560,128,537,1196,3285872836,2238752973,1417728,0
616,1676992,178304,138176,0,2432,20416,650688,421184,265792,244800,1432192,0,1344,645376,0,0,0,0,0,0,192,192,55104,265728,25920,0,0,0,73920,128,534,1186,2499201407,741547562,1411776,0
617,1677376,191936,145408,0,2304,34560,629184,434496,239488,218048,1459328,0,1280,623872,0,0,0,0,0,0,128,192,71296,267008,21568,0,0,0,74176,128,541,1194,2971543704,1014465431,1424768,0
618,1676992,178560,143552,0,3648,19904,768064,437952,125312,104192,1572800,0,1280,762688,0,0,0,0,0,0,192,256,57344,269632,35072,0,0,0,75328,128,530,1187,2034388305,19973711,1552896,0
619,2237120,229632,143872,0,3712,20928,813888,447808,577280,555968,1681152,4672,1280,808576,47488,0,12544,32640,0,1,256,256,63360,269184,38912,0,22080,128,53440,192,536,1218,326350897,1515351336,1660224,0
620,2797632,482368,144704,0,4480,41792,1127680,543104,453504,431744,2365888,60544,1216,1122368,295168,191680,46592,73728,1,4,384,384,151552,267968,41920,0,106560,6976,0,128,551,1247,1714311309,3943253830,2324096,0
621,1677056,181056,136704,0,3712,19968,598720,535552,201344,180288,1496768,0,1344,593408,0,0,0,0,0,0,256,320,151552,267072,39552,0,0,0,76672,128,556,1253,3887531480,2606110302,1476800,0
622,1677184,306560,143936,0,3648,20800,622080,452352,127808,106368,1570816,0,1344,616640,14976,0,0,113536,0,2,256,256,84288,267712,24832,0,0,9152,65728,128,524,1180,1532869598,3809964710,1550016,0
623,1676928,162880,142592,0,5888,19776,589184,451072,305536,278848,1398080,0,1344,583936,0,0,0,0,0,0,256,256,83520,267648,24832,0,0,0,74368,192,524,1180,708001833,1945133380,1378304,0
624,1677184,163008,142912,0,4288,20608,602432,460928,283008,261760,1415424,0,1280,597376,0,0,0,0,0,0,256,256,84224,267520,33792,0,0,0,74752,128,524,1185,2750580484,1074527481,1394816,0
625,1677120,162560,143488,0,2368,20160,610560,463616,274368,253184,1423936,0,1280,605312,0,0,0,0,0,0,256,192,84672,266816,36992,0,0,0,74496,192,526,1192,727489583,3894679598,1403776,0
626,1677120,164352,138112,0,2368,20096,581696,464256,306240,284992,1392128,0,1280,576256,0,0,0,0,0,0,256,256,85376,267712,35520,0,0,0,75008,128,523,1185,3841442198,2435292942,1372032,0
627,1677120,163712,145280,0,2368,20288,562624,371584,411264,390080,1287040,0,1280,557312,0,0,0,0,0,0,128,128,192,268608,29760,0,0,0,72640,128,517,1166,3396737755,3866312470,1266752,0
628,1677312,164224,145280,0,2304,20352,548992,364544,431616,410240,1267072,0,1344,543616,0,0,0,0,0,0,192,128,128,268608,23872,0,0,0,71488,128,512,1150,1195223410,2867678045,1246720,0
629,1676992,165248,144384,0,2304,20544,546944,362368,435200,414016,1262976,0,1280,541696,0,0,0,0,0,0,128,128,128,267264,23424,0,0,0,71168,128,510,1146,3656520912,274107319,1242432,0
630,1677440,163520,144896,0,2368,41408,561216,369088,394944,373376,1304064,0,1280,555776,0,0,0,0,0,0,128,128,64,266304,31360,0,0,0,70976,128,509,1148,3752270772,3639531934,1262656,0
631,1676800,163456,138176,0,2304,20608,569472,371520,411264,390336,1286464,0,1344,564096,0,0,0,0,0,0,64,64,128,266304,33792,0,0,0,71040,128,508,1150,2290396616,469679504,1265856,0
632,1677440,163968,147200,0,2368,20032,566400,371456,406016,384512,1292928,0,1280,561152,0,0,0,0,0,0,192,64,128,267648,32640,0,0,0,70656,128,512,1160,1277678508,231118585,1272896,0
633,2241152,304960,144640,0,2368,20928,800512,430592,537152,511808,1729344,50880,1344,795136,194176,0,25920,105920,1,2,192,192,65216,269184,21056,0,56896,768,16960,128,546,1230,623824802,3335922540,1708416,0
634,1671808,215808,145216,0,3264,20416,656384,421056,209664,188608,1483200,4480,1280,651008,48256,0,12480,0,0,1,256,256,66624,267712,13376,0,23552,384,48768,128,544,1231,42179209,1401208995,1462784,0
635,1677440,181888,144512,0,2432,20352,577792,422336,328128,306688,1370752,0,1344,572480,0,0,0,0,0,0,256,192,66368,269312,13440,0,0,0,72640,128,542,1217,3748275505,15357963,1350400,0
636,1677248,180800,137984,0,2432,20672,600192,432384,302784,281280,1395968,0,1344,594944,0,0,0,0,0,0,192,192,68032,266816,22720,0,0,0,74304,128,531,1201,3869037238,2730930328,1375296,0
637,2237056,218752,144896,0,12288,35456,1070272,491776,263616,242496,1994560,90432,1344,1064704,263552,0,46016,0,2,4,320,320,106752,266752,39872,0,89664,1408,0,128,562,1251,927822347,1934582669,1959104,0
638,1677248,179264,144128,0,4160,19968,626496,523776,179456,158464,1518784,0,1408,620992,0,0,0,0,0,0,448,448,138176,267264,36608,0,0,0,80704,128,575,1271,3634877234,2999695288,1498816,0
639,1676992,195200,144256,0,4032,34880,625216,514304,159104,132672,1544320,0,1344,619904,0,0,0,0,0,0,448,320,139968,269312,23680,0,0,0,80448,128,564,1243,2731129385,1472506178,1509440,0
640,1677376,194112,143360,0,4032,42048,624640,512384,156800,135616,1541760,0,1280,619392,0,0,0,0,0,0,512,448,137472,268864,24064,0,0,0,80896,128,556,1227,3205410232,1102140267,1499712,0
641,1676992,179392,136192,0,4096,20352,710208,485440,141312,117504,1559488,0,1280,704896,0,0,0,0,0,0,320,320,105088,267840,33088,0,0,0,78656,128,547,1219,294126447,3059659642,1539136,0
642,1677184,195584,143808,0,4160,20224,640384,520640,152384,131200,1545984,0,1344,635072,0,0,0,0,0,0,384,448,138688,269184,31872,0,0,0,79936,128,548,1226,3220468587,3425139438,1525760,0
643,1677504,195200,143552,0,5248,20928,651328,490368,170880,149568,1527936,0,1280,646016,0,0,0,0,0,0,320,384,106304,268672,35584,0,0,0,78976,128,541,1202,2916932038,704620836,1507008,0
644,1677120,180032,143040,0,7168,20736,637376,520064,168704,147392,1529728,0,1280,632064,0,0,0,0,0,0,448,320,140288,266240,31936,0,0,0,80704,128,553,1231,3384140017,2057795191,1508992,0
645,1677056,195776,143872,0,5248,19968,640128,473664,198400,177152,1499904,0,1280,634752,0,0,0,0,0,0,256,320,105600,265856,23488,0,0,0,78016,128,548,1200,2184324201,1415688238,1479936,0
646,1677248,195904,138368,0,3712,20992,660352,503104,154816,133760,1543488,0,1280,655104,0,0,0,0,0,0,384,512,137920,269440,14400,0,0,0,80256,192,557,1224,1865976874,950753838,1522496,0
647,1677120,179520,144960,0,3776,34880,671808,477824,164352,143296,1533824,0,1408,666432,0,0,0,0,0,0,256,320,105472,268672,23936,0,0,0,79040,128,541,1189,567049081,3292155121,1498944,0
648,1676928,194048,151872,0,3840,20672,669568,517568,119360,98560,1578368,0,1344,664320,0,0,0,0,0,0,384,448,138752,273792,22912,0,0,0,81152,128,549,1215,1978785731,4206871564,1557696,0
649,1677120,195392,145024,0,4672,20352,674944,479808,156928,135936,1541184,0,1280,669504,0,0,0,0,0,0,320,384,106816,268288,26880,0,0,0,76992,128,540,1189,2185858238,3575060515,1520832,0
650,1677248,180096,145088,0,3840,41472,660288,511552,134912,113472,1563776,0,1344,654784,0,0,0,0,0,0,384,320,140800,266432,23040,0,0,0,80448,128,551,1221,3303368807,429710025,1522304,0
651,1677248,196224,139072,0,6144,20416,662720,467072,185600,164416,1512832,0,1280,657472,0,0,0,0,0,0,192,320,104768,268224,14720,0,0,0,78720,128,543,1202,882871425,3063289764,1492416,0
652,1677120,195904,145728,0,5056,20544,647680,500800,161408,140288,1536832,0,1344,642368,0,0,0,0,0,0,384,448,137408,267456,14592,0,0,0,80384,128,550,1221,1767923863,4045555427,1516288,0
653,1677056,222144,145792,0,3648,20544,811392,402176,71360,50048,1627008,8192,1280,806144,101504,0,19328,76096,0,2,256,256,35968,267072,22528,0,42176,9024,24768,128,504,1120,2283350069,2307466812,1606464,0
654,1676992,147520,145152,0,3648,20416,690176,440960,229120,208000,1468992,0,1280,684928,0,0,0,0,0,0,384,256,68096,268928,25600,0,0,0,77568,128,515,1154,55701359,2920658855,1448576,0
655,1677248,147392,145536,0,3712,19712,692544,403008,265344,238720,1438528,0,1280,687232,0,0,0,0,0,0,256,128,36032,268800,24000,0,0,0,73664,128,507,1128,2246723600,456255578,1418816,0
656,1677440,147968,139072,0,3712,20160,662528,426752,277248,255808,1421632,0,1344,657344,0,0,0,0,0,0,320,192,68352,268480,13184,0,0,0,76096,128,508,1139,2227935158,815499609,1401472,0
657,1677440,147840,144640,0,5888,20096,689600,391040,278336,256512,1420928,0,1216,684352,0,0,0,0,0,0,192,192,35840,267008,13312,0,0,0,74368,128,512,1129,535313998,4052331715,1400832,0
658,1676608,136640,143296,0,4288,20288,648576,424704,298816,277568,1399040,0,1280,643200,0,0,0,0,0,0,256,384,67968,266816,13056,0,0,0,76096,128,517,1148,3955682318,3816281294,1378752,0
659,1677184,154112,143488,0,2368,20160,722624,403328,231104,210240,1466944,7488,1344,717376,93824,0,18560,0,0,2,256,128,36096,265280,26304,0,42048,192,32896,128,507,1132,614577423,661148893,1446784,0
660,1677248,136320,143424,0,2368,20224,604864,436672,333376,312064,1365184,0,1280,599552,0,0,0,0,0,0,320,320,68608,266816,24064,0,0,0,76416,128,518,1161,323098149,1708035356,1344960,0
661,1677376,147712,136448,0,2368,41856,643200,398080,307712,286336,1391040,0,1280,637888,0,0,0,0,0,0,256,256,35968,266560,20800,0,0,0,74112,128,508,1132,510444671,3987901339,1349184,0
662,1676672,147328,143360,0,2304,20096,604352,424704,334528,313728,1362944,0,1408,599104,0,0,0,0,0,0,320,320,68096,266752,13120,0,0,0,75968,128,509,1142,911195171,3574129717,1342848,0
663,1677440,137152,143360,0,3200,20288,625216,388928,359296,337984,1339456,0,1280,619904,0,0,0,0,0,0,256,128,35840,266304,12928,0,0,0,73344,128,502,1117,532204472,3630637254,1319168,0
664,1677056,147776,143808,0,2368,20416,603840,425600,333248,312000,1365056,0,1344,598528,0,0,0,0,0,0,320,192,68736,267392,12992,0,0,0,75840,128,507,1138,2454325290,803939615,1344640,0
665,1677248,155200,142848,0,2304,20608,703360,403072,249856,228608,1448640,4544,1280,697920,41216,0,9536,0,0,1,256,192,36032,266240,26304,0,19968,64,53888,128,509,1130,3596000567,952922872,1428032,0
666,1677312,137088,137536,0,2368,20288,596928,436736,346368,324864,1352448,0,1280,591552,0,0,0,0,0,0,320,192,68352,267456,23488,0,0,0,76800,128,519,1157,1751976954,1647026176,1332160,0
667,1677120,168448,144192,0,2368,20032,821440,400704,119936,98688,1578432,98304,1280,816256,188288,0,26560,19840,2,2,256,256,36032,270080,20672,0,47552,1088,24640,128,500,1127,2153027137,4144738242,1558400,0
668,1677120,146752,144256,0,2304,20160,613952,399616,350080,328704,1348416,0,1344,608640,0,0,0,0,0,0,256,192,36032,267712,22144,0,0,0,73152,128,505,1138,3623246256,1907963653,1328256,0
669,2237376,199424,144768,0,12928,35584,953600,407296,483776,462848,1774528,50688,1344,948352,98752,0,14400,32704,1,1,128,128,128,265216,28800,0,25024,128,87616,128,518,1179,923957613,142195922,1738944,0
670,1677312,161536,144256,0,3712,20096,647232,408000,292480,271040,1406272,4416,1280,641856,45248,0,10304,0,0,1,128,128,128,267008,30208,0,23616,128,86528,128,508,1171,3008688683,2325662553,1386176,0
671,1677184,155008,137984,0,3648,56768,598016,412480,313280,286336,1390848,0,1344,592576,0,0,0,0,0,0,128,128,128,266432,33280,0,0,0,112256,128,511,1183,3136918024,1088405347,1334080,0
672,1677056,155392,145856,0,9920,20480,867456,421888,56064,34752,1642304,41088,1280,862208,95744,0,13184,0,1,1,64,128,192,268928,42048,0,25920,128,84352,128,514,1197,1979678806,3127163539,1621824,0
673,1677312,165760,144704,0,6144,20224,744000,421248,175232,154112,1523200,0,1344,738688,0,0,0,0,0,0,128,64,64,267008,41472,0,0,0,112384,128,503,1174,2954038154,1227947890,1502976,0
674,1676864,147520,145536,0,5120,20416,679936,420352,257984,236608,1440256,0,1344,674432,0,0,0,0,0,0,192,64,64,267200,41408,0,0,0,111296,128,508,1180,3714245482,3049578886,1419840,0
675,1677056,136576,144704,0,3648,20288,597504,378688,395648,374464,1302592,0,1408,592064,0,0,0,0,0,0,128,128,128,268736,38144,0,0,0,71296,128,496,1136,4193021059,2365664117,1282304,0
676,1677248,148224,137920,0,3712,20352,590784,381696,394560,373312,1303936,0,1280,585600,0,0,0,0,0,0,64,128,128,267776,41344,0,0,0,72128,128,494,1141,3326644881,1590923738,1283584,0
677,1676992,154048,145472,0,3648,34560,660096,398272,280896,259840,1417152,4416,1344,654848,47936,0,10496,0,0,1,128,128,128,266816,53952,0,25856,128,51008,128,497,1135,972784894,1924579957,1382592,0
678,1677312,135808,144512,0,4544,20352,600000,374720,397376,376000,1301312,0,1280,594752,0,0,0,0,0,0,128,128,128,266752,36160,0,0,0,71296,128,491,1117,253552833,1562219216,1280960,0
679,1676928,155520,144640,0,3648,20352,640384,365952,346432,325312,1351616,4416,1280,635136,42496,0,9664,0,0,1,128,64,64,266752,27840,0,20864,128,49984,128,490,1112,1301538355,618483080,1331264,0
680,1677120,136768,144064,0,3584,20096,584576,366464,421568,400384,1276736,0,1280,579328,0,0,0,0,0,0,64,64,128,266624,28096,0,0,0,71296,192,483,1099,132459816,1808895931,1256640,0
681,1677056,147008,136320,0,3712,20352,590400,367040,412224,391168,1285888,0,1280,585024,0,0,0,0,0,0,128,128,128,267712,28032,0,0,0,70720,192,476,1096,1041541352,1077165060,1265536,0
682,1677120,147136,144000,0,3648,41344,623936,377856,339200,317952,1359168,0,1280,618624,0,0,0,0,0,0,128,128,128,266368,40128,0,0,0,70848,128,502,1144,4237521417,1580178245,1317824,0
683,1677248,156480,144000,0,3648,20736,713408,420608,218368,196992,1480256,5376,1216,708160,51328,0,12544,0,0,1,192,128,128,266112,41088,0,24320,704,87808,128,520,1205,3968912046,2721686614,1459520,0
684,1677248,146944,143360,0,3712,20352,639424,420864,302592,281216,1396032,0,1280,634176,0,0,0,0,0,0,128,128,128,265600,44352,0,0,0,110464,64,517,1196,1387377521,2018405872,1375680,0
685,1676864,154176,144000,0,3712,20864,663872,415808,274432,253504,1423360,7360,1280,658432,81664,0,18816,0,0,2,128,64,128,266688,38336,0,41856,192,68288,128,512,1169,2662942433,3196488301,1402496,0
686,1677440,147392,139456,0,3712,20544,579136,416256,370944,349376,1328064,0,1280,573696,0,0,0,0,0,0,128,64,128,267392,38528,0,0,0,109888,128,512,1173,2590329301,2028730642,1307520,0
687,1676800,146880,145792,0,3712,20224,607296,416128,336768,310336,1366464,0,1344,602048,0,0,0,0,0,0,64,128,128,266880,37312,0,0,0,111488,128,512,1170,2847393589,1452116335,1346240,0
688,1677568,136256,145088,0,3712,20352,597440,415488,359232,338048,1339520,0,1344,592128,0,0,0,0,0,0,128,128,128,264704,39680,0,0,0,110592,128,509,1163,2161759733,2064703643,1319168,0
689,1676928,146624,145088,0,3584,20544,579776,371584,409728,388544,1288384,0,1344,574528,0,0,0,0,0,0,64,64,128,264704,33792,0,0,0,72640,192,499,1137,3011870955,1506779365,1267840,0
690,1677248,147776,145728,0,3648,20416,566912,373440,419328,398272,1278976,0,1344,561728,0,0,0,0,0,0,128,64,128,266688,34048,0,0,0,72256,128,498,1125,1411857837,3033621767,1258560,0
691,1676928,167552,141120,0,3712,20352,624256,367168,352768,331456,1345472,4672,1280,619008,47296,0,11264,18432,0,1,128,128,128,268032,27968,0,23296,128,47232,128,498,1130,4075055379,291437902,1325120,0
692,1677632,177472,146112,0,5952,42432,682368,383616,239680,218304,1459328,61312,1408,676800,108096,0,12800,18240,1,1,64,64,128,283072,27904,0,26368,576,45312,128,491,1105,3131741016,4116874778,1416896,0
693,1676736,146304,145472,0,5184,20608,620736,376000,362432,341248,1335488,0,1280,615424,0,0,0,0,0,0,192,64,64,266944,35328,0,0,0,73280,128,493,1126,3900549131,3993673363,1314880,0
694,1677312,137152,146752,0,2368,20032,593856,377920,399232,378176,1299136,0,1280,588544,0,0,0,0,0,0,128,64,128,266944,38336,0,0,0,72128,192,488,1120,3032289214,1833887644,1279104,0
695,1676864,147584,145536,0,2368,20608,570176,373504,417088,396224,1280640,0,1408,564864,0,0,0,0,0,0,128,128,192,266688,34240,0,0,0,72000,128,487,1113,3478029497,1261650419,1260032,0
696,1677440,196032,139392,0,2368,20352,698560,374208,246528,225600,1451840,61120,1280,693184,111232,0,14528,29568,1,1,128,128,128,267840,33792,0,26240,1088,44736,128,483,1097,1352473200,3618587079,1431488,0
697,1676992,143744,144896,0,2368,20352,582528,364608,418496,397440,1279552,0,1408,577216,0,0,0,0,0,0,128,128,128,265984,27456,0,0,0,70656,128,482,1091,3392924889,3083196142,1259200,0
698,1677248,154432,143616,0,14784,20480,632768,369216,341952,321024,1356224,0,1280,627456,0,0,0,0,0,0,128,128,128,267072,30528,0,0,0,71104,128,476,1079,2294439140,2778015919,1335744,0
699,1677056,154112,144256,0,3776,20352,591808,372544,390208,369024,1308032,0,1344,586496,0,0,0,0,0,0,128,128,128,266752,33280,0,0,0,71936,192,481,1102,4201216849,1471470715,1287680,0
700,1677312,161152,143808,0,3776,20288,639296,375360,333632,312064,1365248,4416,1344,633920,58944,0,10176,0,0,1,64,64,64,266368,36160,0,23232,128,49152,128,475,1097,1207041861,3480393248,1344960,0
701,1677184,153664,136448,0,3712,20288,571520,368320,423232,402048,1275136,0,1280,566080,0,0,0,0,0,0,128,128,128,266944,29696,0,0,0,71168,128,469,1075,861747393,149344176,1254848,0
702,1676992,171584,143872,0,3840,9088,636736,353856,358016,336768,1340224,4416,1280,631488,47296,0,10048,0,0,1,128,128,128,266624,22336,0,25792,64,38528,128,483,1082,438457142,2336874685,1331136,0
703,1675776,142912,143680,0,6144,31360,601024,352768,397888,372992,1302784,0,1280,595840,0,0,0,0,0,0,128,128,128,265664,22912,0,0,0,63680,128,478,1072,346519607,897041300,1271424,0
704,1676864,152576,143872,0,5120,9152,560064,352640,453440,433728,1243136,0,1344,554816,0,0,0,0,0,0,64,128,128,265728,22912,0,0,0,63552,128,467,1041,1550713156,2827751214,1233984,0
705,1677184,210432,144192,0,3776,23488,830464,427392,37440,18112,1659072,5888,1344,825216,50816,0,11392,19392,0,1,64,64,128,267712,43968,0,25664,128,89536,128,480,1074,1941950206,8021876,1635584,0
706,1677312,187776,137472,0,3840,23936,578944,426816,318528,299008,1378304,0,1344,573568,0,0,0,0,0,0,128,128,128,266752,46208,0,0,0,113280,192,481,1078,2488295737,251266325,1354368,0
707,1677056,179712,151488,0,3840,23744,575744,426112,316416,296640,1380416,0,1344,570368,0,0,0,0,0,0,128,128,128,270848,39680,0,0,0,115072,128,484,1078,1285711087,2409368962,1356672,0
708,1677376,179456,145408,0,4672,9280,572736,410432,355392,335872,1341504,0,1280,567424,0,0,0,0,0,0,128,64,64,268160,28736,0,0,0,113152,128,481,1069,1203768573,4190170241,1332224,0
709,1676928,178112,145344,0,6080,9344,688320,408512,241216,221824,1455104,0,1344,682944,0,0,0,0,0,0,128,64,128,267200,28672,0,0,0,112192,128,484,1080,1099273904,1548089212,1445760,0
710,1677504,183424,145536,0,5184,9280,649728,408576,275776,256192,1421312,0,1344,644480,0,0,0,0,0,0,128,64,64,267136,28416,0,0,0,112640,128,488,1082,1253573910,2853615510,1412032,0
711,1677120,174848,137920,0,3712,9152,664064,424704,262720,241280,1435840,0,1280,658816,0,0,0,0,0,0,128,64,128,268544,42048,0,0,0,113664,128,484,1099,1757056692,85574899,1426688,0
712,1676992,176768,145408,0,3840,9280,689792,424960,226944,207680,1469312,0,1280,684352,0,0,0,0,0,0,128,128,64,267456,43392,0,0,0,113664,128,474,1102,158311428,2180732620,1460032,0
713,1678976,182272,145472,0,3776,39680,668992,427968,210816,189504,1489472,0,1280,663680,0,0,0,0,0,0,128,128,128,268608,39680,0,0,0,119168,128,432,1020,639114967,3776154548,1449792,0
714,1676928,170496,145216,0,6144,18176,668608,364992,303296,282368,1394560,0,1280,663232,0,0,0,0,0,0,128,64,128,266560,27712,0,0,0,70272,128,417,977,972618943,557128533,1376384,0
715,1677312,169792,145216,0,6144,18368,642496,365056,330240,308992,1368320,0,1344,637184,0,0,0,0,0,0,64,64,64,267200,28032,0,0,0,69504,128,409,965,741700364,1885286567,1349952,0
716,1677440,165632,137728,0,3712,18048,663232,364800,324288,303104,1374336,4416,1408,657792,44864,0,9984,0,0,1,128,128,128,266688,28096,0,23488,64,45952,128,397,938,4013877849,2003019200,1356288,0
717,1677376,158976,145088,0,3712,18048,638080,376640,336832,314880,1362496,0,1344,632768,0,0,0,0,0,0,64,64,128,266112,39168,0,0,0,70976,128,392,933,940991636,2675636567,1344448,0
718,1676736,136960,143872,0,3712,17984,614272,374720,385216,364160,1312576,0,1280,608832,0,0,0,0,0,0,64,128,128,266560,36992,0,0,0,70720,128,397,942,562591415,1398881614,1294592,0
719,1677120,166272,143744,0,3648,18176,658176,364928,322176,295936,1381184,4544,1280,652672,41472,0,9728,0,0,1,64,128,128,266560,28032,0,19968,128,49728,192,387,916,4206205597,3927001708,1363008,0
720,1676928,165568,144000,0,3712,18304,666176,346432,332736,312000,1364928,4416,1280,660800,42048,0,9664,0,0,1,128,64,128,265664,11072,0,20736,128,48384,128,387,918,4157177340,1752269895,1346624,0
721,1677440,178496,136960,0,10624,18560,779200,408256,145344,124352,1553088,50048,1280,773824,97920,0,13120,18048,1,1,128,128,128,267456,29440,0,26240,640,83968,128,406,980,2880446408,165292897,1534528,0
722,1677056,158848,144000,0,4736,18048,633728,414656,303040,281728,1395328,0,1280,628480,0,0,0,0,0,0,64,64,128,267264,36352,0,0,0,110656,128,417,1011,673602318,1698387327,1377280,0
723,1677312,149504,144512,0,3840,18816,638912,416768,304960,283648,1393664,0,1280,633600,0,0,0,0,0,0,128,128,128,266688,39488,0,0,0,110080,128,430,1044,2761131399,2104705080,1374848,0
724,1677120,167744,143488,0,6144,40384,727552,411904,179904,158784,1518336,8128,1280,722240,93888,0,24640,0,0,2,128,128,128,266368,35136,0,45568,640,63680,128,431,1039,1007514966,549727709,1477952,0
725,1676992,164352,143808,0,6272,18176,722624,407680,214080,192896,1484096,7552,1344,717312,82176,0,19008,0,0,2,128,128,128,267392,29312,0,42240,192,68032,128,459,1109,3348931736,2935496977,1465920,0
726,1677376,171648,139456,0,5952,18240,633984,407680,300416,278848,1398528,0,1344,628608,0,0,0,0,0,0,128,64,192,267968,29056,0,0,0,110144,128,467,1135,1910501274,17257672,1380288,0
727,1676800,148160,145600,0,4288,20544,640704,372480,345024,323904,1352896,0,1280,635392,0,0,0,0,0,0,128,128,128,265984,34752,0,0,0,71232,128,475,1144,3153813416,770682062,1332352,0
728,1677376,147392,145600,0,2368,19904,612544,374848,374720,353472,1323904,0,1216,607104,0,0,0,0,0,0,128,128,128,267392,33920,0,0,0,73024,128,506,1201,3227427734,2623334747,1304000,0
729,1676928,176640,145600,0,2304,20416,746112,376384,209472,188288,1488640,7936,1408,740736,95360,0,24320,0,0,2,128,64,128,268800,35328,0,46848,640,24320,128,519,1250,1341075141,3512259124,1468224,0
730,1677440,164096,145920,0,2368,20736,681984,375232,287104,265920,1411520,4480,1280,676672,47232,0,10240,0,0,1,128,128,128,267264,34176,0,25728,128,47424,128,532,1279,3450172280,1721129483,1390784,0
731,1677248,136128,138688,0,2432,20032,615168,367488,397312,376128,1301120,0,1344,609856,0,0,0,0,0,0,128,128,128,267776,27776,0,0,0,71424,128,541,1299,3314423683,3908518565,1281088,0
732,1677184,147392,145408,0,2304,20096,614784,366528,380672,359232,1317952,0,1344,609472,0,0,0,0,0,0,128,64,64,266944,28160,0,0,0,71040,128,558,1299,3399330173,2247412700,1297856,0
733,1677056,147712,145216,0,2368,19904,638464,374656,348736,327872,1349184,0,1280,633280,0,0,0,0,0,0,64,64,128,266944,35584,0,0,0,71744,128,553,1304,989198664,1675454276,1329280,0
734,1676992,149120,145216,0,2368,19968,634304,376896,349120,327872,1349120,0,1344,629056,2816,0,0,0,0,1,128,128,128,266944,37568,0,0,128,71744,128,561,1331,328784266,2897777690,1329152,0
735,1677312,154624,145280,0,2304,41920,728576,367936,236672,209920,1467392,7744,1280,723136,82304,0,18880,0,0,2,64,128,128,267904,28160,0,41344,256,29824,128,565,1338,3107014884,1705194217,1425472,0
736,1676928,154048,138496,0,2368,20672,666560,357184,337600,316736,1360192,4544,1280,661248,41280,0,9728,0,0,1,128,128,128,265216,20224,0,19968,128,51136,128,560,1325,3935543139,1924303956,1339520,0
737,1677376,153600,144960,0,3200,34560,732416,362304,246336,225152,1452224,10432,1280,727104,97728,0,19520,0,0,2,128,128,128,268544,21312,0,40896,192,30912,64,562,1329,2229519933,56119131,1417664,0
738,1677184,154432,143552,0,2304,21120,674624,355776,325376,304256,1372928,4480,1280,669440,41984,0,9472,0,0,1,64,128,128,265024,19392,0,20928,128,49856,128,565,1331,1281510180,2461606642,1351808,0
739,1676864,147264,143296,0,2368,20224,602880,348736,412096,391104,1285760,0,1408,597632,0,0,0,0,0,0,192,128,128,266688,11200,0,0,0,70272,128,563,1325,4169856789,2536224503,1265536,0
740,1677376,134976,143488,0,2304,20160,595584,357888,422976,401856,1275520,0,1280,590400,0,0,0,0,0,0,64,128,128,264512,21056,0,0,0,71808,192,560,1316,2462427570,3921800138,1255360,0
741,1676992,147584,136768,0,2432,20416,585088,356288,428416,407104,1269888,0,1280,579904,0,0,0,0,0,0,128,64,128,266560,19136,0,0,0,70144,128,558,1319,2076080031,2047648113,1249472,0
742,1677376,177344,144256,0,10624,20864,755584,373888,194816,173504,1503872,49728,1344,750272,107776,0,13440,18048,1,1,64,128,128,267712,33920,0,27584,1088,43136,128,560,1329,986164401,3520246432,1483008,0
743,1677120,138688,144000,0,3712,20096,587776,368448,414400,393216,1283904,0,1280,582464,0,0,0,0,0,0,64,128,128,266304,29760,0,0,0,71936,128,555,1310,3276794093,2971947969,1263808,0
744,1677312,148672,144128,0,3712,20224,589504,362816,408256,386944,1290368,0,1280,584000,0,0,0,0,0,0,128,128,128,267328,23424,0,0,0,71552,128,558,1316,3721332572,4013233914,1270144,0
745,1677120,148864,143936,0,3648,20352,572352,360896,427072,406144,1270976,0,1280,566976,0,0,0,0,0,0,128,128,128,266816,23488,0,0,0,70080,128,558,1319,1648387080,930640647,1250624,0
746,1677120,137984,137088,0,3712,41344,609216,368256,379520,358016,1319104,0,1280,603968,0,0,0,0,0,0,64,64,192,265280,31296,0,0,0,71232,128,557,1320,424892182,3111966240,1277760,0
747,1677120,156352,144128,0,10560,20224,747456,372672,225728,204544,1472576,62080,1408,741952,109696,0,11584,0,1,1,64,128,128,266752,34176,0,21952,128,49216,128,560,1330,1285608872,2112933476,1452352,0
748,1677184,137984,144256,0,3840,20416,610624,370496,389568,368384,1308800,0,1344,605376,0,0,0,0,0,0,128,128,128,266112,31744,0,0,0,72128,128,556,1331,2978302864,2462629834,1288384,0
749,1677184,138944,144320,0,3776,20224,587264,366464,416192,394880,1282304,0,1344,581952,0,0,0,0,0,0,128,128,128,266048,28800,0,0,0,71104,128,562,1346,425604822,674252693,1262080,0
750,1676864,139328,144512,0,3712,20864,605120,361344,401984,380672,1296192,0,1344,599808,0,0,0,0,0,0,128,128,128,267072,20800,0,0,0,72960,128,570,1348,1258806321,1964153025,1275328,0
751,1677376,138496,137216,0,3840,20224,595200,357824,424576,398208,1279168,0,1280,589888,0,0,0,0,0,0,128,64,192,267136,19520,0,0,0,70656,128,580,1368,2484299421,2565272518,1258944,0
752,1677248,146944,145024,0,7040,20928,607040,361152,389120,367808,1309440,0,1280,601600,0,0,0,0,0,0,128,128,128,266816,23744,0,0,0,70144,64,578,1364,3999239528,1091139881,1288512,0
753,1677120,137792,145088,0,6656,20416,607488,361792,397888,376768,1300352,0,1280,602048,0,0,0,0,0,0,128,64,64,266944,23936,0,0,0,70528,128,576,1358,1511453359,2799561739,1279936,0
754,1677120,137664,145088,0,4352,21376,595584,360960,412096,391104,1286016,0,1344,590144,0,0,0,0,0,0,128,64,64,267072,22784,0,0,0,70720,128,571,1353,2027103357,1912728927,1264640,0
755,2237440,260736,144448,0,11904,35456,937408,425664,421824,400576,1836864,67072,1344,931968,140864,0,12032,82240,1,1,256,256,35712,267456,44736,0,24704,128,52288,128,574,1372,2333437009,1676578041,1801408,0
756,1677440,134400,138048,0,3712,42240,592448,423424,343168,321856,1355584,0,1408,587008,0,0,0,0,0,0,128,192,35648,267840,44544,0,0,0,74944,128,570,1360,368523681,1924138153,1313344,0
757,1676928,134720,145600,0,3712,34816,592960,426112,339008,318016,1358912,0,1280,587584,0,0,0,0,0,0,256,192,35712,267648,47360,0,0,0,74816,128,566,1342,2682008838,841995495,1324096,0
758,1676928,132736,144320,0,3648,19840,591232,431552,353600,332480,1344448,0,1344,585920,0,0,0,0,0,0,256,192,35456,269312,49984,0,0,0,76224,128,564,1340,1657724764,1123859428,1324608,0
759,1677248,135808,143424,0,3712,20544,686720,390208,296832,275328,1401920,0,1280,681472,0,0,0,0,0,0,128,128,128,266944,51776,0,0,0,71040,64,552,1308,3701996063,2744303788,1381376,0
760,1677120,157120,144576,0,3776,19904,854080,439616,58048,36800,1640320,7296,1344,848832,93184,0,21120,0,0,2,192,128,35968,266752,60352,0,49984,704,25344,192,564,1347,1603497983,1567510476,1620416,0
761,1677056,132928,136576,0,3840,20480,756032,445632,181568,160640,1516416,0,1280,750656,0,0,0,0,0,0,256,192,35968,270528,62400,0,0,0,76160,128,562,1349,3833077713,3210722069,1495936,0
762,1677440,135104,143616,0,3840,20160,720064,480768,173888,153024,1524416,0,1344,714624,0,0,0,0,0,0,256,256,68480,267200,67712,0,0,0,76672,192,568,1370,2240187768,4197260817,1504256,0
763,1677120,134464,144064,0,3840,20032,775296,482688,116736,95552,1581568,0,1344,769984,0,0,0,0,0,0,320,256,67712,267776,68544,0,0,0,77952,128,576,1380,2454233298,3332087897,1561536,0
764,2237568,184576,143680,0,4032,20608,811456,512256,560960,539712,1697856,4608,1344,806080,47296,0,12096,31104,0,1,448,448,99904,269440,60864,0,22656,128,58240,128,587,1414,703333028,40346760,1677248,0
765,2237184,182784,143744,0,4032,23040,873920,480512,529152,505728,1731456,4544,1280,868672,47872,0,12160,29696,0,1,320,256,67584,269440,62848,0,23360,576,56000,128,567,1359,1159910728,3671015248,1708416,0
766,2237248,153024,140160,0,4928,42240,890816,522432,483648,462528,1774720,7808,1344,885312,93888,0,24384,0,0,2,448,320,99584,270400,71360,0,45760,704,33728,128,575,1389,776039055,2711216041,1732480,0
767,2237184,181632,146432,0,4160,35200,798656,485312,585792,559104,1678080,4480,1280,793408,46848,0,12352,29632,0,1,256,320,68032,268160,69056,0,22272,128,56896,192,576,1383,1207536989,3882572601,1642880,0
768,1677312,183616,145472,0,4160,21120,725376,482624,114944,93888,1583424,4544,1344,720000,48384,0,12224,29632,0,1,384,256,68544,267648,67200,0,23616,640,54144,192,565,1364,2425930429,4240666308,1562304,0
769,1677376,154176,145600,0,6656,20352,768384,448768,133440,109376,1568000,7744,1408,763264,93248,0,24256,0,0,2,192,256,35904,270912,66688,0,45376,640,28672,128,559,1325,3876046371,3705250997,1547648,0
770,1676928,153088,145600,0,5376,20096,761344,443712,147712,124736,1552192,7808,1344,756032,93696,0,24384,0,0,2,320,256,35840,266560,64768,0,45376,704,29760,128,557,1331,274523301,3169499342,1532096,0
771,1677312,184960,139392,0,3968,20800,713600,408512,206080,184512,1492800,4544,1344,708288,47616,0,12352,29632,0,1,64,64,192,268864,65984,0,22336,128,50752,128,559,1332,2900973785,3338865420,1472000,0
772,1677248,134528,144960,0,3968,20480,614592,399872,358848,337728,1339520,0,1280,609344,0,0,0,0,0,0,128,64,192,266624,61440,0,0,0,71296,128,564,1342,2488256540,2237104221,1319040,0
773,1677056,272256,144960,0,3968,20864,807168,403648,24192,3072,1673984,12096,1344,801792,154432,0,33152,109120,0,3,128,128,192,267776,62016,0,73280,14400,0,128,567,1337,188953705,3946442394,1653120,0
774,1677120,182144,144960,0,3968,20288,683456,399104,243200,221952,1455168,4416,1280,678144,46592,0,12032,29760,0,1,128,128,128,267648,58176,0,22144,128,50496,128,566,1338,1490032863,577025728,1434880,0
775,1677376,154432,144896,0,3968,20544,697600,388992,266944,245888,1431488,7744,1408,692096,93952,0,24256,0,0,2,128,128,128,266496,49152,0,46016,704,26112,128,559,1317,775468937,502439694,1410944,0
776,1677056,183936,139392,0,3968,42048,668160,388544,251008,229760,1447296,4672,1408,662848,48384,0,12352,30016,0,1,192,64,64,267392,48512,0,23360,512,48320,128,552,1301,3396278472,1893219370,1405248,0
777,1677504,182720,145536,0,3968,20608,644864,389824,289984,268224,1409280,4608,1344,639424,47360,0,12224,29888,0,1,128,64,128,268352,48640,0,22592,128,49664,128,561,1314,2708305606,2982966928,1388672,0
778,1676544,134656,143744,0,4032,20736,604800,382464,386112,365312,1311232,0,1280,599360,0,0,0,0,0,0,64,128,128,266112,44544,0,0,0,71360,128,552,1299,1437678828,4120749189,1290496,0
779,1677376,134336,143040,0,3968,20608,582848,378048,414528,393152,1284224,0,1280,577536,0,0,0,0,0,0,128,128,128,266944,38400,0,0,0,72192,128,551,1292,1062099443,31940833,1263616,0
780,1677120,186240,142976,0,4992,20608,703232,375616,243456,222272,1454848,8832,1280,697728,94848,0,19968,29824,0,2,128,128,128,268224,34112,0,42432,192,30080,192,552,1286,4202432661,4164475597,1434240,0
781,1676928,134656,136832,0,6464,20608,585344,369344,423680,402688,1274240,0,1344,580032,0,0,0,0,0,0,128,128,128,267648,30464,0,0,0,70720,128,545,1272,194304799,5177124,1253632,0
782,1677184,133632,142912,0,5440,20480,587776,373568,413376,392384,1284800,0,1344,582400,0,0,0,0,0,0,128,128,128,266944,34368,0,0,0,71680,192,546,1270,1345470523,4201461824,1264320,0
783,1677248,134656,143424,0,6272,20032,567360,374592,430912,404672,1272576,0,1344,562048,0,0,0,0,0,0,128,64,64,266752,36352,0,0,0,71104,128,553,1284,1602319756,1142441855,1252544,0
784,1677056,161792,143552,0,13312,20160,762112,374272,201856,180480,1496576,79232,1344,756800,175232,0,23360,0,1,2,128,128,128,268096,34816,0,49792,192,20800,192,573,1327,1851826129,2123649541,1476416,0
785,1677312,134976,143552,0,6144,20224,558976,373888,439552,418240,1259072,0,1280,553600,0,0,0,0,0,0,64,64,128,266752,36224,0,0,0,70528,128,582,1326,1533995165,2172551139,1238848,0
786,1676928,134016,137472,0,5248,9344,563136,363584,464128,443200,1233728,0,1280,557888,0,0,0,0,0,0,192,128,128,267840,31360,0,0,0,63808,128,568,1305,4274680152,492195176,1224384,0
787,1676096,134784,144576,0,3840,30976,571584,365952,424384,404608,1271488,0,1344,566272,0,0,0,0,0,0,128,128,128,267008,34368,0,0,0,64064,128,567,1303,2442564617,1758414160,1240512,0
788,2237056,237632,143296,0,6016,24128,879552,434304,512128,492800,1744256,50752,1408,874048,125696,0,12352,80832,1,1,128,192,35840,272256,56640,0,25152,128,43840,128,563,1326,1117725865,2520323991,1720128,0
789,1677184,133312,143360,0,5184,9472,629376,436224,320256,300864,1376320,0,1280,623936,0,0,0,0,0,0,256,192,35840,273152,57664,0,0,0,68992,128,561,1321,2573547435,1958366189,1366848,0
790,1677120,153088,142208,0,3712,23744,716672,432768,204928,185536,1491584,57472,1344,711360,104768,0,14784,0,1,1,256,192,35328,271488,57664,0,24640,384,42688,128,564,1333,3833769616,3148409081,1467840,0
791,1677120,134144,137024,0,3712,9344,643456,432576,316864,297280,1379840,0,1280,638208,0,0,0,0,0,0,256,192,35584,271040,58176,0,0,0,67136,192,565,1316,3079895013,584584678,1370496,0
792,1677248,144192,143424,0,3712,9152,641792,390528,344448,324800,1352448,0,1280,636544,0,0,0,0,0,0,128,64,64,271744,53376,0,0,0,65024,128,548,1289,2504173456,3439313027,1343296,0
793,1677312,133312,143424,0,3840,9408,841088,435840,110400,90816,1586496,0,1344,835840,0,0,0,0,0,0,192,256,35392,272256,60416,0,0,0,67200,128,559,1322,3508982612,1840705446,1577088,0
794,1677056,134016,143552,0,4672,9280,716800,437696,231040,211648,1465408,0,1280,711488,0,0,0,0,0,0,256,192,35776,268096,65280,0,0,0,67968,128,560,1317,1448702575,3866396315,1456128,0
795,1677376,133696,143424,0,3840,9280,814976,475008,97152,77312,1600064,0,1408,809600,0,0,0,0,0,0,320,256,68096,268160,67328,0,0,0,70720,128,565,1338,1557837125,1989148890,1590784,0
796,1676928,133376,136512,0,3840,9152,683776,479936,230336,210752,1466176,0,1408,678528,0,0,0,0,0,0,320,256,68352,272384,69312,0,0,0,69120,192,570,1346,2572590504,2195038083,1457024,0
797,2237440,134272,142848,0,12160,45952,921984,741440,238784,214208,2023232,0,1280,916544,0,0,0,0,0,0,384,262848,67776,272832,61696,22208,0,0,75712,192,569,1348,320767833,986162363,1977280,0
798,1677120,158080,145472,0,4096,9856,712192,520384,127040,107712,1569408,0,1344,706752,0,0,0,0,0,0,448,44928,68352,271424,62144,0,0,0,72960,128,566,1340,4082855558,598377395,1559552,0
799,1677312,133632,141760,0,4224,9600,831680,528576,27840,8256,1669056,0,1344,826240,0,0,0,0,0,0,448,45184,67456,272896,69632,0,0,0,72768,192,573,1358,1401433696,746085315,1659456,0
800,1677056,134208,141760,0,4352,9728,643584,527936,215488,190784,1486272,0,1408,638144,0,0,0,0,0,0,448,45248,68160,270592,70720,0,0,0,72640,128,564,1346,2935617889,507646202,1476544,0
801,1677184,133440,135552,0,4224,9792,655296,495104,243776,224576,1452608,0,1280,649920,0,0,0,0,0,0,384,45568,36352,269696,70720,0,0,0,72256,128,561,1330,2650200086,3101870481,1442816,0
802,1676992,134336,141824,0,4224,9792,651904,493824,241088,221696,1455296,0,1280,646656,0,0,0,0,0,0,384,44928,35904,272384,69248,0,0,0,70848,128,571,1341,863873651,2341157546,1445504,0
803,1677376,133824,141504,0,6528,10048,637376,447552,300544,280960,1396416,0,1280,631872,0,0,0,0,0,0,256,45504,320,270464,62400,0,0,0,68480,128,554,1307,2132258307,1503202503,1386368,0
804,2237504,199552,141888,0,12160,10240,741248,639296,493120,473152,1764352,0,1280,736000,0,0,0,49024,0,0,384,45440,92032,273472,69888,0,0,0,157952,128,559,1339,2426704599,3888811112,1754112,0
805,1676800,133888,141696,0,4352,9984,623424,636032,127424,107776,1569024,0,1280,618176,0,0,0,0,0,0,384,45312,92480,272576,65728,0,0,0,159424,128,555,1325,229624566,3502631274,1559040,0
806,2237248,224512,137088,0,7232,10624,703104,640128,514560,495424,1741824,4544,1280,697856,59200,0,10176,80256,0,1,320,46336,91392,271616,69440,0,23744,13440,123648,192,554,1319,290608293,184209000,1731200,0
807,1677312,134848,144576,0,6016,11392,660352,629440,90688,71168,1606144,0,1344,654912,0,0,0,0,0,0,256,46016,91840,266496,65088,0,0,0,159616,128,551,1310,2076852088,1683504965,1594752,0
808,1676928,132608,143616,0,7296,10112,634112,523328,225856,206592,1470336,0,1280,628928,0,0,0,0,0,0,256,45824,320,265600,53376,0,0,0,157824,128,552,1303,1561689070,3341055938,1460224,0
809,1677504,132480,144576,0,5440,10048,591616,522496,270848,251264,1426240,0,1344,586304,0,0,0,0,0,0,256,45824,384,266560,50752,0,0,0,158592,128,552,1295,3148309353,2186830217,1416192,0
810,1677120,132672,144384,0,4032,10048,600064,516672,269248,249792,1427328,0,1344,594816,0,0,0,0,0,0,256,45248,256,265792,47552,0,0,0,157440,128,549,1285,1854275052,2855509061,1417280,0
811,1677248,132352,144512,0,4032,9984,585472,513472,287424,267776,1409472,0,1344,580288,0,0,0,0,0,0,256,46144,384,265216,43712,0,0,0,157632,128,548,1277,193762342,3755156900,1399488,0
812,1676992,169280,144576,0,4096,10176,750976,511360,86528,67072,1609920,11968,1280,745792,136256,0,34944,0,0,3,256,45568,384,265984,41344,0,66240,1280,90176,128,540,1260,408342661,3557908580,1599744,0
813,1676928,152448,137472,0,3968,9856,708160,508672,156352,136832,1540096,54784,1344,702976,100672,0,14464,0,1,1,192,45888,384,267776,37888,0,23680,64,132672,128,547,1281,2086630064,2205945398,1530240,0
814,1677248,164544,144576,0,6272,10368,689088,504384,158016,138304,1538944,61504,1344,683712,105728,0,12416,0,1,1,256,45568,320,265920,35392,0,24256,128,132416,128,546,1266,691345812,1617492937,1528576,0
815,1677120,145344,144256,0,5312,10048,612736,502336,257088,237504,1439616,0,1344,607488,0,0,0,0,0,0,256,46144,320,266432,32320,0,0,0,156736,128,551,1274,4125378886,522687757,1429568,0
816,1676992,133696,144192,0,6144,10176,574656,501312,306816,282432,1394560,0,1344,569280,0,0,0,0,0,0,256,45824,320,266368,32768,0,0,0,155648,128,548,1277,2018253260,2282542803,1384384,0
817,1677632,157440,144384,0,11392,31872,782208,491840,58496,39040,1638592,0,1280,776832,0,0,0,0,0,0,192,45888,320,267328,45568,0,0,0,132416,128,556,1301,2817289579,1045671730,1606720,0
818,1676928,145344,137344,0,6144,10112,711296,491456,175232,155776,1521152,0,1344,705728,0,0,0,0,0,0,256,45440,384,267776,46720,0,0,0,130752,128,550,1286,2482269829,1511281422,1511040,0
819,2237632,197952,144768,0,14016,24576,1059840,494464,302016,282496,1955136,53760,1344,1054528,138688,0,22784,19264,1,2,256,45824,320,268160,48576,0,47872,256,83008,192,547,1282,2062946515,539586210,1930560,0
820,2237120,145024,144256,0,6208,24512,853120,543488,520512,500864,1736256,0,1280,847744,0,0,0,0,0,0,320,45632,41856,268544,50496,0,0,0,136512,128,545,1273,1785060317,3105321659,1711744,0
821,2239936,156160,144384,0,5184,25152,788288,545280,575488,553344,1686592,0,1344,782976,0,0,0,18240,0,0,384,46144,46144,268160,49728,0,0,0,134592,128,562,1314,1001570075,2396797854,1661440,0
822,2234368,134720,142784,0,4608,10048,789376,592384,560448,541120,1693248,0,1280,783872,0,0,0,0,0,0,448,46400,85696,269120,51200,0,0,0,139392,128,561,1313,166719363,1949684436,1683200,0
823,2237376,208064,135296,0,3840,9984,845632,599104,435456,416000,1821376,0,1344,840256,0,0,0,49088,0,0,448,45888,91264,268288,53248,0,0,0,139840,128,575,1345,1657484958,2480918409,1811392,0
824,2237376,146432,143040,0,3840,10368,990336,641728,301632,282432,1954944,4544,1344,984896,47936,0,10880,0,0,1,448,46144,132352,268224,52160,0,25536,320,116352,192,566,1330,4137934112,4246755908,1944576,0
825,2797696,172160,141184,0,12928,46464,1272512,640320,512128,492736,2304960,66752,1344,1267200,196480,0,35392,0,1,3,512,46016,134720,270080,46144,0,70720,1344,70592,192,581,1371,2659539957,1062534929,2258496,0
826,2237376,146240,141376,0,3840,24256,821376,640000,460288,441152,1796224,0,1408,816000,0,0,0,0,0,0,512,46336,137088,270016,43136,0,0,0,142720,192,563,1325,1237035266,3623656287,1771968,0
827,2237504,148928,141376,0,3776,24320,771968,638656,508480,489024,1748480,0,1344,766592,0,0,0,0,0,0,640,46144,136384,269632,44480,0,0,0,141248,128,561,1322,2173419973,4121575257,1724160,0
828,2237312,134528,135232,0,3776,10112,782592,633280,537792,518272,1719040,0,1280,777408,0,0,0,0,0,0,448,45952,135360,270272,39488,0,0,0,141568,192,561,1334,951797009,145416989,1708928,0
829,2237376,159168,144000,0,3840,10112,821120,634240,464896,445440,1791936,0,1280,815808,0,0,0,0,0,0,448,45632,137152,268928,41408,0,0,0,140544,128,567,1355,1106674011,76428149,1781824,0
830,2237376,153536,143232,0,3712,10240,907584,636608,382464,363136,1874240,7552,1216,902144,94336,0,24000,0,0,2,448,45952,138176,269120,42752,0,47104,576,92352,128,558,1323,3777762924,2466706801,1864000,0
831,2237440,132864,142144,0,3776,10176,808896,633920,505664,486208,1751232,0,1344,803520,0,0,0,0,0,0,512,46080,136512,268416,43072,0,0,0,139200,128,560,1329,2609688426,2060582917,1741056,0
832,2237184,133312,142208,0,3840,9920,833280,583232,531392,506496,1730688,0,1344,827968,0,0,0,0,0,0,448,45760,91456,269120,39488,0,0,0,136768,192,536,1264,2490919368,2365087507,1720768,0
833,2237504,133952,136384,0,6912,31552,820096,580992,527616,508096,1729408,0,1280,814912,0,0,0,0,0,0,448,46016,92096,267904,37824,0,0,0,136576,128,549,1291,3745128637,145899288,1697856,0
834,1677056,132864,142272,0,5120,10304,815296,527680,43520,24320,1652736,0,1280,809920,0,0,0,0,0,0,384,45888,46464,267072,32256,0,0,0,135488,128,536,1253,2533863836,3643669905,1642432,0
835,2237504,136448,142272,0,5952,10240,840704,530560,571328,551744,1685760,0,1280,835392,0,0,0,0,0,0,320,45760,46912,265664,36416,0,0,0,135360,128,535,1251,3731053746,880241330,1675520,0
836,1677056,136192,142336,0,4288,9984,759744,478976,145536,125888,1551168,0,1280,754304,0,0,0,0,0,0,256,45632,320,266880,34176,0,0,0,131584,128,532,1233,1657667401,2424768798,1541184,0
837,1677312,147584,142016,0,2304,10240,746432,474496,154240,134080,1543232,0,1280,741120,0,0,0,0,0,0,192,45696,320,267584,29440,0,0,0,131136,128,531,1230,4170170257,818196915,1532992,0
838,1676800,147904,136384,0,2304,10112,744000,470528,165568,146240,1530560,0,1408,738624,0,0,0,0,0,0,256,45632,320,266112,26752,0,0,0,131328,128,528,1222,2376341462,1970156569,1520448,0
839,1677440,153088,142336,0,2304,9856,739392,467072,163392,143616,1533824,4480,1216,734144,45248,0,10368,0,0,1,192,45824,384,266496,22848,0,23680,128,107392,128,534,1217,3496976524,571909016,1523968,0
840,1677120,135936,143040,0,2304,10240,690496,472128,222976,203264,1473856,0,1280,685184,0,0,0,0,0,0,320,45632,448,267264,27776,0,0,0,130560,128,526,1216,306606866,1421670391,1463616,0
841,2237184,602304,143168,0,2304,10112,798912,472768,207616,188160,2049024,39040,1344,793600,101888,455040,12288,0,1,1,256,46528,384,267520,25920,0,23872,640,107584,64,541,1239,705597926,1124937108,2038912,0
842,2237376,605440,141440,0,2432,31616,818496,474240,163712,144320,2093056,51648,1280,813120,147648,459136,12480,0,1,1,256,45952,384,266496,27776,0,26176,10880,96192,128,529,1240,1472552626,789384047,2061440,0
843,1676992,137920,135104,0,2432,10176,690112,470720,230528,211200,1465792,0,1280,684800,0,0,0,0,0,0,256,45952,384,269248,24576,0,0,0,130176,128,534,1242,1358958595,2021187929,1455616,0
844,1677184,137216,141888,0,10048,10304,704192,465792,207744,188224,1488960,0,1280,699008,0,0,0,0,0,0,256,44480,448,267584,21568,0,0,0,131328,128,541,1243,2677564938,3070749983,1478656,0
845,1677312,150528,141952,0,3712,9920,737344,454720,179136,159680,1517632,5760,1280,731968,49856,0,10944,0,0,1,256,44736,320,266816,12736,0,25856,128,103744,128,525,1238,698336339,4183763203,1507712,0
846,1676928,137984,141696,0,6848,10368,681600,456704,241728,222464,1454464,0,1280,676224,0,0,0,0,0,0,256,44992,256,269632,12928,0,0,0,128512,128,525,1230,659306695,3128817670,1444096,0
847,1677120,136448,141824,0,4288,9984,718144,473472,192960,173568,1503552,0,1280,712832,0,0,0,0,0,0,256,45440,384,272320,22656,0,0,0,132224,192,522,1234,460593015,3027165164,1493568,0
848,2237376,154624,135616,0,10752,10176,854528,528064,543616,519168,1718208,51904,1280,849152,93184,0,11456,0,1,1,256,44352,384,269760,39616,0,22400,128,151040,128,554,1326,4255734239,2356491052,1708032,0
849,1677312,149120,141824,0,3776,9920,657920,525312,189440,169792,1507520,0,1216,652608,0,0,0,0,0,0,256,45504,384,270272,38656,0,0,0,170112,128,546,1302,140726393,2593156901,1497600,0
850,2237312,168640,141888,0,13696,24448,1056960,568000,263680,244032,1993280,16256,1280,1051712,64704,0,10048,0,0,1,256,44864,384,269568,44736,0,25152,512,182400,128,564,1349,2324892544,1572474202,1968832,0
851,2237440,149888,145024,0,6272,25088,727360,616704,567104,547200,1690240,0,1280,721984,0,0,0,0,0,0,384,44864,40896,272000,50048,0,0,0,208384,128,567,1347,4100537328,2310446728,1665152,0
852,2237760,201792,144000,0,17472,30272,1068928,640704,134592,106560,2131200,143488,3264,1058560,191168,0,14272,32192,1,1,384,45376,46016,272896,65216,0,24704,128,185856,128,562,1340,2624259204,552231206,2100928,0
853,2237120,145792,137472,0,4352,9856,739008,683136,517504,498112,1739008,0,1280,733824,0,0,0,0,0,0,512,46016,85568,272192,66496,0,0,0,212224,128,575,1368,1739218568,431835791,1729152,0
854,2237056,156928,144832,0,4352,24704,789376,659520,457344,438144,1798912,0,1216,784000,0,0,0,0,0,0,512,45248,90944,273280,70080,0,0,0,179328,128,558,1327,3774298836,336115655,1774208,0
855,2237376,145408,144000,0,4288,10048,799680,697664,436288,417216,1820160,0,1344,794368,0,0,0,0,0,0,512,45888,129920,272512,66368,0,0,0,182336,128,552,1324,297193227,5158806,1810112,0
856,2237376,165440,145024,0,4288,10048,780416,666944,465216,445696,1791680,0,1344,775168,0,0,0,0,0,0,448,45952,137216,272512,66560,0,0,0,144128,128,546,1310,71593790,1746075517,1781632,0
857,2237120,137920,144960,0,4288,24064,830336,664704,430848,411584,1825536,0,1344,824960,0,0,0,0,0,0,448,45952,137088,273664,62976,0,0,0,144448,128,570,1357,3677552141,2510058978,1801472,0
858,2237504,146176,137280,0,6208,9920,908352,708608,320960,301440,1936064,0,1408,902848,0,0,0,0,0,0,512,45504,137152,273856,68160,0,0,0,183296,128,578,1394,4182387936,2264685187,1926144,0
859,2237248,137536,143936,0,5568,10304,813248,699968,426688,407232,1830016,0,1280,808000,0,0,0,0,0,0,512,45760,136320,272512,64576,0,0,0,180160,128,583,1376,1595433984,1856864491,1819712,0
860,2237632,137856,144960,0,4096,31616,889216,707712,322176,302400,1935232,0,1280,883840,0,0,0,0,0,0,512,45760,137920,272768,69888,0,0,0,180736,128,579,1367,2293135667,2424798168,1903616,0
861,2238592,137600,144896,0,4096,14784,830080,694848,412288,391424,1847168,0,1344,824768,0,0,0,0,0,0,576,45504,135680,273664,58176,0,0,0,181120,128,573,1361,3227404441,2895463623,1832384,0
862,2237312,137088,142080,0,6528,10176,798848,690752,451840,430592,1806720,0,1280,793472,0,0,0,0,0,0,576,45056,137600,271616,55424,0,0,0,180352,128,574,1360,403609725,121519264,1796544,0
863,2235776,137280,135872,0,5440,9920,782144,628416,536704,517056,1718720,0,1280,776896,0,0,0,0,0,0,576,45504,90688,272192,44800,0,0,0,174528,128,563,1350,3923081410,689839672,1708800,0
864,1677120,137728,141888,0,7360,10112,720896,589120,70016,45504,1631616,0,1344,715648,0,0,0,0,0,0,448,45760,91456,270656,45056,0,0,0,135616,128,522,1294,4279722730,4030565804,1621504,0
865,1677120,135744,141888,0,6464,10496,712064,538880,131584,112256,1564864,0,1344,706752,0,0,0,0,0,0,384,45568,46848,270656,41216,0,0,0,134080,128,450,1138,492437685,1064687141,1554368,0
866,1677184,135104,141888,0,6080,10176,699968,551872,132096,112704,1564480,0,1408,694528,0,0,0,0,0,0,448,45312,46656,271104,51904,0,0,0,136320,128,428,1072,3464744746,3995501840,1554304,0
867,1677184,137728,142016,0,4928,10112,667776,501184,213440,194048,1483136,0,1280,662656,0,0,0,0,0,0,192,45952,320,270592,52352,0,0,0,131648,128,445,1132,855782703,1140037929,1473024,0
868,1677184,137280,134784,0,3584,10240,643648,500608,247040,227840,1449344,0,1344,638336,0,0,0,0,0,0,192,45632,320,269376,51200,0,0,0,133760,128,430,1086,3649450949,2804642187,1439104,0
869,1677184,137088,141824,0,5952,31424,643648,492480,224768,204928,1472256,0,1280,638272,0,0,0,0,0,0,256,45760,320,271040,43264,0,0,0,131712,128,396,988,1371874242,2084243324,1440832,0
870,1676864,137088,143168,0,3648,10176,722688,552960,107136,88000,1588864,0,1408,717376,0,0,0,0,0,0,192,45440,384,271744,57152,0,0,0,177920,128,412,1015,3628438506,1715475995,1578688,0
871,1677184,136896,143168,0,4480,10112,655232,538048,189248,169728,1507456,0,1280,649920,0,0,0,0,0,0,192,44928,384,270848,50752,0,0,0,170816,128,455,1128,1960407530,3019910266,1497344,0
872,1677248,135488,143104,0,3776,10048,697600,549824,137408,117824,1559424,0,1344,692096,0,0,0,0,0,0,192,45120,320,273984,58944,0,0,0,171200,64,426,1034,3187814901,3966166786,1549376,0
873,1677120,137280,135616,0,3712,9792,670592,535488,184640,164864,1512256,0,1280,665152,0,0,0,0,0,0,256,44992,384,271616,46400,0,0,0,171712,128,433,1055,2748437946,4165686514,1502464,0
874,1677056,168640,142784,0,3648,10112,734720,534848,82304,62912,1614144,4672,1280,729600,46720,0,10944,20992,0,1,256,45312,384,271104,46272,0,23552,128,147712,128,426,1052,1645301532,2423709718,1604032,0
875,1677312,136320,142784,0,3840,10176,748032,570816,65344,46016,1631296,0,1344,742848,0,0,0,0,0,0,192,45440,384,271040,46208,0,0,0,207424,128,441,1081,2829255887,296761811,1621120,0
876,1677440,157312,142592,0,3776,10048,678464,531648,153600,134144,1543296,0,1280,673152,0,0,0,17920,0,0,256,45184,320,270272,45248,0,0,0,170240,128,493,1237,2461322176,1150398046,1533248,0
877,1676864,148864,143872,0,3840,9984,744128,529856,96320,77120,1599744,5696,1280,738816,49664,0,11200,0,0,1,320,45248,384,268160,45440,0,25600,384,144192,128,452,1112,1046936028,4079603374,1589760,0
878,1677440,136448,138240,0,6208,10368,732736,542784,110656,90816,1586624,0,1344,727360,0,0,0,0,0,0,192,45760,384,267840,57216,0,0,0,171264,128,508,1266,3536774140,661123108,1576256,0
879,2237248,238656,145344,0,12160,32384,1020032,548544,240128,220480,2016768,92416,1280,1014528,219584,0,25792,81152,2,2,320,45312,320,268480,62336,0,49472,17984,104192,128,534,1317,590259060,3414502566,1984384,0
880,1676800,147712,145472,0,3776,10240,750464,549120,70016,45696,1631104,0,1280,745344,0,0,0,0,0,0,192,45504,384,266816,63680,0,0,0,172352,192,535,1329,2181217576,2047601698,1620864,0
881,2237696,225984,145344,0,3712,9920,920384,496448,435904,416192,1821504,53184,1408,914944,149440,0,22144,80960,1,2,192,45440,384,266240,52224,0,50432,9600,71808,128,539,1293,3532124400,3955388048,1811584,0
882,1676992,146816,143808,0,4928,10624,742720,498752,129344,109888,1567104,0,1280,737408,0,0,0,0,0,0,320,45504,384,268032,53440,0,0,0,130880,192,538,1317,248215345,2755394673,1556480,0
883,2237632,163712,136704,0,4864,10048,865472,505408,551424,531776,1705856,46208,1344,860160,89728,0,11776,0,1,1,192,43968,320,268992,59520,0,24768,128,107392,128,539,1280,901196789,532730035,1695808,0
884,1678656,154368,143488,0,3776,12416,756416,511680,96512,75136,1603520,0,1280,751104,0,0,0,0,0,0,256,43648,384,274432,59072,0,0,0,133760,128,535,1282,122783565,352522655,1591104,0
885,1676928,154304,142976,0,6976,12672,793216,494400,72384,51136,1625792,4416,1408,787840,44928,0,9792,0,0,1,256,43648,320,267392,49920,0,23488,128,109120,128,529,1269,2437174707,1921239861,1613120,0
886,1677312,164224,143104,0,6144,12800,826240,488320,36480,14912,1662400,49344,1280,820992,92608,0,12224,0,1,1,256,43968,384,266688,44608,0,24256,128,107904,128,548,1278,2267454955,2188142575,1649600,0
887,1676992,158720,143040,0,5952,26880,744640,489152,108608,87808,1589184,0,1280,739392,0,0,0,0,0,0,256,43904,320,269440,42176,0,0,0,132928,128,545,1271,1223517902,988320702,1562304,0
888,1677440,149504,138240,0,4288,12864,780032,495552,96960,75904,1601536,0,1344,774656,0,0,0,0,0,0,256,43584,320,269440,50048,0,0,0,131776,128,547,1269,1367293758,1762123040,1588672,0
889,2237568,163776,142976,0,10944,34496,917120,501888,466368,444992,1792576,45632,1344,911744,94592,0,12160,0,1,1,256,43840,320,268224,54016,0,23232,128,111744,128,533,1245,3547579438,2979761036,1758080,0
890,1676992,148480,143040,0,3712,12800,742656,499008,127296,106176,1570816,0,1280,737344,0,0,0,0,0,0,256,43712,320,270400,49920,0,0,0,134272,128,517,1225,2729615546,3962107924,1558016,0
891,1677248,136896,145664,0,3648,16576,738432,489792,146240,124928,1552320,0,1344,733312,0,0,0,0,0,0,256,43584,384,266048,45952,0,0,0,133440,128,516,1229,2479511991,3122012428,1535744,0
892,1677056,146688,145600,0,3712,16896,736000,488768,139392,117440,1559616,0,1280,730688,0,0,0,0,0,0,256,43520,384,268864,40128,0,0,0,135488,128,512,1204,618189078,3601831516,1542720,0
893,2237312,178048,140224,0,3712,17088,955968,487232,455040,433984,1803328,102336,1280,950528,205440,0,23936,0,2,2,256,43584,320,266624,42048,0,47616,192,86464,128,516,1197,2776776035,469554610,1786240,0
894,2237440,147648,146240,0,10432,16512,906048,490432,520128,498880,1738560,0,1280,900864,0,0,0,0,0,0,256,43520,256,268096,42176,0,0,0,136000,128,503,1163,773176685,1601994377,1722048,0
895,2797632,597440,145600,0,3968,31040,1064064,499904,455616,434560,2363072,5376,1280,1058624,62272,439424,10176,0,0,1,256,43776,448,268608,49024,0,24192,320,113152,128,500,1168,3327711943,1676822134,2332032,0
896,1677056,138048,146176,0,6336,16704,711232,491904,166656,140544,1536512,0,1408,705664,0,0,0,0,0,0,320,43712,384,268672,44416,0,0,0,134208,192,489,1141,3689510755,2433807649,1519808,0
897,2237760,176576,145344,0,5184,31040,824512,497984,557120,532672,1705088,49216,1344,819072,95616,0,14592,0,1,1,256,47296,896,270912,44992,0,22784,640,110080,128,491,1132,3182424830,3388462774,1674048,0
898,1676800,150016,138688,0,7168,36608,741184,492096,111040,89856,1586944,0,1344,735872,0,0,0,0,0,0,192,43968,384,270976,44096,0,0,0,132352,128,481,1097,1426504630,4238195538,1550336,0
899,2237184,171008,146048,0,3648,14336,877248,495040,529856,508736,1728448,49216,1280,872064,88960,0,12992,0,1,1,256,43712,384,268736,47872,0,20224,128,113600,128,475,1090,2949095985,1777161851,1714112,0
900,1677440,147584,146048,0,3584,14272,799680,489984,76288,54848,1622592,0,1280,794368,0,0,0,0,0,0,320,44032,384,268352,45568,0,0,0,131200,128,473,1077,3155659691,658491108,1608320,0
901,1676864,157056,145856,0,3712,14400,790656,488256,76928,55936,1620928,0,1280,785344,0,0,0,0,0,0,256,43456,384,268480,42688,0,0,0,132864,128,462,1052,2947432448,2776733238,1606528,0
902,1677248,147904,143104,0,3712,14400,783680,486080,98368,77440,1599808,0,1344,778432,0,0,0,0,0,0,256,43968,320,268736,41600,0,0,0,131072,128,459,1035,1163970584,1142306417,1585408,0
903,1677312,148416,136448,0,3584,14592,796992,479616,97664,76736,1600576,0,1280,791680,0,0,0,0,0,0,256,43776,384,268224,35584,0,0,0,131264,128,472,1052,300551910,3729408030,1585984,0
904,2237568,165248,142912,0,10688,14528,887872,467776,548544,526976,1710592,43264,1280,882688,92864,0,11648,0,1,1,320,43712,384,267392,25152,0,23104,128,107392,192,461,1008,882131758,1867078121,1696064,0
905,1676800,148288,143296,0,3712,14464,730624,484096,152320,131264,1545536,0,1280,725376,0,0,0,0,0,0,192,43712,384,269888,37568,0,0,0,132160,192,457,1006,4138423094,3037146355,1531072,0
906,2237504,198208,143232,0,10240,14784,852864,536192,481984,460480,1777024,5504,1344,847488,71552,0,9344,52928,0,1,256,43392,448,269952,48640,0,21632,14080,137600,192,477,1064,3626374509,1310608483,1762240,0
907,1677568,137600,143296,0,3968,36416,699584,531648,125056,103488,1574080,0,1344,694208,0,0,0,0,0,0,192,43712,320,267520,44800,0,0,0,174976,128,469,1052,2276386019,3148634932,1537664,0
908,1677120,137088,136512,0,3840,14464,717312,526720,141184,119872,1557248,0,1344,711872,0,0,0,0,0,0,256,43328,384,267904,44096,0,0,0,170624,128,465,1040,3332024992,448502402,1542784,0
909,2237184,187904,143360,0,6592,10112,845760,518144,525312,504320,1732864,59904,1280,840448,107712,0,14528,31488,1,1,320,43328,384,267584,38016,0,25088,640,142656,128,470,1039,1690710048,2422998137,1722752,0
910,1675776,157952,143936,0,5504,10048,709888,530560,117888,98304,1577472,0,1344,704576,0,0,0,0,0,0,256,43776,384,268288,48640,0,0,0,169088,128,470,1038,515541774,672426291,1567424,0
911,2237568,201856,144896,0,6848,10240,966208,576576,330944,311296,1926272,71040,1408,960704,153472,0,14720,49664,1,1,320,43392,320,268864,53824,0,26688,320,182720,128,493,1119,516475557,3078324188,1916032,0
912,1676864,166016,144000,0,9856,10240,780160,534656,31936,7360,1669504,9152,1280,774912,98240,0,21312,0,0,2,256,43136,384,268544,52160,0,45760,256,124032,128,482,1074,2999915800,193987703,1659264,0
913,1677312,136960,137408,0,6208,10176,644032,535808,206720,187264,1490048,0,1344,638720,0,0,0,0,0,0,192,43392,384,268544,49792,0,0,0,173376,128,488,1089,2307738449,309951241,1479872,0
914,1677120,159424,144448,0,6912,10304,693248,529536,133248,113920,1563200,4928,1344,687872,48256,0,11136,0,0,1,256,43264,384,270528,44032,0,25280,128,145536,128,474,1062,1031833468,1705527323,1552896,0
915,1677248,148544,145536,0,4416,10368,641088,521408,205888,186368,1490880,0,1280,635712,0,0,0,0,0,0,320,43072,384,267840,37504,0,0,0,172160,128,480,1088,1385278403,1950655120,1480512,0
916,1677056,146304,145664,0,2304,9792,666240,529664,177088,157184,1519872,0,1344,660992,0,0,0,0,0,0,256,43072,320,267840,45952,0,0,0,172096,128,475,1071,1580402206,1033017628,1510080,0
917,1677312,155136,145472,0,2368,46464,786688,494464,46720,26880,1650432,63488,1344,781440,105600,0,11904,0,1,1,256,44032,384,267712,48064,0,23040,128,110720,128,482,1076,2427937008,3299828858,1603968,0
918,1677312,136448,138176,0,2304,10304,645376,489344,255360,235776,1441536,0,1408,640000,0,0,0,0,0,0,192,43200,320,267904,46400,0,0,0,131200,128,484,1081,3557531263,2193295221,1431232,0
919,2237184,238400,144192,0,2368,10048,820928,483904,537344,517824,1719360,12480,1344,815488,159552,0,31680,80064,0,3,256,44224,384,268096,35136,0,79552,14400,41728,128,467,1050,3745082019,2945431050,1709312,0
920,1677120,148992,145472,0,3072,10240,655296,468736,245312,225728,1451392,0,1280,650048,0,0,0,0,0,0,256,43648,448,267776,25024,0,0,0,131456,128,471,1045,1065826826,107308649,1441152,0
921,1676928,148544,144576,0,3712,10368,665920,454464,249344,230016,1446912,0,1344,660544,0,0,0,0,0,0,256,43648,384,267840,12864,0,0,0,129344,128,457,1016,3175018756,3653186178,1436544,0
922,1677120,148800,144000,0,3648,10112,650432,454400,265728,246208,1430912,0,1280,645056,0,0,0,0,0,0,256,43968,320,267584,12992,0,0,0,129152,128,449,1000,2978878557,1517009102,1420800,0
923,1677312,149056,137152,0,3712,9984,665024,467008,245376,225728,1451584,0,1408,659584,0,0,0,0,0,0,192,43648,384,268352,22720,0,0,0,131584,128,448,1001,2174065112,2973030076,1441600,0
924,1677248,148736,142976,0,4800,9984,646848,463808,260096,240384,1436864,0,1280,641728,0,0,0,0,0,0,192,43584,512,268736,21056,0,0,0,129536,192,457,1015,1959622125,2322410070,1426880,0
925,1676928,148672,142976,0,7552,10176,663040,465024,239488,220224,1456704,0,1280,657792,0,0,0,0,0,0,320,43648,448,268736,21376,0,0,0,130368,128,446,993,368130599,347170890,1446528,0
926,1677312,147712,143104,0,4288,10304,670784,452992,248128,228672,1448640,0,1280,665600,0,0,0,0,0,0,256,43584,384,268672,12800,0,0,0,127168,128,452,1000,2056684924,356698788,1438336,0
927,1677056,147712,143616,0,2432,31680,678848,456512,216256,196736,1480320,0,1344,673600,0,0,0,0,0,0,192,43904,384,268224,12608,0,0,0,131072,128,454,1019,2699047196,2215630878,1448640,0
928,1677248,147712,136896,0,2368,9920,772032,465280,143040,118336,1558912,0,1280,766656,0,0,0,0,0,0,192,43456,448,268992,22208,0,0,0,129856,128,444,1009,2417578011,3992002534,1548992,0
929,1677184,148288,143104,0,3648,10240,733888,484608,153408,133824,1543360,0,1344,728512,0,0,0,0,0,0,320,43776,384,267776,40384,0,0,0,131840,128,463,1052,4080952535,2440087111,1533120,0
930,1677120,148608,143168,0,3712,10176,659008,483200,229248,209792,1467328,0,1280,653760,0,0,0,0,0,0,256,43840,320,268352,38720,0,0,0,131584,128,460,1024,4071387024,2824604095,1457152,0
931,1677120,210496,145088,0,3648,9728,652608,480448,175104,155328,1521792,0,1280,647424,0,0,0,48192,0,0,256,43520,320,266880,35392,0,0,0,133952,128,443,996,1178849674,2989889322,1512064,0
932,1677056,136704,145664,0,3712,10112,780672,478976,121216,101568,1575488,0,1280,775488,0,0,0,0,0,0,256,43776,320,268480,36480,0,0,0,129536,128,456,1012,4106805928,3772533444,1565376,0
933,1677056,136320,139264,0,5952,10112,698560,480832,206016,186304,1490752,0,1280,693184,0,0,0,0,0,0,256,43648,320,267264,35328,0,0,0,133888,128,456,1016,1440448564,1312805257,1480640,0
934,1677312,137024,145792,0,6208,10240,629568,478144,270336,250880,1426432,0,1280,624128,0,0,0,0,0,0,256,43904,384,266368,35456,0,0,0,131648,128,450,1008,2472021207,2835489223,1416192,0
935,1677376,137664,145792,0,2304,10048,638656,480768,262144,242304,1435072,0,1280,633152,0,0,0,0,0,0,256,44096,320,266496,36672,0,0,0,132800,128,455,1013,952949822,1284173109,1425024,0
936,1677056,137600,144512,0,2368,10240,626688,475968,279680,260032,1417024,0,1280,621504,0,0,0,0,0,0,192,43904,384,264448,35520,0,0,0,131392,128,450,1009,3184997753,726465262,1406784,0
937,1677056,136320,144768,0,26816,36416,767040,480576,85120,56640,1620416,0,1344,758912,0,0,0,0,0,0,256,43712,384,267328,35200,0,0,0,133568,128,451,1002,2663607338,3316600191,1584000,0
938,1677120,154368,138880,0,3648,10112,722624,482112,165376,145856,1531264,4672,1344,717184,41792,0,9920,0,0,1,256,43584,320,269120,37184,0,19968,128,111424,128,454,1007,265908136,391591227,1521152,0
939,1676864,137984,144896,0,3584,10240,647552,478592,254016,234432,1442432,0,1280,642240,0,0,0,0,0,0,256,43776,384,265664,35776,0,0,0,132608,128,451,1010,1020133401,3206255926,1432192,0
940,1677632,147968,144896,0,4480,10176,624192,477248,268672,248960,1428672,0,1280,618880,0,0,0,0,0,0,256,43520,384,265728,35968,0,0,0,131264,128,454,1007,69109116,1662202363,1418496,0
941,2237120,179584,144448,0,10240,10176,826944,501824,563904,544256,1692864,47424,1280,821824,141120,0,27584,0,1,2,192,43840,384,268288,34752,0,47936,576,105728,128,454,1007,3144759821,1084015539,1682688,0
942,1677056,138048,142784,0,3776,9920,664384,496320,221824,202304,1474752,0,1280,658944,0,0,0,0,0,0,192,43776,320,266944,33408,0,0,0,151552,128,450,999,2808874922,4127005578,1464832,0
943,1677312,182976,136768,0,6080,10368,782848,478592,79680,60160,1617152,4352,1280,777408,47808,0,9984,0,0,2,256,44032,320,269120,12032,0,23616,256,128832,128,445,983,2069159743,618057559,1606784,0
944,1676736,158784,143936,0,5056,10240,723968,485120,149632,124928,1551808,0,1280,718784,0,0,0,0,0,0,320,43392,320,268992,21376,0,0,0,150592,128,446,986,1087108309,1325923377,1541568,0
945,1677184,136704,143872,0,3584,9984,721792,483328,177920,158528,1518656,0,1344,716416,0,0,0,0,0,0,256,43712,384,268352,19328,0,0,0,151168,128,447,985,585136052,1926587879,1508672,0
946,1677440,156608,144000,0,3648,9984,716160,476800,170240,150656,1526784,0,1280,710912,0,0,0,0,0,0,320,43776,320,269568,12416,0,0,0,150272,128,447,984,1852191018,4255649742,1516800,0
947,1677248,159360,146432,0,3648,46592,728640,485568,107008,87296,1589952,0,1280,723456,0,0,0,0,0,0,256,43840,384,268352,21184,0,0,0,151424,128,452,998,1883424763,2977269567,1543360,0
948,2237376,168448,136064,0,11520,10432,892352,467776,550784,531008,1706368,72512,1280,887232,131968,0,14912,0,1,1,192,43648,448,269312,25728,0,24832,2560,100928,128,456,1008,1258790718,2335949989,1695936,0
949,2237120,171712,143936,0,10816,10176,1014208,470016,416256,396672,1840448,167232,1216,1008896,313536,0,37056,0,3,3,320,44480,320,267968,25984,0,72768,2560,55488,128,456,1012,3685638154,211327543,1830272,0
950,1677120,157440,143872,0,4032,9920,645248,473920,242688,223104,1454016,0,1344,639936,0,0,0,0,0,0,256,43776,384,267840,31552,0,0,0,129984,128,454,1011,1792930333,2248455524,1444096,0
951,1677184,187904,144512,0,5248,10240,755712,507584,65984,46464,1630720,39488,1344,750464,87808,0,14080,0,1,1,320,43712,320,269760,27008,0,25536,128,140672,128,463,1026,2901684116,481055628,1620480,0
952,2237504,220992,144256,0,10688,10432,1072512,570496,208128,188800,2048704,146624,1344,1067072,301760,0,38272,0,3,3,384,44096,84096,265920,38464,0,75840,3008,58560,128,458,1015,889421087,1143431460,2038272,0
953,1676928,190656,146432,0,6336,10304,664384,575488,83328,63616,1613312,0,1280,658944,5440,0,0,0,0,2,320,44032,84352,273280,37184,0,0,192,136000,128,467,1033,2291329997,53664933,1603008,0
954,2237504,167744,173824,0,16320,14016,833280,517056,515264,486784,1750720,0,1344,827968,0,0,0,0,0,0,384,44352,84160,269312,38528,0,0,0,80128,192,465,1017,844172600,1515322000,1736704,0
955,1677184,166464,144448,0,19776,10176,746112,520832,69376,49472,1627712,0,1280,740672,0,0,0,0,0,0,384,43968,84224,269952,44288,0,0,0,77888,128,472,1045,782528996,3791765048,1617536,0
956,1677312,157440,143936,0,4096,31424,677632,519616,143168,123456,1553856,0,1344,672256,0,0,0,0,0,0,384,43776,84480,268736,43520,0,0,0,78592,128,468,1033,734193693,1769400221,1522432,0
957,1677504,166848,143808,0,6336,10048,645632,507392,197440,177344,1500160,0,1280,640256,0,0,0,0,0,0,448,43968,83776,267968,38656,0,0,0,72448,128,474,1045,125319213,3362675680,1490112,0
958,1676480,148416,136896,0,7104,10240,609536,428864,335424,316032,1360448,0,1408,604032,0,0,0,0,0,0,256,43648,384,268032,46592,0,0,0,69824,128,464,1014,4238344066,2359071177,1350208,0
959,1677312,167872,144576,0,5248,9856,661888,427328,260544,241344,1435968,49088,1344,656576,93632,0,12992,19200,1,1,192,44160,384,267392,45440,0,23296,128,46208,128,455,1009,1885886225,543908005,1426112,0
960,1676992,147584,144000,0,3840,9664,559424,424704,387776,363008,1313984,0,1280,554048,0,0,0,0,0,0,192,43840,256,267904,42176,0,0,0,70208,128,459,1015,12876728,3933422009,1304320,0
961,1677248,186624,143808,0,3840,9856,685376,425536,222208,202816,1474432,57856,1280,680064,107776,0,13440,18240,1,1,256,43776,384,268544,42944,0,27392,384,41728,128,466,1032,802203008,3251958735,1464576,0
962,1677056,172160,143168,0,3776,9856,816896,434112,97088,77312,1599744,104960,1280,811712,193152,0,24192,0,2,2,320,43584,384,267776,51712,0,48704,768,20736,128,477,1086,2416740228,1486291847,1589888,0
963,1677120,149440,137024,0,3776,9728,612416,433088,331648,312128,1364992,0,1280,607104,0,0,0,0,0,0,192,43776,384,269568,49344,0,0,0,69696,128,459,1052,310616349,391247775,1355264,0
964,1677184,148800,142784,0,10880,9728,791744,434176,139072,119616,1557568,0,1344,786432,0,0,0,0,0,0,256,43648,448,268416,51840,0,0,0,69440,128,474,1073,2471342333,3641398265,1547840,0
965,1676992,148608,142976,0,4032,9728,675968,434432,261248,241728,1435264,0,1280,670720,0,0,0,0,0,0,320,43584,384,268608,52480,0,0,0,68928,128,473,1057,124882752,3883082564,1425536,0
966,1677312,149888,142400,0,3968,9728,696768,423616,250944,231232,1446080,0,1344,691392,0,0,0,0,0,0,192,43648,384,266816,44416,0,0,0,68032,128,464,1017,1609082229,1145249175,1436352,0
967,2237632,179904,142464,0,4352,31168,904896,441408,533440,511936,1725696,7872,1344,899648,98048,0,24128,0,0,2,128,47040,512,268480,32064,0,47552,640,44800,192,454,994,2070034988,818292948,1694528,0
968,1676928,169344,136064,0,7360,9920,767936,400128,186176,166976,1509952,0,1344,762432,5632,0,0,0,0,2,128,128,128,269056,52608,0,0,256,77696,128,458,1016,3750731944,179203068,1500032,0
969,1677248,149184,142976,0,7232,9600,487872,397504,482880,463360,1213888,0,1344,482496,0,0,0,0,0,0,128,128,128,266624,46656,0,0,0,83712,128,462,1028,878605882,2399137055,1204288,0
970,1677184,149120,143552,0,7232,9536,495424,400512,471808,452544,1224640,0,1344,490048,0,0,0,0,0,0,192,64,64,267904,49088,0,0,0,83072,128,467,1041,2518450698,1945151494,1215104,0
971,1677248,188224,145088,0,12800,23552,838144,435648,33792,14080,1663168,188608,1152,832768,310528,0,23872,0,2,2,128,64,64,266624,45376,0,46208,384,76672,128,481,1084,3891876326,321101180,1639616,0
972,1117056,149440,146176,0,4032,23936,560768,163008,69696,50112,1066944,0,1280,555392,0,0,0,0,0,0,0,0,0,0,41856,0,0,0,121024,128,478,1073,706614211,585885798,1043008,0
973,1116672,150400,138048,0,3968,23808,582336,155136,62976,43520,1073152,0,1280,577024,0,0,0,0,0,0,0,0,0,0,35648,0,0,0,119296,192,468,1044,1589733493,1874799511,1049344,0
974,1117120,138176,145024,0,3968,9408,577280,156864,86400,67136,1049984,0,1216,571840,0,0,0,0,0,0,0,0,0,0,35904,0,0,0,120832,128,473,1049,76025392,4087413655,1040576,0
975,1116928,174016,145088,0,4032,9408,594944,165440,24000,4416,1112512,0,1344,589632,0,0,0,0,0,0,0,0,0,0,43776,0,0,0,121536,128,476,1053,271325626,3980360542,1103104,0
976,1116928,149120,145856,0,3904,9216,586496,164288,58048,33216,1083712,0,1280,581248,0,0,0,0,0,0,0,0,0,0,42752,0,0,0,121408,128,467,1042,990581005,513074330,1074496,0
977,1116992,148480,145088,0,3968,23744,574272,121216,100224,80960,1036032,0,1280,569088,0,0,0,0,0,0,0,0,0,0,37504,0,0,0,83584,128,452,1001,218643926,2363091106,1012288,0
978,1116928,160512,138048,0,3968,9216,547520,113088,144576,125056,991872,0,1280,542080,0,0,0,0,0,0,0,0,0,0,31104,0,0,0,81856,128,451,1001,1820328964,3598458720,982656,0
979,1117312,155520,145280,0,4032,9408,652864,102912,47296,27712,1089600,58368,1344,647552,104256,0,12736,0,1,1,0,0,0,0,21504,0,25472,128,55616,192,462,1020,1371636149,2467045984,1080192,0
980,1116800,148800,145088,0,11072,31488,559488,102848,118016,98368,1018432,0,1280,554112,0,0,0,0,0,0,0,0,0,0,21760,0,0,0,80960,128,457,995,757044401,3143867486,986944,0
981,1116800,148608,144960,0,4096,9152,550272,110336,149376,129856,986944,0,1344,544768,0,0,0,0,0,0,0,0,0,0,28672,0,0,0,81536,128,463,1007,588373081,2822791805,977792,0
982,1117056,157760,141952,0,10560,9536,598528,108992,89728,69952,1047104,54528,1408,593088,101504,0,14848,0,1,1,0,0,0,0,27392,0,24768,128,56576,128,463,1014,1689437984,738346786,1037568,0
983,1116736,148032,135424,0,5376,9344,427264,103360,287936,268672,848064,0,1344,421952,0,0,0,0,0,0,0,0,0,0,22080,0,0,0,81152,128,458,1012,321267638,1793447385,838720,0
984,1117184,149248,142336,0,6528,9536,447360,102464,259712,240384,876800,0,1280,441920,0,0,0,0,0,0,0,0,0,0,21056,0,0,0,81280,128,448,991,680314780,3307210350,867264,0
985,1117056,138112,143168,0,7168,9600,393280,80768,344960,325440,791616,0,1280,388032,0,0,0,0,0,0,0,0,0,0,18880,0,0,0,61696,192,443,976,3506656547,2966512722,782016,0
986,1117120,148224,142336,0,5312,9536,387392,83520,340800,321344,795776,0,1280,382080,0,0,0,0,0,0,0,0,0,0,19456,0,0,0,63936,128,443,986,1988935755,481943297,786240,0
987,1677184,179520,142016,0,32320,23616,765760,100352,433600,413888,1263296,137344,1408,760512,185024,0,12160,0,1,1,0,0,0,0,35648,0,25728,128,38720,128,461,1005,3820065838,549519964,1239680,0
988,1117056,196736,134208,0,7552,23744,579008,101120,74688,55104,1061952,51392,1344,573696,97472,0,14272,30400,1,1,0,0,0,0,36928,0,22272,128,41664,128,463,1014,2954330105,3075145481,1038208,0
989,1116928,137408,143040,0,5696,24128,459072,96256,251328,231680,885248,0,1344,453568,0,0,0,0,0,0,0,0,0,0,33088,0,0,0,63040,128,455,992,2262651472,2091355231,861120,0
990,1116800,136448,143936,0,4288,9344,449344,92800,280640,261440,855360,0,1344,443904,0,0,0,0,0,0,0,0,0,0,30272,0,0,0,62400,128,459,1004,927917013,734721694,846016,0
991,1116864,193792,143872,0,4224,9408,454272,94912,216384,196864,920000,0,1280,448896,0,0,0,29376,0,0,0,0,0,0,30784,0,0,0,63936,192,454,990,3682637889,2913715720,910592,0
992,1116864,148992,143552,0,4352,9472,643968,112320,54208,29632,1087232,8768,1280,638656,97408,0,21760,0,0,2,0,0,0,0,29632,0,49600,576,32320,192,449,991,3784098482,1006996092,1077760,0
993,1116992,146496,136064,0,4352,9152,469184,103808,247936,228416,888576,0,1280,463616,0,0,0,0,0,0,0,0,0,0,22336,0,0,0,81344,128,447,977,1984673716,2105700146,879424,0
994,1116992,160128,143744,0,4352,9472,580928,113920,104448,84928,1032064,0,1216,575552,2816,0,0,0,0,1,0,0,0,0,30784,0,0,128,82880,128,451,999,4053660440,298968138,1022592,0
995,1117120,136192,143680,0,6592,31168,577600,111424,110464,90880,1026240,0,1216,572352,0,0,0,0,0,0,0,0,0,0,29952,0,0,0,81344,128,445,990,1167116929,1690320708,995072,0
996,1116864,147136,143680,0,6656,9600,577216,100800,131776,112256,1004608,0,1280,571968,0,0,0,0,0,0,0,0,0,0,19392,0,0,0,81280,128,447,987,432491903,1078992355,995008,0
997,1116864,146944,143680,0,7616,9408,582016,102528,124672,105152,1011712,0,1344,576704,0,0,0,0,0,0,0,0,0,0,20352,0,0,0,82048,128,453,998,1809288994,4053889928,1002304,0
998,1676928,153664,136192,0,7104,9408,744000,100864,525696,506624,1170304,124160,1280,738752,167808,0,11968,0,1,1,0,0,0,0,18944,0,23872,128,57792,128,455,997,3586716401,1572964702,1160896,0
999,1677504,177024,144000,0,5824,9792,687104,93120,560640,540992,1136512,61568,1344,681728,108608,0,14400,0,1,1,0,0,0,0,12480,0,24320,384,55808,128,449,984,167720420,2554560754,1126720,0
1000,1116864,157632,143040,0,3968,9344,576704,102848,123328,103872,1012992,0,1280,571520,0,0,0,0,0,0,0,0,0,0,20800,0,0,0,81920,128,452,992,1059129285,3523536836,1003648,0
1001,1116992,154048,143872,0,4032,9344,645824,101696,58176,38912,1078080,4480,1344,640512,47232,0,10304,0,0,1,0,0,0,0,19776,0,25600,128,56064,128,462,1007,2841036053,3400045893,1068736,0
1002,1117248,146944,143872,0,4032,9152,554624,91776,166848,147136,970112,0,1344,549312,0,0,0,0,0,0,0,0,0,0,11264,0,0,0,80384,128,469,1019,928283829,1526980521,960960,0
1003,1676992,811136,134976,0,4160,9280,553664,83200,80576,60928,1616064,49152,1280,548480,96128,645056,13952,0,1,1,0,0,0,0,20608,0,26176,128,36160,128,455,987,1512588153,3311157952,1606784,0
1004,1677248,811072,143296,0,6528,9344,430976,81728,194304,174592,1502656,0,1280,425728,0,667328,0,0,0,0,0,0,0,0,18496,0,0,0,63104,128,456,994,1315945397,4255080899,1493312,0
1005,1116800,137984,142016,0,7232,9472,438784,82496,298816,279232,837568,0,1344,433408,0,0,0,0,0,0,0,0,0,0,20928,0,0,0,61440,128,452,971,82822133,3468925386,828096,0
1006,1117184,139008,142912,0,5312,9472,426816,82752,310912,291264,825920,0,1280,421504,0,0,0,0,0,0,0,0,0,0,19072,0,0,0,63488,192,453,980,250991100,2057930364,816448,0
1007,1116736,127040,146496,0,5824,23552,428544,82880,302400,283264,833472,0,1600,421120,0,0,0,0,0,0,0,0,0,0,19264,0,0,0,63488,128,450,970,1682692454,1100434768,809920,0
1008,1117184,158400,134272,0,4736,31232,581760,72128,134656,109824,1007360,49408,1280,576448,138944,0,23552,0,1,2,0,0,0,0,10560,0,49728,640,11008,192,446,964,2934239169,2531979670,976128,0
1009,1116736,137984,142528,0,3840,9152,432256,82304,308672,288896,827840,0,1344,427008,0,0,0,0,0,0,0,0,0,0,20224,0,0,0,61952,128,459,982,2147247935,1889803727,818688,0
1010,1116992,126784,142528,0,3904,9280,425472,81344,327680,308096,808896,0,1216,420096,0,0,0,0,0,0,0,0,0,0,19392,0,0,0,61824,128,448,957,572106090,1357521833,799616,0
1011,1116736,146112,145216,0,3840,9216,511104,83136,218112,198592,918144,0,1280,505728,0,0,0,0,0,0,0,0,0,0,20480,0,0,0,62528,128,445,942,3906723755,2223449974,908928,0
1012,1677568,257856,143808,0,10944,9856,837184,180288,237632,212928,1464640,5760,1344,831616,63808,0,15744,85504,0,1,60800,128,192,640,37376,0,25088,384,55552,128,431,951,1755037670,1018061954,1454784,0
1013,1676800,139072,155776,0,8960,13440,684608,156864,518080,485696,1191104,0,1920,678400,5568,0,0,0,0,2,32704,128,192,448,42368,0,0,256,80640,128,438,968,2655258625,2513640174,1177664,0
1014,1116992,136576,144896,0,14016,10048,482816,148928,179712,155136,961856,0,1280,477504,0,0,0,0,0,0,32320,128,192,576,32000,0,0,0,83584,128,432,950,3979698829,3291544958,951808,0
1015,1117120,138432,143616,0,6912,9728,525248,156800,136384,111424,1005696,0,1280,519872,0,0,0,0,0,0,32576,128,192,512,39168,0,0,0,84096,128,433,962,1899308558,2165408740,995968,0
1016,1116736,145088,144960,0,7296,9664,526208,118400,165120,140352,976384,6272,1344,520832,47872,0,10176,0,0,1,0,0,0,0,38080,0,24640,128,55424,128,436,963,1460828920,324494986,966720,0
1017,1117696,144064,143680,0,6080,9472,555648,120192,138560,118592,999104,5248,1344,550208,46144,0,10048,0,0,1,0,0,0,0,38784,0,23552,128,57600,128,431,948,399821068,3875089383,989632,0
1018,1676608,255232,137728,0,5120,9344,649344,121600,498240,478912,1197696,4480,1280,644160,47360,0,10176,86656,0,1,0,0,0,0,37632,0,25856,128,57856,128,443,970,2161605582,2613793562,1188352,0
1019,1117312,137408,144640,0,3712,9408,595648,119296,107200,87552,1029760,0,1344,590272,0,0,0,0,0,0,0,0,0,0,38016,0,0,0,81152,128,447,978,1409384843,2607809275,1020352,0
1020,1116928,136768,145216,0,3648,9280,587392,120576,114048,94400,1022528,0,1280,582016,0,0,0,0,0,0,0,0,0,0,39104,0,0,0,81344,128,445,980,209092140,1507215778,1013248,0
1021,1116928,137216,144576,0,3712,9216,567424,113280,141504,121920,995008,0,1344,562112,0,0,0,0,0,0,0,0,0,0,32448,0,0,0,80704,128,437,970,3322205958,3914587174,985792,0
1022,1677120,184576,142528,0,3712,31616,627840,120256,566592,547072,1130048,5376,1344,622528,48832,0,12736,29312,0,1,0,0,0,0,37312,0,22016,704,60096,128,430,962,1443650237,4093628658,1098432,0
1023,1116992,137024,135232,0,3712,9280,560192,114432,157120,137472,979520,0,1280,554752,0,0,0,0,0,0,0,0,0,0,33344,0,0,0,80960,128,432,963,1927919506,2892827480,970240,0
1024,1116672,136704,142208,0,3712,9216,562560,114368,147904,122944,993728,0,1408,557312,0,0,0,0,0,0,0,0,0,0,32256,0,0,0,81984,128,430,957,1155664677,4197992067,984512,0
1025,1117056,170752,142272,0,3712,9344,570816,108224,111936,89728,1027328,0,1280,565568,0,0,0,29440,0,0,0,0,0,0,26432,0,0,0,81664,128,431,956,12088168,1605305226,1017984,0
1026,1677184,168960,142016,0,3776,9152,725504,112384,515392,493888,1183296,68416,1280,720192,159360,0,26048,0,1,2,0,0,0,0,30272,0,50176,576,31232,128,432,952,2806691085,1066059284,1174144,0
1027,1117056,155072,142144,0,11648,9536,574336,157312,67008,47680,1069376,6208,1344,568832,50496,0,13568,0,0,1,0,0,0,0,33280,0,22400,128,101312,192,450,997,1411355281,2510944577,1059840,0
1028,1117056,147072,134912,0,6464,9280,470912,159936,188480,169024,948032,0,1280,465600,0,0,0,0,0,0,0,0,0,0,38208,0,0,0,121600,128,445,998,899718063,3946562683,938752,0
1029,1116736,147392,142272,0,6336,9664,416704,137472,256896,237376,879360,0,1280,411456,0,0,0,0,0,0,0,0,0,0,35456,0,0,0,101888,128,459,1015,1059718094,1163839122,869696,0
1030,1116992,135360,143296,0,5248,9280,414144,137920,271744,252416,864576,0,1344,408768,0,0,0,0,0,0,0,0,0,0,35456,0,0,0,102336,128,462,1022,350676921,161744799,855296,0
1031,1117120,177152,143424,0,6272,9408,597824,142272,40768,21568,1095552,0,1344,592320,0,0,0,0,0,0,0,0,0,0,39680,0,0,0,102464,128,461,1033,1566265911,115173261,1086144,0
1032,1677440,210432,143552,0,7296,9856,737216,150464,418624,398976,1278464,4544,1344,731904,47872,0,11008,19328,0,1,0,0,0,0,47168,0,23616,64,79488,128,460,1039,637664648,1832266221,1268608,0
1033,1677120,201216,136640,0,11840,23872,869888,155968,277696,258048,1419072,60352,1344,864576,103680,0,11840,17984,1,1,0,0,0,0,44288,0,24640,128,86784,128,454,1010,3583882540,1837359167,1395200,0
1034,1116992,172864,144128,0,3968,24128,423360,156608,191936,172480,944512,0,1344,417920,0,0,0,0,0,0,0,0,0,0,46336,0,0,0,110144,128,454,1014,3826891488,3855416147,920384,0
1035,1117248,174080,142784,0,6400,45952,569856,156864,21312,1600,1115648,53568,1280,564480,99200,0,12992,0,1,1,0,0,0,0,45312,0,25856,384,85184,128,455,1018,1337268876,3459086436,1069696,0
1036,1116736,181504,142720,0,6208,9600,581184,157120,38400,18880,1097856,4416,1280,575872,44480,0,9856,0,0,1,0,0,0,0,45952,0,23488,128,87424,128,443,994,1320242103,4257672710,1088256,0
1037,1116736,190208,142848,0,6912,23680,567808,157440,27840,8320,1108416,0,1280,562560,0,0,0,0,0,0,0,0,0,0,46528,0,0,0,110784,128,436,985,2806697698,161611652,1084736,0
1038,1117056,168512,136192,0,6144,9664,542080,154944,99520,80000,1037056,0,1280,536768,0,0,0,0,0,0,0,0,0,0,45056,0,0,0,109760,128,445,992,3573982225,349633766,1027392,0
1039,1677120,188992,143104,0,3840,23488,730880,217792,369024,349568,1327552,51456,1280,725632,94272,0,11520,0,1,1,0,0,0,0,58752,0,24320,128,134464,128,439,990,3458210211,4008184370,1304064,0
1040,1116928,173632,143936,0,3840,9088,500096,213760,72576,47808,1069120,0,1408,494592,0,0,0,0,0,0,0,0,0,0,58176,0,0,0,155456,128,439,987,3813342392,3231971726,1060032,0
1041,1117120,153088,143488,0,3712,23872,483072,204672,105216,85824,1031296,0,1344,477696,0,0,0,0,0,0,0,0,0,0,49152,0,0,0,155392,128,439,985,629936052,1929187480,1007424,0
1042,1117056,179200,142464,0,3712,9472,567808,146752,67648,48192,1068864,0,1344,562432,0,0,0,0,0,0,0,0,0,0,36288,0,0,0,110336,128,447,995,1212206917,1655244343,1059392,0
1043,1116992,181760,134400,0,6208,9472,569792,157952,57408,38208,1078784,0,1344,564544,0,0,0,0,0,0,0,0,0,0,46592,0,0,0,111168,192,453,996,191881395,2013448199,1069312,0
1044,1117248,174528,143232,0,6144,9472,458432,157248,168192,148608,968640,0,1344,452992,0,0,0,0,0,0,0,0,0,0,45184,0,0,0,111936,128,451,990,2706603923,198734080,959168,0
1045,1116800,178240,142720,0,3584,9536,421824,150464,210432,190720,926080,0,1344,416384,0,0,0,0,0,0,0,0,0,0,37568,0,0,0,112768,128,445,977,3216413087,3882249726,916544,0
1046,1677056,189504,142720,0,4928,9408,627200,157760,545536,526144,1150912,0,1344,621824,0,0,0,0,0,0,0,0,0,0,45696,0,0,0,111936,128,447,990,2321661842,3089950773,1141504,0
1047,1677184,205632,142848,0,16896,23744,997504,165440,125120,105472,1571712,120832,1344,992128,205504,0,22016,0,1,2,0,0,0,0,50688,0,48320,256,66048,128,441,983,285438241,2109574428,1547968,0
1048,1116928,176832,135680,0,3776,24192,458752,158400,159296,139840,977088,0,1408,453312,0,0,0,0,0,0,0,0,0,0,47168,0,0,0,111104,128,445,979,3073802680,343486829,952896,0
1049,1116928,164800,142720,0,3840,45696,481792,152704,125376,105792,1011136,0,1280,476416,0,0,0,0,0,0,0,0,0,0,41600,0,0,0,110976,128,452,987,3787346380,2847850503,965440,0
1050,1116672,166208,142848,0,6208,9920,492032,150720,148736,129472,987200,0,1408,486720,0,0,0,0,0,0,0,0,0,0,40640,0,0,0,109952,128,446,971,3192268575,2627785865,977280,0
1051,1677312,623936,144384,0,12608,9344,638848,170304,77888,58240,1619072,44032,1280,633536,115968,439232,12416,0,1,1,0,0,0,0,57792,0,23680,128,88576,128,451,987,2796557579,2338835569,1609728,0
1052,1677248,193344,144384,0,3712,9280,634624,167744,524160,504640,1172608,4672,1280,629312,46464,0,11072,17984,0,1,0,0,0,0,56384,0,23296,64,87808,192,453,994,3727568215,3315949705,1163328,0
1053,1116736,214592,138432,0,6080,9280,561536,161984,24832,5312,1111424,5248,1344,556224,52672,0,11328,18176,0,1,0,0,0,0,49600,0,27200,512,84544,128,459,1011,179194905,3103495937,1102144,0
1054,1677184,256640,144896,0,5120,9216,630848,160192,470272,450816,1226368,68544,1408,625472,127168,0,12160,78784,1,1,0,0,0,0,47488,0,23296,14016,75264,128,458,990,2506053004,708909334,1217152,0
1055,1117120,135488,145216,0,3712,9280,431424,156672,235328,216000,901120,0,1280,426112,0,0,0,0,0,0,0,0,0,0,44736,0,0,0,111808,128,454,981,2125362069,1668471585,891840,0
1056,1116992,136128,143872,0,15680,9536,669888,114112,27776,2816,1114176,0,1344,664448,0,0,0,0,0,0,0,0,0,0,52736,0,0,0,61248,128,427,932,1219698332,1002634386,1104640,0
1057,1677184,199104,144000,0,19904,23488,916928,121024,252736,233088,1444096,162496,1216,911616,215616,0,14592,31552,1,1,0,0,0,0,57024,0,24640,448,38784,128,450,974,1616369922,3765772109,1420608,0
1058,1116608,157056,137088,0,19328,23808,587136,125952,66240,46720,1069888,0,1216,582080,0,0,0,0,0,0,0,0,0,0,60928,0,0,0,64832,192,441,956,1846179069,305730965,1046080,0
1059,1117248,155136,143744,0,4224,23936,581440,118144,90624,71296,1045952,0,1344,576064,0,0,0,0,0,0,0,0,0,0,54720,0,0,0,63296,128,444,979,2162429464,2156470885,1022016,0
1060,1117184,140608,144640,0,4224,23424,611968,120384,71936,51968,1065216,0,1280,606720,0,0,0,0,0,0,0,0,0,0,56704,0,0,0,63552,128,438,946,3966437074,540509502,1041792,0
1061,1116864,161728,144448,0,4224,9216,578560,108992,109696,89984,1026880,0,1280,573312,0,0,0,0,0,0,0,0,0,0,46400,0,0,0,62464,128,432,935,178055152,213901611,1017664,0
1062,1676928,180480,141888,0,17216,48192,859904,115264,313984,286400,1390528,239488,3392,847296,285696,0,14720,0,1,1,0,0,0,0,48768,0,20992,704,44672,128,437,945,1525889084,2826622711,1342336,0
1063,1116992,140736,135360,0,4608,9536,500032,114752,211968,192640,924352,0,1280,494656,0,0,0,0,0,0,0,0,0,0,50368,0,0,0,64256,128,451,985,4106916870,2851383117,914816,0
1064,1117056,141760,142592,0,4672,24320,455936,112640,235136,215808,901248,0,1344,450560,0,0,0,0,0,0,0,0,0,0,47424,0,0,0,65088,128,433,944,4143079831,3576380721,876928,0
1065,1116992,141056,143104,0,4608,24256,456512,118976,228480,208960,908032,0,1344,451200,0,0,0,0,0,0,0,0,0,0,52160,0,0,0,66688,128,433,950,1686011995,666136902,883776,0
1066,1117120,172288,144640,0,4608,9344,444800,111616,229824,210496,906624,0,1280,439616,0,0,0,0,0,0,0,0,0,0,44608,0,0,0,66880,128,438,944,2916932535,2150033662,897280,0
1067,1116864,134528,143488,0,6656,24128,425920,108416,273728,254528,862336,0,1216,420672,0,0,0,0,0,0,0,0,0,0,42496,0,0,0,65792,128,439,956,896811928,2105936164,838208,0
1068,1117056,134144,134464,0,6976,9792,429056,106816,295808,276416,840640,0,1280,423680,0,0,0,0,0,0,0,0,0,0,42496,0,0,0,64192,128,439,961,1111023411,2528417282,830848,0
1069,1116928,134592,142848,0,5952,9152,457856,112768,253760,234368,882560,0,1408,452480,0,0,0,0,0,0,0,0,0,0,46976,0,0,0,65664,128,436,958,2855997109,2630267700,873408,0
1070,1117120,133888,144192,0,4480,9472,484736,105984,234368,215104,902016,0,1344,479424,0,0,0,0,0,0,0,0,0,0,41600,0,0,0,64256,128,429,946,238766645,1035457709,892544,0
1071,1116864,134528,144192,0,4480,9280,450880,101184,272320,252992,863872,0,1344,445440,0,0,0,0,0,0,0,0,0,0,36480,0,0,0,64576,128,432,928,756746745,2756576251,854592,0
1072,1116800,142848,144064,0,4480,9344,473920,98624,243520,218752,898048,0,1344,468544,0,0,0,0,0,0,0,0,0,0,34816,0,0,0,63680,128,451,967,543284128,1332305751,888704,0
1073,1116672,132544,136576,0,4544,9280,465536,92480,275712,256256,860416,0,1344,460224,0,0,0,0,0,0,0,0,0,0,27968,0,0,0,64384,128,334,738,1480035880,873107454,851136,0
1074,1117184,96320,144320,0,4416,9280,444480,97088,321280,301888,815296,0,1344,439104,0,0,0,0,0,0,128,128,128,448,30080,0,0,0,66048,128,324,700,961504894,951596119,806016,0
1075,1117056,96192,142848,0,11648,9408,501440,107392,248128,228352,888704,0,1280,496064,0,0,0,0,0,0,128,128,128,448,38336,0,0,0,68096,128,321,699,195002401,1044438692,879296,0
1076,1116800,96192,143552,0,4544,9280,452288,106624,304320,284800,832000,0,1280,446912,0,0,0,0,0,0,128,128,192,512,38720,0,0,0,66816,128,319,700,2199347350,4217183138,822720,0
1077,1117440,95168,143680,0,4608,30912,476992,108672,257408,237184,880256,0,1408,471680,0,0,0,0,0,0,128,128,128,512,41280,0,0,0,66368,128,323,707,1524738127,3954773393,849344,0
1078,1116416,96448,136512,0,6912,9536,490496,102720,273792,254656,861760,0,1280,485056,0,0,0,0,0,0,128,128,128,512,36416,0,0,0,65280,128,333,732,3496414936,2054487737,852224,0
1079,1117056,95744,143104,0,6848,9600,485248,105280,271232,251712,865344,0,1216,479936,0,0,0,0,0,0,128,64,128,576,37888,0,0,0,66368,128,336,754,1180183599,1374162567,855744,0
1080,1118592,95424,143488,0,7040,18560,485888,113088,255104,233984,884608,0,1344,480704,0,0,0,0,0,0,128,128,128,512,41280,0,0,0,70784,128,335,755,3046587978,3651379323,866048,0
1081,1116992,113728,143104,0,6784,18240,538496,123008,173632,152704,964288,4352,1280,532608,58304,0,9664,0,0,1,192,64,128,576,50368,0,24640,128,46784,128,337,761,1103322851,3043764681,946048,0
1082,1117056,95680,142720,0,5824,18304,505216,123968,225344,203904,913152,0,1344,499776,0,0,0,0,0,0,128,128,128,512,49152,0,0,0,73792,128,332,761,1671883589,1919274689,894848,0
1083,1116928,105728,135424,0,6592,18688,476288,118016,256192,235136,881792,0,1280,470976,0,0,0,0,0,0,64,64,64,512,45568,0,0,0,71616,128,336,771,2987079485,750905296,863104,0
1084,1116992,106880,142656,0,7104,18432,478848,117184,245888,224640,892352,0,1408,473536,0,0,0,0,0,0,128,128,128,448,43968,0,0,0,72256,128,347,799,4150908679,2030232220,873920,0
1085,1116992,137088,141952,0,8320,18560,541184,120832,149056,127616,989376,4672,1216,535936,47488,0,11072,20864,0,1,128,128,128,512,47552,0,23424,128,48704,128,352,803,650253851,1567675896,970816,0
1086,1116928,106304,142848,0,5440,18496,484352,119744,239744,218752,898176,0,1280,479040,0,0,0,0,0,0,128,64,192,576,47488,0,0,0,71168,128,358,834,2083712084,1331905606,879680,0
1087,1117056,128064,143360,0,6208,18560,491392,128256,201216,180032,937024,0,1280,486144,0,0,0,18112,0,0,128,128,128,512,54208,0,0,0,73024,128,364,858,2180511049,753741307,918464,0
1088,1116800,108672,135040,0,6720,18368,548032,138752,161216,134784,982016,4608,1280,542720,49344,0,11328,0,0,1,192,128,128,448,59776,0,26048,384,51520,128,377,894,135134963,1165380172,963648,0
1089,1116736,105664,142976,0,7616,18240,437696,123328,281216,260224,856512,0,1280,432512,0,0,0,0,0,0,128,128,192,448,50944,0,0,0,71360,128,384,899,683935982,4054450772,838272,0
1090,1117056,107456,141632,0,6080,18432,464192,123840,255424,234304,882752,0,1344,458816,0,0,0,0,0,0,128,64,128,576,49856,0,0,0,72960,128,388,902,351914529,1028509822,864320,0
1091,1117184,112576,144640,0,6272,18432,480704,126400,228160,206592,910592,5440,1280,475584,44928,0,9536,0,0,1,128,128,128,512,52608,0,22656,64,50048,128,385,904,474381370,2687232487,892160,0
1092,1116864,106752,144064,0,5184,40128,427840,137728,255168,233728,883136,0,1280,422528,0,0,0,0,0,0,128,128,128,448,63680,0,0,0,73088,128,384,890,2768793377,1832864540,843008,0
1093,1677248,128768,137280,0,12480,33280,833920,143680,387840,366400,1310848,78080,1344,828288,124416,0,12992,18880,1,1,128,128,128,448,69952,0,25600,128,47040,128,387,910,432065382,870458408,1277568,0
1094,1116672,106368,143936,0,3968,32704,419328,150528,259840,238976,877696,0,1408,414080,0,0,0,0,0,0,128,128,192,512,75520,0,0,0,73920,128,391,920,2724292564,4049005932,844992,0
1095,1117056,107840,145216,0,3904,32960,391680,145472,289984,268672,848384,0,1408,386368,0,0,0,0,0,0,128,64,128,512,71552,0,0,0,72960,128,388,910,2200170865,1209913714,815424,0
1096,1116800,109120,145408,0,3904,18240,381056,143680,315392,294592,822208,0,1344,375744,0,0,0,0,0,0,192,128,128,512,70080,0,0,0,72512,128,388,920,1033447324,3015588500,803968,0
1097,1117120,106560,144768,0,3840,32832,449216,152128,227776,206592,910528,0,1216,443968,0,0,0,0,0,0,128,64,64,512,76352,0,0,0,74880,128,395,926,1654685735,657857843,877696,0
1098,1116864,113152,138112,0,12032,18432,508032,157952,169152,147904,968960,4416,1280,502464,53952,0,9728,0,0,1,192,64,128,576,83840,0,23872,320,48832,128,408,967,493029715,1354878105,950528,0
1099,1117440,96000,144064,0,3904,17920,399872,152256,303424,282048,835392,0,1280,394496,0,0,0,0,0,0,128,64,192,448,78272,0,0,0,73024,128,403,964,843615366,2008388994,817472,0
1100,1116928,95680,144128,0,3840,18240,440832,151552,262656,241536,875392,0,1344,435520,0,0,0,0,0,0,192,128,128,448,78464,0,0,0,72064,128,395,956,3993879384,2319219197,857152,0
1101,1116800,114752,144960,0,3840,18560,478208,148928,207552,186432,930368,4480,1216,472896,45376,0,9984,0,0,1,128,128,128,512,74624,0,23872,128,49280,128,397,950,504853861,4293391453,911808,0
1102,1117120,96256,142464,0,3968,18624,384192,135680,335936,315008,802112,0,1344,378944,0,0,0,0,0,0,128,128,128,576,62976,0,0,0,71616,128,396,940,1568287335,511270329,783488,0
1103,1116736,163136,184576,0,9088,18880,492352,135680,113024,91264,1025472,4864,3072,482240,48768,0,12288,0,0,1,0,0,0,0,64384,0,22848,640,47680,128,402,951,1086730809,765164939,1006592,0
1104,1117056,149696,143104,0,16256,18752,339968,142016,307264,280832,836224,0,1344,334656,0,0,0,0,0,0,0,0,0,0,70720,0,0,0,71168,128,399,944,1988781968,806911006,817472,0
1105,1116928,156736,141824,0,6336,18496,502976,140608,149952,128832,988096,52032,1280,497792,137472,0,22656,0,1,2,0,0,0,0,68992,0,49152,256,22080,128,400,941,3507753128,1348331279,969600,0
1106,1116800,138624,142464,0,6336,18624,324992,137664,348096,326912,789888,0,1280,319744,0,0,0,0,0,0,0,0,0,0,68224,0,0,0,69312,128,397,931,3015610846,317803630,771264,0
1107,1117376,138496,143296,0,5312,40320,350464,130560,308928,287744,829632,0,1280,345216,0,0,0,0,0,0,0,0,0,0,60416,0,0,0,69952,192,398,922,169024862,2655029840,789312,0
1108,1116800,138816,135936,0,3968,18496,352640,127616,339328,318208,798592,0,1280,347328,0,0,0,0,0,0,0,0,0,0,58432,0,0,0,69056,128,389,897,2214871954,3953978294,780096,0
1109,1116928,232448,143360,0,3904,18688,427968,135296,155264,133824,983104,4864,1344,422720,73792,0,10176,80576,0,1,0,0,0,0,64704,0,23488,128,46848,128,391,905,3136552937,731734858,964416,0
1110,1116736,143872,152064,0,10240,18240,389504,143488,259328,238016,878720,0,1344,384064,0,0,0,0,0,0,0,0,0,0,72000,0,0,0,71360,128,380,875,2480282913,157301351,860480,0
1111,1117056,184768,143680,0,4928,18240,405312,136192,223936,202560,914496,4608,1408,399936,49152,0,11264,17792,0,1,0,0,0,0,65856,0,26048,512,43648,128,383,888,1863458310,3119891637,896256,0
1112,1116864,152576,143552,0,6272,18240,379456,132480,284288,263168,853696,0,1280,374272,0,0,0,0,0,0,0,0,0,0,61568,0,0,0,70784,128,390,907,345873708,1345310839,835456,0
1113,1116928,141632,136576,0,6272,18368,368256,118016,327808,306560,810368,0,1280,363008,0,0,0,0,0,0,0,0,0,0,48384,0,0,0,69504,128,388,889,2611493889,3240494726,792000,0
1114,1117056,152384,143488,0,5312,18432,344512,114560,338368,316992,800064,0,1280,339200,0,0,0,0,0,0,0,0,0,0,43328,0,0,0,71104,128,390,893,1857142869,3492142290,781632,0
1115,1116928,151424,144960,0,3904,18176,372032,121472,304960,283456,833472,0,1280,366784,0,0,0,0,0,0,0,0,0,0,48960,0,0,0,72384,128,395,887,4059857878,1621678829,815296,0
1116,1116864,140672,144000,0,3968,17792,380416,127936,302080,280704,836160,0,1408,375104,0,0,0,0,0,0,0,0,0,0,56832,0,0,0,71040,64,388,883,1834281124,1642388554,818368,0
1117,1677056,180608,143616,0,19968,32832,628736,136000,535296,514112,1162944,11648,1280,623296,90560,0,18752,0,0,1,0,0,0,0,64768,0,39360,192,31552,128,394,904,448626996,3494104478,1130112,0
1118,1117120,164928,136960,0,6592,33280,390208,131072,254080,232960,884160,0,1344,384896,0,0,0,0,0,0,0,0,0,0,58816,0,0,0,72128,128,395,899,3413408340,2140267616,850880,0
1119,1116864,142784,143808,0,5696,33088,349568,127488,314432,293312,823552,0,1344,344128,0,0,0,0,0,0,0,0,0,0,56256,0,0,0,71104,128,392,883,3240327054,1723984016,790464,0
1120,1116928,154176,143872,0,6528,18432,356608,125696,311616,285184,831744,0,1280,351232,0,0,0,0,0,0,0,0,0,0,53440,0,0,0,72128,128,396,906,3567558863,1567562034,813312,0
1121,1116864,171904,143872,0,5504,18240,385984,130624,260736,239680,877184,0,1280,380864,0,0,0,0,0,0,0,0,0,0,58176,0,0,0,72256,192,396,912,1658304080,2943981251,858944,0
1122,1117376,141632,142720,0,4224,40768,494464,136576,156992,135296,982080,0,1344,489088,0,0,0,0,0,0,0,0,0,0,64256,0,0,0,72192,128,384,887,3453681620,2652256723,941312,0
1123,1116736,160320,134528,0,4224,18048,426688,134336,238592,217088,899648,0,1280,421312,0,0,0,0,0,0,0,0,0,0,61056,0,0,0,73152,128,386,903,1503414968,3998786433,881600,0
1124,1116736,153408,141760,0,6464,18304,431104,123584,242112,221120,895616,0,1344,425856,0,0,0,0,0,0,0,0,0,0,50240,0,0,0,73280,64,376,862,2145260921,2949705480,877312,0
1125,1117184,141504,142336,0,6720,18240,442624,124608,241152,219776,897408,0,1344,437440,0,0,0,0,0,0,0,0,0,0,50752,0,0,0,73728,128,380,866,244602548,479089247,879168,0
1126,1116928,152576,142016,0,5248,17920,440448,108800,249920,228544,888384,0,1344,435136,0,0,0,0,0,0,0,0,0,0,35648,0,0,0,73024,128,376,874,1339998524,124272468,870464,0
1127,1116800,153856,142464,0,6400,33088,455040,118208,207744,186816,929984,0,1280,449536,0,0,0,0,0,0,0,0,0,0,43456,0,0,0,74624,128,375,866,658173974,2792708554,896896,0
1128,1116736,141824,134848,0,7296,18432,427328,119872,267136,245760,870976,0,1280,421888,0,0,0,0,0,0,0,0,0,0,46784,0,0,0,72960,128,383,882,2307330407,100650475,852544,0
1129,1117056,153024,142656,0,6656,18368,391744,114752,289856,268608,848448,0,1344,386432,0,0,0,0,0,0,0,0,0,0,42368,0,0,0,72256,128,390,890,261387308,1478853822,830080,0
1130,1116800,154816,142208,0,6400,18240,404736,105792,284608,263488,853312,0,1280,399360,0,0,0,0,0,0,0,0,0,0,36608,0,0,0,69056,128,384,884,2740315491,3958088704,835072,0
1131,1117120,141760,144640,0,6592,18368,383936,105344,316480,295424,821696,0,1408,378688,0,0,0,0,0,0,0,0,0,0,35136,0,0,0,70080,128,381,871,2672814609,2868594370,803328,0
1132,1116928,153472,144384,0,4672,18304,423488,105216,267392,246144,870784,0,1280,418240,0,0,0,0,0,0,0,0,0,0,35648,0,0,0,69376,192,396,903,452920777,380636743,852480,0
1133,1116800,153856,137152,0,3840,18112,439232,116352,248256,227328,889472,0,1344,434048,0,0,0,0,0,0,0,0,0,0,45568,0,0,0,70656,128,382,874,2883423158,1168554408,871360,0
1134,1117120,142528,144384,0,3968,17984,422336,119104,266816,245440,871680,0,1344,416896,0,0,0,0,0,0,0,0,0,0,48384,0,0,0,70592,128,380,886,1958737560,924274340,853696,0
1135,1117312,152832,146240,0,3968,18112,402240,116288,277632,256384,860928,0,1280,396928,0,0,0,0,0,0,0,0,0,0,45568,0,0,0,70592,128,389,902,1068071633,3311801569,842816,0
1136,1116864,155072,144576,0,6336,18624,401600,103808,286848,260160,856704,0,1344,396224,0,0,0,0,0,0,0,0,0,0,35072,0,0,0,68608,128,389,892,2958808130,3328359342,838080,0
1137,1117376,142912,144832,0,6528,18560,398848,104448,301248,279744,837632,0,1344,393472,0,0,0,0,0,0,0,0,0,0,34944,0,0,0,69376,128,390,887,2160838495,3725693005,819072,0
1138,1116480,153152,138624,0,3904,40000,405696,100160,274944,253312,863168,0,1280,400384,0,0,0,0,0,0,0,0,0,0,30976,0,0,0,69120,64,394,913,4128610687,1935830430,823168,0
1139,1117184,165568,144512,0,3904,18432,553856,112256,118656,97344,1019840,8320,1280,548480,95360,0,22528,0,0,2,0,0,0,0,41152,0,50368,640,19968,128,395,921,2950878002,3780736425,1001408,0
1140,1117056,142976,144256,0,3968,17792,425216,113408,269440,248192,868864,0,1280,419904,0,0,0,0,0,0,0,0,0,0,43712,0,0,0,69568,128,422,1011,2636369288,2226985688,851072,0
1141,1116800,151744,144768,0,3904,17920,399488,111744,287232,265920,850880,0,1280,394176,0,0,0,0,0,0,0,0,0,0,40896,0,0,0,70656,192,449,1065,2926757180,4293081991,832960,0
1142,1116992,151744,143936,0,6336,18816,393856,101248,301056,279936,837056,0,1280,388352,0,0,0,0,0,0,0,0,0,0,30400,0,0,0,70720,128,487,1137,403135199,1205514773,818240,0
1143,1117120,140544,136704,0,7296,19328,396288,101184,315776,294592,822528,0,1344,390912,0,0,0,0,0,0,0,0,0,0,30336,0,0,0,70720,128,509,1159,3679041473,2776862291,803200,0
1144,1116864,150848,145216,0,6272,18432,395136,100224,300736,279552,837312,0,1344,389824,0,0,0,0,0,0,0,0,0,0,30784,0,0,0,69248,192,517,1165,354497288,1863489565,818880,0
1145,1116864,152704,144576,0,5248,18368,434688,111232,250048,228992,887872,0,1280,429312,0,0,0,0,0,0,0,0,0,0,41472,0,0,0,69632,128,522,1170,2694208538,1565452986,869504,0
1146,1117120,141568,144768,0,3840,20544,419072,113856,273472,252160,864960,0,1280,413504,0,0,0,0,0,0,0,0,0,0,44032,0,0,0,69696,128,521,1168,146903600,3492555932,844416,0
1147,1117056,151168,143040,0,5056,20608,405568,114112,277504,256128,860928,0,1280,400192,0,0,0,0,0,0,0,0,0,0,41920,0,0,0,72000,192,535,1189,832418364,33875901,840320,0
1148,1116992,152832,136896,0,6656,20672,393856,101888,304192,283328,833664,0,1280,388544,0,0,0,0,0,0,0,0,0,0,31040,0,0,0,70720,128,528,1173,3540320991,2236726885,812992,0
1149,1117120,141632,145216,0,7104,20288,392960,98880,311040,289472,827648,0,1280,387712,0,0,0,0,0,0,0,0,0,0,28736,0,0,0,70016,128,521,1149,4135467929,1872408425,807360,0
1150,1116864,151936,145792,0,3712,20416,399872,98880,296256,275008,841856,0,1280,394496,0,0,0,0,0,0,0,0,0,0,29120,0,0,0,69632,128,518,1163,289820073,4096490110,821440,0
1151,1116992,153536,145344,0,3648,20096,431488,110528,252352,231424,885568,0,1280,426048,0,0,0,0,0,0,0,0,0,0,40256,0,0,0,70144,128,519,1156,2052560064,1756718074,865472,0
1152,1117056,141248,143680,0,3776,20160,402624,114880,290688,264064,852992,0,1344,397184,0,0,0,0,0,0,0,0,0,0,42112,0,0,0,72640,128,513,1153,1717761561,510668906,832832,0
1153,1116928,151616,138112,0,3712,42112,383808,109184,288384,264192,852736,0,1280,378624,0,0,0,0,0,0,0,0,0,0,38656,0,0,0,70400,128,520,1174,2250283091,1149679464,810624,0
1154,1116672,159872,148224,0,6144,20544,403712,98432,279744,258624,858048,0,1344,398400,0,0,0,0,0,0,0,0,0,0,26304,0,0,0,72000,128,514,1149,198333054,1762744817,837504,0
1155,1117120,140608,146240,0,7168,20736,381376,96640,324352,301120,816000,0,1344,375936,0,0,0,0,0,0,0,0,0,0,26368,0,0,0,70144,128,506,1125,26609634,2595339743,795264,0
1156,1116992,152256,143360,0,3648,20224,407808,96512,293184,271808,845184,0,1280,402496,0,0,0,0,0,0,0,0,0,0,26624,0,0,0,69760,128,513,1149,2683466409,1029537966,824960,0
1157,1116928,153024,144256,0,3712,35136,424576,107904,248320,227072,889856,0,1280,419328,0,0,0,0,0,0,0,0,0,0,35008,0,0,0,72768,128,516,1155,1160127766,3358690688,854720,0
1158,1116928,141376,136896,0,3776,20800,450368,109760,253952,232512,884416,0,1280,445184,0,0,0,0,0,0,0,0,0,0,37568,0,0,0,72064,128,510,1148,770971563,1205331603,863616,0
1159,1116992,152704,144640,0,3840,20480,430336,105920,259072,237888,879104,0,1280,424960,0,0,0,0,0,0,0,0,0,0,34944,0,0,0,70848,128,520,1167,2965962694,2978330381,858624,0
1160,1116992,168960,145792,0,6016,20544,473856,93248,208576,187264,929728,4608,1344,468480,45952,0,9792,0,0,1,0,0,0,0,23616,0,24640,128,44736,128,524,1168,1097431866,1908544621,909184,0
1161,1116928,140544,145408,0,6272,20352,453184,94144,257024,235968,880960,0,1216,447872,0,0,0,0,0,0,0,0,0,0,23296,0,0,0,70720,128,516,1146,362978748,1214757088,860608,0
1162,1116928,161856,145152,0,3712,20480,420096,92352,273280,251968,864960,0,1280,414720,0,0,0,0,0,0,0,0,0,0,23360,0,0,0,68864,128,511,1152,2295562258,125833746,844480,0
1163,1117056,162112,137984,0,3712,19904,483072,106752,203520,182208,934848,0,1280,477824,0,0,0,0,0,0,0,0,0,0,35136,0,0,0,71488,128,511,1152,4095126790,1357800474,914944,0
1164,1116992,140288,144704,0,3840,20352,461312,108480,238016,216768,900224,0,1280,455936,0,0,0,0,0,0,0,0,0,0,37376,0,0,0,70976,128,505,1145,4061676650,700379312,879872,0
1165,1116928,161216,143488,0,3776,20224,441920,99200,247104,226304,890624,0,1280,436672,0,0,0,0,0,0,0,0,0,0,28672,0,0,0,70400,128,505,1149,1008576460,481991779,870400,0
1166,1117120,162560,143488,0,6080,20352,438528,93248,252864,231552,885568,0,1280,433216,0,0,0,0,0,0,0,0,0,0,22912,0,0,0,70208,128,508,1140,1929712538,166893156,865216,0
1167,1117120,141184,143488,0,7104,20352,440704,92736,271552,250432,866688,0,1280,435456,0,0,0,0,0,0,0,0,0,0,22336,0,0,0,70272,128,505,1133,4007333958,3782352841,846336,0
1168,1117120,162432,136512,0,4352,42816,442432,93056,235520,208832,908288,0,1280,437120,0,0,0,0,0,0,0,0,0,0,22976,0,0,0,69952,128,514,1153,1635105327,2726930575,865472,0
1169,1116864,162688,143424,0,2368,19200,423872,105664,259648,238400,878464,0,1280,418688,0,0,0,0,0,0,0,0,0,0,34560,0,0,0,70912,192,507,1128,2842051726,1827408293,859264,0
1170,1116928,140480,143744,0,3584,20544,390336,107712,310528,289280,827648,0,1344,385024,0,0,0,0,0,0,0,0,0,0,37184,0,0,0,70400,128,506,1130,3053517972,3794970501,807104,0
1171,1117056,160768,147008,0,3712,20672,370496,99712,314688,293568,823488,0,1408,365056,0,0,0,0,0,0,0,0,0,0,29248,0,0,0,70336,128,512,1146,668952350,674690869,802816,0
1172,1116992,162304,146176,0,5952,20352,369792,93056,319360,298048,818944,0,1344,364352,0,0,0,0,0,0,0,0,0,0,23744,0,0,0,69184,128,519,1155,3527772522,6316869,798592,0
1173,1116928,140992,140096,0,6016,20160,370432,93568,345664,324096,792832,0,1344,364928,0,0,0,0,0,0,0,0,0,0,23680,0,0,0,69696,192,515,1145,2638304450,3691667698,772672,0
1174,1116928,161856,147456,0,2304,20608,383424,95104,306176,284928,832000,0,1280,378112,0,0,0,0,0,0,0,0,0,0,23168,0,0,0,71808,128,522,1179,219199129,2372506140,811392,0
1175,1677312,259200,145728,0,2304,20480,663680,111488,474432,452928,1224384,17344,1280,658368,220928,0,43392,78976,0,4,0,0,0,0,38272,0,101312,14528,0,128,514,1171,1194234998,150989667,1203904,0
1176,1116736,140032,147008,0,3264,20224,394496,105792,305920,285120,831616,0,1344,389248,0,0,0,0,0,0,0,0,0,0,34688,0,0,0,70976,128,521,1180,879170275,100209358,811392,0
1177,1117184,149952,144896,0,2304,20160,404672,95296,299904,278592,838592,0,1280,399488,0,0,0,0,0,0,0,0,0,0,23616,0,0,0,71552,128,526,1184,2096800626,98299960,818432,0
1178,1116736,151232,141056,0,10496,20416,513408,105216,174912,153984,962752,0,1280,507968,0,0,0,0,0,0,0,0,0,0,35008,0,0,0,70080,128,503,1143,3559673349,3321064479,942336,0
1179,1117056,139456,145472,0,3712,20608,581376,108992,117440,96192,1020864,0,1344,576000,0,0,0,0,0,0,0,0,0,0,37824,0,0,0,70976,192,500,1141,3247451702,3294792304,1000256,0
1180,1677440,242816,145664,0,3904,35648,696576,118080,434752,413312,1264128,55872,1344,691392,113920,0,12224,81216,1,1,0,0,0,0,44736,0,24192,128,48896,128,508,1149,3457882946,308700431,1228480,0
1181,1116672,163200,145408,0,3840,35328,426624,117248,225024,203968,912704,0,1344,421312,0,0,0,0,0,0,0,0,0,0,44288,0,0,0,72832,128,513,1161,3347118066,2830456218,877376,0
1182,1116928,141824,144128,0,3904,34752,386112,114816,291392,270784,846144,0,1408,380800,0,0,0,0,0,0,0,0,0,0,43584,0,0,0,71104,128,510,1154,4011050006,3992320383,811392,0
1183,1117376,152320,137984,0,3840,42240,410560,113984,256448,235328,882048,0,1344,405248,0,0,0,0,0,0,0,0,0,0,41280,0,0,0,72576,128,513,1145,3200764785,2266760233,839808,0
1184,1116544,163968,144896,0,3840,20480,505152,115968,162240,135808,980736,0,1344,499840,0,0,0,0,0,0,0,0,0,0,44096,0,0,0,71744,128,509,1142,587597274,3762393005,960256,0
1185,1116992,151296,144640,0,3776,20672,501632,117120,177856,156864,960128,0,1344,496256,0,0,0,0,0,0,0,0,0,0,43776,0,0,0,73216,128,509,1143,2270266523,4064202163,939456,0
1186,1116928,150336,144512,0,3776,20608,495744,115840,186112,165184,951744,0,1344,490368,0,0,0,0,0,0,0,0,0,0,43584,0,0,0,72128,128,506,1136,599810803,1816319733,931136,0
1187,1117120,151232,144704,0,3776,35200,505920,116352,159936,138560,978560,0,1344,500544,0,0,0,0,0,0,0,0,0,0,41408,0,0,0,74816,128,523,1184,1410945965,4057077562,943360,0
1188,1116992,140096,136704,0,3840,20352,496064,114432,205504,184064,932928,0,1280,491008,0,0,0,0,0,0,0,0,0,0,40768,0,0,0,73536,128,514,1171,3729293776,1330961184,912576,0
1189,1116672,150080,144320,0,3840,20352,502144,100160,195776,174912,941760,0,1280,496896,0,0,0,0,0,0,0,0,0,0,28672,0,0,0,71360,128,511,1162,1332240050,479389497,921408,0
1190,1117056,151424,145216,0,6272,20352,502528,108672,182592,161408,955648,0,1280,497280,0,0,0,0,0,0,0,0,0,0,35840,0,0,0,72704,128,504,1142,3850652290,3954706242,935296,0
1191,1117056,139968,144384,0,6208,20800,477440,106048,222208,201280,915776,0,1408,472064,0,0,0,0,0,0,0,0,0,0,34112,0,0,0,71744,192,505,1141,483736170,4023827237,894976,0
1192,1677248,211136,143936,0,11456,20672,616768,152000,521280,500096,1177152,55232,1344,611520,123776,0,11776,53056,1,1,0,0,0,0,38976,0,21504,13632,77760,128,479,1100,1949982884,4078027200,1156480,0
1193,1116672,161344,137472,0,3712,18112,444928,148032,203072,181952,934720,0,1344,439616,0,0,0,0,0,0,0,0,0,0,37440,0,0,0,110464,128,449,1038,360343988,4253435938,916608,0
1194,1117120,108544,145472,0,12352,31744,470592,168576,179840,158592,958528,0,1280,465088,0,0,0,0,0,0,0,0,0,0,62400,0,0,0,106048,128,318,771,2654619069,1237982852,926784,0
1195,1116864,117632,143296,0,3968,32192,429248,168896,221632,200640,916224,0,1344,423872,0,0,0,0,0,0,0,0,0,0,62528,0,0,0,106240,128,305,742,2613494825,793387367,884032,0
1196,1117184,118656,142208,0,5056,34112,555008,185088,77056,55808,1061376,0,1280,549632,0,0,0,0,0,0,0,0,0,0,78016,0,0,0,106944,128,329,807,1007372815,979452494,1027264,0
1197,1117440,97344,145344,0,6976,31744,482560,197504,155968,134208,983232,0,1408,477056,0,0,0,0,0,0,0,0,0,0,90816,0,0,0,106496,192,325,781,2488851327,3073511458,951488,0
1198,1116480,117440,135744,0,6016,56000,485440,131264,184576,163328,953152,0,1344,479936,0,0,0,0,0,0,0,0,0,0,63616,0,0,0,67520,128,332,783,3505481985,3517765127,897152,0
1199,1116800,119424,142528,0,3840,32128,479360,135936,203584,182528,934272,0,1344,474112,0,0,0,0,0,0,0,0,0,0,69312,0,0,0,66496,128,324,766,2153867861,824418194,902144,0
1200,1117120,97088,143040,0,3840,33728,470144,142080,227200,200896,916224,0,1344,464832,0,0,0,0,0,0,0,0,0,0,73920,0,0,0,68032,128,330,788,3231532818,2395585252,882496,0
1201,1116864,124672,141952,0,10432,34944,555584,180096,69184,48064,1068800,4416,1408,550272,43520,0,9536,0,0,1,0,0,0,0,71936,0,22144,128,85760,128,344,842,1252700819,1469602785,1033856,0
1202,1117120,108224,142272,0,3968,34176,435328,174656,218496,197184,919936,0,1344,430144,0,0,0,0,0,0,0,0,0,0,66688,0,0,0,107840,128,339,848,2643182459,3945385019,885760,0
1203,1116800,97472,135104,0,3904,33920,421120,169984,255296,234176,882624,0,1344,415616,0,0,0,0,0,0,0,0,0,0,63744,0,0,0,106112,128,366,919,4048338566,2434463097,848704,0
1204,1116992,107904,142400,0,3968,33728,431040,171776,226176,204928,912064,0,1344,425792,0,0,0,0,0,0,0,0,0,0,65408,0,0,0,106240,128,360,893,1546109908,1925408633,878336,0
1205,1116800,183872,141120,0,5184,34368,535168,170944,46144,25280,1091520,59968,1280,529664,124992,0,12544,78784,1,2,0,0,0,0,64128,0,27968,14528,64192,128,369,923,2735201663,2226552582,1057152,0
1206,1117184,117120,141312,0,6784,33792,552960,161728,103488,82304,1034880,7808,1280,547584,94720,0,21632,0,0,2,0,0,0,0,54656,0,50240,576,56128,128,374,931,4290063203,2489436706,1001088,0
1207,1116736,97152,142144,0,7040,34432,453504,105024,277440,256320,860416,0,1344,448128,0,0,0,0,0,0,0,0,0,0,38848,0,0,0,66048,128,378,919,3517338465,2820191805,825984,0
1208,1117056,97216,135104,0,3712,33408,425728,105536,316352,295104,821952,0,1344,420480,0,0,0,0,0,0,0,0,0,0,38592,0,0,0,66816,128,388,903,1808246012,1565625057,788544,0
1209,1117120,96768,142528,0,3648,34176,427264,105024,307712,286912,830208,0,1344,421888,0,0,0,0,0,0,0,0,0,0,39232,0,0,0,65664,128,383,888,919915042,2647411732,796032,0
1210,1116928,96960,142016,0,3712,34304,446784,113728,279424,258112,858816,0,1344,441408,0,0,0,0,0,0,0,0,0,0,46208,0,0,0,67392,128,385,890,104125073,3852670385,824512,0
1211,1117120,97536,144576,0,3648,34432,432896,111168,292864,271680,845440,0,1344,427520,0,0,0,0,0,0,0,0,0,0,44736,0,0,0,66304,128,387,906,2932464639,1993365248,811008,0
1212,1116928,97088,144448,0,3776,34496,431424,111296,294400,273344,843584,0,1344,426048,0,0,0,0,0,0,0,0,0,0,44480,0,0,0,66688,128,392,911,2153483413,2472309090,809088,0
1213,1116992,97472,137216,0,3712,33472,427712,105408,312000,290944,826048,0,1344,422272,0,0,0,0,0,0,0,0,0,0,39296,0,0,0,65984,128,386,910,2283178428,2892027727,792576,0
1214,1116800,115456,143872,0,11456,55424,558464,123968,108160,85120,1031680,53632,1344,552960,107840,0,12096,0,1,1,0,0,0,0,57088,0,25024,640,41088,128,407,936,2546407811,1064619925,976256,0
1215,1116864,108224,144512,0,3904,34240,418560,107072,300352,279424,837440,0,1344,413184,0,0,0,0,0,0,0,0,0,0,40256,0,0,0,66688,128,398,917,1216624629,3549815467,803200,0
1216,1116992,110080,143552,0,3904,33216,570944,227136,28160,1664,1115328,55360,1408,565632,125760,0,14336,0,1,1,128,64,120320,576,35904,0,47488,1472,21056,128,394,910,1055040883,3304372398,1082112,0
1217,1116928,110528,144512,0,3712,32832,407488,196864,220992,199936,916992,0,1344,402176,0,0,0,0,0,0,128,128,70720,576,54592,0,0,0,70592,128,413,964,414326867,4218419497,884160,0
1218,1117120,110976,144000,0,3840,33024,378816,183104,263360,242048,875072,0,1344,373376,0,0,0,0,0,0,128,64,71104,576,42048,0,0,0,69056,128,431,1011,1189926909,3040125914,842048,0
1219,1117056,109888,144064,0,3776,32832,377472,195392,253632,232512,884544,0,1280,372096,0,0,0,0,0,0,128,128,79552,512,45440,0,0,0,69504,128,428,1022,2650783152,528451355,851712,0
1220,1116864,126848,137216,0,6912,32704,434176,166208,212800,191552,925312,4480,1344,428800,45312,0,9984,0,0,1,128,64,70272,576,26560,0,23680,128,44672,128,412,988,2950874230,3362776916,892608,0
1221,1116992,110784,144192,0,6080,33600,359232,166976,296128,274944,842048,0,1280,354048,0,0,0,0,0,0,128,128,70592,640,26688,0,0,0,68672,128,403,971,945584223,4250464689,808448,0
1222,1116736,120512,144960,0,5056,32832,376640,154176,282560,261504,855232,0,1280,371328,0,0,0,0,0,0,64,128,70912,576,14528,0,0,0,67840,128,395,940,1436757298,189627392,822400,0
1223,1117184,117120,144448,0,10176,32960,549248,170496,92736,71616,1045568,9152,1280,543936,101824,0,20672,0,0,2,128,128,71104,576,28736,0,50560,2432,16704,128,392,937,3505978502,2511233587,1012608,0
1224,1117120,110656,144640,0,3840,32576,364288,166528,294592,273280,843840,0,1280,358912,0,0,0,0,0,0,128,64,70080,640,26496,0,0,0,68992,128,381,890,3118445237,2194751915,811264,0
1225,1116992,112000,137408,0,3840,32768,379712,162816,288448,267456,849536,0,1344,374528,0,0,0,0,0,0,64,128,71040,640,23040,0,0,0,67776,128,370,846,829291927,1411012653,816768,0
1226,1116864,131008,144192,0,11648,32448,493760,154048,149760,128448,988416,4608,1344,488448,46016,0,10880,18176,0,1,128,64,71168,576,14144,0,23104,128,44608,128,360,831,4157232486,2180568089,955968,0
1227,1117120,111040,142336,0,3776,17920,344960,152960,344128,322752,794368,0,1408,339520,0,0,0,0,0,0,128,64,71040,576,14272,0,0,0,66816,64,361,818,3182918717,1340502293,776448,0
1228,1117056,132800,142272,0,3776,18368,340416,164416,315008,293824,823232,0,1280,335168,0,0,0,18112,0,0,128,128,70400,576,23744,0,0,0,69248,192,358,819,274683364,853290219,804864,0
1229,1116928,99200,142400,0,3840,32192,346240,166848,326208,304960,811968,0,1408,340992,0,0,0,0,0,0,128,128,71616,640,25856,0,0,0,68352,128,340,774,2000884538,1399926431,779776,0
1230,1117184,111232,134976,0,6144,31232,346048,155712,331840,310656,806528,0,1344,340800,0,0,0,0,0,0,128,128,70784,576,21248,0,0,0,62720,128,337,770,2937967340,4142620844,775296,0
1231,1115072,133056,140928,0,6912,9728,582720,155584,86144,66880,1048192,89792,1344,577280,213120,0,33280,0,2,3,128,128,69632,576,21056,0,66688,320,0,192,340,768,3165763278,278085445,1038464,0
1232,1117248,99520,142208,0,6208,9344,342848,145344,371776,346816,770432,0,1344,337600,0,0,0,0,0,0,128,64,70848,512,12736,0,0,0,60864,192,329,732,203361997,106172076,761088,0
1233,1116864,99008,141184,0,2368,9408,356032,159232,349632,330048,786816,0,1344,350784,0,0,0,0,0,0,128,128,70976,576,23040,0,0,0,64256,128,328,732,1345746577,607679990,777408,0
1234,1676928,535104,142720,0,2304,9216,508992,161408,317184,298112,1378816,73792,1344,503744,134336,424768,11968,0,1,1,64,128,71488,512,25280,0,24832,128,38848,128,313,713,4199145417,724082198,1369600,0
1235,1117056,127616,137088,0,3648,9344,459392,177024,202944,183552,933504,4352,1280,454208,49088,0,10496,0,0,1,128,128,70784,512,22528,0,25280,128,57408,128,326,726,3967695,2455120673,924160,0
1236,1117056,135552,143424,0,3712,9216,510208,155968,158976,139840,977216,68672,1216,504896,119360,0,12736,0,1,1,128,64,70720,576,20992,0,26112,2304,34944,128,305,689,1996501980,426451800,968000,0
1237,1117056,110400,143616,0,3776,9216,389440,156032,304576,284992,832064,0,1344,384192,0,0,0,0,0,0,128,64,70656,576,22400,0,0,0,62080,128,316,700,588819256,575708791,822848,0
1238,1116864,99776,141888,0,11520,9088,397760,155904,300928,281664,835200,0,1280,392320,0,0,0,0,0,0,128,64,70528,512,22336,0,0,0,62208,128,306,673,598858541,2076639812,826112,0
1239,1117056,110144,142528,0,3776,9280,382144,155392,313792,294528,822528,0,1280,376832,0,0,0,0,0,0,128,128,69888,512,22272,0,0,0,62336,128,311,687,2222742983,3843678596,813248,0
1240,1116864,111168,136640,0,3776,9344,382592,165504,307840,288320,828544,0,1280,377216,0,0,0,0,0,0,128,128,70912,576,30272,0,0,0,63360,128,314,685,3365796453,866857351,819200,0
1241,1116864,112704,145984,0,4672,9344,429760,164672,249728,230400,886464,5248,1344,424448,48576,0,11008,0,0,1,128,128,70656,576,29312,0,24960,448,38336,128,327,721,3528398329,742986951,877120,0
1242,1117184,110912,143488,0,4608,9216,374784,156736,317440,297728,819456,0,1344,369344,0,0,0,0,0,0,128,64,70272,576,22464,0,0,0,63104,128,320,727,1884359858,27211545,810240,0
1243,1116864,119296,142272,0,3648,8896,374592,156928,311232,291648,825216,0,1408,369152,0,0,0,0,0,0,128,64,70912,640,22400,0,0,0,62656,128,317,712,528011349,1737930713,816320,0
1244,1116992,99520,142784,0,4864,9024,365632,156736,338432,318912,798080,0,1280,360256,0,0,0,0,0,0,64,128,70656,576,22144,0,0,0,63040,128,371,869,1377072456,3238187016,789056,0
1245,1116800,197760,136768,0,5952,30592,387136,169856,188736,169216,947584,0,1280,381696,0,0,0,32448,0,0,128,128,71232,576,31488,0,0,0,66112,192,503,1150,414087482,2088776830,916992,0
1246,1116992,164864,144192,0,5056,9536,498944,173376,121024,101696,1015296,7680,1408,493440,93504,0,21440,0,0,2,128,128,70848,512,34368,0,50304,576,16384,128,502,1140,746394106,3671506325,1005760,0
1247,1116928,141120,142272,0,3712,23168,383168,171648,251840,232384,884544,0,1280,377792,0,0,0,0,0,0,64,128,70528,576,33024,0,0,0,67200,128,498,1134,964392572,257163351,861376,0
1248,1116736,152192,142080,0,3712,9280,366208,160576,282688,257984,858752,0,1280,360768,0,0,0,0,0,0,128,64,70336,576,23936,0,0,0,65408,128,496,1136,3601331836,921375333,849472,0
1249,1117184,152576,141824,0,3776,9216,369024,160448,280320,260928,856256,0,1408,363712,0,0,0,0,0,0,128,128,70784,576,23744,0,0,0,64960,128,491,1122,110372180,1650652242,847040,0
1250,1118464,141440,135552,0,3648,13376,381376,164672,278400,257280,861184,0,1408,375936,0,0,0,0,0,0,64,128,71104,576,24384,0,0,0,68288,128,491,1118,1636019753,3927108797,847808,0
1251,1116992,151488,143168,0,3712,13568,378048,171584,255424,234304,882688,0,1344,372736,0,0,0,0,0,0,128,64,70208,576,32192,0,0,0,68288,128,494,1126,2119123016,1984624099,869120,0
1252,1117056,152448,143360,0,3776,13248,382272,166144,255808,234624,882432,0,1344,377024,0,0,0,0,0,0,128,64,70720,576,27200,0,0,0,67328,128,493,1118,4248385231,4197084503,869184,0
1253,1116928,140416,142656,0,6080,13504,364416,166016,283840,262848,854080,0,1344,359040,0,0,0,0,0,0,64,128,70016,576,26112,0,0,0,68992,128,490,1129,775424341,3461824856,840576,0
1254,1677120,272576,142848,0,4864,14080,809024,173760,259968,239168,1437952,152000,1344,803648,379072,0,58560,74944,3,5,128,128,70848,576,14016,0,122432,8192,0,128,477,1101,241873529,4242865828,1423872,0
1255,1117184,140608,137856,0,3648,13440,387328,171264,263040,241856,875328,0,1280,382080,0,0,0,0,0,0,64,128,70528,640,13824,0,0,0,85952,128,472,1075,4023909430,3487131807,861888,0
1256,1116800,176960,144832,0,3712,13632,534272,163648,79744,58624,1058176,4864,1280,528896,54592,0,10368,0,0,2,128,64,70848,512,24384,0,24512,3200,39872,128,495,1102,2919982225,1437280699,1044544,0
1257,1117440,158208,146048,0,6016,13632,427712,169728,196096,174464,942976,6016,1344,422528,43456,0,9984,0,0,1,128,128,70272,512,30976,0,20096,128,47360,128,491,1109,1716557214,364181350,929344,0
1258,1116352,167616,144576,0,4800,13312,503424,185984,96640,75520,1040832,44864,1344,498048,87424,0,12224,0,1,1,64,128,70592,576,26944,0,21184,128,66240,128,492,1112,4251836883,4049561990,1027520,0
1259,1677568,184256,144640,0,11072,35392,891136,175104,235968,214400,1463168,220416,1280,885824,383040,0,28544,0,0,2,128,64,70592,640,34816,0,107136,2560,0,128,503,1122,611805586,2235604130,1427776,0
1260,1116800,214080,138304,0,3904,13632,490304,171840,84736,63616,1053184,0,1408,484992,0,66688,0,0,0,0,128,64,71040,512,34624,0,0,0,65344,128,441,1010,2570848584,680031933,1039552,0
1261,1677056,201856,145344,0,6208,14144,576384,173376,559744,538816,1138240,0,1280,570880,0,65984,0,0,0,0,64,128,71104,512,34304,0,0,0,67136,128,439,996,992867177,1228584861,1124096,0
1262,1116800,142400,145024,0,6144,13568,535936,171008,102720,81856,1034944,0,1408,530240,0,0,0,0,0,0,64,128,70208,576,33472,0,0,0,66368,192,435,988,444439646,3285870418,1021376,0
1263,1116992,144320,144832,0,3840,13696,550016,179648,80640,59648,1057344,0,1344,544640,0,0,0,0,0,0,64,128,70400,576,41664,0,0,0,66688,128,431,983,1203436981,72082290,1043648,0
1264,1117056,131392,143936,0,3776,13568,526912,176704,120768,94592,1022464,0,1280,521664,0,0,0,0,0,0,128,64,70976,512,39680,0,0,0,65216,128,425,979,1830766625,308945594,1008896,0
1265,1116928,143232,138880,0,3840,13312,523904,171520,122240,101120,1015808,0,1408,518528,0,0,0,0,0,0,128,128,70784,640,33856,0,0,0,65856,128,419,963,3946862050,2933613337,1002496,0
1266,1117120,143296,144704,0,3776,13184,516672,172352,123136,101888,1015232,0,1344,511296,0,0,0,0,0,0,64,128,71168,512,34176,0,0,0,66176,128,425,977,2255271892,2829147050,1002048,0
1267,1116992,131968,142400,0,3840,12992,516288,172352,137152,115712,1001280,0,1408,510848,0,0,0,0,0,0,64,128,70976,576,34176,0,0,0,66240,192,429,977,1264233618,4032882707,988288,0
1268,1676992,177344,142208,0,3776,9152,849728,100224,394560,373504,1303488,60224,1344,844224,246080,0,50688,0,1,4,0,0,0,0,38144,0,94336,5952,0,128,384,838,4164660642,676954652,1294336,0
1269,1115456,132480,142016,0,3968,9344,634624,97280,95744,76608,1038848,0,1280,629376,0,0,0,0,0,0,0,0,0,0,37568,0,0,0,59584,128,375,821,1642429117,2994904416,1029504,0
1270,1116800,131648,134848,0,5376,9216,657024,103488,75200,55744,1061056,0,1280,651712,0,0,0,0,0,0,0,0,0,0,42624,0,0,0,60672,192,372,810,19107945,50183524,1051840,0
1271,1117248,132224,141760,0,6848,9216,690048,102656,34496,14848,1102400,0,1280,684736,0,0,0,0,0,0,0,0,0,0,41856,0,0,0,60672,128,369,803,3570679346,3469820188,1093184,0
1272,1116992,124480,141248,0,7168,9600,649536,103424,81536,61952,1055040,0,1344,644224,0,0,0,0,0,0,0,0,0,0,41920,0,0,0,61376,128,387,822,3063636464,1073947791,1045440,0
1273,1117056,130432,143936,0,3712,31040,638528,93376,76032,56192,1060864,0,1344,633024,0,0,0,0,0,0,0,0,0,0,32384,0,0,0,60864,128,391,811,1246418774,352832735,1029824,0
1274,1116608,153856,141760,0,4928,9280,668288,86144,52352,33152,1083456,0,1280,662912,0,0,0,20672,0,0,0,0,0,0,26048,0,0,0,59968,128,394,827,702997076,2209427861,1074176,0
1275,1117184,141632,136448,0,6400,9344,684992,84032,54336,35136,1082048,4480,1280,679680,49856,0,12608,0,0,1,0,0,0,0,23744,0,24832,64,35328,64,384,833,729218906,3205011455,1072704,0
1276,1677120,240704,143104,0,6784,9856,726592,88640,461440,441856,1235264,0,1280,721280,0,0,0,76608,0,0,0,0,0,0,26496,0,0,0,62016,128,427,929,1370551589,960706813,1225408,0
1277,1677056,199296,143104,0,3648,23232,785856,133248,388672,369600,1307456,4480,1280,780480,77888,0,12608,50688,0,1,0,0,0,0,29952,0,26752,256,76160,128,448,964,2272369575,1849847942,1284224,0
1278,1116864,140736,142656,0,3712,9408,617856,129600,72896,53568,1063296,0,1280,612608,0,0,0,0,0,0,0,0,0,0,27776,0,0,0,101696,128,465,1001,3518399841,290131328,1053888,0
1279,1117184,153088,142656,0,3712,9280,604224,113728,90496,71040,1046144,0,1408,598848,0,0,0,0,0,0,0,0,0,0,14080,0,0,0,99456,192,457,975,3861156286,268456618,1036864,0
1280,1116800,133696,135744,0,3648,9216,611200,124288,99008,74432,1042368,0,1280,605888,0,0,0,0,0,0,0,0,0,0,23680,0,0,0,100480,128,467,1003,1858398681,1932967459,1033152,0
1281,1116992,154496,142592,0,6016,9344,563648,123648,117248,94912,1022080,0,1280,558208,0,0,0,0,0,0,0,0,0,0,23232,0,0,0,100288,128,464,1009,4122077600,639620446,1012736,0
1282,1677248,182208,142656,0,3712,9408,680064,146624,512576,492864,1184384,9344,1280,674816,100800,0,20608,0,0,2,0,0,0,0,25984,0,41984,256,78272,128,443,989,1244146150,2728194064,1174976,0
1283,1116992,159168,143232,0,4480,9408,516096,102144,182464,162496,954496,0,1344,510784,2816,0,0,0,0,1,0,0,0,0,20544,0,0,128,81344,128,440,966,248997706,4201030184,945088,0
1284,1116928,140544,143488,0,4800,9216,522688,92736,203456,183936,932992,0,1280,517440,0,0,0,0,0,0,0,0,0,0,12736,0,0,0,79872,128,437,958,2254665960,2512480139,923776,0
1285,1116672,163648,135296,0,5952,9408,530816,93504,178048,158272,958400,0,1280,525568,0,0,0,0,0,0,0,0,0,0,12864,0,0,0,80512,128,446,979,1214990045,4249556663,948992,0
1286,1117184,145792,142464,0,4352,9152,494848,103744,216832,197440,919744,0,1344,489664,0,0,0,0,0,0,0,0,0,0,21696,0,0,0,81920,128,446,982,2256594652,816886703,910592,0
1287,1117184,155520,141888,0,2368,30592,544896,108736,133184,113216,1003968,0,1344,539584,0,0,0,0,0,0,0,0,0,0,27968,0,0,0,80640,128,451,1000,3172116693,1412014395,973376,0
1288,1116736,140416,142016,0,2368,9280,490560,103872,228224,209216,907520,0,1280,485312,0,0,0,0,0,0,0,0,0,0,23168,0,0,0,80576,128,452,997,3429255337,2427962793,898240,0
1289,2237440,846656,142336,0,9856,9408,718208,174336,336640,316992,1920448,77632,1280,712896,237376,628288,25280,0,1,2,128,64,70976,576,36224,0,56256,2752,7232,128,494,1101,939380645,1307333507,1911040,0
1290,1117184,211712,135552,0,5888,9344,397504,166208,190976,171328,945856,0,1344,392064,0,0,0,0,0,0,64,128,70848,576,29952,0,0,0,64512,128,489,1088,2869132504,3132903112,936512,0
1291,1116928,178304,142592,0,4352,9472,393472,174016,214720,195136,921792,0,1344,388160,0,0,0,0,0,0,128,128,70336,512,38080,0,0,0,64704,128,484,1082,2234644912,3793547040,912320,0
1292,1116800,212544,141376,0,2368,9024,408768,181696,161024,141504,975296,0,1408,403520,0,0,0,0,0,0,64,128,72128,576,40320,0,0,0,68352,128,490,1104,3003810521,2496581681,966272,0
1293,1677184,226560,142016,0,3712,9408,544128,200448,550912,531200,1145984,4480,1344,538944,49920,0,10944,0,0,1,128,128,71872,512,42496,0,24960,64,60160,128,503,1147,83967370,1562330683,1136576,0
1294,1116672,202240,142592,0,3648,9280,468288,197888,92736,73600,1043072,0,1344,462912,2816,0,0,0,0,1,128,64,71872,512,39296,0,0,128,85760,128,498,1130,1981760886,2698578524,1033792,0
1295,1677184,230592,137088,0,3648,9088,608960,207552,480256,460928,1216256,4544,1280,603584,49920,0,11456,0,0,1,128,64,70528,576,35008,0,25024,128,75904,192,494,1118,4162403982,1129472487,1207168,0
1296,1677376,232192,144832,0,3712,9152,580992,197568,508928,483904,1193472,5184,1280,575552,55872,0,11264,0,0,1,128,64,71232,512,39744,0,27136,2624,56000,128,500,1135,1252209863,4233242441,1184320,0
1297,1676992,251456,145600,0,5952,9280,549824,199168,515712,496320,1180672,0,1344,544384,0,0,0,48128,0,0,128,128,71232,512,41344,0,0,0,85696,128,510,1137,865751988,511929143,1171392,0
1298,2237248,367552,145344,0,4928,9408,961152,277312,471552,452544,1784704,97344,1280,955712,265920,0,27072,156224,2,2,256,192,154176,1152,48960,0,57408,9280,5760,128,508,1130,1995048105,3181452504,1775296,0
1299,1677568,641472,145792,0,3840,30720,422400,201024,232320,212480,1465088,0,1280,417024,14912,445376,0,0,0,2,128,64,85312,512,47744,0,0,9152,57984,128,479,1077,279420516,3585474772,1434368,0
1300,1116736,167040,137856,0,4672,9280,390976,195584,211328,192000,924736,0,1408,385664,0,0,0,0,0,0,128,128,85056,512,43456,0,0,0,66176,128,474,1052,714185707,2761132403,915456,0
1301,1116864,190720,144768,0,4928,9280,382144,185792,199232,179712,937152,0,1280,376896,0,0,0,0,0,0,128,64,84928,512,35456,0,0,0,64576,128,485,1082,3695441937,2629794268,927872,0
1302,1116800,172800,145280,0,6144,9344,381952,185280,216000,196544,920256,0,1280,376640,0,0,0,0,0,0,128,128,84096,512,35264,0,0,0,64960,192,478,1065,1929044719,3933852376,910912,0
1303,1117184,212672,145408,0,5184,9216,471104,193280,80320,60480,1056704,4736,1344,465856,47168,0,10752,19392,0,1,128,64,84160,512,41024,0,23360,128,43776,128,472,1053,2038746656,2650957594,1047488,0
1304,1116672,179712,144704,0,3648,9344,371584,172288,235392,216256,900416,0,1344,366400,0,0,0,0,0,0,128,64,84096,512,22592,0,0,0,64704,192,476,1055,4086650968,4183929241,891072,0
1305,1117248,202304,137216,0,5952,9280,362944,87488,312064,292544,824704,0,1344,357632,0,0,0,18176,0,0,0,0,0,0,24320,0,0,0,63040,128,479,1059,2499497130,2567481031,815424,0
1306,1116864,167104,144064,0,5888,9408,349824,82944,357632,338432,778432,0,1280,344512,0,0,0,0,0,0,0,0,0,0,20736,0,0,0,62080,128,477,1048,4292829108,3873668983,769024,0
1307,1117248,207680,142272,0,3648,23424,484160,94848,161216,141440,975808,7616,1280,478912,98432,0,24896,0,0,2,0,0,0,0,12608,0,47744,576,33792,128,480,1055,270282931,892445668,952384,0
1308,1677056,378624,142912,0,3648,9216,783232,167168,192256,172800,1504256,113920,1280,777984,288896,0,28416,162368,2,3,128,128,66560,512,14208,0,56704,13120,15616,192,504,1121,2797105725,2396667433,1495040,0
1309,1676992,210176,142912,0,4800,9216,648832,177728,483328,463872,1213120,63488,1280,643520,110080,0,12992,0,1,1,128,128,68608,512,24000,0,26368,448,57408,128,501,1117,2468601863,101562715,1203904,0
1310,1117184,186240,136128,0,5760,9408,519040,174016,86592,67008,1050176,0,1280,513856,0,0,0,0,0,0,64,128,67776,512,22656,0,0,0,82752,128,516,1131,956316835,1345228909,1040768,0
1311,1677120,223680,143040,0,4352,9280,641664,148864,506240,486912,1190208,86336,1344,636288,144256,0,15552,0,1,1,128,64,69760,576,14208,0,27456,2496,34048,128,516,1143,180174484,3934857444,1180928,0
1312,1677248,236992,141888,0,11904,45056,862144,224192,155072,130368,1546880,92288,1280,856768,248320,0,21696,52160,1,2,256,192,108544,1152,42624,0,40064,40832,0,128,520,1170,161962199,1094866606,1501824,0
1313,2238656,904704,142528,0,4032,20096,460352,261184,445760,424832,1813824,0,1344,455104,0,712704,0,0,0,0,384,320,140544,1536,39168,0,0,0,79104,128,536,1187,2764396009,2695379778,1793728,0
1314,1116928,198592,142400,0,4032,34048,416960,246848,74048,53120,1063808,0,1280,411712,0,0,0,0,0,0,320,320,138624,1536,29376,0,0,0,76544,128,541,1201,510349710,3230066418,1029760,0
1315,1677312,199296,155776,0,8960,22848,548032,277504,464896,434048,1243264,0,3328,537920,0,0,0,0,0,0,384,256,139584,1664,57408,0,0,0,78080,128,541,1214,2996641205,725572483,1220416,0
1316,1116992,197248,144320,0,12928,20160,437056,266240,39040,17792,1099200,0,1280,431680,0,0,0,0,0,0,320,256,139456,1600,47616,0,0,0,76800,192,534,1203,4284929694,4042318918,1079040,0
1317,1117568,191488,143424,0,4224,19840,423104,267392,68096,46464,1071104,0,1216,417792,0,0,0,0,0,0,320,256,140480,1664,46912,0,0,0,77568,192,539,1204,2441471034,1967890377,1051264,0
1318,1116352,212544,143104,0,4288,9088,418176,271936,57216,36544,1079808,0,1344,412800,0,0,0,0,0,0,320,320,146880,1600,50368,0,0,0,72320,128,539,1195,616703063,2376214947,1070720,0
1319,1675712,285056,142144,0,12416,9536,802944,350464,73152,53568,1622144,90944,1344,797696,213056,0,28736,74048,2,2,320,384,215296,2112,56000,0,55360,5312,15488,192,540,1197,1430532287,1298969405,1612608,0
1320,1677120,299840,136512,0,7104,9280,718144,354496,151744,132224,1544896,109504,1280,712832,223808,0,28672,85376,2,4,256,384,223168,2048,54400,0,47040,9920,17152,128,542,1172,738764509,1847368796,1535616,0
1321,1677248,208384,144768,0,5952,9216,498688,351872,458368,438592,1238656,0,1280,493312,0,0,0,0,0,0,384,384,224896,2304,50624,0,0,0,73152,128,539,1178,2151121570,1672775586,1229440,0
1322,1677056,193984,143552,0,4096,9280,475136,343232,507776,488256,1188800,0,1344,470016,0,0,0,0,0,0,512,320,225344,2048,42240,0,0,0,72640,128,525,1140,2168513761,1079491717,1179520,0
1323,1677184,207104,144192,0,4096,9344,467968,338432,506048,486336,1190848,0,1280,462656,0,0,0,0,0,0,512,448,224192,1984,38016,0,0,0,73152,128,511,1093,1726126688,2513168740,1181504,0
1324,1677376,209664,142720,0,6336,30784,476864,342912,468096,448064,1229312,0,1344,471488,0,0,0,0,0,0,320,320,223296,2368,44096,0,0,0,72384,128,514,1104,2129182053,572606194,1198528,0
1325,1677056,192512,137728,0,5312,9216,489600,345664,497024,477952,1199104,0,1280,484224,0,0,0,0,0,0,384,384,225344,2176,43456,0,0,0,73792,128,507,1109,898599590,4040476434,1189888,0
1326,1677056,209216,142400,0,12480,9216,529216,262272,512256,492736,1184320,0,1344,523840,0,0,0,0,0,0,320,192,139328,1472,49728,0,0,0,71104,128,500,1123,3153762952,3453799452,1175104,0
1327,1116800,207616,141824,0,6528,9024,419008,261248,71552,52224,1064576,0,1344,413632,0,0,0,0,0,0,384,256,138944,1728,48064,0,0,0,71744,128,503,1100,3676396766,3487910007,1055552,0
1328,1677120,240960,142144,0,5440,9152,559104,194496,525824,501184,1175936,7616,1344,553600,104000,0,19904,78208,0,2,192,256,72192,1088,32576,0,42688,9216,36160,128,466,1031,378438885,421632877,1166784,0
1329,1116864,162048,141952,0,4160,9408,478912,199744,120640,101568,1015296,0,1344,473536,0,0,0,0,0,0,192,128,68352,1088,42944,0,0,0,86912,128,463,1016,1312510440,2551216161,1005888,0
1330,1677056,186496,135680,0,13760,23552,745152,201152,371264,351808,1325248,46464,1408,739648,98752,0,12992,0,1,2,256,256,67968,1024,44224,0,25856,640,60800,128,462,1044,53933768,703712231,1301696,0
1331,1117184,145344,141952,0,6784,9600,547264,190528,75712,56320,1060864,0,1344,541952,0,0,0,0,0,0,192,256,68736,1024,34880,0,0,0,85312,128,450,1026,697481948,2190700219,1051264,0
1332,1117248,144320,144192,0,5824,23424,535360,190784,73344,53568,1063680,0,1408,529984,0,0,0,0,0,0,256,256,68032,1152,34432,0,0,0,86528,128,454,1019,683083139,1000362666,1040256,0
1333,1676992,156032,141952,0,4224,9408,619392,192384,553600,534272,1142720,0,1344,613952,0,0,0,0,0,0,192,192,68608,1024,35392,0,0,0,86784,192,449,1017,1752989660,3951718710,1133312,0
1334,1681920,141184,141824,0,4224,13440,615296,197952,568000,543744,1138176,0,1280,609984,0,0,0,0,0,0,320,192,68352,1152,38400,0,0,0,89408,128,456,1028,2381969055,466314812,1124736,0
1335,1672448,203904,137664,0,7296,13632,613952,200576,495424,472640,1199808,0,1344,608064,0,0,0,48064,0,0,192,192,68352,1088,39744,0,0,0,90880,128,456,1020,444778179,1418348701,1186176,0
1336,1117184,149184,144512,0,12352,35264,558656,181120,36096,14592,1102592,43136,1280,553280,83968,0,12096,0,1,1,256,128,67840,1024,40128,0,21504,128,49984,128,473,1029,3331452669,3083893752,1067328,0
1337,1116800,130688,145088,0,6720,27520,443840,173888,189056,168384,948416,0,1280,438656,0,0,0,0,0,0,192,128,68608,1088,31808,0,0,0,71936,128,469,1022,25368173,3590968368,920896,0
1338,1117120,130688,145280,0,6400,13696,436864,175680,208512,187136,929984,0,1280,431552,0,0,0,0,0,0,256,256,68416,1024,35072,0,0,0,70528,128,472,1037,2079577348,4156744391,916288,0
1339,1116992,131456,144768,0,6400,13952,450624,174784,195008,173632,943360,0,1280,445184,0,0,0,0,0,0,192,192,69120,960,34560,0,0,0,69632,128,484,1051,575754051,3903734627,929408,0
1340,1677248,163136,137984,0,3968,14016,612800,199936,545408,524160,1153088,7616,1280,607616,98624,0,24704,0,0,2,192,192,68544,1024,40256,0,47040,1152,41408,128,487,1059,2562700458,3928264942,1139072,0
1341,1677184,177600,144960,0,4032,13440,653056,200064,484032,462784,1214400,9152,1280,647808,87616,0,19392,0,0,3,192,256,69120,1152,39296,0,41984,256,47680,128,490,1066,3553055769,3946386949,1200960,0
1342,1116928,131200,144064,0,6272,13696,579520,199168,43008,21760,1095168,0,1280,574208,0,0,0,0,0,0,192,192,68288,1024,38784,0,0,0,90560,128,491,1069,2712478338,1482213616,1081472,0
1343,1116800,134208,145152,0,6336,13504,604352,164160,49088,28352,1088448,0,1344,599040,0,0,0,0,0,0,128,128,36032,576,40640,0,0,0,86528,128,479,1042,4127414465,4202674747,1074944,0
1344,1116992,134336,145344,0,5376,13632,591104,160320,66880,40512,1076480,0,1280,585728,0,0,0,0,0,0,128,128,35904,512,36608,0,0,0,86912,128,473,1029,3756699323,311942934,1062848,0
1345,1117120,153152,138624,0,4032,13504,524096,103296,180416,159360,957760,5440,1280,518784,50432,0,12800,0,0,1,0,0,0,0,38080,0,24704,128,40256,128,462,994,3338636917,3845754405,944256,0
1346,1116928,134464,145536,0,3968,13504,435584,98112,285760,264640,852288,0,1408,430208,0,0,0,0,0,0,0,0,0,0,34688,0,0,0,63296,128,460,994,2500517401,3501428537,838784,0
1347,1116992,134400,142720,0,6400,13504,426432,98880,294656,273344,843648,0,1344,420992,0,0,0,0,0,0,0,0,0,0,34880,0,0,0,63872,128,463,998,3012533089,581154889,830144,0
1348,1117056,134080,142528,0,7232,14336,466816,91648,260416,239296,877760,0,1280,461568,0,0,0,0,0,0,0,0,0,0,26944,0,0,0,64576,128,462,998,2411241209,3890546313,863424,0
1349,1116864,134080,143104,0,7552,13632,478656,99008,240832,219712,897152,0,1344,473152,0,0,0,0,0,0,0,0,0,0,33472,0,0,0,65408,128,464,1006,1108507558,152730447,883520,0
1350,1677312,254016,135040,0,5568,35136,679232,97600,470720,449152,1228160,49216,1280,673920,161472,0,23872,83392,1,2,0,0,0,0,31168,0,44288,13888,8064,192,465,1003,549987532,2224652178,1193024,0
1351,1116864,143616,142976,0,3648,13376,501056,105792,206400,185728,931136,0,1344,495744,0,0,0,0,0,0,0,0,0,0,37952,0,0,0,67712,128,471,1028,174378076,4010459954,917760,0
1352,1116992,145344,141376,0,3584,13440,518528,98304,196416,175488,941504,0,1344,513152,0,0,0,0,0,0,0,0,0,0,33024,0,0,0,65088,192,467,1026,3570202659,3481802252,928064,0
1353,1116864,166208,142784,0,3648,13504,445248,98560,246912,226048,890816,0,1344,439808,0,0,0,29568,0,0,0,0,0,0,32640,0,0,0,65792,128,461,1004,1578692214,3986256357,877312,0
1354,1117056,144896,142784,0,3584,13568,445632,91264,275328,254272,862784,0,1344,440256,0,0,0,0,0,0,0,0,0,0,26752,0,0,0,64384,128,463,998,2984904694,927314759,849216,0
1355,1117248,144768,135616,0,4544,13696,463168,99264,256192,235200,882048,0,1344,457792,0,0,0,0,0,0,0,0,0,0,34240,0,0,0,64896,128,465,1007,1612964504,1057050719,868352,0
1356,1116800,134016,144000,0,3584,13568,484544,97728,239360,218240,898560,0,1280,479360,0,0,0,0,0,0,0,0,0,0,32640,0,0,0,64960,128,464,1003,1047953702,2726770895,884992,0
1357,1676992,212160,142720,0,11712,13568,776064,144256,376512,355584,1321408,110080,1280,770624,223744,0,23488,52736,2,2,0,0,0,0,38272,0,45184,14144,46528,128,486,1074,3506906059,3637140028,1307840,0
1358,1116992,144448,142144,0,15040,14080,522496,187712,91072,69568,1047424,0,1280,516928,0,0,0,0,0,0,0,0,0,0,46848,0,0,0,140736,128,495,1120,677930275,3253828645,1033344,0
1359,1117056,144768,143488,0,3840,13504,527872,194240,89344,68352,1048704,0,1280,522432,0,0,0,0,0,0,0,0,0,0,53248,0,0,0,140800,192,500,1150,2870790151,1230306616,1035200,0
1360,1116864,133888,135680,0,3840,20032,578560,200128,44736,18688,1098176,0,1280,572992,0,0,0,0,0,0,0,0,0,0,55744,0,0,0,144256,128,502,1149,2535855842,992047852,1078144,0
1361,1117120,133824,143296,0,4992,20096,526464,197952,90496,69568,1047552,0,1344,521088,0,0,0,0,0,0,0,0,0,0,53952,0,0,0,143808,192,495,1116,1932848082,2307619598,1027456,0
1362,1117248,133440,143104,0,6080,20480,526464,196416,91264,70144,1047104,0,1344,521024,0,0,0,0,0,0,0,0,0,0,51840,0,0,0,144448,128,493,1117,1474740499,2532717837,1026624,0
1363,1116864,132736,143232,0,5120,20416,594816,159104,61440,40576,1076288,0,1408,589376,0,0,0,0,0,0,0,0,0,0,48640,0,0,0,110336,128,479,1045,2013553166,524939765,1055872,0
1364,1116800,133312,143040,0,3584,20096,574336,117184,125248,104256,1012544,0,1344,569088,0,0,0,0,0,0,0,0,0,0,47104,0,0,0,69952,128,457,1013,1745097982,1916022196,992448,0
1365,1677184,147904,135744,0,3712,41920,647872,119232,580800,558784,1118400,45568,1280,642560,88704,0,13184,0,1,1,0,0,0,0,49088,0,21888,512,47616,128,463,1013,3994795939,3294319245,1076480,0
1366,1117056,133312,143040,0,3648,19840,519552,116608,181056,159552,957504,0,1344,514304,0,0,0,0,0,0,0,0,0,0,46784,0,0,0,69696,128,460,1020,2721941093,2230745599,937664,0
1367,1117120,133440,142400,0,3648,33792,508544,114944,180352,158976,958144,0,1344,503296,0,0,0,0,0,0,0,0,0,0,44864,0,0,0,69952,128,453,1008,4133944849,168514907,924352,0
1368,1116800,133760,142784,0,3776,20160,478080,113152,225088,204032,912768,0,1408,472832,0,0,0,0,0,0,0,0,0,0,44160,0,0,0,68864,128,447,991,1895557553,1456584950,892608,0
1369,1116992,165376,142080,0,3840,20544,554048,128320,102784,81920,1035072,4480,1344,548864,50944,0,12608,0,0,1,0,0,0,0,39168,0,23744,448,64832,128,469,1025,1575592243,1619481482,1014528,0
1370,1677376,250240,135168,0,11712,20864,667520,115904,475968,454656,1222720,67904,1408,662144,186304,0,24768,78848,1,2,0,0,0,0,45248,0,52096,16704,1728,128,461,1017,2837787626,1556538266,1201856,0
1371,1677248,197440,142144,0,10368,20480,634560,140416,531840,510720,1166528,57280,1344,629184,120064,0,13696,19264,1,1,0,0,0,0,66688,0,24512,1152,47872,192,463,1046,3247775201,2943422684,1146048,0
1372,1116800,152256,142336,0,3968,19968,425344,111552,261376,240320,876480,0,1344,419904,0,0,0,0,0,0,0,0,0,0,42368,0,0,0,69056,128,471,1054,2230973199,902366153,856512,0
1373,1117120,151680,143680,0,6400,20864,421440,114368,258688,237568,879552,0,1280,415936,0,0,0,0,0,0,0,0,0,0,44288,0,0,0,69952,128,458,1031,1133229405,2203442834,858688,0
1374,1117184,152576,142656,0,6464,20544,414464,104896,275584,254144,863040,0,1280,409280,0,0,0,0,0,0,0,0,0,0,35520,0,0,0,69248,128,464,1040,713307164,1479750429,842496,0
1375,1116672,152576,148032,0,5376,20032,413376,102144,275136,254336,862336,0,1280,408000,0,0,0,0,0,0,0,0,0,0,31232,0,0,0,70784,128,471,1032,307858588,2225383912,842304,0
1376,1117248,153280,144640,0,4736,19968,407104,93632,293888,267200,850048,0,1408,401728,0,0,0,0,0,0,0,0,0,0,24832,0,0,0,68672,128,486,1048,426379099,615219180,830080,0
1377,1117248,153216,145984,0,3904,20800,419712,94208,279424,258048,859200,0,1280,414400,0,0,0,0,0,0,0,0,0,0,24448,0,0,0,69632,128,478,1041,3321136258,1540052573,838400,0
1378,1116160,152256,145408,0,3840,20416,452672,93568,248000,227008,889152,0,1280,447296,0,0,0,0,0,0,0,0,0,0,24192,0,0,0,69248,128,484,1056,423649564,776436126,868736,0
1379,1117440,164352,146112,0,3904,42176,452544,101760,206592,185024,932416,0,1280,447232,0,0,0,0,0,0,0,0,0,0,32256,0,0,0,69376,128,488,1061,1372205260,1954424419,890240,0
1380,2237312,640960,138176,0,11968,34688,733440,142016,536064,514624,1722688,55488,1280,728064,109184,442880,14464,31552,1,1,0,0,0,0,68992,0,25152,448,47296,128,483,1069,3065412432,943023510,1688000,0
1381,1116864,170304,144768,0,6976,20672,535552,132032,106560,85568,1031296,39872,1280,530304,78528,0,11712,0,1,1,0,0,0,0,58944,0,19200,128,53632,128,483,1067,2729833452,3847389993,1010624,0
1382,1116864,165824,144576,0,6272,34432,452096,121344,192320,171264,945600,0,1344,446592,0,0,0,0,0,0,0,0,0,0,48896,0,0,0,72320,128,484,1067,4143774479,2322546413,911168,0
1383,1116992,171968,144704,0,5312,20480,496000,121856,156672,135744,981248,0,1344,490688,0,0,0,0,0,0,0,0,0,0,48704,0,0,0,73024,128,492,1077,2233996431,1918811311,960768,0
1384,1677248,187008,143680,0,6208,20928,659776,123712,535936,514752,1162496,7680,1344,654464,92480,0,21184,0,0,2,0,0,0,0,48192,0,49664,576,25152,128,464,1034,3248394015,3824900191,1141568,0
1385,1677184,144448,137984,0,5184,20480,746944,125824,496320,474816,1202368,0,1408,741440,0,0,0,0,0,0,0,0,0,0,51264,0,0,0,74432,128,436,997,1956514270,188606387,1181888,0
1386,1676992,143616,143680,0,3840,20288,675456,117760,572352,550848,1126144,0,1344,670144,0,0,0,0,0,0,0,0,0,0,41920,0,0,0,75648,192,447,1017,3461069120,4014633979,1105856,0
1387,1117248,154048,142464,0,3840,19968,543424,112896,140608,119488,997760,0,1344,538112,0,0,0,0,0,0,0,0,0,0,38976,0,0,0,73792,128,446,1020,1377330665,2633691178,977792,0
1388,1116928,155136,142400,0,3840,20416,501248,112832,181056,160000,956928,0,1280,496128,0,0,0,0,0,0,0,0,0,0,39104,0,0,0,73600,128,446,1016,4206051248,2619491126,936512,0
1389,1116672,143872,142080,0,3840,20800,515840,101888,188352,167104,949568,0,1280,510528,0,0,0,0,0,0,0,0,0,0,28864,0,0,0,72896,128,444,1000,3744374233,3956126958,928768,0
1390,1117184,154560,135936,0,3840,20288,481216,100352,220992,199936,917248,0,1344,476032,0,0,0,0,0,0,0,0,0,0,28672,0,0,0,71552,128,442,1006,145315523,1453185996,896960,0
1391,1116928,155456,144768,0,3840,20608,530112,108416,153728,131840,985088,0,1408,524800,0,0,0,0,0,0,0,0,0,0,36544,0,0,0,71680,192,451,1041,3851592364,1929016353,964480,0
1392,1117056,156736,143296,0,3776,42624,613824,106752,50048,23488,1093568,57472,1280,608576,103424,0,12736,0,1,1,0,0,0,0,35136,0,26176,128,45184,128,454,1021,1667117196,3682262292,1050944,0
1393,1117056,153728,143424,0,4608,20352,444224,98112,252608,231424,885632,0,1344,438976,0,0,0,0,0,0,0,0,0,0,28992,0,0,0,68992,128,463,1039,1734704234,1970254097,865280,0
1394,1677184,154304,142976,0,10688,20352,750912,91648,506304,485120,1192064,0,1344,745600,0,0,0,0,0,0,0,0,0,0,22784,0,0,0,68736,128,474,1057,465566973,1281307748,1171712,0
1395,1677056,161856,135552,0,6336,34176,615616,142976,580544,558784,1118272,5120,1216,610240,47616,0,9728,0,0,1,64,128,41088,512,26944,0,25472,128,48448,192,491,1070,3583994647,528226147,1084096,0
1396,1116992,144384,143296,0,6976,20928,441664,149120,210624,189376,927616,0,1280,436416,0,0,0,0,0,0,128,128,47360,512,27520,0,0,0,73344,128,496,1108,2969515134,2042011489,906688,0
1397,1677056,223872,142720,0,6144,34816,619136,219264,431104,410112,1266944,7360,1344,613696,102208,0,21376,79232,0,2,192,256,87680,1152,32448,0,49984,8000,39424,128,503,1131,1939593842,1705669984,1232128,0
1398,1677120,182656,144320,0,3776,20544,690816,254784,380224,359232,1317888,60800,1344,685504,161152,0,25600,0,1,2,192,256,90240,1216,45952,0,52672,3648,60480,128,535,1222,1980835113,537574888,1297344,0
1399,1677120,154304,144128,0,6080,20480,544064,298304,509760,488448,1188672,0,1280,538752,0,0,0,0,0,0,192,192,128768,1728,47360,0,0,0,119936,128,537,1204,2905621775,4262770173,1168192,0
1400,1677184,142848,136576,0,6400,21056,533760,302016,534528,513216,1163968,0,1344,528256,0,0,0,0,0,0,192,256,135680,1728,45440,0,0,0,118592,128,537,1198,1940346324,3260221479,1142912,0
1401,1677120,144192,143168,0,10368,20800,614272,303488,440832,419712,1257408,0,1280,608896,0,0,0,0,0,0,320,320,136512,1536,44352,0,0,0,120320,128,528,1185,406053697,1847706182,1236608,0
1402,1677184,144768,143360,0,3840,20480,514752,300096,549888,528640,1148544,0,1280,509504,0,0,0,0,0,0,192,320,136256,1664,42688,0,0,0,118848,128,523,1172,4176490819,857416498,1128064,0
1403,1677184,131968,143872,0,3776,41856,510016,299968,545728,524416,1152768,0,1344,504640,0,0,0,0,0,0,320,256,135296,1600,43776,0,0,0,118592,128,516,1162,1940641972,473571571,1110912,0
1404,1116800,145024,143808,0,6144,20864,508416,248320,44224,23168,1093632,0,1280,503104,0,0,0,0,0,0,256,256,136768,1536,30912,0,0,0,78464,128,500,1121,4214057252,2323656657,1072768,0
1405,1116928,144704,136256,0,6080,21248,520256,256512,31872,10688,1106240,0,1344,515008,0,0,0,0,0,0,320,320,137088,1600,38272,0,0,0,78784,128,500,1134,2103024116,377952359,1084992,0
1406,1677184,160576,143616,0,3840,20416,682048,276416,390272,369024,1308160,7296,1344,676608,94784,0,21312,0,0,2,256,320,137792,1728,38208,0,50112,192,47680,128,502,1117,1404560016,2312404070,1287744,0
1407,1676992,161792,142016,0,3776,20224,583360,270016,495808,474560,1202432,0,1344,578048,2880,0,0,0,0,1,320,192,136128,1600,35584,0,0,128,95936,128,508,1143,671818220,2433137185,1182208,0
1408,1676864,144832,142336,0,6208,21312,596544,222848,542784,516544,1160320,0,1344,591168,0,0,0,0,0,0,128,256,93056,1024,34240,0,0,0,94016,128,490,1090,3710254714,963345546,1139008,0
1409,1677504,147648,142464,0,7552,20992,712512,217216,429120,405312,1272192,8896,1344,707200,101184,0,22144,0,0,2,128,192,91904,1280,29248,0,53056,576,40640,192,498,1100,2058521001,2752187176,1251200,0
1410,1116864,145088,134336,0,4352,20416,587200,169216,56256,35200,1081664,0,1408,581824,0,0,0,0,0,0,128,128,47296,512,29376,0,0,0,91584,192,487,1069,2310464058,2746330790,1061248,0
1411,1677120,163968,143168,0,2432,21056,593664,174720,578112,554816,1122304,0,1408,588416,2752,0,0,0,0,1,128,64,47424,512,35328,0,0,64,91072,128,490,1077,1854353588,2770228064,1101248,0
1412,1116992,133440,142336,0,2304,20032,587456,124032,107392,86144,1030848,0,1216,582144,0,0,0,0,0,0,0,0,0,0,34880,0,0,0,89024,128,482,1049,2133821,820634136,1010816,0
1413,1116928,144768,142336,0,2304,20480,532544,109504,164992,143552,973376,0,1280,527296,0,0,0,0,0,0,0,0,0,0,21248,0,0,0,88128,128,479,1044,3547483111,3763407278,952896,0
1414,1116928,144896,142848,0,2368,20288,534592,109312,162624,141056,975872,0,1344,529280,0,0,0,0,0,0,0,0,0,0,20608,0,0,0,88576,128,475,1040,2595776251,4223516680,955584,0
1415,1116672,152832,138304,0,4160,20480,536448,80576,183872,162944,953728,43392,1344,531136,89856,0,12992,0,1,1,0,0,0,0,13184,0,26112,128,41024,128,471,1026,4253513258,221656281,933248,0
1416,1117120,144768,144960,0,3712,42944,433216,80320,267200,246144,870976,0,1280,427904,0,0,0,0,0,0,0,0,0,0,12224,0,0,0,67968,128,479,1038,316604665,1204962533,828032,0
1417,1117056,154880,144704,0,6016,20544,439808,91776,259328,237952,879104,0,1280,434560,0,0,0,0,0,0,0,0,0,0,22656,0,0,0,68992,128,477,1037,1244129800,1193149454,858560,0
1418,1116992,194880,145088,0,5888,20736,581184,94656,74560,53184,1063808,63488,1344,575872,113600,0,14656,30336,1,1,0,0,0,0,24896,0,26048,1088,42496,128,467,1024,4246890127,2142398079,1043072,0
1419,1116864,151744,145536,0,4352,20288,428992,88896,277056,255744,861120,0,1280,423616,0,0,0,0,0,0,0,0,0,0,20800,0,0,0,67968,128,460,1006,3696846745,1083485577,840832,0
1420,1116992,177344,137088,0,2368,19904,571904,80384,128000,106880,1010112,8640,1408,566528,95104,0,20480,0,0,2,0,0,0,0,12416,0,50688,192,16960,128,467,1018,1837504032,1213417917,990208,0
1421,1117056,140096,143424,0,10752,9792,523648,125056,164288,142272,974784,0,1280,518400,0,0,0,0,0,0,128,45504,192,576,14272,0,0,0,64256,128,470,1023,218053194,2712994797,964992,0
1422,1115264,160768,144704,0,3648,9984,486080,125952,184128,164992,950272,0,1408,480704,0,0,0,0,0,0,128,45696,256,576,14208,0,0,0,64896,192,467,1026,3826854155,2825757429,940288,0
1423,1116992,162304,144256,0,3712,9856,510016,140736,146112,126400,990592,0,1344,504576,0,0,0,0,0,0,128,46144,256,512,27648,0,0,0,65920,128,463,1022,2299811903,1515126906,980736,0
1424,1117120,158016,143680,0,3648,9856,558336,138624,104960,80064,1037056,46080,1216,553152,89408,0,11840,0,1,1,192,46464,256,640,25472,0,24640,128,40704,128,480,1049,4273044786,2255687911,1027200,0
1425,1116928,150976,137664,0,3712,9920,472384,126784,215488,196160,920768,0,1280,467136,0,0,0,0,0,0,128,46464,256,448,14272,0,0,0,65088,128,475,1026,3943814443,2451182995,910848,0
1426,1116864,169536,145216,0,3648,9920,573248,125184,90112,70720,1046144,43520,1408,567872,84736,0,12032,0,1,1,128,46336,256,512,13632,0,21504,128,42560,128,463,1009,839462013,1889706853,1036224,0
1427,1677376,173888,141760,0,10176,23552,634688,147136,546176,526528,1150848,0,1280,629504,0,0,0,0,0,0,128,46656,192,512,31744,0,0,0,67776,128,470,1036,2294142802,2364583532,1127296,0
1428,1677184,193024,142272,0,3840,9536,745984,154432,428096,408384,1268800,0,1344,740736,0,0,0,0,0,0,128,46400,192,576,40384,0,0,0,66624,128,471,1052,165784906,3670509532,1259264,0
1429,1116800,202368,142272,0,4992,9984,558720,155520,42944,23360,1093440,0,1280,553536,0,0,0,0,0,0,128,46464,192,576,41920,0,0,0,66112,128,474,1060,1728388758,3779742086,1083456,0
1430,1116928,171520,135040,0,6976,32640,533184,150080,87488,67968,1048960,0,1280,527680,0,0,0,0,0,0,128,46400,256,576,34944,0,0,0,67648,128,478,1062,2959241130,3034370469,1016320,0
1431,1677120,197824,142208,0,10496,24064,849280,206208,247040,227520,1449600,43712,1344,844032,85440,0,12032,0,1,1,128,47552,256,512,39872,0,21760,128,95872,128,481,1081,3158317710,2268667975,1425536,0
1432,1116928,195392,142144,0,3776,24384,476608,201984,72640,53376,1063552,0,1344,471424,0,0,0,0,0,0,128,47296,256,640,39040,0,0,0,114496,128,478,1076,4252266120,3464975056,1039168,0
1433,1116928,165312,141760,0,3840,24192,451712,193280,136832,117440,999488,0,1280,446464,0,0,0,0,0,0,128,47040,256,576,30912,0,0,0,114240,128,474,1067,1523439228,4232207964,975296,0
1434,1117184,175680,141312,0,3776,9856,474304,192896,119360,99584,1017600,0,1344,469056,0,0,0,0,0,0,128,47360,192,576,30720,0,0,0,113792,128,471,1064,3769176297,1068461192,1007744,0
1435,1677184,191808,136256,0,3840,9984,657920,203776,473600,453888,1223296,0,1344,652544,0,0,0,0,0,0,128,47040,192,576,39872,0,0,0,115840,128,473,1067,1339285739,2732264747,1213312,0
1436,1677312,172992,143552,0,6208,9856,582336,202560,559808,540288,1137024,0,1280,577024,0,0,0,0,0,0,128,47232,320,576,39424,0,0,0,114752,128,478,1071,3382361292,714781414,1127168,0
1437,1117440,174464,142464,0,7296,10112,535616,192384,55104,35328,1082112,0,1344,530304,0,0,0,0,0,0,128,47040,192,512,30912,0,0,0,113472,128,476,1048,596006601,3680951449,1072000,0
1438,1116288,141056,143744,0,4416,10304,527040,194880,94848,75712,1040576,0,1344,521664,0,0,0,0,0,0,128,47872,192,576,31808,0,0,0,114176,128,485,1063,3313492831,2868179416,1030272,0
1439,1117120,130240,143616,0,2368,9856,521216,193216,116608,97216,1019904,0,1344,516032,0,0,0,0,0,0,128,47552,256,448,31552,0,0,0,113152,128,476,1044,830397515,393152622,1010048,0
1440,1116672,141504,136512,0,2368,9856,472640,145536,208256,183744,932928,0,1344,467392,0,0,0,0,0,0,128,47488,192,512,30720,0,0,0,66368,128,475,1037,1086305938,1679291410,923072,0
1441,1117440,142144,143680,0,2368,9984,510336,151872,157056,137600,979840,0,1280,505024,0,0,0,0,0,0,128,46912,192,512,37568,0,0,0,66432,128,475,1040,1125443197,3657577060,969856,0
1442,1116672,130496,144576,0,2368,9664,505280,137280,187008,167680,948992,0,1280,500160,0,0,0,0,0,0,128,47424,256,512,22720,0,0,0,66048,192,450,1008,2184646864,1811984442,939328,0
1443,1677440,590016,143616,0,2368,9664,617472,127360,186944,167104,1510336,53760,1344,612096,116736,448768,12544,0,1,1,128,47360,256,576,14336,0,23936,64,40576,128,462,1022,433896181,3831037676,1500672,0
1444,1116992,131456,143488,0,9792,31488,574528,126528,99712,80064,1036928,0,1280,569472,0,0,0,0,0,0,128,47040,192,576,14208,0,0,0,64256,128,455,1001,3624978341,123719249,1005440,0
1445,1116736,131840,136512,0,3648,9792,561472,126656,146816,127104,989632,0,1344,556160,0,0,0,0,0,0,128,47104,256,576,13824,0,0,0,64640,128,455,1002,2570766009,3314547999,979840,0
1446,1676736,163776,142976,0,10240,9856,781440,150016,418432,399040,1277696,45376,1344,775872,137792,0,26816,0,1,2,128,46848,192,512,22208,0,47680,576,31744,128,460,1006,1958679963,3267195831,1267840,0
1447,1677312,163392,142464,0,3776,9728,703552,149248,505152,485632,1191680,4608,1280,698176,50752,0,10752,0,0,2,128,47424,256,512,20544,0,26048,256,53952,128,478,1034,450559540,126903189,1181952,0
1448,1676992,139200,142784,0,4928,10112,815872,148992,415104,395648,1281344,0,1344,810432,0,0,0,0,0,0,128,47360,256,576,19776,0,0,0,80768,128,490,1055,835878418,2287609498,1271232,0
1449,1677248,130688,142656,0,7040,9792,817600,139392,430080,410560,1266688,0,1280,812224,0,0,0,0,0,0,128,47104,192,512,13696,0,0,0,77632,128,472,1025,2366173472,3160828521,1256896,0
1450,1677184,130752,134720,0,5056,10048,823104,142976,430528,410688,1266496,0,1408,817920,0,0,0,0,0,0,128,47296,256,512,13824,0,0,0,80832,128,473,1036,3140586071,4009960814,1256448,0
1451,1677056,131904,142592,0,3648,9920,720512,140800,527680,507968,1169088,0,1344,715264,0,0,0,0,0,0,128,47360,256,512,13824,0,0,0,78592,128,480,1035,4222474897,2676027568,1159168,0
1452,1677184,151296,142528,0,4864,9856,699904,137792,530944,511616,1165568,4672,1408,694592,49600,0,12800,0,0,1,64,47232,192,576,23744,0,24704,192,40960,128,459,991,950852439,2459937625,1155712,0
1453,1116672,131200,143040,0,6016,9984,510592,135680,180160,160704,955968,0,1344,505088,0,0,0,0,0,0,128,47296,256,576,22912,0,0,0,64384,128,462,996,867796667,2116129450,945984,0
1454,1116864,220160,142976,0,6848,10112,463424,137344,136000,116416,1000448,0,1344,458048,0,0,0,79296,0,0,128,47616,256,512,21888,0,0,0,66816,128,447,987,655834269,1376922767,990336,0
1455,1117120,130624,137792,0,5824,10048,441856,127168,263808,243904,873216,0,1344,436416,0,0,0,0,0,0,128,46976,256,512,14208,0,0,0,64960,128,451,993,422366396,3192564828,863168,0
1456,1677056,149568,143872,0,10304,32064,607168,185984,548096,523328,1153728,56576,1280,601728,98304,0,11584,0,1,1,128,46720,192,512,30336,0,22656,128,85120,192,460,1058,3683552470,999784956,1121664,0
1457,1117056,131008,144768,0,3712,24448,408128,182976,222016,202944,914112,0,1344,402880,0,0,0,0,0,0,128,46720,256,512,30016,0,0,0,105216,128,478,1054,3535264066,3814459769,889664,0
1458,1117056,160192,144448,0,3712,9984,577984,189696,31040,11648,1105408,51520,1344,572608,142784,0,26688,0,1,2,128,46016,256,512,37312,0,47296,576,57472,128,486,1078,1825011830,2534711793,1095424,0
1459,1117248,130176,144448,0,3712,9856,427712,189632,211712,192192,925056,0,1408,422400,0,0,0,0,0,0,128,46848,192,576,35968,0,0,0,105792,128,486,1073,3827993857,3806179958,915200,0
1460,1116864,165184,138880,0,5952,10112,474176,190272,132288,112960,1003904,4672,1280,468928,46464,0,11008,19456,0,1,128,46848,256,512,36672,0,23360,128,82240,128,480,1059,623703432,2106675683,993792,0
1461,1116992,130368,145216,0,5952,9920,423296,184256,217984,198016,918976,0,1280,417920,0,0,0,0,0,0,64,47168,192,576,30080,0,0,0,106048,128,487,1074,3507897283,1654977486,909056,0
1462,1116736,153984,145024,0,4224,10048,423552,144512,235392,215936,900800,0,1344,418112,0,0,0,18304,0,0,128,46720,192,512,30208,0,0,0,66624,128,474,1025,404116847,1595070706,890752,0
1463,1117248,129536,143744,0,2368,9856,413760,144448,273536,254080,863168,0,1280,408384,0,0,0,0,0,0,128,47232,192,512,30912,0,0,0,65280,192,472,1040,4273633548,3092525460,853312,0
1464,1116992,129856,145408,0,2368,9984,462016,152832,214528,194944,922048,0,1344,456576,0,0,0,0,0,0,128,46976,192,512,37888,0,0,0,67008,128,477,1051,2392983241,1878051227,912064,0
1465,1116992,129920,137088,0,2432,9856,441280,150208,246208,226304,890688,0,1344,436032,0,0,0,0,0,0,192,47360,256,512,35712,0,0,0,66048,128,463,1028,1347584595,1547059967,880832,0
1466,1116736,129600,144384,0,2368,9728,461248,150976,218432,198912,917824,0,1344,455936,0,0,0,0,0,0,192,47040,192,512,36672,0,0,0,66240,128,475,1034,2485166303,1558682378,908096,0
1467,1117184,130688,143360,0,2368,9664,446848,144128,240128,220416,896768,0,1280,441728,0,0,0,0,0,0,128,47104,256,512,30400,0,0,0,65600,128,467,1026,478117044,3887956868,887104,0
1468,1116800,153216,142144,0,4480,9792,618688,162560,25920,6080,1110720,40384,1344,613312,91200,0,13440,0,1,1,128,47232,192,576,28160,0,26816,384,58944,128,462,1031,2236594910,2556022525,1100928,0
1469,1676928,353024,142016,0,3776,9856,710912,153856,303488,283840,1393088,121024,1280,705728,227904,186176,24832,0,2,2,128,47232,320,640,38400,0,51712,3136,12160,128,457,1016,1931374435,1931624561,1383232,0
1470,1116864,153792,134720,0,10560,9728,499840,154304,153920,132608,984256,0,1216,494592,0,0,0,0,0,0,64,45440,256,576,41344,0,0,0,66496,128,455,1039,670520025,649669566,974528,0
1471,1116992,146880,142976,0,6272,31872,448000,143168,197824,178048,938944,0,1280,442560,0,0,0,0,0,0,128,46592,192,512,30080,0,0,0,65536,128,448,1020,1336199115,425132987,907072,0
1472,1116608,162176,143232,0,5120,9856,508608,144128,143488,119232,997376,4544,1408,503232,46080,0,10112,0,0,1,128,46720,256,512,30336,0,23744,768,41536,128,452,1022,2020384881,3914543265,987520,0
1473,1117184,156608,143616,0,6016,9920,451264,137472,212288,192704,924480,0,1280,445888,0,0,0,0,0,0,128,46656,192,576,24128,0,0,0,65664,128,450,1007,1585572695,1105448066,914560,0
1474,1116800,145984,142784,0,6336,9856,467200,138048,206592,187456,929344,0,1280,461888,0,0,0,0,0,0,128,47360,320,576,23616,0,0,0,65920,128,456,1017,1787403988,3926584148,919488,0
1475,1677312,173248,135872,0,11392,10048,629120,147328,570304,551104,1126208,77696,1344,623936,132544,0,12864,0,1,1,128,47296,192,576,32000,0,25344,128,41536,128,451,995,1406128177,336996880,1116160,0
1476,1117184,146112,143488,0,3776,9856,477760,144704,191488,171904,945280,0,1344,472576,0,0,0,0,0,0,128,47168,256,512,30400,0,0,0,66112,128,446,1013,723791171,1430961905,935424,0
1477,1116928,146624,142912,0,3712,9664,484992,148544,180480,161152,955776,0,1280,479744,0,0,0,0,0,0,128,47488,256,576,34688,0,0,0,65280,128,471,1056,3589325654,568417317,946112,0
1478,1116928,153792,144256,0,3840,9728,476608,147712,180992,161536,955392,0,1408,471104,0,0,0,0,0,0,192,47104,256,512,33664,0,0,0,65856,128,468,1049,292344841,1413482548,945664,0
1479,1116928,131648,143040,0,3776,9920,453312,147904,227328,208000,908928,0,1344,447808,0,0,0,0,0,0,128,47552,320,512,33280,0,0,0,65984,128,476,1058,3924120330,1824282940,899008,0
1480,2237184,648256,135488,0,12608,24512,696320,171648,548352,528960,1708224,17984,1280,691136,72448,454528,12416,31808,0,1,128,47424,256,576,55616,0,25088,384,42048,128,471,1063,716069352,1184375787,1683712,0
1481,1117120,152128,143936,0,4032,24320,496448,176832,119424,100032,1017088,0,1216,491200,0,0,0,0,0,0,128,46656,256,640,61568,0,0,0,67392,192,491,1102,2176335994,2100209925,992768,0
1482,1116992,139712,143936,0,3968,24576,429248,175808,199744,180608,936384,0,1216,423872,0,0,0,0,0,0,128,47744,256,512,60288,0,0,0,66752,128,480,1079,3443943180,2293370453,911808,0
1483,1117248,138368,144064,0,6272,24640,421696,172672,209536,190016,927232,0,1344,416256,0,0,0,0,0,0,128,46976,256,640,58304,0,0,0,66240,128,492,1095,3732599296,2294545884,902592,0
1484,1677056,195392,143104,0,5056,9984,646656,188480,488384,468864,1208192,54208,1280,641280,146880,0,24448,20928,1,2,128,46656,256,576,52800,0,49856,1152,36928,128,490,1095,1469743642,2941403247,1198208,0
1485,1116928,166272,136128,0,3968,31296,468032,185728,125504,105728,1011200,0,1280,462784,0,0,0,0,0,0,128,47232,256,576,50432,0,0,0,86976,128,492,1098,3201314558,1606162367,979904,0
1486,1677056,147136,142720,0,3904,9984,636544,183872,552896,533824,1143232,0,1280,631360,2752,0,0,0,0,1,128,47296,192,576,48000,0,0,128,87424,128,470,1058,3920925099,3191059154,1133248,0
1487,1677120,131200,142528,0,7488,24576,653760,186496,531072,511616,1165504,0,1216,648384,0,0,0,0,0,0,128,47744,256,576,50816,0,0,0,86848,128,451,1019,2329578642,335150826,1140928,0
1488,1676864,130880,142592,0,5376,9984,623936,183040,581056,555456,1121408,0,1344,618560,0,0,0,0,0,0,128,47104,256,512,48640,0,0,0,86272,128,455,1025,1629298551,1133957757,1111424,0
1489,1117248,130816,142528,0,3648,10048,607296,179072,43840,24704,1092544,0,1344,601984,0,0,0,0,0,0,128,47552,256,512,42176,0,0,0,88320,128,461,1048,3901783113,2524259669,1082496,0
1490,1117184,132160,135104,0,3712,9856,600384,170304,65664,46592,1070592,0,1280,595136,0,0,0,0,0,0,192,47104,256,512,36928,0,0,0,85184,128,465,1050,942031704,556568117,1060736,0
1491,1117120,130880,141760,0,3584,9600,616128,170752,44416,24832,1092288,0,1344,610816,0,0,0,0,0,0,64,47168,256,512,36672,0,0,0,85952,128,458,1025,648020322,3743192996,1082688,0
1492,1116992,131648,141888,0,3712,9984,600384,161792,67584,48192,1068800,0,1344,595136,0,0,0,0,0,0,128,47424,256,512,28096,0,0,0,85248,128,464,1029,2646502817,2858886997,1058816,0
1493,1676992,162816,142528,0,3648,9856,670080,153536,534528,515136,1161856,9024,1344,664832,89984,0,21632,0,0,2,128,47296,192,448,38080,0,45888,192,21184,128,467,1044,3746892012,3271997031,1152000,0
1494,1116928,131072,143168,0,3712,9920,480576,150784,197696,178496,938432,0,1344,475264,0,0,0,0,0,0,128,47168,256,576,36032,0,0,0,66496,128,470,1025,466431064,1549516355,928512,0
1495,1117184,131712,138496,0,6080,10176,472640,136000,222080,202304,914880,0,1280,467264,0,0,0,0,0,0,128,47168,192,512,22272,0,0,0,65600,128,461,1021,894088432,2410238533,904704,0
1496,1116992,131456,145024,0,5888,10432,483200,128192,212800,193280,923712,0,1344,477824,0,0,0,0,0,0,128,47360,256,512,14272,0,0,0,65536,128,464,1025,3482211694,748065981,913280,0
1497,1117504,150400,143616,0,11776,9984,574272,127360,100096,80320,1037184,62016,1344,568896,110528,0,11968,0,1,1,64,46976,192,576,14080,0,22464,64,42752,192,468,1027,4158123885,3229663024,1027200,0
1498,1116544,131712,144448,0,3840,9664,442752,126848,257280,237632,878912,0,1280,437632,0,0,0,0,0,0,128,46976,256,576,13824,0,0,0,64832,256,455,1026,3748110363,3394704706,869248,0
1499,1117184,172096,144448,0,3840,32000,536384,137920,90496,70528,1046656,6336,1344,531136,49472,0,11136,18304,0,1,128,46528,256,704,23360,0,23296,128,43392,128,458,1032,4262432575,1244666832,1014656,0
1500,1116736,154368,137408,0,3776,9856,426816,137024,247488,227776,888960,0,1280,421632,0,0,0,18112,0,0,64,47616,256,576,21952,0,0,0,66432,128,466,1032,3463919386,2431511831,879104,0
1501,1116864,130112,143936,0,3904,9792,559424,156224,113472,94080,1022784,0,1344,554240,0,0,0,0,0,0,128,47552,192,512,40768,0,0,0,66944,128,490,1064,2730730653,2390830943,1012992,0
1502,1116800,130560,144768,0,3968,9664,591552,150464,85824,66432,1050368,0,1408,586176,0,0,0,0,0,0,128,47360,256,512,36736,0,0,0,65344,128,484,1053,3842089594,952851047,1040704,0
1503,1117056,131264,144704,0,6144,9728,510080,145664,169472,150144,966912,0,1280,504640,0,0,0,0,0,0,128,47552,192,512,30272,0,0,0,66880,128,472,1046,329500254,3841800699,957184,0
1504,1116992,150528,145280,0,6656,10112,583360,193536,27520,3136,1113856,4992,1344,578048,50880,0,12224,0,0,1,128,46720,192,512,38592,0,24512,704,82048,128,502,1138,3485137523,2397252483,1103744,0
1505,1116928,131200,137856,0,6976,9728,459776,198720,172672,153408,963520,0,1344,454464,0,0,0,0,0,0,128,46720,256,576,45632,0,0,0,105216,192,483,1085,3455630583,1570462380,953792,0
1506,1677440,220672,143616,0,3712,9792,545920,196992,556736,537024,1140416,0,1280,540864,0,0,0,80704,0,0,64,46272,192,512,44096,0,0,0,105728,128,478,1073,3932567449,2788821329,1130624,0
1507,1677120,130368,152448,0,6144,10240,604608,199488,573824,554048,1123072,0,1216,599360,0,0,0,0,0,0,128,47168,192,512,44736,0,0,0,106624,128,479,1062,3238295966,652782743,1112832,0
1508,1117056,130880,142272,0,6016,10048,523392,191232,113216,93568,1023488,0,1280,517888,0,0,0,0,0,0,128,46208,320,512,38272,0,0,0,105664,128,473,1059,1791023147,2409595212,1013440,0
1509,1116736,130560,142656,0,3712,9472,456512,193920,179904,160320,956416,0,1280,451136,0,0,0,0,0,0,128,47168,256,704,38720,0,0,0,106816,128,490,1098,2290866521,768165111,946944,0
1510,1116992,153792,135168,0,3648,9728,571904,152832,89920,70464,1046528,56832,1344,566464,106624,0,13376,0,1,1,128,47808,256,576,37824,0,27328,384,38400,128,491,1057,2768997872,1892755737,1036800,0
1511,1116992,131072,142080,0,4864,10048,497664,159296,171968,152320,964672,0,1344,492352,0,0,0,0,0,0,128,47168,256,576,44736,0,0,0,66304,128,491,1080,1390877411,2216900624,954624,0
1512,1117056,132160,144000,0,6016,9792,451072,159936,214080,194240,922816,0,1280,445696,0,0,0,0,0,0,128,47360,256,512,44928,0,0,0,66624,128,491,1074,74959173,753095877,913024,0
1513,1677184,130496,143104,0,11136,31744,784640,175808,400256,380352,1296832,0,1344,779264,0,0,0,0,0,0,128,47040,256,576,60864,0,0,0,66816,128,501,1116,2613562074,245713458,1265088,0
1514,1676736,157248,142656,0,3840,9600,729600,171328,462464,443136,1233600,4544,1280,724160,47232,0,10368,0,0,1,128,48000,192,512,54912,0,23552,640,43264,128,471,1051,1658349981,1776690806,1224000,0
1515,1117120,130688,136896,0,3840,9792,656192,156160,23552,3776,1113344,0,1280,650752,0,0,0,0,0,0,128,46848,192,512,41728,0,0,0,66560,192,488,1089,259032371,3931879444,1103552,0
1516,1678656,171392,143680,0,12992,27008,772672,162560,388352,367040,1311616,15680,1280,767296,92672,0,23296,0,0,1,128,45376,256,512,46592,0,38336,128,31104,128,486,1095,702124108,1316031696,1284608,0
1517,1116928,207104,144000,0,4096,27328,532096,169088,33216,11520,1105408,5376,1344,526656,52480,0,12096,31168,0,1,128,42496,256,576,53248,0,25728,1088,45440,128,482,1088,2664502166,4034199610,1078080,0
1518,1116928,154816,144256,0,6336,26816,426560,162816,195328,174400,942528,0,1280,421120,0,0,0,0,0,0,128,43008,256,512,48384,0,0,0,70464,64,472,1068,3933974197,2845457259,915712,0
1519,1116992,165312,143360,0,6272,12672,448256,158848,182272,161216,955776,0,1280,442880,0,0,0,0,0,0,128,42624,256,448,43648,0,0,0,71616,128,481,1089,2685236568,3735958363,943104,0
1520,1116864,189568,136768,0,5888,12288,535680,158464,78208,51904,1064960,4416,1280,530304,47680,0,10496,0,0,1,128,42944,256,512,43392,0,25728,128,45248,128,498,1104,583236707,2642353778,1052672,0
1521,1677440,159040,143936,0,18176,12224,875136,427136,41792,20288,1657152,0,1280,869760,0,0,0,0,0,0,256,41472,384,268864,42432,0,0,0,73600,128,470,1044,1322487356,3490512764,1644928,0
1522,1676864,149504,144064,0,4032,12288,830144,429568,107264,86400,1590464,0,1344,824832,0,0,0,0,0,0,256,41344,320,268160,46016,0,0,0,73344,128,469,1040,1064601934,1567795145,1578176,0
1523,1677312,150592,143232,0,6464,12608,780096,428864,155456,134528,1542784,0,1344,774592,0,0,0,0,0,0,256,41728,256,269952,43456,0,0,0,73088,128,471,1042,2784728752,604875443,1530176,0
1524,1677184,150272,144000,0,5440,12480,792832,428992,143168,121920,1555264,0,1344,787328,0,0,0,0,0,0,256,41472,384,270656,43328,0,0,0,72832,64,455,1005,3590324953,3546953358,1542784,0
1525,1677440,151040,147072,0,3904,34240,846464,412352,82368,61056,1616384,0,1280,841280,0,0,0,0,0,0,256,41408,320,267072,30720,0,0,0,72384,192,455,998,1843661270,4144469322,1582144,0
1526,2237120,163584,144384,0,4928,12096,933696,430208,548224,527168,1709952,0,1408,928192,0,0,0,0,0,0,256,41280,384,269440,45376,0,0,0,73280,192,465,1027,2882451399,3896710192,1697856,0
1527,1677248,178752,142656,0,4032,12480,825344,425600,88384,67328,1609920,0,1408,820032,0,0,0,0,0,0,256,41408,320,269568,41408,0,0,0,72512,128,483,1060,3134278856,1556445551,1597440,0
1528,1677056,169600,142720,0,6400,12416,766528,419584,159808,138496,1538560,0,1280,761344,0,0,0,0,0,0,256,41536,384,268096,37184,0,0,0,72000,128,480,1070,3256105820,1437161608,1526144,0
1529,1676992,162816,144448,0,5440,12992,890048,422080,39168,17984,1659008,0,1280,884800,0,0,0,0,0,0,256,41728,384,266944,40448,0,0,0,72192,128,479,1051,935990367,3379272450,1646016,0
1530,2237440,178176,134592,0,3968,12416,970304,421824,516160,494848,1742592,0,1280,964928,0,0,0,0,0,0,256,41280,320,268032,38272,0,0,0,73536,128,478,1041,1657395517,651455050,1730176,0
1531,2237376,174208,143424,0,6528,9984,974208,416896,512128,490880,1746496,0,1344,968896,0,0,0,0,0,0,256,41664,384,268096,36416,0,0,0,69888,192,470,1031,1185554310,1887569123,1736512,0
1532,1675776,173504,141760,0,5312,10112,819328,409216,116544,97216,1578560,0,1280,813760,0,0,0,0,0,0,256,41344,256,268160,29568,0,0,0,69440,192,470,1034,3200918210,3174338734,1568448,0
1533,1677120,164352,141888,0,3904,9984,792448,410624,153920,134784,1542336,0,1280,787200,0,0,0,0,0,0,256,41728,320,268864,30080,0,0,0,69184,192,476,1042,2406715322,715333806,1532352,0
1534,1677120,131392,141888,0,6208,10048,764800,416832,205952,186496,1490624,0,1280,759424,0,0,0,0,0,0,256,41152,256,268160,37696,0,0,0,69120,192,479,1050,1525844016,63310502,1480576,0
1535,1677312,130944,137216,0,5312,31488,749824,416960,205568,186176,1491136,0,1280,744576,0,0,0,0,0,0,192,41216,384,268864,36864,0,0,0,69312,128,477,1046,1813074192,970921589,1459648,0
1536,1676992,130880,145152,0,3712,9920,749120,415744,222464,197760,1479232,0,1280,743744,0,0,0,0,0,0,192,41024,384,269312,36352,0,0,0,68352,128,479,1045,522096717,1866975398,1469312,0
1537,1677440,131968,144960,0,6016,9664,754944,408192,221696,199552,1477888,0,1280,749696,0,0,0,0,0,0,256,41344,320,268480,29632,0,0,0,68032,128,472,1033,1581823055,1135858215,1468224,0
1538,1677184,130880,145280,0,5056,10112,774976,408512,202368,182976,1494208,0,1280,769536,0,0,0,0,0,0,256,41344,448,268480,29952,0,0,0,67840,192,473,1030,2533757980,3201282174,1484096,0
1539,1678464,132032,144768,0,4544,12544,751296,412992,220288,199296,1479168,0,1344,746048,0,0,0,0,0,0,256,41536,256,270272,30336,0,0,0,70208,128,471,1028,2146529263,2310956908,1466624,0
1540,1677184,131392,138240,0,3712,12160,761408,415232,215040,194048,1483136,0,1344,756032,0,0,0,0,0,0,256,41408,320,268544,33920,0,0,0,70656,128,474,1035,2250609324,4102413102,1470976,0
1541,2237376,201856,144640,0,3648,12032,926720,404288,544192,522816,1714560,14016,1344,921344,142912,0,35072,30784,0,3,192,41216,384,268480,22016,0,70912,768,192,128,480,1045,1727840656,320488412,1702528,0
1542,1677248,130048,144576,0,3648,12416,757824,406144,222592,201664,1475584,0,1280,752512,0,0,0,0,0,0,256,41472,320,270848,22912,0,0,0,70144,192,483,1051,3957070539,1008426085,1463168,0
1543,1677120,130048,144704,0,3712,12224,771008,395520,219904,198656,1478464,0,1344,765696,0,0,0,0,0,0,256,41408,384,268608,14848,0,0,0,69888,128,483,1050,237619921,397699478,1466240,0
1544,1677120,179648,145024,0,3648,12224,867712,395072,73792,52736,1624384,46528,1280,862336,93312,0,14848,29696,1,1,256,41344,384,267456,14208,0,23616,384,47296,128,475,1032,2005840896,4171604301,1612160,0
1545,1677184,192320,138304,0,3584,33856,770432,395200,143488,122304,1554880,0,1408,764992,0,0,0,48576,0,0,256,41792,384,268352,13824,0,0,0,70464,128,477,1036,4165987274,3780412198,1521024,0
1546,2237376,131392,144640,0,10176,10304,858560,529408,552896,531840,1705536,0,1280,853184,0,0,0,0,0,0,320,69120,92032,268736,25728,0,0,0,73344,128,490,1065,3657310606,1404318897,1695232,0
1547,2235584,152832,143744,0,3840,24640,949184,543232,418112,398528,1837056,54720,1344,943808,142464,0,21696,0,1,2,384,69120,92224,268736,39424,0,50176,576,22528,64,477,1052,2692843140,668600531,1812416,0
1548,3357760,646336,142080,0,5120,24512,1522688,558208,458816,439616,2918144,120704,1408,1517312,268800,438848,38848,31424,2,3,256,69568,91392,268288,54720,0,70272,1344,2240,128,475,1058,678274696,3165032872,2893632,0
1549,2237248,165568,142976,0,4160,24832,790912,552512,556288,536832,1700416,0,1280,785600,0,0,0,0,0,0,384,63552,91648,268992,55168,0,0,0,72640,128,472,1046,138632785,2259363906,1675584,0
1550,1676800,140864,135168,0,4096,25024,730752,456192,184704,165760,1511040,0,1280,725376,0,0,0,0,0,0,256,64064,320,268352,53504,0,0,0,69568,128,467,1032,4032090509,2502075448,1486016,0
1551,2237568,218944,149568,0,4224,24512,1291648,476864,71808,52352,2185216,108800,1344,1286208,228736,0,26688,52800,2,2,192,69376,320,272384,65728,0,48960,14592,5184,128,478,1074,708707677,1992237000,2160704,0
1552,1677312,165440,142976,0,5120,24640,773632,470848,94656,70016,1607296,0,1344,768256,0,0,0,0,0,0,192,63744,320,267328,69312,0,0,0,69824,128,473,1059,1675887364,2312896245,1582656,0
1553,1677120,140800,142656,0,4288,46016,700032,471488,171840,152448,1524672,0,1280,694912,0,0,0,0,0,0,128,63232,384,267648,69824,0,0,0,70144,128,477,1067,2305944023,972946838,1478656,0
1554,2237312,251136,142784,0,4416,24448,1260928,485760,67840,48320,2188992,58688,1280,1255552,216000,0,35264,71680,1,3,192,69888,384,266752,78144,0,70464,14656,0,128,478,1054,459521541,247211334,2164544,0
1555,1677184,164736,136384,0,4608,25152,739264,481024,126016,106624,1570560,0,1344,733888,0,0,0,0,0,0,256,63488,384,269184,78592,0,0,0,68992,128,476,1043,2248671120,3877393899,1545408,0
1556,1677440,164160,143104,0,4416,24512,702272,481792,157184,137600,1539840,0,1280,696960,0,0,0,18240,0,0,192,63552,384,269184,78528,0,0,0,69824,128,471,1029,1549506816,346210011,1515328,0
1557,2237312,220160,142976,0,4608,24640,1238784,487552,118592,98752,2138560,52096,1344,1233472,170176,0,25024,52928,1,2,192,69568,384,268928,78784,0,49024,14528,6016,128,470,1064,3225177340,3155553345,2113920,0
1558,1676672,165504,143232,0,4800,24896,758080,482688,97472,78336,1598336,0,1408,752640,0,0,0,0,0,0,256,63680,384,269696,79296,0,0,0,69248,128,464,1043,257334512,2263886088,1573440,0
1559,1677120,139520,142912,0,4800,24640,712320,480704,172224,153024,1524096,0,1344,706944,0,0,0,0,0,0,256,63744,320,267584,79936,0,0,0,68736,128,467,1052,2920706021,3036069778,1499456,0
1560,2237568,220096,136704,0,4928,24256,1216576,486464,148544,129152,2108416,10752,1216,1211200,124864,0,22592,52800,0,2,256,69568,320,267520,78592,0,47808,14400,7808,192,478,1043,890491404,1825779040,2084160,0
1561,1677120,165120,142912,0,4992,24896,774528,472832,91840,72512,1604608,0,1216,769152,0,0,0,0,0,0,256,63232,384,268096,72192,0,0,0,68544,128,476,1032,2705852888,2135467595,1579712,0
1562,1677312,139840,142912,0,4992,46080,712320,467584,163584,143872,1533440,0,1280,706944,0,0,0,0,0,0,320,63424,384,267648,66688,0,0,0,68992,128,472,1024,3495165566,1469130635,1487360,0
1563,2237376,220352,142976,0,4992,24192,1238912,473152,132800,113344,2124032,8896,1344,1233600,123840,0,22912,52864,0,2,256,70016,384,267968,65728,0,48256,14528,5888,128,469,1022,4281901100,1466823415,2099840,0
1564,1679744,165888,143104,0,5056,25216,743168,466816,130496,108096,1571648,0,1280,737728,0,0,0,0,0,0,320,63360,384,268736,65408,0,0,0,68480,128,464,1005,2122983261,31352413,1546432,0
1565,1672640,140224,136960,0,5824,24448,702592,466816,195776,175104,1497536,0,1280,696192,0,0,0,0,0,0,256,63488,320,268480,65280,0,0,0,68864,128,462,997,437901464,494643107,1473088,0
1566,2237504,219840,144000,0,5056,24064,1154112,471168,219264,199616,2037888,8896,1344,1148736,123648,0,23232,53312,0,2,256,69376,256,267328,65024,0,47872,14400,6464,192,476,1033,92836367,3468596987,2013824,0
1567,1676864,165440,142208,0,5056,25280,745408,466304,127168,108224,1568640,0,1344,739968,0,0,0,0,0,0,256,63808,384,267712,65152,0,0,0,68864,128,477,1030,3518201051,1934490209,1543360,0
1568,1677440,139712,142016,0,6400,24768,689344,467776,207424,182784,1494656,0,1344,683968,0,0,0,0,0,0,320,63360,384,267712,65856,0,0,0,69952,192,474,1025,762964438,2053068821,1469888,0
1569,2237184,232192,142080,0,6336,24768,1224256,471488,136064,116480,2120704,13440,1216,1219072,171456,0,33664,52800,0,3,256,69120,256,268864,64384,0,73920,14912,0,128,474,1027,3920117254,248781475,2095936,0
1570,1676992,164480,135680,0,4992,24704,733632,468416,145088,125824,1551168,0,1280,728192,0,0,0,0,0,0,256,63424,384,267648,67456,0,0,0,69120,128,473,1022,3744841140,1335885927,1526464,0
1571,1677312,141056,142208,0,4992,46848,691520,467392,183296,163456,1513856,0,1280,686080,0,0,0,0,0,0,192,63744,384,268608,65984,0,0,0,68352,128,471,1018,4192452260,382816486,1467008,0
1572,2237440,219328,142336,0,8064,25024,1155776,471104,215808,196352,2041088,10880,1216,1150464,126208,0,23424,53504,0,2,256,69504,448,267456,65024,0,48320,14528,5440,128,470,1031,3591870548,30683811,2016064,0
1573,1677120,165888,141696,0,8512,25088,738176,466816,130944,111424,1565696,0,1280,732800,0,0,0,0,0,0,256,63424,384,268288,66176,0,0,0,68096,192,465,1027,862621398,3196188266,1540608,0
1574,1676864,140608,141760,0,6080,24896,673792,466560,223168,203776,1473088,0,1216,668352,0,0,0,0,0,0,256,63872,384,268416,64832,0,0,0,68672,128,463,1017,270009781,48781616,1448192,0
1575,2237184,219584,137536,0,7424,24512,1198656,472128,177344,157888,2079296,8960,1344,1193280,122880,0,22912,52992,0,2,192,69056,384,269120,65088,0,47616,14592,5952,128,469,1015,1740213294,2473640276,2054784,0
1576,1677312,166144,145152,0,6528,25024,739008,466816,128640,109248,1568064,0,1280,733568,0,0,0,0,0,0,256,64064,384,267840,65472,0,0,0,68672,128,469,1013,2089099670,3092918617,1543040,0
1577,1676928,141376,145088,0,4608,24320,684352,466432,210752,191424,1485504,0,1344,679040,0,0,0,0,0,0,256,62912,320,267712,66048,0,0,0,69056,128,467,1005,2650467005,1905871469,1461184,0
1578,2237440,220352,144704,0,8256,25216,1196096,471936,170880,151488,2085952,8896,1344,1190656,123456,0,22464,53312,0,2,256,69632,320,267648,65600,0,48384,14592,5312,192,469,1041,477299788,3303389739,2060736,0
1579,1677504,165504,144064,0,6400,25216,725440,464832,146048,126656,1550848,0,1280,720192,0,0,0,0,0,0,256,63424,384,266560,65344,0,0,0,68672,192,469,1037,3817099082,3650873892,1525632,0
1580,1677248,140544,138176,0,4544,46464,700288,467456,179776,160320,1516928,0,1280,694912,0,0,0,0,0,0,256,63616,384,268608,66048,0,0,0,68416,128,465,1023,3217244205,3134498844,1470464,0
1581,2236864,219904,143744,0,7232,24768,1172416,469760,199040,179712,2057152,8896,1344,1166976,124416,0,23104,53120,0,2,192,69440,384,266688,64768,0,48320,14592,5184,192,466,1028,734651744,981612907,2032384,0
1582,1677376,165248,144128,0,6400,25088,731840,468032,136640,117184,1560192,0,1216,726528,0,0,0,0,0,0,256,63360,384,267072,67712,0,0,0,69120,128,468,1032,785896861,673335282,1535104,0
1583,1676864,140416,144064,0,4480,24832,696064,465152,201856,182528,1494336,0,1408,690688,0,0,0,0,0,0,256,63552,320,266624,65280,0,0,0,68992,128,464,1026,2291112277,477161674,1469504,0
1584,2237440,221376,143872,0,4672,24768,1180544,468992,193216,168512,2068928,57216,1344,1175168,175168,0,24960,53184,1,2,256,69312,448,265984,64768,0,48704,14656,4736,128,462,1033,326428706,4102818668,2044160,0
1585,1677312,165696,138176,0,4800,25024,739072,463552,140992,121472,1555840,0,1408,733760,0,0,0,0,0,0,256,63488,384,266496,63680,0,0,0,69120,128,454,1017,373753520,3968251513,1530816,0
1586,1677120,140544,143744,0,4736,24832,675712,465856,221696,202496,1474624,0,1344,670272,0,0,0,0,0,0,256,64000,256,266944,65728,0,0,0,68544,128,457,1024,4101966539,440715990,1449792,0
1587,2237376,239424,142400,0,17088,24704,1122560,538240,152960,133504,2103872,49664,1344,1117184,162624,0,23936,52608,1,2,448,69696,68480,269248,55488,0,34688,14592,25472,128,477,1074,3601459531,1950434461,2079168,0
1588,1677120,128832,143872,0,5056,24768,680512,525312,168768,149568,1527552,0,1408,675136,0,0,0,0,0,0,512,62912,68416,269120,51456,0,0,0,72768,128,480,1077,2127211705,3305663746,1502784,0
1589,1677120,129152,142336,0,4992,46272,697152,596544,60672,41152,1635968,0,1344,691904,0,0,0,0,0,0,576,63936,131712,270080,52288,0,0,0,77824,128,496,1121,4229153698,1408871716,1589696,0
1590,1677120,129408,134784,0,7552,9856,690176,582016,123328,103872,1573248,0,1280,684800,0,0,0,0,0,0,448,64000,131200,269504,39424,0,0,0,77312,128,491,1098,1888489657,3185746415,1563392,0
1591,2237376,218432,142208,0,8064,9984,928960,604800,324928,305152,1932224,8832,1408,923456,133888,0,22656,51968,0,2,896,81792,135168,271168,36224,0,49088,14016,16320,128,487,1077,3544178131,2745512752,1922240,0
1592,2237184,140352,142208,0,5568,9920,784320,586432,568384,548672,1688512,0,1344,779008,0,0,0,0,0,0,640,68992,131968,271936,34496,0,0,0,78272,128,475,1071,2706231568,2357324172,1678592,0
1593,1677312,128768,142400,0,4736,9856,795904,565120,30528,11264,1666048,0,1344,790464,0,0,0,0,0,0,576,68928,132288,269312,16896,0,0,0,76992,128,462,1052,4078395183,2057477461,1656192,0
1594,1677376,128448,142272,0,4800,9984,781568,496256,114048,94528,1582848,0,1344,776256,0,0,0,0,0,0,512,68480,68032,269824,16512,0,0,0,72768,128,446,998,1563366975,2278215587,1572864,0
1595,2237376,127552,140608,0,14592,13696,886656,569472,484800,455232,1782144,0,1280,880128,0,0,0,0,0,0,576,68928,136384,269120,15616,0,0,0,78720,128,460,1042,2276235212,1480138646,1768448,0
1596,1676992,128320,143488,0,21568,10112,773504,495936,104064,83840,1593152,0,1280,768064,0,0,0,0,0,0,512,68800,68096,269248,15680,0,0,0,73408,192,444,988,2165543783,1768669886,1583040,0
1597,1676992,128384,143616,0,6080,9984,780160,563648,45120,25728,1651264,0,1280,774656,0,0,0,0,0,0,512,68416,132416,268544,15424,0,0,0,78208,128,462,1028,1199207416,2421528692,1641280,0
1598,1677312,128704,143552,0,4736,31616,765824,492096,110784,91200,1586112,0,1408,760448,0,0,0,0,0,0,448,68800,67648,267072,15680,0,0,0,72320,128,452,994,3920830297,4029422850,1554496,0
1599,2237120,146880,143360,0,8064,9856,826368,567104,535488,516032,1721088,4672,1344,820992,41600,0,10176,0,0,1,512,68736,132800,270528,15872,0,19456,128,58944,128,468,1045,4019785621,2956977759,1711232,0
1600,1676992,142272,137088,0,6848,9984,795904,496576,88320,63168,1613824,0,1344,790592,0,0,0,0,0,0,384,68864,67584,270080,15872,0,0,0,73664,128,445,975,3035137603,2774018907,1603840,0
1601,2237440,142336,143552,0,4224,9856,800320,565504,571648,552256,1685184,0,1344,795072,0,0,0,0,0,0,576,68992,131264,270976,15616,0,0,0,77952,128,464,1026,3176518304,1615713251,1675328,0
1602,1677248,143168,143552,0,6784,9728,807168,495168,71680,52416,1624832,0,1216,801792,0,0,0,0,0,0,448,68736,67904,270208,15808,0,0,0,71936,128,460,1008,1424891692,2117731736,1615104,0
1603,2237632,142528,143424,0,5760,9984,820416,568384,547136,527360,1710272,0,1280,814976,0,0,0,0,0,0,640,69632,131840,271680,15936,0,0,0,78528,128,470,1044,2888730843,984389506,1700288,0
1604,1677184,154816,143488,0,3904,9920,784768,494400,85888,66176,1611008,0,1280,779584,0,0,0,0,0,0,448,69440,68736,269248,15616,0,0,0,70784,128,454,1007,1497526317,4119942581,1601088,0
1605,2237312,142400,136320,0,7552,9984,830208,568832,542016,522688,1714624,0,1344,824832,0,0,0,0,0,0,640,69440,131968,271808,16064,0,0,0,78784,128,482,1067,844848724,2446665404,1704640,0
1606,1676992,141824,142848,0,5504,10176,734976,496000,145664,126080,1550912,0,1216,729600,0,0,0,0,0,0,384,68672,67648,269760,16256,0,0,0,73152,128,464,1019,1780013190,2835256636,1540736,0
1607,1677504,142016,141824,0,3712,46336,747648,570432,25536,5824,1671680,0,1280,742272,0,0,0,0,0,0,640,68992,134400,268480,15872,0,0,0,81920,128,477,1054,1839406005,2882887767,1625344,0
1608,2237248,232896,141632,0,3712,9984,966720,532416,349888,330304,1906944,66176,1280,961280,195648,0,22592,79616,1,2,512,69312,100416,270016,15808,0,46720,25856,3584,192,470,1029,3129752391,3300915296,1896960,0
1609,2237440,173568,142208,0,10624,9792,989632,578048,333568,313856,1923584,92416,1280,984320,188096,0,26048,0,2,2,576,69120,132480,269952,26560,0,45952,1216,32064,128,480,1053,2123794241,2025963636,1913792,0
1610,2237184,202304,136064,0,10240,9984,970240,589440,318912,299392,1937792,110464,1344,964864,208704,0,26880,32576,2,2,576,69568,132544,270656,36736,0,49408,896,28928,128,488,1081,2530047874,3756919075,1927808,0
1611,2237312,153792,141760,0,6336,9856,808576,631680,485312,465728,1771584,51328,1344,803200,106368,0,14528,0,1,1,640,68416,166976,272128,42176,0,24064,128,57024,128,494,1106,1605193360,3045812034,1761728,0
1612,2237376,601344,141760,0,3840,9984,814976,595968,69504,49984,2187392,57984,1280,809728,125952,459712,12416,0,1,1,576,68928,133376,271744,41664,0,24640,128,54784,128,495,1079,2447529883,3165346440,2177408,0
1613,1677248,128320,141760,0,6080,10496,682944,628544,79104,59520,1617728,0,1344,677568,0,0,0,0,0,0,576,69120,166528,269568,41408,0,0,0,81216,128,498,1092,1189492598,1965781397,1607232,0
1614,1676864,129472,141760,0,5120,10048,676096,606912,107456,88064,1588800,0,1344,670720,0,0,0,0,0,0,640,69440,132928,269184,56384,0,0,0,78208,128,494,1076,1386316578,2263071868,1578752,0
1615,2237376,192192,138880,0,10368,10048,1008128,611072,266688,247296,1990080,113408,1344,1002816,255616,0,38976,31872,2,3,576,69888,132928,270592,56384,0,73792,2944,3840,128,487,1078,1275499632,2667623938,1980032,0
1616,1677184,128384,144576,0,3840,31488,656128,559104,153664,128960,1548224,0,1280,650816,0,0,0,0,0,0,512,68672,99648,268224,45632,0,0,0,76288,128,476,1045,952200009,792906246,1516736,0
1617,1677696,150272,144960,0,6976,9728,710272,535872,119616,99456,1578240,0,1344,704832,0,0,0,0,0,0,448,68672,68608,268544,55168,0,0,0,74304,128,476,1036,147365961,2446828089,1568512,0
1618,2236800,204864,144640,0,18176,10176,1020864,584256,253824,234688,2002112,89472,1280,1015616,183680,0,27840,30144,2,2,384,70720,118784,267648,48768,0,48896,896,27968,192,456,999,2913731671,3180341297,1991936,0
1619,2797760,225280,154304,0,8640,28288,1587840,549632,243776,216192,2581568,253632,3200,1577472,466240,0,60288,20928,3,6,384,68864,84736,268544,53440,0,103424,2112,0,128,456,1017,2102729688,2640105033,2553280,0
1620,2237248,164288,144384,0,14784,25216,876288,546816,465472,445888,1791360,0,1280,870976,0,0,0,0,0,0,384,63744,84672,269056,56256,0,0,0,72576,128,468,1025,2642737551,3862477108,1766144,0
1621,2237440,139520,144448,0,5696,24576,903808,547328,472064,452480,1784960,0,1280,898560,0,0,0,0,0,0,384,63744,85120,269952,55872,0,0,0,72128,128,464,1017,2390212120,4016146349,1760384,0
1622,2237120,150400,138304,0,4288,9792,877312,547968,509056,489792,1747328,0,1280,872128,0,0,0,0,0,0,384,63616,85312,268672,57728,0,0,0,72128,128,462,1023,3711674013,1281261563,1737536,0
1623,2237440,162752,145600,0,4224,9984,976448,559872,378560,359104,1878336,0,1216,971264,0,0,0,0,0,0,448,68928,83968,268928,63040,0,0,0,74432,128,472,1029,1393184536,1233822905,1868352,0
1624,1677440,131072,144256,0,4224,30784,876800,468800,21504,1664,1675776,0,1344,871616,0,0,0,0,0,0,192,69312,320,270912,58048,0,0,0,69888,128,463,994,3720385043,2946880496,1644992,0
1625,1677056,164416,144128,0,6592,10176,754944,462400,134400,115072,1561984,4480,1344,749376,46080,0,10688,18304,0,1,256,69504,384,269888,52736,0,23104,576,45824,128,466,998,2048990895,4138071509,1551808,0
1626,1677056,153792,144256,0,5504,10176,714688,461632,187008,167296,1509760,0,1408,709312,0,0,0,17984,0,0,256,69504,384,267456,53952,0,0,0,69952,128,448,964,2713530468,853345158,1499584,0
1627,2237440,161536,136832,0,23040,10496,1152192,554368,198976,179328,2058112,106240,1344,1146816,192000,0,24576,0,2,2,43328,68288,640,269056,57088,0,46912,448,68480,128,461,1006,3718305830,1988540580,2047616,0
1628,1677184,131264,144384,0,4352,10112,726464,538496,122112,102464,1574720,0,1280,721216,0,0,0,0,0,0,43392,68672,640,271552,41536,0,0,0,112576,128,464,1014,4006651753,1206689659,1564608,0
1629,2237120,234432,144384,0,12352,25728,1158400,539072,122752,103488,2133632,51136,1408,1152960,124608,0,12480,82432,1,1,43584,69056,512,269632,43328,0,22592,17088,73152,128,435,976,3630536866,927599815,2107904,0
1630,2237696,144384,144192,0,4544,25536,829568,545408,544064,524480,1713216,0,1280,824192,0,0,0,0,0,0,44224,69760,512,269952,45440,0,0,0,115392,128,412,955,1094011113,4036158242,1687680,0
1631,1676992,132416,142848,0,4480,25344,765696,578432,27776,8192,1668800,0,1344,760384,0,0,0,0,0,0,43456,68096,448,267968,48064,0,0,0,150272,128,400,934,4206776954,345721108,1643456,0
1632,1676992,131712,135232,0,6784,10368,758144,583936,50816,25920,1651072,0,1216,752768,0,0,0,0,0,0,43712,69184,512,270080,48768,0,0,0,151552,128,415,989,310166959,1314992176,1640704,0
1633,1677376,155648,141248,0,5696,32384,738944,548992,54464,34944,1642432,0,1344,733632,0,0,0,0,0,0,43264,69312,576,268032,52032,0,0,0,115648,128,393,907,2534201212,452248343,1610048,0
1634,2237184,131264,141056,0,5504,10624,830720,552704,565312,545664,1691520,0,1344,825408,0,0,0,0,0,0,43712,68928,512,266752,54592,0,0,0,118080,128,431,1003,888620356,1459724800,1680896,0
1635,2237248,141248,141376,0,6848,10304,847744,588736,500992,481536,1755712,0,1216,842496,0,0,0,0,0,0,43584,69312,448,269376,53440,0,0,0,152448,128,451,1056,527822433,735914490,1745408,0
1636,2237376,131008,141120,0,6592,10432,813440,583744,551040,531200,1706176,0,1344,808256,0,0,0,0,0,0,44032,68800,512,268928,48256,0,0,0,153088,128,462,1082,3609719887,2859713995,1695744,0
1637,1676864,130816,135232,0,6976,26048,773504,550400,53888,34176,1642688,0,1344,767936,0,0,0,0,0,0,44352,68928,512,270208,49216,0,0,0,117056,128,458,1051,3509574751,2790362211,1616640,0
1638,1678784,130048,141056,0,6400,15040,775040,533888,77312,56256,1622528,0,1280,769728,0,0,0,0,0,0,43904,69824,512,268928,32640,0,0,0,117888,192,436,1027,688619320,2398007921,1607488,0
1639,2237184,131072,144256,0,5376,14784,846336,575360,520000,498752,1738432,0,1344,840960,0,0,0,0,0,0,43904,68224,576,268736,38720,0,0,0,155072,128,419,967,2944714647,3332153666,1723648,0
1640,2237440,165120,144128,0,3968,14848,808832,573696,526848,505600,1731840,4480,1344,803520,46208,0,10944,19392,0,1,43712,69312,576,270144,37376,0,23360,128,128960,128,419,986,2270987704,4076922599,1716992,0
1641,1677120,153088,142336,0,3968,14784,753856,549888,59200,38464,1638656,0,1280,748544,0,0,0,17984,0,0,53952,68672,576,267456,36352,0,0,0,122688,192,401,939,2894796460,1029653445,1623872,0
1642,1677312,130560,136000,0,4800,31936,747584,529536,96896,75584,1601728,0,1344,742272,0,0,0,0,0,0,43648,69056,576,267968,34304,0,0,0,113856,128,433,1015,1250201094,137090575,1569792,0
1643,1675648,130240,142848,0,3904,10368,741248,566848,80192,60736,1614912,0,1280,735936,0,0,0,0,0,0,43584,69248,576,268672,34496,0,0,0,150144,128,457,1055,1227535466,3945251959,1604544,0
1644,1677056,129664,142208,0,3840,10368,714560,568640,107776,88320,1588736,0,1280,709312,0,0,0,0,0,0,44096,69504,448,269696,34368,0,0,0,150336,192,449,1038,3044425894,2971915558,1578368,0
1645,1677248,130624,142272,0,3904,10240,730304,537088,122816,103296,1573952,0,1408,724864,0,0,0,0,0,0,43968,68928,640,268992,40576,0,0,0,113856,128,429,975,3489782834,2727395912,1563712,0
1646,1677184,129472,142208,0,3840,10176,696768,535424,159296,139904,1537280,0,1280,691648,0,0,0,0,0,0,43776,69440,576,268416,39744,0,0,0,113344,128,430,970,988981156,2316487610,1527104,0
1647,1677312,129920,138304,0,6528,10560,728320,571136,92544,73280,1604032,0,1280,723008,0,0,0,0,0,0,43968,69184,576,268544,38848,0,0,0,149888,128,442,1015,2686116503,424305913,1593472,0
1648,2237120,144512,143296,0,7104,10176,816768,563904,551360,526528,1710592,47616,1344,811264,109952,0,14016,0,1,1,44160,68736,576,267328,33216,0,31104,384,118272,128,427,984,3124902262,577821973,1700416,0
1649,1678656,130368,143104,0,3648,14976,723520,531968,131072,110144,1568512,0,1344,718144,0,0,0,0,0,0,44224,68288,576,269632,34304,0,0,0,114752,192,409,926,529550612,1099804962,1553536,0
1650,1677184,130240,143104,0,3712,14784,690944,531136,163264,142272,1534912,0,1280,685632,0,0,0,0,0,0,43520,69184,576,269120,33472,0,0,0,115136,128,408,927,1225140814,3727942663,1520128,0
1651,1677248,131008,141632,0,3712,15040,738624,571136,76096,54976,1622272,0,1280,733248,0,0,0,0,0,0,44352,69440,512,266496,38336,0,0,0,151872,128,423,983,359939990,1220318539,1607232,0
1652,1677376,130304,136320,0,3712,35968,725888,571840,73344,51840,1625536,0,1408,720576,0,0,0,0,0,0,43840,68160,512,270784,37952,0,0,0,150464,128,432,1002,2435330778,2155884788,1589568,0
1653,1676864,130432,142080,0,3712,14848,707264,536320,142208,121152,1555712,0,1344,702016,0,0,0,0,0,0,44096,68736,512,269760,37376,0,0,0,115712,128,414,948,820210036,553057181,1540864,0
1654,1677184,129536,142336,0,3712,14848,692480,528960,165312,143808,1533376,0,1344,687168,0,0,0,0,0,0,44352,68864,448,267840,32512,0,0,0,114880,64,416,953,497493269,3964695214,1518528,0
1655,2237248,314368,142848,0,3648,15104,754880,564608,441792,420800,1816448,0,1280,749568,0,166592,0,0,0,0,44928,69120,576,268416,29888,0,0,0,151488,192,446,1064,1648555948,841834518,1801344,0
1656,1677248,131072,142784,0,4544,14912,715968,562304,105664,84544,1592704,0,1280,710592,0,0,0,0,0,0,43840,68224,576,267456,31360,0,0,0,150720,128,447,1063,2559680987,1893614394,1577792,0
1657,2237568,149376,135616,0,3648,14592,891072,535040,508224,486848,1750720,41088,1344,885632,88704,0,13888,0,1,1,43264,68416,576,268864,37760,0,25024,0,91008,128,429,1019,1173501977,1907833927,1736128,0
1658,2237056,133888,142784,0,3712,14336,847872,530432,564032,542464,1694592,0,1344,842688,0,0,0,0,0,0,42944,67968,448,267648,35584,0,0,0,115712,128,434,1033,132431952,4017067193,1680256,0
1659,2237760,152960,142720,0,3712,14976,970432,567616,385344,363968,1873792,6208,1280,965120,49408,0,12032,0,0,1,43840,68736,576,268864,33728,0,22400,640,128704,128,449,1089,1463778530,3744535535,1858816,0
1660,2237376,133440,144704,0,3648,14528,895040,560000,486016,464832,1772544,0,1280,889728,0,0,0,0,0,0,43968,68608,512,269504,28288,0,0,0,148992,128,446,1076,1664231079,1414254929,1758016,0
1661,2237184,133888,144832,0,3712,36480,872832,521216,524224,503104,1734080,0,1344,867456,0,0,0,0,0,0,44160,67904,448,267968,25984,0,0,0,114624,128,413,995,1453417805,191648438,1697600,0
1662,2237440,133312,137664,0,3648,14464,874752,522560,551040,530112,1707328,0,1280,869504,0,0,0,0,0,0,43904,68544,512,268736,25728,0,0,0,115008,128,414,998,2004367047,3118811972,1692864,0
1663,2237120,132352,145728,0,3776,14784,931584,566528,442368,421312,1815808,0,1408,926272,0,0,0,0,0,0,43712,68352,512,268800,33280,0,0,0,151744,128,443,1074,4189626802,2863792391,1801024,0
1664,2237376,132160,144832,0,3712,14976,861376,565056,515264,488640,1748736,0,1280,856000,0,0,0,0,0,0,43904,68544,512,269888,31680,0,0,0,150400,128,444,1072,2495181539,1215671104,1733760,0
1665,2237312,131264,144704,0,3712,14720,860800,524544,557568,533568,1703744,0,1408,855488,0,0,0,0,0,0,44096,67776,512,267712,29184,0,0,0,115072,192,443,1061,290129145,3396312636,1689024,0
1666,2237248,166592,144896,0,3712,10240,998144,517696,395968,375296,1861952,4416,1344,992768,50176,0,12160,0,0,2,43904,68032,640,269632,22464,0,22912,896,89088,128,449,1056,3198035996,1700322128,1851712,0
1667,1675776,133760,139648,0,3648,25344,729024,560896,83456,61632,1614144,0,1280,723648,0,0,0,0,0,0,43520,67904,512,275648,22848,0,0,0,150336,128,473,1112,1503020526,3649067201,1588800,0
1668,1677120,133632,143808,0,6848,10240,700160,549632,132800,113216,1563904,0,1408,694784,0,0,0,0,0,0,44160,68672,448,266816,22592,0,0,0,146816,128,487,1144,547258341,3285088084,1553664,0
1669,1678528,150976,143936,0,9984,14656,843072,448512,67392,46336,1632192,55424,1280,837824,125760,0,14144,46592,1,2,45824,256,384,268352,22912,0,31168,15552,63936,128,332,748,521423813,2785701562,1617536,0
1670,1677184,104896,144064,0,3584,36160,675520,444160,268800,247488,1429696,0,1344,670208,0,0,0,0,0,0,45632,192,384,265728,21504,0,0,0,110592,128,339,762,3189786091,1207270300,1393536,0
1671,1677120,156608,142272,0,5888,14912,794944,481920,80576,59328,1617792,4544,1280,789632,70976,0,10112,53760,0,1,45760,256,320,268032,21568,0,22144,13440,110272,128,351,782,1294069138,1286979029,1602880,0
1672,1677184,105344,135616,0,4288,14720,701056,473408,242752,221440,1455744,0,1344,695616,0,0,0,0,0,0,45760,256,320,269440,13248,0,0,0,144256,128,345,766,2020363104,2538772731,1441024,0
1673,1677248,95360,142208,0,2432,14400,695424,435456,291968,270848,1406400,0,1280,690112,0,0,0,0,0,0,45824,256,320,267264,13056,0,0,0,108544,192,334,724,2945068414,889960014,1392000,0
1674,1677184,104704,142144,0,2368,14272,699840,435520,278336,257088,1420096,0,1344,694528,0,0,0,0,0,0,45440,256,320,268224,13056,0,0,0,108096,128,332,716,1159369313,1841255360,1405824,0
1675,1677248,106112,141504,0,2304,14848,775552,480128,156800,135744,1541504,0,1344,770112,0,0,0,0,0,0,45312,128,320,265856,22720,0,0,0,145664,128,350,775,3309804405,2314545642,1526656,0
1676,1677120,95360,141888,0,2368,14272,716672,479744,226816,205440,1471680,0,1280,711296,0,0,0,0,0,0,45696,192,320,266752,21504,0,0,0,145216,64,349,776,2846673835,3997836329,1457408,0
1677,1677504,105216,134464,0,2368,14592,708928,439104,272832,251392,1426112,0,1280,703680,0,0,0,0,0,0,45824,256,320,269184,12928,0,0,0,110400,192,331,715,1298727726,4136976534,1411520,0
1678,2236928,307264,141696,0,2304,14528,819520,440640,510976,489920,1747008,51456,1280,814144,99584,187392,13504,0,1,1,46720,256,320,269824,13120,0,26368,128,83776,128,329,711,1037225938,3955866404,1732480,0
1679,1677184,94528,143616,0,2304,14656,749056,476544,196480,175040,1502144,0,1344,743808,0,0,0,0,0,0,45184,256,256,271616,13568,0,0,0,145536,128,347,765,3821953511,4258588066,1487488,0
1680,2237248,184000,143424,0,2368,32000,838656,499968,536832,509952,1727296,49728,1280,833408,105600,0,12288,81536,1,1,44992,256,320,271936,37248,0,22720,13696,108672,128,350,781,1147113532,2487920011,1695296,0
1681,1675584,105408,143296,0,2304,10176,701440,460032,252928,233408,1442176,0,1280,696064,0,0,0,0,0,0,45376,256,320,270912,35136,0,0,0,107904,128,320,707,2872232120,2843262192,1432000,0
1682,1677312,93376,135616,0,3264,10240,688768,461184,284864,265280,1412032,0,1280,683520,0,0,0,0,0,0,45504,192,320,271616,35264,0,0,0,108160,128,322,713,1271363987,1158963616,1401792,0
1683,2237248,541888,142720,0,2368,10048,849216,497536,193472,173888,2063360,50688,1280,844032,122496,437952,12736,0,1,1,45632,192,256,270784,36096,0,23488,128,120832,128,339,764,3404488483,2361008524,2053312,0
1684,1677312,94336,142656,0,10176,10240,721472,495424,203008,183168,1494144,0,1280,716032,0,0,0,0,0,0,45888,320,320,270080,34944,0,0,0,143744,128,343,776,3451853801,827534816,1483904,0
1685,1676992,94784,142464,0,4864,10240,704256,457600,262784,243328,1433664,0,1344,698944,0,0,0,0,0,0,45760,256,320,268928,34688,0,0,0,107456,192,325,730,1368985243,3188309546,1423424,0
1686,1677440,182016,142784,0,6016,10304,841344,463168,31808,12160,1665280,61824,1280,835968,120960,0,12480,79360,1,1,46272,192,320,269312,36736,0,23360,14272,72576,128,319,708,2824627352,1552785591,1654976,0
1687,1676992,94144,136128,0,2368,10240,724800,496064,213248,193664,1483328,0,1280,719552,0,0,0,0,0,0,45696,256,320,270016,34944,0,0,0,144640,192,334,753,2546409218,1952716039,1473088,0
1688,1677120,111680,142208,0,2304,10112,876672,497216,36928,17152,1659968,69376,1216,871424,117440,0,12608,0,1,1,45632,256,256,272128,35008,0,28480,128,115200,128,335,749,695252163,1588429575,1649856,0
1689,1676992,105280,142976,0,2304,10368,697664,455168,263232,243904,1433088,0,1280,692352,0,0,0,0,0,0,45696,256,320,272256,28736,0,0,0,107776,128,322,712,4023017236,1941673549,1422720,0
1690,1677184,107456,142720,0,2304,46848,848768,466944,62144,42624,1634560,61248,1280,843520,110016,0,12992,0,1,1,45888,256,320,270272,41792,0,26624,576,81088,128,339,729,3662991004,3622646473,1587712,0
1691,2797760,193152,141696,0,17280,30144,1499904,586240,329344,302080,2495680,256320,3008,1488256,357568,0,25024,19648,1,2,44992,60608,576,271552,56768,0,49984,3328,98304,128,477,1045,1722467197,3633035749,2465536,0
1692,2797696,168832,139328,0,9280,30400,1308224,580992,560640,533824,2263872,256704,3136,1298176,307584,0,14272,0,1,1,43584,67584,512,270016,48256,0,24512,704,125696,128,467,1032,4173530434,3654281842,2233472,0
1693,1676928,165952,141504,0,12544,26368,756224,545600,28736,9216,1667712,0,1408,750720,0,0,0,0,0,0,44288,62400,512,274560,45248,0,0,0,118464,128,450,984,1688478329,1746564615,1641344,0
1694,1677120,151552,142464,0,4416,25856,767232,555584,30016,10496,1666624,0,1280,761728,0,0,0,0,0,0,43776,66496,448,273152,45376,0,0,0,126208,128,449,976,938421471,3748651498,1640768,0
1695,2237248,160832,142528,0,5376,25408,846912,579584,476608,457216,1780032,0,1216,841664,0,0,0,0,0,0,44224,61824,448,270720,47040,0,0,0,155200,128,465,1028,3399330040,1953271375,1754624,0
1696,1676992,162560,141760,0,4416,10304,752000,577792,28160,3520,1673472,0,1280,746560,0,0,0,0,0,0,43712,62080,576,269888,47872,0,0,0,153536,128,467,1035,4276680301,1023634770,1663168,0
1697,2237376,163520,136192,0,4480,25024,980928,500480,426752,407488,1829888,88448,1280,975552,180224,0,23040,0,2,2,320,62528,320,267328,52160,0,42240,320,75136,128,457,1001,906736689,2833414898,1804864,0
1698,1677184,145280,141824,0,4480,31744,744768,498624,110464,90816,1586368,0,1408,739328,0,0,0,0,0,0,256,62720,448,267584,52032,0,0,0,115456,128,459,1011,4105880281,1688938823,1554624,0
1699,1677120,146240,141760,0,4416,9984,796032,491904,86784,67200,1609920,0,1280,790592,0,0,0,0,0,0,320,62784,320,267072,46464,0,0,0,114816,128,449,1000,305190524,1653481746,1599936,0
1700,1677504,146240,144896,0,4480,9728,842304,499008,30848,11072,1666432,0,1344,836992,0,0,0,0,0,0,192,67200,384,267264,48896,0,0,0,114944,128,459,1009,2114607537,1664760264,1656704,0
1701,2236928,145088,145024,0,4416,9856,905856,459648,567040,547200,1689728,0,1280,900608,0,0,0,0,0,0,256,68160,384,268160,47296,0,0,0,75264,128,445,984,2093291162,2014055733,1679872,0
1702,1678016,149696,137088,0,6912,9920,896576,456640,21184,1792,1676224,5312,1280,890944,56640,0,9728,0,0,1,192,67776,320,266112,49536,0,22976,128,49472,128,404,899,227780375,2913894834,1666304,0
1703,2236544,128128,145408,0,13376,9984,957312,471872,510464,491072,1745472,46080,1344,951872,94720,0,11520,0,1,1,320,67136,640,268288,57728,0,21312,128,56192,128,333,777,4225560552,1488178408,1735488,0
1704,1677248,111168,144896,0,14016,9856,817856,456896,122560,102912,1574336,0,1280,812544,0,0,0,0,0,0,384,68160,512,268096,42624,0,0,0,76992,128,267,642,1693714777,1410377782,1564480,0
1705,1677312,112512,144832,0,5760,9792,767680,463360,173376,153728,1523584,0,1408,762048,0,0,0,0,0,0,512,67712,576,268288,49856,0,0,0,76288,128,236,546,1494017438,1709881819,1513792,0
1706,1677056,110848,144256,0,6592,10368,752576,466432,185984,166464,1510592,0,1344,747328,0,0,0,0,0,0,384,67712,512,269312,52992,0,0,0,75392,128,243,581,620846557,3892054773,1500224,0
1707,1677248,75392,137664,0,5696,9856,747520,467648,233472,213696,1463552,0,1216,742208,0,0,0,0,0,0,512,68544,448,266688,58816,0,0,0,72448,192,249,599,3191442258,4207437890,1453696,0
1708,1677184,76416,144512,0,7424,31936,764416,476032,176448,156608,1520576,0,1280,759232,0,0,0,0,0,0,448,68736,576,269696,62720,0,0,0,73728,128,264,640,3091278400,4136084651,1488640,0
1709,1678592,75648,144576,0,5568,16576,752128,478656,205440,184768,1493824,0,1280,746816,0,0,0,0,0,0,384,67136,576,267520,66624,0,0,0,76288,128,274,668,3629230910,2826930434,1477248,0
1710,1677248,75840,143360,0,6912,16832,737792,472768,223744,202944,1474304,0,1280,732416,0,0,0,0,0,0,448,67904,576,268864,58176,0,0,0,76672,128,276,674,194455613,1388790662,1457472,0
1711,1676992,76224,141888,0,6912,17280,755904,476800,201984,180736,1496256,0,1344,750656,0,0,0,0,0,0,448,68352,576,267584,64192,0,0,0,75520,128,281,690,1093875058,3243905245,1478976,0
1712,1677120,75840,135296,0,6336,17088,746496,479424,216640,189952,1487168,0,1280,741376,0,0,0,0,0,0,512,67520,576,268224,66880,0,0,0,75584,128,297,731,1998292310,3893359565,1470080,0
1713,1677248,75520,142208,0,3712,16512,733440,486016,219840,198720,1478528,0,1280,728256,0,0,0,0,0,0,384,68416,576,268352,72256,0,0,0,75904,128,309,757,28493770,1251350155,1462016,0
1714,1677120,76352,142272,0,3648,16704,713664,490752,233728,212608,1464512,0,1280,708480,0,0,0,0,0,0,448,68480,512,267712,77632,0,0,0,75840,128,316,777,2438403163,767117972,1447808,0
1715,1677312,76352,142144,0,3712,16768,699392,490560,248384,226752,1450560,0,1216,694080,0,0,0,0,0,0,384,68096,512,266304,79488,0,0,0,75648,128,324,790,3375740833,2032665309,1433792,0
1716,1677056,97216,141888,0,3776,16448,683200,487040,247488,225920,1451136,0,1280,677952,0,0,0,0,0,0,384,68032,512,268992,71488,0,0,0,77504,128,341,847,846846717,3947598121,1434688,0
1717,1677248,97216,134784,0,3776,16768,705280,493760,225664,204800,1472448,0,1344,700032,0,0,0,0,0,0,384,68608,512,268736,78336,0,0,0,77056,128,352,888,1949093239,443052923,1455680,0
1718,1677376,96576,141952,0,3712,38144,706624,486336,204032,182656,1494720,0,1344,701440,0,0,0,0,0,0,384,67904,512,267776,71552,0,0,0,78016,192,377,941,675347795,3729993973,1456576,0
1719,1676928,96896,142592,0,3840,19136,710976,490176,213312,192256,1484672,0,1344,705600,0,0,0,0,0,0,448,68032,576,267328,75520,0,0,0,78208,64,415,1014,3713133624,4003943405,1465536,0
1720,1677184,97600,142656,0,3840,19200,693504,492736,227648,206720,1470464,0,1344,688128,0,0,0,0,0,0,448,68480,576,268096,74880,0,0,0,80128,128,436,1042,4180975092,3126717146,1451264,0
1721,1677120,97216,142272,0,3840,19072,689024,497088,228608,207808,1469312,0,1408,683712,0,0,0,0,0,0,384,68096,448,267200,81472,0,0,0,79296,192,448,1070,246060667,1530282463,1450240,0
1722,1677184,97408,136576,0,3840,19072,680576,486912,252800,231296,1445888,0,1344,675200,0,0,0,0,0,0,384,68480,512,267840,71936,0,0,0,77632,128,451,1085,1127343686,3929435161,1426816,0
1723,1677120,115264,142336,0,4736,19008,798656,494848,102272,81152,1595968,40896,1344,793280,80000,0,11584,0,1,1,384,68032,448,268672,79104,0,20672,64,57344,128,454,1109,593382438,915706773,1576960,0
1724,1677184,107776,143616,0,3904,18816,675840,490240,236992,215744,1461440,0,1280,670528,0,0,0,0,0,0,384,68608,512,267008,76032,0,0,0,77568,128,451,1133,2685659550,3995231577,1442624,0
1725,1676992,109632,142720,0,6272,17024,690560,498176,212608,191744,1485248,0,1216,685312,0,0,0,0,0,0,448,68288,448,267712,83456,0,0,0,77696,128,420,1091,19601534,1321887928,1468224,0
1726,1677504,76480,143744,0,5248,16832,694720,498816,241664,220352,1457152,0,1344,689216,0,0,0,0,0,0,320,68608,448,266560,86720,0,0,0,76032,128,380,982,1705952649,4148915752,1440320,0
1727,1676928,86848,135680,0,3712,32000,700800,495360,222528,201344,1475584,0,1280,695616,0,0,0,0,0,0,448,68992,512,268864,78144,0,0,0,78272,128,383,981,3127395496,4224903546,1443584,0
1728,1677056,86720,142336,0,3840,18112,695360,491520,239168,212608,1464448,0,1280,689984,0,0,0,0,0,0,384,67520,384,266816,80576,0,0,0,75712,128,393,1003,2636743510,3552471411,1446336,0
1729,1677440,76992,143680,0,3776,16448,685440,486400,264704,243392,1434048,0,1280,680000,0,0,0,0,0,0,448,68352,448,267072,73600,0,0,0,76288,192,391,994,3761514302,3523932166,1417600,0
1730,1676928,86016,142720,0,3712,16384,685184,489536,253376,232448,1444480,0,1344,679936,0,0,0,0,0,0,384,68544,512,269120,74560,0,0,0,76288,128,387,985,430575523,3867574269,1428096,0
1731,1677184,87424,142272,0,3840,16768,729984,497216,199680,178496,1498688,0,1344,724608,0,0,0,0,0,0,448,68032,512,267520,84608,0,0,0,75968,128,389,986,906509941,1235928740,1481920,0
1732,1677312,76672,134784,0,3840,16960,699840,492544,252672,231552,1445760,0,1344,694464,0,0,0,0,0,0,448,68608,576,269760,76864,0,0,0,76160,128,383,982,1730578744,660923128,1428800,0
1733,1676928,86400,141568,0,6080,17088,728064,491136,206592,185408,1491520,0,1280,722816,0,0,0,0,0,0,448,67840,512,269184,77056,0,0,0,75968,128,390,992,3684123480,666071712,1474432,0
1734,1677120,87104,141888,0,3776,17088,712384,485056,229824,208640,1468480,0,1344,707072,0,0,0,0,0,0,384,68032,512,268288,70784,0,0,0,76928,128,400,1017,1577455623,3609046523,1451392,0
1735,2237248,104768,143488,0,10176,16576,1026624,501568,434048,412928,1824320,173824,1216,1021312,265216,0,25472,0,2,2,448,68608,512,268608,65536,0,50112,128,47488,128,402,1018,3033134001,1323315480,1807744,0
1736,1677120,87296,141824,0,4992,16960,700096,499392,226560,205376,1471744,0,1280,694912,0,0,0,0,0,0,512,68736,576,268288,65408,0,0,0,95744,128,399,1015,2431698026,2590773041,1454784,0
1737,1677888,105216,136640,0,7104,17536,801984,519488,89920,68288,1609600,0,1344,796672,2688,0,0,0,0,1,448,68096,512,279104,75840,0,0,128,95232,128,400,1015,1682927717,3084756733,1592064,0
1738,1676736,76672,141696,0,15616,40128,800704,505216,96704,67328,1609408,0,1472,792320,0,0,0,0,0,0,448,68416,640,271744,67648,0,0,0,96192,128,403,1024,3432789250,2516284939,1569280,0
1739,1677120,87040,141632,0,4992,16384,781440,499328,146304,125056,1552064,0,1280,776000,0,0,0,0,0,0,512,68160,640,273216,62208,0,0,0,94464,128,408,1033,563149127,1412776462,1535680,0
1740,2237376,93120,144704,0,15040,33088,1118272,610560,222592,193344,2044032,53504,1728,1109696,99712,0,11712,0,1,2,576,68800,72832,270784,97536,0,23488,768,75712,64,409,1047,438384352,1672002804,2010944,0
1741,2797568,181312,144832,0,13184,33152,1246784,673408,504896,483712,2313856,184960,1408,1241472,297152,0,25600,82560,2,2,512,67520,72384,271360,139840,0,49728,4096,67840,128,418,1087,4191476669,2105417738,2280704,0
1742,2237312,91072,138112,0,4288,32640,771328,696512,503360,482176,1755136,0,1408,765760,0,0,0,0,0,0,512,68672,71744,271360,162496,0,0,0,121600,128,437,1159,3091042044,2517606016,1722496,0
1743,1677184,80128,145152,0,4224,32576,660736,703488,50880,29568,1647616,0,1472,655296,0,0,0,0,0,0,512,67200,72320,270464,170880,0,0,0,121984,128,432,1145,3509018533,365652426,1615040,0
1744,1677184,78976,144640,0,4288,32640,665408,688896,62336,35840,1641344,0,1280,660096,0,0,0,0,0,0,448,68992,73024,271936,153024,0,0,0,121344,128,432,1146,1674675803,1575855116,1608704,0
1745,2237184,99904,144384,0,6400,33792,684352,708224,560128,538816,1698368,0,1472,678976,0,0,0,0,0,0,512,67456,71872,272768,173952,0,0,0,121536,128,435,1155,2017538258,400933392,1664576,0
1746,2236928,75200,143872,0,5632,33472,735040,687040,556672,535552,1701376,0,1472,729600,0,0,0,0,0,0,512,68544,71424,271488,153728,0,0,0,121216,128,445,1172,1462056478,1648343396,1667904,0
1747,2238016,92224,138048,0,10944,54080,803840,706816,432064,410752,1827264,4544,1344,798336,74240,0,9664,0,0,1,448,68608,71680,271616,211840,0,22976,256,59264,128,433,1133,3982103724,3322684411,1773184,0
1748,1676800,74432,145408,0,4288,33152,708672,640704,70144,48960,1627840,0,1344,703424,0,0,0,0,0,0,512,68544,71936,273408,144960,0,0,0,81216,128,442,1154,1066132137,3156805324,1594688,0
1749,2237184,84544,144768,0,4480,33216,694528,712320,563328,542208,1694976,0,1408,689152,0,0,0,0,0,0,512,68928,72128,272896,215680,0,0,0,82048,128,450,1184,617896618,1281091652,1661760,0
1750,2237184,85184,144960,0,7552,33728,692352,705408,568000,547008,1690176,0,1344,686976,0,0,0,0,0,0,512,68416,71616,271296,209472,0,0,0,83968,128,447,1170,1148002436,2832603865,1656448,0
1751,1677504,74560,142144,0,7424,32896,670400,717184,32896,11584,1665920,0,1280,664960,0,0,0,0,0,0,384,68416,72320,273152,221056,0,0,0,81728,128,450,1176,1091450467,1278777209,1633024,0
1752,1676928,84992,135232,0,5568,32768,679104,694912,44352,23168,1653760,0,1280,673728,0,0,0,0,0,0,512,68672,71872,272768,198784,0,0,0,82112,192,440,1144,3169189628,2864355834,1620992,0
1753,2237504,85504,142272,0,4096,33600,712192,699328,560512,539136,1698368,0,1344,706816,0,0,0,0,0,0,448,68608,72192,271552,204096,0,0,0,82304,128,444,1164,623443691,2648408151,1664768,0
1754,1677120,74752,142208,0,6464,33408,666112,701504,52672,31680,1645440,0,1344,660736,0,0,0,0,0,0,512,68416,72320,272320,206080,0,0,0,81728,128,446,1170,1659520523,3960697158,1612032,0
1755,1677056,84096,142784,0,5440,32704,671424,686144,54464,33152,1643904,0,1408,665984,0,0,0,0,0,0,448,68544,71616,271552,191744,0,0,0,82112,128,442,1149,2939603941,1632994932,1611200,0
1756,1677440,86080,142400,0,5184,54144,659904,669952,59776,38208,1639232,0,1280,654528,0,0,0,0,0,0,512,68928,71488,271744,174848,0,0,0,82304,128,436,1137,3855286557,487916034,1585088,0
1757,1676800,74560,134976,0,6208,32832,681216,658496,88512,67392,1609408,0,1344,675712,0,0,0,0,0,0,512,68800,64576,272384,169408,0,0,0,82688,128,425,1094,3697750748,1223550981,1576576,0
1758,1677184,85376,141952,0,5376,33152,644416,550464,216448,195328,1481856,0,1344,638912,0,0,0,0,0,0,320,68288,512,269952,135296,0,0,0,75968,128,418,1067,3809388471,2292216484,1448704,0
1759,1677440,85056,143168,0,6208,32960,661184,545472,203392,181888,1495552,0,1344,655744,0,0,0,0,0,0,384,69056,384,271680,127488,0,0,0,76352,128,428,1092,1300779412,3408558685,1462592,0
1760,1676928,75520,142976,0,5312,32896,618048,540800,261376,235072,1441856,0,1344,612672,0,0,0,0,0,0,384,68608,448,271168,123648,0,0,0,76416,128,426,1080,2120045414,3969775644,1408960,0
1761,1677312,85440,142592,0,3840,32640,646080,526016,240704,219328,1457984,0,1344,640640,0,0,0,0,0,0,384,68992,576,271168,108608,0,0,0,76160,128,423,1069,738450243,472389575,1425344,0
1762,2237056,140416,136000,0,3840,34688,781568,574656,565888,544576,1692480,52352,1408,776128,129536,0,12992,19264,1,1,448,67072,71744,270464,83392,0,56768,832,23808,128,560,1371,780407399,2162384176,1657792,0
1763,1677440,108544,142720,0,3776,34432,656256,561280,170432,149056,1528384,0,1280,650944,0,0,0,0,0,0,384,67584,71424,288512,52800,0,0,0,80448,128,556,1376,3109651056,3263918,1493952,0
1764,1677312,158336,143104,0,4672,36224,646400,559808,128768,107264,1570048,0,1280,640896,0,0,0,0,0,0,320,67200,72768,273088,65600,0,0,0,80704,128,670,1624,1812586764,3801740959,1533824,0
1765,1676608,144768,143104,0,3904,36736,649344,566912,131840,110848,1565760,0,1280,644096,0,0,0,0,0,0,320,67648,71872,273216,74560,0,0,0,79168,128,668,1595,1698501536,1764754106,1529024,0
1766,1677440,133504,143296,0,3968,57856,626624,542848,169344,148160,1529280,0,1344,621312,0,0,0,0,0,0,320,67392,71296,273088,49792,0,0,0,80832,128,665,1573,1644623199,1962392008,1471424,0
1767,2237056,161536,136512,0,3968,37312,813888,563392,520448,499712,1737344,51328,1280,808576,132480,0,21760,0,1,2,448,67328,71744,269184,54464,0,42432,128,57536,128,656,1563,2917424175,1315514795,1700032,0
1768,1677440,151552,143296,0,4032,36416,722560,560896,58688,37248,1640192,0,1280,717184,2688,0,0,0,0,1,256,67776,70656,267648,55360,0,0,128,99008,64,662,1567,709715832,2458630962,1603776,0
1769,2237248,163776,143232,0,6528,37184,805184,558144,523200,502016,1735232,4416,1344,799808,48256,0,12096,0,0,1,384,68032,71296,270272,48064,0,23104,704,76224,64,653,1537,3934914129,2270563000,1698048,0
1770,2237248,206208,143104,0,10752,36800,891264,569088,380032,358720,1878528,52352,1280,885952,111936,0,14592,32512,1,1,320,70528,70848,267584,59648,0,25920,704,73408,128,629,1496,3034174005,4260973014,1841728,0
1771,1677248,161088,142144,0,6592,36544,755712,543040,32128,10880,1666368,4608,1280,750272,51072,0,9664,0,0,1,384,70144,71296,268608,52800,0,23168,4672,51840,128,648,1525,2362942378,2110917214,1629824,0
1772,2237632,214720,134272,0,5376,35968,938112,596032,313152,291776,1945856,62464,1408,932736,178496,0,21952,52160,1,2,384,70784,71680,270848,64192,0,42560,14016,61440,128,644,1528,3347926450,3744995726,1909888,0
1773,1676800,132800,142208,0,4032,20864,698560,626496,51840,30784,1646016,0,1280,693248,0,0,0,0,0,0,384,70848,72192,267008,98048,0,0,0,117888,128,636,1527,4065244007,2945395844,1625152,0
1774,1677376,133504,141696,0,6336,21248,672384,611840,90368,68736,1608640,0,1344,667072,0,0,0,0,0,0,384,71168,71040,270400,81152,0,0,0,117568,128,608,1458,779025492,357064870,1587392,0
1775,1677248,133696,141440,0,7040,57536,665472,597824,74240,52864,1624384,0,1408,660096,0,0,0,0,0,0,448,70720,71488,268864,67392,0,0,0,118784,128,632,1513,615075168,4144794513,1566848,0
1776,1676736,132672,142016,0,6464,20864,665856,597440,111424,85120,1591616,0,1280,660608,0,0,0,0,0,0,384,69824,71040,268928,68992,0,0,0,118144,128,618,1468,585478074,3697559081,1570752,0
1777,1677440,133952,134976,0,4672,20800,676864,613632,92544,71360,1606080,0,1280,671552,0,0,0,0,0,0,320,71552,71488,269440,83200,0,0,0,117504,128,615,1467,4113036252,1873518024,1585280,0
1778,1676864,133440,142016,0,3776,20800,660288,565696,150848,129856,1547008,0,1280,654848,0,0,0,0,0,0,320,70592,70720,268544,75392,0,0,0,79936,192,608,1433,1947427381,3518818543,1526208,0
1779,1677504,133568,142208,0,3776,20928,654144,544064,178816,157376,1520128,0,1408,648640,0,0,0,0,0,0,320,69824,72640,268352,52672,0,0,0,80128,128,597,1402,1287380996,1277217069,1499200,0
1780,1677312,133888,144768,0,6080,20864,655104,534720,181888,160512,1516800,0,1344,649792,0,0,0,0,0,0,384,69760,71424,270144,43968,0,0,0,78912,128,594,1396,4279997609,1721102845,1495936,0
1781,1676800,133568,144128,0,5120,20736,663424,529600,180224,158976,1517824,0,1280,658112,0,0,0,0,0,0,384,69952,71808,268224,38784,0,0,0,80256,192,607,1414,542019393,3936739154,1497088,0
1782,1677056,133760,137728,0,3648,20928,685888,531584,163520,142400,1534656,0,1280,680576,0,0,0,0,0,0,384,70208,72192,271104,38656,0,0,0,78912,128,592,1391,286257750,1669724800,1513728,0
1783,1677184,133760,144128,0,3648,20864,687360,537472,149952,128768,1548416,0,1280,682048,0,0,0,0,0,0,320,70080,71488,268928,47040,0,0,0,79488,128,607,1409,455195099,1267770538,1527552,0
1784,1677184,134144,144128,0,3648,20544,644352,535360,195008,173952,1503232,0,1280,638976,0,0,0,0,0,0,320,70080,71168,269504,44416,0,0,0,79744,128,608,1400,875667120,1895764329,1482688,0
1785,2237376,223552,144128,0,3712,43136,826688,538432,457728,436288,1801088,74304,1280,821440,139264,0,12608,78592,1,1,320,70336,72128,270976,44928,0,29888,14720,35008,128,594,1386,1973043471,1970214474,1757952,0
1786,1677312,136320,143744,0,3712,20992,665728,528960,177856,154752,1522560,0,1344,660416,0,0,0,0,0,0,384,69888,71296,268736,39424,0,0,0,79104,128,598,1369,3763609856,2378813194,1501568,0
1787,1677312,135552,136640,0,3712,35328,672832,504512,188736,167232,1510080,0,1280,667456,0,0,0,0,0,0,256,69696,71296,270272,14272,0,0,0,78592,128,593,1372,1297840647,563941880,1474752,0
1788,1677056,136768,143936,0,3712,20992,657728,504128,209792,188480,1488576,0,1408,652224,0,0,0,0,0,0,384,70208,71936,269568,14336,0,0,0,77568,128,596,1364,234300477,736605055,1467584,0
1789,1676864,136192,143872,0,3520,21056,668096,512896,191232,170112,1506752,0,1344,662656,0,0,0,0,0,0,256,70080,71360,268992,23744,0,0,0,78336,128,581,1338,1697715277,1847882155,1485696,0
1790,1677312,136192,143424,0,3584,21120,656640,513216,203136,181952,1495360,0,1280,651392,0,0,0,0,0,0,256,70528,71936,268608,22080,0,0,0,79680,128,576,1314,2428651522,2826240832,1474240,0
1791,1677056,137152,141440,0,3584,20736,655296,521280,197568,176384,1500672,0,1280,650112,0,0,0,0,0,0,256,70336,71104,278080,22528,0,0,0,78848,128,588,1332,3713798569,3660149695,1479936,0
1792,1677248,153728,135040,0,4416,20800,716032,502080,145152,118656,1558592,5888,1280,710848,43520,0,9664,0,0,1,320,70784,71552,267136,14080,0,20416,128,57536,128,578,1313,4256149691,969020092,1537792,0
1793,1676992,137408,142720,0,3584,20736,657216,502080,213248,188928,1488064,0,1216,652096,0,0,0,0,0,0,320,70464,70592,267584,14528,0,0,0,78464,128,582,1314,2248012062,3533957196,1467328,0
1794,1677120,149120,141952,0,3712,21120,661056,502720,197440,176832,1500288,0,1280,655808,0,0,0,0,0,0,448,70400,70912,268736,13632,0,0,0,78400,192,573,1298,3600103404,1707087301,1479168,0
1795,1677376,148480,142592,0,3584,42560,713280,527488,99392,77888,1599488,0,1280,707968,0,0,0,0,0,0,320,70656,71104,268096,38336,0,0,0,78848,128,581,1309,4076028216,1226721870,1556928,0
1796,1677120,136320,142592,0,3648,20352,682112,526848,165248,143808,1533312,0,1344,676864,0,0,0,0,0,0,384,70208,71680,268864,36736,0,0,0,78848,128,583,1325,2991302796,1960982429,1512960,0
1797,1677696,176256,134592,0,3584,21056,755904,518592,67712,45568,1632128,40512,1280,750656,83200,0,14592,0,1,1,320,67840,71488,269248,29952,0,20160,128,59328,128,589,1336,4175874201,487362844,1611072,0
1798,1676352,147968,142272,0,3712,20480,656448,519360,186112,165376,1510976,0,1344,651072,0,0,0,0,0,0,384,68096,72320,268672,31104,0,0,0,78656,128,581,1320,1008109905,1350486904,1490496,0
1799,1677312,146880,143296,0,3648,21184,692672,518912,150720,129600,1547712,0,1344,687360,0,0,0,0,0,0,320,67840,71808,269376,30848,0,0,0,78592,128,585,1332,4177016838,920917496,1526528,0
1800,1677056,156544,143040,0,3584,21120,802368,519296,31104,9984,1667072,54656,1344,797056,100096,0,12992,0,1,1,384,67776,71744,269824,29952,0,25920,128,53376,192,587,1332,3750092392,2679064740,1645952,0
1801,1677376,144640,142848,0,3648,21120,694976,527936,142208,120640,1556736,0,1344,689664,0,0,0,0,0,0,320,68288,71872,269696,37952,0,0,0,79680,128,582,1332,4032412141,253682518,1535616,0
1802,1677248,133824,135744,0,3648,21184,690240,525376,167232,145856,1531392,0,1280,684800,0,0,0,0,0,0,320,67904,72320,268736,36992,0,0,0,78976,128,579,1326,3688069056,361283382,1510208,0
1803,1676992,144064,143936,0,3712,21248,697664,518912,147456,126400,1550592,0,1344,692288,0,0,0,0,0,0,320,67136,72384,269632,31104,0,0,0,78208,128,587,1345,2821252972,642428316,1529344,0
1804,1677248,145728,143936,0,3712,20800,698624,518400,146048,124608,1552640,0,1344,693184,0,0,0,0,0,0,384,67840,71424,269824,30528,0,0,0,78272,128,585,1347,1466129128,3500088309,1531840,0
1805,1677184,133632,143872,0,3520,42624,690880,518976,143680,122368,1554816,0,1344,685504,0,0,0,0,0,0,256,67584,71040,269376,30976,0,0,0,79616,128,582,1342,1561606977,917059450,1512192,0
1806,1676864,144320,142912,0,5888,22208,688192,519232,154112,131776,1545088,0,1280,682240,0,0,0,0,0,0,256,67776,71616,269056,30848,0,0,0,79552,128,582,1343,1411381126,2156568315,1522880,0
1807,1677312,145088,135424,0,4416,20480,674816,525760,171328,150272,1527040,0,1280,669568,0,0,0,0,0,0,320,67968,71040,268352,38016,0,0,0,79936,128,582,1342,2213887399,3298781154,1506560,0
1808,1676992,133632,143936,0,3584,21184,677696,525248,171712,145536,1531456,0,1280,672256,0,0,0,0,0,0,256,68096,71168,269184,36608,0,0,0,79744,192,581,1337,960823608,366458989,1510272,0
1809,1677248,144704,143936,0,5888,20736,670976,509120,181888,160832,1516416,0,1280,665536,0,0,0,0,0,0,320,67200,70528,269056,24000,0,0,0,77888,128,576,1323,501824856,2310917321,1495680,0
1810,2237376,177472,142208,0,3264,21632,880448,519488,492864,471744,1765632,16896,1408,875072,143488,0,30720,0,0,3,320,68032,71232,268352,13248,0,73216,384,24576,128,581,1336,823256239,4168972026,1744000,0
1811,1677376,162944,141888,0,3712,20544,741120,529344,77824,56128,1621248,0,1344,735808,2880,0,0,0,0,1,384,68032,71424,268992,22848,0,0,128,97408,128,572,1320,519769248,530227463,1600704,0
1812,1677120,152448,134720,0,3712,20864,771136,551104,43136,21760,1655360,0,1280,766016,2816,0,0,0,0,1,320,67328,72128,268352,45312,0,0,128,97408,128,582,1356,3927359681,3437819988,1634496,0
1813,1676864,133952,142016,0,3648,20800,607808,533824,234816,213696,1463168,0,1280,602560,0,0,0,0,0,0,320,67776,70720,268736,28352,0,0,0,97728,192,585,1360,1972298555,1237159060,1442368,0
1814,2237376,170880,142400,0,3712,20864,880512,453888,565120,543680,1693696,98880,1280,875392,233408,0,37184,0,2,3,320,68736,384,268096,21952,0,69952,5056,19264,128,544,1232,3232942911,2964598811,1672832,0
1815,1676992,143552,141888,0,3712,43392,670912,453568,219968,198592,1478400,0,1344,665600,0,0,0,0,0,0,256,68224,320,268800,22400,0,0,0,93440,128,540,1226,1450957625,3018150746,1435008,0
1816,1677184,132608,141824,0,6016,21184,828352,455872,91328,70272,1606912,0,1344,822976,0,0,0,0,0,0,192,69184,320,269504,22528,0,0,0,94016,128,540,1226,4057889933,1195257196,1585728,0
1817,2237312,151232,135232,0,3712,35456,897728,475584,538368,517248,1720064,4416,1408,892352,57408,0,9792,0,0,1,256,68864,384,268288,41216,0,24192,192,72064,128,550,1244,2811977410,2947020622,1684608,0
1818,1677184,142080,142016,0,3776,20800,816384,471808,80320,59136,1618048,0,1280,810944,0,0,0,0,0,0,256,68736,384,266944,40448,0,0,0,94912,128,550,1246,711433540,3960795408,1597248,0
1819,1677120,130944,142144,0,3776,20992,794752,470976,113536,92224,1584896,0,1408,789440,0,0,0,0,0,0,256,69184,256,270912,35456,0,0,0,94784,128,548,1236,1776548671,4177262198,1563904,0
1820,1677120,142400,143872,0,4608,20992,808896,460480,95872,74496,1602624,0,1280,803520,0,0,0,0,0,0,256,68480,320,267840,29440,0,0,0,94016,128,546,1230,2445233802,3398476509,1581632,0
1821,1677120,133312,143232,0,3776,20992,817536,460224,98048,76736,1600384,0,1280,812224,0,0,0,0,0,0,320,68416,384,267392,29312,0,0,0,94272,128,544,1230,2561966173,4132671387,1579392,0
1822,1676992,132352,136960,0,6016,20608,815936,460672,104448,83392,1593600,0,1280,810752,0,0,0,0,0,0,256,68992,320,267264,29696,0,0,0,94016,128,549,1240,4189287440,14168577,1572992,0
1823,1676928,140800,144960,0,4992,20864,822912,470848,71552,50112,1626816,0,1280,817664,0,0,0,0,0,0,256,69120,384,269696,36288,0,0,0,94912,192,547,1239,3733274601,1363495176,1605952,0
1824,1677248,131328,143680,0,3584,21376,834688,468224,74368,47936,1629312,0,1280,829248,0,0,0,0,0,0,256,69056,320,268864,34880,0,0,0,94720,128,543,1233,1795042487,3473284151,1607936,0
1825,1677568,141184,145024,0,3584,42624,829312,470912,44928,23040,1654528,0,1344,824128,0,0,0,0,0,0,256,68864,320,268416,35456,0,0,0,97536,64,550,1247,1916951798,495395429,1611904,0
1826,1676736,151872,145152,0,3648,20992,848896,463936,42240,21504,1655232,0,1280,843520,2816,0,0,0,0,1,256,69248,320,270400,29184,0,0,128,94272,128,555,1255,3359349677,2178897417,1634240,0
1827,1677248,133824,137216,0,3584,21312,860480,462080,58752,37440,1639808,0,1344,855168,0,0,0,0,0,0,256,68736,320,268672,28608,0,0,0,95360,128,548,1251,3522473354,1316162453,1618496,0
1828,1677376,152192,144704,0,10176,21184,817088,446912,85120,63616,1613760,5056,1280,811712,49088,0,10752,0,0,1,256,69056,384,270912,30656,0,26368,64,49088,128,542,1234,3626778841,610403130,1592576,0
1829,1677056,142464,144704,0,3776,20992,780672,456320,128128,106944,1570112,0,1344,775360,0,0,0,0,0,0,256,69120,384,271872,38208,0,0,0,76288,192,545,1242,2720651886,2642256185,1549120,0
1830,1677120,131584,144448,0,5952,21184,806336,452352,115264,94144,1582976,0,1344,801088,0,0,0,0,0,0,320,68864,320,270144,38080,0,0,0,74496,128,551,1247,1563363287,2927281474,1561792,0
1831,1677120,142208,142528,0,5056,21120,780608,447552,138048,117184,1559936,0,1280,775296,0,0,0,0,0,0,256,68800,384,271360,30976,0,0,0,75584,192,548,1235,497529250,809902740,1538816,0
1832,1677376,133184,134400,0,3648,20800,801344,429504,154496,133248,1544128,0,1344,795968,0,0,0,0,0,0,256,69056,384,270592,14464,0,0,0,74560,192,547,1230,644311758,2392969206,1523328,0
1833,1677056,159936,141824,0,3584,20992,843392,429888,77440,56064,1620992,4544,1344,838144,47104,0,10432,0,0,1,192,68544,384,270336,14720,0,24064,128,51392,128,536,1216,3998491518,3303874256,1600000,0
1834,1677056,160256,142336,0,3648,20864,853312,431680,64960,43648,1633408,5632,1344,847936,50112,0,12352,0,0,1,256,69440,320,271872,14400,0,24704,128,50432,128,537,1226,2081731603,2556618378,1612544,0
1835,1677312,130176,141888,0,4416,20800,792640,441472,145920,124416,1552896,0,1408,787328,0,0,0,0,0,0,192,68992,384,271808,24256,0,0,0,75712,128,537,1249,3762069497,1856295109,1532096,0
1836,1676928,145152,141888,0,9856,42368,848064,437568,52032,30656,1646272,43328,1344,842752,95872,0,12992,0,1,1,256,68352,384,270400,23104,0,26048,64,48832,128,556,1272,3685304343,2047746668,1603904,0
1837,1676928,161664,134528,0,3584,20672,865984,456896,33600,12224,1664704,8832,1280,860608,86336,0,19456,0,0,2,192,68992,256,270400,21440,0,41984,192,53312,128,553,1253,3596773745,498283074,1644032,0
1838,2237504,165632,141504,0,11392,20800,907776,443200,547200,525952,1711552,0,1344,902464,2880,0,0,0,0,1,256,44800,320,271104,30848,0,0,128,95616,128,552,1257,3798344905,3798524792,1690752,0
1839,1677056,141184,142656,0,6144,20416,891136,441664,33856,12608,1664448,0,1344,885824,0,0,0,0,0,0,256,44864,384,270080,30336,0,0,0,95616,128,542,1247,4252499640,1338556723,1644032,0
1840,2237376,164928,143360,0,5184,21120,929280,442624,530880,504448,1732928,4672,1280,923968,46720,0,11456,19456,0,1,192,44480,320,269248,31680,0,23232,64,73280,128,548,1265,3448345381,2166923695,1711808,0
1841,2237312,162368,143488,0,3712,21184,882368,441920,582272,560832,1676480,0,1408,876800,0,0,0,18176,0,0,256,45184,384,270592,30144,0,0,0,95232,128,549,1268,1867735584,2445449585,1655296,0
1842,2797760,366144,136064,0,3712,20736,1250240,502976,517888,496448,2301312,87360,1344,1244928,291840,0,37952,159488,1,3,384,45760,67968,271232,38080,0,79040,8640,0,128,588,1342,2307296476,66182981,2280576,0
1843,1677056,191488,143616,0,3776,21184,796288,495040,25664,4352,1672704,0,1344,790976,0,0,0,0,0,0,256,45376,67200,271040,32448,0,0,0,78592,128,588,1333,629238088,911682142,1651520,0
1844,2237440,183808,142720,0,4864,20864,837568,491072,556544,535104,1702336,0,1344,832384,0,0,0,0,0,0,320,45312,54464,270848,39744,0,0,0,80256,128,588,1335,78242267,2350043633,1681472,0
1845,2237440,189696,145792,0,5312,43648,798336,501952,552704,530944,1706496,0,1344,792832,0,0,0,0,0,0,320,45120,69248,270464,38528,0,0,0,78144,128,574,1321,2738964381,4231016069,1662848,0
1846,2236992,246080,143808,0,6272,21120,941312,490560,387840,366720,1870272,5120,1408,935936,47040,0,12032,29376,0,1,320,45312,54464,271360,39488,0,21888,128,57472,128,575,1325,1490372465,1324863637,1849152,0
1847,2237312,237760,136064,0,12480,36224,994752,519616,300416,279744,1957568,9024,1280,989376,95872,0,22336,21120,0,2,256,45568,68288,271424,34432,0,48320,256,50944,128,577,1337,2592880658,2959698444,1921344,0
1848,2237760,216704,143168,0,5568,20544,922048,488128,441600,420672,1817088,69568,1280,916736,121600,0,12736,0,1,1,320,45696,54272,271296,36288,0,26240,3840,49984,192,580,1341,3175416800,4045530622,1796544,0
1849,2237504,267584,142848,0,15360,21312,822464,502272,465664,444224,1793280,0,1280,817152,0,0,0,48384,0,0,384,45696,67712,270784,38976,0,0,0,78592,128,586,1349,2662757633,847982634,1771968,0
1850,1676864,175872,142592,0,5696,21184,783424,486784,61312,40128,1636736,0,1344,778176,0,0,0,0,0,0,448,45568,54080,270400,37376,0,0,0,78784,128,568,1317,3998378773,1239205122,1615552,0
1851,2237504,221824,142720,0,5632,20992,854016,499392,492928,471552,1765952,5248,1408,848512,48768,0,11968,0,0,1,320,45888,69632,271232,33536,0,23616,384,54592,192,580,1328,1282545229,3131564004,1744960,0
1852,2237312,193088,135168,0,12928,21184,884736,498560,491648,470144,1767168,0,1280,879360,0,0,0,0,0,0,384,46016,55104,272832,44992,0,0,0,79104,128,585,1340,928976790,2254143508,1745984,0
1853,2237312,178816,142528,0,5760,42752,808832,502336,556288,534912,1702400,0,1216,803520,0,0,0,0,0,0,384,45824,67136,270272,39808,0,0,0,78784,128,584,1336,1683987480,2749669867,1659648,0
1854,2237376,202176,142720,0,5760,21440,822208,504448,538624,517440,1719936,0,1344,816832,0,0,0,0,0,0,320,46336,65472,272384,40960,0,0,0,78848,128,589,1341,4215911813,1424251345,1698496,0
1855,2237632,194368,142464,0,5632,20736,818048,503744,552640,530688,1706944,0,1280,812672,0,0,0,0,0,0,320,45568,64960,272064,41280,0,0,0,79424,128,594,1352,1117905191,239232265,1686208,0
1856,2237120,188480,142528,0,8832,21120,810496,500096,565568,539200,1697920,0,1280,805376,0,0,0,0,0,0,320,45888,64896,273152,37952,0,0,0,77760,128,579,1331,2633233846,2182361447,1676800,0
1857,2238080,204672,134720,0,8064,21056,841152,505728,522688,500864,1737216,0,1344,835904,0,0,0,0,0,0,256,45760,67136,272064,40704,0,0,0,79680,128,576,1326,1392053884,450492198,1716160,0
1858,2236544,192128,142656,0,8064,20800,880448,519680,472768,451392,1785152,0,1344,875136,0,0,0,0,0,0,384,45760,67456,281792,45056,0,0,0,79104,128,570,1320,3138302332,1402590907,1764352,0
1859,2237504,175680,142144,0,11776,21440,870144,488768,527552,506304,1731200,0,1280,864768,0,0,0,0,0,0,320,30592,67392,270208,40704,0,0,0,79424,128,567,1311,3763834383,2696936016,1709760,0
1860,2237440,210944,144064,0,6720,20800,849920,487168,517824,496384,1741056,0,1344,844480,0,0,0,0,0,0,256,28224,65408,272320,42368,0,0,0,78464,128,566,1299,3583492989,3953831517,1720256,0
1861,2237376,190528,144640,0,6784,42752,809984,483904,558784,537856,1699520,0,1344,804672,0,0,0,0,0,0,384,28416,67776,271040,37504,0,0,0,78592,192,565,1293,1682559939,2923338846,1656768,0
1862,1677120,189632,137216,0,5376,21120,813312,478656,31808,10944,1666176,4800,1280,807936,48960,0,11008,0,0,1,320,28416,68096,271488,31616,0,25344,448,52800,128,565,1289,2099336930,1131311766,1645056,0
1863,1676992,191424,143296,0,5376,20736,759936,479168,77056,56000,1620992,0,1344,754496,0,0,0,0,0,0,320,28544,69504,271040,30976,0,0,0,78656,128,560,1276,400167833,3179259484,1600256,0
1864,1677376,200320,143744,0,5376,21120,778560,482624,45632,24256,1653120,0,1344,773184,0,0,0,0,0,0,384,28672,70464,270208,31552,0,0,0,81216,128,560,1279,3356363477,1108032736,1632000,0
1865,1677184,184704,143424,0,5376,21248,758592,479104,84736,63296,1613888,0,1280,753280,0,0,0,0,0,0,384,28352,69632,271744,30016,0,0,0,78848,128,563,1288,1255974243,491274926,1592640,0
1866,2237248,216640,144640,0,5440,21184,912512,489152,447680,426816,1810432,7552,1280,907264,95296,0,21696,0,0,2,448,28288,68352,271872,22720,0,49920,128,47232,192,570,1292,2532029219,105906264,1789248,0
1867,2797568,890624,138304,0,5376,20992,977600,479360,285312,264128,2533440,58240,1280,972416,147776,681280,24192,0,1,2,320,28480,68096,271232,13632,0,50752,576,46144,128,565,1274,400219706,3159781352,2512448,0
1868,2797376,875712,144256,0,7936,21376,879552,482112,386432,364800,2432576,0,1280,874368,2816,674304,0,0,0,1,320,28736,68288,271424,13696,0,0,128,99392,128,562,1269,1958564081,2468298671,2411200,0
1869,2237504,314816,143936,0,5440,42432,871552,480320,379008,357888,1879616,0,1280,866240,0,0,0,112576,0,0,320,28672,68992,270784,13440,0,0,0,97920,192,562,1264,2030791634,3788426537,1837184,0
1870,2237312,241280,143168,0,5312,21184,914304,492160,419904,398976,1838336,0,1280,908992,0,0,0,48640,0,0,448,28352,69824,271808,22464,0,0,0,99136,128,561,1269,2484370801,1772178167,1817152,0
1871,2237312,238592,141952,0,5376,20992,864704,492544,473152,451520,1785792,0,1280,859520,0,0,0,48832,0,0,320,28608,69824,274048,20736,0,0,0,98880,128,560,1270,2101593204,209318968,1764800,0
1872,2237056,204032,137024,0,5376,21120,977920,477632,413952,387648,1849408,7936,1280,972608,93824,0,22208,0,0,2,384,28416,68352,268672,14080,0,48384,768,48448,128,565,1271,3653124663,3445658432,1828288,0
1873,2237376,191744,143040,0,5248,21248,866624,477504,531968,510784,1726592,0,1216,861312,0,0,0,0,0,0,320,28544,67712,269184,14016,0,0,0,97600,128,567,1260,1840228785,1409203808,1705344,0
1874,2237312,204224,143168,0,5120,21184,841920,458560,563136,541952,1695360,4928,1344,836544,49280,0,10880,0,0,1,320,28672,67904,268032,14528,0,26496,128,52352,128,559,1252,2860309221,656999886,1674176,0
1875,2237632,248448,143104,0,7872,21952,815552,459328,541376,520000,1717632,4992,1344,810304,47104,0,11904,31872,0,1,256,28416,69440,268224,14528,0,22272,128,55936,128,552,1241,3276772563,3695935686,1695680,0
1876,1677056,191104,143104,0,6848,21184,761024,468800,84992,63616,1613440,0,1280,755648,0,0,0,0,0,0,320,28416,69888,268096,24704,0,0,0,77184,192,546,1235,3646975353,2756922171,1592256,0
1877,1677248,174976,135936,0,12352,58112,760384,469632,65856,44224,1633024,0,1344,754944,0,0,0,0,0,0,256,28096,69696,269440,23296,0,0,0,78720,128,545,1235,837717830,3253328489,1574912,0
1878,2236928,237312,143616,0,5504,21376,864384,457152,507584,486272,1750656,9856,1344,859200,95552,0,21888,29440,0,2,384,28032,67840,269568,14272,0,49856,576,26496,128,554,1259,2939439269,1638772038,1729280,0
1879,2237440,236160,144960,0,5504,21312,883648,459968,485888,464704,1772736,9152,1344,878208,94336,0,22336,0,0,2,320,28416,69120,268672,14784,0,47168,448,30912,128,558,1257,3929585351,272633737,1751424,0
1880,1677120,175424,144448,0,5504,21056,761664,459200,109824,88896,1588224,0,1280,756480,0,0,0,0,0,0,320,28352,67904,270400,15040,0,0,0,76992,192,559,1257,1101384765,2244398451,1567168,0
1881,1677184,190272,144448,0,5504,21056,763712,460864,91328,70208,1606976,0,1344,758272,0,0,0,0,0,0,384,28672,70016,269248,14656,0,0,0,77696,192,558,1250,1194598718,4173351167,1585920,0
1882,1677056,191744,137152,0,5504,20800,779456,468032,74368,52992,1624064,0,1344,774080,0,0,0,0,0,0,320,28416,69120,268928,23872,0,0,0,77248,128,554,1251,587174713,2757795127,1603264,0
1883,1677248,175232,145728,0,5504,21312,767104,469376,92992,71680,1605568,0,1280,761728,0,0,0,0,0,0,384,28544,69888,270336,23040,0,0,0,77056,128,554,1251,1241766416,3991435737,1584256,0
1884,1677504,189248,144512,0,5504,21184,776320,460608,80128,58688,1618816,0,1280,770944,0,0,0,0,0,0,320,28160,68288,269504,14912,0,0,0,79296,128,551,1243,3843208078,602271678,1597632,0
1885,1676864,190976,144000,0,5440,20800,765056,459200,91392,69696,1607168,0,1344,759744,0,0,0,0,0,0,448,28608,68288,269888,14848,0,0,0,76992,128,562,1252,2406112505,2189374271,1586368,0
1886,1677120,175488,144832,0,5504,20800,762176,457280,111040,90048,1587072,0,1344,756864,0,0,0,0,0,0,384,28544,68224,268416,15104,0,0,0,76480,128,560,1247,2923206327,3270690548,1566272,0
1887,1677440,190336,138368,0,7808,43328,768832,461120,67648,46464,1630976,0,1280,763328,0,0,0,0,0,0,320,28480,70016,269824,15040,0,0,0,77312,128,554,1235,1639012182,4209127702,1587648,0
1888,1676992,191232,144064,0,7808,21376,795584,468288,48640,21824,1655168,0,1280,790208,0,0,0,0,0,0,320,28224,69056,268352,24064,0,0,0,78080,192,549,1229,1148909831,3417036396,1633792,0
1889,1677184,175488,145216,0,5376,20992,769728,469632,90752,69568,1607616,0,1216,764416,0,0,0,0,0,0,384,28608,69376,269696,23040,0,0,0,78400,128,552,1236,1259748618,110493846,1586624,0
1890,1677120,190016,144512,0,5312,20992,767296,458944,90048,68608,1608512,0,1216,761984,0,0,0,0,0,0,384,28672,68608,269888,14656,0,0,0,76608,128,549,1232,1393992410,1220771154,1587520,0
1891,1677248,191168,144256,0,5376,21248,762880,456768,95552,74240,1603008,0,1280,757504,0,0,0,0,0,0,320,28352,68288,268160,14656,0,0,0,76864,128,550,1235,4045044253,3334737745,1581760,0
1892,2237440,551552,137088,0,5440,20928,910976,405568,205888,184704,2052736,9344,1280,905664,106944,408320,20544,0,0,2,256,28096,384,268032,14272,0,42304,10304,41792,128,516,1172,1548402164,322466373,2031808,0
1893,1677120,150464,143808,0,5504,20672,836032,416064,104576,83136,1593984,0,1280,830656,2816,0,0,0,0,1,192,28032,320,270016,22976,0,0,128,94272,128,524,1185,1001471628,2619675263,1573312,0
1894,1677120,131968,143680,0,7872,21248,854976,409024,108352,87168,1589952,0,1280,849600,0,0,0,0,0,0,256,28352,320,265152,20928,0,0,0,93888,128,521,1177,3873112991,2359140265,1568704,0
1895,2237568,170560,144448,0,5504,20864,950336,420416,525440,504000,1733568,4480,1280,945024,49344,0,11072,0,0,1,256,28352,320,268288,13824,0,25152,64,84032,128,524,1184,1016544190,2256055040,1712704,0
1896,2237312,171136,142784,0,5504,21312,931264,406784,558528,537216,1700096,5440,1344,925952,55104,0,11008,0,0,1,256,28416,384,269760,12672,0,26112,3776,65280,128,521,1182,1788341317,1376361365,1678784,0
1897,1677248,146560,135936,0,6528,42752,885632,417408,42432,21248,1656000,0,1280,880256,0,0,0,0,0,0,192,28480,320,268608,24640,0,0,0,95040,128,520,1180,2816340677,2571882372,1613248,0
1898,2237312,355968,143680,0,5504,20672,1142976,473088,95424,74304,2163008,18944,1280,1137600,254912,0,47360,142272,0,4,320,28672,62080,267712,34560,0,99648,4800,0,128,543,1239,4165467408,1223182491,2142336,0
1899,1677120,176704,143936,0,5440,20928,784256,473728,72128,51008,1626112,0,1280,778880,0,0,0,0,0,0,256,28416,67136,267584,32576,0,0,0,77632,128,540,1228,267165145,1052669037,1605184,0
1900,1677248,176960,145472,0,5440,20736,787712,481856,59072,37632,1639616,0,1344,782400,0,0,0,0,0,0,320,28608,67520,270272,37376,0,0,0,77632,128,542,1237,3603841483,3522996743,1618880,0
1901,1676992,219328,145408,0,5504,21568,742656,477760,64768,43584,1633408,0,1216,737344,0,0,0,29696,0,0,320,28352,67776,270016,32576,0,0,0,78592,128,564,1269,2423342906,315041659,1611840,0
1902,1677120,176640,139712,0,5568,21056,761664,480960,91520,70272,1606848,0,1408,756160,0,0,0,0,0,0,384,27968,68736,271744,34304,0,0,0,77696,128,561,1260,3436804342,545315247,1585792,0
1903,1677056,175936,145408,0,5504,20736,738304,477824,113344,92288,1584768,0,1280,732992,0,0,0,0,0,0,320,28032,68800,269888,33024,0,0,0,77632,128,567,1264,271615285,502479756,1564032,0
1904,2237440,190592,147776,0,5504,20928,880576,477184,514880,488256,1749184,7680,1344,875200,92992,0,21824,0,0,2,320,28608,61952,268480,38848,0,49472,640,28736,128,563,1267,1715302285,241906497,1728256,0
1905,2237376,188672,166016,0,17856,25152,857984,481408,500288,475456,1761920,0,3072,848128,0,0,0,0,0,0,320,28160,68224,268288,36480,0,0,0,79808,128,553,1257,1367444075,4168731357,1736768,0
1906,1677376,174656,144896,0,20096,42688,761280,482432,51328,29760,1647616,0,1344,755968,0,0,0,0,0,0,256,28672,67840,268864,37440,0,0,0,79232,128,551,1245,3777035265,668465353,1604928,0
1907,2237440,175104,139584,0,6848,35840,828096,476032,575936,554624,1682816,0,1344,822784,0,0,0,0,0,0,320,28160,66304,267200,32960,0,0,0,80960,128,549,1241,3728125283,523400230,1646976,0
1908,2237312,175296,146112,0,8320,21184,857920,479616,548864,527488,1709824,0,1280,852416,0,0,0,0,0,0,384,28672,66560,267520,38848,0,0,0,77504,128,552,1248,3025398852,262523896,1688640,0
1909,2237184,175744,145856,0,6400,22592,864064,483200,539328,516800,1720384,0,1984,857408,0,0,0,0,0,0,320,28096,66816,268096,40896,0,0,0,78848,128,549,1249,870634270,2489868836,1697792,0
1910,2237376,196480,145664,0,5824,20672,954816,494848,419072,397952,1839424,4672,1408,949568,50240,0,11520,0,0,1,320,28352,61056,268352,37696,0,25280,128,73536,128,552,1245,1341048443,1990256789,1818752,0
1911,2237184,195904,144192,0,6976,20992,988608,491776,388736,367680,1869504,6336,1280,983360,58368,0,11456,0,0,1,384,28864,65408,269440,48512,0,27072,3904,48064,128,558,1259,271007499,3072351641,1848512,0
1912,2237504,174400,136064,0,8768,20992,925760,484096,487424,466048,1771456,0,1280,920448,0,0,0,0,0,0,384,28352,65536,267712,43584,0,0,0,78400,128,550,1244,1407527201,3427755325,1750464,0
1913,2237120,189696,144192,0,14016,21248,1071168,478848,317952,296512,1940608,44416,1344,1065792,89664,0,14912,0,1,1,384,28544,62528,271168,36544,0,22336,448,56768,128,538,1224,1732028411,1857890204,1919360,0
1914,2237440,204096,143808,0,5696,42304,1031488,501632,308416,287104,1950336,7488,1280,1026112,94272,0,20864,0,0,2,448,28352,66624,269184,38144,0,49856,256,48640,128,539,1229,3386970208,1703940880,1908032,0
1915,2236864,188864,143680,0,5824,21504,889536,503040,484416,463360,1773504,0,1280,884352,0,0,0,0,0,0,320,28288,66048,269504,38400,0,0,0,100352,128,546,1244,1993329312,746801487,1752000,0
1916,2237696,192512,144192,0,8832,20992,984832,495360,390976,369664,1868032,0,1280,979584,2752,0,0,0,0,1,384,28736,59776,267136,39040,0,0,128,99968,192,548,1242,870335860,3109555616,1847040,0
1917,2237760,174208,136512,0,7680,20992,846848,501504,550016,528192,1709568,0,1344,841408,0,0,0,0,0,0,256,28480,68032,268352,36352,0,0,0,99904,128,548,1245,1192562620,1605340391,1688576,0
1918,2236864,228224,144192,0,5440,20544,1008832,498752,330880,309504,1927360,12800,1280,1003584,140864,0,35392,20800,0,3,320,28416,67520,270528,33280,0,69696,768,28096,128,540,1233,1133113898,186450202,1906816,0
1919,2237312,174848,145344,0,5504,21248,845056,489728,555584,534144,1703168,0,1344,839744,0,0,0,0,0,0,320,28608,69632,270336,21248,0,0,0,99456,128,537,1222,1029986109,3412281639,1681920,0
1920,2237376,208000,144960,0,5504,21056,927488,488000,442368,415808,1821568,5824,1344,922304,53760,0,13760,17984,0,1,384,27968,69376,269376,21632,0,25792,448,72896,128,532,1214,3758881573,1364933789,1800512,0
1921,2237440,175872,145024,0,5504,21632,867264,488064,534080,509952,1727488,0,1280,861952,0,0,0,0,0,0,384,28416,69568,269568,21760,0,0,0,98176,192,531,1213,1265927723,917510643,1705856,0
1922,2237312,169408,136960,0,12224,42816,1213504,463040,199360,177792,2059520,0,1280,1208000,0,0,0,0,0,0,384,28416,53504,266368,21376,0,0,0,92864,128,535,1221,4092781747,3425148467,2016704,0
1923,2797376,867840,144640,0,5760,20992,1086848,456320,214976,193856,2603520,4800,1344,1081600,49088,675968,10752,0,0,1,320,28160,53632,269760,21888,0,26304,128,56000,128,528,1213,1671910236,1981587391,2582528,0
1924,2797696,849920,145472,0,8000,21824,1023808,451840,296832,275520,2522176,0,1280,1018624,0,675968,0,0,0,0,384,28160,53824,267840,22656,0,0,0,78848,128,536,1217,873998556,1768327292,2500352,0
1925,2237312,221056,145152,0,8640,20736,1019776,444352,377600,356608,1880704,0,1216,1014656,0,0,0,48192,0,0,384,28544,55040,268416,14464,0,0,0,77376,128,545,1233,1419135903,1679688067,1859968,0
1926,1677056,226816,144896,0,6912,21376,737088,459328,80640,59520,1617536,0,1344,731840,0,0,0,48896,0,0,320,28160,69312,269696,14848,0,0,0,76864,128,532,1217,2491540291,2671979475,1596160,0
1927,1676992,292224,137024,0,5440,21184,738816,458880,23424,2496,1674496,0,1408,733504,0,0,0,113216,0,0,384,28160,69632,268288,14464,0,0,0,77760,192,528,1207,333517253,3253589142,1653312,0
1928,2237440,200448,144960,0,5440,21056,920576,463744,481216,460096,1777344,52288,1280,915328,140416,0,22784,0,1,2,256,28288,62336,269440,24128,0,50624,192,28352,128,534,1210,3367163562,4051039773,1756288,0
1929,1677120,207360,144512,0,5504,20992,803968,466368,28416,7424,1669696,4416,1344,798720,46144,0,10944,18560,0,1,256,28224,68288,268288,22656,0,23232,128,55168,128,533,1203,1019900910,3411671687,1648704,0
1930,1677376,196096,144320,0,5504,43712,737472,466752,83520,62144,1615232,0,1280,732096,0,0,0,17984,0,0,192,28352,68352,268352,22208,0,0,0,79168,128,532,1202,1911282014,2142907820,1571520,0
1931,1677248,173568,143360,0,5440,20992,752896,458816,122176,100928,1576320,0,1344,747584,0,0,0,0,0,0,320,28352,69248,268096,14720,0,0,0,77952,128,533,1204,2413196475,2142650272,1555328,0
1932,2237376,377728,136000,0,5440,20480,886720,461568,349440,328064,1909312,60544,1344,881472,110080,188032,13248,0,1,1,320,28480,69440,269952,14272,0,27200,384,51392,128,527,1196,3389203392,1869886071,1888832,0
1933,1677056,174016,143808,0,5376,21184,760896,459008,112768,91584,1585472,0,1280,755712,0,0,0,0,0,0,320,28480,69184,269248,14720,0,0,0,76928,128,532,1213,1520003240,1371064487,1564288,0
1934,1677056,173760,143424,0,5504,20672,767616,460608,105472,84288,1592768,0,1344,762304,0,0,0,0,0,0,320,28544,61888,267904,24128,0,0,0,77696,128,555,1262,1707984018,326088683,1572096,0
1935,1677312,174208,143680,0,5440,20992,745600,465024,122368,101248,1576064,0,1280,740288,0,0,0,0,0,0,320,28288,67840,268160,22784,0,0,0,77504,128,563,1246,1031699980,2935412742,1555072,0
1936,2236864,283520,170048,0,11648,39680,1152256,494720,84992,50240,2186624,10048,3136,1142208,118976,0,25664,80384,0,1,320,28224,67712,269248,50560,0,37760,512,40256,128,565,1263,3160430245,2659499618,2146944,0
1937,1677184,191104,136192,0,31040,35904,770304,481984,30656,9472,1667712,0,1344,764864,0,0,0,0,0,0,320,28544,69056,268608,35008,0,0,0,80320,128,567,1267,876756410,1341525464,1631808,0
1938,1677376,179712,144192,0,6080,35392,752192,481536,78272,56704,1620672,0,1280,746816,0,0,0,0,0,0,384,28288,69504,268672,35008,0,0,0,79552,128,563,1261,153828202,3366871830,1585280,0
1939,2237184,179776,143616,0,8384,35776,801664,490880,577088,555328,1681856,0,1280,796416,0,0,0,0,0,0,320,28288,69440,268224,43584,0,0,0,80960,64,563,1260,1298692865,3357672982,1646080,0
1940,2237568,204288,145408,0,7424,43648,783296,478976,574528,553024,1684544,0,1280,777984,0,0,0,0,0,0,384,28288,61696,269440,38848,0,0,0,80192,128,568,1266,2033195337,2441873667,1640896,0
1941,2237184,175424,145344,0,6016,20800,840256,488128,561216,540096,1697088,0,1280,834816,0,0,0,0,0,0,320,28160,68032,267520,42944,0,0,0,81024,128,579,1290,772758326,963252173,1676288,0
1942,2237184,174720,138560,0,6016,21376,867200,489984,539328,518080,1719104,0,1344,861888,0,0,0,0,0,0,448,28416,67968,268480,41600,0,0,0,82944,128,579,1302,1775213218,3952079873,1697728,0
1943,2237568,190016,145600,0,8256,20992,899200,493440,480064,458880,1778688,0,1408,893824,0,0,0,0,0,0,256,28160,69504,268672,42944,0,0,0,83712,192,577,1300,226265702,1831682667,1757696,0
1944,2237120,174848,145536,0,7232,21248,884672,506176,497408,476480,1760640,0,1280,879296,0,0,0,0,0,0,256,28288,68736,281472,44224,0,0,0,83072,128,575,1293,3764747802,3625922397,1739392,0
1945,2237440,174272,145792,0,5824,21120,860800,485504,544128,523072,1714368,0,1344,855296,0,0,0,0,0,0,384,28352,69504,268032,36864,0,0,0,82240,128,570,1287,1030651033,3043931785,1693248,0
1946,2237376,173120,146048,0,8320,21440,880192,486848,521408,500096,1737280,0,1216,874816,0,0,0,0,0,0,320,28736,61696,269760,44160,0,0,0,82048,128,565,1286,1640532415,88499238,1715840,0
1947,2237504,553024,138880,0,8192,21504,1020032,416832,79040,57664,2179840,49600,1344,1014720,148544,410624,22016,0,1,2,256,28544,320,267520,40768,0,43072,10496,25728,128,532,1211,1292139091,437988750,2158336,0
1948,1677120,130496,145152,0,5568,42304,821760,411776,120064,98688,1578432,0,1344,816384,0,0,0,0,0,0,320,28608,320,268096,37248,0,0,0,77056,128,527,1197,3167174322,1157652997,1536128,0
1949,1677120,142400,145216,0,5632,20864,806656,403264,153088,131968,1545152,0,1344,801280,0,0,0,0,0,0,256,28544,448,268160,29824,0,0,0,75840,192,528,1204,3545033854,3664756517,1524288,0
1950,1676992,130432,145600,0,5504,20928,773760,403904,196864,175616,1501376,0,1344,768448,0,0,0,0,0,0,192,28160,320,268480,31616,0,0,0,75008,128,545,1232,318960108,3191705468,1480448,0
1951,1677184,131328,142976,0,7872,21504,819264,414528,139712,118400,1558784,0,1280,814016,0,0,0,0,0,0,320,27904,320,267520,41856,0,0,0,76480,128,531,1220,1569955940,1133794702,1537280,0
1952,1677184,130048,136448,0,6912,20864,808064,410496,164352,137728,1539456,0,1344,802560,0,0,0,0,0,0,256,28096,320,266688,39616,0,0,0,75392,128,523,1198,2661969317,315842170,1518592,0
1953,1677184,148480,144384,0,5504,21120,909696,419904,28096,6848,1670336,8832,1280,904256,83968,0,19520,0,0,2,128,28416,256,272704,41920,0,41984,128,34176,192,528,1208,3092668778,1696508601,1649216,0
1954,1676928,131264,143040,0,6656,20800,811712,407232,156224,135168,1541760,0,1344,806464,0,0,0,0,0,0,320,28480,320,268480,34432,0,0,0,75072,128,523,1200,3592202499,1341516951,1520960,0
1955,1677568,130176,143872,0,7680,20544,816704,405056,153536,132352,1545216,0,1344,811392,0,0,0,0,0,0,256,28288,384,267008,35072,0,0,0,73920,128,525,1204,563671558,765319758,1524672,0
1956,2237120,164992,142720,0,6656,21184,930560,421056,549952,528512,1708608,8000,1280,925184,95680,0,22528,19264,0,2,192,28352,384,269824,45376,0,50112,1152,25536,128,529,1207,1410078792,2351529296,1687424,0
1957,1677248,156800,136832,0,5312,20608,842944,419712,95040,73856,1603392,4672,1280,837696,41344,0,9728,0,0,1,128,29312,320,268736,45184,0,20032,128,55680,192,524,1198,4063331070,653700121,1582784,0
1958,2237184,154752,143552,0,5248,43456,897664,418688,573824,552384,1684800,8064,1344,892352,94144,0,22656,0,0,2,256,28096,256,268352,45248,0,48704,704,26944,128,526,1207,3095966432,2609019819,1641344,0
1959,1677120,160000,144064,0,5376,20800,827392,412160,107328,86464,1590656,4544,1280,822144,47616,0,12352,0,0,1,192,28160,384,269760,37824,0,23872,128,51712,128,525,1195,3912784565,3211857731,1569856,0
1960,1677184,130240,144960,0,5312,21056,776192,410048,189376,168128,1509056,0,1408,770880,0,0,0,0,0,0,320,28032,384,267264,38464,0,0,0,75456,128,532,1216,1335189843,2616846423,1488000,0
1961,1677184,150144,144192,0,5376,20544,783744,415168,158016,136896,1540288,0,1280,778496,0,0,0,0,0,0,256,27968,320,268672,41536,0,0,0,76224,192,527,1214,3748872731,1601822303,1519744,0
1962,2237248,160768,137408,0,17664,20864,955008,422656,522880,501696,1735552,52864,1280,949760,114496,0,14912,0,1,1,256,28160,320,266816,50624,0,24704,128,51520,128,520,1202,1644582111,2621282012,1714688,0
1963,1677376,129664,146944,0,5632,21120,781248,427456,165312,143680,1533696,0,1280,776064,0,0,0,0,0,0,192,28352,448,267456,54912,0,0,0,75968,128,513,1187,2470070662,4085036960,1512576,0
1964,1677120,154496,144832,0,5696,21056,893888,421184,35968,14848,1662272,7616,1344,888512,93824,0,22336,0,0,2,256,27968,256,268160,48704,0,49856,512,25280,192,521,1198,2939218696,164800697,1641216,0
1965,1677376,142336,144192,0,5632,21056,804480,427392,132288,110912,1566464,0,1280,799104,0,0,0,0,0,0,256,28352,384,269568,53312,0,0,0,75456,64,519,1201,963692270,3782110525,1545408,0
1966,1676736,131392,145024,0,5568,20864,806784,424256,142848,121792,1554944,0,1280,801536,0,0,0,0,0,0,256,28480,320,268736,51264,0,0,0,75072,128,515,1184,1964114251,1118626953,1534080,0
1967,1677184,141120,138112,0,14848,35712,818816,423936,104640,83584,1593600,0,1344,813376,0,0,0,0,0,0,256,28544,384,267840,50560,0,0,0,76224,128,514,1182,2793032164,2547565377,1557888,0
1968,1677312,142528,144576,0,5568,42496,817280,431872,92992,66176,1611136,0,1280,811968,0,0,0,0,0,0,192,27968,320,269376,58688,0,0,0,75136,192,512,1189,1087694647,597259582,1568640,0
1969,1676928,131712,144832,0,5632,20416,817920,433600,122816,101632,1575296,0,1280,812672,0,0,0,0,0,0,320,28416,256,269696,58624,0,0,0,76160,128,509,1172,222342902,2933929121,1554880,0
1970,1677120,142400,145408,0,6784,20992,811008,422528,128000,106816,1570304,0,1344,805504,0,0,0,0,0,0,256,28544,320,268736,50496,0,0,0,74048,128,507,1164,2720837714,2145520848,1549312,0
1971,1677312,141952,144320,0,7936,20672,810304,423296,128832,107456,1569856,0,1344,804864,0,0,0,0,0,0,256,28672,384,269120,49152,0,0,0,75584,128,505,1164,3540625915,558105663,1549184,0
1972,1677376,149824,136832,0,5440,21120,874688,420736,68736,46592,1630784,5184,1280,868608,43392,0,9856,0,0,1,256,28224,384,268160,48000,0,21120,128,54272,192,501,1148,3901827436,678941097,1609664,0
1973,1677248,141888,144256,0,5504,20864,835200,429888,99648,78336,1598912,0,1280,829888,0,0,0,0,0,0,192,27968,384,268928,56384,0,0,0,75904,128,499,1151,3597912193,2426834716,1578048,0
