frame,ALL,FTR,STG,BG,AUD,HUD,SRC,MISC,OTHR,WAIT,WORK,SHDT,SWRM,GCRA,SCPU,SCAT,SPRM,SINT,SPHD,SPHC,MWPN,MITM,MEFX,MACT,MPRT,MTEX,MCAP,MPRO,MCAM,MFLS,GPOL,GVTX,DGSA,DGSB,WORK-H,WRAPFIX
2,18033536,10816,16384000,0,19904,1020288,174656,66176,357696,320128,17713408,0,1024,169920,0,0,0,0,0,0,0,0,0,0,12224,2241408,103040,1728,0,128,142,443,4261356688,4261356688,16693120,0
3,1115776,10304,188608,0,3712,7104,178496,58304,669248,649088,466688,0,1024,173696,0,0,0,0,0,0,0,0,0,0,11840,0,0,0,46336,128,146,453,4261356688,4261356688,459584,0
4,1116992,10432,189248,0,3648,7360,178176,58176,669952,649536,467456,0,960,173440,0,0,0,0,0,0,0,0,0,0,11904,0,0,0,46144,128,146,452,4261356688,4261356688,460096,0
5,1116608,10240,189504,0,3712,7040,177216,57664,671232,650944,465664,0,1024,172544,0,0,0,0,0,0,0,0,0,0,11840,0,0,0,45696,128,146,453,4261356688,4261356688,458624,0
6,1117312,10368,190528,0,3776,7296,177728,57920,669696,649088,468224,0,1024,173120,0,0,0,0,0,0,0,0,0,0,11584,0,0,0,46208,128,144,448,4261356688,4261356688,460928,0
7,1116416,10496,194368,0,5568,7488,172864,57600,668032,646080,470336,0,1344,167168,0,0,0,0,0,0,0,0,0,0,11712,0,0,0,45760,128,144,449,4261356688,4261356688,462848,0
8,1116800,10496,185728,0,4544,7488,173312,57984,677248,657024,459776,0,1024,168704,0,0,0,0,0,0,0,0,0,0,11776,0,0,0,46080,128,142,444,4261356688,4261356688,452288,0
9,1116864,10560,185920,0,3648,7104,173952,57280,678400,658368,458496,0,960,169344,0,0,0,0,0,0,0,0,0,0,11648,0,0,0,45504,128,138,431,4261356688,4261356688,451392,0
10,1116992,10560,185408,0,3776,7488,172032,57600,680128,659968,457024,0,960,167360,0,0,0,0,0,0,0,0,0,0,11840,0,0,0,45632,128,133,416,4261356688,4261356688,449536,0
11,1116992,10432,184640,0,3776,7232,174976,57600,678336,657920,459072,0,960,170432,0,0,0,0,0,0,0,0,0,0,11840,0,0,0,45632,128,133,416,4261356688,4261356688,451840,0
12,1117120,10432,185408,0,3712,7104,175168,57088,678208,652544,464576,0,1152,170496,0,0,0,0,0,0,0,0,0,0,11840,0,0,0,45120,128,132,413,4261356688,4261356688,457472,0
13,1116864,10624,185856,0,3776,7360,176000,58048,675200,655552,461312,0,1024,171392,0,0,0,0,0,0,0,0,0,0,11968,0,0,0,45952,128,132,417,4261356688,4261356688,453952,0
14,1116864,10816,185856,0,3648,7296,174400,57280,677568,657664,459200,0,1024,169536,0,0,0,0,0,0,0,0,0,0,11776,0,0,0,45376,128,127,399,4261356688,4261356688,451904,0
15,1116992,10368,185280,0,3712,7296,174784,57344,678208,657792,459200,0,1024,170176,0,0,0,0,0,0,0,0,0,0,11712,0,0,0,45504,128,122,380,4261356688,4261356688,451904,0
16,1116864,10624,184960,0,3840,7232,175360,57216,677632,657280,459584,0,1024,170688,0,0,0,0,0,0,0,0,0,0,11712,0,0,0,45376,128,122,380,4261356688,4261356688,452352,0
17,1116992,10560,185280,0,3712,28672,174528,57728,656512,636032,480960,0,1024,169920,0,0,0,0,0,0,0,0,0,0,11840,0,0,0,45760,128,119,371,4261356688,4261356688,452288,0
18,1116736,10432,185792,0,3840,7360,174080,58048,677184,657472,459264,0,960,169472,0,0,0,0,0,0,0,0,0,0,11776,0,0,0,46144,128,118,373,4261356688,4261356688,451904,0
19,1116928,10368,186112,0,3712,7232,173888,57920,677696,657344,459584,0,960,169280,0,0,0,0,0,0,0,0,0,0,11968,0,0,0,45824,128,117,370,4261356688,4261356688,452352,0
20,1116736,10368,186496,0,3648,7232,178176,62528,668288,648128,468608,0,1088,173632,0,0,0,0,0,0,0,0,0,0,11648,0,0,0,50752,128,116,370,4261356688,4261356688,461376,0
21,1116736,10880,185408,0,3776,7424,179584,57024,672640,652928,463808,0,1024,174848,0,0,0,0,0,0,0,0,0,0,11520,0,0,0,45376,128,111,354,4261356688,4261356688,456384,0
22,1117056,10432,185600,0,3712,7360,179008,58112,672832,652416,464640,0,960,174400,0,0,0,0,0,0,0,0,0,0,11776,0,0,0,46208,128,108,344,4261356688,4261356688,457280,0
23,1116608,10688,185472,0,3584,7104,179008,57472,673280,653760,462848,0,1088,174464,0,0,0,0,0,0,0,0,0,0,11776,0,0,0,45568,128,108,346,4261356688,4261356688,455744,0
24,1116992,10752,185344,0,3840,7168,176960,57408,675520,655296,461696,0,1024,172224,0,0,0,0,0,0,0,0,0,0,11840,0,0,0,45440,128,106,340,4261356688,4261356688,454528,0
25,1116928,10176,185344,0,3840,7104,176128,57216,677120,656896,460032,0,1024,171520,0,0,0,0,0,0,0,0,0,0,11520,0,0,0,45568,128,106,344,4261356688,4261356688,452928,0
26,1116864,10752,185600,0,3840,7552,175360,57408,676352,656320,460544,0,1024,170816,0,0,0,0,0,0,0,0,0,0,11712,0,0,0,45568,128,106,346,4261356688,4261356688,452992,0
27,1116928,10432,184768,0,3712,7168,178112,57728,675008,654912,462016,0,1024,173312,0,0,0,0,0,0,0,0,0,0,11904,0,0,0,45696,128,106,345,4261356688,4261356688,454848,0
28,1116800,10560,184384,0,3712,7360,173824,57856,679104,653568,463232,0,1088,169088,0,0,0,0,0,0,0,0,0,0,11904,0,0,0,45824,128,106,345,4261356688,4261356688,455872,0
29,1116992,11520,185280,0,3712,10432,173440,59904,672704,652672,464320,0,960,168768,0,0,0,0,0,0,0,0,0,0,11840,0,0,0,47936,128,106,348,4261356688,4261356688,453888,0
30,1116864,10752,187200,0,4544,7296,178368,57536,671168,650944,465920,0,960,173760,0,0,0,0,0,0,0,0,0,0,11712,0,0,0,45696,128,106,346,4261356688,4261356688,458624,0
31,1116800,10688,186112,0,3648,7168,176256,57792,675136,655616,461184,0,960,171584,0,0,0,0,0,0,0,0,0,0,11712,0,0,0,45952,128,106,346,4261356688,4261356688,454016,0
32,1117184,10560,185024,0,3520,28608,171904,58112,659456,638720,478464,0,1024,167232,0,0,0,0,0,0,0,0,0,0,12032,0,0,0,45952,128,106,346,4261356688,4261356688,449856,0
33,1116416,10816,185664,0,3648,7296,176384,57280,675328,655488,460928,0,1024,171648,0,0,0,0,0,0,0,0,0,0,11840,0,0,0,45312,128,106,346,4261356688,4261356688,453632,0
34,1116928,10752,185600,0,3712,7360,175040,57472,676992,656896,460032,0,1024,170496,0,0,0,0,0,0,0,0,0,0,11840,0,0,0,45504,128,102,333,4261356688,4261356688,452672,0
35,1117056,10688,185600,0,3840,7360,174336,57472,677760,657280,459776,0,960,169600,0,0,0,0,0,0,0,0,0,0,11840,0,0,0,45504,128,102,333,4261356688,4261356688,452416,0
36,1116672,10496,184896,0,3648,7360,174976,57600,677696,657280,459392,0,1024,170304,0,0,0,0,0,0,0,0,0,0,11776,0,0,0,45696,128,102,333,4261356688,4261356688,452032,0
37,1117184,10432,186048,0,3712,7616,176320,58176,674880,654592,462592,0,960,171712,0,0,0,0,0,0,0,0,0,0,11776,0,0,0,46272,128,102,333,4261356688,4261356688,454976,0
38,1116800,10496,185536,0,3776,7232,174912,62208,672640,652544,464256,0,960,170368,0,0,0,0,0,0,0,0,0,0,11840,0,0,0,50240,128,102,333,4261356688,4261356688,457024,0
39,1116800,10432,185856,0,3776,7488,176192,57728,675328,654848,461952,0,1024,171584,0,0,0,0,0,0,0,0,0,0,11840,0,0,0,45760,128,102,333,4261356688,4261356688,454464,0
40,1116928,10688,185664,0,3648,7232,175488,57408,676800,656448,460480,0,960,170752,0,0,0,0,0,0,0,0,0,0,11840,0,0,0,45440,128,102,333,4261356688,4261356688,453248,0
41,1116928,10560,185856,0,3776,7616,200192,57600,651328,631552,485376,0,1024,195520,0,0,0,0,0,0,0,0,0,0,11840,0,0,0,45632,128,102,333,4261356688,4261356688,477760,0
42,1116736,10560,185728,0,3776,7488,187456,57536,664192,643776,472960,0,1024,182912,0,0,0,0,0,0,0,0,0,0,11840,0,0,0,45568,128,102,333,4261356688,4261356688,465472,0
43,1116928,10560,184960,0,3776,7232,177280,57216,675904,655552,461376,0,1024,172736,0,0,0,0,0,0,0,0,0,0,11776,0,0,0,45312,128,102,333,4261356688,4261356688,454144,0
44,1116928,10688,184896,0,3776,7360,175680,57216,677312,652032,464896,0,1024,171136,0,0,0,0,0,0,0,0,0,0,11584,0,0,0,45504,128,102,333,4261356688,4261356688,457536,0
45,1116928,10304,184640,0,3776,7232,174528,58112,678336,658176,458752,0,960,169856,0,0,0,0,0,0,0,0,0,0,11776,0,0,0,46208,128,102,333,4261356688,4261356688,451520,0
46,1116736,10496,184960,0,3712,7552,175744,57536,676736,656512,460224,0,1024,171200,0,0,0,0,0,0,0,0,0,0,11840,0,0,0,45568,128,102,333,4261356688,4261356688,452672,0
47,1117568,15872,186496,0,3776,39360,554304,119424,198336,171904,945664,109696,1408,549312,291008,0,143616,0,0,1,128,64,50048,1984,13952,0,28032,128,24960,128,126,413,1151254605,1151254605,906304,0
48,1116736,15936,186752,0,3840,18432,201664,115584,574528,548224,568512,0,1408,196672,0,0,0,0,0,0,128,64,47744,2112,14272,0,0,0,51136,128,129,422,1151254605,1151254605,550080,0
49,1117056,16256,186624,0,3712,17920,202432,107968,582144,555776,561280,0,1344,197568,0,0,0,0,0,0,192,128,39488,2048,14080,0,0,0,51904,128,131,429,1151254605,1151254605,543360,0
50,1116864,16064,186688,0,3648,18048,201344,107968,583104,556672,560192,0,1408,196416,0,0,0,0,0,0,128,128,39424,2048,13952,0,0,0,52160,128,131,429,1151254605,1151254605,542144,0
51,1116992,16000,186880,0,3776,18240,204288,107968,579840,553408,563584,0,1408,199232,0,0,0,0,0,0,128,64,39424,2048,13888,0,0,0,52288,128,131,429,1151254605,1151254605,545344,0
52,1116864,16064,186752,0,4480,18304,202432,107584,581248,555520,561344,0,1472,197312,0,0,0,0,0,0,192,64,39232,1984,14208,0,0,0,51840,64,131,425,1151254605,1151254605,543040,0
53,1116672,16064,186432,0,3776,17728,201792,108288,582592,557632,559040,0,1344,196800,0,0,0,0,0,0,128,64,39552,2048,13952,0,0,0,52416,128,131,425,1151254605,1151254605,541312,0
54,1117184,16192,186816,0,3776,17920,204480,107520,580480,554496,562688,0,1408,199488,0,0,0,0,0,0,128,128,39424,1856,14144,0,0,0,51712,128,131,424,1151254605,1151254605,544768,0
55,1116800,16000,186624,0,3776,17920,201472,107776,583232,558272,558528,0,1472,196480,0,0,0,0,0,0,192,64,39168,2048,14272,0,0,0,51904,128,128,414,1151254605,1151254605,540608,0
56,1116928,16000,185536,0,3776,18624,205952,111744,575296,550336,566592,0,1408,200832,0,0,0,0,0,0,128,64,39168,1984,13888,0,0,0,56384,128,131,423,1151254605,1151254605,547968,0
57,1117376,16192,187008,0,3776,18112,203520,107328,581440,555776,561600,0,1280,198528,0,0,0,0,0,0,128,64,39296,1856,14016,0,0,0,51840,128,131,423,1151254605,1151254605,543488,0
58,1676736,20032,187008,0,3712,17920,720000,193984,534080,509248,1167488,142784,1344,714880,468608,0,289472,0,0,1,256,128,119168,3968,14528,0,26688,128,28992,128,177,561,1151254605,1151254605,1149568,0
59,1117056,20032,186880,0,12288,18304,268288,171072,440192,415168,701888,0,1344,263104,0,0,0,0,0,0,192,128,98432,3904,14208,0,0,0,54144,64,156,497,1151254605,1151254605,683584,0
60,1116928,20224,186560,0,3904,18176,224704,172224,491136,461120,655808,0,1408,219712,0,0,0,0,0,0,320,128,98304,4096,14592,0,0,0,54656,128,159,506,1151254605,1151254605,637632,0
61,1116864,19968,186560,0,3840,18304,226816,171648,489728,465664,651200,0,1408,221824,0,0,0,0,0,0,256,64,98176,4032,14784,0,0,0,54144,192,159,505,1151254605,1151254605,632896,0
62,1116992,19968,187072,0,3904,39232,225216,171648,469952,445120,671872,0,1344,220224,0,0,0,0,0,0,256,128,98496,4032,14592,0,0,0,53952,192,158,502,1151254605,1151254605,632640,0
63,1116800,20160,186688,0,3840,17856,226880,170816,490560,466112,650688,0,1408,221824,0,0,0,0,0,0,192,192,97920,4032,14720,0,0,0,53632,128,157,499,1151254605,1151254605,632832,0
64,1116928,20096,186816,0,3904,18112,223360,171712,492928,468352,648576,0,1408,218432,0,0,0,0,0,0,256,128,98432,3968,14016,0,0,0,54784,128,157,499,1151254605,1151254605,630464,0
65,1116800,20224,186880,0,3840,18624,223360,171968,491904,467584,649216,0,1472,218368,0,0,0,0,0,0,192,128,98560,4224,14272,0,0,0,54464,128,154,489,1151254605,1151254605,630592,0
66,1116928,20160,186944,0,3904,18240,224192,171776,491712,467456,649472,0,1408,219072,0,0,0,0,0,0,256,128,97664,4160,14528,0,0,0,54912,128,159,505,1151254605,1151254605,631232,0
67,1116992,20032,186688,0,3904,18112,224768,171456,492032,467648,649344,0,1408,219712,0,0,0,0,0,0,192,128,97856,4032,14848,0,0,0,54272,128,159,505,1151254605,1151254605,631232,0
68,1677056,522240,186304,0,3904,18304,224512,174848,546944,511040,1166016,0,1344,219584,0,444928,0,0,0,0,256,192,97856,4160,14272,0,0,0,57984,128,358,800,1151254605,1151254605,1147712,0
69,1116864,468992,186304,0,3968,17920,227136,173888,38656,14464,1102400,0,1472,222080,0,412416,0,0,0,0,256,128,98112,3904,14336,0,0,0,57024,128,262,696,1151254605,1151254605,1084480,0
70,1677248,59136,186688,0,3968,17984,891392,267136,250944,226368,1450880,160640,1344,886208,543168,0,331392,0,0,1,576,256,181824,8000,14464,0,39744,448,21696,128,284,774,1151254605,1151254605,1432896,0
71,1116800,58624,186752,0,3968,17728,266304,254720,328704,304768,812032,0,1408,261248,0,0,0,0,0,0,448,256,170624,7936,14208,0,0,0,61120,128,274,760,1151254605,1151254605,794304,0
72,1116864,58560,197824,0,4032,18048,269760,254848,313792,289920,826944,0,1344,264832,0,0,0,0,0,0,320,320,170496,7808,14144,0,0,0,61632,128,272,758,1151254605,1151254605,808896,0
73,1116928,58560,186816,0,4736,18368,272320,255552,320576,296256,820672,0,1408,267136,0,0,0,0,0,0,448,192,171520,7808,13952,0,0,0,61568,64,287,781,1151254605,1151254605,802304,0
74,1116992,58560,186944,0,3904,18176,269312,254656,325440,301248,815744,0,1472,264128,0,0,0,0,0,0,448,320,169472,7936,14336,0,0,0,62016,128,290,782,1151254605,1151254605,797568,0
75,1116992,59392,188928,0,13760,18176,336768,270016,229952,205568,911424,0,1408,331712,0,0,0,0,0,0,448,128,169984,7808,29056,0,0,0,62464,128,296,803,1151254605,1151254605,893248,0
76,1116608,58176,186560,0,3968,39168,278272,269248,281216,251456,865152,0,1344,273280,0,0,0,0,0,0,448,384,171136,8064,27328,0,0,0,61760,128,292,795,1151254605,1151254605,825984,0
77,1677248,551872,187200,0,4032,18048,274176,238272,403648,367936,1309312,0,1344,269248,0,454464,0,0,0,0,384,256,137536,8576,27776,0,0,0,63552,192,374,955,1151254605,1151254605,1291264,0
78,1677056,529280,186240,0,4160,18432,285056,240896,412992,388864,1288192,0,1344,279936,0,426304,0,0,0,0,448,128,138304,8384,29824,0,0,0,63680,128,373,956,1151254605,1151254605,1269760,0
79,1116928,96768,186368,0,5120,18432,280064,241088,289088,265024,851904,0,1408,275008,0,0,0,0,0,0,256,256,137344,8000,32000,0,0,0,63104,128,373,969,1151254605,1151254605,833472,0
80,1116928,95680,186176,0,6144,18432,267392,238528,304576,280256,836672,0,1536,262144,0,0,0,0,0,0,384,256,136448,8064,29376,0,0,0,63872,128,375,966,1151254605,1151254605,818240,0
81,1677248,97344,186496,0,5248,18240,606784,280448,482688,458240,1219008,98112,1344,601536,277568,0,131456,0,0,1,448,384,171008,10368,32128,0,38464,448,27072,128,377,1001,1151254605,1151254605,1200768,0
82,2237440,1237760,186496,0,3904,18368,311808,249344,229760,175552,2061888,0,1408,306816,0,710336,0,0,0,0,448,256,139840,8256,34496,0,0,0,65920,128,381,1020,1151254605,1151254605,2043520,0
83,2237120,1073088,186560,0,3904,17728,295424,245056,415360,391232,1845888,0,1408,290368,0,669376,0,0,0,0,448,256,137792,8384,33024,0,0,0,65024,128,389,1049,1151254605,1151254605,1828160,0
84,1677312,437696,186496,0,3776,18176,294976,242112,494080,469760,1207552,0,1344,289728,0,0,0,43968,0,0,384,256,136768,8320,31360,0,0,0,64896,128,410,1107,1151254605,1151254605,1189376,0
85,1676928,832832,186816,0,11840,18432,336832,243712,46464,22016,1654912,0,1408,331584,0,690688,0,0,0,0,320,256,136896,8128,31488,0,0,0,66496,128,503,1305,1151254605,1151254605,1636480,0
86,1116992,141248,186240,0,4096,18112,296704,236864,233728,209600,907392,0,1472,291712,0,0,0,0,0,0,512,192,136832,8256,25728,0,0,0,65216,128,484,1241,1151254605,1151254605,889280,0
87,1117056,141376,186432,0,4032,38912,294976,235584,215744,191168,925888,0,1408,289984,0,0,0,0,0,0,320,192,137088,8320,22592,0,0,0,66944,128,475,1219,1151254605,1151254605,886976,0
88,1116736,141568,186496,0,4096,18368,295872,225216,245120,221120,895616,0,1344,291072,0,0,0,0,0,0,512,320,136576,8192,14400,0,0,0,65088,128,471,1212,1151254605,1151254605,877248,0
89,1116800,141632,185984,0,4160,17664,294912,226560,245888,221504,895296,0,1408,289920,0,0,0,0,0,0,512,256,137280,8192,14528,0,0,0,65664,128,469,1193,1151254605,1151254605,877632,0
90,1117120,141120,186880,0,4864,18112,302144,225728,238272,214144,902976,0,1536,296896,0,0,0,0,0,0,512,320,137280,8256,14016,0,0,0,65216,128,466,1199,1151254605,1151254605,884864,0
91,1117120,141376,186560,0,4032,17920,292352,225536,249344,225344,891776,0,1472,287296,0,0,0,0,0,0,384,256,136896,8320,14272,0,0,0,65216,192,454,1164,1151254605,1151254605,873856,0
92,1116928,141312,185792,0,4032,18432,292480,225152,249728,220160,896768,0,1472,287360,0,0,0,0,0,0,384,320,136256,8128,14400,0,0,0,65536,128,455,1168,1151254605,1151254605,878336,0
93,1116864,141312,186240,0,3968,18304,293440,227136,246464,222464,894400,0,1536,288256,0,0,0,0,0,0,512,320,136960,8128,14336,0,0,0,66752,128,466,1166,1151254605,1151254605,876096,0
94,1116928,141376,186624,0,3904,18496,293056,226112,247360,223104,893824,0,1408,288000,0,0,0,0,0,0,448,320,137152,8192,14592,0,0,0,65280,128,477,1220,1151254605,1151254605,875328,0
95,1116928,141568,186752,0,4032,18496,294784,226368,244928,220544,896384,0,1408,289792,0,0,0,0,0,0,512,320,137920,8384,14400,0,0,0,64704,128,491,1250,1151254605,1151254605,877888,0
96,1116992,140992,186048,0,11520,18624,322816,224512,212480,188096,928896,0,1344,317632,0,0,0,0,0,0,512,320,136704,8000,14208,0,0,0,64640,128,505,1259,1151254605,1151254605,910272,0
97,1116864,141824,186624,0,4160,18176,299072,223744,243264,218880,897984,0,1344,294016,0,0,0,0,0,0,320,192,135616,8000,14144,0,0,0,65344,128,505,1234,1151254605,1151254605,879808,0
98,1116672,140800,185664,0,5184,18240,297728,226624,242432,218112,898560,0,1472,292672,0,0,0,0,0,0,512,256,138176,8384,14400,0,0,0,64768,128,493,1206,1151254605,1151254605,880320,0
99,1117056,141312,186304,0,6336,18304,295872,224512,244416,219904,897152,0,1408,290816,0,0,0,0,0,0,384,320,137280,8000,14400,0,0,0,64000,128,492,1205,1151254605,1151254605,878848,0
100,1116864,141248,186944,0,5440,17984,295744,225664,243840,219392,897472,0,1408,290624,0,0,0,0,0,0,512,256,137664,8192,14336,0,0,0,64576,128,485,1195,1151254605,1151254605,879488,0
101,1116992,141184,186624,0,6208,18048,296960,225280,242688,217920,899072,0,1408,291904,0,0,0,0,0,0,448,192,137088,8128,14208,0,0,0,65088,128,479,1191,1151254605,1151254605,881024,0
102,1116864,141312,186176,0,6208,39936,299200,225600,218432,194240,922624,0,1472,294080,0,0,0,0,0,0,448,384,137280,8192,14336,0,0,0,64832,128,476,1184,1151254605,1151254605,882688,0
103,1116736,140800,186816,0,5248,18688,297728,226560,240896,216704,900032,0,1536,292736,0,0,0,0,0,0,384,192,138048,8512,14272,0,0,0,65024,128,477,1183,1151254605,1151254605,881344,0
104,1117120,140160,186240,0,3904,18176,293632,224832,250176,225856,891264,0,1408,288576,0,0,0,0,0,0,512,256,136128,8320,14464,0,0,0,65024,128,475,1177,1151254605,1151254605,873088,0
105,1116864,304704,187008,0,4032,17792,294720,228032,80576,37952,1078912,0,1472,289792,0,136832,0,0,0,0,448,256,137920,8192,14400,0,0,0,66624,192,526,1311,1151254605,1151254605,1061120,0
106,1116864,306432,186944,0,3840,18112,293504,226560,81472,57472,1059392,0,1472,288384,0,124672,0,0,0,0,384,192,137344,8064,14272,0,0,0,66176,128,558,1358,1151254605,1151254605,1041280,0
107,1677376,171136,186688,0,11200,18368,672896,220864,396224,371392,1305984,261056,1408,667712,304896,0,12416,0,1,1,256,192,133888,5952,14464,0,22720,128,43136,128,570,1362,33168790,33168790,1287616,0
108,1116800,164544,186176,0,6080,18368,320384,220416,200832,170944,945856,0,1472,315200,0,0,0,0,0,0,384,192,132864,6144,14400,0,0,0,66368,64,561,1340,33168790,33168790,927488,0
109,1116864,164352,186752,0,6144,18688,323008,221440,196480,172160,944704,0,1344,317888,0,0,0,0,0,0,384,192,134912,6080,14272,0,0,0,65472,128,562,1341,33168790,33168790,926016,0
110,1116992,163968,187264,0,5312,18688,322688,221248,197824,173568,943424,0,1408,317504,0,0,0,0,0,0,320,192,134272,6080,14400,0,0,0,65856,128,572,1348,33168790,33168790,924736,0
111,1116928,163904,194048,0,11136,19136,352512,227328,148864,124480,992448,0,1408,347456,0,0,0,0,0,0,384,192,135424,5952,17088,0,0,0,68160,128,567,1335,33168790,33168790,973312,0
112,1116992,164800,185856,0,4736,18496,343744,236928,162432,138112,978880,0,1408,338496,0,0,0,0,0,0,320,192,133760,6080,29632,0,0,0,66816,128,579,1367,33168790,33168790,960384,0
113,1116992,268288,186624,0,11840,19008,363264,235072,32896,8704,1108288,0,1408,358080,0,0,0,87936,0,0,384,256,133376,6272,27968,0,0,0,66688,128,583,1374,33168790,33168790,1089280,0
114,1116928,174720,187008,0,4160,18752,322368,235648,174272,150016,966912,0,1408,317248,0,0,0,0,0,0,384,192,134592,5888,27648,0,0,0,66816,128,590,1389,33168790,33168790,948160,0
115,1116800,174912,185792,0,4160,18688,335232,237760,160256,136256,980544,0,1344,330240,0,0,0,0,0,0,320,128,134080,6080,31040,0,0,0,65984,128,588,1396,33168790,33168790,961856,0
116,1117056,174912,186432,0,4224,18624,333440,235264,164160,139840,977216,0,1408,328256,0,0,0,0,0,0,384,256,132736,6016,29824,0,0,0,65920,128,596,1406,33168790,33168790,958592,0
117,1117504,174336,187136,0,4224,39936,327552,236864,147456,122688,994816,0,1344,322368,0,0,0,0,0,0,448,256,134208,6016,29952,0,0,0,65856,128,588,1400,33168790,33168790,954880,0
118,1676160,181376,186816,0,4160,18432,565248,176320,543808,520192,1155968,160768,1472,560128,200128,0,11200,0,1,1,256,128,75008,3840,32192,0,19584,128,45056,128,566,1323,33168790,33168790,1137536,0
119,1117120,174976,186624,0,4160,18688,356800,179200,196672,172608,944512,0,1408,351616,0,0,0,0,0,0,256,128,75456,4096,34368,0,0,0,64768,128,563,1327,33168790,33168790,925824,0
120,1117120,174912,186624,0,6272,19072,341376,176064,212800,188608,928512,0,1472,336128,0,0,0,0,0,0,256,128,75456,3776,31808,0,0,0,64512,128,561,1326,33168790,33168790,909440,0
121,1116800,173952,186688,0,6272,18560,337088,176064,218176,193920,922880,0,1344,331968,0,0,0,0,0,0,256,128,74944,3904,31936,0,0,0,64768,128,561,1318,33168790,33168790,904320,0
122,1116928,174656,186624,0,5440,18624,336640,174080,220864,196736,920192,0,1408,331456,0,0,0,0,0,0,256,128,75136,3840,30592,0,0,0,64000,128,564,1320,33168790,33168790,901568,0
123,1116928,174720,186944,0,4032,18816,335680,166912,229824,205568,911360,0,1408,330688,0,0,0,0,0,0,256,128,75776,3840,23040,0,0,0,63744,128,562,1303,33168790,33168790,892544,0
124,1116800,174656,186944,0,6272,18560,331968,157760,240640,210944,905856,0,1408,326912,0,0,0,0,0,0,256,192,76096,4032,13824,0,0,0,63232,128,560,1304,33168790,33168790,887296,0
125,1116928,175296,186752,0,6464,18560,327808,157056,244992,220736,896192,0,1344,322688,0,0,0,0,0,0,256,192,75456,3904,14144,0,0,0,62976,128,555,1303,33168790,33168790,877632,0
126,1116864,175104,186944,0,3968,18432,330240,155968,246208,219136,897728,0,1344,325248,0,0,0,0,0,0,256,64,75008,3904,14144,0,0,0,62464,128,565,1308,33168790,33168790,879296,0
127,1116992,174912,186752,0,3904,18304,331584,157056,244480,220672,896320,0,1344,326528,0,0,0,0,0,0,256,128,75456,3904,14016,0,0,0,63168,128,560,1301,33168790,33168790,878016,0
128,1116800,174464,186368,0,3968,18432,328576,135616,269376,245312,871488,0,1408,323520,0,0,0,0,0,0,320,64,54080,3712,14336,0,0,0,62976,128,541,1232,33168790,33168790,853056,0
129,1117120,174080,186880,0,3840,18496,332096,136384,265344,241088,876032,0,1408,326976,0,0,0,0,0,0,192,128,54528,3840,14144,0,0,0,63424,128,535,1230,33168790,33168790,857536,0
130,2237248,973120,186560,0,6016,18944,537536,71424,443648,417728,1819520,130688,1920,531968,176960,792000,13760,0,1,1,0,0,0,0,12544,0,21440,640,36672,128,537,1230,33168790,33168790,1800576,0
131,1116928,173248,186176,0,5056,39936,321280,69696,321536,297280,819648,0,1472,316224,0,0,0,0,0,0,0,0,0,0,12096,0,0,0,57472,128,538,1229,33168790,33168790,779712,0
132,1116928,182400,185088,0,3648,18560,321920,74880,330432,306304,810624,0,1408,316800,0,0,0,0,0,0,0,0,0,0,12736,0,0,0,62016,128,540,1229,33168790,33168790,792064,0
133,1116672,204480,186176,0,4544,18560,324416,72000,306496,282240,834432,0,1408,319360,0,0,0,29056,0,0,0,0,0,0,12416,0,0,0,59456,128,536,1225,33168790,33168790,815872,0
134,1116928,174016,185856,0,3776,18688,320576,71104,342912,318592,798336,0,1344,315584,0,0,0,0,0,0,0,0,0,0,12416,0,0,0,58624,64,531,1224,33168790,33168790,779648,0
135,1116864,173696,186560,0,3776,18688,327232,70144,336768,312704,804160,0,1344,322240,0,0,0,0,0,0,0,0,0,0,12416,0,0,0,57600,128,535,1228,33168790,33168790,785472,0
136,1117056,173376,185728,0,3648,18624,325184,70976,339520,315136,801920,0,1408,320192,0,0,0,0,0,0,0,0,0,0,12544,0,0,0,58304,128,531,1210,33168790,33168790,783296,0
137,1116864,174016,186432,0,11008,18880,351232,70528,304768,280192,836672,0,1280,346112,0,0,0,0,0,0,0,0,0,0,12672,0,0,0,57728,128,534,1225,33168790,33168790,817792,0
138,1116800,172800,185856,0,3904,18688,323584,70912,341056,316672,800128,0,1408,318464,0,0,0,0,0,0,0,0,0,0,12288,0,0,0,58432,192,531,1220,33168790,33168790,781440,0
139,1116928,173312,185856,0,3840,18688,322880,69824,342528,318144,798784,0,1408,317696,0,0,0,0,0,0,0,0,0,0,12096,0,0,0,57600,128,532,1221,33168790,33168790,780096,0
140,1116864,174272,187328,0,3840,18304,323008,70400,339712,310080,806784,0,1408,317952,0,0,0,0,0,0,0,0,0,0,12480,0,0,0,57792,128,526,1222,33168790,33168790,788480,0
141,1677120,368320,187840,0,3904,18432,502272,70464,525888,501632,1175488,108480,1408,497280,153536,190016,13056,0,1,1,0,0,0,0,12544,0,22720,64,35008,128,523,1215,33168790,33168790,1157056,0
142,1116864,173504,185216,0,3840,18880,323392,70656,341376,317376,799488,0,1472,318208,0,0,0,0,0,0,0,0,0,0,12416,0,0,0,58112,128,525,1221,33168790,33168790,780608,0
143,1116736,193408,185920,0,3968,18624,326016,70720,318080,294080,822656,0,1472,320896,0,0,0,18752,0,0,0,0,0,0,12224,0,0,0,58368,128,526,1222,33168790,33168790,804032,0
144,1117248,173440,186304,0,3904,18816,324992,70464,339328,315264,801984,0,1472,320000,0,0,0,0,0,0,0,0,0,0,12736,0,0,0,57600,128,527,1225,33168790,33168790,783168,0
145,1116736,174144,185792,0,3968,18624,323520,70016,340672,316352,800384,0,1344,318528,0,0,0,0,0,0,0,0,0,0,12032,0,0,0,57856,128,529,1227,33168790,33168790,781760,0
146,1117056,173632,186304,0,3840,39616,323072,70336,320256,296000,821056,0,1408,318080,0,0,0,0,0,0,0,0,0,0,12672,0,0,0,57536,128,530,1230,33168790,33168790,781440,0
147,1116864,172672,186304,0,3840,18496,324992,71168,339392,315072,801792,0,1408,319744,0,0,0,0,0,0,0,0,0,0,12480,0,0,0,58560,128,531,1235,33168790,33168790,783296,0
148,1116992,204032,186048,0,3776,18752,328448,73216,302720,278080,838912,0,1344,323328,0,0,0,29184,0,0,0,0,0,0,12480,0,0,0,60608,128,530,1234,33168790,33168790,820160,0
149,1116736,173312,186240,0,3904,18624,323712,70784,340160,315968,800768,0,1472,318528,0,0,0,0,0,0,0,0,0,0,12480,0,0,0,58176,128,530,1234,33168790,33168790,782144,0
150,1116928,172928,186176,0,3840,18496,325696,70784,339008,314560,802368,0,1344,320576,0,0,0,0,0,0,0,0,0,0,12672,0,0,0,57984,128,530,1234,33168790,33168790,783872,0
151,1116800,204096,186240,0,3904,18560,326400,71872,305728,281664,835136,0,1408,321344,0,0,0,28992,0,0,0,0,0,0,12864,0,0,0,58880,128,534,1244,33168790,33168790,816576,0
152,1116864,173888,185024,0,3904,18304,327936,70208,337600,313408,803456,0,1408,322816,0,0,0,0,0,0,0,0,0,0,12288,0,0,0,57792,128,535,1245,33168790,33168790,785152,0
153,1116864,173824,185792,0,3904,18752,324224,70592,339776,315648,801216,0,1408,319040,0,0,0,0,0,0,0,0,0,0,12608,0,0,0,57792,192,534,1244,33168790,33168790,782464,0
154,1117056,173248,190656,0,6848,18496,328896,70208,328704,303360,813696,0,1408,323968,0,0,0,0,0,0,0,0,0,0,12672,0,0,0,57408,128,534,1244,33168790,33168790,795200,0
155,1117056,173312,186560,0,6912,18624,322048,70656,338944,314368,802688,0,1408,316992,0,0,0,0,0,0,0,0,0,0,12672,0,0,0,57856,128,537,1247,33168790,33168790,784064,0
156,1116672,173184,186432,0,5120,18880,323072,71168,338816,309312,807360,0,1344,317952,0,0,0,0,0,0,0,0,0,0,12608,0,0,0,58368,192,537,1249,33168790,33168790,788480,0
157,1116864,173120,184704,0,3840,18688,323968,70272,342272,318272,798592,0,1408,318848,0,0,0,0,0,0,0,0,0,0,12160,0,0,0,57984,128,536,1246,33168790,33168790,779904,0
158,1116992,173184,186240,0,3712,18816,323968,70656,340416,316288,800704,0,1472,318848,0,0,0,0,0,0,0,0,0,0,12224,0,0,0,58304,128,533,1239,33168790,33168790,781888,0
159,1116928,173120,185920,0,3712,18496,334528,70592,330560,306816,810112,0,1344,329600,0,0,0,0,0,0,0,0,0,0,12608,0,0,0,57856,128,532,1236,33168790,33168790,791616,0
160,1116928,173184,185984,0,3712,18624,325312,70400,339712,315392,801536,0,1408,320192,0,0,0,0,0,0,0,0,0,0,12416,0,0,0,57856,128,530,1232,33168790,33168790,782912,0
161,1117056,173440,185344,0,3712,39872,325568,70720,318400,294080,822976,0,1408,320448,0,0,0,0,0,0,0,0,0,0,12736,0,0,0,57856,128,528,1230,33168790,33168790,783104,0
162,1116736,173312,186880,0,3776,18688,324224,70592,339264,315136,801600,0,1344,319232,0,0,0,0,0,0,0,0,0,0,12544,0,0,0,57920,128,527,1227,33168790,33168790,782912,0
163,1116864,173120,185088,0,3776,18752,323776,70464,341888,317888,798976,0,1344,318784,0,0,0,0,0,0,0,0,0,0,12160,0,0,0,58176,128,525,1223,33168790,33168790,780224,0
164,1116992,173632,186304,0,3712,18816,323072,69952,341504,317248,799744,0,1408,317888,0,0,0,0,0,0,0,0,0,0,12736,0,0,0,57088,128,524,1217,33168790,33168790,780928,0
165,1116992,173312,186112,0,3712,18432,326080,70592,338752,314688,802304,0,1344,321024,0,0,0,0,0,0,0,0,0,0,12416,0,0,0,58048,128,526,1217,33168790,33168790,783872,0
166,1116864,172480,185856,0,3712,18880,321536,72512,341888,317696,799168,0,1408,316544,0,0,0,0,0,0,0,0,0,0,12224,0,0,0,60160,128,525,1214,33168790,33168790,780288,0
167,1116992,173184,185984,0,10880,18560,348288,70464,309632,285248,831744,0,1344,343232,0,0,0,0,0,0,0,0,0,0,12224,0,0,0,58112,128,525,1215,33168790,33168790,813184,0
168,1116736,172544,187008,0,3840,18560,324288,70976,339520,314944,801792,0,1344,319296,0,0,0,0,0,0,0,0,0,0,12352,0,0,0,58496,128,525,1215,33168790,33168790,783232,0
169,1116928,172864,186048,0,3904,18560,327168,70528,337856,313792,803136,0,1408,322240,0,0,0,0,0,0,0,0,0,0,12480,0,0,0,57920,128,524,1214,33168790,33168790,784576,0
170,1117056,173056,186304,0,3840,18624,336320,70144,328768,305088,811968,0,1408,331328,0,0,0,0,0,0,0,0,0,0,12288,0,0,0,57728,128,523,1212,33168790,33168790,793344,0
171,1116864,172288,185536,0,3904,18496,326144,70976,339520,315584,801280,0,1408,321152,0,0,0,0,0,0,0,0,0,0,12736,0,0,0,58112,128,526,1217,33168790,33168790,782784,0
172,1117120,173440,185728,0,3968,18496,321216,70912,343360,314112,803008,0,1344,316224,0,0,0,0,0,0,0,0,0,0,12416,0,0,0,58368,128,526,1219,33168790,33168790,784512,0
173,1116864,172800,185984,0,3904,18560,322688,70592,342336,318784,798080,0,1408,317632,0,0,0,0,0,0,0,0,0,0,12160,0,0,0,58304,128,526,1217,33168790,33168790,779520,0
174,1117184,174208,185600,0,3840,18624,324352,69888,340672,316352,800832,0,1408,319232,0,0,0,0,0,0,0,0,0,0,11968,0,0,0,57792,128,525,1214,33168790,33168790,782208,0
175,1116928,173184,187200,0,3904,18496,325632,70400,338112,313920,803008,0,1408,320640,0,0,0,0,0,0,0,0,0,0,12480,0,0,0,57792,128,525,1216,33168790,33168790,784512,0
176,1116992,184704,186496,0,3840,20032,323264,70784,327872,304064,812928,0,1408,318272,0,0,0,0,0,0,0,0,0,0,12480,0,0,0,58176,128,526,1219,33168790,33168790,792896,0
177,1117376,172864,185664,0,4672,18560,325568,71232,338816,314368,803008,0,1408,320448,0,0,0,0,0,0,0,0,0,0,12736,0,0,0,58368,128,526,1223,33168790,33168790,784448,0
178,1116480,173248,186176,0,3840,18432,326400,70656,337728,313536,802944,0,1472,321280,0,0,0,0,0,0,0,0,0,0,12672,0,0,0,57856,128,525,1222,33168790,33168790,784512,0
179,1116608,173760,186560,0,3904,18560,323136,70400,340288,316096,800512,0,1408,318080,0,0,0,0,0,0,0,0,0,0,12160,0,0,0,58112,128,525,1218,33168790,33168790,781952,0
180,1117056,173248,185664,0,3904,18880,322944,70720,341696,317632,799424,0,1408,317952,0,0,0,0,0,0,0,0,0,0,12736,0,0,0,57856,128,525,1218,33168790,33168790,780544,0
181,1117056,173184,185792,0,3904,18816,338624,70528,326208,301888,815168,0,1408,333440,0,0,0,0,0,0,0,0,0,0,12480,0,0,0,57920,128,524,1219,33168790,33168790,796352,0
182,1116800,173440,186624,0,6016,18624,324608,70912,336576,312640,804160,0,1408,319488,0,0,0,0,0,0,0,0,0,0,12480,0,0,0,58304,128,525,1220,33168790,33168790,785536,0
183,1117056,194304,185920,0,5952,18304,323264,70464,318848,294400,822656,0,1344,318336,0,0,0,18624,0,0,0,0,0,0,12480,0,0,0,57856,128,526,1223,33168790,33168790,804352,0
184,1116800,193280,186176,0,5120,18752,324608,72320,316544,292544,824256,0,1408,319680,0,0,0,18432,0,0,0,0,0,0,11968,0,0,0,60224,128,526,1223,33168790,33168790,805504,0
185,1116928,173824,186624,0,6016,18432,326336,70400,335296,311424,805504,0,1408,321152,0,0,0,0,0,0,0,0,0,0,12288,0,0,0,57984,128,528,1227,33168790,33168790,787072,0
186,1116928,172480,187072,0,5952,18880,323968,70720,337856,313856,803072,0,1408,318912,0,0,0,0,0,0,0,0,0,0,12672,0,0,0,57920,128,527,1223,33168790,33168790,784192,0
187,1117184,172736,186752,0,4352,18816,324928,71040,338560,314112,803072,0,1408,319744,0,0,0,0,0,0,0,0,0,0,12480,0,0,0,58432,128,526,1220,33168790,33168790,784256,0
188,1116608,173056,186176,0,2304,18752,327040,70656,338624,309120,807488,0,1408,322048,0,0,0,0,0,0,0,0,0,0,12608,0,0,0,57920,128,526,1220,33168790,33168790,788736,0
189,1116800,172672,186752,0,2368,18688,324992,70784,340544,316544,800256,0,1408,319936,0,0,0,0,0,0,0,0,0,0,12352,0,0,0,58304,128,525,1217,33168790,33168790,781568,0
190,1117248,172480,186752,0,2368,18816,327808,70912,338112,313984,803264,0,1408,322752,0,0,0,0,0,0,0,0,0,0,12480,0,0,0,58304,128,524,1216,33168790,33168790,784448,0
191,1116864,173696,185472,0,2368,39808,325952,70336,319232,295424,821440,0,1408,320896,0,0,0,0,0,0,0,0,0,0,12224,0,0,0,57984,128,525,1219,33168790,33168790,781632,0
192,1116672,205120,187200,0,2304,18624,326144,71360,305920,281792,834880,0,1344,321024,0,0,0,29248,0,0,0,0,0,0,12416,0,0,0,58816,128,527,1223,33168790,33168790,816256,0
193,1117120,172416,186560,0,2368,18560,324224,70656,342336,318144,798976,0,1408,319232,0,0,0,0,0,0,0,0,0,0,12224,0,0,0,58304,128,528,1224,33168790,33168790,780416,0
194,1116992,193280,186560,0,2368,18112,323776,70912,321984,297728,819264,0,1472,318592,0,0,0,18560,0,0,0,0,0,0,12288,0,0,0,58496,128,528,1224,33168790,33168790,801152,0
195,1116864,204736,186816,0,2304,18560,326592,71424,306432,282112,834752,0,1408,321472,0,0,0,28928,0,0,0,0,0,0,12672,0,0,0,58624,128,530,1228,33168790,33168790,816192,0
196,1117184,193664,186816,0,2304,18176,325376,70720,320128,295936,821248,0,1408,320384,0,0,0,18176,0,0,0,0,0,0,12288,0,0,0,58304,128,531,1231,33168790,33168790,803072,0
197,1678400,178880,188608,0,17536,38144,714176,100928,440128,383808,1294592,0,1536,428864,0,0,0,0,0,0,0,0,0,0,12480,0,0,0,88320,128,530,1229,33168790,3939547252,1256448,0
198,1116928,132416,190784,0,6976,26432,427776,79232,253312,227392,889536,0,1408,422528,0,0,0,0,0,0,0,0,0,0,12864,0,0,0,66240,128,532,1231,2402514543,2082894433,863104,0
199,1116736,132544,191104,0,6016,25920,423104,77760,260288,234496,882240,0,1408,417728,0,0,0,0,0,0,0,0,0,0,12928,0,0,0,64704,128,531,1230,1194759166,1420544139,856320,0
200,1116928,132352,191744,0,5056,25856,433664,78528,249728,224128,892800,0,1344,428416,0,0,0,0,0,0,0,0,0,0,12736,0,0,0,65664,128,533,1229,1660371042,2140046422,866944,0
201,1116928,132800,191040,0,3712,25920,423424,78912,261120,235520,881408,0,1408,417920,0,0,0,0,0,0,0,0,0,0,12992,0,0,0,65792,128,532,1230,272522578,1576602983,855488,0
202,1117184,132800,190144,0,3840,26048,419520,78144,266688,240960,876224,0,1344,414272,0,0,0,0,0,0,0,0,0,0,12800,0,0,0,65152,192,531,1227,1400752851,3404630692,850176,0
203,1116992,131776,187776,0,3776,26048,390272,78848,298496,272960,844032,0,1408,384896,0,0,0,0,0,0,0,0,0,0,12992,0,0,0,65664,192,529,1225,1347561836,3132842429,817984,0
204,1117056,132736,186176,0,3712,25472,356096,78976,333888,302720,814336,0,1408,350784,0,0,0,0,0,0,0,0,0,0,12864,0,0,0,65984,128,529,1223,3695841120,3556466009,788864,0
205,1116800,133760,186368,0,3712,25792,360256,79296,327616,301696,815104,0,1408,355072,0,0,0,0,0,0,0,0,0,0,12736,0,0,0,66432,128,531,1222,1528374714,1108703653,789312,0
206,1116928,132800,186048,0,3840,47168,361024,79104,306944,281088,835840,0,1408,355712,0,0,0,0,0,0,0,0,0,0,12672,0,0,0,66304,128,529,1216,262358474,2769196889,788672,0
207,1116736,131648,188544,0,3648,26112,362432,78912,325440,299520,817216,0,1408,357184,0,0,0,0,0,0,0,0,0,0,12992,0,0,0,65792,128,530,1217,1604005747,738931498,791104,0
208,1117184,132544,187264,0,3648,25728,360128,78464,329408,303488,813696,0,1408,354816,0,0,0,0,0,0,0,0,0,0,12800,0,0,0,65536,128,530,1217,1370416369,910386375,787968,0
209,1116864,157888,187776,0,3712,25984,463168,79040,199296,173440,943424,42112,1408,457792,85952,0,12352,0,1,1,0,0,0,0,12800,0,24064,128,41920,128,526,1207,4154435064,3348568693,917440,0
210,1116864,157184,188352,0,3712,25280,457728,92736,191872,165824,951040,29248,1344,452544,71040,0,12480,0,1,1,0,0,0,0,24960,0,21696,64,45888,128,521,1203,1024454613,1099583111,925760,0
211,1117120,137664,190528,0,3648,25728,374848,92416,292288,266304,850816,0,1408,369472,0,0,0,0,0,0,0,0,0,0,24832,0,0,0,67456,128,534,1232,2693842334,47446856,825088,0
212,1116800,171136,188480,0,3712,25600,588096,91584,48192,22464,1094336,88192,1408,582848,171776,0,23616,0,2,2,0,0,0,0,24768,0,45312,576,20800,128,532,1230,323196363,865178961,1068736,0
213,1676864,633280,187264,0,3648,26240,618880,119744,87808,62144,1614720,85824,1472,613440,211328,461888,23680,0,2,2,0,0,0,0,51200,0,42816,192,25408,128,526,1230,2446575011,2442177451,1588480,0
214,1116992,162880,186688,0,10560,26688,532864,125312,72000,46336,1070656,55040,1472,527424,100480,0,14208,0,1,1,0,0,0,0,56448,0,22848,384,45504,128,534,1239,2544143710,4145725323,1043968,0
215,1116736,142144,188608,0,3904,25920,407232,112512,236416,210240,906496,0,1344,401920,0,0,0,0,0,0,0,0,0,0,44864,0,0,0,67520,128,531,1239,1186626874,1146580921,880576,0
216,1116992,142080,187904,0,6080,26112,424768,104960,225088,199168,917824,0,1344,419456,0,0,0,0,0,0,0,0,0,0,38272,0,0,0,66560,128,529,1229,459980306,467259403,891712,0
217,1116864,141824,187840,0,6144,26368,425920,103808,224960,199424,917440,0,1344,420608,0,0,0,0,0,0,0,0,0,0,37440,0,0,0,66240,128,540,1250,3188181384,3132304409,891072,0
218,1116928,141888,187392,0,5056,25728,429184,105152,222528,196608,920320,0,1408,423872,0,0,0,0,0,0,0,0,0,0,38208,0,0,0,66816,128,530,1230,850651665,1030550230,894592,0
219,1120832,142144,188096,0,3648,26048,468800,112192,179904,149312,971520,0,1408,463488,0,0,0,0,0,0,0,0,0,0,44672,0,0,0,67392,128,533,1247,76448929,376133418,945472,0
220,2233344,162496,195264,0,23552,47104,765184,910720,129024,97664,2135680,43904,1408,759808,83264,0,11008,0,1,1,737984,128,192,2304,52672,22272,20544,128,96640,128,546,1282,3840859376,3562744426,2088576,0
221,1116864,154624,194944,0,6656,25984,461952,207040,65664,34624,1082240,0,1472,456640,0,0,0,0,0,0,36032,128,128,1536,51520,0,0,0,117568,128,548,1285,785826712,3306403706,1056256,0
222,1117056,141952,187712,0,7040,25728,462144,187904,104576,78848,1038208,0,1408,456896,0,0,0,0,0,0,36480,128,192,1920,34112,0,0,0,114944,128,538,1256,3585667716,596736560,1012480,0
223,1116800,142784,187840,0,5568,26112,467328,178752,108416,82624,1034176,0,1472,461888,0,0,0,0,0,0,36288,128,192,1728,26688,0,0,0,113600,128,539,1252,1322201974,1080088125,1008064,0
224,1116800,141824,187200,0,3904,25664,504960,221440,31808,6016,1110784,0,1408,499648,0,0,0,0,0,0,36736,128,128,1792,26944,0,0,0,155584,128,555,1300,1409811552,2809262325,1085120,0
225,1677056,142848,187584,0,3840,25984,509376,229376,578048,552128,1124928,0,1408,504000,0,0,0,0,0,0,36800,128,192,1600,35200,0,0,0,155264,192,550,1298,1823974269,2683841880,1098944,0
226,1116800,142080,188608,0,3904,25664,506944,193088,56512,30720,1086080,0,1472,501696,0,0,0,0,0,0,36160,128,192,1472,39872,0,0,0,115136,128,538,1266,1687188264,310139935,1060416,0
227,1117120,141120,187520,0,4032,31040,480256,196864,76288,50112,1067008,0,1408,474944,0,0,0,0,0,0,37632,128,192,1856,39808,0,0,0,117120,128,542,1275,431754398,3938796971,1035968,0
228,2235712,206848,195072,0,11904,17984,686656,701888,415360,385472,1850240,0,1408,681280,0,0,0,49280,0,0,34624,192,116352,3456,36992,40320,0,0,510144,128,557,1330,1803838838,155583593,1832256,0
229,1677056,154304,195968,0,4096,18816,519168,445312,339392,315264,1361792,0,1472,513664,0,0,0,0,0,0,33984,192,113280,4096,35264,0,0,0,258368,128,559,1332,1132319109,3702922527,1342976,0
230,1677184,143360,187520,0,6912,18496,515776,405376,399744,375168,1302016,0,1408,510400,0,0,0,0,0,0,34368,192,114112,3584,35584,0,0,0,217408,128,549,1286,2581975863,2920093887,1283520,0
231,1677120,143232,188352,0,5568,19200,532928,406400,381440,356672,1320448,0,1408,527552,0,0,0,0,0,0,34176,192,114112,3456,36928,0,0,0,217408,128,539,1268,3166855201,635996611,1301248,0
232,1677312,142464,187200,0,6208,40192,562624,332672,405952,381824,1295488,0,1408,557312,0,0,0,0,0,0,34624,64,192,1536,40320,0,0,0,255744,192,553,1304,2584251108,2753910223,1255296,0
233,1676928,141440,187648,0,7104,18816,470848,332608,518464,494080,1182848,0,1472,465280,0,0,0,0,0,0,34176,128,192,1856,40256,0,0,0,255872,128,555,1313,1090360113,414472002,1164032,0
234,1677056,142144,187584,0,6016,18944,477696,276992,567680,543488,1133568,0,1472,472192,0,0,0,0,0,0,34688,128,192,1664,26112,0,0,0,214080,128,533,1252,2100814354,2005595038,1114624,0
235,1677376,142656,188096,0,5120,18432,462080,275712,585280,560768,1116608,0,1472,456704,0,0,0,0,0,0,34048,128,192,1536,25792,0,0,0,213760,256,540,1263,836226418,1411637157,1098176,0
236,1677312,164480,188096,0,5376,18880,648640,317504,334336,309632,1367680,49984,1408,643264,136128,0,25728,0,1,2,33664,64,192,1664,25920,0,43136,1216,211520,128,552,1311,1035832574,740791772,1348800,0
237,1677184,142912,188096,0,3776,19136,503424,325888,493952,469184,1208000,0,1344,498048,0,0,0,0,0,0,33728,128,192,1728,34816,0,0,0,255168,128,550,1312,4087536668,3095835234,1188864,0
238,1676672,162816,188224,0,3712,18816,604480,291776,406848,377088,1299584,54336,1472,599104,98368,0,14016,0,1,1,33664,128,128,1472,39232,0,22016,64,194944,128,537,1271,2922988336,1563233561,1280768,0
239,1677312,142144,190208,0,5120,18304,462848,289856,568832,543936,1133376,0,1408,457472,0,0,0,0,0,0,34560,64,192,1728,39808,0,0,0,213376,128,539,1254,3818756258,3500726372,1115072,0
240,1676928,143424,188160,0,6144,19264,505088,315328,499520,474624,1202304,0,1408,499712,0,0,0,0,0,0,34240,128,128,1536,26496,0,0,0,252672,128,543,1292,2729277643,3033520248,1183040,0
241,1677056,142528,187520,0,5120,18560,478528,318080,526720,502144,1174912,0,1536,473216,0,0,0,0,0,0,34176,128,192,1728,26368,0,0,0,255360,128,559,1314,3325126969,2194421430,1156352,0
242,1677120,158464,188288,0,11776,40064,748928,283392,246208,221376,1455744,0,1472,743424,0,0,0,0,0,0,33920,128,128,1728,58496,0,0,0,188864,128,552,1287,406798912,2660037105,1415680,0
243,1677248,142528,188224,0,4096,18688,665344,274560,383808,358784,1318464,0,1408,660032,0,0,0,0,0,0,34112,64,128,1792,48896,0,0,0,189440,128,547,1283,701709664,1694911404,1299776,0
244,1676992,142272,188160,0,4032,18560,720576,313664,289728,264576,1412416,0,1408,715072,0,0,0,0,0,0,33728,64,192,1664,48576,0,0,0,229248,192,557,1324,1312670306,3452493410,1393856,0
245,1676992,140864,187520,0,5568,18880,675456,316864,331840,306880,1370112,0,1472,670080,0,0,0,0,0,0,34624,128,256,1600,49728,0,0,0,230400,128,554,1326,3910054866,3234295546,1351232,0
246,1677312,142656,188224,0,7360,18752,679168,262208,378944,353664,1323648,0,1408,673728,0,0,0,0,0,0,34176,128,192,1792,37184,0,0,0,188608,128,527,1264,3036501464,487573496,1304896,0
247,1676928,206976,186944,0,5248,19008,615744,263296,379712,354752,1322176,0,1408,610368,0,0,0,48640,0,0,34432,128,192,1728,36480,0,0,0,190208,128,529,1266,3878666582,670387187,1303168,0
248,1677056,141952,188032,0,3840,18688,640192,303232,381120,355840,1321216,0,1408,634944,0,0,0,0,0,0,34048,128,192,1728,37120,0,0,0,229888,128,557,1321,1584761698,2952349042,1302528,0
249,1677248,164160,188032,0,3840,19008,801152,309504,191552,166144,1511104,47680,1408,795712,134528,0,25216,0,1,2,34048,128,256,1600,45568,0,43584,1024,183168,128,557,1329,3853826290,1504915537,1492096,0
250,1677056,142784,188096,0,3840,18944,637888,274496,411008,385408,1291648,0,1408,632448,0,0,0,0,0,0,34432,128,192,1600,48576,0,0,0,189440,128,545,1291,2154191297,1548853222,1272704,0
251,1677184,141056,187840,0,5952,18944,604224,274688,444480,418176,1259008,0,1408,598848,0,0,0,0,0,0,34688,128,128,2112,48384,0,0,0,189120,128,546,1292,2692123453,3198264792,1240064,0
252,1677056,142208,187968,0,7168,18432,640640,301632,379008,352768,1324288,0,1408,635200,0,0,0,0,0,0,34240,64,128,1600,35712,0,0,0,229696,192,554,1327,4196784449,107152548,1305856,0
253,1677056,143360,188160,0,5120,40512,611648,300480,387776,361280,1315776,0,1408,606336,0,0,0,0,0,0,33472,128,192,1728,35904,0,0,0,228928,128,558,1330,1852403634,2778753075,1275264,0
254,1676992,141824,188224,0,3712,18560,612032,262720,449920,415488,1261504,0,1344,606592,0,0,0,0,0,0,34112,128,192,1536,36672,0,0,0,189952,128,535,1257,1220339396,448339704,1242944,0
255,1677120,142976,188288,0,3712,18816,627776,272448,423104,396800,1280320,0,1408,622464,0,0,0,0,0,0,34624,128,192,1536,46016,0,0,0,189824,128,525,1242,232139498,815432653,1261504,0
256,1677184,142912,188096,0,3840,18368,629696,311424,382848,356352,1320832,0,1472,624256,0,0,0,0,0,0,34112,128,192,1728,45504,0,0,0,229632,128,546,1301,1865941511,3379176717,1302464,0
257,1676928,141120,187584,0,4928,20096,585728,304064,433408,413504,1263424,0,1408,580224,0,0,0,0,0,0,34432,128,192,1472,39296,0,0,0,228416,128,530,1241,3388390666,3324556001,1243328,0
258,1677120,142656,187520,0,6016,7552,582848,248064,502464,480704,1196416,0,1408,577408,0,0,0,0,0,0,33664,128,192,1600,25984,0,0,0,186368,128,509,1181,3925507008,3064424780,1188864,0
259,2237312,142080,195136,0,14976,8192,727360,664896,484672,459072,1778240,0,1408,721920,0,0,0,0,0,0,35456,408384,320,3712,26304,22464,0,0,190592,128,515,1190,4260531939,600491005,1770048,0
260,2797440,975552,194944,0,13824,20224,1022912,341824,228160,207936,2589504,111616,1408,1017536,161664,791552,14336,0,1,1,34240,45952,320,4160,26240,0,23104,448,207168,192,526,1211,3906739941,792284800,2569280,0
261,1677248,164864,188416,0,4160,19776,656128,369280,274624,254336,1422912,0,1408,650816,0,0,0,0,0,0,35136,46080,448,4288,51584,0,0,0,231616,128,524,1217,1638287928,3980463027,1403136,0
262,1677312,172480,188352,0,4160,41728,753536,321728,195328,174976,1502336,47872,1408,748160,95616,0,12928,0,1,1,34688,46208,384,3904,44608,0,25344,128,166336,128,508,1185,348131899,2454247996,1460608,0
263,2237184,172032,186816,0,12608,19520,1008704,296192,541312,520960,1716224,55552,1408,1003328,99328,0,11456,0,1,1,128,45440,192,2304,60416,0,23232,1792,162560,128,527,1208,1097852550,4026960408,1696704,0
264,1676800,179776,192320,0,6272,20096,727040,274752,276544,256512,1420288,0,1408,721664,0,0,0,0,0,0,128,45760,192,2304,38720,0,0,0,187520,128,517,1181,1685044998,3207668009,1400192,0
265,1677120,147584,187136,0,4800,19968,678336,275584,363712,343872,1333248,0,1344,672832,0,0,0,0,0,0,128,45568,256,2176,38656,0,0,0,188672,128,523,1188,3249326438,466365079,1313280,0
266,1676992,145536,188224,0,4096,7744,687616,235776,408000,388096,1288896,0,1408,682368,0,0,0,0,0,0,192,45952,256,2240,40576,0,0,0,146432,128,507,1142,4230479932,728233064,1281152,0
267,1677120,168128,188352,0,4032,7552,742464,239808,326784,306688,1370432,0,1408,737024,0,0,0,0,0,0,128,45824,192,2240,44672,0,0,0,146624,128,517,1153,1796467002,1419673028,1362880,0
268,1677312,186816,188480,0,4224,20096,898688,247040,131968,111872,1565440,45696,1344,893248,92032,0,14080,0,1,1,128,45824,192,2112,50368,0,22336,640,125312,128,512,1157,1523510619,473874337,1545344,0
269,1676928,164608,187840,0,5376,20736,689920,247040,361408,342272,1334656,0,1408,684416,0,0,0,0,0,0,128,45888,192,2304,51904,0,0,0,146496,128,514,1164,2660301435,1848201252,1313920,0
270,1677248,149504,187776,0,6464,20608,630848,237568,444480,424832,1252416,0,1472,625408,0,0,0,0,0,0,128,46336,256,2304,42432,0,0,0,145984,128,495,1133,907651040,3017165234,1231808,0
271,1677184,150400,188224,0,5504,7808,589504,238912,496832,471360,1205824,0,1472,584192,0,0,0,0,0,0,192,45952,192,2176,41920,0,0,0,148352,128,502,1151,530654405,3691138010,1198016,0
272,1676992,172416,187904,0,4160,28736,609152,219392,455232,435392,1241600,0,1408,603712,0,0,0,0,0,0,128,45632,192,2816,26048,0,0,0,144448,128,497,1137,3182693980,3387983566,1212864,0
273,1677120,233984,187136,0,4160,7488,773120,228736,242496,222592,1454528,8064,1408,767808,103360,0,19712,80704,0,2,192,45952,192,2304,34944,0,46336,13696,84992,128,498,1136,2146054695,2723681764,1447040,0
274,1676928,160640,187072,0,4096,7744,642304,228352,446720,427072,1249856,4864,1472,636928,41472,0,9216,0,0,1,192,46144,192,2240,33536,0,20096,128,125696,128,508,1155,19455009,2603493367,1242112,0
275,1677568,173120,187456,0,10752,7744,734272,251456,312768,292608,1384960,31616,1408,728960,78336,0,12992,0,1,1,128,45696,192,2368,32448,0,23680,128,146752,64,507,1162,164153589,939233962,1377216,0
276,1676992,141184,187968,0,6528,7872,714816,221888,396736,376576,1300416,0,1408,709504,0,0,0,0,0,0,128,45632,192,2240,13632,0,0,0,159936,128,501,1135,2184032836,3767899562,1292544,0
277,1677184,161984,187456,0,13376,8000,856256,229824,220288,199936,1477248,39040,1408,850752,84480,0,12736,0,1,1,192,45952,192,2240,23104,0,24960,64,132992,128,498,1127,3544941924,3441674853,1469248,0
278,1677120,143168,188352,0,6656,7744,733440,229696,368064,348416,1328704,0,1472,728000,0,0,0,0,0,0,192,46016,192,2240,21888,0,0,0,159040,128,508,1145,3906489387,821892706,1320960,0
279,2797440,198144,194880,0,19456,22592,1278784,624576,459008,423872,2373568,112896,3392,1268288,267520,0,34304,0,2,3,576,414080,256,4288,57152,22464,64256,896,82944,128,502,1132,2649637999,3045529970,2350976,0
280,1676992,182336,196672,0,4480,7488,919616,247872,118528,98688,1578304,89024,1408,914176,178304,0,25856,0,2,2,576,45952,256,4288,49472,0,47744,128,99328,128,511,1156,932972574,482051224,1570816,0
281,1677184,166336,187712,0,17984,20608,1000512,251456,32576,12416,1664768,41856,1408,994944,109248,0,13760,0,1,1,576,45696,320,4352,53504,0,29248,64,117568,128,494,1126,3889335939,914668016,1644160,0
282,2237632,217664,187584,0,4416,42368,1114560,275456,395584,374976,1862656,57920,1472,1109184,211904,0,30912,0,1,3,576,45632,256,4352,76480,0,71744,320,75968,128,500,1166,3651398706,3416798805,1820288,0
283,1676736,148608,187840,0,5952,21184,828736,294080,190336,170432,1506304,0,1536,823360,0,0,0,0,0,0,640,45632,320,6208,91072,0,0,0,150080,128,512,1202,513505819,1892569671,1485120,0
284,2237440,180224,187072,0,6144,21056,990272,300096,552576,532480,1704960,49024,1472,984768,111040,0,14272,0,1,1,640,45696,256,6016,98944,0,21632,640,126144,128,517,1216,3901863384,3124745267,1683904,0
285,1676928,159680,188032,0,4864,20736,826752,334656,142208,122368,1554560,0,1408,821248,0,0,0,0,0,0,768,155328,512,8448,92992,0,0,0,76480,128,518,1216,1122167071,4118072638,1533824,0
286,1677312,146688,188224,0,4800,20992,832448,337408,146752,126784,1550528,0,1472,827072,0,0,0,0,0,0,704,153536,576,8640,98048,0,0,0,75776,128,519,1223,1597092754,773061455,1529536,0
287,1676992,151744,187392,0,7040,20992,862208,345344,102272,81920,1595072,0,1408,856704,0,0,0,0,0,0,832,154368,704,8512,103936,0,0,0,76864,128,514,1215,3859233202,1590948206,1574080,0
288,3357888,851584,187904,0,4224,20992,1472960,312832,507392,481920,2875968,91584,1408,1467520,218624,642944,22976,0,2,2,640,50688,320,8640,175424,0,44928,256,31808,128,535,1325,3273702522,543229703,2854976,0
289,1676864,142144,188224,0,5184,21440,817664,291712,210496,190592,1486272,0,1408,812288,0,0,0,0,0,0,704,50112,448,8576,156416,0,0,0,75328,128,527,1311,2577277425,2154280209,1464832,0
290,2797696,341568,187200,0,4864,42624,1570240,328192,323008,302720,2494976,178240,1472,1564800,446976,142144,60416,0,4,6,768,50112,448,8576,190848,0,118208,15040,0,128,537,1299,3256871889,2284772917,2452352,0
291,2237376,177408,187648,0,7808,21568,1064000,305216,473728,452928,1784448,48576,1408,1058624,102592,0,11136,0,1,1,640,46400,384,6208,178240,0,22400,128,50688,128,547,1351,4268087509,908645756,1762880,0
292,2237120,152832,188160,0,7168,21632,983936,355392,528000,507776,1729344,0,1472,978496,0,0,0,0,0,0,832,46464,384,8512,224000,0,0,0,75072,128,538,1346,3197390478,3717559089,1707712,0
293,1677056,140800,187904,0,5184,21632,856064,337344,128128,107712,1569344,0,1472,850688,0,0,0,0,0,0,512,46208,320,6528,209408,0,0,0,74240,128,531,1334,553745661,2019465508,1547712,0
294,1677120,156480,187776,0,7296,22016,817280,338176,148096,127936,1549184,0,1408,811840,0,0,0,0,0,0,640,46720,256,6144,209408,0,0,0,74880,128,540,1359,1695740548,1416823785,1527168,0
295,1676928,151104,188544,0,8704,8000,829184,329152,162240,141952,1534976,0,1344,823872,0,0,0,0,0,0,448,46720,320,6016,201280,0,0,0,74240,128,549,1399,1565235073,3077711860,1526976,0
296,1677184,159552,188096,0,6016,21760,905856,312448,83456,63680,1613504,4992,1408,900480,57984,0,10880,0,0,1,576,46720,320,6272,184192,0,23872,576,49792,128,543,1376,316175560,2544953715,1591744,0
297,2237568,175872,188480,0,5568,21440,1030912,356288,459008,438720,1798848,4992,1472,1025472,58688,0,9472,0,0,1,704,46848,384,6656,227264,0,22336,128,51840,128,543,1371,2437985034,3509759302,1777408,0
298,2236864,175872,188224,0,7936,21888,954880,340096,547968,527872,1708992,4864,1408,949376,57536,0,11648,0,0,1,704,46592,256,6336,211904,0,21696,640,51840,128,551,1381,1663136288,2207208383,1687104,0
299,1677504,140224,188288,0,7872,43584,826752,317568,153216,132928,1544576,0,1408,821184,0,0,0,0,0,0,704,46656,384,6336,190272,0,0,0,73088,128,555,1385,2878435871,2862271109,1500992,0
300,1676992,156544,187776,0,7040,21568,841856,298304,163904,143424,1533568,0,1536,836480,0,0,0,0,0,0,640,46720,384,6464,170880,0,0,0,73088,128,562,1406,375536499,3738951746,1512000,0
301,1677120,151616,188032,0,7744,8128,928576,322560,70464,50112,1627008,0,1408,923136,0,0,0,0,0,0,960,46784,448,8192,190912,0,0,0,75136,128,563,1412,1291419656,1083568340,1618880,0
302,1676928,144896,187968,0,6080,7680,896256,302080,131968,111936,1564992,0,1408,890688,0,0,0,0,0,0,640,46336,320,6592,175360,0,0,0,72704,128,557,1377,3696511654,1888360660,1557312,0
303,2237248,194304,187904,0,4800,7808,996928,307776,537728,517504,1719744,44800,1408,991616,102912,0,12608,42368,1,1,704,46784,320,6464,179392,0,22464,448,51072,128,553,1359,802429543,2487686110,1711936,0
304,1676864,139904,187584,0,8064,7936,914304,283648,135424,110144,1566720,0,1408,909056,0,0,0,0,0,0,768,46784,384,6208,156480,0,0,0,72896,128,530,1298,4215269659,3871379422,1558784,0
305,2797824,292224,187456,0,4224,21312,1449728,375488,467392,447040,2350784,124160,1472,1444352,346624,0,45568,73344,3,5,576,46080,320,6464,176128,0,83072,15104,47616,128,571,1393,251543678,2100799257,2329472,0
306,2237312,141184,187328,0,6208,22016,906496,394496,579584,559232,1678080,0,1408,901184,0,0,0,0,0,0,576,45568,384,6400,208256,0,0,0,133184,128,574,1406,1333655277,1361969168,1656064,0
307,2237568,170368,187776,0,6144,22080,924800,404544,521856,501568,1736000,0,1472,919296,2816,0,0,0,0,1,576,45888,448,5952,218112,0,0,128,133312,128,581,1418,2454195863,2439434378,1713920,0
308,1677184,163648,188608,0,8128,30272,842880,368320,75328,54656,1622528,0,1408,837376,0,0,0,0,0,0,512,45504,384,5888,183168,0,0,0,132736,128,571,1388,2109505037,3158989202,1592256,0
309,1676800,146304,187840,0,8192,7680,833472,365312,128000,107840,1568960,0,1408,828160,0,0,0,0,0,0,704,45632,512,6016,180224,0,0,0,132096,128,568,1386,1697678619,67906847,1561280,0
310,2237312,139392,187264,0,8000,7744,1002112,367232,525568,505344,1731968,0,1472,996608,0,0,0,0,0,0,704,45760,448,8064,178880,0,0,0,133248,128,564,1365,2500607558,1998759861,1724224,0
311,2237440,176064,188160,0,4480,21312,1108352,336896,402176,381824,1855616,4992,1408,1102976,62272,0,11648,0,0,1,576,46656,448,6400,195200,0,21568,640,65280,128,559,1354,2473679311,1107957848,1834304,0
312,2237376,368064,187584,0,4800,21568,991936,314176,349248,329088,1908288,55488,1408,986624,106624,190144,12864,0,1,2,576,46912,320,6272,170304,0,25600,448,63616,128,558,1352,4070260089,3524460912,1886720,0
313,1677120,141184,188288,0,4800,21696,779136,318912,223104,203072,1474048,0,1408,773632,0,0,0,0,0,0,704,46592,320,6208,178368,0,0,0,86592,128,551,1352,2160016750,4196311649,1452352,0
314,1676928,148928,186624,0,7744,7744,852800,290240,182848,162560,1514368,0,1408,847296,0,0,0,0,0,0,640,46784,384,6336,149248,0,0,0,86720,128,537,1302,1441924079,935900895,1506624,0
315,1677376,145856,188352,0,4608,7680,961024,319552,50304,29696,1647680,0,1408,955776,0,0,0,0,0,0,576,46528,256,4416,181248,0,0,0,86400,128,548,1308,1876202549,2307291649,1640000,0
316,2237440,195200,187904,0,14912,21632,1381696,341952,94144,73408,2164032,213952,1408,1376384,264384,0,14016,0,1,2,512,46272,320,4416,203456,0,23552,704,62592,128,575,1351,3427457551,2871902438,2142400,0
317,1677120,163008,187520,0,5248,42176,756608,341376,181184,160896,1516224,0,1408,751168,0,0,0,0,0,0,448,46656,256,4480,201024,0,0,0,88384,128,558,1308,1106663382,1129876414,1474048,0
318,1676864,272384,186880,0,5888,21376,807296,358336,24704,4544,1672320,56832,1344,802048,122944,0,12672,80320,1,2,512,46528,256,4288,218560,0,27968,14464,45632,128,556,1316,1816299625,3922943222,1650944,0
319,1677312,140352,192256,0,8000,7872,542912,286784,499136,478656,1198656,0,1344,537472,0,0,0,0,0,0,384,64,128,2432,194048,0,0,0,89600,128,549,1287,3926181240,4078335506,1190784,0
320,1116800,153536,192384,0,6848,21440,411264,221696,109632,84224,1032576,0,1408,405760,0,0,0,0,0,0,0,0,0,0,134976,0,0,0,86592,128,547,1277,2627550488,1465847894,1011136,0
321,1676864,150336,192064,0,4736,7744,634880,246848,440256,420160,1256704,0,1472,629312,0,0,0,0,0,0,0,0,0,0,157952,0,0,0,88768,128,557,1291,2878367475,2082587051,1248960,0
322,1677248,146048,191808,0,7424,7552,587584,208512,528320,507968,1169280,0,1408,582272,0,0,0,0,0,0,0,0,0,0,120192,0,0,0,88192,128,566,1310,2318754367,3319394512,1161728,0
323,1677056,139136,190912,0,6208,7808,587712,191104,554176,533888,1143168,0,1408,582272,0,0,0,0,0,0,0,0,0,0,102592,0,0,0,88384,128,559,1286,1259969340,4274169335,1135360,0
324,1677056,160064,191872,0,6976,7744,574208,220928,515264,494656,1182400,0,1408,568832,3008,0,0,0,0,1,0,0,0,0,132288,0,0,128,88384,128,554,1265,1378911700,2131832440,1174656,0
325,1676992,159424,186432,0,7680,8000,628416,187648,499392,479360,1197632,39296,1408,622912,79424,0,11840,0,1,1,0,0,0,0,99520,0,20736,128,67136,128,554,1261,366268242,104741046,1189632,0
326,1116992,139136,188544,0,5760,8000,476544,166208,132800,112704,1004288,0,1408,471168,0,0,0,0,0,0,0,0,0,0,79552,0,0,0,86528,128,539,1213,2139731446,2376204157,996288,0
327,1116608,140544,188096,0,6976,8064,468224,162432,142272,122304,994304,0,1408,462848,0,0,0,0,0,0,0,0,0,0,75264,0,0,0,87040,128,528,1214,248543202,154510926,986240,0
328,1677184,139392,187520,0,7872,8064,713664,160960,459712,439488,1237696,0,1408,708288,0,0,0,0,0,0,0,0,0,0,94016,0,0,0,66816,128,530,1238,3966859811,1063365150,1229632,0
329,1677248,167168,187072,0,6528,29504,622912,213568,450496,430016,1247232,44544,1408,617600,91584,0,14144,0,1,1,0,0,0,0,100864,0,21760,704,90112,128,551,1274,4100780563,3817748819,1217728,0
330,1116928,145984,187456,0,6208,7744,447168,177600,144768,124864,992064,0,1408,441792,0,0,0,0,0,0,0,0,0,0,65024,0,0,0,112448,128,534,1252,2183937056,4076911474,984320,0
331,1116992,173440,189952,0,6208,7936,512448,177280,49728,29568,1087424,5056,1408,507136,42560,0,9536,0,0,1,0,0,0,0,64576,0,19392,128,93056,128,527,1241,849502645,3006455454,1079488,0
332,1116928,144960,187968,0,5312,7616,483072,170368,117632,97408,1019520,0,1408,477760,0,0,0,0,0,0,0,0,0,0,58240,0,0,0,112000,128,524,1217,2675397342,630384341,1011904,0
333,1676928,164800,187840,0,4736,7680,645056,215104,451712,431616,1245312,50944,1344,639744,99008,0,13888,0,1,1,0,0,0,0,61760,0,23744,576,128896,128,540,1250,2419768033,3053152918,1237632,0
334,1117056,159808,188032,0,3904,7744,429440,214976,113152,93248,1023808,0,1472,423872,0,0,0,0,0,0,0,0,0,0,63168,0,0,0,151680,128,544,1284,686309045,2662855111,1016064,0
335,1116672,145216,188800,0,3904,7552,393728,173312,204160,184512,932160,0,1408,388288,0,0,0,0,0,0,0,0,0,0,61632,0,0,0,111552,128,517,1202,3461995657,1593756132,924608,0
336,1117120,190656,186560,0,3904,7872,438976,171392,117760,92416,1024704,4992,1472,433792,47680,0,10944,19648,0,1,0,0,0,0,59072,0,22528,576,89088,128,518,1200,2288127802,20949144,1016832,0
337,1117184,160384,188608,0,6144,8192,403648,170880,179328,159040,958144,0,1344,398272,0,0,0,18240,0,0,0,0,0,0,58688,0,0,0,112064,128,516,1200,127315305,2653577537,949952,0
338,1116736,139392,188736,0,6208,7872,360960,170496,243072,222720,894016,0,1408,355520,0,0,0,0,0,0,0,0,0,0,60160,0,0,0,110208,128,518,1197,277257602,1253707794,886144,0
339,1116928,139072,188736,0,3776,7936,377728,124992,274688,254528,862400,0,1536,372224,0,0,0,0,0,0,0,0,0,0,58048,0,0,0,66816,128,506,1163,1901430581,4167921325,854464,0
340,1116992,138432,188096,0,3776,7616,348480,124992,305600,285568,831424,0,1408,342912,0,0,0,0,0,0,0,0,0,0,59136,0,0,0,65728,128,507,1162,1990803807,627705046,823808,0
341,1116800,138432,187520,0,5888,7808,366528,124224,286400,266368,850432,0,1408,361088,0,0,0,0,0,0,0,0,0,0,57984,0,0,0,66112,128,495,1145,1372472816,2315097831,842624,0
342,1116992,160768,187200,0,5952,7808,495552,152768,106944,86784,1030208,36608,1344,490176,83840,0,13376,0,1,1,0,0,0,0,52032,0,23744,384,76480,128,495,1156,437516354,572208414,1022400,0
343,1677312,364480,186816,0,13056,29312,721088,128704,233856,213504,1463808,166528,1408,715584,285376,190528,25536,0,2,2,0,0,0,0,61184,0,48640,3136,15616,128,495,1124,2350080746,271866348,1434496,0
344,1116800,138816,187136,0,3840,7808,350720,118208,310272,290304,826496,0,1408,345216,0,0,0,0,0,0,0,0,0,0,51456,0,0,0,66624,128,489,1136,271584769,614910435,818688,0
345,1116800,149696,187840,0,6208,8000,401536,121536,241984,221952,894848,0,1344,396224,0,0,0,0,0,0,0,0,0,0,55424,0,0,0,65984,128,477,1132,2829867503,1245709397,886848,0
346,1116864,202688,187904,0,6272,7872,465280,120000,126848,106560,1010304,55232,1408,459840,103168,0,14016,32960,1,1,0,0,0,0,52992,0,23744,1088,42048,128,473,1116,1053014123,1539905184,1002432,0
347,1116992,156032,187776,0,3776,21248,378496,120832,248832,228736,888256,0,1408,373056,0,0,0,0,0,0,0,0,0,0,52800,0,0,0,67904,128,493,1149,3450633319,3354171633,867008,0
348,1116672,175104,186752,0,10624,8064,473536,109184,153408,133376,983296,60672,1472,468224,107776,0,11392,0,1,1,0,0,0,0,42240,0,21184,128,45504,128,485,1119,740414107,2436077984,975232,0
349,1116800,157184,187584,0,3776,7552,357760,109568,293376,273472,843328,0,1408,352384,0,0,0,0,0,0,0,0,0,0,42112,0,0,0,67328,128,489,1120,2638944355,4152298191,835776,0
350,1117056,176704,187584,0,3904,7808,549312,115648,76096,56192,1060864,73600,1408,543936,159168,0,24640,0,2,2,0,0,0,0,49216,0,45760,192,20352,128,496,1136,1729064671,4064961457,1053056,0
351,1116992,156864,188608,0,3904,7680,338496,112192,309248,289472,827520,0,1408,333184,0,0,0,0,0,0,0,0,0,0,45888,0,0,0,66176,128,496,1134,1343211472,1487652129,819840,0
352,1116800,154752,188608,0,3904,7744,393408,116480,251904,226624,890176,0,1344,388096,0,0,0,0,0,0,0,0,0,0,49152,0,0,0,67200,128,499,1143,1268853123,3104182700,882432,0
353,1117056,159488,187712,0,3840,7744,363072,110656,284544,264576,852480,0,1408,357824,0,0,0,0,0,0,0,0,0,0,44544,0,0,0,65984,128,489,1133,1415006821,1239332670,844736,0
354,1676928,273792,187584,0,11584,7936,686400,127424,382208,361920,1315008,40576,1408,681024,110400,0,12480,83200,1,1,0,0,0,0,59072,0,21952,128,46144,128,494,1147,1166606455,429371275,1307072,0
355,1677056,184192,187520,0,11136,7936,589056,125952,571264,551104,1125952,0,1408,583680,0,0,0,0,0,0,0,0,0,0,58624,0,0,0,67200,128,501,1151,70897878,3750770157,1118016,0
356,1117056,197376,187712,0,14464,7616,505920,168448,35520,14848,1102208,0,1280,500672,0,0,0,0,0,0,192,64,35904,1792,60480,0,0,0,69888,128,524,1204,4127612371,1447337267,1094592,0
357,1117312,193600,187264,0,6208,29312,468032,156160,76736,55936,1061376,0,1408,462720,0,0,0,0,0,0,192,64,35520,1664,49984,0,0,0,68608,128,532,1208,2541814743,621109917,1032064,0
358,1676288,181120,187648,0,3904,7808,694016,205888,395904,376064,1300224,0,1472,688640,0,0,0,0,0,0,192,128,68224,3392,62592,0,0,0,71232,128,523,1213,681146647,492244049,1292416,0
359,1677312,234624,187392,0,4096,7744,877696,209024,156736,136704,1540608,8448,1408,872320,96768,0,22016,18560,0,2,256,128,68288,3520,50944,0,47168,1024,37568,128,525,1232,2963046795,3271082878,1532864,0
360,1676928,276672,187968,0,5120,8064,852480,251648,94976,74944,1601984,64384,1408,847104,125056,0,12672,80896,1,2,256,256,100160,5120,56192,0,22208,14144,53184,128,530,1248,3868623946,2970332720,1593920,0
361,1677184,177664,186240,0,6400,7872,704256,210560,384192,364224,1312960,0,1472,698880,0,0,0,0,0,0,320,128,67776,3648,53056,0,0,0,85504,128,510,1208,1245731422,95617700,1305088,0
362,1676992,141824,186560,0,5440,7744,623488,242112,469824,450048,1226944,0,1472,618176,0,0,0,0,0,0,384,256,100160,5312,48320,0,0,0,87552,128,521,1250,1118165970,40268594,1219200,0
363,1677312,142208,187008,0,4096,7616,714240,196800,425344,405376,1271936,0,1472,708800,0,0,0,0,0,0,256,128,67264,3648,41088,0,0,0,84288,128,510,1220,4045045703,1340623352,1264320,0
364,1677312,141184,185984,0,18752,7808,732480,245440,345664,325184,1352128,0,1408,727040,0,0,0,0,0,0,320,192,99136,5440,52992,0,0,0,87232,128,536,1267,2880147,851775181,1344320,0
365,1676864,183232,187904,0,4608,7744,662016,208768,422592,402688,1274176,5248,1408,656704,64576,0,11264,18560,0,1,320,128,68352,3776,64448,0,25088,2816,43712,128,529,1245,3080101322,3443417123,1266432,0
366,1116672,152960,187648,0,4480,7936,391104,206528,166016,146112,970560,0,1408,385664,0,0,0,0,0,0,256,192,67776,3584,64128,0,0,0,70464,128,524,1258,2387114185,4118655658,962624,0
367,1117184,143744,189440,0,4544,7808,365440,167872,238336,218368,898816,0,1408,360064,0,0,0,0,0,0,192,64,35968,1984,61056,0,0,0,68480,128,514,1222,1439604288,23630452,891008,0
368,1116800,144000,189056,0,4608,8064,363840,154944,252288,226944,889856,0,1408,358592,0,0,0,0,0,0,128,64,35776,1856,49024,0,0,0,67968,128,508,1203,2228423909,2903995517,881792,0
369,1116928,143232,188736,0,4480,28992,339200,109376,302912,283264,833664,0,1408,333760,0,0,0,0,0,0,0,0,0,0,43392,0,0,0,65856,128,505,1178,2899466827,1923082327,804672,0
370,1116736,143168,187648,0,4480,7744,340608,107520,325568,306560,810176,0,1472,335232,0,0,0,0,0,0,0,0,0,0,41536,0,0,0,65856,128,508,1174,1581213442,747147754,802432,0
371,1677504,181696,191040,0,11328,7936,590144,156544,538816,518464,1159040,85824,1472,584768,177600,0,29120,0,2,2,0,0,0,0,50560,0,43392,640,61824,128,504,1175,3932057921,1967186131,1151104,0
372,1116928,164608,187904,0,5568,7872,449664,133184,168128,147776,969152,0,1408,444352,2816,0,0,0,0,1,0,0,0,0,46720,0,0,64,86272,128,513,1190,2148870036,3086224290,961280,0
373,1116672,144512,188864,0,4672,7680,483264,122752,164928,145088,971584,0,1408,477952,0,0,0,0,0,0,0,0,0,0,37760,0,0,0,84864,128,522,1203,4218621142,186036260,963904,0
374,1116800,153664,188224,0,6912,7808,506880,112704,140608,120832,995968,0,1408,501568,0,0,0,0,0,0,0,0,0,0,27072,0,0,0,85504,128,516,1185,3942222465,3816778230,988160,0
375,1116928,142272,188672,0,7104,8256,506368,111808,152448,132480,984448,0,1472,501056,0,0,0,0,0,0,0,0,0,0,27328,0,0,0,84352,128,522,1208,3883507830,3216833102,976192,0
376,1117056,141824,188032,0,4480,7680,508672,110656,155712,135424,981632,0,1408,503296,0,0,0,0,0,0,0,0,0,0,25792,0,0,0,84736,128,523,1191,3615708458,1707501745,973952,0
377,1116800,142400,187136,0,4480,21696,587776,122048,51264,31040,1085760,0,1408,582400,0,0,0,0,0,0,0,0,0,0,35008,0,0,0,86912,128,520,1193,2529524390,3116592994,1064064,0
378,1677120,172416,186624,0,4800,7680,724928,132992,447680,427456,1249664,8064,1472,719616,83328,0,19968,0,0,2,0,0,0,0,29888,0,38912,128,63936,128,531,1206,2170103790,1967493825,1241984,0
379,1676928,192960,188224,0,7296,7744,740992,115904,423808,403648,1273280,81600,1408,735680,141632,0,15616,0,1,2,0,0,0,0,29888,0,25984,2688,57216,128,530,1208,1025794910,4213355838,1265536,0
380,1677056,184128,188096,0,7104,7872,613888,124288,551680,531840,1145216,8512,1472,608448,96704,0,21696,18368,0,2,0,0,0,0,22272,0,47360,960,53568,128,538,1220,505901255,630570099,1137344,0
381,2237568,930624,188160,0,5760,7744,580544,115136,409600,389184,1848384,0,1408,575168,0,767040,0,0,0,0,0,0,0,0,13184,0,0,0,101824,128,548,1229,287904154,1055637824,1840640,0
382,1677184,178560,187648,0,13184,28992,618560,98176,552064,529024,1148160,5056,1408,613184,45824,0,10176,0,0,2,0,0,0,0,13056,0,20288,256,64448,128,546,1228,3312134934,2485154528,1119168,0
383,1116352,145664,189376,0,5568,7936,500800,108224,158784,138816,977536,0,1408,495424,0,0,0,0,0,0,0,0,0,0,23104,0,0,0,84992,128,530,1211,264205892,2850161247,969600,0
384,1117056,145792,187264,0,6848,7744,509952,108160,151296,125760,991296,0,1472,504512,0,0,0,0,0,0,0,0,0,0,22080,0,0,0,85952,128,513,1187,3518546977,3432534243,983552,0
385,1116992,145024,187712,0,7168,7808,509376,107968,151936,131776,985216,0,1344,504000,0,0,0,0,0,0,0,0,0,0,22016,0,0,0,85824,128,506,1180,2479675152,3800489858,977408,0
386,1116864,185920,187712,0,4160,7872,612224,88064,30912,9088,1107776,52096,1280,606912,113216,0,13120,18496,1,1,0,0,0,0,22592,0,25600,2368,37376,128,520,1191,1993284322,253629584,1099904,0
387,1117184,173440,187904,0,13376,8128,509248,100544,124544,104512,1012672,5056,1344,503808,42688,0,9600,0,0,1,0,0,0,0,34112,0,19456,64,46784,128,523,1202,2384419093,863872400,1004544,0
388,1116800,155008,187904,0,4224,7744,495296,107328,159296,139008,977792,0,1344,490112,0,0,0,0,0,0,0,0,0,0,40704,0,0,0,66496,128,520,1198,2770343880,3978880555,970048,0
389,1116992,155520,188160,0,4224,8000,436736,111040,213312,192960,924032,0,1536,431360,0,0,0,0,0,0,0,0,0,0,45376,0,0,0,65536,128,527,1209,972563639,1830897602,916032,0
390,1116864,155392,199104,0,6400,7936,447424,111680,188928,168960,947904,0,1472,442112,0,0,0,0,0,0,0,0,0,0,44736,0,0,0,66816,128,532,1206,43433112,2277226227,939968,0
391,1116736,155072,188672,0,6336,7744,445120,107840,205952,185920,930816,0,1472,439744,0,0,0,0,0,0,0,0,0,0,41344,0,0,0,66368,128,527,1194,1061036181,677192322,923072,0
392,1117056,155392,187136,0,6336,8000,478720,109248,172224,152064,964992,0,1344,473408,0,0,0,0,0,0,0,0,0,0,41984,0,0,0,67136,128,527,1202,1647761585,198629513,956992,0
393,1116992,154112,188736,0,6592,7872,473088,104064,182528,162240,954752,0,1408,467648,0,0,0,0,0,0,0,0,0,0,37824,0,0,0,66112,128,524,1196,223494734,2499914702,946880,0
394,1116736,155776,188800,0,7040,7744,411584,96192,249600,229120,887616,0,1408,406272,0,0,0,0,0,0,0,0,0,0,30528,0,0,0,65536,128,520,1194,1798413477,3637455171,879872,0
395,1116736,155904,188544,0,3904,7552,380032,103616,277184,257536,859200,0,1408,374720,0,0,0,0,0,0,0,0,0,0,37696,0,0,0,65792,128,522,1206,2883992199,3225444008,851648,0
396,1117312,155136,188416,0,3840,7744,371712,99328,291136,270720,846592,0,1408,366336,0,0,0,0,0,0,0,0,0,0,33344,0,0,0,65856,128,520,1183,3834183498,186914926,838848,0
397,1116864,145024,189056,0,3840,29120,364992,98752,286080,265600,851264,0,1344,359680,0,0,0,0,0,0,0,0,0,0,33664,0,0,0,64960,128,523,1186,2540376654,704828500,822144,0
398,1116672,144640,188608,0,6080,7936,342528,91968,334912,315072,801600,0,1408,337152,0,0,0,0,0,0,0,0,0,0,25600,0,0,0,66240,128,513,1177,2901481127,3684778259,793664,0
399,1116992,145792,188928,0,6016,8192,380160,89600,298304,278144,838848,0,1408,374976,0,0,0,0,0,0,0,0,0,0,25408,0,0,0,64064,128,498,1150,3705653526,3099079303,830656,0
400,1116864,163648,187968,0,5120,7936,505600,101120,145472,120384,996480,37504,1344,500352,119808,0,22400,0,1,2,0,0,0,0,34624,0,45760,128,20480,128,501,1142,3028374136,1591779823,988544,0
401,1116992,145408,186752,0,3712,7872,342912,99008,331328,311360,805632,0,1472,337472,0,0,0,0,0,0,0,0,0,0,33088,0,0,0,65792,128,502,1162,1372584909,768853565,797760,0
402,1677120,205120,187904,0,3840,7936,594880,108736,568704,548736,1128384,13248,1408,589504,147392,0,31744,18048,0,3,0,0,0,0,21248,0,68352,1280,17728,128,512,1171,1898558177,871398249,1120448,0
403,1677120,178112,188032,0,11520,7872,623424,115072,553088,532928,1144192,42624,1344,618048,96064,0,12608,0,1,2,0,0,0,0,28800,0,22784,256,63104,128,506,1187,1201207025,2947791273,1136320,0
404,1117056,144832,187904,0,6144,7936,571008,116032,83200,62784,1054272,0,1472,565696,0,0,0,0,0,0,0,0,0,0,28992,0,0,0,86912,128,498,1167,2375505095,2015555351,1046336,0
405,1676864,155776,188352,0,6016,7808,783616,123712,411584,392128,1284736,0,1408,778240,0,0,0,0,0,0,0,0,0,0,42560,0,0,0,81024,128,473,1121,507089310,3691633439,1276928,0
406,1677184,158144,188352,0,3968,7744,750656,131712,436608,417088,1260096,0,1408,745344,0,0,0,0,0,0,0,0,0,0,49856,0,0,0,81728,128,479,1116,4292637021,3582487978,1252352,0
407,1676992,144768,187776,0,6144,21888,716352,130560,469504,449728,1227264,0,1408,710976,0,0,0,0,0,0,0,0,0,0,48960,0,0,0,81472,128,470,1100,784946307,3396570884,1205376,0
408,1116992,156672,188096,0,5312,8192,530240,125376,103104,82944,1034048,0,1408,524928,0,0,0,0,0,0,0,0,0,0,39104,0,0,0,86144,128,466,1094,2973921672,1725972923,1025856,0
409,1676992,197376,188224,0,3840,7744,609536,115008,555264,535168,1141824,5376,1472,604096,64768,0,11136,18624,0,1,0,0,0,0,47040,0,25600,2752,39488,128,458,1101,4239083914,768979993,1134080,0
410,1117184,144384,188480,0,6144,29184,403200,112512,233280,212672,904512,0,1344,397888,0,0,0,0,0,0,0,0,0,0,46336,0,0,0,66048,128,471,1123,1193106172,351892735,875328,0
411,1116736,167424,188352,0,11648,7808,542336,118720,80448,60288,1056448,0,1472,536640,0,0,0,0,0,0,0,0,0,0,51584,0,0,0,67008,128,479,1132,2811391965,236252932,1048640,0
412,1116672,166784,188416,0,3968,7872,504640,119232,125760,105664,1011008,0,1408,499456,0,0,0,0,0,0,0,0,0,0,52160,0,0,0,66944,128,496,1155,3150740759,1841635200,1003136,0
413,1116736,154816,188160,0,6208,7936,415488,118016,226112,206912,909824,0,1472,410176,0,0,0,0,0,0,0,0,0,0,50944,0,0,0,66944,128,512,1213,2429106973,1398161654,901888,0
414,1117312,166528,187648,0,6208,8000,395712,109248,243968,223808,893504,0,1408,390208,0,0,0,0,0,0,0,0,0,0,43328,0,0,0,65792,128,521,1228,2356489113,1095153951,885504,0
415,1116736,167104,188416,0,5248,7808,408320,109504,230336,209792,906944,0,1344,403008,0,0,0,0,0,0,0,0,0,0,43328,0,0,0,66048,128,538,1285,1184132143,3040714280,899136,0
416,1116736,155584,188608,0,3840,7616,393024,109760,258304,232768,883968,0,1408,387776,0,0,0,0,0,0,0,0,0,0,43456,0,0,0,66176,128,546,1292,2311833156,1573956428,876352,0
417,1117696,167680,188864,0,4992,7744,401536,104448,242432,222272,895424,0,1472,396160,0,0,0,0,0,0,0,0,0,0,38720,0,0,0,65600,128,546,1266,735661300,1630394928,887680,0
418,1116160,174208,187136,0,6080,8192,488576,110592,141376,121536,994624,35584,1344,483264,76096,0,12416,0,1,1,0,0,0,0,44480,0,20672,128,45184,128,559,1273,3957035141,1757382478,986432,0
419,1116736,144320,187776,0,5120,7936,394752,109376,267456,247552,869184,0,1408,389312,0,0,0,0,0,0,0,0,0,0,43328,0,0,0,65920,128,560,1270,1509119791,2670156342,861248,0
420,1116992,144384,188096,0,3712,7616,397248,91840,284096,264128,852864,0,1408,392000,0,0,0,0,0,0,0,0,0,0,25984,0,0,0,65728,128,552,1250,2721921051,653513620,845248,0
421,1676992,245696,189312,0,3840,7680,556416,111808,562240,542336,1134656,8576,1408,551168,103168,0,25152,86336,0,2,0,0,0,0,25472,0,44672,5184,36352,128,527,1215,228956377,220317810,1126976,0
422,1116992,142912,189248,0,3904,7744,443840,111552,217792,197888,919104,0,1344,438592,0,0,0,0,0,0,0,0,0,0,24704,0,0,0,86720,128,534,1238,1574530956,1109318698,911360,0
423,1116864,163392,187136,0,3776,7744,555584,119872,79360,59136,1057728,0,1408,550208,2944,0,0,0,0,1,0,0,0,0,33344,0,0,128,86272,128,538,1233,2241980876,2486446021,1049984,0
424,1116736,142720,187840,0,6784,7936,535488,118272,117696,97088,1019648,0,1408,530176,0,0,0,0,0,0,0,0,0,0,32640,0,0,0,85504,128,533,1232,2848877439,2848789088,1011712,0
425,1677632,183744,187328,0,5952,29184,692160,123520,455744,435136,1242496,12480,1344,686848,106752,0,22016,18240,0,2,0,0,0,0,21568,0,47232,1536,53056,128,536,1229,1469804981,1053044708,1213312,0
426,1676864,186176,187136,0,3776,7744,741120,131264,419648,399232,1277632,8320,1344,736000,86144,0,19392,0,0,3,0,0,0,0,13120,0,38848,320,78848,128,528,1211,1487400872,806436167,1269888,0
427,1677376,173568,186624,0,6080,8000,1074560,122240,106304,86208,1591168,215296,1408,1069184,315328,0,17664,0,0,1,0,0,0,0,21440,0,69568,2432,28672,128,531,1219,2618433936,3413055836,1583168,0
428,1676928,207936,187200,0,6144,8192,747776,122432,397248,377024,1299904,0,1408,742464,0,68416,0,0,0,0,0,0,0,0,22528,0,0,0,99776,128,479,1122,1019982616,3165428522,1291712,0
429,1676928,212608,187328,0,4992,7680,825472,131840,307008,286912,1390016,0,1408,819968,0,72896,0,0,0,0,0,0,0,0,31360,0,0,0,100352,128,474,1096,1754794615,3050734635,1382336,0
430,1677120,137792,187520,0,3712,7808,790144,128768,421376,401472,1275648,0,1344,784768,0,0,0,0,0,0,0,0,0,0,29120,0,0,0,99520,128,473,1096,1512729603,1855050111,1267840,0
431,1676992,157760,188608,0,4032,7680,704448,114048,500416,480384,1196608,49472,1280,699264,94848,0,14912,0,1,1,0,0,0,0,29760,0,22592,64,61504,128,477,1099,2348447724,2552042233,1188928,0
432,1677184,155328,189056,0,4992,8000,703360,113344,503104,477824,1199360,32448,1344,698176,73984,0,12352,0,1,1,0,0,0,0,29248,0,21312,128,62528,128,465,1091,3689190895,1296014079,1191360,0
433,1116736,136384,187008,0,6016,8064,589184,117120,72960,52992,1063744,0,1408,583872,0,0,0,0,0,0,0,0,0,0,33088,0,0,0,83904,128,467,1082,377661834,3082644262,1055680,0
434,1677376,187584,187520,0,3840,8064,610624,107008,572736,552576,1124800,5312,1408,605184,65216,0,10944,18496,0,1,0,0,0,0,41344,0,25472,2688,37376,128,440,1051,3906470534,4283695129,1116736,0
435,1116864,158656,188224,0,3904,7808,492224,116160,149888,129984,986880,0,1408,486848,0,0,0,0,0,0,0,0,0,0,50752,0,0,0,65280,128,462,1095,3584695622,206515594,979072,0
436,1677184,290688,187968,0,3904,29248,605312,116224,443840,423552,1253632,38080,1408,600064,150592,0,24192,113344,1,2,0,0,0,0,50176,0,43200,192,22528,128,465,1103,3327329721,2281191358,1224384,0
437,1116800,136640,187904,0,3968,21440,467200,110912,188736,168704,948096,0,1344,461824,0,0,0,0,0,0,0,0,0,0,45952,0,0,0,64832,128,476,1115,2483290113,3258051950,926656,0
438,1116992,146944,188288,0,3968,7808,458880,102272,208832,188864,928128,0,1408,453504,0,0,0,0,0,0,0,0,0,0,38528,0,0,0,63616,128,478,1116,2843284403,1021376375,920320,0
439,1116928,175104,188544,0,6208,8256,467968,103872,166976,146880,970048,0,1408,462656,0,0,0,29696,0,0,0,0,0,0,38976,0,0,0,64768,128,474,1104,2235994150,306073581,961792,0
440,1116736,128192,187904,0,7040,7872,472896,105088,207744,187776,928960,0,1472,467520,0,0,0,0,0,0,0,0,0,0,38528,0,0,0,66432,128,472,1105,4064716432,2940888501,921088,0
441,1116864,139200,187840,0,6080,7872,460672,103424,211776,192384,924480,0,1408,455360,0,0,0,0,0,0,0,0,0,0,38720,0,0,0,64576,128,475,1108,328299671,3792099130,916608,0
442,1676928,250240,188544,0,11648,7936,622848,114560,481152,461184,1215744,8576,1472,617472,110208,0,21056,102144,0,2,0,0,0,0,48960,0,43840,13824,7808,128,484,1130,4134834522,2850570224,1207808,0
443,1117056,149056,188096,0,6080,8128,464832,111872,188992,168704,948352,0,1344,459456,0,0,0,0,0,0,0,0,0,0,46848,0,0,0,64896,128,487,1123,3721929875,374828764,940224,0
444,1676992,244480,187392,0,5056,7680,554560,107712,570112,550336,1126656,0,1408,549120,0,0,0,77120,0,0,0,0,0,0,39616,0,0,0,67968,128,529,1210,951823457,3009417228,1118976,0
445,1116928,140864,188160,0,3776,7808,454848,106496,214976,195264,921664,0,1408,449344,0,0,0,0,0,0,0,0,0,0,40128,0,0,0,66240,128,526,1225,1401198905,425313069,913856,0
446,1117568,180864,188032,0,3712,8064,600192,114944,21760,1792,1115776,52928,1472,594880,137984,0,24896,0,1,2,0,0,0,0,48704,0,44352,576,21184,128,518,1205,4220015221,3715993405,1107712,0
447,1116352,142272,188480,0,3712,7744,447360,104576,222208,202304,914048,0,1344,442176,0,0,0,0,0,0,0,0,0,0,38784,0,0,0,65664,128,516,1201,3640339027,3197719468,906304,0
448,1117056,141888,187072,0,6080,7872,451456,105216,217472,192192,924864,0,1472,445952,0,0,0,0,0,0,0,0,0,0,38656,0,0,0,66432,128,505,1184,354483478,367367478,916992,0
449,1116992,199680,188288,0,6080,8320,560832,116864,36928,16832,1100160,8512,1344,555584,96960,0,22016,19648,0,2,0,0,0,0,30976,0,47360,960,37440,128,520,1209,1261635000,1740176748,1091840,0
450,1677248,296448,188736,0,13760,42752,818432,190848,126272,105664,1571584,57984,1408,813056,196224,0,32064,84480,1,4,0,0,0,0,32256,0,64192,512,93760,128,517,1221,1373358812,2900105219,1528832,0
451,1116672,190976,188992,0,4032,7744,392256,178432,154240,134336,982336,0,1408,386944,2944,0,0,0,0,1,0,0,0,0,23296,0,0,128,154880,128,517,1210,655050978,3966330466,974592,0
452,1117248,161472,188544,0,6208,21696,413952,176768,148608,128512,988736,0,1408,408640,0,0,0,0,0,0,0,0,0,0,22784,0,0,0,153856,128,511,1192,3056766322,1151991238,967040,0
453,1116800,161856,188544,0,7296,7872,437632,177792,135808,115712,1001088,0,1408,432192,0,0,0,0,0,0,0,0,0,0,23296,0,0,0,154368,128,511,1190,4027461543,1984221624,993216,0
454,1676736,193344,188672,0,5056,7744,687872,179904,414144,394112,1282624,0,1408,682496,0,0,0,0,0,0,0,0,0,0,22976,0,0,0,156800,128,487,1142,1146274539,3030557244,1274880,0
455,1677376,177344,188672,0,3712,8128,676096,179200,444224,424256,1253120,0,1408,670720,0,0,0,0,0,0,0,0,0,0,22144,0,0,0,156928,128,480,1129,3773882243,3044866652,1244992,0
456,1677120,178624,187840,0,3712,7744,707584,179392,412224,392128,1284992,0,1408,702336,0,0,0,0,0,0,0,0,0,0,22528,0,0,0,156736,128,480,1121,2756232964,3208554647,1277248,0
457,1677184,181376,188608,0,3776,7744,690816,171136,433728,413824,1263360,0,1408,685440,0,0,0,0,0,0,0,0,0,0,14336,0,0,0,156672,128,475,1115,2988146374,2420123482,1255616,0
458,1676928,171584,187328,0,3776,7744,666624,124288,515584,495552,1181376,0,1408,661376,0,0,0,0,0,0,0,0,0,0,22976,0,0,0,101184,128,476,1113,1384117363,2416402326,1173632,0
459,1677056,175808,188544,0,3776,7808,612480,123968,564672,544512,1132544,0,1408,607104,0,0,0,0,0,0,0,0,0,0,21952,0,0,0,101888,128,482,1133,1705492310,2563383695,1124736,0
460,1116800,139648,188544,0,4480,7680,624704,114048,37696,17664,1099136,0,1536,619200,0,0,0,0,0,0,0,0,0,0,13376,0,0,0,100544,128,484,1130,550623811,1636857127,1091456,0
461,1676992,139712,188288,0,3712,8320,648704,114176,574080,554112,1122880,0,1280,643392,0,0,0,0,0,0,0,0,0,0,13440,0,0,0,100608,128,482,1122,846203335,3175421824,1114560,0
462,1116992,139264,187904,0,3712,29312,611008,114752,31040,11200,1105792,0,1536,605696,0,0,0,0,0,0,0,0,0,0,13440,0,0,0,101184,128,477,1113,3102878403,126182383,1076480,0
463,1116800,139776,188416,0,3712,7744,612928,112832,51392,31296,1085504,0,1472,607424,0,0,0,0,0,0,0,0,0,0,13376,0,0,0,99328,128,485,1123,2295363764,1651063888,1077760,0
464,1677184,205504,188608,0,3712,7680,685440,114368,471872,446336,1230848,5248,1408,680192,50048,0,12288,31104,0,2,0,0,0,0,13248,0,21056,192,79744,128,490,1132,4149656933,2194767264,1223168,0
465,1677184,139264,187712,0,3712,8256,649856,113600,574784,554624,1122560,0,1472,644544,0,0,0,0,0,0,0,0,0,0,13504,0,0,0,99968,128,487,1117,2054612847,1034762213,1114304,0
466,1116992,139456,187904,0,3776,7808,629120,113600,35328,15296,1101696,0,1408,623872,0,0,0,0,0,0,0,0,0,0,13120,0,0,0,100352,128,497,1140,2034871750,2776995256,1093888,0
467,1677376,174848,187840,0,3712,21440,629248,116032,544256,523904,1153472,0,1472,623872,0,0,0,29376,0,0,0,0,0,0,13376,0,0,0,102592,64,495,1144,3933363215,805447305,1132032,0
468,1676928,233728,188544,0,3776,7744,672256,116800,454080,434048,1242880,4992,1408,666944,59840,0,10816,80896,0,1,0,0,0,0,14080,0,22848,13696,66048,128,493,1142,912437408,504491015,1235136,0
469,1117056,172672,188416,0,3968,7744,603008,76736,64512,44672,1072384,50368,1408,597632,135104,0,24384,0,1,2,0,0,0,0,12352,0,45440,192,18624,128,505,1156,2050923362,1688859832,1064640,0
470,1116736,139328,188800,0,3840,7808,374336,76608,326016,306112,810624,0,1408,369088,0,0,0,0,0,0,0,0,0,0,12480,0,0,0,64000,128,490,1139,2209504650,1269214665,802816,0
471,1116928,140544,187968,0,6528,7872,360320,78272,335424,315328,801600,0,1344,355008,0,0,0,0,0,0,0,0,0,0,12672,0,0,0,65472,128,493,1152,2599749448,2226791583,793728,0
472,1116928,161024,188224,0,6848,8000,419776,77184,255872,235840,881088,5120,1472,414336,46656,0,11776,0,0,1,0,0,0,0,12736,0,21504,384,42432,128,500,1163,2547061638,1011141490,873088,0
473,1116864,139520,188416,0,5312,7808,360640,77312,337856,317824,799040,0,1408,355264,0,0,0,0,0,0,0,0,0,0,12288,0,0,0,64896,128,497,1164,2684151951,770339137,791232,0
474,1117056,167168,187968,0,3712,8000,439040,78016,233152,213504,903552,5056,1408,433664,42688,0,9728,0,0,1,0,0,0,0,12608,0,19456,64,45760,128,489,1138,4205208135,2583994289,895552,0
475,1116800,196416,187840,0,3712,7872,430912,76992,213056,193024,923776,4992,1408,425600,47936,0,11200,19776,0,1,0,0,0,0,12352,0,22336,128,42048,128,494,1147,1409654823,3680192246,915904,0
476,1677376,469056,188672,0,4032,43776,680896,189632,101312,80896,1596480,62400,1344,675840,163456,190848,23488,80576,1,2,0,0,0,0,13440,0,48000,768,127296,128,507,1188,365498063,764075789,1552704,0
477,1117056,174336,188160,0,4032,7680,340800,188096,213952,194112,922944,0,1408,335296,0,0,0,0,0,0,0,0,0,0,13696,0,0,0,174272,128,501,1170,1204460387,2688481855,915264,0
478,1116544,162432,187648,0,4032,21952,335808,184320,220352,200192,916352,0,1408,330560,0,0,0,0,0,0,0,0,0,0,13120,0,0,0,171072,128,501,1172,825945937,361781003,894400,0
479,1117056,181952,188288,0,4864,8192,453952,185472,94336,74240,1042816,0,1408,448512,0,0,0,0,0,0,0,0,0,0,13440,0,0,0,171904,128,499,1170,2269501411,1390780059,1034624,0
480,1676800,201024,188416,0,4544,7744,538496,185472,551104,525888,1150912,0,1408,533248,0,0,0,0,0,0,0,0,0,0,13312,0,0,0,172032,128,484,1141,1410850237,1881806842,1143168,0
481,1116928,185792,188288,0,3904,8064,478336,186112,66432,46336,1070592,0,1408,473088,0,0,0,0,0,0,0,0,0,0,13504,0,0,0,172480,128,488,1137,1891499921,3069698164,1062528,0
482,1116864,183360,188544,0,4032,7872,480832,185856,66368,46592,1070272,0,1408,475456,0,0,0,0,0,0,0,0,0,0,13376,0,0,0,172352,128,483,1138,1797186840,1953424829,1062400,0
483,1117312,179008,188160,0,6144,8000,497728,197952,40320,19968,1097344,0,1408,492416,0,0,0,0,0,0,0,0,0,0,23680,0,0,0,174144,128,488,1150,4110231699,1343730198,1089344,0
484,1116736,174080,187840,0,6208,7872,443584,86656,210496,190336,926400,0,1408,438144,0,0,0,0,0,0,0,0,0,0,21120,0,0,0,65408,128,487,1137,1149709195,3001834150,918528,0
485,1117056,138496,188416,0,5184,7872,453568,87872,235648,215360,901696,0,1408,448192,0,0,0,0,0,0,0,0,0,0,21504,0,0,0,66240,128,486,1134,2867353423,2753307756,893824,0
486,1116672,138432,188224,0,3840,7936,405760,78272,294208,274240,842432,0,1408,400448,0,0,0,0,0,0,0,0,0,0,12928,0,0,0,65152,192,474,1109,2532078437,2927472717,834496,0
487,1116928,157504,188672,0,3968,7872,627264,88896,42752,22784,1094144,86528,1408,621824,166080,0,23232,0,2,2,0,0,0,0,23040,0,41216,256,24256,128,487,1135,1051012829,1546040763,1086272,0
488,1116736,138112,188288,0,3840,7680,482752,88512,207552,187712,929024,0,1408,477504,0,0,0,0,0,0,0,0,0,0,22208,0,0,0,66176,128,482,1120,254876862,2550383648,921344,0
489,1116928,138560,188096,0,3904,7680,448832,89920,239936,220096,896832,0,1472,443392,0,0,0,0,0,0,0,0,0,0,22592,0,0,0,67200,128,492,1150,2314044822,1991694162,889152,0
490,1116992,193024,188800,0,3904,7680,506752,89152,127680,107840,1009152,4928,1408,501312,46144,0,11648,33216,0,1,0,0,0,0,22784,0,20928,128,45184,128,494,1150,3522142100,2653284963,1001472,0
491,1117248,138048,188736,0,3840,28992,416640,88640,252352,231872,885376,0,1344,411392,0,0,0,0,0,0,0,0,0,0,22976,0,0,0,65536,128,484,1136,1153027797,2566588717,856384,0
492,1116864,137408,188288,0,3904,7680,440256,89472,249856,229888,886976,0,1408,434944,0,0,0,0,0,0,0,0,0,0,23104,0,0,0,66240,128,495,1159,2612588458,2389039899,879296,0
493,1676992,301376,188544,0,3968,7872,648320,109952,416960,396864,1280128,41856,1408,642944,184320,0,33920,131456,1,3,0,0,0,0,21504,0,69440,14720,4160,128,498,1161,611766992,1216364862,1272256,0
494,1116992,138176,187136,0,3968,7744,450368,117952,211648,191552,925440,0,1472,444992,0,0,0,0,0,0,0,0,0,0,31296,0,0,0,86528,128,501,1159,2370860724,3879128188,917696,0
495,1676992,218816,190400,0,23360,7872,959040,208384,69120,48704,1628288,103488,1408,953536,191424,0,26240,18048,2,3,35968,64,192,1664,33984,0,42752,576,93056,128,516,1205,984418595,600427335,1620416,0
496,1117056,138048,187776,0,6400,8064,543040,194816,38912,13568,1103488,0,1408,537536,0,0,0,0,0,0,36480,128,192,1728,21568,0,0,0,134592,128,509,1186,80567062,4269080287,1095424,0
497,1677184,138880,188480,0,5504,22208,564928,186048,571136,550528,1126656,0,1408,559680,0,0,0,0,0,0,36416,128,192,1536,13888,0,0,0,133760,128,514,1198,2644951305,801593455,1104448,0
498,1116864,138944,188288,0,4160,7680,543488,185920,48384,28288,1088576,0,1408,538176,0,0,0,0,0,0,36672,128,192,1600,14080,0,0,0,133120,128,513,1197,3602174140,1193495428,1080896,0
499,1677120,139072,191936,0,6336,7936,586240,226560,519040,496768,1180352,0,1408,579904,0,0,0,0,0,0,36608,128,192,1600,13632,0,0,0,174272,128,526,1242,17398423,219866376,1172416,0
500,1676992,216832,188224,0,11840,21888,866048,305408,66752,46656,1630336,43904,1344,860800,92352,0,12736,18176,1,2,36352,128,192,1664,39040,0,24320,512,203072,128,547,1289,3292879454,1896751810,1608448,0
501,1116928,185600,188160,0,4352,22464,386496,272000,57856,38208,1078720,0,1408,380992,0,0,0,0,0,0,37504,64,192,1600,43136,0,0,0,189376,128,531,1242,402126883,2672228466,1056256,0
502,1116800,165696,188224,0,4352,22336,379776,262016,94400,74560,1042240,0,1408,374400,0,0,0,0,0,0,37440,128,192,1600,35200,0,0,0,187328,128,531,1239,3810853616,2426980069,1019904,0
503,1677184,165184,188480,0,4416,7808,453504,304512,553280,533376,1143808,0,1344,448192,0,0,0,0,0,0,37056,128,192,1664,35264,0,0,0,230080,128,546,1288,3526924220,3546920608,1136000,0
504,1676992,176832,188096,0,6656,29632,606400,305536,363840,343744,1333248,0,1408,601024,0,0,0,0,0,0,36928,128,192,1472,35648,0,0,0,231040,128,553,1307,2920696900,3976075105,1303616,0
505,1676928,177344,187008,0,7232,8128,603840,265088,428288,408128,1268800,0,1344,598400,0,0,0,0,0,0,37440,64,192,1792,36160,0,0,0,189312,128,538,1252,1169984049,395788093,1260672,0
506,1677376,180480,186816,0,5568,7872,603584,263680,429376,409024,1268352,0,1408,598144,0,0,0,0,0,0,36800,128,192,1664,35712,0,0,0,189056,128,536,1248,294309104,4045044955,1260480,0
507,1676992,174400,187712,0,6272,8064,588352,305280,406912,386624,1290368,0,1344,583104,0,0,0,0,0,0,37120,64,192,1664,35584,0,0,0,230528,128,554,1295,2912451676,1237958708,1282304,0
508,1677248,171968,187904,0,5504,7872,830080,307520,166400,146304,1530944,0,1408,824704,0,0,0,0,0,0,36928,128,192,1728,44288,0,0,0,224128,128,552,1281,3892870505,3291641160,1523072,0
509,1676928,211904,188928,0,6528,22144,884992,280704,81728,61760,1615168,51776,1408,879552,97472,0,12992,0,1,2,37632,64,128,1728,52672,0,21504,768,166080,128,524,1244,2514817700,2026703673,1593024,0
510,1117056,189056,188480,0,6208,22336,382528,281024,47424,24832,1092224,0,1408,377152,0,0,0,0,0,0,37312,64,192,1664,51264,0,0,0,190400,128,527,1243,1412997860,3921798836,1069888,0
511,1677120,168768,188608,0,5312,21888,459904,310848,521792,501696,1175424,0,1408,454400,0,0,0,0,0,0,36480,64,192,1536,43584,0,0,0,228864,128,539,1288,480863667,2848141065,1153536,0
512,1676928,182720,188096,0,4928,8128,501248,312512,479296,454080,1222848,0,1344,495936,0,0,0,0,0,0,36736,64,192,1536,43136,0,0,0,230720,128,549,1292,3921800963,2881854523,1214720,0
513,1677312,182080,187392,0,6080,8064,599488,272512,421696,401664,1275648,0,1408,594112,0,0,0,0,0,0,36672,128,128,1728,43520,0,0,0,190208,128,521,1218,1060478611,1749762428,1267584,0
514,1677120,175168,188928,0,5248,7936,562944,271936,464960,442944,1234176,0,1408,557440,0,0,0,0,0,0,36352,128,128,1472,43392,0,0,0,190336,128,532,1235,1194008712,74149192,1226240,0
515,1677184,154368,188416,0,6464,28800,611392,305984,381760,361408,1315776,0,1472,606016,0,0,0,0,0,0,36672,64,256,1664,35520,0,0,0,231680,128,554,1293,2858885231,4080252817,1286976,0
516,1677184,185664,187520,0,11712,8064,734784,328192,221248,200896,1476288,0,1408,729472,2816,0,0,0,0,1,36736,128,192,1600,58944,0,0,128,230336,128,562,1328,3379298744,2017051351,1468224,0
517,1676864,166976,188672,0,3968,7616,490112,280832,538688,518528,1158336,0,1408,484800,0,0,0,0,0,0,37120,64,192,1728,52032,0,0,0,189568,128,532,1246,421500515,148911691,1150720,0
518,1116864,156736,188544,0,4032,8000,477376,215744,66432,46400,1070464,0,1408,472000,0,0,0,0,0,0,37504,128,192,1664,43200,0,0,0,132928,128,524,1223,635304959,3457447090,1062464,0
519,1677184,156352,187520,0,5184,7744,528128,258112,534144,514176,1163008,0,1408,522816,0,0,0,0,0,0,37120,128,128,1792,44224,0,0,0,174592,128,535,1266,4203737665,2264982289,1155264,0
520,1677184,181376,188160,0,5120,22208,727296,315328,237696,217472,1459712,59584,1344,722048,104768,0,12672,0,1,1,36800,64,128,1728,44608,0,23296,640,207936,128,536,1277,1545800907,1942402468,1437504,0
521,1677120,189184,188672,0,4096,22336,587264,272512,413056,393088,1284032,0,1408,581952,0,0,0,0,0,0,36928,128,192,1728,44160,0,0,0,189248,128,525,1247,610309537,1072299793,1261696,0
522,1676928,169152,188032,0,4160,21888,541184,273152,479360,459712,1217216,0,1472,535360,0,0,0,0,0,0,36864,128,192,1472,44416,0,0,0,189952,128,524,1242,797882661,52804397,1195328,0
523,1677504,168000,187584,0,4032,7744,561408,298304,450432,430080,1247424,0,1408,556096,0,0,0,0,0,0,36800,128,128,1600,30592,0,0,0,228928,128,536,1274,1224042759,1145455227,1239680,0
524,1676800,177152,188096,0,4032,7936,513344,298048,488192,468224,1208576,0,1408,507712,0,0,0,0,0,0,36928,128,192,1728,29376,0,0,0,229568,128,536,1272,2002558560,3029833340,1200640,0
525,1677056,178624,188736,0,4096,7936,596160,258048,443456,423552,1253504,0,1344,590784,0,0,0,0,0,0,37184,64,192,1600,30592,0,0,0,188288,128,528,1238,4192732684,2772131506,1245568,0
526,1677312,168704,188416,0,4032,9024,630912,257408,418816,398720,1278592,0,1408,625600,0,0,0,0,0,0,36992,64,192,1728,29440,0,0,0,188864,128,524,1229,4028763234,1387272194,1269568,0
527,1677120,174720,188032,0,4096,22080,605824,300928,381440,361344,1315776,0,1344,600512,0,0,0,0,0,0,36672,128,192,1664,30080,0,0,0,232064,128,531,1252,660250703,1135739362,1293696,0
528,1677184,138304,187712,0,6400,7872,556864,298496,481536,456192,1220992,0,1408,551552,0,0,0,0,0,0,37056,64,192,1600,30144,0,0,0,229312,128,528,1257,984489861,1047704187,1213120,0
529,1116864,138880,188352,0,5248,7808,544192,202880,29504,9344,1107520,0,1408,538624,0,0,0,0,0,0,37056,64,192,1792,29760,0,0,0,133888,128,514,1200,3455280155,2921341893,1099712,0
530,1119488,139456,188352,0,3904,7872,533056,197248,49600,26368,1093120,0,1408,527744,0,0,0,0,0,0,36864,128,192,1472,25088,0,0,0,133376,128,515,1205,4153059175,2937309675,1085248,0
531,1674432,139520,188416,0,4672,7936,628864,226880,478144,458368,1216064,0,1472,623488,0,0,0,0,0,0,36736,64,192,1728,13632,0,0,0,174400,128,534,1260,1852950157,3014700586,1208128,0
532,1677184,159616,187712,0,4032,7744,547456,210112,560512,540288,1136896,39808,1408,542016,85248,0,12992,0,1,1,36672,128,192,1472,14720,0,24832,128,131840,128,533,1248,2633863392,2262413981,1129152,0
533,1116864,140096,188352,0,4096,7680,424576,165504,186560,166720,950144,0,1344,419328,0,0,0,0,0,0,36160,128,128,1344,14080,0,0,0,113536,128,524,1209,926626088,2811641579,942464,0
534,1116928,138496,188224,0,6336,8128,419904,166080,189760,169664,947264,0,1472,414464,0,0,0,0,0,0,36928,128,192,1472,14272,0,0,0,113024,64,521,1214,2588047561,1376195865,939136,0
535,1117120,138752,188800,0,6400,8128,487552,208960,78528,58496,1058624,0,1408,482240,0,0,0,0,0,0,36736,128,192,1792,14272,0,0,0,155712,128,535,1256,3814434061,2206286570,1050496,0
536,1677120,190976,187584,0,3840,8320,505408,208448,572544,552320,1124800,4992,1408,500096,46208,0,11712,31616,0,1,36800,64,128,1472,14400,0,21056,64,134336,128,535,1267,3400910851,2146884736,1116480,0
537,1116992,169088,188480,0,3904,7744,507584,166592,73600,53120,1063872,5056,1408,502400,47040,0,10624,0,0,1,36928,64,192,1536,14208,0,22848,64,90624,128,517,1211,1772861557,2670872891,1056128,0
538,1677056,189696,188672,0,3904,7680,588416,166336,532352,512384,1164672,51584,1408,582976,96512,0,14464,29632,1,1,36800,128,192,1600,14144,0,21632,512,91200,128,521,1215,2743164494,669280541,1156992,0
539,1116864,138496,188416,0,3840,29120,456192,208064,92736,72448,1044416,0,1472,450816,0,0,0,0,0,0,37184,128,128,1600,14592,0,0,0,154304,128,538,1256,1250038209,2866627797,1015296,0
540,1116800,154304,188352,0,3904,7744,473408,206080,83008,63168,1053632,0,1472,468032,0,0,0,0,0,0,36224,128,128,1664,14400,0,0,0,153408,128,546,1274,21235711,2910363680,1045888,0
541,1676992,289536,188480,0,10432,22016,725312,225088,216128,196096,1480896,47168,1408,720000,103232,0,12608,81728,1,1,36736,128,192,1536,15168,0,22464,128,148608,128,533,1229,3477366447,2458341532,1458880,0
542,1117120,200832,188928,0,3968,22464,404864,223040,73024,52992,1064128,0,1472,399424,0,0,0,0,0,0,36864,128,192,1664,15616,0,0,0,168448,128,534,1236,2442855875,1727400920,1041664,0
543,1676864,177920,188672,0,4096,22080,442496,262464,579136,558592,1118272,0,1472,437120,0,0,0,0,0,0,36416,64,192,1664,14848,0,0,0,209152,128,551,1294,32814817,4212624825,1096192,0
544,1677120,181312,188992,0,5184,7872,557120,264000,472640,447488,1229632,0,1472,551680,0,0,0,0,0,0,37184,128,192,1792,15232,0,0,0,209344,128,553,1285,1289510712,1665428348,1221760,0
545,1677056,199424,187520,0,6208,7936,514112,234880,526976,507136,1169920,0,1344,508672,0,0,0,0,0,0,37120,64,192,1472,25664,0,0,0,170240,128,538,1243,3228363888,21328952,1161984,0
546,1117120,174592,188992,0,5184,7744,469760,232704,38144,18112,1099008,0,1408,464384,0,0,0,0,0,0,37696,128,192,1856,23488,0,0,0,169216,128,544,1248,2434799227,3019994083,1091264,0
547,1677056,138432,188224,0,3840,7872,511744,273984,552960,532864,1144192,0,1408,506432,0,0,0,0,0,0,36480,128,192,1472,23680,0,0,0,211904,128,565,1314,3403692625,555380980,1136320,0
548,1677056,179008,188032,0,6080,7808,564608,267008,464512,444736,1232320,55360,1408,559104,97984,0,12736,19968,1,1,36352,128,128,1664,15104,0,22144,576,190784,128,578,1318,4074606710,3580482295,1224512,0
549,1117056,137920,188864,0,5952,7744,505280,223744,47552,27072,1089984,0,1408,499904,0,0,0,0,0,0,37120,128,192,1728,15552,0,0,0,168896,128,552,1257,3282667371,2682803101,1082240,0
550,1117056,159808,188160,0,3712,7808,557824,169088,30656,10368,1106688,49344,1408,552384,94592,0,14400,0,1,1,37824,128,192,1536,13824,0,22656,64,92736,128,553,1260,422228324,438461632,1098880,0
551,1116864,137920,188032,0,6016,9344,467200,208128,100224,80128,1036736,0,1408,461760,0,0,0,0,0,0,36352,128,192,1792,14080,0,0,0,155456,128,572,1310,3157762464,1950470900,1027392,0
552,1677248,223936,187392,0,14208,21632,736704,228352,265024,244480,1432768,19008,1408,731392,84864,0,20480,51776,0,1,36736,128,192,1536,32704,0,23616,384,132928,128,567,1288,2762791714,881221382,1411136,0
553,1116544,170560,188352,0,3904,22272,517504,186816,27136,6976,1109568,0,1472,512128,0,0,0,0,0,0,36672,64,192,1536,31936,0,0,0,116288,128,542,1224,2517420376,3508169783,1087296,0
554,1677376,250048,187648,0,4032,21952,748416,186432,278848,259008,1418368,127616,1408,743232,231360,0,24960,81024,2,2,36928,128,128,1472,31104,0,47232,15168,54144,128,546,1238,2872756820,3302046184,1396416,0
555,1677120,160896,187456,0,10816,7936,577280,267840,464896,444544,1232576,0,1344,572096,0,0,0,0,0,0,37184,128,192,1408,30464,0,0,0,198336,128,557,1292,206388857,4189857860,1224640,0
556,1677120,182400,187712,0,3968,7744,681536,263744,350016,329600,1347520,0,1472,676224,0,0,0,0,0,0,36224,128,192,1728,29568,0,0,0,195776,128,556,1293,44282810,2870813196,1339776,0
557,2237056,182656,188544,0,13504,22656,1018816,243712,567168,547136,1689920,130176,1344,1013376,179136,0,14016,0,1,1,36608,128,256,1600,46528,0,23488,704,134272,128,562,1292,1911870700,2881986419,1667264,0
558,1677184,192192,187328,0,12544,22528,799552,243584,219456,199296,1477888,39616,1408,794048,94720,0,12928,18304,1,1,36864,128,192,1856,46272,0,24704,704,132736,128,555,1306,1342895222,2073564515,1455360,0
559,1677248,145600,186944,0,6528,22400,724352,297792,293632,273600,1403648,0,1408,719104,0,0,0,0,0,0,37056,128,192,1536,59520,0,0,0,199232,128,574,1356,789664235,322889812,1381248,0
560,1676992,145280,187712,0,5568,7744,517312,289280,524096,498560,1178432,0,1472,512128,0,0,0,0,0,0,36544,128,192,1472,53440,0,0,0,197376,128,579,1371,3009734210,1857160463,1170688,0
561,1116992,167936,187648,0,4032,7936,509760,202432,37248,17152,1099840,0,1344,504384,0,0,0,0,0,0,36864,64,128,1664,46656,0,0,0,116928,128,546,1265,857688269,2848334594,1091904,0
562,1677184,138816,189120,0,4224,29120,697024,212224,406656,386176,1291008,0,1408,691648,0,0,0,0,0,0,37248,64,128,1472,56640,0,0,0,116544,128,552,1271,2343570807,2234408043,1261888,0
563,1677056,148288,187968,0,4288,7744,598080,248448,482240,461888,1215168,0,1344,592832,0,0,0,0,0,0,36480,64,192,1664,53504,0,0,0,156416,128,543,1295,1551543177,3657884294,1207424,0
564,1676992,137024,187840,0,6592,8128,562688,258944,515776,495552,1181440,0,1408,557312,0,0,0,0,0,0,36224,128,192,1344,61504,0,0,0,159424,128,526,1261,2226555629,210321059,1173312,0
565,1677248,158720,186944,0,7360,7936,692160,168384,455744,435648,1241600,44416,1536,686784,131456,0,20992,0,1,2,0,0,0,0,55744,0,39552,256,72704,128,532,1238,2318979195,654247388,1233664,0
566,1676992,140608,187520,0,6336,7936,586176,168064,580352,560320,1116672,0,1472,580800,0,0,0,0,0,0,0,0,0,0,55360,0,0,0,112256,448,530,1240,3057139531,276983137,1108736,0
567,1116736,140736,187456,0,5440,7680,541312,159424,74688,54784,1061952,0,1472,535936,0,0,0,0,0,0,0,0,0,0,48128,0,0,0,111168,128,522,1227,2041470619,577984921,1054272,0
568,1677120,172736,188608,0,4096,7744,638656,160768,504512,484672,1192448,46336,1408,633280,90432,0,12928,18432,1,1,0,0,0,0,47296,0,22656,64,90624,128,519,1228,1334825767,359504818,1184704,0
569,1116864,140736,188224,0,3968,7936,514880,113024,148096,128128,988736,0,1408,509376,0,0,0,0,0,0,0,0,0,0,45952,0,0,0,66944,128,531,1224,1820276329,3806010598,980800,0
570,1116928,163648,186880,0,5248,7872,530112,131200,91968,72128,1044800,0,1408,524736,0,0,0,18176,0,0,0,0,0,0,62976,0,0,0,68096,128,524,1217,2847387280,2555727670,1036928,0
571,1117056,140864,188928,0,4096,7808,494528,128448,152384,132352,984704,0,1344,489280,0,0,0,0,0,0,0,0,0,0,61504,0,0,0,66816,128,508,1185,1469595495,1912281208,976896,0
572,1116672,140032,189504,0,4096,7872,478080,128640,168448,148608,968064,0,1280,472704,0,0,0,0,0,0,0,0,0,0,61376,0,0,0,67136,128,521,1208,3789592602,1079475148,960192,0
573,1116992,141120,188672,0,4032,7872,467968,112896,194432,174784,942208,0,1408,462656,0,0,0,0,0,0,0,0,0,0,45952,0,0,0,66816,128,523,1199,2888778109,1098781951,934336,0
574,1116864,140800,188608,0,4160,8128,489408,120064,165696,145920,970944,0,1408,484096,0,0,0,0,0,0,0,0,0,0,53568,0,0,0,66368,128,513,1198,2623917151,3035928731,962816,0
575,1117376,140032,189056,0,6592,29568,499776,119616,132736,113280,1004096,0,1408,494400,0,0,0,0,0,0,0,0,0,0,53824,0,0,0,65664,128,514,1205,3457119193,2776165899,974528,0
576,1116672,141248,187968,0,6464,7680,515520,124352,133440,108032,1008640,0,1408,510144,0,0,0,0,0,0,0,0,0,0,57536,0,0,0,66688,128,529,1228,3379443270,383236595,1000960,0
577,1677248,181632,188224,0,5376,7872,656768,123456,513920,493504,1183744,53888,1408,651520,139968,0,22592,0,1,2,0,0,0,0,56448,0,45568,448,20864,128,519,1220,906113273,728297673,1175872,0
578,1116736,152384,188160,0,5568,7744,479360,131776,151744,131520,985216,0,1344,474048,0,0,0,0,0,0,0,0,0,0,64448,0,0,0,67200,128,508,1193,3049613384,514131203,977472,0
579,1116800,185088,186560,0,6784,7872,571264,136000,23232,2944,1113856,0,1408,566016,4352,0,0,0,0,2,0,0,0,0,68544,0,0,384,66944,128,536,1252,626862223,4132549893,1105984,0
580,1116736,142400,187776,0,6976,7744,302656,126720,342464,322176,794560,0,1408,297280,0,0,0,0,0,0,0,0,0,0,60736,0,0,0,65856,128,541,1260,4063646351,3008470767,786816,0
581,1116928,153280,188416,0,5312,7936,328448,126080,307456,287296,829632,0,1344,323008,0,0,0,0,0,0,0,0,0,0,59072,0,0,0,66880,128,536,1246,4061389572,2882916635,821696,0
582,1117184,153536,188672,0,6080,7744,316416,134976,309760,289408,827776,0,1472,311104,0,0,0,0,0,0,0,0,0,0,67584,0,0,0,67264,128,528,1240,3181468711,1707551771,820032,0
583,1116672,182144,187200,0,6400,8128,542400,132736,57664,37568,1079104,84736,1472,536896,172480,0,25408,0,2,2,0,0,0,0,65472,0,46272,192,20672,128,525,1247,2287223821,2290299433,1070976,0
584,1116864,159808,188288,0,6720,8064,400384,121216,232384,212224,904640,0,1408,395072,0,0,0,0,0,0,0,0,0,0,55744,0,0,0,65344,128,519,1219,1693085421,2603270573,896576,0
585,1117184,152512,187712,0,7552,8512,375168,126656,259072,238848,878336,0,1408,369856,0,0,0,0,0,0,0,0,0,0,58880,0,0,0,67648,128,509,1203,3213906384,86426826,869824,0
586,1116800,162560,188416,0,5888,8128,513856,178112,59840,39616,1077184,53952,1408,508544,101312,0,14528,0,1,1,0,0,0,0,65536,0,22976,640,88832,128,526,1250,3032568486,3031672710,1069056,0
587,1677376,175744,189824,0,21376,21888,769024,234112,265408,244864,1432512,48064,1408,763200,90560,0,11456,0,1,1,36480,128,57472,3840,60480,0,21568,128,53888,128,516,1223,3365776076,4064231323,1410624,0
588,1676928,195648,186624,0,3712,7744,566976,222720,493504,473472,1203456,44224,1344,561728,86080,0,14080,33024,1,1,37376,192,57536,3968,50048,0,19648,704,53120,128,535,1260,3283444753,1855016824,1195712,0
589,1677440,153024,188032,0,3648,29376,513984,218496,570880,550016,1127424,0,1408,508736,0,0,0,0,0,0,37312,192,57728,3776,46656,0,0,0,72704,128,534,1250,2919689321,484212312,1098048,0
590,1676800,186240,188160,0,10880,7744,701696,222720,359360,339200,1337600,47616,1472,696448,103872,0,14720,0,1,1,37248,128,57664,3648,51456,0,23680,128,48640,128,539,1260,435098763,706531937,1329856,0
591,1677184,162624,188160,0,3840,8064,847424,222976,244096,224064,1453120,108864,1408,841984,152448,0,12544,0,1,1,37696,256,57536,3904,51200,0,22912,64,49280,128,528,1242,2143508941,3216370865,1445056,0
592,1677056,154240,188224,0,3968,7808,729536,154816,438464,412992,1264064,0,1408,724288,0,0,0,0,0,0,38208,128,128,1280,45696,0,0,0,69248,128,516,1195,1022256456,3039997708,1256256,0
593,1677184,188032,188096,0,3904,8064,758400,157184,373504,353280,1323904,4992,1408,753024,46912,0,10752,20352,0,1,38144,128,192,1600,47232,0,22656,64,47040,128,513,1186,560247322,4182478905,1315840,0
594,1677184,194944,188224,0,14784,21824,1007040,187456,62912,42560,1634624,170624,3584,996864,299840,0,33344,18752,1,3,192,128,36032,1920,77888,0,62656,3648,4864,128,551,1254,3466739096,3434313118,1612800,0
595,1677056,168768,187776,0,5312,8000,524480,212736,569984,550144,1126912,0,1408,519040,0,0,0,0,0,0,256,128,36352,1728,57984,0,0,0,116160,128,547,1259,144290955,2189178838,1118912,0
596,1677312,168640,186880,0,4160,21824,557696,255232,482880,462720,1214592,0,1408,552448,0,0,0,0,0,0,320,128,69504,3712,63360,0,0,0,118080,128,568,1294,2269667096,2030464597,1192768,0
597,1677376,157440,188288,0,4480,7680,539136,262848,517504,497024,1180352,0,1408,533760,0,0,0,0,0,0,192,128,68032,3456,73152,0,0,0,117760,128,568,1306,1937681532,681320277,1172672,0
598,1676608,169024,187264,0,5376,7872,559872,259200,488000,468032,1208576,0,1344,554432,0,0,0,0,0,0,192,192,69376,3584,67840,0,0,0,117888,128,570,1311,616497462,3710259521,1200704,0
599,1677248,155328,187072,0,6528,29312,529856,220864,548288,527680,1149568,0,1408,524608,0,0,0,0,0,0,192,64,36160,1792,67200,0,0,0,115328,128,560,1291,3960600601,142000374,1120256,0
600,1677120,158464,187968,0,6784,7872,536512,254272,525248,505024,1172096,0,1408,531136,0,0,0,0,0,0,192,128,68480,3840,64256,0,0,0,117248,128,539,1259,2977834924,1800080025,1164224,0
601,1116800,169920,188288,0,5376,8320,510720,177600,56576,36992,1079808,0,1408,505344,0,0,0,0,0,0,192,64,36160,1856,68992,0,0,0,70208,128,533,1196,419991931,3532460530,1071488,0
602,1677312,173888,186816,0,6400,8000,576832,207808,517568,497600,1179712,4992,1472,571456,41792,0,9664,0,0,1,320,128,68864,3648,61632,0,19392,512,53184,128,550,1255,2874880683,516573278,1171712,0
603,1677184,177088,187008,0,5696,21888,906752,244800,133952,113920,1563264,105600,1344,901312,247552,0,35776,0,2,3,256,128,68544,3776,98112,0,71872,1536,448,128,523,1239,3244568202,3645356596,1541376,0
604,1677184,165632,188352,0,4544,22144,584448,264768,447296,427648,1249536,0,1344,579072,0,0,0,0,0,0,256,128,68352,3648,73472,0,0,0,118784,128,548,1298,2840752289,2180169781,1227392,0
605,1676928,141760,189440,0,5632,22272,528832,235840,553152,533376,1143552,0,1408,523392,0,0,0,0,0,0,128,64,36800,1856,78464,0,0,0,118400,128,518,1247,2304913526,506589164,1121280,0
606,1677056,204736,188480,0,14976,22208,729792,231872,284992,265024,1412032,113856,1408,724416,162240,0,14400,30400,1,1,192,128,36160,1920,76032,0,23360,128,93824,128,528,1271,997827988,3397804811,1389824,0
607,1117184,157504,187584,0,4480,7616,515520,188416,56064,35904,1081280,0,1344,510336,0,0,0,0,0,0,0,0,0,0,75072,0,0,0,113216,128,515,1242,4093118747,3069199539,1073664,0
608,1677056,147072,188416,0,4608,22208,552704,188800,573248,548224,1128832,0,1344,547328,0,0,0,0,0,0,0,0,0,0,75712,0,0,0,112960,128,549,1300,2629899078,2998702361,1106624,0
609,1677376,167360,188480,0,4608,21824,695872,202368,396864,376512,1300864,4992,1344,690496,50560,0,12352,0,0,1,0,0,0,0,88128,0,23232,640,90240,128,535,1281,1257923889,3313693673,1279040,0
610,1116928,145280,187776,0,4608,29120,495168,152000,102976,82880,1034048,0,1408,489920,0,0,0,0,0,0,0,0,0,0,83712,0,0,0,68160,128,502,1201,3293427353,4289972145,1004928,0
611,1676992,147264,187904,0,4672,21760,664256,157568,493568,473472,1203520,0,1408,658880,0,0,0,0,0,0,0,0,0,0,90112,0,0,0,67328,128,521,1213,3884571336,3651879205,1181760,0
612,1677120,164608,186944,0,5696,21568,972736,147968,177600,157504,1519616,52608,1408,967424,99264,0,14144,0,1,1,0,0,0,0,80192,0,22528,704,44416,128,534,1236,3340088128,2536180625,1498048,0
613,1117376,160960,187776,0,7168,22336,563008,154368,21760,1728,1115648,0,1408,557568,0,0,0,0,0,0,0,0,0,0,86912,0,0,0,67328,128,516,1217,2086527695,2828637270,1093312,0
614,1116416,146688,188352,0,7296,22720,528320,151872,71168,50624,1065792,0,1344,522816,0,0,0,0,0,0,0,0,0,0,84800,0,0,0,66944,128,510,1206,1730312029,237343941,1043072,0
615,1676864,162240,188224,0,4864,22336,625984,150528,522688,502656,1174208,41408,1408,620672,85184,0,12544,0,1,1,0,0,0,0,82688,0,22208,576,44864,192,514,1214,2844301220,4073992061,1151872,0
616,1116928,161664,188352,0,7040,7808,441664,145856,164544,144512,972416,0,1408,436288,0,0,0,0,0,0,0,0,0,0,77824,0,0,0,67904,128,520,1227,236621602,4187369003,964608,0
617,1677376,176512,187968,0,6784,21824,808064,164032,312192,291904,1385472,54144,1280,802752,141440,0,24768,0,1,2,0,0,0,0,96064,0,44224,1216,22464,64,523,1249,3094649126,867791462,1363648,0
618,1116736,171968,188352,0,4928,21888,455168,160448,113984,94080,1022656,0,1344,449728,0,0,0,0,0,0,0,0,0,0,92544,0,0,0,67776,128,527,1233,1534041622,1161450225,1000768,0
619,1116736,149440,187776,0,4864,22080,416896,158720,176960,156864,959872,0,1408,411520,0,0,0,0,0,0,0,0,0,0,91072,0,0,0,67520,128,523,1229,3098102932,489850794,937792,0
620,1677376,181632,188416,0,4992,21632,815104,169728,295872,275456,1401920,9792,1344,809856,95424,0,23360,0,0,2,0,0,0,0,103168,0,44096,1280,21056,128,519,1248,3884853702,1409270258,1380288,0
621,1116736,172736,187712,0,7360,22592,470272,166272,89792,69952,1046784,0,1344,464896,0,0,0,0,0,0,0,0,0,0,98688,0,0,0,67456,128,503,1215,24326439,3298898776,1024192,0
622,1116928,148032,188032,0,7424,22208,422400,166400,162432,142528,974400,0,1408,417088,0,0,0,0,0,0,0,0,0,0,99520,0,0,0,66752,128,524,1244,4079842597,3562018655,952192,0
623,1677248,181568,190272,0,6400,43008,811072,171456,273472,252864,1424384,10048,1408,805760,95680,0,23424,0,0,2,0,0,0,0,104768,0,44032,1216,21312,128,535,1273,982406366,635577772,1381376,0
624,1116544,173184,187264,0,6272,22144,481408,162432,83840,58240,1058304,0,1344,476160,0,0,0,0,0,0,0,0,0,0,95360,0,0,0,67008,64,529,1256,1758155562,1284929370,1036160,0
625,1117120,148544,187776,0,7360,22016,393472,163648,194304,174272,942848,0,1216,388352,0,0,0,0,0,0,0,0,0,0,95680,0,0,0,67840,128,508,1223,615546277,1571371945,920832,0
626,1676928,180032,188288,0,6528,22016,823808,163200,293056,273472,1403456,9984,1344,818496,95936,0,23168,0,0,2,0,0,0,0,95936,0,44544,1216,21376,128,524,1239,1057288753,3344618405,1381440,0
627,1116864,172480,187456,0,6272,22208,433664,157504,137280,117504,999360,0,1280,428416,0,0,0,0,0,0,0,0,0,0,90688,0,0,0,66688,128,523,1237,3688903003,1132093788,977152,0
628,1117120,148480,189312,0,7296,22528,390592,155200,203712,183552,933568,0,1280,385152,0,0,0,0,0,0,0,0,0,0,87680,0,0,0,67392,128,517,1236,2389338115,193433101,911040,0
629,1676928,182528,188416,0,6400,22016,837312,154240,286016,265856,1411072,9920,1344,832000,95296,0,23104,0,0,2,0,0,0,0,86720,0,43840,1216,22336,128,519,1248,657957937,1709644857,1389056,0
630,1116864,172672,187776,0,5184,22400,422400,156160,150272,130368,986496,0,1344,417024,0,0,0,0,0,0,0,0,0,0,88384,0,0,0,67648,128,519,1233,452210329,3359331318,964096,0
631,1116800,148032,190272,0,5248,21824,371456,148800,231168,211392,905408,0,1408,366080,0,0,0,0,0,0,0,0,0,0,81472,0,0,0,67200,128,526,1226,858559858,2610860207,883584,0
632,1677120,180160,187968,0,5184,21952,749120,142464,390272,370176,1306944,9920,1408,743744,94912,0,22976,0,0,2,0,0,0,0,74816,0,44160,1280,22080,128,537,1243,2061935738,114562628,1284992,0
633,1117056,173056,187456,0,7360,22272,385728,144320,196864,176704,940352,0,1408,380288,0,0,0,0,0,0,0,0,0,0,77056,0,0,0,67136,128,530,1229,72176419,3713866156,918080,0
634,1116672,148992,188352,0,7232,22144,405696,140160,204096,183936,932736,0,1344,400256,0,0,0,0,0,0,0,0,0,0,73024,0,0,0,67008,128,525,1215,3001424490,1601560011,910592,0
635,1677312,179904,187648,0,6912,21696,806912,139072,335168,314816,1362496,60736,1344,801664,150208,0,24960,0,1,2,0,0,0,0,71808,0,45888,1216,20032,128,525,1222,220256105,3916488802,1340800,0
636,1116928,173056,187904,0,6080,43712,386240,138752,181184,161408,955520,0,1408,380864,0,0,0,0,0,0,0,0,0,0,72064,0,0,0,66560,128,522,1215,1556738856,2258659171,911808,0
637,1116736,149824,187776,0,5248,22080,351872,141056,258880,238912,877824,0,1408,346560,0,0,0,0,0,0,0,0,0,0,73792,0,0,0,67136,128,527,1217,3470695517,3309521229,855744,0
638,1677120,180672,187712,0,7360,22144,821184,129728,328320,305792,1371328,9728,1344,815808,95168,0,23040,0,0,2,0,0,0,0,64640,0,44224,1280,19456,128,529,1216,1388143243,20773457,1349184,0
639,1116800,172096,188160,0,7168,22400,403456,132160,191360,171392,945408,0,1344,398208,0,0,0,0,0,0,0,0,0,0,65856,0,0,0,66240,64,525,1205,28720838,1732866122,923008,0
640,1116736,150208,188096,0,6400,22080,341824,131392,276736,251328,865408,0,1344,336448,0,0,0,0,0,0,0,0,0,0,65536,0,0,0,65728,128,521,1197,1855876290,1662807091,843328,0
641,1677184,180480,187904,0,5184,21760,761920,133376,386560,366400,1310784,9728,1344,756608,94848,0,22912,0,0,2,0,0,0,0,67008,0,44032,1216,20992,128,520,1206,3024587186,1175253742,1289024,0
642,1116800,172608,189504,0,7360,22336,433856,131840,159296,137536,979264,0,1408,428416,0,0,0,0,0,0,0,0,0,0,65984,0,0,0,65728,128,516,1197,3661428730,670395604,956928,0
643,1116928,148352,188800,0,7616,21824,363648,133376,253312,232896,884032,0,1344,358336,0,0,0,0,0,0,0,0,0,0,67072,0,0,0,66176,128,522,1209,57657126,1253237155,862208,0
644,1676864,181504,187584,0,6080,21440,717312,200256,362688,342592,1334272,45824,1344,711936,131072,0,24128,0,1,2,320,128,69184,3776,54912,0,33472,1216,37120,128,531,1233,3036572958,2065925712,1312832,0
645,1116992,140800,186944,0,7488,22336,337664,194496,227264,206912,910080,0,1408,332352,0,0,0,0,0,0,256,128,68992,3712,51712,0,0,0,69568,128,528,1226,3097469315,1597571091,887744,0
646,1116608,141120,189760,0,6400,22144,434304,268160,54720,34624,1081984,0,1344,428800,0,0,0,0,0,0,320,320,132800,7168,52608,0,0,0,74816,128,546,1277,1843980647,2709031194,1059840,0
647,1117056,159744,187776,0,7616,22336,459200,254400,25984,5824,1111232,4864,1472,453824,44864,0,10048,0,0,1,512,192,132352,7360,37952,0,22912,128,52864,128,542,1260,251794852,4135590998,1088896,0
648,1676928,181696,187648,0,7616,7744,585024,250688,456512,436544,1240384,9856,1344,579584,108800,0,23040,0,0,2,320,256,132288,7296,34368,0,47552,1088,27392,128,537,1265,4175804639,2828234095,1232640,0
649,1677504,148544,188288,0,6464,29120,485952,247872,571264,551232,1126272,0,1408,480640,0,0,0,0,0,0,576,256,131328,7040,33216,0,0,0,75328,128,527,1237,1125345066,824855586,1097152,0
650,1116672,138304,188288,0,7232,7808,421504,229760,123776,103744,1012928,0,1408,415936,0,0,0,0,0,0,384,192,131648,7232,15232,0,0,0,74944,128,524,1221,3358675600,1959391905,1005120,0
651,1116992,138688,188352,0,7680,7680,411008,156416,207168,186560,930432,0,1408,405632,0,0,0,0,0,0,256,128,68096,3712,14528,0,0,0,69568,128,509,1183,2408599577,3848581726,922752,0
652,1116800,138432,188352,0,4480,7936,482496,229120,65984,46016,1070784,0,1408,477184,0,0,0,0,0,0,448,256,132288,7488,13696,0,0,0,74816,128,524,1235,2521213292,2350087241,1062848,0
653,1116928,138112,187712,0,6720,7872,404480,155328,216704,196672,920256,0,1472,399104,0,0,0,0,0,0,256,128,68288,3456,13696,0,0,0,69376,128,520,1198,291440664,4157230357,912384,0
654,1116864,137856,187648,0,6592,8000,412928,228224,135616,115648,1001216,0,1408,407552,0,0,0,0,0,0,448,192,131840,7296,13888,0,0,0,74432,128,530,1233,3085914287,2752998906,993216,0
655,1677248,158656,194432,0,7744,8128,622016,169536,516736,494720,1182528,74624,1792,615936,160384,0,25088,0,2,2,320,64,69120,3712,25408,0,45760,192,24832,128,502,1166,3821869191,2788012074,1174400,0
656,1677312,158976,188224,0,7360,7936,520320,242624,551872,526144,1151168,37696,1408,515008,76416,0,11648,0,1,1,384,192,131712,7104,25152,0,18944,64,58944,128,525,1221,3398076404,1415589897,1143232,0
657,1117312,154368,189376,0,5568,8320,457600,168576,133504,112960,1004352,0,1408,452224,0,0,0,0,0,0,192,128,68224,3712,25152,0,0,0,71040,128,501,1162,3391524385,3454907336,996032,0
658,1116416,153280,188928,0,4160,7936,472896,240192,49024,29184,1087232,0,1472,467584,0,0,0,0,0,0,448,192,131584,6848,25536,0,0,0,75456,128,519,1213,1284004648,2753143911,1079296,0
659,1677312,248128,187968,0,4224,7744,514880,180992,533376,513088,1164224,41600,1408,509504,111424,0,12736,83200,1,1,384,128,68544,3776,35648,0,21888,64,50432,128,514,1185,1859971961,1795111328,1156480,0
660,1116608,156096,189312,0,10752,7680,459264,259392,34112,13952,1102656,0,1408,453760,0,0,0,0,0,0,448,320,132224,7104,40640,0,0,0,78528,128,531,1239,2457498775,712667500,1094976,0
661,1676928,193344,188224,0,6528,7488,518656,269376,493312,473216,1203712,4928,1408,513280,49600,0,11776,0,0,1,384,256,100352,5312,42176,0,22784,640,97344,128,538,1269,1140676884,2322709789,1196224,0
662,1677376,167424,187584,0,7296,29440,420736,303872,561024,540672,1136704,0,1280,415360,0,0,0,0,0,0,320,320,131712,7360,42496,0,0,0,121536,128,543,1284,2224445938,2268999462,1107264,0
663,1116864,157056,189312,0,5376,8064,458176,267840,31040,11136,1105728,0,1408,452608,0,0,0,0,0,0,448,384,100672,5568,41728,0,0,0,118912,128,541,1278,200818971,1157767992,1097664,0
664,1676992,166720,188288,0,5056,8320,432960,299328,576320,556224,1120768,0,1408,427520,0,0,0,0,0,0,448,320,131072,7488,37696,0,0,0,122176,128,548,1296,2960393482,329779662,1112448,0
665,1677248,245248,188160,0,6720,7872,579904,272960,376384,356224,1321024,65344,1472,574464,122688,0,12736,80320,1,1,256,192,99264,4864,46848,0,22336,13696,85376,128,535,1264,1105584257,2198006112,1313152,0
666,1116800,155200,188096,0,5568,7808,408576,307520,44032,24384,1092416,0,1344,403072,0,0,0,0,0,0,320,256,131904,7232,45504,0,0,0,122176,128,540,1282,239722243,413935254,1084608,0
667,1116864,156800,188800,0,3776,7680,409408,215232,135168,115008,1001856,0,1408,403968,0,0,0,0,0,0,448,256,100096,5312,35648,0,0,0,73344,128,529,1224,559373605,745627316,994176,0
668,1116928,156160,187584,0,3776,7744,435648,247424,78592,58624,1058304,0,1408,430272,0,0,0,0,0,0,512,256,132672,7360,30272,0,0,0,76224,128,540,1255,3783522468,3359379184,1050560,0
669,1676992,161984,188352,0,11072,7872,683008,218880,405824,385920,1291072,40576,1408,677568,105152,0,11712,0,1,1,448,192,100864,5440,38720,0,22144,576,50368,128,544,1258,3377415886,2552614829,1283200,0
670,1677184,177216,188544,0,11456,8192,714560,323392,253824,233984,1443200,48320,1408,709120,94976,0,12608,20288,1,1,320,256,131008,7168,61632,0,24576,576,97728,128,578,1379,1861413829,2998067228,1435008,0
671,1116928,142144,188480,0,4288,7680,366976,323072,84288,64512,1052416,0,1408,361664,0,0,0,0,0,0,512,256,131712,7424,61056,0,0,0,121984,128,578,1375,2807052900,288975099,1044736,0
672,1116928,142208,188480,0,4224,7936,374400,321152,78528,53248,1063680,0,1344,368960,0,0,0,0,0,0,384,256,131776,6976,61504,0,0,0,120128,128,588,1398,16909356,2736563260,1055744,0
673,1116864,142272,192128,0,7360,8256,368832,314240,83776,63232,1053632,0,1408,363584,0,0,0,0,0,0,448,320,131904,7232,52672,0,0,0,121536,128,582,1385,3767471434,2292558,1045376,0
674,1677120,198400,186816,0,8000,7744,465984,313472,496704,476480,1200640,60224,1472,460608,108416,0,14208,34368,1,1,320,384,130688,7488,53312,0,24256,1216,95680,128,577,1368,2430969154,1437317710,1192896,0
675,1117056,157952,188480,0,7488,28992,373440,240000,120704,100352,1016704,0,1408,368000,0,0,0,0,0,0,320,128,69056,4032,49792,0,0,0,116544,128,557,1301,238170317,4281648381,987712,0
676,1116736,161408,188672,0,6912,7936,383424,197312,171072,151296,965440,0,1408,377920,0,0,0,0,0,0,192,128,67776,3584,53184,0,0,0,72320,128,534,1232,1768381852,2524503018,957504,0
677,1116800,163840,188416,0,5248,21952,330944,118912,287488,267712,849088,0,1408,325568,0,0,0,0,0,0,0,0,0,0,51264,0,0,0,67520,128,533,1232,3268958589,3838676590,827136,0
678,1116928,161344,188672,0,3776,7808,338304,115328,301696,281792,835136,0,1472,333056,0,0,0,0,0,0,0,0,0,0,46528,0,0,0,68672,128,528,1219,3514626049,1079873594,827328,0
679,1116928,181120,189056,0,3840,7680,421440,105024,208768,188992,927936,4992,1344,416128,41920,0,9728,0,0,1,0,0,0,0,38848,0,19456,128,46464,128,527,1211,2495408057,482013771,920256,0
680,1116800,180672,188608,0,3776,7616,450304,104960,180864,161024,955776,60992,1408,445056,106880,0,12416,0,1,1,0,0,0,0,38016,0,23040,128,43648,128,525,1199,3705556849,55355481,948160,0
681,1117056,162880,188480,0,3776,7808,327744,104768,321600,301696,815360,0,1472,322304,0,0,0,0,0,0,0,0,0,0,38080,0,0,0,66560,128,522,1186,44122484,1602649916,807552,0
682,1116992,161536,188288,0,3840,7808,398144,114752,242624,222464,894528,0,1344,392832,0,0,0,0,0,0,0,0,0,0,47488,0,0,0,67136,128,512,1167,581796439,1250258239,886720,0
683,1116608,207872,187968,0,10688,7872,524992,125312,51904,31936,1084672,54592,1344,519616,101440,0,12928,18496,1,1,0,0,0,0,56960,0,24704,1024,42496,128,512,1192,3768674599,3335091507,1076800,0
684,1117248,192384,189376,0,5184,7680,393792,116928,211904,191872,925376,0,1408,388480,0,0,0,0,0,0,0,0,0,0,49600,0,0,0,67200,128,525,1219,4031907059,3274908015,917696,0
685,1116672,184704,187648,0,6272,8192,352512,103680,273664,253888,862784,0,1344,347200,0,0,0,0,0,0,0,0,0,0,36672,0,0,0,66880,128,516,1207,4241947487,2022237198,854592,0
686,1677248,290880,188352,0,3968,22272,714368,119936,337472,317376,1359872,39232,1344,709056,95360,0,11968,82880,1,1,0,0,0,0,51200,0,22464,192,45952,128,519,1222,938550918,3157883364,1337600,0
687,1116800,201600,188864,0,4160,8064,379136,118848,216128,196544,920256,0,1408,373888,0,0,0,0,0,0,0,0,0,0,51008,0,0,0,67712,128,519,1221,4188242448,3031452009,912192,0
688,1116864,200960,188672,0,3968,21760,373952,120896,206656,181568,935296,0,1408,368448,0,0,0,0,0,0,0,0,0,0,52864,0,0,0,67904,128,513,1231,3297774314,1284512508,913536,0
689,1116992,201536,188608,0,6272,8512,365376,117632,229056,208832,908160,0,1344,360128,0,0,0,0,0,0,0,0,0,0,49856,0,0,0,67648,128,517,1227,3917876752,3274760375,899648,0
690,1116736,191168,187968,0,6208,29440,318464,116480,267008,246976,869760,0,1408,313088,0,0,0,0,0,0,0,0,0,0,49472,0,0,0,66880,128,522,1232,59711531,4064527263,840320,0
691,1117184,149504,187456,0,5312,7808,533056,120448,113600,93504,1023680,0,1408,527616,0,0,0,0,0,0,0,0,0,0,52416,0,0,0,67904,128,515,1209,3477134985,624281215,1015872,0
692,1677056,225792,188224,0,3840,8000,635200,168896,447104,426944,1250112,40896,1408,629824,109184,0,11648,52928,1,1,0,0,0,0,54848,0,21504,13184,79232,128,537,1288,2100147702,1236583647,1242112,0
693,1116736,165056,188288,0,3904,7744,362624,168192,220928,200896,915840,0,1408,357312,0,0,0,0,0,0,0,0,0,0,54976,0,0,0,113088,128,533,1288,3974431300,3915180446,908096,0
694,1116864,151872,188416,0,7040,7872,459520,165760,136384,116544,1000320,0,1408,454080,0,0,0,0,0,0,0,0,0,0,53952,0,0,0,111680,128,532,1275,664011241,1508008056,992448,0
695,1677440,206016,188288,0,4992,22080,584256,160384,511424,491520,1185920,4928,1408,578944,50432,0,11776,31872,0,1,0,0,0,0,48384,0,24256,128,87488,128,546,1281,1667128533,3626796923,1163840,0
696,1116608,175424,188864,0,3968,22144,368640,165696,191872,172160,944448,0,1344,363392,0,0,0,0,0,0,0,0,0,0,51840,0,0,0,113728,128,547,1279,2117477402,1152451048,922304,0
697,1117120,147136,188672,0,3968,22144,347840,160832,246528,226496,890624,0,1472,342528,0,0,0,0,0,0,0,0,0,0,48448,0,0,0,112256,128,535,1265,798961152,448160581,868480,0
698,1116992,161856,188352,0,3904,7744,372800,110912,271424,251328,865664,0,1408,367488,0,0,0,0,0,0,0,0,0,0,44096,0,0,0,66688,128,521,1235,3835698461,1017422512,857920,0
699,1116864,171264,188416,0,3840,7616,400000,110720,235008,214912,901952,0,1472,394624,0,0,0,0,0,0,0,0,0,0,44096,0,0,0,66496,128,518,1216,2397779617,4284439043,894336,0
700,1117056,163072,188416,0,3968,7744,359744,111936,282176,262144,854912,0,1408,354368,0,0,0,0,0,0,0,0,0,0,44352,0,0,0,67456,128,532,1233,277374034,75632641,847168,0
701,1116736,138048,187968,0,3840,7680,404416,110784,264000,244160,872576,0,1472,398976,0,0,0,0,0,0,0,0,0,0,44544,0,0,0,66112,128,553,1265,3197588175,2482733693,864896,0
702,1117120,138432,188160,0,3776,8064,405952,108352,264384,244032,873088,0,1408,400576,0,0,0,0,0,0,0,0,0,0,41920,0,0,0,66304,128,551,1254,3299085587,3417692951,865024,0
703,1116672,138240,187456,0,3840,7808,396992,108928,273408,253184,863488,0,1408,391808,0,0,0,0,0,0,0,0,0,0,41536,0,0,0,67264,128,534,1221,440305044,1252834067,855680,0
704,1116928,138496,187648,0,3840,29504,386688,96256,274496,248960,867968,0,1408,381248,0,0,0,0,0,0,0,0,0,0,29952,0,0,0,66176,128,536,1231,3794103161,612157049,838464,0
705,1117056,139328,188224,0,3776,7680,406464,95552,276032,255872,861184,0,1408,400960,0,0,0,0,0,0,0,0,0,0,29952,0,0,0,65472,128,530,1223,2871713480,1782621647,853504,0
706,1677056,221824,188160,0,10368,7744,655936,137472,455552,435456,1241600,45568,1472,650624,151872,0,21696,52864,1,2,0,0,0,0,23936,0,40384,13888,59136,128,542,1246,3465018093,578786488,1233856,0
707,1116800,138432,188608,0,4032,22016,413760,142592,207360,187328,929472,0,1344,408448,0,0,0,0,0,0,0,0,0,0,30464,0,0,0,112000,128,542,1244,3208917666,1521273378,907456,0
708,1117056,168000,188032,0,10624,7616,543808,162432,36544,16384,1100672,42432,1472,538496,84160,0,12416,0,1,1,0,0,0,0,29760,0,19776,128,112640,128,541,1244,447944588,198137001,1093056,0
709,1677248,169280,188352,0,4160,7808,859584,146880,301184,280896,1396352,215488,1408,854208,315008,0,17408,0,0,1,0,0,0,0,35584,0,69184,2560,39424,128,533,1241,4186127059,545783947,1388544,0
710,1676928,168960,187456,0,14336,8320,715584,145600,436672,416704,1260224,55808,1344,710144,141248,0,23296,21568,1,2,0,0,0,0,34624,0,46976,640,63232,128,480,1133,2976464412,2384453161,1251904,0
711,1116928,156992,187456,0,7488,7744,537344,144896,75008,54976,1061952,0,1408,531968,0,0,0,22208,0,0,0,0,0,0,34752,0,0,0,110016,128,476,1119,116896635,1415245278,1054208,0
712,1116864,130432,187520,0,5504,7808,527744,97920,159936,139712,977152,0,1472,522240,0,0,0,0,0,0,0,0,0,0,32896,0,0,0,64896,128,456,1059,4252392684,286548951,969344,0
713,1117056,132480,188288,0,5952,8128,411456,98240,272512,252352,864704,0,1408,406016,0,0,0,0,0,0,0,0,0,0,33088,0,0,0,65024,128,464,1081,1275702669,4026785597,856576,0
714,1116864,131328,188288,0,7168,7872,470272,98368,213568,193408,923456,0,1408,464960,0,0,0,0,0,0,0,0,0,0,33344,0,0,0,64896,128,464,1078,943514777,1814092047,915584,0
715,1116992,131776,190016,0,3712,7936,374528,98304,310720,290496,826496,0,1344,369152,0,0,0,0,0,0,0,0,0,0,33024,0,0,0,65152,128,461,1067,2318516222,2790597853,818560,0
716,1116992,132032,187392,0,3712,8192,342336,99264,344064,323968,793024,0,1472,336960,0,0,0,0,0,0,0,0,0,0,32960,0,0,0,66176,128,465,1088,395600485,4048602829,784832,0
717,1677440,182528,188224,0,18624,7872,690944,113344,475904,454976,1222464,106560,1408,685632,220352,0,28352,30400,2,2,128,64,4736,2240,38912,0,46208,1152,19776,128,468,1082,955990032,2905295873,1214592,0
718,1116608,132736,189824,0,3968,29760,391872,125184,243264,223104,893504,0,1280,386560,0,0,0,0,0,0,128,128,4672,2304,50880,0,0,0,66944,128,487,1133,2555674304,2085088708,863744,0
719,1677056,241088,188480,0,3904,7872,766464,131712,337536,317312,1359744,114240,1408,761024,222528,0,25408,81792,2,2,128,64,4736,2240,56832,0,52864,14528,192,128,486,1134,892808102,3967558732,1351872,0
720,1116608,136064,187328,0,3968,7872,565888,136256,79232,54336,1062272,0,1408,560576,0,0,0,0,0,0,128,128,4672,2240,62272,0,0,0,66688,128,469,1100,2187158953,428218133,1054400,0
721,1116608,126912,187584,0,11136,7872,568256,169600,45248,25600,1091008,0,1408,562752,0,0,0,0,0,0,192,128,52288,2048,47552,0,0,0,67264,128,473,1101,992455612,4005854618,1083136,0
722,1116992,126208,187648,0,4032,7616,517440,149824,124224,104256,1012736,0,1344,512192,0,0,0,0,0,0,192,64,36608,1920,42368,0,0,0,68544,128,461,1074,141710278,1200668564,1005120,0
723,1116992,127104,187520,0,3968,7872,568768,150656,71104,51200,1065792,0,1408,563328,0,0,0,0,0,0,192,64,36544,2112,42880,0,0,0,68736,128,436,999,518419134,3464555999,1057920,0
724,1677248,158592,187392,0,6272,8000,603328,147008,566656,546560,1130688,0,1408,597888,0,0,0,21504,0,0,192,64,36928,1984,38976,0,0,0,68736,128,438,1010,1069231818,835319687,1122688,0
725,1116672,126656,187648,0,6528,7744,540608,136512,110976,90944,1025728,0,1408,535296,0,0,0,0,0,0,128,64,36032,1984,30656,0,0,0,67520,128,447,1021,128693196,1507535699,1017984,0
726,1677184,233088,187648,0,3968,7552,587776,139072,518080,498112,1179072,0,1408,582464,0,0,0,76288,0,0,192,64,36544,1920,30976,0,0,0,69248,128,487,1114,3848805479,2200160615,1171520,0
727,1116928,142848,188928,0,6272,7936,513728,139200,118016,98240,1018688,0,1408,508480,0,0,0,0,0,0,192,64,36672,1984,31296,0,0,0,68864,128,491,1131,1581217831,1465682581,1010752,0
728,1116992,143040,188288,0,5248,7616,500032,138176,134592,114624,1002368,0,1408,494656,0,0,0,0,0,0,192,64,36416,1984,30720,0,0,0,68672,128,503,1151,4171730748,1487461615,994752,0
729,1677248,177856,188160,0,3968,21696,795584,160896,329088,308672,1368576,54592,1344,790208,99712,0,11840,0,1,1,192,64,36544,2112,51712,0,24256,128,45760,128,493,1148,2500482990,307398791,1346880,0
730,1116736,158144,188352,0,3968,21696,452480,164864,127232,107136,1009600,0,1472,447104,0,0,0,0,0,0,128,128,36864,2048,54080,0,0,0,71488,128,493,1132,1591038165,1303946299,987904,0
731,1116992,145792,189376,0,4032,43328,419264,164416,150784,130816,986176,0,1408,413824,0,0,0,0,0,0,192,64,36672,1856,53952,0,0,0,71552,128,481,1110,1290591825,3635646812,942848,0
732,1116736,146624,187840,0,3968,7808,425792,158720,185984,165696,951040,0,1408,420608,0,0,0,0,0,0,192,64,36928,2048,47104,0,0,0,72256,128,490,1141,3704176681,1866832770,943232,0
733,1676736,185536,187712,0,3968,7680,564224,166208,561408,541632,1135104,8320,1408,558848,90560,0,21120,0,0,2,192,64,36224,1792,48640,0,46336,640,32192,128,519,1185,3338651127,1131062485,1127424,0
734,1117056,157440,187200,0,4864,7808,467200,157504,135040,115200,1001856,0,1408,461824,0,0,0,0,0,0,128,128,36544,1984,46720,0,0,0,71872,128,521,1196,1951530718,3131761514,994048,0
735,1116992,142464,187840,0,3968,7744,450432,156416,168128,148096,968896,0,1472,444992,0,0,0,0,0,0,128,128,36672,1984,45056,0,0,0,72320,128,517,1181,2431212165,3560951827,961152,0
736,1116736,153920,188544,0,4032,7680,493632,154624,114304,89088,1027648,0,1408,488320,0,0,0,0,0,0,192,64,36480,2048,42880,0,0,0,72832,128,496,1149,3350912605,434732402,1019968,0
737,1677120,153216,190208,0,17344,22272,647872,156032,490176,470400,1206720,43456,1408,642496,110400,0,13696,0,1,1,192,64,37888,1856,42880,0,28864,128,44032,128,483,1119,1784402204,2619036636,1184448,0
738,1116928,137792,188864,0,4096,7744,499584,142656,136192,116224,1000704,0,1408,494208,0,0,0,0,0,0,128,128,37504,2112,30912,0,0,0,71744,128,493,1133,5013277,1361915487,992960,0
739,1117248,138112,188352,0,4032,7744,458368,141440,179200,159296,957952,0,1408,452992,0,0,0,0,0,0,192,64,37760,1984,30720,0,0,0,70592,128,488,1133,1333444616,1819147958,950208,0
740,1116800,138624,187904,0,6528,7616,423936,140800,211392,190784,926016,0,1408,418560,0,0,0,0,0,0,128,128,37376,2048,30784,0,0,0,70208,128,502,1143,4045021871,4194262022,918400,0
741,1116672,139712,188096,0,6912,7936,412608,141184,220224,200128,916544,0,1408,407232,0,0,0,0,0,0,128,64,38016,2112,30784,0,0,0,69952,128,520,1191,232202408,1786399379,908608,0
742,1117056,139200,189184,0,5504,7872,408768,139392,227136,206912,910144,0,1408,403456,0,0,0,0,0,0,192,128,37632,1984,30464,0,0,0,68864,128,517,1188,3087377710,967577923,902272,0
743,1116864,139392,188608,0,3840,7680,402304,135616,239424,219392,897472,0,1408,397056,0,0,0,0,0,0,128,64,37760,2112,26624,0,0,0,68800,128,500,1149,888780094,2804260420,889792,0
744,1116864,328000,188800,0,3968,7744,432448,124800,31104,10944,1105920,0,1344,427072,0,175360,0,0,0,0,128,128,38144,1856,14720,0,0,0,69696,128,509,1206,545661873,2935102301,1098176,0
745,1116992,140096,188032,0,3840,8064,403904,123136,249920,230144,886848,0,1408,398592,0,0,0,0,0,0,128,128,37312,2048,14912,0,0,0,68480,128,508,1193,1420703582,2496714056,878784,0
746,1677248,175488,188224,0,3840,28864,719360,124288,437184,417216,1260032,80512,1344,714112,171904,0,25408,0,2,3,192,64,37696,1984,14912,0,47360,256,21760,64,503,1165,3300775176,3685545581,1231168,0
747,1117440,172928,188288,0,6144,8064,575808,144704,21504,1728,1115712,36992,1408,570304,122624,0,23168,0,1,2,128,64,37184,2048,14656,0,46464,192,43840,128,507,1184,123991172,2245445171,1107648,0
748,1676800,220224,187904,0,11712,7936,723456,98176,427392,406848,1269952,100800,1344,718144,225088,0,28160,46336,2,4,0,0,0,0,12928,0,55488,19200,10496,64,387,929,3455188838,1982184760,1262016,0
749,1116736,113216,188224,0,4992,7872,495104,97728,209600,190016,926720,0,1408,489664,0,0,0,0,0,0,0,0,0,0,13824,0,0,0,83776,128,389,929,2463965572,314319744,918848,0
750,1116928,112960,189184,0,6720,8000,468864,97088,234112,214016,902912,0,1344,463552,0,0,0,0,0,0,0,0,0,0,13056,0,0,0,83904,128,382,913,2254191729,1893445034,894912,0
751,1116864,112832,189632,0,6656,7744,468928,97216,233856,213568,903296,0,1408,463488,0,0,0,0,0,0,0,0,0,0,12928,0,0,0,84160,128,382,912,4061861224,397459458,895552,0
752,1116672,112960,188992,0,4352,7936,468864,97600,235968,210752,905920,0,1408,463360,0,0,0,0,0,0,0,0,0,0,13632,0,0,0,83840,128,381,913,3799832689,2129513246,897984,0
753,1117056,113408,189056,0,2368,7680,489600,97728,217216,197440,919616,0,1408,484224,0,0,0,0,0,0,0,0,0,0,13504,0,0,0,84096,128,384,923,1581750911,944066821,911936,0
754,1116992,113664,188672,0,4096,9152,476992,97024,227392,206016,910976,0,1472,470080,0,0,0,0,0,0,0,0,0,0,12800,0,0,0,84096,128,378,915,2460680686,276930659,901824,0
755,1116800,113408,188032,0,2304,7744,470208,98048,237056,217088,899712,0,1344,464832,0,0,0,0,0,0,0,0,0,0,13696,0,0,0,84224,128,380,913,300831504,671853312,891968,0
756,1117120,113664,188608,0,2304,7680,469824,97024,238016,217856,899264,0,1408,464384,0,0,0,0,0,0,0,0,0,0,13568,0,0,0,83328,128,382,916,3709134542,868590898,891584,0
757,1116608,113856,187968,0,2304,7744,469120,96960,238656,218688,897920,0,1472,463744,0,0,0,0,0,0,0,0,0,0,13376,0,0,0,83456,128,384,922,2681072006,2378862117,890176,0
758,1677056,318976,188288,0,2368,7680,591424,96704,471616,451584,1225472,46656,1408,586176,94464,190336,13824,0,1,1,0,0,0,0,13056,0,25152,128,58240,128,383,919,734839053,4263245041,1217792,0
759,1116928,113984,189248,0,2368,7936,461440,96384,245568,225664,891264,0,1408,455872,0,0,0,0,0,0,0,0,0,0,13248,0,0,0,83008,128,380,912,1410566185,464805700,883328,0
760,1116928,147456,188352,0,9984,28992,544384,76160,121600,101248,1015680,46208,1408,538944,137344,0,24256,0,1,2,0,0,0,0,12544,0,51072,768,11712,64,380,907,1340412405,2751677073,986688,0
761,1116736,113152,187648,0,3712,7552,361856,76224,366592,346560,770176,0,1408,356544,0,0,0,0,0,0,0,0,0,0,12224,0,0,0,63872,128,372,891,1113691851,3204605738,762624,0
762,1116800,114048,187968,0,6016,8064,376960,75584,348160,328192,788608,0,1408,371584,0,0,0,0,0,0,0,0,0,0,12032,0,0,0,63424,128,378,899,3268796822,804283846,780544,0
763,1116992,113408,187904,0,6016,7808,356352,75968,369536,349376,767616,0,1280,351040,0,0,0,0,0,0,0,0,0,0,12672,0,0,0,63168,128,376,899,3891028808,1171198541,759808,0
764,1116928,127104,187520,0,4288,7744,402816,75456,312000,291968,824960,4992,1408,397568,50944,0,11200,0,0,1,0,0,0,0,12416,0,26304,512,36096,128,389,922,2329179643,2396199983,817216,0
765,1117056,143744,187584,0,2432,7680,397824,76032,301760,281664,835392,5120,1472,392512,47040,0,10432,0,0,1,0,0,0,0,12736,0,22848,128,40192,128,393,928,1619684254,2445148024,827712,0
766,1116992,113408,187776,0,2368,7680,340544,75776,389440,366336,750656,0,1408,335168,0,0,0,0,0,0,0,0,0,0,12672,0,0,0,62976,128,389,918,1102837714,2637598907,742976,0
767,1116736,112576,187776,0,2368,22144,362560,76608,352704,332736,784000,0,1408,357248,0,0,0,0,0,0,0,0,0,0,12736,0,0,0,63744,128,386,911,859485237,2303055079,761856,0
768,1117120,135040,188224,0,3776,8000,572928,97408,111744,86592,1030528,86848,1472,567488,181504,0,29184,0,2,2,0,0,0,0,13312,0,44800,640,38528,128,386,916,3774558715,247128528,1022528,0
769,1116864,133696,188928,0,3712,7680,411392,97088,274368,254144,862720,0,1408,406208,2880,0,0,0,0,1,0,0,0,0,13120,0,0,64,83776,128,386,922,46520535,3295391544,855040,0
770,1116928,126144,188800,0,3840,22400,585344,97984,92416,70592,1046336,57152,1408,579840,104640,0,12608,0,1,1,0,0,0,0,13056,0,25344,512,58944,128,403,933,1566124974,4083973230,1023936,0
771,1116928,112576,188864,0,5952,7808,531392,97600,172736,152704,964224,0,1408,526080,0,0,0,0,0,0,0,0,0,0,13184,0,0,0,84288,128,403,929,2529938878,261963863,956416,0
772,1116928,112256,188736,0,5952,22336,497600,97984,192064,172032,944896,0,1472,492224,0,0,0,0,0,0,0,0,0,0,13184,0,0,0,84672,128,402,930,2482200613,1769850903,922560,0
773,1678784,347008,187584,0,17728,12160,658112,147968,308224,276416,1402368,4992,1408,652608,74496,224064,9728,0,0,1,0,0,0,0,14720,0,23488,3072,106560,128,425,1009,2129837691,840566576,1390208,0
774,1676992,334336,195200,0,4416,39936,536000,491200,75904,48000,1628992,0,1408,530688,0,206272,0,0,0,0,128,64,336640,2176,15296,24192,0,0,136768,128,421,1004,3142770743,4285645083,1589056,0
775,1676800,123840,195904,0,4736,11584,572544,211520,556672,535488,1141312,0,1408,567168,0,0,0,0,0,0,192,64,55680,2176,15552,0,0,0,137728,128,417,990,879839868,2671417890,1129728,0
776,1677184,113344,188480,0,3968,12288,593792,212992,552320,531008,1146176,0,1408,588416,0,0,0,0,0,0,128,128,56000,2112,15616,0,0,0,138880,128,420,997,2321648693,2916538048,1133888,0
777,1677632,113536,187968,0,3904,11968,603648,211584,545024,522880,1154752,0,1472,598208,0,0,0,0,0,0,128,128,55744,2240,15424,0,0,0,137792,128,424,1005,3355556016,3527326123,1142784,0
778,1676736,161472,187392,0,4032,7744,697920,149952,468224,446592,1230144,37760,1408,692672,77568,0,11712,0,1,1,0,0,0,0,14272,0,20160,576,114816,128,511,1180,2637680833,3448699231,1222400,0
779,1675456,139072,188160,0,3968,7808,690624,134464,511360,491392,1184064,0,1408,685248,0,0,0,0,0,0,0,0,0,0,45248,0,0,0,89088,128,508,1181,58139752,1442767141,1176256,0
780,1677120,191168,188736,0,4096,7808,666304,124800,494208,474240,1202880,55616,1408,660864,145536,0,26048,0,1,2,0,0,0,0,33152,0,46400,256,44864,128,522,1189,3582339692,812218176,1195072,0
781,1116928,169472,189120,0,4160,7680,575872,104768,65856,45760,1071168,44672,1408,570304,95168,0,13056,0,1,1,0,0,0,0,33408,0,24192,2560,44480,128,528,1204,1662345459,1964770508,1063488,0
782,1116992,139072,187584,0,6720,7744,486720,104704,184448,164544,952448,0,1472,481408,0,0,0,0,0,0,0,0,0,0,35328,0,0,0,69248,128,533,1205,1914948491,390734224,944704,0
783,1677120,210432,186368,0,15040,7872,794368,221952,241088,220928,1456192,78592,1408,789056,169216,0,27392,30784,2,2,192,64,110144,1920,34304,0,45312,512,29376,128,498,1166,3017005025,2718203361,1448320,0
784,1677120,482624,187776,0,6848,8000,627584,216704,147584,127296,1549824,47104,1408,622208,96704,289344,12928,0,1,3,192,64,108672,1792,33792,0,22400,640,49024,128,492,1150,2196883159,1026699043,1541824,0
785,1117120,137536,188992,0,5056,29056,497472,216064,42944,17216,1099904,0,1472,492032,0,0,0,0,0,0,192,64,108544,1792,34496,0,0,0,70848,128,495,1158,1935201015,199046134,1070848,0
786,1116480,161152,187968,0,3712,7808,499072,215872,40896,21056,1095424,0,1408,493504,0,0,0,18944,0,0,192,64,109248,1792,34560,0,0,0,69888,128,495,1160,2088972195,709757055,1087616,0
787,1117184,138880,188864,0,5952,7936,464896,192960,117696,97792,1019392,0,1408,459712,0,0,0,0,0,0,256,64,108224,1792,14144,0,0,0,68352,128,485,1114,1781023516,591366526,1011456,0
788,1116800,138560,188288,0,5888,7744,479936,195840,100544,80256,1036544,0,1344,474496,0,0,0,0,0,0,128,64,108992,1920,14208,0,0,0,70400,128,488,1122,800092821,605573937,1028800,0
789,1116736,138752,188288,0,4352,7936,489408,192768,95232,75264,1041472,0,1408,484032,0,0,0,0,0,0,192,64,107840,1920,14336,0,0,0,68288,128,488,1121,2021581773,3997811392,1033536,0
790,1116928,139136,188800,0,2368,7936,473984,78016,226688,206784,910144,0,1408,468608,0,0,0,0,0,0,0,0,0,0,13376,0,0,0,64512,128,485,1110,3631707915,1249279609,902208,0
791,1116864,152192,188288,0,2304,7744,535360,78208,152768,132864,984000,40064,1536,529920,84672,0,12672,0,1,1,0,0,0,0,12928,0,24704,448,40000,128,485,1100,2652412807,3833712347,976256,0
792,1677376,195520,187648,0,10304,8320,804992,111936,358656,338688,1338688,146688,1408,799616,287616,0,40064,0,3,3,0,0,0,0,36672,0,67840,1408,5888,128,491,1123,999252572,1574167565,1330368,0
793,1116672,142336,188416,0,4544,8128,429120,108800,235328,215808,900864,0,1408,423808,0,0,0,0,0,0,0,0,0,0,41472,0,0,0,67200,128,497,1140,2859601309,2368190256,892736,0
794,1116992,142080,188416,0,3840,7808,460160,108352,206336,186368,930624,0,1344,454784,0,0,0,0,0,0,0,0,0,0,41856,0,0,0,66368,128,497,1144,2743855593,3138739626,922816,0
795,1116928,142464,188864,0,3712,8128,402880,100032,270848,250880,866048,0,1472,397440,0,0,0,0,0,0,0,0,0,0,34624,0,0,0,65280,128,499,1137,3853622558,3356523685,857920,0
796,1117184,143744,187008,0,3712,7872,372288,98560,304000,283904,833280,0,1472,366848,0,0,0,0,0,0,0,0,0,0,33216,0,0,0,65216,128,504,1144,318750719,1995128686,825408,0
797,1676800,164160,193152,0,11840,22464,586880,301056,397248,371776,1305024,50560,1408,581504,92544,0,11392,0,1,1,128,183168,192,2304,44032,24384,22336,768,48000,128,530,1211,1185766822,3876278589,1282560,0
798,1677376,228224,195584,0,25088,21760,737216,233984,235520,215232,1462144,17728,1408,732096,117824,0,22592,48192,0,1,320,54656,53824,3712,48064,0,38464,21312,13504,128,530,1181,4009633200,2739409822,1440384,0
799,1116864,143552,187264,0,4160,43584,438720,236480,63104,42816,1074048,0,1344,433344,0,0,0,0,0,0,192,54528,54144,3712,51200,0,0,0,72576,128,523,1171,1794301756,1507217332,1030464,0
800,1116864,142848,188928,0,4288,22208,416896,235200,106496,86976,1029888,0,1408,411584,0,0,0,0,0,0,192,55168,54016,3840,49216,0,0,0,72640,128,525,1172,1707462451,3259201254,1007680,0
801,1116864,154624,188416,0,4160,7616,421632,233408,107008,87104,1029760,0,1408,416320,0,0,0,0,0,0,256,54784,54400,3520,47360,0,0,0,72960,128,536,1204,1663155824,2104286493,1022144,0
802,1676992,196672,188032,0,18176,22080,777984,276480,197568,172224,1504768,182464,1280,772608,301952,0,27136,0,2,2,256,53312,54272,3648,46656,0,45568,1280,71360,128,551,1245,3073169044,2192230990,1482688,0
803,1677184,147264,187392,0,7424,7744,511168,279488,536704,516480,1160704,0,1408,505984,0,0,0,0,0,0,256,52032,54592,3904,51648,0,0,0,116928,128,523,1217,1310958003,773287522,1152960,0
804,1677056,177856,187904,0,13760,22208,576832,320448,378048,357824,1319232,4928,1344,571456,49088,0,10624,18368,0,1,256,51264,53952,4160,51968,0,24704,576,133440,128,541,1267,818143763,1931575175,1297024,0
805,1676992,187328,186688,0,12672,7872,553024,329088,400320,380224,1296768,4928,1408,547648,51840,0,9664,0,0,1,192,52288,55616,3840,57856,0,22144,256,136768,128,548,1279,2756924886,482710759,1288896,0
806,1116992,140544,189696,0,4352,7808,415296,332608,26688,6720,1110272,0,1408,409920,0,0,0,0,0,0,256,52224,55168,3840,61632,0,0,0,159360,128,542,1265,478020721,2159118460,1102464,0
807,1118528,138752,187968,0,4352,12416,391040,314304,69696,48064,1070464,0,1344,385664,0,0,0,0,0,0,192,52416,54592,3840,42432,0,0,0,160704,128,542,1267,279816738,2667164587,1058048,0
808,1116800,140800,187776,0,5376,12416,430976,273344,66112,44800,1072000,0,1408,425600,0,0,0,0,0,0,256,52928,54720,3776,41728,0,0,0,119872,64,521,1201,1982708471,2561969665,1059584,0
809,1116928,139584,188928,0,4288,14336,404352,270656,94784,73472,1043456,0,1408,399104,0,0,0,0,0,0,256,45952,55232,3776,41984,0,0,0,123328,128,527,1207,1919259971,2935483229,1029120,0
810,1116800,138816,188224,0,4480,14272,379968,225472,165568,144192,972608,0,1472,374528,0,0,0,0,0,0,192,47040,55296,3520,41856,0,0,0,77440,128,515,1166,4288278117,2541779870,958336,0
811,1116992,138304,188096,0,6464,14592,373760,226304,169472,147840,969152,0,1408,368256,0,0,0,0,0,0,192,47040,54976,3840,42432,0,0,0,77696,128,515,1174,2570835009,2604378699,954560,0
812,1117056,159360,187904,0,8576,35904,466752,225792,32768,10880,1106176,43072,1408,461376,88320,0,13248,0,1,1,192,47744,54656,3904,42112,0,24128,128,52800,128,519,1178,3678464547,1328079544,1070272,0
813,1116544,155200,187648,0,14272,14528,406336,225216,113344,91968,1024576,0,1472,400832,0,0,0,0,0,0,192,47296,55296,4032,41664,0,0,0,76544,192,510,1165,2335215623,782775070,1010048,0
814,1116992,141888,189376,0,7232,14272,395968,225856,142400,120704,996288,0,1408,390528,0,0,0,0,0,0,256,47104,55296,3840,42368,0,0,0,76864,128,511,1154,1099078460,29766209,982016,0
815,1117056,143040,190016,0,4032,14400,393536,225024,147008,125760,991296,0,1472,388288,0,0,0,0,0,0,320,47232,54976,4032,42048,0,0,0,76288,128,513,1149,2399349546,984057158,976896,0
816,1116928,143296,189248,0,3968,14464,370752,225280,169920,148672,968256,0,1344,365504,0,0,0,0,0,0,256,47168,55232,3968,42368,0,0,0,76160,128,510,1141,241828161,2091342360,953792,0
817,1116928,156736,189888,0,3968,14336,376384,225664,149952,128384,988544,0,1408,370944,2816,0,0,0,0,1,256,47424,55104,3904,42496,0,0,64,76288,128,504,1127,2659913936,3716166681,974208,0
818,1676928,175616,188032,0,12096,10624,525504,229824,535232,507904,1169024,53824,1408,520064,111424,0,13184,17984,1,1,128,48064,54912,3968,47872,0,25536,1152,48064,128,499,1123,2764733431,3769516537,1158400,0
819,1116992,152320,193088,0,10624,10752,461120,221120,67968,46656,1070336,0,1408,455680,0,0,0,0,0,0,192,47616,54528,3904,40448,0,0,0,74304,128,507,1123,188499483,1949616632,1059584,0
820,1677312,191232,192512,0,13824,25024,705536,229440,319744,298048,1379264,50368,1408,700160,101184,0,14144,0,1,1,256,47680,54848,3968,46080,0,23488,768,52224,128,507,1126,1491830954,306483487,1354240,0
821,1116608,171392,192960,0,4416,25344,417280,226624,78592,57472,1059136,0,1472,411968,0,0,0,0,0,0,192,46976,55296,4096,43584,0,0,0,76352,128,507,1145,3376292407,2755256417,1033792,0
822,1116928,157568,193024,0,6528,25152,410816,225792,98048,76608,1040320,0,1408,405440,0,0,0,0,0,0,256,47168,55232,3968,43904,0,0,0,75136,128,513,1152,1328434315,3359345846,1015168,0
823,1116992,156224,191680,0,6528,10880,441920,217664,92096,70848,1046144,0,1408,436544,0,0,0,0,0,0,192,46592,54784,3904,36288,0,0,0,75776,128,504,1152,4290830572,783900948,1035264,0
824,1677184,170432,192896,0,10816,12160,524928,182784,583168,561024,1116160,0,1408,519488,0,0,0,0,0,0,64,47616,256,1472,58560,0,0,0,74688,128,519,1263,863830975,1078976823,1104000,0
825,1677184,179072,187968,0,12800,12544,627712,199040,458048,436736,1240448,45824,1408,622272,123200,0,21056,0,1,2,192,46528,256,1536,56320,0,39232,256,54592,128,529,1304,884386141,4114010957,1227904,0
826,1116928,149824,188992,0,4352,28800,497600,191808,55552,33984,1082944,0,1408,492224,0,0,0,0,0,0,128,47232,256,1600,50880,0,0,0,91584,128,490,1217,3206852793,3730406514,1054144,0
827,1675840,168704,188032,0,5376,22336,573888,194944,522560,501952,1173888,0,1408,568512,2944,0,0,0,0,1,192,47296,256,1728,50560,0,0,64,94720,128,472,1173,1650465625,1804165202,1151552,0
828,1676672,138624,187776,0,6784,8256,567680,194176,573376,553344,1123328,0,1408,562496,0,0,0,0,0,0,128,47488,192,1920,52416,0,0,0,91904,128,445,1114,4052356163,2824198883,1115072,0
829,1116864,139072,187968,0,7488,8000,562944,189504,21888,1984,1114880,0,1408,557632,0,0,0,0,0,0,128,47744,192,1728,46976,0,0,0,92608,128,447,1118,2017576550,156294524,1106880,0
830,1116800,138176,188352,0,5376,8064,568064,186368,22400,2368,1114432,0,1408,562816,0,0,0,0,0,0,128,47360,256,1920,45056,0,0,0,91520,128,447,1097,2214075256,4022048133,1106368,0
831,1678656,158336,188032,0,7040,10752,734976,190080,389440,367936,1310720,110464,1408,729728,154304,0,12672,0,1,1,128,48320,192,1600,45312,0,22848,128,71424,128,451,1122,2252613744,3232054730,1299968,0
832,1117056,138560,188416,0,5184,10496,572736,169600,32064,10816,1106240,0,1408,567360,0,0,0,0,0,0,128,47232,192,1600,26752,0,0,0,93568,128,443,1086,4129846581,3412201808,1095744,0
833,1676864,138112,188416,0,3840,10880,594816,171456,569344,548096,1128768,0,1344,589568,0,0,0,0,0,0,128,47616,256,2048,26816,0,0,0,94464,128,440,1057,58418892,2303055079,1117888,0
834,1116736,138048,188288,0,3840,10624,532672,171072,72192,44928,1071808,0,1408,527296,0,0,0,0,0,0,128,47680,256,1984,26880,0,0,0,94016,128,442,1062,3774558715,247128528,1061184,0
835,2797632,887424,188800,0,6080,19136,901120,272960,522112,500544,2297088,111616,1408,895680,334144,671744,38016,0,2,3,320,46656,91520,3712,26560,0,76096,3008,24960,128,469,1139,46520535,3295391544,2277952,0
836,1676864,182144,187584,0,5248,19456,492096,253888,536448,514816,1162048,0,1408,486656,0,0,0,0,0,0,256,47616,72512,3776,27072,0,0,0,102528,128,483,1155,1566124974,4083973230,1142592,0
837,1677824,215296,189760,0,6080,39872,774656,272768,179392,157312,1520512,75584,1408,769280,164096,0,25280,0,2,3,256,47808,77056,3904,39808,0,45632,256,57920,128,489,1183,1210961298,1568505717,1480640,0
838,1676416,181248,189376,0,5056,19072,564224,266816,450624,429120,1247296,0,1408,558720,0,0,0,0,0,0,256,47488,73792,3712,38528,0,0,0,102912,128,488,1181,31311251,4070421216,1228224,0
839,1677120,182144,187904,0,3712,18944,631296,269056,384064,362624,1314496,0,1408,625920,0,0,0,0,0,0,256,47744,74048,3840,39424,0,0,0,103616,128,508,1211,1024504498,3371920524,1295552,0
840,1677056,182400,187648,0,3840,18816,622976,266560,394816,373504,1303552,0,1408,617792,0,0,0,0,0,0,192,47936,74304,3776,37888,0,0,0,102336,128,522,1263,3180100409,1072022197,1284736,0
841,1677248,303936,189440,0,3776,18688,876096,260096,25216,3840,1673408,93824,1408,870912,215744,0,25984,83776,2,2,256,47744,72576,3584,51712,0,47424,2624,34048,128,535,1288,2371247379,176566302,1654720,0
842,1677120,184896,187456,0,11456,20928,501376,262784,508224,486720,1190400,0,1408,496000,0,0,0,0,0,0,256,47296,73024,3712,53760,0,0,0,84608,128,552,1318,2531673177,659968535,1169472,0
843,1677056,198400,188992,0,6272,20992,537664,259648,465088,443712,1233344,0,1472,531776,0,0,0,0,0,0,128,47616,73024,3840,51776,0,0,0,83136,128,593,1423,3657535194,4047285932,1212352,0
844,1677120,258304,188160,0,11136,20736,844416,298624,55744,34176,1642944,87936,1408,838976,192576,0,24896,76288,2,2,256,47744,108800,3968,51584,0,46464,9600,30080,128,573,1371,4000817739,3942856578,1622208,0
845,1677312,175360,187584,0,3776,21056,495360,288128,506048,484544,1192768,0,1408,490176,5824,0,0,0,0,2,320,47104,109568,4032,44160,0,0,128,82688,128,578,1355,4191926162,1995385889,1171712,0
846,1676864,154880,188544,0,4608,19328,488512,280256,540736,519488,1157376,0,1408,483008,0,0,0,0,0,0,256,47424,108544,3712,40192,0,0,0,80000,128,582,1374,1173243794,3297737887,1138048,0
847,1677376,154816,187136,0,4864,19072,514048,291712,505728,484224,1193152,0,1408,508864,0,0,0,0,0,0,320,47808,108672,3776,50048,0,0,0,80960,128,591,1385,1091934102,1153003951,1174080,0
848,1677184,142080,187904,0,3776,39872,510784,292480,500288,478592,1198592,0,1408,505280,0,0,0,0,0,0,256,48064,107904,3648,50752,0,0,0,81728,128,591,1380,3253342534,4152544572,1158720,0
849,1676800,174720,187968,0,5952,19264,643584,331584,313728,292736,1384064,53632,1344,638144,100608,0,14272,0,1,1,384,45952,109248,3520,45568,0,22784,576,103424,128,597,1417,293600310,1906591113,1364800,0
850,1677248,207744,187648,0,17280,19072,727232,211904,306368,279552,1397696,126400,1472,721856,232640,0,25792,20224,2,2,128,46080,192,1728,41088,0,46336,192,76032,128,587,1389,739464508,741601956,1378624,0
851,1117056,142720,188608,0,3904,18880,422464,211648,128832,107200,1009856,0,1408,417088,0,0,0,0,0,0,128,45888,192,1792,41408,0,0,0,122112,128,584,1387,4253612164,3934940659,990976,0
852,1676864,164608,188160,0,3840,19008,484992,252416,563840,542720,1134144,0,1408,479680,0,0,0,0,0,0,192,44416,256,1728,39488,0,0,0,166208,128,597,1430,957766556,1014358319,1115136,0
853,1677312,165952,188352,0,3968,19328,563776,261888,474048,452544,1224768,0,1344,558592,0,0,0,0,0,0,64,44224,256,1728,51456,0,0,0,164032,128,602,1433,2656381014,303393760,1205440,0
854,1677120,154688,187840,0,4096,17024,607360,268736,437376,416000,1261120,0,1408,601920,0,0,0,0,0,0,192,45056,192,1664,57984,0,0,0,163520,128,584,1450,2945263089,3450517898,1244096,0
855,1677248,158016,188096,0,6208,16640,717568,226816,363904,342528,1334720,44352,1472,712128,86400,0,14272,32320,1,1,128,45440,256,1472,55104,0,19648,640,104000,128,408,1042,547099389,2214786043,1318080,0
856,1676864,107712,187008,0,6400,16576,595072,218816,545280,524032,1152832,0,1408,589632,0,0,0,0,0,0,192,45056,192,1920,48064,0,0,0,123264,128,408,1036,2369447330,2979760565,1136256,0
857,1116992,95488,188032,0,3904,31680,542400,219392,36096,14912,1102080,0,1408,537024,0,0,0,0,0,0,192,45504,192,1600,48896,0,0,0,122880,128,402,1024,1246908557,1160428005,1070400,0
858,1676928,138176,188544,0,11712,17024,645824,180544,495104,473920,1203008,48384,1408,640576,105856,0,14464,0,1,1,128,47232,256,1856,52672,0,23744,128,54400,128,390,992,688769403,3390218106,1185984,0
859,1117120,108544,187904,0,6016,37888,532032,184512,60224,38400,1078720,0,1408,526656,0,0,0,0,0,0,128,47360,256,1664,57088,0,0,0,77888,128,381,977,4070188932,678233199,1040832,0
860,1116800,96448,188544,0,3840,16512,543552,186112,81792,58304,1058496,0,1408,538112,0,0,0,0,0,0,192,48064,192,1664,58368,0,0,0,77504,128,386,985,3196603516,2824256043,1041984,0
861,1116928,108288,188864,0,3904,17088,525632,188864,84288,62784,1054144,0,1408,520192,0,0,0,0,0,0,128,47808,192,1856,61248,0,0,0,77504,128,399,1015,889228856,2120966661,1037056,0
862,1117184,108928,197696,0,6080,17024,514688,186816,85952,64320,1052864,0,1408,509312,0,0,0,0,0,0,128,47168,256,1728,57088,0,0,0,80320,128,404,1022,1161983146,2508397152,1035840,0
863,1116608,96320,187264,0,6976,17024,507968,175168,125888,104704,1011904,0,1408,502656,0,0,0,0,0,0,128,47168,192,1728,48192,0,0,0,77632,128,393,995,1673480231,1498753463,994880,0
864,1116928,108032,188032,0,3712,16896,505984,162944,131328,109952,1006976,0,1408,500672,0,0,0,0,0,0,128,46592,192,1600,37376,0,0,0,76928,128,395,1004,1774832305,746722264,990080,0
865,1116864,108800,188992,0,6144,16832,522944,172480,100672,79552,1037312,0,1408,517632,0,0,0,0,0,0,128,47360,256,1664,45312,0,0,0,77632,128,396,1008,1237670821,3178320392,1020480,0
866,1117120,96640,187904,0,3776,16960,515264,171840,124736,98048,1019072,0,1408,509952,0,0,0,0,0,0,128,47360,192,1664,45184,0,0,0,77184,128,397,1011,1582124008,494426117,1002112,0
867,1116864,107904,187200,0,3776,16832,493888,164928,142336,120896,995968,0,1408,488640,0,0,0,0,0,0,128,47296,192,1728,38080,0,0,0,77376,128,403,1020,3411008556,1101157148,979136,0
868,1116736,107968,189248,0,5952,16640,521344,160512,115072,93632,1023104,0,1408,516032,0,0,0,0,0,0,128,47360,192,1664,33600,0,0,0,77440,128,393,1001,175434734,254365274,1006464,0
869,1117056,96448,188032,0,6080,14912,545280,150400,115904,94464,1022592,0,1408,539904,0,0,0,0,0,0,128,47296,192,1664,26880,0,0,0,74112,128,397,1012,1309215150,3571995728,1007680,0
870,1677120,165696,186816,0,2368,19264,585408,154560,563008,541632,1135488,0,1408,580032,0,0,0,0,0,0,128,47680,256,1664,26880,0,0,0,77824,128,569,1347,2019367411,3811890012,1116224,0
871,1677056,155072,186944,0,2368,19008,607872,162496,543296,521920,1155136,0,1344,602496,0,0,0,0,0,0,128,46912,256,1792,36032,0,0,0,77248,128,575,1365,76909131,923494844,1136128,0
872,1677184,156672,186752,0,3712,19008,695936,168512,446592,425344,1251840,44864,1408,690496,88000,0,13120,0,1,1,128,47424,192,1792,40896,0,22336,64,55552,128,575,1362,3590560545,3449803401,1232832,0
873,1677184,168704,188096,0,27968,40128,830400,177728,244160,213760,1463424,56320,3392,817600,123328,0,13312,0,1,1,192,47232,256,1728,50816,0,28544,128,48704,128,585,1404,4109713861,17700980,1423296,0
874,1116864,155456,188160,0,3776,19264,490816,171904,87488,66112,1050752,0,1344,485440,0,0,0,0,0,0,128,47552,192,1664,44736,0,0,0,77504,128,589,1404,2763704797,4261972461,1031488,0
875,1117056,142720,188160,0,3712,18944,478912,173120,111488,89600,1027456,0,1408,473536,0,0,0,0,0,0,128,46592,192,1856,45056,0,0,0,79168,128,587,1398,1925040016,1321379700,1008512,0
876,1116800,155200,189888,0,3776,20736,496320,176192,74688,53120,1063680,0,1344,490944,0,0,0,0,0,0,192,47744,192,1728,47168,0,0,0,79040,128,603,1407,2458996316,1433509,1042944,0
877,1676928,224768,188544,0,11264,35456,733440,192384,291072,269696,1407232,39808,1472,728128,83520,0,11904,18752,1,1,128,47616,192,1792,61504,0,21056,128,59840,128,605,1426,3242778410,1855717186,1371776,0
878,1677248,146048,188544,0,4160,21376,551488,190848,574784,553664,1123584,0,1472,545984,0,0,0,0,0,0,128,47040,256,1792,62208,0,0,0,79296,128,589,1390,1572563767,2253502016,1102208,0
879,1676928,187840,187392,0,20992,35776,734656,203712,306560,285120,1391808,4864,1408,729152,74880,0,11840,0,0,1,256,46912,4480,3712,64384,0,24064,128,59648,128,600,1417,1749452889,3263280027,1356032,0
880,1677184,157888,188288,0,4160,21120,591936,213504,500288,478912,1198272,0,1408,586432,0,0,0,0,0,0,320,47104,4480,3712,76160,0,0,0,81600,128,621,1465,2220844116,3767664663,1177152,0
881,1677120,171456,188352,0,4928,21184,614144,217408,459648,438208,1238912,0,1408,608704,0,0,0,0,0,0,192,47616,4480,3456,80000,0,0,0,81536,128,607,1450,365861022,1626733166,1217728,0
882,1677056,154112,187328,0,4160,20928,607808,246976,455744,429184,1247872,0,1472,602368,0,0,0,0,0,0,256,47168,35904,3776,77120,0,0,0,82624,128,598,1432,157634789,55557719,1226944,0
883,1676864,154304,188480,0,4224,21120,605440,246080,457216,435968,1240896,0,1408,600000,0,0,0,0,0,0,320,47552,36096,3840,75584,0,0,0,82560,128,602,1425,1164631320,261035785,1219776,0
884,1677056,141440,189056,0,6464,21376,609984,239296,469440,448192,1228864,0,1408,604544,0,0,0,0,0,0,384,47488,35776,3712,70144,0,0,0,81664,128,607,1418,2803838424,2900253351,1207488,0
885,1677184,153408,188992,0,7424,42048,574656,236544,474112,452224,1224960,0,1344,569344,0,0,0,0,0,0,192,47616,35840,3648,68288,0,0,0,80832,128,593,1411,1090098974,3610535110,1182912,0
886,1676992,154496,188544,0,6656,21248,585408,229312,491328,469888,1207104,0,1408,580032,0,0,0,0,0,0,192,47104,35840,3584,59072,0,0,0,83392,128,582,1380,33902658,110472558,1185856,0
887,1676928,141632,188544,0,4096,35456,592192,220864,494144,472896,1204032,0,1408,586880,0,0,0,0,0,0,320,47232,35712,3712,51200,0,0,0,82560,128,597,1391,2573463655,4135528703,1168576,0
888,1677312,153472,188928,0,4096,18752,592128,214016,505920,484608,1192704,0,1408,586816,0,0,0,0,0,0,256,47680,36160,3648,44416,0,0,0,81728,128,594,1392,1133637431,3891087166,1173952,0
889,1677184,154624,188224,0,4096,18944,610176,221440,479680,458240,1218944,0,1408,604864,0,0,0,0,0,0,320,47488,35840,3776,52672,0,0,0,81216,128,587,1384,3711663953,923712998,1200000,0
890,1677120,155072,188608,0,4224,19136,698816,224832,386432,364928,1312192,46144,1344,693504,86656,0,12800,0,1,1,256,47360,35776,4224,56128,0,19328,448,61184,128,603,1428,1506337757,677093040,1293056,0
891,1677184,185856,188864,0,13248,17344,690496,221632,359744,338176,1339008,49792,1472,685184,102336,0,12864,18368,1,1,320,47808,35776,3840,53632,0,24192,128,55808,128,585,1413,3140485107,2604498514,1321664,0
892,1677056,153344,188352,0,4224,16960,594432,215680,504064,482560,1194496,0,1344,589120,0,0,0,0,0,0,192,47424,35648,3776,48192,0,0,0,80320,128,574,1356,2914569211,1320790707,1177536,0
893,1677120,141376,190016,0,4224,16896,599936,210944,513728,492352,1184768,0,1408,594496,0,0,0,0,0,0,320,47680,35328,3840,43392,0,0,0,80256,128,547,1307,2171418171,4034329375,1167872,0
894,1676992,153408,188416,0,6400,17280,599360,207104,505024,480640,1196352,0,1408,594112,0,0,0,0,0,0,256,47680,35776,3456,40000,0,0,0,79808,128,544,1301,108254726,1676923007,1179072,0
895,1677248,154304,193344,0,5504,38400,624128,220416,441152,419520,1257728,0,1472,618688,0,0,0,0,0,0,128,47872,35456,3712,49728,0,0,0,83392,128,556,1314,1825334960,2265462064,1219328,0
896,1676864,141120,188288,0,4992,16832,614912,220032,490688,469440,1207424,0,1472,609664,0,0,0,0,0,0,320,47232,35904,3648,52864,0,0,0,79936,128,540,1303,2464489508,3538929614,1190592,0
897,1677504,154880,188352,0,7744,17024,594368,211776,503360,481792,1195712,0,1408,589056,0,0,0,0,0,0,192,47552,35904,3712,45696,0,0,0,78592,128,541,1289,4079732641,876348982,1178688,0
898,1676672,154496,188544,0,8128,16960,579072,207168,522304,495360,1181312,0,1344,573696,0,0,0,0,0,0,256,47232,37248,3520,39104,0,0,0,79680,128,523,1260,933119502,1699827641,1164352,0
899,1677312,141952,188864,0,3648,18624,560192,205504,558528,536960,1140352,0,1408,554752,0,0,0,0,0,0,320,47296,36800,3840,35328,0,0,0,81792,128,519,1250,3660047109,3018489844,1121728,0
900,1676864,153984,188608,0,3712,18944,565248,204224,542144,520832,1156032,0,1408,559872,0,0,0,0,0,0,192,47488,36800,3584,34816,0,0,0,81216,128,547,1336,3342918213,2537186584,1137088,0
901,1677120,153472,188736,0,3648,18688,573760,214720,524096,502656,1174464,0,1344,568384,0,0,0,0,0,0,320,47424,37056,3776,43584,0,0,0,82432,128,553,1338,3728849381,2988797296,1155776,0
902,1676992,141248,188736,0,3840,18816,565888,217728,540736,519424,1157568,0,1344,560512,0,0,0,0,0,0,256,47360,36736,3648,47168,0,0,0,82432,128,570,1360,389325448,1118216921,1138752,0
903,1677120,154560,187584,0,6208,19136,544768,209792,555072,534016,1143104,0,1408,539456,0,0,0,0,0,0,320,47168,36544,3392,39808,0,0,0,82432,128,576,1407,2064052965,2682183578,1123968,0
904,1677248,153728,188480,0,6208,19776,542016,205120,561920,540608,1136640,0,1408,536640,0,0,0,0,0,0,256,47488,37312,3712,34752,0,0,0,81472,128,567,1354,3381842444,421299858,1116864,0
905,1116800,141568,188928,0,3712,19072,529152,201152,33216,11584,1105216,0,1344,523840,0,0,0,0,0,0,192,47424,36992,3776,32512,0,0,0,80128,128,558,1319,3076283140,2178172814,1086144,0
906,1677120,153984,188160,0,3776,40320,533504,200640,556736,534272,1142848,0,1408,528256,0,0,0,0,0,0,256,46656,36736,3712,31808,0,0,0,81344,128,582,1362,2022769189,1545697711,1102528,0
907,1677312,232768,188544,0,3776,19072,725184,216512,291456,270080,1407232,45056,1408,719936,156992,0,23104,80576,1,2,384,47872,37056,3712,44800,0,45504,13760,23296,128,567,1340,975452950,3629216607,1388160,0
908,1677120,140736,188736,0,3712,19648,550592,212096,561600,540224,1136896,0,1408,545280,0,0,0,0,0,0,256,46976,36928,3584,42304,0,0,0,81920,128,554,1308,577704315,1246459677,1117248,0
909,1676928,153856,188352,0,3648,18752,544000,200512,567808,546240,1130688,0,1408,538688,0,0,0,0,0,0,320,47232,37248,3776,30336,0,0,0,81472,128,548,1308,2515300768,1049454477,1111936,0
910,1116864,140864,188480,0,3648,18880,545152,193152,26688,5440,1111424,0,1408,539776,0,0,0,0,0,0,256,47552,36736,3520,24192,0,0,0,80768,128,539,1283,3327898627,2371859721,1092544,0
911,1116928,140672,188352,0,6528,19328,549184,158784,54080,31488,1085440,0,1856,542848,0,0,0,0,0,0,320,47424,4608,3648,23488,0,0,0,79168,128,563,1323,3437007693,1777351310,1066112,0
912,1676992,160064,188480,0,3776,19520,660096,169216,475840,452608,1224384,8128,1408,654720,90368,0,20928,0,0,2,256,47296,4480,3648,32384,0,46528,256,34240,128,542,1318,1002553050,2898061978,1204864,0
913,1116800,140992,188096,0,3776,18944,531776,159232,73984,51968,1064832,0,1408,526336,0,0,0,0,0,0,256,47936,4416,3584,23360,0,0,0,79552,128,545,1299,3987398845,837154658,1045888,0
914,1676992,175168,187520,0,3712,18560,588928,150592,552512,525952,1151040,4992,1344,583616,54720,0,11968,0,0,1,128,47616,192,1600,23168,0,26688,2496,48576,128,566,1324,3502201833,2548760008,1132480,0
915,1116992,141568,188288,0,3840,19392,530240,140864,92800,71488,1045504,0,1408,524992,0,0,0,0,0,0,128,47232,192,1600,14656,0,0,0,76928,128,565,1312,4160241715,1177592300,1026112,0
916,1677248,192768,188416,0,3648,19008,633728,141376,498304,476736,1200512,10048,1408,628352,86848,0,21248,18240,0,2,128,47040,192,1728,14272,0,42112,640,35136,128,564,1309,2689617968,2496006772,1181504,0
917,1116800,142144,188800,0,3712,33408,521408,151936,75392,54080,1062720,0,1408,516096,0,0,0,0,0,0,128,47616,256,1728,24320,0,0,0,77760,128,567,1307,3980275171,666178105,1029312,0
918,1117120,142080,189056,0,3776,39680,518016,149632,74880,53312,1063808,0,1408,512576,0,0,0,0,0,0,128,47232,192,1664,23296,0,0,0,76992,128,574,1318,3664545090,658826258,1024128,0
919,1116672,142208,188672,0,3712,18816,525952,149376,87936,66752,1049920,0,1344,520448,0,0,0,0,0,0,192,48128,192,1792,23040,0,0,0,75904,128,579,1321,3458672959,3436727338,1031104,0
920,1116864,142656,189568,0,3776,18880,526208,140416,95360,73984,1042880,0,1408,520832,0,0,0,0,0,0,128,47296,256,2112,14784,0,0,0,75712,128,574,1316,1944525292,1538949069,1024000,0
921,1116928,143168,188480,0,3712,21184,518016,141440,100928,79616,1037312,0,1344,512704,0,0,0,0,0,0,128,47040,256,1792,14784,0,0,0,77312,128,572,1314,2564381937,3547448672,1016128,0
922,1117056,142528,189888,0,3776,21120,518016,142592,99136,77696,1039360,0,1472,512832,0,0,0,0,0,0,64,46976,192,1728,14720,0,0,0,78784,128,564,1302,787384632,4219819547,1018240,0
923,1117056,141696,188544,0,3712,21120,533952,153152,74880,52800,1064256,0,1408,528576,0,0,0,0,0,0,192,47168,192,1728,24640,0,0,0,79104,128,560,1299,2445560463,586181127,1043136,0
924,1116928,142400,188352,0,3712,20928,530432,152512,78592,57216,1059712,0,1344,524928,0,0,0,0,0,0,128,47232,192,1728,22784,0,0,0,80320,128,555,1290,1593294535,534908897,1038784,0
925,1116672,141760,189504,0,3840,20608,519232,151424,90304,68992,1047680,0,1408,513856,0,0,0,0,0,0,128,47552,192,1792,23360,0,0,0,78272,128,554,1293,3729691493,2814748181,1027072,0
926,1116864,142400,187648,0,3712,21312,511616,143168,107008,85568,1031296,0,1536,506304,0,0,0,0,0,0,192,47552,256,1600,14720,0,0,0,78720,128,548,1278,1154183819,3907199911,1009984,0
927,1116928,141696,187904,0,3840,21120,517312,142592,102464,81088,1035840,0,1408,511872,0,0,0,0,0,0,192,47168,256,1792,14528,0,0,0,78592,64,543,1274,4210446765,3052300862,1014720,0
928,1117120,142528,188352,0,3712,20736,525376,141632,94784,73536,1043584,0,1408,520064,0,0,0,0,0,0,128,46784,192,1920,14848,0,0,0,77632,128,551,1298,2912696316,1702692333,1022848,0
929,1116800,141376,188352,0,3712,21184,543296,152704,66176,44672,1072128,0,1408,537792,0,0,0,0,0,0,192,47168,192,1728,24640,0,0,0,78656,128,552,1300,671083897,2385482179,1050944,0
930,1116992,143424,188992,0,3712,20928,524480,152640,82816,56384,1060608,0,1408,519168,0,0,0,0,0,0,128,47872,192,1728,23168,0,0,0,79424,128,555,1302,2386588366,1344970357,1039680,0
931,1116608,142336,188672,0,3776,21312,536128,151360,73024,51520,1065088,0,1472,530752,0,0,0,0,0,0,128,47552,256,1664,22848,0,0,0,78784,128,556,1300,3212534512,1855656831,1043776,0
932,1117312,142080,187648,0,4608,21760,535104,143616,82496,61120,1056192,0,1408,529664,0,0,0,0,0,0,128,47360,192,1856,14528,0,0,0,79424,128,554,1289,932393388,3825641741,1034432,0
933,1116992,143360,187904,0,3776,42368,520896,141760,76928,55232,1061760,0,1344,515456,0,0,0,0,0,0,128,47424,256,1728,14528,0,0,0,77568,128,568,1303,146244341,3644078662,1019392,0
934,1676992,193856,187776,0,3648,21056,720640,142720,407296,385728,1291264,54848,1408,715264,184576,0,36800,0,1,3,128,47744,192,1664,14720,0,67648,768,9728,128,567,1293,2468590033,709255492,1270208,0
935,1116672,154688,187840,0,3712,20672,508800,153344,87616,66240,1050432,0,1408,503360,0,0,0,0,0,0,128,47360,192,1856,24512,0,0,0,79104,192,566,1294,3873723497,1887978936,1029760,0
936,1116992,141504,188288,0,3712,18816,504512,150656,109504,88192,1028800,0,1408,499200,0,0,0,0,0,0,128,48128,192,1856,23040,0,0,0,77184,128,559,1295,3985180752,1601244185,1009984,0
937,1117120,153664,186752,0,3776,19072,494976,141248,117632,96256,1020864,0,1344,489664,0,0,0,0,0,0,128,47680,192,1920,14720,0,0,0,76480,128,550,1279,847661656,13710306,1001792,0
938,1676992,175040,188928,0,3648,18880,644544,141248,504704,483520,1193472,45824,1408,639232,131264,0,26176,0,1,2,128,47680,256,1984,14464,0,41920,704,33984,128,562,1301,3945742902,2168307159,1174592,0
939,1117120,142080,189312,0,3712,18880,482816,140480,139840,118464,998656,0,1344,477376,0,0,0,0,0,0,128,47488,192,1664,14464,0,0,0,76416,128,551,1276,2918972992,3605635242,979776,0
940,1116864,153344,187904,0,3776,18624,495104,140800,117312,95808,1021056,0,1344,489728,0,0,0,0,0,0,128,47424,192,1600,14784,0,0,0,76544,128,554,1287,4098467900,94576494,1002432,0
941,1677120,175872,188480,0,10304,19008,652096,300480,330880,309504,1367616,36224,1472,646784,79168,0,12800,0,1,1,256,75776,112704,3520,25152,0,21824,64,61056,128,554,1294,1612192834,4078524798,1348608,0
942,1676992,141824,189696,0,4032,18944,506112,302400,513984,492480,1184512,0,1472,500800,0,0,0,0,0,0,256,79808,113472,3584,24704,0,0,0,80448,128,560,1307,3231655034,649774539,1165568,0
943,1677184,141632,188032,0,6464,19136,512512,293568,515840,494464,1182720,0,1408,507200,0,0,0,0,0,0,320,80384,113088,3456,16064,0,0,0,80128,128,560,1310,1587567409,2071540383,1163584,0
944,1676992,181568,188800,0,6784,19520,730688,294400,255232,233920,1443072,16640,1472,725184,181312,0,44224,0,0,4,320,80448,113344,3520,15552,0,89600,768,0,128,553,1294,336259269,137799285,1423552,0
945,1677376,141440,188352,0,2496,40000,543040,180608,581440,559296,1118080,0,1408,537856,0,0,0,0,0,0,128,75648,192,1728,24704,0,0,0,78080,128,550,1283,3226901230,3070477416,1078080,0
946,1116864,154752,189568,0,10112,19008,497856,182912,62656,35840,1081024,5056,1344,492544,53888,0,11456,0,0,1,128,79936,192,1600,23168,0,24512,64,53184,128,551,1274,4126804470,3322420637,1062016,0
947,1116928,141696,189120,0,6016,33664,430720,184000,131712,110336,1006592,0,1472,425344,0,0,0,0,0,0,128,80512,256,1472,22912,0,0,0,78592,128,558,1280,1636123615,4253652598,972928,0
948,1116864,154880,188864,0,5824,18752,518144,175104,55296,34240,1082624,50816,1344,512832,94848,0,12800,0,1,1,128,80064,256,1728,14272,0,24704,64,53760,128,560,1285,1622657732,592333237,1063872,0
949,1116928,143104,189504,0,4288,19008,429504,173184,158336,136832,980096,0,1408,424128,0,0,0,0,0,0,128,80960,192,1472,14784,0,0,0,75520,128,564,1295,685051758,1479660779,961088,0
950,1116928,146240,188416,0,2368,19136,436672,182784,141312,120000,996928,0,1344,431296,0,0,0,0,0,0,128,86848,256,1600,16320,0,0,0,77504,128,564,1297,2313505384,1396881651,977792,0
951,1116992,142016,189120,0,3200,18816,451520,179456,132864,111616,1005376,0,1408,446080,0,0,0,0,0,0,128,75328,192,1792,24832,0,0,0,76992,192,560,1308,2664157282,275911676,986560,0
952,1116992,142400,188032,0,2432,18816,443776,182656,138880,117632,999360,0,1408,438464,0,0,0,0,0,0,192,80448,256,1664,23040,0,0,0,76928,128,558,1300,3510643653,740927617,980544,0
953,1116928,141824,187648,0,2368,12224,444224,178880,149760,128384,988544,0,1344,438912,0,0,0,0,0,0,192,80512,192,1856,23424,0,0,0,72576,128,562,1305,1325133807,1937695963,976320,0
954,1116928,141760,188096,0,2304,12160,443776,170560,158272,136960,979968,0,1344,438528,0,0,0,0,0,0,192,81728,256,1600,14592,0,0,0,72064,128,555,1288,4290389690,2410070667,967808,0
955,1116992,160832,188608,0,2304,12224,509888,178240,64896,43456,1073536,4928,1408,504448,44288,0,10432,0,0,1,192,78848,192,1664,24704,0,21248,128,51136,128,552,1294,2109537811,3414726889,1061312,0
956,1116608,154304,188608,0,2432,12224,437824,178368,142848,121920,994688,0,1472,432512,0,0,0,0,0,0,128,79936,256,1664,24320,0,0,0,71936,128,548,1290,2158884808,3101894056,982464,0
957,1117632,153792,188864,0,2368,11968,458304,188224,114112,92288,1025344,0,1472,452992,0,0,0,0,0,0,192,79680,256,1664,33728,0,0,0,72576,128,563,1302,614534528,1514365561,1013376,0
958,1116352,154816,187584,0,2432,12608,537344,187200,34368,12928,1103424,8960,1408,532032,93184,0,22272,0,0,2,192,79936,192,1792,31872,0,46912,640,25536,128,574,1327,535769782,901602184,1090816,0
959,1676864,233536,188928,0,3072,12480,544064,195328,499456,478080,1198784,4864,1408,538752,72384,0,10432,81920,0,1,128,79424,256,1536,40000,0,22208,128,51520,128,567,1307,1706463353,861053440,1186304,0
960,1677568,174848,188096,0,11264,40128,679872,212800,370560,348992,1328576,49472,1472,674432,153600,0,24064,18624,1,2,128,80832,192,1792,51968,0,47040,128,30592,128,575,1331,4288903073,2048912926,1288448,0
961,1116672,152576,188224,0,3840,19392,464896,205632,82112,60736,1055936,0,1408,459648,0,0,0,0,0,0,128,79680,192,1536,45952,0,0,0,78016,128,572,1316,632158373,4045572439,1036544,0
962,1676928,233088,188032,0,3904,19072,618432,216064,398336,371776,1305152,65600,1472,612992,124160,0,12992,81280,1,1,128,80128,256,1536,54656,0,22272,13568,43392,128,585,1340,504118969,3928073781,1286080,0
963,1116992,142528,189184,0,6016,18816,488832,212864,58752,37248,1079744,0,1408,483520,0,0,0,0,0,0,128,80832,256,1664,52736,0,0,0,77120,128,586,1337,3749768927,1259107183,1060928,0
964,1117056,142464,187776,0,6016,19520,462976,202368,95936,74880,1042176,0,1408,457536,0,0,0,0,0,0,192,80640,256,1664,42816,0,0,0,76672,128,583,1328,1004583703,3532776126,1022656,0
965,1676864,161280,188416,0,11200,19008,575040,207488,514432,493440,1183424,56448,1344,569600,105280,0,11520,0,1,1,128,79936,256,1408,48256,0,21696,128,55552,128,573,1322,3879474439,3156664607,1164416,0
966,1677376,162560,188224,0,19136,19008,791808,217024,279616,257920,1419456,8768,1344,786560,91648,0,23680,0,0,2,128,74944,192,1664,59328,0,41920,768,37952,128,578,1331,1372431802,3484411745,1400448,0
967,1676992,152384,188736,0,4096,18816,678080,212096,422784,401408,1275584,0,1344,672640,0,0,0,0,0,0,128,77184,192,1600,53248,0,0,0,79616,128,570,1342,653494203,2420578432,1256768,0
968,1677120,138560,188864,0,4224,18624,632704,212480,481664,460032,1217088,0,1408,627456,0,0,0,0,0,0,128,74304,256,1792,57920,0,0,0,77952,128,560,1324,2581686804,194404079,1198464,0
969,1677184,171904,188288,0,6080,19328,685184,210560,395840,374528,1302656,5056,1344,679744,44480,0,9792,0,0,1,128,76800,192,1856,52544,0,22016,128,56768,128,566,1316,1665836210,1041856695,1283328,0
970,1116992,137728,187264,0,6336,8192,525632,207296,44544,23168,1093824,0,1408,520256,0,0,0,0,0,0,192,81152,192,1536,53440,0,0,0,70656,128,563,1315,2749850622,465500048,1085632,0
971,1675584,138368,187776,0,11840,7872,646912,199488,483328,463040,1212544,0,1408,641600,0,0,0,0,0,0,128,80512,256,1664,46336,0,0,0,70464,128,565,1311,2545277185,2775970805,1204672,0
972,1677184,159616,187712,0,3968,28992,709056,197760,390080,369984,1307200,8256,1408,703680,91072,0,23232,0,0,2,192,80704,256,1536,44736,0,42752,640,26816,128,564,1309,1634626800,4007728820,1278208,0
973,1677120,138432,187776,0,4032,7680,606656,193536,539008,519232,1157888,0,1408,601216,0,0,0,0,0,0,128,80512,192,1664,40064,0,0,0,70848,128,551,1285,3592780389,3456092687,1150208,0
974,1677120,190848,188352,0,3968,7744,662528,189760,433920,413568,1263552,5056,1408,657152,46784,0,11840,31680,0,1,192,80128,256,1792,37120,0,21184,128,48832,128,565,1311,1177909746,658372007,1255808,0
975,1116736,138304,187712,0,5120,8640,568064,179456,29440,9408,1107328,0,1408,562688,0,0,0,0,0,0,192,80640,192,1728,26176,0,0,0,70400,128,556,1288,3632828412,678245092,1098688,0
976,1677312,189632,188288,0,6144,8000,596544,166144,522560,502528,1174784,4864,1344,591232,46912,0,11968,29888,0,1,64,80448,192,1664,13824,0,22080,576,47168,128,547,1256,858596998,2739396389,1166784,0
977,1677248,160512,188288,0,5376,22464,642688,167296,490624,470464,1206784,8768,1344,637312,92096,0,23552,0,0,2,192,80640,192,1728,14144,0,42880,640,26752,128,545,1260,325653742,2459803339,1184320,0
978,1676864,189184,187776,0,3840,7872,576704,166912,544576,519360,1157504,4928,1408,571264,46400,0,11840,29504,0,1,128,79872,256,1664,14528,0,21184,128,49024,128,549,1263,2635652922,2592446846,1149632,0
979,1676992,189824,187712,0,3840,7680,553408,166464,568064,548096,1128896,4864,1344,548160,46976,0,11840,29760,0,1,128,80512,192,1664,14208,0,22080,576,46976,128,547,1257,2528157653,1968133518,1121216,0
980,1677440,201280,187264,0,5184,8000,633344,180032,462336,442304,1235136,49280,1344,628160,144832,0,24512,29760,1,2,192,81024,256,1792,26368,0,44992,640,24640,128,558,1287,4070946369,1500741238,1227136,0
981,1116672,138368,188992,0,6144,8192,468800,179968,126208,106112,1010560,0,1408,463488,0,0,0,0,0,0,192,80768,192,1728,27072,0,0,0,69888,128,564,1295,3081452919,2252928377,1002368,0
982,1117120,138688,187904,0,5184,7936,498368,178880,100160,80000,1037120,0,1408,492992,0,0,0,0,0,0,192,80512,128,1600,27264,0,0,0,69056,128,558,1284,2356243343,192650133,1029184,0
983,1677312,189312,187328,0,6208,8000,545024,180160,561280,541120,1136192,4864,1408,539648,47360,0,11840,29888,0,1,128,80896,256,1664,27072,0,22336,384,47296,128,546,1257,2925516875,3795792915,1128192,0
984,1116928,137920,189056,0,6272,29056,500672,179200,74752,54208,1062720,0,1408,495296,0,0,0,0,0,0,128,80704,192,1536,26496,0,0,0,70016,128,548,1249,4146909173,3034344474,1033664,0
985,1116736,138688,189952,0,3712,7936,502720,178432,95296,75200,1041536,0,1344,497280,0,0,0,0,0,0,128,80832,192,1600,26816,0,0,0,68736,128,548,1240,2303651912,445307753,1033600,0
986,1116928,138176,188672,0,4608,7808,504640,179328,93696,73792,1043136,0,1344,499392,0,0,0,0,0,0,128,80064,192,1728,26688,0,0,0,70400,128,552,1249,4205034349,2420588847,1035328,0
987,1116928,137664,188608,0,3712,7680,460096,179456,139712,119616,997312,0,1408,454592,0,0,0,0,0,0,128,81024,256,1536,26880,0,0,0,69504,128,546,1229,1566002247,1338390958,989632,0
988,1116800,138432,188672,0,3712,7744,448256,166144,163840,143680,973120,0,1344,442944,0,0,0,0,0,0,128,80576,192,1792,14464,0,0,0,68864,128,540,1215,4105786244,2653255622,965376,0
989,1116992,157696,188864,0,3840,7808,530048,165632,63104,43008,1073984,39232,1408,524672,76992,0,11648,0,1,1,128,80768,192,1856,14080,0,19328,128,49024,128,541,1225,376024877,2317937531,1066176,0
990,1116736,138048,187776,0,3712,7744,449664,167040,162752,142912,973824,0,1344,444288,0,0,0,0,0,0,128,80576,192,1728,14144,0,0,0,70144,128,536,1205,2548251712,4115576630,966080,0
991,1116992,138240,188288,0,3776,7680,452864,165696,160448,140352,976640,0,1344,447552,0,0,0,0,0,0,192,80512,192,1728,14272,0,0,0,68672,128,538,1209,1971717194,3329313681,968960,0
992,1117056,137920,189312,0,6016,8128,473088,165824,136768,117248,999808,0,1408,467904,0,0,0,0,0,0,192,80768,256,1792,14144,0,0,0,68480,192,531,1188,3404462319,1314937933,991680,0
993,1116864,137024,189056,0,6144,7808,453184,165952,157696,137280,979584,0,1408,447744,0,0,0,0,0,0,128,80512,192,1728,14528,0,0,0,68736,128,533,1196,1231670423,527152643,971776,0
994,1116672,138368,188224,0,2432,7616,465472,165312,149248,123904,992768,0,1408,460160,0,0,0,0,0,0,128,80384,192,1536,14080,0,0,0,68864,128,533,1196,623249361,416170580,985152,0
995,1677184,172288,187008,0,3136,7808,712896,194688,399360,379264,1297920,58368,1408,707456,123712,0,14784,0,1,1,3648,81280,4288,5312,26240,0,24000,64,49728,128,533,1199,2694915214,2572014668,1290112,0
996,1117056,139328,188928,0,3904,7872,524544,207744,44736,24576,1092480,0,1408,519232,0,0,0,0,0,0,3712,80896,4352,5248,39616,0,0,0,73792,128,536,1220,107784573,2739967929,1084608,0
997,1676928,152960,187968,0,4032,7936,686080,218240,419712,399808,1277120,50496,1408,680640,105472,0,12928,0,1,1,3904,80768,4096,5184,51008,0,24128,576,48448,128,556,1262,437836295,1645753422,1269184,0
998,1677568,139712,186688,0,4032,29760,533120,224832,559424,538880,1138688,0,1408,527680,0,0,0,0,0,0,3712,80768,4480,4928,56960,0,0,0,73856,128,547,1239,4047683699,2969187488,1108928,0
999,2236864,250816,188416,0,13312,22144,1027840,502784,231552,211456,2025408,124352,1472,1022592,181568,0,12544,83136,1,1,193024,80704,36864,6016,52544,0,23040,128,110336,128,547,1278,1792092393,1707460852,2003264,0
1000,1677376,155520,187584,0,4032,22272,569024,386624,352320,332032,1345344,0,1408,563584,0,0,0,0,0,0,93888,75136,35072,5696,46080,0,0,0,130624,128,546,1273,3664374564,232574599,1323072,0
1001,1676928,143040,186752,0,4160,22720,550848,379072,390336,370240,1306688,0,1408,545472,0,0,0,0,0,0,94080,75200,35840,5440,37504,0,0,0,130880,128,541,1263,1159517483,4111152793,1283968,0
1002,1677184,142592,187904,0,4288,22528,514048,379200,426624,406912,1270272,0,1408,508736,0,0,0,0,0,0,92608,75840,35712,5504,37312,0,0,0,132096,128,545,1270,2593007607,3885274718,1247744,0
1003,1677184,165120,188032,0,4096,7936,514816,377856,419328,399232,1277952,0,1408,509504,0,0,0,0,0,0,92224,74816,35392,5696,37568,0,0,0,132032,128,542,1271,4134344605,473207106,1270016,0
1004,1677312,158016,187904,0,12032,8000,673536,389632,248192,227648,1449664,40576,1472,668096,88896,0,11456,0,1,1,94016,80128,35456,5952,42944,0,22208,64,108736,128,552,1272,2672741552,2602559557,1441664,0
1005,1676864,138048,186752,0,4288,7936,713152,392768,233920,213952,1462912,0,1408,707712,0,0,0,0,0,0,93056,79872,35968,5760,46464,0,0,0,131520,128,566,1304,4280291983,1034488009,1454976,0
1006,1677312,158272,187776,0,4096,7616,746176,393984,179392,159232,1518080,41920,1408,740800,81216,0,11328,0,1,1,94080,79552,35904,5760,45568,0,20224,128,112640,128,533,1255,3664893832,894090746,1510464,0
1007,1677184,151232,187648,0,4288,22528,654144,394880,262464,242240,1434944,0,1472,648768,0,0,0,0,0,0,94784,79680,36224,5888,45760,0,0,0,132416,128,536,1253,1110757437,3194397819,1412416,0
1008,1677120,137792,186688,0,4288,29248,638144,328832,352128,331648,1345472,0,1408,632704,0,0,0,0,0,0,93184,80576,36480,5952,36416,0,0,0,76096,128,542,1246,3596537434,3970026025,1316224,0
1009,1676992,173568,186240,0,6400,8064,774016,325952,202752,182656,1494336,48768,1344,768512,93760,0,12544,20672,1,1,91776,80128,35584,5824,36864,0,24000,576,51072,128,523,1215,86110502,480327106,1486272,0
1010,1676928,138432,187520,0,12480,7936,777664,309184,243712,218304,1458624,0,1408,772352,0,0,0,0,0,0,93632,72128,35584,5824,26432,0,0,0,75456,128,519,1222,2610905958,1916067285,1450688,0
1011,2237376,168064,187840,0,10944,8000,1031552,356096,474880,454720,1782656,46912,1472,1026112,127424,0,21824,0,1,3,93568,80704,35776,5824,48704,0,39104,384,51904,128,542,1275,3670320874,2908540179,1774656,0
1012,1677440,139520,187648,0,5824,8000,721216,331776,283456,263616,1413824,0,1344,715968,0,0,0,0,0,0,92544,81408,35648,5696,27264,0,0,0,89088,128,532,1251,2150566581,2821023340,1405824,0
1013,1676992,139456,188224,0,8128,8000,688640,330368,314176,294016,1382976,0,1408,683328,0,0,0,0,0,0,92480,80000,35648,5824,26816,0,0,0,89472,128,521,1234,1303803806,313204792,1374976,0
1014,1677056,159232,188032,0,7936,7872,667712,341184,305088,284608,1392448,0,1408,662400,2880,0,0,0,0,1,92416,80768,35968,5760,31936,0,0,128,94080,128,524,1251,2112507487,3403799020,1384576,0
1015,1676992,139136,189248,0,6400,8064,594816,338048,401280,381248,1295744,0,1408,589376,0,0,0,0,0,0,92352,79680,35904,5888,30848,0,0,0,93248,128,522,1247,260776409,3622086877,1287680,0
1016,1677120,139392,188480,0,3840,7744,633920,335296,368448,348352,1328768,0,1408,628480,0,0,0,0,0,0,92096,78784,35648,5824,30464,0,0,0,92352,128,517,1231,2584273206,37180591,1321024,0
1017,1677632,139776,187648,0,3840,7872,750016,340224,248256,227776,1449856,0,1344,744640,0,0,0,0,0,0,92032,80704,35392,5952,31360,0,0,0,94656,128,526,1243,835068783,59337170,1441984,0
1018,1676992,139776,187840,0,4672,29248,765696,279936,269824,249856,1427136,0,1472,760384,0,0,0,0,0,0,33472,79808,35072,5760,31360,0,0,0,94336,128,518,1211,853092032,2738983973,1397888,0
1019,1676992,139264,187904,0,6144,8192,708224,270912,356352,336256,1340736,0,1408,702848,0,0,0,0,0,0,33664,80256,34560,5952,22336,0,0,0,94016,128,527,1202,806081769,3838471142,1332544,0
1020,2237056,217536,187456,0,13760,22656,982208,278592,534848,514624,1722432,64256,1408,976768,169536,0,22400,18240,1,2,34304,79232,34880,5696,46912,0,49920,3712,23808,128,517,1202,3772492841,596779508,1699776,0
1021,1677120,142912,190464,0,6208,7744,492736,272704,564352,544384,1132736,0,1408,487424,0,0,0,0,0,0,34048,79616,34240,5888,42816,0,0,0,75968,128,510,1190,2063148401,578930621,1124992,0
1022,1677120,142976,188288,0,5312,22784,492864,276480,548416,526144,1150976,0,1472,487424,0,0,0,0,0,0,34432,78976,35840,5504,46016,0,0,0,75584,128,498,1165,129967234,821044754,1128192,0
1023,1677184,158336,188224,0,3904,7808,526400,244288,548224,528256,1148928,0,1408,521088,0,0,0,0,0,0,3840,78400,36352,5248,44608,0,0,0,75712,128,505,1172,1543009799,2609590035,1141120,0
1024,1116992,153664,189504,0,3840,7680,478912,247296,36096,15872,1101120,0,1344,473600,0,0,0,0,0,0,3840,80064,36928,5504,45440,0,0,0,75392,128,511,1183,1226900371,3294283472,1093440,0
1025,1117056,139328,188736,0,5056,7872,447104,246016,82944,62720,1054336,0,1408,441856,0,0,0,0,0,0,3776,79808,36032,5312,45376,0,0,0,75584,128,513,1199,2995414264,3814924165,1046464,0
1026,1116608,138944,187904,0,6144,7936,432896,245184,97600,72320,1044288,0,1344,427520,0,0,0,0,0,0,3584,79744,36544,5568,43840,0,0,0,75776,128,534,1225,1295056049,1197876355,1036352,0
1027,1116864,138496,188928,0,5120,7808,431424,243456,101632,81472,1035392,0,1408,425984,0,0,0,0,0,0,3904,79360,36800,5248,42624,0,0,0,75392,128,528,1214,2274152817,3874953443,1027584,0
1028,1117120,138304,188544,0,3776,7744,424832,242880,111040,90880,1026240,0,1408,419520,0,0,0,0,0,0,3648,80448,36544,5184,42240,0,0,0,74688,128,524,1217,2578886927,2415762218,1018496,0
1029,1116992,138880,188928,0,3776,7808,469440,231424,76736,56512,1060480,0,1408,463936,0,0,0,0,0,0,3840,80832,36736,5760,30912,0,0,0,73216,128,531,1229,2403080335,620628706,1052672,0
1030,1677056,169664,188544,0,3776,28800,503488,230592,552192,531776,1145280,5120,1408,498176,46272,0,10688,18176,0,1,3840,79552,36352,5248,30528,0,21952,128,52864,128,518,1201,1264483425,1618780695,1116480,0
1031,1116544,138176,187136,0,3712,7744,420608,231552,127616,108224,1008320,0,1408,415232,0,0,0,0,0,0,3712,80128,37248,5376,30656,0,0,0,74304,128,521,1204,4198883459,1078509569,1000576,0
1032,1677120,181760,187264,0,3648,8128,531392,190208,574720,554816,1122304,48960,1408,525952,98496,0,14592,18496,1,1,3648,79168,256,3072,31360,0,24640,2624,45312,128,504,1169,1729948179,3828605115,1114176,0
1033,1116864,138240,188928,0,3776,8064,439808,190848,147200,127168,989696,0,1472,434368,0,0,0,0,0,0,3840,80320,320,3584,30656,0,0,0,72000,128,513,1184,3391253770,1836380910,981632,0
1034,1117248,138240,188288,0,3776,7808,439040,186816,153280,132800,984448,0,1408,433664,0,0,0,0,0,0,3712,80448,320,3456,26624,0,0,0,72128,128,509,1183,2327492235,1089897414,976640,0
1035,1677248,223040,188096,0,10432,8128,727680,231360,288512,268224,1409024,105792,1408,722368,213696,0,23424,53696,2,2,3776,78336,320,3264,26432,0,42112,13696,63296,128,517,1221,2903939889,2344716850,1400896,0
1036,1116736,138688,188992,0,4608,7616,416640,235456,124736,104384,1012352,0,1408,411328,0,0,0,0,0,0,3712,79744,320,3456,31488,0,0,0,116608,128,522,1237,727491176,409859028,1004736,0
1037,1676800,171392,188544,0,4480,22528,538752,236800,514304,494208,1182592,56128,1344,533440,104384,0,13056,18496,1,1,3776,80000,384,3264,30976,0,25280,448,92544,128,529,1240,2457407195,979533277,1160064,0
1038,1677312,232192,188288,0,10496,8000,576704,242368,419264,398784,1278528,47680,1408,571200,111168,0,12544,80128,1,1,3776,79872,256,3584,37568,0,23488,13504,80192,128,523,1236,809335665,756249818,1270528,0
1039,1116864,139584,187712,0,6272,8256,442880,240576,91584,71360,1045504,0,1408,437440,0,0,0,0,0,0,3712,79168,320,3840,37312,0,0,0,116096,128,530,1255,3962217486,893444713,1037248,0
1040,1116864,139200,187904,0,5248,7808,448448,239552,88704,66944,1049920,0,1408,443136,0,0,0,0,0,0,3584,78784,320,3648,36992,0,0,0,116096,128,538,1247,536537944,157787898,1042112,0
1041,1677248,138688,186816,0,13184,8192,588224,215616,526528,506112,1171136,0,1408,582976,0,0,0,0,0,0,3520,80448,256,3392,55168,0,0,0,72704,128,521,1210,2214314750,3393325333,1162944,0
1042,1676992,139200,188288,0,6400,29056,625600,212544,475904,450496,1226496,0,1344,620096,0,0,0,0,0,0,3520,80000,384,3456,53248,0,0,0,71808,128,530,1226,2724299992,2717707540,1197440,0
1043,1677056,139840,188160,0,5312,7872,600832,212160,522880,502784,1174272,0,1344,595328,0,0,0,0,0,0,3712,79936,320,3072,52352,0,0,0,72704,64,538,1246,2123886566,3211683784,1166400,0
1044,1677376,139392,188416,0,3968,7744,602112,204224,531520,511616,1165760,0,1408,596864,0,0,0,0,0,0,3456,80832,320,3392,44416,0,0,0,71680,128,530,1246,2855005396,631944879,1158016,0
1045,1676800,175936,187264,0,4032,22272,769472,214528,303296,283264,1393536,54912,1408,764160,98752,0,11712,0,1,1,3584,79680,320,3584,54144,0,24128,256,48704,128,540,1246,1288520138,1246578486,1371264,0
1046,1676800,155648,188416,0,3968,22784,528512,211584,565888,546048,1130752,0,1472,523072,0,0,0,0,0,0,3712,79296,320,3136,52544,0,0,0,72448,128,543,1249,1899627957,3362470848,1107968,0
1047,1117312,143872,188928,0,6080,22336,483456,212672,59968,39744,1077568,0,1472,478080,0,0,0,0,0,0,3584,79616,384,3456,52864,0,0,0,72640,128,545,1257,2573205509,232762457,1055232,0
1048,1116928,143616,188864,0,6272,8000,482816,215040,72320,52096,1064832,0,1408,477376,0,0,0,0,0,0,3712,80448,256,3328,54400,0,0,0,72768,128,557,1278,2114306724,1267486383,1056832,0
1049,1676992,169536,188224,0,3712,7680,547392,210560,549888,529728,1147264,0,1408,541888,0,0,0,0,0,0,3776,79680,256,3456,49664,0,0,0,73600,128,564,1296,1704741114,3937164393,1139584,0
1050,1117056,155072,190208,0,3776,7808,540608,190656,28928,8832,1108224,0,1536,534784,0,0,0,0,0,0,3648,79488,256,3520,30528,0,0,0,73088,128,549,1257,2858989758,450657157,1100416,0
1051,1117056,139520,188416,0,3712,7808,499840,190976,86784,66688,1050368,0,1408,494528,0,0,0,0,0,0,3520,81024,320,3648,30336,0,0,0,72000,128,539,1232,2117332768,2946892053,1042560,0
1052,1677120,202240,189120,0,3840,7744,527808,181312,565056,544960,1132160,48512,1344,522432,93952,0,14400,31808,1,1,128,80320,192,1472,27584,0,21184,64,50240,128,538,1237,3576699508,3796237564,1124416,0
1053,1116928,159168,187584,0,4672,7680,547392,179008,31424,11264,1105664,98432,1408,542080,138944,0,12544,0,1,1,128,79808,192,1792,27328,0,20352,192,49088,128,545,1250,3649970031,1974636415,1097984,0
1054,1117120,137664,187840,0,3712,29184,406912,165184,186624,166144,950976,0,1408,401472,0,0,0,0,0,0,192,80256,192,1472,14016,0,0,0,68928,128,540,1237,3357553017,1977395647,921792,0
1055,1676672,192256,187584,0,3712,7808,529216,210880,545216,525568,1151104,42944,1408,523904,85952,0,11584,29504,1,1,128,78784,256,1664,14208,0,23744,64,91904,128,566,1323,4140774641,1549062258,1143296,0
1056,1117056,153024,188032,0,3712,7936,425728,209024,129600,109120,1007936,0,1408,420416,0,0,0,0,0,0,128,78016,256,1728,14592,0,0,0,114176,128,553,1288,2986808780,746645631,1000000,0
1057,1116992,141760,188480,0,3776,7872,468544,209280,97280,77184,1039808,0,1472,463232,0,0,0,0,0,0,128,79360,256,1664,14336,0,0,0,113408,128,551,1295,3430750871,1371171182,1031936,0
1058,1116800,142080,188416,0,3712,7744,419584,209344,145920,120448,996352,0,1408,414144,0,0,0,0,0,0,128,78592,192,1472,13504,0,0,0,115328,128,553,1301,2435214246,160042660,988608,0
1059,1677184,187456,188544,0,3776,7872,516800,209984,562752,542848,1134336,46080,1408,511360,90624,0,12608,21824,1,1,128,78912,192,1664,15040,0,22208,512,91200,128,557,1304,611412665,3359248186,1126464,0
1060,1116928,139136,188352,0,3712,7680,413312,208704,156032,135872,981056,0,1344,407936,0,0,0,0,0,0,192,78912,192,1536,14336,0,0,0,113408,128,556,1293,3720364665,1440528123,973376,0
1061,1116800,173888,188800,0,3776,7872,412480,166208,163776,143680,973120,0,1408,407168,0,0,0,17792,0,0,192,80320,256,1792,14016,0,0,0,69504,128,534,1235,170992892,529395922,965248,0
1062,1116864,141568,187584,0,3776,7808,412288,165504,198336,178560,938304,0,1408,406784,0,0,0,0,0,0,128,79616,256,1664,14656,0,0,0,69056,128,538,1241,2831202840,1062478116,930496,0
1063,1677312,185600,188352,0,3968,7872,572224,186048,533248,513216,1164096,39104,1408,566848,86336,0,14912,0,1,1,128,79872,192,1472,14464,0,22016,384,67392,128,536,1253,2318727338,3981057829,1156224,0
1064,1677184,185152,188608,0,11904,8064,694528,175872,413056,393152,1284032,123968,1408,689088,230592,0,27712,0,2,2,192,80512,192,1472,24640,0,49280,2752,16704,128,525,1230,2425092168,3153399775,1275968,0
1065,1116608,159872,188672,0,5056,7744,530112,186368,38784,18944,1097664,0,1408,524608,0,0,0,0,0,0,128,80128,256,1664,34048,0,0,0,70016,128,530,1239,2330650051,951393764,1089920,0
1066,1117184,145152,188480,0,3968,7808,508864,178688,84224,64128,1053056,0,1536,503424,0,0,0,0,0,0,192,79616,192,1792,27200,0,0,0,69568,128,542,1256,808135324,1491864594,1045248,0
1067,1677440,164032,187136,0,5184,44032,558784,179264,539008,518784,1158656,4928,1408,553408,45056,0,9536,0,0,1,128,79168,256,1728,26240,0,23296,64,48256,128,547,1275,3505544432,75974190,1114624,0
1068,1676608,240000,186944,0,12800,7936,625600,200192,403136,383104,1293504,39040,1408,620288,104384,0,12928,81472,1,1,192,80832,256,1728,45504,0,22016,576,48960,128,546,1291,4162118879,704419955,1285568,0
1069,1116992,167296,187968,0,4032,7936,442048,237824,69888,50048,1066944,5056,1408,436544,43072,0,9600,0,0,1,64,79168,192,1536,39296,0,20608,64,96768,128,556,1314,1456334592,268262947,1059008,0
1070,1677312,212928,188096,0,5248,7744,472192,242560,548544,528128,1149184,40576,1344,466880,113664,0,12800,54272,1,1,128,78976,192,1792,44864,0,23040,14592,78848,128,562,1325,3571534455,3999162979,1141440,0
1071,1116672,159424,189376,0,6336,7936,370752,253696,129152,109120,1007552,0,1408,365376,0,0,0,0,0,0,128,83072,256,2176,49088,0,0,0,118848,128,549,1319,1617308797,3847636282,999616,0
1072,1117184,161536,187072,0,7808,7936,347136,231872,173824,153600,963584,0,1472,341760,0,0,0,0,0,0,128,79168,256,1664,36160,0,0,0,114368,128,553,1303,4284437866,1302114375,955648,0
1073,1116864,173504,187072,0,6784,7872,345024,232896,163712,143680,973184,0,1408,339520,0,0,0,0,0,0,128,78912,256,1856,36288,0,0,0,115328,128,541,1282,3094641651,3424252836,965312,0
1074,1677120,154624,195584,0,17088,7872,538816,560512,202624,177408,1499712,0,1920,532992,0,0,0,0,0,0,192,401984,384,3904,36288,23360,0,0,117632,128,552,1305,1503527226,249090004,1491840,0
1075,1677184,165888,195840,0,5312,8512,535360,239232,527040,501696,1175488,0,1408,529856,0,0,0,0,0,0,192,125248,384,3904,36608,0,0,0,72768,128,522,1222,4028613960,3886167985,1166976,0
1076,1676864,218752,188288,0,12288,22720,739072,306368,189376,169024,1507840,58112,1408,733568,106112,0,14208,31552,1,1,192,124864,384,3648,56064,0,23360,128,97664,64,544,1293,2727950259,1171422514,1485120,0
1077,1677696,214848,187904,0,6144,7936,604096,332096,324672,304000,1373696,50880,1408,598592,139264,0,25024,21248,1,2,192,123904,384,3904,44672,0,44352,768,113792,128,563,1350,1105666300,652362097,1365760,0
1078,1676544,160576,188288,0,5312,22592,452544,335104,512128,491904,1184640,0,1472,447040,0,0,0,0,0,0,256,126208,384,3904,45568,0,0,0,158656,128,562,1352,64860818,962054085,1162048,0
1079,1677248,196160,188672,0,3904,29184,487232,334528,437568,417024,1260224,0,1344,481792,0,0,0,18432,0,0,256,125312,448,3712,44928,0,0,0,159744,128,579,1377,3563482788,3604696010,1231040,0
1080,1676928,160512,189120,0,4032,8128,490240,318720,506176,486592,1190336,0,1472,484800,0,0,0,0,0,0,192,124352,512,3776,31232,0,0,0,158528,128,572,1355,255047822,2758945932,1182208,0
1081,1676928,159296,188416,0,3840,7680,463296,318592,535808,515840,1161088,0,1408,457856,0,0,0,0,0,0,256,124544,512,3968,30656,0,0,0,158528,128,562,1331,2795659709,2373220000,1153408,0
1082,1677056,180864,188224,0,3904,7680,564992,278080,453312,433472,1243584,56512,1344,559616,99712,0,11776,0,1,1,192,124736,448,3840,31040,0,22400,640,94656,128,542,1279,3651239512,2978646913,1235904,0
1083,1677312,188800,188352,0,17280,8000,617920,234560,422400,402176,1275136,44480,1408,612608,110784,0,13440,0,1,1,192,126144,384,3904,30720,0,28864,448,43776,128,535,1249,3949824486,2626803540,1267136,0
1084,1116800,156736,189248,0,3968,7936,378496,216832,163584,143616,973184,0,1408,373056,0,0,0,0,0,0,256,125376,384,3968,14016,0,0,0,72704,128,527,1216,2452117056,769576370,965248,0
1085,1116928,156800,188928,0,4032,7680,479744,216512,63232,43264,1073664,0,1408,474432,0,0,0,0,0,0,256,125952,384,4032,13760,0,0,0,72000,128,523,1224,1382345296,850591716,1065984,0
1086,1677056,178368,188288,0,4096,8000,546624,273088,478592,458560,1218496,4864,1472,541120,50240,0,11648,0,0,1,256,125760,512,4416,24128,0,23104,640,94144,128,548,1291,532162470,744909121,1210496,0
1087,1116992,157184,188032,0,4032,7744,456704,277888,25408,5312,1111680,0,1408,451456,0,0,0,0,0,0,192,125056,448,3904,31168,0,0,0,116992,128,552,1304,160077740,2729085447,1103936,0
1088,1677248,156992,199936,0,3968,7616,449600,278848,580288,559360,1117888,0,1472,444288,0,0,0,0,0,0,256,125312,384,3968,30976,0,0,0,117824,128,556,1315,995793783,2284971315,1110272,0
1089,1116864,156864,188800,0,4864,7808,433600,277568,47360,27200,1089664,0,1408,428224,0,0,0,0,0,0,320,124672,448,3776,31104,0,0,0,117120,128,544,1286,1945861817,3577670389,1081856,0
1090,1116864,156800,188032,0,4096,7808,436928,278016,45184,25024,1091840,0,1472,431552,0,0,0,0,0,0,256,124672,448,4096,31488,0,0,0,116928,128,549,1293,2247148852,2762000286,1084032,0
1091,2237376,372928,188032,0,4224,44096,818944,332672,476480,451200,1786176,49344,1472,813504,97280,173376,14272,0,1,1,192,124416,448,3840,85056,0,23552,704,94336,128,551,1349,816543252,798489002,1742080,0
1092,1677056,166528,187648,0,4288,7744,519808,262016,529024,509184,1167872,0,1472,514496,0,0,0,0,0,0,256,121088,448,3968,63552,0,0,0,72576,128,538,1308,2477881600,561413603,1160128,0
1093,1676992,200960,188224,0,6592,22400,672768,276096,309952,289856,1387136,41984,1472,667520,134656,0,25600,0,1,3,192,122240,448,4096,74240,0,45824,832,28096,128,546,1311,2418794916,870814237,1364736,0
1094,1676992,172224,188224,0,12672,7936,624000,270592,401344,381312,1295680,52096,1408,618688,120512,0,13632,45632,1,2,192,127360,448,4096,64384,0,28352,16576,29056,128,407,981,142321503,3537158712,1287744,0
1095,1116928,125376,188864,0,4160,7744,400448,265856,124480,104512,1012416,0,1408,395264,0,0,0,0,0,0,192,125696,448,4032,64640,0,0,0,70720,128,402,966,716076315,1163897770,1004672,0
1096,1116928,114048,187840,0,6400,7872,395456,264064,141248,121216,995712,0,1472,390016,0,0,0,0,0,0,256,125952,448,3840,62784,0,0,0,70656,128,406,971,3651493664,1840545731,987840,0
1097,1116864,111936,188544,0,6336,22400,398976,257984,130688,110784,1006080,0,1344,393600,0,0,0,0,0,0,256,125184,448,3904,57152,0,0,0,70912,128,400,955,1617330972,4029935191,983680,0
1098,1117120,113024,188224,0,5440,7744,410560,258240,133888,113600,1003520,0,1408,405184,0,0,0,0,0,0,192,126208,384,3968,57536,0,0,0,69824,128,403,962,3636058360,3586027299,995776,0
1099,1116800,112576,189120,0,4096,7744,404224,256960,142080,121984,994816,0,1408,398720,0,0,0,0,0,0,256,124800,448,3648,56896,0,0,0,70784,128,397,954,1543895104,2393527674,987072,0
1100,1116992,97344,188288,0,4096,7680,409280,240448,169856,149824,967168,0,1408,403904,0,0,0,0,0,0,320,125888,448,3776,40128,0,0,0,69760,128,396,945,604612544,550071417,959488,0
1101,1117120,97088,187712,0,4096,7744,400000,231488,188992,168768,948352,0,1408,394560,0,0,0,0,0,0,256,125568,384,3904,30656,0,0,0,70592,128,384,923,89507051,3500247920,940608,0
1102,1116928,97216,188800,0,4032,7552,407872,231296,180160,159808,957120,0,1408,402496,0,0,0,0,0,0,192,126016,512,4160,30976,0,0,0,69312,128,391,942,315964985,547623475,949568,0
1103,1116736,97280,188416,0,4032,7936,395840,231360,191872,171840,944896,0,1408,390400,0,0,0,0,0,0,256,126080,384,3584,30720,0,0,0,70208,128,390,931,3045040070,1481707696,936960,0
1104,1116864,130624,187648,0,3968,7680,496192,230912,59840,39872,1076992,46464,1408,490624,94144,0,13504,18560,1,1,192,126144,384,3968,30784,0,25280,128,43904,128,393,938,945420732,969746222,1069312,0
1105,1116928,97024,188608,0,3968,29120,390720,225728,181760,161600,955328,0,1408,385408,0,0,0,0,0,0,256,125248,384,3712,26368,0,0,0,69632,128,389,935,2895327266,1736482923,926208,0
1106,1116608,97344,188800,0,4032,7936,386304,214016,218176,198272,918336,0,1472,380928,0,0,0,0,0,0,192,125952,448,4032,13888,0,0,0,69376,128,388,929,121404258,479541714,910400,0
1107,1117248,96832,189120,0,3968,7936,398144,227072,194176,168512,948736,0,1344,392896,0,0,0,0,0,0,192,134528,448,4224,16000,0,0,0,71552,128,389,930,4045613010,645146346,940800,0
1108,1116928,97408,187840,0,7424,8000,386240,213760,216256,195904,921024,0,1408,380736,0,0,0,0,0,0,192,126016,384,3904,14336,0,0,0,68800,128,389,926,2269727878,1146550672,913024,0
1109,1116800,97856,188672,0,6592,8000,386752,213952,214976,194816,921984,0,1472,381248,0,0,0,0,0,0,256,126336,448,3776,14208,0,0,0,68800,128,390,927,3952001543,1600840514,913984,0
1110,1116928,127168,186176,0,3840,7616,511552,243008,37568,17216,1099712,44736,1408,506176,124800,0,21440,0,1,3,192,125952,384,3584,23808,0,38848,384,49728,128,396,948,2878479970,3053038076,1092096,0
1111,1116928,97856,188544,0,3904,7808,302400,241152,275264,255040,861888,0,1408,297024,0,0,0,0,0,0,256,126272,448,4096,22848,0,0,0,87104,128,397,949,1989393707,3516921488,854080,0
1112,1116928,97792,188032,0,3968,7936,373440,243456,202304,182528,934400,0,1472,368128,0,0,0,0,0,0,256,125696,384,3904,22912,0,0,0,90176,128,390,940,1219617931,1379092073,926464,0
1113,1116928,98560,189696,0,6208,8000,442240,241664,130560,110528,1006400,0,1472,436992,0,0,0,0,0,0,256,125568,384,4160,22784,0,0,0,88384,128,390,940,3069488910,1228759699,998400,0
1114,1116992,97152,188032,0,6720,7808,440128,242304,134848,114816,1002176,0,1408,434816,0,0,0,0,0,0,256,125504,512,3712,22784,0,0,0,89408,128,389,937,746026690,532931849,994368,0
1115,1677248,112064,188352,0,6784,22912,558656,241920,546560,526080,1151168,57664,1472,553280,105088,0,12800,0,1,1,192,125312,384,4032,22464,0,25152,512,63744,128,399,941,285441956,1228012033,1128256,0
1116,1116416,117376,188288,0,4416,22464,455936,245120,82816,62720,1053696,0,1472,450560,3008,0,0,0,0,1,192,126272,384,3904,23296,0,0,64,90880,128,402,948,1211269351,442177760,1031232,0
1117,1117312,117952,188288,0,10240,22784,487552,235200,55296,34880,1082432,40896,1344,482240,81600,0,12288,0,1,1,256,126464,448,4096,14208,0,20800,64,68736,128,399,928,3268381660,975729191,1059648,0
1118,1676800,192320,189568,0,3776,8384,476416,233920,572416,552640,1124160,39168,1408,470976,98112,0,12736,80768,1,1,256,125504,448,4032,13376,0,22976,14016,53184,128,394,924,177497822,2961974274,1115776,0
1119,1679040,304576,188480,0,18176,33856,600448,345024,188480,166592,1512448,4928,1408,595200,62208,180288,11712,0,0,1,384,124416,56896,6080,14784,0,21824,1664,118848,128,412,985,1369025255,3170965533,1478592,0
1120,1676736,120128,188608,0,3776,12160,552832,325696,473536,452352,1224384,36864,1408,547520,83136,0,13056,0,1,1,320,124544,56832,6016,15616,0,23424,1088,97728,128,418,995,229524576,1535898530,1212224,0
1121,1676992,101504,188672,0,3904,12224,488256,324096,558336,536896,1140096,0,1472,483008,0,0,0,0,0,0,384,125184,55424,6144,15104,0,0,0,121728,128,416,986,785503554,3929288016,1127872,0
1122,1677248,147520,188864,0,4096,11904,710400,339776,274688,252992,1424256,60032,1408,705024,155840,0,22592,0,1,2,256,125760,56064,6144,27264,0,45184,1088,77888,128,420,990,3208352408,3627844232,1412352,0
1123,1677056,112384,189376,0,4096,11968,522112,339648,497472,471040,1206016,0,1408,516800,0,0,0,0,0,0,384,124480,56320,6144,27328,0,0,0,124864,128,407,954,1526746052,1164541941,1194048,0
1124,1677184,206912,188800,0,3968,7936,612736,298432,358400,337088,1340096,4992,1472,607360,44416,0,11968,31360,0,1,256,125696,384,4032,45504,0,19584,512,102336,128,552,1296,2722809161,2929049193,1332160,0
1125,1675712,152256,191552,0,4032,7552,529920,261952,528448,508352,1167360,0,1472,524352,0,0,0,0,0,0,256,126016,448,4032,49536,0,0,0,81536,128,544,1253,3583296135,1541503037,1159808,0
1126,1676928,153280,188096,0,4928,7744,506688,254784,561408,541632,1135296,0,1408,501248,0,0,0,0,0,0,256,126080,384,3712,46080,0,0,0,78144,128,549,1272,1441046558,997663975,1127552,0
1127,1677184,152960,188416,0,5184,22272,502336,255168,550848,530688,1146496,0,1408,496832,0,0,0,0,0,0,256,125760,512,3968,45760,0,0,0,78784,128,552,1281,2688004490,2515705158,1124224,0
1128,1677312,153472,187584,0,6272,8128,511104,253504,557248,537024,1140288,0,1472,505728,0,0,0,0,0,0,192,126208,448,4096,45632,0,0,0,76800,128,558,1294,4030882017,514521230,1132160,0
1129,1676864,153856,187264,0,6976,8064,586752,252800,481152,461120,1215744,0,1408,581376,0,0,0,0,0,0,192,125696,384,4032,45888,0,0,0,76480,128,546,1275,3867199297,2005766077,1207680,0
1130,1677248,387712,187968,0,5248,29440,636096,252736,178048,157760,1519488,4672,1408,630720,46208,235712,11008,0,0,1,256,126528,320,4096,45696,0,22208,384,53120,128,545,1278,2540570950,3084387364,1490048,0
1131,1676928,160256,188096,0,3840,7936,578048,250816,487936,468288,1208640,0,1472,572672,0,0,0,19008,0,0,192,125632,448,4096,45824,0,0,0,74432,192,540,1272,4014930632,1363610748,1200704,0
1132,1677184,136896,187520,0,3776,8000,561280,230656,549056,529088,1148096,0,1408,555968,0,0,0,0,0,0,256,126016,448,3840,27328,0,0,0,72640,128,528,1228,960345352,2930589479,1140096,0
1133,1676864,138560,187776,0,6016,7808,557312,230656,548736,528896,1147968,0,1408,551936,0,0,0,0,0,0,256,126144,384,4032,27264,0,0,0,72448,128,533,1230,2690478903,3090277999,1140160,0
1134,1677120,139008,188224,0,4288,7744,544576,228864,564416,544192,1132928,0,1408,539200,0,0,0,0,0,0,256,125376,448,3712,27072,0,0,0,71872,128,533,1229,2491700942,59910674,1125184,0
1135,1116736,137728,188288,0,2304,7680,514432,229248,37056,17280,1099456,0,1408,508992,0,0,0,0,0,0,192,125952,384,3840,27392,0,0,0,71360,128,539,1247,3236746984,3065031998,1091776,0
1136,1677312,168576,187840,0,3072,7872,569216,236352,504384,484160,1193152,5056,1408,563712,44672,0,10240,0,0,1,256,125760,448,4032,13696,0,20096,64,71872,128,540,1250,1917841324,2355302388,1185280,0
1137,1677376,168128,187200,0,3776,8000,789696,227456,293120,272704,1404672,213952,1408,784384,314752,0,17408,0,0,1,256,125952,384,3904,24384,0,70848,2240,0,128,526,1216,2857853147,3146050757,1396672,0
1138,1676416,169984,187776,0,6272,7744,636928,222272,445440,425600,1250816,54528,1472,631488,99456,0,12608,23104,1,1,256,122880,448,4032,24576,0,24576,384,44992,128,470,1110,782667732,4254642752,1243072,0
1139,1677376,201408,188288,0,4864,8064,766592,207744,300416,275136,1402240,0,1408,761216,0,67328,0,0,0,0,192,107968,448,3968,24512,0,0,0,70528,128,455,1079,334898469,1340326518,1394176,0
1140,1677120,131264,187008,0,3840,7552,674432,221952,451072,430720,1246400,0,1408,668928,0,0,0,0,0,0,256,121792,448,3904,24704,0,0,0,70720,128,453,1067,316359212,1669281284,1238848,0
1141,1677248,151616,191872,0,4864,28480,783488,205568,311360,291200,1386048,104576,1472,777920,199488,0,28672,0,2,2,128,80512,256,1792,53056,0,45632,1216,22848,128,450,1052,4293846888,2907073928,1357568,0
1142,1676928,162880,191424,0,3904,7744,955904,222848,132224,112192,1564736,142976,1408,950464,235328,0,26048,0,2,2,128,79744,256,1664,57408,0,48256,128,35136,128,445,1062,4220281250,1497595168,1556992,0
1143,1116864,132544,192896,0,5120,7936,495936,215296,67136,47232,1069632,0,1408,490624,0,0,0,0,0,0,192,82112,256,1728,45440,0,0,0,85440,128,454,1069,1821673949,1928583913,1061696,0
1144,1116928,150848,191296,0,6144,8064,475840,202432,82304,62336,1054592,0,1408,470400,2880,0,0,0,0,1,192,76800,256,1664,38144,0,0,128,85120,128,455,1063,234486664,2603609570,1046528,0
1145,1677184,165952,190784,0,6912,7872,557952,218944,528768,508672,1168512,5056,1408,552576,49920,0,12480,0,0,1,192,76288,192,1664,37952,0,21888,128,80576,64,449,1045,2380091328,3688266357,1160640,0
1146,1677184,165824,191168,0,5120,7680,541952,219776,545664,525632,1151552,5120,1408,536640,46400,0,10816,20096,0,1,192,77056,192,1536,38400,0,22464,128,79680,128,458,1065,3378501355,1720522875,1143872,0
1147,1677312,154368,187456,0,6144,7808,666432,219264,435840,415552,1261760,0,1408,661184,3072,0,0,0,0,1,128,77056,256,1664,38528,0,0,64,101440,128,452,1050,2418560125,1902150178,1253952,0
1148,1676864,165120,187904,0,6144,8256,759104,218816,331520,311872,1364992,5056,1408,753792,48256,0,10944,18816,0,1,192,76544,192,1600,37824,0,24832,384,77056,192,450,1050,2109536359,1627211805,1356736,0
1149,1677120,144640,188928,0,6016,7936,659264,205248,465088,444992,1232128,40448,1408,653824,85952,0,13312,0,1,1,192,81600,192,1472,33024,0,24704,64,63872,128,435,1016,725643035,2697810240,1224192,0
1150,1677120,247744,186944,0,5632,22464,895936,215680,102720,80256,1596864,5056,1344,890560,94208,0,9792,76992,0,1,128,82560,192,1600,44736,0,25344,44672,16320,128,490,1139,4057210932,3602049761,1574400,0
1151,1676992,143744,186752,0,6272,8128,640192,213312,478592,459008,1217984,0,1472,634752,0,0,0,0,0,0,192,82368,256,1664,45504,0,0,0,83200,128,495,1144,2333983693,756055175,1209856,0
1152,1677568,144064,188416,0,5056,44224,640192,215104,440512,420160,1257408,0,1408,634752,0,0,0,0,0,0,128,83136,192,1664,45056,0,0,0,84800,128,502,1166,4132438517,1123585472,1213184,0
1153,1676864,174912,187328,0,3840,7808,710144,204352,388480,368320,1308544,5184,1408,704832,62528,0,12288,0,0,1,128,82496,192,1856,48832,0,22656,2560,45504,128,496,1154,3251436372,1404060459,1300736,0
1154,1676864,265216,187328,0,3968,22464,699456,204480,293952,273792,1403072,4992,1344,694016,61632,0,10944,81856,0,1,128,79552,256,1728,52032,0,22976,128,47552,128,528,1193,3597853529,2721208136,1380608,0
1155,1117120,175616,188416,0,4032,22656,430784,207040,88576,63104,1054016,0,1344,425536,0,0,0,0,0,0,128,74624,192,1472,58432,0,0,0,72064,128,525,1185,1186487731,2535013854,1031360,0
1156,1117120,162752,187328,0,3968,22656,366080,191680,182656,162240,954880,0,1408,360832,0,0,0,0,0,0,128,74048,256,1792,43840,0,0,0,71488,128,518,1170,1790464983,1996695060,932224,0
1157,1116864,164224,189440,0,4800,22848,382336,194880,158336,138112,978752,0,1472,376832,0,0,0,0,0,0,128,74240,192,1408,44480,0,0,0,74304,128,511,1160,3849002217,826101692,955904,0
1158,1116864,184832,189120,0,3968,7744,413632,198592,118976,98880,1017984,0,1408,408320,0,0,0,0,0,0,128,79680,192,1600,44352,0,0,0,72512,128,510,1140,3288162247,2629553329,1010240,0
1159,1116736,171328,188672,0,3968,7680,471360,194624,79104,59200,1057536,0,1344,466112,0,0,0,0,0,0,128,78592,192,1728,40192,0,0,0,73664,128,517,1157,20706779,3990855825,1049856,0
1160,1116928,157568,189248,0,3968,7936,459264,193280,105664,85824,1031104,0,1408,453888,0,0,0,0,0,0,128,79040,192,1536,38912,0,0,0,73344,128,523,1161,1274263219,3224802807,1023168,0
1161,1116992,159680,188160,0,4032,7616,474112,190784,92608,72704,1044288,0,1408,468736,0,0,0,0,0,0,192,79424,192,1600,36288,0,0,0,72960,128,518,1154,3664355255,113580339,1036672,0
1162,1116736,158720,187648,0,4032,7680,475456,192064,91136,71296,1045440,0,1408,470016,0,0,0,0,0,0,128,80576,256,1664,36800,0,0,0,72512,128,531,1190,1054684090,2221090365,1037760,0
1163,1117184,139456,189056,0,4096,7808,456704,177024,143040,123264,993920,0,1408,451264,0,0,0,0,0,0,128,80192,192,1728,24512,0,0,0,70144,128,507,1147,4077928008,646830047,986112,0
1164,1676864,202560,188736,0,3968,7744,515648,222144,536064,516032,1160832,4736,1344,510336,71040,0,10240,52800,0,1,128,78144,192,1600,24896,0,21184,13568,82304,128,521,1223,1302686409,3745948282,1153088,0
1165,1116928,153344,188288,0,4032,8000,403136,221760,138368,118464,998464,0,1408,397824,0,0,0,0,0,0,128,79808,256,1664,24896,0,0,0,114880,128,525,1226,7249994,832104038,990464,0
1166,1117056,142976,187840,0,4096,29184,397120,222080,133760,113920,1003136,0,1408,391744,0,0,0,0,0,0,192,80320,192,1920,24512,0,0,0,114816,128,553,1271,3823546241,3484902381,973952,0
1167,1116608,142336,187712,0,6592,7744,453888,220480,97856,77952,1038656,0,1408,448448,0,0,0,0,0,0,128,79104,192,1792,24768,0,0,0,114368,128,561,1311,2246284512,2854501999,1030912,0
1168,1116800,153024,188416,0,6976,7936,447808,222912,89728,67968,1048832,0,1408,442496,0,0,0,0,0,0,128,80576,192,1536,24832,0,0,0,115520,128,540,1272,1996582034,4059620398,1040896,0
1169,1677376,161344,188480,0,3776,7616,619712,230912,465536,445376,1232000,41472,1408,614400,129920,0,24320,0,1,2,128,80192,192,1856,13696,0,46016,576,88128,128,534,1263,2016226654,1449879930,1224384,0
1170,1676800,219456,188032,0,10432,7616,704320,235392,311552,291392,1385408,41088,1344,699008,114432,0,11840,53504,1,2,128,76800,256,1536,21952,0,22528,13824,98240,128,543,1291,4008237019,1933299866,1377792,0
1171,1677184,141632,187392,0,6336,8064,591360,244096,498304,473344,1203840,0,1408,586048,0,0,0,0,0,0,128,77760,256,1536,29696,0,0,0,134592,128,542,1291,4143314490,571654802,1195776,0
1172,1677120,187072,188224,0,6272,8000,721088,260608,305856,285760,1391360,8320,1472,715840,96768,0,23936,0,0,2,128,77696,192,1984,28672,0,44800,576,106432,128,550,1301,766676620,3080169524,1383360,0
1173,1677120,182592,188160,0,6400,7872,767680,250112,274304,253952,1423168,53824,1408,762368,109120,0,13184,0,1,2,128,78976,256,1472,35712,0,25728,3136,104576,128,557,1312,2374580505,1563613338,1415296,0
1174,1676736,158144,188416,0,6400,7744,695040,249920,371072,350848,1325888,44608,1408,689664,123840,0,21248,0,1,2,192,78080,192,1728,35264,0,43712,192,90432,128,557,1300,3327555109,2544723000,1318144,0
1175,1677376,144384,194624,0,4800,7872,568960,250432,506304,485632,1191744,0,1408,563520,0,0,0,0,0,0,128,78592,192,1536,35456,0,0,0,134400,128,565,1322,407447063,774392443,1183872,0
1176,1677248,139712,188288,0,4608,7680,638656,203904,494400,473984,1203264,0,1408,633216,0,0,0,0,0,0,192,77888,256,1408,35520,0,0,0,88512,128,534,1247,2915191255,172187781,1195584,0
1177,1677312,171840,188736,0,3840,29376,524288,196928,562304,542272,1135040,5184,1408,518912,62720,0,12032,0,0,1,128,79680,256,1664,45760,0,22848,2688,43776,128,532,1248,3322065785,2359736807,1105664,0
1178,1116352,159104,188160,0,3968,7744,395840,200640,160896,141184,975168,0,1408,390400,0,0,0,0,0,0,128,79808,192,1664,48576,0,0,0,70144,128,536,1256,943921046,1378610597,967424,0
1179,1117184,145408,188928,0,3904,7808,364864,193152,213120,192896,924288,0,1408,359488,0,0,0,0,0,0,128,80000,256,1728,40896,0,0,0,70016,128,549,1278,2240309376,404828506,916480,0
1180,1116864,144384,188224,0,6080,8192,368384,192640,208960,188928,927936,0,1408,363008,0,0,0,0,0,0,128,79616,192,1664,39616,0,0,0,71296,128,560,1300,2935103907,856010039,919744,0
1181,1676992,167488,188416,0,3904,7936,526272,214272,568704,548736,1128256,8384,1344,520896,96320,0,22144,0,0,2,192,78976,256,1792,42688,0,47296,640,42304,128,556,1285,1525791360,1416013105,1120320,0
1182,1677184,194816,187392,0,11456,7936,660800,263744,351040,331008,1346176,51840,1344,655488,96320,0,11904,0,1,2,35840,80704,384,3200,49216,0,21056,256,72960,128,566,1309,1208879694,2398661204,1338240,0
1183,1677248,241408,188480,0,6336,8256,719296,255424,258048,237696,1439552,59200,1408,713984,122368,0,12800,80000,1,1,35776,80768,448,3264,41792,0,27904,14208,51136,128,575,1321,1884123150,2861005988,1431296,0
1184,1676864,163328,187584,0,5248,7936,574912,255424,482432,462528,1214336,0,1408,569600,0,0,0,0,0,0,35584,81280,384,3072,42240,0,0,0,92736,128,563,1305,2812775560,2182968216,1206400,0
1185,1677440,412608,187520,0,4032,7872,665024,238336,162048,141824,1535616,60480,1408,659520,121856,235584,13312,0,1,1,36352,80768,448,3520,43712,0,25600,2816,44992,128,567,1289,755750114,3193274822,1527744,0
1186,1676928,175744,188736,0,4096,7808,517760,243136,539648,519808,1157120,0,1408,512320,0,0,0,0,0,0,36544,81728,448,3392,45440,0,0,0,75456,128,547,1286,153309752,213978726,1149312,0
1187,1677376,159104,187520,0,4096,22336,560512,233088,510720,485184,1192192,0,1408,555136,0,0,0,0,0,0,36480,81088,448,3328,38848,0,0,0,72768,128,538,1272,1147031997,3917503353,1169856,0
1188,1677120,159488,188416,0,4096,29120,559360,231424,505216,485312,1191808,0,1408,554048,0,0,0,0,0,0,36416,81024,448,3072,38720,0,0,0,71552,192,533,1257,26151716,2948358579,1162688,0
1189,1676672,146304,187520,0,6144,7808,575360,232448,521088,501120,1175552,0,1408,569920,0,0,0,0,0,0,36864,80512,384,3136,38848,0,0,0,72576,128,535,1257,2541649129,2076778010,1167744,0
1190,1677248,158976,187328,0,5184,8448,512320,230912,574080,553792,1123456,0,1408,506880,0,0,0,0,0,0,37696,80960,448,3392,35584,0,0,0,72704,128,541,1258,2487173010,3384955488,1115008,0
1191,1116800,158784,188544,0,6912,7872,481728,227840,45120,25152,1091648,0,1408,476288,0,0,0,0,0,0,36416,81152,384,3136,34048,0,0,0,72576,128,544,1265,111066747,1229504602,1083776,0
1192,1117056,146816,187968,0,5120,7808,463680,229824,75840,55936,1061120,0,1408,458304,0,0,0,0,0,0,37376,80448,448,3200,35648,0,0,0,72576,128,536,1249,707441087,3811139936,1053312,0
1193,1116608,159552,188416,0,3712,7616,500032,231488,25792,5952,1110656,0,1408,494720,0,0,0,0,0,0,36800,78976,384,3392,40128,0,0,0,71680,128,543,1267,3158738538,3815707257,1103040,0
1194,1117056,167808,188352,0,3712,8128,444672,233280,71104,51072,1065984,0,1408,439360,0,0,0,0,0,0,36224,80768,448,3392,39104,0,0,0,73216,128,540,1276,3492799548,2783216937,1057856,0
1195,1677248,179840,188480,0,3904,7744,548800,254336,494144,473856,1203392,8512,1408,543424,96896,0,23808,0,0,2,36800,81728,384,3392,38208,0,44608,576,48512,128,540,1289,436483932,1822129659,1195648,0
1196,1677056,179840,188800,0,3904,8192,520576,247296,528448,508352,1168704,36864,1408,515200,76160,0,11840,0,1,1,36608,81088,320,3136,33216,0,19904,640,72256,128,534,1264,2905636322,4056675278,1160512,0
1197,1677504,175552,187840,0,6528,7616,578688,247232,474048,453504,1224000,0,1408,573184,2944,0,0,0,0,1,37248,78912,448,3840,33088,0,0,128,93440,128,540,1264,4113361778,124320565,1216384,0
1198,1676864,139328,188416,0,6912,7872,584512,246656,503168,482880,1193984,0,1472,579072,0,0,0,0,0,0,36928,81088,384,3200,32640,0,0,0,92288,128,544,1280,3760250126,4273055330,1186112,0
1199,1676928,140544,188160,0,2304,7616,545280,244672,548352,528256,1148672,0,1408,539904,0,0,0,0,0,0,36608,80192,384,3328,32320,0,0,0,91712,128,551,1283,2625433131,1406991596,1141056,0
1200,1677376,213120,188288,0,3072,28864,867904,246080,130048,109568,1567808,92608,1408,862656,236416,0,36800,18624,1,3,36160,80000,384,3072,32640,0,72896,3712,17088,128,546,1277,392124408,2741393916,1538944,0
1201,1676864,158400,186048,0,10944,8000,592000,250816,470656,450368,1226496,56512,1408,586560,104000,0,11392,0,1,1,36800,81344,320,3200,35968,0,21696,64,71296,128,541,1253,256397109,1798227561,1218496,0
1202,2237248,943552,186368,0,5056,7744,605120,248192,241216,221248,2016000,0,1408,599808,2880,769856,0,0,0,1,36032,79872,320,3136,35584,0,0,128,92992,128,554,1286,888452872,465324104,2008256,0
1203,1677312,142592,186752,0,5056,7616,554432,249856,531008,505408,1171904,0,1408,548992,0,0,0,0,0,0,36288,80704,384,3392,35840,0,0,0,93120,128,556,1303,2471701567,309657761,1164288,0
1204,1677312,142336,187712,0,3840,7616,565440,254464,515904,495680,1181632,0,1408,560000,0,0,0,0,0,0,36160,80704,448,3200,38976,0,0,0,94848,128,554,1291,3458392753,3426691184,1174016,0
1205,1676416,142528,187136,0,3776,8192,555392,253184,526208,506368,1170048,0,1408,550080,0,0,0,0,0,0,36864,80384,448,3520,39936,0,0,0,91904,128,552,1299,624870274,2344308961,1161856,0
1206,1677056,142080,188160,0,3712,8128,556928,251712,526336,506496,1170560,0,1408,551488,0,0,0,0,0,0,36864,80000,448,3520,39808,0,0,0,90944,128,544,1283,1186757327,3374014697,1162432,0
1207,1677184,141824,186624,0,6784,8064,566336,250688,516864,497344,1179840,0,1408,560832,0,0,0,0,0,0,36608,80640,384,3328,37056,0,0,0,92544,128,538,1265,1303261466,3562802045,1171776,0
1208,2237568,479296,186240,0,12416,7936,1160768,362304,28608,8256,2229312,135936,1280,1155456,389568,234048,62144,53696,3,5,37184,79936,107712,5376,52288,0,123904,7936,0,128,551,1296,606814383,1871888268,2221376,0
1209,1676992,254208,189184,0,3712,7872,501248,353472,367296,347200,1329792,0,1472,495808,10432,0,0,86464,0,2,35840,79552,109568,4928,45696,0,0,4800,72960,128,526,1245,3361467689,1490343650,1321920,0
1210,1677184,158400,186816,0,3648,28992,608000,359168,332160,311744,1365440,31808,1408,602560,74112,0,12608,0,1,1,37120,79872,109568,5056,51264,0,21632,128,54400,128,534,1242,3679276221,3487854062,1336448,0
1211,1677056,138816,188928,0,3712,7808,476224,348736,512832,492672,1184384,0,1408,470784,0,0,0,0,0,0,36928,79936,108736,5376,41984,0,0,0,75648,128,549,1280,134741891,3048672965,1176576,0
1212,1677184,216448,186688,0,3776,7552,705536,344960,212224,192064,1485120,104128,1344,700288,206272,0,27136,48384,2,2,37056,80064,110144,5056,36736,0,44992,5056,25728,128,543,1268,3494142636,3513901897,1477568,0
1213,1677120,160448,189056,0,3840,7808,503488,344384,468096,448000,1229120,0,1344,498176,0,0,0,0,0,0,36864,79808,109632,5376,37184,0,0,0,75392,128,540,1271,259920001,2705224840,1221312,0
1214,1676800,242368,186944,0,3776,7808,580608,356544,298752,278912,1397888,41920,1408,575168,111744,0,12544,83200,1,1,36736,80384,109760,5888,46720,0,22080,128,54720,128,553,1303,3423375020,1482853567,1390080,0
1215,1117056,149824,188416,0,10240,8128,473024,242176,45248,25152,1091904,0,1344,467520,0,0,0,0,0,0,37056,79040,448,3264,49472,0,0,0,72768,128,538,1266,1203421946,2868610780,1083776,0
1216,1116992,160704,187584,0,6272,8000,449152,229504,75776,56000,1060992,0,1408,443840,0,0,0,0,0,0,36480,79808,384,3392,36800,0,0,0,72512,128,544,1263,2601357088,2254013197,1052992,0
1217,1677184,160640,186560,0,20608,22784,548864,241408,496320,476032,1201152,0,1408,543424,0,0,0,0,0,0,36736,80256,448,3328,46464,0,0,0,74048,128,530,1262,1255344826,3981714247,1178368,0
1218,1116800,148928,188224,0,3904,7680,442752,199680,125632,105536,1011264,0,1408,437312,0,0,0,0,0,0,128,79936,256,1600,47552,0,0,0,70016,192,536,1258,1358067548,2279860731,1003584,0
1219,1116864,160128,188864,0,3840,7744,420096,195136,141056,115968,1000896,0,1472,414528,0,0,0,0,0,0,192,79808,192,1664,42880,0,0,0,70272,128,548,1278,3500898579,604373832,993152,0
1220,1677184,237952,187904,0,3840,7744,577088,198656,464000,443968,1233216,65536,1408,571712,123008,0,12480,80128,1,1,192,80704,192,1664,44288,0,22144,13824,35520,128,550,1285,3031424580,3486464083,1225472,0
1221,1677248,186560,186944,0,12288,22656,897344,199168,172288,151936,1525312,243328,1344,892096,294528,0,12800,0,1,1,128,79808,192,1536,45440,0,24512,576,46848,128,540,1248,3236476849,2331104947,1502656,0
1222,1116864,143680,188288,0,4224,44544,509952,193216,32960,13312,1103552,0,1408,504512,0,0,0,0,0,0,128,80832,192,1792,37696,0,0,0,72448,128,534,1233,2474249380,1444481436,1059008,0
1223,1676736,144000,188928,0,5056,23232,605376,186240,523904,504064,1172672,0,1472,599872,0,0,0,0,0,0,192,80384,192,1728,32064,0,0,0,71552,128,550,1249,448641056,566024832,1149440,0
1224,1677312,143936,188224,0,19904,7936,696704,188672,431936,411584,1265728,0,1408,691264,0,0,0,0,0,0,128,76160,256,1792,39936,0,0,0,70272,128,551,1260,3178640947,2548837015,1257792,0
1225,1678528,172928,188992,0,4416,12224,717760,198336,383872,362816,1315712,38912,1408,712384,76480,0,11456,0,1,1,192,74624,192,1536,48192,0,19264,128,54080,128,559,1276,3517788987,4285077863,1303488,0
1226,1677312,207232,187648,0,4800,12224,536896,200512,528000,506496,1170816,0,1408,531520,0,0,0,49728,0,0,192,80320,256,1600,43520,0,0,0,74496,128,554,1272,1035676921,4003672871,1158592,0
1227,1116864,140864,187712,0,4352,12224,528000,198272,45440,24256,1092608,0,1408,522560,0,0,0,0,0,0,128,80512,192,1536,42752,0,0,0,73024,128,549,1259,249185889,3788329735,1080384,0
1228,1116928,141568,189248,0,4224,12352,458624,189824,121088,99840,1017088,0,1408,453312,0,0,0,0,0,0,128,79744,192,1728,35328,0,0,0,72576,128,552,1269,2417245737,1676731167,1004736,0
1229,1116928,141504,189120,0,4224,12032,516480,194816,58752,37184,1079744,0,1472,511040,0,0,0,0,0,0,128,80832,192,1536,38400,0,0,0,73600,128,521,1279,1281808737,1112032028,1067712,0
1230,1116864,142848,188864,0,5376,8064,440384,189312,142016,120576,996288,0,1472,435072,0,0,0,0,0,0,192,80256,256,1856,36288,0,0,0,70336,128,478,1190,758310251,1231380977,988224,0
1231,1675520,153344,188480,0,5440,7808,609600,222208,488640,468608,1206912,8448,1344,604352,97536,0,24000,0,0,2,256,75264,320,3968,46272,0,44928,1152,49920,128,453,1120,1075253155,4194531493,1199104,0
1232,1116928,121280,186944,0,11456,7808,502080,225344,62016,41984,1074944,0,1472,496640,0,0,0,0,0,0,256,80576,320,3968,44096,0,0,0,96000,128,462,1135,3699069907,3045416669,1067136,0
1233,1677120,141696,187648,0,4480,7936,568704,218624,548032,528000,1149120,0,1344,563328,2944,0,0,0,0,1,320,79808,320,4224,38208,0,0,64,95552,128,468,1141,2730509920,2036983187,1141184,0
1234,1677120,120192,187712,0,6720,28992,573632,213056,546816,526464,1150656,0,1408,568256,0,0,0,0,0,0,256,80768,384,4160,32768,0,0,0,94592,128,476,1169,3495939208,2055886515,1121664,0
1235,1678464,121472,188352,0,5632,17280,567360,218240,560128,533248,1145216,0,1408,561920,0,0,0,0,0,0,320,80576,320,4224,32320,0,0,0,100352,128,475,1162,684989087,3897615840,1127936,0
1236,1677376,120192,189120,0,4224,16640,554048,219008,574144,552448,1124928,0,1472,548672,0,0,0,0,0,0,320,80448,384,4096,32576,0,0,0,101056,128,478,1167,4075620471,1565074278,1108288,0
1237,1677184,120576,189056,0,6912,16640,580032,222400,541568,519936,1157248,0,1408,574720,0,0,0,0,0,0,256,74944,320,4224,41664,0,0,0,100864,128,477,1160,1268621393,625441159,1140608,0
1238,1676928,140736,188992,0,8256,16960,623104,214272,484608,462848,1214080,50560,1408,617792,96064,0,14720,0,1,1,256,80832,320,4096,45248,0,22784,128,60480,128,482,1177,1535587966,4277096368,1197120,0
1239,1116928,120192,187840,0,7680,17344,431744,209856,142272,120640,996288,0,1408,426304,0,0,0,0,0,0,320,80384,320,4032,43776,0,0,0,80896,128,486,1187,3071919305,3795614601,978944,0
1240,1677056,140416,189120,0,12288,16512,553344,207872,557504,536000,1141056,40384,1408,547712,89088,0,11456,0,1,1,320,80384,320,3968,41664,0,22144,128,58816,128,496,1216,132094962,1215458221,1124544,0
1241,1116800,120384,187840,0,4032,17216,426304,208064,152960,131648,985152,0,1408,420992,0,0,0,0,0,0,256,80192,384,4160,41920,0,0,0,81024,128,494,1209,2022787776,501420185,967936,0
1242,1116992,120640,188352,0,3968,16832,432576,211328,143296,121792,995200,0,1408,427328,0,0,0,0,0,0,256,80640,320,4096,44736,0,0,0,81152,128,491,1217,1915219597,2047247088,978368,0
1243,1116800,121472,187520,0,3968,16960,431936,214208,140736,119360,997440,0,1472,426560,0,0,0,0,0,0,256,75456,320,4096,52672,0,0,0,81280,128,478,1178,1301280902,670512190,980480,0
1244,1677248,198784,188544,0,4032,16896,548352,220864,499776,478464,1198784,53312,1408,543040,135232,0,23744,29504,1,2,256,80704,320,4160,52288,0,40896,128,41984,128,482,1195,187355128,948741024,1181888,0
1245,1116736,138240,187648,0,3904,16896,496896,218880,54272,32896,1083840,42240,1408,491520,82368,0,11648,0,1,1,256,80960,256,4032,51712,0,20800,128,60608,128,484,1193,613458039,1410419969,1066944,0
1246,1117056,132288,188416,0,5056,38272,416320,214464,122240,101056,1016000,0,1472,411072,0,0,0,0,0,0,320,81024,320,4224,47936,0,0,0,80512,128,489,1200,3708671107,3769581193,977728,0
1247,1116800,154240,188160,0,3968,31680,421056,213696,104000,82688,1034112,0,1408,415744,0,0,0,29120,0,0,192,80832,256,4096,46848,0,0,0,81344,128,493,1207,3834564871,2147850162,1002432,0
1248,1116992,119936,187968,0,3904,17024,431936,206976,149248,127936,989056,0,1408,426496,0,0,0,0,0,0,384,81216,384,3904,40192,0,0,0,80768,128,485,1184,2195011667,3079248544,972032,0
1249,1116928,120448,187072,0,4032,17024,447168,207872,133312,111936,1004992,0,1472,441856,0,0,0,0,0,0,256,74880,384,3968,46592,0,0,0,81664,128,495,1203,1905109071,3521205349,987968,0
1250,1676992,139520,187392,0,5120,16832,561280,213056,553792,532480,1144512,46016,1344,555840,121344,0,20800,0,1,2,256,80768,320,4096,46080,0,39936,128,41280,192,491,1199,3470938397,3766385037,1127680,0
1251,1116928,120128,187584,0,6208,16960,419200,209920,156928,130368,986560,0,1408,414016,0,0,0,0,0,0,256,80704,320,4480,42624,0,0,0,81408,128,491,1200,4010974213,3332173973,969600,0
1252,1116992,119744,187840,0,5248,16704,424064,203072,160320,138560,978432,0,1408,418688,0,0,0,0,0,0,384,80768,384,4160,36032,0,0,0,81216,128,489,1193,242422092,3081863283,961728,0
1253,1116864,120064,189440,0,3904,16832,415040,202944,168640,147392,969472,0,1408,409728,0,0,0,0,0,0,256,80384,320,4288,35904,0,0,0,81664,128,492,1199,3583935141,3439979694,952640,0
1254,1116864,141952,188096,0,3776,16448,419328,194048,153216,132032,984832,0,1408,413952,0,0,0,0,0,0,192,80960,192,1792,34624,0,0,0,76160,128,512,1257,3981922046,526778968,968384,0
1255,1116928,142720,188288,0,6080,16896,429440,197760,135744,114368,1002560,0,1408,424064,0,0,0,0,0,0,128,74368,192,1856,43264,0,0,0,77824,128,523,1295,1992987966,1277852339,985664,0
1256,1116992,142272,189120,0,5952,17152,415616,199488,147392,125888,991104,0,1408,410368,0,0,0,0,0,0,128,80832,256,1536,39552,0,0,0,76992,192,525,1289,340775088,1060637809,973952,0
1257,1117184,141504,188992,0,5120,17216,407296,199360,157696,135936,981248,0,1344,401856,0,0,0,0,0,0,192,79744,192,1600,40000,0,0,0,77504,128,536,1317,4076316658,3979834825,964032,0
1258,1116416,141504,188352,0,3776,19008,407040,193472,163264,141952,974464,0,1344,401728,0,0,0,0,0,0,192,80064,192,1664,33216,0,0,0,78016,128,563,1374,1604721925,2588640499,955456,0
1259,1116736,141312,189056,0,3712,18752,409664,192448,161792,140416,976320,0,1408,404288,0,0,0,0,0,0,192,81152,256,1728,31104,0,0,0,77888,128,579,1401,1960520113,2348581913,957568,0
1260,1677376,169344,188224,0,3712,19264,631872,208192,456768,435200,1242176,53888,1408,626496,178112,0,32896,0,1,3,128,79488,192,1856,45440,0,68608,384,11968,128,593,1414,2600366462,3569447578,1222912,0
1261,1116672,141696,189376,0,4672,40320,421952,203264,115392,93888,1022784,0,1408,416640,0,0,0,0,0,0,128,79872,192,1792,42560,0,0,0,78592,128,596,1407,2080247402,4173763133,982464,0
1262,1116608,187392,188352,0,3840,18880,440256,201536,76352,55168,1061440,0,1408,434944,0,0,0,28864,0,0,192,79104,192,1536,41792,0,0,0,78592,128,592,1401,3955798659,3514586786,1042560,0
1263,1116864,153472,187520,0,3712,19008,443968,195584,113600,92096,1024768,0,1408,438656,0,0,0,0,0,0,128,80960,192,1600,34304,0,0,0,78272,128,590,1393,3276273407,2026690967,1005760,0
1264,1677120,232960,188416,0,3712,19264,519232,205312,508224,486912,1190208,4800,1344,513920,72448,0,10368,80896,0,1,128,79552,256,1664,43840,0,22080,64,57600,128,595,1407,297393092,252468911,1170944,0
1265,1117056,178560,187712,0,3776,18624,464512,207104,56768,35328,1081728,0,1408,459200,0,0,0,30784,0,0,128,79360,192,1792,46144,0,0,0,79296,192,598,1417,601657831,3990989458,1063104,0
1266,1116864,153216,188032,0,3904,18944,439296,199424,114048,92736,1024128,0,1344,433856,0,0,0,0,0,0,128,80128,192,1664,39104,0,0,0,78080,128,603,1429,795716454,429913550,1005184,0
1267,1116928,154688,188224,0,6144,19072,440384,198272,110144,83648,1033280,0,1408,434816,0,0,0,0,0,0,192,79296,192,1600,38912,0,0,0,77952,128,596,1408,362365680,72895555,1014208,0
1268,1116928,141696,188992,0,6272,19456,442368,197952,120192,98560,1018368,0,1472,436928,0,0,0,0,0,0,128,80256,256,1664,38144,0,0,0,77376,128,596,1412,3761415782,4113515095,998912,0
1269,1116672,153664,187840,0,3712,18688,442368,189120,121280,99840,1016832,0,1344,436864,0,0,0,0,0,0,128,78976,192,1728,30080,0,0,0,77888,128,591,1408,1185200069,825218981,998144,0
1270,1116992,153984,188416,0,3712,19264,461568,199360,90688,69376,1047616,0,1408,456128,0,0,0,0,0,0,192,79680,256,1472,38976,0,0,0,78656,128,588,1401,3514503295,4172292024,1028352,0
1271,1677312,156096,190016,0,3904,19008,546176,205056,557056,535744,1141568,42240,1472,540992,84864,0,12864,0,1,1,192,80256,192,1728,43840,0,21056,576,57088,128,593,1419,1800699566,3260011776,1122560,0
1272,1677184,406464,187584,0,12992,19072,565952,200640,284480,262656,1414528,49344,1344,560640,102016,237888,12864,0,1,1,128,79872,192,1920,40640,0,23936,576,53248,128,571,1386,1297517913,875045295,1395456,0
1273,1116672,155200,188288,0,3904,19136,453440,193536,103168,81664,1035008,0,1344,448128,0,0,0,0,0,0,128,79488,192,1600,33792,0,0,0,78208,128,571,1389,3750102478,1104940122,1015872,0
1274,1116992,143232,188992,0,3840,18752,456256,192256,113664,92352,1024640,0,1344,450880,0,0,0,0,0,0,128,79744,128,1792,33344,0,0,0,76992,128,576,1367,1264137258,76717255,1005888,0
1275,1117184,154176,188096,0,3840,40128,458688,192768,79488,57856,1059328,0,1344,453184,0,0,0,0,0,0,128,79040,256,1728,33920,0,0,0,77568,128,584,1390,828191087,1801999600,1019200,0
1276,1116864,154752,187968,0,6144,19200,478272,201536,68992,47680,1069184,0,1408,472896,0,0,0,0,0,0,192,79616,256,1280,41856,0,0,0,78208,128,578,1369,1765642749,1452651568,1049984,0
1277,1116672,142720,188032,0,3840,33984,480768,206208,61120,39680,1076992,0,1408,475392,0,0,0,0,0,0,128,79040,256,1664,46656,0,0,0,78336,128,583,1391,3099590521,1203022666,1043008,0
1278,1117056,153792,186496,0,6080,18944,451648,199040,101056,77248,1039808,0,1408,446336,0,0,0,0,0,0,192,79616,192,1664,39104,0,0,0,78144,128,584,1393,2302776361,3342275670,1020864,0
1279,1116992,153664,188480,0,6848,19072,452160,194880,101888,80384,1036608,0,1472,446784,0,0,0,0,0,0,128,80512,256,1600,33984,0,0,0,78272,128,581,1373,184258285,1129686876,1017536,0
1280,1121088,142016,189056,0,6144,19200,456960,188096,119616,94464,1026624,0,1472,451584,0,0,0,0,0,0,128,80512,192,1856,27840,0,0,0,77440,128,579,1367,3856897521,441203660,1007424,0
1281,1110976,173184,188416,0,3200,18816,500096,187520,39744,17856,1093120,5120,1344,494080,41792,0,9600,0,0,1,128,79616,192,1408,27072,0,19648,64,59264,128,580,1365,1205524729,1605495840,1074304,0
1282,1676928,173056,188800,0,2304,18624,523776,196928,573440,551936,1124992,4928,1344,518400,42944,0,9920,0,0,1,128,79872,256,1728,36544,0,20672,128,57472,128,580,1356,3958051087,3647438068,1106368,0
1283,1116992,156032,189312,0,3712,18432,475392,200576,73536,46784,1070208,0,1408,470016,0,0,0,0,0,0,128,79616,256,1728,40512,0,0,0,78208,128,579,1358,1710213706,1226461385,1051776,0
1284,1116864,153600,187584,0,3712,19136,460160,192512,100160,78784,1038080,0,1472,454720,0,0,0,0,0,0,128,79616,256,1536,33600,0,0,0,77248,128,584,1368,1977367700,1843368501,1018944,0
1285,1116928,153536,188928,0,5888,19136,453056,187456,108928,87744,1029184,0,1408,447552,0,0,0,0,0,0,128,80640,192,1728,26816,0,0,0,77824,128,584,1363,207881657,3228964543,1010048,0
1286,1677056,156160,188672,0,4928,19456,557312,195008,555520,534016,1143040,44096,1344,551936,100160,0,12928,0,1,1,128,81088,192,1728,33152,0,23808,512,54272,128,585,1361,2060441106,3908099699,1123584,0
1287,1676992,173056,188160,0,3712,19264,548096,193472,551232,529856,1147136,8256,1408,542912,81536,0,19200,0,0,2,128,80000,192,1600,33088,0,39616,256,38464,128,585,1371,1214242364,2195251339,1127872,0
1288,1116992,154240,188544,0,3712,18624,467648,201792,82432,61120,1055872,0,1472,462272,0,0,0,0,0,0,192,79872,256,1472,41664,0,0,0,78208,128,581,1364,251424325,1152863419,1037248,0
1289,1117056,142400,187904,0,3712,40128,469120,206656,67136,45440,1071616,0,1472,463744,0,0,0,0,0,0,192,79488,192,1792,45312,0,0,0,79552,128,588,1380,3572294237,3640693834,1031488,0
1290,1116672,153664,188224,0,3776,19072,444800,197888,109248,87872,1028800,0,1408,439424,0,0,0,0,0,0,128,80704,192,1728,37632,0,0,0,77376,128,593,1394,1445791142,3841872925,1009728,0
1291,1116992,155264,187520,0,5952,19328,444160,192256,112512,91072,1025920,0,1344,438912,0,0,0,0,0,0,128,79104,192,1600,33536,0,0,0,77568,128,585,1371,1893318403,1704620532,1006592,0
1292,1116800,142528,187264,0,6208,19072,437312,193344,131072,110016,1006784,0,1472,431872,0,0,0,0,0,0,128,79360,192,1664,33728,0,0,0,78144,128,583,1366,3981732354,3871053353,987712,0
1293,1117056,154176,188544,0,2368,18688,420096,192896,140288,118976,998080,0,1408,414784,0,0,0,0,0,0,128,80320,192,1728,33024,0,0,0,77376,128,586,1379,1352449539,4281135791,979392,0
1294,1116800,155072,188608,0,2368,18880,443072,196224,112576,91456,1025344,0,1344,437696,0,0,0,0,0,0,192,79872,256,1792,35968,0,0,0,78080,64,581,1366,3220056365,3891340768,1006464,0
1295,1117248,141696,188800,0,3712,19264,440064,201984,121728,100288,1016960,0,1408,434688,0,0,0,0,0,0,192,80512,192,1856,40384,0,0,0,78784,64,586,1376,38864691,2749091889,997696,0
1296,1116928,154304,188672,0,3840,18752,420160,194304,136896,115584,1001344,0,1408,414848,0,0,0,0,0,0,128,80896,256,1664,33600,0,0,0,77568,192,588,1383,1867316504,4032976986,982592,0
1297,1116864,154368,187456,0,6016,19520,425280,185856,138368,117056,999808,0,1408,419968,0,0,0,0,0,0,128,78976,192,1600,26816,0,0,0,78016,128,583,1359,921255985,462568620,980288,0
1298,1116800,143296,189248,0,6208,18752,425536,185344,148416,127040,989760,0,1472,420096,0,0,0,0,0,0,128,79616,192,1664,26944,0,0,0,76672,128,580,1350,3625258989,3444003210,971008,0
1299,1116928,153856,189632,0,2368,19200,430208,187520,134144,107392,1009536,0,1408,424896,0,0,0,0,0,0,128,80384,192,1728,26880,0,0,0,78080,128,584,1362,2031218997,568209968,990336,0
1300,1116992,155264,187584,0,2432,19136,448832,197056,106688,85248,1031744,0,1344,443520,0,0,0,0,0,0,128,79680,192,1728,35712,0,0,0,79488,128,583,1358,2530105036,1294900693,1012608,0
1301,1116736,141760,188672,0,3712,19520,450240,213248,99584,78336,1038400,0,1408,444928,0,0,0,0,0,0,448,90432,256,1728,41280,0,0,0,78976,128,585,1367,1494618350,1258070557,1018880,0
1302,1676992,172608,188352,0,4672,18752,529600,198784,564224,542592,1134400,46848,1408,524288,86976,0,11776,0,1,1,192,80000,192,1600,37184,0,20672,128,58688,128,585,1371,2045228281,2159033394,1115648,0
1303,1116928,153728,187904,0,6016,19328,439680,192640,117632,96000,1020928,0,1344,434304,0,0,0,0,0,0,128,80640,192,1792,31680,0,0,0,78080,128,578,1345,1534269082,4247589324,1001600,0
1304,1116864,141888,188160,0,4288,40192,453504,192128,96704,75200,1041664,0,1408,448128,0,0,0,0,0,0,128,80768,256,1792,31296,0,0,0,77760,128,578,1349,3373302529,3550389231,1001472,0
1305,1116736,153920,188672,0,2432,19264,451200,190336,110912,89600,1027136,0,1408,445824,0,0,0,0,0,0,128,78848,192,1536,31104,0,0,0,78400,128,584,1359,767582695,4007886621,1007872,0
1306,1116992,190464,188992,0,2304,19392,475456,202816,37568,16256,1100736,0,1344,470016,0,0,0,30528,0,0,128,80448,192,1472,40384,0,0,0,80064,128,585,1363,2375533375,3224979250,1081344,0
1307,1116736,142592,190208,0,3776,34432,472320,205760,67648,46528,1070208,0,1408,466816,0,0,0,0,0,0,128,79040,256,1728,45248,0,0,0,79232,128,586,1373,3019730490,1317469960,1035776,0
1308,1117120,153216,188800,0,3712,18816,465792,206720,80064,58688,1058432,0,1408,460416,0,0,0,0,0,0,128,80064,192,1408,45760,0,0,0,79040,128,578,1367,2218950780,1789522965,1039616,0
1309,1677120,208384,188224,0,24192,19008,762624,290496,184192,162688,1514432,44736,1408,757248,84416,0,11648,30144,1,1,35968,78784,384,2944,43712,0,20480,64,108032,128,593,1402,4200851544,3247420503,1495424,0
1310,1676928,142784,188160,0,3840,18880,484928,288960,549376,528192,1148736,0,1408,479616,0,0,0,0,0,0,35776,79616,448,3392,42880,0,0,0,126720,128,597,1408,1765874834,3147974796,1129856,0
1311,1677376,188928,188288,0,3840,18880,576640,281408,419392,397568,1279808,46144,1408,571328,85696,0,12928,20992,1,1,36928,78656,384,3072,34880,0,19456,576,107328,128,599,1414,1651243103,3524496885,1260928,0
1312,1676928,175616,188352,0,3904,19200,597760,283136,408960,387712,1289216,39168,1344,592576,82880,0,14208,0,1,1,36608,79552,448,3456,35904,0,20864,384,105792,128,594,1407,3103628214,258705122,1270016,0
1313,1677120,142400,188480,0,3904,18688,538752,326720,458176,436544,1240576,0,1408,532992,0,0,0,0,0,0,36992,77568,320,3200,41408,0,0,0,167104,128,606,1445,2002926876,2885904173,1221888,0
1314,1677056,174592,188160,0,6272,19136,575552,321344,392000,370368,1306688,47296,1344,570048,90944,0,14272,0,1,1,37056,78592,384,3328,33216,0,21376,128,147136,128,607,1451,2803515194,1064009220,1287552,0
1315,1677248,153408,187584,0,6464,19392,478848,272896,558656,531648,1145600,0,1408,473280,0,0,0,0,0,0,36032,79296,384,3200,27072,0,0,0,126784,128,585,1380,1473344555,1307663018,1126208,0
1316,1676992,142336,188672,0,3840,39936,454592,274496,573120,551424,1125568,0,1344,449152,0,0,0,0,0,0,37248,79616,320,3392,27136,0,0,0,126656,128,583,1374,2985003398,2980538511,1085632,0
1317,1677376,153344,188608,0,3840,18496,489024,313920,510144,487808,1189568,0,1344,483712,0,0,0,0,0,0,36480,78144,320,3264,27200,0,0,0,168384,128,599,1426,3096759615,4026710619,1171072,0
1318,1676736,154496,188992,0,3776,19008,486528,334848,489088,467584,1209152,0,1408,481152,0,0,0,0,0,0,38720,77824,320,3712,46400,0,0,0,167744,128,600,1432,407803616,463646450,1190144,0
1319,1677248,142400,188480,0,4864,18880,496768,286208,539648,518080,1159168,0,1344,491456,0,0,0,0,0,0,36224,78912,448,3072,41088,0,0,0,126336,128,587,1394,2165875436,4248179658,1140288,0
1320,1677184,174272,187392,0,6912,18816,554304,282240,453248,431616,1245568,44224,1408,548928,86976,0,14016,0,1,1,37184,79104,320,3584,34048,0,20672,128,107072,128,593,1405,777116465,1211099473,1226752,0
1321,1677120,174784,188032,0,6976,19200,537536,315968,434624,412992,1264128,4992,1664,531776,46144,0,11904,0,0,1,37120,79168,384,3648,27456,0,22144,128,145728,192,594,1417,2398811291,3125167364,1244928,0
1322,1677056,142464,188160,0,3776,18944,492416,313024,518272,496832,1180224,0,1344,487040,0,0,0,0,0,0,36480,78784,256,3072,27456,0,0,0,166848,128,597,1412,3013921728,2691569516,1161280,0
1323,1676992,153088,188032,0,3840,19712,500736,271744,539840,518336,1158656,0,1408,495360,0,0,0,0,0,0,36672,79040,448,3328,27264,0,0,0,124864,128,588,1381,2860945861,2731634326,1138944,0
1324,1677120,175360,187136,0,16128,19008,659072,288064,332352,310976,1366144,48128,1472,653760,108096,0,14272,0,1,1,37120,80000,384,3456,40384,0,22976,128,103424,192,603,1408,899176554,706856784,1347136,0
1325,1677248,143296,187968,0,10688,19200,524160,335680,456256,434176,1243072,0,1344,518720,0,0,0,0,0,0,36480,78400,448,3648,50816,0,0,0,165760,128,622,1469,1091016446,2214792642,1223872,0
1326,1677056,153856,188544,0,5248,40384,476736,328576,483712,460160,1216896,0,1408,471296,0,0,0,0,0,0,36992,78592,448,3072,42944,0,0,0,166400,128,627,1481,2771205523,2219072912,1176512,0
1327,1676864,154112,188544,0,6400,19456,484928,285888,537536,516672,1160192,0,1472,479616,0,0,0,0,0,0,36928,79808,448,3392,37248,0,0,0,127936,128,605,1412,2176708951,709149593,1140736,0
1328,1677312,142528,188096,0,5376,19392,462400,283520,576000,554240,1123072,0,1408,457152,0,0,0,0,0,0,36928,79296,320,2752,37376,0,0,0,126720,128,605,1410,1891763860,2587060157,1103680,0
1329,1677120,153664,188096,0,6272,19520,507648,326080,475840,454272,1222848,0,1408,502400,0,0,0,0,0,0,36544,78272,320,3648,38720,0,0,0,168448,128,625,1472,934621456,3901789353,1203328,0
1330,1676992,233344,188352,0,5312,18816,643712,337088,250368,228928,1448064,8192,1408,638464,118400,0,20352,81664,0,2,36672,78016,384,3456,50368,0,45824,14336,107904,128,623,1468,3259828903,2709981494,1429248,0
1331,1677056,141120,187584,0,3968,19072,505152,294080,526080,499392,1177664,0,1408,499904,0,0,0,0,0,0,36800,78976,384,3392,47168,0,0,0,127232,128,618,1439,2559166848,694371923,1158592,0
1332,1677376,154176,188160,0,3904,19328,502592,282496,526720,505152,1172224,0,1408,497152,0,0,0,0,0,0,36544,79232,320,3136,37376,0,0,0,125760,128,616,1433,3452328426,733621015,1152896,0
1333,1676800,151424,187584,0,6272,19328,534144,319552,458496,436800,1240000,0,1472,528704,0,0,0,0,0,0,36864,78592,448,3264,32576,0,0,0,167680,128,622,1474,408327287,236563378,1220672,0
1334,1677248,141760,187712,0,6080,19008,506688,317568,498432,477120,1200128,0,1408,501568,0,0,0,0,0,0,36160,79488,384,3072,32000,0,0,0,166336,128,615,1470,2431697093,3668823779,1181120,0
1335,1677056,160064,188416,0,3840,18816,640704,289600,375616,354304,1322752,8064,1472,635328,89472,0,20288,0,0,2,37056,80448,384,3264,41344,0,46336,128,80512,128,599,1425,2748716500,3626042779,1303936,0
1336,1677184,140928,188352,0,3776,40000,496128,286080,521920,500416,1176768,0,1408,490688,0,0,0,0,0,0,36544,79104,384,3520,39360,0,0,0,127040,128,598,1423,607978149,1508905782,1136768,0
1337,1676928,141504,188544,0,3840,33216,526592,325312,457920,436288,1240640,0,1408,521344,0,0,0,0,0,0,36288,78656,448,3200,38528,0,0,0,168064,128,613,1474,1339780748,3137044652,1207424,0
1338,1677056,141504,187456,0,3776,19072,478720,319232,527296,506048,1171008,0,1408,473280,0,0,0,0,0,0,36480,80064,448,3200,31872,0,0,0,167040,128,609,1465,4032730137,2361865896,1151936,0
1339,1677120,163520,188224,0,3776,18880,583232,262016,457472,435776,1241344,44928,1408,577920,86272,0,14080,0,1,1,36736,80192,384,3072,15168,0,19648,128,106560,128,592,1414,575140359,3159679448,1222464,0
1340,1116992,142464,187904,0,3712,18624,472896,264512,26880,5568,1111424,0,1472,467520,0,0,0,0,0,0,36800,74560,384,3200,25024,0,0,0,124352,192,591,1414,223786790,1913637492,1092800,0
1341,1677120,141952,187456,0,3776,18752,498560,312320,514304,492992,1184128,0,1408,493120,0,0,0,0,0,0,37312,79680,320,3392,24192,0,0,0,167296,128,608,1463,226317069,4116331890,1165376,0
1342,1677248,141504,188544,0,3776,19456,483136,309696,531136,509568,1167680,0,1408,477760,0,0,0,0,0,0,36736,79424,448,3520,23360,0,0,0,166080,128,611,1470,3016982522,3100334710,1148224,0
1343,1677248,154624,187392,0,10048,19008,582400,260544,463232,441408,1235840,40448,1344,577152,90880,0,12480,0,1,1,36928,78848,384,3392,14784,0,24384,64,101632,128,583,1391,485250061,118151662,1216832,0
1344,1116800,140928,187520,0,6016,18688,468672,263232,31744,10048,1106752,0,1408,463168,0,0,0,0,0,0,36544,80704,320,3200,14976,0,0,0,127360,128,579,1383,1292875209,29833234,1088064,0
1345,1677120,141952,187648,0,6208,19264,512768,300160,509120,487808,1189312,0,1408,507392,0,0,0,0,0,0,36480,79552,384,3392,15040,0,0,0,165184,128,596,1430,1167809591,4145195815,1170048,0
1346,1676800,141312,189056,0,3776,18560,490816,305856,527424,506048,1170752,0,1408,485376,0,0,0,0,0,0,37184,74112,448,3264,24640,0,0,0,166080,128,599,1440,2937841850,2080807635,1152192,0
1347,1677504,174592,188160,0,3712,40448,577216,270336,423040,395904,1281600,45760,1472,571776,88960,0,12736,19072,1,1,37440,78592,320,3072,23616,0,22464,128,104576,128,590,1401,2757035902,1280313179,1241152,0
1348,1676864,174336,187840,0,3648,19136,589952,269120,432832,411264,1265600,50560,1408,584704,95168,0,12992,18816,1,1,36992,79040,448,3008,23040,0,24576,576,101312,128,593,1411,2477266354,1823050384,1246464,0
1349,1677056,142400,188096,0,4544,18816,544640,301888,476672,455040,1222016,0,1408,539328,0,0,0,0,0,0,36352,80128,320,3072,15616,0,0,0,166272,128,610,1465,3536433787,1235264491,1203200,0
1350,1677184,142208,188480,0,3712,18752,516864,299456,507712,486080,1191104,0,1408,511488,0,0,0,0,0,0,37312,79296,384,3264,15040,0,0,0,164096,64,614,1475,1089257683,1741879840,1172352,0
1351,1677056,142208,188224,0,3776,18944,529920,259776,534208,512896,1164160,0,1408,524480,0,0,0,0,0,0,36608,78976,384,3136,14976,0,0,0,125568,128,597,1422,3842908741,3043044734,1145216,0
1352,1676992,142144,188160,0,3776,20032,529792,265024,528064,506624,1170368,0,1408,524480,0,0,0,0,0,0,36160,73984,384,3072,24832,0,0,0,126528,64,597,1425,3494947398,2159789380,1150336,0
1353,1677184,174272,187328,0,3840,19200,593920,310784,387840,366464,1310720,5120,1408,588416,46464,0,10944,18944,0,1,36992,78976,384,3456,23296,0,22528,64,144960,128,605,1459,1935277059,581913890,1291520,0
1354,1677184,174464,188608,0,3840,18752,613184,310912,367424,346176,1331008,42304,1408,607872,86656,0,12416,18624,1,1,37248,80064,384,3456,23168,0,23936,576,141952,128,605,1455,1399957973,1071217228,1312256,0
1355,1677248,141760,187584,0,3776,19456,505344,259584,559744,538304,1138944,0,1408,499968,0,0,0,0,0,0,36608,78720,320,2752,15424,0,0,0,125632,128,588,1405,37564581,3995264952,1119488,0
1356,1676992,152064,188672,0,3712,18688,503296,260800,549760,528256,1148736,0,1408,497984,0,0,0,0,0,0,36672,79424,384,2944,15040,0,0,0,126208,128,585,1401,1187878366,3887725613,1130048,0
1357,1677248,141888,188352,0,5952,40192,543872,300736,456256,434688,1242560,0,1344,538432,0,0,0,0,0,0,36736,78400,320,3072,15552,0,0,0,166528,128,619,1479,3673979472,3149325799,1202368,0
1358,1676928,160576,187264,0,6080,19264,571392,311936,420416,398912,1278016,4864,1408,565824,45568,0,10432,0,0,1,36480,78400,448,2944,25024,0,22592,128,145792,128,614,1471,1689205852,1834059366,1258752,0
1359,1676992,155072,187904,0,2368,19072,597184,270656,444736,423296,1253696,8576,1408,591680,91840,0,21696,0,0,2,37248,79616,448,3136,23616,0,46528,512,79424,128,596,1415,2400658247,3551894523,1234624,0
1360,1677120,153280,187904,0,2432,19008,476288,268928,569280,548032,1129088,0,1344,471040,0,0,0,0,0,0,36480,79488,384,3456,23360,0,0,0,125632,128,595,1415,191108807,2879321160,1110080,0
1361,1677120,174144,188096,0,2368,19264,559488,316608,417152,395904,1281216,5056,1408,554176,49536,0,12480,0,0,1,36544,79936,384,3392,27456,0,22464,128,146176,128,606,1456,3803510573,863334273,1261952,0
1362,1677184,141760,188480,0,2432,18816,448768,315392,561536,540288,1136896,0,1408,443328,0,0,0,0,0,0,36288,79168,256,3008,26752,0,0,0,169792,128,608,1454,370626893,2109197714,1118080,0
1363,1677248,173568,188736,0,2368,18816,533888,274048,485824,458304,1218944,46720,1408,528640,90112,0,14336,0,1,1,36928,79552,448,3328,27520,0,21696,128,104320,128,593,1413,4145060311,2577394473,1200128,0
1364,1118208,153984,188416,0,3200,20288,425152,288832,38336,15552,1102656,0,1408,419904,0,0,0,0,0,0,37056,78528,448,3200,35840,0,0,0,133632,128,593,1414,4129580592,1253105408,1082368,0
1365,1675840,141632,188608,0,3136,19008,455552,320832,547072,525632,1150208,0,1408,450368,0,0,0,0,0,0,37184,77824,448,3200,35008,0,0,0,166976,192,602,1456,319654832,1433043602,1131200,0
1366,1676928,154048,189120,0,2432,19456,433280,315008,563584,542080,1134848,0,1408,427968,0,0,0,0,0,0,36992,79424,448,3328,27968,0,0,0,166720,128,598,1447,2334990806,1927358987,1115392,0
1367,1116928,154432,189184,0,2304,34240,433856,273280,29632,8256,1108672,0,1408,428480,0,0,0,0,0,0,36352,79040,384,3008,27328,0,0,0,127040,128,583,1406,2511943013,772465977,1074432,0
1368,1116864,162560,188288,0,2432,40064,456768,231360,35392,13760,1103104,5120,1408,451456,41728,0,9728,0,0,1,128,78528,128,1856,27200,0,19392,128,103872,128,581,1396,2633991045,4188221801,1063040,0
1369,1117056,153792,187776,0,2304,19264,401024,217344,135552,114176,1002880,0,1408,395712,0,0,0,0,0,0,128,78848,256,1728,15232,0,0,0,121024,128,585,1398,2215444991,3423630626,983616,0
1370,1116672,154304,189312,0,2304,18944,423296,227968,100544,79296,1037376,0,1472,418048,0,0,0,0,0,0,128,79040,192,1664,24960,0,0,0,121856,128,585,1400,2151338822,2011317050,1018432,0
1371,1117120,143040,187904,0,2304,19520,406656,182208,175488,153920,963200,0,1408,401280,0,0,0,0,0,0,128,79808,192,1792,23424,0,0,0,76736,128,572,1367,1038770753,2660266067,943680,0
1372,1116864,174400,187456,0,2368,19456,493632,175552,64000,42624,1074240,48256,1408,488256,92224,0,14400,0,1,1,192,80960,256,2048,14528,0,21568,128,55744,128,553,1321,3676526502,2223581271,1054784,0
1373,1116928,161088,187904,0,2432,19264,470976,174912,100352,79040,1037888,4672,1344,465664,45376,0,10304,0,0,1,128,80768,192,1792,14976,0,22720,128,54080,128,554,1320,764247313,3324024203,1018624,0
1374,1116992,142016,188032,0,2368,19200,400064,174656,190656,169600,947392,0,1408,394688,0,0,0,0,0,0,192,80256,192,1792,14912,0,0,0,77184,128,554,1320,1809978966,3390112898,928192,0
1375,1676800,211136,187200,0,12992,33472,892096,237696,102208,80768,1596032,100160,1408,886848,233024,0,33408,0,1,3,128,74816,256,1984,25600,0,70464,832,63488,128,576,1355,3091375375,1452507308,1562560,3
1376,1117120,180224,188288,0,3840,34176,402496,239168,68928,47552,1069568,0,1408,396992,0,0,0,0,0,0,128,80192,192,1664,24448,0,0,0,132480,64,595,1378,266080808,42920765,1035392,0
1377,1117184,168896,188608,0,3776,34112,401536,238336,81920,60160,1057024,0,1472,396096,0,0,0,0,0,0,128,79232,192,1600,24768,0,0,0,132288,128,597,1366,2404980861,1793834395,1022912,0
1378,1676672,196992,187584,0,3712,18944,504704,231360,533376,512128,1164544,8128,1408,499456,87936,0,20160,0,0,2,192,80128,256,1728,16192,0,44928,192,87616,128,585,1353,3658031843,645875269,1145600,0
1379,1677056,192192,188160,0,3648,39872,446720,230144,576320,549568,1127488,0,1408,441280,0,0,0,0,0,0,128,80512,256,1536,15872,0,0,0,131712,128,574,1330,3839837332,3640930202,1087616,0
1380,1677184,178240,188224,0,3648,19008,533952,237312,516800,494912,1182272,0,1408,528640,0,0,0,0,0,0,128,74880,256,1856,25472,0,0,0,134592,128,584,1363,3759247470,2131365416,1163264,0
1381,1677056,205056,188032,0,3776,19072,619328,240384,401408,380160,1296896,8512,1408,614016,91648,0,21184,0,0,2,192,80832,192,1600,24320,0,46976,512,85632,128,574,1363,482148425,3090586147,1277824,0
1382,1676928,187264,187968,0,3776,18944,539648,239168,500160,478912,1198016,0,1408,533824,0,0,0,0,0,0,128,79808,256,1664,24128,0,0,0,133056,128,569,1358,4215047465,2668105154,1179072,0
1383,1676928,182528,188480,0,4672,19264,521792,239872,520320,499072,1177856,0,1408,516544,0,0,0,0,0,0,128,79552,192,1600,25856,0,0,0,132416,128,598,1415,163126000,658253727,1158592,0
1384,1677184,194368,188736,0,3776,18816,594624,184896,491968,470592,1206592,7936,1344,589312,89024,0,20352,0,0,2,128,80960,256,1664,23488,0,46464,256,31552,128,582,1385,510248173,604014520,1187776,0
1385,1116736,142592,188416,0,3776,19264,479104,184128,99456,78080,1038656,0,1408,473856,0,0,0,0,0,0,192,75968,256,1600,28096,0,0,0,77888,128,572,1358,1830966304,4039744666,1019392,0
1386,1116864,142976,188672,0,3776,19200,475264,183232,103744,82432,1034432,0,1408,469952,0,0,0,0,0,0,128,80064,192,1664,23424,0,0,0,77632,128,578,1359,2782513982,644935889,1015232,0
1387,1116864,141568,188672,0,3712,18944,481280,182784,99904,78720,1038144,0,1408,475968,0,0,0,0,0,0,192,80256,192,1472,23488,0,0,0,77056,128,576,1365,730882538,2461521366,1019200,0
1388,1117056,141824,188288,0,3776,18816,480768,174208,109376,88064,1028992,0,1408,475392,0,0,0,0,0,0,128,80512,256,1856,15104,0,0,0,76224,128,581,1377,136913936,158692644,1010176,0
1389,1116864,142656,187392,0,3712,19392,480000,173440,110272,89216,1027648,0,1472,474624,0,0,0,0,0,0,128,80320,192,1536,15168,0,0,0,75968,128,592,1376,2628815360,2887733984,1008256,0
1390,1677184,213824,188480,0,3712,19136,557760,174848,519424,498240,1178944,9728,1408,552384,90816,0,22336,33088,0,2,128,79104,256,1856,15168,0,43200,256,34752,128,574,1365,1834059366,2400658247,1159808,0
1391,1117056,154816,189056,0,3776,40192,460288,185152,83776,62208,1054848,0,1344,454976,0,0,0,0,0,0,128,80704,256,1664,25088,0,0,0,77184,128,577,1371,3551894523,191108807,1014656,0
1392,1676992,192704,187776,0,3776,19648,512064,182208,578816,557568,1119424,5056,1344,506816,47616,0,12416,29632,0,1,64,79552,192,1408,23488,0,21760,576,55104,64,569,1341,2879321160,3803510573,1099776,0
1393,1116864,152960,188864,0,3712,18816,475840,173184,103488,82304,1034560,0,1408,470464,0,0,0,0,0,0,128,79488,192,1856,15104,0,0,0,76288,128,564,1327,863334273,370626893,1015744,0
1394,1116928,153408,188416,0,3648,18752,448960,174208,129536,108032,1008896,0,1408,443520,0,0,0,0,0,0,128,80000,256,1664,15360,0,0,0,76672,128,573,1344,2109197714,4145060311,990144,0
1395,1116864,174592,188800,0,3840,19200,516992,174016,39424,12608,1104256,0,1280,511616,0,0,0,0,0,0,128,79488,192,1664,14848,0,0,0,77568,128,574,1349,2577394473,4129580592,1085056,0
1396,1677504,220480,188160,0,3840,18944,580032,174592,491456,469888,1207616,5184,1472,574656,46784,0,10880,19200,0,1,192,79488,256,1728,14848,0,22528,128,55296,128,562,1337,1253105408,319654832,1188672,0
1397,1676928,200896,187584,0,3904,34112,574592,186688,489152,467584,1209344,0,1472,569152,0,0,0,0,0,0,128,80064,256,1664,25344,0,0,0,79104,128,565,1343,1433043602,2334990806,1175232,0
1398,1676928,201984,188096,0,6208,19008,574336,183104,504192,483008,1193920,0,1408,568960,0,0,0,18816,0,0,192,79104,192,1472,23040,0,0,0,78976,128,573,1357,1927358987,2511943013,1174912,0
1399,1677120,197952,191232,0,5120,19072,550656,172800,540288,519104,1158016,4928,1472,545280,47040,0,10688,0,0,1,128,79680,192,1792,14528,0,23872,384,52096,128,565,1335,772465977,2633991045,1138944,0
1400,1117056,185408,189184,0,3712,18688,484544,185856,49664,28224,1088832,0,1408,479232,0,0,0,0,0,0,128,79552,192,1728,25344,0,0,0,78784,128,562,1337,4188221801,2215444991,1070144,0
1401,1116864,176768,192192,0,4544,19072,457664,183296,83328,62080,1054784,0,1344,452480,0,0,0,0,0,0,128,79616,192,1664,23168,0,0,0,78400,128,555,1322,3423630626,2151338822,1035712,0
1402,1116992,153728,188416,0,4608,19136,455424,173824,121856,100416,1016576,0,1344,450112,0,0,0,0,0,0,128,79424,192,1792,14912,0,0,0,77248,128,559,1325,2011317050,1038770753,997440,0
1403,1116928,153728,188608,0,3712,18816,485120,184640,82304,60672,1056256,0,1408,479808,0,0,0,0,0,0,128,80320,256,1600,24640,0,0,0,77568,128,574,1359,2660266067,3676526502,1037440,0
1404,1677120,174144,189120,0,3776,39616,638592,184384,447488,426048,1251072,13440,1408,633216,137792,0,32064,0,0,3,128,80000,192,1664,24000,0,70144,704,7424,128,578,1359,2223581271,510248173,1211456,0
1405,1116672,173568,187648,0,6016,18880,523968,174208,32384,11072,1105600,5120,1408,518528,46784,0,11072,18880,0,1,128,81088,192,1664,14912,0,22656,128,53312,128,576,1355,604014520,1830966304,1086720,0
1406,1677120,225344,188928,0,4288,19072,552576,175104,511808,487808,1189312,10112,1408,547136,93440,0,22912,48960,0,2,128,80192,192,1536,14656,0,44288,704,33280,128,591,1368,4039744666,2782513982,1170240,0
1407,1116736,141312,187520,0,2368,18816,448768,175424,142528,121280,995456,0,1408,443456,0,0,0,0,0,0,128,80832,192,1600,14912,0,0,0,77632,128,593,1368,644935889,730882538,976640,0
1408,1677120,171008,189056,0,2368,19136,574592,179264,541696,520384,1156736,43264,1408,569344,86272,0,12160,0,1,1,128,75008,192,1856,25024,0,24000,128,52800,128,600,1388,2461521366,136913936,1137600,0
1409,1117056,178880,188928,0,2368,18944,444480,183488,99968,78720,1038336,0,1472,439168,0,0,0,29888,0,0,192,79872,256,1472,23424,0,0,0,78144,128,588,1363,158692644,2628815360,1019392,0
1410,1676992,163584,188352,0,2368,18752,561664,184512,557760,536256,1140736,59712,1408,556416,105408,0,14656,0,1,1,128,81088,256,1728,22976,0,22144,384,55680,128,579,1364,2887733984,582827397,1121984,0
1411,1677184,155904,186688,0,2304,19136,591040,173760,548352,521792,1155392,8640,1344,585664,91392,0,21568,0,0,2,128,80320,192,1536,14976,0,46336,576,29568,128,568,1338,2883176370,1566507677,1136256,0
1412,1116928,142272,187968,0,2368,18688,460352,174528,130752,108928,1008000,0,1344,455104,0,0,0,0,0,0,192,80512,192,1664,15104,0,0,0,76736,128,570,1340,1214277800,2059061071,989312,0
1413,1116672,142080,188544,0,2304,18880,442944,174592,147328,125952,990720,0,1408,437632,0,0,0,0,0,0,128,80128,256,1472,15040,0,0,0,77440,128,575,1348,1544955956,705885732,971840,0
1414,1116928,141632,188992,0,2368,19136,444736,179584,140480,119360,997568,0,1408,439360,0,0,0,0,0,0,192,74752,256,1600,25280,0,0,0,77376,128,563,1323,2945262636,2037402758,978432,0
1415,1116928,154752,188736,0,2304,19136,503360,183680,64960,43328,1073600,42688,1408,498112,87552,0,12672,0,1,1,192,80576,256,1536,23744,0,25536,128,51584,128,550,1300,2653059609,3207228359,1054464,0
1416,1676928,176256,188224,0,9600,19584,610368,240384,432512,411264,1265664,50176,1408,605056,90240,0,11200,0,1,1,128,79872,256,1792,34240,0,21184,64,102720,128,585,1384,18861040,327029363,1246080,0
1417,2237440,195904,188736,0,24640,55872,943936,300800,527552,505856,1731584,142080,1344,938432,185792,0,11648,0,1,1,128,79552,192,1728,38464,0,24128,128,156352,128,584,1399,2989611842,1183204900,1675712,0
1418,1676928,180608,188096,0,4096,34240,409664,298048,562176,540992,1135936,0,1408,404224,0,0,0,0,0,0,128,78912,192,1728,38656,0,0,0,178304,128,586,1399,3536433787,1235264491,1101696,0
1419,1677248,182784,187904,0,7296,34112,470272,299136,495744,474240,1203008,5056,1408,464832,46336,0,10816,0,0,1,64,79296,256,1664,38080,0,24000,128,155520,128,580,1399,1089257683,1741879840,1168896,0
1420,2237440,171200,194880,0,13312,19712,526272,810304,501760,475072,1762368,0,1408,520768,0,0,0,0,0,0,256,573568,448,4032,48000,44992,0,0,183872,128,592,1434,3842908741,3043044734,1742656,0
1421,1677056,209664,196032,0,12544,18624,704512,417088,118592,97216,1579840,44928,1408,699008,95936,0,12608,0,1,1,384,123136,95040,5504,63424,0,23040,128,106304,128,633,1511,3494947398,2159789380,1561216,0
1422,1677248,200768,188608,0,4160,19008,658048,373696,232960,211584,1465664,8320,1408,652800,89536,0,20352,0,0,2,384,126144,95936,5504,60864,0,46016,256,38464,128,604,1434,1834059366,764247313,1446656,0
1423,1677312,173824,188032,0,4224,19072,513344,370112,408704,387264,1290048,0,1280,508096,0,0,0,0,0,0,384,125504,96064,5440,58240,0,0,0,84352,128,600,1435,3324024203,1809978966,1270976,0
1424,1676864,177088,188544,0,4160,18816,507200,358400,422656,401280,1275584,0,1408,501888,0,0,0,0,0,0,448,124608,96384,5568,48448,0,0,0,82816,128,589,1400,3390112898,3091375375,1256768,0
1425,1677184,154176,188416,0,3968,19328,511552,363584,436160,414784,1262400,0,1408,506240,0,0,0,0,0,0,448,120704,95936,5568,56128,0,0,0,84672,128,606,1415,1452507308,266080808,1243072,0
1426,1677120,142016,188736,0,4096,19008,496896,262976,563392,542272,1134848,0,1536,491456,0,0,0,0,0,0,256,125504,512,3392,52160,0,0,0,81024,128,595,1420,42920765,2404980861,1115840,0
1427,1677312,142144,188608,0,4160,55488,484864,264256,537792,516288,1161024,0,1408,479616,0,0,0,0,0,0,192,125184,512,3328,52160,0,0,0,82752,128,590,1425,1793834395,3658031843,1105536,0
1428,1676992,161408,188608,0,4160,19200,579904,254336,469376,442880,1234112,8064,1408,574656,89408,0,19968,0,0,2,192,124672,448,3328,44992,0,46400,192,33984,128,591,1421,1041588419,2036652154,1214912,0
1429,1677248,141440,187776,0,11712,19456,499328,256256,561280,539840,1137408,0,1344,494016,0,0,0,0,0,0,256,125632,384,3264,44736,0,0,0,81856,128,601,1451,1347519812,796193541,1117952,0
1430,1676992,142528,187840,0,6400,19200,498304,260352,562368,541248,1135744,0,1408,492992,0,0,0,0,0,0,192,120832,384,3712,53760,0,0,0,81344,128,602,1451,1857903617,1507768685,1116544,0
1431,1677056,141888,189120,0,7104,18944,484224,254784,580992,558912,1118144,0,1408,478848,0,0,0,0,0,0,192,126336,448,3456,43904,0,0,0,80320,128,597,1422,15919355,1301311752,1099200,0
1432,1677184,141824,188416,0,5888,19136,487488,255104,579328,557824,1119360,0,1408,482112,0,0,0,0,0,0,192,126464,448,3392,43776,0,0,0,80704,128,595,1416,360721200,4170062534,1100224,0
1433,1676864,172864,187776,0,10816,21504,661760,249792,372352,351296,1325568,70912,1408,656384,167168,0,26304,0,1,2,192,123712,448,3520,37248,0,45696,576,38208,192,575,1368,1219506048,3895240184,1304064,0
1434,1677376,142208,187456,0,7232,21760,491840,246080,580800,559040,1118336,0,1472,486336,0,0,0,0,0,0,192,122816,384,3392,37248,0,0,0,81920,128,599,1395,366549506,2058392037,1096576,0
1435,1677376,142336,190784,0,5376,21120,547328,250560,519872,498624,1178752,0,1472,541824,0,0,0,0,0,0,192,122560,384,3328,40192,0,0,0,83776,128,606,1420,3598027858,1707668262,1157632,0
1436,1676864,142336,187712,0,4480,21504,536320,243776,540736,519104,1157760,0,1408,531008,0,0,0,0,0,0,192,117952,320,3648,38464,0,0,0,83072,128,600,1418,1062439462,2967679242,1136256,0
1437,1677696,142400,187264,0,7040,41664,526528,245184,527616,505664,1172032,0,1344,521088,0,0,0,0,0,0,192,122944,384,3456,34112,0,0,0,83968,128,592,1395,683699580,2796999920,1130368,0
1438,1676544,141440,187456,0,5312,21056,521728,242944,556608,534912,1141632,0,1408,516416,0,0,0,0,0,0,192,123072,320,3456,33792,0,0,0,81984,128,586,1391,85440447,3325893284,1120576,0
1439,1677184,142912,188544,0,3712,20608,519680,236992,564736,543040,1134144,0,1408,514240,0,0,0,0,0,0,256,123840,384,3584,27456,0,0,0,81344,128,585,1381,1911345921,2200310678,1113536,0
1440,1676992,177600,188288,0,3712,21184,597248,235520,453440,432064,1244928,0,1408,591936,0,0,0,0,0,0,192,122944,512,3904,26880,0,0,0,80960,128,589,1391,3804830948,780439595,1223744,0
1441,1676928,195968,188160,0,3968,20864,635712,236544,395712,374336,1302592,4992,1408,630528,41984,0,11008,0,0,1,320,122496,448,3200,27008,0,19520,128,63296,128,596,1400,3087759759,2567934777,1281728,0
1442,1677056,207552,187392,0,3904,20736,656192,251648,349632,328512,1348544,4800,1408,650880,58816,0,10176,0,0,1,192,122368,384,3456,41536,0,22912,128,60544,128,587,1403,4135229523,2984120742,1327808,0
1443,1677376,182080,186816,0,6656,21376,585024,249024,446400,424896,1252480,0,1344,579520,0,0,0,0,0,0,192,120960,448,3264,40832,0,0,0,83200,128,583,1390,3543866105,3819947379,1231104,0
1444,1677120,184000,188544,0,6784,21184,575488,242240,458880,431744,1245376,0,1408,570240,0,0,0,0,0,0,192,120768,384,3392,33472,0,0,0,83904,128,581,1386,983974206,2062470178,1224192,0
1445,1676928,185792,189184,0,2432,21056,564544,243648,470272,448960,1227968,0,1344,559296,0,0,0,0,0,0,192,121728,448,3584,33984,0,0,0,83584,128,583,1392,963745131,4273454758,1206912,0
1446,1677120,177280,188864,0,2432,21184,509056,242688,535616,514240,1162880,0,1344,503808,0,0,0,0,0,0,256,122240,384,3584,33216,0,0,0,82880,128,582,1398,1353452074,2132049753,1141696,0
1447,1676928,154624,188224,0,2368,42240,497152,240896,551424,530112,1146816,0,1536,491776,0,0,0,0,0,0,192,122112,384,3456,32448,0,0,0,82176,128,583,1398,1983432757,1890574612,1104576,0
1448,1677120,154624,197440,0,2304,18880,510464,252160,541248,519936,1157184,0,1408,505024,0,0,0,0,0,0,320,122176,384,3456,41664,0,0,0,84032,128,582,1400,1711081444,1575994248,1138304,0
1449,1677120,142016,188928,0,3136,19008,525568,245824,552640,531200,1145920,0,1408,520128,0,0,0,0,0,0,256,122944,512,3520,37696,0,0,0,80768,128,580,1397,1132551620,3317684456,1126912,0
1450,1677120,153280,188032,0,2368,19392,535488,237376,541184,518976,1158144,0,1408,530176,0,0,0,0,0,0,192,121728,384,3520,30656,0,0,0,80768,128,573,1373,3029297563,2989366180,1138752,0
1451,1676992,167744,187456,0,3840,18880,595456,231488,472128,450944,1226048,4992,1472,590144,56320,0,10880,0,0,1,256,121856,384,3648,24128,0,24320,128,56640,128,555,1336,25302274,150495829,1207168,0
1452,1117056,141760,188288,0,6016,19136,455040,230144,76672,55424,1061632,0,1408,449600,0,0,0,0,0,0,256,121792,512,3392,24000,0,0,0,80064,128,555,1332,3362462319,1323794254,1042496,0
1453,1676992,165568,188416,0,4416,19136,603328,222784,473344,451904,1225088,58624,1344,597952,139968,0,23552,0,1,2,256,121920,448,3584,15104,0,44288,256,36800,128,564,1341,2092711333,672817579,1205952,0
1454,1116992,154368,188352,0,2368,19136,473920,231232,47616,24320,1092672,0,1408,468480,0,0,0,0,0,0,192,121920,448,3456,25088,0,0,0,80000,128,563,1336,1122961180,1421582132,1073536,0
1455,1677056,161344,188800,0,2432,20608,526912,232384,544576,523264,1153792,4864,1408,521600,45184,0,9984,0,0,1,192,122368,384,3520,23616,0,23552,64,58560,128,563,1340,375426795,2836339448,1133184,0
1456,1677056,172800,188224,0,10688,21376,622528,235712,425728,404608,1272448,74688,1408,617152,122560,0,11648,0,1,1,256,121344,384,3392,27456,0,22528,128,60096,128,572,1345,3886236535,3764108849,1251072,0
1457,1676992,153536,188736,0,3712,36352,492608,236608,565440,544512,1132480,0,1472,487232,0,0,0,0,0,0,256,121344,448,3456,27072,0,0,0,83904,128,566,1343,451693336,2187269322,1096128,0
1458,1677248,160512,188864,0,3712,42176,555776,236480,489728,468096,1209152,4864,1408,550400,45440,0,10432,0,0,1,256,122432,384,3520,27712,0,22720,64,59264,128,563,1338,592187757,3203386739,1166976,0
1459,1677056,142464,188288,0,3840,20416,518272,244864,558912,537472,1139584,0,1408,512832,0,0,0,0,0,0,256,115712,384,3520,41408,0,0,0,83456,128,572,1357,2386526545,3253751029,1119168,0
1460,1677056,142656,188672,0,3776,20480,490368,248768,582336,555264,1121792,0,1408,485056,0,0,0,0,0,0,192,121600,384,3200,40640,0,0,0,82624,128,580,1369,1095634171,1895598667,1101312,0
1461,1677056,188864,188480,0,12288,20544,810560,308352,147968,126464,1550592,106560,1408,805248,248960,0,39360,0,2,3,384,121600,54336,5760,39808,0,67968,640,17728,128,573,1368,1973696038,1890794468,1530048,0
1462,1676928,142656,187776,0,6272,21248,574528,308992,435456,414144,1262784,0,1408,569088,0,0,0,0,0,0,320,121664,52288,5888,44288,0,0,0,84416,128,577,1377,4069863751,3726803419,1241536,0
1463,1677248,141696,189120,0,5184,20992,492288,311616,516352,495168,1182080,0,1472,486848,0,0,0,0,0,0,384,122752,52608,5632,43904,0,0,0,86208,128,570,1360,3983513912,3629166702,1161088,0
1464,1677056,176000,188480,0,4672,20544,713728,304128,269504,247744,1429312,113280,1472,708352,196928,0,22592,0,1,2,320,117376,52672,5696,42368,0,46464,192,38912,128,575,1369,1147444292,2965780895,1408768,0
1465,1677184,141952,188032,0,3840,21504,491840,304640,525376,504064,1173120,0,1408,486528,0,0,0,0,0,0,320,122624,52160,5952,38144,0,0,0,85312,128,584,1393,2287878434,2657211701,1151616,0
1466,1676800,141568,187712,0,3840,21440,493568,304512,524160,502976,1173824,0,1408,488192,0,0,0,0,0,0,384,121280,52992,5696,38784,0,0,0,85248,128,574,1365,3361060136,630925065,1152384,0
1467,1677312,163456,189888,0,3904,20544,696768,292288,310464,289152,1388160,49152,1408,691520,135424,0,25856,0,1,2,320,122624,52992,5504,25408,0,43264,512,41536,128,580,1381,3920785132,4122857210,1367616,0
1468,1677248,141952,187840,0,3840,42368,484800,291904,524544,502784,1174464,0,1344,479552,0,0,0,0,0,0,256,122688,53184,6016,25152,0,0,0,84480,128,580,1384,3238603568,1572540041,1132096,0
1469,1676928,142656,187328,0,3712,21312,486016,291712,544192,522432,1154496,0,1408,480704,0,0,0,0,0,0,256,122944,52928,5312,25408,0,0,0,84736,128,567,1361,3770306044,1300543562,1133184,0
1470,1677184,141184,187712,0,3840,19136,505728,293632,525952,504640,1172544,0,1408,500352,0,0,0,0,0,0,320,117184,52544,5568,33536,0,0,0,84352,128,576,1379,3932165401,2134765451,1153408,0
1471,1677056,141760,189888,0,3776,18816,582208,334144,406464,384896,1292160,0,1408,576832,0,0,0,0,0,0,320,122304,88896,5632,33344,0,0,0,83520,128,613,1464,2734913607,3890551180,1273344,0
1472,1676992,140864,188032,0,11200,18560,746304,349312,222720,201408,1475584,0,1408,740864,0,0,0,0,0,0,576,123776,88704,7168,40320,0,0,0,88640,128,600,1409,2055515110,1203316228,1457024,0
1473,1676992,141888,188096,0,3840,18624,633024,412352,279168,258112,1418880,0,1408,627776,0,0,0,0,0,0,768,124352,152064,11008,32192,0,0,0,91840,128,613,1468,2035573326,912417652,1400256,0
1474,1677120,142400,188096,0,3904,18816,579840,482176,261888,240576,1436544,0,1536,574464,0,0,0,0,0,0,1024,123264,215744,14592,31808,0,0,0,95616,128,593,1462,3955458040,1842452319,1417728,0
1475,1677120,142272,188160,0,3904,18496,540480,550336,233472,211712,1465408,0,1408,535104,0,0,0,0,0,0,1152,122752,277376,18112,32320,0,0,0,98496,128,626,1551,3675134860,343279165,1446912,0
1476,1676928,142016,188416,0,6144,19136,551552,588416,181248,154752,1522176,0,1408,546112,0,0,0,0,0,0,1152,117760,306560,19584,42112,0,0,0,101120,128,636,1572,3292203743,1543227110,1503040,0
1477,1677312,142080,188608,0,5184,19136,530944,517504,273856,251968,1425344,0,1536,525440,0,0,0,0,0,0,1024,122304,245120,16256,35840,0,0,0,96832,128,639,1544,3324484013,1283561352,1406208,0
1478,1677248,141632,190656,0,4928,41536,548864,458304,291328,269696,1407552,0,1472,543488,0,0,0,0,0,0,768,123456,189440,12160,35904,0,0,0,96448,128,634,1502,1235264491,1089257683,1366016,0
1479,1676864,142144,187776,0,6848,21696,551616,369472,397312,375936,1300928,0,1408,546304,0,0,0,0,0,0,576,122368,120256,8896,27392,0,0,0,89856,128,617,1468,1741879840,3842908741,1279232,0
1480,1676992,161216,187328,0,4544,20800,591808,294720,416576,395200,1281792,4928,1280,586560,40960,0,9792,0,0,1,320,123072,53888,5312,27328,0,19520,128,65024,128,588,1401,3043044734,3494947398,1260992,0
1481,1677184,141440,189376,0,2432,21120,521984,281920,518912,497536,1179648,0,1408,516736,0,0,0,0,0,0,320,122880,52736,6016,15168,0,0,0,84672,128,591,1407,2159789380,1935277059,1158528,0
1482,1676928,141504,188224,0,2368,20992,523712,288192,511936,490816,1186112,0,1408,518272,0,0,0,0,0,0,320,118272,52672,5504,25344,0,0,0,85952,128,588,1395,581913890,1399957973,1165120,0
1483,1677504,141696,187840,0,2368,20992,546176,351232,427200,405248,1272256,0,1344,540928,0,0,0,0,0,0,448,122304,108544,5632,28672,0,0,0,85504,128,612,1459,1071217228,37564581,1251264,0
1484,1677056,141632,189184,0,2432,21056,532800,322880,467072,444992,1232064,0,1408,527616,0,0,0,0,0,0,384,123136,81856,5376,27136,0,0,0,84864,128,605,1442,3995264952,1187878366,1211008,0
1485,1676992,141568,187200,0,2368,20864,535040,290880,499072,477376,1199616,0,1472,529536,0,0,0,0,0,0,384,123392,52416,5696,23680,0,0,0,85184,128,587,1389,3887725613,3673979472,1178752,0
1486,1677056,142336,188480,0,2368,20800,551488,302592,468992,447744,1229312,0,1408,546176,0,0,0,0,0,0,320,122944,73664,5248,15232,0,0,0,85056,128,584,1386,3149325799,1689205852,1208512,0
1487,1676928,163456,188544,0,2432,36160,675968,302720,307648,286656,1390272,51904,1408,670528,138240,0,26752,0,1,2,320,123392,72832,5440,15424,0,42176,704,42304,128,582,1385,2396888797,212849925,1354112,0
1488,1677504,162432,188608,0,2432,42240,644800,306240,330752,309056,1368448,46656,1408,639488,90496,0,14400,0,1,1,320,118144,71488,5504,25216,0,22144,128,63168,128,575,1377,1466416978,804413068,1326208,0
1489,1676864,142400,189056,0,2432,21120,595776,291136,434944,413568,1263296,0,1408,590400,0,0,0,0,0,0,384,123456,53312,5376,24064,0,0,0,84416,128,570,1342,4048320349,3402003420,1242176,0
1490,1676992,153856,187712,0,2368,20672,636160,292288,383936,362944,1314048,45888,1408,630848,89408,0,13504,0,1,1,448,122944,53120,5440,23104,0,22080,128,64896,128,566,1340,1511197821,732153954,1293376,0
1491,1677440,162112,187904,0,14720,20736,671744,291072,329152,307584,1369856,40448,1472,666432,100160,0,14464,0,1,1,320,123328,52608,5760,25088,0,22336,128,61376,128,570,1349,2287923414,2363644948,1349120,0
1492,1677120,154176,187136,0,11456,21056,686080,248000,369216,342720,1334400,46016,1472,680704,102976,0,13376,0,1,1,256,123776,384,3648,36864,0,25664,2304,54976,128,568,1361,3469846021,2266044130,1313344,0
1493,1676800,154432,188288,0,4032,18944,549504,304256,457344,436160,1240640,0,1472,543936,0,0,0,0,0,0,320,122816,53696,5632,38656,0,0,0,83008,128,565,1350,2589309276,1055737707,1221696,0
1494,2237376,161216,189824,0,30720,20608,1025344,328576,481088,452160,1785216,19264,1472,1017152,101696,0,18176,0,0,1,63616,118272,576,5760,54720,0,38464,128,46912,128,573,1369,30514836,3303910531,1764608,0
1495,1676992,142016,188032,0,4544,19136,624320,327808,371136,349696,1327296,0,1408,618816,0,0,0,0,0,0,62144,123328,640,5184,52480,0,0,0,83904,128,578,1382,1817511031,395321363,1308160,0
1496,1677120,160768,188288,0,6784,19456,720192,327360,254272,232960,1444160,48384,1408,714816,87552,0,11712,0,1,1,60928,122688,576,5568,53120,0,19904,128,64320,128,584,1394,2051270676,873512079,1424704,0
1497,1677568,142208,188416,0,7488,18880,615104,319360,386112,364352,1313216,0,1408,609664,0,0,0,0,0,0,61568,122944,512,5568,45248,0,0,0,83392,128,578,1381,1156643962,652617557,1294336,0
1498,1676736,141824,188416,0,6912,40448,561152,318336,419648,398144,1278592,0,1408,555712,0,0,0,0,0,0,61952,121920,512,5824,44928,0,0,0,83072,128,577,1378,4277843555,258218684,1238144,0
1499,1677056,141184,187904,0,7360,19072,558080,318592,444864,423488,1253568,0,1408,552704,0,0,0,0,0,0,60672,121600,576,5312,46528,0,0,0,83776,128,575,1374,307164283,2024653001,1234496,0
1500,1676992,140672,186624,0,8192,21056,567488,324992,427968,406208,1270784,0,1408,562176,0,0,0,0,0,0,60544,117632,576,5696,54208,0,0,0,86208,128,582,1392,116540036,3401665510,1249728,0
1501,1677184,142336,188544,0,6592,21376,528448,324544,465344,443648,1233536,0,1408,523008,0,0,0,0,0,0,61248,121920,512,5888,47616,0,0,0,87232,128,585,1394,3339002180,261331906,1212160,0
1502,1676992,141952,187200,0,3968,20736,566912,319040,437184,415744,1261248,0,1408,561472,0,0,0,0,0,0,62080,122816,576,5440,41792,0,0,0,86208,128,581,1387,3474118531,1275328313,1240512,0
1503,1677056,142464,189248,0,3968,21120,581440,247040,491776,470336,1206720,0,1472,576064,0,0,0,0,0,0,320,122752,384,3328,38336,0,0,0,81728,192,576,1374,1376365599,2922940006,1185600,0
1504,1677248,161664,188416,0,4032,21056,595520,249728,456832,435392,1241856,8640,1408,590080,86656,0,19584,0,0,2,320,121408,384,3328,41600,0,43264,192,39104,128,573,1372,3481036376,1670089552,1220800,0
1505,1116672,142016,188800,0,3968,20800,479552,250240,31296,10048,1106624,0,1408,474240,0,0,0,0,0,0,256,122048,384,3328,41920,0,0,0,82176,128,577,1372,2154082175,2726411795,1085824,0
1506,1677184,163712,188480,0,3968,20608,548672,245824,505920,484352,1192832,5056,1408,543296,44160,0,12416,0,0,1,384,117312,448,3520,40960,0,19392,128,63552,128,569,1351,4142436232,953732589,1172224,0
1507,1116928,142144,189120,0,4032,20736,473024,248512,39360,17792,1099136,0,1408,467712,0,0,0,0,0,0,256,122624,448,3840,39552,0,0,0,81600,192,570,1360,757676290,1734386475,1078400,0
1508,1116672,142080,188736,0,3968,22528,475776,253376,30208,3712,1112960,0,1408,470400,0,0,0,0,0,0,256,121664,448,3328,38976,0,0,0,88576,128,565,1346,971020077,2672944712,1090432,0
1509,1117120,141824,188800,0,4800,20800,488192,238784,33920,12672,1104448,0,1408,482624,0,0,0,0,0,0,256,122624,512,3520,29888,0,0,0,81856,128,555,1325,1449111247,2890607466,1083648,0
1510,1677440,164672,188608,0,10560,41984,660224,257792,353600,331968,1345472,42432,1472,654912,133568,0,24576,0,1,2,256,123136,448,3328,27904,0,47552,704,54336,128,549,1330,932026286,590035759,1303488,0
1511,1676992,184768,187776,0,6464,21376,674816,269568,332224,310848,1366144,32896,1472,669440,82496,0,13376,0,1,2,256,125248,448,3776,22912,0,23616,192,92992,128,558,1337,3819733281,2836152487,1344768,0
1512,1677056,171584,188352,0,7232,20928,724544,267520,296896,275520,1401536,54080,1408,719104,104192,0,13184,0,1,1,256,123200,448,3712,35968,0,24512,2240,77056,128,560,1344,459195259,959424272,1380608,0
1513,1677184,161472,188608,0,19904,21248,795072,352384,138496,117248,1559936,8192,1472,789632,51456,0,9984,0,0,1,35328,120128,640,5248,38016,0,20160,256,132480,128,584,1407,3226374789,2085255472,1538688,0
1514,1677312,160576,188288,0,4032,20864,662656,305856,335040,313792,1363520,40832,1408,657216,81664,0,11584,0,1,1,192,121216,448,3584,31424,0,19584,1984,127296,128,579,1393,3303226849,3482387519,1342656,0
1515,1677056,176192,187968,0,10688,19072,769280,291264,222592,201216,1475840,101632,1408,763968,201536,0,27584,0,2,2,320,121088,448,3328,38976,0,47424,256,79296,128,580,1378,2145321387,392231756,1456768,0
1516,1116992,142720,188352,0,4352,19136,421440,281408,59584,38080,1078912,0,1408,416192,0,0,0,0,0,0,256,120960,384,3328,32320,0,0,0,124032,128,577,1395,3422054544,920923318,1059776,0
1517,1676864,143552,188608,0,6464,33728,439040,283904,581568,560064,1116800,0,1472,433664,0,0,0,0,0,0,192,121536,384,3392,31808,0,0,0,126144,448,573,1377,3955027839,2794019251,1083072,0
1518,1677056,141312,188608,0,6720,19328,449728,289536,581824,559808,1117248,0,1408,444480,0,0,0,0,0,0,256,121536,448,3520,37952,0,0,0,125696,128,589,1409,1898451958,3805509770,1097920,0
1519,1116864,141568,188736,0,4096,18752,443712,244288,75712,54144,1062720,0,1344,438272,0,0,0,0,0,0,192,121856,384,3584,37568,0,0,0,80576,128,561,1349,1106605952,3250614791,1043968,0
1520,1116992,143424,188736,0,4096,19456,430400,245888,84992,63808,1053184,0,1408,424960,0,0,0,0,0,0,256,123200,448,3520,37376,0,0,0,80960,128,562,1352,396385526,35074376,1033728,0
1521,1677056,183872,189312,0,6464,19968,501056,248640,527744,506432,1170624,4992,1408,495616,47424,0,10816,19200,0,1,192,117184,512,3392,46208,0,22336,128,58560,128,564,1355,2153320193,177350321,1150656,0
1522,1677248,164096,188608,0,7104,40768,448064,253440,575168,553536,1123712,0,1408,442688,0,0,0,18944,0,0,192,123200,384,3648,44672,0,0,0,81216,128,571,1368,3961431897,1388974434,1082944,0
1523,1116800,141568,188992,0,5248,21248,460160,248512,51072,29376,1087424,0,1408,454720,0,0,0,0,0,0,320,122560,448,3456,39040,0,0,0,82560,128,561,1341,2076718985,2281233523,1066176,0
1524,1676928,160832,187648,0,3840,21248,525824,241408,536128,509696,1167232,4992,1408,520256,42112,0,9792,0,0,1,256,121984,384,3392,32576,0,20096,128,62464,128,568,1343,924862229,1930502582,1145984,0
1525,1676992,170432,188800,0,6144,21376,487168,246336,556736,535680,1141312,4928,1344,481792,43264,0,9664,0,0,1,256,122560,320,3584,34880,0,20416,128,64064,128,555,1320,174469051,859021827,1119936,0
1526,1116992,141440,187648,0,7552,21760,437376,238656,82560,60928,1056064,0,1408,432064,0,0,0,0,0,0,192,122560,384,3264,29824,0,0,0,82304,128,545,1290,4292547043,3261538019,1034304,0
1527,1116800,142272,190272,0,4352,21120,456320,242176,60288,38592,1078208,0,1344,451008,0,0,0,0,0,0,256,116864,448,3456,38720,0,0,0,82304,128,560,1320,2822642923,1446324474,1057088,0
1528,1677056,162048,188224,0,2368,21056,523776,241280,538304,516864,1160192,37056,1344,518656,77824,0,14208,0,1,1,256,121920,384,3264,32704,0,19264,128,63232,128,542,1287,884360946,2980863610,1139136,0
1529,1116928,141184,189056,0,2304,21376,444096,242304,76608,55232,1061696,0,1408,438592,0,0,0,0,0,0,192,122048,384,3072,32704,0,0,0,83776,128,542,1293,2180652416,2234627151,1040320,0
1530,1677120,171136,188288,0,3136,20928,594752,251968,446912,425600,1251520,8256,1472,589568,95872,0,21696,0,0,2,320,124224,448,3712,23616,0,47872,128,51520,128,543,1289,2168890383,361987331,1230592,0
1531,1677312,142464,188992,0,3776,21248,488128,251136,581568,559488,1117824,0,1472,482752,0,0,0,0,0,0,256,125056,448,3520,22656,0,0,0,99008,192,543,1291,218477007,1410700742,1096576,0
1532,1676864,171200,188096,0,5888,20992,692928,247680,350080,328640,1348224,44416,1408,687488,94592,0,13184,0,1,2,192,121856,448,3328,38336,0,22336,2368,58688,128,549,1298,3781922853,2928450333,1327232,0
1533,1117248,141376,188864,0,6208,20864,448384,245184,66368,44672,1072576,0,1344,443008,0,0,0,0,0,0,192,122368,384,3392,35200,0,0,0,83520,128,548,1283,3643441902,3262929893,1051712,0
1534,1676864,191424,188032,0,3904,41472,669824,338752,243456,218688,1458176,9984,1408,664448,94144,0,21888,0,0,2,35968,121280,640,4992,42112,0,42944,192,90496,128,571,1343,2005599902,1073032426,1416704,0
1535,1676992,172160,188096,0,3136,21312,488704,289408,514176,492736,1184256,5312,1408,483264,43648,0,9728,0,0,1,192,121088,384,3392,35456,0,19392,2048,107328,128,561,1321,1559484376,1370384602,1162944,0
1536,1676992,184192,188736,0,11264,21184,706560,255936,309120,287616,1389376,59520,1408,701312,149568,0,25280,0,1,2,192,96128,448,3648,27648,0,47936,512,79296,128,580,1353,3367702685,123756460,1368192,0
1537,1677184,153472,189184,0,3840,20800,485120,252416,572352,551168,1126016,0,1408,479872,0,0,0,0,0,0,256,93888,384,3392,27456,0,0,0,126912,128,588,1365,76281915,3018088356,1105216,0
1538,1677248,154432,188352,0,3712,19264,523328,259584,528576,507072,1170176,0,1408,517952,0,0,0,0,0,0,192,93824,448,3456,36864,0,0,0,124672,128,593,1371,371009094,996931431,1150912,0
1539,1676992,142592,195776,0,20288,19456,820800,443392,34688,7040,1669952,0,3584,810240,0,0,0,0,0,0,256,254400,512,5312,56064,45120,0,0,126720,128,556,1307,3067964863,947437604,1650496,0
1540,1677184,167232,203904,0,13056,19200,587968,401344,284480,257472,1419712,0,1408,582400,0,0,0,0,0,0,192,256320,448,5184,56640,44800,0,0,82432,128,538,1257,2461206865,2150431840,1400512,0
1541,1676928,167552,196736,0,4224,18624,564544,287040,438208,416896,1260032,0,1344,559168,0,0,0,0,0,0,320,141888,448,5120,57408,0,0,0,81728,128,537,1264,1722974075,1877052647,1241408,0
1542,1676928,143360,188544,0,4992,19264,567424,250560,502784,476352,1200576,0,1408,562112,0,0,0,0,0,0,256,113728,512,5248,49536,0,0,0,81152,128,537,1261,4138713034,3514474851,1181312,0
1543,1677248,153664,188672,0,4224,19328,563008,264832,483520,462208,1215040,0,1472,557632,0,0,0,0,0,0,256,128000,512,5376,48256,0,0,0,82240,192,539,1267,3040055473,216525198,1195712,0
1544,1677184,201408,187584,0,4288,39808,778432,308352,157312,135744,1541440,51264,1472,772992,180224,0,33152,0,1,4,256,127808,448,5824,55488,0,66816,512,51072,128,549,1300,2596700119,1699636777,1501632,0
1545,1676992,184256,188352,0,5440,19200,873792,293952,112000,90688,1586304,216640,1408,868416,315072,0,17280,0,0,1,256,127680,576,5248,57152,0,68160,2688,32064,128,554,1305,3545432110,1543080764,1567104,0
1546,1676992,173120,188288,0,6720,19392,545728,287296,456448,435456,1241536,0,1472,540480,0,0,0,23040,0,0,256,128256,512,4928,54016,0,0,0,99200,128,488,1171,3304823374,3791401903,1222144,0
1547,1677056,160896,188992,0,8256,34688,540288,287296,456640,435072,1241984,0,1408,534976,0,0,0,22080,0,0,320,127360,640,5760,53312,0,0,0,99776,128,492,1171,3386913140,1702251993,1207296,0
1548,1677312,147968,188288,0,5504,19072,606912,272960,436608,415360,1261952,0,1408,601408,0,0,0,0,0,0,320,126592,576,5568,40704,0,0,0,99072,128,491,1166,3043305435,3616733922,1242880,0
1549,1676992,149568,188288,0,4032,19392,677184,285952,352576,331200,1345792,0,1408,671744,0,0,0,0,0,0,256,128832,576,5696,49408,0,0,0,101056,128,484,1155,2181502330,2920854562,1326400,0
1550,1677056,137152,188352,0,4032,19264,784192,282496,261568,240256,1436800,0,1408,778816,0,0,0,0,0,0,256,127232,512,5120,49088,0,0,0,100096,192,502,1189,3860791611,4099775780,1417536,0
1551,1677056,148288,189120,0,4032,18496,631104,257984,428032,406528,1270528,0,1408,625664,0,0,0,0,0,0,256,115200,448,5632,36032,0,0,0,100288,128,489,1153,2593175478,4149480858,1252032,0
1552,1677248,148544,187840,0,3968,18944,623872,272000,422080,400448,1276800,0,1408,618560,0,0,0,0,0,0,192,128768,640,5056,36544,0,0,0,100672,128,485,1133,325180101,1475729450,1257856,0
1553,1676736,137024,188480,0,3968,19072,621632,269760,436800,415424,1261312,0,1472,616256,0,0,0,0,0,0,256,127552,512,5632,35520,0,0,0,100160,128,482,1144,2055525998,2358962276,1242240,0
1554,1677056,147776,188480,0,4032,18944,629760,260288,427776,406400,1270656,0,1408,624384,0,0,0,0,0,0,320,127680,512,4864,26816,0,0,0,99968,128,491,1161,789373987,1338972132,1251712,0
1555,1677312,149376,188352,0,4096,40064,639744,270912,384768,363264,1314048,0,1408,634496,0,0,0,0,0,0,320,127552,512,5632,36160,0,0,0,100608,128,492,1153,3598791682,198190804,1273984,0
1556,1677184,136640,199936,0,5056,19328,598592,268544,449088,427392,1249792,0,1408,593344,0,0,0,0,0,0,192,127680,512,5312,34560,0,0,0,100160,128,486,1140,2267605479,3667617496,1230464,0
1557,1677312,139264,189376,0,7424,18688,578944,260800,482816,460736,1216576,0,1344,573568,0,0,0,0,0,0,384,128064,512,4992,27136,0,0,0,99584,128,485,1142,2708740778,4115834396,1197888,0
1558,1676736,139776,188544,0,5376,18880,609792,261504,452864,425984,1250752,0,1408,604416,0,0,0,0,0,0,256,128256,512,5504,26944,0,0,0,99904,128,487,1152,3994335203,1277200397,1231872,0
1559,1677312,128384,188800,0,6016,19520,544896,259904,529792,508416,1168896,0,1408,539648,0,0,0,0,0,0,256,127360,512,5696,26240,0,0,0,99712,128,483,1136,1316199843,1551397547,1149376,0
1560,1676992,171008,188800,0,4352,18880,710784,241920,341248,319680,1357312,0,1408,705472,0,0,0,20736,0,0,320,114368,448,4864,22272,0,0,0,99520,128,487,1147,185545951,351127625,1338432,0
1561,1677184,139456,188288,0,2368,18944,648896,266560,412672,391104,1286080,0,1408,643520,0,0,0,0,0,0,320,129216,512,5632,30720,0,0,0,100032,128,486,1142,156392468,1901504843,1267136,0
1562,1677056,234368,188288,0,2432,19072,743744,265600,223552,202112,1474944,0,1472,738304,0,0,0,76480,0,0,192,128192,384,5504,29376,0,0,0,101824,128,533,1253,3825946893,3920372058,1455872,0
1563,1677312,175296,189824,0,2432,19136,729664,257856,303104,281408,1395904,4992,1408,724352,47040,0,11840,0,0,1,384,128320,512,5312,21824,0,23104,128,78144,128,539,1258,1444766802,2399931498,1376768,0
1564,1676864,176064,188224,0,2432,19008,731648,257856,301632,280192,1396672,5056,1408,726208,46592,0,12096,0,0,1,256,127488,448,5632,22464,0,22400,128,78912,128,529,1238,2566134225,2128991760,1377664,0
1565,1676992,142592,188096,0,2368,39616,737152,256576,310592,289088,1387904,0,1408,731776,0,0,0,0,0,0,256,127936,576,5440,21760,0,0,0,100480,128,525,1234,316359281,4257366784,1348288,0
1566,1677248,162304,188032,0,3840,19072,787584,267584,248832,227584,1449664,41344,1408,782336,86848,0,13056,0,1,1,384,128448,512,5568,30848,0,24768,128,76800,128,530,1248,79717471,712114059,1430592,0
1567,1677184,143360,187968,0,4800,19136,613952,257408,450560,428864,1248320,0,1408,608576,0,0,0,0,0,0,256,128192,640,5568,22080,0,0,0,100544,128,536,1247,4204573627,1971976388,1229184,0
1568,1677184,191872,188352,0,16000,19072,823488,289856,148544,127104,1550080,13120,1408,818112,147584,0,31168,0,0,3,320,127488,512,5440,37312,0,63104,320,55232,128,530,1252,4268746546,4256261371,1531008,0
1569,1676864,163072,188224,0,10624,19264,666496,269760,359424,338048,1338816,0,1472,660864,3072,0,0,0,0,1,256,115200,448,5824,29888,0,0,128,117888,128,528,1247,1410693401,3699332242,1319552,0
1570,1677120,142912,188288,0,6400,19264,652352,267200,400704,379456,1297664,0,1472,646912,0,0,0,0,0,0,256,129280,512,5568,30208,0,0,0,101248,128,526,1238,3806762280,588319048,1278400,0
1571,1677120,171456,188288,0,7872,19072,803840,266624,219968,198720,1478400,6784,1408,798400,55232,0,14400,0,0,1,320,128512,448,5760,30144,0,22656,128,78528,128,528,1242,1648933298,989867211,1459328,0
1572,1677056,154816,188608,0,5312,19136,767232,274048,267904,246336,1430720,0,1408,761984,0,0,0,0,0,0,192,127296,512,5120,37824,0,0,0,102976,128,529,1246,990210724,3966486503,1411584,0
1573,1677248,164544,188160,0,6080,19456,910656,273792,114560,93248,1584000,8640,1472,905280,94656,0,22144,0,0,2,256,129344,576,5568,35584,0,47808,512,54016,128,540,1259,3602295288,1555553838,1564544,0
1574,1677056,153408,188224,0,5120,19136,793024,265344,252800,226112,1450944,0,1344,787584,0,0,0,0,0,0,192,127168,512,5376,29824,0,0,0,102144,128,539,1255,3315494647,2316719032,1431808,0
1575,1676992,174720,188416,0,3968,40064,852416,248192,169216,147904,1529088,40384,1408,847040,81088,0,12224,0,1,1,256,128128,512,5632,31552,0,20736,64,61184,128,538,1255,136154823,102573819,1489024,0
1576,1677184,142528,189824,0,5056,19136,691968,247680,380992,359040,1318144,0,1408,686656,0,0,0,0,0,0,320,127808,512,5504,32192,0,0,0,81216,128,545,1266,611317802,2385973407,1299008,0
1577,1676992,154304,189184,0,6848,34112,653504,249664,389376,368192,1308800,0,1408,648064,0,0,0,0,0,0,256,128768,448,5440,31680,0,0,0,82944,128,537,1254,1207374140,2085538758,1274688,0
1578,1676992,154944,189760,0,4736,19264,645696,243840,418752,397248,1279744,0,1408,640320,0,0,0,0,0,0,256,115072,512,5632,40128,0,0,0,82112,128,539,1260,4086341065,2661659080,1260480,0
1579,1677248,143040,189632,0,2368,18816,637632,256704,429056,407488,1269760,0,1408,632256,0,0,0,0,0,0,256,128768,576,5568,38976,0,0,0,82368,192,538,1251,980395549,2539533872,1250944,0
1580,1677312,152960,187264,0,2368,19136,661376,248192,406016,384576,1292736,0,1536,656000,0,0,0,0,0,0,256,128320,576,5440,31360,0,0,0,82112,128,538,1248,1135130668,1153265953,1273600,0
1581,1676992,182592,188096,0,2432,18816,683200,248704,353152,331456,1345536,4992,1408,677952,42624,0,9664,0,0,1,256,128000,512,5696,31424,0,19520,128,63040,128,538,1252,126260179,1644033763,1326720,0
1582,1676992,175296,187840,0,3136,18752,746432,249600,295936,273088,1403904,48384,1536,741056,106624,0,14720,0,1,1,192,128192,512,5504,33600,0,23680,64,57728,128,539,1252,1303956688,2949145509,1385152,0
1583,1677248,153280,188224,0,3712,18816,697152,241664,374400,352704,1324544,0,1472,691776,0,0,0,0,0,0,256,127680,512,5568,26176,0,0,0,81344,128,526,1223,2217641221,2284197210,1305728,0
1584,1676928,154624,188160,0,3648,18816,728512,249600,333568,312192,1364736,0,1408,723136,0,0,0,0,0,0,256,128512,384,3968,34816,0,0,0,81536,128,540,1244,993960833,3354193479,1345920,0
1585,1677248,141632,187904,0,10240,19584,760192,252480,305216,283776,1393472,0,1408,754752,0,0,0,0,0,0,256,127296,384,4096,38336,0,0,0,81984,128,532,1233,3185548973,478625833,1373888,0
1586,1676992,161728,188544,0,4928,40192,807488,248000,226112,204608,1472384,32064,1408,802112,76928,0,12608,0,1,1,256,128000,384,4160,34816,0,23424,64,56768,128,543,1252,1237490759,4187496228,1432192,0
1587,1677248,187584,210560,0,8256,19008,772416,172992,306432,285056,1392192,5184,1344,767104,46464,0,10752,20288,0,1,192,54016,192,1792,38144,0,22400,128,56000,128,522,1204,2335270807,1828392379,1373184,0
1588,1677056,194688,187712,0,15104,19328,567680,252032,440512,418880,1258176,5056,1472,562176,51456,0,11264,18368,0,1,448,54656,69120,5376,37568,0,25536,512,58688,128,559,1271,4077802969,2212038905,1238848,0
1589,1676992,235456,188416,0,3904,18816,558400,279680,392320,371008,1305984,42304,1344,552960,106752,0,12928,82048,1,1,512,47488,100288,7040,37888,0,22080,64,64192,128,580,1322,3213071688,976839063,1287168,0
1590,1677056,143616,189376,0,11840,18752,482496,279040,551936,525376,1151680,0,1408,477248,0,0,0,0,0,0,384,47936,99456,7232,39744,0,0,0,84160,128,564,1302,142618012,889283049,1132928,0
1591,1676928,143360,187904,0,11968,21312,702080,344960,265344,243840,1433088,0,1408,696576,0,0,0,0,0,0,448,47616,131008,9728,65984,0,0,0,90048,128,562,1318,3234137556,914571718,1411776,0
1592,1677248,233408,188352,0,4032,20864,611264,341824,277504,256128,1421120,66112,1408,606080,124352,0,12800,81216,1,1,640,47872,129792,8768,64000,0,22208,13760,54656,128,562,1320,3845435203,2685867481,1400256,0
1593,1676928,174976,188096,0,3968,21120,570688,295424,422656,401280,1275648,8512,1408,565248,83328,0,18880,0,0,2,448,47808,100480,7232,52224,0,40576,128,46400,128,552,1282,256543198,1671403396,1254528,0
1594,1677248,142592,189184,0,4032,21312,457152,330048,532928,511424,1165824,0,1344,451648,0,0,0,0,0,0,640,47744,131840,9088,51648,0,0,0,88960,128,579,1351,2980907145,1991179951,1144512,0
1595,1677120,142976,188608,0,3968,21120,489152,327040,504256,483264,1193856,0,1408,483712,0,0,0,0,0,0,512,47744,132352,8896,48384,0,0,0,89024,128,558,1293,63569234,3345243410,1172736,0
1596,1677120,143104,189504,0,3968,20800,483328,324544,511872,490496,1186624,0,1408,478016,0,0,0,0,0,0,576,47744,130688,8832,48704,0,0,0,87872,128,562,1300,2623495637,1663461955,1165824,0
1597,2237440,186176,197824,0,25792,59456,1126144,320256,321792,289088,1948352,247936,3072,1116416,297216,0,12928,19264,1,1,512,47744,100032,7168,76416,0,24768,704,62784,128,557,1313,1629289885,3488904323,1888896,0
1598,1676864,166208,188160,0,13568,36096,479552,315008,478272,456960,1219904,0,1472,474048,0,0,0,0,0,0,512,46976,100032,6976,71488,0,0,0,88896,128,541,1289,2374580179,2772370643,1183808,0
1599,1677376,142400,187584,0,4352,36736,493184,292288,520832,499456,1177920,0,1472,487680,0,0,0,0,0,0,448,47040,99456,6720,50880,0,0,0,87616,128,544,1291,2997551740,2373543198,1141184,0
1600,1676992,157696,189248,0,4352,35968,512832,339328,437568,416512,1260480,0,1408,507456,0,0,0,0,0,0,576,47936,131072,9344,57664,0,0,0,92608,128,549,1295,2098702835,353822369,1224512,0
1601,1677056,153536,188480,0,4352,21376,471040,304128,534144,512768,1164288,0,1408,465664,0,0,0,0,0,0,448,48128,99520,6912,61376,0,0,0,87616,128,542,1279,3911463385,3743386290,1142912,0
1602,1677184,185536,187072,0,17984,20544,630336,423424,212288,190848,1486336,5120,1408,624960,42944,0,9600,0,0,1,36416,45248,130560,10368,61376,0,20416,64,118848,128,565,1360,41454782,3575382112,1465792,0
1603,1676992,142528,188672,0,4544,20800,476480,419904,424064,402560,1274432,0,1472,471040,0,0,0,0,0,0,36928,45184,131392,10752,58112,0,0,0,137408,128,574,1371,1901992594,1891842873,1253632,0
1604,1676992,142656,188032,0,4672,21184,467968,386304,466176,444608,1232384,0,1408,462656,0,0,0,0,0,0,36480,45632,100352,8896,58432,0,0,0,136384,128,565,1335,1631825365,2674085661,1211200,0
1605,1677056,184448,189120,0,4608,20608,545664,382272,350336,328896,1348160,4992,1408,540416,51392,0,12224,0,0,1,36416,44672,99264,8960,56320,0,22528,128,113856,128,557,1327,1236113331,2819840308,1327552,0
1606,1677056,153920,187648,0,4608,18944,606592,379200,326144,299456,1377600,0,1408,601216,0,0,0,0,0,0,37440,45504,68352,7040,46912,0,0,0,173824,128,531,1306,4034315138,1856126237,1358656,0
1607,1677312,140672,187520,0,4544,53056,628608,458944,203968,182400,1494912,5120,1408,623232,46720,0,12224,0,0,1,37056,44864,130368,12672,52032,0,22272,128,159424,128,499,1254,3451452485,512215524,1441856,0
1608,1676672,119936,188160,0,11776,17280,589376,420288,329856,308416,1368256,0,1408,584000,0,0,0,0,0,0,36864,45312,131456,12608,54592,0,0,0,139328,128,491,1221,1905170240,1725888346,1350976,0
1609,1677312,119744,187584,0,6912,16896,519360,373376,453440,431616,1245696,0,1408,514112,0,0,0,0,0,0,37824,46144,101120,10752,40768,0,0,0,136640,128,496,1240,2653764223,3688647450,1228800,0
1610,1677120,119872,188992,0,7552,17472,555968,413760,373504,352000,1325120,0,1472,550528,0,0,0,0,0,0,37248,45568,100224,11008,41600,0,0,0,177984,128,522,1314,1385440036,2373995472,1307648,0
1611,1677056,150720,189056,0,6528,16704,684672,422912,206464,185280,1491776,4992,1472,679296,66240,0,12160,0,0,1,36992,45248,99328,10816,51328,0,22528,64,156480,128,531,1347,1712233915,1948055853,1475072,0
1612,1677120,116864,188928,0,7040,17152,543680,382912,420544,399424,1277696,0,1472,538368,0,0,0,0,0,0,36800,46144,100288,9984,54592,0,0,0,134976,128,524,1318,38220353,4071349945,1260544,0
1613,1677248,131392,188160,0,7616,16768,540416,418816,374080,352384,1324864,0,1344,534912,0,0,0,0,0,0,37760,45376,132224,12672,52160,0,0,0,138496,128,537,1351,2993768722,2342622891,1308096,0
1614,1677120,119360,187584,0,7488,19328,560640,426560,356160,334400,1342720,0,1408,555456,0,0,0,0,0,0,37312,45888,99968,10560,53376,0,0,0,179328,128,546,1380,1903625121,2193025575,1323392,0
1615,1676928,119680,188544,0,7360,18880,543552,459328,339584,318208,1358720,0,1408,538240,0,0,0,0,0,0,37568,45632,131648,11712,51712,0,0,0,180928,128,555,1408,3127995616,962513292,1339840,0
1616,1677184,118976,187584,0,7680,18944,540992,422720,380288,356480,1320704,0,1408,535552,0,0,0,0,0,0,37952,45056,131840,12544,55040,0,0,0,140160,128,538,1354,2383631521,2040485722,1301760,0
1617,1677504,151360,187776,0,12992,19584,606976,395840,302976,280960,1396544,5056,1472,601536,60544,0,12416,0,0,1,37440,46272,100224,10688,61888,0,24000,128,115072,128,530,1340,1380926160,3168891107,1376960,0
1618,1676736,131648,188544,0,6272,39360,567232,436416,307264,285760,1390976,0,1408,561856,0,0,0,0,0,0,37824,44736,100224,10432,64064,0,0,0,179008,128,547,1389,3239199276,4124443438,1351616,0
1619,1676992,132736,187648,0,7744,18944,536064,400704,393152,371520,1305472,0,1408,530752,0,0,0,0,0,0,36736,44672,68544,8128,65728,0,0,0,176768,128,545,1369,2062765654,1367710930,1286528,0
1620,1677184,120768,188416,0,6464,19136,559616,442048,340736,319040,1358144,0,1408,554304,0,0,0,0,0,0,37440,46080,133056,13184,72128,0,0,0,140032,128,542,1370,2242761950,886642634,1339008,0
1621,1677184,120512,187776,0,3968,19456,530304,442432,372736,351424,1325760,0,1408,524992,0,0,0,0,0,0,37120,45504,132160,12672,74560,0,0,0,140288,128,556,1394,4256970941,784682322,1306304,0
1622,2237056,137664,188352,0,19456,37440,799680,535680,518784,483328,1753728,4992,1472,790976,74240,0,9664,0,0,2,512,45120,190080,9088,114496,0,19456,704,156096,128,546,1382,2638899037,2165739677,1716288,0
1623,1677248,119680,187968,0,4224,34496,484160,543168,303552,282112,1395136,0,1408,478848,0,0,0,0,0,0,512,44928,188416,9152,124928,0,0,0,175104,128,555,1400,1727309387,1817080317,1360640,0
1624,1676992,131264,188736,0,4160,35136,574272,532672,210752,189248,1487744,0,1408,568832,0,0,0,0,0,0,576,45632,189120,9536,155072,0,0,0,132608,128,565,1431,3979564371,2741819692,1452608,0
1625,1677120,116480,188608,0,4096,34432,485376,583040,265088,243776,1433344,0,1408,479936,0,0,0,0,0,0,448,45824,199936,9152,192512,0,0,0,135040,128,549,1402,1218713075,460935112,1398912,0
1626,1677248,130688,188608,0,5056,35072,498496,546624,272704,251392,1425856,0,1408,493056,0,0,0,0,0,0,640,44928,219264,10496,134848,0,0,0,136384,64,562,1428,343998332,2542302408,1390784,0
1627,1677248,119232,187776,0,4160,34432,491328,529216,311104,289792,1387456,0,1472,485952,0,0,0,0,0,0,704,44992,187520,9088,154240,0,0,0,132544,128,565,1424,2395639575,953245999,1353024,0
1628,1677248,120128,188032,0,6208,55744,512192,527744,267200,245632,1431616,0,1344,506624,0,0,0,0,0,0,704,47040,217536,10368,160576,0,0,0,91392,128,550,1399,1400804566,1108954293,1375872,0
1629,1676608,119040,187392,0,5376,32512,483008,527680,321600,300224,1376384,0,1472,477376,0,0,0,0,0,0,768,47808,218752,10880,160896,0,0,0,88448,128,556,1408,3556628958,31039519,1343872,0
1630,1677056,119104,187136,0,3968,32896,487424,498496,348032,326912,1350144,0,1344,482048,0,0,0,0,0,0,640,48320,185728,9408,167360,0,0,0,86912,128,553,1397,3830864628,3626513868,1317248,0
1631,1677312,148416,186560,0,4096,32576,599104,512640,193920,172416,1504896,41600,1472,593728,81728,0,11776,0,1,1,512,47872,185408,9216,182400,0,20224,64,66816,128,554,1391,1747025421,3321563987,1472320,0
1632,1677056,132352,187136,0,4096,32896,495040,495104,330432,309056,1368000,0,1472,489536,0,0,0,0,0,0,448,47360,155200,7296,199424,0,0,0,85248,128,551,1380,1503539888,1288071067,1335104,0
1633,1676864,130624,188096,0,4032,33024,503104,532992,284992,263744,1413120,0,1408,497856,0,0,0,0,0,0,768,47424,218176,10688,166016,0,0,0,89792,128,558,1410,254511579,888683616,1380096,0
1634,1677184,131712,187648,0,6272,33088,504896,573440,240128,218944,1458240,0,1408,499456,0,0,0,0,0,0,768,47168,217280,11456,208192,0,0,0,88448,128,550,1398,1460857403,2972287119,1425152,0
1635,1677376,120128,188736,0,5248,33024,503104,549568,277568,256064,1421312,0,1408,497664,0,0,0,0,0,0,512,48448,185408,9152,219264,0,0,0,86656,128,552,1388,4127333810,1859566401,1388288,0
1636,1677056,130816,187520,0,3904,34816,491456,535296,293248,271808,1405248,0,1408,486016,0,0,0,0,0,0,640,47680,185280,9216,203456,0,0,0,88896,128,535,1353,4201594770,502973282,1370432,0
1637,1677056,141184,188800,0,3904,34944,459584,526144,322496,301184,1375872,0,1408,454080,0,0,0,0,0,0,576,47424,186304,9088,193472,0,0,0,89152,128,533,1335,3655675357,1693241836,1340928,0
1638,1676864,116800,187968,0,3904,34368,447296,489536,396992,370240,1306624,0,1344,441984,0,0,0,0,0,0,704,47680,186368,8704,158080,0,0,0,87872,128,530,1334,3806119335,1083495853,1272256,0
1639,1677184,143424,188608,0,3840,56128,479808,506176,299200,277952,1399232,0,1408,474432,0,0,0,0,0,0,512,47936,209856,10880,146112,0,0,0,90752,128,533,1323,3672562368,548678318,1343104,0
1640,1677248,155776,188032,0,3904,34752,518336,405696,370752,349376,1327872,5056,1408,512896,52992,0,10304,0,0,1,576,47104,130880,8768,125824,0,22720,128,69568,128,532,1320,1605747013,4268185261,1293120,0
1641,1677120,118400,192512,0,12608,34752,467328,409856,441664,420160,1256960,0,1344,461760,0,0,0,0,0,0,576,47360,130688,8896,135616,0,0,0,86656,64,525,1312,2354489800,1327485608,1222208,0
1642,1677184,130368,193728,0,6848,35008,454144,380992,476096,454400,1222784,0,1408,448896,0,0,0,0,0,0,576,47424,130560,8896,106624,0,0,0,86784,128,532,1326,300829508,1347650216,1187776,0
1643,1677120,141312,192448,0,5248,35392,458048,371968,472704,451072,1226048,0,1408,452608,0,0,0,0,0,0,512,47808,130688,8960,96704,0,0,0,87168,128,538,1333,1184258124,1950302565,1190656,0
1644,1676864,120064,192960,0,3776,33920,593472,489856,242816,221632,1455232,49280,1472,588096,131840,0,12928,0,1,1,576,46720,254208,9344,89024,0,51264,12032,26560,128,520,1292,3038893483,1978776998,1421312,0
1645,1677120,175040,191936,0,3712,33344,493312,481536,298240,276608,1400512,4992,1408,488064,44224,0,12032,0,0,1,512,45632,239744,11008,94720,0,19008,64,70720,128,524,1303,2669962561,1342907224,1367168,0
1646,1676992,134208,191360,0,3776,33664,417280,432192,464512,443392,1233600,0,1408,411904,0,0,0,0,0,0,576,45504,208128,8768,82880,0,0,0,86208,128,518,1284,1658702252,907446130,1199936,0
1647,1677184,122240,188608,0,3712,33920,423168,456704,448832,427648,1249536,0,1408,417728,0,0,0,0,0,0,640,45504,240000,11584,69952,0,0,0,88896,128,521,1296,3183837110,154646443,1215616,0
1648,1677120,152960,188544,0,3712,33344,484672,449216,364672,343232,1333888,4992,1408,479424,49728,0,11968,0,0,1,640,45632,241088,11264,60480,0,22528,128,67328,128,514,1278,1715585805,3315574472,1300544,0
1649,1677184,134144,188352,0,3712,33920,388800,408000,520256,499008,1178176,0,1408,383488,0,0,0,0,0,0,448,45568,207680,9024,57216,0,0,0,87936,128,503,1245,1937374067,1060169435,1144256,0
1650,1677248,153344,189056,0,3712,55168,449728,406464,419776,398272,1278976,5056,1344,444416,46016,0,12032,0,0,1,512,45504,208384,9280,52928,0,21888,128,67712,128,517,1278,1677440705,1826321583,1223808,0
1651,2237248,623936,189120,0,3712,31616,502272,446912,439680,418304,1818944,36544,1408,496960,101696,480192,12672,0,1,1,704,46208,238464,10432,62400,0,22272,640,65664,128,521,1295,2650941698,984366099,1787328,0
1652,2237504,630720,188608,0,3776,31360,545344,478144,359552,338176,1899328,50368,1408,539968,129792,485824,12544,0,1,1,768,46400,270784,13120,56576,0,24704,10240,55424,128,529,1325,149721512,1036554912,1867968,0
1653,1676864,123264,187712,0,3776,31552,376256,459200,495104,473984,1202880,0,1408,370880,0,0,0,0,0,0,640,45056,238016,11328,76864,0,0,0,87168,128,527,1315,4011714523,3760516360,1171328,0
1654,1677120,134336,188416,0,3776,31808,389696,449344,479744,452864,1224256,0,1408,384320,0,0,0,0,0,0,576,46080,242496,12032,56064,0,0,0,91968,128,523,1298,3319084088,1481386482,1192448,0
1655,1677120,195136,188672,0,4544,16960,483008,438848,349952,328576,1348544,49088,1408,477632,93248,0,14336,30976,1,1,512,46976,238208,11264,53568,0,21056,64,67072,128,507,1266,4147214121,1546734822,1331584,0
1656,1676800,168640,188352,0,5952,17344,441280,389888,465344,444544,1232256,4992,1344,435904,46912,0,11776,29376,0,1,576,45632,208320,9088,41856,0,22400,512,61376,128,487,1221,1355827139,2524934314,1214912,0
1657,1677312,145600,190400,0,4352,31104,399872,421632,484352,462720,1214592,0,1408,394560,0,0,0,0,0,0,768,46144,239296,10688,38144,0,0,0,86464,128,495,1232,155645017,2522433726,1183488,0
1658,1676992,136128,189376,0,2368,16704,390528,390720,551168,530048,1146944,0,1472,385216,0,0,0,0,0,0,576,45888,206720,9216,43776,0,0,0,84416,128,494,1214,4103611328,512572485,1130240,0
1659,1676928,143360,188416,0,15296,18432,501184,438336,371904,350208,1326720,5056,1408,495872,61760,0,11776,0,0,1,576,45568,239680,11008,52864,0,22272,128,66112,128,505,1244,1611004465,1604831798,1308288,0
1660,1677440,135232,188992,0,12352,40640,494656,485184,320384,298560,1378880,0,1408,489344,0,0,0,0,0,0,704,45696,238144,10880,57088,0,0,0,132544,128,522,1293,1726595787,4145785337,1338240,0
1661,1676800,135104,188800,0,4032,18688,420160,436544,473472,452288,1224512,0,1408,414912,0,0,0,0,0,0,640,45056,209216,8576,42624,0,0,0,130304,128,508,1255,508528212,1670194943,1205824,0
1662,1677504,134912,189696,0,4032,19200,423360,452480,453824,429440,1248064,0,1344,417856,0,0,0,0,0,0,640,46336,264640,11520,39872,0,0,0,89344,128,504,1251,171930851,1982364565,1228864,0
1663,1676800,146176,187904,0,3968,18688,404928,416128,499008,477440,1199360,0,1472,399616,0,0,0,0,0,0,640,46400,232000,9728,40000,0,0,0,87232,128,492,1216,1192158204,4189194069,1180672,0
1664,1676992,134912,188032,0,6208,19072,427200,509824,391744,370560,1306432,0,1408,421824,0,0,0,0,0,0,576,47232,295872,12672,60032,0,0,0,93312,128,508,1267,107466873,2670758080,1287360,0
1665,1677248,123392,187776,0,4032,18816,480832,546304,316096,294656,1382592,0,1472,475392,0,0,0,0,0,0,832,45504,295168,12992,57472,0,0,0,134208,128,524,1312,2567435680,212764168,1363776,0
1666,1676800,134016,188480,0,3968,18560,421184,441536,469056,447872,1228928,0,1408,416000,0,0,0,0,0,0,768,45824,208192,9152,48128,0,0,0,129344,128,492,1225,3002586616,215276079,1210368,0
1667,1677312,134592,188288,0,3968,32448,406016,442432,469568,448064,1229248,0,1408,400704,0,0,0,0,0,0,640,45120,208192,9216,47552,0,0,0,131584,128,497,1252,144664064,1202722837,1196800,0
1668,1677056,135232,188736,0,6528,18944,381056,441344,505216,483712,1193344,0,1408,375744,0,0,0,0,0,0,512,44480,208640,9472,47936,0,0,0,130176,128,497,1256,1104482828,3607002001,1174400,0
1669,1677056,162240,189696,0,6272,18624,488832,457984,353408,331584,1345472,4928,1344,483520,63232,0,11840,0,0,1,640,45056,208256,8640,64960,0,24064,128,106112,128,506,1285,831410074,1951610159,1326848,0
1670,1677120,325312,188672,0,5312,39488,408192,495360,214784,187584,1489536,0,1344,403008,0,144704,0,0,0,0,832,46016,238976,11008,63680,0,0,0,134720,128,614,1596,3085249801,2773631894,1450048,0
1671,1677056,166272,189376,0,4032,18624,463168,415808,419776,398592,1278464,39168,1408,457856,79104,0,11456,0,1,1,576,45824,208704,9216,63040,0,21248,128,66944,128,631,1560,3214874555,2489629253,1259840,0
1672,1677120,147264,188608,0,3904,20992,390592,446016,479744,458432,1218688,0,1408,385408,0,0,0,0,0,0,640,45824,239424,10368,59072,0,0,0,90560,128,644,1583,2171121891,1829870082,1197696,0
1673,1677184,147136,187584,0,6208,21184,400448,444928,469696,448320,1228864,0,1408,395136,0,0,0,0,0,0,576,46272,238528,10880,58624,0,0,0,89920,128,650,1601,485052166,3251353184,1207680,0
1674,1676800,147520,187904,0,7168,19136,392896,412352,509824,488384,1188416,0,1408,387584,0,0,0,0,0,0,576,46848,218752,10944,47744,0,0,0,87360,128,630,1532,1786861141,2700548111,1169280,0
1675,1677248,176320,187904,0,5248,18688,525568,405888,357632,336320,1340928,47616,1408,520256,101440,0,11712,0,1,1,576,45568,207616,9344,52992,0,23808,128,65728,128,635,1545,173394313,877063830,1322240,0
1676,1676928,159744,190144,0,2368,18944,403008,368576,534144,512832,1164096,0,1408,397696,0,0,0,0,0,0,576,45504,176896,7488,52096,0,0,0,85888,128,620,1508,3442235968,1293854608,1145152,0
1677,1677504,166848,188416,0,3712,18624,558080,475776,266048,244224,1433280,40256,1408,552640,81344,0,11520,0,1,1,704,45120,239872,11136,46336,0,22336,128,110016,128,642,1594,677108052,4077219640,1414656,0
1678,1676608,167104,189824,0,11392,18880,587712,479616,222080,200768,1475840,42496,1408,582336,89280,0,11648,0,1,1,768,46016,239936,10688,49344,0,20480,128,112128,128,643,1592,284089050,2866094781,1456960,0
1679,1677248,158912,188416,0,3968,18496,455552,444352,407552,386048,1291200,0,1408,450304,0,0,0,0,0,0,640,44800,208320,8576,51392,0,0,0,130496,128,632,1573,2128092043,2802903517,1272704,0
1680,1676928,158720,188992,0,3904,19136,470144,445760,390272,368768,1308160,0,1472,464832,0,0,0,0,0,0,576,44864,209152,9472,50688,0,0,0,130880,128,628,1555,207133548,1661287957,1289024,0
1681,1677120,158784,188096,0,4032,42112,441856,445824,396416,375360,1301760,0,1472,436416,0,0,0,0,0,0,768,44928,208768,9408,49152,0,0,0,132672,128,632,1566,336887300,622942963,1259648,0
1682,1677184,168832,188096,0,3968,20672,606784,503616,185216,163776,1513408,50240,1472,601472,93888,0,12992,0,1,1,704,45632,263488,11264,48384,0,23872,128,110016,128,643,1599,2934732166,661890733,1492736,0
1683,1677184,170880,189888,0,4032,21184,474752,481152,335296,314048,1363136,0,1408,469504,0,0,0,0,0,0,832,45632,240896,10880,48064,0,0,0,134720,128,651,1605,2482805381,435851264,1341952,0
1684,1676928,147904,189440,0,4032,20672,465280,444288,405312,383936,1292992,0,1408,459776,0,0,0,0,0,0,640,45120,208384,9152,48256,0,0,0,132608,128,642,1581,1389996822,1924920445,1272320,0
1685,1677312,159808,188352,0,6272,14208,465408,475584,367680,345984,1331328,0,1408,460160,0,0,0,0,0,0,704,45632,241024,11008,47680,0,0,0,129408,128,641,1589,2684004093,10656736,1317120,0
1686,1676928,250688,187136,0,5120,14464,597760,488704,133056,106240,1570688,31040,1472,592512,112640,0,12864,81984,1,1,896,45696,241088,10688,58112,0,23040,17344,91712,128,653,1605,1547033880,3227383813,1556224,0
1687,1676992,158144,189376,0,6016,14400,463040,483776,362240,340928,1336064,0,1408,457792,0,0,0,0,0,0,896,45312,238848,10560,56384,0,0,0,131648,128,642,1584,3470824753,4147333392,1321664,0
1688,1677248,249088,187648,0,5184,14464,628800,470144,121920,100416,1576832,50944,1408,623360,157056,0,23040,81344,1,2,832,45696,271936,12736,48704,0,46976,10176,32960,128,642,1568,2711111054,1493417283,1562368,0
1689,1677376,166848,188672,0,3776,14400,438592,433280,431808,410368,1267008,0,1408,433280,0,0,0,0,0,0,640,46144,238656,10560,48576,0,0,0,88576,128,634,1550,107829587,708341478,1252608,0
1690,1676992,147392,187904,0,6848,14592,428608,430848,460800,439616,1237376,0,1408,423104,0,0,0,0,0,0,576,45568,239424,11008,48064,0,0,0,86080,128,632,1537,932516507,339705336,1222784,0
1691,1677248,176192,188480,0,6144,35264,471744,466752,332672,310784,1366464,5120,1472,466304,45888,0,10496,0,0,1,640,46656,271424,12544,46336,0,22784,128,66112,128,631,1547,3235276693,3858747061,1331200,0
1692,1676864,177280,188928,0,2368,14400,512704,435008,346176,324544,1352320,34048,1408,507200,83840,0,12544,0,1,1,704,45696,239168,10816,51648,0,23040,128,63680,128,617,1507,3930179475,273087352,1337920,0
1693,1677056,159808,188736,0,2368,14144,443776,387904,480320,458816,1218240,0,1536,438400,0,0,0,0,0,0,640,44992,207744,8896,40960,0,0,0,84544,128,603,1472,3049918454,785647481,1204096,0
1694,1677184,159232,188416,0,2368,14016,439360,415488,458304,436864,1240320,0,1472,433984,0,0,0,0,0,0,640,45696,239936,11136,31936,0,0,0,86016,128,607,1491,2422355560,3316690092,1226304,0
1695,1677184,176512,188416,0,11200,13632,577792,461824,247808,226240,1450944,44096,1472,572352,117184,0,12672,0,1,1,768,46784,271680,12736,41472,0,22592,128,65536,128,613,1503,958861941,1318331078,1437312,0
1696,1676928,191040,188032,0,10752,7872,772352,304256,202624,181440,1495488,102016,1344,767040,277056,0,49088,0,2,4,512,48000,131328,8768,36544,0,85376,6592,0,128,569,1368,2136860107,2845428152,1487616,0
1697,1115520,157440,187840,0,3968,21952,442432,261888,40000,19648,1095872,0,1344,437184,0,0,0,0,0,0,448,47168,99008,6784,31616,0,0,0,76736,128,557,1323,1555023762,2002377938,1073920,0
1698,1677120,175040,189184,0,3968,7744,550656,275776,474752,454720,1222400,36992,1344,545344,75648,0,11456,0,1,1,512,47680,101376,7552,41216,0,20160,128,57024,128,552,1313,1489960048,3044396317,1214656,0
1699,1677184,363008,188480,0,11584,7680,586240,240832,279360,259392,1417792,49984,1344,580864,102016,192512,12928,0,1,1,384,47360,67584,5248,45888,0,24000,128,50112,128,539,1279,615180501,3408414342,1410112,0
1700,1677056,143744,188160,0,3776,7616,480256,305728,547776,527616,1149440,0,1408,474816,0,0,0,0,0,0,512,48000,131584,8768,37248,0,0,0,79488,128,556,1329,3699878379,3054416987,1141824,0
1701,1676864,193216,187328,0,3840,7616,679744,311040,294080,274368,1402496,49536,1408,674304,172736,0,32960,0,1,3,576,48128,131392,9024,42560,0,65024,256,13952,128,553,1317,4244614414,2028606062,1394880,0
1702,1677376,164672,188096,0,6080,28928,578432,319744,391424,366208,1311168,50880,1408,573248,94848,0,12672,0,1,1,576,47872,130368,8960,51840,0,23872,128,56000,128,561,1334,1959050064,3892033675,1282240,0
1703,1676864,184768,188544,0,5120,7744,639744,282880,368064,347904,1328960,61504,1344,634304,144640,0,23296,0,1,2,512,48000,98752,7168,51200,0,45440,192,31488,128,539,1297,3852715812,989208328,1321216,0
1704,1678848,170688,187328,0,12864,10240,651200,284288,362240,340672,1338176,0,1408,645760,0,0,0,0,0,0,448,47808,99520,7296,51200,0,0,0,77888,128,538,1285,2944758612,3018258500,1327936,0
1705,1677056,166208,190272,0,4608,10432,544128,276928,484480,462784,1214272,0,1408,538880,0,0,0,0,0,0,576,47744,99264,7168,42176,0,0,0,79872,128,540,1279,3011942173,902384913,1203840,0
1706,1677184,145088,187648,0,3712,10304,592512,312576,425344,404032,1273152,0,1408,587008,0,0,0,0,0,0,512,47360,132544,8960,42432,0,0,0,80640,128,552,1313,4152544420,44720417,1262848,0
1707,1677056,175744,187904,0,4032,10560,671872,319104,307840,286592,1390464,4928,1408,666560,63232,0,11712,0,0,1,512,48000,131264,8960,47616,0,22528,128,59968,128,553,1321,590249082,1948141084,1379904,0
1708,1676992,146368,188288,0,3968,10176,590336,290624,447232,425728,1251264,0,1344,584960,0,0,0,0,0,0,384,47808,100096,7232,56192,0,0,0,78784,128,555,1310,2515762769,1685496601,1241088,0
1709,1676928,145280,188224,0,6208,10688,586304,281152,459072,437952,1238976,0,1344,580864,0,0,0,0,0,0,576,47872,100096,7744,45376,0,0,0,79360,128,557,1315,3961902412,3544347324,1228288,0
1710,1677184,166336,186880,0,5184,10176,610048,275968,422592,401152,1276032,0,1344,604736,0,0,0,0,0,0,576,47936,99648,7104,40768,0,0,0,79808,128,553,1312,1319299763,792807289,1265856,0
1711,1677120,140928,187072,0,3840,10368,577152,266048,491712,470272,1206848,0,1408,571648,0,0,0,0,0,0,512,47296,99840,7232,32128,0,0,0,78912,128,536,1272,4015640969,3441191898,1196480,0
1712,2237248,223936,187200,0,20416,45952,846464,337600,575680,554240,1683008,146752,1408,841024,199552,0,14144,33856,1,1,576,47936,130880,9024,66688,0,23424,448,58496,128,553,1305,897483886,1583252860,1637056,0
1713,1677056,167616,189056,0,3968,24064,460992,285824,545536,524352,1152704,0,1408,455552,0,0,0,0,0,0,448,47936,100352,7296,47424,0,0,0,82240,128,538,1265,3042035233,1175709636,1128640,0
1714,1676864,153472,188096,0,3968,24384,449536,323456,533952,512512,1164352,0,1472,444032,0,0,0,0,0,0,704,47424,131456,8384,51904,0,0,0,83456,128,545,1286,3152473464,938968852,1139968,0
1715,1677184,183808,188480,0,5120,10432,638400,330432,320512,299072,1378112,49344,1408,632960,141696,0,22080,0,1,2,576,47936,130688,9088,56832,0,44288,640,40256,128,544,1292,3056227702,3076670660,1367680,0
1716,1677184,185152,187392,0,3904,10304,492608,293568,504256,482560,1194624,0,1472,487296,0,0,0,0,0,0,448,47680,100032,7680,57216,0,0,0,80384,128,535,1277,4132283040,1979189916,1184320,0
1717,1676992,178048,188992,0,3968,10368,527744,292544,475328,454080,1222912,0,1408,522304,0,0,0,0,0,0,448,47552,99520,7616,54976,0,0,0,82304,128,527,1265,2840334569,2158424256,1212544,0
1718,1677120,167104,188480,0,6208,10624,588160,254016,462528,435904,1241216,0,1408,582720,0,0,0,0,0,0,448,47360,68288,5312,52928,0,0,0,79552,128,519,1245,974616096,2878762267,1230592,0
1719,1677184,156928,188736,0,6144,7936,659968,320128,337344,315904,1361280,0,1408,654720,0,0,0,0,0,0,704,48256,130176,8960,49536,0,0,0,82368,128,543,1308,3736291904,2443667790,1353344,0
1720,1675392,177984,188736,0,3840,7488,724096,374912,198336,178304,1497088,53376,1344,718784,100352,0,14016,0,1,1,640,44864,130496,8640,62208,0,22848,640,104448,128,570,1384,1224723096,422095824,1489600,0
1721,1677376,154496,188864,0,3904,7616,525888,327744,468864,448768,1228608,0,1408,520512,0,0,0,0,0,0,448,44480,100608,6912,51392,0,0,0,123776,128,564,1348,3362212232,2235294337,1220992,0
1722,1677056,162560,188608,0,10880,29120,575488,319360,391040,370752,1306304,4992,1408,570048,51392,0,9600,0,0,1,448,46720,98816,7232,42176,0,22208,128,101504,128,596,1420,1792581766,3479197229,1277184,0
1723,1677120,166848,187904,0,4032,7744,516160,313024,481408,461376,1215744,0,1408,510720,0,0,0,0,0,0,576,45184,99264,7168,37440,0,0,0,123264,128,592,1414,1936446577,3086125451,1208000,0
1724,1676992,181440,188224,0,11328,7872,607872,318336,361920,339968,1337024,12224,1408,602496,99648,0,20032,0,0,2,512,46208,99968,7040,41728,0,45504,256,76992,128,600,1429,700455423,1874575813,1329152,0
1725,1676928,164160,188864,0,5184,7936,576768,370048,363968,343936,1332992,5120,1472,571520,53760,0,9664,0,0,1,704,45568,130880,8192,59008,0,20608,128,104832,128,610,1474,1766519665,3275613371,1325056,0
1726,1678656,155264,188096,0,4096,10688,498816,332736,488960,467456,1211200,0,1408,493440,0,0,0,0,0,0,512,48064,130816,8640,63488,0,0,0,81088,128,597,1433,2672101786,1327828125,1200512,0
1727,1676992,143808,188736,0,6336,24768,462848,325184,525312,504064,1172928,0,1408,457536,0,0,0,0,0,0,512,47808,131264,8960,53760,0,0,0,82752,128,599,1443,3479835530,1037279832,1148160,0
1728,1677184,154496,188864,0,5376,10752,476160,289152,552384,531072,1146112,0,1408,470784,0,0,0,0,0,0,512,46976,99712,6976,54656,0,0,0,80192,128,582,1392,1086009164,1940774350,1135360,0
1729,1677120,157376,189120,0,3968,10496,475648,289024,551488,530112,1147008,0,1408,470336,0,0,0,0,0,0,448,47552,99520,7232,54528,0,0,0,79616,128,600,1426,3408330019,2849534672,1136512,0
1730,1677120,142848,195776,0,17024,10368,651328,571264,88512,61824,1615296,0,1472,645952,0,0,0,0,0,0,640,321280,98752,9152,59328,23424,0,0,81984,128,595,1416,2345741406,1954909423,1604928,0
1731,1677184,167488,196864,0,4032,10112,490176,384256,424256,402816,1274368,0,1408,484928,0,0,0,0,0,0,704,98048,131264,10432,57920,0,0,0,85760,128,611,1453,714218411,431782339,1264256,0
1732,1677440,183936,188288,0,5248,31296,635072,404096,229504,207744,1469696,8320,1408,629888,100992,0,21248,0,0,2,640,99456,131456,11264,55040,0,46848,256,59008,128,617,1469,3607568392,1727088821,1438400,0
1733,1676672,223808,188800,0,7104,10368,681856,409856,154880,133504,1543168,51840,1408,676416,149568,0,24896,29760,1,3,768,98560,162112,12928,47360,0,48576,4160,35264,128,619,1477,661677464,2699289586,1532800,0
1734,1677120,185600,189120,0,6656,10368,474752,408512,402112,380736,1296384,0,1408,469312,0,0,0,0,0,0,704,98496,163392,13120,45952,0,0,0,86720,128,612,1475,2555791807,365085683,1286016,0
1735,1676928,180928,188736,0,11072,10688,615936,376128,293440,266880,1410048,15488,1408,610432,77504,0,9984,0,0,1,768,99776,131264,11200,48576,0,22208,320,61888,128,603,1452,2446361702,4212112991,1399360,0
1736,1676992,188800,187904,0,4032,10496,500096,422784,362880,341632,1335360,0,1408,494784,0,0,0,0,0,0,896,99520,163520,12544,58368,0,0,0,87808,128,608,1462,1017250546,4070389513,1324864,0
1737,1677568,174400,188800,0,3968,10240,480000,384768,435392,413760,1263808,0,1472,474560,0,0,0,0,0,0,576,99072,131776,10752,57920,0,0,0,84544,128,600,1424,3083465954,69622966,1253568,0
1738,1676672,174656,190272,0,4096,10240,495680,380416,421312,399872,1276800,0,1408,490304,0,0,0,0,0,0,704,98496,131328,11264,54080,0,0,0,84416,128,583,1403,1135193698,4119691532,1266560,0
1739,1677184,186368,187840,0,4800,10368,498944,372480,416384,395008,1282176,0,1408,493504,0,0,0,0,0,0,576,98496,131264,11520,46144,0,0,0,84352,128,586,1406,387612679,1937155962,1271808,0
1740,1677056,198272,188352,0,4032,10240,596800,329280,350080,328960,1348096,5120,1344,591488,43072,0,11200,20352,0,1,448,99328,99968,9728,37376,0,19264,576,62464,128,589,1387,36672204,3526185311,1337856,0
1741,1677056,188608,187904,0,6336,8000,470720,326464,489024,468096,1208960,0,1408,465408,0,0,0,0,0,0,640,98688,101376,9152,37056,0,0,0,79424,128,573,1370,3401280679,1030034394,1200960,0
1742,1675712,197184,188288,0,5312,7616,469696,302464,505152,485248,1190464,0,1536,464192,0,0,0,0,0,0,384,99008,68800,7680,47552,0,0,0,78912,128,559,1336,3477974539,3266668824,1182848,0
1743,1677184,166400,188032,0,3776,29568,479296,366336,443776,423424,1253760,0,1408,473920,0,0,0,0,0,0,704,99520,133056,10816,40640,0,0,0,81536,64,594,1424,2369666182,161493848,1224192,0
1744,1676864,191040,188608,0,3840,7680,582144,356736,346816,326592,1350272,48192,1472,576768,88576,0,11904,0,1,1,640,98688,131264,11456,32064,0,20736,128,61632,128,594,1421,1397561982,1116608506,1342592,0
1745,1677184,146176,188928,0,10944,7744,649728,319680,353984,333952,1343232,0,1472,644416,0,0,0,0,0,0,576,99072,99840,9344,32256,0,0,0,78464,128,582,1394,1396762292,2564484301,1335488,0
1746,1676992,145344,188480,0,6208,7808,668864,314304,345984,325824,1351168,0,1472,663552,0,0,0,0,0,0,768,100160,100224,9856,25088,0,0,0,78080,128,581,1392,2895835962,2080877733,1343360,0
1747,1677184,158144,188992,0,5248,7680,595968,324416,396736,376448,1300736,0,1408,590592,0,0,0,0,0,0,576,100096,99712,9216,35520,0,0,0,79168,128,573,1379,2349022165,819067289,1293056,0
1748,1677120,172864,188608,0,3904,7616,701056,321920,281152,261184,1415936,8256,1408,695680,90752,0,23168,0,0,2,576,99008,99648,9600,33344,0,42560,576,36480,128,573,1377,3884113197,1662609947,1408320,0
1749,1678464,156416,188992,0,3968,10432,614464,350528,353664,331968,1346496,0,1472,609024,0,0,0,0,0,0,768,98880,130880,10944,24256,0,0,0,84672,128,574,1384,4083116669,135471465,1336064,0
1750,1677248,154176,188416,0,6080,10560,575680,304960,437376,415808,1261440,0,1408,570368,0,0,0,0,0,0,576,98944,99968,9408,15232,0,0,0,80704,128,575,1371,2150090123,2675015454,1250880,0
1751,1676864,145152,188608,0,5184,10368,556928,340416,430208,403456,1273408,0,1472,551680,0,0,0,0,0,0,512,98432,131072,10880,15488,0,0,0,83904,128,578,1392,3758018955,1843103804,1263040,0
1752,1677120,174976,188544,0,3968,9984,698496,362880,238272,216768,1460352,8256,1408,693184,102912,0,21312,0,0,2,576,99584,131776,11072,14848,0,48000,256,56640,128,579,1396,3538674272,3404123465,1450368,0
1753,1677248,174144,188224,0,3904,31296,612480,371648,295552,273856,1403392,0,1344,607104,3008,0,0,0,0,1,576,98688,132160,11264,25088,0,0,128,103616,128,575,1387,201707466,2386949467,1372096,0
1754,1676928,157632,188672,0,7040,10560,620736,333888,358400,337216,1339712,0,1472,615168,0,0,0,0,0,0,448,98880,99136,9280,23552,0,0,0,102464,128,566,1360,935780911,707718040,1329152,0
1755,1676992,155584,188544,0,5120,10368,631744,372096,313536,291904,1385088,0,1408,626240,0,0,0,0,0,0,704,99456,131264,11584,23616,0,0,0,105344,128,581,1396,3070442394,3481208025,1374720,0
1756,1677120,154496,187712,0,3840,10368,639808,361536,319360,298240,1378880,0,1344,634368,0,0,0,0,0,0,576,99968,131712,11200,14592,0,0,0,103360,128,577,1387,417973506,308994248,1368512,0
1757,1677248,144448,188544,0,3776,24704,604416,326848,384512,363200,1314048,0,1344,599040,0,0,0,0,0,0,576,99520,99328,9664,15168,0,0,0,102464,128,571,1365,1328014216,607166293,1289344,0
1758,1676928,143744,188608,0,3840,10432,605760,323840,400704,379456,1297472,0,1344,600384,0,0,0,0,0,0,576,97472,100096,9664,14912,0,0,0,100992,128,571,1365,2507724334,4235850982,1287040,0
1759,1677184,157504,188160,0,3776,10112,618624,335168,363840,342720,1334464,0,1408,613312,0,0,0,0,0,0,640,98688,99840,9152,24960,0,0,0,101760,128,574,1375,2585174935,1460983019,1324352,0
1760,1677056,141440,187520,0,3712,10368,607616,334208,392192,371072,1305984,0,1408,602304,0,0,0,0,0,0,448,98816,99648,9152,23296,0,0,0,102720,128,567,1378,4145392485,3741955561,1295616,0
1761,1676992,156992,188416,0,3840,10624,619520,372032,325568,304192,1372800,0,1408,614208,0,0,0,0,0,0,768,99840,131520,11776,23872,0,0,0,104128,128,576,1405,2862152561,366347834,1362176,0
1762,1677248,158464,188544,0,10176,10688,703936,325632,279808,258368,1418880,39936,1472,698560,91328,0,13056,0,1,1,640,99456,100096,9664,14656,0,24640,128,76224,128,563,1370,3071912221,2104396315,1408192,0
1763,1677120,143936,188672,0,6272,10496,599360,360320,368064,347008,1330112,0,1344,594048,0,0,0,0,0,0,448,99712,131072,11136,15040,0,0,0,102784,128,581,1386,2764574678,1191620866,1319616,0
1764,1677440,178240,188032,0,10816,29504,657792,338816,274240,252096,1425344,55552,1472,652480,150656,0,23808,0,1,2,640,99904,131136,11392,15168,0,49600,256,30592,128,576,1381,1531955366,1302020299,1395840,0
1765,1675392,158336,189056,0,3904,8064,500800,348864,466368,446080,1229312,0,1344,495552,0,0,0,0,0,0,640,99840,132096,10752,25472,0,0,0,79936,128,581,1385,630657568,549483695,1221248,0
1766,1677184,142464,188032,0,6144,8064,478656,308864,544960,524864,1152320,0,1472,473216,0,0,0,0,0,0,640,98048,98304,9088,24000,0,0,0,78656,128,568,1355,810137943,164157151,1144256,0
1767,1677120,158208,188608,0,6208,7744,472064,346304,497984,472384,1204736,0,1408,466624,0,0,0,0,0,0,576,99072,130880,10752,23936,0,0,0,80960,128,571,1365,165420233,4269557072,1196992,0
1768,1676864,163264,187008,0,5952,7808,546816,314304,451712,432128,1244736,39232,1408,541248,77568,0,11456,0,1,1,576,99008,110656,9472,15296,0,19328,128,59712,128,556,1327,3393585350,345479757,1236928,0
1769,1677376,173952,187776,0,5184,7808,515648,337600,449408,429568,1247808,5056,1408,510400,47168,0,10560,0,0,1,768,99200,131392,10752,15296,0,22976,128,56960,128,561,1337,2597765572,4068070593,1240000,0
1770,1677056,155456,188096,0,2432,7808,489536,337984,495744,475840,1201216,0,1408,484160,0,0,0,0,0,0,768,99200,130880,10944,15104,0,0,0,80960,128,558,1337,3020775589,2984309066,1193408,0
1771,1678784,166592,188608,0,2432,10432,534912,351552,424256,402432,1276352,0,1344,529600,0,0,0,0,0,0,576,99328,130816,11008,25472,0,0,0,84224,128,559,1340,2833117975,3943166378,1265920,0
1772,1677120,141440,188288,0,2432,10240,514816,314752,505152,483904,1193216,0,1472,509440,0,0,0,0,0,0,512,99712,99456,9280,24128,0,0,0,81536,128,549,1314,1336181682,3730261725,1182976,0
1773,1676928,167424,187968,0,2368,10560,516800,343744,448064,426688,1250240,0,1408,511488,0,0,0,0,0,0,704,99904,132096,11520,15552,0,0,0,83840,128,556,1334,609238173,4114088484,1239680,0
1774,1676992,156672,187840,0,2368,10176,516480,304640,498816,477632,1199360,0,1408,511168,0,0,0,0,0,0,640,98688,99776,9472,15040,0,0,0,80896,128,544,1300,2671295194,2156897665,1189184,0
1775,1677376,347968,188352,0,2432,31552,495104,340032,271936,250688,1426688,5248,1408,489728,46592,190016,11136,0,0,1,512,99520,130240,11072,15360,0,22336,128,60736,128,561,1332,319461361,2544410194,1395136,0
1776,1676800,186368,188160,0,2496,10560,557248,341056,390912,369728,1307072,43328,1408,551808,88320,0,12864,18304,1,1,576,99200,131008,11008,15296,0,24192,512,59136,128,563,1339,66932497,805551299,1296512,0
1777,1677312,189312,187968,0,3840,10432,603072,335680,347008,325504,1351808,38912,1408,597760,86144,0,14976,0,1,1,576,100160,98240,8768,24704,0,22144,128,80832,128,561,1321,825540556,2507560951,1341376,0
1778,1676992,196928,188608,0,3904,10176,612160,322368,342848,321856,1355136,69120,1408,606784,129024,0,14848,0,1,1,576,99584,99712,9152,28800,0,22912,2560,58944,128,560,1326,1185995172,85946462,1344960,0
1779,1677312,187136,188096,0,6080,10624,469504,288448,527424,505792,1171520,0,1408,464128,0,0,0,0,0,0,512,99200,67776,7360,34240,0,0,0,79232,128,542,1294,2372519113,2144782522,1160896,0
1780,1676992,163584,189312,0,5184,10816,482304,352320,473472,452224,1224768,0,1472,476864,0,0,0,0,0,0,640,99712,131712,10944,25280,0,0,0,83904,128,555,1324,3349808239,1383970941,1213952,0
1781,1677056,164800,188096,0,3840,10112,565120,351744,393344,371840,1305216,8512,1344,559680,91392,0,21184,0,0,2,768,98880,131584,10944,25408,0,46592,640,36800,128,560,1328,159313734,1838329761,1295104,0
1782,1676992,193280,188864,0,3776,10496,488640,318144,473792,452416,1224576,5248,1408,483200,46336,0,10816,18048,0,1,576,100032,100480,9728,25408,0,22144,64,59584,128,537,1285,1243688011,2272092890,1214080,0
1783,1677056,226240,187904,0,3776,10368,613120,327296,308352,281984,1395072,49408,1472,607680,136064,0,23616,18304,1,2,576,99648,99968,9024,35008,0,47872,704,34368,128,541,1284,2323280520,4019962757,1384704,0
1784,1677248,169408,187136,0,4608,10240,508032,331456,466368,444800,1232448,4928,1472,502592,44800,0,10624,0,0,1,576,99712,100608,9856,37952,0,21760,128,60736,128,537,1285,2169867026,2918259206,1222208,0
1785,1676800,182016,187584,0,3840,10560,470784,391424,430592,409088,1267712,0,1472,465408,0,0,0,0,0,0,896,98176,162752,12480,29696,0,0,0,87296,128,569,1337,1315216967,601847284,1257152,0
1786,1677312,169408,190208,0,4096,29568,553856,358400,371776,350080,1327232,4864,1408,548480,54784,0,9664,0,0,1,576,99456,130752,10944,35520,0,22528,128,58368,128,573,1338,3620815868,3960108698,1297664,0
1787,2235904,639360,189376,0,4352,21504,537088,362112,482112,461504,1774400,4992,1408,531648,59392,464384,10624,0,0,1,576,99136,131840,11392,35328,0,22272,128,61312,128,569,1325,3945855243,4194573654,1752896,0
1788,1676992,177152,189504,0,13440,7808,660608,377152,251328,231168,1445824,13504,1408,655232,145600,0,31040,0,0,3,768,100224,131840,10944,51264,0,67200,704,14080,128,555,1294,2527753773,1604271021,1438016,0
1789,1676864,187328,187584,0,3904,7616,509824,374144,406464,386496,1290368,5120,1472,504320,46144,0,10752,18624,0,1,768,99200,131200,10816,48768,0,22336,128,60800,128,553,1282,3687576492,1797068795,1282752,0
1790,2797632,381440,188160,0,22080,23232,1652096,319680,210944,187968,2609664,523968,1408,1646592,685312,191296,35456,0,2,3,576,50240,99968,8896,79616,0,72000,832,7424,128,553,1288,2810071933,516173591,2586432,0
1791,1676992,155840,187520,0,4416,7872,577216,350592,393536,373440,1303552,0,1472,571584,0,0,0,0,0,0,960,50496,131776,10176,74176,0,0,0,82880,128,569,1338,4108631597,1567107791,1295680,0
1792,1677248,143488,187648,0,4416,22592,567232,320000,431872,411584,1265664,0,1472,561728,0,0,0,0,0,0,576,51200,100608,8704,79552,0,0,0,79232,128,561,1317,5414014,2323484892,1243072,0
1793,1677120,143040,192320,0,4352,22976,527552,355264,431616,411648,1265472,0,1408,522112,0,0,0,0,0,0,576,48512,131648,8448,84544,0,0,0,81408,128,560,1328,2589917612,1865834169,1242496,0
1794,1678528,142720,191808,0,4352,10496,529152,359488,440512,419136,1259392,0,1408,523712,0,0,0,0,0,0,576,47296,131520,8960,88064,0,0,0,82944,128,571,1356,2829461898,2077736737,1248896,0
1795,1676992,143552,191296,0,5696,10496,485120,327808,513024,491456,1185536,0,1408,479808,0,0,0,0,0,0,448,48064,99712,7232,91712,0,0,0,80576,64,559,1321,396302765,1789221713,1175040,0
1796,1677120,188224,192320,0,13312,31552,650880,347584,253248,231744,1445376,8448,1344,645376,97024,0,24000,0,0,2,448,47168,99200,6976,91520,0,44736,640,56768,128,558,1335,1351420565,395520116,1413824,0
1797,1677696,156672,193600,0,6656,10432,608256,327040,375040,353024,1324672,0,1408,602944,0,0,0,0,0,0,448,47680,68032,5376,107584,0,0,0,97792,128,557,1330,1684277049,3773879667,1314240,0
1798,1676352,166336,192512,0,6784,10432,702464,400320,197504,176064,1500288,0,1472,696960,3008,0,0,0,0,1,576,48320,131648,9152,106560,0,0,128,103808,128,573,1377,1254271915,987882421,1489856,0
1799,1676928,250496,188288,0,6592,10688,753408,395264,72192,45696,1631232,4928,1408,748032,59584,0,10560,81600,0,1,512,47872,130624,9216,103296,0,22144,13888,67584,128,571,1371,3517148141,756100563,1620544,0
1800,1677376,143552,188288,0,4224,10304,664384,396672,269952,248512,1428864,0,1408,659072,0,0,0,0,0,0,576,47232,130112,8768,107008,0,0,0,102848,128,499,1254,2167952388,357192316,1418560,0
1801,1677056,143488,188160,0,4096,14400,660352,358912,307648,286208,1390848,0,1408,654976,0,0,0,0,0,0,448,47232,98816,7424,102720,0,0,0,102144,128,468,1151,1179087944,1787603459,1376448,0
1802,1676928,129088,197120,0,4224,14400,683584,359616,288896,267328,1409600,0,1408,678336,0,0,0,0,0,0,512,47616,100032,7168,96704,0,0,0,107456,128,461,1123,3778285503,1387791859,1395200,0
1803,1677184,130112,188224,0,5056,14464,671040,357888,310400,289024,1388160,0,1344,665728,0,0,0,0,0,0,512,48000,100224,7168,96640,0,0,0,105216,128,464,1129,2467601673,2834839538,1373696,0
1804,2237184,138368,187648,0,19392,14336,1013376,405184,458880,437568,1799616,0,1408,1008000,2880,0,0,0,0,1,704,47552,132032,8768,113600,0,0,128,102272,128,472,1184,3316769811,3376185139,1785280,0
1805,1677120,117376,188800,0,4480,14336,527360,404992,419776,398592,1278528,0,1408,521920,0,0,0,0,0,0,512,48128,131456,9344,108800,0,0,0,106624,128,479,1211,310635810,2585996649,1264192,0
1806,1677184,117888,188096,0,4544,35648,496256,373824,460928,439360,1237824,0,1344,491008,0,0,0,0,0,0,512,47936,99392,9408,110336,0,0,0,106112,128,471,1183,1579319716,2144434693,1202176,0
1807,1677056,117760,188608,0,4480,14272,498368,374848,478720,457216,1219840,0,1408,493056,0,0,0,0,0,0,640,48128,99520,10048,110144,0,0,0,106240,128,470,1179,4118441124,4113620960,1205568,0
1808,1677248,129216,188224,0,4544,14848,493760,376768,469888,448384,1228864,0,1344,488448,0,0,0,0,0,0,576,48000,98688,9664,112960,0,0,0,106752,128,471,1181,616919985,1278768756,1214016,0
1809,1676992,114624,188352,0,11712,17472,663808,383488,297536,276288,1400704,0,1472,658432,0,0,0,0,0,0,576,47872,100416,10048,114752,0,0,0,109696,128,473,1181,1275298231,2484284849,1383232,0
1810,1677056,130112,189120,0,4544,17088,657664,416384,262144,240832,1436224,0,1344,652416,0,0,0,0,0,0,704,48384,131456,11392,113280,0,0,0,111040,128,482,1212,678386049,3815504581,1419136,0
1811,1677248,117696,188288,0,4608,17088,668864,382080,298624,277056,1400192,0,1408,663360,0,0,0,0,0,0,640,47296,100032,9728,115648,0,0,0,108608,128,482,1204,2562316488,36517459,1383104,0
1812,1677120,118016,188608,0,4544,16320,648448,414016,287168,265536,1411584,0,1408,643136,0,0,0,0,0,0,704,47488,130112,10944,112320,0,0,0,112320,128,492,1233,274798912,2069628463,1395264,0
1813,1676992,117760,187392,0,4544,17216,639232,409600,301248,279808,1397184,0,1344,633856,0,0,0,0,0,0,704,47104,131520,10944,107328,0,0,0,111872,128,499,1254,2094167115,2559614742,1379968,0
1814,1677056,119040,187648,0,4480,17024,633216,377280,338368,316992,1360064,0,1344,627776,0,0,0,0,0,0,704,47744,100096,9280,111872,0,0,0,107456,128,499,1254,1604728336,2362148979,1343040,0
1815,1677184,129472,187712,0,7424,16960,615808,374464,345344,318592,1358592,0,1472,610304,0,0,0,0,0,0,640,47552,99200,9664,108288,0,0,0,108992,128,501,1259,248734609,4115684311,1341632,0
1816,1677184,129792,188032,0,6016,40128,635392,338944,338880,317376,1359808,0,1408,630016,0,0,0,0,0,0,384,47168,67456,7936,106880,0,0,0,108992,128,497,1247,3220195056,3702691799,1319680,0
1817,1676672,118592,187968,0,5184,34112,622656,411584,296576,275456,1401216,0,1472,617088,0,0,0,0,0,0,768,48576,130816,11392,104832,0,0,0,115072,128,513,1295,2678700401,3935910304,1367104,0
1818,1677312,118464,187904,0,4352,18560,666624,410176,271232,249856,1427456,0,1472,661312,0,0,0,0,0,0,704,47104,131840,10816,105664,0,0,0,113920,128,515,1297,2455331546,1447568748,1408896,0
1819,1677120,118272,188224,0,4352,19072,604096,368448,374656,353152,1323968,0,1344,598656,0,0,0,0,0,0,640,47104,99712,9344,101504,0,0,0,110016,128,508,1272,477978727,3346337337,1304896,0
1820,1677440,118272,189184,0,4352,18752,647232,370432,329216,307712,1369728,0,1408,641920,0,0,0,0,0,0,512,47296,99840,9216,103232,0,0,0,110208,128,507,1276,3783664638,3058775437,1350976,0
1821,1676672,129984,189696,0,4352,19264,618688,366720,347968,326592,1350080,0,1280,613248,0,0,0,0,0,0,704,47424,99392,9408,100032,0,0,0,109632,128,506,1271,95522337,817160696,1330816,0
1822,1677184,135872,189632,0,4288,18752,634432,362496,331712,310336,1366848,0,1408,629248,2944,0,0,0,0,1,640,47488,99776,9088,95744,0,0,64,109568,128,501,1254,1509390747,2401824349,1348096,0
1823,1677184,129600,188032,0,4352,18688,621376,399936,315200,293824,1383360,0,1344,616000,0,0,0,0,0,0,768,47424,131136,11008,96768,0,0,0,112704,128,506,1273,1590179668,2733303081,1364672,0
1824,1677056,116352,187328,0,4544,34688,715520,473664,144960,123520,1553536,0,1408,710208,2560,0,0,0,0,1,512,47744,183936,8960,124032,0,0,64,108288,128,494,1240,3149223009,1405823827,1518848,0
1825,1677184,116672,187840,0,5504,34304,588224,520064,224576,203264,1473920,0,1408,582848,0,0,0,0,0,0,512,47936,220352,10752,131008,0,0,0,109376,128,489,1229,4222014488,3680626009,1439616,0
1826,1677056,116736,188160,0,6912,55552,714752,560000,34944,13248,1663808,0,1472,709504,0,0,0,0,0,0,704,48256,220672,10240,170496,0,0,0,109568,64,523,1336,1090642062,2222650214,1608256,0
1827,1677248,115520,188032,0,5312,35008,605888,512832,214656,192960,1484288,0,1408,600640,0,0,0,0,0,0,640,47680,188800,9088,157440,0,0,0,109056,128,516,1312,462389348,643169632,1449280,0
1828,1676800,128320,187520,0,4352,34560,661184,503168,157696,136320,1540480,0,1408,655872,0,0,0,0,0,0,512,47680,185216,9344,151360,0,0,0,108928,128,510,1295,2546808666,397352552,1505920,0
1829,1676928,128448,187456,0,4480,34624,608128,493568,220224,198656,1478272,0,1344,602816,0,0,0,0,0,0,640,47040,153984,7616,180096,0,0,0,104064,128,507,1289,2472117526,2510365671,1443648,0
1830,1677440,116672,187712,0,6656,35328,636160,537856,157056,135424,1542016,0,1344,630720,0,0,0,0,0,0,704,47104,215808,10752,154624,0,0,0,108800,64,520,1329,3895891948,3812612293,1506688,0
1831,1676992,115840,187584,0,7168,32768,614272,562368,156992,130368,1546624,0,1408,608832,0,0,0,0,0,0,704,47936,217600,11328,176512,0,0,0,108160,128,528,1350,2503203427,3035428810,1513856,0
1832,1677184,116288,187072,0,5632,32640,628224,538496,168832,147328,1529856,0,1472,622912,0,0,0,0,0,0,576,48000,184896,9600,189824,0,0,0,105472,128,519,1330,370230117,1130963632,1497216,0
1833,1677248,131200,188416,0,6400,32320,700160,542016,76736,55424,1621824,42432,1408,694656,100224,0,13056,0,1,1,768,47360,185600,9216,193856,0,21632,512,82944,128,519,1326,2954309994,3365926135,1589504,0
1834,1676928,128128,188864,0,6656,32704,622144,535936,162496,141120,1535808,0,1472,616832,0,0,0,0,0,0,640,47616,184576,8832,188160,0,0,0,105984,128,512,1308,621275402,454733055,1503104,0
1835,1677376,113216,189312,0,4224,32384,610432,537920,189888,168576,1508800,0,1408,605056,0,0,0,0,0,0,576,47424,184448,8640,191488,0,0,0,105216,128,517,1325,1396686234,2852947825,1476416,0
1836,1677248,128256,188224,0,6464,54208,649344,582144,68608,47296,1629952,0,1472,643968,0,0,0,0,0,0,896,47616,217216,10304,198272,0,0,0,107712,128,511,1304,1238736514,2054725374,1575744,0
1837,1676928,116480,189312,0,5248,32576,637632,539648,156032,134464,1542464,0,1472,632320,0,0,0,0,0,0,640,47872,185984,9152,190720,0,0,0,105152,128,508,1303,2115430950,1416271894,1509888,0
1838,1677184,116288,189376,0,4096,32384,627328,563648,144064,122304,1554880,0,1344,622016,0,0,0,0,0,0,640,47232,216832,11072,179712,0,0,0,108032,128,516,1316,3068709620,166726269,1522496,0
1839,1677056,116672,188928,0,4032,34752,638080,589312,105280,83904,1593152,0,1472,632576,0,0,0,0,0,0,576,47488,218304,10496,202624,0,0,0,109696,128,515,1303,2930353245,1239761054,1558400,0
1840,1676928,116032,189760,0,3968,34368,639552,552640,140608,119168,1557760,0,1472,634176,0,0,0,0,0,0,768,47232,185984,8960,201856,0,0,0,107712,128,507,1285,4134764104,3476597555,1523392,0
1841,1677440,128320,187904,0,4032,34304,629760,508224,184896,163392,1514048,0,1408,624320,0,0,0,0,0,0,768,47872,177344,8704,165568,0,0,0,107840,128,490,1246,1025392959,1555392650,1479744,0
1842,1676992,128896,187904,0,4864,34240,617600,371648,331840,310528,1366464,0,1472,612096,0,0,0,0,0,0,448,47360,69312,5056,148352,0,0,0,100992,128,471,1204,3056316402,1480479700,1332224,0
1843,1677312,135296,189056,0,3968,33984,768512,456000,90496,69120,1608192,108992,1472,763008,152064,0,12544,0,1,1,640,48512,130880,8512,161792,0,22976,64,82496,128,490,1257,176968188,2509963336,1574208,0
1844,1677056,116736,187968,0,4032,34048,588608,428864,316800,295168,1381888,0,1344,583232,0,0,0,0,0,0,640,47872,131136,8960,134400,0,0,0,105728,128,484,1240,2394810166,2628864508,1347840,0
1845,1676864,149952,190144,0,10560,34048,657856,456448,177856,156480,1520384,5120,1408,652544,55424,0,11072,19840,0,1,512,48320,131008,9024,159872,0,24128,640,82816,128,504,1278,2080742069,2035476088,1486336,0
1846,2237376,136064,189312,0,4160,54592,785984,534080,533184,511552,1725824,55104,1472,780544,166400,0,22208,0,1,2,704,45760,239744,10880,126720,0,68032,128,41984,128,499,1251,3583739250,3975019650,1671232,0
1847,1677184,113664,187584,0,13376,33600,622080,494208,212672,185856,1491328,0,1408,616768,0,0,0,0,0,0,640,44928,207232,9664,124544,0,0,0,107072,128,503,1248,172979907,823865217,1457728,0
1848,1676992,129920,188160,0,5760,33664,593664,492224,233600,212160,1464832,0,1408,588352,0,0,0,0,0,0,768,45312,238400,11136,86080,0,0,0,110400,128,524,1281,3988490290,3290530458,1431168,0
1849,1676928,117440,187648,0,8832,33664,596928,500416,232000,210368,1466560,0,1344,591488,0,0,0,0,0,0,768,45440,239616,10624,94144,0,0,0,109696,128,525,1287,2414927375,1126242299,1432896,0
1850,1677376,210560,187584,0,7360,33728,633344,488256,116544,94848,1582528,5056,1408,627968,59328,0,10624,82816,0,1,768,45952,240896,11264,79552,0,22144,128,87424,128,521,1290,812348413,3885137188,1548800,0
1851,1676928,118144,187968,0,11840,33536,600640,502336,222464,201472,1475456,0,1536,595072,0,0,0,0,0,0,704,45568,238720,10880,96576,0,0,0,109760,128,520,1284,1579253068,1918256717,1441920,0
1852,1677248,129536,188736,0,6720,33088,559424,486080,273664,252224,1425024,0,1408,553920,0,0,0,0,0,0,576,45120,239744,11136,80256,0,0,0,109120,128,519,1282,187142513,640543253,1391936,0
1853,1677120,124160,188032,0,7680,33536,548736,447808,327168,305792,1371328,0,1408,543360,0,0,0,0,0,0,576,45568,208000,9472,76672,0,0,0,107392,128,510,1253,1699889056,3805543773,1337792,0
1854,1676864,129664,187840,0,6784,31104,561024,486016,274432,253184,1423680,0,1408,555584,0,0,0,0,0,0,832,46464,238912,10880,80768,0,0,0,108032,128,516,1263,2998523040,2706036214,1392576,0
1855,1677184,117760,188672,0,5312,31424,549888,433088,351040,329472,1347712,0,1344,544512,0,0,0,0,0,0,512,45952,208128,9536,62400,0,0,0,106432,128,507,1241,395729873,150406254,1316288,0
1856,1677312,116736,187264,0,5376,51968,563840,477888,274240,252672,1424640,0,1408,558464,0,0,0,0,0,0,576,51264,240064,12096,61184,0,0,0,112576,128,509,1247,2093958784,3874386404,1372672,0
1857,1676992,118080,187392,0,5696,16384,583488,468864,297088,275520,1401472,0,1408,578112,0,0,0,0,0,0,640,46080,238784,11200,63552,0,0,0,108480,128,497,1215,3347542342,986493456,1385088,0
1858,1676800,116864,187264,0,8320,16512,529984,430976,386880,364992,1311808,0,1408,524480,0,0,0,0,0,0,512,45440,207296,9408,62848,0,0,0,105344,128,485,1178,1672490772,1954347731,1295296,0
1859,1677120,129408,188544,0,8448,12288,512000,416640,409792,387968,1289152,0,1408,506624,0,0,0,0,0,0,704,46272,209280,9408,48768,0,0,0,102144,64,479,1155,1442917366,1607578551,1276864,0
1860,1677312,130112,188096,0,4096,12160,520192,380608,442048,420928,1256384,0,1408,514752,0,0,0,0,0,0,640,45952,176896,7616,49472,0,0,0,99904,128,467,1113,3404904467,113986320,1244224,0
1861,1677120,131456,188544,0,4800,14400,583360,460160,294400,273152,1403968,5184,1472,578048,56960,0,11072,0,0,1,576,45696,238720,11008,58048,0,23616,512,81856,128,489,1176,1710984627,2164687386,1389568,0
1862,1676992,208128,187328,0,5440,14080,589248,449984,222784,201472,1475520,5120,1408,583808,67968,0,10688,81280,0,1,704,45312,238336,11008,46848,0,22464,13760,71424,128,475,1151,2509963336,2394810166,1461440,0
1863,1677120,117376,188608,0,5504,14272,513792,442176,395392,369024,1308096,0,1472,508480,0,0,0,0,0,0,768,46976,240960,11264,36096,0,0,0,105984,128,472,1145,2628864508,2080742069,1293824,0
1864,1677056,117376,187648,0,7680,14592,507072,400832,441856,418880,1258176,0,1408,501632,0,0,0,0,0,0,576,45568,209152,9280,32064,0,0,0,104064,128,462,1119,2035476088,3583739250,1243584,0
1865,1677056,129152,187456,0,5952,14400,509120,392576,438400,417344,1259712,0,1408,503744,0,0,0,0,0,0,576,45248,208192,8896,25792,0,0,0,103744,128,461,1117,1488593358,2288965265,1245312,0
1866,1677120,128256,188928,0,4096,13952,504960,358784,478144,456896,1220224,0,1344,499520,0,0,0,0,0,0,448,45440,177472,7616,26048,0,0,0,101632,128,446,1072,1965598934,1583069779,1206272,0
1867,1677440,117824,188608,0,4032,35456,518784,431168,381568,359936,1317504,0,1408,513408,0,0,0,0,0,0,832,46336,240896,10688,26048,0,0,0,106240,128,455,1100,4091125891,4012079819,1282048,0
1868,1676736,116800,188288,0,4032,14528,505280,429120,418688,397504,1279232,0,1344,499968,0,0,0,0,0,0,896,44736,240192,11008,25984,0,0,0,106176,128,455,1100,2608021332,3333992899,1264704,0
1869,1677056,146176,188608,0,5504,14336,612416,436864,273152,251840,1425216,4864,1472,607040,48960,0,11264,0,0,1,768,46016,239744,11200,15232,0,23552,128,100096,128,460,1114,3464123281,1332828231,1410880,0
1870,1677248,136384,189312,0,11904,14080,645056,434880,245632,224256,1452992,5056,1408,639680,55488,0,11328,0,0,1,704,45440,239040,11136,15040,0,24768,64,98560,128,474,1162,1601129110,733974165,1438912,0
1871,1676992,116544,193856,0,7872,14336,542848,398336,403200,382208,1294784,0,1344,537600,0,0,0,0,0,0,576,46208,207552,9536,15232,0,0,0,119104,128,473,1154,754600214,3127411882,1280448,0
1872,1677248,130496,187904,0,8384,14336,551360,470464,314304,292800,1384448,0,1408,545984,0,0,0,0,0,0,832,45248,272128,12544,14976,0,0,0,124608,128,538,1356,867844901,555779905,1370112,0
1873,1677056,180096,188928,0,6080,14080,525504,420672,341696,320192,1356864,0,1408,520064,0,0,0,0,0,0,576,46144,240448,10880,15104,0,0,0,107392,128,629,1530,4030553923,3367049282,1342784,0
1874,1676928,146688,188864,0,4608,14336,536448,418240,367744,346624,1330304,0,1408,531136,0,0,0,0,0,0,768,46336,238464,10624,14784,0,0,0,107136,128,633,1535,3657107197,3717055285,1315968,0
1875,1677312,146048,188352,0,4480,14272,537728,422016,364416,342976,1334336,0,1472,532352,0,0,0,0,0,0,704,46400,239360,10560,15040,0,0,0,109824,128,635,1532,4023410649,289099379,1320064,0
1876,1676864,174464,188608,0,4032,14528,589312,416896,289024,267584,1409280,4928,1408,584000,47104,0,10688,0,0,1,640,45440,238784,10688,14976,0,22784,64,83392,128,635,1528,2509963336,2394810166,1394752,0
1877,1677504,143360,189184,0,12160,49792,532352,380736,369920,347968,1329536,0,1408,527104,0,0,0,0,0,0,512,45376,206208,9216,14784,0,0,0,104512,128,626,1505,2628864508,2080742069,1279744,0
1878,1676864,157824,187584,0,5504,14848,551552,420608,338944,317632,1359232,0,1472,546176,0,0,0,0,0,0,768,46144,238400,11456,14976,0,0,0,108736,128,630,1523,2035476088,3583739250,1344384,0
1879,1677056,145536,189440,0,5376,14208,521152,415872,385472,359168,1317888,0,1408,515840,0,0,0,0,0,0,704,45888,238336,11200,15168,0,0,0,104448,128,628,1524,1488593358,2288965265,1303680,0
1880,1677184,145984,188288,0,5440,14720,526016,417280,379456,358080,1319104,0,1408,520640,0,0,0,0,0,0,576,45312,238336,11264,15168,0,0,0,106496,128,627,1519,1965598934,1583069779,1304384,0
1881,1677056,145856,188544,0,5504,14528,528320,418688,375616,354496,1322560,0,1408,523072,0,0,0,0,0,0,704,45504,239808,11008,15104,0,0,0,106432,128,627,1520,4091125891,4012079819,1308032,0
1882,1677376,145216,188544,0,5440,14528,521024,385728,416896,395200,1282176,0,1344,515776,0,0,0,0,0,0,576,46272,207616,9408,15424,0,0,0,106304,128,617,1497,2608021332,3333992899,1267648,0
1883,1676992,156288,188544,0,5504,14784,544000,382784,385088,363840,1313152,0,1408,538752,0,0,0,0,0,0,640,45568,206976,9024,15104,0,0,0,105344,128,615,1490,2513208482,2872337928,1298368,0
1884,1677184,176448,188416,0,5504,16704,630464,349376,310272,288768,1388416,51136,1408,625088,92480,0,11776,0,1,1,512,44992,176320,7424,15424,0,22592,128,81856,128,610,1467,2544273132,1002248616,1371712,0
1885,1676928,144640,187200,0,5376,16192,544704,418176,360640,339328,1337600,0,1344,539456,0,0,0,0,0,0,640,45056,238144,10624,15296,0,0,0,108288,128,628,1520,4242366445,3460500215,1321408,0
1886,1677312,196480,189952,0,5440,14208,695104,421056,155072,133568,1543744,42176,1344,689856,124416,0,24640,18432,1,2,704,45696,239936,11136,14784,0,41984,640,66048,128,628,1507,1791537938,111888449,1529536,0
1887,1677184,157184,188480,0,12352,32640,580160,575232,131136,109632,1567552,0,1408,574720,0,0,0,0,0,0,832,80960,354816,12672,15424,0,0,0,110400,128,633,1524,1531938591,2914400646,1534912,0
1888,1676928,142848,189504,0,7872,12032,525888,535808,262976,241600,1435328,0,1344,520576,0,0,0,0,0,0,832,80128,323072,11392,14592,0,0,0,105664,128,623,1494,3419261694,1092526100,1423296,0
1889,1676992,142720,188224,0,8448,12224,506624,498112,320640,299072,1377920,0,1344,501376,0,0,0,0,0,0,512,80064,291264,9344,15168,0,0,0,101632,128,608,1453,1309145037,56190814,1365696,0
1890,1677056,162176,188864,0,6144,12160,564864,496192,246656,225088,1451968,4928,1408,559552,45056,0,10624,0,0,1,576,79168,289664,9088,15296,0,22464,128,79744,64,593,1432,2509963336,2394810166,1439808,0
1891,1677184,174976,188544,0,5440,11840,609984,352512,333888,312512,1364672,50752,1408,604352,104064,0,12736,18432,1,1,320,79360,143936,5376,24704,0,24192,128,74368,128,577,1383,2628864508,2080742069,1352832,0
1892,1677312,142016,189312,0,5504,12096,520640,312896,494848,473344,1203968,0,1344,515392,0,0,0,0,0,0,192,78976,109312,3968,24320,0,0,0,96000,128,570,1360,2035476088,3583739250,1191872,0
1893,1676928,142976,188096,0,5504,12160,509504,310464,508224,486976,1189952,0,1344,504192,0,0,0,0,0,0,192,78720,108800,3520,24704,0,0,0,94400,128,574,1362,1488593358,2288965265,1177792,0
1894,1677056,163904,188800,0,6592,12160,563328,293888,448384,427200,1249856,51200,1408,557952,97024,0,14784,0,1,1,256,79488,108672,3776,26240,0,22784,128,52416,128,573,1350,1965598934,1583069779,1237696,0
1895,1116992,143424,189120,0,5504,12032,379712,293632,93568,67072,1049920,0,1408,374336,0,0,0,0,0,0,256,79040,108672,3840,26048,0,0,0,75648,128,570,1355,4091125891,4012079819,1037888,0
1896,1116992,143552,187584,0,7680,12096,382784,290816,92480,71040,1045952,0,1408,377344,0,0,0,0,0,0,256,77952,108480,3648,26112,0,0,0,74240,128,575,1369,2608021332,3333992899,1033856,0
1897,1677248,161984,188032,0,7680,11840,460096,295168,552448,531200,1146048,40000,1344,454720,81856,0,12736,0,1,1,192,79488,109312,3712,26240,0,21504,64,54528,128,567,1357,2513208482,256017100,1134208,0
1898,1117056,161408,187776,0,6080,33600,407360,293440,27392,5696,1111360,4992,1408,401920,41408,0,9536,0,0,1,256,78848,108352,3968,26368,0,19328,64,56128,128,571,1356,21034241,457317247,1077760,0
1899,1676864,200512,188800,0,12352,11968,753472,299072,210688,189056,1487808,0,1280,748160,0,0,0,0,0,0,256,63232,108288,3904,46528,0,0,0,76736,128,574,1360,2039545426,4109874442,1475840,0
1900,2237312,245120,188352,0,12352,27008,850304,345344,568832,547072,1690240,54592,1344,844992,188352,0,36992,18752,1,3,256,62848,108608,4032,36224,0,68928,1280,62976,192,573,1365,3607350077,676355370,1663232,0
1901,1677184,179776,188288,0,5696,21504,430592,351360,499968,478400,1198784,0,1408,425216,0,0,0,0,0,0,192,73280,108736,3904,36160,0,0,0,128960,128,569,1359,4187043076,3959816133,1177280,0
1902,1675648,170304,188544,0,5632,21952,433856,342592,512768,492800,1182848,0,1472,428416,0,0,0,0,0,0,256,72384,109312,3840,27456,0,0,0,129216,128,569,1351,3563209542,3035596337,1160896,0
1903,1677120,170304,189120,0,5632,7552,428672,341760,534080,513792,1163328,0,1408,423296,0,0,0,0,0,0,256,72832,109504,3968,27648,0,0,0,127424,128,564,1343,462814663,1764898000,1155776,0
1904,1676800,179584,187328,0,7808,8000,428736,342400,522944,502784,1174016,0,1408,423424,0,0,0,0,0,0,320,73152,107904,3904,27456,0,0,0,129536,128,566,1342,2360188536,2851483532,1166016,0
1905,1677056,179712,187584,0,6912,7808,506304,342144,446592,426560,1250496,0,1408,500992,0,0,0,0,0,0,256,73088,107840,3648,27456,0,0,0,129728,128,578,1346,149792577,3464833562,1242688,0
1906,1677376,173632,189184,0,5504,7680,619264,235392,446720,426560,1250816,48512,1472,613824,129728,0,21440,0,1,2,128,80384,256,1728,27136,0,41408,3072,81152,128,513,1191,3221676888,3480961335,1243136,0
1907,1676800,158848,187904,0,12672,22016,521792,224064,549504,529344,1147456,40832,1408,516480,80768,0,11776,0,1,1,128,80320,192,1600,15808,0,20800,128,104960,128,524,1200,3902004531,4276797444,1125440,0
1908,1116992,141120,187520,0,7936,29184,459840,222848,68544,48320,1068672,0,1472,454528,0,0,0,0,0,0,128,81088,192,1664,15104,0,0,0,124544,128,523,1197,3703599090,3830269554,1039488,0
1909,1116800,152960,188736,0,7936,7872,369024,166208,224064,204288,912512,0,1472,363392,0,0,0,0,0,0,192,81152,256,1664,14272,0,0,0,68544,128,520,1196,601046020,60584176,904640,0
1910,1116864,138368,189440,0,6720,7808,358464,165696,250368,230464,886400,0,1344,353024,0,0,0,0,0,0,128,80704,192,1536,14720,0,0,0,68288,128,523,1202,2071892048,152359266,878592,0
1911,1116736,152640,187584,0,5504,7680,443008,165760,154560,129664,987072,0,1408,437760,0,0,0,0,0,0,128,79744,192,1728,15040,0,0,0,68800,128,535,1220,1465241765,88559458,979392,0
1912,1117056,140992,189120,0,5440,7744,489216,165184,119360,99264,1017792,0,1408,483904,0,0,0,0,0,0,128,80256,192,1728,14784,0,0,0,67968,128,521,1194,259993998,1170595732,1010048,0
1913,1116928,160832,187904,0,5888,7616,537600,176128,40960,20928,1096000,4992,1408,532288,44992,0,10368,0,0,1,128,80000,192,1792,24384,0,22592,64,46848,128,523,1204,2509963336,2394810166,1088384,0
1914,1676992,180480,189376,0,5440,7744,713792,190528,389632,369600,1307392,112128,1408,708544,198336,0,26048,0,2,2,128,81152,192,1664,36800,0,43328,256,26880,128,513,1186,2628864508,2080742069,1299648,0
1915,1677312,153920,188160,0,12992,8064,659456,242112,412608,392384,1284928,0,1408,653952,0,0,0,0,0,0,36096,79616,448,3968,48192,0,0,0,73664,128,518,1200,2035476088,3583739250,1276864,0
1916,1676928,153920,188544,0,5632,8064,558400,223040,539328,519232,1157696,0,1408,553024,0,0,0,0,0,0,36160,80640,448,3584,28992,0,0,0,73088,128,515,1190,1488593358,2288965265,1149632,0
1917,1117184,141760,189184,0,5632,7744,479104,222464,71296,50880,1066304,0,1408,473536,0,0,0,0,0,0,36480,80768,384,3200,29312,0,0,0,72192,128,513,1195,1965598934,1583069779,1058560,0
1918,1676864,186304,188736,0,5632,7616,496704,238400,553472,530368,1146496,4800,1408,491328,44352,0,10432,0,0,1,37632,79936,448,3776,41344,0,21824,128,53184,128,507,1193,4091125891,3975019650,1138880,0
1919,1677056,192128,188416,0,23616,22144,758912,300160,191680,171392,1505664,61760,1344,753472,106688,0,12480,0,1,1,36288,79872,384,3456,49344,0,23104,576,107008,128,526,1232,172979907,823865217,1483520,0
1920,1677056,190400,187904,0,5888,22080,418176,301504,551104,531072,1145984,0,1344,412864,0,0,0,0,0,0,37504,79744,320,3392,49728,0,0,0,130688,128,537,1242,3988490290,3290530458,1123904,0
1921,1677120,179776,188800,0,8000,43328,465024,291648,500544,480192,1196928,0,1408,459712,0,0,0,0,0,0,36608,80256,448,3456,41984,0,0,0,128768,128,525,1215,2414927375,1126242299,1153600,0
1922,1676864,275776,188480,0,8768,7744,464192,299520,432384,412096,1264768,4736,1408,458880,72256,0,10240,82816,0,1,36736,79680,384,3072,48576,0,22144,128,108672,128,525,1215,812348413,3885137188,1257024,0
1923,1677248,183104,187648,0,8768,7616,532864,301952,455296,434496,1242752,0,1408,527360,0,0,0,0,0,0,36672,80384,448,3264,52416,0,0,0,128640,128,535,1238,1579253068,1918256717,1235136,0
1924,1677056,200576,187136,0,9152,7744,638528,297216,336704,315904,1361152,0,1408,633152,0,0,0,0,0,0,37440,81536,448,3456,44736,0,0,0,129472,128,525,1221,187142513,640543253,1353408,0
1925,1676928,192448,188608,0,8640,8000,486656,295168,497408,477184,1199744,0,1344,481216,0,0,0,0,0,0,37440,79872,384,3136,44800,0,0,0,129408,128,532,1230,1699889056,3805543773,1191744,0
1926,1677184,181248,188608,0,4032,7808,444992,294016,556480,536320,1140864,0,1408,439680,0,0,0,0,0,0,36672,80320,384,3392,43520,0,0,0,129600,128,541,1233,2998523040,2706036214,1133056,0
1927,1677184,200256,188672,0,5504,7552,729280,308096,237824,212416,1464768,0,1408,723968,0,0,0,0,0,0,37056,79808,384,3264,58112,0,0,0,129344,128,538,1234,395729873,150406254,1457216,0
1928,1676864,204672,188672,0,5504,7616,706560,256896,306944,286784,1390080,0,1408,701184,0,0,0,0,0,0,37760,79872,320,3328,60800,0,0,0,74688,128,544,1238,2093958784,3874386404,1382464,0
1929,1677184,283136,188608,0,5568,7488,746560,251264,194560,174080,1503104,54912,1408,741248,159552,0,21952,80640,1,2,36352,80064,384,3200,56768,0,43264,14592,16512,128,536,1226,2574388174,1056849597,1495616,0
1930,1676992,180480,188352,0,17088,7680,545920,247168,490304,470336,1206656,0,1408,540544,0,0,0,0,0,0,36864,79360,384,3456,54656,0,0,0,72320,128,536,1221,2203003131,3960452763,1198976,0
1931,1116992,159744,188928,0,8064,8192,440448,243200,68416,48384,1068608,0,1408,435008,0,0,0,0,0,0,36608,80384,448,3264,48832,0,0,0,73536,128,527,1212,2122567358,3610839085,1060416,0
1932,1677248,191616,188160,0,5760,28800,615360,262144,385408,364992,1312256,0,1472,609920,0,0,0,0,0,0,37952,80192,384,3456,66240,0,0,0,73792,128,526,1211,3635444039,3827895599,1283456,0
1933,1676928,180736,188480,0,5760,7616,559360,256640,478336,458240,1218688,0,1472,554048,0,0,0,0,0,0,36608,80704,384,3584,62464,0,0,0,72768,128,540,1235,3630722512,897937530,1211072,0
1934,1676800,191936,188096,0,5760,7552,681216,245184,357056,337216,1339584,99072,1472,675840,141760,0,11648,0,1,1,37120,80320,384,3264,50560,0,23232,128,50048,128,524,1200,525169908,3464072189,1332032,0
1935,1677120,181568,188032,0,8256,7680,512000,244480,535104,515072,1162048,0,1344,506624,0,0,0,0,0,0,37120,80000,448,3392,50816,0,0,0,72576,128,526,1207,1621811698,1376356026,1154368,0
1936,1677248,144576,188288,0,16832,7808,772672,289920,257152,236992,1440256,0,1408,767168,0,0,0,0,0,0,36736,79872,36032,5504,56192,0,0,0,75456,128,531,1238,614115644,2948942252,1432448,0
1937,1677120,156608,190784,0,12608,22336,432000,284672,578112,557632,1119488,0,1472,426496,0,0,0,0,0,0,36288,80448,36288,4992,50112,0,0,0,76416,128,529,1226,1039064814,2584259913,1097152,0
1938,1677184,174016,188224,0,12864,7680,501248,300032,493120,472704,1204480,4992,1344,496000,52800,0,9600,0,0,1,36864,80064,36416,5056,64960,0,22464,832,53248,128,533,1222,2628589608,3503832841,1196800,0
1939,1116544,141888,189184,0,5824,7872,432448,302144,37184,17408,1099136,0,1344,427072,0,0,0,0,0,0,37696,80960,36096,4992,66752,0,0,0,75520,128,542,1257,2069648495,2415401261,1091264,0
1940,1117248,141824,189312,0,5888,7808,457344,261056,54016,33600,1083648,0,1408,451840,0,0,0,0,0,0,36800,80576,320,3328,66688,0,0,0,73216,128,536,1226,2407027763,1718439107,1075840,0
1941,1116672,141952,189056,0,5824,7680,434240,248448,89472,69504,1047168,0,1472,428800,0,0,0,0,0,0,37056,81024,320,3200,54720,0,0,0,72000,128,534,1212,2054777806,1751850466,1039488,0
1942,1117184,153984,188096,0,8064,7808,400064,243712,115456,94912,1022272,0,1408,394880,0,0,0,0,0,0,36992,80000,320,3136,50304,0,0,0,72832,128,538,1223,3799829228,1168638093,1014464,0
1943,1116736,139264,188672,0,8000,8000,402624,245184,124992,99968,1016768,0,1408,397312,0,0,0,0,0,0,37312,80768,448,3264,50496,0,0,0,72768,128,538,1225,910990473,2712139333,1008768,0
1944,1677248,205824,189120,0,7104,29248,455872,246208,543872,523648,1153600,4992,1472,450368,46656,0,12032,31936,0,1,37248,81792,320,3456,49728,0,20992,128,52416,128,540,1232,3832001504,2353363078,1124352,0
1945,1116736,141696,188096,0,7936,8064,486016,240320,44608,25024,1091712,0,1344,480704,0,0,0,0,0,0,37120,81024,384,3328,46080,0,0,0,72256,128,532,1220,3455578626,2958495772,1083648,0
1946,1116736,142208,189120,0,7040,7680,407360,235712,127616,107456,1009280,0,1472,402048,0,0,0,0,0,0,36672,81280,384,3008,41536,0,0,0,72704,128,535,1219,2441299271,3783705441,1001600,0
1947,1677440,206080,187968,0,5632,8128,460992,230656,577984,557632,1119808,4992,1472,455616,46784,0,10752,29568,0,1,36608,80128,320,3136,37312,0,22912,64,50048,128,537,1219,795506458,1903718612,1111680,0
1948,1116928,139456,189120,0,5504,7616,428672,231360,115200,94784,1022144,0,1344,423296,0,0,0,0,0,0,37312,80768,384,3264,36864,0,0,0,72640,128,535,1207,2664173053,1780874132,1014528,0
1949,1676992,187584,188864,0,5568,7808,509312,232576,545280,525120,1151872,55104,1408,503744,99968,0,12928,21120,1,1,36928,80512,384,3392,37568,0,24064,576,49024,128,521,1196,3414858329,2696355113,1144064,0
1950,1117120,152192,188736,0,5632,7488,403840,233664,125568,105280,1011840,0,1472,398592,0,0,0,0,0,0,36352,80448,448,3136,40192,0,0,0,72960,128,515,1184,932508771,4117055581,1004352,0
1951,2237184,224704,196928,0,16384,21888,1287104,302656,187520,167360,2069824,155712,1408,1281600,290752,0,39360,30912,3,3,37248,79616,384,3456,57984,0,67584,2112,54144,128,535,1233,484133567,1277934483,2047936,0
1952,1677056,164096,187072,0,14592,7744,891904,322176,89472,69376,1607680,0,1408,886528,0,0,0,0,0,0,36672,74240,256,3392,44480,0,0,0,163008,128,537,1263,3052811037,1334416096,1599936,0
1953,1677248,173952,188672,0,5696,21632,752000,308224,227072,206848,1470400,0,1408,746496,0,0,0,0,0,0,37120,73280,448,3264,30848,0,0,0,163136,128,528,1230,2626735125,1069406043,1448768,0
1954,2237184,199936,232640,0,6464,22208,1209536,353024,213376,190720,2046464,36928,3264,1199360,193536,0,45376,19584,0,2,36544,75264,448,2944,72960,0,74432,832,89472,128,543,1273,1918653949,1304494002,2024256,0
1955,1677248,184320,187840,0,21056,43392,549120,336384,355136,335104,1342144,0,1344,543808,0,0,0,0,0,0,37056,72960,320,3520,54848,0,0,0,167552,128,539,1259,3761223216,1514413398,1298752,0
1956,1677120,150464,187392,0,8576,21888,495616,331392,481792,461504,1215616,0,1408,490176,0,0,0,0,0,0,36352,73024,448,3136,55168,0,0,0,163136,128,536,1248,450503768,2249767572,1193728,0
1957,1116672,150848,188416,0,7488,7808,429312,291200,41600,21376,1095296,0,1408,423872,0,0,0,0,0,0,36544,73280,384,3200,55232,0,0,0,122432,128,513,1194,2651841072,3490069107,1087488,0
1958,1677312,189632,188864,0,6208,7680,505152,248832,530944,510784,1166528,40192,1408,499712,80000,0,11456,0,1,1,37120,74368,320,3328,56064,0,19840,128,57536,128,494,1138,1827334295,355284759,1158848,0
1959,1676864,165376,188800,0,6208,7552,547200,263424,498304,472960,1203904,0,1408,541824,0,0,0,0,0,0,37184,76480,448,3520,68608,0,0,0,77056,128,514,1186,4240485700,2565296356,1196352,0
1960,1677312,162240,187840,0,6336,8000,497664,252480,562752,542656,1134656,0,1408,492160,0,0,0,0,0,0,36736,76160,448,3200,60224,0,0,0,75584,128,491,1152,3599628497,1787280755,1126656,0
1961,1676992,139072,188608,0,8576,7936,544832,248320,539648,519424,1157568,0,1344,539392,0,0,0,0,0,0,36416,76672,384,3264,55936,0,0,0,75520,128,459,1071,4216993404,3843944852,1149632,0
1962,1677056,140736,187968,0,8704,7872,528192,243712,559872,539712,1137344,0,1408,522880,0,0,0,0,0,0,36992,76096,384,3136,52096,0,0,0,74880,128,479,1091,1635618986,1068559933,1129472,0
1963,1677248,152640,187904,0,8384,8000,540544,235712,544064,523584,1153664,0,1408,535168,0,0,0,0,0,0,36416,76352,448,3520,45440,0,0,0,73408,128,494,1131,1063333598,3440555938,1145664,0
1964,1677248,157120,188288,0,14400,8000,649408,235520,424512,404224,1273024,58688,1408,644032,106368,0,11520,0,1,1,37952,75904,448,3264,44736,0,21312,64,51712,128,489,1127,3202326648,1677200460,1265024,0
1965,1116736,153024,188288,0,6336,7936,496192,235200,29760,9664,1107072,0,1408,490816,0,0,0,0,0,0,36992,76672,320,3264,44992,0,0,0,72832,128,491,1129,3429489788,4283977390,1099136,0
1966,1119552,152448,188480,0,6336,28800,461504,233152,48832,25536,1094016,0,1472,456192,0,0,0,0,0,0,36608,76288,448,3200,44288,0,0,0,72192,128,488,1114,2402798586,3751817955,1065216,0
1967,1114176,138112,188032,0,14464,22208,472896,241664,36800,16960,1097216,0,1344,467456,0,0,0,0,0,0,36928,76096,384,3328,52544,0,0,0,72256,128,498,1150,291071581,2278553079,1075008,0
1968,2237440,628288,188160,0,15488,22080,752128,273472,357824,337536,1899904,41728,1536,746752,99008,462336,12544,0,1,1,36992,80192,384,3136,78528,0,23168,256,50688,128,508,1192,3572616950,4277973249,1877824,0
1969,1116672,143360,189568,0,8896,7936,435840,267712,63360,43456,1073216,0,1408,430464,0,0,0,0,0,0,37120,75264,384,3520,77056,0,0,0,74240,128,521,1214,2714414103,1292540424,1065280,0
1970,1116928,143296,187648,0,8896,21824,466048,267200,22016,2304,1114624,0,1408,460544,0,0,0,0,0,0,36800,75264,384,3200,76800,0,0,0,74624,128,525,1224,2341916473,2444767409,1092800,0
1971,1677376,142720,188736,0,9472,7872,549824,266240,512512,492032,1185344,0,1344,544512,0,0,0,0,0,0,36736,75264,448,3200,76032,0,0,0,74432,128,514,1217,225478042,3069875990,1177472,0
1972,1677056,166208,188032,0,7808,7936,520256,268160,518656,498432,1178624,0,1408,514944,0,0,0,0,0,0,37120,74752,448,3136,76224,0,0,0,76352,128,530,1256,3697158219,443746300,1170688,0
1973,1677056,138496,190208,0,6464,7616,595200,269120,469952,449792,1227264,0,1344,589824,0,0,0,0,0,0,36992,79488,448,3264,73664,0,0,0,75136,128,529,1245,232939079,4164789168,1219648,0
