frame,ALL,FTR,STG,BG,AUD,HUD,SRC,MISC,OTHR,WAIT,WORK,SHDT,SWRM,GCRA,SCPU,SCAT,SPRM,SINT,SPHD,SPHC,MWPN,MITM,MEFX,MACT,MPRT,MTEX,MCAP,MPRO,MCAM,MFLS,GPOL,GVTX,DGSA,DGSB,WORK-H,WRAPFIX
2,12564032,9856,10726016,0,19264,913216,186880,324608,384192,346048,12217984,0,1088,182016,0,0,0,0,0,0,64,255360,192,576,13312,1954112,0,0,54976,128,102,306,3409733893,938338862,11304768,0
3,1115712,9792,101568,0,3456,9344,183296,104896,703360,683328,432384,0,1088,178496,0,0,0,0,0,0,128,43968,192,512,12416,0,0,0,47552,128,108,324,3692232833,3255626436,423040,0
4,1116608,9920,101760,0,3584,9472,183424,104256,704192,684224,432384,0,1024,178560,0,0,0,0,0,0,64,43968,192,576,12544,0,0,0,46784,128,110,332,534639722,2905633596,422912,0
5,1116864,10112,104064,0,3520,9408,183104,105472,701184,681088,435776,0,1152,178368,0,0,0,0,0,0,128,43904,192,512,12992,0,0,0,47616,128,110,332,1737640727,1095646200,426368,0
6,1116608,10176,101952,0,3392,9792,183360,104448,703488,683776,432832,0,1024,178368,0,0,0,0,0,0,128,44032,192,576,12480,0,0,0,46912,128,108,326,2102374347,535748417,423040,0
7,1116992,10048,101760,0,3520,9600,182720,104768,704576,684416,432576,0,1024,177792,0,0,0,0,0,0,128,44160,192,576,12736,0,0,0,46848,128,110,332,3648997365,394871983,422976,0
8,1116800,9984,103872,0,3456,9472,184384,103808,701824,681728,435072,0,1024,179648,0,0,0,0,0,0,64,43392,192,576,12800,0,0,0,46592,192,110,338,3719723205,2087477254,425600,0
9,1116544,9920,104128,0,3392,9536,183808,104192,701568,681472,435072,0,1088,179072,0,0,0,0,0,0,64,43648,192,576,12608,0,0,0,46976,128,110,340,48143150,543160739,425536,0
10,1116672,10048,101440,0,3328,9536,182208,103616,706496,686528,430144,0,1088,177472,0,0,0,0,0,0,64,43584,256,576,12416,0,0,0,46528,192,110,341,71071493,618753933,420608,0
11,1116800,9920,103808,0,3456,9472,185600,104960,699584,679488,437312,0,1024,180672,0,0,0,0,0,0,128,43840,192,640,12736,0,0,0,47296,128,114,355,2051661681,2102038366,427840,0
12,1116928,9856,107904,0,4288,9344,190720,104256,690560,665280,451648,0,1024,186048,0,0,0,0,0,0,128,43904,192,640,12736,0,0,0,46528,128,107,329,659218660,2389964672,442304,0
13,1116608,10112,104000,0,4288,9600,184960,104640,699008,679040,437568,0,1024,180352,0,0,0,0,0,0,128,44096,192,576,12608,0,0,0,46912,128,107,328,491208049,2872732685,427968,0
14,1117056,9856,103616,0,3392,9472,184960,104256,701504,681600,435456,0,1024,180032,0,0,0,0,0,0,64,43712,192,512,12800,0,0,0,46784,192,107,334,89457166,3132950865,425984,0
15,1116736,10112,104192,0,3456,9728,185856,103744,699648,679488,437248,0,1088,180992,0,0,0,0,0,0,64,43328,192,576,12736,0,0,0,46720,128,106,332,1725998654,1406124395,427520,0
16,1116864,9856,103808,0,3456,9408,184832,105024,700480,680256,436608,0,1088,180224,0,0,0,0,0,0,128,43776,192,576,12864,0,0,0,47360,128,104,327,1695652728,514998210,427200,0
17,1116800,9792,104768,0,3520,30848,185408,104064,678400,658240,458560,0,1088,180608,0,0,0,0,0,0,64,43712,192,576,12544,0,0,0,46848,128,94,292,1421063606,1856806967,427712,0
18,1116672,9984,103808,0,3520,9344,184512,104448,701056,680896,435776,0,1088,179648,0,0,0,0,0,0,128,43840,192,576,12736,0,0,0,46848,128,88,272,860431031,3902955328,426432,0
19,1116608,10048,108352,0,3520,9408,184064,104256,696960,676928,439680,0,1152,179392,0,0,0,0,0,0,128,43456,192,576,12672,0,0,0,47104,128,88,277,2051609085,1818158716,430272,0
20,1116992,10048,104512,0,3392,9664,188160,104576,696640,676672,440320,0,1024,183360,0,0,0,0,0,0,64,43648,192,576,12800,0,0,0,47168,128,87,274,3547613831,816508612,430656,0
21,1116672,9792,104896,0,3584,9408,187968,105088,695936,675968,440704,0,1024,183296,0,0,0,0,0,0,64,43776,192,512,12992,0,0,0,47360,192,84,268,2459677847,998831141,431296,0
22,1116928,10176,104256,0,3584,9344,187776,104896,696896,676608,440320,0,1088,183040,0,0,0,0,0,0,128,43840,192,576,12800,0,0,0,47232,128,83,264,3513286025,3356992144,430976,0
23,1116864,9984,104576,0,3456,9472,186944,104256,698176,677952,438912,0,960,182400,0,0,0,0,0,0,128,43904,192,512,12544,0,0,0,46848,128,82,260,3565350075,3270094661,429440,0
24,1116544,10048,104384,0,3456,9344,186048,103744,699520,679488,437056,0,1024,181184,0,0,0,0,0,0,128,43904,192,512,12672,0,0,0,46208,128,82,260,3010335066,181647555,427712,0
25,1116800,10048,103616,0,3456,9472,185600,104576,700032,680064,436736,0,1088,180992,0,0,0,0,0,0,128,43840,256,576,12800,0,0,0,46848,128,80,253,3924011845,3902622700,427264,0
26,1116736,10112,103808,0,3520,9472,186176,103488,700160,679936,436800,0,1024,181312,0,0,0,0,0,0,128,43968,192,576,12544,0,0,0,45952,128,77,242,2110578430,3957622405,427328,0
27,1116736,9920,103744,0,3520,9536,187264,104384,698368,678400,438336,0,1088,182464,0,0,0,0,0,0,128,43776,192,512,12736,0,0,0,46912,128,75,236,3200289012,3375546553,428800,0
28,1116672,9728,103616,0,3456,9472,183936,104256,702208,676608,440064,0,1024,179264,0,0,0,0,0,0,128,43712,192,512,12800,0,0,0,46784,128,75,236,4144502997,1901989607,430592,0
29,1116864,9728,103936,0,3456,9536,184832,104512,700864,680640,436224,0,1088,179968,0,0,0,0,0,0,64,43712,128,576,12928,0,0,0,46976,128,72,226,2155956076,4121299549,426688,0
30,1116928,9792,105280,0,3584,9472,187328,104576,696896,676544,440384,0,1088,182592,0,0,0,0,0,0,128,43584,192,576,13120,0,0,0,46848,128,72,226,1735376196,93239032,430912,0
31,1116736,9792,104448,0,3520,9472,185920,104256,699328,679424,437312,0,1024,181120,0,0,0,0,0,0,64,43584,192,512,12864,0,0,0,46912,128,72,226,2551745303,1287060180,427840,0
32,1116736,9920,103872,0,3584,30912,182720,104896,680832,660736,456000,0,1088,177984,0,0,0,0,0,0,64,44032,256,640,12608,0,0,0,47168,128,72,226,997090140,2623015396,425088,0
33,1116608,9920,103744,0,3520,9344,186432,103872,699776,679552,437056,0,1088,181632,0,0,0,0,0,0,64,43392,192,576,12608,0,0,0,46848,192,72,226,3710485941,1415722078,427712,0
34,1116800,9792,103744,0,3456,11008,184384,105920,698496,677504,439296,0,1024,179648,0,0,0,0,0,0,128,43712,256,576,12800,0,0,0,48192,256,72,226,1126344435,796250947,428288,0
35,1116608,10048,103296,0,4352,9536,185088,104512,699776,679808,436800,0,1088,180352,0,0,0,0,0,0,64,43840,192,576,12480,0,0,0,47168,192,72,226,2985421678,2639096405,427264,0
36,1116800,9984,108416,0,3584,9408,184384,104000,697024,676992,439808,0,1152,179712,0,0,0,0,0,0,128,43776,192,512,12672,0,0,0,46592,128,71,223,3475771327,3994618236,430400,0
37,1116736,10048,104832,0,3520,9664,185088,103488,700096,679936,436800,0,1024,180416,0,0,0,0,0,0,128,43520,192,576,12480,0,0,0,46464,128,68,214,2852256104,2372523050,427136,0
38,1116736,9984,103808,0,3520,9472,185920,103808,700224,680192,436544,0,1152,181056,0,0,0,0,0,0,64,43392,192,576,12608,0,0,0,46784,192,68,214,1531699528,2259031373,427072,0
39,1116864,9856,103616,0,3456,9600,185472,104256,700608,680448,436416,0,1088,180736,0,0,0,0,0,0,64,43712,192,576,12864,0,0,0,46720,128,68,214,2332422301,2063961303,426816,0
40,1116480,9920,103936,0,3456,9600,185024,104384,700160,680256,436224,0,1088,180288,0,0,0,0,0,0,128,43904,192,576,12544,0,0,0,46912,128,68,214,2177678425,4072059710,426624,0
41,1116928,10112,104320,0,3520,9344,209280,104256,676096,655744,461184,0,1024,204480,0,0,0,0,0,0,128,43840,192,576,12480,0,0,0,46912,128,68,214,2287066739,1932111084,451840,0
42,1116800,9984,104832,0,3456,9600,194624,104512,689792,669952,446848,0,1152,189952,0,0,0,0,0,0,64,43648,192,512,12928,0,0,0,47040,128,68,214,2146889784,3102261688,437248,0
43,1116800,9600,103488,0,3520,9472,185152,104256,701312,681024,435776,0,1088,180480,0,0,0,0,0,0,128,44032,256,576,12672,0,0,0,46464,128,68,214,2565493072,3351842192,426304,0
44,1116864,9984,103936,0,3584,9664,185152,104640,699904,674304,442560,0,1088,180352,0,0,0,0,0,0,128,43840,192,512,12864,0,0,0,46976,128,68,214,573067348,3376692512,432896,0
45,1116544,9984,103936,0,3456,9408,183936,104064,701760,682176,434368,0,1024,179264,0,0,0,0,0,0,64,43776,192,576,12864,0,0,0,46464,128,68,214,964372260,2158774274,424960,0
46,1117120,9792,104192,0,3520,9600,185088,104512,700416,680064,437056,0,1152,180288,0,0,0,0,0,0,64,43584,192,576,12864,0,0,0,47104,128,68,214,109368632,3022055063,427456,0
47,1677312,15296,104448,0,3392,41920,836160,158080,518016,491584,1185728,0,1280,831168,0,0,0,0,0,0,192,44288,47040,1216,12992,0,0,0,52224,128,97,310,643478902,3715496733,1143808,0
48,1116352,15168,103680,0,3520,20480,209600,157568,606336,579648,536704,0,1280,204544,0,0,0,0,0,0,192,43328,47616,1088,13184,0,0,0,52032,128,97,310,300445717,3070492923,516224,0
49,1116928,15232,104192,0,3456,20480,210560,156928,606080,580224,536704,0,1344,205504,0,0,0,0,0,0,128,43136,47936,1216,13120,0,0,0,51264,128,99,317,2259898659,3922940228,516224,0
50,1116800,15168,103744,0,3456,20224,209664,157312,607232,580928,535872,0,1280,204672,0,0,0,0,0,0,128,43328,47680,1152,13248,0,0,0,51648,128,99,317,1819101676,1899403818,515648,0
51,1116928,14976,104512,0,3392,20416,211648,156800,605184,579136,537792,0,1216,206720,0,0,0,0,0,0,192,43456,47744,1216,13184,0,0,0,50880,128,99,317,1916342219,2972714319,517376,0
52,1116608,14912,103680,0,3456,20160,209984,157376,607040,581824,534784,0,1344,204928,0,0,0,0,0,0,128,43264,47680,1088,13120,0,0,0,51968,128,99,313,968197290,1375684915,514624,0
53,1116928,15232,108672,0,3456,20608,209408,157056,602496,577088,539840,0,1216,204416,0,0,0,0,0,0,192,43712,47168,1088,13056,0,0,0,51712,128,99,313,4130071747,1548173377,519232,0
54,1116864,15360,104000,0,3456,20672,211200,156864,605312,580032,536832,0,1280,206208,0,0,0,0,0,0,256,43264,47744,1088,13056,0,0,0,51328,128,99,312,2058097925,3046203554,516160,0
55,1116672,15040,103808,0,3456,20352,209728,156480,607808,582848,533824,0,1280,204800,0,0,0,0,0,0,128,43456,47616,1152,13376,0,0,0,50624,128,99,311,3586792002,1300786118,513472,0
56,1116992,15040,104128,0,4416,20160,221696,157056,594496,569216,547776,0,1280,216704,0,0,0,0,0,0,192,43392,47232,1088,13312,0,0,0,51712,128,96,302,2114521923,29903572,527616,0
57,1117120,15040,103488,0,3456,20544,211072,157504,606016,580416,536704,0,1280,206016,0,0,0,0,0,0,192,43200,47808,1088,13312,0,0,0,51776,128,96,302,2795855920,625581430,516160,0
58,6718592,19136,103744,0,3456,41920,5864704,234688,450944,425792,6292800,0,1280,5859520,0,0,0,0,0,0,256,43584,120384,1792,13248,0,0,0,55232,192,145,449,1878865425,1194858356,6250880,0
59,1116672,19072,104320,0,11904,20608,275264,227392,458112,433280,683392,0,1280,270016,0,0,0,0,0,0,256,43136,114624,1728,13120,0,0,0,54400,128,127,394,1322749170,615912997,662784,0
60,1116800,18880,104960,0,3648,20416,232448,228288,508160,478208,638592,0,1216,227392,0,0,0,0,0,0,320,43456,115072,1728,13184,0,0,0,54400,128,126,391,1402805736,2881059121,618176,0
61,1116800,19072,104704,0,3584,20608,233792,227648,507392,482560,634240,0,1280,228736,0,0,0,0,0,0,256,43136,115072,1728,13184,0,0,0,54144,128,125,387,1297793401,4191500770,613632,0
62,1116736,18688,104512,0,3584,20224,233152,227328,509248,485120,631616,0,1280,227904,0,0,0,0,0,0,256,42880,115008,1728,13568,0,0,0,53760,128,124,384,1506031299,900949653,611392,0
63,1116992,18880,104192,0,3584,20224,233728,228544,507840,483648,633344,0,1280,228544,0,0,0,0,0,0,192,43392,115776,1664,13184,0,0,0,54208,128,124,384,31354075,3521513734,613120,0
64,1116736,18880,104512,0,3520,20352,230976,228480,510016,485760,630976,0,1280,225856,0,0,0,0,0,0,384,43456,115328,1728,13504,0,0,0,53952,128,124,384,2861910662,1195465027,610624,0
65,1116672,18944,104384,0,3520,20416,231232,228608,509568,485376,631296,0,1216,226112,0,0,0,0,0,0,256,43136,115136,1792,13504,0,0,0,54656,128,124,383,3813511084,3044649412,610880,0
66,1116736,18880,104640,0,3584,20736,231424,228096,509376,485440,631296,0,1344,226304,0,0,0,0,0,0,256,43200,115712,1728,13376,0,0,0,53696,128,121,374,160536520,2931654769,610560,0
67,1116800,18944,104640,0,3584,20736,231616,227520,509760,485440,631360,0,1216,226496,0,0,0,0,0,0,256,43392,114624,1728,13312,0,0,0,54080,128,121,374,1836981006,779858391,610624,0
68,1677184,492672,103616,0,3584,20928,232960,229760,593664,558080,1119104,0,1280,227968,0,0,0,0,0,0,256,43136,114432,1792,13120,0,0,0,56896,128,323,678,397875003,2623811162,1098176,0
69,1116608,440320,104960,0,3584,20736,233792,229888,83328,59136,1057472,0,1344,228736,0,0,0,0,0,0,192,43392,115200,1728,13248,0,0,0,56000,128,232,591,686371770,1250596799,1036736,0
70,3357504,55232,104768,0,3584,24512,2696000,316800,156608,132416,3225088,0,1280,2691072,0,0,0,0,0,0,384,42880,189184,2752,13312,0,0,0,68160,128,250,649,2930238872,3095612338,3200576,0
71,1116864,55168,103616,0,4480,41728,256832,311552,343488,319680,797184,0,1280,251776,0,0,0,0,0,0,384,43392,190336,2880,13248,0,0,0,61184,128,249,654,1833104263,2896592499,755456,0
72,1116800,55040,103808,0,3584,20544,259200,311168,363456,338944,777856,0,1216,254208,0,0,0,0,0,0,320,43712,189952,2688,13312,0,0,0,61056,128,249,658,1458867106,1853921179,757312,0
73,1116928,55296,104320,0,3648,20288,260224,309568,363584,339072,777856,0,1344,255232,0,0,0,0,0,0,320,43136,189440,3008,13184,0,0,0,60352,128,253,654,938331274,2474713664,757568,0
74,1116672,54976,103872,0,3648,20288,260352,323840,349696,325632,791040,0,1280,255232,0,0,0,0,0,0,448,43136,203264,2816,13376,0,0,0,60672,128,250,651,3109265472,960086901,770752,0
75,1116608,55360,105088,0,12800,20928,331392,324992,266048,242048,874560,0,1280,326272,0,0,0,0,0,0,384,43520,188352,2752,27776,0,0,0,62080,128,255,673,1857834136,3413453678,853632,0
76,1116864,55104,104320,0,3712,20800,266752,322560,343616,314176,802688,0,1280,261760,0,0,0,0,0,0,320,43072,188736,2688,26560,0,0,0,61056,128,257,679,2457878744,1247105686,781888,0
77,1676864,526528,104512,0,3776,20544,264320,285952,471232,436544,1240320,0,1280,259200,0,0,0,0,0,0,320,44224,147904,2624,26688,0,0,0,64000,192,337,859,2487666396,2229909123,1219776,0
78,1676992,505280,104448,0,4800,20800,273664,287424,480576,456320,1220672,0,1280,268672,0,0,0,0,0,0,320,43712,148352,2688,28160,0,0,0,64064,128,336,860,703478618,3134281900,1199872,0
79,1116672,89920,104192,0,6080,21056,270208,287744,337472,313216,803456,0,1280,265152,0,0,0,0,0,0,384,43072,148224,2624,30656,0,0,0,62656,128,340,867,366402473,3952717027,782400,0
80,1116672,90240,104832,0,4928,20736,257664,284544,353728,329408,787264,0,1280,252800,0,0,0,0,0,0,384,43520,147328,2688,28032,0,0,0,62464,128,343,875,819242512,3647785928,766528,0
81,3357824,249600,105664,0,3520,20800,2146432,317824,513984,472512,2885312,0,1344,2141248,0,0,0,0,0,0,448,43584,173568,3008,30400,0,0,0,66688,128,437,1040,3108188831,2593327429,2864512,0
82,1116416,247232,104768,0,3584,20672,272192,292288,175680,151360,965056,0,1280,267072,0,0,0,0,0,0,320,43392,147968,2560,33024,0,0,0,64896,128,439,1046,3855276335,2748991915,944384,0
83,1116864,117888,104320,0,3520,41984,253632,290560,304960,280832,836032,0,1216,248704,0,0,0,0,0,0,448,43520,147072,2688,31744,0,0,0,64960,128,438,1042,3456244168,3087645049,794048,0
84,1116864,118208,104832,0,11584,20800,297152,289920,274368,250048,866816,0,1280,292160,0,0,0,0,0,0,448,42880,148096,2688,29696,0,0,0,65984,128,436,1040,3116986357,1467236731,846016,0
85,1116800,118016,104320,0,3776,20608,255488,289664,324928,301056,815744,0,1344,250368,0,0,0,0,0,0,448,43200,148672,2688,30272,0,0,0,64256,128,435,1041,1349364842,3381343949,795136,0
86,1676928,832192,105088,0,3840,20544,254208,284928,176128,124288,1552640,0,1344,249216,0,0,0,0,0,0,320,43456,146944,2688,24256,0,0,0,67136,128,438,1054,1827927638,2829970229,1532096,0
87,1677120,790016,104576,0,4480,20864,253824,284864,218496,194304,1482816,0,1280,248832,0,0,0,0,0,0,384,43008,147776,2688,20992,0,0,0,69888,128,455,1101,2749200582,2388135953,1461952,0
88,1116608,155072,104384,0,3776,20416,251264,276096,305600,281664,834944,0,1280,246272,0,0,0,0,0,0,384,43904,148480,2624,13760,0,0,0,66816,128,489,1171,4208363372,826926179,814528,0
89,1116608,155264,103744,0,3712,20416,253440,273472,306560,282368,834240,0,1280,248384,0,0,0,0,0,0,512,43392,147584,2752,13632,0,0,0,65408,192,542,1288,3187557870,1347995117,813824,0
90,1117120,156288,104320,0,3712,20352,250240,274688,307520,283264,833856,0,1280,245312,0,0,0,0,0,0,448,43840,147968,2688,13760,0,0,0,65856,128,545,1259,2537094445,3400489992,813504,0
91,1116544,155968,104384,0,3712,20672,249280,273984,308544,284672,831872,0,1280,244352,0,0,0,0,0,0,512,43456,147968,2560,13504,0,0,0,65856,128,541,1251,1543996227,2415524548,811200,0
92,1116736,155776,104384,0,3712,20416,249664,274880,307904,278656,838080,0,1280,244736,0,0,0,0,0,0,384,43264,148480,2368,13760,0,0,0,66496,128,541,1251,3230094837,2708663912,817664,0
93,1116736,158784,103552,0,3712,20672,250880,275328,303808,279936,836800,0,1280,245760,0,0,0,0,0,0,448,43072,148288,2816,13440,0,0,0,67136,128,546,1266,1493706536,306194529,816128,0
94,1117056,156480,104256,0,3776,20416,250048,275392,306688,282560,834496,0,1216,245184,0,0,0,0,0,0,384,43648,148608,2752,13568,0,0,0,66304,128,544,1260,3172190090,4131353714,814080,0
95,1116672,155904,104128,0,3712,20416,252160,274432,305920,282112,834560,0,1280,247104,0,0,0,0,0,0,384,43264,147456,2624,13888,0,0,0,66688,128,545,1258,961289422,2351678425,814144,0
96,1116800,157312,103488,0,11136,20544,278656,273472,272192,248128,868672,0,1280,273408,0,0,0,0,0,0,384,43328,146816,2752,13888,0,0,0,66112,192,541,1254,1041817725,73125358,848128,0
97,1116992,156544,103744,0,3776,42112,256128,275136,279552,255424,861568,0,1280,251008,0,0,0,0,0,0,448,43904,148160,2752,13888,0,0,0,65856,128,542,1261,1985016994,4030654515,819456,0
98,1116608,155840,103936,0,3904,20736,254528,274112,303552,279424,837184,0,1344,249600,0,0,0,0,0,0,384,43520,148544,2752,13440,0,0,0,65280,192,543,1256,2536030014,1633434500,816448,0
99,1116800,156416,103040,0,6144,20672,252928,275712,301888,277440,839360,0,1280,247936,0,0,0,0,0,0,448,43392,148864,2688,13888,0,0,0,66304,128,541,1258,3924566241,370342650,818688,0
100,1116736,156544,103680,0,6464,20608,253248,275968,300224,276160,840576,0,1280,248064,0,0,0,0,0,0,384,43392,148928,2560,13568,0,0,0,67008,128,540,1263,1257865487,1848491940,819968,0
101,1116672,156544,103936,0,6848,20672,254208,275584,298880,274752,841920,0,1216,249088,0,0,0,0,0,0,320,43776,149440,2560,13696,0,0,0,65664,128,547,1276,3220256031,2232903708,821248,0
102,1116608,156480,104192,0,3648,20800,254656,274112,302720,278976,837632,0,1344,249536,0,0,0,0,0,0,384,43136,148800,2752,13312,0,0,0,65600,128,548,1271,3240229307,1591534796,816832,0
103,1116992,156416,104384,0,3584,20352,253184,274816,304256,279808,837184,0,1280,248256,0,0,0,0,0,0,320,43392,148032,2752,13568,0,0,0,66624,128,545,1270,386693920,3699178841,816832,0
104,1116608,155968,104256,0,3520,20800,251968,275328,304768,280640,835968,0,1344,246976,0,0,0,0,0,0,384,43520,147456,2752,13760,0,0,0,67328,128,543,1264,853182015,2384077865,815168,0
105,1116736,153472,103744,0,3712,20608,251904,270848,312448,288640,828096,0,1344,246848,0,0,0,0,0,0,320,41728,147200,2816,13696,0,0,0,64960,128,540,1261,4098921357,2840108971,807488,0
106,1116672,153600,104256,0,3520,20352,250560,271104,313280,288960,827712,0,1280,245568,0,0,0,0,0,0,320,42048,147008,2752,13504,0,0,0,65344,128,535,1248,2398202473,79432132,807360,0
107,1676864,164736,103360,0,10752,20672,841216,268928,267200,242752,1434112,0,1280,836160,0,0,0,0,0,0,320,41472,145856,2112,13504,0,0,0,65536,128,535,1243,2211740270,557017658,1413440,0
108,1116800,154112,104960,0,6976,20864,291392,266880,271616,241728,875072,0,1280,286336,0,0,0,0,0,0,320,41856,144960,2240,13504,0,0,0,63872,128,536,1239,2167352057,1555141545,854208,0
109,1116800,154176,103488,0,6016,20544,289536,266304,276736,252288,864512,0,1280,284608,0,0,0,0,0,0,320,41600,144384,2176,13760,0,0,0,63936,128,534,1237,4120473112,251137270,843968,0
110,1116800,154560,104448,0,4928,20544,290304,266432,275584,251392,865408,0,1344,285248,0,0,0,0,0,0,320,41984,143936,2048,13504,0,0,0,64512,128,532,1238,429151727,381534947,844864,0
111,1116864,154240,104448,0,10752,20672,331456,282304,212992,188800,928064,0,1344,326400,0,0,0,0,0,0,256,42240,144512,2176,28288,0,0,0,64640,192,535,1256,3227735117,1271249049,907392,0
112,1116992,153792,104256,0,3840,41536,293824,280896,238848,214784,902208,0,1280,288768,0,0,0,0,0,0,320,41792,144064,2112,27136,0,0,0,65280,192,540,1257,1580516361,2288647525,860672,0
113,1676800,840576,104576,0,11712,20544,334720,280512,84160,59840,1616960,0,1280,329728,0,0,0,0,0,0,320,41472,144128,2240,26432,0,0,0,65792,128,542,1261,2091619538,2563742790,1596416,0
114,1116736,162624,104384,0,3840,20544,304832,283520,236992,213120,903616,0,1344,299776,0,0,0,0,0,0,320,41216,145152,2240,28864,0,0,0,65600,128,553,1280,1150330036,3013307016,883072,0
115,1116864,162816,104960,0,3840,20736,304192,284480,235840,211968,904896,0,1344,299072,0,0,0,0,0,0,384,41728,144384,2176,30592,0,0,0,65088,128,562,1304,3468018157,1322703658,884160,0
116,1116736,162304,104576,0,3840,20800,293056,285248,246912,222848,893888,0,1280,288000,0,0,0,0,0,0,320,42304,144192,2176,28672,0,0,0,67456,128,565,1304,2546819723,3168541018,873088,0
117,1117248,162880,104640,0,3840,20416,307584,283392,234496,210048,907200,0,1280,302464,0,0,0,0,0,0,320,41664,144064,2240,29760,0,0,0,65216,128,567,1313,2691393104,4147064903,886784,0
118,1116224,169472,104768,0,3840,20864,500288,217344,99648,75776,1040448,0,1344,495232,0,0,0,0,0,0,192,41792,76096,1728,33344,0,0,0,64064,128,530,1222,1963097843,2191248781,1019584,0
119,1116736,163584,104256,0,3840,20864,323264,214272,286656,262656,854080,0,1344,318208,0,0,0,0,0,0,256,41216,75648,1600,31168,0,0,0,64256,128,524,1209,1724445212,1549583130,833216,0
120,1116800,163136,104576,0,6144,20864,325568,213888,282624,258240,858560,0,1280,320576,0,0,0,0,0,0,320,41984,76672,1536,29632,0,0,0,63552,192,528,1218,263969185,1999825206,837696,0
121,1116864,162368,104128,0,6144,21120,322432,216000,284672,260608,856256,0,1280,317440,0,0,0,0,0,0,256,41984,76544,1408,30080,0,0,0,65600,128,525,1217,1933347229,1691962638,835136,0
122,1116800,163712,104448,0,5056,20608,320768,207616,294592,270272,846528,0,1280,315840,0,0,0,0,0,0,256,41408,76416,1600,24768,0,0,0,63040,128,526,1203,1912486166,3662998953,825920,0
123,1116736,163584,104000,0,3840,20864,319232,204992,300224,276352,840384,0,1280,314240,0,0,0,0,0,0,320,41600,76992,1728,21504,0,0,0,62720,128,520,1190,1624426393,2440491648,819520,0
124,1116608,163648,104192,0,6144,20672,316416,195968,309568,280384,836224,0,1280,311296,0,0,0,0,0,0,256,41728,76416,1472,13312,0,0,0,62592,192,515,1172,1973917027,3905553437,815552,0
125,1116672,162496,104384,0,6080,20864,315392,197120,310336,286208,830464,0,1280,310464,0,0,0,0,0,0,192,41344,76736,1600,14016,0,0,0,63104,128,519,1180,1719213756,1786278101,809600,0
126,1116480,163776,104192,0,4992,20544,314880,195904,312192,284992,831488,0,1280,309952,0,0,0,0,0,0,320,41472,76864,1856,13504,0,0,0,61760,128,521,1186,3645077610,768825958,810944,0
127,1117120,163584,104384,0,3584,42112,316416,195968,291072,266944,850176,0,1280,311296,0,0,0,0,0,0,256,41792,76352,1536,13248,0,0,0,62656,128,517,1176,2672325828,2374533445,808064,0
128,1116672,163008,104384,0,3712,20672,314880,168000,342016,317696,798976,0,1216,309888,0,0,0,0,0,0,256,41728,48640,1792,13440,0,0,0,62016,128,496,1107,3202967537,3992524398,778304,0
129,1116800,163456,104384,0,4544,20544,325120,168192,330560,306624,810176,0,1280,320064,0,0,0,0,0,0,320,42048,48320,1856,13504,0,0,0,62016,128,495,1108,3528711815,1514699472,789632,0
130,1676992,924928,103616,0,5888,20864,475136,116480,30080,6080,1670912,0,1216,469952,0,0,0,0,0,0,128,42112,192,576,13376,0,0,0,59968,128,496,1115,3467966959,4276567700,1650048,0
131,1117056,163136,104128,0,6080,20864,335168,114240,373440,348928,768128,0,1280,330112,0,0,0,0,0,0,64,42240,128,576,13504,0,0,0,57600,128,496,1115,2811640801,3299262578,747264,0
132,1116672,162560,103936,0,3456,20608,337216,115392,373504,349184,767488,0,1280,332288,0,0,0,0,0,0,128,42496,192,640,13504,0,0,0,58304,128,496,1115,1813410896,2884507463,746880,0
133,1116608,193856,104512,0,3456,20736,337984,114688,341376,317376,799232,0,1280,333056,0,0,0,0,0,0,128,42048,192,576,13056,0,0,0,58560,128,496,1115,219952097,1284409034,778496,0
134,1116864,162752,103680,0,3520,20736,335936,115264,374976,350912,765952,0,1280,330944,0,0,0,0,0,0,64,42304,192,640,13760,0,0,0,58176,128,496,1115,2254437385,3505166158,745216,0
135,1116864,162816,103936,0,3520,20544,336832,115136,374080,350272,766592,0,1280,331840,0,0,0,0,0,0,128,42624,192,640,13440,0,0,0,57984,128,496,1115,1050957814,1695592899,746048,0
136,1116608,162304,103488,0,3456,20800,336256,115520,374784,350720,765888,0,1280,331200,0,0,0,0,0,0,64,42880,128,576,13440,0,0,0,58304,128,497,1118,1189862211,498284502,745088,0
137,1117184,162176,104320,0,10496,20736,364800,114752,339904,315328,801856,0,1280,359808,0,0,0,0,0,0,128,41984,192,576,13248,0,0,0,58496,128,496,1118,1440779530,1220222239,781120,0
138,1116928,162304,104064,0,3584,20608,337280,117120,371968,347072,769856,0,1280,332416,0,0,0,0,0,0,64,42240,128,576,13312,0,0,0,60672,128,495,1115,927011496,3229609362,749248,0
139,1116608,162752,103808,0,3584,20288,337024,115136,374016,349632,766976,0,1280,332096,0,0,0,0,0,0,64,42688,192,576,13504,0,0,0,57984,128,494,1114,3745549368,1478840422,746688,0
140,1116800,162432,104064,0,3584,20544,337984,114688,373504,344192,772608,0,1280,332800,0,0,0,0,0,0,128,42432,192,576,13440,0,0,0,57792,128,495,1114,2532964422,1354153229,752064,0
141,1116800,162880,103232,0,3648,20800,337088,115008,374144,350016,766784,0,1280,331968,0,0,0,0,0,0,128,42240,192,512,13504,0,0,0,58304,128,497,1120,2489918997,916431398,745984,0
142,1116672,162432,104320,0,3584,22016,337472,115008,371840,348288,768384,0,1280,332544,0,0,0,0,0,0,128,42176,192,640,13376,0,0,0,58368,128,498,1123,2593950108,2541722577,746368,0
143,1116992,163264,103616,0,3584,20608,337856,115008,373056,348992,768000,0,1280,332864,0,0,0,0,0,0,64,42496,128,576,13568,0,0,0,58048,128,497,1122,980058830,3353379125,747392,0
144,1116672,162816,103936,0,3584,20864,338112,114560,372800,348480,768192,0,1280,333120,0,0,0,0,0,0,64,42240,192,576,13440,0,0,0,57920,128,498,1125,3603601789,658891006,747328,0
145,1116864,162560,104576,0,3584,20864,336768,114368,374144,349952,766912,0,1280,331776,0,0,0,0,0,0,64,42176,192,640,13440,0,0,0,57728,128,499,1128,3245217122,70169386,746048,0
146,1116864,163264,104064,0,3584,20736,336832,114560,373824,349824,767040,0,1280,331776,0,0,0,0,0,0,128,42048,192,576,13248,0,0,0,58240,128,498,1125,3548252053,1154279646,746304,0
147,1116864,163136,103744,0,3584,20992,339200,115072,371136,347200,769664,0,1280,334080,0,0,0,0,0,0,128,42560,192,512,13376,0,0,0,58176,128,498,1125,3413485766,482779451,748672,0
148,1116800,194560,104320,0,3648,20672,339392,115520,338688,314624,802176,0,1280,334272,0,0,0,0,0,0,128,42048,128,576,13312,0,0,0,59200,128,499,1126,37841119,743313385,781504,0
149,1116800,162624,104000,0,3584,20800,337664,114624,373504,349376,767424,0,1344,332608,0,0,0,0,0,0,128,42240,192,512,13568,0,0,0,57856,128,498,1123,3110719713,1347277956,746624,0
150,1116160,162944,103936,0,3584,20800,338816,114944,371136,347328,768832,0,1280,333824,0,0,0,0,0,0,64,42304,192,576,13632,0,0,0,58048,128,498,1123,965102022,4249265892,748032,0
151,1117376,194432,104000,0,4544,20736,343680,115072,334912,310336,807040,0,1280,338240,0,0,0,0,0,0,128,42112,256,576,13312,0,0,0,58560,128,499,1126,4286807217,1314134699,786304,0
152,1116864,163200,103232,0,3648,20992,338560,114944,372288,348544,768320,0,1344,333568,0,0,0,0,0,0,128,42496,192,512,13568,0,0,0,57920,128,499,1126,3751866394,550501459,747328,0
153,1116736,161792,104000,0,3648,20928,336896,115264,374208,350144,766592,0,1280,331904,0,0,0,0,0,0,64,42176,192,640,13440,0,0,0,58624,128,498,1123,3263546300,3101514075,745664,0
154,1116800,162240,103872,0,3584,20672,335552,115392,375488,351424,765376,0,1280,330560,0,0,0,0,0,0,128,42688,192,512,13440,0,0,0,58304,128,498,1123,3840787272,4212073311,744704,0
155,1116736,161728,106176,0,5888,20992,336576,114944,370432,346368,770368,0,1280,331456,0,0,0,0,0,0,128,42368,192,576,13504,0,0,0,58048,128,498,1123,1190799395,1124846335,749376,0
156,1116928,162368,103872,0,4864,21248,336128,115072,373376,343872,773056,0,1344,331200,0,0,0,0,0,0,128,42048,192,576,13376,0,0,0,58624,128,500,1129,174087287,1394294031,751808,0
157,1116736,162752,104384,0,3456,41728,336256,114176,353984,330048,786688,0,1344,331200,0,0,0,0,0,0,64,42112,192,576,13440,0,0,0,57600,192,500,1129,2785513171,4245635061,744960,0
158,1116736,162432,104064,0,3456,20544,336384,115072,374784,350528,766208,0,1280,331264,0,0,0,0,0,0,64,42112,192,576,13696,0,0,0,58304,128,500,1129,4099997756,1391224530,745664,0
159,1116736,161984,103680,0,3520,20800,346816,115072,364864,340928,775808,0,1344,341952,0,0,0,0,0,0,64,42112,192,576,13376,0,0,0,58624,128,500,1129,1565481074,1203188213,755008,0
160,1116736,163072,103936,0,3456,21056,336896,114240,374080,350336,766400,0,1344,331712,0,0,0,0,0,0,128,41984,128,576,13376,0,0,0,57920,128,499,1126,2304620810,2079562954,745344,0
161,1116992,162560,104192,0,3520,20672,337536,115264,373248,349248,767744,0,1280,332544,0,0,0,0,0,0,128,42560,192,576,13568,0,0,0,58112,128,499,1126,1463699619,2852960529,747072,0
162,1116800,162432,103936,0,3456,20992,335360,115200,375424,351232,765568,0,1344,330368,0,0,0,0,0,0,64,42624,192,576,13888,0,0,0,57728,128,499,1126,1510324037,3721489941,744576,0
163,1116672,162368,103936,0,3456,20800,336576,115136,374400,350400,766272,0,1344,331584,0,0,0,0,0,0,128,42112,192,576,13312,0,0,0,58688,128,497,1122,3056036854,2528144524,745472,0
164,1116864,162432,103680,0,3456,20544,335168,115520,376064,352192,764672,0,1280,330112,0,0,0,0,0,0,64,42688,192,576,13568,0,0,0,58304,128,497,1120,2358586684,3986568380,744128,0
165,1116608,162688,104128,0,3456,20992,337472,114944,372928,348928,767680,0,1280,332416,0,0,0,0,0,0,64,42112,192,640,13440,0,0,0,58368,128,497,1120,3699988018,501583149,746688,0
166,1116928,163264,103872,0,3392,20672,335488,114240,376000,352064,764864,0,1344,330368,0,0,0,0,0,0,128,42304,192,640,13376,0,0,0,57472,128,498,1121,639486037,357972337,744192,0
167,1116864,162816,104896,0,10560,20864,361344,114112,342272,318080,798784,0,1344,356224,0,0,0,0,0,0,64,42240,192,512,13312,0,0,0,57664,128,497,1121,1506552180,1028265053,777920,0
168,1116672,163136,103744,0,3584,20608,335872,115008,374720,350336,766336,0,1280,330816,0,0,0,0,0,0,128,42240,192,512,13568,0,0,0,58240,128,497,1121,2510084719,103854546,745728,0
169,1117120,161792,103744,0,3584,20608,339584,114880,372928,348288,768832,0,1280,334656,0,0,0,0,0,0,128,42048,192,576,13312,0,0,0,58496,128,497,1121,1182181096,181070152,748224,0
170,1116480,162496,103424,0,3584,20928,345728,115712,364608,340800,775680,0,1280,340672,0,0,0,0,0,0,128,42816,192,512,13376,0,0,0,58560,128,497,1118,2887353153,2809312706,754752,0
171,1116928,163008,104064,0,3584,20864,336448,114624,374336,350336,766592,0,1280,331520,0,0,0,0,0,0,64,42112,192,640,13440,0,0,0,58048,128,498,1121,4051761255,3962273150,745728,0
172,1116928,162688,103360,0,3584,22144,334848,117760,372544,343360,773568,0,1280,329920,0,0,0,0,0,0,64,42624,192,640,13632,0,0,0,60480,128,497,1118,4199159173,676672227,751424,0
173,1116800,162816,103936,0,4480,20672,340352,113984,370560,346496,770304,0,1280,335360,0,0,0,0,0,0,128,42240,128,512,13824,0,0,0,57024,128,497,1118,619513115,3648097519,749632,0
174,1116672,162496,104128,0,3584,20864,334400,114816,376384,352576,764096,0,1280,329344,0,0,0,0,0,0,128,42240,192,576,13568,0,0,0,57984,128,498,1121,841503138,201947404,743232,0
175,1116992,163328,104192,0,3584,20480,336320,115392,373696,349504,767488,0,1280,331136,0,0,0,0,0,0,64,42560,192,576,13696,0,0,0,58176,128,498,1121,501789673,3876977733,747008,0
176,1116800,162816,104064,0,3584,20224,335552,115584,374976,350656,766144,0,1280,330688,0,0,0,0,0,0,128,42432,192,576,13376,0,0,0,58752,128,498,1121,32482713,1154917681,745920,0
177,1117312,161920,104960,0,3584,20736,338048,114880,373184,348480,768832,0,1280,332864,0,0,0,0,0,0,64,42112,192,576,13376,0,0,0,58432,128,497,1120,1374149049,575617046,748096,0
178,1116160,162880,103872,0,3648,20736,336960,115200,372864,348864,767296,0,1280,331840,0,0,0,0,0,0,64,42496,192,576,13696,0,0,0,58048,128,497,1120,2819940419,2576796118,746560,0
179,1116928,163072,104000,0,3648,20992,335680,114688,374848,350848,766080,0,1280,330688,0,0,0,0,0,0,128,42112,192,640,13376,0,0,0,58112,128,496,1117,2598911887,977771211,745088,0
180,1117184,162496,104128,0,3584,20736,335936,114624,375680,351232,765952,0,1280,330816,0,0,0,0,0,0,128,42176,192,576,13504,0,0,0,57920,128,497,1118,2799155021,193145718,745216,0
181,1116672,162816,103488,0,3584,20672,336384,114816,374912,350720,765952,0,1280,331392,0,0,0,0,0,0,64,42496,192,576,13248,0,0,0,58112,128,498,1121,2879354689,4206385772,745280,0
182,1116736,162496,103488,0,5888,21056,336128,114560,373120,349120,767616,0,1344,331136,0,0,0,0,0,0,128,42112,128,576,13568,0,0,0,57920,128,499,1124,109358115,3695125182,746560,0
183,1116672,161984,103808,0,5888,20928,335232,114880,373952,349952,766720,0,1280,330176,0,0,0,0,0,0,128,42048,192,640,13440,0,0,0,58304,128,498,1123,229839452,1760801570,745792,0
184,1116992,162432,103552,0,4800,20864,335360,115008,374976,350528,766464,0,1280,330304,0,0,0,0,0,0,128,42240,192,512,13632,0,0,0,58176,128,499,1126,1235048078,1416686157,745600,0
185,1116544,162624,103808,0,5632,21056,337728,115200,370496,346432,770112,0,1280,332544,0,0,0,0,0,0,64,42560,128,576,13440,0,0,0,58304,128,500,1129,1311256228,3442563007,749056,0
186,1116800,163328,103808,0,5632,20992,336384,114304,372352,348288,768512,0,1280,331456,0,0,0,0,0,0,128,42048,192,576,13248,0,0,0,57984,128,499,1128,1052924117,3160437719,747520,0
187,1116608,163072,103616,0,4096,22208,337024,114496,372096,348416,768192,0,1280,331968,0,0,0,0,0,0,64,42112,192,576,13504,0,0,0,57920,128,500,1131,2745255373,3344423863,745984,0
188,1116800,162368,104064,0,2048,21056,338432,114816,374016,344704,772096,0,1344,333376,0,0,0,0,0,0,64,42432,192,576,12992,0,0,0,58432,128,500,1131,1774036224,903517759,751040,0
189,1116736,163136,106368,0,1984,20800,336704,114560,373184,349184,767552,0,1280,331776,0,0,0,0,0,0,128,42112,192,640,13504,0,0,0,57856,128,500,1131,465077842,1248487504,746752,0
190,1116864,163136,103616,0,2048,20864,341312,114944,370944,346944,769920,0,1280,336128,0,0,0,0,0,0,64,42240,192,576,13376,0,0,0,58368,128,500,1131,3451515043,3446207015,749056,0
191,1116672,162304,104192,0,2112,20928,337280,114944,374912,351040,765632,0,1344,332096,0,0,0,0,0,0,128,42112,192,640,13440,0,0,0,58304,128,501,1134,4231973384,4087742653,744704,0
192,1116608,194560,104832,0,2048,20608,337280,115520,341760,317760,798848,0,1280,332096,0,0,0,0,0,0,64,41984,128,576,13312,0,0,0,59328,128,500,1131,2890803947,750966492,778240,0
193,1116800,162176,103872,0,2048,20864,336512,114112,377216,353344,763456,0,1280,331456,0,0,0,0,0,0,128,41984,128,640,13376,0,0,0,57728,128,499,1128,1965007426,2108063542,742592,0
194,1116928,161472,104384,0,1984,20608,335424,115008,378048,353728,763200,0,1280,330368,0,0,0,0,0,0,128,42240,192,640,13568,0,0,0,58112,128,499,1128,1671416926,391626165,742592,0
195,1116736,201472,107840,0,2048,20736,337536,116160,330944,307072,809664,0,1280,332416,0,0,0,0,0,0,128,42176,256,640,13440,0,0,0,59392,128,501,1130,1889469992,2832599507,788928,0
196,1116864,163264,103744,0,2880,20736,336192,115200,374848,351168,765696,0,1280,331072,0,0,0,0,0,0,128,42496,192,512,13312,0,0,0,58432,128,501,1130,626930598,943679282,744960,0
197,1678592,168704,104128,0,10816,40960,708096,144320,501568,445632,1232960,0,1408,429952,0,0,0,0,0,0,128,42048,192,576,14144,0,0,0,87104,128,502,1136,2829599228,1792218956,1192000,0
198,1116928,124416,104000,0,3456,27968,445056,123328,288704,262272,854656,0,1280,439808,0,0,0,0,0,0,128,42752,192,576,13440,0,0,0,66112,128,501,1133,3425611524,488628630,826688,0
199,1116864,124288,104768,0,3392,27904,448320,122624,285568,259136,857728,0,1344,443072,0,0,0,0,0,0,128,42624,192,512,13760,0,0,0,65280,128,498,1126,1934914359,4229675481,829824,0
200,1116544,123840,104256,0,3456,28160,457280,122880,276672,250496,866048,0,1344,452032,0,0,0,0,0,0,64,42304,192,576,13760,0,0,0,65856,128,495,1118,3405679478,497476548,837888,0
201,1116608,123776,104832,0,3456,27840,445824,122432,288448,262528,854080,0,1280,440576,0,0,0,0,0,0,128,42432,128,576,13632,0,0,0,65408,128,494,1115,3609402282,2303146933,826240,0
202,1116928,124160,104576,0,3456,49216,443136,122048,270336,244480,872448,0,1280,437888,0,0,0,0,0,0,64,42560,192,576,13632,0,0,0,64896,128,492,1109,4128192019,1360495419,823232,0
203,1116800,123456,103808,0,3456,27584,409600,122752,326144,299840,816960,0,1280,404416,0,0,0,0,0,0,128,42560,192,512,13696,0,0,0,65536,128,490,1107,2955877537,2905504429,789376,0
204,1116800,122560,104192,0,3456,27904,365952,123712,369024,337536,779264,0,1280,360704,0,0,0,0,0,0,64,42368,192,576,13952,0,0,0,66368,192,490,1105,2598204576,3752433428,751360,0
205,1116416,123200,104064,0,3520,28224,367488,124416,365504,340032,776384,0,1344,362240,0,0,0,0,0,0,128,42368,192,512,13760,0,0,0,67328,128,490,1107,3107369194,3154741617,748160,0
206,1116928,124800,103680,0,3456,27904,368832,124992,363264,337216,779712,0,1344,363456,0,0,0,0,0,0,128,42368,192,576,13888,0,0,0,67712,128,491,1108,3139008290,1173705027,751808,0
207,1116800,124416,103360,0,3456,27584,369408,122624,365952,339968,776832,0,1344,364160,0,0,0,0,0,0,128,42560,192,576,13440,0,0,0,65600,128,489,1104,1748735136,1677326217,749248,0
208,1116928,124864,104320,0,3520,27648,368832,122624,365120,338816,778112,0,1344,363648,0,0,0,0,0,0,64,42368,192,640,13568,0,0,0,65664,128,491,1110,2103255758,2381420159,750464,0
209,1116544,147072,104384,0,3584,27712,464192,125696,243904,217984,898560,0,1344,458944,0,0,0,0,0,0,128,43776,192,576,13632,0,0,0,67264,128,498,1119,2411539486,1648497473,870848,0
210,1116736,147456,104960,0,3392,27712,464640,138368,230208,204096,912640,0,1344,459392,0,0,0,0,0,0,64,44224,128,512,25472,0,0,0,67840,128,497,1113,1092151382,3251015747,884928,0
211,1116736,130368,104064,0,3520,27904,382784,138048,330048,304128,812608,0,1280,377664,0,0,0,0,0,0,128,43840,192,576,25856,0,0,0,67328,128,501,1119,3573095868,2677760802,784704,0
212,1116800,149632,105280,0,3584,27712,511232,137664,181696,155776,961024,0,1344,506048,0,0,0,0,0,0,64,44160,192,576,25216,0,0,0,67328,128,488,1102,371413723,2992296372,933312,0
213,1116736,147200,104256,0,3456,27648,603840,142592,87744,61696,1055040,0,1344,598720,0,0,0,0,0,0,128,44160,256,576,29952,0,0,0,67392,128,494,1119,3968917697,351167406,1027392,0
214,1116864,131200,104832,0,3456,27904,428480,139968,281024,255168,861696,0,1408,423040,0,0,0,0,0,0,64,43456,128,512,29824,0,0,0,65856,128,495,1118,1334187642,3941061785,833792,0
215,1116608,129408,104512,0,3456,27968,454144,141248,255872,229696,886912,0,1344,449024,0,0,0,0,0,0,128,43904,192,640,29824,0,0,0,66432,128,516,1141,1636122731,1520546153,858944,0
216,1116736,130304,104256,0,3456,27840,470784,162304,217792,191680,925056,0,1280,465536,0,0,0,0,0,0,128,44096,192,576,49216,0,0,0,67968,128,519,1151,286951131,1593577567,897216,0
217,2797440,605568,107712,0,23232,49536,880640,931008,199744,168384,2629056,0,1280,875264,0,0,0,0,0,0,728192,44032,320,1088,44672,21888,0,0,112576,128,530,1198,980359773,3829007945,2579520,0
218,1116672,144384,105088,0,10240,28480,502976,260608,64896,38720,1077952,0,1280,497728,0,0,0,0,0,0,45248,43072,384,960,59648,0,0,0,111168,128,531,1192,3532903801,1423422963,1049472,0
219,1116864,144000,104832,0,3840,28544,486144,236288,113216,87232,1029632,0,1408,480896,0,0,0,0,0,0,44608,42688,384,1088,37056,0,0,0,110336,128,527,1185,4092274777,2109217168,1001088,0
220,1116480,144064,106176,0,6144,28416,493120,229312,109248,83072,1033408,0,1344,488000,0,0,0,0,0,0,44672,43264,320,1088,30400,0,0,0,109440,128,526,1177,2194259653,1388428839,1004992,0
221,1116736,132800,105600,0,6336,28736,524160,265088,54016,22784,1093952,0,1280,518976,0,0,0,0,0,0,45376,43008,320,1152,30144,0,0,0,144960,128,539,1225,1495653138,3195741750,1065216,0
222,1116800,144256,106304,0,6720,28544,507968,259072,63936,38144,1078656,0,1344,502720,0,0,0,0,0,0,44992,43072,384,1088,25792,0,0,0,143616,128,541,1226,990915443,3834933193,1050112,0
223,1116992,144448,105280,0,4992,28160,539520,237312,57280,30784,1086208,0,1408,534208,0,0,0,0,0,0,44928,43264,320,1152,33728,0,0,0,113792,128,526,1183,138947206,1132385430,1058048,0
224,1116544,133440,104704,0,3712,28288,526976,238912,80512,54528,1062016,0,1344,521728,0,0,0,0,0,0,45568,43136,320,1152,38784,0,0,0,109824,128,530,1186,2776188856,2717459462,1033728,0
225,1677056,143680,105536,0,3776,28544,540800,268032,586688,559936,1117120,0,1344,535552,0,0,0,0,0,0,44800,43264,384,1088,32512,0,0,0,145856,128,543,1237,1368746355,3819650168,1088576,0
226,2237056,207616,107392,0,11456,28736,701696,705216,474944,443584,1793472,0,1344,696512,0,0,0,0,0,0,45760,43584,89472,1600,35456,38656,0,0,489216,128,551,1261,267123424,827442177,1764736,0
227,1676928,145536,105280,0,3904,34112,548416,417728,421952,396160,1280768,0,1280,543104,0,0,0,0,0,0,44032,42944,89984,1664,34816,0,0,0,204160,128,526,1193,2150741207,2742896971,1246656,0
228,1675520,143936,106432,0,6720,21760,523456,415488,457728,433664,1241856,0,1344,518336,0,0,0,0,0,0,44544,43456,90688,1664,35008,0,0,0,200000,128,533,1206,1009207321,1651065514,1220096,0
229,1676864,143296,105280,0,6656,21824,586240,453824,359744,335424,1341440,0,1344,580992,0,0,0,0,0,0,45184,43456,89792,1728,35712,0,0,0,237824,128,547,1257,3150310458,1959967081,1319616,0
230,1677376,132992,105344,0,6208,42688,559040,361344,469760,445120,1232256,0,1408,553728,0,0,0,0,0,0,44288,43200,384,1088,39424,0,0,0,232832,128,545,1238,3412552004,3766561639,1189568,0
231,1676416,143936,105856,0,5952,21696,495616,318784,584576,559808,1116608,0,1408,490432,0,0,0,0,0,0,44224,43008,384,1088,32064,0,0,0,197824,192,524,1183,4098749214,1630345627,1094912,0
232,1116992,144576,106496,0,6080,21760,484096,310976,43008,18432,1098560,0,1280,478720,0,0,0,0,0,0,44480,43520,320,1088,25728,0,0,0,195712,128,529,1189,979536119,798854342,1076800,0
233,1676800,133824,105984,0,3520,21504,516416,363008,532544,508096,1168704,0,1280,511168,0,0,0,0,0,0,48064,43072,384,1024,25152,0,0,0,245184,128,545,1240,236458729,3080486541,1147200,0
234,1677056,164800,105344,0,4416,21312,656128,347584,377472,353344,1323712,0,1408,650880,0,0,0,0,0,0,44224,43264,384,1152,25856,0,0,0,232576,128,548,1247,1164465441,2947377371,1302400,0
235,1676928,144000,105536,0,3520,21760,522816,320128,559168,534848,1142080,0,1344,517632,0,0,0,0,0,0,44672,43200,320,1088,33984,0,0,0,196736,128,533,1204,1105348507,2225144924,1120320,0
236,1676992,132672,106176,0,3712,21312,505664,326016,581440,557056,1119936,0,1280,500288,0,0,0,0,0,0,44672,43136,320,1088,37632,0,0,0,199040,128,535,1201,400783036,1842949726,1098624,0
237,1677632,163520,105472,0,5824,21248,606976,355200,419392,394176,1283456,0,1280,601792,0,0,0,0,0,0,44416,43008,384,1152,31040,0,0,0,235072,128,539,1235,1249026617,3763580814,1262208,0
238,1676160,144000,105344,0,6080,22080,496000,345216,557440,527488,1148672,0,1344,490624,0,0,0,0,0,0,44096,43200,320,1088,24448,0,0,0,231936,128,552,1258,2364852943,2943907235,1126592,0
239,1116736,132544,105920,0,3584,22080,497728,311424,43456,19136,1097600,0,1344,492480,0,0,0,0,0,0,44096,43328,384,1088,24640,0,0,0,197760,128,535,1200,747619459,55508577,1075520,0
240,1677120,177600,104896,0,11648,33856,831424,272640,245056,220224,1456896,0,1344,826304,0,0,0,0,0,0,128,42816,192,576,55360,0,0,0,173440,128,540,1215,1858700612,2970039601,1423040,0
241,1677056,161024,104704,0,3584,55168,618496,261888,472192,444864,1232192,0,1280,613184,0,0,0,0,0,0,64,43136,192,576,47808,0,0,0,169984,128,535,1220,1665636504,169898869,1177024,0
242,1676928,137984,104640,0,3712,34368,591552,265472,539200,514368,1162560,0,1344,586240,0,0,0,0,0,0,128,43392,192,576,51072,0,0,0,169984,128,543,1225,3707682333,3168264093,1128192,0
243,1676992,148352,105216,0,6080,21440,623232,223552,549120,524160,1152832,0,1408,617792,0,0,0,0,0,0,128,43648,192,512,47872,0,0,0,131072,128,519,1176,3444878320,106699590,1131392,0
244,1677184,157568,105792,0,6272,21120,632576,219520,534336,509504,1167680,0,1408,627328,0,0,0,0,0,0,128,43776,128,576,43712,0,0,0,131072,128,520,1161,2067466165,625479914,1146560,0
245,1676800,133504,104768,0,3456,21376,625152,220864,567680,542464,1134336,0,1280,619968,0,0,0,0,0,0,64,44224,192,576,44160,0,0,0,131520,128,510,1145,509169536,1889546577,1112960,0
246,1677056,207104,104640,0,3584,20992,631872,220800,488064,463104,1213952,0,1344,626496,0,0,0,0,0,0,128,43968,256,576,44352,0,0,0,131392,128,510,1147,1534050306,1315003760,1192960,0
247,1676928,144448,104640,0,3712,20864,646976,219712,536576,511680,1165248,0,1344,641728,0,0,0,0,0,0,64,43456,192,576,44608,0,0,0,130688,128,520,1161,3020148904,2474972909,1144384,0
248,1677056,153728,108032,0,3840,21120,801664,229184,359488,334528,1342528,0,1280,796416,0,0,0,0,0,0,128,44800,192,576,48832,0,0,0,134528,128,518,1162,684941755,3534348313,1321408,0
249,1676800,144320,104128,0,6912,21888,620480,204736,574336,548736,1128064,0,1280,615296,0,0,0,0,0,0,128,43520,128,576,31104,0,0,0,129152,128,514,1154,3416072070,157728771,1106176,0
250,1676928,144192,104128,0,7040,21568,622272,200192,577536,552128,1124800,0,1408,617024,0,0,0,0,0,0,64,43968,192,640,25536,0,0,0,129664,128,503,1128,3731074238,2025310494,1103232,0
251,1677056,147904,105024,0,4864,42560,672192,200384,504128,477696,1199360,0,1344,666816,0,0,0,0,0,0,64,43648,128,576,25792,0,0,0,130048,128,501,1124,2100477475,3794440443,1156800,0
252,1676736,144320,105024,0,3520,21056,623296,199104,580416,554048,1122688,0,1344,618048,0,0,0,0,0,0,64,43776,192,576,25216,0,0,0,129152,128,510,1133,1778886599,1518537346,1101632,0
253,1676928,144640,105024,0,4608,21440,644672,208832,547712,521664,1155264,0,1344,639360,0,0,0,0,0,0,128,43712,192,640,33792,0,0,0,130240,128,513,1153,2011680926,1576607604,1133824,0
254,1677120,153216,105216,0,6144,21248,760960,213440,416896,381568,1295552,0,1344,755648,0,0,0,0,0,0,128,43712,192,576,37760,0,0,0,130944,128,501,1123,2043483953,3340917417,1274304,0
255,1676992,143360,104192,0,5696,21376,668096,205184,529088,502528,1174464,0,1280,663040,0,0,0,0,0,0,128,43520,128,576,31232,0,0,0,129472,128,511,1122,1974055661,3489860119,1153088,0
256,1676864,143744,104512,0,5888,21632,623680,199488,577920,551360,1125504,0,1344,618368,0,0,0,0,0,0,64,43968,192,576,25216,0,0,0,129344,128,497,1097,1297647986,2921882278,1103872,0
257,1116672,131840,104832,0,2176,22272,620416,198208,36928,17024,1099648,0,1408,615168,0,0,0,0,0,0,128,43776,192,640,24640,0,0,0,128704,128,480,1023,64012255,2475609846,1077376,0
258,1116736,143552,104576,0,2112,10112,620224,196672,39488,17088,1099648,0,1280,614912,0,0,0,0,0,0,128,43456,128,640,25152,0,0,0,127040,128,487,1052,2209960238,2898654838,1089536,0
259,1676992,143424,104256,0,2048,9856,645440,207104,564864,544704,1132288,0,1280,640256,0,0,0,0,0,0,64,44160,256,640,33408,0,0,0,128384,192,487,1055,1234049144,2865780362,1122432,0
260,1676992,132032,104384,0,3584,9856,682304,212224,532608,512640,1164352,0,1408,676992,0,0,0,0,0,0,128,43968,192,576,37952,0,0,0,129280,128,486,1045,3380077526,2281402612,1154496,0
261,1676928,142976,104448,0,11072,10240,635264,201920,571008,550912,1126016,0,1408,629888,0,0,0,0,0,0,128,43392,128,576,30528,0,0,0,127040,128,494,1073,2635254286,1123761636,1115776,0
262,1676864,160384,105536,0,10304,31360,772096,262272,334912,314752,1362112,0,1408,766720,0,0,0,0,0,0,128,43072,128,576,48640,0,0,0,169600,128,518,1127,3234400564,3708240128,1330752,0
263,1676992,133312,105024,0,5952,10560,615040,248896,558208,538304,1138688,0,1280,609664,0,0,0,0,0,0,64,42944,192,576,35392,0,0,0,169600,128,496,1089,4013005315,378690339,1128128,0
264,1676800,144320,105088,0,5760,10176,667904,246400,497152,477376,1199424,0,1344,662592,0,0,0,0,0,0,64,43136,192,576,35072,0,0,0,167168,192,513,1121,4206389373,672271895,1189248,0
265,1676928,144576,104640,0,5632,10048,639424,254848,517760,497792,1179136,0,1344,634176,0,0,0,0,0,0,128,43648,192,576,43072,0,0,0,167104,128,506,1115,346250013,2471740692,1169088,0
266,1677184,133504,105792,0,6144,10368,636992,258304,526080,505984,1171200,0,1280,631616,0,0,0,0,0,0,128,43648,192,512,46528,0,0,0,167168,128,509,1123,747849386,2667172320,1160832,0
267,1676800,143232,105216,0,5888,10304,660224,252352,499584,479360,1197440,0,1408,654912,0,0,0,0,0,0,128,43584,256,640,40384,0,0,0,167232,128,506,1122,467769261,3610673137,1187136,0
268,1116608,144832,104064,0,3584,9984,531648,208320,114176,93824,1022784,0,1408,526592,0,0,0,0,0,0,128,44032,192,512,35328,0,0,0,128000,128,488,1058,2643840484,760502061,1012800,0
269,1116800,134016,105024,0,3520,9920,495936,206016,162368,142528,974272,0,1344,490752,0,0,0,0,0,0,128,43776,256,576,34688,0,0,0,126464,128,496,1068,3040152279,211509553,964352,0
270,1116928,143488,105088,0,4608,10048,493696,206400,153600,128128,988800,0,1344,488448,0,0,0,0,0,0,128,43584,192,576,34816,0,0,0,126976,128,483,1061,4219602481,3755863656,978752,0
271,1116800,143488,105536,0,5696,10240,518720,215040,118080,97920,1018880,0,1280,513472,0,0,0,0,0,0,64,43968,192,576,43072,0,0,0,127040,128,496,1096,1045860767,2661777290,1008640,0
272,1116672,133248,104960,0,3520,10048,562752,219200,82944,63168,1053504,0,1408,557504,0,0,0,0,0,0,128,43968,192,576,46848,0,0,0,127360,128,489,1071,1945933491,2530056772,1043456,0
273,1116608,144000,105472,0,3584,10176,508800,209664,134912,115136,1001472,0,1408,503488,0,0,0,0,0,0,64,44224,192,576,40000,0,0,0,124480,128,495,1088,696571770,67993726,991296,0
274,1116800,144320,105792,0,5824,10176,500416,206272,144000,124032,992768,0,1408,495040,0,0,0,0,0,0,64,44224,192,576,34752,0,0,0,126336,128,500,1095,1312015041,1812394645,982592,0
275,1677120,154688,107328,0,11968,31360,642112,211712,517952,497600,1179520,0,1408,636864,0,0,0,0,0,0,128,44032,192,640,40000,0,0,0,126592,128,494,1074,3433196352,669781083,1148160,0
276,1116800,156480,104704,0,3520,10304,544384,204800,92608,72512,1044288,0,1344,539200,0,0,0,0,0,0,128,44032,192,576,34496,0,0,0,125248,128,493,1085,2030134040,2949365199,1033984,0
277,1676736,239232,104320,0,3456,9856,684480,211904,423488,403840,1272896,0,1280,679232,0,0,0,0,0,0,128,43840,192,576,38848,0,0,0,128192,128,488,1086,498983236,253029898,1263040,0
278,1116864,155648,105472,0,3520,9920,444352,210880,187072,167168,949696,0,1408,439040,0,0,0,0,0,0,128,43840,192,640,38080,0,0,0,127872,128,480,1070,3967722536,3153743380,939776,0
279,1677120,177792,105280,0,10176,10304,634368,232384,506816,487040,1190080,0,1408,629120,0,0,0,0,0,0,64,43328,192,576,29568,0,0,0,158528,128,488,1092,2169735462,3527681737,1179776,0
280,1677184,164608,104768,0,10176,9984,591104,216000,580544,559744,1117440,0,1280,585856,0,0,0,0,0,0,128,43712,192,576,23680,0,0,0,147584,128,491,1103,781037304,886759046,1107456,0
281,1116544,157760,105792,0,6080,10304,488320,224640,123648,103552,1012992,0,1344,482880,0,0,0,0,0,0,128,44224,192,640,32064,0,0,0,147264,128,489,1107,3313589987,4042185953,1002688,0
282,1116736,157184,109696,0,6592,9920,479424,223296,130624,110720,1006016,0,1280,474112,0,0,0,0,0,0,128,44032,128,576,30464,0,0,0,147840,128,494,1108,491430487,983820529,996096,0
283,1116864,157760,105024,0,7488,10240,457728,184064,194560,174272,942592,0,1344,452544,0,0,0,0,0,0,64,43648,192,640,13376,0,0,0,126016,128,495,1108,1513964150,2483136968,932352,0
284,1116480,158656,104576,0,4800,10176,394880,185792,257600,237376,879104,0,1280,389632,0,0,0,0,0,0,64,44352,128,576,13376,0,0,0,127168,128,512,1144,3986466333,2074331565,868928,0
285,1116736,134144,104000,0,3456,9984,390912,185088,289152,269248,847488,0,1280,385728,0,0,0,0,0,0,64,43904,128,576,13632,0,0,0,126656,128,514,1144,1637815400,453703771,837504,0
286,1116928,162624,104384,0,3520,10048,589760,195456,51136,25728,1091200,0,1408,584576,0,0,0,0,0,0,128,43904,192,576,23232,0,0,0,127232,192,510,1142,2564840067,1414405057,1081152,0
287,1116736,134464,104256,0,3520,22080,397248,193472,261696,241920,874816,0,1280,392064,0,0,0,0,0,0,128,43904,192,640,21824,0,0,0,126656,128,501,1122,3058231817,1046538082,852736,0
288,1116608,162688,104256,0,3584,9920,516032,184896,135232,115456,1001152,0,1344,510848,0,0,0,0,0,0,64,44096,192,576,13376,0,0,0,126464,128,500,1122,22753012,3212031077,991232,0
289,1116928,145088,104128,0,5760,31744,410880,182528,236800,216704,900224,0,1408,405696,0,0,0,0,0,0,64,44160,128,512,13312,0,0,0,124224,128,520,1167,3115805511,4020858420,868480,0
290,1116608,133696,105088,0,5696,10624,435456,182912,243136,223104,893504,0,1344,430272,0,0,0,0,0,0,128,44032,192,576,13312,0,0,0,124544,128,518,1149,3249752700,2530057981,882880,0
291,1116800,153280,104128,0,4096,10048,591744,192704,60800,40896,1075904,0,1344,586432,0,0,0,0,0,0,64,43712,192,576,22976,0,0,0,125056,128,512,1154,3589293646,109477019,1065856,0
292,1116672,152384,107200,0,2176,10048,452096,194240,198528,178816,937856,0,1408,446976,0,0,0,0,0,0,128,43712,192,512,21888,0,0,0,127680,128,503,1127,3160081378,530215660,927808,0
293,2237184,608896,104832,0,9600,22400,741696,261632,488128,468160,1769024,0,1344,736448,0,0,0,0,0,0,64,44032,192,640,38528,0,0,0,178048,128,531,1211,2262772046,1111982769,1746624,0
294,1116672,182080,105344,0,3776,22336,433728,258240,111168,91456,1025216,0,1344,428480,0,0,0,0,0,0,128,43776,192,512,38656,0,0,0,174848,128,532,1214,331034044,2639881306,1002880,0
295,1116928,158592,105024,0,3584,22784,385856,249600,191488,171392,945536,0,1280,380544,0,0,0,0,0,0,64,44160,192,576,31104,0,0,0,173376,128,530,1207,2030221247,3927375513,922752,0
296,1116736,157696,104448,0,3584,10112,382272,253248,205376,185664,931072,0,1280,376960,0,0,0,0,0,0,128,44480,192,640,31168,0,0,0,176448,192,531,1210,4111179444,4029641271,920960,0
297,1117440,182336,105536,0,6144,10240,477824,249984,85376,64512,1052928,0,1344,472512,0,0,0,0,0,0,64,44096,192,576,30912,0,0,0,174016,128,525,1182,4269740308,1000550653,1042688,0
298,1115968,166592,105152,0,6464,10240,478336,249728,99456,79424,1036544,0,1280,473152,0,0,0,0,0,0,64,43968,192,576,30848,0,0,0,173952,128,528,1188,3645589419,4178921451,1026304,0
299,1676992,175488,104704,0,4160,9984,574400,250688,557568,537600,1139392,0,1344,569088,0,0,0,0,0,0,128,43776,192,576,30400,0,0,0,175488,128,532,1196,554697167,2478158923,1129408,0
300,1116736,170560,105344,0,2176,10176,539840,255104,33536,13376,1103360,0,1408,534016,0,0,0,0,0,0,128,44160,192,640,36032,0,0,0,173824,128,524,1179,4193702711,330319275,1093184,0
301,1676864,237696,104896,0,2880,22336,712832,319040,277184,257408,1419456,0,1344,707648,0,0,0,0,0,0,128,44224,128,640,50688,0,0,0,223104,128,539,1213,2522053033,2519903238,1397120,0
302,1117120,181312,110144,0,3520,44480,431808,284480,61376,36096,1081024,0,1344,426496,0,0,0,0,0,0,128,44032,192,576,54016,0,0,0,185408,128,526,1195,2267543513,655805065,1036544,0
303,1116608,157824,105728,0,4352,22976,465664,272896,87168,67392,1049216,0,1216,460608,0,0,0,0,0,0,64,44160,192,640,52736,0,0,0,174912,192,523,1194,2902043659,3706287050,1026240,0
304,1116544,171840,105024,0,3456,10176,480576,264448,81024,61248,1055296,0,1344,475264,0,0,0,0,0,0,64,43520,192,512,44992,0,0,0,175040,128,532,1214,3450856165,1499178345,1045120,0
305,1677056,180864,104576,0,5760,10880,534592,265408,574976,555008,1122048,0,1280,529216,0,0,0,0,0,0,128,44096,192,640,45056,0,0,0,175104,192,515,1184,2176575752,3887642351,1111168,0
306,1116864,168064,105600,0,4160,10112,515968,273920,39040,19008,1097856,0,1344,510528,0,0,0,0,0,0,64,43840,192,576,53824,0,0,0,175296,128,520,1198,1194757153,1173121699,1087744,0
307,1676864,170112,105600,0,2944,10496,635328,367168,385216,365376,1311488,0,1408,630272,0,0,0,0,0,0,44480,43840,320,1088,57600,0,0,0,219712,128,543,1258,3527035589,415057008,1300992,0
308,1676992,144704,105216,0,3648,10496,503104,353024,556800,537280,1139712,0,1280,497856,0,0,0,0,0,0,43328,43200,384,1088,46464,0,0,0,218368,192,537,1234,2764110611,3169981016,1129216,0
309,2237312,241984,108288,0,14016,23296,939008,406976,503744,483968,1753344,0,1280,933696,0,0,0,0,0,0,44288,43520,384,1088,52224,0,0,0,265280,192,538,1256,2006774577,2764903455,1730048,0
310,1676992,184448,106176,0,3904,23680,457344,356288,545152,525056,1151936,0,1408,451840,0,0,0,0,0,0,43904,43712,384,1088,47744,0,0,0,219328,128,533,1238,3344564554,1591693392,1128256,0
311,1677056,160512,105152,0,3968,23552,546816,383104,453952,434240,1242816,0,1280,541568,0,0,0,0,0,0,44032,43456,384,1152,39680,0,0,0,254272,128,548,1284,1465925498,2555695498,1219264,0
312,1676800,159808,105600,0,6272,10816,476736,383168,534400,514560,1162240,0,1408,471424,0,0,0,0,0,0,44224,43456,256,1088,39936,0,0,0,254080,128,548,1283,117917107,2698037727,1151424,0
313,1677056,181120,105536,0,5248,32000,457024,346624,549504,529600,1147456,0,1408,451776,0,0,0,0,0,0,44480,43520,320,1152,39168,0,0,0,217856,128,531,1229,278345353,2671312024,1115456,0
314,1676928,155328,105408,0,3840,10880,600128,350464,450880,431104,1245824,0,1344,594752,0,0,0,0,0,0,44544,43456,384,1152,39872,0,0,0,220864,192,533,1209,2669680142,3250096376,1234944,0
315,1676992,169728,105536,0,3776,10880,567360,383360,436352,416384,1260608,0,1344,561984,0,0,0,0,0,0,45120,43072,384,1024,39808,0,0,0,253824,128,563,1275,3980247525,225077417,1249728,0
316,1677056,164480,106048,0,3776,10752,502976,374144,514880,494784,1182272,0,1280,497728,0,0,0,0,0,0,44544,43392,320,1152,31232,0,0,0,253376,128,562,1281,1229537146,3258012748,1171520,0
317,1116736,129920,105408,0,4992,23232,489408,338304,25472,5632,1111104,0,1408,484096,0,0,0,0,0,0,44288,42752,320,1088,31552,0,0,0,218176,128,539,1222,3371864854,449955326,1087872,0
318,1119424,129856,105920,0,6144,10816,515264,286784,64640,36224,1083200,0,1344,510016,0,0,0,0,0,0,44416,43456,384,1088,29632,0,0,0,167680,128,537,1227,490368905,238298751,1072384,0
319,1112320,130048,105664,0,5888,10432,503360,323520,33408,12800,1099520,0,1408,498112,0,0,0,0,0,0,44672,43328,320,1088,30400,0,0,0,203520,192,551,1272,1952433018,893655718,1089088,0
320,1116608,130240,105792,0,3648,10560,494080,326080,46208,26240,1090368,0,1344,488896,0,0,0,0,0,0,44480,43200,384,1024,30528,0,0,0,206336,128,559,1288,3077359515,855956810,1079808,0
321,1116928,129664,105728,0,3712,10624,520064,288640,58496,38528,1078400,0,1408,514752,0,0,0,0,0,0,44096,43584,256,1152,30400,0,0,0,169024,128,544,1230,2910426132,1122304649,1067776,0
322,1116864,129728,105920,0,3712,10688,490432,288256,88128,68096,1048768,0,1408,484992,0,0,0,0,0,0,44288,43264,384,1024,30208,0,0,0,168896,192,543,1229,3623077590,4158777809,1038080,0
323,1116544,130560,104704,0,3776,10432,516352,317376,33344,13184,1103360,0,1408,511040,0,0,0,0,0,0,43904,43584,320,1280,23552,0,0,0,204608,128,554,1257,3376975751,3162860292,1092928,0
324,1116864,129984,105152,0,3648,10688,472576,304256,90560,70592,1046272,0,1344,467328,0,0,0,0,0,0,44416,43136,384,1024,13568,0,0,0,201600,128,551,1252,2273688410,3518898676,1035584,0
325,1676864,180416,105472,0,3712,10496,544064,272384,560320,540672,1136192,0,1344,538752,0,0,0,0,0,0,44480,43520,384,1088,13888,0,0,0,168896,128,532,1196,4170151307,852853263,1125696,0
326,1116736,129536,105728,0,3584,31808,508672,273408,64000,44160,1072576,0,1280,503552,0,0,0,0,0,0,44224,43328,384,1088,13568,0,0,0,170688,128,531,1191,1118593295,1833702696,1040768,0
327,1116736,129472,105984,0,3648,10816,498176,306560,62080,42112,1074624,0,1344,492928,0,0,0,0,0,0,44288,43392,320,1024,13248,0,0,0,204096,192,548,1242,491040027,1781622228,1063808,0
328,1116736,166208,105600,0,3648,10496,499392,306816,24576,4480,1112256,0,1280,494144,0,0,0,0,0,0,44928,43264,384,1088,13568,0,0,0,203456,128,544,1237,244946629,4115901758,1101760,0
329,1116800,129408,105024,0,3584,10816,476992,272576,118400,98432,1018368,0,1280,471616,0,0,0,0,0,0,44480,43264,384,1088,12800,0,0,0,170432,128,528,1186,1891669879,4102982892,1007552,0
330,1116928,129728,105088,0,3648,10496,475264,272000,120704,100608,1016320,0,1344,470080,0,0,0,0,0,0,44480,43392,384,1024,13824,0,0,0,168768,128,528,1186,394470607,4040477997,1005824,0
331,1676928,194944,105088,0,10304,10688,747072,355776,253056,232768,1444160,0,1408,741760,0,0,0,0,0,0,45120,43648,320,1152,23104,0,0,0,242304,128,556,1281,3471616909,4128898418,1433472,0
332,1116672,129728,105408,0,3840,10560,478272,358592,30272,10624,1106048,0,1408,472896,0,0,0,0,0,0,44096,43136,320,1088,30016,0,0,0,239808,128,557,1286,3592992960,3266654926,1095488,0
333,1676992,150208,105600,0,3776,10688,617920,325184,463616,443776,1233216,0,1344,612480,0,0,0,0,0,0,44608,43008,384,1024,29760,0,0,0,206272,128,549,1245,3421319754,2398878289,1222528,0
334,1116800,129216,105856,0,3840,10368,464384,323776,79360,54208,1062592,0,1344,458944,0,0,0,0,0,0,44480,43776,256,1152,29888,0,0,0,204096,128,542,1232,2910915647,1074344390,1052224,0
335,1676992,129600,105664,0,6144,10624,529472,362496,532992,512960,1164032,0,1408,524096,0,0,0,0,0,0,44544,43392,384,1088,30016,0,0,0,242944,128,573,1317,3880486215,2724361246,1153408,0
336,1116672,129600,104896,0,4992,10624,476096,359232,31232,11328,1105344,0,1280,470784,0,0,0,0,0,0,44160,42560,320,1088,30144,0,0,0,240832,128,554,1281,67040888,1064551949,1094720,0
337,1676992,161152,105536,0,11584,10496,734720,304576,348928,328960,1348032,0,1280,729408,0,0,0,0,0,0,44416,43904,320,1216,43264,0,0,0,171328,128,534,1220,2462786431,1998108123,1337536,0
338,1676928,184896,105344,0,3904,10496,604480,300096,467712,447808,1229120,0,1344,599296,0,0,0,0,0,0,45120,43136,384,1088,41536,0,0,0,168640,192,540,1238,3126588897,172281579,1218624,0
339,1677376,163328,105408,0,4736,31808,651264,341312,379520,359296,1318080,0,1280,646016,0,0,0,0,0,0,44736,43328,320,1152,41472,0,0,0,210176,128,555,1288,2877109283,1866195725,1286272,0
340,1676480,163968,106560,0,6144,11008,498688,328896,561216,541312,1135168,0,1344,493504,0,0,0,0,0,0,44608,42944,256,1088,35328,0,0,0,204544,128,544,1266,1360325568,4154661023,1124160,0
341,1677056,163648,105472,0,7040,10816,529472,297152,563456,543168,1133888,0,1280,524096,0,0,0,0,0,0,44480,43328,320,1024,35584,0,0,0,172288,128,540,1245,2233185920,2428606973,1123072,0
342,1116800,130176,105600,0,5056,10688,466688,292736,105856,86016,1030784,0,1408,461376,0,0,0,0,0,0,44672,43264,320,1152,35200,0,0,0,168000,128,538,1234,3235002430,2798564463,1020096,0
343,1677120,245888,105728,0,3712,23424,853952,398848,45568,24896,1652224,0,1216,848896,0,0,0,0,0,0,45504,43264,320,1024,48384,0,0,0,260224,128,554,1286,694134294,4105533568,1628800,0
344,1676992,190400,105984,0,3776,23232,468288,389184,496128,476288,1200704,0,1216,463040,0,0,0,0,0,0,44224,43584,320,1088,46400,0,0,0,253440,128,556,1297,568017923,3490363579,1177472,0
345,1676864,165056,105536,0,3712,23104,472896,359296,547264,527296,1149568,0,1216,467776,0,0,0,0,0,0,44800,43712,384,1088,48128,0,0,0,221056,128,539,1240,1964899045,3645125217,1126464,0
346,1676864,166016,105600,0,3840,10432,502080,337472,551424,531264,1145600,0,1344,496832,0,0,0,0,0,0,44480,42816,384,1024,31168,0,0,0,217408,192,545,1255,3696791375,335869897,1135168,0
347,1676864,189632,105152,0,3712,23360,577728,378176,399104,379072,1297792,0,1344,572544,0,0,0,0,0,0,44800,43136,384,1088,30848,0,0,0,257792,128,559,1297,2678187210,382799315,1274432,0
348,1677184,169088,105792,0,3648,10560,529792,374080,484224,463872,1213312,0,1280,524480,0,0,0,0,0,0,44352,43264,320,1088,31168,0,0,0,253760,128,555,1300,3160924654,1564020312,1202752,0
349,1676736,164544,105600,0,6144,10816,522112,339776,527744,507968,1168768,0,1344,516800,0,0,0,0,0,0,44608,43264,256,1088,30400,0,0,0,220032,128,541,1241,4268924839,3403761361,1157952,0
350,1676864,129536,105280,0,5056,32128,522048,340032,542784,517376,1159488,0,1344,516864,0,0,0,0,0,0,44480,43264,448,1088,31616,0,0,0,219008,128,542,1233,3260773888,897529692,1127360,0
351,1677056,129152,105152,0,3648,10624,516480,372672,539328,519872,1157184,0,1344,511296,0,0,0,0,0,0,44800,43072,320,1088,31296,0,0,0,251968,128,570,1307,3708241408,3540036270,1146560,0
352,1116480,129920,106176,0,3584,10560,491712,316608,57920,38016,1078464,0,1344,486528,0,0,0,0,0,0,44480,43392,320,1152,23488,0,0,0,203584,192,562,1278,4079805649,3476343458,1067904,0
353,1116864,130240,105216,0,3648,10624,494912,284864,87360,67392,1049472,0,1344,489536,0,0,0,0,0,0,44864,43072,320,1152,22912,0,0,0,172352,192,537,1206,1407269593,181453900,1038848,0
354,1116672,129472,109568,0,4480,10880,529792,282112,50368,30208,1086464,0,1408,524480,0,0,0,0,0,0,44096,43264,320,1088,23488,0,0,0,169728,128,523,1178,2954006069,3131452156,1075584,0
355,1677120,129728,105216,0,4480,10752,549760,318272,558912,538880,1138240,0,1280,544512,0,0,0,0,0,0,44160,42880,384,1088,23296,0,0,0,206272,192,544,1243,2206108276,2899283733,1127488,0
356,1116736,129664,105856,0,3712,10752,521792,319936,25024,4992,1111744,0,1280,516544,0,0,0,0,0,0,44160,43648,384,1152,23168,0,0,0,207296,128,549,1251,1141111015,2101955674,1100992,0
357,1117056,129216,105216,0,3648,10432,533568,282176,52800,32192,1084864,0,1344,528192,0,0,0,0,0,0,44160,43392,320,1088,22976,0,0,0,170048,192,537,1202,685744830,1178165642,1074432,0
358,1116416,129664,105472,0,3584,10560,505216,270464,91456,71744,1044672,0,1344,499840,0,0,0,0,0,0,43968,43584,256,1024,13248,0,0,0,168192,192,533,1195,3160050784,286411270,1034112,0
359,1116800,129920,105792,0,3584,10432,513280,310400,43392,23552,1093248,0,1408,507904,0,0,0,0,0,0,44736,44096,384,1088,13376,0,0,0,206592,128,556,1259,3915169543,3099558494,1082816,0
360,1677056,193344,105152,0,3712,10624,623104,363968,377152,357376,1319680,0,1408,617792,0,0,0,0,0,0,45184,43520,320,1088,29824,0,0,0,243904,128,568,1310,2113404120,2745731666,1309056,0
361,1677312,162304,105472,0,3840,10496,687616,356608,350976,330944,1346368,0,1344,682304,0,0,0,0,0,0,44160,43584,384,1088,27392,0,0,0,239808,192,547,1240,3639032663,1790501533,1335872,0
362,1676992,167680,105152,0,4864,10368,587072,294976,506880,486272,1190720,0,1344,581888,0,0,0,0,0,0,128,43200,192,576,28352,0,0,0,222400,128,528,1198,237527180,1274003418,1180352,0
363,1677248,148352,105344,0,6528,31360,644800,293504,447360,427200,1250048,0,1280,639488,0,0,0,0,0,0,64,42880,192,576,27584,0,0,0,222080,128,530,1204,3957534389,3106323271,1218688,0
364,1676736,129920,106368,0,5312,10368,648256,293888,482624,462848,1213888,0,1344,642944,0,0,0,0,0,0,128,43456,192,576,27648,0,0,0,221760,128,532,1204,1671294737,2922119080,1203520,0
365,1676928,160896,105280,0,3456,10240,730880,242432,423744,403968,1272960,0,1280,725568,0,0,0,0,0,0,128,42944,128,1088,29952,0,0,0,168064,128,527,1181,2031610579,2021131443,1262720,0
366,1116480,129920,104896,0,3520,10240,407232,202432,258240,233088,883392,0,1280,401920,0,0,0,0,0,0,128,43904,192,576,30080,0,0,0,127360,192,510,1140,1987325611,2638710710,873152,0
367,1677056,878208,104960,0,3520,10304,446912,204864,28288,8512,1668544,0,1280,441664,0,0,0,0,0,0,128,43968,192,576,30144,0,0,0,129664,192,529,1184,4278933509,2439745473,1658240,0
368,1116928,132992,104832,0,3456,10112,398016,201408,266112,246336,870592,0,1280,392512,0,0,0,0,0,0,128,43776,192,512,29888,0,0,0,126784,128,516,1152,3699842671,36719403,860480,0
369,1116672,132416,105728,0,3456,9984,444736,203136,217216,197568,919104,0,1280,439552,0,0,0,0,0,0,128,43968,192,576,30016,0,0,0,128128,128,518,1168,1967686385,2666426577,909120,0
370,1116672,132608,104576,0,3520,10368,424192,200448,240960,221312,895360,0,1344,418816,0,0,0,0,0,0,64,43968,192,576,29952,0,0,0,125568,128,514,1144,2345871052,2619736953,884992,0
371,1117312,132224,104704,0,3456,10304,409216,204480,252928,232960,884352,0,1280,403968,0,0,0,0,0,0,64,44032,128,576,30144,0,0,0,129344,192,533,1185,1786404098,163174334,874048,0
372,1116416,132608,105088,0,3456,10304,400832,216320,247808,228096,888320,0,1344,395520,0,0,0,0,0,0,64,43648,128,576,34688,0,0,0,137088,128,526,1175,3034249827,2242439266,878016,0
373,1676928,228736,104704,0,11584,10304,613376,217088,491136,471232,1205696,0,1280,608064,0,0,0,0,0,0,128,43840,192,576,43584,0,0,0,128640,128,528,1174,1919600880,3256994101,1195392,0
374,1677184,164288,104960,0,6016,10368,609664,210240,571648,551872,1125312,0,1344,604352,0,0,0,0,0,0,64,44096,192,576,36416,0,0,0,128768,128,529,1180,4251514754,782455328,1114944,0
375,1116480,148288,105152,0,6144,10688,451904,210752,183552,163904,952576,0,1344,446528,0,0,0,0,0,0,128,44288,192,576,36608,0,0,0,128832,128,525,1174,3836987358,3250093036,941888,0
376,1677120,148416,128384,0,14080,35392,651776,155584,543488,514496,1162624,0,1280,646592,0,0,0,0,0,0,128,43904,192,576,36160,0,0,0,74496,128,515,1152,1780829437,3633045856,1127232,0
377,1116736,146240,105024,0,18240,23168,594560,162432,67072,47104,1069632,0,1280,589248,0,0,0,0,0,0,128,44096,192,576,41088,0,0,0,76224,128,522,1177,2606773912,691964185,1046464,0
378,1116480,148416,104896,0,10624,10240,544064,159680,138560,118848,997632,0,1344,538752,0,0,0,0,0,0,128,44352,192,640,43648,0,0,0,70592,128,532,1184,3794209632,1824407699,987392,0
379,1116736,147904,104320,0,3776,9792,475520,154944,220480,200512,916224,0,1408,470208,0,0,0,0,0,0,64,44160,192,576,44096,0,0,0,65728,128,533,1180,2838211889,1249614475,906432,0
380,1116864,148224,104960,0,3776,9920,410624,147008,292352,272640,844224,0,1280,405440,0,0,0,0,0,0,128,43648,128,576,37312,0,0,0,65088,128,525,1167,2112701775,3752731431,834304,0
381,1116736,148480,105024,0,3712,9920,383424,145984,320192,300416,816320,0,1408,378176,0,0,0,0,0,0,64,43648,192,512,36544,0,0,0,64896,128,521,1170,506056333,480176119,806400,0
382,1116928,163904,106368,0,3712,10048,459840,167104,205952,177216,939712,0,1344,454528,0,0,0,0,0,0,64,44416,192,576,54784,0,0,0,66944,128,534,1223,3139058743,120688075,929664,0
383,1116672,148032,104448,0,6016,10112,327680,161536,358848,339008,777664,0,1408,322368,0,0,0,0,0,0,64,44352,192,512,49856,0,0,0,66432,128,537,1232,2130271685,936755653,767552,0
384,1116800,147840,104512,0,6656,9920,328896,160960,358016,338304,778496,0,1344,323520,0,0,0,0,0,0,64,43840,192,576,50944,0,0,0,65216,128,536,1228,843220178,1100948870,768576,0
385,1116992,150144,105024,0,5824,9984,313600,159616,372800,352960,764032,0,1280,308480,0,0,0,0,0,0,128,44288,192,640,48640,0,0,0,65600,128,535,1224,3742959831,3528234864,754048,0
386,1116672,164160,105728,0,4800,10048,442240,161088,228608,208384,908288,0,1280,437056,0,0,0,0,0,0,64,44224,192,640,49472,0,0,0,66368,128,537,1217,308721937,3941216299,898240,0
387,1116608,147776,105344,0,3520,10240,418112,157632,273984,254400,862208,0,1344,412864,0,0,0,0,0,0,64,43648,128,640,48000,0,0,0,64960,192,532,1209,1186476092,1193499961,851968,0
388,1116864,147840,104896,0,3456,9984,356992,153280,340416,320576,796288,0,1280,351680,0,0,0,0,0,0,128,44032,192,640,42432,0,0,0,65728,128,510,1154,540611481,808761403,786304,0
389,1116608,132416,105792,0,3520,9856,523584,150208,191232,171392,945216,0,1408,518208,0,0,0,0,0,0,128,43904,192,640,40128,0,0,0,65088,128,502,1135,3319070576,2887289971,935360,0
390,1116736,132864,105344,0,3520,10048,466432,143168,255360,235712,881024,0,1408,461120,0,0,0,0,0,0,128,44096,192,512,32320,0,0,0,65792,128,497,1102,3956383657,936111688,870976,0
391,1117120,132800,104512,0,3456,31232,343808,142400,358912,338816,778304,0,1280,338560,0,0,0,0,0,0,64,44096,128,640,32384,0,0,0,64896,192,502,1111,506973862,1562664565,747072,0
392,1116352,134016,105088,0,3456,9920,382400,141952,339520,319872,796480,0,1344,377280,0,0,0,0,0,0,128,44032,192,640,32384,0,0,0,64448,128,504,1115,2017568750,566578450,786560,0
393,1116928,137024,113088,0,3520,9856,340928,144896,367616,347904,769024,0,1280,335680,0,0,0,0,0,0,128,43712,128,576,32192,0,0,0,68032,128,500,1101,4255826438,1891970944,759168,0
394,1116544,150912,105152,0,4352,9664,407168,145280,294016,274304,842240,0,1344,401920,0,0,0,0,0,0,64,44032,192,576,31936,0,0,0,68288,192,505,1108,3853002541,2583271811,832576,0
395,1116864,151616,104640,0,3456,10112,416704,142848,287488,267648,849216,0,1280,411392,0,0,0,0,0,0,128,43840,128,640,32192,0,0,0,65792,128,512,1119,1107845326,1930639256,839104,0
396,1116864,133504,104960,0,3520,9600,383744,143232,338304,318464,798400,0,1408,378496,0,0,0,0,0,0,64,43776,192,640,32320,0,0,0,66112,128,510,1117,2033745352,3248066534,788800,0
397,1116800,134528,104384,0,3456,10112,364288,130816,369216,349248,767552,0,1344,359104,0,0,0,0,0,0,128,44096,192,576,21312,0,0,0,64384,128,501,1106,3207955627,2064924773,757440,0
398,1116800,134144,104512,0,3456,9856,339584,130240,395008,369344,747456,0,1344,334400,0,0,0,0,0,0,128,43584,192,576,21568,0,0,0,64064,128,496,1107,2830500501,306338511,737600,0
399,1116544,132544,105408,0,3712,9856,495744,132160,237120,217600,898944,0,1280,490304,0,0,0,0,0,0,64,44160,192,576,21568,0,0,0,65472,128,503,1112,1269055677,4064404556,889088,0
400,1116800,162304,105344,0,3712,9984,604800,149952,80704,60736,1056064,0,1344,599616,0,0,0,0,0,0,128,43904,192,576,26112,0,0,0,78912,128,519,1153,848790050,2530535224,1046080,0
401,1116800,133568,105152,0,3648,10048,346368,153920,364096,344256,772544,0,1344,341248,0,0,0,0,0,0,128,43840,128,576,25600,0,0,0,83520,128,519,1151,2829049791,953197921,762496,0
402,1116672,134592,104832,0,3840,10112,301056,152832,409408,389632,727040,0,1408,295744,0,0,0,0,0,0,64,44224,192,576,25472,0,0,0,82176,128,519,1149,4183449882,1150988321,716928,0
403,1116608,133760,105536,0,6080,9920,325312,152512,383488,364032,752576,0,1344,320064,0,0,0,0,0,0,128,44224,192,512,25280,0,0,0,81984,192,518,1146,3998508643,2693138180,742656,0
404,1117056,133440,105152,0,5888,10112,509440,153856,199168,179200,937856,0,1280,504256,0,0,0,0,0,0,64,43840,192,576,25216,0,0,0,83840,128,509,1127,1400165185,747409634,927744,0
405,1116736,133568,105152,0,6656,10112,542656,153408,165184,145280,971456,0,1344,537344,0,0,0,0,0,0,64,43648,128,640,25152,0,0,0,83648,128,514,1142,4072972396,70336336,961344,0
406,1116736,133504,105600,0,5824,31680,521664,154944,163520,143680,973056,0,1344,516288,0,0,0,0,0,0,64,44032,192,640,25728,0,0,0,84160,128,512,1146,2786975039,4025863124,941376,0
407,1676992,232960,105088,0,4928,22912,663744,167744,479616,459776,1217216,0,1344,658496,0,0,0,0,0,0,128,44032,192,576,21312,0,0,0,101376,128,503,1127,772240102,3604874069,1194304,0
408,1116864,131136,105088,0,3584,9792,523776,156992,186496,166080,950784,0,1280,518464,0,0,0,0,0,0,128,43776,192,576,12800,0,0,0,99392,128,495,1101,2365454751,4021848758,940992,0
409,1116672,151360,105344,0,3584,9984,648448,155904,42048,22144,1094528,0,1344,643200,0,0,0,0,0,0,64,43904,192,576,12928,0,0,0,98048,192,494,1092,3028433887,1213007509,1084544,0
410,1677184,130880,105216,0,12928,10048,709632,166848,541632,521920,1155264,0,1344,704384,0,0,0,0,0,0,64,44160,192,576,21568,0,0,0,100160,128,493,1098,812552146,1106194441,1145216,0
411,1117056,131712,107392,0,3520,9984,639360,163904,61184,41152,1075904,0,1344,634048,0,0,0,0,0,0,128,44160,192,640,20224,0,0,0,98432,128,486,1087,2555240238,344476339,1065920,0
412,1676672,180672,104512,0,3456,9984,671040,149440,557568,537664,1139008,0,1344,665728,0,0,0,0,0,0,64,43712,192,576,20160,0,0,0,84608,128,489,1087,3889675487,3080826573,1129024,0
413,1116544,243072,105472,0,3584,9728,568960,141120,44608,24640,1091904,0,1344,563840,0,0,0,0,0,0,128,43648,192,640,12992,0,0,0,83392,128,511,1124,2469770812,1274298768,1082176,0
414,1116928,134144,105344,0,4352,9984,485312,141888,235904,210816,906112,0,1344,480128,0,0,0,0,0,0,64,44224,192,576,12992,0,0,0,83712,128,501,1116,1728024163,1807314838,896128,0
415,1116928,152704,105408,0,3520,9856,501696,141120,202624,182784,934144,0,1344,496384,0,0,0,0,0,0,128,43968,192,576,12864,0,0,0,83264,128,499,1110,3063966007,3943416928,924288,0
416,1116736,135040,103680,0,5952,9920,350592,120448,391104,371136,745600,0,1280,345280,0,0,0,0,0,0,64,43712,128,576,13312,0,0,0,62528,128,496,1102,2396558924,4007072809,735680,0
417,1117440,134272,104256,0,6208,9984,343040,122944,396736,376384,741056,0,1280,337792,0,0,0,0,0,0,64,44032,192,704,13312,0,0,0,64512,128,503,1105,3042926755,3375782861,731072,0
418,1116032,134208,103360,0,6656,9984,347008,121920,392896,372864,743168,0,1344,341696,0,0,0,0,0,0,64,43712,128,576,13248,0,0,0,64064,128,508,1118,2967316241,4289445089,733184,0
419,1116736,133952,104576,0,4992,10112,411392,122112,329600,309760,806976,0,1344,406208,0,0,0,0,0,0,64,43968,192,576,13184,0,0,0,64000,128,501,1107,829366903,2312191992,796864,0
420,1116928,152256,104768,0,3648,31360,497856,144000,183040,163136,953792,0,1344,492544,0,0,0,0,0,0,64,43968,192,640,33280,0,0,0,65728,128,507,1129,285925610,1305331692,922432,0
421,1116352,161408,105920,0,3648,9920,495360,147584,192512,172480,943872,0,1344,490176,0,0,0,0,0,0,128,44224,192,640,36288,0,0,0,65984,128,506,1133,2105734645,2752763157,933952,0
422,1116800,132288,105344,0,3584,9984,436992,142080,286528,266752,850048,0,1280,431808,0,0,0,0,0,0,64,44032,192,640,31360,0,0,0,65600,192,503,1123,1748396117,3683380181,840064,0
423,1116928,132672,105344,0,3584,9920,459520,146496,259392,239616,877312,0,1344,454208,0,0,0,0,0,0,128,44096,192,576,35776,0,0,0,65600,128,504,1129,4255578455,4279125342,867392,0
424,1116672,132736,104832,0,3712,9920,440512,146368,278592,258944,857728,0,1408,435264,0,0,0,0,0,0,128,44224,192,512,35968,0,0,0,65216,128,507,1134,3682859876,2730351419,847808,0
425,1116672,133120,104512,0,3584,9792,417088,142464,306112,286336,830336,0,1344,411840,0,0,0,0,0,0,128,44096,192,576,32000,0,0,0,65344,128,503,1122,4025043912,2073163205,820544,0
426,1116864,133952,104384,0,3648,9856,339712,142912,382400,362368,754496,0,1280,334592,0,0,0,0,0,0,128,44224,192,512,32128,0,0,0,65600,128,503,1122,998501762,3050369355,744640,0
427,1116736,133632,105088,0,3648,10112,340032,135104,389120,369600,747136,0,1280,334912,0,0,0,0,0,0,64,43840,192,576,25216,0,0,0,65088,128,501,1115,3507042434,3567369627,737024,0
428,1116800,132480,104768,0,3712,9728,380608,137472,348032,328384,788416,0,1344,375488,0,0,0,0,0,0,128,43584,128,576,25024,0,0,0,67904,128,503,1121,2746443069,2547067389,778688,0
429,1116736,153728,105408,0,3584,10112,442112,136256,265536,245632,871104,0,1280,436864,0,0,0,0,0,0,128,44096,192,512,25088,0,0,0,66112,128,512,1136,2855623754,749425101,860992,0
430,1677056,240448,104896,0,14336,22336,791936,202304,300800,275008,1402048,0,1408,786560,0,0,0,0,0,0,128,43136,192,576,50304,0,0,0,107840,128,527,1199,3279328234,199935715,1379712,0
431,1117056,166720,104960,0,3712,22592,361216,189888,267968,248192,868864,0,1280,355776,0,0,0,0,0,0,64,43328,192,640,41152,0,0,0,104384,128,527,1197,1685283229,4183647712,846272,0
432,1116672,151680,104384,0,3712,22400,408768,192512,233216,213376,903296,0,1280,403392,0,0,0,0,0,0,64,43520,128,576,41152,0,0,0,106944,128,526,1196,1380549506,2249720276,880896,0
433,1116416,150080,104384,0,3712,9664,408256,194112,246208,226496,889920,0,1280,402944,0,0,0,0,0,0,64,43200,192,640,43520,0,0,0,106368,128,521,1173,3876148015,3721603369,880256,0
434,1677056,209536,105024,0,3776,23040,566656,201664,567360,547200,1129856,0,1280,561408,0,0,0,0,0,0,128,43200,192,576,51584,0,0,0,105856,128,542,1238,2861706718,2186646481,1106816,0
435,1116864,151424,112192,0,5824,45248,368256,204416,229504,208064,908800,0,1600,362368,0,0,0,0,0,0,64,43264,192,576,51904,0,0,0,108288,128,540,1229,2828395950,2620464100,863552,0
436,1116800,137408,104640,0,4672,22528,327616,160064,359872,339840,776960,0,1216,322240,0,0,0,0,0,0,128,43904,192,576,49280,0,0,0,65856,128,524,1176,2416641573,2129192063,754432,0
437,1116544,199360,104576,0,3840,22400,572544,166208,47616,27648,1088896,0,1344,567424,0,0,0,0,0,0,64,43968,256,576,53632,0,0,0,67584,128,517,1172,2742845838,4218830265,1066496,0
438,1116672,152064,103872,0,3968,22656,333184,155904,345024,325312,791360,0,1344,327872,0,0,0,0,0,0,128,43712,192,576,45760,0,0,0,65344,192,514,1162,1363369837,3190238063,768704,0
439,1116800,137344,103744,0,3968,22912,334976,149568,364288,344384,772416,0,1344,329920,0,0,0,0,0,0,128,43904,192,576,39488,0,0,0,65152,128,513,1151,880346571,3749674630,749504,0
440,1677056,199488,104448,0,4032,22400,666688,156544,523456,503232,1173824,0,1280,661504,0,0,0,0,0,0,128,43904,192,576,46464,0,0,0,65152,128,517,1148,721115365,3226344181,1151424,0
441,1116608,152640,103296,0,4032,22784,376448,156352,301056,281280,835328,0,1408,371264,0,0,0,0,0,0,128,44160,192,576,44736,0,0,0,66432,128,518,1158,519685075,2892748140,812544,0
442,1116736,137664,104128,0,4096,22464,355648,155968,336768,317120,799616,0,1344,350464,0,0,0,0,0,0,128,43584,128,640,45760,0,0,0,65600,128,516,1142,4078733834,3767586771,777152,0
443,1116800,200320,104256,0,4160,22272,554240,156096,75456,55680,1061120,0,1344,548800,0,0,0,0,0,0,128,43968,192,576,45312,0,0,0,65792,128,523,1161,675384029,3130075641,1038848,0
444,1116480,152192,104256,0,4160,22720,331904,154240,347008,327232,789248,0,1280,326592,0,0,0,0,0,0,64,44096,192,640,44992,0,0,0,64128,128,520,1151,82295870,2411238669,766528,0
445,1116736,138304,106688,0,4160,22720,330880,154816,359168,339264,777472,0,1344,325632,0,0,0,0,0,0,128,43904,192,576,44864,0,0,0,65024,128,519,1142,1873753781,3689806379,754752,0
446,1677120,199744,104256,0,4224,22272,644736,157440,544448,519104,1158016,0,1344,639424,0,0,0,0,0,0,128,43968,192,576,45824,0,0,0,66624,128,508,1119,4167477048,2424944392,1135744,0
447,1116864,152512,103552,0,4224,22656,331008,154176,348736,328768,788096,0,1280,325824,0,0,0,0,0,0,64,43904,128,576,45120,0,0,0,64256,128,508,1118,1828568320,2665786360,765440,0
448,1116544,138688,103872,0,4224,22464,332736,153856,360704,340864,775680,0,1344,327552,0,0,0,0,0,0,128,44032,128,576,44608,0,0,0,64256,128,508,1118,3379871825,1632762179,753216,0
449,1116928,200704,104128,0,4800,43648,538368,156288,68992,48704,1068224,0,1280,533056,0,0,0,0,0,0,64,43712,192,512,45120,0,0,0,66560,128,511,1125,4289632138,3295428256,1024576,0
450,1116672,151872,104064,0,4480,22912,338368,155584,339392,319552,797120,0,1280,333184,0,0,0,0,0,0,64,43968,192,640,45568,0,0,0,65024,128,507,1111,3076250816,3969910178,774208,0
451,1116800,138048,104064,0,4480,22784,377536,154368,315520,295616,821184,0,1280,372352,0,0,0,0,0,0,64,43840,192,576,44608,0,0,0,64960,128,510,1115,4137765497,1984312025,798400,0
452,1116736,200064,104320,0,4480,22592,567552,156288,61440,41856,1074880,0,1344,562176,0,0,0,0,0,0,128,43904,192,576,46080,0,0,0,65280,128,516,1135,3153522867,1173540324,1052288,0
453,1116608,152640,104512,0,4608,22656,335424,154048,342720,322752,793856,0,1216,330112,0,0,0,0,0,0,128,43776,192,512,44672,0,0,0,64640,128,518,1136,971782762,31583840,771200,0
454,1116608,237248,104640,0,11392,22528,508736,175040,57024,37376,1079232,0,1280,503360,0,0,0,0,0,0,128,43648,256,512,43904,0,0,0,86464,128,508,1121,2471841845,1103565200,1056704,0
455,1677312,217984,104576,0,4800,22400,687808,175040,464704,444800,1232512,0,1280,682560,0,0,0,0,0,0,64,43840,192,448,45184,0,0,0,85184,128,506,1121,3541753029,2508247440,1210112,0
456,1116736,149504,104768,0,5696,22976,533376,173248,127168,107328,1009408,0,1344,528256,0,0,0,0,0,0,128,43968,192,576,43392,0,0,0,84864,128,504,1114,344075472,1484576626,986432,0
457,1116864,136064,105728,0,7104,23168,464960,173696,206144,186176,930688,0,1280,459712,0,0,0,0,0,0,64,43968,192,512,43456,0,0,0,85376,128,504,1114,2911427164,251383522,907520,0
458,1676928,228352,104256,0,5952,22400,903424,156928,255616,235712,1441216,0,1280,898112,0,0,0,0,0,0,64,43776,192,576,46272,0,0,0,65920,128,504,1101,2585861971,1231983473,1418816,0
459,1116928,150656,104128,0,4800,23040,402496,154240,277568,257536,859392,0,1280,397376,0,0,0,0,0,0,128,43968,192,640,45120,0,0,0,64000,192,500,1095,1591357776,531544045,836352,0
460,1116672,248000,103872,0,4800,22720,356096,157056,224128,204480,912192,0,1280,350912,0,0,0,0,0,0,64,43904,192,576,45184,0,0,0,67008,128,506,1109,842817667,523847686,889472,0
461,1116608,200128,104768,0,4736,22528,570624,156736,57088,37440,1079168,0,1344,565312,0,0,0,0,0,0,128,43904,192,576,46208,0,0,0,65600,128,510,1134,2939875586,294127,1056640,0
462,1116992,152768,103680,0,7360,23040,378752,157248,294144,268736,848256,0,1280,373568,0,0,0,0,0,0,128,43968,192,576,44928,0,0,0,67264,192,508,1127,1812488580,928426002,825216,0
463,1116736,138816,103872,0,7552,22528,321280,154112,368576,348800,767936,0,1280,316032,0,0,0,0,0,0,64,43840,192,448,45440,0,0,0,64000,128,510,1131,2637151181,769975165,745408,0
464,1677056,199424,103936,0,6336,44736,605824,155136,561664,541888,1135168,0,1280,600448,0,0,0,0,0,0,128,43264,128,576,45952,0,0,0,64896,192,516,1137,2631212989,2061955253,1090432,0
465,1116736,152512,104320,0,4672,22912,339712,154496,338112,318400,798336,0,1344,334400,0,0,0,0,0,0,64,43776,192,576,44736,0,0,0,65024,128,514,1131,1826464341,1714292055,775424,0
466,1116992,138240,104064,0,6976,22720,402240,168256,274496,254528,862464,0,1280,396928,0,0,0,0,0,0,128,43456,192,576,58624,0,0,0,65152,128,515,1142,2294470706,1334251956,839744,0
467,1676800,199936,104896,0,7808,22464,667520,169536,504640,484736,1192064,0,1408,662144,0,0,0,0,0,0,128,43776,128,640,57984,0,0,0,66688,192,517,1145,737585010,3141648951,1169600,0
468,1116736,149824,104512,0,6912,22912,414784,171648,246144,226304,890432,0,1280,409472,0,0,0,0,0,0,128,44096,192,576,60672,0,0,0,65792,192,516,1142,3528191573,2597175241,867520,0
469,1116736,138624,104448,0,7488,22528,415488,170368,257792,237888,878848,0,1408,410240,0,0,0,0,0,0,128,44032,192,640,60032,0,0,0,65152,192,513,1133,915091182,863335238,856320,0
470,1677120,237760,104512,0,14720,22784,637696,203136,456512,436736,1240384,0,1344,632320,0,0,0,0,0,0,640,43968,35136,1152,52224,0,0,0,69888,128,517,1154,2920636115,2549158222,1217600,0
471,1116736,133568,103936,0,5888,23232,430976,203200,215936,196160,920576,0,1408,425792,0,0,0,0,0,0,256,44160,35264,1216,54592,0,0,0,67584,128,518,1160,206115242,4238341220,897344,0
472,1116800,133888,104192,0,6976,22784,400448,234112,214400,194816,921984,0,1280,395200,0,0,0,0,0,0,320,43904,66816,1600,51328,0,0,0,70016,128,525,1180,3101491091,3356600132,899200,0
473,1116480,134016,104832,0,5888,10112,310656,224640,326336,306816,809664,0,1344,305536,0,0,0,0,0,0,256,44288,67072,1600,41216,0,0,0,70080,128,521,1159,410691731,2226208450,799552,0
474,1116608,200000,105088,0,4480,9984,466432,223232,107392,87488,1029120,0,1344,461120,0,0,0,0,0,0,256,43392,67328,1664,39552,0,0,0,70912,128,502,1113,4096705438,2669662957,1019136,0
475,1116928,145344,103808,0,6784,9984,428736,210752,211520,191360,925568,0,1280,423552,0,0,0,0,0,0,320,43840,67264,1792,27968,0,0,0,69440,128,508,1121,3903254008,2138826045,915584,0
476,1116672,134080,104064,0,8256,10176,422464,198272,239360,219776,896896,0,1344,417344,0,0,0,0,0,0,320,44352,67648,1600,15808,0,0,0,68416,128,507,1114,4172938298,943697271,886720,0
477,1117312,133248,104384,0,7488,10048,357888,162624,341632,321536,795776,0,1408,352448,0,0,0,0,0,0,128,44096,34880,1152,15104,0,0,0,67136,128,504,1103,3780130811,3238581055,785728,0
478,1116352,133504,104000,0,7232,31488,408512,197312,234304,208832,907520,0,1280,403264,0,0,0,0,0,0,256,44160,67200,1664,14656,0,0,0,69184,192,517,1130,260060616,3373498645,876032,0
479,1116736,133952,104064,0,6528,10048,378240,165376,318528,298816,817920,0,1280,372992,0,0,0,0,0,0,256,44032,35328,1152,14976,0,0,0,69440,192,497,1082,830388871,2783690000,807872,0
480,1116608,133632,104320,0,5504,9920,438336,197184,227712,207744,908864,0,1408,433088,0,0,0,0,0,0,320,44032,67584,1536,14720,0,0,0,68864,128,508,1111,2101624623,512712283,898944,0
481,1116928,132608,104512,0,5312,9984,433152,162560,268800,248832,868096,0,1344,427840,0,0,0,0,0,0,256,44096,34880,1216,14720,0,0,0,67264,128,499,1086,2154728586,3571646900,858112,0
482,1116544,152448,104064,0,6464,10240,558912,198784,85632,65664,1050880,0,1344,553600,0,0,0,0,0,0,256,44544,67072,1728,14784,0,0,0,70272,128,508,1121,72667723,3277323449,1040640,0
483,1116864,149632,104768,0,5376,10112,461760,163200,222016,202112,914752,0,1280,456512,0,0,0,0,0,0,256,44288,35008,1152,14656,0,0,0,67712,128,505,1112,1392278449,2356022636,904640,0
484,1116672,147072,104064,0,5184,9792,527360,198272,124928,105024,1011648,0,1280,522048,0,0,0,0,0,0,320,44096,67008,1600,14528,0,0,0,70592,128,517,1156,513420139,3185257460,1001856,0
485,1116928,147264,104064,0,6336,9984,500352,162112,186816,167232,949696,0,1280,494976,0,0,0,0,0,0,256,43712,34944,1152,14592,0,0,0,67264,192,517,1147,2161430825,3958519073,939712,0
486,1116544,146944,103808,0,5248,10176,549440,197376,103552,83776,1032768,0,1408,544192,0,0,0,0,0,0,320,44160,66944,1600,14656,0,0,0,69504,192,524,1169,2015632635,2379594818,1022592,0
487,1116992,149760,104256,0,4928,9920,468864,162496,216768,196864,920128,0,1344,463616,0,0,0,0,0,0,256,44224,35136,1152,14720,0,0,0,66880,128,517,1149,2937423500,2116709616,910208,0
488,1116672,147456,104704,0,6144,9984,467520,197696,183168,163584,953088,0,1344,462336,0,0,0,0,0,0,256,44288,67520,1664,14784,0,0,0,69056,128,521,1169,2012965688,779644189,943104,0
489,1116800,149440,104704,0,6272,9984,435456,161664,249280,229568,887232,0,1344,430144,0,0,0,0,0,0,256,44288,34560,1152,14848,0,0,0,66432,128,514,1152,1187300004,3244134532,877248,0
490,1116672,146176,103872,0,5952,10176,401984,197056,251456,231744,884928,0,1408,396800,0,0,0,0,0,0,256,43648,67264,1600,14656,0,0,0,69504,128,520,1174,2793708240,520345245,874752,0
491,1116800,215552,105088,0,6528,9920,515968,198080,65664,45632,1071168,0,1344,510720,0,0,0,0,0,0,320,43904,66624,1664,14720,0,0,0,70720,128,526,1178,4273261153,3575976655,1061248,0
492,1116608,146240,104704,0,5760,10368,449472,197184,202880,182784,933824,0,1344,444288,0,0,0,0,0,0,256,43840,67456,1600,14912,0,0,0,68992,128,527,1181,758842082,1024055650,923456,0
493,1116864,147264,104384,0,4864,31360,394816,198656,235520,215680,901184,0,1280,389504,0,0,0,0,0,0,320,44160,66624,1728,14912,0,0,0,70720,192,523,1169,2065733126,4171658233,869824,0
494,1116544,147776,103872,0,3520,10112,376192,197184,277888,253056,863488,0,1408,370880,0,0,0,0,0,0,256,43968,67072,1856,14784,0,0,0,69120,128,533,1189,1064003452,2216840267,853376,0
495,1676992,611776,105088,0,3456,9920,519552,198080,229120,209600,1467392,0,1344,514112,0,0,0,0,0,0,320,43904,66880,1664,14656,0,0,0,70464,192,528,1180,2739209551,2791982725,1457472,0
496,1677056,239808,105280,0,9920,9984,512576,242560,556928,537152,1139904,0,1344,507200,0,0,0,0,0,0,384,43584,98752,2176,23360,0,0,0,74176,128,549,1240,1638184472,3357983231,1129920,0
497,1116992,155584,109696,0,6464,22400,469504,216384,136960,114752,1002240,0,1344,464192,0,0,0,0,0,0,320,44416,67264,1664,30464,0,0,0,72128,128,546,1233,352691010,1800415477,979840,0
498,1116672,146880,104320,0,7616,10176,394048,250176,203456,183680,932992,0,1408,388736,0,0,0,0,0,0,384,44416,98688,2176,30656,0,0,0,73728,128,560,1257,4179807933,3854169206,922816,0
499,1116480,149376,105152,0,3456,9920,379968,211776,256832,237120,879360,0,1408,374784,0,0,0,0,0,0,320,44224,65920,1536,30464,0,0,0,69120,192,553,1240,2913075431,3202097696,869440,0
500,1677312,257344,105344,0,3520,9792,547776,198720,554816,535040,1142272,0,1280,542528,0,0,0,0,0,0,192,43712,35392,1024,29120,0,0,0,89152,128,535,1203,1281842680,2229772668,1132480,0
501,1116608,145088,105280,0,4672,9984,422208,196992,232384,212224,904384,0,1280,417152,0,0,0,0,0,0,192,43904,35136,1216,28864,0,0,0,87552,128,529,1192,2167173758,3149201267,894400,0
502,1116544,162560,102784,0,5760,10560,599680,157824,77376,57408,1059136,0,1344,594432,0,0,0,0,0,0,128,43904,192,576,28032,0,0,0,84864,128,523,1176,1111297664,1202893730,1048576,0
503,1116864,146752,102720,0,6976,9856,536064,158144,156352,136448,980416,0,1280,530816,0,0,0,0,0,0,128,43648,192,576,28032,0,0,0,85440,128,519,1170,959518260,1538944011,970560,0
504,1116672,144192,102208,0,5952,10176,539968,158464,155712,135936,980736,0,1344,534720,0,0,0,0,0,0,64,44032,192,576,28416,0,0,0,85056,128,518,1170,2581546188,1149871773,970560,0
505,1116608,147264,102464,0,2048,9920,559872,157824,137216,117440,999168,0,1280,554688,0,0,0,0,0,0,128,44224,192,576,28032,0,0,0,84544,128,521,1177,2841806453,1303643123,989248,0
506,1117056,173696,102656,0,2048,9728,639552,139904,49472,29504,1087552,0,1344,634304,0,0,0,0,0,0,64,43648,128,640,29056,0,0,0,66240,128,526,1190,4284917295,805543037,1077824,0
507,1116928,144320,102784,0,2112,31168,414720,140160,281664,261888,855040,0,1408,409600,0,0,0,0,0,0,128,44096,192,512,29696,0,0,0,65408,128,526,1190,1949178888,402655470,823872,0
508,1116672,255360,102208,0,1984,9792,413248,141440,192640,172672,944000,0,1344,407936,0,0,0,0,0,0,128,44160,128,640,29440,0,0,0,66816,128,530,1206,3976678462,478102795,934208,0
509,1116736,150016,102464,0,2048,9728,371776,138432,342272,322432,794304,0,1408,366528,0,0,0,0,0,0,128,43904,192,512,29120,0,0,0,64448,128,532,1214,2985612686,4013790150,784576,0
510,1116864,146688,102336,0,2048,10176,384384,139840,331392,302720,814144,0,1408,379136,0,0,0,0,0,0,128,43904,192,576,29184,0,0,0,65664,192,531,1208,956721748,1225899701,803968,0
511,1116736,149312,101760,0,1984,9984,378880,121920,352896,333376,783360,0,1280,373632,0,0,0,0,0,0,128,43648,192,576,12672,0,0,0,64576,128,513,1170,3267390895,1958496296,773376,0
512,1116736,146112,101312,0,1984,9920,420352,121600,315456,295680,821056,0,1280,415168,0,0,0,0,0,0,64,43968,192,576,13120,0,0,0,63552,128,526,1178,3804723411,4155127895,811136,0
513,1116672,149696,102144,0,1984,9600,370560,122560,360128,340224,776448,0,1280,365248,0,0,0,0,0,0,128,43584,192,576,13376,0,0,0,64576,128,523,1172,3279979320,1947119157,766848,0
514,1116800,146688,102528,0,2752,10048,447040,142912,264832,242816,873984,0,1344,441792,0,0,0,0,0,0,64,43520,192,640,32960,0,0,0,65408,128,529,1189,2719996177,128164056,863936,0
515,1116800,147520,102784,0,3456,9984,470592,143040,239424,219456,897344,0,1344,465280,0,0,0,0,0,0,128,43840,128,640,31552,0,0,0,66624,128,529,1189,506777658,162772753,887360,0
516,1116800,146112,102272,0,3648,9984,449216,148224,257344,237376,879424,0,1344,443968,0,0,0,0,0,0,64,43968,256,576,36416,0,0,0,66816,128,527,1188,2460529407,2884977599,869440,0
517,1116928,165184,101952,0,3520,9664,594944,148096,93568,73792,1043136,0,1280,589760,0,0,0,0,0,0,128,43904,128,640,36480,0,0,0,66688,128,527,1186,929703556,2548254747,1033472,0
518,1116544,146112,102912,0,3456,9664,459520,142272,252608,232640,883904,0,1344,454336,0,0,0,0,0,0,128,43776,192,640,31872,0,0,0,65536,128,525,1183,3623809385,1959113373,874240,0
519,1116672,149312,102656,0,4352,9856,463232,146560,240704,220800,895872,0,1344,457856,0,0,0,0,0,0,128,43712,128,640,35648,0,0,0,66176,128,527,1184,336132987,1281900398,886016,0
520,1116992,145472,102720,0,3456,10176,419200,143040,292928,273088,843904,0,1408,414016,0,0,0,0,0,0,64,43712,192,576,32064,0,0,0,66304,128,530,1192,867260330,2869784873,833728,0
521,1116672,150336,102080,0,3520,9920,379840,134784,336192,316416,800256,0,1280,374656,0,0,0,0,0,0,64,43584,128,640,24704,0,0,0,65536,128,528,1183,798142566,719134939,790336,0
522,1116864,146624,102272,0,3456,31296,426624,135104,271488,251264,865600,0,1344,421376,0,0,0,0,0,0,128,44096,256,640,24768,0,0,0,65088,128,527,1180,1041787579,226876191,834304,0
523,1116544,149632,101888,0,3520,9856,377088,123264,351296,331648,784896,0,1344,371904,0,0,0,0,0,0,128,44096,192,640,13184,0,0,0,64896,128,527,1179,3091722677,2860046268,775040,0
524,1116928,146368,101696,0,3456,9856,375360,122752,357440,337728,779200,0,1344,370048,0,0,0,0,0,0,128,43968,192,512,13056,0,0,0,64768,128,527,1177,3267211429,3923178339,769344,0
525,1116864,147968,101952,0,5632,10176,377792,122560,350784,331136,785728,0,1280,372416,0,0,0,0,0,0,64,43264,192,640,13248,0,0,0,65024,128,526,1173,3929994129,676985094,775552,0
526,1677120,609600,101888,0,5952,9984,514112,123840,311744,286464,1390656,0,1344,508864,0,0,0,0,0,0,128,43584,128,576,12992,0,0,0,66304,128,526,1176,1997024182,2549832265,1380672,0
527,1116544,150272,101504,0,2112,22592,420480,123328,296256,276672,839872,0,1408,415168,0,0,0,0,0,0,128,43584,192,576,12864,0,0,0,65856,128,526,1180,1559162128,2423255993,817280,0
528,1117056,146752,102592,0,3456,9856,503552,121792,229056,209344,907712,0,1280,498112,0,0,0,0,0,0,128,43904,128,576,12992,0,0,0,63936,128,516,1154,3739560280,1646843129,897856,0
529,1116800,148928,102912,0,3456,9856,473344,122368,255936,235904,880896,0,1344,468096,0,0,0,0,0,0,64,43712,256,576,13248,0,0,0,64384,128,512,1148,3606292570,2069933161,871040,0
530,1116672,145792,101824,0,3520,9792,515008,122432,218304,198528,918144,0,1344,509824,0,0,0,0,0,0,64,43584,128,576,13184,0,0,0,64768,128,513,1147,2602119338,997192232,908352,0
531,1116992,149376,104320,0,3520,10112,474688,122944,252032,232064,884928,0,1408,469504,0,0,0,0,0,0,128,43776,128,640,13120,0,0,0,65024,128,517,1155,1777212122,4108634524,874816,0
532,1116480,145856,102272,0,3520,9792,522112,122368,210560,190720,925760,0,1344,516992,0,0,0,0,0,0,64,44160,192,576,12992,0,0,0,64256,128,520,1160,3738912699,1942700136,915968,0
533,1116736,148288,101376,0,3456,10176,478976,123456,251008,231040,885696,0,1344,473728,0,0,0,0,0,0,128,43776,128,576,13568,0,0,0,65152,128,516,1147,3774918387,2509240261,875520,0
534,1118656,146624,101632,0,5696,19072,488640,128640,228352,206656,912000,0,1344,483392,0,0,0,0,0,0,128,43520,192,576,13568,0,0,0,70528,128,521,1160,4236425193,250582744,892928,0
535,1116480,145920,100672,0,5632,19136,569664,129152,146304,124736,991744,0,1408,564224,0,0,0,0,0,0,128,43968,192,576,13824,0,0,0,70336,128,516,1149,3684589639,819280167,972608,0
536,2237184,845376,101376,0,23488,54464,802304,143680,266496,244928,1992256,0,1344,796928,0,0,0,0,0,0,64,44096,192,576,26432,0,0,0,72192,128,509,1145,1879113866,292426316,1937792,0
537,1117440,166976,101696,0,3584,32128,410688,146624,255744,233536,883904,0,1280,405504,0,0,0,0,0,0,64,43904,192,576,29312,0,0,0,72448,128,505,1146,3688094651,1247304307,851776,0
538,1116224,151872,102016,0,3584,32384,375360,147328,303680,282048,834176,0,1216,370304,0,0,0,0,0,0,128,44160,192,512,30400,0,0,0,71808,128,493,1159,1266024368,654480919,801792,0
539,1119232,154624,101888,0,3648,19008,429696,149824,260544,236608,882624,0,1408,424384,0,0,0,0,0,0,64,43904,128,576,31488,0,0,0,73536,128,473,1132,1363099404,977294518,863616,0
540,1114112,171968,101504,0,4544,19392,404736,149568,262400,240832,873280,0,1408,399424,0,0,0,0,0,0,128,44032,128,640,30848,0,0,0,73600,192,443,1059,144580518,2543038752,853888,0
541,1116992,148480,102848,0,3648,18944,494464,149504,199104,177344,939648,0,1280,489280,0,0,0,0,0,0,128,43840,128,512,31232,0,0,0,73536,128,413,991,1976614231,62836018,920704,0
542,1116672,242688,102656,0,3648,19136,459136,147264,142144,115264,1001408,0,1344,453952,0,0,0,0,0,0,128,43712,256,576,29056,0,0,0,73408,128,406,953,1111345403,1301355058,982272,0
543,1116864,146048,101184,0,3584,19008,429824,145216,272000,250560,866304,0,1280,424576,0,0,0,0,0,0,64,43968,192,640,26432,0,0,0,73792,128,395,920,2185576960,3621596487,847296,0
544,1116800,106560,102848,0,3648,19264,472384,146240,265856,244288,872512,0,1344,467136,0,0,0,0,0,0,128,44352,192,576,26368,0,0,0,74496,128,400,923,2353592626,3676611079,853248,0
545,1116736,106688,101312,0,3648,18752,410752,131712,343872,322432,794304,0,1344,405504,0,0,0,0,0,0,64,43776,192,576,13760,0,0,0,73216,128,395,914,228297870,3731560589,775552,0
546,1116672,107072,101760,0,3648,17088,449600,131584,305920,284416,832256,0,1280,444416,0,0,0,0,0,0,128,44096,192,512,13440,0,0,0,73088,128,398,923,4252801559,566922075,815168,0
547,1116672,105728,101312,0,3648,16704,420352,132416,336512,315008,801664,0,1280,415040,0,0,0,0,0,0,64,44032,128,576,13888,0,0,0,73600,128,393,912,1995369468,3527094312,784960,0
548,1116736,106880,101376,0,3584,16704,407104,129920,351168,329600,787136,0,1280,401984,0,0,0,0,0,0,64,44096,128,512,13568,0,0,0,71360,192,404,935,2436755055,3786414578,770432,0
549,1116800,107392,102208,0,3648,17024,475648,129856,281024,259264,857536,0,1344,470272,0,0,0,0,0,0,128,43904,192,576,13824,0,0,0,71104,128,416,957,859899995,934288100,840512,0
550,1116864,107072,101440,0,3584,17216,384960,130240,372352,350528,766336,0,1280,379776,0,0,0,0,0,0,128,44160,192,576,13440,0,0,0,71616,128,410,945,3480253539,4185507134,749120,0
551,1116800,107904,101184,0,3648,38144,422208,128832,314880,293184,823616,0,1408,416768,0,0,0,0,0,0,128,43968,192,576,13376,0,0,0,70400,192,413,948,3650043214,4142143092,785472,0
552,1116544,107520,101312,0,3648,16896,421888,129024,336256,314560,801984,0,1344,416640,0,0,0,0,0,0,128,43840,192,640,13888,0,0,0,70208,128,418,973,52392503,99242089,785088,0
553,1116928,196736,101248,0,3712,16768,532800,148864,116800,94656,1022272,0,1344,527680,0,0,0,0,0,0,64,43328,192,640,13312,0,0,0,91200,128,413,959,1729919651,6961312,1005504,0
554,1116864,107648,102656,0,3712,16704,492672,148224,245248,223680,893184,0,1408,487488,0,0,0,0,0,0,64,44032,128,576,13440,0,0,0,89856,128,423,971,3807520143,3173123959,876480,0
555,1116672,127104,102272,0,3648,16896,540608,149184,176960,155840,960832,0,1344,535296,0,0,0,0,0,0,64,44160,192,576,13120,0,0,0,90944,128,434,988,1246970534,2598762021,943936,0
556,1116864,106432,102464,0,6528,16512,534336,148288,202304,180928,935936,0,1344,529152,0,0,0,0,0,0,64,43520,192,576,13312,0,0,0,90496,128,434,988,3031721066,1495399657,919424,0
557,1116672,108736,103040,0,6400,30208,535552,149376,183360,161600,955072,0,1344,530304,0,0,0,0,0,0,64,44288,192,576,13248,0,0,0,90880,128,436,994,1034603411,3873573413,924864,0
558,1116800,106624,102144,0,4992,17024,541696,148416,195904,169088,947712,0,1344,536320,0,0,0,0,0,0,128,43776,192,640,13376,0,0,0,90176,128,430,984,2816157517,2892039030,930688,0
559,1116672,108160,102592,0,3584,16448,578560,148992,158336,136960,979712,0,1280,573248,0,0,0,0,0,0,64,44224,128,576,13184,0,0,0,90624,192,429,981,3539794381,2718721343,963264,0
560,1116800,126144,102336,0,3648,16832,599360,151808,116672,95360,1021440,0,1408,594112,0,0,0,0,0,0,128,44032,192,640,13440,0,0,0,93248,128,431,987,3521851926,350847180,1004608,0
561,1676992,105792,102912,0,20288,34048,757888,258944,397120,366592,1310400,0,3200,745536,0,0,0,0,0,0,192,44352,72192,1152,46400,0,0,0,94528,128,432,991,1813016545,1794406606,1276352,0
562,1677184,144128,101376,0,13184,31360,634176,244032,508928,487360,1189824,0,1344,628928,0,0,0,0,0,0,192,43456,72128,1216,54464,0,0,0,72448,128,446,1033,2154058097,1332602648,1158464,0
563,1116544,105920,101312,0,3968,31040,424128,280000,170176,148608,967936,0,1344,418816,0,0,0,0,0,0,256,44160,71232,1152,92160,0,0,0,70912,128,445,1070,3034297851,770381954,936896,0
564,1116800,125760,102784,0,6016,30592,457472,277568,116608,94976,1021824,0,1408,452096,0,0,0,0,0,0,192,44096,72384,1152,86208,0,0,0,73408,128,451,1085,2814558046,2722049403,991232,0
565,1116608,105792,101696,0,6016,51520,413824,291648,146112,124672,991936,0,1408,408512,0,0,0,0,0,0,256,44224,71808,1216,100544,0,0,0,73472,128,461,1097,1547474902,176519394,940416,0
566,1116800,106240,101376,0,5312,30272,362944,305600,205056,183424,933376,0,1472,357632,0,0,0,0,0,0,256,44032,72064,1152,114752,0,0,0,73216,128,454,1106,503348517,2244345332,903104,0
567,1116672,104960,102016,0,3776,30592,348224,279616,247488,225920,890752,0,1280,342976,0,0,0,0,0,0,256,43968,72064,1152,88128,0,0,0,73920,128,444,1086,1944094217,1878611201,860160,0
568,1677184,624768,101696,0,3776,30720,545792,304000,66432,44864,1632320,0,1344,540416,0,0,0,0,0,0,192,43712,72384,1088,112576,0,0,0,73856,192,448,1096,803940769,1563573929,1601600,0
569,1116608,108736,102656,0,11840,31232,371456,347136,143552,121984,994624,0,1408,366144,0,0,0,0,0,0,256,44416,72448,1152,155648,0,0,0,73088,128,459,1132,2542041696,3611160070,963392,0
570,1116864,120128,102208,0,6144,30912,361088,316416,179968,158464,958400,0,1280,355776,0,0,0,0,0,0,192,44224,73600,1152,124224,0,0,0,72896,128,449,1101,2385289940,384423166,927488,0
571,1116800,154304,103040,0,7104,30592,361792,344640,115328,93760,1023040,0,1344,356352,0,0,0,0,0,0,256,43840,73408,1152,152768,0,0,0,73088,128,445,1099,822922588,315551356,992448,0
572,1116736,108224,102400,0,6144,30912,353280,312896,202880,181504,935232,0,1344,347904,0,0,0,0,0,0,192,44288,71808,1152,122368,0,0,0,72960,128,444,1088,2566698246,2120848324,904320,0
573,1116608,119552,102848,0,5120,30528,363712,343424,151424,130048,986560,0,1472,358400,0,0,0,0,0,0,256,44160,72064,1152,152448,0,0,0,73216,128,438,1073,3503203105,3930906671,956032,0
574,1116736,120704,102208,0,3712,30144,450368,348864,60736,34112,1082624,0,1408,444992,0,0,0,0,0,0,192,44096,73088,1152,157056,0,0,0,73152,128,437,1067,1501533675,3983563197,1052480,0
575,1116800,110208,102400,0,3840,30336,365760,348480,155776,134272,982528,0,1344,360256,0,0,0,0,0,0,256,44224,73152,1216,156160,0,0,0,73344,128,440,1074,2926712359,73755263,952192,0
576,1116800,118976,102656,0,3840,30848,358528,341056,160896,139584,977216,0,1344,353152,0,0,0,0,0,0,192,43840,73408,1216,149440,0,0,0,72768,192,437,1064,4206198399,908149907,946368,0
577,1116800,121024,104960,0,6144,30912,384384,312000,157376,135680,981120,0,1344,379072,0,0,0,0,0,0,256,44160,72576,1152,119616,0,0,0,74112,128,433,1055,3450499756,3252236243,950208,0
578,1116864,108544,102720,0,6336,30592,350464,288576,229632,207808,909056,0,1344,345280,0,0,0,0,0,0,192,43904,64768,1216,104512,0,0,0,73856,128,428,1022,1210135533,1593650416,878464,0
579,1116544,119680,102528,0,3712,30592,325312,210304,324416,302848,813696,0,1408,320064,0,0,0,0,0,0,64,44096,192,576,95040,0,0,0,70208,128,420,1009,3352674910,1797649818,783104,0
580,1116800,200128,102336,0,3648,52032,451392,203200,104064,82560,1034240,0,1280,446016,0,0,0,0,0,0,128,43904,192,576,88640,0,0,0,69632,128,429,1010,1596481015,388467027,982208,0
581,1116992,108928,101760,0,3712,30144,357312,176512,338624,316864,800128,0,1344,351936,0,0,0,0,0,0,128,44032,192,576,61312,0,0,0,70144,128,430,1006,765600499,2503503688,769984,0
582,1119680,120128,101632,0,3712,30592,333504,198912,331200,306688,812992,0,1344,328192,0,0,0,0,0,0,128,43968,192,640,83264,0,0,0,70592,128,430,1002,1261500651,2009408165,782400,0
583,1674048,151744,102656,0,4608,30272,527296,305600,551872,529792,1144256,0,1344,522176,0,0,0,0,0,0,256,42752,116224,1088,52096,0,0,0,93056,128,425,986,4157685945,3638887763,1113984,0
584,1116800,140992,102208,0,11776,30528,483072,243968,104256,82752,1034048,0,1280,477888,0,0,0,0,0,0,192,42304,72000,1152,56384,0,0,0,71808,128,431,1001,2119512222,1873538807,1003520,0
585,1116736,160832,102400,0,6592,30656,473856,274432,67968,46720,1070016,0,1280,468672,0,0,0,0,0,0,192,43072,71488,1152,65728,0,0,0,92608,192,434,1005,670635245,1266323500,1039360,0
586,1117120,117568,102912,0,6528,23680,342144,280576,243712,222016,895104,0,1280,336832,0,0,0,0,0,0,192,43136,71424,1152,77120,0,0,0,87360,192,434,1007,4018176901,522301987,871424,0
587,1115072,134912,102656,0,3776,23232,411968,256320,182208,162240,952832,0,1280,406720,0,0,0,0,0,0,192,42624,72128,1152,50752,0,0,0,89344,128,425,980,2637937596,2959066134,929600,0
588,1116736,129280,102720,0,6080,23616,328000,256960,270080,250496,866240,0,1344,322624,0,0,0,0,0,0,192,42240,71744,1152,54016,0,0,0,87488,128,427,980,1152917294,1064089494,842624,0
589,1116992,117952,102016,0,6336,24000,311296,231168,324224,303808,813184,0,1344,306176,0,0,0,0,0,0,192,42624,72448,1088,47104,0,0,0,67584,128,418,954,324765046,3082858626,789184,0
590,1116544,129024,101952,0,6720,23552,333056,238912,283328,258112,858432,0,1280,327808,0,0,0,0,0,0,192,42368,72576,1152,53952,0,0,0,68480,192,411,949,306510061,2378640484,834880,0
591,1116672,129856,102336,0,4992,23616,305664,249472,300736,280832,835840,0,1280,300352,0,0,0,0,0,0,192,42304,72000,1088,65856,0,0,0,67904,128,413,956,3339290757,799049007,812224,0
592,1116800,145920,102464,0,3648,23552,368576,234176,238464,218688,898112,0,1408,363392,0,0,0,0,0,0,192,42816,71488,1216,49216,0,0,0,69120,128,415,964,3042317184,3667185572,874560,0
593,1116928,128448,102912,0,3584,23360,291136,230144,337344,317312,799616,0,1280,285888,0,0,0,0,0,0,256,42624,72512,1088,44928,0,0,0,68608,128,414,963,2903793173,3902946827,776256,0
594,1116800,110400,102080,0,3584,9856,288320,232000,370560,350848,765952,0,1344,283136,0,0,0,0,0,0,192,42048,72768,1216,45568,0,0,0,70016,192,406,939,3030430609,1504639960,756096,0
595,1116928,110080,101824,0,3584,30848,352384,230144,288064,268096,848832,0,1344,347264,0,0,0,0,0,0,192,43072,72320,1024,45568,0,0,0,67840,128,400,922,1408893494,3030201978,817984,0
596,1116416,110528,103040,0,3520,9920,328128,232896,328384,308352,808064,0,1344,322816,0,0,0,0,0,0,192,42240,71744,1216,49728,0,0,0,67648,128,393,898,1482808281,1029722355,798144,0
597,1117248,109632,102016,0,3584,10048,344320,231360,316288,296128,821120,0,1280,339008,0,0,0,0,0,0,128,42560,71488,960,47104,0,0,0,68992,128,400,920,3194638494,3011675081,811072,0
598,1116160,110336,102528,0,3584,9664,322752,246720,320576,300736,815424,0,1408,317376,0,0,0,0,0,0,192,42752,72704,1024,62528,0,0,0,67392,128,398,918,314656178,4187106719,805760,0
599,1116736,110656,102528,0,3584,9728,363520,207808,318912,299072,817664,0,1280,358272,0,0,0,0,0,0,192,42432,70912,1088,25920,0,0,0,67136,128,390,897,1352644768,2215372317,807936,0
600,1116736,111360,101440,0,5824,10112,328512,197312,362176,342208,774528,0,1280,323328,0,0,0,0,0,0,192,42240,71808,1024,16448,0,0,0,65472,128,392,896,3177003769,725341493,764416,0
601,1116672,110912,104064,0,5760,9856,326848,195072,364160,344384,772288,0,1280,321536,0,0,0,0,0,0,192,42432,72192,1152,13568,0,0,0,65408,128,394,902,2100460547,2530009815,762432,0
602,1116736,142208,105728,0,4928,9792,492032,224640,137408,118016,998720,0,1344,486976,0,0,0,0,0,0,192,42560,71936,1088,22144,0,0,0,86528,192,402,930,2751131988,3941036128,988928,0
603,1116736,165888,104512,0,3584,9856,548864,205568,78464,58880,1057856,0,1280,543552,0,0,0,0,0,0,192,42560,72640,1088,21888,0,0,0,67072,128,402,925,3681657865,2094247208,1048000,0
604,1116992,138176,108672,0,3584,9728,337472,214464,304896,284864,832128,0,1344,332224,0,0,0,0,0,0,192,42496,72320,1216,24832,0,0,0,73280,128,401,916,661331618,1865024498,822400,0
605,1116480,121920,103872,0,6720,10176,355712,195712,322368,302592,813888,0,1344,350464,0,0,0,0,0,0,192,42048,72576,1088,13440,0,0,0,66240,128,401,907,3838904866,793760120,803712,0
606,1116800,111296,103808,0,5824,9984,334912,194368,356608,331520,785280,0,1280,329728,0,0,0,0,0,0,192,42176,72064,1088,13312,0,0,0,65408,128,404,916,4166268942,1584258782,775296,0
607,1116864,139584,105536,0,15744,10368,476672,213952,155008,135040,981824,0,1280,471232,0,0,0,0,0,0,192,42944,72448,1088,29632,0,0,0,67520,128,411,936,2766165657,2830991313,971456,0
608,1116672,121344,105408,0,3648,9920,435904,222208,218240,198720,917952,0,1344,430528,0,0,0,0,0,0,192,42560,72320,1152,37568,0,0,0,68224,192,416,952,2711251008,961755613,908032,0
609,1116800,110976,105600,0,3712,9664,441216,220672,224960,205376,911424,0,1344,435968,0,0,0,0,0,0,192,42624,72192,1088,36800,0,0,0,67584,192,422,965,3481964535,2005499806,901760,0
610,1116864,121472,105024,0,3648,31296,427776,212928,214720,194240,922624,0,1280,422592,0,0,0,0,0,0,192,42688,71360,1088,30272,0,0,0,67200,128,422,962,1156855340,745954294,891328,0
611,1116352,180160,105152,0,4864,10176,382848,218176,214976,194944,921408,0,1280,377664,0,0,0,0,0,0,192,42432,72256,1024,30400,0,0,0,71744,128,526,1297,1896452297,3704278386,911232,0
612,1116672,138048,105152,0,6080,10048,380864,214848,261632,242048,874624,0,1408,375488,0,0,0,0,0,0,192,42368,72000,1152,29696,0,0,0,69312,128,566,1313,2893687957,1762186905,864576,0
613,1116800,148160,104256,0,5056,10048,288896,214400,345984,326208,790592,0,1280,283584,0,0,0,0,0,0,192,42368,71488,1088,29632,0,0,0,69504,128,562,1289,1257155299,1047558876,780544,0
614,1116864,150144,105280,0,5952,10304,310272,223488,311424,291584,825280,0,1280,305024,0,0,0,0,0,0,256,42432,72512,1152,37888,0,0,0,69120,128,562,1291,3534405838,1964569815,814976,0
615,1116800,137408,104960,0,6016,9984,333888,223488,301056,281216,835584,0,1344,328448,0,0,0,0,0,0,192,42688,72256,1152,36928,0,0,0,70144,128,560,1291,3967903592,358529232,825600,0
616,1116800,168704,104960,0,4800,9984,412032,214272,202048,181952,934848,0,1280,406848,0,0,0,0,0,0,256,41984,72320,1088,29888,0,0,0,68608,128,563,1299,3038269203,3394603311,924864,0
617,1118208,149760,104896,0,3520,26944,291328,218304,323456,302144,816064,0,1280,286080,0,0,0,0,0,0,128,42624,71744,1152,30336,0,0,0,72192,128,560,1300,2984922699,420006798,789120,0
618,1116736,174400,104960,0,10240,14144,393920,225472,193600,172160,944576,0,1408,388608,0,0,0,0,0,0,192,42560,70976,1152,38400,0,0,0,72000,192,555,1283,3649090683,2146048634,930432,0
619,1116864,233600,104640,0,4736,14144,378944,224320,156480,135104,981760,0,1280,373504,0,0,0,0,0,0,192,42496,71552,1216,36672,0,0,0,72064,128,555,1275,1192710331,2916818806,967616,0
620,1116928,177664,104704,0,5888,13888,395072,229440,190272,168512,948416,0,1408,389760,0,0,0,0,0,0,192,42752,72192,1024,41408,0,0,0,71744,128,552,1262,1096071318,2751786303,934528,0
621,1676800,646400,104768,0,4992,14208,639936,221120,45376,23808,1652992,0,1408,634560,0,0,0,0,0,0,128,42688,72064,1152,32512,0,0,0,72448,128,553,1261,3887514510,524370487,1638784,0
622,1677184,645952,104128,0,4736,14144,529344,210240,168640,140992,1536192,0,1344,524096,0,0,0,0,0,0,192,42560,71168,1152,23040,0,0,0,71936,192,547,1248,3478868786,4107158462,1522048,0
623,1116800,167808,104064,0,5632,14336,400576,210496,213888,192064,924736,0,1280,395264,0,0,0,0,0,0,192,42304,72704,1088,22464,0,0,0,71616,128,537,1219,2170301809,1410495601,910400,0
624,1116736,167232,104384,0,4096,35776,386368,208512,210368,188736,928000,0,1408,381120,0,0,0,0,0,0,192,42688,72320,1152,21952,0,0,0,70080,128,537,1206,2162553465,2991048696,892224,0
625,1116480,166464,105344,0,2048,16960,499968,204160,121536,100096,1016384,0,1280,494720,0,0,0,0,0,0,192,42432,72576,1024,15296,0,0,0,72512,128,534,1205,3765847804,2070209546,999424,0
626,1116736,167040,104512,0,2880,14080,488512,199360,140352,118464,998272,0,1408,483264,0,0,0,0,0,0,192,42944,71232,1088,13440,0,0,0,70336,128,531,1198,3927589041,1346911647,984192,0
627,1116864,166528,104704,0,2112,14016,523008,199936,106560,84800,1032064,0,1408,517568,0,0,0,0,0,0,192,42304,72064,1216,13696,0,0,0,70336,128,531,1197,214821833,1854109452,1018048,0
628,1116672,170048,104896,0,2048,14016,509376,209792,106496,84928,1031744,0,1280,504128,0,0,0,0,0,0,192,42624,72576,1088,23424,0,0,0,69760,128,536,1207,1805247547,1673106427,1017728,0
629,1116864,167552,104640,0,2048,13824,469248,209344,150208,126080,990784,0,1344,464128,0,0,0,0,0,0,192,42304,71808,1088,22144,0,0,0,71616,192,533,1194,20300566,3944908070,976960,0
630,1676736,166144,104704,0,10048,14656,573376,259648,548160,526656,1150080,0,1280,568128,0,0,0,0,0,0,192,42752,71296,1216,32448,0,0,0,111616,128,549,1241,1887010487,3654246087,1135424,0
631,1116864,168192,106176,0,3584,14208,464320,256640,103744,82368,1034496,0,1344,458944,0,0,0,0,0,0,192,43072,72640,1088,30464,0,0,0,109056,128,557,1257,2732713252,678512443,1020288,0
632,1116864,165760,105536,0,3520,13824,440704,255616,131904,110528,1006336,0,1280,435392,0,0,0,0,0,0,192,43008,72256,1152,30400,0,0,0,108480,128,554,1247,4294744125,2432306542,992512,0
633,1116864,165824,105600,0,3456,9792,506624,253056,72512,50688,1066176,0,1280,501440,0,0,0,0,0,0,128,43584,71488,1152,30016,0,0,0,106560,128,554,1256,2510041413,564581158,1056384,0
634,1676928,222656,105472,0,3456,14336,554496,308416,468096,446464,1230464,0,1344,549312,0,0,0,0,0,0,128,43200,72320,1024,43136,0,0,0,148480,128,556,1284,2058577910,2644334179,1216128,0
635,1676736,229568,104768,0,12224,27584,709120,371456,222016,200640,1476096,0,1216,703808,0,0,0,0,0,0,256,43840,72576,1152,69888,0,0,0,183616,128,586,1377,735391397,2136753486,1448512,0
636,1116864,162432,105344,0,3776,27328,367552,319552,130880,109184,1007680,0,1280,362240,0,0,0,0,0,0,192,43392,72192,1024,57344,0,0,0,145280,128,567,1319,262775927,3348571405,980352,0
637,1116544,146752,104960,0,3712,27392,300736,313664,219328,198144,918400,0,1344,295424,0,0,0,0,0,0,192,42880,71360,1088,52928,0,0,0,145024,192,562,1299,2203624713,1370880683,891008,0
638,1117312,146304,105024,0,3776,35776,353280,328064,145088,114432,1002880,0,1280,347968,0,0,0,0,0,0,256,43136,71616,1088,64448,0,0,0,147328,192,571,1331,447975704,3236765804,967104,0
639,1116480,166016,105088,0,3776,14208,365888,319936,141568,119872,996608,0,1280,360640,0,0,0,0,0,0,320,43328,72128,1152,57600,0,0,0,145280,128,573,1330,714234309,2605927083,982400,0
640,1116864,170560,105088,0,3776,14208,383360,289152,150720,129280,987584,0,1408,378112,0,0,0,0,0,0,256,42688,72064,1152,60096,0,0,0,112768,128,575,1323,549041414,2707978059,973376,0
641,1677056,168768,107136,0,17984,11456,686080,379520,306112,274496,1402560,0,3072,676160,0,0,0,0,0,0,64,253888,192,576,55872,20288,0,0,68800,128,509,1116,2587328456,2535692099,1391104,0
642,1115008,147968,105024,0,3840,9664,385984,169408,293120,273344,841664,0,1344,380736,0,0,0,0,0,0,64,44416,192,576,53504,0,0,0,70528,128,496,1090,2705001777,1707559084,832000,0
643,1116480,136192,105088,0,3712,9920,487936,168704,204928,185536,930944,0,1280,482688,0,0,0,0,0,0,64,43456,192,576,55168,0,0,0,69120,128,499,1090,3497600501,3915196617,921024,0
644,1116928,148032,105664,0,3712,9984,441472,155264,252800,232896,884032,0,1344,436096,0,0,0,0,0,0,64,44096,192,640,43008,0,0,0,67136,128,505,1103,3666142284,1797328720,874048,0
645,1116608,133184,105408,0,3712,9856,484096,145792,234560,214848,901760,0,1280,478976,0,0,0,0,0,0,128,43776,192,576,34496,0,0,0,66496,128,512,1102,2889392461,851078125,891904,0
646,1117056,146816,104896,0,5760,9984,499392,155904,194304,171776,945280,0,1344,494016,0,0,0,0,0,0,128,44032,192,576,42496,0,0,0,68352,128,511,1108,2850429813,2785186079,935296,0
647,1116672,136768,105536,0,5952,23040,453568,154496,237312,217472,899200,0,1344,448256,0,0,0,0,0,0,128,43840,192,512,41920,0,0,0,67712,192,508,1125,2175759606,3487462214,876160,0
648,1116800,134848,105728,0,4992,10048,498688,158976,203520,183744,933056,0,1344,493440,0,0,0,0,0,0,128,44096,192,576,46592,0,0,0,67200,192,493,1105,218656610,1985671822,923008,0
649,1676864,169728,105408,0,11200,10432,662528,208384,509184,489408,1187456,0,1280,657344,0,0,0,0,0,0,44672,43904,256,1088,47872,0,0,0,70464,128,491,1090,3139180645,4207172080,1177024,0
650,1116864,138176,105216,0,3712,10176,575104,190080,94400,74688,1042176,0,1344,569728,0,0,0,0,0,0,44736,44032,384,1152,31488,0,0,0,68160,128,494,1092,3193637639,3952338082,1032000,0
651,1676992,182464,105088,0,11776,23168,739904,260864,353728,333824,1343168,0,1280,734592,0,0,0,0,0,0,256,43840,35200,1088,69312,0,0,0,111040,128,530,1190,3828907084,1257455361,1320000,0
652,1116608,152000,105344,0,4032,31104,543232,245760,35136,15168,1101440,0,1408,537920,0,0,0,0,0,0,192,43456,35008,1088,57792,0,0,0,108096,128,528,1183,2431711690,841716881,1070336,0
653,1116800,138688,105600,0,3904,23104,524160,291136,30208,10240,1106560,0,1344,518912,0,0,0,0,0,0,256,43776,67456,1664,67008,0,0,0,110848,128,538,1215,6893947,1134505368,1083456,0
654,1676992,162432,106688,0,6272,10240,504640,307264,579456,558912,1118080,0,1280,499392,0,0,0,0,0,0,384,43328,67968,1728,82880,0,0,0,110848,128,534,1204,1130298613,1631806138,1107840,0
655,1676928,180672,105536,0,5184,9792,651456,287296,436992,411456,1265472,0,1280,646144,0,0,0,0,0,0,256,43200,67008,1728,63168,0,0,0,111808,128,518,1186,3850041321,2629285777,1255680,0
656,1677056,147456,104768,0,4032,9856,643200,332544,435200,415680,1261376,0,1408,637888,0,0,0,0,0,0,320,43200,67392,1664,71424,0,0,0,148416,128,549,1264,3358620440,1684590284,1251520,0
657,1677504,148864,104960,0,3904,9856,627904,310784,471232,450752,1226752,0,1344,622592,0,0,0,0,0,0,256,43392,67584,1664,86016,0,0,0,111744,128,533,1213,322137090,1957650658,1216896,0
658,1676544,150592,104768,0,6336,9920,568448,298816,537664,517632,1158912,0,1344,563072,0,0,0,0,0,0,320,43712,67008,1792,73664,0,0,0,112192,128,536,1224,4245628110,1660450985,1148992,0
659,1116416,137472,105664,0,6976,10112,518208,312576,25408,5696,1110720,0,1408,512832,0,0,0,0,0,0,256,43840,67136,1664,87744,0,0,0,111808,128,527,1201,1295062055,1453265258,1100608,0
660,1676928,237568,104832,0,6848,10304,683968,299072,334336,314496,1362432,0,1344,678656,0,0,0,0,0,0,256,43648,67392,1600,73024,0,0,0,113024,128,539,1218,1682922098,807853674,1352128,0
661,1116928,158592,105152,0,6080,10112,527936,269760,39296,18688,1098240,0,1280,522560,0,0,0,0,0,0,384,43008,67008,1664,47232,0,0,0,110336,128,532,1198,1359808223,12518431,1088128,0
662,1676736,230656,104640,0,5888,9984,684992,231104,409472,389824,1286912,0,1344,679552,0,0,0,0,0,0,320,43712,67072,1792,46400,0,0,0,71680,128,511,1141,2743575279,1037200904,1276928,0
663,1677120,169152,111168,0,4928,10112,592576,251072,538112,518464,1158656,0,1344,587392,0,0,0,0,0,0,320,51008,67392,2944,54208,0,0,0,75072,128,517,1145,985371131,1577399924,1148544,0
664,1116736,135104,105728,0,4352,31488,500544,236864,102656,82944,1033792,0,1408,495168,0,0,0,0,0,0,320,44224,67584,1664,51712,0,0,0,71232,128,516,1140,345598442,2962476434,1002304,0
665,1116928,135936,105088,0,5760,10240,512128,230144,117632,97600,1019328,0,1280,506752,0,0,0,0,0,0,320,43648,67264,1664,46848,0,0,0,70272,128,509,1124,1770109910,910367262,1009088,0
666,1116672,185664,104256,0,5696,9984,531264,184064,95744,75456,1041216,0,1344,525952,0,0,0,0,0,0,192,43968,35520,1152,35008,0,0,0,68096,128,516,1123,1162589779,2475025189,1031232,0
667,1116672,147712,105216,0,4096,9856,387264,183168,279360,259456,857216,0,1408,381888,0,0,0,0,0,0,256,44032,35264,1088,33600,0,0,0,68800,128,512,1112,2725731696,2051589740,847360,0
668,1116672,133120,104832,0,2048,9984,419264,143616,303808,284032,832640,0,1344,414080,0,0,0,0,0,0,128,43712,192,512,32256,0,0,0,66688,128,502,1079,264118498,1489888926,822656,0
669,1116800,150016,105408,0,2048,10048,368448,153216,327616,307968,808832,0,1280,363328,0,0,0,0,0,0,64,44160,192,576,40896,0,0,0,67200,128,503,1085,3759398921,72140040,798784,0
670,1677248,824576,104960,0,1984,9856,374464,145408,216000,196032,1481216,0,1344,369152,0,0,0,0,0,0,128,43712,192,640,33728,0,0,0,66880,128,498,1067,2512081956,931898545,1471360,0
671,1116672,222336,104704,0,2048,9792,446592,131584,199616,174336,942336,0,1280,441344,0,0,0,0,0,0,64,43712,192,576,21504,0,0,0,65344,192,493,1054,159883404,1730672904,932544,0
672,1676864,307264,104576,0,2112,9856,766976,139776,346304,326272,1350592,0,1280,761728,0,0,0,0,0,0,128,43712,192,640,27840,0,0,0,67136,128,492,1070,3544630732,3853648931,1340736,0
673,1677248,592640,104000,0,2880,22912,641664,198272,114880,94976,1582272,0,1344,636480,0,0,0,0,0,0,64,43072,192,576,47296,0,0,0,106944,128,504,1122,3970315546,52961968,1559360,0
674,1116480,142592,104192,0,3584,23360,455040,181696,206016,186112,930368,0,1216,449792,0,0,0,0,0,0,64,43200,192,576,31232,0,0,0,106304,128,504,1114,1155584945,1600427531,907008,0
675,1116864,128384,104832,0,3520,23168,423552,177856,255552,235712,881152,0,1344,418304,0,0,0,0,0,0,128,43200,192,512,28992,0,0,0,104704,128,504,1120,3730048120,3156178673,857984,0
676,1116672,128512,104832,0,3520,9984,435392,190080,244352,224896,891776,0,1344,430144,0,0,0,0,0,0,128,43328,256,576,39616,0,0,0,105984,192,500,1125,4294458002,921921372,881792,0
677,1116992,151872,104384,0,3456,23104,482304,185792,166080,145920,971072,0,1344,477120,0,0,0,0,0,0,128,42816,192,512,34048,0,0,0,107968,128,494,1102,3959907629,3569130708,947968,0
678,2237248,798208,105216,0,11712,31680,756800,269120,264512,244160,1993088,0,1344,751488,0,0,0,0,0,0,60800,43584,256,1152,50752,0,0,0,112448,128,500,1128,2013802096,1895916454,1961408,0
679,1676736,145856,105536,0,10816,10496,768576,235328,400128,375296,1301440,0,1344,763200,0,0,0,0,0,0,60672,44096,320,1088,57088,0,0,0,71936,128,496,1089,331065649,2510473722,1290944,0
680,1676992,200000,107712,0,15552,28416,805376,207296,312640,274112,1402880,0,2944,795648,0,0,0,0,0,0,32896,43904,384,1088,56512,0,0,0,72384,128,484,1059,1892555849,1209124366,1374464,0
681,1116736,126528,105600,0,6400,10880,443840,204672,218816,194112,922624,0,1344,438528,0,0,0,0,0,0,32960,43840,384,1280,56576,0,0,0,69504,128,484,1052,2112403571,509436051,911744,0
682,1116992,138112,105600,0,7232,23616,498496,199680,144256,119360,997632,0,1280,493248,0,0,0,0,0,0,32256,44032,320,1216,52096,0,0,0,69632,128,486,1061,1756475859,2622539612,974016,0
683,1116672,125696,104704,0,4928,9920,383744,162688,324992,305216,811456,0,1344,378304,0,0,0,0,0,0,64,43776,192,640,51904,0,0,0,65984,128,480,1049,2770262082,1135353793,801536,0
684,1116736,264000,104576,0,3648,9920,404672,170368,159552,139584,977152,0,1344,399360,0,0,0,0,0,0,128,43648,256,576,56384,0,0,0,69248,128,488,1060,905488404,4003857603,967232,0
685,1116544,149888,104832,0,4928,10176,361728,164480,320512,300928,815616,0,1280,356544,0,0,0,0,0,0,128,43520,192,512,54080,0,0,0,65920,128,490,1060,2890259192,3891260944,805440,0
686,1116992,147072,104256,0,6016,9856,421120,161728,266944,247040,869952,0,1344,415936,0,0,0,0,0,0,128,44032,256,576,49472,0,0,0,67136,128,494,1062,72612921,2292724213,860096,0
687,1116928,157568,104192,0,4928,9856,356096,161664,322624,297216,819712,0,1408,350784,0,0,0,0,0,0,64,44032,192,576,50368,0,0,0,66304,128,499,1074,841225253,3131850860,809856,0
688,1116416,165312,104960,0,10240,10176,539648,177664,108416,88448,1027968,0,1728,533760,0,0,0,0,0,0,128,43840,192,512,46912,0,0,0,85952,128,501,1081,3332443590,1488128383,1017792,0
689,1116864,157568,105024,0,3712,9920,389952,166912,283776,263872,852992,0,1280,384896,0,0,0,0,0,0,64,43712,192,576,36288,0,0,0,85888,192,498,1068,1220173591,2876723298,843072,0
690,1116928,168320,105152,0,3776,10112,573120,176192,80256,60544,1056384,0,1408,567808,0,0,0,0,0,0,128,43456,192,576,44672,0,0,0,87040,128,497,1066,1560304455,1934998655,1046272,0
691,1116672,136384,105024,0,4928,10176,527744,174784,157632,137920,978752,0,1280,522496,0,0,0,0,0,0,128,43904,192,640,43392,0,0,0,86336,192,497,1077,380180196,3280672864,968576,0
692,1116928,177600,105408,0,6080,31616,528448,146304,121472,100800,1016128,0,1344,523200,0,0,0,0,0,0,64,44032,128,576,34624,0,0,0,66752,128,497,1066,4032335429,4043342091,984512,0
693,1676736,906112,105152,0,4864,10176,406208,134464,109760,89856,1586880,0,1408,400832,0,0,0,0,0,0,64,43776,192,576,23168,0,0,0,66560,128,497,1062,2795861934,3709509144,1576704,0
694,1116736,136064,104832,0,3584,9728,399744,122368,340416,320704,796032,0,1280,394432,0,0,0,0,0,0,64,43648,192,576,13120,0,0,0,64640,128,489,1048,2855333182,3827461251,786304,0
695,1116672,159744,104832,0,3584,9664,378304,123968,336576,316800,799872,0,1344,372928,0,0,0,0,0,0,64,43648,192,576,13504,0,0,0,65856,128,486,1045,2967339730,3731454423,790208,0
696,1116736,150720,104000,0,3520,9984,393024,132608,322880,303040,813696,0,1280,387840,0,0,0,0,0,0,64,43904,128,576,22784,0,0,0,65024,128,489,1051,2962066894,3855312274,803712,0
697,1116800,139776,106368,0,5760,10112,358272,131648,364864,345024,771776,0,1344,353088,0,0,0,0,0,0,64,43456,192,576,21632,0,0,0,65600,128,480,1040,3998592728,2210776193,761664,0
698,1116864,158848,104128,0,5760,10176,345536,123968,368448,348544,768320,0,1408,340288,0,0,0,0,0,0,128,43840,256,640,13440,0,0,0,65472,192,477,1038,4086803139,604007991,758144,0
699,1116672,176448,105216,0,3584,9664,550272,156160,115328,95488,1021184,0,1280,545088,0,0,0,0,0,0,128,43904,192,576,13120,0,0,0,98112,128,480,1046,3910895644,119347970,1011520,0
700,1116672,159232,104704,0,11008,10112,570176,160768,100672,80832,1035840,0,1408,564800,0,0,0,0,0,0,64,43904,128,512,29760,0,0,0,86272,128,492,1063,105393909,3390844081,1025728,0
701,2236992,832128,105536,0,3776,9856,890368,225152,170176,150592,2086400,0,1344,885056,0,0,0,0,0,0,192,43712,75584,1216,34368,0,0,0,69952,128,518,1119,2209384987,3626055071,2076544,0
702,1116736,188160,105344,0,5952,10048,490176,222656,94400,74624,1042112,0,1280,484928,0,0,0,0,0,0,320,43904,67840,2112,38208,0,0,0,70144,128,518,1121,1112975521,3063604651,1032064,0
703,2237184,362112,104384,0,11648,10240,1024192,297408,427200,402048,1835136,0,1280,1018816,0,0,0,0,0,0,256,43584,86208,1152,53056,0,0,0,113024,128,497,1110,1615541559,2744490101,1824896,0
704,1116736,148736,105088,0,6016,10112,380864,284992,180928,161088,955648,0,1344,375680,0,0,0,0,0,0,192,42880,85312,1152,46336,0,0,0,108992,128,512,1128,3485732149,4202681861,945536,0
705,1677056,252672,104640,0,5056,31104,476800,285184,521600,501696,1175360,0,1408,471488,0,0,0,0,0,0,256,43008,87040,1088,43200,0,0,0,110464,128,506,1101,1884880265,1636509494,1144256,0
706,1116544,144064,105024,0,4672,10176,379776,273152,199680,179840,936704,0,1344,374464,0,0,0,0,0,0,256,43072,84544,1152,34816,0,0,0,109184,128,497,1098,2367339491,1040862401,926528,0
707,1116864,144512,104128,0,5824,23168,393536,286720,158976,138752,978112,0,1280,388352,0,0,0,0,0,0,256,43648,86208,1088,44800,0,0,0,110592,128,500,1093,2236738869,1694182535,954944,0
708,1116608,134464,105344,0,6144,10240,420736,283904,155776,135872,980736,0,1344,415488,0,0,0,0,0,0,192,43712,86400,1152,42816,0,0,0,109504,128,498,1095,3720472811,2171594646,970496,0
709,1116736,145600,104256,0,5760,10304,368576,231424,250816,230976,885760,0,1344,363328,0,0,0,0,0,0,128,44032,86016,1152,31104,0,0,0,68864,128,483,1050,3763388345,3814525246,875456,0
710,1116800,146048,104576,0,4096,10176,344320,140864,366720,347008,769792,0,1408,339072,0,0,0,0,0,0,64,44032,192,576,30144,0,0,0,65728,128,477,1028,966899653,3352528161,759616,0
711,1116928,134592,105088,0,2048,9856,326976,139712,398656,378688,738240,0,1280,321728,0,0,0,0,0,0,128,43968,192,576,30144,0,0,0,64576,128,475,1026,201726208,1216448678,728384,0
712,1116672,224448,104768,0,2112,9984,576064,141504,57792,38016,1078656,0,1280,570944,0,0,0,0,0,0,128,43776,192,640,30016,0,0,0,66624,128,471,1035,3290018406,982640584,1068672,0
713,1116864,165824,105280,0,2048,9600,367616,148480,318016,298176,818688,0,1280,362432,0,0,0,0,0,0,64,43584,192,512,38144,0,0,0,65856,128,476,1036,1568331925,4066228025,809088,0
714,1116800,140864,104768,0,2048,9920,324352,150848,384000,364416,752384,0,1408,319168,0,0,0,0,0,0,64,44032,192,512,37440,0,0,0,68480,128,484,1056,3572378923,4267851090,742464,0
715,1116736,152128,105152,0,2176,9792,361984,141760,343744,323776,792960,0,1408,356864,0,0,0,0,0,0,64,43712,192,576,30016,0,0,0,67072,128,466,1018,1700668442,3132462032,783168,0
716,1676928,588928,104960,0,2048,9664,522880,140480,307968,288320,1388608,0,1280,517632,0,0,0,0,0,0,64,43392,192,576,30464,0,0,0,65664,128,479,1030,1369551755,968207805,1378944,0
717,1117184,150144,105536,0,10624,9792,464256,146944,229888,209280,907904,0,1344,458944,0,0,0,0,0,0,64,43456,192,640,36096,0,0,0,66368,128,481,1030,3713593111,2538880019,898112,0
718,1116288,152064,104512,0,3584,9920,368896,140992,336320,316608,799680,0,1408,363712,0,0,0,0,0,0,64,44032,192,576,30080,0,0,0,65920,128,472,1020,4119990620,1482454568,789760,0
719,1116800,150976,104768,0,3712,9920,340608,142208,364608,339520,777280,0,1344,335296,0,0,0,0,0,0,64,44032,128,576,30208,0,0,0,67008,192,473,1016,2868574354,3111375354,767360,0
720,1116864,152448,104832,0,3584,31232,385728,133824,305216,285056,831808,0,1280,380480,0,0,0,0,0,0,128,43584,192,512,22912,0,0,0,66368,128,478,1038,901480356,4263369431,800576,0
721,1676672,188608,104704,0,11008,23808,648384,134464,565696,545856,1130816,0,1344,643200,0,0,0,0,0,0,128,44224,192,576,22976,0,0,0,66240,128,488,1057,3594894667,2803042521,1107008,0
722,1116992,167680,104640,0,3904,23360,381888,137088,298432,278336,838656,0,1280,376512,0,0,0,0,0,0,128,43456,192,576,23360,0,0,0,69248,128,485,1053,433129988,3037233368,815296,0
723,1116672,149312,104832,0,4736,23488,379712,133760,320832,300800,815872,0,1280,374528,0,0,0,0,0,0,64,43776,192,576,22528,0,0,0,66496,128,486,1065,1575732441,3028713798,792384,0
724,1116800,147648,105280,0,3840,10176,379200,134784,335872,315968,800832,0,1344,373824,0,0,0,0,0,0,128,44096,128,576,23104,0,0,0,66624,128,481,1048,1717706096,2564541003,790656,0
725,1116608,171008,104640,0,3840,10048,517504,141440,168128,148544,968064,0,1344,512192,0,0,0,0,0,0,128,44288,192,576,29312,0,0,0,66752,192,466,1025,980477222,190815186,958016,0
726,1116864,208448,105856,0,3840,9984,443456,140672,204608,184576,932288,0,1344,438208,0,0,0,0,0,0,64,43456,192,576,29760,0,0,0,66496,128,479,1063,2535075399,1443079976,922304,0
727,1116800,143808,104960,0,3840,10048,461184,141568,251392,231424,885376,0,1408,455872,0,0,0,0,0,0,64,43840,192,576,29952,0,0,0,66816,128,474,1034,1644553138,1120445870,875328,0
728,1116608,144512,105216,0,3840,10240,495424,140928,216448,196544,920064,0,1408,489984,0,0,0,0,0,0,128,43712,192,576,30144,0,0,0,66048,128,465,1016,1962822332,2665851398,909824,0
729,1116736,133824,106432,0,3776,9792,519808,149568,193536,173696,943040,0,1408,514368,0,0,0,0,0,0,128,44160,192,576,38336,0,0,0,66048,128,470,1029,2863797750,2490018422,933248,0
730,1116736,134784,104704,0,3840,9792,546560,148096,168960,149056,967680,0,1408,541248,0,0,0,0,0,0,64,43712,192,512,37056,0,0,0,66432,128,473,1026,4074373084,923317221,957888,0
731,1116992,164608,104960,0,5056,9984,606720,169280,56384,36160,1080832,0,1280,601408,0,0,0,0,0,0,64,43776,192,640,35200,0,0,0,89280,128,474,1033,3611453897,2932333802,1070848,0
732,1116608,134400,104320,0,6400,10112,498176,157504,205696,185856,930752,0,1280,492928,0,0,0,0,0,0,64,43776,192,640,27840,0,0,0,84800,192,485,1043,2305539024,1970358086,920640,0
733,1116736,154368,104256,0,6912,10240,650560,158976,31424,11584,1105152,0,1408,645376,0,0,0,0,0,0,128,44032,192,576,28608,0,0,0,85312,128,483,1029,1056148911,1059531621,1094912,0
734,1116736,134336,105664,0,6656,10304,679616,157760,22400,2816,1113920,0,1344,674368,0,0,0,0,0,0,128,43584,192,576,28096,0,0,0,85056,128,489,1052,661285172,2199684782,1103616,0
735,1677056,164288,105088,0,6784,32064,753984,150144,464704,439360,1237696,0,1344,748672,0,0,0,0,0,0,128,43968,192,512,37888,0,0,0,67264,192,495,1060,3648613183,1706935494,1205632,0
736,1116672,133760,105088,0,5056,9984,486848,148032,227904,208256,908416,0,1280,481600,0,0,0,0,0,0,128,43712,192,576,36992,0,0,0,66304,128,497,1062,878746427,2734972023,898432,0
737,1116928,246400,106304,0,3648,23552,508096,150144,78784,58816,1058112,0,1344,502784,0,0,0,0,0,0,128,44032,192,576,37504,0,0,0,67584,128,508,1091,1008680283,1754371132,1034560,0
738,1116736,136448,104704,0,3584,9920,478336,141632,242112,222208,894528,0,1408,472960,0,0,0,0,0,0,128,43776,192,576,30208,0,0,0,66624,128,501,1080,2769075054,2124272255,884608,0
739,1116672,136832,105280,0,3520,9920,435584,139840,285696,266176,850496,0,1344,430272,0,0,0,0,0,0,64,43904,192,576,30272,0,0,0,64704,128,501,1078,1512876967,30381330,840576,0
740,1116736,154048,103936,0,3584,10112,497600,124352,223104,203264,913472,0,1344,492288,0,0,0,0,0,0,128,43712,192,576,12992,0,0,0,66624,128,498,1075,4146213444,2168485063,903360,0
741,1116736,147136,104256,0,3520,10048,481536,133760,236480,216640,900096,0,1408,476160,0,0,0,0,0,0,128,43200,192,576,23296,0,0,0,66240,128,489,1063,2265653053,62315444,890048,0
742,1116800,136576,104576,0,4608,10048,396736,132480,331776,311680,805120,0,1408,391296,0,0,0,0,0,0,64,43584,192,640,21696,0,0,0,66176,128,494,1082,3170743991,352181660,795072,0
743,1116864,146688,105792,0,4672,10240,498432,143104,207936,187904,928960,0,1344,493248,0,0,0,0,0,0,128,44288,192,576,31296,0,0,0,66496,128,498,1090,1347558149,2592666179,918720,0
744,1116864,147712,104768,0,4416,9856,474944,142912,232256,212160,904704,0,1344,469760,0,0,0,0,0,0,128,44352,192,576,29888,0,0,0,67648,128,503,1101,2677530339,449407780,894848,0
745,1116544,136000,104576,0,3584,9920,472896,147200,242368,222656,893888,0,1408,467584,0,0,0,0,0,0,128,43968,192,576,34688,0,0,0,67520,128,508,1114,831961863,3438561745,883968,0
746,1116736,147328,105088,0,3584,9920,468544,147136,235136,215232,901504,0,1344,463296,0,0,0,0,0,0,128,44224,128,576,34944,0,0,0,67008,128,511,1130,984170742,1449581817,891584,0
747,1676992,602304,104960,0,3520,9920,599168,147456,209664,189888,1487104,0,1344,593728,0,0,0,0,0,0,64,43520,192,576,35328,0,0,0,67648,128,513,1144,1382807230,3240147445,1477184,0
748,1116480,153536,104768,0,3584,9664,566144,152832,125952,106112,1010368,0,1280,560832,0,0,0,0,0,0,64,44032,192,512,37568,0,0,0,70336,128,510,1134,3989823463,1629806755,1000704,0
749,1116800,136832,104832,0,3712,10176,651392,140288,69568,49984,1066816,0,1280,645824,0,0,0,0,0,0,64,44096,128,576,30016,0,0,0,65280,128,511,1130,3351302453,3993364107,1056640,0
750,1116928,136384,104384,0,6080,31360,540032,134080,164608,144640,972288,0,1408,534784,0,0,0,0,0,0,128,43968,192,576,23168,0,0,0,65920,128,525,1155,2163158337,1721290551,940928,0
751,1116800,136000,104576,0,6080,10176,551104,132288,176576,151232,965568,0,1408,545728,0,0,0,0,0,0,128,43776,256,640,22528,0,0,0,64832,128,513,1133,2933759166,176778854,955392,0
752,1116544,136192,103936,0,4992,9856,613568,134016,113984,94208,1022336,0,1408,608128,0,0,0,0,0,0,128,44160,192,512,23232,0,0,0,65664,128,516,1144,1418952407,185960063,1012480,0
753,1117376,136256,104832,0,4800,10176,499072,131392,230848,210880,906496,0,1408,493760,0,0,0,0,0,0,128,43712,192,576,21248,0,0,0,65408,128,520,1148,2609053735,1930763758,896320,0
754,1116224,136000,103168,0,5824,10304,524096,131264,205568,185664,930560,0,1408,518784,0,0,0,0,0,0,64,44096,128,640,21888,0,0,0,64256,192,520,1152,2940444983,2108477797,920256,0
755,1116800,137088,104128,0,6528,10304,508480,122688,227584,207744,909056,0,1280,503104,0,0,0,0,0,0,64,43776,192,576,13120,0,0,0,64832,128,521,1154,3201827610,400648974,898752,0
756,1676992,155776,104320,0,11968,9856,681024,179456,534592,514432,1162560,0,1344,675648,0,0,0,0,0,0,64,42944,192,576,30144,0,0,0,105408,128,547,1223,1905756063,186866977,1152704,0
757,1116928,135680,105280,0,4864,10112,499072,179264,182656,162432,954496,0,1344,493824,0,0,0,0,0,0,128,43648,128,512,29824,0,0,0,104896,128,533,1204,1131306735,2947229547,944384,0
758,1116480,136896,106368,0,3456,9856,512576,188928,158400,138560,977920,0,1344,507264,0,0,0,0,0,0,128,43264,128,576,38080,0,0,0,106624,128,544,1216,3648504134,1530145001,968064,0
759,1116928,227648,104512,0,3456,9856,428544,186560,156352,136576,980352,0,1344,423168,0,0,0,0,0,0,64,42944,192,512,37056,0,0,0,105664,128,545,1225,2204682117,3433557693,970496,0
760,1116736,136576,104768,0,5696,10304,469760,187328,202304,182336,934400,0,1344,464512,0,0,0,0,0,0,128,43456,192,640,36864,0,0,0,105920,128,541,1215,2763551462,3693934225,924096,0
761,1116864,135936,103616,0,5696,10432,430336,180608,250240,230272,886592,0,1344,425152,0,0,0,0,0,0,64,42816,256,576,30464,0,0,0,106304,128,536,1211,4093438178,3080632931,876160,0
762,1116608,136704,104960,0,4096,10112,453696,140864,266176,246272,870336,0,1344,448320,0,0,0,0,0,0,64,44096,192,576,30336,0,0,0,65408,192,526,1164,2759334902,1208400360,860224,0
763,1117056,136704,104896,0,2048,10240,426048,140480,296640,276288,840768,0,1280,420864,0,0,0,0,0,0,128,44032,192,576,30016,0,0,0,65408,128,529,1167,885946525,1433692049,830528,0
764,1116544,137152,105088,0,2048,9984,450304,149184,262784,242880,873664,0,1280,445056,0,0,0,0,0,0,128,43776,192,640,38528,0,0,0,65792,128,515,1150,435636902,3617690562,863680,0
765,1116864,137408,113408,0,2048,31552,468352,153728,210368,190336,926528,0,1408,463104,0,0,0,0,0,0,128,43776,192,576,37760,0,0,0,71168,128,526,1175,566454735,1240072119,894976,0
766,1116800,136512,104960,0,3008,10176,432320,148224,281600,258560,858240,0,1408,427072,0,0,0,0,0,0,128,43968,128,576,37248,0,0,0,66048,128,510,1145,1456062509,3074256213,848064,0
767,1116736,137984,105152,0,1984,23360,429184,140736,278336,253184,863552,0,1344,424000,0,0,0,0,0,0,64,43840,192,576,30080,0,0,0,65792,192,512,1154,3750124834,40195188,840192,0
768,1116800,136960,105280,0,2048,10176,427392,141696,293248,273344,843456,0,1408,422144,0,0,0,0,0,0,128,43904,192,576,30400,0,0,0,66304,192,514,1158,3288014695,790773415,833280,0
769,1116864,160128,104896,0,11264,10240,574208,147008,109120,89088,1027776,0,1344,568896,0,0,0,0,0,0,64,43584,128,576,35200,0,0,0,67328,128,519,1162,3419430706,67160038,1017536,0
770,1116480,150656,105280,0,3456,9920,487104,149312,210752,191360,925120,0,1344,481856,0,0,0,0,0,0,64,43456,192,576,38336,0,0,0,66496,192,515,1161,3087948344,635427716,915200,0
771,1116928,153152,104576,0,3520,10112,431488,144000,270080,250240,866688,0,1344,426176,0,0,0,0,0,0,64,43776,192,576,32256,0,0,0,67008,128,513,1156,3381837621,1942667226,856576,0
772,1116736,149952,104896,0,3456,9984,446976,144192,257280,237312,879424,0,1344,441792,0,0,0,0,0,0,128,43840,192,640,32448,0,0,0,66816,128,502,1139,1489944799,3747768721,869440,0
773,1116672,150144,104896,0,3520,9920,412288,136384,299520,279872,836800,0,1408,407040,0,0,0,0,0,0,64,43968,192,576,24512,0,0,0,66944,128,499,1139,1576898285,1225622849,826880,0
774,1116864,150784,104768,0,3520,9984,415872,136256,295680,275776,841088,0,1408,410496,0,0,0,0,0,0,128,43712,192,576,24832,0,0,0,66688,128,502,1144,1162091278,3760740136,831104,0
775,1116736,152448,105024,0,3456,10304,433408,135808,276288,256320,860416,0,1280,428160,0,0,0,0,0,0,64,43968,128,576,24512,0,0,0,66432,128,505,1149,189828996,362344944,850112,0
776,1116864,150592,105024,0,3584,9920,398912,145088,303744,283840,833024,0,1344,393856,0,0,0,0,0,0,128,43648,192,576,33408,0,0,0,67008,128,503,1144,3643276541,202418177,823104,0
777,1677312,268928,105088,0,3584,10112,750592,152192,386816,366784,1310528,0,1408,745344,0,0,0,0,0,0,128,44032,192,576,20224,0,0,0,86912,128,509,1149,3555679642,3318955623,1300416,0
778,1116160,147840,105152,0,3648,9920,463040,151296,235264,215424,900736,0,1344,457792,0,0,0,0,0,0,128,44032,192,640,19904,0,0,0,86272,128,520,1155,857491706,3028774916,890816,0
779,1116800,154304,104832,0,3520,10048,557696,142656,143744,123904,992896,0,1344,552512,0,0,0,0,0,0,128,43904,192,512,13184,0,0,0,84608,128,522,1150,2361497275,187164989,982848,0
780,1116864,134016,104896,0,5888,31680,560960,142528,136896,116800,1000064,0,1280,555712,0,0,0,0,0,0,128,44160,128,576,13184,0,0,0,84224,128,518,1156,1835323465,830776171,968384,0
781,1116736,164800,103872,0,6144,10048,635200,133568,63104,43072,1073664,0,1408,629952,0,0,0,0,0,0,128,43648,128,576,23296,0,0,0,65664,128,526,1172,1011734762,3617206571,1063616,0
782,1116736,266816,103680,0,3520,10176,539328,134464,58752,38848,1077888,0,1408,533632,0,0,0,0,0,0,64,43520,256,512,21248,0,0,0,68736,128,527,1175,2567107060,865562269,1067712,0
783,1116608,146496,104064,0,3520,9792,404992,131968,315776,290688,825920,0,1344,399872,0,0,0,0,0,0,64,43456,192,512,21696,0,0,0,65920,128,528,1176,319231709,1228691808,816128,0
784,1116864,148480,103936,0,4672,10176,404928,122240,322432,302592,814272,0,1280,399680,0,0,0,0,0,0,64,43968,192,576,13120,0,0,0,64192,128,524,1160,3181004749,2004034321,804096,0
785,1116992,136128,104384,0,5696,10048,445312,123648,291776,271488,845504,0,1344,440064,0,0,0,0,0,0,128,43968,192,576,13440,0,0,0,65216,128,525,1167,2545781021,2370304147,835456,0
786,1116416,164416,104256,0,4096,9984,554304,123456,155904,136064,980352,0,1280,548992,0,0,0,0,0,0,64,43968,192,576,13056,0,0,0,65472,128,529,1187,1153702799,3971417199,970368,0
787,1116800,147392,104704,0,4416,10432,438400,133952,277504,256064,860736,0,1472,432000,0,0,0,0,0,0,64,44160,192,576,22848,0,0,0,65984,128,521,1172,598828871,1061568701,850304,0
788,1116800,136384,104128,0,2048,10048,413312,132992,317888,297920,818880,0,1408,408064,0,0,0,0,0,0,64,43904,256,576,21504,0,0,0,66560,128,522,1173,3995737415,552221135,808832,0
789,1116672,147136,104576,0,3456,10112,571648,143872,135872,116224,1000448,0,1280,566336,0,0,0,0,0,0,128,43840,192,640,31936,0,0,0,67008,128,527,1183,1637354161,2635461637,990336,0
790,1116864,147328,104768,0,3520,9984,488000,146496,216768,197184,919680,0,1408,482688,0,0,0,0,0,0,128,43904,256,640,34944,0,0,0,66496,128,527,1188,3893349334,3564908281,909696,0
791,1116352,136000,105216,0,3520,9664,480128,142080,239744,219968,896384,0,1344,474880,0,0,0,0,0,0,64,43648,256,576,30080,0,0,0,67328,128,526,1184,3523147443,3791893245,886720,0
792,1116864,146560,104640,0,3520,9920,551872,146496,153856,134080,982784,0,1344,546752,0,0,0,0,0,0,128,43840,192,576,35136,0,0,0,66496,128,523,1180,3094142634,1779506628,972864,0
793,1116800,147520,104640,0,3584,10048,522752,149568,178688,158912,957888,0,1344,517376,0,0,0,0,0,0,128,44096,128,576,38528,0,0,0,65984,128,524,1190,387594167,2106881073,947840,0
794,1676928,303232,104448,0,3520,10112,762752,238592,254272,234368,1442560,0,1280,757440,0,0,0,0,0,0,192,44032,84608,1152,35840,0,0,0,72640,128,531,1208,2749965762,2206123556,1432448,0
795,1116736,136896,105344,0,3520,31552,425792,233088,180544,160576,956160,0,1408,420544,0,0,0,0,0,0,256,44096,86272,1024,32256,0,0,0,69056,128,533,1199,3496939763,3054599541,924608,0
796,1116864,137216,104832,0,3584,9792,413824,223936,223680,203776,913088,0,1344,408512,0,0,0,0,0,0,256,43584,85696,1152,23360,0,0,0,69760,128,529,1192,513473281,511264193,903296,0
797,1676800,254784,106752,0,11520,23872,557440,455552,266880,241920,1434880,0,1280,552000,0,0,0,0,0,0,320,267840,85824,1600,23424,41216,0,0,76352,192,520,1172,941767600,2498002615,1411008,0
798,1676992,144640,104128,0,4224,10688,538112,306560,568640,549120,1127872,0,1280,532672,0,0,0,0,0,0,384,122176,85248,1792,24512,0,0,0,72320,128,519,1171,2863855678,1925439186,1117184,0
799,1677184,262720,106304,0,5888,10240,681408,304512,306112,286080,1391104,0,1408,676096,0,0,0,0,0,0,256,122304,84864,1664,22656,0,0,0,72640,128,529,1192,3593077369,1657490108,1380864,0
800,1116736,165056,104192,0,5056,10432,499072,305088,27840,2816,1113920,0,1408,493760,0,0,0,0,0,0,320,122880,85632,1664,22784,0,0,0,71680,128,527,1188,100264094,2013578868,1103488,0
801,1116928,152448,105472,0,3520,10048,452224,203840,189376,169280,947648,0,1344,446976,0,0,0,0,0,0,192,122112,320,1152,13056,0,0,0,66880,128,520,1165,2078693332,2596554507,937600,0
802,1116544,140224,105280,0,3520,10176,462912,205120,189312,169280,947264,0,1344,457664,0,0,0,0,0,0,128,122368,384,1152,12800,0,0,0,68160,128,516,1157,1790953842,2813858286,937088,0
803,1117056,151936,103808,0,3520,10176,419456,204864,223296,203264,913792,0,1408,414144,0,0,0,0,0,0,192,121728,384,1152,12992,0,0,0,68288,128,516,1151,3280378229,1373861277,903616,0
804,1116416,152896,104832,0,3712,10240,472704,229440,142592,122816,993600,0,1344,467456,0,0,0,0,0,0,128,123264,384,1152,35392,0,0,0,68992,128,513,1153,234085308,4010758134,983360,0
805,1116800,140096,104320,0,3712,10304,404672,226624,227072,207552,909248,0,1344,399360,0,0,0,0,0,0,192,122112,384,1152,32960,0,0,0,69632,192,513,1148,3352715732,3738381832,898944,0
806,1116736,152128,104704,0,3840,10240,405632,223360,216832,196928,919808,0,1280,400320,0,0,0,0,0,0,128,121920,448,1024,29568,0,0,0,70080,192,504,1123,1582307695,825164685,909568,0
807,1116864,153152,116224,0,3776,10368,445696,216000,171648,151040,965824,0,1408,440384,0,0,0,0,0,0,192,121792,384,1216,22720,0,0,0,69568,128,509,1136,3545824359,2074491508,955456,0
808,1677056,226240,104576,0,12416,24192,717120,216000,376512,355776,1321280,0,1280,712000,0,0,0,0,0,0,192,122496,384,1216,22656,0,0,0,68928,128,506,1126,3917423356,3802048558,1297088,0
809,1116800,148096,105280,0,6208,45440,462400,219840,129536,109248,1007552,0,1344,457088,0,0,0,0,0,0,128,121920,384,1088,27392,0,0,0,68800,128,518,1149,1545622711,426702709,962112,0
810,1116608,134144,105088,0,6528,23872,519744,219008,108224,88576,1028032,0,1344,514432,0,0,0,0,0,0,128,123264,320,1088,26112,0,0,0,67904,192,512,1131,1487367884,3281903830,1004160,0
811,1116736,133888,105536,0,3840,10176,517952,220480,124864,105344,1011392,0,1344,512640,0,0,0,0,0,0,192,122816,320,1152,26432,0,0,0,69376,192,521,1142,1756538119,2095463192,1001216,0
812,1677184,156160,104832,0,4992,10688,595520,227456,577536,557824,1119360,0,1408,590208,0,0,0,0,0,0,192,121792,384,1088,34560,0,0,0,69312,128,520,1142,13837353,684458361,1108672,0
813,1676672,197888,104960,0,6080,10624,603904,228160,525056,505408,1171264,0,1408,598656,0,0,0,0,0,0,128,121024,384,1216,34112,0,0,0,71168,128,513,1133,2835876474,1824478096,1160640,0
814,1116864,132544,105664,0,5184,10304,516224,225920,121024,101440,1015424,0,1344,511040,0,0,0,0,0,0,192,122944,384,1088,31808,0,0,0,69312,192,512,1129,993465197,3896988578,1005120,0
815,1676736,151488,104640,0,3712,10304,614976,225984,565632,545728,1131008,0,1344,609792,0,0,0,0,0,0,192,122496,384,1152,30464,0,0,0,71168,128,501,1102,64443036,1916796132,1120704,0
816,1117120,134016,105024,0,3840,10240,506880,227200,129920,104576,1012544,0,1408,501504,0,0,0,0,0,0,128,122304,320,1088,30592,0,0,0,72640,128,504,1088,3842684268,4205309060,1002304,0
817,1116608,133696,104320,0,3776,10048,576256,227968,60544,40896,1075712,0,1344,571008,0,0,0,0,0,0,128,122048,384,1088,34176,0,0,0,70016,128,505,1107,3223510697,3587656211,1065664,0
818,1677184,165056,104768,0,3840,10048,690368,255360,447744,427776,1249408,0,1408,684992,0,0,0,0,0,0,128,122368,384,1088,39744,0,0,0,91520,128,493,1095,1665990078,2394383472,1239360,0
819,1676864,164352,104832,0,3840,10176,683712,239808,470144,450496,1226368,0,1344,678336,0,0,0,0,0,0,192,121728,384,1280,44800,0,0,0,71296,128,497,1097,340916789,3157176499,1216192,0
820,1116736,131264,105024,0,6208,10240,506944,240128,116928,97024,1019712,0,1408,501568,0,0,0,0,0,0,192,122624,384,1088,44736,0,0,0,70976,128,483,1084,17076459,3750688381,1009472,0
821,1116672,156800,104768,0,6720,10304,524224,241664,72192,52608,1064064,0,1280,518912,0,0,0,0,0,0,128,121856,384,1088,46592,0,0,0,71488,128,474,1082,1795899092,3749871319,1053760,0
822,1116928,152640,105728,0,6912,31552,454976,243520,121600,101632,1015296,0,1280,449664,0,0,0,0,0,0,128,123008,384,1216,46720,0,0,0,71936,128,450,1017,2452831275,2984481397,983744,0
823,1676736,171648,105024,0,22144,11008,701056,334464,331392,311616,1365120,0,1280,695808,0,0,0,0,0,0,43776,122816,512,1664,49664,0,0,0,115904,128,473,1084,2303627672,3328626159,1354112,0
824,1116864,152320,105728,0,4096,10816,449216,326656,68032,48576,1068288,0,1280,443968,0,0,0,0,0,0,43840,121344,448,1728,44032,0,0,0,115072,192,472,1093,3105488588,3288946336,1057472,0
825,1676928,175680,105280,0,3840,10816,530496,329856,520960,500352,1176576,0,1344,525248,0,0,0,0,0,0,43776,121088,512,1664,48000,0,0,0,114688,128,494,1158,753643622,3631038412,1165760,0
826,1677120,164800,105216,0,14144,11264,547136,332544,502016,481792,1195328,0,1344,541760,0,0,0,0,0,0,44160,121728,512,1664,49856,0,0,0,114496,128,502,1178,883728328,1948877255,1184064,0
827,1676864,169600,105024,0,6144,24896,485504,326208,559488,539648,1137216,0,1344,480192,0,0,0,0,0,0,43968,121856,512,1792,42304,0,0,0,115648,128,504,1169,522248972,587825015,1112320,0
828,1116736,155584,105344,0,5184,10752,470144,322560,47168,27648,1089088,0,1280,464832,0,0,0,0,0,0,43776,120832,512,1600,41856,0,0,0,113792,192,508,1181,1288527415,4118245911,1078336,0
829,1678528,161664,105152,0,4224,14784,537920,288192,566592,545088,1133440,0,1344,532544,0,0,0,0,0,0,44544,123392,576,1728,43072,0,0,0,74752,128,496,1142,2868981294,18401918,1118656,0
830,1676864,149888,105152,0,3776,15104,572160,295616,535168,513728,1163136,0,1408,566848,0,0,0,0,0,0,44480,122496,512,1664,49728,0,0,0,76608,128,509,1169,1223353418,3765693084,1148032,0
831,1677056,137920,105280,0,4992,15168,565824,293568,554304,532352,1144704,0,1344,560576,0,0,0,0,0,0,43904,121984,512,1728,49536,0,0,0,75776,128,504,1157,8368360,155487269,1129536,0
832,1676736,213120,104960,0,6912,15040,687680,337408,311616,284864,1391872,0,1280,682240,0,0,0,0,0,0,44992,122560,576,1664,50240,0,0,0,117248,128,518,1220,67944947,1297232831,1376832,0
833,1677184,150464,107776,0,6016,36928,565824,323648,486528,464704,1212480,0,1344,560512,0,0,0,0,0,0,44096,121152,576,1728,40128,0,0,0,115840,128,516,1204,419044168,1648971957,1175552,0
834,2237056,927168,104832,0,11392,28608,610624,340096,214336,192768,2044288,0,1280,605376,0,0,0,0,0,0,320,121536,35520,1664,64064,0,0,0,116800,192,549,1259,3533063575,1640322746,2015680,0
835,1116736,150144,105280,0,5952,14592,412224,315712,112832,91072,1025664,0,1280,406912,0,0,0,0,0,0,256,122112,35008,1728,41856,0,0,0,114624,128,545,1252,3831180881,4111410935,1011072,0
836,1116800,158912,105088,0,4928,28416,416384,357632,45440,23616,1093184,0,1280,411200,0,0,0,0,0,0,320,120512,67392,2304,48704,0,0,0,118272,128,551,1263,3187366089,2934242952,1064768,0
837,1116992,152576,104512,0,3584,14464,451072,358848,31936,10176,1106816,0,1408,445824,0,0,0,0,0,0,448,121472,66944,2240,48640,0,0,0,118976,128,552,1279,2482042857,500595701,1092352,0
838,1676544,183808,104512,0,3584,14912,534208,318528,516992,495616,1180928,0,1344,528896,0,0,0,0,0,0,384,122304,66304,2304,48256,0,0,0,78848,128,542,1233,4289715821,1407577023,1166016,0
839,1116800,166336,105408,0,3584,14336,470272,318272,38592,17152,1099648,0,1408,464960,0,0,0,0,0,0,320,122432,66624,2304,48128,0,0,0,78336,128,541,1247,3776959711,4016057652,1085312,0
840,1677120,178752,106048,0,3520,14464,516864,328576,528896,507456,1169664,0,1344,511552,0,0,0,0,0,0,384,122176,67712,2304,58496,0,0,0,77376,128,535,1242,2719704406,1421385645,1155200,0
841,1676544,199104,104704,0,3456,14656,518208,337024,499392,478208,1198336,0,1280,512960,0,0,0,0,0,0,320,123008,66944,2368,66176,0,0,0,78080,128,540,1251,2260264641,1735880794,1183680,0
842,1116736,133888,105408,0,4288,14592,491584,315072,51904,30336,1086400,0,1344,486400,0,0,0,0,0,0,384,122560,66496,2112,45440,0,0,0,77888,192,533,1233,3002411922,2368374861,1071808,0
843,1116928,133248,105408,0,3456,14656,435264,314880,110016,88512,1028416,0,1344,429952,0,0,0,0,0,0,384,122112,67456,2176,44992,0,0,0,77632,128,538,1244,3536066001,1591859056,1013760,0
844,1116672,133056,104000,0,3520,14336,413440,284416,163904,142528,974144,0,1408,408064,0,0,0,0,0,0,384,122368,67392,2176,15296,0,0,0,76672,128,537,1242,3254274658,2275667430,959808,0
845,1677184,185664,103872,0,3520,35904,529472,294528,524224,502144,1175040,0,1408,524160,0,0,0,0,0,0,448,121600,67584,2432,24640,0,0,0,77632,192,540,1245,3149708296,2457615273,1139136,0
846,1116544,133888,105088,0,5888,14528,455424,292352,109376,87808,1028736,0,1344,450240,0,0,0,0,0,0,320,123520,66944,2176,23104,0,0,0,76160,128,542,1261,163272020,927516937,1014208,0
847,1116800,158272,103936,0,4160,14528,498560,292736,44608,23040,1093760,0,1344,493312,0,0,0,0,0,0,320,122176,67200,2304,22912,0,0,0,77632,192,549,1263,665581993,442683390,1079232,0
848,1116800,169792,104832,0,1984,14400,499200,249408,77184,50176,1066624,0,1280,494080,0,0,0,0,0,0,320,122944,35392,1728,14784,0,0,0,74048,192,545,1238,3383765113,1534614324,1052224,0
849,1116800,152384,105152,0,2176,14464,468544,259904,114176,92608,1024192,0,1344,463424,0,0,0,0,0,0,320,122112,35136,1728,26368,0,0,0,74112,128,550,1240,98010823,2203596320,1009728,0
850,1116800,132864,104512,0,2112,14144,422400,223872,216896,195456,921344,0,1344,417024,0,0,0,0,0,0,192,121664,384,1088,25216,0,0,0,75136,192,539,1217,1740481515,2756334404,907200,0
851,2237056,796544,104704,0,9088,15232,524928,230912,555648,533888,1703168,0,1408,519552,0,0,0,0,0,0,128,122112,320,1280,33088,0,0,0,73792,192,526,1211,526931072,1538911712,1687936,0
852,1677056,821376,105024,0,3520,14976,459072,229568,43520,21888,1655168,0,1280,453824,0,0,0,0,0,0,192,122176,384,1088,32256,0,0,0,73344,128,527,1205,4219770539,297063637,1640192,0
853,1116736,124032,105216,0,5760,14656,451584,227904,187584,166272,950464,0,1280,446400,0,0,0,0,0,0,192,122688,320,1152,31872,0,0,0,71552,128,530,1216,2307361623,705932785,935808,0
854,1116992,123904,105728,0,4224,14528,457536,221632,189440,167552,949440,0,1344,452224,0,0,0,0,0,0,192,123008,384,1152,25536,0,0,0,71232,128,528,1208,754294041,1071691168,934912,0
855,1116672,123648,104704,0,2048,14464,519616,229120,123072,101312,1015360,0,1344,514496,0,0,0,0,0,0,128,121920,384,1152,33856,0,0,0,71488,192,525,1212,3228359705,3037756109,1000896,0
856,1676992,142144,105664,0,2880,14720,594560,320640,496384,475264,1201728,0,1344,589376,0,0,0,0,0,0,43584,121472,512,1728,37184,0,0,0,115968,192,550,1282,473564993,1832816527,1187008,0
857,1116416,122944,105472,0,3712,28608,491136,322560,41984,20480,1095936,0,1408,485888,0,0,0,0,0,0,43328,121216,576,1664,38464,0,0,0,117184,128,540,1262,1019680807,2853566006,1067328,0
858,1116800,123520,105408,0,3712,35904,468224,307776,72256,50560,1066240,0,1408,463040,0,0,0,0,0,0,43520,122112,576,1664,25408,0,0,0,114304,192,536,1232,3001340414,3722879315,1030336,0
859,1116544,124096,105408,0,3648,15104,422272,303808,142208,120576,995968,0,1280,416960,0,0,0,0,0,0,44096,121408,512,1664,21824,0,0,0,114176,128,551,1262,422806138,3164544797,980864,0
860,2237248,319168,104896,0,18752,15168,821184,440768,517312,490496,1746752,0,1344,816000,0,0,0,0,0,0,105472,122304,704,2304,53376,0,0,0,156480,128,556,1316,1788660362,792826287,1731584,0
861,1676800,123392,106368,0,4928,15744,514240,426880,485248,459072,1217728,0,1408,508864,0,0,0,0,0,0,105280,121344,576,2112,41920,0,0,0,155520,128,554,1309,3343591972,2211343508,1201984,0
862,1676992,133760,105216,0,6272,15488,541504,383552,491200,464832,1212160,0,1280,536320,0,0,0,0,0,0,105152,122176,768,2112,35456,0,0,0,117696,192,541,1261,1061317310,1322643843,1196672,0
863,1676736,134656,104960,0,6976,15488,554944,395968,463744,437184,1239552,0,1280,549632,0,0,0,0,0,0,104640,121728,640,2240,48064,0,0,0,118528,128,541,1264,1200970456,1039903257,1224064,0
864,1676992,123904,105280,0,5248,15424,614080,432448,380608,348800,1328192,0,1344,608896,0,0,0,0,0,0,106432,122944,704,2240,46336,0,0,0,153600,192,557,1314,3109787593,905266487,1312768,0
865,1677120,134016,104768,0,3712,15104,541248,422592,455680,429312,1247808,0,1408,536064,0,0,0,0,0,0,104960,121856,704,2176,39616,0,0,0,153152,128,553,1295,101558932,1917022137,1232704,0
866,1676800,247360,105856,0,3776,15296,569792,390208,344512,318016,1358784,0,1344,564416,0,0,0,0,0,0,106368,123328,704,2112,39360,0,0,0,118208,128,547,1277,4206343087,2073800968,1343488,0
867,1676928,151232,105280,0,3584,14848,568960,344512,488512,462208,1214720,0,1344,563648,0,0,0,0,0,0,62656,121600,512,1728,40640,0,0,0,117248,128,557,1301,1971566298,2331482888,1199872,0
868,1677248,160128,105152,0,3520,15040,570304,334784,488320,461952,1215296,0,1280,564992,0,0,0,0,0,0,60800,121024,576,1600,35072,0,0,0,115584,128,563,1295,3592193728,1757065759,1200256,0
869,1676736,144960,105472,0,3520,36352,578240,343680,464512,437760,1238976,0,1344,572992,0,0,0,0,0,0,60288,121984,576,1792,43136,0,0,0,115776,128,571,1310,4047681349,3882243423,1202624,0
870,1677056,183616,105344,0,3456,14912,565312,303872,500544,474048,1203008,0,1280,560064,0,0,0,0,0,0,61440,121664,576,1664,42560,0,0,0,75840,128,551,1265,2691698587,2462470128,1188096,0
871,1116544,144064,105472,0,3456,14848,491392,288704,68608,42112,1074432,0,1280,486016,0,0,0,0,0,0,60608,121344,512,1664,30464,0,0,0,73984,128,541,1226,3809184151,3221268155,1059584,0
872,1116672,144192,105536,0,3520,15104,506560,300736,41024,14528,1102144,0,1344,501376,0,0,0,0,0,0,62336,122496,576,1664,38528,0,0,0,75008,128,538,1224,1309556211,2513392694,1087040,0
873,1116992,167680,105600,0,3456,15168,491776,299904,33408,7040,1109952,0,1344,486528,0,0,0,0,0,0,60288,122432,512,1792,38592,0,0,0,76160,128,541,1229,154566014,1112168580,1094784,0
874,2236992,174848,104960,0,20928,15296,1131584,316992,472384,445632,1791360,0,1280,1126144,0,0,0,0,0,0,65728,122624,4544,2496,42176,0,0,0,79296,128,525,1200,2980314788,4248699375,1776064,0
875,1676928,145664,104832,0,4992,15616,648704,323456,433664,407040,1269888,0,1344,643456,0,0,0,0,0,0,65152,123072,4608,2048,49664,0,0,0,78784,128,537,1231,487964805,1472867034,1254272,0
876,1677248,133440,105344,0,4544,14976,566656,323072,529216,502464,1174784,0,1280,561408,0,0,0,0,0,0,63552,121984,4608,2176,52160,0,0,0,78464,128,540,1244,2871716199,2660750005,1159808,0
877,1676800,144256,104960,0,3584,15552,567296,538688,302464,275968,1400832,0,1280,561984,0,0,0,0,0,0,238016,123008,46080,2688,48384,0,0,0,80384,128,550,1279,3400613334,4151942770,1385280,0
878,1676864,171264,105600,0,10304,15360,769216,441408,163712,137472,1539392,0,1344,763968,0,0,0,0,0,0,146432,122688,31424,2752,42368,0,0,0,95552,192,572,1324,1795675414,4085744029,1524032,0
879,6718976,198720,106304,0,12864,36544,5493696,431040,439808,413120,6305856,0,1280,5488384,0,0,0,0,0,0,146816,123264,31616,2816,47936,0,0,0,78464,128,508,1196,1094926666,475838637,6269312,0
880,2236800,226880,105280,0,3712,10944,975616,429056,485312,453888,1782912,0,1280,970240,0,0,0,0,0,0,146432,123328,32256,2752,46080,0,0,0,78080,128,492,1156,2495234341,1412491775,1771968,0
881,1675328,150464,104960,0,10112,10944,863488,429888,105472,80832,1594496,0,1280,858240,0,0,0,0,0,0,145536,123520,30720,2752,50240,0,0,0,76992,128,513,1184,2846735444,3006883052,1583552,0
882,2237440,219392,105024,0,11584,24768,858624,484928,533120,508032,1729408,0,1280,853376,0,0,0,0,0,0,148288,123456,31872,2688,49728,0,0,0,128768,128,506,1186,3593219318,1180468416,1704640,0
883,1677056,121408,105024,0,3904,10816,670592,466496,298816,274304,1402752,0,1344,665280,0,0,0,0,0,0,144512,122240,31104,2688,41088,0,0,0,124736,128,502,1172,595769817,2761270187,1391936,3
884,1677056,120640,105216,0,5184,24512,670080,467776,283648,259008,1418048,0,1408,664768,0,0,0,0,0,0,145408,122176,31040,2752,41408,0,0,0,124864,128,501,1174,146382743,938217540,1393536,0
885,1676800,121152,105344,0,4928,11328,714432,470336,249280,221952,1454848,0,1344,709184,0,0,0,0,0,0,145472,122688,31616,2752,41472,0,0,0,126208,128,516,1185,2429650682,2499422129,1443520,0
886,1677056,139136,104704,0,14784,32320,837696,450240,98176,73024,1604032,0,1408,832320,0,0,0,0,0,0,116032,123072,32320,2752,50240,0,0,0,125696,128,494,1148,140187675,2562071617,1571712,0
887,1676992,119616,105024,0,7424,24640,701888,451136,267264,242240,1434752,0,1344,696512,0,0,0,0,0,0,118464,122304,30528,2880,50112,0,0,0,126720,128,494,1155,848683590,4277043388,1410112,0
888,1676864,130304,105856,0,4864,10624,694400,434368,296448,272192,1404672,0,1280,689088,0,0,0,0,0,0,117952,121664,31552,2752,36032,0,0,0,124288,128,510,1161,4254006801,174989672,1394048,0
889,1676928,132032,105216,0,3456,11264,693568,424576,306816,282048,1394880,0,1408,688256,0,0,0,0,0,0,117504,122752,31552,2752,26176,0,0,0,123712,128,509,1164,2139668051,1431250554,1383616,0
890,1677056,126464,105152,0,3584,10816,740672,376064,314304,289472,1387584,0,1344,735424,0,0,0,0,0,0,116608,123328,31488,2752,25472,0,0,0,76288,128,482,1098,1425652295,871410934,1376768,0
891,1676800,129920,105408,0,3456,10944,652416,374336,400320,376064,1300736,0,1408,647040,0,0,0,0,0,0,117696,122112,31488,2880,25408,0,0,0,74624,128,476,1101,3766921569,1594524951,1289792,0
892,1677120,130304,105600,0,3648,10880,674560,328768,423360,398720,1278400,0,1408,669312,0,0,0,0,0,0,63296,122368,30848,2560,34368,0,0,0,75200,128,471,1069,1780739456,3011829386,1267520,0
893,1678784,118464,105856,0,3520,13696,634496,318976,483776,457472,1221312,0,1280,629312,0,0,0,0,0,0,62720,122624,31360,2752,22464,0,0,0,76928,128,486,1094,1384560242,1387119376,1207616,0
894,1676736,160320,105472,0,3712,13312,622656,309504,461760,431936,1244800,0,1408,617408,0,0,0,0,0,0,65920,117248,31040,2560,13696,0,0,0,78912,128,486,1093,2531393525,1644508390,1231488,0
895,1676608,130688,105152,0,5952,14080,655808,305536,459392,433344,1243264,0,1344,650432,0,0,0,0,0,0,64448,117056,30592,2752,13824,0,0,0,76736,128,472,1078,1008468985,4128208085,1229184,0
896,1676992,223552,104768,0,4928,13568,671232,313280,345664,314112,1362880,0,1280,665920,0,0,0,0,0,0,66112,116992,32576,2560,14272,0,0,0,80640,128,521,1180,3838278742,1401754862,1349312,0
897,1677952,144192,105984,0,3520,34816,591232,279552,518656,491968,1185984,0,1408,585792,0,0,0,0,0,0,35840,116544,32128,2368,13952,0,0,0,78592,128,525,1182,1788122089,641104232,1151168,0
898,1676032,144960,105280,0,3456,13248,634816,289088,485184,458944,1217088,0,1344,629632,0,0,0,0,0,0,36032,115328,32896,2432,23808,0,0,0,78464,128,528,1186,587083293,1244328689,1203840,0
899,1677120,133888,105728,0,3456,13632,659840,289472,471104,444864,1232256,0,1408,654528,0,0,0,0,0,0,35904,116864,32576,2496,22144,0,0,0,79360,128,526,1190,4066345193,1869573711,1218624,0
900,1677120,144128,104896,0,5824,13760,567424,279232,561856,535232,1141888,0,1408,562112,0,0,0,0,0,0,35392,116224,32704,2240,14016,0,0,0,78464,192,545,1214,1715998238,4203603479,1128128,0
901,1676800,215808,105664,0,9984,13504,898304,337280,96256,70336,1606464,0,1344,893120,0,0,0,0,0,0,36800,113600,32832,2496,30144,0,0,0,121280,128,566,1264,3854353518,3701639792,1592960,0
902,1116928,132992,104064,0,4480,13568,467456,335424,58944,29888,1087040,0,1344,462208,0,0,0,0,0,0,35456,115136,32320,2176,30464,0,0,0,119744,128,559,1248,1908150431,4096799117,1073472,0
903,1116736,133824,105984,0,3648,13632,478400,343424,37824,11456,1105280,0,1344,473088,0,0,0,0,0,0,35712,116096,32576,2368,38144,0,0,0,118400,128,564,1265,413492825,289970935,1091648,0
904,1676672,133312,104448,0,6016,13760,541248,342784,535104,508736,1167936,0,1408,535808,0,0,0,0,0,0,35072,115328,32640,2560,37568,0,0,0,119488,128,551,1233,2735407831,819263367,1154176,0
905,1116992,132160,105728,0,6528,13632,470336,342784,45824,19520,1097472,0,1280,465024,0,0,0,0,0,0,35840,114944,32192,2560,37568,0,0,0,119488,192,549,1232,751067136,334048089,1083840,0
906,1677056,154368,105216,0,6016,13696,577984,299904,519872,493248,1183808,0,1344,572672,0,0,0,0,0,0,35648,114944,640,1856,30528,0,0,0,116160,128,536,1210,1228323587,3788472402,1170112,0
907,1116608,133824,105600,0,2112,13312,451392,261632,148736,122112,994496,0,1280,445824,0,0,0,0,0,0,35648,116160,448,2048,30528,0,0,0,76672,128,525,1181,3610169523,1578106699,981184,0
908,1116672,132416,105920,0,2176,10816,450368,258304,156672,130496,986176,0,1344,445120,0,0,0,0,0,0,35776,116800,576,2048,29632,0,0,0,73344,128,519,1167,4280408883,3626829964,975360,0
909,1115136,133696,105408,0,2112,32256,475712,267136,98816,73920,1041216,0,1280,470528,0,0,0,0,0,0,35584,116608,576,1792,38016,0,0,0,74432,128,524,1183,1182203643,1388282337,1008960,0
910,1676992,157120,104768,0,2112,10944,628160,271744,502144,477696,1199296,0,1408,622976,0,0,0,0,0,0,35840,115776,576,2048,42368,0,0,0,75008,128,513,1171,1064066694,991300188,1188352,0
911,1116864,136320,105856,0,2048,10944,459968,275392,126336,101888,1014976,0,1344,454528,0,0,0,0,0,0,36096,116800,512,1984,45248,0,0,0,74624,128,521,1178,4042284837,4071798710,1004032,0
912,1676992,209920,105152,0,13312,24704,815744,310400,197760,167872,1509120,0,1280,810432,0,0,0,0,0,0,35136,116096,576,1984,80320,0,0,0,76096,192,518,1191,2143725956,3796427908,1484416,0
913,1116736,134464,105216,0,3712,10880,446784,284160,131520,107328,1009408,0,1344,441536,0,0,0,0,0,0,35776,116096,640,1984,55232,0,0,0,74304,128,524,1206,3650288466,2590670770,998528,0
914,1116800,134592,105920,0,3648,24256,457408,292352,98624,73920,1042880,0,1344,452096,0,0,0,0,0,0,35840,115648,576,1920,63296,0,0,0,74944,128,526,1212,1433930887,1058229231,1018624,0
915,1677184,198016,105856,0,3712,24256,712448,289920,342976,318144,1359040,0,1216,707136,0,0,0,0,0,0,35072,116160,640,1856,60352,0,0,0,75648,192,529,1216,4041117547,1285360672,1334784,0
916,1118016,135808,105792,0,3776,13568,460544,286656,111872,85696,1032320,0,1280,455296,0,0,0,0,0,0,35520,115840,576,1984,56128,0,0,0,76480,128,530,1220,170077435,613945429,1018752,0
917,1116608,135488,105216,0,3776,26752,453184,250112,142080,120576,996032,0,1344,447872,0,0,0,0,0,0,3776,116096,448,1280,54208,0,0,0,74176,128,544,1249,259934005,1080984094,969280,0
918,1677120,198848,104640,0,3904,26816,605312,258304,479296,457728,1219392,0,1280,600064,0,0,0,0,0,0,3904,115200,448,1536,61440,0,0,0,75648,128,538,1223,1503166559,3954901756,1192576,0
919,1116736,135808,107264,0,3840,12992,419648,257920,179264,157568,959168,0,1280,414592,0,0,0,0,0,0,3904,116992,512,1536,60928,0,0,0,73920,128,538,1221,3098543495,1169386481,946176,0
920,1116864,135360,105536,0,3840,26816,432064,255424,157824,136256,980608,0,1216,426816,0,0,0,0,0,0,3776,115840,512,1536,60032,0,0,0,73600,128,509,1174,2078362435,642168182,953792,0
921,1676864,197760,104512,0,4928,26752,695872,258624,388416,367040,1309824,0,1280,690624,0,0,0,0,0,0,3776,116160,384,1472,61504,0,0,0,75200,128,539,1220,3840415276,1649902502,1283072,0
922,1116992,135936,104192,0,4096,34240,392320,259648,186560,165056,951936,0,1280,387200,0,0,0,0,0,0,3840,115776,512,1472,62464,0,0,0,75456,128,542,1227,862024421,935913213,917696,0
923,1116672,136000,105664,0,4032,27072,461504,253952,128448,106432,1010240,0,1280,456320,0,0,0,0,0,0,3840,115648,448,1472,59072,0,0,0,73344,128,525,1198,981479340,2960489991,983168,0
924,1676736,196992,104896,0,4032,26432,611840,261248,471296,449728,1227008,0,1216,606528,0,0,0,0,0,0,3776,117504,512,1408,62144,0,0,0,75776,128,551,1244,3850553086,34571896,1200576,0
925,1117120,134656,105088,0,4096,13312,461248,241792,156928,135424,981696,0,1344,455872,0,0,0,0,0,0,3712,116224,448,1408,46144,0,0,0,73728,128,552,1239,2173388207,3818644469,968384,0
926,1116480,196928,104448,0,4096,26176,498112,232512,54208,32896,1083584,0,1344,492928,0,0,0,0,0,0,128,115328,320,1152,44032,0,0,0,71424,128,522,1191,3458993269,2519101875,1057408,0
927,1677184,196416,104448,0,4160,26048,590400,237696,518016,496448,1180736,0,1280,585088,0,0,0,0,0,0,192,116736,384,1088,47104,0,0,0,72064,128,545,1230,1750009487,4071043897,1154688,0
928,1117056,134976,104128,0,4160,12544,372096,234560,254592,227392,889664,0,1216,366848,0,0,0,0,0,0,128,116544,384,1088,45632,0,0,0,70656,128,546,1231,2151787810,558512674,877120,0
929,1116928,169408,104128,0,4224,26240,475904,234880,102144,80512,1036416,0,1344,470720,0,0,0,0,0,0,128,116352,320,1216,44416,0,0,0,72320,128,515,1169,3036767078,3558502676,1010176,0
930,1676672,196288,104384,0,4352,26112,601344,238848,505344,484032,1192640,0,1280,596096,0,0,0,0,0,0,192,116224,384,1152,48128,0,0,0,72640,128,537,1200,3314052097,171296842,1166528,0
931,1116864,134784,104128,0,4352,10112,365056,231552,266880,245376,871488,0,1280,359872,0,0,0,0,0,0,192,116032,320,1088,45312,0,0,0,68480,128,535,1194,840408366,3660545489,861376,0
932,1115200,135616,103616,0,4288,23680,403840,230208,213952,193792,921408,0,1280,398720,0,0,0,0,0,0,192,116352,384,1088,44096,0,0,0,67968,128,522,1182,3281427960,338158255,897728,0
933,1676864,196800,104320,0,4416,23808,582784,235456,529280,509824,1167040,0,1280,577472,0,0,0,0,0,0,128,116096,256,1152,46592,0,0,0,71040,192,546,1222,3774050793,4091837531,1143232,0
934,1116800,135296,103872,0,4480,10496,409152,231872,221632,201600,915200,0,1280,403904,0,0,0,0,0,0,192,115776,384,1216,45184,0,0,0,68992,128,545,1219,2479804824,2472848178,904704,0
935,1116800,155072,104512,0,5120,44992,535808,231168,40128,20160,1096640,0,1344,530624,0,0,0,0,0,0,192,116096,448,1216,44224,0,0,0,68864,128,516,1166,2067632062,1955890086,1051648,0
936,1676800,196736,107264,0,4672,23744,624640,234752,484992,465152,1211648,0,1344,619392,0,0,0,0,0,0,128,116288,448,1152,46464,0,0,0,70144,128,545,1211,3417117661,1412439874,1187904,0
937,1116800,136128,104704,0,4672,10176,376192,236416,248512,228672,888128,0,1216,370816,0,0,0,0,0,0,192,115520,320,1152,49856,0,0,0,69248,128,545,1212,2982262978,4250239975,877952,0
938,1118336,135488,103488,0,4736,26176,400064,237312,211072,189632,928704,0,1344,394752,0,0,0,0,0,0,192,116160,384,1152,47424,0,0,0,71872,128,516,1163,4160349782,1640955358,902528,0
939,1677056,198208,103488,0,6144,26560,633152,236736,472768,451072,1225984,0,1280,627968,0,0,0,0,0,0,192,115200,448,1088,47040,0,0,0,72640,128,528,1188,4127238077,1523012936,1199424,0
940,1116480,135168,103616,0,8128,12992,391104,234624,230848,209536,906944,0,1280,385984,0,0,0,0,0,0,192,116544,448,1088,45824,0,0,0,70400,128,515,1161,3672102047,3383165494,893952,0
941,1116864,136064,104000,0,6016,26048,403968,233408,207360,186048,930816,0,1344,398720,0,0,0,0,0,0,192,116096,384,1152,44608,0,0,0,70848,128,539,1211,1454195303,3793252256,904768,0
942,1676992,229568,104768,0,11456,26304,643776,237504,423616,401920,1275072,0,1344,638528,0,0,0,0,0,0,192,116800,384,1152,46656,0,0,0,72192,128,524,1178,2524834619,700027668,1248768,0
943,1116928,196032,104960,0,4864,12480,491840,234944,71808,50304,1066624,0,1216,486656,0,0,0,0,0,0,192,115776,320,1152,45504,0,0,0,71872,128,527,1183,2915534337,3748790102,1054144,0
944,1116544,194368,104832,0,4864,25856,474432,245440,66752,40256,1076288,0,1280,469120,0,0,0,0,0,0,192,115072,384,1088,55168,0,0,0,73344,192,546,1241,521864789,2250520967,1050432,0
945,1677056,235328,104576,0,7168,26112,655040,248192,400640,378944,1298112,0,1280,649856,0,0,0,0,0,0,128,116352,448,1216,57216,0,0,0,72704,128,528,1199,669018209,2501871031,1272000,0
946,1116800,178752,105664,0,7936,12736,447680,246336,117696,95936,1020864,0,1344,442304,0,0,0,0,0,0,192,115456,384,1088,56064,0,0,0,73024,128,527,1196,1177999279,827248023,1008128,0
947,1116800,179840,105088,0,7424,26304,449792,246912,101440,79872,1036928,0,1344,444544,0,0,0,0,0,0,128,116800,384,1152,54912,0,0,0,73408,128,555,1258,2438375740,2525904472,1010624,0
948,1677120,229632,104448,0,6720,48000,731648,250304,306368,284416,1392704,0,1280,726528,0,0,0,0,0,0,128,116480,384,1152,58112,0,0,0,73920,128,536,1213,2622040860,2307780698,1344704,0
949,1116544,134720,104640,0,5952,12736,390144,245504,222848,201408,915136,0,1280,384896,0,0,0,0,0,0,192,116224,384,1216,55296,0,0,0,72064,128,536,1214,2175985666,2131029456,902400,0
950,1116480,135680,104576,0,4480,27008,399360,244864,200512,179264,937216,0,1344,394176,0,0,0,0,0,0,128,116544,384,1088,54592,0,0,0,71936,192,545,1227,1923017988,2283797547,910208,0
951,1677248,233408,104960,0,14400,27136,600064,279552,417728,395968,1281280,0,1280,594880,0,0,0,0,0,0,320,116416,35456,1664,49152,0,0,0,76416,128,542,1227,899443115,1559189112,1254144,0
952,1116608,130816,104064,0,5952,12544,363968,277952,221312,200000,916608,0,1216,358720,0,0,0,0,0,0,256,115968,35648,1728,49152,0,0,0,75072,128,540,1219,3046753681,3080196504,904064,0
953,1116800,130816,106816,0,4544,24576,407168,298688,144192,122752,994048,0,1344,401920,0,0,0,0,0,0,384,116544,67200,1984,37184,0,0,0,75264,128,548,1236,3681976533,2413764672,969472,0
954,1675328,197056,103872,0,6848,10560,543104,323456,490432,470720,1204608,0,1280,537728,0,0,0,0,0,0,384,116160,99008,2752,28288,0,0,0,76736,128,540,1213,3731341803,3434706054,1194048,0
955,1116736,141184,104704,0,5760,10432,435840,289216,129600,109504,1007232,0,1408,430464,0,0,0,0,0,0,448,116096,67776,2432,27520,0,0,0,74816,128,525,1172,2841944422,2855366233,996800,0
956,1116800,131200,104512,0,4352,10368,416000,288320,162048,142208,974592,0,1408,410688,0,0,0,0,0,0,384,115968,66880,2304,27904,0,0,0,74752,128,537,1202,2557393647,1251591895,964224,0
957,1117184,130176,104384,0,6784,10496,455424,275136,134784,114560,1002624,0,1408,450112,0,0,0,0,0,0,320,117120,66816,2304,15168,0,0,0,73280,128,545,1208,4252715937,2342978138,992128,0
958,1116224,130496,104704,0,7040,10432,462976,276992,123584,104000,1012224,0,1408,457664,0,0,0,0,0,0,384,116800,67584,2432,15360,0,0,0,74240,192,539,1212,2356287310,823776033,1001792,0
959,1116224,130048,103808,0,4288,10112,434880,275136,157952,138176,978048,0,1344,429632,0,0,0,0,0,0,320,115968,67840,2304,14784,0,0,0,73792,128,529,1200,675911349,2011435030,967936,0
960,1117248,130816,104704,0,7552,10624,415296,273408,174848,149760,967488,0,1408,410048,0,0,0,0,0,0,320,115520,67136,2240,14912,0,0,0,73152,128,518,1177,2816840597,649757695,956864,0
961,1118592,130368,104704,0,6656,13056,407232,277056,179520,158080,960512,0,1280,402048,0,0,0,0,0,0,384,116352,67200,2112,15232,0,0,0,75648,128,515,1168,2851727355,64075911,947456,0
962,1116928,130176,105280,0,5632,34176,479616,277376,84672,63040,1053888,0,1408,474240,0,0,0,0,0,0,384,115968,67392,2176,15296,0,0,0,76032,128,531,1194,1624713889,3617827901,1019712,0
963,1676864,200960,104128,0,4160,12480,569664,279296,506176,484480,1192384,0,1344,564416,0,0,0,0,0,0,448,116224,67328,2240,14976,0,0,0,77952,128,533,1192,599691938,3238545119,1179904,0
964,1116800,144384,104384,0,6592,13056,467584,278720,102080,80256,1036544,0,1408,462272,0,0,0,0,0,0,384,115776,67584,2304,15168,0,0,0,77376,128,548,1222,3352059769,2419011805,1023488,0
965,1116672,147520,104192,0,5568,13120,469120,277376,99776,78208,1038464,0,1344,463744,0,0,0,0,0,0,320,116608,66560,2240,14912,0,0,0,76608,128,552,1232,59058822,4157637245,1025344,0
966,1676864,202432,104768,0,4416,13376,694464,310656,346752,324992,1351872,0,1344,689216,0,0,0,0,0,0,4032,117120,71808,2752,31168,0,0,0,83648,128,532,1213,3712235902,3797103193,1338496,0
967,1677120,147328,104320,0,6592,12992,584256,321984,499648,478336,1198784,0,1344,578944,0,0,0,0,0,0,4288,116416,71616,2688,46016,0,0,0,80768,192,545,1254,737408543,1164039011,1185792,0
968,1676800,211008,104768,0,6080,13248,785088,368896,187712,166400,1510400,0,1280,779712,0,0,0,0,0,0,4160,115008,71744,2880,52608,0,0,0,122304,192,550,1285,603448106,1983328523,1497152,0
969,1676928,146304,104576,0,6336,13440,551104,483520,371648,349952,1326976,0,1344,545792,0,0,0,0,0,0,86592,116480,98688,3264,55616,0,0,0,122752,128,566,1336,3577333805,1857094594,1313536,0
970,1676928,143616,104832,0,5312,13056,590912,478016,341184,319680,1357248,0,1280,585600,0,0,0,0,0,0,85632,115968,97728,3072,50432,0,0,0,125056,128,583,1353,4265275580,1960886220,1344192,0
971,2237312,211968,105600,0,22208,26752,908096,514624,448064,426240,1811072,0,1344,902784,0,0,0,0,0,0,87104,115328,99136,3200,39104,0,0,0,170624,128,588,1375,1873690914,2638116147,1784320,0
972,1676864,148160,106048,0,3968,13120,515328,478528,411712,390144,1286720,0,1280,510080,0,0,0,0,0,0,87040,115840,66816,2816,39552,0,0,0,166336,128,574,1335,3055729864,1994370824,1273600,0
973,1676992,151424,105728,0,3968,48384,505536,441920,420032,398336,1278656,0,1344,500288,0,0,0,0,0,0,87232,115584,31616,2240,40128,0,0,0,164992,128,570,1318,2741222092,2658285935,1230272,0
974,1676928,147584,104768,0,3968,12928,654400,413760,339520,317888,1359040,0,1280,649024,0,0,0,0,0,0,86336,116160,31104,2240,52864,0,0,0,124928,128,548,1262,2499924059,4027769268,1346112,0
975,1677056,159744,105792,0,4032,13184,680320,417280,296704,274688,1402368,0,1344,674880,0,0,0,0,0,0,86464,116736,31296,2240,54976,0,0,0,125440,128,549,1262,2975310722,1102293815,1389184,0
976,1676608,147264,104640,0,7232,10880,657856,412288,336448,309440,1367168,0,1280,652608,0,0,0,0,0,0,86144,116032,31104,2368,53120,0,0,0,123392,128,560,1281,343872238,3368498002,1356288,0
977,1675840,156416,104768,0,5312,25152,632320,399232,352640,332352,1343488,0,1280,627200,0,0,0,0,0,0,85184,116352,31232,2176,41920,0,0,0,122240,128,559,1277,102835369,4189806700,1318336,0
978,1678080,157760,104448,0,3776,15040,583936,408064,405056,383424,1294656,0,1344,578688,0,0,0,0,0,0,85248,116288,31808,2176,45888,0,0,0,126528,128,532,1251,3497564225,665431931,1279616,0
979,1676800,149504,105664,0,3968,14784,601600,357440,443840,422336,1254464,0,1408,596288,0,0,0,0,0,0,85504,115840,31744,2560,43392,0,0,0,78272,128,525,1242,655421593,2318791200,1239680,0
980,1677120,156608,105472,0,3776,10560,554112,352640,493952,472320,1204800,0,1344,548864,0,0,0,0,0,0,85632,116672,31872,2176,39296,0,0,0,76864,128,536,1259,2996872938,1993459777,1194240,0
981,1675456,157504,105024,0,3904,10688,575296,355264,467776,447552,1227904,0,1344,569984,0,0,0,0,0,0,84992,116032,31936,2240,42752,0,0,0,77184,128,536,1272,1927769703,321538992,1217216,0
982,1676736,146432,104832,0,3840,10624,565568,360000,485440,465536,1211200,0,1280,560256,0,0,0,0,0,0,86464,116800,31488,2112,46528,0,0,0,76480,128,515,1232,803842973,3997200144,1200576,0
983,1678720,156992,105216,0,6528,34752,558272,343488,473472,452096,1226624,0,1280,553088,0,0,0,0,0,0,85632,117120,32000,2112,27584,0,0,0,78912,128,503,1187,3336437813,4255293436,1191872,0
984,1676800,157312,105088,0,6720,13248,546496,289024,558912,537152,1139648,0,1280,541376,0,0,0,0,0,0,32192,117056,30528,1984,27840,0,0,0,79296,128,498,1167,92850756,812949549,1126400,0
985,1677120,151040,105344,0,10880,13440,655936,296576,443904,422144,1254976,0,1408,650688,0,0,0,0,0,0,32064,116096,30336,2112,37248,0,0,0,78592,128,501,1158,3093926278,982559956,1241536,0
986,1116352,143488,105280,0,3712,13184,487296,297728,65664,44160,1072192,0,1344,481920,0,0,0,0,0,0,32320,115904,30848,2176,36864,0,0,0,79488,128,505,1166,3977998822,3094663820,1059008,0
987,1116992,144704,105856,0,3840,13120,508800,305664,35008,13312,1103680,0,1344,503488,0,0,0,0,0,0,31936,115584,30208,2048,45376,0,0,0,80384,128,499,1170,531877956,3700128911,1090560,0
988,1116736,134144,105536,0,3776,13184,449088,304640,106368,84800,1031936,0,1408,443776,0,0,0,0,0,0,32512,115968,31744,2112,43648,0,0,0,78528,128,509,1197,754249161,2496531357,1018752,0
989,1116736,145536,105024,0,3776,12992,486912,270464,92032,70528,1046208,0,1408,481600,0,0,0,0,0,0,4032,115648,33536,1984,37184,0,0,0,77888,192,517,1198,876696083,3189467484,1033216,0
990,1116864,144896,105088,0,3840,12992,427584,272512,149952,128704,988160,0,1344,422208,0,0,0,0,0,0,3904,116544,33664,1984,37440,0,0,0,78848,128,523,1220,800871589,1127058723,975168,0
991,1116736,134528,104832,0,3776,17088,426432,270400,159680,138240,978496,0,1280,421120,0,0,0,0,0,0,4224,116352,33216,1920,37184,0,0,0,77376,128,526,1223,4128297535,3823069739,961408,0
992,1116736,144320,105536,0,6208,17280,458304,272832,112256,85120,1031616,0,1344,452992,0,0,0,0,0,0,3904,116608,33088,2048,37760,0,0,0,79296,128,548,1263,3397052402,4247772617,1014336,0
993,1116608,145792,114496,0,6016,17856,435584,280128,116736,93760,1022848,0,1280,430336,0,0,0,0,0,0,3968,116480,32960,2048,45696,0,0,0,78848,128,540,1228,1320946454,257526809,1004992,0
994,1116864,133696,105344,0,7488,22272,427392,281344,139328,117824,999040,0,1280,422144,0,0,0,0,0,0,3968,116672,33280,2048,43648,0,0,0,81536,192,541,1215,2548187861,2863832919,976768,0
995,1676864,171648,105088,0,6208,21760,615616,291520,465024,443712,1233152,0,1344,610240,0,0,0,0,0,0,3968,115520,33024,1984,35584,0,0,0,101248,192,544,1230,2312866138,3934027423,1211392,0
996,1677120,163328,105984,0,3712,21760,520384,292864,569088,547392,1129728,0,1408,515072,0,0,0,0,0,0,4032,116288,33664,1920,36224,0,0,0,100608,128,544,1224,1489144906,4025801244,1107968,0
997,1677120,134080,104896,0,6016,43584,560000,291456,537088,515136,1161984,0,1344,554688,0,0,0,0,0,0,3904,116416,33024,1920,35968,0,0,0,100096,128,545,1244,3697660486,514804666,1118400,0
998,1676800,166016,104640,0,4928,19712,642432,254336,484736,463232,1213568,0,1344,636928,0,0,0,0,0,0,3712,116416,448,1536,35008,0,0,0,97088,128,531,1217,1013453741,880484496,1193856,0
999,1676992,145536,105344,0,3520,19712,565760,256768,580352,558464,1118528,0,1408,560512,0,0,0,0,0,0,3904,115584,384,1344,37632,0,0,0,97792,128,529,1219,1368099716,4041743974,1098816,0
1000,1676992,134080,104960,0,3584,20160,616512,251840,545856,524608,1152384,0,1472,611072,0,0,0,0,0,0,3840,115712,512,1472,32448,0,0,0,97728,128,524,1237,1598858393,66470008,1132224,0
1001,1116736,144576,104576,0,5696,19456,550912,245824,45696,24320,1092416,0,1280,545472,0,0,0,0,0,0,3968,116480,512,1472,26368,0,0,0,96832,192,521,1228,761354345,518596842,1072960,0
1002,1116864,145216,105024,0,4224,19264,549504,241600,52032,30464,1086400,0,1408,544128,0,0,0,0,0,0,3776,115968,448,1472,24000,0,0,0,95808,128,517,1216,1191445200,2375535451,1067136,0
1003,1116800,134464,104640,0,2112,19904,582720,243264,29696,8128,1108672,0,1280,577472,0,0,0,0,0,0,3776,116928,384,1408,24384,0,0,0,96256,128,510,1199,1137133985,2672001292,1088768,0
1004,1116800,143872,104960,0,2112,19584,547648,243456,55168,33536,1083264,0,1280,542336,0,0,0,0,0,0,3968,115968,448,1536,23296,0,0,0,98112,128,514,1204,2226681588,3893922645,1063680,0
1005,1116672,145280,105344,0,2112,19584,563200,251584,29568,8064,1108608,0,1344,558016,0,0,0,0,0,0,3904,116224,448,1344,31296,0,0,0,98240,128,511,1196,3705448510,85359103,1089024,0
1006,1116800,134272,104448,0,2048,19456,583808,248576,24192,2624,1114176,0,1344,578560,0,0,0,0,0,0,3712,116928,448,1536,27136,0,0,0,98688,128,512,1187,1800051665,33255646,1094720,0
1007,1677184,163008,104576,0,9280,34688,579648,224192,561792,540032,1137152,0,1280,574464,0,0,0,0,0,0,3712,115904,384,1472,22528,0,0,0,80064,128,509,1181,14323576,230694141,1102464,0
1008,1116864,146240,104256,0,3456,19520,415744,221824,205824,178752,938112,0,1280,410432,0,0,0,0,0,0,3712,115392,512,1536,22336,0,0,0,78144,192,499,1159,1092100189,1465601364,918592,0
1009,1116672,135040,104192,0,5696,19456,412096,223424,216768,195136,921536,0,1344,406912,0,0,0,0,0,0,3712,116416,448,1472,22528,0,0,0,78720,128,499,1156,2190105454,1833879180,902080,0
1010,1677056,200128,104384,0,5632,41472,556224,223744,545472,523968,1153088,0,1344,550848,0,0,0,0,0,0,3584,116032,448,1408,23360,0,0,0,78784,128,505,1169,1034577957,3306789250,1111616,0
1011,1116480,134400,104064,0,4096,19456,427840,234816,191808,170304,946176,0,1408,422464,0,0,0,0,0,0,3776,129088,448,1408,21888,0,0,0,78080,128,495,1141,2663007815,3373232882,926720,0
1012,1116992,133376,105408,0,2880,21952,461568,222592,169216,147520,969472,0,1280,456256,0,0,0,0,0,0,3840,116288,448,1344,22016,0,0,0,78528,128,491,1137,358767592,1631234786,947520,0
1013,1116672,160256,104704,0,2048,21504,487680,214400,126080,104384,1012288,0,1280,482496,0,0,0,0,0,0,3904,115904,576,1472,13696,0,0,0,78720,128,510,1176,3114474402,616589151,990784,0
1014,1116864,134912,104512,0,2048,21376,427904,215040,211072,189248,927616,0,1280,422656,0,0,0,0,0,0,3968,116480,512,1472,13760,0,0,0,78720,128,511,1154,825777958,1617652081,906240,0
1015,1116544,133120,105024,0,2112,21888,459136,214912,180352,158848,957696,0,1344,453952,0,0,0,0,0,0,3904,116480,512,1472,14080,0,0,0,78336,128,513,1159,2620980202,3520887742,935808,0
1016,1116864,132992,105216,0,2112,21632,434240,224704,195968,174656,942208,0,1344,428928,0,0,0,0,0,0,3776,116288,448,1344,23104,0,0,0,79616,128,513,1175,106065622,511056563,920576,0
1017,1117376,133952,103808,0,2112,21376,424832,223104,208192,186112,931264,0,1344,419648,0,0,0,0,0,0,3840,115520,448,1408,21888,0,0,0,79872,128,519,1178,2501405253,2847385294,909888,0
1018,1116352,193344,104960,0,2112,21248,463040,215680,115968,94592,1021760,0,1408,457856,0,0,0,0,0,0,192,115520,256,1280,21440,0,0,0,76800,192,519,1171,3145930196,2301409842,1000512,0
1019,1116864,132800,104640,0,2048,21376,445632,208064,202304,180608,936256,0,1280,440320,0,0,0,0,0,0,128,116224,384,1152,13504,0,0,0,76544,128,521,1166,721725261,100335805,914880,0
1020,1116800,133120,104192,0,2112,21184,394112,207616,254464,232768,884032,0,1408,388992,0,0,0,0,0,0,128,116672,320,1152,13568,0,0,0,75648,128,520,1159,2219788468,2247330446,862848,0
1021,1116800,167296,104064,0,2112,19456,402560,208128,213184,191616,925184,0,1344,397376,0,0,0,0,0,0,128,116736,384,1216,13568,0,0,0,75968,128,520,1157,1660538448,2354945801,905728,0
1022,1676928,164224,104256,0,2880,20032,606016,242688,536832,512448,1164480,0,1280,600768,0,0,0,0,0,0,3840,116544,4416,1728,34240,0,0,0,81728,192,522,1165,3149180081,811929889,1144448,0
1023,1676992,226432,104768,0,10240,19584,572800,252480,490688,469056,1207936,0,1344,567552,0,0,0,0,0,0,3904,116032,4352,1536,46784,0,0,0,79744,128,529,1187,2865524127,2227228015,1188352,0
1024,1116800,144128,105216,0,3712,41344,520064,259904,42432,15040,1101760,0,1280,514816,0,0,0,0,0,0,3904,115776,4352,1600,53760,0,0,0,80384,128,541,1223,1850679154,2337390675,1060416,0
1025,1116608,161856,104832,0,4160,20096,536704,260672,28288,6656,1109952,0,1344,531200,0,0,0,0,0,0,3904,115584,4544,1664,53824,0,0,0,81024,128,530,1191,1011899613,1748479800,1089856,0
1026,1676928,151872,104896,0,6080,19776,553472,376832,464000,441984,1234944,0,1344,548096,0,0,0,0,0,0,86144,115840,30720,2112,59328,0,0,0,82560,128,526,1215,1413647879,2014085810,1215168,0
1027,1676992,145024,105472,0,4992,20480,490688,369536,540800,519232,1157760,0,1344,485440,0,0,0,0,0,0,87488,115520,31040,2176,52928,0,0,0,80256,128,555,1236,716204836,861223606,1137280,0
1028,1676992,144384,105024,0,3648,21760,545088,377472,479616,457792,1219200,0,1280,539968,0,0,0,0,0,0,85056,116096,31680,2176,59008,0,0,0,83328,128,530,1216,2003064567,1954632573,1197440,0
1029,1676928,133504,105344,0,3648,21568,555776,375552,481536,459648,1217280,0,1344,550592,0,0,0,0,0,0,85632,116032,31232,1984,56896,0,0,0,83648,128,531,1225,1498178152,2910918027,1195712,0
1030,1676928,144896,105984,0,3648,21568,515584,376128,509120,487360,1189568,0,1344,510336,0,0,0,0,0,0,93760,116224,36160,2240,46144,0,0,0,81472,128,559,1255,807957467,225923213,1168000,0
1031,1676864,145600,105408,0,4480,21952,523968,358976,516480,494976,1181888,0,1344,518784,0,0,0,0,0,0,86400,116864,31360,1984,41408,0,0,0,80768,192,546,1215,1142334978,2693280626,1159936,0
1032,1677312,134400,105408,0,3648,21696,526016,358784,527360,505600,1171712,0,1344,520832,0,0,0,0,0,0,86400,116160,31296,2304,40768,0,0,0,81728,128,536,1211,1438665671,4215340711,1150016,0
1033,1676672,144768,105664,0,3648,22144,537664,370240,492544,470784,1205888,0,1664,531840,0,0,0,0,0,0,88128,116544,30848,2176,50048,0,0,0,82368,128,549,1235,1508661443,456235001,1183744,0
1034,1676992,161664,105088,0,22144,22400,785600,462528,117568,95936,1581056,0,1344,780224,0,0,0,0,0,0,133632,116160,31808,2688,50880,0,0,0,127232,128,577,1312,328296936,1788151184,1558656,0
1035,1676992,134144,105088,0,3904,43456,608960,446336,335104,313216,1363776,0,1344,603776,0,0,0,0,0,0,131648,115584,31808,2752,40000,0,0,0,124416,128,577,1310,2531565340,1216261221,1320320,0
1036,1677184,144192,105024,0,3904,21952,556864,437312,407936,386112,1291072,0,1408,551552,0,0,0,0,0,0,130624,115904,32256,2560,30848,0,0,0,124992,128,558,1269,412133135,3293240754,1269120,0
1037,1676864,143232,105856,0,3904,35840,569408,366400,452224,430720,1246144,0,1344,564096,0,0,0,0,0,0,75776,115712,32640,2688,13952,0,0,0,125504,128,530,1207,328555881,2686243312,1210304,0
1038,1677120,153664,105536,0,3904,21952,676800,406080,309184,287680,1389440,0,1344,671424,0,0,0,0,0,0,77376,116736,32064,2880,14016,0,0,0,162880,128,570,1272,3203824766,2821537103,1367488,0
1039,1676800,134016,105472,0,3840,22016,577792,412480,421184,399616,1277184,0,1280,572544,0,0,0,0,0,0,76416,116480,32064,2752,23872,0,0,0,160768,128,567,1281,3320927449,1787621054,1255168,0
1040,1677184,133760,105088,0,5248,22080,597760,374016,439232,412160,1265024,0,1344,592448,0,0,0,0,0,0,76544,115072,31744,2688,22400,0,0,0,125376,192,558,1241,4138985688,1464687512,1242944,0
1041,1676864,133312,105216,0,7040,22016,570304,374016,464960,443456,1233408,0,1280,564928,0,0,0,0,0,0,75840,115072,32960,2688,22784,0,0,0,124544,128,534,1197,473167004,3778305511,1211392,0
1042,1677184,134208,105792,0,5056,22976,562304,375232,471616,449728,1227456,0,1344,557056,0,0,0,0,0,0,47616,116288,34112,2432,14144,0,0,0,160512,128,552,1252,1425195674,2517584573,1204480,0
1043,1676992,134208,105024,0,3712,20224,561344,370496,481984,460224,1216768,0,1408,556032,0,0,0,0,0,0,46848,115392,34176,2560,13760,0,0,0,157632,128,550,1246,1677726442,358428348,1196544,0
1044,1676992,134272,105600,0,3968,20224,536576,335744,540608,518848,1158144,0,1344,531200,0,0,0,0,0,0,47040,115520,33216,2432,14080,0,0,0,123328,128,533,1199,2259224782,575386942,1137920,0
1045,1677120,142528,107136,0,6016,19968,539648,346304,515520,493760,1183360,0,1344,534400,0,0,0,0,0,0,47168,116032,33856,2368,23936,0,0,0,122816,128,548,1221,3832319813,1211223707,1163392,0
1046,1677056,134272,105088,0,5760,41472,600448,380928,409088,387008,1290048,0,1408,595200,0,0,0,0,0,0,47680,115904,33984,2368,22336,0,0,0,158528,128,565,1284,3103845902,986521871,1248576,0
1047,1676928,134720,105344,0,3520,20032,558016,378496,476800,455168,1221760,0,1344,552704,0,0,0,0,0,0,47232,114816,34176,2560,22080,0,0,0,157504,128,569,1289,3401558360,310379597,1201728,0
1048,1116608,134144,105600,0,3456,10624,494656,328000,40128,18816,1097792,0,1408,489408,0,0,0,0,0,0,47744,115008,33536,2496,13184,0,0,0,115904,128,556,1253,1140276954,941265228,1087168,0
1049,1115072,133632,105152,0,3584,10880,486656,329024,46144,26304,1088768,0,1408,481472,0,0,0,0,0,0,46784,115712,33920,2304,13376,0,0,0,116736,192,543,1228,3893581806,1717834337,1077888,0
1050,1676864,134400,106240,0,3520,10624,485440,365760,570880,550848,1126016,0,1408,480064,0,0,0,0,0,0,47488,116160,33344,2432,13312,0,0,0,152896,128,553,1262,306822669,3128253443,1115392,0
1051,1678528,133824,105856,0,3456,13376,492096,377152,552768,531456,1147072,0,1344,486848,0,0,0,0,0,0,47360,115328,33024,2496,23872,0,0,0,154944,128,548,1258,2332232317,7332541,1133696,0
1052,1677184,173248,105472,0,3520,13120,638144,305408,438272,416832,1260352,0,1344,632768,0,0,0,0,0,0,47616,115328,576,2048,22272,0,0,0,117440,128,529,1201,1442917323,1086824310,1247232,0
1053,1116480,134272,104704,0,10112,13120,521984,304384,27904,5440,1111040,0,1408,516736,0,0,0,0,0,0,47360,115712,640,1920,22528,0,0,0,116096,128,521,1197,2928206785,987986570,1097920,0
1054,1676992,133568,105088,0,3648,13376,632576,368064,420672,399168,1277824,0,1344,627264,0,0,0,0,0,0,47616,116096,640,1920,13824,0,0,0,187840,128,551,1292,1641300051,353289512,1264448,0
1055,1676992,168064,107008,0,19456,27456,764224,337664,253120,231680,1445312,0,1344,758912,0,0,0,0,0,0,4032,115520,384,1408,30528,0,0,0,185600,192,562,1336,2071497067,4123580777,1417856,0
1056,1116736,150912,104512,0,3776,27584,476736,304576,48640,21824,1094912,0,1408,471488,0,0,0,0,0,0,3840,115904,512,1280,31616,0,0,0,151232,192,550,1296,2448499053,3860999008,1067328,0
1057,1116800,148672,104320,0,6016,27456,410688,301952,117696,96384,1020416,0,1344,405312,0,0,0,0,0,0,3712,116416,512,1472,28992,0,0,0,150720,128,549,1290,3068749442,129182864,992960,0
1058,1116800,149824,104128,0,5952,34688,405760,302400,114048,92672,1024128,0,1408,400384,0,0,0,0,0,0,3840,116288,512,1408,31488,0,0,0,148736,128,550,1293,2781499944,3736619718,989440,0
1059,1677056,162496,104256,0,5056,13376,541952,303680,546240,524288,1152768,0,1280,536704,0,0,0,0,0,0,4032,115520,512,1472,30528,0,0,0,151488,128,550,1291,2783169638,714875421,1139392,0
1060,1116736,145152,104384,0,3840,12608,489664,228096,132992,111360,1005376,0,1344,484288,0,0,0,0,0,0,3840,116352,512,1408,30528,0,0,0,75328,128,526,1197,1238138662,672054976,992768,0
1061,1116672,159680,105280,0,3776,13248,489600,244032,101056,79424,1037248,0,1344,484288,0,0,0,0,0,0,4032,116096,448,1408,46976,0,0,0,74944,128,526,1209,1858992880,1875310575,1024000,0
1062,1116608,133824,105408,0,3840,12992,471616,241024,147904,126400,990208,0,1344,466240,0,0,0,0,0,0,3648,116544,512,1408,42752,0,0,0,76032,128,510,1170,3846450089,91870410,977216,0
1063,1116864,145920,105088,0,4608,13248,505088,237952,104960,83584,1033280,0,1344,499840,0,0,0,0,0,0,4032,115392,448,1408,41216,0,0,0,75328,128,517,1180,1597470389,3544429322,1020032,0
1064,1116864,145280,105024,0,3904,13632,532480,226112,90432,68928,1047936,0,1344,527168,0,0,0,0,0,0,3840,116736,512,1472,29888,0,0,0,73536,128,535,1206,3031241437,3870451839,1034304,0
1065,1116800,134464,105792,0,6080,13568,465024,234112,157760,136192,980608,0,1280,459712,0,0,0,0,0,0,3776,115968,384,1408,38528,0,0,0,73920,128,515,1180,3544505536,1706498095,967040,0
1066,1116672,144896,105408,0,6144,10688,461184,231296,157056,135424,981248,0,1344,455808,0,0,0,0,0,0,4096,115456,512,1408,38528,0,0,0,71168,128,520,1191,299322262,277632228,970560,0
1067,1114944,144768,105344,0,5184,25152,502912,242304,89280,69312,1045632,0,1280,497600,0,0,0,0,0,0,3840,116736,512,1472,46400,0,0,0,73216,128,508,1174,3609855802,1790276829,1020480,0
1068,1116864,133952,104256,0,3712,10752,474688,240384,149120,129152,987712,0,1280,469504,0,0,0,0,0,0,3840,116544,512,1536,44864,0,0,0,72960,128,524,1184,892993631,1006955687,976960,0
1069,1116736,145088,104896,0,6272,11264,531712,238976,78528,58752,1057984,0,1344,526400,0,0,0,0,0,0,3968,115328,512,1472,45376,0,0,0,72192,128,545,1221,3940077579,2789239860,1046720,0
1070,1116672,145216,105408,0,6144,10944,505344,238208,105408,85440,1031232,0,1280,500032,0,0,0,0,0,0,3840,115456,512,1408,46080,0,0,0,70784,128,536,1218,3117420040,4156923699,1020288,0
1071,1677056,194432,104960,0,5248,11008,553536,234176,573696,553728,1123328,0,1344,548288,0,0,0,0,0,0,128,116416,384,1152,45248,0,0,0,70720,128,523,1186,1898832281,1696536614,1112320,0
1072,1116800,144896,104704,0,4928,31744,452992,236800,140736,115456,1001344,0,1280,447744,0,0,0,0,0,0,192,116416,384,1216,46656,0,0,0,71744,192,533,1208,3483409822,1380794712,969600,0
1073,1118336,144384,105408,0,6080,12928,486080,252672,110784,89344,1028992,0,1344,480832,0,0,0,0,0,0,192,116288,448,1152,61824,0,0,0,72640,128,546,1246,1991479520,883062604,1016064,0
1074,1117120,167232,105344,0,5248,12416,495360,252224,79296,57216,1059904,0,1344,490112,0,0,0,0,0,0,128,116224,320,1152,60928,0,0,0,73344,128,532,1220,2336454200,368363396,1047488,0
1075,1116480,144512,105792,0,3776,12672,491968,240128,117632,96128,1020352,0,1280,486464,0,0,0,0,0,0,128,116992,384,1152,48384,0,0,0,72896,192,523,1195,3642647681,3480668125,1007680,0
1076,1116864,144128,104768,0,3904,12544,530880,235520,85120,63232,1053632,0,1344,525632,0,0,0,0,0,0,192,116480,320,1088,45888,0,0,0,71424,128,529,1215,2466873898,2891434834,1041088,0
1077,1677696,151680,104576,0,12928,12864,730624,286784,378240,355712,1321984,0,1280,725248,0,0,0,0,0,0,128,115392,320,1152,56064,0,0,0,113600,128,539,1239,2692190770,20589040,1309120,0
1078,1676416,144768,105088,0,3968,12672,587072,290752,532096,510144,1166272,0,1408,581760,0,0,0,0,0,0,192,115520,384,1152,62080,0,0,0,111296,128,547,1255,3757241470,280222187,1153600,0
1079,1676928,143360,104640,0,3904,13056,537792,294336,579840,558080,1118848,0,1728,532032,0,0,0,0,0,0,128,115328,384,1216,64704,0,0,0,112448,128,546,1255,414109388,302934019,1105792,0
1080,1676800,164672,105024,0,5056,13184,819264,315968,253632,232192,1444608,0,1408,814016,0,0,0,0,0,0,3584,115648,4608,1536,72896,0,0,0,117568,128,535,1246,962929230,1522201357,1431424,0
1081,1677056,134208,104960,0,6208,13440,696192,320000,402048,380480,1296576,0,1344,690816,0,0,0,0,0,0,3904,116224,4416,1664,76544,0,0,0,117120,128,556,1284,560365786,1043460986,1283136,0
1082,1676992,134144,104704,0,7808,13248,731904,323392,361792,340288,1336704,0,1408,726592,0,0,0,0,0,0,3840,116288,4288,1728,81024,0,0,0,116096,128,557,1297,1318893680,3873191509,1323456,0
1083,1677056,133952,104960,0,6336,13568,779520,386112,252608,230784,1446272,0,1344,774272,0,0,0,0,0,0,86144,116224,30720,2048,71808,0,0,0,79040,128,526,1235,1291678817,2411501480,1432704,0
1084,1676928,134336,105216,0,6144,35008,815296,376320,204608,183168,1493760,0,1344,809984,0,0,0,0,0,0,85952,116160,31104,2240,63680,0,0,0,77056,128,541,1263,556102594,3937426728,1458752,0
1085,1676992,135040,105472,0,5120,13248,873856,374976,169280,147392,1529600,0,1280,868544,0,0,0,0,0,0,85568,116160,30848,2112,62208,0,0,0,77952,128,548,1283,2051870174,1525274135,1516352,0
1086,2237120,238144,104832,0,12032,27072,1135616,381120,338304,316864,1920256,0,1408,1130304,0,0,0,0,0,0,87808,115840,31680,2240,64768,0,0,0,78656,128,534,1238,384589300,2752625168,1893184,0
1087,1677184,150144,104768,0,6144,27392,663616,372992,352128,330624,1346560,0,1280,658176,0,0,0,0,0,0,85952,116736,30848,2112,59072,0,0,0,78144,128,557,1272,3331110524,4156354022,1319168,0
1088,1676864,135232,105280,0,5184,24576,667520,363648,375424,348544,1328320,0,1408,662208,0,0,0,0,0,0,86912,115712,31424,2112,52096,0,0,0,75200,192,554,1256,2263452309,1321990333,1303744,0
1089,1675392,135744,107968,0,3712,11008,679616,355136,382208,362304,1313088,0,1408,674304,0,0,0,0,0,0,86528,115712,30976,2240,45760,0,0,0,73792,128,520,1195,606785284,310908334,1302080,0
1090,1676928,165504,105088,0,3776,10432,757952,367168,267008,247296,1429632,0,1344,752576,0,0,0,0,0,0,85440,117312,31424,2304,54592,0,0,0,75968,128,523,1213,2289957070,1901889008,1419200,0
1091,1676928,136448,105088,0,3776,10688,597952,359488,463488,443968,1232960,0,1344,592640,0,0,0,0,0,0,86912,115904,31360,2112,48832,0,0,0,74176,192,538,1225,1506658273,2700474803,1222272,0
1092,1677056,136832,105024,0,3712,10752,547840,348544,524352,504512,1172544,0,1408,542528,0,0,0,0,0,0,85504,116800,30912,2176,37440,0,0,0,75584,128,535,1223,1983731564,3194294049,1161792,0
1093,1676864,135296,105024,0,3776,10944,529472,342080,550272,529856,1147008,0,1344,524160,0,0,0,0,0,0,87360,115968,31104,2240,30272,0,0,0,75008,128,501,1160,1827341646,1434814285,1136064,0
1094,1677248,136000,104640,0,4096,32128,537984,333568,528832,508480,1168768,0,1280,532736,0,0,0,0,0,0,86656,115520,31104,2176,23424,0,0,0,74560,128,512,1172,187035799,2022152400,1136640,0
1095,1116800,136896,104640,0,3776,10688,540224,269888,50688,31040,1085760,0,1344,534400,0,0,0,0,0,0,32192,116608,29824,2112,14208,0,0,0,74816,128,510,1145,630313031,2925316989,1075072,0
1096,1678464,136192,105024,0,3712,13248,584576,283136,552576,530944,1147520,0,1280,579264,0,0,0,0,0,0,32128,116288,30656,2176,23872,0,0,0,77888,128,523,1165,3767363870,4259058220,1134272,0
1097,1677120,136320,105088,0,4608,27136,580736,282176,541056,519296,1157824,0,1280,575424,0,0,0,0,0,0,32192,116736,30400,2240,22336,0,0,0,78144,128,528,1184,187780795,114554273,1130688,0
1098,1677120,137216,105024,0,6464,12864,625024,282048,508480,486528,1190592,0,1408,619712,0,0,0,0,0,0,32448,116800,30080,2048,22208,0,0,0,78336,128,523,1183,1013861709,950629008,1177728,0
1099,1116800,136832,105536,0,5312,13376,475328,273792,106624,85120,1031680,0,1344,469952,0,0,0,0,0,0,32256,116160,31872,2112,13952,0,0,0,77312,128,504,1140,3380188480,3261521641,1018304,0
1100,1116736,137152,104832,0,5888,13504,461248,245568,148544,126400,990336,0,1344,455936,0,0,0,0,0,0,3968,115392,33088,1984,13696,0,0,0,77312,128,512,1145,3101371571,1772998994,976832,0
1101,1116736,136512,105856,0,5888,13824,498688,244224,111744,90112,1026624,0,1344,493376,0,0,0,0,0,0,3840,115072,33472,1984,14208,0,0,0,75520,128,522,1186,1675220259,2273283833,1012800,0
1102,1116736,148416,103168,0,2112,13184,500864,253760,95232,73792,1042944,0,1280,495680,0,0,0,0,0,0,3904,115264,32704,1920,23680,0,0,0,76160,128,526,1193,3393309983,2455910344,1029760,0
1103,1116928,134912,103040,0,2112,12992,465792,254144,143936,122240,994688,0,1344,460672,0,0,0,0,0,0,3968,116544,33216,1984,22208,0,0,0,76096,128,537,1208,696682470,3973960590,981696,0
1104,1676864,221120,103744,0,2112,13504,508672,253888,573824,546944,1129920,0,1344,503424,0,0,0,0,0,0,3968,115968,32896,1920,22208,0,0,0,76800,128,530,1193,4035560294,337346225,1116416,0
1105,1116992,162112,102720,0,2112,12992,509184,246400,81472,59776,1057216,0,1408,503872,0,0,0,0,0,0,3840,116416,33024,1920,14016,0,0,0,77056,128,539,1209,3924163307,4240036057,1044224,0
1106,1676672,153792,102336,0,9792,13952,557504,260160,579136,557696,1118976,0,1344,552128,0,0,0,0,0,0,3904,116160,33088,1984,26048,0,0,0,78784,192,538,1221,2659524229,2680459026,1105024,0
1107,1116992,134016,103232,0,5696,34880,453760,266048,119360,97536,1019456,0,1344,448448,0,0,0,0,0,0,3904,115776,33600,2112,34048,0,0,0,76480,128,526,1193,3548423985,2543409670,984576,0
1108,1676928,174016,102720,0,4096,13184,651136,271168,460608,438784,1238144,0,1408,645760,0,0,0,0,0,0,3968,116096,33984,2048,37376,0,0,0,77568,128,512,1172,1188373112,3568439177,1224960,0
1109,1676864,176064,102336,0,12672,12992,894464,278336,200000,178368,1498496,0,1344,889216,0,0,0,0,0,0,3840,115968,448,1344,41920,0,0,0,114688,128,536,1221,75377578,724184159,1485504,0
1110,1676992,144448,102592,0,3520,13120,649984,276800,486528,464768,1212224,0,1344,644736,0,0,0,0,0,0,3840,114688,448,1472,41792,0,0,0,114432,128,540,1224,2810524101,3291665364,1199104,0
1111,1677056,226688,102592,0,13248,24896,827840,275072,206720,185088,1491968,0,1280,822656,0,0,0,0,0,0,64,115712,320,1152,47616,0,0,0,110080,128,545,1252,1585926039,4029417658,1467072,0
1112,1115200,140864,102912,0,3648,10240,437632,276096,143808,124032,991168,0,1280,432320,0,0,0,0,0,0,128,115264,384,1216,49024,0,0,0,109952,128,539,1239,3450291817,469859677,980928,0
1113,1677184,160256,102272,0,3712,24128,676224,283264,427328,407552,1269632,0,1344,670976,0,0,0,0,0,0,128,115456,384,1152,56256,0,0,0,109760,128,537,1249,107609779,29241686,1245504,0
1114,1676928,173184,106752,0,11392,24448,657920,299840,403392,383424,1293504,0,1280,652544,0,0,0,0,0,0,256,125760,384,1792,60608,0,0,0,110912,128,551,1291,782288332,633275921,1269056,0
1115,1116864,152512,102400,0,4800,24320,539136,246720,46976,27136,1089728,0,1408,533376,0,0,0,0,0,0,128,115776,256,1088,58112,0,0,0,71232,128,533,1227,289974849,2086129101,1065408,0
1116,1677184,160768,101952,0,3968,23744,742464,253952,390336,370240,1306944,0,1280,737280,0,0,0,0,0,0,128,116224,384,1024,64960,0,0,0,71104,128,536,1256,3987117308,210034154,1283200,0
1117,1116288,164480,102976,0,3904,24128,523136,250368,47296,27712,1088576,0,1280,517824,0,0,0,0,0,0,128,116544,320,1152,60608,0,0,0,71488,128,498,1194,421142743,1951858004,1064448,0
1118,1118656,151552,103168,0,3904,26496,498240,254400,80896,59584,1059072,0,1280,492928,0,0,0,0,0,0,192,115776,384,1088,63552,0,0,0,73280,128,536,1246,1676928516,2036025302,1032576,0
1119,1676992,159360,101952,0,4032,47616,754432,259776,349824,327936,1349056,0,1280,749056,0,0,0,0,0,0,128,117248,384,1152,67200,0,0,0,73536,128,532,1246,3013911646,3014419489,1301440,0
1120,1676992,164992,102208,0,4096,27584,610624,252224,515264,488768,1188224,0,1344,605312,0,0,0,0,0,0,192,116416,384,1152,60992,0,0,0,72960,128,490,1173,1282891233,1450295487,1160640,0
1121,1677120,152640,102144,0,4096,26624,665472,251840,474304,452672,1224448,0,1280,660288,0,0,0,0,0,0,192,115776,320,1088,59776,0,0,0,74560,128,520,1217,1010331434,931100442,1197824,0
1122,1676864,149568,101952,0,4096,12736,792384,245952,370176,348480,1328384,0,1344,787072,0,0,0,0,0,0,128,115968,384,1088,54976,0,0,0,73280,128,515,1190,3127808757,1918745066,1315648,0
1123,1676928,180544,102208,0,6464,27136,759552,256128,344896,323392,1353536,0,1280,754304,0,0,0,0,0,0,192,116672,384,1088,61248,0,0,0,76416,128,508,1177,3461130062,3018726881,1326400,0
1124,1116800,152512,102784,0,6464,12864,515520,255104,71552,49920,1066880,0,1344,510272,0,0,0,0,0,0,192,116800,320,1152,63680,0,0,0,72832,128,509,1180,611711213,4058939871,1054016,0
1125,2236800,623040,102336,0,5632,26560,814016,256256,408960,387328,1849472,0,1280,808768,0,0,0,0,0,0,192,116544,384,1088,63680,0,0,0,74240,128,510,1183,1803415033,90239684,1822912,0
1126,1677184,155648,102144,0,11200,27200,672768,251840,456384,435008,1242176,0,1280,667520,0,0,0,0,0,0,192,115456,384,1088,60288,0,0,0,74304,128,486,1128,931570744,1839509169,1214976,0
1127,1676928,140992,102464,0,4288,26816,725312,253568,423488,402176,1274752,0,1408,720000,0,0,0,0,0,0,192,116864,384,1088,60416,0,0,0,74496,128,488,1130,3173361210,218822426,1247936,0
1128,1677312,158848,101760,0,4480,26432,954624,249664,181504,159616,1517696,0,1344,949376,0,0,0,0,0,0,192,116288,320,1152,58432,0,0,0,73152,128,504,1159,874424008,454546587,1491264,0
1129,1676672,155584,101440,0,4480,27008,724800,238336,425024,403840,1272832,0,1280,719424,0,0,0,0,0,0,192,115520,320,1152,48384,0,0,0,72640,128,508,1159,295661125,1988121379,1245824,0
1130,2237184,254592,102080,0,5376,48512,1009728,250304,566592,544896,1692288,0,1280,1004480,0,0,0,0,0,0,128,116800,384,1152,57856,0,0,0,73856,128,504,1131,3200253499,801524527,1643776,0
1131,1677056,179392,103680,0,4672,27392,505472,296320,560128,538432,1138624,0,1344,500224,0,0,0,0,0,0,256,116288,40000,1728,60800,0,0,0,77120,128,515,1146,88805838,3525250714,1111232,0
1132,1116800,158528,103552,0,4608,26432,497856,292096,33728,12224,1104576,0,1280,492480,0,0,0,0,0,0,256,115520,46400,1728,51264,0,0,0,76800,128,512,1141,3867572710,3017899260,1078144,0
1133,1116800,139008,103680,0,4608,10176,492800,334272,32256,10624,1106176,0,1344,487360,0,0,0,0,0,0,384,116544,85504,2240,53888,0,0,0,75584,128,500,1130,934713766,2358644943,1096000,0
1134,1675328,172736,104000,0,4672,10176,488960,339264,555520,535680,1139648,0,1408,483712,0,0,0,0,0,0,384,117184,90048,2368,51520,0,0,0,77632,128,517,1157,398207356,2949524808,1129472,0
1135,1676992,134528,102272,0,4608,10368,539136,376768,509312,489536,1187456,0,1472,533248,0,0,0,0,0,0,640,116096,128384,2752,48512,0,0,0,80256,128,521,1170,780768206,1189856502,1177088,0
1136,1676928,184704,102336,0,7040,10624,632896,378496,360832,335424,1341504,0,1344,627584,0,0,0,0,0,0,448,116672,135488,2944,43712,0,0,0,79104,128,515,1162,3763315592,1572576457,1330880,0
1137,1677696,133120,102976,0,5888,10432,574656,367680,482944,462272,1215424,0,1408,569344,0,0,0,0,0,0,384,115712,135552,2624,32448,0,0,0,80768,192,506,1129,537608409,3671432125,1204992,0
1138,1676416,132992,103168,0,7168,10432,571456,367488,483712,463616,1212800,0,1408,566272,0,0,0,0,0,0,384,117056,135232,2944,32832,0,0,0,78912,128,508,1139,3574154152,4242322190,1202368,0
1139,1676928,132608,103040,0,7680,10112,581760,347712,494016,474112,1202816,0,1344,576320,0,0,0,0,0,0,384,116800,135680,2816,13696,0,0,0,78208,128,498,1117,2001330675,1308268930,1192704,0
1140,1676992,153216,103296,0,5440,10560,838272,368640,197568,177792,1499200,0,1408,832896,0,0,0,0,0,0,448,116416,135168,2752,33792,0,0,0,79936,128,498,1111,1083005164,191741230,1488640,0
1141,1678656,134016,102656,0,6464,34624,607296,369920,423680,399744,1278912,0,1280,601984,0,0,0,0,0,0,384,116160,135808,2944,32512,0,0,0,81984,128,498,1113,1971676370,3685611544,1244288,0
1142,1676928,133440,102400,0,5568,12672,580864,370560,471424,449856,1227072,0,1408,575552,0,0,0,0,0,0,384,117184,137152,2816,33280,0,0,0,79616,128,497,1112,1380736048,1875654790,1214400,0
1143,1677184,134272,103168,0,6464,12736,584000,312576,523968,502208,1174976,0,1344,578624,0,0,0,0,0,0,256,116480,90432,2240,25792,0,0,0,77248,128,497,1097,2353126401,1558391730,1162240,0
1144,1676800,182784,102720,0,5376,12864,653888,313536,405632,384256,1292544,0,1408,648640,0,0,0,0,0,0,384,115520,92096,2112,25728,0,0,0,77568,128,498,1104,1231401937,686641789,1279680,0
1145,1116544,133888,103488,0,4096,13184,525824,266048,70016,47424,1069120,0,1408,520512,0,0,0,0,0,0,320,116544,47104,1664,26240,0,0,0,73856,320,505,1099,3786442926,1910811656,1055936,0
1146,1116992,134656,102592,0,4928,12544,499392,273472,89408,67904,1049088,0,1280,494208,0,0,0,0,0,0,320,116096,47104,1664,34432,0,0,0,73728,128,505,1112,453579953,2031481256,1036544,0
1147,1677120,262976,102144,0,6400,12800,662720,224576,405504,383552,1293568,0,1408,657472,0,0,0,0,0,0,192,116224,320,1152,32192,0,0,0,74368,128,489,1072,1816051372,3274137272,1280768,0
1148,1116480,144384,102144,0,6208,12672,467648,212096,171328,149888,966592,0,1280,462464,0,0,0,0,0,0,192,116736,384,1216,21888,0,0,0,71552,128,479,1061,418204763,2553185380,953920,0
1149,1116736,161792,101632,0,5248,12672,538112,203840,93440,71936,1044800,0,1344,532864,0,0,0,0,0,0,128,116160,384,1152,13376,0,0,0,72512,128,483,1066,3862053466,2848022611,1032128,0
1150,1116800,153088,101696,0,13056,12672,545920,202880,87488,63040,1053760,0,1344,540480,0,0,0,0,0,0,192,115840,384,1024,13888,0,0,0,71424,128,480,1057,4167255508,1924901902,1041088,0
1151,1677056,152896,101504,0,6976,13120,601152,225024,576384,554880,1122176,0,1408,595840,0,0,0,0,0,0,192,116608,384,1216,33536,0,0,0,72960,128,491,1081,1791937066,1967346183,1109056,0
1152,1116672,133248,102976,0,3776,12864,471104,227584,165120,138240,978432,0,1280,466048,0,0,0,0,0,0,128,116096,384,1152,36352,0,0,0,73344,128,499,1090,1258143438,1276086030,965568,0
1153,1116928,132800,101888,0,3712,12480,482816,227072,156160,134720,982208,0,1280,477504,0,0,0,0,0,0,128,116544,384,1152,35840,0,0,0,72896,128,482,1061,3835248681,3911417856,969728,0
1154,1116672,134208,102336,0,6144,34112,489664,214976,135232,113920,1002752,0,1344,484480,0,0,0,0,0,0,128,116416,384,1152,25344,0,0,0,71424,128,480,1045,534870975,528865069,968640,0
1155,2237184,604992,102080,0,12544,12928,756992,237440,510208,488512,1748672,0,1280,751808,0,0,0,0,0,0,128,116352,448,1152,45120,0,0,0,74112,128,481,1057,2214435917,4018598466,1735744,0
1156,1116544,134656,101888,0,7296,10304,485504,230528,146368,124864,991680,0,1408,480256,0,0,0,0,0,0,128,116160,320,1088,43072,0,0,0,69568,192,484,1068,2999283550,1217454897,981376,0
1157,2235648,276480,102976,0,23680,27840,1080832,277440,446400,425664,1809984,0,2880,1071424,0,0,0,0,0,0,192,116608,384,1024,38400,0,0,0,120704,128,487,1076,2126844764,1590374405,1782144,0
1158,1676928,182592,102080,0,11840,24704,597952,274304,483456,461120,1215808,0,1280,592640,0,0,0,0,0,0,128,116096,384,1088,37632,0,0,0,118848,128,486,1073,2028101513,955853559,1191104,0
1159,1677056,168960,102208,0,3840,24576,603648,276288,497536,477696,1199360,0,1408,598208,0,0,0,0,0,0,128,116608,384,1216,38400,0,0,0,119424,128,483,1072,1911422364,3434610194,1174784,0
1160,1677056,158720,102656,0,6144,24832,598592,268416,517696,497856,1179200,0,1408,593344,0,0,0,0,0,0,64,116928,320,1024,33024,0,0,0,116928,128,473,1049,362266650,4012909655,1154368,0
1161,1676672,179520,102592,0,6848,10304,620032,268032,489344,469248,1207424,0,1280,614848,0,0,0,0,0,0,192,116288,384,1088,32512,0,0,0,117440,128,486,1070,2077884296,3544196136,1197120,0
1162,1676992,155072,102400,0,5056,10560,595840,268416,539648,519936,1157056,0,1344,590528,0,0,0,0,0,0,192,116224,448,1088,32128,0,0,0,118208,128,474,1052,2615702846,4229016084,1146496,0
1163,2238976,186112,101888,0,17280,26688,1200000,307264,399744,378304,1860672,0,1280,1194752,0,0,0,0,0,0,192,115456,384,1088,24640,0,0,0,165376,128,490,1075,3761900951,3151097989,1833984,0
1164,1677056,173376,102912,0,3904,48832,507840,309184,531008,509248,1167808,0,1344,502656,0,0,0,0,0,0,192,114752,384,1088,28160,0,0,0,164480,128,490,1068,1286281335,2939143450,1118976,0
1165,1676672,161536,102272,0,3840,26496,531968,309696,540864,518720,1157952,0,1344,526656,0,0,0,0,0,0,64,116288,320,1152,25792,0,0,0,165952,128,494,1106,2708229341,4289279553,1131456,0
1166,1677120,161280,102016,0,4480,26944,535552,268608,578240,556736,1120384,0,1280,530368,0,0,0,0,0,0,128,116288,384,1088,29440,0,0,0,121152,128,455,1055,233667673,233353216,1093440,0
1167,1117056,144832,102464,0,6080,12800,499840,274432,76608,55040,1062016,0,1280,494592,0,0,0,0,0,0,192,115072,384,1728,31488,0,0,0,125440,128,392,860,3407464383,4105024008,1049216,0
1168,1116800,131776,102336,0,10816,12992,520320,275712,62848,35840,1080960,0,1280,515072,0,0,0,0,0,0,192,115968,576,1664,30848,0,0,0,126336,128,394,869,389153133,58952864,1067968,0
1169,1677056,137920,102016,0,6144,13376,613824,284928,518848,497152,1179904,0,1408,608576,0,0,0,0,0,0,320,115200,448,1664,40448,0,0,0,126720,128,387,870,866077082,2563642956,1166528,0
1170,1676800,132288,102336,0,5184,12928,591552,280256,552256,530752,1146048,0,1344,586240,0,0,0,0,0,0,256,115136,384,1664,36864,0,0,0,125824,128,388,857,60405371,3178431012,1133120,0
1171,1677120,122752,102400,0,3776,12608,625280,283648,526656,504832,1172288,0,1408,620032,0,0,0,0,0,0,128,115200,384,1664,41408,0,0,0,124736,128,391,878,1833329918,4162361221,1159680,0
1172,1116736,122880,102080,0,3712,12736,571968,235904,67456,46272,1070464,0,1280,566720,0,0,0,0,0,0,256,116608,512,1600,38912,0,0,0,77824,192,391,874,1402384850,759311929,1057728,0
1173,1116608,125824,102016,0,3776,16448,570816,243072,54656,33216,1083392,0,1344,565632,0,0,0,0,0,0,256,115648,384,1600,42880,0,0,0,82176,128,385,865,2002894214,3933831385,1066944,0
1174,1116864,104000,102144,0,3776,16320,557504,242240,90880,69632,1047232,0,1344,552320,0,0,0,0,0,0,256,115776,512,1600,44544,0,0,0,79424,128,385,867,852499350,1700649601,1030912,0
1175,1116800,103296,102144,0,5952,16640,513664,241600,133504,111872,1004928,0,1408,508288,0,0,0,0,0,0,192,116160,576,1664,43584,0,0,0,79296,128,387,871,4253602751,3383551062,988288,0
1176,1116672,104192,102016,0,5952,16832,519680,244032,123968,102400,1014272,0,1344,514432,0,0,0,0,0,0,192,115328,512,1728,47040,0,0,0,79104,128,391,885,3910919375,4120724143,997440,0
1177,1116992,104256,102400,0,5056,37824,498304,241984,127168,105280,1011712,0,1344,493056,0,0,0,0,0,0,320,116032,448,1664,45056,0,0,0,78336,128,395,895,338901924,1574730544,973888,0
1178,1116672,104832,101568,0,3584,14400,477120,236096,179072,157376,959296,0,1344,471744,0,0,0,0,0,0,320,115520,512,1600,41344,0,0,0,76672,128,396,896,3969655698,1115257808,944896,0
1179,1116672,103744,102784,0,3584,14336,490944,238784,162496,140608,976064,0,1344,485696,0,0,0,0,0,0,256,115584,512,1664,43904,0,0,0,76736,128,402,911,696167551,1903127492,961728,0
1180,1116544,104064,102720,0,3584,14400,472448,238336,180992,159488,957056,0,1344,467200,0,0,0,0,0,0,128,116032,512,1536,43264,0,0,0,76736,128,401,910,2193389812,1074354647,942656,0
1181,1116544,103936,103296,0,4544,14528,470656,240384,179200,157632,958912,0,1408,465344,0,0,0,0,0,0,320,115840,384,1664,45888,0,0,0,76160,128,407,914,1168424106,2923342512,944384,0
1182,1116800,104768,103168,0,3648,17472,462976,241984,182784,161280,955520,0,1408,457728,0,0,0,0,0,0,256,116032,512,1664,44672,0,0,0,78720,128,417,928,67804508,4220842168,938048,0
1183,1116736,104768,102464,0,3776,17152,463168,241536,183872,162432,954304,0,1344,457856,0,0,0,0,0,0,128,115584,512,1536,44800,0,0,0,78848,128,421,940,2531947215,4015928689,937152,0
1184,1116864,104192,103040,0,3840,16960,459200,245440,184192,156992,959872,0,1408,454016,0,0,0,0,0,0,256,116032,448,1536,47424,0,0,0,79552,192,420,944,3214459612,3873454832,942912,0
1185,1116480,103424,103104,0,3840,16960,453760,244224,191168,169664,946816,0,1408,448448,0,0,0,0,0,0,320,115904,448,1664,47744,0,0,0,78016,128,419,941,827312208,2193571232,929856,0
1186,1116672,103936,102400,0,3712,18624,452864,248768,186368,164992,951680,0,1344,447488,0,0,0,0,0,0,256,115648,512,1728,46464,0,0,0,84032,128,419,941,2673907686,2884772198,933056,0
1187,1116608,104000,101952,0,3840,32640,453312,248192,172672,151168,965440,0,1280,448128,0,0,0,0,0,0,256,116544,512,1600,46912,0,0,0,82240,128,422,948,2602395548,1152572097,932800,0
1188,1116736,154112,101952,0,3776,18432,554368,250304,33792,12480,1104256,0,1408,549120,0,0,0,0,0,0,320,116416,512,1792,50304,0,0,0,80832,128,424,954,1880098156,2727676998,1085824,0
1189,1116800,104064,103360,0,3776,18752,502720,249024,135104,113472,1003328,0,1280,497344,0,0,0,0,0,0,256,117120,512,1600,49344,0,0,0,80064,128,425,955,3377712488,490708270,984576,0
1190,1116608,104064,103168,0,3840,19072,504192,247616,134656,113280,1003328,0,1408,498944,0,0,0,0,0,0,256,117056,576,1664,47296,0,0,0,80640,128,425,954,3412801072,2562538422,984256,0
1191,1116992,137984,103168,0,4864,19136,505088,246208,100544,78912,1038080,0,1280,499840,0,0,0,0,0,0,256,116608,384,1728,46336,0,0,0,80768,128,424,951,1859055253,974367214,1018944,0
1192,1116672,104064,102464,0,5888,40384,463040,246272,154560,133056,983616,0,1344,457728,0,0,0,0,0,0,256,116480,512,1664,47680,0,0,0,79552,128,422,946,1501981905,4235653433,943232,0
1193,1116928,104064,103488,0,5120,18560,455552,243840,186304,164800,952128,0,1408,450240,0,0,0,0,0,0,128,116096,448,1664,45184,0,0,0,80192,128,420,941,479907450,2639838306,933568,0
1194,1117056,104384,102848,0,3584,18880,457088,243776,186496,164544,952512,0,1344,451776,0,0,0,0,0,0,256,116416,448,1664,45248,0,0,0,79552,192,420,941,1866010217,2161723990,933632,0
1195,1116544,104256,102912,0,3520,18560,457536,241920,187840,166080,950464,0,1344,452416,0,0,0,0,0,0,192,116736,640,1600,43136,0,0,0,79488,128,419,937,95540277,715403333,931904,0
1196,1116736,104320,102912,0,3648,18560,455360,237568,194368,172928,943808,0,1344,450176,0,0,0,0,0,0,192,116480,384,1664,38976,0,0,0,79744,128,417,929,842028434,4051556339,925248,0
1197,1117440,104064,102272,0,3648,18688,466624,239360,182784,160512,956928,0,1344,461376,0,0,0,0,0,0,192,116736,384,1792,39872,0,0,0,80256,128,417,929,735488049,4002891568,938240,0
1198,1116096,104064,102912,0,3840,18816,489408,237120,159936,138432,977664,0,1408,484224,0,0,0,0,0,0,320,115712,448,1600,39680,0,0,0,79232,128,417,929,1197156634,1286523404,958848,0
1199,1116864,103744,102656,0,3840,19072,478976,236352,172224,150848,966016,0,1408,473664,0,0,0,0,0,0,256,116032,448,1536,37440,0,0,0,80512,128,415,922,2765418020,2916324019,946944,0
1200,1116928,102784,98304,0,3776,18880,479872,237120,176192,148864,968064,0,1280,474624,0,0,0,0,0,0,192,116480,448,1664,35584,0,0,0,82624,128,414,918,3009870698,2370917022,949184,0
1201,1676608,134848,102720,0,19520,17088,739008,249728,413696,392000,1284608,0,1344,733696,0,0,0,0,0,0,4032,116928,4544,2176,37440,0,0,0,84480,128,408,908,3374290693,2919410899,1267520,0
1202,1116864,113088,102720,0,4096,17600,509056,260928,109376,88064,1028800,0,1344,503616,0,0,0,0,0,0,3968,118784,4544,2240,50176,0,0,0,81088,128,402,892,48655980,3357565404,1011200,0
1203,1676928,122816,102912,0,4864,16768,674944,265216,489408,467840,1209088,0,1408,669696,0,0,0,0,0,0,4096,113728,4608,2240,56704,0,0,0,83712,128,409,911,2579035382,1695088157,1192320,0
1204,1676928,104896,104832,0,3968,17280,599616,264832,581504,559168,1117760,0,1280,594432,0,0,0,0,0,0,3840,114176,4608,2240,58112,0,0,0,81728,128,418,937,3330414077,2623710915,1100480,0
1205,1677248,104576,102848,0,6272,17408,550016,368384,527744,505984,1171264,0,1408,544768,0,0,0,0,0,0,85184,113024,31808,2752,51840,0,0,0,83648,128,444,995,824283194,4106558486,1153856,0
1206,1676672,104896,103360,0,5312,39552,542080,362432,519040,497408,1179264,0,1408,536704,0,0,0,0,0,0,85760,114112,31488,2496,44736,0,0,0,83712,128,430,974,621675089,3746113300,1139712,0
1207,1676992,104384,104384,0,3904,17536,548032,366144,532608,510976,1166016,0,1344,542784,0,0,0,0,0,0,86016,113920,31488,2752,46656,0,0,0,85184,128,436,978,3581288073,4170037230,1148480,0
1208,1676992,104128,105216,0,3776,19776,537280,365824,540992,519168,1157824,0,1536,531456,0,0,0,0,0,0,86400,114304,31424,2752,44992,0,0,0,85824,128,437,979,1082966294,3217960545,1138048,0
1209,1676928,104832,102976,0,4288,19136,534848,356992,553856,532224,1144704,0,1344,529536,0,0,0,0,0,0,86144,114240,31424,2688,36736,0,0,0,85632,128,435,972,2650439603,1796367784,1125568,0
1210,1676928,105472,104960,0,4416,19456,534912,356800,550912,529408,1147520,0,1344,529792,0,0,0,0,0,0,86272,114496,31552,2752,36992,0,0,0,84608,128,440,977,3129484587,2488252971,1128064,0
1211,1676928,105344,104768,0,4992,19392,539904,353216,549312,527552,1149376,0,1344,534656,0,0,0,0,0,0,85504,113856,31680,2816,34816,0,0,0,84416,128,434,961,26441745,2297933643,1129984,0
1212,1677056,104448,104896,0,6400,19712,534336,354560,552704,530752,1146304,0,1280,528960,0,0,0,0,0,0,86272,113984,31744,2880,34496,0,0,0,85056,128,433,966,3186994667,2508279394,1126592,0
1213,1677056,104448,105344,0,3840,19072,545280,358336,540736,519040,1158016,0,1344,540032,0,0,0,0,0,0,86656,114624,31552,2688,34368,0,0,0,88320,128,415,950,3660650185,1816581963,1138944,0
1214,1676928,104704,105792,0,3904,19328,544768,354112,544320,522816,1154112,0,1344,539520,0,0,0,0,0,0,85952,114432,31616,2816,34688,0,0,0,84480,128,432,969,804103838,2618975026,1134784,0
1215,1676864,102912,105216,0,15552,34496,706112,448512,264064,242560,1434304,0,1344,700800,0,0,0,0,0,0,87872,114560,102976,2688,55680,0,0,0,84608,128,439,982,2235360987,3569395683,1399808,0
1216,1677184,103104,105088,0,6848,35328,467072,384640,575104,548096,1129088,0,1344,461760,0,0,0,0,0,0,32064,113152,100288,2752,52416,0,0,0,83776,192,418,914,70294087,1096633526,1093760,0
1217,1676992,121024,108800,0,5824,55232,591808,417856,376448,354688,1322304,0,1344,586368,0,0,0,0,0,0,32448,119552,107072,2880,68672,0,0,0,87104,128,398,874,246484308,1115095866,1267072,0
1218,1676864,101888,105280,0,7616,34624,588992,438144,400320,378240,1298624,0,1344,583744,0,0,0,0,0,0,32704,113408,102208,2752,103808,0,0,0,83136,128,427,973,3282931986,1855615037,1264000,0
1219,1676928,102784,105344,0,8256,34432,525120,425408,475584,453696,1223232,0,1408,519872,0,0,0,0,0,0,32512,114112,99520,2816,93248,0,0,0,83072,128,433,976,3047772734,812150252,1188800,0
1220,1676992,102336,105536,0,8512,34944,506368,430784,488512,466624,1210368,0,1408,500992,0,0,0,0,0,0,32576,113664,101504,2752,96768,0,0,0,83392,128,434,980,2216461595,4013340504,1175424,0
1221,1676864,103232,105152,0,5568,34304,483264,406336,539008,517120,1159744,0,1344,478016,0,0,0,0,0,0,3968,113920,102848,2624,101056,0,0,0,81792,128,436,996,3100363036,4025340940,1125440,0
1222,1676800,103360,105536,0,5696,34496,462656,413120,551936,530432,1146368,0,1408,457344,0,0,0,0,0,0,4032,114816,104704,2624,103616,0,0,0,83200,128,440,991,3803565600,2383831374,1111872,0
1223,1676928,103168,105856,0,4992,32256,489344,412288,529024,507520,1169408,0,1344,484032,0,0,0,0,0,0,4032,114176,104384,2688,107456,0,0,0,79424,128,446,1027,2678626136,1537184438,1137152,0
1224,1677184,103808,105920,0,3648,32256,482176,429504,519872,497856,1179328,0,1344,477056,0,0,0,0,0,0,4352,113984,106560,2432,122688,0,0,0,79360,128,447,1022,4260588336,688670298,1147072,0
1225,1676864,141248,105344,0,11392,32448,646336,504896,235200,213184,1463680,0,1280,640960,0,0,0,0,0,0,47552,114624,104512,3136,150144,0,0,0,84800,128,443,1013,3628205237,3188854897,1431232,0
1226,1676992,107264,105600,0,3840,32704,519424,500352,407808,386432,1290560,0,1408,513984,0,0,0,0,0,0,46464,114176,104896,2880,147648,0,0,0,84160,128,464,1065,2766422028,3414905207,1257856,0
1227,1677248,117184,104960,0,3840,53952,509120,534848,353344,331456,1345792,0,1280,504064,0,0,0,0,0,0,46464,114240,104960,3136,181952,0,0,0,83968,128,452,1062,105634323,415349329,1291840,0
1228,1676608,118976,105280,0,3712,32768,526592,534720,354560,332800,1343808,0,1344,521152,0,0,0,0,0,0,47040,113920,104512,2816,181440,0,0,0,84864,128,448,1050,1810564386,2567871944,1311040,0
1229,1676736,106368,105344,0,3904,32768,517504,519232,391616,370176,1306560,0,1344,512192,0,0,0,0,0,0,47360,113792,104576,3072,166016,0,0,0,84288,128,450,1044,2842321982,14264293,1273792,0
1230,1677184,117696,104768,0,6208,33024,537600,519808,358080,336640,1340544,0,1408,531712,0,0,0,0,0,0,47360,114048,106560,2944,161600,0,0,0,87168,128,454,1053,3657200584,30469620,1307520,0
1231,1676672,137984,104832,0,5056,34688,652160,468288,273664,252032,1424640,0,1280,646912,0,0,0,0,0,0,47616,114112,72640,2304,145920,0,0,0,85568,128,443,1033,1936377297,3550960269,1389952,0
1232,1676928,110592,109696,0,3712,35328,589312,477568,350720,323968,1352960,0,1408,584128,0,0,0,0,0,0,47168,114304,73216,2496,152768,0,0,0,87424,192,445,1040,1502307448,1478332491,1317632,0
1233,1677248,117248,105408,0,4544,34624,581376,340928,493120,471488,1205760,0,1344,576128,0,0,0,0,0,0,47296,113920,512,2176,95616,0,0,0,81280,128,428,978,2681759399,922879433,1171136,0
1234,1676928,119360,105152,0,5824,34816,575552,343936,492288,470592,1206336,0,1344,570304,0,0,0,0,0,0,47552,113664,576,1920,99968,0,0,0,80128,128,429,976,3660892880,1227642336,1171520,0
1235,1676800,107264,105024,0,4864,34816,568128,330176,526528,504832,1171968,0,1408,562880,0,0,0,0,0,0,47744,113600,640,1920,85888,0,0,0,80256,128,432,982,515039148,3285759227,1137152,0
1236,1677184,117696,105216,0,3456,34368,600640,310656,505152,483520,1193664,0,1280,595328,0,0,0,0,0,0,47488,113856,576,2048,65600,0,0,0,80960,128,431,981,1216884463,34600779,1159296,0
1237,1676864,119808,105216,0,3456,34688,564736,309632,539328,517760,1159104,0,1408,559424,0,0,0,0,0,0,46848,113280,640,2048,65344,0,0,0,81344,128,430,983,1265388764,1716329223,1124416,0
1238,1677184,108224,105280,0,3584,54400,724352,404736,276608,254784,1422400,0,1408,719104,0,0,0,0,0,0,47104,113216,73216,2432,85120,0,0,0,83520,128,443,1022,4160743592,3349356484,1368000,0
1239,1676672,137984,105536,0,3520,33792,654272,361088,380480,358848,1317824,0,1344,648896,0,0,0,0,0,0,47360,112896,73216,2432,42304,0,0,0,82752,128,444,1013,1829900316,3569573964,1284032,0
1240,1676928,122240,105536,0,10496,33664,651648,390464,362880,341440,1335488,0,1408,646464,0,0,0,0,0,0,47360,113088,73472,2496,69824,0,0,0,84096,128,448,1013,562591606,1706672687,1301824,0
1241,1676992,104192,106112,0,3648,33152,521280,368320,540288,518720,1158272,0,1344,515968,0,0,0,0,0,0,47424,112640,72640,2496,49600,0,0,0,83392,128,446,1010,2856333954,918099947,1125120,0
1242,1676992,103872,104960,0,3584,33600,530816,369792,530368,507968,1169024,0,1280,525568,0,0,0,0,0,0,47168,112448,73536,2496,51328,0,0,0,82688,128,444,1003,2155058177,439232996,1135424,0
1243,1676864,104064,105024,0,3712,33856,546688,372224,511296,489920,1186944,0,1408,541376,0,0,0,0,0,0,46784,112448,73472,2496,54528,0,0,0,82368,128,441,1002,2272695281,1472520217,1153088,0
1244,1677056,104384,105344,0,3584,33984,533120,381760,514880,493056,1184000,0,1344,527872,0,0,0,0,0,0,47296,113408,72640,2496,62528,0,0,0,83264,128,439,986,3933422427,2742271633,1150016,0
1245,1676736,104448,105280,0,3648,33280,537472,372864,519744,498048,1178688,0,1920,531584,0,0,0,0,0,0,47424,112128,72576,2496,54912,0,0,0,83200,128,444,1007,216814917,2776304431,1145408,0
1246,1676864,104640,105280,0,5824,31360,560000,372352,497408,475712,1201152,0,1344,554816,0,0,0,0,0,0,46592,112960,73408,2624,55424,0,0,0,81216,128,441,993,304795106,4203437346,1169792,0
1247,1677120,104448,107520,0,5824,31296,548224,372352,507456,485696,1191424,0,1344,542784,0,0,0,0,0,0,47808,113280,72768,2496,54848,0,0,0,80960,192,441,997,2261196498,892381942,1160128,0
1248,1676992,104512,104832,0,3520,10752,591808,367936,493632,467072,1209920,0,1408,586368,0,0,0,0,0,0,46912,112384,72832,2624,56832,0,0,0,76160,192,441,1001,3492213725,538182985,1199168,0
1249,1675520,104064,105536,0,3456,32256,585216,360768,484224,464128,1211392,0,1408,579776,0,0,0,0,0,0,47424,112512,73600,2560,48448,0,0,0,76096,128,438,988,4169617880,1287066011,1179136,0
1250,1676992,164032,105216,0,5760,24064,638400,352384,387136,366720,1310272,0,1280,633088,0,0,0,0,0,0,44288,112384,72640,2176,46400,0,0,0,74368,128,431,971,1894315532,2858085186,1286208,0
1251,1676608,103296,105344,0,4224,10624,547008,342848,563264,543680,1132928,0,1408,541888,0,0,0,0,0,0,44672,112384,72576,2176,36224,0,0,0,74688,128,431,977,1665553534,2350912231,1122304,0
1252,1676928,103552,104832,0,2176,10816,544832,340032,570688,550848,1126080,0,1344,539648,0,0,0,0,0,0,44160,111104,72832,2112,35584,0,0,0,74112,128,438,992,62078688,2522093974,1115264,0
1253,1118528,138176,106176,0,2112,12864,484288,323840,51072,29632,1088896,0,1280,479040,0,0,0,0,0,0,44224,112704,71872,2240,16960,0,0,0,75712,128,429,974,1415889373,846646440,1076032,0
1254,1116736,123456,106048,0,2112,12928,496576,324224,51392,29888,1086848,0,1408,491456,0,0,0,0,0,0,44288,111872,72384,2304,17088,0,0,0,76160,128,424,963,2594913529,4182657233,1073920,0
1255,1116928,104064,105856,0,2112,13120,480000,320128,91648,70080,1046848,0,1344,474816,0,0,0,0,0,0,44288,112448,72000,2240,14016,0,0,0,75008,128,424,966,2880760393,440616363,1033728,0
1256,1116928,103808,106112,0,2048,12928,489472,320128,82432,60480,1056448,0,1344,484288,0,0,0,0,0,0,44224,111488,73024,2048,14592,0,0,0,74624,128,428,970,1135003458,1423749384,1043520,0
1257,1677440,123584,104832,0,14912,12992,621888,332096,467136,444544,1232896,0,1344,616768,0,0,0,0,0,0,45248,112768,72320,2112,23296,0,0,0,76224,128,434,983,4122737573,2105763223,1219904,0
1258,1116032,103360,106176,0,3712,12864,478976,347904,63040,41344,1074688,0,1280,473728,0,0,0,0,0,0,44352,113280,72448,2240,39296,0,0,0,76160,128,438,990,1207773842,3647986548,1061824,0
1259,1116800,103680,105152,0,3712,13184,475136,337728,78208,56384,1060416,0,1408,469824,0,0,0,0,0,0,44352,112320,72640,2240,30528,0,0,0,75520,128,436,979,3542984593,2595206155,1047232,0
1260,1116864,103744,105664,0,3648,13312,464832,338560,87104,65344,1051520,0,1408,459584,0,0,0,0,0,0,44736,112320,72640,2176,30400,0,0,0,76160,128,431,960,2837547937,3667352175,1038208,0
1261,1116736,104512,105920,0,3648,12992,462336,337984,89344,67776,1048960,0,1344,457152,0,0,0,0,0,0,44288,112384,72512,2048,30208,0,0,0,76416,128,425,953,2679650940,914314445,1035968,0
1262,1116864,104512,104832,0,3712,34112,469312,338112,62272,40512,1076352,0,1408,464000,0,0,0,0,0,0,44800,112384,72768,2176,30208,0,0,0,75648,128,430,949,25039258,2802756663,1042240,0
1263,1676928,104000,105152,0,3648,13440,533568,337728,579392,557504,1119424,0,1408,528448,0,0,0,0,0,0,44096,112576,72448,2048,30720,0,0,0,75712,128,433,953,39709668,613498300,1105984,0
1264,1676992,121792,105280,0,6016,13120,591104,340928,498752,471680,1205312,0,1408,585728,0,0,0,0,0,0,44224,111936,72576,2368,30528,0,0,0,79168,128,437,981,3958907631,3797438374,1192192,0
1265,1676992,248128,104704,0,12864,13056,638144,345280,314816,293120,1383872,0,1344,632896,0,0,0,0,0,0,44160,112832,73408,2304,35648,0,0,0,76800,128,516,1227,2237937354,2448541706,1370816,0
1266,1676736,133696,105088,0,3648,12928,546816,345856,528704,507008,1169728,0,1280,541504,0,0,0,0,0,0,44672,112768,72960,2240,35712,0,0,0,77376,128,573,1345,898542334,3751328587,1156800,0
1267,1677120,152192,104960,0,5888,12800,628480,345984,426816,404736,1272384,0,1344,623232,0,0,0,0,0,0,44224,112896,72640,2240,36160,0,0,0,77696,128,567,1304,2541419021,2205733416,1259584,0
1268,1676864,133184,104832,0,6144,10688,532096,342080,547840,526080,1150784,0,1344,526784,0,0,0,0,0,0,43968,111744,72768,2240,35136,0,0,0,76096,128,561,1288,1556527377,582078629,1140096,0
1269,1675392,133312,104768,0,3520,11264,533184,343808,545536,525824,1149568,0,1408,527808,0,0,0,0,0,0,43904,113344,72704,2176,35840,0,0,0,75712,128,553,1269,2205648631,1292570817,1138304,0
1270,1676800,133440,104768,0,6336,10816,534912,341632,544896,524928,1151872,0,1408,529600,0,0,0,0,0,0,44160,111680,72384,2176,35392,0,0,0,75712,128,553,1273,1964324001,2147596731,1141056,0
1271,1677184,133312,104896,0,4096,10432,538752,342976,542720,522688,1154496,0,1408,532928,0,0,0,0,0,0,44416,112512,72960,2240,34816,0,0,0,75904,128,552,1271,3443291675,2172955276,1144064,0
1272,1676928,153088,105088,0,2112,10560,604864,331456,469760,450240,1226688,0,1408,599680,0,0,0,0,0,0,44864,111424,72192,2176,24960,0,0,0,75712,128,548,1263,2473773688,930306842,1216128,0
1273,1678592,133632,104960,0,2048,37120,536256,321024,543552,521600,1156992,0,1280,531072,0,0,0,0,0,0,44032,111936,72576,2048,13760,0,0,0,76544,128,543,1247,2006433044,2259801756,1119872,0
1274,1676736,134016,105472,0,2624,14848,536832,321984,560960,539328,1137408,0,1280,531648,0,0,0,0,0,0,44544,111552,72832,2112,13696,0,0,0,77120,128,548,1256,3279529614,3726525005,1122560,0
1275,1677056,153920,105600,0,2112,14912,654720,321728,424064,402752,1274304,0,1280,649408,0,0,0,0,0,0,44096,112256,72576,2176,14016,0,0,0,76480,128,546,1249,2692796869,173935548,1259392,0
1276,1676672,133696,105152,0,2112,17792,552832,323456,541632,520000,1156672,0,1408,547648,0,0,0,0,0,0,44096,110848,73536,2240,14016,0,0,0,78592,128,552,1267,2886651607,258578474,1138880,0
1277,1676864,132992,105536,0,2112,29824,573824,324672,507904,486400,1190464,0,1280,568448,0,0,0,0,0,0,44224,111552,72640,2240,13952,0,0,0,79936,128,548,1257,3190998915,2437073216,1160640,0
1278,1116992,134272,105088,0,2112,12992,499968,324224,38336,13504,1103488,0,1408,494784,0,0,0,0,0,0,44736,113152,73152,2240,14400,0,0,0,76416,128,548,1255,1986830328,934456976,1090496,0
1279,1116736,134464,106048,0,2112,13056,482496,321856,56704,35072,1081664,0,1344,477248,0,0,0,0,0,0,44416,112640,72448,2240,13824,0,0,0,76160,128,552,1252,539287780,427449232,1068608,0
1280,1116864,134912,105856,0,2176,13056,485056,336064,39744,12864,1104000,0,1344,479936,0,0,0,0,0,0,44160,126656,73216,2240,13824,0,0,0,75840,128,546,1240,3794587327,4271685619,1090944,0
1281,1116864,133632,108672,0,3008,12864,491776,323008,43904,22400,1094464,0,1408,486528,0,0,0,0,0,0,43968,112640,72896,2176,14336,0,0,0,76864,128,549,1253,3928139815,2485615690,1081600,0
1282,1116736,133632,105088,0,2112,13120,478272,322112,62400,40768,1075968,0,1344,473024,0,0,0,0,0,0,44480,111424,72768,2240,14336,0,0,0,76672,192,551,1261,3682421795,1759045301,1062848,0
1283,1116736,133760,106368,0,2176,12480,479680,320960,61312,39488,1077248,0,1344,474688,0,0,0,0,0,0,44544,111296,72576,2176,14336,0,0,0,75904,128,547,1247,128083454,4187187474,1064768,0
1284,1116480,134208,105664,0,2112,13248,495424,322368,43456,22080,1094400,0,1344,490112,0,0,0,0,0,0,44032,112768,72832,2176,13376,0,0,0,77056,128,540,1234,22099428,1077799083,1081152,0
1285,1116864,134144,105792,0,2048,13056,508800,323520,29504,7680,1109184,0,1280,503616,0,0,0,0,0,0,43904,113088,72704,2240,14464,0,0,0,76992,128,542,1238,2128937527,3295780678,1096128,0
1286,1676992,153536,105792,0,2112,34624,562240,336192,482496,460800,1216192,0,1344,557056,0,0,0,0,0,0,44288,112512,72768,2240,26304,0,0,0,77952,128,543,1251,3425337341,1956749010,1181568,0
1287,1116672,134208,106176,0,2112,13312,483072,334336,43456,21824,1094848,0,1344,477760,0,0,0,0,0,0,44480,112256,72768,2048,25728,0,0,0,76928,128,554,1277,441222343,2832740213,1081536,0
1288,1677248,171776,105024,0,2112,13312,632512,335424,417088,395264,1281984,0,1344,627072,0,0,0,0,0,0,44352,112192,72384,2240,25536,0,0,0,78592,128,539,1262,852781874,3800819449,1268672,0
1289,1116352,133824,105792,0,2112,12736,460544,333120,68224,46528,1069824,0,1344,455296,0,0,0,0,0,0,44416,111424,72384,2240,25472,0,0,0,77056,128,532,1249,4188461437,590055006,1057088,0
1290,1677184,215616,104896,0,13888,12928,871168,262208,196480,172608,1504576,0,2560,861888,0,0,0,0,0,0,43968,116224,512,1728,25920,0,0,0,73728,128,506,1142,965808421,2601646105,1491648,0
1291,1676800,181632,104704,0,3584,10816,569088,261312,545664,524096,1152704,0,1344,563840,0,0,0,0,0,0,44736,115904,448,1664,25152,0,0,0,73280,128,501,1124,744076651,539426264,1141888,0
1292,1115392,132864,105920,0,3520,10496,508928,258752,94912,74880,1040512,0,1408,503552,0,0,0,0,0,0,44032,115904,512,1600,25408,0,0,0,71168,128,500,1122,2706115073,1069325881,1030016,0
1293,1116480,158400,106176,0,3520,10496,522560,259264,56064,36672,1079808,0,1344,517248,0,0,0,0,0,0,44224,116544,576,1664,25152,0,0,0,70976,128,495,1104,2781475891,3016860589,1069312,0
1294,1117120,144832,104960,0,3584,11136,534528,264960,53120,33280,1083840,0,1280,529472,0,0,0,0,0,0,43840,115648,576,1728,32192,0,0,0,70848,128,506,1118,513430080,1169087040,1072704,0
1295,1116672,133184,105152,0,3456,10624,552512,257216,54528,34624,1082048,0,1344,547264,0,0,0,0,0,0,44288,116864,576,1728,22080,0,0,0,71552,128,518,1132,3825035934,3182608805,1071424,0
1296,1676992,153792,104832,0,3584,10560,686080,246784,471360,446272,1230720,0,1408,680960,0,0,0,0,0,0,44608,113600,512,1728,13504,0,0,0,72704,128,512,1119,2765082667,1164293821,1220160,0
1297,1116864,132160,105088,0,3392,10880,534976,244928,85440,65344,1051520,0,1408,529728,0,0,0,0,0,0,44224,114112,512,1664,13760,0,0,0,70528,128,515,1127,1451250515,2600173647,1040640,0
1298,1678720,160896,104832,0,3520,13120,634688,252032,509632,488000,1190720,0,1344,629376,0,0,0,0,0,0,44608,113792,512,1600,13888,0,0,0,77504,128,514,1123,1444839474,3691074989,1177600,0
1299,1677056,128960,105152,0,10112,32000,600704,390400,409728,387904,1289152,0,1344,595328,0,0,0,0,0,0,44736,146304,102912,2240,14976,0,0,0,79040,192,512,1125,2089199656,3490422660,1257152,0
1300,1675264,144256,105280,0,4544,10880,582848,372096,455360,435392,1239872,0,1344,577728,0,0,0,0,0,0,44608,146368,90048,2368,14912,0,0,0,73600,192,513,1130,3605733009,1133738790,1228992,0
1301,1676672,153216,105024,0,12864,11136,669056,385664,339712,319616,1357056,0,1344,663872,0,0,0,0,0,0,44416,147264,89920,2240,26176,0,0,0,75520,128,522,1150,1805741020,142220859,1345920,0
1302,1677056,151488,105472,0,6464,10752,702400,390400,310080,289920,1387136,0,1408,697088,0,0,0,0,0,0,44288,146560,90176,2304,31296,0,0,0,75648,128,532,1171,697366488,1185590422,1376384,0
1303,1676992,144192,105408,0,4160,10624,567360,294592,550656,530752,1146240,0,1344,562112,0,0,0,0,0,0,44288,145152,512,1664,30976,0,0,0,71872,128,527,1159,1749167634,3262007026,1135616,0
1304,1116800,129920,105600,0,2048,10496,508480,294528,65728,45824,1070976,0,1344,503168,0,0,0,0,0,0,44032,146112,512,1664,31104,0,0,0,70976,128,527,1161,2410895070,2994312418,1060480,0
1305,1677120,153728,104960,0,2176,10560,573312,294720,537664,517952,1159168,0,1344,568000,0,0,0,0,0,0,43968,146560,512,1664,29952,0,0,0,71936,128,508,1133,3136260500,593024086,1148608,0
1306,1116736,133056,105984,0,2048,10816,463936,294016,106880,86848,1029888,0,1408,458816,0,0,0,0,0,0,44160,144768,576,1728,30656,0,0,0,72000,128,507,1132,3179057011,2034644311,1019072,0
1307,1116672,132992,105920,0,2112,23808,492864,295360,63616,43584,1073088,0,1280,487680,0,0,0,0,0,0,44352,145152,576,1600,31104,0,0,0,72448,128,507,1133,2524995682,1456380648,1049280,0
1308,1116736,143296,105536,0,2176,10624,464896,295168,95040,75200,1041536,0,1344,459648,0,0,0,0,0,0,44160,145728,512,1472,30720,0,0,0,72448,128,503,1122,2804506117,2211900224,1030912,0
1309,1116736,129024,105216,0,2048,10624,467840,294848,107136,87040,1029696,0,1408,462656,0,0,0,0,0,0,44288,145408,576,1600,30400,0,0,0,72448,128,502,1115,507849632,2438200780,1019072,0
1310,1116800,143424,106048,0,2112,10432,466304,294080,94400,74304,1042496,0,1344,461056,0,0,0,0,0,0,44608,145088,576,1600,30272,0,0,0,71808,128,503,1118,4144509981,866591628,1032064,0
1311,1116800,133248,105856,0,2112,10496,501248,294592,69248,49088,1067712,0,1344,496000,0,0,0,0,0,0,44352,145664,512,1664,30400,0,0,0,71872,128,504,1121,1354330164,3377912190,1057216,0
1312,1116800,133120,105280,0,2112,31872,466560,294720,83136,57856,1058944,0,1280,461376,0,0,0,0,0,0,44032,145920,448,1728,30464,0,0,0,72000,128,502,1115,3917649406,832505736,1027072,0
1313,1676992,168256,104512,0,2176,10624,594944,294080,502400,482752,1194240,0,1280,589696,0,0,0,0,0,0,43648,144640,576,1536,30656,0,0,0,72896,128,493,1111,3155538699,375013050,1183616,0
1314,1676992,166144,105408,0,10560,10880,652928,294848,436224,416064,1260928,0,1408,647552,0,0,0,0,0,0,44096,145984,576,1600,30272,0,0,0,72192,128,512,1130,621595528,3365293448,1250048,0
1315,1116736,143488,104960,0,3520,10496,497792,297024,59456,39168,1077568,0,1280,492480,0,0,0,0,0,0,44032,146048,576,1664,29632,0,0,0,74944,128,506,1116,1723853863,3560410622,1067072,0
1316,1116672,144320,105344,0,3584,10496,442048,276608,134272,114560,1002112,0,1408,436928,0,0,0,0,0,0,43712,146176,512,1728,13760,0,0,0,70592,128,509,1117,191257558,4267717117,991616,0
1317,1677312,133824,105024,0,10432,10944,607808,297472,511808,491584,1185728,0,1344,602496,0,0,0,0,0,0,44032,144960,512,1664,33856,0,0,0,72320,128,506,1123,2196915653,1547630437,1174784,0
1318,1676544,144128,104256,0,4544,9856,593088,252864,567808,547840,1128704,0,1344,587840,0,0,0,0,0,0,128,144256,384,1216,37504,0,0,0,69248,128,494,1114,623022737,3051105124,1118848,0
1319,1676864,152896,104384,0,4160,10176,797888,269120,338240,318528,1358336,0,1344,792704,0,0,0,0,0,0,192,144256,384,1152,52608,0,0,0,70400,128,505,1147,264005923,4046338428,1348160,0
1320,1116928,182592,105600,0,12224,10496,494656,245440,65920,46144,1070784,0,1280,489280,0,0,0,0,0,0,256,139840,320,1152,35200,0,0,0,68544,128,509,1155,1876294265,2048260774,1060288,0
1321,1116672,132480,104640,0,5952,10176,473280,246272,143872,123840,992832,0,1408,467968,0,0,0,0,0,0,256,140352,384,1088,35072,0,0,0,68992,128,508,1154,315907687,1882267894,982656,0
1322,1676992,160064,104640,0,12736,10432,664640,245952,478528,458624,1218368,0,1344,659328,0,0,0,0,0,0,192,140352,384,1088,34752,0,0,0,69056,128,506,1152,1090395882,3045684924,1207936,0
1323,1116864,163456,104960,0,3584,10176,446272,245504,142912,123200,993664,0,1280,440832,0,0,0,0,0,0,256,139712,448,1152,34816,0,0,0,68992,128,516,1150,217544138,629953510,983488,0
1324,1117056,145792,104960,0,3520,10048,440832,250624,161280,141184,975872,0,1280,435584,0,0,0,0,0,0,128,146560,320,1152,34432,0,0,0,67904,128,522,1164,1222012844,2551240321,965824,0
1325,1116736,133824,105024,0,3584,31296,392320,252608,198080,178624,938112,0,1408,387072,0,0,0,0,0,0,192,146752,384,1216,35136,0,0,0,68800,128,508,1132,2166109686,3159336132,906816,0
1326,1116672,134144,104512,0,3456,10112,406912,251968,205568,185792,930880,0,1280,401728,0,0,0,0,0,0,128,146880,448,1152,34304,0,0,0,68928,128,505,1125,1556457357,3404984032,920768,0
1327,1116736,144384,105216,0,10432,10048,514432,244224,88000,68032,1048704,0,1408,509184,0,0,0,0,0,0,256,143680,384,1152,30208,0,0,0,68352,192,479,1069,263390745,1101673851,1038656,0
1328,2237504,637184,104640,0,7616,27328,1102272,293952,64512,37312,2200192,0,2880,1092928,0,0,0,0,0,0,128,145600,320,1216,75136,0,0,0,71360,192,516,1136,19515203,1871926682,2172864,0
1329,1116672,159232,105536,0,11904,23168,452416,312448,51968,31744,1084928,0,1280,447104,0,0,0,0,0,0,256,140352,40192,1664,57152,0,0,0,72704,128,518,1140,2570262593,1695211504,1061760,0
1330,1116800,136832,105536,0,4032,23552,452160,314432,80256,60416,1056384,0,1344,446848,0,0,0,0,0,0,320,140800,46208,1536,52544,0,0,0,72896,128,521,1149,2868983177,2244826237,1032832,0
1331,1116864,137664,105984,0,4032,23104,437504,365696,42880,23168,1093696,0,1344,432320,0,0,0,0,0,0,384,140288,85248,2240,63424,0,0,0,73984,128,526,1164,2718658407,1881450782,1070592,0
1332,1116672,170304,105664,0,3968,10176,443328,353728,29504,9600,1107072,0,1280,437952,0,0,0,0,0,0,320,140608,91136,2240,44992,0,0,0,74304,128,530,1176,4257219135,2612533369,1096896,0
1333,1676992,155328,105472,0,6272,10432,447360,397568,554560,532416,1144576,0,1344,442240,0,0,0,0,0,0,384,141184,129280,2624,45376,0,0,0,78592,128,533,1183,3275135816,2456630561,1134144,0
1334,1677056,130880,105728,0,5312,10112,517632,407872,499520,479424,1197632,0,1280,512320,0,0,0,0,0,0,512,146496,133888,2816,47424,0,0,0,76608,128,524,1188,381971332,2048871416,1187520,0
1335,1676928,159552,106304,0,3840,10368,470976,405760,520128,500096,1176832,0,1344,465664,0,0,0,0,0,0,384,146752,135104,2688,43520,0,0,0,77120,192,534,1199,2470705957,1734265375,1166464,0
1336,1676288,154624,104896,0,4736,10176,551232,410048,440576,419648,1256640,0,1344,545920,0,0,0,0,0,0,448,146240,136768,2688,47424,0,0,0,76288,192,537,1208,3517308376,2373964409,1246464,0
1337,1677312,133440,104832,0,3840,44544,533696,397568,459392,438336,1238976,0,1344,528384,0,0,0,0,0,0,448,146752,136064,2816,35072,0,0,0,76288,128,521,1189,2713773122,2775993199,1194432,0
1338,1676800,145344,105280,0,6144,10048,588928,399360,421696,401728,1275072,0,1344,583744,0,0,0,0,0,0,320,147456,136832,2688,35136,0,0,0,76800,128,452,1057,3485712454,2103643172,1265024,0
1339,1676992,130944,105088,0,5120,10368,594304,397632,433536,413568,1263424,0,1280,589056,0,0,0,0,0,0,448,146048,136000,2880,35072,0,0,0,77056,128,392,928,3037908763,408799035,1253056,0
1340,1676672,145088,105024,0,3776,10176,541248,399424,471936,452288,1224384,0,1280,536000,0,0,0,0,0,0,448,145728,136192,2880,38080,0,0,0,75968,128,374,878,628725490,2241390295,1214208,0
1341,1677248,134016,105216,0,6080,10496,531840,352256,537344,516992,1160256,0,1280,526720,0,0,0,0,0,0,320,146560,91456,2304,37312,0,0,0,74176,128,371,859,2154886046,4182448186,1149760,0
1342,1116736,133888,105664,0,5056,10176,488064,349248,24640,4736,1112000,0,1408,482688,0,0,0,0,0,0,384,147456,91712,2048,33280,0,0,0,74240,128,381,879,4141377363,1928908837,1101824,0
1343,1116672,110592,105920,0,3712,9984,465536,295424,125504,105664,1011008,0,1408,460160,0,0,0,0,0,0,384,146432,46848,1664,27008,0,0,0,72960,128,374,866,2867193073,2072323481,1001024,0
1344,1116736,122688,105472,0,3584,10176,414464,299200,161152,136000,980736,0,1408,409216,0,0,0,0,0,0,256,146176,46848,1792,31104,0,0,0,72896,128,388,888,3170385195,2751654795,970560,0
1345,1116736,107072,104448,0,3648,10112,408640,247488,235328,215360,901376,0,1408,403328,0,0,0,0,0,0,128,146240,320,1152,28480,0,0,0,71040,128,374,852,3453735986,3496955837,891264,0
1346,1116928,123904,104704,0,3584,10240,429248,246912,198336,178432,938496,0,1280,423936,0,0,0,0,0,0,128,146176,384,1088,28864,0,0,0,70144,128,380,866,1117339068,374965431,928256,0
1347,1116608,111488,104640,0,3648,10048,430656,246528,209600,189824,926784,0,1344,425344,0,0,0,0,0,0,192,145088,384,1024,29120,0,0,0,70592,128,378,862,1868258035,254060730,916736,0
1348,1116928,110656,105600,0,3648,10176,450688,249152,187008,166912,950016,0,1344,445568,0,0,0,0,0,0,192,146176,384,1152,28288,0,0,0,72832,128,372,858,601330499,3399767013,939840,0
1349,1116672,122048,104704,0,4736,10304,413824,247168,213888,194112,922560,0,1344,408640,0,0,0,0,0,0,256,146176,320,1216,28480,0,0,0,70592,128,376,852,3448416313,3155966577,912256,0
1350,1677184,170176,104576,0,6016,31744,541376,437120,386176,366016,1311168,0,1280,536128,0,0,0,0,0,0,320,146304,90496,1728,39872,0,0,0,158272,128,386,887,3849410635,2670497582,1279424,0
1351,1676864,107776,105280,0,5184,10496,439232,437120,571776,551744,1125120,0,1344,433984,0,0,0,0,0,0,320,145600,91584,1728,38336,0,0,0,159424,128,411,924,3229780302,2536211982,1114624,0
1352,1676736,107520,104576,0,6336,10176,468608,438528,540992,521024,1155712,0,1344,463232,0,0,0,0,0,0,256,146368,91520,1728,38464,0,0,0,160064,128,427,955,3450883866,1024173799,1145536,0
1353,1677056,107712,104448,0,7552,10560,443392,438464,564928,544960,1132096,0,1344,438016,0,0,0,0,0,0,192,155776,91072,1728,29952,0,0,0,159616,128,431,962,4224645882,1202806375,1121536,0
1354,1676928,199552,105216,0,4992,10560,445952,335616,575040,554944,1121984,0,1408,440768,0,0,0,0,0,0,192,146560,384,1024,28992,0,0,0,158272,192,431,967,257316716,161380272,1111424,0
1355,1116800,130880,104576,0,2176,10112,385664,333952,149440,129536,987264,0,1408,380352,0,0,0,0,0,0,64,146304,320,1024,29440,0,0,0,156672,128,455,1046,1874654110,435404144,977152,0
1356,1116800,131840,105152,0,2112,10240,388288,332992,146176,126208,990592,0,1344,383040,0,0,0,0,0,0,192,145280,384,1216,29248,0,0,0,156544,128,445,1032,619832327,877671722,980352,0
1357,1116480,131520,104064,0,2112,10112,431424,333504,103744,84288,1032192,0,1344,426048,0,0,0,0,0,0,128,145536,384,1088,29568,0,0,0,156672,128,457,1054,4140540927,33250696,1022080,0
1358,1677120,150272,105856,0,2112,10176,520640,332928,555136,535232,1141888,0,1280,515520,0,0,0,0,0,0,256,145536,384,1088,29056,0,0,0,156480,128,446,1030,3020074525,2738661325,1131712,0
1359,1116864,150528,105728,0,2048,10304,487616,333888,26752,7168,1109696,0,1408,482240,0,0,0,0,0,0,256,146112,320,1152,28928,0,0,0,156992,128,461,1065,2406412018,2731608633,1099392,0
1360,1118208,130624,104832,0,2048,17408,375232,337536,150528,123840,994368,0,1408,370048,0,0,0,0,0,0,192,145600,384,1216,30336,0,0,0,159680,128,462,1074,1383784200,4282922045,976960,0
1361,1116864,130112,105344,0,2048,17088,411840,336576,113856,92224,1024640,0,1408,406656,0,0,0,0,0,0,192,145984,448,1088,27904,0,0,0,160832,128,463,1072,221963657,3670047124,1007552,0
1362,1676992,150336,105152,0,9984,17728,579904,353024,460864,439104,1237888,0,1344,574528,0,0,0,0,0,0,192,144256,384,1088,25792,0,0,0,181184,128,474,1107,2829725844,3742168358,1220160,0
1363,1676928,172864,104512,0,11264,38656,612928,328256,408448,387072,1289856,0,1344,607616,0,0,0,0,0,0,128,145792,320,1088,41536,0,0,0,139200,192,492,1159,880149703,2618804610,1251200,0
1364,1116864,144384,105984,0,13824,17472,477120,325120,32960,11392,1105472,0,1344,471808,0,0,0,0,0,0,128,146368,320,1152,41728,0,0,0,135296,128,493,1154,3218770085,1708037543,1088000,0
1365,1116416,133184,105472,0,3648,17216,438528,317888,100480,79040,1037376,0,1408,433216,0,0,0,0,0,0,192,146048,384,1216,35776,0,0,0,134144,128,490,1130,955362443,1929540720,1020160,0
1366,1116928,134208,105408,0,3584,17280,502336,317120,36992,15424,1101504,0,1408,497024,0,0,0,0,0,0,64,146048,384,1088,35200,0,0,0,134208,128,491,1126,2670481482,1028082361,1084224,0
1367,1116864,133120,105472,0,3584,30528,459136,320256,64768,43072,1073792,0,1280,453952,0,0,0,0,0,0,192,146944,384,1152,35776,0,0,0,135680,128,507,1153,3450548908,560878810,1043264,0
1368,1116736,133120,105216,0,3648,17280,461120,316672,79680,58112,1058624,0,1344,455744,0,0,0,0,0,0,128,145856,384,1088,33792,0,0,0,135232,192,509,1162,426537361,2780796832,1041344,0
1369,1677056,196736,106240,0,3584,17600,468224,316224,568448,546496,1130560,0,1408,462848,0,0,0,0,0,0,128,145600,384,1088,33792,0,0,0,135104,128,514,1177,914630501,2415165098,1112960,0
1370,1116800,133376,105728,0,3584,17024,458560,318080,80448,58944,1057856,0,1344,453248,0,0,0,0,0,0,64,146496,320,1216,33664,0,0,0,136128,192,514,1171,2737731913,3673540825,1040832,0
1371,1677056,153920,104576,0,3584,17536,628160,310400,458880,437120,1239936,0,1408,622976,0,0,0,0,0,0,128,145664,384,1088,27328,0,0,0,135680,128,506,1147,2508228949,3369653315,1222400,0
1372,1116736,144384,108032,0,4544,17472,462080,307776,72448,50816,1065920,0,1280,456768,0,0,0,0,0,0,192,146048,384,1088,23936,0,0,0,136000,128,511,1145,1126979323,1085708654,1048448,0
1373,1116544,129728,105344,0,4544,17280,454400,305600,99648,78208,1038336,0,1408,449024,0,0,0,0,0,0,192,146688,448,1152,24064,0,0,0,132928,128,517,1152,1520994445,890820629,1021056,0
1374,1676800,148416,105408,0,3712,19904,521216,308224,569920,548608,1128192,0,1344,515968,0,0,0,0,0,0,256,146112,320,1152,24128,0,0,0,136064,192,521,1157,2183918835,2641198324,1108288,0
1375,1116992,130304,105536,0,5824,19584,485888,306880,62976,41280,1075712,0,1408,480640,0,0,0,0,0,0,192,146368,384,1024,23936,0,0,0,134848,128,515,1155,1251635326,2427955878,1056128,0
1376,1116864,130496,104448,0,5888,19840,503808,306560,45824,19008,1097856,0,1408,498432,0,0,0,0,0,0,192,145856,320,1088,24064,0,0,0,134848,192,521,1157,2351648070,939835615,1078016,0
1377,1116992,129920,105280,0,4864,41408,464704,307200,63616,41536,1075456,0,1280,459456,0,0,0,0,0,0,256,145536,384,1216,24064,0,0,0,135616,128,525,1168,803107035,3050324208,1034048,0
1378,1116160,129984,104896,0,4608,19264,471424,307584,78400,56704,1059456,0,1344,466176,0,0,0,0,0,0,128,146368,384,1088,23872,0,0,0,135616,128,524,1170,2453307336,1635432581,1040192,0
1379,1116608,130368,104320,0,5760,19776,468544,297728,90112,68480,1048128,0,1344,463360,0,0,0,0,0,0,256,146944,320,1152,13888,0,0,0,134976,192,524,1167,2989867796,3540248528,1028352,0
1380,1677056,130240,168000,0,10624,23552,649408,253952,441280,408832,1268224,0,2176,643264,0,0,0,0,0,0,192,145664,320,1088,13824,0,0,0,92736,128,525,1175,4260616507,2549275860,1244672,0
1381,1676736,159232,105216,0,18176,19712,678016,273728,422656,398784,1277952,0,1344,672512,0,0,0,0,0,0,192,146304,384,1088,26560,0,0,0,99072,128,524,1179,1599891779,3919883087,1258240,0
1382,1676864,157632,105024,0,5952,19712,620992,256256,511296,489920,1186944,0,1280,615744,0,0,0,0,0,0,256,147200,384,1152,27264,0,0,0,79872,128,526,1176,1731562768,1613747793,1167232,0
1383,1116928,130112,104320,0,6720,19520,468672,253568,134016,112320,1004608,0,1344,463232,0,0,0,0,0,0,192,146432,384,1152,31168,0,0,0,74112,128,524,1188,3396744991,2812356937,985088,0
1384,1116736,130112,105216,0,5952,19264,456192,254528,145472,124032,992704,0,1280,450816,0,0,0,0,0,0,192,146176,384,1088,32256,0,0,0,74304,128,522,1177,652437488,2690166342,973440,0
1385,1116800,130624,104512,0,4864,18752,440000,253312,164736,143168,973632,0,1344,434752,0,0,0,0,0,0,192,146240,320,1088,31936,0,0,0,73408,128,527,1182,3630749030,1154440968,954880,0
1386,1116608,129408,104704,0,3584,18624,471872,254720,133696,112384,1004224,0,1344,466688,0,0,0,0,0,0,192,146112,384,1152,31616,0,0,0,75136,128,520,1167,327703672,646961041,985600,0
1387,1116928,130112,105472,0,3520,19456,434880,256640,166848,145280,971648,0,1280,429568,0,0,0,0,0,0,192,146688,320,1152,33600,0,0,0,74560,128,525,1176,1531221997,422231088,952192,0
1388,1676928,149248,104768,0,3456,19584,558592,265216,576064,554304,1122624,0,1216,553472,0,0,0,0,0,0,256,145600,384,1152,43520,0,0,0,74176,128,543,1240,2138149950,2114223006,1103040,0
1389,1116800,130752,104832,0,3520,19136,438528,264000,156032,134464,982336,0,1344,433280,0,0,0,0,0,0,192,145408,448,1152,42496,0,0,0,74176,128,554,1236,637709505,1735395365,963200,0
1390,1116928,130176,105344,0,3584,18560,420672,263936,174656,152768,964160,0,1280,415424,0,0,0,0,0,0,128,146176,384,1152,41536,0,0,0,74432,128,561,1259,655199512,3375333190,945600,0
1391,2236992,600512,105216,0,3456,40320,633280,272064,582144,560704,1676288,0,1344,628096,0,0,0,0,0,0,192,146944,384,1152,48832,0,0,0,74368,192,556,1258,1772971001,4184743508,1635968,0
1392,1676928,154944,104000,0,11136,19200,551616,264960,571072,544320,1132608,0,1344,546304,0,0,0,0,0,0,192,145600,384,1088,42176,0,0,0,75328,192,552,1246,2024295298,3073276509,1113408,0
1393,1116992,133056,104768,0,3584,19200,443968,261568,150848,129088,987904,0,1344,438720,0,0,0,0,0,0,192,146048,384,960,39488,0,0,0,74368,128,551,1234,3443744484,23040881,968704,0
1394,1116736,134208,105152,0,5824,19200,432320,253696,166336,144832,971904,0,1280,427008,0,0,0,0,0,0,128,146368,320,1152,32320,0,0,0,73280,128,548,1231,1438293513,3492038300,952704,0
1395,1676992,185536,104320,0,6080,18944,596928,255296,509888,488000,1188992,0,1344,591680,0,0,0,0,0,0,128,145536,320,1088,32960,0,0,0,75136,128,561,1249,2397631396,2115593271,1170048,0
1396,1676928,181952,104192,0,3456,19072,623744,255808,488704,466368,1210560,0,1280,618496,0,0,0,0,0,0,192,146752,320,1152,33216,0,0,0,74048,128,549,1222,295938348,939624301,1191488,0
1397,1676864,223232,105280,0,3584,31808,592320,264064,456576,435136,1241728,0,1408,587200,0,0,0,0,0,0,128,146048,448,1216,40384,0,0,0,75712,128,529,1196,1291747558,3006773980,1209920,0
1398,1676928,153088,104576,0,10048,19712,555136,267264,567104,542784,1134144,0,1344,549888,0,0,0,0,0,0,192,146048,320,1088,44544,0,0,0,74944,128,525,1195,3181819509,1313529027,1114432,0
1399,1116800,132672,104384,0,3648,18816,474048,269760,113472,91840,1024960,0,1344,468864,0,0,0,0,0,0,128,146752,384,1152,45248,0,0,0,75968,128,540,1212,3083083550,3137056005,1006144,0
1400,1677120,132736,106432,0,11456,19328,543488,752320,111360,84352,1592768,0,1344,538368,0,0,0,0,0,0,192,632128,576,1664,38144,43328,0,0,79488,128,547,1226,1413697577,396922674,1573440,0
1401,2237120,602752,104448,0,6016,14912,646464,326080,536448,514816,1722304,0,1280,641216,0,0,0,0,0,0,320,205312,576,1664,42624,0,0,0,75456,128,543,1227,4199051653,615922731,1707392,0
1402,1676736,143936,104320,0,5184,36736,586496,332480,467584,446016,1230720,0,1408,581120,0,0,0,0,0,0,320,205952,576,1536,49152,0,0,0,74816,128,530,1196,1168383388,3586676720,1193984,0
1403,1676992,133056,104704,0,3840,14656,626880,323264,470592,449344,1227648,0,1280,621568,0,0,0,0,0,0,256,205056,512,1664,40512,0,0,0,75136,128,528,1185,1481010804,1560223605,1212992,0
1404,1676928,143424,105152,0,3776,14720,550464,317120,542272,520576,1156352,0,1280,545152,0,0,0,0,0,0,256,206016,576,1600,33792,0,0,0,74688,192,534,1194,3007446772,476607173,1141632,0
1405,1676864,144192,104448,0,3776,15424,549248,316096,543680,522496,1154368,0,1344,543936,0,0,0,0,0,0,192,206080,576,1664,33536,0,0,0,73920,128,529,1201,2850730999,537133238,1138944,0
1406,1677376,133120,104448,0,5056,14656,597696,313024,509376,484736,1192640,0,1408,592448,0,0,0,0,0,0,256,205952,512,1728,29248,0,0,0,75200,128,523,1180,532311894,3294769465,1177984,0
1407,1676736,143808,104320,0,4544,14848,531584,314112,563520,541696,1135040,0,1344,526272,0,0,0,0,0,0,320,207360,576,1600,28928,0,0,0,75200,128,520,1170,3646298937,1538878689,1120192,0
1408,1116864,143424,105216,0,3776,14464,483328,320960,45696,23680,1093184,0,1408,477952,0,0,0,0,0,0,192,206080,576,1728,37440,0,0,0,74816,128,522,1181,1605940440,417761403,1078720,0
1409,1116672,133760,104064,0,4928,14848,472128,312000,74944,48192,1068480,0,1344,466816,0,0,0,0,0,0,256,205568,576,1664,28736,0,0,0,75072,128,531,1200,3943574982,1899185209,1053632,0
1410,1677056,163712,104576,0,10752,12928,650112,323520,411456,389824,1287232,0,1408,644800,0,0,0,0,0,0,192,201536,576,1600,43904,0,0,0,75584,128,516,1169,1874062185,298998462,1274304,0
1411,1676800,227200,104448,0,6208,12672,482368,305472,538432,516608,1160192,0,1280,477248,0,0,0,0,0,0,320,202880,576,1728,25984,0,0,0,73856,128,521,1170,3836444915,785683013,1147520,0
1412,1116544,136064,103616,0,6912,12736,399424,305984,151808,130368,986176,0,1408,394048,0,0,0,0,0,0,320,203136,576,1664,25984,0,0,0,74176,128,524,1183,3613995696,942639576,973440,0
1413,1677184,176896,104768,0,21568,34816,726784,327104,285248,263424,1413760,0,1344,721472,0,0,0,0,0,0,3968,204352,4480,2368,32960,0,0,0,78848,128,529,1194,1994723654,2890603686,1378944,0
1414,1116736,147392,104896,0,4032,13376,476416,336704,33920,11776,1104960,0,1280,470976,0,0,0,0,0,0,4096,202624,4544,2368,44160,0,0,0,78784,128,522,1200,4110983947,3231078074,1091584,0
1415,1676992,137600,107584,0,4032,12800,508608,340288,566080,544192,1132800,0,1408,503296,0,0,0,0,0,0,4224,202240,4416,2240,48128,0,0,0,78912,128,538,1232,4255647175,3136186215,1120000,0
1416,1677184,146368,104320,0,6400,13632,526464,342912,537088,514816,1162368,0,1408,521152,0,0,0,0,0,0,3968,203584,4672,2304,49856,0,0,0,78336,192,516,1191,3871135802,4001721460,1148736,0
1417,2237248,600064,104896,0,15168,26880,805376,495360,189504,167360,2069888,0,1280,800064,0,0,0,0,0,0,85824,201536,30976,2688,44672,0,0,0,129536,128,552,1308,1485972530,3062448209,2043008,0
1418,1676544,152640,105024,0,3968,27456,423104,491520,472832,451264,1225280,0,1280,417856,0,0,0,0,0,0,86272,202112,31360,2688,40064,0,0,0,128896,128,545,1285,3102852658,2025775120,1197824,0
1419,1676928,138944,105024,0,3904,26560,397824,483776,520896,499584,1177344,0,1280,392640,0,0,0,0,0,0,88832,201856,31680,2688,31488,0,0,0,127104,128,539,1272,307028465,3532335534,1150784,0
1420,1676992,148608,105920,0,3968,13504,444928,480832,479232,457664,1219328,0,1344,439552,0,0,0,0,0,0,84864,201792,31104,2816,31680,0,0,0,128448,128,544,1269,4069681924,1328001175,1205824,0
1421,1676992,156352,105408,0,6336,13440,473792,482560,439104,417664,1259328,0,1344,468416,0,0,0,0,0,0,85632,202112,32000,2880,31808,0,0,0,128000,128,543,1264,1767587791,3884233981,1245888,0
1422,2237184,165952,105088,0,14400,27392,813568,539456,571328,549568,1687616,0,1344,808192,0,0,0,0,0,0,86400,215232,30976,2752,31232,0,0,0,172736,128,555,1268,1582223670,2898389494,1660224,0
1423,1677056,148672,106176,0,5056,48768,447680,521088,399616,377920,1299136,0,1280,442496,0,0,0,0,0,0,85568,197248,31104,2944,31552,0,0,0,172544,128,558,1277,893012861,2674508792,1250368,0
1424,1677120,134848,106432,0,4096,27008,464896,520256,419584,397824,1279296,0,1344,459648,0,0,0,0,0,0,86144,196736,31040,2816,31360,0,0,0,172032,128,558,1278,2923908193,2543086142,1252288,0
1425,1677184,135744,105664,0,4096,11136,435392,520192,464960,437888,1239296,0,1408,430016,0,0,0,0,0,0,86464,198528,30912,2816,31744,0,0,0,169600,128,555,1273,2466413195,1888525615,1228160,0
1426,1675136,158144,105024,0,4160,11072,409472,475840,511424,491520,1183616,0,1344,404224,0,0,0,0,0,0,85632,198272,31552,2944,31168,0,0,0,126144,128,546,1239,1234314623,2110806236,1172544,0
1427,1677120,131328,105536,0,4096,24576,701376,494976,215232,195072,1482048,0,1280,696128,0,0,0,0,0,0,86144,203648,31232,2880,44480,0,0,0,126464,128,538,1235,1374737877,931963429,1457472,0
1428,1676992,144704,105344,0,4032,11072,740864,478656,192320,172672,1504320,0,1408,735552,0,0,0,0,0,0,84160,203200,31296,2816,31168,0,0,0,125888,128,524,1216,1278401725,4138541742,1493248,0
1429,1676928,130368,104960,0,4096,11200,690752,470976,264576,244608,1432320,0,1344,685568,0,0,0,0,0,0,85632,203584,31744,2816,22400,0,0,0,124672,128,535,1226,170192724,399992508,1421120,0
1430,1677056,130176,105024,0,4160,10752,659136,470656,297152,276672,1400384,0,1344,653952,0,0,0,0,0,0,85376,204032,31424,2624,22400,0,0,0,124672,128,528,1204,1474997737,3714901413,1389632,0
1431,1676864,130048,105024,0,6784,11328,664128,427200,332352,312448,1364416,0,1280,658816,0,0,0,0,0,0,85312,203520,31680,2688,26176,0,0,0,77696,128,526,1235,1100758370,4011505135,1353088,0
1432,1678656,130176,108032,0,5696,13440,654720,429376,337216,315776,1362880,0,1344,649472,0,0,0,0,0,0,85760,203776,31360,2752,24640,0,0,0,80960,128,528,1266,3903536914,627926673,1349440,0
1433,1677120,130496,104512,0,3904,34304,585024,428992,389888,368064,1309056,0,1408,579712,0,0,0,0,0,0,85568,203712,31552,2752,25216,0,0,0,80064,128,490,1172,1892466855,4007107141,1274752,0
1434,1676800,130112,105024,0,3776,13632,610432,431552,382272,360512,1316288,0,1344,605120,0,0,0,0,0,0,88128,203584,31040,2624,25280,0,0,0,80768,128,460,1098,80336343,2959359861,1302656,0
1435,1676864,130688,105536,0,3968,13376,620864,433216,369216,347712,1329152,0,1408,615680,0,0,0,0,0,0,85248,204736,31232,2752,29184,0,0,0,79936,128,448,1077,646744885,1612819419,1315776,0
1436,1677120,130368,105344,0,3840,13184,495040,376384,552960,531584,1145536,0,1344,489728,0,0,0,0,0,0,32640,202880,30528,2752,27712,0,0,0,79680,192,430,1025,802274697,2468931189,1132352,0
1437,1677504,195264,105024,0,4672,13184,732672,378496,248192,225984,1451520,0,1344,727360,0,0,0,0,0,0,32320,204096,30912,2752,27776,0,0,0,80512,128,459,1075,965284808,775419777,1438336,0
1438,1676416,224384,105088,0,3904,13440,583552,376704,369344,347776,1328640,0,1408,578240,0,0,0,0,0,0,32064,202944,31232,2816,27264,0,0,0,80192,192,451,1078,3976243635,928312486,1315200,0
1439,1676864,130816,105408,0,10880,13376,598720,376128,441536,420288,1256576,0,1344,593408,0,0,0,0,0,0,32832,202752,30016,2688,27328,0,0,0,80320,192,445,1055,1457721516,4182584197,1243200,0
1440,1677184,130880,105536,0,4096,13504,623744,375872,423552,401728,1275456,0,1408,618496,0,0,0,0,0,0,32320,202368,30464,2560,27520,0,0,0,80512,128,425,1017,119559097,3082071457,1261952,0
1441,1676992,130112,105280,0,4096,13056,567744,349760,506944,479744,1197248,0,1408,562496,0,0,0,0,0,0,3904,202432,33536,2432,27968,0,0,0,79360,128,437,1054,354775764,3953584324,1184192,0
1442,1676928,223296,104896,0,10752,13760,682048,353664,288512,266880,1410048,0,1344,676736,0,0,0,0,0,0,4224,203136,33408,2560,31040,0,0,0,79168,128,471,1140,566381110,3906267127,1396288,0
1443,1116672,131136,106048,0,7232,13120,438208,358016,62912,41216,1075456,0,1408,432832,0,0,0,0,0,0,4096,202560,33408,2624,36608,0,0,0,78592,128,490,1185,2032817595,1787728323,1062336,0
1444,1116928,130496,105024,0,8512,35264,423872,359680,54080,32256,1084672,0,1408,418624,0,0,0,0,0,0,3904,203008,33728,2432,37056,0,0,0,79424,128,523,1272,4036555550,3029755032,1049408,0
1445,1676992,149632,105344,0,7168,13888,559936,398848,442176,420224,1256768,0,1344,554624,0,0,0,0,0,0,4096,201536,33280,2560,37056,0,0,0,120192,128,539,1326,85335039,3404262371,1242880,0
1446,1676864,147392,105728,0,4992,13248,493056,398848,513600,491904,1184960,0,1280,487744,0,0,0,0,0,0,3776,202880,33088,2560,37312,0,0,0,119104,128,560,1327,2317116669,2658565712,1171712,0
1447,1676992,133888,105728,0,3584,17792,454592,398592,562816,541056,1135936,0,1408,449344,0,0,0,0,0,0,3904,202176,32896,2496,36352,0,0,0,120640,128,592,1372,249659959,3260231280,1118144,0
1448,1676928,134080,105920,0,3520,17984,455680,400768,558976,537472,1139456,0,1344,450304,0,0,0,0,0,0,4032,202880,33600,2432,37184,0,0,0,120448,192,574,1358,3629043023,1723842218,1121472,0
1449,1677120,143232,108032,0,5888,18496,457792,400000,543680,521984,1155136,0,1280,452480,0,0,0,0,0,0,3904,202624,33280,2432,36928,0,0,0,120640,192,575,1330,3126788040,2798758295,1136640,0
1450,1676928,130368,105792,0,5952,17856,462976,400320,553664,532096,1144832,0,1408,457536,0,0,0,0,0,0,4096,201984,33856,2496,36992,0,0,0,120768,128,567,1319,2372409335,1532884691,1126976,0
1451,1677120,167104,105216,0,2048,17856,608064,326080,450752,429440,1247680,0,1280,602880,0,0,0,0,0,0,4096,202752,512,1984,37440,0,0,0,79104,192,555,1266,654208066,3602376628,1229824,0
1452,1116736,133248,105792,0,2048,17920,466368,325888,65472,43520,1073216,0,1408,460992,0,0,0,0,0,0,3904,203712,640,1984,36672,0,0,0,78848,128,541,1249,1955240591,3584975496,1055296,0
1453,1116736,144512,105152,0,3008,17856,461504,326144,58560,36800,1079936,0,1344,456192,0,0,0,0,0,0,3904,203456,640,1920,36544,0,0,0,79552,128,537,1257,3380541712,2459188825,1062080,0
1454,1116672,130624,105280,0,2112,20160,440640,323648,94208,72512,1044160,0,1344,435456,0,0,0,0,0,0,3840,202432,576,1984,35264,0,0,0,79424,128,546,1256,3064233464,2229461909,1024000,0
1455,1116800,130432,105472,0,2112,20096,444672,325952,88064,66368,1050432,0,1344,439360,0,0,0,0,0,0,3904,202944,640,2048,35776,0,0,0,80512,128,539,1241,1194900188,2096331120,1030336,0
1456,1677248,130432,105728,0,2176,43904,492864,327360,574784,552832,1124416,0,1408,487552,0,0,0,0,0,0,3968,204032,640,1920,35008,0,0,0,81664,128,542,1252,1275960117,2366803510,1080512,0
1457,1677056,148608,105024,0,2112,35264,528960,318528,538560,511424,1165632,0,1280,523648,0,0,0,0,0,0,3968,202368,640,2112,25600,0,0,0,83648,192,530,1225,2264663487,2539307245,1130368,0
1458,1116608,129280,105408,0,2112,21632,458688,311936,87552,65984,1050624,0,1344,453440,0,0,0,0,0,0,3840,202112,640,1984,22336,0,0,0,80832,192,529,1222,3957567221,4156772757,1028992,0
1459,1116736,130112,105216,0,2112,22208,455616,312960,88512,67008,1049728,0,1280,450304,0,0,0,0,0,0,4096,202368,640,2048,22464,0,0,0,81216,128,535,1230,641067420,1689300521,1027520,0
1460,1116992,131392,105280,0,2112,21824,482816,312192,61376,39488,1077504,0,1408,477440,0,0,0,0,0,0,3968,202688,576,1920,22144,0,0,0,80768,128,538,1245,2582958469,3183993377,1055680,0
1461,1116608,130560,105088,0,2048,21888,453120,312320,91584,69952,1046656,0,1408,447936,0,0,0,0,0,0,3776,202560,704,2048,22144,0,0,0,80960,128,538,1238,3398163467,2381280980,1024768,0
1462,1116736,130432,104704,0,2176,21952,453248,303616,100608,79232,1037504,0,1408,447872,0,0,0,0,0,0,4032,202688,704,1984,14016,0,0,0,80000,192,537,1228,1276169376,44683662,1015552,0
1463,1116736,149632,104704,0,2112,21760,495744,303488,39296,17728,1099008,0,1344,490496,0,0,0,0,0,0,3904,202944,576,1856,13888,0,0,0,80192,128,533,1225,2736309446,1493687706,1077248,0
1464,1116864,130624,103616,0,2112,22144,468864,304896,84608,62720,1054144,0,1408,463744,0,0,0,0,0,0,3904,202688,704,1856,13952,0,0,0,81600,192,532,1223,2588284418,725978658,1032000,0
1465,1116800,131072,104256,0,2048,21824,425344,302784,129472,107712,1009088,0,1344,420096,0,0,0,0,0,0,4224,202112,640,1984,13888,0,0,0,79808,128,531,1214,763903759,32747443,987264,0
1466,1116544,131200,104768,0,2048,21824,420992,306176,129536,107904,1008640,0,1280,415872,0,0,0,0,0,0,3904,202944,640,2048,14208,0,0,0,82304,128,528,1215,37688177,663555674,986816,0
1467,1116800,131008,104000,0,2176,21760,422848,303424,131584,109824,1006976,0,1344,417664,0,0,0,0,0,0,3904,202624,640,2048,14144,0,0,0,79936,128,532,1223,2632090419,961069049,985216,0
1468,1116864,130880,104704,0,2048,21952,424768,303488,129024,107136,1009728,0,1408,419648,0,0,0,0,0,0,3776,203136,640,1984,13824,0,0,0,80000,128,540,1233,1849848671,841794868,987776,0
1469,1116672,131200,105280,0,2176,22016,470272,302528,83200,61440,1055232,0,1344,465024,0,0,0,0,0,0,3968,201600,704,1984,14144,0,0,0,79936,192,543,1234,2285369535,1590102082,1033216,0
1470,1677248,209408,104768,0,2176,41344,652224,307392,359936,338048,1339200,0,1344,646912,0,0,0,0,0,0,192,203520,576,1600,23040,0,0,0,78336,128,541,1238,1262150059,2172574250,1297856,0
1471,1116416,130816,104640,0,2112,19072,400960,304128,154688,132928,983488,0,1280,395776,0,0,0,0,0,0,256,201600,576,1728,23296,0,0,0,76544,128,553,1250,978794456,1737587605,964416,0
1472,1116736,130240,104704,0,2176,19456,431104,305984,123072,101824,1014912,0,1344,425920,0,0,0,0,0,0,192,203200,512,1600,23232,0,0,0,77120,128,569,1266,1484067311,1974807790,995456,0
1473,1116992,165568,104960,0,2112,19328,402112,319104,103808,76800,1040192,0,1344,396864,0,0,0,0,0,0,320,213120,576,1600,23104,0,0,0,80256,128,552,1234,3475429350,3726587418,1020864,0
1474,1676928,589120,104064,0,3520,19520,536128,315648,108928,87232,1589696,0,1280,530944,0,0,0,0,0,0,320,203072,576,1664,31552,0,0,0,78336,128,552,1241,1807963038,881765276,1570176,0
1475,1116544,135040,105728,0,3520,18944,425280,317120,110912,89408,1027136,0,1344,419968,0,0,0,0,0,0,192,202048,576,1536,35968,0,0,0,76672,128,554,1244,4286228136,2393812355,1008192,0
1476,1116864,145024,104640,0,3648,19648,405888,313920,124096,102528,1014336,0,1408,400576,0,0,0,0,0,0,384,204032,576,1536,29632,0,0,0,77632,128,550,1237,442538782,1430507937,994688,0
1477,1116864,145216,104576,0,5696,21632,409472,314624,115648,93888,1022976,0,1344,404160,0,0,0,0,0,0,256,203264,512,1600,29440,0,0,0,79424,128,553,1234,2817861512,398914140,1001344,0
1478,1116928,134080,104768,0,5952,21440,415168,314816,120704,98944,1017984,0,1408,409792,0,0,0,0,0,0,320,203392,576,1728,29504,0,0,0,79168,128,550,1223,1796193922,420139334,996544,0
1479,1677056,175872,104896,0,2880,21888,677568,329856,364096,342464,1334592,0,1280,672320,0,0,0,0,0,0,3968,203072,4480,2240,31232,0,0,0,84736,128,550,1233,3500071184,372146671,1312704,0
1480,1676800,145792,105408,0,3648,17920,498560,343104,562368,540416,1136384,0,1408,493312,0,0,0,0,0,0,4160,203008,4416,2176,48576,0,0,0,80640,128,555,1257,1804312396,372934650,1118464,0
1481,1677248,134336,105088,0,3712,17472,529472,351104,536064,513920,1163328,0,1280,524352,0,0,0,0,0,0,3968,202304,4480,2176,57472,0,0,0,80576,128,560,1273,3401285781,1333650186,1145856,0
1482,1676480,144704,105536,0,6080,17344,492480,354816,555520,533632,1142848,0,1280,487232,0,0,0,0,0,0,3904,203200,4416,2112,58624,0,0,0,82432,128,546,1241,4106775995,828356306,1125504,0
1483,1677376,162368,105216,0,12032,38912,592704,459968,306176,284288,1393088,0,1344,587392,0,0,0,0,0,0,85248,201984,31616,2688,52160,0,0,0,86144,128,550,1284,3683145468,1499725809,1354176,0
1484,1676736,134080,106240,0,3776,17088,493888,454336,467328,445696,1231040,0,1344,488576,0,0,0,0,0,0,85888,203776,32000,2752,48000,0,0,0,81792,128,569,1295,1089509029,2511667417,1213952,0
1485,1677312,144512,105152,0,3840,17408,581568,455168,369664,347712,1329600,0,1408,576384,0,0,0,0,0,0,86400,203456,31360,2624,49152,0,0,0,82048,128,549,1269,1085873164,250137358,1312192,0
1486,1676800,145728,105024,0,3776,17280,551616,462208,391168,369472,1307328,0,1408,546304,0,0,0,0,0,0,86272,202944,31680,2816,55872,0,0,0,82496,128,565,1309,2077349377,2079724720,1290048,0
1487,1677056,135296,105216,0,3904,30720,568960,463552,369408,347584,1329472,0,1344,563648,0,0,0,0,0,0,86592,202304,31744,2816,56832,0,0,0,83136,128,574,1306,438302559,653588897,1298752,0
1488,1676992,144384,104896,0,6208,17344,540928,454784,408448,386816,1290176,0,1408,535744,0,0,0,0,0,0,84800,203712,31616,2816,50240,0,0,0,81472,128,570,1301,4091058228,1688830358,1272832,0
1489,1680640,145024,105216,0,7168,17408,573376,451840,380608,349376,1331264,0,1344,568064,0,0,0,0,0,0,86912,203008,30976,2752,45952,0,0,0,82112,128,565,1291,3866600644,2932741891,1313856,0
1490,1673216,134272,105536,0,5888,17728,614144,453824,341824,320128,1353088,0,1408,608896,0,0,0,0,0,0,89024,203264,31360,2688,45952,0,0,0,81408,128,568,1288,99430948,1871329799,1335360,0
1491,1677056,145216,105152,0,3712,17344,634112,449600,321920,300224,1376832,0,1344,628864,0,0,0,0,0,0,87296,203968,31936,2752,41280,0,0,0,82240,128,575,1309,4121822829,4007824215,1359488,0
1492,1676864,145728,104960,0,3712,15424,647552,453056,306432,284672,1392192,0,1408,642240,0,0,0,0,0,0,85312,203456,31552,2560,49728,0,0,0,80320,128,572,1304,670478134,822826647,1376768,0
1493,1677056,134912,105216,0,3840,36608,655488,457344,283648,261888,1415168,0,1344,650048,0,0,0,0,0,0,85696,203712,32128,2688,53056,0,0,0,79936,128,557,1271,2274546571,3594185888,1378560,0
1494,1676864,145792,104640,0,6144,15232,581952,382464,440640,418752,1258112,0,1344,576576,0,0,0,0,0,0,32960,203776,30528,2880,32448,0,0,0,79744,128,534,1218,3112201194,1220022115,1242880,0
1495,1676992,145728,105600,0,6208,10944,560768,372800,474944,453120,1223872,0,1408,555520,0,0,0,0,0,0,33472,203072,30784,2624,25664,0,0,0,77056,128,559,1256,2706379508,3341375113,1212928,0
1496,1675328,134912,105344,0,3776,11200,611840,372992,435264,415232,1260096,0,1344,606464,0,0,0,0,0,0,33216,203840,31040,2624,25728,0,0,0,76416,128,549,1238,158238225,3767787204,1248896,0
1497,1677632,145408,105600,0,6336,11008,613696,371456,424128,403328,1274304,0,1344,608512,0,0,0,0,0,0,32576,202496,30784,2752,25536,0,0,0,77184,128,553,1247,4116467077,4003884799,1263296,0
1498,1676672,145664,105216,0,4480,11200,674944,381696,353472,333312,1343360,0,1408,669632,0,0,0,0,0,0,32704,202432,30528,2624,34432,0,0,0,78848,128,532,1214,2149832068,1805903803,1332160,0
1499,1676992,135040,105280,0,3520,11072,580416,360384,481280,461376,1215616,0,1344,574976,0,0,0,0,0,0,4032,204032,33600,2496,39424,0,0,0,76672,128,546,1236,2995988373,637942609,1204544,0
1500,1678464,144960,105152,0,5696,13376,560576,357888,490816,469184,1209280,0,1344,555328,0,0,0,0,0,0,3840,204288,34176,2496,32128,0,0,0,80832,128,535,1210,4243451459,3570221180,1195904,0
1501,1677184,145728,105024,0,6016,13376,591040,348544,467456,445568,1231616,0,1408,585792,0,0,0,0,0,0,4096,202944,33600,2560,25920,0,0,0,79296,128,542,1224,2844205742,3554494345,1218240,0
1502,1676608,134784,105536,0,2048,13440,605504,347904,467392,446016,1230592,0,1344,600256,0,0,0,0,0,0,3904,203136,33920,2432,26048,0,0,0,78336,128,543,1222,1533714359,3291017230,1217152,0
1503,1677248,144512,105408,0,2112,13184,570624,349888,491520,469952,1207296,0,1344,565312,0,0,0,0,0,0,3968,203712,33984,2432,25664,0,0,0,80000,128,558,1259,3292138374,3814411595,1194112,0
1504,1677120,146432,105600,0,2176,34688,589824,359040,439360,417600,1259520,0,1280,584704,0,0,0,0,0,0,3904,204032,33600,2560,34752,0,0,0,80064,128,549,1240,2213411878,2255414210,1224832,0
1505,1676800,135232,106112,0,4352,17216,523264,363136,527488,500544,1176256,0,1344,517952,0,0,0,0,0,0,3968,203712,33344,2432,39424,0,0,0,80128,128,564,1261,1722810854,2675878154,1159040,0
1506,1676864,144512,105920,0,5696,18048,501568,356480,544640,522752,1154112,0,1344,496512,0,0,0,0,0,0,3904,203584,33280,2432,32192,0,0,0,80960,128,551,1229,2934609013,3604495201,1136064,0
1507,1676992,162368,105408,0,5888,13504,606592,346432,436800,415296,1261696,0,1280,601280,0,0,0,0,0,0,4032,201280,33472,2624,25664,0,0,0,79168,192,543,1214,4034281082,1655833782,1248192,0
1508,1677056,135040,106048,0,2112,13376,501760,346304,572416,550848,1126208,0,1280,496576,0,0,0,0,0,0,4032,202624,33408,2560,25472,0,0,0,78080,128,535,1198,2183295438,2798753577,1112832,0
1509,1676992,164928,104960,0,2112,13184,575104,311744,504960,483328,1193664,0,1344,569856,0,0,0,0,0,0,3968,201728,640,2048,26752,0,0,0,76480,128,535,1198,1563696187,2658856446,1180480,0
1510,1677120,145920,105216,0,2112,13440,554496,321600,534336,512832,1164288,0,1344,549248,0,0,0,0,0,0,3904,202688,704,1984,34304,0,0,0,77888,128,531,1199,2801469605,3599102771,1150848,0
1511,1676736,134720,106304,0,3520,13888,520512,323904,573888,552512,1124224,0,1344,515136,0,0,0,0,0,0,3840,200960,704,1984,39616,0,0,0,76672,128,531,1203,3179455833,2085346055,1110336,0
1512,1676992,146624,105280,0,5824,13568,539008,316736,549952,528320,1148672,0,1280,533568,0,0,0,0,0,0,4032,201664,640,2112,32064,0,0,0,76096,128,534,1211,747073296,883571460,1135104,0
1513,1116800,145984,105472,0,5952,13440,495616,309760,40576,19136,1097664,0,1408,490368,0,0,0,0,0,0,3904,201088,704,1920,25600,0,0,0,76416,128,533,1210,2878192752,4062656423,1084224,0
1514,1116928,134464,105856,0,2048,13184,494016,310528,56832,35200,1081728,0,1408,488704,0,0,0,0,0,0,4032,201728,704,1920,26048,0,0,0,75904,192,534,1205,550126049,164145728,1068544,0
1515,1676864,145280,104896,0,2112,32256,503744,306880,581696,559296,1117568,0,1408,498368,0,0,0,0,0,0,3904,201344,640,1920,25728,0,0,0,73216,128,537,1214,3705843400,3724704322,1085312,0
1516,1675392,145920,105344,0,2176,11072,569408,316544,524928,504832,1170560,0,1408,564160,0,0,0,0,0,0,3904,201408,640,1984,34624,0,0,0,73856,128,534,1207,1402999413,2864631596,1159488,0
1517,1676928,151744,105344,0,10624,24896,606848,329920,447552,427584,1249344,0,1408,601472,0,0,0,0,0,0,3968,201664,640,1920,43584,0,0,0,78016,128,534,1201,1021055081,3438344109,1224448,0
1518,1116864,144768,104896,0,5888,11136,487360,317888,44928,24832,1092032,0,1344,482176,0,0,0,0,0,0,3968,201216,576,1984,36160,0,0,0,73856,128,531,1193,48889378,3042799690,1080896,0
1519,1677056,162560,105472,0,5952,11584,559360,314944,517184,497024,1180032,0,1408,553920,0,0,0,0,0,0,3968,202752,576,1856,31040,0,0,0,74624,128,530,1193,3785581810,1498942867,1168448,0
1520,1119104,133568,105024,0,5056,11392,489216,321152,53696,30784,1088320,0,1344,483904,0,0,0,0,0,0,4096,202432,640,1856,31360,0,0,0,80640,128,530,1193,3232775732,3649972573,1076928,0
1521,1672192,144512,105024,0,4480,10688,536384,313600,557504,532288,1139904,0,1344,530944,0,0,0,0,0,0,3648,202048,704,1920,30400,0,0,0,74688,192,536,1209,1685958617,2853440783,1129216,0
1522,1678528,145600,105152,0,3520,13248,527104,326912,556992,535168,1143360,0,1408,521856,0,0,0,0,0,0,3904,202112,512,1920,39040,0,0,0,79232,192,532,1204,2627202078,933657254,1130112,0
1523,1676672,133568,105152,0,6016,13632,507456,329792,581056,558656,1118016,0,1280,502144,0,0,0,0,0,0,3840,203520,704,1920,42176,0,0,0,77504,128,541,1211,4147246540,3679137615,1104384,0
1524,1116928,145856,105728,0,6592,13568,488896,321600,34688,13184,1103744,0,1280,483456,0,0,0,0,0,0,4032,203264,512,1984,35008,0,0,0,76672,128,536,1203,2153092902,2067631229,1090176,0
1525,1677056,146432,105152,0,5760,13504,539648,310784,555776,534144,1142912,0,1344,534400,0,0,0,0,0,0,3968,202816,640,1984,24256,0,0,0,76992,128,541,1212,3816974566,3810556806,1129408,0
1526,1116864,135168,105088,0,4096,34944,488320,309760,39488,17728,1099136,0,1344,482944,0,0,0,0,0,0,3904,202176,640,1984,24256,0,0,0,76672,128,538,1201,3753956731,2145323413,1064192,0
1527,1116608,144640,104768,0,2048,13504,489536,310528,51584,30272,1086336,0,1344,484224,0,0,0,0,0,0,4160,202112,704,1984,25024,0,0,0,76352,192,538,1206,4271800442,803234819,1072832,0
1528,1676992,204480,105024,0,2048,13312,618304,313280,420544,398976,1278016,0,1344,613056,0,0,0,0,0,0,320,202112,576,1664,32896,0,0,0,75584,128,533,1198,712999959,450749863,1264704,0
1529,1676992,195008,105600,0,10112,12992,632256,335296,385728,364096,1312896,0,1344,627136,0,0,0,0,0,0,256,202752,512,1664,35584,0,0,0,94400,128,536,1201,2795095036,728016725,1299904,0
1530,1677056,174784,104768,0,12480,13184,646528,319552,405760,384064,1292992,0,1408,641088,0,0,0,0,0,0,320,202304,576,1600,38656,0,0,0,75968,128,533,1201,598240671,73593811,1279808,0
1531,1676992,165696,104640,0,5888,13120,502272,319808,565568,544256,1132736,0,1344,496768,0,0,0,0,0,0,384,203072,640,1664,38464,0,0,0,75456,128,533,1203,3309193826,2512214722,1119616,0
1532,1116672,141376,105536,0,6080,13120,479936,310208,60416,38784,1077888,0,1344,474816,0,0,0,0,0,0,192,201920,512,1728,31936,0,0,0,73792,128,527,1191,2475456191,1781198813,1064768,0
1533,1677120,150336,104832,0,3520,12864,524032,312512,569024,547136,1129984,0,1408,518784,0,0,0,0,0,0,256,202112,576,1664,32512,0,0,0,75264,128,534,1211,624876858,3341156622,1117120,0
1534,1676736,151616,105600,0,3520,12928,504960,322624,575488,550912,1125824,0,1408,499648,0,0,0,0,0,0,256,201920,576,1664,39936,0,0,0,78144,128,537,1222,2485044333,3815166924,1112896,0
1535,1116736,140800,105600,0,3520,12864,496640,321216,36096,14848,1101888,0,1408,491328,0,0,0,0,0,0,256,201472,576,1728,43584,0,0,0,73472,128,535,1217,2274856019,2427662253,1089024,0
1536,1116800,151488,105216,0,3584,12864,451328,316736,75584,54336,1062464,0,1344,446080,0,0,0,0,0,0,192,202880,576,1536,36928,0,0,0,74496,128,535,1216,1544199766,1365702083,1049600,0
1537,1116864,152064,105920,0,5760,10816,430464,307776,104064,76992,1039872,0,1408,425152,0,0,0,0,0,0,192,202176,576,1728,31104,0,0,0,71872,128,536,1219,921413544,1900085393,1029056,0
1538,1115200,139840,105856,0,6848,31936,486016,308032,36672,16640,1098560,0,1344,480640,0,0,0,0,0,0,192,201664,576,1600,31744,0,0,0,72128,128,537,1210,2414531907,2080853068,1066624,0
1539,1116672,164096,105664,0,3456,10560,432832,306816,93248,73408,1043264,0,1344,427520,0,0,0,0,0,0,192,202496,576,1664,31040,0,0,0,70720,128,536,1208,3137417988,2530079131,1032704,0
1540,1676928,224640,105152,0,3520,10688,645696,319616,367616,347968,1328960,0,1344,640384,0,0,0,0,0,0,192,201024,448,1728,44096,0,0,0,72000,128,530,1214,3095826678,1756079209,1318272,0
1541,1116608,133888,104768,0,3392,10560,425216,319168,119616,99840,1016768,0,1344,420096,0,0,0,0,0,0,256,202752,512,1664,41280,0,0,0,72576,128,526,1211,940070961,893253181,1006208,0
1542,1116800,133760,105024,0,3520,10304,428032,308544,127616,107584,1009216,0,1408,422656,0,0,0,0,0,0,256,203008,576,1664,31232,0,0,0,71680,128,513,1178,1857976030,1782624786,998912,0
1543,1116736,133824,104960,0,4672,10560,472064,301952,88704,69056,1047680,0,1344,466752,0,0,0,0,0,0,320,201408,448,1664,25472,0,0,0,72512,128,509,1167,3479892680,711702202,1037120,0
1544,1116864,133248,104384,0,5696,10624,427712,301696,133504,113536,1003328,0,1344,422528,0,0,0,0,0,0,256,202624,576,1792,25600,0,0,0,70656,192,508,1172,415946261,2167504107,992704,0
1545,1118272,134656,105664,0,4096,13056,446528,314432,99840,78528,1039744,0,1408,441216,0,0,0,0,0,0,320,203008,512,1600,33984,0,0,0,74816,192,512,1175,708904651,1038985749,1026688,0
1546,1116672,154304,105152,0,2048,12736,501504,301696,39232,17792,1098880,0,1344,496320,0,0,0,0,0,0,320,202496,512,1600,22144,0,0,0,74496,128,521,1178,3732996759,3854954292,1086144,0
1547,1677056,161728,104320,0,9984,26880,557248,302208,514688,493120,1183936,0,1344,551936,0,0,0,0,0,0,192,201728,576,1600,22336,0,0,0,75648,128,516,1174,234041013,334016435,1157056,0
1548,1677056,176320,104704,0,3712,12992,678912,313152,387264,365632,1311424,0,1344,673664,0,0,0,0,0,0,256,202880,512,1664,13312,0,0,0,94400,128,533,1196,2958026356,694426898,1298432,0
1549,1116800,133696,105280,0,3648,12736,469696,313344,78400,56768,1060032,0,1344,464448,0,0,0,0,0,0,192,203712,576,1792,13568,0,0,0,93376,128,525,1192,3533585620,3999963253,1047296,0
1550,1677120,164352,105088,0,3776,12864,580736,313408,496896,475392,1201728,0,1408,575424,0,0,0,0,0,0,256,203072,576,1792,13312,0,0,0,94272,128,517,1180,3721998238,1075462333,1188864,0
1551,1676928,145664,107584,0,3584,33600,723968,333696,328832,307264,1369664,0,1280,718784,0,0,0,0,0,0,256,202496,512,1664,40640,0,0,0,88000,128,541,1224,2706567269,537169202,1336064,0
1552,1676992,134656,105664,0,3584,12864,596032,337344,486848,465472,1211520,0,1280,590784,0,0,0,0,0,0,256,200768,512,1728,38912,0,0,0,95040,128,525,1201,256216936,2990899527,1198656,0
1553,1676864,144448,104896,0,3584,12992,582272,330880,497792,470848,1206016,0,1344,577024,0,0,0,0,0,0,320,204224,512,1728,28928,0,0,0,95040,128,527,1207,3642629761,2567745562,1193024,0
1554,1677056,145024,105088,0,5824,12864,616704,328512,463040,441472,1235584,0,1344,611456,0,0,0,0,0,0,384,203712,512,1600,27840,0,0,0,94336,128,538,1224,1344070599,430748282,1222720,0
1555,1676928,153344,105216,0,6656,12736,621376,329152,448448,426816,1250112,0,1344,615936,0,0,0,0,0,0,256,204480,448,1728,28544,0,0,0,93568,128,541,1223,2352759570,3047184951,1237376,0
1556,1677184,133440,105152,0,12288,13056,668736,330816,413696,392128,1285056,0,1408,663488,0,0,0,0,0,0,256,201856,576,1792,37120,0,0,0,89088,128,532,1217,4188543346,3953526932,1272000,0
1557,1677440,134464,105024,0,3584,12672,719296,326848,375552,353536,1323904,0,1344,714048,0,0,0,0,0,0,256,201216,576,1600,34624,0,0,0,88448,128,532,1207,871727116,4084073113,1311232,0
1558,1676352,151232,105088,0,11008,13056,807232,339392,249344,227712,1448640,0,1344,801856,0,0,0,0,0,0,384,204096,576,1664,38400,0,0,0,94144,128,543,1237,54377422,2599830286,1435584,0
1559,1677056,165632,104704,0,10368,12608,612800,319168,451776,430016,1247040,0,1280,607552,0,0,0,0,0,0,320,204224,512,1728,38464,0,0,0,73792,128,541,1240,2269233912,1063189101,1234432,0
1560,1116736,134144,105088,0,3776,10816,433792,315392,113728,92416,1024320,0,1344,428480,0,0,0,0,0,0,256,202752,576,1664,38528,0,0,0,71488,128,526,1215,1174996087,2013379433,1013504,0
1561,1115008,145344,105024,0,6528,10688,432256,314688,100480,80512,1034496,0,1280,426944,0,0,0,0,0,0,192,202688,576,1664,38400,0,0,0,71040,128,529,1212,2796839134,1593173942,1023808,0
1562,1677312,145536,105408,0,7104,32640,491968,324608,570048,550144,1127168,0,1344,486592,0,0,0,0,0,0,256,203712,576,1728,46784,0,0,0,71424,128,519,1193,3827944336,3510200166,1094528,0
1563,1116544,134848,105664,0,4864,10304,443008,322752,95104,74944,1041600,0,1280,437760,0,0,0,0,0,0,320,203008,576,1792,44736,0,0,0,72192,128,527,1209,3536909445,234533972,1031296,0
1564,1116672,145472,105472,0,3648,10432,445504,315136,91008,70976,1045696,0,1408,440192,0,0,0,0,0,0,256,203520,448,1792,38208,0,0,0,70784,128,524,1184,1037787803,4171722394,1035264,0
1565,1676928,204992,105472,0,3520,10304,557248,309760,485632,465920,1211008,0,1344,552000,0,0,0,0,0,0,320,201920,512,1792,33408,0,0,0,71680,128,530,1197,1071485882,238942617,1200704,0
1566,1116928,134080,105088,0,3584,10624,467520,305920,90112,70080,1046848,0,1408,462272,0,0,0,0,0,0,320,203328,576,1728,29440,0,0,0,70400,128,528,1195,3218353549,2116593390,1036224,0
1567,1118656,145216,105920,0,3520,12864,445760,309760,95616,73984,1044672,0,1408,440512,0,0,0,0,0,0,256,203008,512,1600,30464,0,0,0,73792,128,526,1187,4267835414,214997157,1031808,0
1568,1116608,179072,106112,0,3584,12672,462592,321408,31168,9600,1107008,0,1408,457472,0,0,0,0,0,0,256,202560,576,1600,38464,0,0,0,77824,128,530,1205,2072222387,522653524,1094336,0
1569,1116992,133888,105408,0,5824,12928,447168,317440,94336,67200,1049792,0,1344,441920,0,0,0,0,0,0,320,203712,576,1600,37248,0,0,0,73856,128,530,1209,3701020763,4149838500,1036864,0
1570,1116544,143744,105856,0,5824,13120,496448,310272,41280,19584,1096960,0,1408,491136,0,0,0,0,0,0,256,203264,512,1664,30592,0,0,0,73856,128,526,1192,1612139116,3297931254,1083840,0
1571,1116800,144448,104896,0,4160,12864,477504,309696,63232,41408,1075392,0,1344,472320,0,0,0,0,0,0,320,202112,576,1728,30592,0,0,0,74240,128,510,1168,3775547717,2700500849,1062528,0
1572,1676992,169856,105152,0,2112,12800,609600,309888,467584,445760,1231232,0,1344,604480,0,0,0,0,0,0,320,202176,576,1600,30400,0,0,0,74688,128,525,1195,2102975138,2461513010,1218432,0
1573,1676928,153280,104896,0,2112,12864,650048,311232,442496,421056,1255872,0,1344,644736,0,0,0,0,0,0,256,202816,512,1792,31616,0,0,0,74112,128,521,1189,4038335561,1164037702,1243008,0
1574,1676864,200576,104704,0,2944,12928,645632,319616,390464,368896,1307968,0,1280,640448,0,0,0,0,0,0,320,204032,576,1600,37440,0,0,0,75520,128,532,1202,2577520322,2900456159,1295040,0
1575,1677056,193408,105344,0,2176,34240,573184,319872,448832,427136,1249920,0,1408,567936,0,0,0,0,0,0,320,204096,576,1728,37760,0,0,0,75264,128,542,1222,1210525245,444252867,1215680,0
1576,1676992,165440,104960,0,2112,12736,597952,311488,482304,460608,1216384,0,1280,592576,0,0,0,0,0,0,256,202560,576,1664,30336,0,0,0,75968,128,532,1189,1682285776,1626267232,1203648,0
1577,1676672,276224,104896,0,2944,26368,729792,318208,218240,197056,1479616,0,1344,724480,0,0,0,0,0,0,192,200320,640,1664,38848,0,0,0,76416,128,539,1223,2422644327,2994276665,1453248,0
1578,1677120,134336,104960,0,4800,12800,561472,315008,543744,522112,1155008,0,1280,556288,0,0,0,0,0,0,256,200640,576,1664,37824,0,0,0,73920,128,549,1229,2347757237,1424443258,1142208,0
1579,1677056,145152,104832,0,5888,13120,582976,307456,517632,496064,1180992,0,1344,577600,0,0,0,0,0,0,320,200704,576,1792,30400,0,0,0,73536,128,540,1211,4151808202,3794266443,1167872,0
1580,1677056,259520,104640,0,5056,13184,701632,318400,274624,252928,1424128,0,1344,696256,0,0,0,0,0,0,192,201344,512,1600,38912,0,0,0,75712,128,542,1218,3499301308,2174751533,1410944,0
1581,1676864,153344,104640,0,4736,13184,652736,316480,431744,410496,1266368,0,1280,647424,0,0,0,0,0,0,256,201152,448,1728,37440,0,0,0,75264,192,537,1205,2655324667,1259562982,1253184,0
1582,1676928,134272,104512,0,5696,10688,663360,305280,453120,431424,1245504,0,1344,658048,0,0,0,0,0,0,256,202112,576,1728,29824,0,0,0,70656,128,533,1190,3858485183,2634501431,1234816,0
1583,1675328,133632,105344,0,4096,10624,592256,305344,524032,504000,1171328,0,1344,587200,0,0,0,0,0,0,256,201024,576,1664,30080,0,0,0,71616,128,540,1207,2296271554,3127931741,1160704,0
1584,1676992,132992,104384,0,18112,10432,777216,314624,319232,299136,1377856,0,1344,772032,0,0,0,0,0,0,320,198848,512,1664,41792,0,0,0,71360,128,547,1223,2413120060,690140596,1367424,0
1585,1677376,144384,108032,0,3648,31744,619072,315328,455168,429440,1247936,0,1280,613760,0,0,0,0,0,0,256,199936,576,1728,40384,0,0,0,72256,192,531,1204,3536871653,1136753594,1216192,0
1586,1676416,129792,104832,0,3840,10688,685184,324032,418048,398208,1278208,0,1280,680000,0,0,0,0,0,0,192,201088,640,1600,48512,0,0,0,71872,128,523,1188,3687484813,2589702667,1267520,0
1587,1676864,129600,105472,0,3712,10688,548736,320768,557888,538176,1138688,0,1280,543488,0,0,0,0,0,0,192,201920,576,1600,43328,0,0,0,73024,128,520,1193,1567432855,3853114569,1128000,0
1588,1116928,129408,105408,0,3776,10432,460736,308672,98496,78272,1038656,0,1344,455296,0,0,0,0,0,0,320,204352,448,1728,30016,0,0,0,71680,128,513,1173,2566197175,2117871947,1028224,0
1589,1116608,129856,106432,0,4800,11392,427648,301888,134592,113344,1003264,0,1344,422272,0,0,0,0,0,0,192,204864,576,1664,22720,0,0,0,71744,128,509,1162,2064389193,4047559235,991872,0
1590,1678464,147904,104768,0,4736,12736,567040,304576,536704,515456,1163008,0,1408,561728,0,0,0,0,0,0,192,203776,640,1600,23360,0,0,0,74880,128,515,1178,2094262311,2903130674,1150272,0
1591,1116864,131008,104832,0,6016,12864,395648,304640,161856,140288,976576,0,1280,390336,0,0,0,0,0,0,192,204800,576,1600,22720,0,0,0,74624,128,520,1177,1172984635,4134455326,963712,0
1592,1116672,130496,104960,0,6208,13568,425280,304384,131776,110400,1006272,0,1344,419776,0,0,0,0,0,0,256,204352,576,1600,23296,0,0,0,74176,128,516,1165,2795004714,2239662761,992704,0
1593,1676928,161216,105600,0,3968,13760,604032,323520,464832,443328,1233600,0,1344,598784,0,0,0,0,0,0,3712,204288,4416,2176,30336,0,0,0,78464,128,512,1178,3275252222,4105921822,1219840,0
1594,1116928,131008,105472,0,3904,13312,476224,332480,54528,32896,1084032,0,1408,470784,0,0,0,0,0,0,3968,200896,4480,2176,43392,0,0,0,77440,128,538,1234,635479442,2598815206,1070720,0
1595,1676928,148672,105408,0,3840,13248,502336,336576,566848,544896,1132032,0,1408,497088,0,0,0,0,0,0,3840,200128,4416,2112,47680,0,0,0,78272,128,535,1231,41987128,3261069291,1118784,0
1596,1676864,165184,105664,0,14016,27392,765376,505344,93888,72000,1604864,0,1280,760320,0,0,0,0,0,0,89024,203648,32320,2752,48832,0,0,0,128640,128,543,1281,3120224822,3480323719,1577472,0
1597,1677056,149056,105856,0,4096,48448,438976,488512,442112,420160,1256896,0,1280,433664,0,0,0,0,0,0,85312,198272,31168,2688,42816,0,0,0,128128,128,542,1274,2205702905,1820424979,1208448,0
1598,1676800,135616,105728,0,4096,27584,386752,476288,540736,519232,1157568,0,1344,381504,0,0,0,0,0,0,86080,197056,31424,2688,32000,0,0,0,126912,128,549,1285,1456413330,4253278301,1129984,0
1599,1677184,134656,105280,0,4224,13696,380288,478080,560960,539520,1137664,0,1344,374976,0,0,0,0,0,0,86720,197376,31680,2688,31360,0,0,0,128128,128,544,1272,191176674,141434319,1123968,0
1600,1677248,159744,105280,0,6400,13312,378368,478208,535936,514112,1163136,0,1408,373056,0,0,0,0,0,0,85632,198080,31936,2688,30784,0,0,0,128896,192,543,1264,2652128141,3711992972,1149824,0
1601,1676928,130560,105472,0,5376,13376,556544,485504,380096,352640,1324288,0,1344,551360,0,0,0,0,0,0,85632,203648,31616,2688,34880,0,0,0,126848,192,550,1269,3513794841,2866515162,1310912,0
1602,1676672,145536,105600,0,3904,13696,527040,498176,382720,361024,1315648,0,1280,521856,0,0,0,0,0,0,85120,204224,31616,2816,43392,0,0,0,130880,128,577,1311,3323335751,2503072392,1301952,0
1603,1676992,130688,105408,0,3968,13440,550784,495488,377216,355648,1321344,0,1344,545536,0,0,0,0,0,0,87936,203328,31616,2624,42048,0,0,0,127808,128,553,1284,3757768434,4154190281,1307904,0
1604,1676992,130688,105408,0,3904,13120,662144,494656,267072,245184,1431808,0,1344,656832,0,0,0,0,0,0,85568,204160,31872,2816,41728,0,0,0,128384,128,531,1248,936665372,2431799653,1418688,0
1605,1676736,130496,116032,0,3968,10752,605504,440000,369984,348288,1328448,0,1344,600192,0,0,0,0,0,0,86784,204416,31104,2688,35712,0,0,0,79104,192,512,1190,1057390093,105522469,1317696,0
1606,1675584,130880,105280,0,4800,11136,565952,436928,420608,400512,1275072,0,1280,560704,0,0,0,0,0,0,85888,203712,31616,2688,35008,0,0,0,77888,128,497,1214,2460583258,2880263392,1263936,0
1607,1676864,130048,104896,0,5120,47040,581568,432448,375744,355840,1321024,0,1280,576320,0,0,0,0,0,0,86656,203072,31936,2560,29120,0,0,0,78976,128,485,1181,1031368860,2641294495,1273984,0
1608,1676864,130624,105664,0,6208,11136,620480,426176,376576,356800,1320064,0,1344,615104,0,0,0,0,0,0,85120,203264,31360,2752,24448,0,0,0,79104,128,509,1208,2418585345,3848485984,1308928,0
1609,1677056,130304,104960,0,5184,11136,553728,432768,438976,418944,1258112,0,1408,548480,0,0,0,0,0,0,87680,203008,31872,2880,28160,0,0,0,79040,128,509,1197,1988398861,4067593553,1246976,0
1610,1676928,130944,105664,0,3904,10816,576064,430336,419200,399296,1277632,0,1344,570688,0,0,0,0,0,0,87104,204096,31360,2688,27392,0,0,0,77568,128,501,1200,2989733416,3158610006,1266816,0
1611,1677056,129856,104832,0,6592,10816,602112,429888,392960,372928,1304128,0,1344,596928,0,0,0,0,0,0,86144,203840,31232,2624,27328,0,0,0,78592,128,514,1232,3851647184,252998486,1293312,0
1612,1678528,130816,105344,0,5248,13504,614464,376832,432320,410752,1267776,0,1408,609216,0,0,0,0,0,0,33088,202432,30848,2816,27456,0,0,0,80064,128,501,1179,855562989,1199052140,1254272,0
1613,1676992,129920,105344,0,3584,13440,574912,377024,472768,451008,1225984,0,1408,569600,0,0,0,0,0,0,32192,202176,31168,2752,26880,0,0,0,81728,128,523,1205,3547585866,20665893,1212544,0
1614,1677056,130432,105472,0,3584,13440,570624,376320,477184,455616,1221440,0,1280,565376,0,0,0,0,0,0,31680,202240,31488,2688,27328,0,0,0,80768,128,526,1221,3016807753,17852997,1208000,0
1615,1676736,130112,105344,0,3584,13568,554432,379072,490624,468992,1207744,0,1344,549312,0,0,0,0,0,0,32064,203968,31744,2688,27904,0,0,0,80576,128,529,1240,1189801160,2978674562,1194176,0
1616,1677056,130496,105408,0,3520,13312,588736,379008,456576,434944,1242112,0,1344,583360,0,0,0,0,0,0,32512,202880,32192,2624,27456,0,0,0,81216,128,518,1212,3241049566,1697169530,1228800,0
1617,1677568,131328,105344,0,5888,13184,522176,351040,548608,520960,1156608,0,1280,516928,0,0,0,0,0,0,3968,203136,33728,2624,27200,0,0,0,80192,192,524,1219,1745151479,1216200785,1143424,0
1618,1676544,131008,105024,0,4800,41408,529472,354048,510784,488576,1187968,0,1344,524224,0,0,0,0,0,0,3840,202432,33344,2496,27648,0,0,0,84160,128,521,1214,3990387999,3780163656,1146560,0
1619,1676992,130944,105536,0,3520,19968,524800,356480,535744,513664,1163328,0,1280,519488,0,0,0,0,0,0,4160,202496,33472,2560,27456,0,0,0,86208,128,527,1231,831332031,283157360,1143360,0
1620,1676992,167040,105536,0,4352,19840,823872,396288,160064,138432,1538560,0,1344,818496,0,0,0,0,0,0,4096,202880,34048,2496,27584,0,0,0,125056,128,583,1335,1615848551,4096106370,1518720,0
1621,1676928,147712,105344,0,3456,19968,597184,392384,410880,389312,1287616,0,1408,591680,0,0,0,0,0,0,4032,202496,33472,2560,27776,0,0,0,121920,128,560,1309,552056287,1952105501,1267648,0
1622,1676992,134016,105280,0,3520,21824,559744,393984,458624,436992,1240000,0,1280,554496,0,0,0,0,0,0,3968,202496,34304,2496,27520,0,0,0,123072,128,569,1300,2848743850,1146059131,1218176,0
1623,1676928,133760,105216,0,5952,19712,557056,392512,462720,440832,1236096,0,1344,551680,0,0,0,0,0,0,4160,203072,34112,2496,27520,0,0,0,121024,128,586,1373,1675444584,697306427,1216384,0
1624,1677056,143168,105536,0,4160,19584,560512,392384,451712,430080,1246976,0,1408,555200,0,0,0,0,0,0,4032,201984,33088,2560,27776,0,0,0,122816,128,558,1296,886082285,2907306463,1227392,0
1625,1676800,131072,105664,0,2048,19776,581504,395008,441728,420096,1256704,0,1344,576192,0,0,0,0,0,0,3968,203072,33472,2496,27840,0,0,0,124032,128,571,1305,2839460615,3887152297,1236928,0
1626,1676928,167168,104960,0,2112,19712,696064,319744,367168,345728,1331200,0,1344,690816,0,0,0,0,0,0,4096,203392,576,1984,28480,0,0,0,81088,128,539,1232,3702401118,2543867174,1311488,0
1627,1677056,133696,105344,0,2112,17728,595328,317248,505600,484224,1192832,0,1344,590208,0,0,0,0,0,0,3904,203136,640,2048,27840,0,0,0,79488,192,549,1239,3996256053,2679547778,1175104,0
1628,1676992,144448,105536,0,2112,39104,560768,314944,510080,488256,1188736,0,1280,555456,0,0,0,0,0,0,3968,203264,640,1856,25600,0,0,0,79488,128,536,1221,1421124288,3043391413,1149632,0
1629,1676928,130688,105152,0,2112,20224,542080,315328,561344,539648,1137280,0,1344,536832,0,0,0,0,0,0,3968,203072,576,2048,25408,0,0,0,80128,128,533,1214,1689047754,441491981,1117056,0
1630,1677376,131392,104768,0,2176,19584,553024,316480,549952,527872,1149504,0,1344,547712,0,0,0,0,0,0,3968,203520,576,1984,25536,0,0,0,80768,128,539,1229,166119136,2631243242,1129920,0
1631,1676608,130816,104896,0,2176,20032,619008,315328,484352,462720,1213888,0,1408,613888,0,0,0,0,0,0,4160,202304,640,1984,25152,0,0,0,80960,128,525,1203,132277181,1383845591,1193856,0
1632,1676992,148480,104704,0,2112,20288,619328,313280,468800,447232,1229760,0,1408,614208,0,0,0,0,0,0,3904,203584,704,1920,22528,0,0,0,80512,128,531,1208,408247012,708059065,1209472,0
1633,1677120,130816,105024,0,2112,20160,565568,311168,542272,515008,1162112,0,1280,560320,0,0,0,0,0,0,4096,202048,640,1856,22208,0,0,0,80192,128,526,1201,1773395960,1387650915,1141952,0
1634,1116480,130304,105280,0,2112,19776,514880,312704,31424,9792,1106688,0,1344,509632,0,0,0,0,0,0,3840,203392,448,2048,21952,0,0,0,80896,128,522,1187,1115685574,3532120368,1086912,0
1635,1677184,133120,110144,0,2112,21952,519168,317696,572992,551168,1126016,0,1344,513920,0,0,0,0,0,0,3840,202432,704,1920,22336,0,0,0,86336,128,531,1203,2879376093,4101883763,1104064,0
1636,1676928,131072,104000,0,2944,21888,546304,305280,565440,543616,1133312,0,1408,541056,0,0,0,0,0,0,3968,202304,704,2048,13888,0,0,0,82176,192,534,1209,3502187995,818125528,1111424,0
1637,1116800,130944,104448,0,2112,35392,501888,305472,36544,12416,1104384,0,1344,496640,0,0,0,0,0,0,4032,203072,640,1920,13888,0,0,0,81792,128,536,1219,4129353630,2328081612,1068992,0
1638,1116800,131008,104384,0,2048,21696,521088,302656,33920,12032,1104768,0,1408,515904,0,0,0,0,0,0,3968,202112,704,1984,13696,0,0,0,80064,128,526,1207,539467741,4244366045,1083072,0
1639,1116672,130880,104768,0,2048,22080,486272,305536,65088,43456,1073216,0,1280,480896,0,0,0,0,0,0,3904,203328,704,1920,14080,0,0,0,81472,128,519,1201,3429656989,3242425217,1051136,0
1640,1116736,130496,104512,0,2048,43968,471936,305920,57856,36224,1080512,0,1280,466688,0,0,0,0,0,0,3968,203712,576,1984,13824,0,0,0,81728,128,527,1212,2335313596,1828736885,1036544,0
1641,1116672,130176,105024,0,2112,22208,515904,306432,34816,13248,1103424,0,1408,510720,0,0,0,0,0,0,4032,204544,576,1920,14080,0,0,0,81152,128,534,1225,730960020,1005384632,1081216,0
1642,1116864,130752,104128,0,2112,21440,472576,305792,80064,58176,1058688,0,1408,467392,0,0,0,0,0,0,3904,203328,704,1856,14272,0,0,0,81600,128,542,1228,2858934538,3228552232,1037248,0
1643,1116864,130304,104576,0,2112,17728,455168,303232,103744,82176,1034688,0,1344,450048,0,0,0,0,0,0,4096,204480,704,2048,13824,0,0,0,77952,128,546,1246,3237836405,3688446461,1016960,0
1644,1116544,149312,104512,0,2176,17088,508544,302400,32512,11072,1105472,0,1344,503296,0,0,0,0,0,0,3904,202496,704,1920,14336,0,0,0,78912,128,543,1229,3801010667,991212957,1088384,0
1645,1116928,148736,104960,0,2176,16960,496256,302016,45824,24192,1092736,0,1408,491008,0,0,0,0,0,0,3968,203392,640,1984,13952,0,0,0,77952,128,547,1227,1166238076,2329204540,1075776,0
1646,1676992,189696,104832,0,2048,16960,551296,296000,516160,494656,1182336,0,1344,546048,0,0,0,0,0,0,192,203584,576,1792,13632,0,0,0,76096,128,554,1234,4209058465,2326484565,1165376,0
1647,1116800,129920,104448,0,2112,16896,502336,294464,66624,45184,1071616,0,1280,497088,0,0,0,0,0,0,256,202688,448,1792,13632,0,0,0,75520,128,541,1211,2429092358,1947163989,1054720,0
1648,1116736,149568,105728,0,3456,16960,503808,313024,24192,2496,1114240,0,1280,498624,0,0,0,0,0,0,256,203264,576,1728,30656,0,0,0,76416,128,539,1205,2057734274,1302398614,1097280,0
1649,1677056,178688,105472,0,3520,16640,513920,315008,543808,516544,1160512,0,1408,508736,0,0,0,0,0,0,320,203328,448,1728,30400,0,0,0,78592,192,544,1207,434159675,1134810886,1143872,0
1650,1116672,130944,105536,0,3584,14656,448256,309888,103808,82240,1034432,0,1408,442944,0,0,0,0,0,0,128,203264,576,1728,30080,0,0,0,73984,128,543,1214,1805592314,369899794,1019776,0
1651,1116928,130176,104704,0,3584,14592,439936,310336,113600,91904,1025024,0,1280,434688,0,0,0,0,0,0,256,203008,512,1664,29888,0,0,0,74880,128,542,1215,1168263248,1275585263,1010432,0
1652,1116928,130688,105408,0,3520,14784,443584,310464,108480,86976,1029952,0,1408,438272,0,0,0,0,0,0,320,203648,640,1600,30336,0,0,0,73792,128,522,1189,2441547013,611632275,1015168,0
1653,1676928,158848,105216,0,3520,14976,615872,312192,466304,444416,1232512,0,1344,610624,0,0,0,0,0,0,256,203008,512,1728,30592,0,0,0,75968,128,520,1197,2890047775,3750072346,1217536,0
1654,1676864,148032,104576,0,3520,32384,510144,307392,570816,546624,1130240,0,1408,504768,0,0,0,0,0,0,256,202176,576,1728,29952,0,0,0,72576,128,527,1212,3826795926,2386428927,1097856,0
1655,1115136,130560,105664,0,4352,10496,453696,305856,104512,84608,1030528,0,1280,448512,0,0,0,0,0,0,256,202432,448,1600,29888,0,0,0,71104,128,531,1216,3299749555,1439609764,1020032,0
1656,1116672,130560,104448,0,3584,10624,477056,306368,84032,64320,1052352,0,1344,471808,0,0,0,0,0,0,320,202112,576,1600,29440,0,0,0,72192,128,517,1195,3690747743,4266756786,1041728,0
1657,1678848,130368,105024,0,3648,13056,640576,309888,476288,454720,1224128,0,1344,635264,0,0,0,0,0,0,320,202112,576,1664,29952,0,0,0,75136,128,526,1211,1106240399,455433658,1211072,0
1658,1676928,130560,104704,0,5888,13440,669248,309056,444032,422336,1254592,0,1344,664064,0,0,0,0,0,0,192,201152,576,1600,30272,0,0,0,75136,128,522,1213,1105679876,1337515779,1241152,0
1659,1676928,130496,105344,0,6208,13312,622848,309824,488896,467520,1209408,0,1344,617408,0,0,0,0,0,0,256,201472,512,1600,30208,0,0,0,75648,128,534,1228,3572546678,403701799,1196096,0
1660,1677184,130112,104704,0,3520,13120,649280,310272,466176,444800,1232384,0,1408,644160,0,0,0,0,0,0,256,201408,576,1664,30464,0,0,0,75776,128,527,1197,2878587359,982354766,1219264,0
1661,1116736,130240,105088,0,5888,13184,488704,316928,56704,35072,1081664,0,1344,483328,0,0,0,0,0,0,256,201344,576,1792,38080,0,0,0,74752,128,529,1205,2921303817,1027356940,1068480,0
1662,1676864,165888,104960,0,12544,13632,666176,372544,341120,316480,1360384,0,1408,660992,0,0,0,0,0,0,44288,201088,576,2176,43264,0,0,0,81024,128,534,1220,688095280,4119786604,1346752,0
1663,2237120,198784,105216,0,11520,14144,781568,549248,576640,554560,1682560,0,1344,776320,0,0,0,0,0,0,45440,203008,91072,2816,40960,0,0,0,165760,192,548,1261,1215613755,204837093,1668416,0
1664,1677056,145088,105600,0,3776,13888,622784,550720,235200,213632,1463424,0,1408,617344,0,0,0,0,0,0,44224,203200,91840,2816,39616,0,0,0,168896,128,554,1273,2239686949,4014456442,1449536,0
1665,1677120,148352,105344,0,6528,35456,629504,549760,202176,174912,1502208,0,1344,624256,0,0,0,0,0,0,44288,203072,91392,2880,39168,0,0,0,168768,192,550,1265,3822460741,2639215045,1466752,0
1666,1676992,134848,105280,0,5184,13952,608704,542656,266368,244544,1432448,0,1344,603392,0,0,0,0,0,0,45248,203136,91328,2880,31552,0,0,0,168384,128,552,1264,3248356632,440287898,1418496,0
1667,1676608,144448,105536,0,3456,28096,659456,447296,288320,266880,1409728,0,1408,654080,0,0,0,0,0,0,44928,202368,704,2304,30784,0,0,0,166080,128,550,1263,3153276109,3549787892,1381632,0
1668,1677248,148352,105344,0,3584,13824,560256,447168,398720,377152,1300096,0,1408,554880,0,0,0,0,0,0,44928,203136,768,2304,30208,0,0,0,165696,128,552,1259,1375457110,2255835779,1286272,0
1669,1676928,134016,105344,0,3520,13696,576768,445312,398272,376576,1300352,0,1280,571520,0,0,0,0,0,0,44736,202688,640,2240,30528,0,0,0,164352,128,548,1249,3558095163,3234031913,1286656,0
1670,1677184,144960,110272,0,6720,13696,559552,442432,399552,377600,1299584,0,1408,554304,0,0,0,0,0,0,44672,203200,512,2240,25920,0,0,0,165760,128,541,1227,661315550,3970784061,1285888,0
1671,1676800,168896,107968,0,6784,14016,819200,439808,120128,98496,1578304,0,1408,813824,0,0,0,0,0,0,44672,201280,768,2112,26176,0,0,0,164672,128,546,1234,1307995110,2687539421,1564288,0
1672,1677056,134720,105664,0,2176,11328,681728,438208,303232,281472,1395584,0,1408,676416,0,0,0,0,0,0,44992,203904,704,2240,25472,0,0,0,160768,128,548,1236,486074134,1096648583,1384256,0
1673,1675392,145088,105216,0,2112,11392,725888,438592,247104,227200,1448192,0,1408,720576,0,0,0,0,0,0,45120,203328,704,2176,25344,0,0,0,161728,192,552,1248,3907884833,3919148314,1436800,0
1674,1677184,162624,105408,0,2112,11520,706368,437632,251520,231104,1446080,0,1408,701056,0,0,0,0,0,0,45184,202304,704,2176,25792,0,0,0,161344,128,547,1243,1958760861,3384324425,1434560,0
1675,1676736,150912,105664,0,2176,32448,802880,437824,144832,124672,1552064,0,1408,797504,0,0,0,0,0,0,45056,202432,704,2304,25472,0,0,0,161728,128,533,1213,2913164028,2247258337,1519616,0
1676,1676928,162624,105472,0,2048,11328,771968,425792,197696,177920,1499008,0,1280,766656,0,0,0,0,0,0,44672,202048,704,2240,13120,0,0,0,162880,128,540,1225,2460664072,280003742,1487680,0
1677,1677376,164288,105600,0,2112,11328,835520,424576,133952,113280,1564096,0,1408,830272,0,0,0,0,0,0,44992,202944,640,2240,13632,0,0,0,160000,128,543,1230,3397247211,442123722,1552768,0
1678,1676416,158592,105600,0,9856,11264,812096,437696,141312,121216,1555200,0,1344,806528,0,0,0,0,0,0,44864,202304,768,2240,25792,0,0,0,161600,128,533,1225,2362028036,273566456,1543936,0
1679,1676992,144768,105472,0,11264,11392,637952,428928,337216,316992,1360000,0,1408,632640,0,0,0,0,0,0,45248,204224,640,2240,38784,0,0,0,137664,128,546,1232,3470813637,340255789,1348608,0
1680,1678272,130112,104576,0,13120,13504,642880,379648,394432,372672,1305600,0,2368,636480,0,0,0,0,0,0,384,202880,576,1600,38144,0,0,0,135936,128,544,1227,2264578218,3862186503,1292096,0
1681,1676992,159680,104640,0,3648,13248,622016,410496,363264,336448,1340544,0,1344,616704,0,0,0,0,0,0,256,202752,576,1600,68352,0,0,0,136832,128,541,1227,840050662,1956158464,1327296,0
1682,1677312,130688,104640,0,3648,13312,589952,390016,445056,423296,1254016,0,1344,584704,0,0,0,0,0,0,384,200768,512,1728,47488,0,0,0,139008,128,530,1201,3648149918,1093873612,1240704,0
1683,1676736,130624,104896,0,3584,13312,660928,399872,363520,342016,1334720,0,1344,655552,0,0,0,0,0,0,256,202752,576,1600,57216,0,0,0,137344,128,542,1237,1111132866,3622654518,1321408,0
1684,1676928,130176,104960,0,3584,13312,597120,398784,428992,407552,1269376,0,1280,591936,0,0,0,0,0,0,256,201600,576,1664,57216,0,0,0,137344,128,538,1220,151448214,1182812207,1256064,0
1685,1677120,193088,104896,0,4544,13504,700608,402112,258368,236480,1440640,0,1344,695360,0,0,0,0,0,0,256,202432,576,1664,57984,0,0,0,139072,128,534,1216,1615820662,3769202676,1427136,0
1686,1677056,129984,104896,0,3712,35072,698752,395392,309248,287552,1389504,0,1344,693440,0,0,0,0,0,0,256,202944,448,1728,52224,0,0,0,137664,128,542,1233,183707634,1436278766,1354432,0
1687,1676800,151168,105152,0,3712,13504,859520,388672,155072,133312,1543488,0,1472,854080,0,0,0,0,0,0,256,202688,512,1664,46912,0,0,0,136512,128,531,1204,2399641552,3651348622,1529984,0
1688,1677312,130048,107904,0,3712,13120,810112,397504,214912,193024,1484288,0,1408,804736,0,0,0,0,0,0,192,203200,512,1664,54528,0,0,0,137280,128,533,1212,2294872808,2878235620,1471168,0
1689,2236864,597760,104192,0,14528,27840,752896,400128,339520,317696,1919168,0,1408,747456,0,0,0,0,0,0,320,202560,512,1664,58048,0,0,0,136896,128,534,1221,2092392467,2267345819,1891328,0
1690,1677184,149184,105024,0,6784,13376,520960,384320,497536,475840,1201344,0,1408,515584,0,0,0,0,0,0,256,201984,512,1664,43392,0,0,0,136384,128,541,1232,1244028672,3633270424,1187968,0
1691,1676608,134528,104320,0,4928,27008,512960,369344,523520,502144,1174464,0,1344,507648,0,0,0,0,0,0,256,202624,576,1728,28352,0,0,0,135680,128,531,1226,2984020562,2529077802,1147456,0
1692,1677120,145216,103936,0,3584,13184,588096,369280,453824,432128,1244992,0,1408,582720,0,0,0,0,0,0,192,201216,448,1664,29312,0,0,0,136320,128,528,1215,4243742068,1739945484,1231808,0
1693,1676800,164608,104576,0,3520,13312,676224,370816,343744,322112,1354688,0,1344,670912,0,0,0,0,0,0,320,202944,576,1664,28992,0,0,0,136192,128,528,1222,3410409781,1660669281,1341376,0
1694,1676928,129344,105024,0,3520,13120,526784,369408,529728,508416,1168512,0,1344,521344,0,0,0,0,0,0,192,202048,512,1664,29312,0,0,0,135552,128,524,1210,609164061,1810771895,1155392,0
1695,1677376,128896,104128,0,3520,10496,526208,364544,539584,517952,1159424,0,1344,521024,0,0,0,0,0,0,128,202240,576,1664,26304,0,0,0,133504,128,521,1212,3520856871,3679849700,1148928,0
1696,1675392,129472,104320,0,3584,31936,535104,364864,506112,485824,1189568,0,1408,529728,0,0,0,0,0,0,320,201792,512,1664,26688,0,0,0,133760,128,522,1215,1237710415,2146217453,1157632,0
1697,1676800,129152,105472,0,3584,24960,516800,365952,530880,505792,1171008,0,1408,511488,0,0,0,0,0,0,256,202304,576,1536,25984,0,0,0,135168,128,523,1218,4115838298,1374091784,1146048,0
1698,1676928,129600,104576,0,3520,10688,557760,350528,520256,500672,1176256,0,1472,552384,0,0,0,0,0,0,320,203136,576,1664,13632,0,0,0,131072,128,519,1206,1999823447,3857796885,1165568,0
1699,1676928,129792,104704,0,3520,10752,522432,363584,542144,522432,1154496,0,1344,517184,0,0,0,0,0,0,256,201536,512,1728,12928,0,0,0,146496,128,516,1197,1654775075,3309067143,1143744,0
1700,1676992,129472,104448,0,4416,11136,539584,350784,537152,517568,1159424,0,1280,533632,0,0,0,0,0,0,384,201408,640,1600,13376,0,0,0,133248,128,519,1188,2017039050,4269883376,1148288,0
1701,1676800,129920,104448,0,3584,10816,525248,350592,552192,532416,1144384,0,1408,520064,0,0,0,0,0,0,256,202432,576,1664,13504,0,0,0,132032,128,529,1213,1858885736,1294164901,1133568,0
1702,1678848,129472,102592,0,5824,13120,570688,356672,500480,478720,1200128,0,1408,565440,0,0,0,0,0,0,256,203648,576,1728,13632,0,0,0,136704,128,537,1231,1619744867,4219832538,1187008,0
1703,1677248,130048,102208,0,4096,13120,526016,355392,546368,524480,1152768,0,1344,520704,0,0,0,0,0,0,192,202944,576,1664,13696,0,0,0,136192,128,542,1229,1408760215,2076315207,1139648,0
1704,1676672,193856,102400,0,9152,13248,711424,405184,241408,219968,1456704,0,1472,706176,0,0,0,0,0,0,320,203008,576,1792,23232,0,0,0,176128,128,561,1287,2929721958,620173592,1443456,0
1705,1677056,129984,105472,0,3520,13696,534080,418688,471616,449920,1227136,0,1408,528768,0,0,0,0,0,0,256,200832,576,1728,39232,0,0,0,175936,128,567,1304,1633349154,96828518,1213440,0
1706,1677184,130432,102592,0,3584,34496,566592,410752,428736,407168,1270016,0,1408,561344,0,0,0,0,0,0,192,201664,576,1536,29952,0,0,0,176704,128,559,1293,96806420,2316947778,1235520,0
1707,1676800,129728,102720,0,4672,13568,543104,408896,474112,452288,1224512,0,1344,537792,0,0,0,0,0,0,256,201280,576,1664,30208,0,0,0,174784,128,558,1288,3111065527,868823542,1210944,0
1708,1677056,129856,102592,0,11072,12800,601408,409920,409408,387520,1289536,0,1344,596160,0,0,0,0,0,0,320,201408,576,1664,29824,0,0,0,176000,128,560,1296,3554091264,2065981917,1276736,0
1709,1676800,147968,102720,0,3584,13056,615808,410624,383040,361216,1315584,0,1408,610432,0,0,0,0,0,0,192,201408,512,1728,29888,0,0,0,176768,128,563,1303,2686424921,301995611,1302528,0
1710,1677120,129792,102400,0,5888,13504,538432,371008,516096,494720,1182400,0,1344,533184,0,0,0,0,0,0,256,201792,576,1664,30080,0,0,0,136448,192,544,1246,2721983619,1055005269,1168896,0
1711,1677056,130176,103168,0,4032,13376,569408,369216,487680,466112,1210944,0,1408,564032,0,0,0,0,0,0,256,201152,576,1600,29696,0,0,0,135808,128,543,1241,133376131,120510993,1197568,0
1712,1676864,130048,103616,0,2048,12992,524608,369536,534016,512704,1164160,0,1280,519424,0,0,0,0,0,0,320,200512,512,1728,29952,0,0,0,136384,128,547,1250,4272118470,773737284,1151168,0
1713,1677056,130880,103424,0,2048,12928,520256,369792,537728,510528,1166528,0,1408,515008,0,0,0,0,0,0,256,201664,512,1600,30336,0,0,0,135296,128,544,1244,227086869,3923084316,1153600,0
1714,1677056,191680,102400,0,2880,13120,603136,371456,392384,370752,1306304,0,1408,597888,0,0,0,0,0,0,256,201216,576,1728,30080,0,0,0,137472,128,533,1223,3639734238,2050366271,1293184,0
1715,1676992,178752,102592,0,4416,13248,574272,370624,433088,411200,1265792,0,1344,568832,0,0,0,0,0,0,192,201472,512,1664,30336,0,0,0,136320,128,532,1232,3534405135,142339563,1252544,0
1716,1677120,129600,102464,0,5696,13504,507136,369216,549504,527936,1149184,0,1344,501696,0,0,0,0,0,0,192,201728,448,1728,30656,0,0,0,134336,128,524,1210,708490184,1505861479,1135680,0
1717,1676736,239808,101952,0,4160,32192,709120,367424,222080,200640,1476096,0,1344,703808,0,0,0,0,0,0,320,202240,576,1536,29696,0,0,0,132864,192,533,1217,3184460006,1607586104,1443904,0
1718,1675264,133696,102272,0,2048,10816,515136,366080,545216,525696,1149568,0,1408,509824,0,0,0,0,0,0,256,200960,512,1600,29376,0,0,0,133184,192,529,1217,3038032675,992096846,1138752,0
1719,1677184,133504,101696,0,2048,10752,542400,350272,536512,516480,1160704,0,1216,537216,0,0,0,0,0,0,384,202304,576,1536,13440,0,0,0,131904,128,542,1228,137772847,1247915977,1149952,0
1720,1676800,153920,102528,0,2048,10944,643712,348480,415168,395264,1281536,0,1280,638656,0,0,0,0,0,0,256,201344,576,1728,12928,0,0,0,131520,128,522,1190,775588792,3211707742,1270592,0
1721,1676992,133568,102144,0,2176,10688,555584,352448,520384,500544,1176448,0,1344,550464,0,0,0,0,0,0,192,202368,576,1536,14016,0,0,0,133632,128,526,1196,148964780,3685868178,1165760,0
1722,1676992,133248,102144,0,2112,10816,510592,352128,565952,545984,1131008,0,1408,505344,0,0,0,0,0,0,320,202176,448,1664,13056,0,0,0,134272,192,532,1208,701743423,2887495985,1120192,0
1723,1676864,133440,102592,0,2112,10752,508928,348928,570112,550080,1126784,0,1408,503552,0,0,0,0,0,0,320,201536,576,1536,13312,0,0,0,131520,128,533,1209,4029653408,1675984519,1116032,0
1724,1676928,133312,102656,0,2112,10688,507648,349248,571264,551488,1125440,0,1408,502464,0,0,0,0,0,0,192,201856,448,1664,13440,0,0,0,131520,128,530,1203,405964400,74927115,1114752,0
1725,1678656,133184,102464,0,2112,12864,508928,353856,565248,543808,1134848,0,1344,503872,0,0,0,0,0,0,256,202240,576,1600,14016,0,0,0,134976,192,524,1185,1650574940,1436959045,1121984,0
1726,1676864,133376,101760,0,2112,13056,581248,352064,493248,471808,1205056,0,1408,576000,0,0,0,0,0,0,256,201088,576,1600,14080,0,0,0,134336,128,524,1185,2377121536,3766064015,1192000,0
1727,1676928,133376,102784,0,2112,26816,560000,372672,479168,457408,1219520,0,1408,554624,0,0,0,0,0,0,320,202304,576,1600,29888,0,0,0,137856,128,534,1201,1419014421,1663506067,1192704,0
1728,1677184,133248,102336,0,2112,34432,485632,369856,549568,527616,1149568,0,1408,480384,0,0,0,0,0,0,256,201408,576,1600,30272,0,0,0,135616,128,529,1198,874226780,395675596,1115136,0
1729,1676928,133504,103040,0,3008,13504,495808,370048,558016,531136,1145792,0,1472,490368,0,0,0,0,0,0,320,201984,576,1728,30016,0,0,0,135232,192,537,1220,1275897120,1578448990,1132288,0
1730,1676928,133504,103296,0,2112,13312,486592,369280,568832,547072,1129856,0,1344,481344,0,0,0,0,0,0,192,201024,576,1792,30464,0,0,0,135104,128,531,1206,41159450,373542569,1116544,0
1731,1676736,144000,103104,0,2112,12992,521280,368320,524928,503488,1173248,0,1408,515968,0,0,0,0,0,0,256,201024,512,1728,30208,0,0,0,134464,128,529,1198,1280909802,1376212787,1160256,0
1732,1677056,129600,102208,0,2048,13248,532608,369600,527744,505664,1171392,0,1344,527232,0,0,0,0,0,0,256,201280,512,1664,30208,0,0,0,135552,128,526,1182,4251997695,382776486,1158144,0
1733,1677056,129280,102592,0,2048,13376,483328,369984,576448,554816,1122240,0,1280,478016,0,0,0,0,0,0,192,201856,576,1600,30272,0,0,0,135360,128,526,1182,224990371,600711746,1108864,0
1734,1676992,130240,102720,0,2048,14016,484928,368320,574720,552832,1124160,0,1408,479616,0,0,0,0,0,0,256,200384,576,1600,30208,0,0,0,135168,128,526,1182,3548805858,1205608695,1110144,0
1735,1677120,147776,102336,0,2176,12864,542464,370368,499136,477632,1199488,0,1408,537152,0,0,0,0,0,0,256,201728,576,1600,30784,0,0,0,135232,192,520,1176,3576414537,2212860181,1186624,0
1736,1676928,148160,102016,0,2048,13184,530304,370560,510656,488768,1188160,0,1280,524992,0,0,0,0,0,0,256,201600,448,1664,30848,0,0,0,135552,192,526,1194,2461672385,3340685886,1174976,0
1737,1677440,148480,102272,0,10176,13376,692736,373632,336768,314432,1363008,0,1344,687488,0,0,0,0,0,0,256,202048,576,1664,33664,0,0,0,135296,128,528,1193,47706649,2063188053,1349632,0
1738,1676352,129984,102912,0,3584,34048,516864,377408,511552,489856,1186496,0,1472,511552,0,0,0,0,0,0,192,202304,640,1664,38272,0,0,0,134144,192,534,1198,297398809,3241080470,1152448,0
1739,1677120,129920,103232,0,3520,12992,523904,381056,522496,500608,1176512,0,1280,518592,0,0,0,0,0,0,256,202624,512,1728,38272,0,0,0,137536,128,529,1187,847924786,350142193,1163520,0
1740,1676800,129792,102208,0,3520,11392,532480,375424,521984,500544,1176256,0,1344,526976,0,0,0,0,0,0,192,201664,512,1600,38976,0,0,0,132352,128,535,1201,3189816067,1349412264,1164864,0
1741,1675584,181248,102976,0,3584,10816,616256,371776,388928,368832,1306752,0,1408,610944,0,0,0,0,0,0,256,202176,576,1600,34688,0,0,0,132352,128,537,1219,4202641220,1777015106,1295936,0
1742,1677120,213888,102272,0,3584,10880,836352,367360,142784,122816,1554304,0,1408,831040,0,0,0,0,0,0,192,201152,640,1792,29632,0,0,0,133824,128,518,1187,3706971709,709541706,1543424,0
1743,1676480,149696,102720,0,3648,10816,650496,368000,391104,371392,1305088,0,1408,644992,0,0,0,0,0,0,256,204672,576,1728,29120,0,0,0,131520,128,517,1194,2625478812,977517242,1294272,0
1744,2237504,284288,102848,0,13952,25088,996480,389056,425792,405760,1831744,0,1344,991104,0,0,0,0,0,0,192,200896,576,1664,50176,0,0,0,135424,128,545,1215,2448614771,1358468494,1806656,0
1745,1676672,148928,103424,0,6080,25344,516864,376128,499904,474752,1201920,0,1344,511616,0,0,0,0,0,0,192,197184,576,1664,43648,0,0,0,132736,128,547,1219,4079467525,2599525510,1176576,0
1746,1677312,155456,102528,0,6272,25088,652288,376512,359168,339072,1338240,0,1280,646976,0,0,0,0,0,0,320,196416,512,1664,43200,0,0,0,134272,128,544,1214,1572742752,2503484044,1313152,0
1747,1678528,194048,103040,0,3584,12992,632896,391104,340864,319488,1359040,0,1280,627648,0,0,0,0,0,0,256,204544,512,1728,46080,0,0,0,137856,128,531,1202,2345026381,1510631362,1346048,0
1748,1677056,193920,102464,0,3712,34496,748928,387136,206400,184768,1492288,0,1344,743552,0,0,0,0,0,0,192,201280,512,1664,45504,0,0,0,137856,128,524,1185,1510577831,3949179970,1457792,0
1749,1676928,130304,102272,0,3584,13504,640640,386880,399744,378240,1298688,0,1280,635328,0,0,0,0,0,0,320,201344,640,1600,46016,0,0,0,136832,128,523,1174,304961293,1636087848,1285184,0
1750,1676992,178944,102656,0,3584,13376,668672,386944,322816,300992,1376000,0,1344,663424,0,0,0,0,0,0,320,203328,576,1728,43712,0,0,0,137088,192,514,1161,2099706580,1355848040,1362624,0
1751,2237120,256960,102592,0,3712,27200,980672,390464,475520,453888,1783232,0,1344,975488,0,0,0,0,0,0,320,201024,576,1600,48000,0,0,0,138816,128,524,1178,482969613,2080059266,1756032,0
1752,1677184,148800,102336,0,3840,27008,557184,371648,466368,444608,1232576,0,1344,551872,0,0,0,0,0,0,192,197248,576,1664,35840,0,0,0,136000,128,522,1166,1555629642,458975253,1205568,0
1753,1676864,134016,102464,0,3776,27712,502976,365824,540096,518720,1158144,0,1344,497856,0,0,0,0,0,0,320,197120,576,1664,29184,0,0,0,136832,128,519,1155,1808764594,2588430898,1130432,0
1754,1677056,235136,102336,0,3904,27520,843520,380992,83648,61952,1615104,0,1344,838400,0,0,0,0,0,0,256,201344,512,1600,36864,0,0,0,140288,128,521,1155,3094015481,43052520,1587584,0
1755,1677248,148544,102336,0,3968,27840,534016,376512,484032,462400,1214848,0,1344,528640,0,0,0,0,0,0,192,198272,576,1600,39552,0,0,0,136192,128,523,1159,1687376032,3482685141,1187008,0
1756,1676736,183040,102208,0,3904,27264,674880,379520,305920,284416,1392320,0,1408,669440,0,0,0,0,0,0,256,197376,512,1664,38976,0,0,0,140608,128,516,1149,3491127992,1869201906,1365056,0
1757,1677184,145792,103360,0,3968,26944,528768,383872,484480,462272,1214912,0,1408,523392,0,0,0,0,0,0,192,203520,512,1728,38912,0,0,0,138880,128,508,1137,3553389579,1411006592,1187968,0
1758,1676992,145408,102656,0,4736,34496,503104,378368,508224,486528,1190464,0,1280,497728,0,0,0,0,0,0,256,203392,576,1600,36800,0,0,0,135616,128,502,1124,1974112771,410108082,1155968,0
1759,1676736,165312,102080,0,3968,13440,558784,380480,452672,431168,1245568,0,1408,553408,0,0,0,0,0,0,192,203904,576,1664,36736,0,0,0,137280,128,510,1121,1965439398,477809270,1232128,0
1760,1677184,128960,102528,0,3968,13504,489472,372288,566464,544832,1132352,0,1408,484096,0,0,0,0,0,0,256,203200,576,1600,29184,0,0,0,137344,128,506,1098,307344003,1903521132,1118848,0
1761,1676864,130880,102272,0,3904,13056,471168,369024,586560,558976,1117888,0,1344,465920,0,0,0,0,0,0,256,204288,576,1536,26624,0,0,0,135616,128,501,1088,2529367115,559136633,1104832,0
1762,1676864,130240,102528,0,3840,11008,546688,363264,519296,497792,1179072,0,1280,541504,0,0,0,0,0,0,320,202944,576,1728,25792,0,0,0,131776,128,502,1101,3568471994,657373432,1168064,0
1763,1115008,129344,102272,0,3904,10688,463104,352576,53120,33408,1081600,0,1344,457792,0,0,0,0,0,0,192,203648,512,1664,13376,0,0,0,133056,128,503,1100,1769388745,899517605,1070912,0
1764,1116864,130496,102080,0,3968,10688,480896,350080,38656,18880,1097984,0,1344,475520,0,0,0,0,0,0,192,203328,512,1728,13376,0,0,0,130816,128,498,1097,487536163,345707143,1087296,0
1765,1116928,130112,102848,0,3968,10880,449920,351040,68160,48064,1068864,0,1408,444608,0,0,0,0,0,0,256,204032,576,1600,13056,0,0,0,131392,128,495,1100,2617803859,3649453790,1057984,0
1766,1676928,130240,102656,0,3968,10816,507008,351808,570432,550720,1126208,0,1408,501696,0,0,0,0,0,0,256,204032,512,1600,13120,0,0,0,132096,192,499,1094,4051098683,3986058312,1115392,0
1767,1677056,148160,102144,0,3968,10880,580608,368000,463296,443200,1233856,0,1408,575232,0,0,0,0,0,0,320,201152,576,1600,31744,0,0,0,132480,128,502,1105,615116350,1310633089,1222976,0
1768,1676928,241408,102400,0,6784,10816,668800,358400,288320,268672,1408256,0,1408,663552,0,0,0,0,0,0,256,200576,576,1728,21824,0,0,0,133248,192,504,1111,249818140,4220832787,1397440,0
1769,1677120,129280,102464,0,5376,32320,517440,348032,542208,521792,1155328,0,1280,512320,0,0,0,0,0,0,256,200256,512,1728,13696,0,0,0,131456,128,510,1129,2371832570,2431139076,1123008,0
1770,1678656,149376,102080,0,3648,13120,637504,356160,416768,395200,1283456,0,1280,632192,0,0,0,0,0,0,256,202048,512,1728,13952,0,0,0,137472,192,512,1134,2253476813,4035624952,1270336,0
1771,1677120,591872,102144,0,3648,12992,584704,355008,26752,4544,1672576,0,1280,579520,0,0,0,0,0,0,192,202240,576,1600,13888,0,0,0,136384,128,495,1109,961287178,1223909945,1659584,0
1772,1676672,147904,101568,0,3648,13376,557824,358016,494336,472704,1203968,0,1344,552512,0,0,0,0,0,0,256,203584,576,1600,13888,0,0,0,137984,128,502,1128,2768518002,2893316673,1190592,0
1773,1676864,127936,101696,0,3712,12864,543360,368832,518464,496960,1179904,0,1344,538176,0,0,0,0,0,0,192,204096,576,1728,23616,0,0,0,138496,128,494,1127,179192381,3875021404,1167040,0
1774,1677056,130432,101888,0,4608,12864,650176,364864,412224,390720,1286336,0,1344,644864,0,0,0,0,0,0,320,202688,448,1728,21888,0,0,0,137664,128,517,1167,1752657082,2735821645,1273472,0
1775,1677056,129920,101824,0,6080,13376,541696,363904,520256,498688,1178368,0,1408,536512,0,0,0,0,0,0,256,202624,512,1600,22016,0,0,0,136704,192,522,1198,2825838253,3287123872,1164992,0
1776,1677056,129600,101632,0,6336,13888,529728,355520,540352,518464,1158592,0,1344,524416,0,0,0,0,0,0,256,201536,576,1536,13504,0,0,0,137984,128,525,1197,591168762,724415089,1144704,0
1777,1676928,148416,103296,0,10752,13312,593920,372416,434816,407808,1269120,0,1344,588544,0,0,0,0,0,0,192,202688,512,1728,30272,0,0,0,136896,128,548,1240,226190314,2854422787,1255808,0
1778,1116800,129664,103104,0,3776,13376,454400,374400,38080,16704,1100096,0,1344,449024,0,0,0,0,0,0,192,202752,512,1728,29760,0,0,0,139328,128,539,1234,868979353,3851026068,1086720,0
1779,1676928,150720,103168,0,6144,13120,505536,378304,519936,498432,1178496,0,1344,500160,0,0,0,0,0,0,256,200832,576,1664,38272,0,0,0,136576,128,536,1223,2100819288,3976721130,1165376,0
1780,1677184,154496,102528,0,3712,34624,578624,390912,412288,390464,1286720,0,1408,573248,0,0,0,0,0,0,320,201216,448,1728,45888,0,0,0,141184,128,537,1230,1437492979,2742033091,1252096,0
1781,1116480,130048,103936,0,3712,13120,460288,379136,26240,4736,1111744,0,1536,454976,0,0,0,0,0,0,256,202176,512,1600,38080,0,0,0,136384,128,534,1238,1113338899,835446372,1098624,0
1782,1677056,130624,102656,0,3648,13376,480832,380928,564992,543424,1133632,0,1344,475648,0,0,0,0,0,0,320,201536,512,1664,38464,0,0,0,138304,128,544,1258,3038057510,3954722028,1120256,0
1783,1676992,130112,102144,0,5824,13568,538048,378944,508352,486656,1190336,0,1344,532736,0,0,0,0,0,0,256,202560,512,1600,38656,0,0,0,135232,128,534,1232,1622134037,1374490588,1176768,0
1784,2237120,177280,182656,0,26560,17088,886400,365056,582080,550976,1686144,0,1472,880576,0,0,0,0,0,0,256,201792,576,1600,53504,0,0,0,107200,128,529,1217,3223974561,1498773345,1669056,0
1785,1676928,237888,102336,0,3904,24832,780416,364416,163136,141760,1535168,0,1408,775168,0,0,0,0,0,0,256,200832,576,1792,81024,0,0,0,79808,128,545,1258,1118087574,3126558787,1510336,0
1786,1675584,149760,102272,0,4032,10752,654336,363584,390848,370688,1304896,0,1216,649152,0,0,0,0,0,0,320,201792,576,1728,79808,0,0,0,79232,128,551,1287,768695117,536239665,1294144,0
1787,1676864,130816,102464,0,4032,24704,605888,387648,421312,401408,1275456,0,1344,600640,0,0,0,0,0,0,320,200768,576,1664,104512,0,0,0,79680,128,554,1289,993323555,366735516,1250752,0
1788,1676800,191744,102272,0,4096,10816,763776,372864,231232,211328,1465472,0,1408,758464,0,0,0,0,0,0,192,201664,512,1600,88384,0,0,0,80320,192,562,1305,1988135224,461859211,1454656,0
1789,1677056,129856,103040,0,6848,11136,614976,374400,436800,415488,1261568,0,1472,608576,0,0,0,0,0,0,320,200896,512,1664,91584,0,0,0,79296,128,553,1308,1229058093,3581203541,1250432,0
1790,1677120,129984,102976,0,3968,32128,579200,378944,449920,426624,1250496,0,1280,573952,0,0,0,0,0,0,192,201920,640,1600,93248,0,0,0,81152,192,556,1317,1815382352,3811892174,1218368,0
1791,1676992,164416,102592,0,4032,10752,584064,376512,434624,414848,1262144,0,1344,578688,0,0,0,0,0,0,320,201536,576,1664,92608,0,0,0,79680,128,560,1330,1136911402,3469254754,1251392,0
1792,1678592,147712,102848,0,4032,13184,608000,375232,427584,405632,1272960,0,1344,602688,0,0,0,0,0,0,192,201664,704,1664,94784,0,0,0,76096,128,552,1328,222805342,1562382859,1259776,0
1793,1677184,129728,102848,0,4096,12864,503296,366912,557440,530432,1146752,0,1408,497984,0,0,0,0,0,0,256,200960,512,1664,86848,0,0,0,76480,192,532,1276,1783198877,2123680289,1133888,0
1794,1116544,129792,103616,0,6208,13056,453568,359616,50688,29248,1087296,0,1280,448320,0,0,0,0,0,0,320,202176,576,1664,78720,0,0,0,76032,128,533,1275,2499483776,3945776702,1074240,0
1795,1116736,129920,103360,0,6272,13504,439552,353152,70976,49472,1067264,0,1408,434240,0,0,0,0,0,0,192,201472,576,1664,72576,0,0,0,76544,128,532,1249,3349140399,976928116,1053760,0
1796,1116800,130368,102528,0,5440,12992,459328,346240,59904,38528,1078272,0,1408,453952,0,0,0,0,0,0,256,202112,512,1728,66560,0,0,0,74880,192,522,1226,3974522988,215216220,1065280,0
1797,1677504,196800,102464,0,3968,12864,594304,397248,369856,347456,1330048,0,1344,588992,0,0,0,0,0,0,256,203392,576,1664,74880,0,0,0,116352,128,552,1286,2228300181,3299944705,1317184,0
1798,1676480,129792,103488,0,3968,12736,504704,395648,526144,504512,1171968,0,1344,499456,0,0,0,0,0,0,256,198336,512,1664,79104,0,0,0,115648,128,541,1263,4173829594,349269421,1159232,0
1799,1677120,172736,102208,0,6400,13312,686400,403392,292672,271104,1406016,0,1408,681024,0,0,0,0,0,0,192,198144,576,1728,86528,0,0,0,116096,128,536,1268,1928221865,3521671895,1392704,0
1800,1676992,208000,102848,0,12288,10944,683712,562752,96448,74368,1602624,0,1408,678336,0,0,0,0,0,0,43904,218176,89856,2880,85120,0,0,0,122624,192,542,1274,2594661536,263712707,1591680,0
1801,1675456,144704,105280,0,3904,31936,584384,551360,253888,233920,1441536,0,1344,579136,0,0,0,0,0,0,44480,217536,90176,2688,77376,0,0,0,118976,128,518,1236,947822516,1665246925,1409600,0
1802,1676736,133632,105280,0,3840,10752,657216,552000,214016,193792,1482944,0,1344,651904,0,0,0,0,0,0,43648,217024,91072,2944,78720,0,0,0,118464,128,526,1247,2212063085,1275838497,1472192,0
1803,1676928,144064,105088,0,6208,11136,612864,513792,283776,263872,1413056,0,1408,607552,0,0,0,0,0,0,44160,217536,91648,2752,79040,0,0,0,78528,128,504,1183,591907849,2513225350,1401920,0
1804,1676864,144512,105408,0,5184,10944,629376,417408,364032,344256,1332608,0,1408,624192,0,0,0,0,0,0,44864,217216,768,2112,75904,0,0,0,76352,192,509,1201,870482513,24425961,1321664,0
1805,1676928,133184,106432,0,4608,10880,511936,416320,493568,473536,1203392,0,1344,506688,0,0,0,0,0,0,44672,218112,768,2304,75776,0,0,0,74560,128,521,1205,1094711003,3124277556,1192512,0
1806,1677120,143488,106048,0,3712,10944,499712,415296,497920,477696,1199424,0,1344,494400,0,0,0,0,0,0,44480,217792,704,2240,73216,0,0,0,76736,128,519,1216,12784874,3831566621,1188480,0
1807,1676672,144320,108480,0,3840,10816,526336,410240,472640,452928,1223744,0,1344,521088,0,0,0,0,0,0,44288,216320,768,2240,70400,0,0,0,76032,192,530,1229,783290448,192261121,1212928,0
1808,1676992,136512,106048,0,4992,10880,526976,410880,480704,460864,1216128,0,1344,521600,0,0,0,0,0,0,44160,216896,704,2240,70720,0,0,0,76032,128,537,1256,3936272395,4238933527,1205248,0
1809,1677120,144128,105344,0,6080,11008,546432,409152,454976,429376,1247744,0,1344,541184,0,0,0,0,0,0,44480,217664,768,2240,67392,0,0,0,76480,128,540,1267,1586421878,2158914659,1236736,0
1810,1677056,240000,105792,0,5120,10944,627072,408448,279680,260224,1416832,0,1344,621760,0,0,0,0,0,0,44416,217920,832,2048,66944,0,0,0,76160,128,537,1240,1472587241,2565455524,1405888,0
1811,1677120,133760,105344,0,3648,10688,502400,403840,517440,497408,1179712,0,1344,497088,0,0,0,0,0,0,44544,218304,832,2176,62272,0,0,0,75584,128,539,1235,2178496033,540585552,1169024,0
1812,1676800,144832,105792,0,3648,31872,514560,397952,478144,457920,1218880,0,1344,509184,0,0,0,0,0,0,44416,218560,704,2304,56064,0,0,0,75776,128,527,1218,2678234382,1815831712,1187008,0
1813,1676736,148288,105984,0,3648,10880,497280,395968,514688,494784,1181952,0,1408,492096,0,0,0,0,0,0,44480,217408,704,2176,54464,0,0,0,76608,128,522,1198,3120328675,832020088,1171072,0
1814,1676928,165440,105728,0,3648,10880,564992,389504,436736,416704,1260224,0,1280,559936,0,0,0,0,0,0,44928,217344,640,2240,47168,0,0,0,77056,128,526,1221,759614347,1686897090,1249344,0
1815,1677056,130688,105408,0,3584,10880,583040,384000,459456,439296,1237760,0,1280,577792,0,0,0,0,0,0,44992,216192,704,2176,44608,0,0,0,75136,192,524,1212,2943701792,696809300,1226880,0
1816,1676864,130176,105408,0,3712,10944,570112,380288,476224,456448,1220416,0,1280,564800,0,0,0,0,0,0,44864,215872,704,2176,41280,0,0,0,75200,192,521,1219,222675189,263071822,1209472,0
1817,1677120,130304,105472,0,3712,25024,547904,381376,483328,463296,1213824,0,1344,542592,0,0,0,0,0,0,44608,215808,832,2176,41920,0,0,0,75904,128,521,1218,4052081237,4120754404,1188800,0
1818,1676800,167360,105664,0,11008,11136,644992,390784,345856,325760,1351040,0,1408,639552,0,0,0,0,0,0,44160,217984,704,2240,48384,0,0,0,77184,128,515,1195,3688714262,1153788598,1339904,0
1819,1676928,130048,105216,0,3776,10944,590784,393664,442496,422592,1254336,0,1344,585536,0,0,0,0,0,0,44992,219200,768,2240,51520,0,0,0,74816,128,507,1173,1798249066,2418163880,1243392,0
1820,1676928,130048,105344,0,4800,10752,563264,396096,466624,446400,1230528,0,1344,558080,0,0,0,0,0,0,44480,218304,832,2176,54208,0,0,0,75968,128,517,1190,729885734,3182527621,1219776,0
1821,1676800,148864,105152,0,3712,11008,646336,399616,362112,341696,1335104,0,1344,641152,0,0,0,0,0,0,43968,216512,704,2176,59904,0,0,0,76224,128,524,1222,1870098269,2714191075,1324096,0
1822,1677120,130432,105216,0,3968,32064,567168,396608,441664,421696,1255424,0,1280,561984,0,0,0,0,0,0,44736,213248,704,2176,60352,0,0,0,75264,128,521,1186,2273181443,941146342,1223360,0
1823,2236928,259584,105216,0,3968,25024,861120,413888,568128,548096,1688832,0,1344,855808,0,0,0,0,0,0,44544,218432,640,2240,70080,0,0,0,77824,128,541,1246,751411442,2474476524,1663808,0
1824,1676992,165056,105984,0,6784,25536,534656,454912,384064,363968,1313024,0,1280,529536,0,0,0,0,0,0,45440,211584,39808,2880,73024,0,0,0,82048,128,545,1251,764463991,2212105944,1287488,0
1825,1677056,140288,105344,0,5312,25280,407296,458048,535488,510016,1167040,0,1280,402048,0,0,0,0,0,0,45184,212544,46016,2816,72704,0,0,0,78656,128,548,1266,2438616559,3756130988,1141760,0
1826,1676928,138304,105088,0,3840,10944,453056,494528,471168,451008,1225920,0,1344,447936,0,0,0,0,0,0,44160,211968,84096,3328,66880,0,0,0,83968,128,558,1286,4159370762,3331331910,1214976,0
1827,1676864,178496,106048,0,3840,10944,575488,506432,295616,275840,1401024,0,1344,570304,0,0,0,0,0,0,44288,218368,91392,3456,65344,0,0,0,83456,128,541,1265,1754812706,3742790723,1390080,0
1828,1676992,146368,105536,0,3840,10816,610240,546176,254016,234240,1442752,0,1408,604928,0,0,0,0,0,0,44352,218432,128960,3712,63936,0,0,0,86656,128,547,1265,3580668962,1655718902,1431936,0
1829,1676992,141568,105472,0,3840,10944,635904,542400,236864,217152,1459840,0,1280,630592,0,0,0,0,0,0,44352,217600,135680,3968,53696,0,0,0,86976,128,558,1288,3313037260,3974512080,1448896,0
1830,1676928,129984,105728,0,3904,11072,605248,533312,287680,267840,1409088,0,1344,599936,0,0,0,0,0,0,45184,217792,134912,3968,46336,0,0,0,84992,128,542,1263,4189830050,3944836762,1398016,0
1831,1677120,129216,105408,0,3904,10880,508992,534848,383872,363968,1313152,0,1344,503680,0,0,0,0,0,0,44480,217280,135744,3584,46464,0,0,0,87168,128,554,1288,3634951232,2412658309,1302272,0
1832,1677120,130688,105920,0,3904,31936,502144,514368,388160,367872,1309248,0,1408,496768,0,0,0,0,0,0,44864,217600,135296,3904,29824,0,0,0,82752,128,551,1266,2565811507,4019475784,1277312,0
1833,1677056,131136,106304,0,3840,10880,502208,515392,407296,387136,1289920,0,1408,496832,0,0,0,0,0,0,44480,218624,135808,3968,29760,0,0,0,82624,128,543,1258,4157310669,1042818349,1279040,0
1834,1676864,129344,105856,0,4608,10816,593152,498240,334848,315008,1361856,0,1280,587776,0,0,0,0,0,0,44928,217280,135872,3904,14144,0,0,0,81984,128,553,1261,1242769401,852505227,1351040,0
1835,1676992,129408,105344,0,3776,10944,508928,497344,421248,401472,1275520,0,1280,503744,0,0,0,0,0,0,45056,216960,135616,3840,13248,0,0,0,82432,192,536,1228,3124134113,3425336200,1264576,0
1836,1677376,143616,105472,0,13376,11264,587712,448832,367104,346944,1330432,0,1408,582464,0,0,0,0,0,0,45248,206016,90752,3136,23680,0,0,0,79872,128,534,1209,1942654236,2157916061,1319168,0
1837,1676800,129280,105792,0,5312,10880,560704,448768,416064,396224,1280576,0,1408,555456,0,0,0,0,0,0,44544,206976,92032,3520,22016,0,0,0,79552,128,540,1233,4109002842,4069218669,1269696,0
1838,1677248,129088,105216,0,3904,11008,546752,400896,480384,460288,1216960,0,1344,541376,0,0,0,0,0,0,44480,207168,46592,2752,22080,0,0,0,77696,128,528,1203,2191828617,2759494730,1205952,0
1839,1676864,129792,105856,0,3904,10816,585344,390912,450240,429824,1247040,0,1344,580160,0,0,0,0,0,0,44352,207360,45824,2688,13760,0,0,0,76800,128,531,1209,943637300,1081825745,1236224,0
1840,1676928,130240,105408,0,3840,10944,654080,342656,429760,409856,1267072,0,1344,648768,0,0,0,0,0,0,44416,208640,768,2112,13568,0,0,0,73024,128,519,1174,17543992,2491606497,1256128,0
1841,1676928,130432,107968,0,6272,11008,596480,342144,482624,457536,1219392,0,1344,591104,0,0,0,0,0,0,44864,206912,704,2240,13632,0,0,0,73664,128,513,1180,1460742513,1257843612,1208384,0
1842,1677120,130240,104960,0,5248,10816,595648,342016,488192,468032,1209088,0,1280,590400,0,0,0,0,0,0,44672,207424,768,2304,13568,0,0,0,73152,128,522,1183,2819171799,2160387413,1198272,0
1843,1677184,220096,105600,0,3904,32064,717376,343232,254912,234560,1442624,0,1344,712128,0,0,0,0,0,0,44352,207616,704,2240,13824,0,0,0,74368,128,505,1152,3570597556,2272819070,1410560,0
1844,1676672,194304,105344,0,3712,10624,599872,345024,417792,398016,1278656,0,1344,594496,0,0,0,0,0,0,44800,208384,768,2304,13504,0,0,0,75136,128,519,1178,495928149,3855693865,1268032,0
1845,1677056,225024,105600,0,3712,10880,735680,342848,253312,233152,1443904,0,1344,730304,0,0,0,0,0,0,44224,206912,640,2176,14016,0,0,0,74752,128,523,1186,3517597299,2078648688,1433024,0
1846,1676864,150976,105472,0,6720,11392,853056,344512,204736,184768,1492096,0,1344,847744,0,0,0,0,0,0,44544,207424,768,2176,13504,0,0,0,75968,128,522,1198,3044667460,3224240123,1480704,0
1847,1677120,130880,105472,0,13376,25280,699520,342848,359744,339328,1337792,0,1280,694272,0,0,0,0,0,0,44352,207168,576,2304,13696,0,0,0,74624,128,532,1193,722233925,3413874824,1312512,0
1848,2236992,880704,105792,0,5312,10688,740864,367104,126528,106944,2130048,0,1344,735616,0,0,0,0,0,0,44352,220864,704,2240,23488,0,0,0,75328,128,533,1211,2708873603,2242540098,2119360,0
1849,1677056,151872,105408,0,11968,11072,806976,400640,189120,169280,1507776,0,1344,801664,0,0,0,0,0,0,44160,205312,704,2112,31872,0,0,0,116288,192,554,1267,3767785484,3432503286,1496704,0
1850,1676928,133376,105472,0,5440,11008,627008,399744,394880,374848,1302080,0,1408,621568,0,0,0,0,0,0,44288,207744,768,2240,30656,0,0,0,113920,128,542,1248,2029261356,3438402680,1291072,0
1851,1676992,133760,105728,0,5568,10880,602496,398592,419968,400320,1276672,0,1408,597120,0,0,0,0,0,0,44160,207488,576,2176,29504,0,0,0,114560,128,552,1256,2518313965,1911914716,1265792,0
1852,1676992,133568,105536,0,6592,10816,673344,399104,348032,328128,1348864,0,1344,668032,0,0,0,0,0,0,44416,208064,832,2176,30400,0,0,0,113024,192,563,1281,2010775317,3039325703,1338048,0
1853,1677248,133056,105280,0,6528,32704,640576,398208,360896,340864,1336384,0,1344,635328,0,0,0,0,0,0,43904,207296,768,2112,29888,0,0,0,114112,128,550,1252,1425916182,2802493907,1303680,0
1854,1676864,133184,105216,0,12736,10944,608320,411136,395328,375488,1301376,0,1408,603008,0,0,0,0,0,0,44160,206144,576,2304,43776,0,0,0,114048,128,556,1278,126147346,1723208373,1290432,0
1855,1677184,132928,105472,0,7808,10944,601088,372288,446656,426688,1250496,0,1344,595840,0,0,0,0,0,0,44544,207744,704,2048,42048,0,0,0,75072,128,530,1212,42099897,3778419265,1239552,0
1856,1676736,133120,105152,0,6784,10880,639872,376064,404864,384896,1291840,0,1280,634560,0,0,0,0,0,0,44608,207360,704,2112,46144,0,0,0,75008,128,534,1214,500247428,2389336550,1280960,0
1857,1677440,132864,105088,0,5440,10816,573760,375808,473664,447936,1229504,0,1408,568448,0,0,0,0,0,0,44544,206464,704,2176,46464,0,0,0,75328,128,522,1186,1042332668,1515771537,1218688,0
1858,1676736,132672,105536,0,13568,11456,655488,378176,379840,359680,1317056,0,1280,650176,0,0,0,0,0,0,44352,207616,704,2048,45184,0,0,0,78144,128,522,1183,1608889300,5135438,1305600,0
1859,1676864,132416,105280,0,5504,10880,748992,381440,292352,272384,1404480,0,1408,743744,0,0,0,0,0,0,43776,208384,704,2240,50304,0,0,0,75904,128,516,1182,1949060135,3034125435,1393600,0
1860,1676928,132672,105792,0,5440,10944,700288,376512,345280,325376,1351552,0,1280,695040,0,0,0,0,0,0,43712,208640,768,2176,45696,0,0,0,75392,128,515,1182,2909933404,2154435370,1340608,0
1861,1677056,224128,105728,0,5440,11264,579328,369792,381376,361088,1315968,0,1408,574016,0,0,0,0,0,0,44608,207808,704,2176,39232,0,0,0,75136,128,515,1185,2258398120,2524740611,1304704,0
1862,1676672,154048,105216,0,7872,11008,609024,365440,424064,404224,1272448,0,1344,603776,0,0,0,0,0,0,44160,206080,704,2176,37632,0,0,0,74560,128,518,1186,3220373502,503255879,1261440,0
1863,1677312,135808,105216,0,8640,11072,560000,375744,480832,460672,1216640,0,1408,554688,0,0,0,0,0,0,49856,214656,704,2112,33408,0,0,0,74880,128,510,1175,3870373051,4148778105,1205568,0
1864,1676992,135616,105472,0,13312,32512,525760,352128,512192,492352,1184640,0,1344,520448,0,0,0,0,0,0,44480,207744,640,2176,23232,0,0,0,73728,128,519,1182,1357413786,1553387993,1152128,0
1865,1676800,136832,105536,0,6592,10880,502400,352128,562432,542528,1134272,0,1344,497088,0,0,0,0,0,0,44800,207744,640,2176,22720,0,0,0,73920,128,515,1164,2949543764,1064543280,1123392,0
1866,1676928,135424,105536,0,7488,11008,504128,354368,558976,538816,1138112,0,1344,498880,0,0,0,0,0,0,44416,208384,704,2112,22848,0,0,0,75776,128,511,1162,2439292824,3561163242,1127104,0
1867,1677120,135872,105408,0,5824,10624,571136,341824,506432,486528,1190592,0,1344,565888,0,0,0,0,0,0,44864,206208,704,2240,13440,0,0,0,74176,192,507,1152,2355288251,4145332025,1179968,0
1868,1676800,137024,106368,0,3840,10816,522432,342720,553600,533760,1143040,0,1408,517248,0,0,0,0,0,0,44416,208320,640,2112,13632,0,0,0,73472,128,515,1170,4224192313,3320651206,1132224,0
1869,1676928,136512,105536,0,3776,11456,499968,342848,576832,556800,1120128,0,1344,494784,0,0,0,0,0,0,44608,207616,704,2176,13312,0,0,0,74304,128,509,1158,843572789,1582396359,1108672,0
1870,1676992,136576,106176,0,3776,11456,499904,342592,576512,556352,1120640,0,1344,494720,0,0,0,0,0,0,44032,207488,704,2112,13824,0,0,0,74304,128,504,1151,2781247685,2444433089,1109184,0
1871,1676992,136896,105856,0,3904,11264,504384,340544,574144,554368,1122624,0,1344,499200,0,0,0,0,0,0,44160,206784,704,2176,13248,0,0,0,73344,128,505,1153,2333814875,866839861,1111360,0
1872,1676800,136192,105152,0,3776,10752,669120,357504,394304,374848,1301952,0,1344,663872,0,0,0,0,0,0,44288,205312,704,2240,29440,0,0,0,75392,128,511,1168,4046320950,898536488,1291200,0
1873,1677248,145920,105792,0,3840,10944,523776,357120,529856,504448,1172800,0,1408,518592,0,0,0,0,0,0,43776,205760,704,2112,29888,0,0,0,74752,128,511,1168,3458287333,3908923211,1161856,0
1874,1676992,132096,105472,0,3776,32128,519808,361216,522496,502528,1174464,0,1344,514688,0,0,0,0,0,0,44928,206976,640,2240,30272,0,0,0,76032,128,503,1152,2361619866,2571734593,1142336,0
1875,1676928,151296,105088,0,3904,10944,585856,363264,456576,436800,1240128,0,1344,580608,0,0,0,0,0,0,44864,208128,768,2112,30016,0,0,0,77248,128,510,1164,1801721569,1600379633,1229184,0
1876,1676992,225088,105536,0,3712,10880,625216,360000,346560,326592,1350400,0,1280,619968,0,0,0,0,0,0,44096,206976,704,2176,30080,0,0,0,75840,128,507,1146,2245055741,543927468,1339520,0
1877,1677056,133248,105024,0,11520,25024,549568,359296,493376,473024,1204032,0,1280,544256,0,0,0,0,0,0,44288,205696,704,2176,30784,0,0,0,75520,128,511,1167,3914140313,1954959395,1179008,0
1878,1677056,142720,105984,0,5248,10816,525312,368576,518400,498240,1178816,0,1280,520064,0,0,0,0,0,0,44224,206720,704,2304,38144,0,0,0,76288,192,507,1159,934300152,1374131033,1168000,0
1879,1676736,132032,106304,0,5312,11008,507968,367872,546240,526464,1150272,0,1408,502592,0,0,0,0,0,0,44608,206592,704,2176,36992,0,0,0,76608,192,504,1146,4193210719,2200755972,1139264,0
1880,1677056,133056,105088,0,5312,11072,531712,365504,525312,504768,1172288,0,1344,526400,0,0,0,0,0,0,43904,205568,640,2240,37248,0,0,0,75776,128,504,1146,2265952902,3310816167,1161216,0
1881,1677056,132480,105408,0,5248,10752,552832,360256,510080,490304,1186752,0,1344,547648,0,0,0,0,0,0,44224,207488,704,2240,30464,0,0,0,75008,128,508,1144,3593211758,840692578,1176000,0
1882,1676928,132864,105408,0,5312,10752,507968,359936,554688,534848,1142080,0,1408,502720,0,0,0,0,0,0,44032,206720,704,2176,30336,0,0,0,75840,128,507,1143,4246349999,2100488471,1131328,0
1883,1677248,133952,105920,0,5312,10816,505600,358912,556736,536576,1140672,0,1344,500352,0,0,0,0,0,0,43968,206272,704,2304,29696,0,0,0,75840,128,505,1148,2387165707,1254630893,1129856,0
1884,1116864,132608,105728,0,5248,10432,446080,311744,105024,84992,1031872,0,1280,440704,0,0,0,0,0,0,256,206784,512,1664,30528,0,0,0,71872,128,506,1149,4032240186,982815992,1021440,0
1885,1116608,133248,105664,0,5312,32128,489856,310976,39424,19520,1097088,0,1408,484544,0,0,0,0,0,0,256,206528,576,1792,30144,0,0,0,71552,128,504,1153,4228169449,1606216006,1064960,0
1886,1116736,133056,105024,0,5248,10624,444864,303168,114752,94912,1021824,0,1344,439680,0,0,0,0,0,0,320,206464,576,1536,23040,0,0,0,71104,128,512,1154,261197450,3521022322,1011200,0
1887,1676864,151872,104960,0,5248,10560,582464,292288,529472,509632,1167232,0,1280,577216,0,0,0,0,0,0,256,206016,576,1600,12928,0,0,0,70784,128,514,1156,2713534397,3826788040,1156672,0
1888,1676800,231872,104192,0,5312,10688,592320,293504,438912,419200,1257600,0,1408,587008,0,0,0,0,0,0,256,206208,576,1664,12992,0,0,0,71616,192,509,1139,3517172352,1829579975,1246912,0
1889,1677440,150656,104576,0,5440,10496,674688,305216,426368,400896,1276544,0,1344,669376,0,0,0,0,0,0,320,207680,512,1472,22464,0,0,0,72640,128,504,1135,440653149,1959684923,1266048,0
1890,1676544,130624,104832,0,5376,10560,631552,302592,491008,471232,1205312,0,1344,626240,0,0,0,0,0,0,256,206400,512,1664,22976,0,0,0,70656,128,510,1149,2041780845,1143957030,1194752,0
1891,1676992,130688,104576,0,5376,10432,697792,301568,426560,406592,1270400,0,1344,692480,0,0,0,0,0,0,192,206336,576,1600,22784,0,0,0,69952,128,507,1146,1133124538,2892550512,1259968,0
1892,1676928,220992,105408,0,5504,11520,454976,304960,573568,553920,1123008,0,1408,449792,0,0,0,0,0,0,256,206336,576,1728,22656,0,0,0,73280,128,506,1143,2292843441,3007802152,1111488,0
1893,1676992,149824,105344,0,18688,10560,594176,315328,483072,460480,1216512,0,1344,588864,0,0,0,0,0,0,256,206592,512,1664,33408,0,0,0,72768,128,501,1132,4004015889,90983775,1205952,0
1894,1116928,130112,108352,0,9216,10560,415424,314048,129216,107776,1009152,0,1792,408640,0,0,0,0,0,0,192,206592,512,1600,33472,0,0,0,71552,128,499,1122,332358244,3422103478,998592,0
1895,1676928,149824,105152,0,8000,11136,572800,315712,514304,494400,1182528,0,1280,567488,0,0,0,0,0,0,192,206528,512,1600,33600,0,0,0,73088,192,487,1102,2120794551,153723230,1171392,0
1896,1116544,130112,105664,0,5440,10560,435776,313408,115584,95872,1020672,0,1344,430528,0,0,0,0,0,0,256,205312,512,1664,33408,0,0,0,72128,128,478,1087,2218416463,2192457584,1010112,0
1897,1116800,129856,105088,0,5376,32000,438976,313728,91776,71808,1044992,0,1344,433728,0,0,0,0,0,0,256,205632,512,1664,33600,0,0,0,71936,128,489,1089,789569231,1056496030,1012992,0
1898,1116864,147136,105280,0,5312,10560,469632,310656,68288,48064,1068800,0,1280,464448,0,0,0,0,0,0,256,205312,512,1664,30144,0,0,0,72640,128,485,1095,1715044959,2109207848,1058240,0
1899,1676608,147968,104704,0,14208,10816,533248,310144,555520,535744,1140864,0,1280,527936,0,0,0,0,0,0,192,205248,448,1664,29824,0,0,0,72640,128,493,1102,3767537665,1330533297,1130048,0
1900,1116928,130112,104832,0,6848,10624,477440,312384,74688,55168,1061760,0,1280,472192,0,0,0,0,0,0,320,207680,576,1728,29760,0,0,0,72128,192,477,1066,3443145311,450581190,1051136,0
1901,1116608,130816,105216,0,5376,10624,430336,311360,122880,103040,1013568,0,1344,425152,0,0,0,0,0,0,256,207296,512,1664,29952,0,0,0,71552,128,472,1048,1998241582,3163891752,1002944,0
1902,1676928,161728,105088,0,12160,10752,810688,316800,259712,239744,1437184,0,1408,805440,0,0,0,0,0,0,320,193024,576,1728,47808,0,0,0,73216,128,479,1071,1773854921,1642136226,1426432,0
1903,1676992,172864,104768,0,6848,10432,760704,324096,297280,277632,1399360,0,1408,755520,0,0,0,0,0,0,256,200320,576,1728,48320,0,0,0,72768,128,486,1093,3266794849,832497024,1388928,0
1904,1677248,177280,104768,0,5696,10624,823616,323200,232064,211968,1465280,0,1344,818432,0,0,0,0,0,0,320,199552,512,1664,47744,0,0,0,73280,128,475,1069,1836006709,1629207084,1454656,0
1905,1676992,193152,104320,0,6848,10432,626112,322112,414016,388736,1288256,0,1280,620864,0,0,0,0,0,0,320,208128,576,1792,38080,0,0,0,73088,128,475,1067,2952122110,170711262,1277824,0
1906,1676864,172416,104960,0,8384,10624,593792,322304,464384,444288,1232576,0,1344,588544,0,0,0,0,0,0,320,208064,576,1664,38016,0,0,0,73536,128,482,1078,397012974,2396698839,1221952,0
1907,1676736,164288,104576,0,16832,24704,569536,315776,481024,461120,1215616,0,1280,564288,0,0,0,0,0,0,384,206848,576,1728,33216,0,0,0,72896,128,488,1090,235883834,3819257648,1190912,0
1908,1677184,172800,104512,0,21888,45888,946752,360256,25088,4800,1672384,0,1344,941504,0,0,0,0,0,0,192,206592,512,1728,29952,0,0,0,121088,192,485,1091,3124907445,3624983807,1626496,0
1909,1676928,168960,106560,0,5760,24512,517504,357568,496064,476032,1200896,0,1408,512192,0,0,0,0,0,0,192,201984,512,1792,30720,0,0,0,122240,128,487,1096,3035105146,2519877675,1176384,0
1910,1676864,156864,105472,0,5568,24768,484288,356160,543744,521344,1155520,0,1344,478912,0,0,0,0,0,0,256,200960,576,1600,31232,0,0,0,121408,128,486,1095,3859660284,2452677377,1130752,0
1911,1677056,157184,105344,0,5632,10432,464640,354496,579328,559232,1117824,0,1408,459328,0,0,0,0,0,0,256,201280,512,1792,30464,0,0,0,120064,128,486,1093,3777980206,4242046907,1107392,0
1912,1676928,167424,105728,0,6720,10368,459968,354496,572224,552064,1124864,0,1408,454656,0,0,0,0,0,0,192,200640,448,1600,30720,0,0,0,120768,128,485,1094,961478699,2028252423,1114496,0
1913,1676992,154048,105152,0,8128,10752,655104,363584,380224,360640,1316352,0,1344,649728,0,0,0,0,0,0,256,206080,512,1728,34432,0,0,0,120448,128,490,1100,614259908,629279558,1305600,0
1914,1677248,163776,104832,0,5440,10368,559872,364288,468672,448576,1228672,0,1344,554496,0,0,0,0,0,0,320,206912,512,1664,33216,0,0,0,121536,128,488,1082,2524447623,3616960946,1218304,0
1915,1676416,163840,105728,0,5440,10624,502080,363520,525184,505216,1171200,0,1344,496960,0,0,0,0,0,0,384,206784,576,1792,32768,0,0,0,121024,192,476,1064,3746525519,1232034298,1160576,0
1916,1676928,168448,105856,0,5568,10496,493952,363584,529024,509248,1167680,0,1344,488704,0,0,0,0,0,0,256,207296,512,1600,32832,0,0,0,120960,128,491,1078,3377275985,2795587748,1157184,0
1917,1677440,185856,104896,0,5376,10304,667328,258432,445248,424768,1252672,0,1280,662144,0,0,0,0,0,0,64,146880,448,1152,39744,0,0,0,70016,128,461,1024,2725671982,3101178491,1242368,0
1918,1116352,130048,104960,0,5440,10112,419968,254656,191168,168320,948032,0,1344,414720,0,0,0,0,0,0,192,146624,384,1088,37248,0,0,0,68992,128,501,1081,4250028315,3001234482,937920,0
1919,1677056,160192,104960,0,22016,31872,720000,278528,359488,339328,1337728,0,1408,714560,0,0,0,0,0,0,3712,147776,4416,1472,45504,0,0,0,75520,128,480,1048,3534200914,885497642,1305856,0
1920,1676992,590592,105216,0,5632,10752,632704,292352,39744,19776,1657216,0,1344,627264,0,0,0,0,0,0,3648,147328,4288,1728,60736,0,0,0,74496,128,491,1095,163647517,614537587,1646464,0
1921,1676928,134848,104832,0,12224,11264,538816,297344,577600,552064,1124864,0,1472,533120,0,0,0,0,0,0,3968,146432,4544,1600,68160,0,0,0,72448,192,510,1129,2819008569,3992822608,1113600,0
1922,1676928,134976,105216,0,5696,10816,545728,408320,466176,446272,1230656,0,1344,540352,0,0,0,0,0,0,85696,146368,31360,2112,67584,0,0,0,75072,128,508,1130,2066666947,313345398,1219840,0
1923,1676928,134848,105536,0,8128,10944,563520,400576,453376,433536,1243392,0,1344,558208,0,0,0,0,0,0,86592,146688,31680,2112,59264,0,0,0,74112,128,515,1148,3636765882,3714167978,1232448,0
1924,1677120,134592,105088,0,6912,10816,517824,400000,501888,481664,1195456,0,1280,512576,0,0,0,0,0,0,86016,146624,31424,2176,58816,0,0,0,74816,128,526,1150,3316390954,3053121097,1184640,0
1925,1676992,134400,105088,0,5568,10752,567168,392960,461056,441152,1235840,0,1280,561920,0,0,0,0,0,0,86528,145920,32128,2112,51328,0,0,0,74816,128,509,1127,2868141882,2362275198,1225088,0
1926,1676736,223936,105344,0,5632,10752,672896,397632,260544,240768,1435968,0,1280,667648,0,0,0,0,0,0,86592,147712,31232,2176,53056,0,0,0,76736,128,530,1157,31895309,3771737252,1425216,0
1927,1676992,134080,107648,0,5632,10880,606400,389952,422400,402496,1274496,0,1280,601216,0,0,0,0,0,0,85952,147008,31616,2112,47680,0,0,0,75456,128,521,1152,4026262667,426316517,1263616,0
1928,1676992,145088,105280,0,5632,10944,566400,391424,452224,432192,1244800,0,1344,561088,0,0,0,0,0,0,85184,146944,32000,2112,48384,0,0,0,76608,192,506,1126,691084412,135760894,1233856,0
1929,1676864,146176,105152,0,8064,11200,593216,377536,435520,415744,1261120,0,1344,588096,0,0,0,0,0,0,86464,145984,31552,2112,36544,0,0,0,74752,128,514,1147,3246975765,1562158997,1249920,0
1930,1677056,134016,105664,0,6848,32128,548032,377792,472576,452480,1224576,0,1344,542784,0,0,0,0,0,0,85248,146432,31488,2176,37504,0,0,0,74816,128,528,1165,903903535,1607213525,1192448,0
1931,1676928,144576,105600,0,20928,10752,800448,380992,213632,193792,1483136,0,1280,795008,0,0,0,0,0,0,85184,146816,31296,2176,40128,0,0,0,75264,128,504,1141,85799135,2491712404,1472384,0
1932,1676864,145088,105280,0,5632,10944,695168,389056,325696,305728,1371136,0,1280,689728,0,0,0,0,0,0,85376,147008,31360,2240,48448,0,0,0,74496,128,498,1116,4230856393,2802690662,1360192,0
1933,2237376,597952,104832,0,12672,25152,676608,436352,383808,363776,1873600,0,1344,671360,0,0,0,0,0,0,85824,147136,31168,2304,43328,0,0,0,126464,128,502,1134,1715044614,3103265734,1848448,0
1934,1676608,156544,105536,0,5632,10688,603456,460160,334592,315264,1361344,0,1344,598144,0,0,0,0,0,0,85952,145152,31488,2240,31872,0,0,0,163264,192,510,1158,618457560,2675904363,1350656,0
1935,1677376,137856,106048,0,8064,24640,485312,459008,456448,436416,1240960,0,1408,479936,0,0,0,0,0,0,84736,146240,31296,2240,32512,0,0,0,161856,128,513,1160,1651711192,2353235485,1216320,0
1936,1676928,138496,105536,0,8320,10944,487552,458752,467328,447424,1229504,0,1408,482176,0,0,0,0,0,0,84736,145856,31872,2240,32448,0,0,0,161472,128,531,1208,4086232777,2888552680,1218560,0
1937,1676928,158528,105728,0,16704,24768,531968,405120,434112,408512,1268416,0,1280,526656,0,0,0,0,0,0,31680,145280,31232,2112,31552,0,0,0,163136,128,498,1129,3630524126,3090244660,1243648,0
1938,1677120,143616,106304,0,6848,10752,518144,407424,484032,464000,1213120,0,1408,512768,0,0,0,0,0,0,32064,145728,31040,2176,31936,0,0,0,164352,128,512,1147,2598769734,3181285246,1202368,0
1939,1676864,129920,105280,0,5440,10560,473856,406144,545664,525504,1151360,0,1408,468480,0,0,0,0,0,0,32448,145664,30528,2176,31488,0,0,0,163712,128,512,1141,2487303703,2238288457,1140800,0
1940,1677504,143936,106048,0,5376,32064,488576,360128,541376,521088,1156416,0,1344,483264,0,0,0,0,0,0,32256,146560,30528,2112,26560,0,0,0,121920,192,485,1069,1143069511,3290246910,1124352,0
1941,1116032,143616,105600,0,5440,10752,458816,314240,77568,57984,1058048,0,1344,453568,0,0,0,0,0,0,32960,146624,31744,2176,25216,0,0,0,75392,128,471,1031,1600410922,2789104859,1047296,0
1942,1116672,148480,105728,0,6528,10816,481152,286336,77632,57472,1059200,0,1408,476032,0,0,0,0,0,0,3648,146560,33536,1728,25536,0,0,0,75200,128,476,1038,3204778738,3846848568,1048384,0
1943,1116608,130752,105088,0,7616,10944,401216,285568,175424,155776,960832,0,1280,396032,0,0,0,0,0,0,3904,146560,34048,1984,25152,0,0,0,73792,128,473,1041,2194569357,2168156288,949888,0
1944,1116992,130112,107712,0,6656,10624,474624,281664,105600,85760,1031232,0,1280,469184,0,0,0,0,0,0,3776,146304,33280,1984,22016,0,0,0,74176,128,484,1062,1956724846,3921805348,1020608,0
1945,1116864,130496,105216,0,5312,10752,467072,272000,126016,106112,1010752,0,1408,461760,0,0,0,0,0,0,3712,146368,33408,1920,13568,0,0,0,72896,128,493,1066,3633989894,2272638678,1000000,0
1946,1116544,130048,105024,0,5248,10752,509184,274112,82176,62272,1054272,0,1280,503872,0,0,0,0,0,0,3776,146752,33280,1984,13376,0,0,0,74816,128,497,1086,523541714,1465969580,1043520,0
1947,1116928,131392,106176,0,5248,10624,516352,272512,74624,54592,1062336,0,1280,511104,0,0,0,0,0,0,3648,146304,33536,1984,13760,0,0,0,73152,128,500,1098,3667085077,539090114,1051712,0
1948,1116544,130752,105472,0,5312,10816,477568,273280,113344,93312,1023232,0,1280,472320,0,0,0,0,0,0,3840,146752,33216,2112,13504,0,0,0,73728,128,497,1108,2216231593,2948868100,1012416,0
1949,1116608,130432,105600,0,5376,10816,485056,274304,105024,85248,1031360,0,1344,479808,0,0,0,0,0,0,3776,147136,33472,1984,13696,0,0,0,74112,128,489,1093,795197459,959724670,1020544,0
1950,1116608,131136,106112,0,5312,10752,453824,272576,136896,117248,999360,0,1344,448448,0,0,0,0,0,0,3776,147008,33088,1984,13760,0,0,0,72832,128,495,1102,3418598880,246725070,988608,0
1951,1677120,243904,104256,0,5248,10816,645504,239168,428224,408000,1269120,0,1280,640320,0,0,0,0,0,0,3904,147712,448,1472,13248,0,0,0,72256,128,483,1065,4191469749,223745679,1258304,0
1952,1116736,149248,104896,0,13568,11008,559104,249664,29248,9216,1107520,0,1408,553728,0,0,0,0,0,0,3776,146304,448,1536,25024,0,0,0,72448,128,491,1100,1530393572,608758288,1096512,0
1953,1117120,130688,105472,0,5248,10816,454272,249216,161408,135680,981440,0,1280,449024,0,0,0,0,0,0,3712,146176,512,1536,25088,0,0,0,72064,128,490,1107,2839230705,3389581935,970624,0
1954,1116352,131584,105344,0,5376,10624,424128,248704,190592,170624,945728,0,1408,418752,0,0,0,0,0,0,3584,146176,512,1472,25088,0,0,0,71744,128,489,1088,893548661,1695191905,935104,0
1955,1116928,131072,106048,0,6464,31808,446784,255680,139072,118848,998080,0,1408,441600,0,0,0,0,0,0,3648,146944,512,1472,31296,0,0,0,71680,128,478,1071,961277660,1326730147,966272,0
1956,1116416,130560,104832,0,7552,10880,431872,256128,174592,154496,961920,0,1344,426560,0,0,0,0,0,0,3840,146560,512,1600,30912,0,0,0,72576,128,485,1079,2923015824,3529194682,951040,0
1957,1116736,131072,105664,0,5888,10752,507584,255040,100736,81024,1035712,0,1344,502464,0,0,0,0,0,0,3840,146240,448,1600,30976,0,0,0,71808,128,493,1103,823498228,2600247345,1024960,0
1958,1116736,130944,104832,0,3840,10624,422976,256320,187200,167680,949056,0,1408,417600,0,0,0,0,0,0,3712,145984,512,1536,31872,0,0,0,72576,128,493,1099,3418288651,4053624646,938432,0
1959,1116672,130944,104704,0,3712,10560,425792,254656,186304,166656,950016,0,1280,420480,0,0,0,0,0,0,3648,145792,512,1600,31488,0,0,0,71488,128,496,1094,1409192199,968992516,939456,0
1960,1116928,131264,104640,0,3648,10752,425600,249408,191616,171712,945216,0,1280,420352,0,0,0,0,0,0,3520,146816,512,1344,25216,0,0,0,71872,128,502,1115,48736131,384854185,934464,0
1961,1116672,149184,107712,0,3776,10880,481856,247680,115584,95936,1020736,0,1344,476608,0,0,0,0,0,0,3712,144320,384,1408,25152,0,0,0,72576,128,489,1109,4138565903,266689550,1009856,0
1962,1116800,129984,105088,0,3840,10560,481792,247488,138048,118016,998784,0,1344,476608,0,0,0,0,0,0,3776,144704,448,1472,24960,0,0,0,72000,128,477,1075,576027109,2589586695,988224,0
1963,1116672,130688,105088,0,3776,10816,434560,236096,195648,175744,940928,0,1408,429312,0,0,0,0,0,0,3712,145856,448,1600,13568,0,0,0,70784,128,476,1074,1523949486,784390278,930112,0
1964,1116992,131328,104704,0,3776,10624,429184,235456,201920,182016,934976,0,1344,423936,0,0,0,0,0,0,3712,145344,448,1408,13440,0,0,0,70976,128,477,1061,3134043249,3818685217,924352,0
1965,1116864,130752,105344,0,3712,10688,494720,235328,136320,116032,1000832,0,1280,489344,0,0,0,0,0,0,3712,145344,512,1408,13632,0,0,0,70528,192,487,1088,2103728079,181438801,990144,0
1966,1116544,131072,104384,0,3776,10944,426688,235584,204096,184128,932416,0,1344,421696,0,0,0,0,0,0,3648,145152,576,1344,13440,0,0,0,71296,128,490,1091,4145925324,1697200307,921472,0
1967,1116864,149568,104448,0,11392,24512,546432,243968,36544,16576,1100288,0,1344,541184,0,0,0,0,0,0,3840,141952,512,1408,23488,0,0,0,72640,128,509,1119,789955191,2896716011,1075776,0
1968,1116928,166528,105792,0,5376,10688,499328,258176,71040,51072,1065856,0,1408,494144,0,0,0,0,0,0,3968,141696,512,1344,36864,0,0,0,73664,128,507,1128,1608995497,2155964890,1055168,0
1969,1676672,143616,105856,0,12800,11328,554688,308608,539776,514816,1161856,0,1344,549184,0,0,0,0,0,0,46848,146048,640,1856,37056,0,0,0,76032,128,516,1144,2543440901,2655228569,1150528,0
1970,1677248,163328,105344,0,5440,32256,584000,301376,485504,465472,1211776,0,1344,578752,0,0,0,0,0,0,46528,146048,640,2048,30592,0,0,0,75392,128,516,1160,4242780528,1981478869,1179520,0
1971,1676800,210240,105216,0,5440,10688,573440,303936,467840,447808,1228992,0,1408,568128,0,0,0,0,0,0,44096,146368,576,1600,38016,0,0,0,73152,128,519,1162,2437760305,1750167880,1218304,0
1972,1676928,157696,105920,0,5504,10624,530560,304000,562624,542272,1134656,0,1408,525248,0,0,0,0,0,0,44544,147008,512,1664,37504,0,0,0,72640,128,511,1142,1249067506,4216752582,1124032,0
1973,1677120,221888,105664,0,12160,11008,943040,325376,57984,37824,1639296,0,1344,937664,0,0,0,0,0,0,48192,146816,4480,2176,46336,0,0,0,77248,128,516,1171,62027947,3404114185,1628288,0
