frame,ALL,FTR,STG,BG,AUD,HUD,SRC,MISC,OTHR,WAIT,WORK,SHDT,SWRM,GCRA,SCPU,SCAT,SPRM,SINT,SPHD,SPHC,MWPN,MITM,MEFX,MACT,MPRT,MTEX,MCAP,MPRO,MCAM,MFLS,GPOL,GVTX,DGSA,DGSB,WORK-H,WRAPFIX
2,6157952,9728,4799744,0,20096,580288,222912,145472,379712,342528,5815424,0,1088,218048,0,0,0,0,0,0,64,128,128,33536,12160,1895680,0,0,99328,128,117,351,3279483662,3279483662,5235136,3
3,1116160,9728,129344,0,3328,8896,214848,319168,430848,411456,704704,0,1088,209920,0,0,0,0,0,0,64,128,64,190720,11712,0,0,0,116352,128,120,360,3279483662,3279483662,695808,0
4,1116928,10368,129408,0,3456,9024,215744,192320,556608,537152,579776,0,1088,211072,0,0,0,0,0,0,128,128,64,50944,11968,0,0,0,128960,128,140,422,3279483662,3279483662,570752,0
5,1116480,10176,128960,0,3392,8768,217280,191232,556672,537536,578944,0,1088,212352,0,0,0,0,0,0,128,64,128,50944,11712,0,0,0,128064,192,142,428,3279483662,3279483662,570176,0
6,1116736,10048,128576,0,3520,8960,214912,190336,560384,541120,575616,0,1088,210240,0,0,0,0,0,0,64,64,128,50752,12032,0,0,0,127168,128,142,431,3279483662,3279483662,566656,0
7,1116800,10176,129280,0,3456,9088,213056,190912,560832,541248,575552,0,1152,208384,0,0,0,0,0,0,64,128,64,50816,11904,0,0,0,127808,128,142,430,3279483662,3279483662,566464,0
8,1116416,10176,128256,0,3456,8896,216128,190784,558720,539008,577408,0,1088,211200,0,0,0,0,0,0,128,128,128,50880,12032,0,0,0,127296,192,139,421,3279483662,3279483662,568512,0
9,1116800,10176,128192,0,3456,9024,217344,189696,558912,539840,576960,0,1088,212608,0,0,0,0,0,0,128,64,128,50624,12032,0,0,0,126592,128,138,422,3279483662,3279483662,567936,0
10,1116672,10176,129408,0,3520,8896,213632,190720,560320,541184,575488,0,1024,209088,0,0,0,0,0,0,64,128,64,50560,11904,0,0,0,127872,128,138,420,3279483662,3279483662,566592,0
11,1116992,9536,128128,0,3392,8960,219712,191296,555968,536384,580608,0,1088,214976,0,0,0,0,0,0,64,128,128,50432,12096,0,0,0,128320,128,136,412,3279483662,3279483662,571648,0
12,1116864,10176,128768,0,3456,8832,215552,190528,559552,534656,582208,0,960,210816,0,0,0,0,0,0,128,128,64,50560,11584,0,0,0,127936,128,130,392,3279483662,3279483662,573376,0
13,1116544,10176,128192,0,3584,8640,219264,191680,555008,536128,580416,0,1152,214272,0,0,0,0,0,0,64,128,128,51008,11904,0,0,0,128320,128,130,398,3279483662,3279483662,571776,0
14,1117056,9600,129152,0,4224,9088,225728,190912,548352,529152,587904,0,1088,220928,0,0,0,0,0,0,64,128,64,50944,11776,0,0,0,127808,128,130,398,3279483662,3279483662,578816,0
15,1116480,10304,128896,0,3456,8768,215296,192128,557632,538304,578176,0,1088,210752,0,0,0,0,0,0,64,64,128,50944,11968,0,0,0,128832,128,130,398,3279483662,3279483662,569408,0
16,1116864,10176,129408,0,3584,8960,217472,189440,557824,538688,578176,0,1088,212736,0,0,0,0,0,0,64,128,128,50560,11968,0,0,0,126464,128,128,388,3279483662,3279483662,569216,0
17,1116928,9792,128384,0,3584,29952,219328,192896,532992,513600,603328,0,1088,214528,0,0,0,0,0,0,64,128,128,50560,12352,0,0,0,129536,128,126,382,3279483662,3279483662,573376,0
18,1116864,10368,129280,0,3456,8896,215808,190464,558592,539328,577536,0,1088,211008,0,0,0,0,0,0,64,64,128,51072,11712,0,0,0,127232,192,126,382,3279483662,3279483662,568640,0
19,1116416,9792,133888,0,3392,8896,215744,190976,553728,534656,581760,0,960,211072,0,0,0,0,0,0,64,128,128,50816,12352,0,0,0,127296,192,124,376,3279483662,3279483662,572864,0
20,1116736,9664,129408,0,3392,9024,219712,191040,554496,535168,581568,0,1088,214912,0,0,0,0,0,0,64,64,128,51008,12416,0,0,0,127232,128,124,376,3279483662,3279483662,572544,0
21,1116480,9600,128576,0,3456,8768,222912,190912,552256,533120,583360,0,1024,218176,0,0,0,0,0,0,64,64,128,51008,12032,0,0,0,127488,128,123,373,3279483662,3279483662,574592,0
22,1116928,10176,129216,0,3520,9024,217472,190016,557504,538432,578496,0,960,212736,0,0,0,0,0,0,128,128,128,50944,11904,0,0,0,126656,128,120,366,3279483662,3279483662,569472,0
23,1116608,10240,128896,0,3520,8704,218496,190848,555904,536640,579968,0,1088,213824,0,0,0,0,0,0,64,64,128,50880,11840,0,0,0,127744,128,120,366,3279483662,3279483662,571264,0
24,1116928,9984,128128,0,3520,9024,221504,191360,553408,533824,583104,0,1024,216768,0,0,0,0,0,0,64,128,128,51136,12480,0,0,0,127296,128,120,366,3279483662,3279483662,574080,0
25,1116608,9792,128704,0,3520,8832,219008,191168,555584,536320,580288,0,1088,214208,0,0,0,0,0,0,128,64,128,51072,12224,0,0,0,127424,128,120,366,3279483662,3279483662,571456,0
26,1116608,10048,129216,0,3520,8832,218048,190656,556288,536832,579776,0,1024,213312,0,0,0,0,0,0,128,64,128,51008,11712,0,0,0,127488,128,120,366,3279483662,3279483662,570944,0
27,1116608,10176,127936,0,3392,8960,219392,191488,555264,536576,580032,0,1024,214592,0,0,0,0,0,0,64,128,128,51072,12096,0,0,0,127872,128,120,366,3279483662,3279483662,571072,0
28,1116928,10496,128832,0,3392,9024,214976,190016,560192,535744,581184,0,1024,210176,0,0,0,0,0,0,64,128,64,50624,11968,0,0,0,127040,128,120,366,3279483662,3279483662,572160,0
29,1116672,9920,128896,0,3392,8896,218944,190784,555840,536896,579776,0,1088,214272,0,0,0,0,0,0,64,128,128,51072,11712,0,0,0,127552,128,120,366,3279483662,3279483662,570880,0
30,1116800,10368,128320,0,3392,9024,218432,190592,556672,537920,578880,0,1088,213696,0,0,0,0,0,0,64,128,128,51200,11712,0,0,0,127168,192,120,366,3279483662,3279483662,569856,0
31,1116992,10112,127744,0,3456,8896,218432,190272,558080,538624,578368,0,1088,213888,0,0,0,0,0,0,128,128,64,50816,11840,0,0,0,127168,128,118,360,3279483662,3279483662,569472,0
32,1116864,10368,128640,0,3456,30080,213504,189824,540992,521472,595392,0,1088,208768,0,0,0,0,0,0,128,128,64,50560,11520,0,0,0,127296,128,116,354,3279483662,3279483662,565312,0
33,1116416,10368,128512,0,3520,9280,219200,190208,555328,536256,580160,0,1088,214464,0,0,0,0,0,0,128,64,128,50688,11968,0,0,0,127104,128,116,356,3279483662,3279483662,570880,0
34,1116736,10240,128768,0,3456,8960,216384,190336,558592,539392,577344,0,1088,211648,0,0,0,0,0,0,64,64,128,50496,12032,0,0,0,127360,192,116,356,3279483662,3279483662,568384,0
35,1117056,10304,128448,0,3520,8768,215936,191296,558784,539712,577344,0,1088,211328,0,0,0,0,0,0,64,64,128,51072,12160,0,0,0,127680,128,116,356,3279483662,3279483662,568576,0
36,1116672,9408,141888,0,3520,9216,217152,196416,539072,519872,596800,0,1088,212416,0,0,0,0,0,0,128,64,128,51008,11968,0,0,0,132928,192,116,356,3279483662,3279483662,587584,0
37,1116480,9856,128448,0,4288,8704,220096,190144,554944,535872,580608,0,1088,215424,0,0,0,0,0,0,64,64,128,50688,12288,0,0,0,126784,128,116,356,3279483662,3279483662,571904,0
38,1116928,10240,128576,0,3520,8832,216448,189760,559552,540416,576512,0,1024,211712,0,0,0,0,0,0,64,64,128,50752,12096,0,0,0,126528,128,116,356,3279483662,3279483662,567680,0
39,1116800,9984,129408,0,3456,8896,217920,192320,554816,535488,581312,0,1088,213184,0,0,0,0,0,0,64,64,128,51008,11968,0,0,0,128960,128,116,356,3279483662,3279483662,572416,0
40,1116800,10176,128768,0,3392,9088,216320,190912,558144,538688,578112,0,1088,211712,0,0,0,0,0,0,128,128,64,51008,12160,0,0,0,127296,128,116,356,3279483662,3279483662,569024,0
41,1116480,9600,127936,0,3456,8832,242816,191168,532672,513600,602880,0,1088,237824,0,0,0,0,0,0,64,128,128,51008,11584,0,0,0,128128,128,116,356,3279483662,3279483662,594048,0
42,1116736,9664,129408,0,3520,8896,225536,189632,550080,530880,585856,0,1088,220672,0,0,0,0,0,0,64,128,128,50624,11968,0,0,0,126592,128,116,356,3279483662,3279483662,576960,0
43,1116992,10304,128896,0,3520,9024,216256,192064,556928,537600,579392,0,1024,211584,0,0,0,0,0,0,64,128,128,50944,11968,0,0,0,128704,128,116,356,3279483662,3279483662,570368,0
44,1116544,10048,129344,0,3584,8960,218112,190720,555776,531392,585152,0,1152,213312,0,0,0,0,0,0,128,128,128,51072,11776,0,0,0,127296,192,116,356,3279483662,3279483662,576192,0
45,1116672,10176,128192,0,3392,8832,218944,189504,557632,538752,577920,0,1088,214336,0,0,0,0,0,0,64,64,128,50880,11904,0,0,0,126272,192,116,356,3279483662,3279483662,569088,0
46,1116928,9728,129216,0,3456,8704,222208,191104,552512,533184,583744,0,1088,217408,0,0,0,0,0,0,64,128,128,50624,12544,0,0,0,127488,128,116,356,3279483662,3279483662,575040,0
47,1677056,15488,128896,0,3520,42048,1203392,245504,38208,12096,1664960,0,1280,1198272,0,0,0,0,0,0,128,256,46784,51648,13440,0,0,0,133120,128,145,452,3561679590,3561679590,1622912,0
48,1116992,15360,128192,0,3520,20736,246656,245696,456832,431232,685760,0,1280,241664,0,0,0,0,0,0,128,256,48704,51200,13376,0,0,0,131904,128,145,452,3561679590,3561679590,665024,0
49,1116480,15616,129536,0,3456,20352,251328,244864,451328,426176,690304,0,1280,246464,0,0,0,0,0,0,192,192,48448,50880,13504,0,0,0,131520,128,147,459,3561679590,3561679590,669952,0
50,1116672,15552,129344,0,3456,20608,246592,245888,455232,429760,686912,0,1344,241664,0,0,0,0,0,0,128,256,47936,51456,13504,0,0,0,132416,192,147,459,3561679590,3561679590,666304,0
51,1116928,15552,129728,0,3520,20416,250432,245440,451840,426560,690368,0,1344,245440,0,0,0,0,0,0,192,192,47680,51136,13504,0,0,0,132544,192,147,459,3561679590,3561679590,669952,0
52,1116928,15360,129408,0,3456,20288,249280,245504,453632,429376,687552,0,1344,244224,0,0,0,0,0,0,192,128,47872,51072,13312,0,0,0,132736,192,147,455,3561679590,3561679590,667264,0
53,1116736,15552,135040,0,3456,19968,242688,244672,455360,430912,685824,0,1344,237760,0,0,0,0,0,0,192,256,47488,51136,13504,0,0,0,131968,128,147,455,3561679590,3561679590,665856,0
54,1116992,15232,129216,0,3456,20160,242688,243776,462464,437888,679104,0,1280,237760,0,0,0,0,0,0,128,192,47808,50752,13440,0,0,0,131328,128,147,454,3561679590,3561679590,658944,0
55,1116608,15680,128896,0,3520,20224,240128,243904,464256,440256,676352,0,1280,235200,0,0,0,0,0,0,256,192,47744,51136,13440,0,0,0,131008,128,147,453,3561679590,3561679590,656128,0
56,1116672,15488,130176,0,3456,20288,244032,246016,457216,432896,683776,0,1280,238976,0,0,0,0,0,0,256,192,48192,51520,13440,0,0,0,132288,128,147,453,3561679590,3561679590,663488,0
57,1120256,15616,128768,0,3456,20224,244608,243712,463872,435584,684672,0,1280,239552,0,0,0,0,0,0,128,256,47744,50752,13504,0,0,0,131200,128,147,453,3561679590,3561679590,664448,0
58,8396160,19200,129664,0,4288,41728,7685376,319680,196224,171712,8224448,0,1344,7680064,0,0,0,0,0,0,256,256,119168,52224,13312,0,0,0,134336,128,187,573,3561679590,3400495003,8182720,0
59,1116416,19264,129600,0,12032,20160,308480,314944,311936,287616,828800,0,1344,303296,0,0,0,0,0,0,256,256,113984,51712,13696,0,0,0,134912,128,169,518,3400495003,3400495003,808640,0
60,1116992,19840,129024,0,3584,20288,264768,315264,364224,334720,782272,0,1280,259840,0,0,0,0,0,0,320,256,114432,51904,13120,0,0,0,135104,128,169,518,3400495003,3400495003,761984,0
61,1116800,20160,130240,0,3648,20480,270016,315392,356864,332864,783936,0,1344,264832,0,0,0,0,0,0,256,256,115264,51712,13440,0,0,0,134336,128,170,520,3400495003,3400495003,763456,0
62,1116864,19968,129408,0,3584,20224,266368,315008,362304,338432,778432,0,1280,261248,0,0,0,0,0,0,256,384,114304,51584,13632,0,0,0,134656,192,170,520,3400495003,3400495003,758208,0
63,1116608,19520,128768,0,3584,19968,265920,315264,363584,339776,776832,0,1408,261056,0,0,0,0,0,0,192,320,114816,51712,13120,0,0,0,134976,128,169,520,3400495003,3400495003,756864,0
64,1116992,19840,128960,0,3584,20096,265088,315136,364288,340544,776448,0,1408,260032,0,0,0,0,0,0,256,320,114496,51584,13184,0,0,0,135104,192,169,520,3400495003,3400495003,756352,0
65,1116544,20096,128832,0,3712,19968,266816,315840,361280,337856,778688,0,1280,261952,0,0,0,0,0,0,192,384,115072,51392,13248,0,0,0,135424,128,169,519,3400495003,3400495003,758720,0
66,1116800,20544,128960,0,3648,20544,264704,316096,362304,338944,777856,0,1344,259648,0,0,0,0,0,0,256,256,114752,51648,13376,0,0,0,135680,128,169,519,3400495003,3400495003,757312,0
67,1116800,19904,128896,0,3584,20544,265280,316992,361600,338112,778688,0,1344,260160,0,0,0,0,0,0,256,256,115264,51520,13248,0,0,0,136320,128,169,519,3400495003,3400495003,758144,0
68,1677248,492992,130048,0,3712,20288,266624,318784,444800,410624,1266624,0,1344,261568,0,0,0,0,0,0,192,256,114496,52160,13440,0,0,0,138112,128,368,814,3400495003,3400495003,1246336,0
69,1676736,441920,129216,0,3648,20352,274176,320128,487296,463808,1212928,0,1344,269120,0,0,0,0,0,0,256,320,116288,51840,13696,0,0,0,137600,128,285,723,3400495003,3400495003,1192576,0
70,3357696,56256,129088,0,3584,41728,2602752,410240,114048,90304,3267392,0,1280,2597696,0,0,0,0,0,0,384,448,197696,53248,13504,0,0,0,144832,128,306,800,2871362416,3557864731,3225664,0
71,1116800,56512,129088,0,4608,20416,308928,395776,201472,177920,938880,0,1344,303872,0,0,0,0,0,0,256,448,187776,52480,13376,0,0,0,141312,128,300,794,812883559,1868550468,918464,0
72,1116736,56640,128512,0,3712,20224,309440,396544,201664,178048,938688,0,1344,304384,0,0,0,0,0,0,320,448,187520,52800,13376,0,0,0,141952,128,295,795,1247880593,3156269731,918464,0
73,1116800,56128,129024,0,3712,20224,312640,395712,199360,175808,940992,0,1280,307648,0,0,0,0,0,0,320,384,187456,52800,13184,0,0,0,141376,192,305,805,354920412,664763857,920768,0
74,1116864,56384,129216,0,3648,20224,311296,396800,199296,175744,941120,0,1280,306112,0,0,0,0,0,0,384,384,186944,53120,13696,0,0,0,142144,128,304,800,1213118412,426996201,920896,0
75,1116544,56064,130304,0,12736,20352,376832,409984,110272,86784,1029760,0,1344,371712,0,0,0,0,0,0,384,576,186624,53184,27520,0,0,0,141568,128,301,814,1957177084,1485014364,1009408,0
76,1116928,56128,129408,0,3776,20416,318336,411776,177088,148352,968576,0,1344,313280,0,0,0,0,0,0,384,512,188160,52992,26368,0,0,0,143232,128,300,809,3952986937,3891190937,948160,0
77,1677312,527360,130688,0,3712,20160,317888,368384,309120,274816,1402496,0,1280,312896,0,0,0,0,0,0,448,448,146048,52288,26240,0,0,0,142784,128,380,989,3331183244,2758187397,1382336,0
78,1676736,506048,130752,0,5952,20224,324032,373568,316160,292480,1384256,0,1408,318784,0,0,0,0,0,0,320,512,147200,52800,28672,0,0,0,143936,128,385,1000,1417937002,349721564,1364032,0
79,1116800,92288,129280,0,4992,20736,323008,373504,172992,149312,967488,0,1280,317824,0,0,0,0,0,0,320,384,146496,52992,30080,0,0,0,143104,128,390,1008,3262353692,3895219958,946752,0
80,1116608,92928,129664,0,3584,20416,310400,370624,188992,165376,951232,0,1344,305216,0,0,0,0,0,0,448,320,146688,52736,27840,0,0,0,142464,128,391,1010,2630488272,2284143612,930816,0
81,6158400,94528,130368,0,3584,42176,5317696,402880,167168,143360,6015040,0,1344,5312576,0,0,0,0,0,0,512,576,173696,53440,29504,0,0,0,145024,128,395,1024,3634689711,492130626,5972864,0
82,1116672,93888,130112,0,3584,20032,352064,376576,140416,116864,999808,0,1280,346944,0,0,0,0,0,0,384,384,147136,52800,32832,0,0,0,142912,128,398,1027,2474940235,250011009,979776,0
83,2237568,820608,131008,0,3584,20480,338368,378880,544640,495296,1742272,0,1280,333376,0,0,0,0,0,0,320,448,147136,52992,31552,0,0,0,146240,192,403,1049,4095557003,3676657876,1721792,0
84,2236736,789376,130240,0,3584,20160,334528,378624,580224,555968,1680768,0,1344,329664,0,0,0,0,0,0,256,448,147328,52928,29824,0,0,0,147712,128,424,1113,369326492,3061259628,1660608,0
85,2237376,791040,139712,0,11456,20416,379200,377792,517760,493888,1743488,0,1344,374080,0,0,0,0,0,0,192,512,145792,56896,29760,0,0,0,144512,128,487,1251,365565608,4215851879,1723072,0
86,1116864,135744,130624,0,4608,20288,337408,369536,118656,95360,1021504,0,1344,332352,0,0,0,0,0,0,192,448,145472,52544,24512,0,0,0,146240,128,503,1247,1388466196,1662063863,1001216,0
87,1116800,133632,129856,0,3648,20544,335808,371072,122240,98752,1018048,0,1344,330624,0,0,0,0,0,0,320,448,147008,53184,21376,0,0,0,148608,128,505,1248,3747966035,2519447823,997504,0
88,1116800,134656,128128,0,3712,20352,335552,359744,134656,110848,1005952,0,1280,330560,0,0,0,0,0,0,384,448,147328,52544,13440,0,0,0,145472,128,501,1237,425683480,1564767295,985600,0
89,1116800,134784,128896,0,3712,19840,339328,359424,130816,107008,1009792,0,1280,334336,0,0,0,0,0,0,384,320,147520,52800,13504,0,0,0,144768,128,503,1243,1136890971,2441560170,989952,0
90,1116736,134912,129280,0,3648,20288,333760,357824,137024,113408,1003328,0,1344,328768,0,0,0,0,0,0,384,448,146688,52544,13760,0,0,0,143872,128,506,1240,524800628,1357289892,983040,0
91,1116736,134976,128768,0,3712,20352,339264,357760,131904,108480,1008256,0,1344,334080,0,0,0,0,0,0,320,512,145792,52608,13696,0,0,0,144704,128,509,1249,81599818,1079281208,987904,0
92,1116864,135296,129216,0,3776,20032,334016,357952,136576,107648,1009216,0,1280,329152,0,0,0,0,0,0,384,384,146240,52928,13248,0,0,0,144576,192,511,1253,383219446,1934876926,989184,0
93,1116736,134976,128896,0,3648,41664,334976,360576,112000,88064,1028672,0,1344,329920,0,0,0,0,0,0,256,320,147968,52672,13248,0,0,0,145984,128,510,1248,3117803258,1150737590,987008,0
94,1116736,135104,129600,0,4864,20288,333248,357504,136128,112704,1004032,0,1408,328256,0,0,0,0,0,0,384,512,146304,52736,13696,0,0,0,143744,128,511,1253,398367636,3143493994,983744,0
95,1116800,134848,127936,0,5888,20160,335872,357888,134208,110400,1006400,0,1344,330624,0,0,0,0,0,0,384,320,146880,52672,13568,0,0,0,143936,128,518,1264,1117527605,146005741,986240,0
96,1116800,134848,129280,0,12544,20864,358656,358272,102336,78848,1037952,0,1344,353472,0,0,0,0,0,0,256,448,145984,53568,13248,0,0,0,144640,128,511,1249,1600358715,4134312059,1017088,0
97,1116736,134592,128832,0,3648,20480,342144,360576,126464,102912,1013824,0,1280,336896,0,0,0,0,0,0,256,576,147456,53056,13568,0,0,0,145536,128,502,1242,546524848,2900482788,993344,0
98,1116736,134208,129408,0,3776,20288,339392,359360,130304,106560,1010176,0,1344,334336,0,0,0,0,0,0,320,512,147584,52288,13568,0,0,0,144960,128,503,1249,3370492281,2011184615,989888,0
99,1116736,135040,130176,0,3776,20224,336768,358784,131968,108736,1008000,0,1408,331712,0,0,0,0,0,0,256,448,147008,52864,13440,0,0,0,144640,128,508,1254,3657031499,2877603516,987776,0
100,1117056,135552,129280,0,3712,20672,336576,357824,133440,110016,1007040,0,1216,331584,0,0,0,0,0,0,256,448,146688,52544,13632,0,0,0,144128,128,513,1259,1620840784,3780141789,986368,0
101,1116416,134720,129664,0,6016,20352,340800,358528,126336,102528,1013888,0,1344,335744,0,0,0,0,0,0,256,448,146432,52608,13632,0,0,0,145024,128,515,1259,1399524257,46518361,993536,0
102,1116736,134592,129408,0,4928,20224,338176,360000,129408,106112,1010624,0,1280,333120,0,0,0,0,0,0,192,512,147264,53184,13440,0,0,0,145280,128,505,1231,1244005605,575724693,990400,0
103,1677440,290816,128448,0,3584,20224,335680,355904,542784,502272,1175168,0,1344,330688,0,0,0,0,0,0,320,384,146816,46272,13184,0,0,0,148736,192,509,1239,3909725037,556658096,1154944,0
104,1676736,291456,127744,0,3584,20352,335872,358336,539392,515840,1160896,0,1344,330816,0,0,0,0,0,0,448,448,147328,46144,13504,0,0,0,150336,128,582,1422,387273125,2574067479,1140544,0
105,1116672,166144,129408,0,3584,20352,338560,357760,100864,77376,1039296,0,1280,333568,0,0,0,0,0,0,320,320,150400,46336,13760,0,0,0,146496,128,608,1422,2752887227,3154352507,1018944,0
106,1116736,158144,129920,0,4480,20160,336000,354432,113600,90112,1026624,0,1280,331008,0,0,0,0,0,0,256,448,147264,46208,13824,0,0,0,146304,128,606,1420,606083678,1130572335,1006464,0
107,3357824,121408,129152,0,12480,41856,2238784,347776,466368,442240,2915584,0,1408,2233600,0,0,0,0,0,0,256,320,144832,45376,13888,0,0,0,142976,128,496,1183,2962710282,3880644140,2873728,0
108,1116672,120576,128704,0,4992,20096,359232,348224,134848,105280,1011392,0,1280,353984,0,0,0,0,0,0,256,384,143936,45568,13696,0,0,0,144256,128,488,1176,2561604929,3233297441,991296,0
109,1116864,119680,129536,0,3648,20288,361024,349184,133504,109632,1007232,0,1344,355904,0,0,0,0,0,0,256,384,143872,46080,13632,0,0,0,144832,128,493,1183,1564754892,2348848969,986944,0
110,1116800,120064,128640,0,3648,20224,359744,349248,135232,111616,1005184,0,1408,354624,0,0,0,0,0,0,320,384,144768,45568,13696,0,0,0,144384,128,497,1186,2457097912,3019192791,984960,0
111,1116800,120000,128768,0,10752,20864,392640,347776,96000,72448,1044352,0,1280,387456,0,0,0,0,0,0,192,448,143360,45888,13824,0,0,0,143936,128,500,1184,1766277080,2044307068,1023488,0
112,1676864,120128,129728,0,3648,20160,472448,362880,567872,544256,1132608,0,1344,467328,0,0,0,0,0,0,256,384,143936,45248,28480,0,0,0,144448,128,506,1201,2552659722,4245029254,1112448,0
113,1677120,223168,130432,0,11776,20160,400256,361088,530240,506688,1170432,0,1344,395200,0,0,0,0,0,0,320,448,142784,46592,26112,0,0,0,144704,128,508,1201,888032220,3312812664,1150272,0
114,1116864,131072,130112,0,3840,19904,360320,362752,108864,85056,1031808,0,1344,355328,0,0,0,0,0,0,320,384,144832,45440,26688,0,0,0,144960,128,501,1195,598002268,330238635,1011904,0
115,1116864,129728,130240,0,3968,20096,370304,365184,97344,73408,1043456,0,1344,365184,0,0,0,0,0,0,256,384,143936,45760,29056,0,0,0,145664,128,494,1191,1551409033,2496110964,1023360,0
116,1116736,130048,130688,0,3840,20224,372160,363584,96192,72384,1044352,0,1344,366848,0,0,0,0,0,0,256,320,143360,45888,28096,0,0,0,145536,128,496,1189,590199684,3547820496,1024128,0
117,1117184,130432,130048,0,3904,20288,366784,363968,101760,77632,1039552,0,1280,361600,0,0,0,0,0,0,320,512,143424,45568,28352,0,0,0,145664,128,503,1200,835008856,490964207,1019264,0
118,1676224,136448,130048,0,3904,20224,919168,294208,172224,148736,1527488,0,1344,913920,0,0,0,0,0,0,192,256,76416,44928,29504,0,0,0,142784,128,494,1158,2863719110,4147380978,1507264,0
119,1117056,130240,129920,0,6144,20352,385920,296000,148480,124672,992384,0,1280,380800,0,0,0,0,0,0,320,256,76160,45120,31680,0,0,0,142336,128,492,1163,3528457341,2863278433,972032,0
120,1116544,129856,129408,0,6208,20544,369344,294976,166208,139520,977024,0,1408,364224,0,0,0,0,0,0,256,192,76544,45824,30272,0,0,0,141760,128,486,1150,3061590799,2759732338,956480,0
121,1116928,129280,129984,0,5056,41920,370240,297792,142656,118592,998336,0,1408,364992,0,0,0,0,0,0,320,320,76544,45760,30144,0,0,0,144576,128,489,1153,2353857217,3030877802,956416,0
122,1116480,130432,130880,0,3712,20032,365952,291072,174400,150656,965824,0,1344,360896,0,0,0,0,0,0,256,256,75648,45120,28096,0,0,0,141568,128,494,1153,816419617,194544673,945792,0
123,1116928,130624,129024,0,6144,20416,363392,286272,181056,157376,959552,0,1344,358208,0,0,0,0,0,0,192,384,76096,45248,21568,0,0,0,142656,128,492,1134,3840548758,367782118,939136,0
124,1116800,130304,137728,0,4992,20416,362368,280128,180864,151744,965056,0,1280,357248,0,0,0,0,0,0,256,320,75520,45632,13824,0,0,0,144448,128,488,1137,3870482307,3755071096,944640,0
125,1116736,129984,128832,0,4480,20096,360512,277824,195008,171456,945280,0,1280,355392,0,0,0,0,0,0,192,320,75840,44544,13824,0,0,0,142976,128,487,1134,3755071096,3755071096,925184,0
126,1116736,130752,129344,0,3584,20160,359360,279936,193600,169856,946880,0,1280,354240,0,0,0,0,0,0,256,320,76096,45120,13568,0,0,0,144448,128,488,1133,3755071096,3755071096,926720,0
127,1116736,130688,129536,0,3712,19712,357120,277248,198720,174976,941760,0,1280,352000,0,0,0,0,0,0,192,320,75584,44608,13568,0,0,0,142848,128,492,1137,3755071096,3755071096,922048,0
128,1116928,130368,128448,0,3648,20288,359296,249856,225024,201344,915584,0,1280,354112,0,0,0,0,0,0,192,320,48384,44800,13632,0,0,0,142400,128,467,1062,3755071096,3755071096,895296,0
129,1116864,130880,128256,0,3584,20096,361728,248832,223488,199744,917120,0,1344,356672,0,0,0,0,0,0,192,256,48000,44736,13504,0,0,0,142016,128,465,1068,3755071096,3755071096,897024,0
130,2237184,888320,128128,0,5888,19968,883648,195776,115456,91776,2145408,0,1280,878528,0,0,0,0,0,0,64,128,128,43904,12032,0,0,0,139392,128,466,1067,3126210429,3126210429,2125440,0
131,1116544,129536,128960,0,4864,19904,341888,193792,297600,274048,842496,0,1344,336640,0,0,0,0,0,0,128,128,128,43776,12160,0,0,0,137344,128,467,1064,3126210429,3126210429,822592,0
132,1117248,129152,128768,0,3456,20032,345536,194688,295616,271872,845376,0,1344,340480,0,0,0,0,0,0,64,128,128,44032,11904,0,0,0,138304,128,469,1066,3126210429,3126210429,825344,0
133,1116544,160512,128576,0,3456,20224,345600,195200,262976,239296,877248,0,1280,340544,0,0,0,0,0,0,64,64,128,44160,12032,0,0,0,138624,128,464,1061,3126210429,3126210429,857024,0
134,1116736,128128,129728,0,3520,20160,343936,194560,296704,272832,843904,0,1408,338880,0,0,0,0,0,0,64,64,128,43840,12288,0,0,0,138048,128,462,1065,3126210429,3126210429,823744,0
135,1116864,129856,127808,0,3456,20096,345152,193984,296512,272704,844160,0,1344,340096,0,0,0,0,0,0,64,128,128,44096,12160,0,0,0,137280,128,465,1066,3126210429,3126210429,824064,0
136,1116544,129024,129088,0,3456,41664,348736,194688,269888,246400,870144,0,1408,343744,0,0,0,0,0,0,64,128,128,43712,12800,0,0,0,137728,128,466,1063,3126210429,3126210429,828480,0
137,1116736,129920,128768,0,10688,20160,374720,194176,258304,234368,882368,0,1344,369664,0,0,0,0,0,0,64,128,64,44800,12736,0,0,0,136256,128,462,1062,3126210429,3126210429,862208,0
138,1116608,129344,129088,0,3584,19968,344960,197760,291904,267776,848832,0,1344,339968,0,0,0,0,0,0,64,128,64,43968,12224,0,0,0,141184,128,464,1060,3126210429,3126210429,828864,0
139,1116800,129024,128704,0,3648,20032,345408,193600,296384,272128,844672,0,1280,340288,0,0,0,0,0,0,64,128,128,43712,12096,0,0,0,137344,128,457,1055,3126210429,3126210429,824640,0
140,1116736,129408,129600,0,3648,19968,345280,194624,294208,265408,851328,0,1344,340288,0,0,0,0,0,0,64,128,128,43584,12096,0,0,0,138496,128,454,1049,3126210429,3126210429,831360,0
141,1676992,318016,128064,0,3648,20160,577088,194304,435712,412096,1264896,0,1280,572032,0,0,0,0,0,0,64,128,128,44096,12288,0,0,0,137472,128,455,1052,3126210429,2319073349,1244736,0
142,1116864,128576,129344,0,3648,19904,333760,196096,305536,281664,835200,0,1280,328640,0,0,0,0,0,0,64,64,128,44480,12544,0,0,0,138688,128,456,1053,2319073349,2319073349,815296,0
143,1116736,148736,126976,0,3648,20032,338240,194048,285056,261632,855104,0,1280,333184,0,0,0,0,0,0,64,64,128,44160,11840,0,0,0,137664,128,456,1053,2319073349,2319073349,835072,0
144,1116864,128640,128128,0,3584,20096,337600,194048,304768,281280,835584,0,1344,332544,0,0,0,0,0,0,64,128,128,44160,11840,0,0,0,137600,128,456,1053,2319073349,2319073349,815488,0
145,1116608,128960,128768,0,5376,20224,346752,194432,292096,268608,848000,0,1344,340864,0,0,0,0,0,0,128,64,128,44544,12608,0,0,0,136832,128,457,1056,2319073349,2319073349,827776,0
146,1116800,128896,129408,0,3712,20352,336256,194752,303424,280192,836608,0,1280,331136,0,0,0,0,0,0,64,64,128,44416,12544,0,0,0,137408,128,457,1056,2319073349,2319073349,816256,0
147,1116736,128384,128704,0,3712,20032,335296,195456,305152,281920,834816,0,1344,330240,0,0,0,0,0,0,128,128,128,44224,12224,0,0,0,138496,128,457,1056,2319073349,2319073349,814784,0
148,1116928,160000,128576,0,3584,19968,338752,194816,271232,247872,869056,0,1344,333568,0,0,0,0,0,0,128,128,128,43904,12032,0,0,0,138368,128,458,1055,2319073349,2319073349,849088,0
149,1116672,128832,127872,0,3712,20160,337088,194496,304512,281280,835392,0,1344,332096,0,0,0,0,0,0,128,128,128,43840,12096,0,0,0,138048,128,458,1055,2319073349,2319073349,815232,0
150,1116736,129152,128640,0,3648,20160,337536,194560,303040,279360,837376,0,1408,332352,0,0,0,0,0,0,64,64,128,43712,12096,0,0,0,138368,128,458,1055,2319073349,2319073349,817216,0
151,1116992,160256,129088,0,3712,41152,340928,194560,247296,223296,893696,0,1344,335872,0,0,0,0,0,0,64,128,128,44096,12160,0,0,0,137856,128,457,1052,2319073349,2319073349,852544,0
152,1116480,127616,128256,0,3648,20032,347008,192832,297088,272960,843520,0,1344,341952,0,0,0,0,0,0,128,128,128,43904,11968,0,0,0,136448,128,456,1049,2319073349,2319073349,823488,0
153,1116928,129408,128960,0,3584,19968,337408,194432,303168,279360,837568,0,1280,332288,0,0,0,0,0,0,64,128,128,44416,12224,0,0,0,137344,128,456,1049,2319073349,2319073349,817600,0
154,1116800,129408,128704,0,5888,20288,333760,193984,304768,280768,836032,0,1344,328576,0,0,0,0,0,0,64,128,64,43776,11968,0,0,0,137856,128,457,1048,2319073349,2319073349,815744,0
155,1116544,128640,131264,0,5952,20096,334720,194112,301760,278208,838336,0,1344,329728,0,0,0,0,0,0,64,128,128,43712,12608,0,0,0,137344,128,456,1045,2319073349,2319073349,818240,0
156,1116800,129344,128000,0,4928,20096,336640,194752,303040,274176,842624,0,1280,331584,0,0,0,0,0,0,128,128,128,43776,12160,0,0,0,138304,128,455,1042,2319073349,2319073349,822528,0
157,1116544,129216,128896,0,3520,19904,340416,196160,298432,275008,841536,0,1344,335296,0,0,0,0,0,0,128,64,128,43712,12672,0,0,0,139328,128,454,1041,2319073349,2319073349,821632,0
158,1117056,128448,128768,0,3456,20160,334208,194048,307968,284352,832704,0,1344,329088,0,0,0,0,0,0,128,128,128,43968,12352,0,0,0,137216,128,453,1042,2319073349,2319073349,812544,0
159,1116736,128960,129088,0,3456,20096,349632,194368,291136,267456,849280,0,1344,344512,0,0,0,0,0,0,64,128,128,43904,12096,0,0,0,137920,128,452,1039,2319073349,2319073349,829184,0
160,1116544,129600,127744,0,3456,20288,335680,195328,304448,280768,835776,0,1280,330624,0,0,0,0,0,0,64,128,128,44160,12288,0,0,0,138432,128,451,1036,2319073349,2319073349,815488,0
161,1116800,128448,128704,0,3456,20224,340352,193216,302400,278912,837888,0,1280,335168,0,0,0,0,0,0,64,64,128,43648,11840,0,0,0,137344,128,452,1039,2319073349,2319073349,817664,0
162,1116544,129280,128000,0,3456,20160,338624,193664,303360,279936,836608,0,1280,333568,0,0,0,0,0,0,128,64,128,43968,11968,0,0,0,137280,128,454,1043,2319073349,2319073349,816448,0
163,1117120,129280,129728,0,3456,20096,335424,194048,305088,281664,835456,0,1280,330368,0,0,0,0,0,0,128,64,128,43968,12352,0,0,0,137280,128,455,1044,2319073349,2319073349,815360,0
164,1116544,129216,128576,0,3456,20288,334976,195200,304832,281664,834880,0,1280,329856,0,0,0,0,0,0,64,128,128,43968,12288,0,0,0,138496,128,456,1047,2319073349,2319073349,814592,0
165,1116672,128960,128512,0,3392,19968,339072,193600,303168,279808,836864,0,1280,334016,0,0,0,0,0,0,64,128,128,43840,12224,0,0,0,137088,128,458,1051,2319073349,2319073349,816896,0
166,1116800,129792,129472,0,3456,41152,335296,193664,283968,260544,856256,0,1344,330304,0,0,0,0,0,0,64,64,128,44160,12032,0,0,0,137088,128,459,1054,2319073349,2319073349,815104,0
167,1116736,128640,127872,0,19712,19968,553344,193856,73344,48832,1067904,0,1344,548224,0,0,0,0,0,0,64,128,64,43712,12288,0,0,0,137472,128,458,1054,2319073349,2425814713,1047936,0
168,1116928,128448,127936,0,3712,20096,355904,216320,264512,240384,876544,0,1344,350784,0,0,0,0,0,0,64,128,64,43968,32704,0,0,0,139264,128,459,1059,2250137846,1729204109,856448,0
169,1116672,128512,128832,0,3712,20288,363968,216704,254656,230848,885824,0,1280,358784,0,0,0,0,0,0,64,128,128,44160,33408,0,0,0,138688,128,459,1059,119547789,1191226899,865536,0
170,1116736,128832,129280,0,3712,20160,382400,218496,233856,210176,906560,0,1344,377280,0,0,0,0,0,0,64,128,128,44352,36224,0,0,0,137472,128,459,1058,1744547507,3385954475,886400,0
171,1116672,129280,129024,0,3712,20224,363072,220864,250496,226816,889856,0,1344,358080,0,0,0,0,0,0,64,128,128,44096,39168,0,0,0,137152,128,457,1056,3644799212,2051007195,869632,0
172,1116864,128704,128192,0,3712,19968,362112,228032,246144,217280,899584,0,1344,356928,0,0,0,0,0,0,64,64,128,44480,41536,0,0,0,141568,192,455,1054,3123337084,2064384145,879616,0
173,1116672,129152,128512,0,3712,20224,376320,213888,244864,221312,895360,0,1280,371264,0,0,0,0,0,0,64,128,128,44480,30848,0,0,0,138112,128,455,1054,626351552,3719156858,875136,0
174,1116544,129024,128448,0,3648,20288,366848,214976,253312,229632,886912,0,1280,361792,0,0,0,0,0,0,64,64,128,43904,31360,0,0,0,139328,128,455,1054,1430176577,4066201532,866624,0
175,1117056,128256,127744,0,3648,20096,369664,213056,254592,230848,886208,0,1344,364480,0,0,0,0,0,0,64,128,128,44608,30464,0,0,0,137536,128,455,1054,4035530944,1428538874,866112,0
176,1116928,128960,128576,0,5824,20608,379072,214720,239168,215744,901184,0,1280,373888,0,0,0,0,0,0,64,128,128,44736,30848,0,0,0,138688,128,455,1054,232736805,782060319,880576,0
177,1116992,128960,128576,0,5760,20608,369216,213440,250432,225984,891008,0,1280,364032,0,0,0,0,0,0,64,64,128,44480,30272,0,0,0,138304,128,456,1057,809974938,2856709988,870400,0
178,1116480,128768,129344,0,4928,20288,370688,213504,248960,225472,891008,0,1344,365504,0,0,0,0,0,0,64,128,64,44416,31360,0,0,0,137344,128,456,1057,247210750,2785175046,870720,0
179,1116544,133568,132736,0,3584,20032,376256,217472,232896,209408,907136,0,1344,371264,0,0,0,0,0,0,64,64,128,44928,31104,0,0,0,141056,128,456,1055,1834423289,3331947129,887104,0
180,1116864,128896,128192,0,4416,20288,366784,213440,254848,231424,885440,0,1280,361600,0,0,0,0,0,0,64,128,64,43712,31168,0,0,0,138176,128,455,1052,2891738785,619231866,865152,0
181,1116992,128448,128320,0,3520,41920,390208,214464,210112,186368,930624,0,1280,385088,0,0,0,0,0,0,64,64,128,44416,31552,0,0,0,138112,128,455,1052,2096481028,2372830145,888704,0
182,1116800,129536,128960,0,5824,20416,375488,213376,243200,219648,897152,0,1344,370368,0,0,0,0,0,0,64,64,128,45440,29952,0,0,0,137600,128,456,1053,3196635270,1476724397,876736,0
183,1116672,149248,129088,0,5760,20096,366592,213504,232384,208448,908224,0,1344,361472,0,0,0,0,0,0,64,64,128,44736,30784,0,0,0,137600,128,456,1053,3612661861,1681678311,888128,0
184,1116864,148736,127616,0,4800,20032,368384,213952,233344,209536,907328,0,1344,363200,0,0,0,0,0,0,64,128,128,44608,30784,0,0,0,138112,128,456,1053,168501387,3565863676,887296,0
185,1116864,128640,128832,0,3456,20352,378752,215808,241024,217408,899456,0,1280,373696,0,0,0,0,0,0,64,128,128,45312,32128,0,0,0,137920,128,457,1056,2945697017,2224612663,879104,0
186,1116928,129152,127872,0,3392,19776,359168,213824,263744,240192,876736,0,1280,353984,0,0,0,0,0,0,64,128,128,43840,30464,0,0,0,139072,128,457,1056,386631608,2607878461,856960,0
187,1116928,129024,128576,0,3392,20160,359680,213888,262208,238272,878656,0,1280,354560,0,0,0,0,0,0,64,128,128,44160,30528,0,0,0,138752,128,457,1056,3903565917,1827148481,858496,0
188,1116736,128896,129472,0,3392,20288,375552,212544,246592,217408,899328,0,1344,370432,0,0,0,0,0,0,64,128,128,44480,30848,0,0,0,136768,128,458,1055,1840294914,74578994,879040,0
189,1116736,128640,131264,0,3456,20224,365376,213888,253888,230464,886272,0,1280,360192,0,0,0,0,0,0,128,64,128,43968,31296,0,0,0,138176,128,458,1055,261603539,2358110344,866048,0
190,1116800,128640,127744,0,3456,20352,364608,213888,258112,234432,882368,0,1344,359488,0,0,0,0,0,0,128,128,64,43712,30208,0,0,0,139520,128,457,1056,1118920705,194549070,862016,0
191,1116928,128832,127808,0,3456,20096,376512,214080,246144,222848,894080,0,1280,371392,0,0,0,0,0,0,128,128,64,44544,30784,0,0,0,138304,128,457,1052,2828411168,218159283,873984,0
192,1117120,160384,128128,0,3328,20224,362048,214528,228480,204608,912512,0,1280,357056,0,0,0,0,0,0,128,64,128,43968,31104,0,0,0,139008,128,456,1049,3874751295,3560045573,892288,0
193,1116736,128896,128192,0,3392,20032,364672,213504,258048,234368,882368,0,1280,359488,0,0,0,0,0,0,128,64,128,44352,30656,0,0,0,138048,128,456,1049,3086454568,65944757,862336,0
194,1116672,148992,140864,0,8960,19968,440128,212096,145664,121664,995008,0,3264,430464,0,0,0,0,0,0,64,64,128,43648,31232,0,0,0,136832,128,457,1048,3671206898,1269504035,975040,0
195,1116992,160192,128384,0,14528,20224,363712,214464,215488,191872,925120,0,1344,358656,0,0,0,0,0,0,64,128,128,44992,30528,0,0,0,138496,128,457,1048,3362010198,3912477458,904896,0
196,1116608,149376,128832,0,3584,41664,363008,213376,216768,193088,923520,0,1280,358016,0,0,0,0,0,0,64,128,128,44416,30656,0,0,0,137856,128,455,1042,3992284384,3736912563,881856,0
197,1678592,139264,129856,0,11328,48576,761088,257664,330816,274368,1404224,0,1408,479168,0,0,0,0,0,0,64,64,128,51264,30144,0,0,0,175872,128,465,1084,506812018,305142888,1355648,0
198,1676928,104832,130624,0,10432,36224,597248,260352,537216,511360,1165568,0,1344,591872,0,0,0,0,0,0,64,128,128,50560,53056,0,0,0,156288,128,470,1115,1581392826,207224066,1129344,0
199,1116608,104960,130432,0,3776,37312,498624,248832,92672,66560,1050048,0,1344,493248,0,0,0,0,0,0,64,64,128,50240,41856,0,0,0,156352,128,476,1125,3047213015,2428062664,1012736,0
200,1676928,160320,134080,0,3840,37376,511936,256128,573248,547584,1129344,0,1408,506624,0,0,0,0,0,0,64,128,128,50624,46080,0,0,0,158976,128,560,1362,2258076029,2710943140,1091968,0
201,1116864,129792,129600,0,6976,38208,519552,253696,39040,13504,1103360,0,1344,514176,0,0,0,0,0,0,128,64,128,50560,47424,0,0,0,155264,128,579,1358,1612750728,192345655,1065152,0
202,1116992,131520,129088,0,5056,37824,500608,254400,58496,32640,1084352,0,1344,495296,0,0,0,0,0,0,128,128,128,50880,48192,0,0,0,154816,128,585,1390,1106063901,1283363025,1046528,0
203,1116928,130944,130176,0,3712,37824,468480,254080,91712,66112,1050816,0,1408,463040,0,0,0,0,0,0,64,128,128,50560,48512,0,0,0,154560,128,594,1408,1589080663,497402581,1012992,0
204,1116864,130240,129536,0,3712,37056,428480,255232,132608,101504,1015360,0,1344,423104,0,0,0,0,0,0,128,128,128,50944,48192,0,0,0,155584,128,598,1429,4168352090,617832229,978304,0
205,1116608,130112,130240,0,3712,37632,430016,253248,131648,106304,1010304,0,1344,424704,0,0,0,0,0,0,64,64,128,50432,47424,0,0,0,155008,128,598,1413,3279409330,518317170,972672,0
206,1116992,131200,130304,0,5952,38016,426752,249728,135040,106688,1010304,0,1408,421312,0,0,0,0,0,0,128,128,128,51264,42304,0,0,0,155648,128,598,1414,2284530919,790019101,972288,0
207,1116864,130368,129728,0,5952,37568,428544,247744,136960,110976,1005888,0,1344,423296,0,0,0,0,0,0,64,128,128,50560,41984,0,0,0,154752,128,590,1398,2022663577,1086380312,968320,0
208,1116672,131584,129344,0,4928,38656,427776,246720,137664,111936,1004736,0,1344,422656,0,0,0,0,0,0,64,64,128,50880,41408,0,0,0,154048,128,598,1414,952705860,3584580494,966080,0
209,1116800,130048,129408,0,3584,37824,429760,234624,151552,125888,990912,0,1408,424448,0,0,0,0,0,0,128,128,128,50624,31104,0,0,0,152320,192,596,1411,3851331823,3117791116,953088,0
210,1116864,129920,129280,0,3648,58880,432640,235136,127360,101696,1015168,0,1344,427264,0,0,0,0,0,0,64,128,128,50752,30592,0,0,0,153344,128,594,1399,926189058,4058783467,956288,0
211,1116800,131200,129600,0,3712,37440,420800,234944,159104,133312,983488,0,1408,415488,0,0,0,0,0,0,64,64,128,50752,29632,0,0,0,154176,128,595,1406,2019784331,2337177698,946048,0
212,1677120,166272,129472,0,3584,38016,637248,235712,466816,440960,1236160,0,1344,631872,0,0,0,0,0,0,64,64,128,50560,30720,0,0,0,154048,128,598,1409,1206068672,3326731828,1198144,0
213,1676864,154944,128704,0,10368,37888,553344,237568,554048,528512,1148352,0,1344,547968,0,0,0,0,0,0,64,128,128,50880,31360,0,0,0,154880,128,617,1430,645394687,792628463,1110464,0
214,1676992,162688,128896,0,3648,37824,582976,278528,482432,457024,1219968,0,1408,577536,0,0,0,0,0,0,64,64,128,51200,32640,0,0,0,194304,128,610,1447,272788412,3956888632,1182144,0
215,1677120,163328,129152,0,3712,38336,591680,285504,465408,439680,1237440,0,1408,586304,0,0,0,0,0,0,128,128,64,50496,39872,0,0,0,194688,128,604,1446,1677713808,3557839298,1199104,0
216,1676992,130368,130176,0,3776,37888,548544,278720,547520,521792,1155200,0,1280,543232,0,0,0,0,0,0,128,128,128,50816,40128,0,0,0,187264,128,574,1386,2118792896,734333492,1117312,0
217,1677056,145344,130624,0,6080,37568,718272,291456,347712,321664,1355392,0,1344,712896,0,0,0,0,0,0,64,128,64,50688,63424,0,0,0,176960,128,588,1416,748551156,1085002545,1317824,0
218,1676736,132160,129792,0,5120,38656,542272,277952,550784,524992,1151744,0,1408,536896,0,0,0,0,0,0,128,128,128,50688,48512,0,0,0,178240,128,594,1422,3245908229,675314573,1113088,0
219,1676992,131264,129280,0,7104,37568,556160,276544,539072,513152,1163840,0,1344,550848,0,0,0,0,0,0,128,128,128,50880,46656,0,0,0,178496,128,584,1392,165805765,3479816784,1126272,0
220,1676928,130944,129920,0,6720,37632,557504,231488,582720,551104,1125824,0,1408,552192,0,0,0,0,0,0,64,128,128,50624,42688,0,0,0,137728,128,562,1340,3317990479,1347530642,1088192,0
221,1676864,131584,129728,0,4928,60224,558272,255616,536512,510848,1166016,0,1344,552960,0,0,0,0,0,0,128,128,64,50624,65216,0,0,0,139328,128,543,1304,4193815428,2720908656,1105792,0
222,2237504,150336,133120,0,22336,37568,799616,1018496,76032,44608,2192896,0,1344,794304,0,0,0,0,0,0,727744,256,256,51264,54016,22272,0,0,184832,128,573,1361,2629159901,3764166231,2155328,0
223,1676928,145280,132160,0,6208,38464,564352,331520,458944,432640,1244288,0,1408,558976,0,0,0,0,0,0,43584,192,256,51840,53248,0,0,0,182272,128,597,1389,43368441,2420436684,1205824,0
224,1676864,131008,130240,0,5184,38592,591232,324672,455936,430080,1246784,0,1344,585792,0,0,0,0,0,0,43392,256,256,51712,47104,0,0,0,181824,128,574,1358,1108883558,4179200776,1208192,0
225,1677056,130688,129408,0,3904,38592,595648,324800,454016,428224,1248832,0,1280,590336,0,0,0,0,0,0,42944,192,320,51712,48064,0,0,0,181440,128,570,1355,3940920053,1915409428,1210240,0
226,1676928,130944,129536,0,3840,38784,621120,362496,390208,364480,1312448,0,1344,615744,0,0,0,0,0,0,44480,256,256,51584,47936,0,0,0,217856,128,592,1411,3576910113,852879612,1273664,0
227,2237120,196288,133824,0,10432,43776,762688,809088,281024,249792,1987328,0,1344,757376,0,0,0,0,0,0,45760,384,90496,52224,57472,39808,0,0,562624,128,609,1437,2177502172,2250143038,1943552,0
228,1677056,145600,129920,0,4032,31360,635840,513792,216512,190656,1486400,0,1344,630528,0,0,0,0,0,0,43904,320,90688,52032,55872,0,0,0,270848,128,607,1417,1296492833,3926091930,1455040,0
229,1676864,131392,129472,0,6912,32384,606976,521088,248640,222912,1453952,0,1408,601728,0,0,0,0,0,0,43776,320,91456,52416,63936,0,0,0,269056,128,605,1423,1258477581,1807840840,1421568,0
230,1676800,131008,130432,0,5632,31424,631616,573696,172992,147008,1529792,0,1344,626240,0,0,0,0,0,0,44352,107840,91392,52736,55808,0,0,0,221440,128,604,1435,1006255873,1053175956,1498368,0
231,1676992,131264,129728,0,4992,52736,608512,471872,277888,252288,1424704,0,1408,603264,0,0,0,0,0,0,43712,107072,512,52288,51456,0,0,0,216704,128,611,1441,3008918970,2211311907,1371968,0
232,1677120,131008,130240,0,6656,31488,581440,433024,363264,337280,1339840,0,1344,576064,0,0,0,0,0,0,43456,106816,384,51392,46848,0,0,0,183936,192,601,1394,2793543,1683043613,1308352,0
233,1676736,130112,130624,0,8000,31936,570496,442304,363264,337792,1338944,0,1408,565056,0,0,0,0,0,0,44416,106624,448,51520,55680,0,0,0,183488,128,598,1393,1487923427,4168357412,1307008,0
234,1677056,164032,130432,0,5888,31616,652800,478016,214272,188544,1488512,0,1408,647360,0,0,0,0,0,0,44672,106752,448,52160,55168,0,0,0,218688,128,587,1400,3979220603,2909495042,1456896,0
235,1677056,152576,129792,0,6144,31936,734976,472576,149056,123200,1553856,0,1344,729664,0,0,0,0,0,0,43712,104832,448,52096,52160,0,0,0,219200,128,597,1405,2107948426,860087582,1521920,0
236,1676992,184512,130944,0,6144,31872,732800,433984,156736,130880,1546112,0,1344,727360,0,0,0,0,0,0,44352,106048,512,51648,47488,0,0,0,183808,128,593,1382,2452515957,64592643,1514240,0
237,1677504,131200,130240,0,3584,31808,564544,434048,382080,356032,1321472,0,1344,559168,0,0,0,0,0,0,43840,106944,448,51968,47232,0,0,0,183488,128,571,1354,3329501061,3002656057,1289664,0
238,1676480,140288,130304,0,3648,32000,590656,470336,309248,278080,1398400,0,1408,585280,0,0,0,0,0,0,45056,105600,448,52160,47424,0,0,0,219520,128,584,1398,3410164201,2082645336,1366400,0
239,1676992,150848,129472,0,4672,31744,663040,464896,232320,206336,1470656,0,1408,657856,0,0,0,0,0,0,43648,105088,512,52544,44416,0,0,0,218560,128,598,1417,2205569713,1117939938,1438912,0
240,1676992,130112,131776,0,4608,31936,585408,426560,366592,340608,1336384,0,1408,579968,0,0,0,0,0,0,43840,106752,384,51968,39680,0,0,0,183808,128,603,1394,425772551,1028400015,1304448,0
241,1677120,144896,129536,0,3584,53440,720512,421824,203328,177088,1500032,0,1408,715072,0,0,0,0,0,0,43712,104768,448,52288,38464,0,0,0,182016,128,587,1386,1173578220,1192450087,1446592,0
242,1676864,131136,130368,0,3648,31744,603072,462208,314688,288896,1387968,0,1408,597760,0,0,0,0,0,0,44480,106176,384,52544,39040,0,0,0,219456,128,594,1409,1826765198,3701676910,1356224,0
243,1677056,146624,130496,0,12672,32000,756352,448768,150144,123776,1553280,0,1344,750976,0,0,0,0,0,0,43840,80576,512,51840,52800,0,0,0,219072,128,583,1394,777013523,3071548085,1521280,0
244,1676992,130816,130624,0,5056,32576,691136,405056,281728,255296,1421696,0,1344,685824,0,0,0,0,0,0,43968,79744,512,51968,45888,0,0,0,182848,128,589,1378,2349764932,548671701,1389120,0
245,1677120,130624,130624,0,3776,32256,708736,399616,271488,245056,1432064,0,1344,703424,0,0,0,0,0,0,43776,80256,448,51904,39744,0,0,0,183360,128,591,1383,1911928889,217064947,1399808,0
246,1676800,131520,130368,0,4864,32000,744448,435904,197696,171520,1505280,0,1344,739072,0,0,0,0,0,0,44480,80320,576,52224,39424,0,0,0,218752,128,610,1446,3150466079,778910194,1473280,0
247,1676992,129920,129536,0,6720,31744,723136,429760,226176,199872,1477120,0,1408,717696,0,0,0,0,0,0,43328,79872,448,52224,35456,0,0,0,218304,128,589,1384,2234829506,1310579696,1445376,0
248,1676992,195776,129408,0,6848,32000,716352,392000,204608,175296,1501696,0,1408,710912,0,0,0,0,0,0,44032,80832,448,51840,30592,0,0,0,184128,128,595,1380,514264313,3356050864,1469696,0
249,1676864,131328,130368,0,5056,31104,672064,388928,318016,291200,1385664,0,1408,666816,0,0,0,0,0,0,43520,80448,448,51584,30848,0,0,0,181952,128,598,1379,742827402,2115963421,1354560,0
250,1677056,152832,130688,0,3712,32384,855680,425344,76416,49600,1627456,0,1408,850432,0,0,0,0,0,0,44352,80256,448,52032,30464,0,0,0,217664,128,620,1453,856912342,3412309801,1595072,0
251,1677120,131520,130240,0,3648,32000,679552,422784,277376,250240,1426880,0,1280,674112,0,0,0,0,0,0,43456,79040,512,51584,30528,0,0,0,217536,128,608,1443,525125439,338766138,1394880,0
252,1676864,130816,129664,0,4800,52864,685888,389952,282880,255232,1421632,0,1472,680512,0,0,0,0,0,0,43520,80576,448,51328,30720,0,0,0,183232,128,581,1368,439178489,1168364060,1368768,0
253,1677120,130816,129472,0,6080,32128,670272,389632,318720,291008,1386112,0,1408,664960,0,0,0,0,0,0,43328,79680,384,51840,30592,0,0,0,183680,128,577,1358,1858850602,3223261951,1353984,0
254,1676928,144512,129856,0,4800,31552,859392,427712,79104,46144,1630784,0,1472,853952,0,0,0,0,0,0,44352,81216,512,52288,30592,0,0,0,218624,128,595,1408,3660993285,3111569402,1599232,0
255,1677120,130048,129088,0,3520,31808,681280,427264,274112,246528,1430592,0,1408,675776,0,0,0,0,0,0,43328,80960,448,51904,30656,0,0,0,219776,192,604,1431,3897257966,152307291,1398784,0
256,1677120,130176,130688,0,3648,32576,680640,389376,310016,281984,1395136,0,1344,675136,0,0,0,0,0,0,43136,80128,512,51264,30784,0,0,0,183424,128,584,1382,2304168426,3485786989,1362560,0
257,1676672,139968,132352,0,3584,33408,630912,384064,352384,330816,1345856,0,1408,625536,0,0,0,0,0,0,44160,80128,448,51776,24064,0,0,0,183360,128,550,1285,2512520520,835456298,1312448,0
258,1677056,131776,130240,0,3648,20928,655872,419328,315264,293632,1383424,0,1408,650624,0,0,0,0,0,0,44544,81664,512,52160,14208,0,0,0,226112,128,551,1316,1846535153,280755764,1362496,0
259,1677056,153088,129280,0,3584,21120,714368,414976,240640,219008,1458048,0,1280,709120,0,0,0,0,0,0,43776,79360,448,51520,14208,0,0,0,225536,128,542,1300,846710438,4016533465,1436928,0
260,1676928,145280,129792,0,3648,20672,749760,387712,240064,218496,1458432,0,1408,744512,0,0,0,0,0,0,43648,80000,512,51264,14336,0,0,0,197824,128,532,1267,3812614472,3095372289,1437760,0
261,1676864,131776,129216,0,3648,21056,597760,389248,404160,382720,1294144,0,1344,592384,0,0,0,0,0,0,43712,80576,448,51712,14016,0,0,0,198592,192,504,1207,4130098153,1378851306,1273088,0
262,1676864,125824,130880,0,3584,42112,685696,426432,262336,241088,1435776,0,1344,680320,0,0,0,0,0,0,44480,80128,448,52224,13952,0,0,0,235072,128,496,1172,3435689432,1548943820,1393664,0
263,1677120,105472,130176,0,4480,21248,582336,420992,412416,390976,1286144,0,1344,576960,0,0,0,0,0,0,43648,79232,448,51712,13824,0,0,0,232000,128,499,1174,1878299143,1626518907,1264896,0
264,1676928,125440,129920,0,10880,20736,704256,386624,299072,277760,1399168,0,1408,698880,0,0,0,0,0,0,43904,79936,512,51584,14144,0,0,0,196416,128,479,1117,3993087899,554671230,1378432,0
265,1676864,119104,130432,0,3712,18752,710464,387200,307200,285760,1391104,0,1344,705152,0,0,0,0,0,0,43456,79808,512,51712,13952,0,0,0,197568,192,471,1111,3172366454,423797290,1372352,0
266,1677120,105472,130624,0,3712,18432,602368,425792,390720,369152,1307968,0,1344,597120,0,0,0,0,0,0,44608,81024,512,52288,14016,0,0,0,233216,128,488,1161,1510701819,3169468076,1289536,0
267,1676928,105216,130816,0,3712,19072,580160,422400,415552,394240,1282688,0,1472,574784,0,0,0,0,0,0,43328,81344,512,51776,14080,0,0,0,231232,128,488,1166,3814523160,220860646,1263616,0
268,1677120,125312,131136,0,3712,18560,645568,389056,363776,342208,1334912,0,1344,640192,0,0,0,0,0,0,43776,80256,512,51840,13888,0,0,0,198656,128,476,1118,2681308235,4037352456,1316352,0
269,1676672,104320,130304,0,16192,31488,819456,494720,80192,59008,1617664,0,1344,814080,0,0,0,0,0,0,44480,80640,72064,52928,45312,0,0,0,199104,192,472,1110,1822253845,561403011,1586176,0
270,1677184,122624,129024,0,8128,31616,668224,491904,225664,198784,1478400,0,1344,662784,0,0,0,0,0,0,256,81024,72000,52224,54528,0,0,0,231744,128,510,1220,222413530,2709552511,1446784,0
271,1676864,122688,128832,0,6848,32256,746816,518272,121152,99968,1576896,0,1408,741440,0,0,0,0,0,0,192,79296,70976,51520,85888,0,0,0,230272,128,515,1251,429663362,1383719962,1544640,0
272,1677184,124352,129344,0,17600,52672,778880,491136,83200,61568,1615616,0,1408,773440,0,0,0,0,0,0,320,79168,71360,52096,91136,0,0,0,196864,192,496,1208,648244750,1998369251,1562944,0
273,1676864,103680,130176,0,5824,31040,594112,508992,303040,281536,1395328,0,1280,588672,0,0,0,0,0,0,256,81152,71232,51904,108672,0,0,0,195648,128,493,1198,4042183755,4115527198,1364288,0
274,1676736,102976,129792,0,4096,31488,600512,518528,289344,267904,1408832,0,1408,595264,0,0,0,0,0,0,192,80000,71872,51648,118592,0,0,0,196096,128,498,1225,2259463380,2278766404,1377344,0
275,1677056,103488,129600,0,4992,31424,583424,490432,333696,312128,1364928,0,1408,578176,0,0,0,0,0,0,256,80448,70848,51968,92224,0,0,0,194496,192,496,1216,3675066536,2341346545,1333504,0
276,1676928,103168,131648,0,5952,31872,590592,496192,317504,296064,1380864,0,1344,585152,0,0,0,0,0,0,256,82048,72256,51712,133824,0,0,0,155968,128,479,1170,1533710475,2844055294,1348992,0
277,1676736,103424,130432,0,6656,31680,592064,500736,311744,290432,1386304,0,1344,586688,0,0,0,0,0,0,192,80512,80320,51840,130944,0,0,0,156800,128,486,1192,2511115288,1419062064,1354624,0
278,1676992,104064,131200,0,6080,31296,563904,510336,330112,308288,1368704,0,1280,558656,0,0,0,0,0,0,256,80576,72320,51776,147904,0,0,0,157376,128,487,1196,1980386376,943216023,1337408,0
279,1677056,103488,130240,0,3904,31488,593024,485312,329600,308288,1368768,0,1344,587584,0,0,0,0,0,0,320,81984,71168,51776,124416,0,0,0,155520,128,482,1184,3697365083,4052694293,1337280,0
280,1676736,103744,129728,0,5184,31744,582720,502016,321600,300096,1376640,0,1344,577408,0,0,0,0,0,0,192,80576,72064,51840,142528,0,0,0,154688,128,487,1195,4164007827,1091659856,1344896,0
281,1676800,122432,129152,0,6272,31808,641280,500928,244928,223744,1453056,0,1408,635968,0,0,0,0,0,0,192,80832,71360,51968,138240,0,0,0,158208,128,473,1157,2939264637,4048092441,1421248,0
282,1677184,103744,131136,0,5120,32000,581504,485632,338048,316736,1360448,0,1344,575936,0,0,0,0,0,0,256,81536,70720,51904,126784,0,0,0,154304,128,486,1182,2539491266,2255406447,1328448,0
283,1677184,103488,129792,0,4288,52480,536064,493504,357568,336192,1340992,0,1344,530688,0,0,0,0,0,0,256,80960,71680,51904,132096,0,0,0,156480,128,495,1192,2225259605,2520306899,1288512,0
284,1676864,103744,129536,0,12352,31360,590528,492224,317120,296000,1380864,0,1408,585152,0,0,0,0,0,0,192,80960,71360,51520,130880,0,0,0,157120,192,492,1165,1405657539,237502403,1349504,0
285,1676864,103360,130368,0,5184,31808,620416,475328,310400,289280,1387584,0,1344,615040,0,0,0,0,0,0,384,81472,71872,51712,114176,0,0,0,155584,128,473,1147,373917820,2813180102,1355776,0
286,1677056,103680,130496,0,3712,31872,626688,463744,316864,290240,1386816,0,1344,621312,0,0,0,0,0,0,320,80128,65280,51968,110528,0,0,0,155392,128,464,1105,1757185302,2011417143,1354944,0
287,1677056,124096,128640,0,3776,32192,674048,361088,353216,331712,1345344,0,1344,668672,0,0,0,0,0,0,192,81280,320,51200,73472,0,0,0,154496,128,463,1094,3202622719,2279279280,1313152,0
288,1676928,103232,128896,0,3776,31616,597824,347968,463616,442304,1234624,0,1344,592576,0,0,0,0,0,0,256,80320,256,51456,62016,0,0,0,153536,128,473,1112,3269521658,3868931614,1203008,0
289,1676992,102528,128576,0,6144,31424,599168,355904,453248,432192,1244800,0,1344,593856,0,0,0,0,0,0,192,80768,320,51264,67968,0,0,0,155264,128,474,1108,3972512179,551495344,1213376,0
290,1676864,116992,128704,0,6592,32448,702912,363520,325696,304256,1372608,0,1408,697600,0,0,0,0,0,0,192,80576,320,51008,78848,0,0,0,152448,128,472,1109,3356909049,56028213,1340160,0
291,1676928,105088,128960,0,4800,31168,711424,466496,228992,207616,1469312,0,1280,706112,0,0,0,0,0,0,320,79488,117888,51776,60032,0,0,0,156864,128,462,1093,1159621126,1810492905,1438144,0
292,2237184,139200,130432,0,23424,31808,1093568,371200,447552,426368,1810816,0,1344,1088320,0,0,0,0,0,0,192,3904,70656,52096,85056,0,0,0,159168,128,477,1120,1866356606,4156410067,1779008,0
293,1676800,106048,129984,0,3904,53120,527808,343616,512320,490752,1186048,0,1344,522432,0,0,0,0,0,0,192,3968,71680,51392,61440,0,0,0,154752,192,478,1114,2853598663,1102154404,1132928,0
294,1676864,118592,129728,0,12736,31168,679424,400832,304384,283200,1393664,0,1344,673984,0,0,0,0,0,0,256,3712,71680,51712,116416,0,0,0,156928,128,483,1127,457445163,959241426,1362496,0
295,1677184,137088,129472,0,10944,31488,606528,384064,377600,356032,1321152,0,1408,601024,0,0,0,0,0,0,128,256,71360,51136,106816,0,0,0,154240,128,471,1120,4250767088,3809323962,1289664,0
296,1676992,105472,130624,0,3968,30848,517056,376384,512640,491008,1185984,0,1344,511680,0,0,0,0,0,0,192,192,71680,51264,101952,0,0,0,150976,128,478,1133,3182891501,3869285951,1155136,0
297,1677696,106560,130048,0,3968,30912,543616,378048,484544,462464,1215232,0,1344,538240,0,0,0,0,0,0,192,192,71296,51008,100608,0,0,0,154624,128,484,1144,2158519219,3714057737,1184320,0
298,1676160,105984,131008,0,4032,30912,447872,383680,572672,551424,1124736,0,1408,442560,0,0,0,0,0,0,128,192,72576,50880,108352,0,0,0,151360,192,471,1124,2692590100,2902551876,1093824,0
299,1677120,106240,130432,0,3968,31040,442624,393920,568896,547392,1129728,0,1344,437440,0,0,0,0,0,0,128,256,72128,51200,116800,0,0,0,153280,128,463,1127,3507111613,2717875823,1098688,0
300,1116736,105664,129792,0,6144,30528,428224,387264,29120,7808,1108928,0,1408,422784,0,0,0,0,0,0,128,256,72128,51136,109184,0,0,0,154304,128,457,1105,3642348664,2711131401,1078400,0
301,1677184,119424,131136,0,12288,30656,531456,379712,472512,451264,1225920,0,1344,526016,0,0,0,0,0,0,128,256,71616,51456,102976,0,0,0,153152,128,446,1060,456038808,179289578,1195264,0
302,1116736,116992,130368,0,3904,9408,411200,370688,74176,47616,1069120,0,1344,405760,0,0,0,0,0,0,128,192,70400,51712,100864,0,0,0,147264,128,437,1015,1772516846,847472341,1059712,0
303,1115264,106624,130112,0,6272,9408,469632,370688,22528,3008,1112256,0,1408,464256,0,0,0,0,0,0,128,192,71680,50880,100672,0,0,0,147008,128,426,999,3596947011,2488430634,1102848,0
304,1116800,105856,129600,0,6272,9472,412160,360896,92544,73152,1043648,0,1408,406848,0,0,0,0,0,0,128,192,73664,50944,88192,0,0,0,147648,128,414,945,2483306845,4057434100,1034176,0
305,1117056,107520,130496,0,7168,30656,457344,353792,30080,10048,1107008,0,1280,451968,0,0,0,0,0,0,192,192,70592,51008,85184,0,0,0,146496,128,420,952,1296157007,759139071,1076352,0
306,1676864,106560,131072,0,6848,9408,497920,364736,560320,540800,1136064,0,1280,492416,0,0,0,0,0,0,128,256,71680,51264,90240,0,0,0,151040,128,417,946,3232002499,816335045,1126656,0
307,1676928,106752,129792,0,3712,9216,610624,336064,480768,461184,1215744,0,1408,605312,0,0,0,0,0,0,192,128,71808,51200,66112,0,0,0,146496,128,400,928,1101266453,886871386,1206528,0
308,1676992,108096,131008,0,3648,9280,614336,345024,465600,446208,1230784,0,1344,608896,0,0,0,0,0,0,128,256,71744,51520,72064,0,0,0,149184,128,409,930,3806610317,1622318339,1221504,0
309,1676672,129600,129536,0,11264,9472,699008,369856,327936,308608,1368064,0,1344,693504,0,0,0,0,0,0,192,256,71680,51264,60224,0,0,0,186112,128,401,935,3466218774,641299669,1358592,0
310,1677312,205760,131008,0,3712,9344,460480,373248,493760,463616,1213696,0,1344,455040,0,0,0,0,0,0,128,192,71552,51136,67648,0,0,0,182464,128,390,954,1449508503,3074116396,1204352,0
311,1676672,199168,130112,0,3776,9088,452544,374720,507264,487808,1188864,0,1344,447168,0,0,0,0,0,0,128,256,71296,50944,67136,0,0,0,184832,128,379,932,1136994927,852893815,1179776,0
312,1676928,117568,129536,0,4736,9408,570368,377856,467456,447808,1229120,0,1344,564928,0,0,0,0,0,0,128,256,71488,51328,70272,0,0,0,184256,128,395,956,610167850,1709486583,1219712,0
313,1677184,135680,130880,0,20288,9216,712448,398528,270144,250112,1427072,0,1344,707008,0,0,0,0,0,0,256,384,76032,51584,83392,0,0,0,186752,128,397,981,2538799301,1120229435,1417856,0
314,1676928,97600,130176,0,3776,9600,586624,416896,432256,412800,1264128,0,1408,581248,0,0,0,0,0,0,192,320,76800,51520,100864,0,0,0,187072,128,402,993,1074542330,2241008684,1254528,0
315,1676992,99136,129024,0,3840,9344,597248,372544,465856,446464,1230528,0,1344,592000,0,0,0,0,0,0,192,384,76352,51392,94720,0,0,0,149376,128,387,950,1802956635,1401075411,1221184,0
316,1677056,97280,130304,0,3840,30464,632768,410304,372096,352448,1324608,0,1408,627456,0,0,0,0,0,0,256,256,117504,51904,90176,0,0,0,150080,128,406,1024,3550501288,2027194980,1294144,0
317,1676800,158912,130496,0,3712,21824,621376,394624,345856,326464,1350336,0,1344,616000,0,0,0,0,0,0,192,320,104640,51648,85696,0,0,0,152000,128,511,1325,1260729930,3403368710,1328512,0
318,1676800,126528,131456,0,3840,9216,522816,385984,496960,472448,1204352,0,1344,517632,0,0,0,0,0,0,256,256,102784,52096,79744,0,0,0,150720,128,551,1397,4029959223,4168203331,1195136,0
319,1678720,134976,130048,0,11712,17920,605952,431424,346688,325440,1353280,0,1408,600640,0,0,0,0,0,0,256,384,102528,51968,81792,0,0,0,194368,128,566,1423,1321161338,3561268197,1335360,0
320,1676864,125888,130624,0,3968,17728,455680,433600,509376,487936,1188928,0,1344,450432,0,0,0,0,0,0,192,384,104704,51712,84096,0,0,0,192384,128,594,1470,1876827638,486756329,1171200,0
321,1676800,126656,129792,0,4032,19520,459328,433664,503808,482560,1194240,0,1344,453888,0,0,0,0,0,0,256,320,104192,51264,82368,0,0,0,195136,128,579,1442,4158224599,2112371431,1174720,0
322,1676864,147648,129024,0,3968,15360,541504,427968,411392,390080,1286784,0,1408,536000,0,0,0,0,0,0,192,320,103488,51968,76032,0,0,0,195840,128,563,1424,2778496878,1046321596,1271424,0
323,1677248,141568,132672,0,4032,20544,450368,419008,509056,487616,1189632,0,1408,444992,0,0,0,0,0,0,192,320,102976,51584,73664,0,0,0,190144,128,574,1440,2532692627,3781714668,1169088,0
324,1676800,126592,130944,0,4864,18240,429184,414976,552000,530304,1146496,0,1408,423808,0,0,0,0,0,0,256,256,102784,51968,65664,0,0,0,193920,128,601,1490,3265552550,3623051096,1128256,0
325,1677248,125504,130432,0,4032,18368,463040,379584,556288,535040,1142208,0,1408,457728,0,0,0,0,0,0,320,192,103360,51904,64768,0,0,0,158912,128,579,1428,2923055727,3652594314,1123840,0
326,1116480,127232,131072,0,4032,19968,434368,376640,23168,1856,1114624,0,1408,429120,0,0,0,0,0,0,256,256,103040,51648,64512,0,0,0,156800,128,563,1398,1170867971,2191302322,1094656,0
327,1677120,126208,130112,0,4096,39296,433344,362624,581440,559424,1117696,0,1408,428032,0,0,0,0,0,0,256,192,103488,51456,51968,0,0,0,155136,128,576,1424,2266370748,3814463339,1078400,0
328,1116864,126656,131648,0,3968,20224,413760,358848,61760,40128,1076736,0,1408,408384,0,0,0,0,0,0,192,256,101952,51136,48960,0,0,0,156224,128,570,1431,3846850224,4015339234,1056512,0
329,1676800,146368,130240,0,4032,19712,559424,361152,455872,434688,1242112,0,1408,553920,0,0,0,0,0,0,256,256,103424,51392,48768,0,0,0,156928,128,587,1450,2853425081,1512689960,1222400,0
330,1116928,127232,131136,0,6080,20288,430208,359104,42880,21376,1095552,0,1344,424896,0,0,0,0,0,0,192,320,101568,51840,48576,0,0,0,156480,128,582,1435,173236200,3362484401,1075264,0
331,1676864,126912,131456,0,5184,20288,495424,370624,526976,505792,1171072,0,1408,490112,0,0,0,0,0,0,192,256,102912,51712,57792,0,0,0,157632,128,589,1448,2849667154,3134948137,1150784,0
332,1117056,126144,130560,0,6400,20224,411776,371072,50880,28928,1088128,0,1344,406400,0,0,0,0,0,0,256,192,104320,51520,57088,0,0,0,157568,128,558,1398,885282892,3353712716,1067904,0
333,1116544,127296,130944,0,6912,20608,426432,369984,34368,13184,1103360,0,1344,421056,0,0,0,0,0,0,320,320,104064,51904,57344,0,0,0,155904,128,569,1419,1301571566,1628696256,1082752,0
334,1116992,126720,131520,0,3648,19584,410496,361664,63360,36416,1080576,0,1408,405120,0,0,0,0,0,0,128,256,103104,51584,48448,0,0,0,158016,128,579,1429,1384959310,1638516156,1060992,0
335,1116928,126208,130048,0,3712,19648,443840,361664,31808,10368,1106560,0,1344,438464,0,0,0,0,0,0,192,192,105472,51776,49152,0,0,0,154752,128,566,1402,523216517,560174572,1086912,0
336,1116864,127104,130752,0,3584,20288,372352,363328,99456,78016,1038848,0,1280,367040,0,0,0,0,0,0,192,256,104256,52288,49600,0,0,0,156608,128,592,1446,2057354116,2682079567,1018560,0
337,1116608,126784,130112,0,3648,19648,391168,362304,82944,61888,1054720,0,1344,385536,0,0,0,0,0,0,256,320,104704,52800,48640,0,0,0,155456,128,586,1432,3877381701,536639594,1035072,0
338,1116864,126976,130368,0,3648,19648,344832,361472,129920,108416,1008448,0,1408,339520,0,0,0,0,0,0,192,384,104192,52032,48512,0,0,0,156032,128,582,1431,1902348739,1124664718,988800,0
339,1116672,126080,130304,0,3648,19776,365184,365184,106496,85376,1031296,0,1280,359808,0,0,0,0,0,0,256,256,105344,52352,48448,0,0,0,158400,128,578,1436,3108784908,2886864315,1011520,0
340,1116800,125888,129920,0,3712,20160,363200,364800,109120,88256,1028544,0,1408,357952,0,0,0,0,0,0,192,256,104192,52672,49152,0,0,0,158208,128,579,1431,100171212,256750148,1008384,0
341,1116736,127360,129664,0,3648,41536,388032,363392,63104,41856,1074880,0,1280,382720,0,0,0,0,0,0,320,320,104448,51648,49280,0,0,0,157248,128,560,1396,953145936,1247630139,1033344,0
342,1120896,126976,129984,0,3712,20288,347072,362624,130240,104512,1016384,0,1344,341760,0,0,0,0,0,0,192,384,104000,52096,49280,0,0,0,156544,128,568,1401,1161640052,20319264,996096,0
343,1673088,188480,129792,0,4544,20096,781568,250176,298432,277184,1395904,0,1344,776192,0,0,0,0,0,0,128,128,128,50624,46976,0,0,0,152064,128,518,1257,588891582,683166278,1375808,0
344,1116800,126720,129856,0,3648,17728,359424,248768,230656,209216,907584,0,1408,354112,0,0,0,0,0,0,64,128,64,50432,47616,0,0,0,150336,128,521,1259,969342178,1305934061,889856,0
345,1116480,125888,130176,0,3648,18048,414656,247360,176704,155584,960896,0,1344,409216,0,0,0,0,0,0,128,64,128,50368,42944,0,0,0,153600,128,512,1245,2893039156,1536682601,942848,0
346,1116800,126720,128320,0,3712,20800,394496,236032,206720,185216,931584,0,1344,389120,0,0,0,0,0,0,64,128,64,51072,32896,0,0,0,151680,128,510,1249,704889733,4107517903,910784,0
347,1117120,157376,129344,0,3584,32960,452864,237504,103488,81792,1035328,0,1408,447616,0,0,0,0,0,0,64,64,128,50880,32960,0,0,0,153216,192,510,1250,2789259894,195349570,1002368,0
348,1116608,139136,129664,0,3712,20288,380608,241408,201792,180352,936256,0,1280,375296,0,0,0,0,0,0,128,128,128,51648,39744,0,0,0,149440,192,512,1258,2093578030,803150886,915968,0
349,1116672,126848,128576,0,3712,19648,419456,237760,180672,159552,957120,0,1408,414208,0,0,0,0,0,0,64,128,128,50560,35840,0,0,0,150912,128,510,1251,4235501135,1604842885,937472,0
350,1116800,126464,128704,0,3584,20032,440320,242880,154816,128384,988416,0,1408,434880,0,0,0,0,0,0,64,128,128,51392,38592,0,0,0,152448,128,511,1251,2932721661,1225795202,968384,0
351,1117056,145920,128832,0,10048,20544,498816,244416,68480,47040,1070016,0,1280,493440,0,0,0,0,0,0,64,64,128,50880,41152,0,0,0,152000,128,508,1237,2882795298,510739547,1049472,0
352,1116736,158656,129152,0,5888,20480,499968,255296,47296,25984,1090752,0,1280,494656,0,0,0,0,0,0,64,128,64,50368,50496,0,0,0,154048,128,510,1242,955415572,1244331946,1070272,0
353,1116864,124352,129984,0,5888,20544,349952,250304,235840,214272,902592,0,1344,344640,0,0,0,0,0,0,64,64,128,50624,46208,0,0,0,153088,128,504,1233,2112092716,1194493913,882048,0
354,1116480,150400,129856,0,5120,20096,378304,250944,181760,160448,956032,0,1408,372992,0,0,0,0,0,0,64,128,128,51008,47488,0,0,0,152000,128,503,1236,1890447484,1516231412,935936,0
355,1116736,144256,130048,0,3584,19904,451584,248448,118912,97856,1018880,0,1344,446336,0,0,0,0,0,0,64,128,128,50304,44928,0,0,0,152768,128,513,1241,2069410309,1003305486,998976,0
356,2237184,909120,130432,0,11840,54656,824640,270080,36416,15104,2222080,0,1344,819264,0,0,0,0,0,0,64,128,128,50304,63488,0,0,0,155840,128,515,1254,565767803,741617437,2167424,0
357,1677312,159424,133184,0,3712,32384,508480,264512,575616,554048,1123264,0,1408,503040,0,0,0,0,0,0,64,128,64,51392,58112,0,0,0,154624,128,514,1243,2741809626,3144408568,1090880,0
358,1116224,131584,130496,0,3776,32960,409984,251456,155968,134784,981440,0,1408,404608,0,0,0,0,0,0,64,448,128,50624,46528,0,0,0,153536,128,515,1241,2602484790,3357781991,948480,0
359,1117056,145856,130432,0,3712,20032,428096,253184,135744,114496,1002560,0,1344,422656,0,0,0,0,0,0,64,128,128,50752,48000,0,0,0,153984,128,517,1251,2947480083,1382499790,982528,0
360,1116672,146752,129856,0,3776,20352,484864,250240,80832,59584,1057088,0,1408,479488,0,0,0,0,0,0,64,64,128,50880,44032,0,0,0,154944,128,505,1226,1926460552,407028485,1036736,0
361,1677056,153152,129344,0,3712,20544,677952,251456,440896,419456,1257600,0,1344,672576,0,0,0,0,0,0,64,128,64,51008,45248,0,0,0,154816,128,518,1241,843410813,3769794070,1237056,0
362,1676992,143040,129920,0,3776,20608,550592,259072,569984,548352,1128640,0,1408,545280,0,0,0,0,0,0,128,128,64,53696,42176,0,0,0,162688,192,515,1230,936230458,996604239,1108032,0
363,1676928,141568,129792,0,7424,20864,618624,247040,511616,490240,1186688,0,1280,613312,0,0,0,0,0,0,64,64,128,50944,40896,0,0,0,154816,128,519,1239,4145285462,450990157,1165824,0
364,1116800,137536,130560,0,5184,20416,507904,243904,71296,50112,1066688,0,1408,502464,0,0,0,0,0,0,64,64,128,50560,39424,0,0,0,153536,128,523,1235,266805627,320772716,1046272,0
365,1116608,125888,131072,0,3456,20544,518016,232512,85120,63936,1052672,0,1408,512704,0,0,0,0,0,0,128,64,128,50624,28864,0,0,0,152576,128,517,1217,247970629,2698232690,1032128,0
366,1116608,126272,128640,0,3520,20416,500544,217088,120128,93632,1022976,0,1408,495168,0,0,0,0,0,0,64,128,64,50880,12416,0,0,0,153408,128,507,1206,2149765783,2542082103,1002560,0
367,1677184,186752,130432,0,3648,9408,713664,234752,398528,377152,1300032,0,1344,708224,0,0,0,0,0,0,128,192,4672,51840,30720,0,0,0,147072,128,503,1211,1514887402,1279010472,1290624,0
368,1115008,121792,129856,0,3904,9536,534144,243456,72320,53120,1061888,0,1344,528832,0,0,0,0,0,0,128,192,4672,51328,39808,0,0,0,147136,192,497,1205,1334955325,1608278320,1052352,0
369,1677184,122496,129984,0,3840,30464,604096,249472,536832,517056,1160128,0,1408,598720,0,0,0,0,0,0,192,256,4736,51520,45440,0,0,0,147136,192,505,1213,1238619943,2489116950,1129664,0
370,1118272,138368,130752,0,3904,17728,447936,259968,119616,98624,1019648,0,1408,442560,0,0,0,0,0,0,128,256,4672,51328,50368,0,0,0,153088,128,514,1238,3697002435,1119274021,1001920,0
371,1676992,126208,130368,0,3840,18176,738880,282176,377344,355776,1321216,0,1344,733632,0,0,0,0,0,0,192,192,32000,51072,43520,0,0,0,155072,128,522,1262,551180165,3682282028,1303040,0
372,1676800,125568,130048,0,6528,17984,550464,274752,571456,549952,1126848,0,1408,545024,0,0,0,0,0,0,128,256,32384,51008,36800,0,0,0,154048,128,511,1245,1628010709,1405886253,1108864,0
373,1676992,145408,129792,0,5376,17856,704576,280768,393216,371712,1305280,0,1408,699200,0,0,0,0,0,0,128,192,32000,51264,42624,0,0,0,154432,128,496,1228,3394208625,2404909548,1287424,0
374,1677120,136768,129984,0,5760,18176,570304,287424,528704,507136,1169984,0,1344,564864,0,0,0,0,0,0,256,256,32064,51520,45184,0,0,0,158016,128,463,1153,819252141,1774060632,1151808,0
375,1117184,122560,129664,0,4992,18048,543936,274880,23104,1600,1115584,0,1344,538624,0,0,0,0,0,0,128,192,32064,50944,38208,0,0,0,153216,128,461,1142,807506250,1004547960,1097536,0
376,1676416,138368,129728,0,3584,18688,572352,276416,537280,512768,1163648,0,1344,567104,0,0,0,0,0,0,192,256,32000,51008,38400,0,0,0,154432,128,469,1163,3228448321,151213789,1144960,0
377,1676992,161280,129920,0,3584,30912,723328,280576,347392,326016,1350976,0,1408,718080,0,0,0,0,0,0,128,128,31808,51072,38336,0,0,0,158976,128,440,1101,422152746,547257026,1320064,0
378,1116928,124480,130048,0,3584,18304,535104,277824,27584,6336,1110592,0,1408,529856,0,0,0,0,0,0,192,192,32512,51456,38848,0,0,0,154496,128,461,1164,1778078463,1362375555,1092288,0
379,1116608,137536,131712,0,3520,20288,458048,280448,85056,63872,1052736,0,1408,452608,0,0,0,0,0,0,128,256,31936,50752,38720,0,0,0,158528,128,495,1239,993702507,1853746429,1032448,0
380,1116864,122752,130112,0,4416,17920,460160,275968,105536,83904,1032960,0,1344,454784,0,0,0,0,0,0,128,192,31936,51328,38528,0,0,0,153728,128,496,1227,1962631655,1139726177,1015040,0
381,1116800,138240,130048,0,3648,39488,463296,276608,65472,43968,1072832,0,1344,457920,0,0,0,0,0,0,192,192,32320,51200,38976,0,0,0,153600,128,529,1295,1193750118,898687264,1033344,0
382,1116608,125184,129984,0,3584,18304,466880,268544,104128,77440,1039168,0,1408,461568,0,0,0,0,0,0,192,256,32000,50944,30208,0,0,0,154816,128,523,1279,250970922,2708673403,1020864,0
383,1116864,125440,129600,0,3584,17728,517952,267072,55488,34496,1082368,0,1408,512704,0,0,0,0,0,0,128,256,32064,51136,29760,0,0,0,153600,128,508,1243,683991939,155842193,1064640,0
384,1677312,143936,129984,0,3584,17792,725376,266944,389696,368000,1309312,0,1344,720000,0,0,0,0,0,0,128,128,32064,51200,30272,0,0,0,153024,128,514,1246,181100765,519087241,1291520,0
385,1676864,165376,129664,0,3520,18176,767680,271552,320896,299712,1377152,0,1344,762240,0,0,0,0,0,0,128,192,32064,51008,33728,0,0,0,154304,128,511,1253,2957136593,1434499414,1358976,0
386,1676864,147968,129536,0,3520,20288,720256,272704,382592,361280,1315584,0,1344,714944,0,0,0,0,0,0,192,256,32256,51328,33600,0,0,0,154944,128,525,1272,3131590165,120281301,1295296,0
387,1676992,129408,131136,0,13632,20544,804736,321536,256000,234368,1442624,0,1344,799296,0,0,0,0,0,0,192,256,33088,51264,41920,0,0,0,194688,128,556,1354,186344848,3307396656,1422080,0
388,1676992,197440,130688,0,14656,32832,825536,286848,188992,167488,1509504,0,1280,820160,0,0,0,0,0,0,64,128,64,50624,42432,0,0,0,193408,128,535,1307,2293671213,330792529,1476672,0
389,1116672,145664,129984,0,5120,19904,446848,282816,86336,65024,1051648,0,1344,441408,0,0,0,0,0,0,64,128,64,50624,39104,0,0,0,192640,192,539,1312,916845387,914870771,1031744,0
390,1116736,130496,130304,0,3648,32512,448192,279296,92288,71232,1045504,0,1344,442880,0,0,0,0,0,0,128,64,128,50624,38016,0,0,0,190208,128,534,1292,3693571331,2197868429,1012992,0
391,1676928,165376,130752,0,3776,31552,617728,294400,433344,412352,1264576,0,1280,612416,0,0,0,0,0,0,64,128,128,50240,48768,0,0,0,194944,128,527,1284,978242542,70787252,1233024,0
392,1116800,133312,129088,0,3712,17984,409344,291840,131520,110464,1006336,0,1344,403968,0,0,0,0,0,0,64,64,128,51072,48704,0,0,0,191680,128,532,1303,4124805666,3722397971,988352,0
393,1677184,203840,129280,0,11328,49728,649152,261440,372416,350912,1326272,0,1408,643840,0,0,0,0,0,0,128,64,128,50560,59008,0,0,0,151424,128,555,1294,971347343,1954341458,1276544,0
394,1676928,174080,129408,0,3968,28608,682304,266496,392064,370624,1306304,0,1408,676864,0,0,0,0,0,0,64,64,128,50944,62976,0,0,0,152192,128,572,1346,1508462731,3857258917,1277696,0
395,1116480,142848,130304,0,3968,16192,470400,263232,89536,68288,1048192,0,1344,464960,0,0,0,0,0,0,64,128,64,50688,60288,0,0,0,151872,128,473,1161,1905877559,490269573,1032000,0
396,1677184,145088,129920,0,4032,28992,606208,262336,500608,479360,1197824,0,1344,600960,0,0,0,0,0,0,64,64,128,50560,59136,0,0,0,152256,128,521,1263,1270773168,2782510674,1168832,0
397,1676992,164800,129728,0,4928,28736,848448,264384,235968,214784,1462208,0,1280,843072,0,0,0,0,0,0,64,128,64,50240,59584,0,0,0,154176,128,523,1271,956677782,2060553789,1433472,0
398,1676736,160448,130176,0,4032,15872,635328,263744,467136,440704,1236032,0,1344,629824,0,0,0,0,0,0,64,64,128,50816,59712,0,0,0,152832,128,445,1097,2025775328,1769948281,1220160,0
399,1677248,155328,129152,0,3968,29056,593664,260736,505344,483968,1193280,0,1344,588288,0,0,0,0,0,0,128,64,128,50624,58432,0,0,0,151232,128,536,1282,2890252775,1775190541,1164224,0
400,1677120,182848,129856,0,4352,29056,803392,271168,256448,235264,1441856,0,1408,798016,0,0,0,0,0,0,64,128,64,50304,66752,0,0,0,153728,128,539,1311,2878374397,1677183440,1412800,0
401,1116736,145152,128832,0,4352,15872,415744,268544,138240,116736,1000000,0,1408,410560,0,0,0,0,0,0,64,64,128,50752,64896,0,0,0,152512,128,495,1204,3701975506,2865162615,984128,0
402,1116672,155008,129472,0,4288,29056,480256,267968,50624,29760,1086912,0,1344,474816,0,0,0,0,0,0,64,128,128,50752,64448,0,0,0,152256,192,569,1340,428751897,1372975507,1057856,0
403,1676864,162048,129792,0,6592,29120,663168,276224,409920,388544,1288320,0,1344,657792,0,0,0,0,0,0,64,64,128,50816,70976,0,0,0,154048,128,561,1331,4135639415,3069520763,1259200,0
404,1116928,140352,130752,0,5440,15680,475520,273024,76160,54976,1061952,0,1344,470016,0,0,0,0,0,0,128,128,64,50432,69824,0,0,0,152320,128,553,1321,1360633161,2601086148,1046272,0
405,1676992,139712,129088,0,4224,50880,618688,274176,460224,438400,1238592,0,1408,613312,0,0,0,0,0,0,128,128,128,50752,70400,0,0,0,152512,128,574,1348,37852962,132858512,1187712,0
406,1676992,149952,129920,0,4096,15936,852352,266944,257792,236032,1440960,0,1344,847040,0,0,0,0,0,0,128,64,128,50624,63296,0,0,0,152576,128,564,1332,886447640,170662799,1425024,0
407,2237056,172480,130624,0,4224,29696,1051392,270784,577856,556288,1680768,0,1344,1046080,0,0,0,0,0,0,64,128,64,50624,67008,0,0,0,152768,128,557,1319,4051193274,2156222041,1651072,0
408,1677056,352576,129280,0,10944,29376,639616,263232,252032,230400,1446656,0,1408,634176,0,0,0,0,0,0,128,64,128,50880,60672,0,0,0,151232,128,558,1314,2543324985,1444372685,1417280,0
409,1116672,139520,130304,0,4480,29056,487808,251136,74368,50624,1066048,0,1280,482368,0,0,0,0,0,0,64,128,128,50560,49024,0,0,0,151104,128,546,1290,1380591302,935259429,1036992,0
410,1677056,162240,129792,0,4608,29760,793280,264320,293056,271680,1405376,0,1344,787968,0,0,0,0,0,0,64,128,128,50560,60736,0,0,0,152576,128,556,1316,2037865165,1088714674,1375616,0
411,1677056,139584,129920,0,6912,16768,584064,256448,543360,522112,1154944,0,1408,578688,0,0,0,0,0,0,64,64,128,50624,54656,0,0,0,150784,128,553,1310,3960460054,4117296497,1138176,0
412,1116864,140736,129536,0,6784,28544,515008,252416,43840,22272,1094592,0,1408,509696,0,0,0,0,0,0,64,128,128,50560,48960,0,0,0,152448,128,567,1321,2577324297,2587672540,1066048,0
413,1676992,156608,130304,0,4416,16000,668352,257216,444096,422784,1254208,0,1408,663104,0,0,0,0,0,0,128,64,128,51008,49664,0,0,0,156032,192,554,1300,3439862649,4291168954,1238208,0
414,1676992,151104,128896,0,7616,18048,649344,255872,466112,439232,1237760,0,1344,643712,0,0,0,0,0,0,128,128,64,50816,51008,0,0,0,153600,128,539,1279,1717214782,1958198328,1219712,0
415,1676928,163392,128832,0,5632,18368,727808,253120,379776,358784,1318144,0,1408,722432,0,0,0,0,0,0,128,64,128,50560,50176,0,0,0,151936,128,546,1282,2217911051,3547220079,1299776,0
416,1676992,131712,128960,0,6656,39872,709440,233856,426496,404992,1272000,0,1408,704000,0,0,0,0,0,0,128,128,64,50624,30592,0,0,0,152192,128,552,1285,2306323415,1285715991,1232128,0
417,1677568,169024,128832,0,5568,30720,751168,273856,318400,296384,1381184,0,1344,745728,0,0,0,0,0,0,128,256,35264,51776,29760,0,0,0,156544,128,557,1293,2738443326,491368025,1350464,0
418,1116160,132480,129408,0,4224,30848,403968,267712,147520,126336,989824,0,1408,398528,0,0,0,0,0,0,192,192,35200,51456,26688,0,0,0,153856,128,547,1262,1554298732,1736558786,958976,0
419,1677120,324032,129472,0,12544,31360,518592,292096,369024,347648,1329472,0,1408,513216,0,0,0,0,0,0,320,192,67008,51968,14976,0,0,0,157504,128,552,1273,3394941477,3073272008,1298112,0
420,1116928,132032,128960,0,6848,18240,501888,291648,37312,15744,1101184,0,1344,496576,0,0,0,0,0,0,192,320,66688,52096,15424,0,0,0,156736,192,549,1262,1601763478,3561800014,1082944,0
421,1676672,159616,128704,0,4224,18176,676032,291520,398400,377280,1299392,0,1344,670720,0,0,0,0,0,0,128,384,66560,51584,15104,0,0,0,157632,128,545,1252,3945790294,1542613201,1281216,0
422,1677120,141056,128832,0,6592,18816,669696,291840,420288,399104,1278016,0,1280,664256,0,0,0,0,0,0,256,192,67072,52160,14464,0,0,0,157568,128,544,1245,1770898674,203687180,1259200,0
423,1677120,130176,128768,0,6784,18560,675840,291648,425344,403520,1273600,0,1408,670464,0,0,0,0,0,0,192,256,66752,51328,14912,0,0,0,158080,128,526,1223,2679004310,3478080589,1255040,0
424,1676928,130560,128704,0,4096,17792,676608,256512,462656,441344,1235584,0,1344,671296,0,0,0,0,0,0,128,256,35072,51072,14720,0,0,0,155072,192,517,1190,3290804905,916658624,1217792,0
425,1677056,132288,129472,0,6400,18496,739584,290304,360512,338880,1338176,0,1408,734208,0,0,0,0,0,0,256,384,67008,51904,13888,0,0,0,156736,128,541,1241,4095702483,509424887,1319680,0
426,1676992,131200,129344,0,6656,18176,659520,254336,477760,453760,1223232,0,1408,654208,0,0,0,0,0,0,192,192,35200,51264,13696,0,0,0,153664,128,530,1212,1506409561,1428706665,1205056,0
427,1676864,131200,129600,0,3968,40128,665280,290496,416192,394688,1282176,0,1344,659904,0,0,0,0,0,0,256,320,67200,52032,14080,0,0,0,156480,128,545,1261,1639554293,1991746542,1242048,0
428,1676672,152448,129344,0,6336,18112,704512,267200,398720,377280,1299392,0,1408,699200,0,0,0,0,0,0,256,192,35136,51456,25472,0,0,0,154560,128,538,1252,4182866486,2037893171,1281280,0
429,1676864,153216,129152,0,7936,20096,789952,302976,273536,252096,1424768,0,1408,784576,0,0,0,0,0,0,256,320,67520,51776,25536,0,0,0,157440,128,560,1298,3836652133,673774793,1404672,0
430,1677056,146944,129792,0,5248,20096,556480,267904,550592,523840,1153216,0,1408,551232,0,0,0,0,0,0,192,128,35328,51200,25216,0,0,0,155712,128,558,1279,642066802,167455398,1133120,0
431,1677120,146112,128576,0,6464,20480,567552,304384,503552,481600,1195520,0,1408,562240,0,0,0,0,0,0,320,320,67648,51520,25216,0,0,0,159232,128,557,1307,2940918426,3694806586,1175040,0
432,1676864,164608,129024,0,6976,20672,683776,269056,402752,381056,1295808,0,1408,678400,0,0,0,0,0,0,128,192,35264,51136,25536,0,0,0,156672,128,552,1286,1012933777,3939947016,1275136,0
433,1676928,145792,129024,0,4864,21056,537408,303936,534848,513664,1163264,0,1920,531456,0,0,0,0,0,0,256,320,66752,51584,25472,0,0,0,159424,128,555,1297,957135728,1490534842,1142208,0
434,1676800,145472,129280,0,4544,20672,597504,269056,510272,488896,1187904,0,1280,592000,0,0,0,0,0,0,128,256,35456,50816,25280,0,0,0,156992,128,551,1283,267440467,2600107668,1167232,0
435,1676928,145472,129344,0,5888,20288,565696,305152,505088,483648,1193280,0,1344,560320,0,0,0,0,0,0,192,256,67008,51520,25024,0,0,0,161024,128,576,1335,1310020600,830962032,1172992,0
436,1676928,177664,129728,0,9216,20608,667328,265280,407104,385856,1291072,0,1344,661952,0,0,0,0,0,0,128,256,35200,51200,22656,0,0,0,155712,128,558,1307,3743128863,3131928085,1270464,0
437,1676800,146304,130048,0,5504,55040,592512,308416,438976,417728,1259072,0,1408,587136,0,0,0,0,0,0,192,320,67136,52352,29888,0,0,0,158400,128,574,1340,1557602973,2553710468,1204032,0
438,1116928,145728,130752,0,4032,20416,461696,272448,81856,60416,1056512,0,1408,456384,0,0,0,0,0,0,192,256,35328,51136,29696,0,0,0,155712,128,562,1298,257130948,615480041,1036096,0
439,1676928,171456,129152,0,2112,20224,551616,309184,493184,472000,1204928,0,1408,546304,0,0,0,0,0,0,320,256,67392,51456,29376,0,0,0,160256,128,572,1326,1241735958,2565576225,1184704,0
440,1116736,145664,129984,0,2112,20352,448128,308672,61824,40512,1076224,0,1344,442688,0,0,0,0,0,0,192,256,67584,51776,29632,0,0,0,159104,128,572,1328,139419851,872146344,1055872,0
441,1116928,145664,129472,0,2048,19840,448384,308480,63040,41792,1075136,0,1344,443072,0,0,0,0,0,0,256,256,66816,51520,29504,0,0,0,159936,192,572,1335,4059875739,208592044,1055296,0
442,1676928,196224,130176,0,2112,20672,554688,309440,463616,442112,1234816,0,1408,549248,0,0,0,0,0,0,192,256,68480,51904,29824,0,0,0,158656,128,574,1327,3596535156,3720797903,1214144,0
443,1676864,165312,132608,0,9920,20352,665472,307968,375232,353856,1323008,0,1344,660160,0,0,0,0,0,0,256,384,66880,51648,30400,0,0,0,158272,128,576,1336,1765254783,3687039454,1302656,0
444,1677120,153024,130304,0,10624,21056,602688,311872,447552,425984,1251136,0,1344,597312,0,0,0,0,0,0,256,256,67392,51968,33536,0,0,0,158336,128,575,1336,551967630,3550747021,1230080,0
445,1116800,131840,130304,0,6720,20736,481600,314880,30720,9088,1107712,0,1408,476352,0,0,0,0,0,0,256,256,66496,51520,38272,0,0,0,157952,128,572,1336,2861592768,2408745911,1086976,0
446,2797312,1012672,130304,0,11392,20096,884928,407872,330048,303424,2493888,0,1408,879552,0,0,0,0,0,0,192,448,150784,52800,38272,0,0,0,165184,192,562,1325,2240926658,185544585,2473792,0
447,2236992,855168,130560,0,3520,20480,457600,372288,397376,376384,1860608,0,1280,452224,0,0,0,0,0,0,256,320,122368,52096,38656,0,0,0,158464,128,563,1308,533112786,3741571046,1840128,0
448,1677312,142464,130560,0,4736,42240,450624,370176,536512,514688,1162624,0,1408,445312,0,0,0,0,0,0,256,256,119808,52224,39232,0,0,0,158272,128,561,1307,1636172781,3307870401,1120384,0
449,1116672,123392,129152,0,6272,20224,464512,331392,41728,20352,1096320,0,1408,459264,0,0,0,0,0,0,128,192,86208,51392,38720,0,0,0,154624,128,561,1299,2822088922,3508251890,1076096,0
450,1676672,122432,130688,0,4416,20864,488960,330432,578880,557568,1119104,0,1344,483520,0,0,0,0,0,0,128,192,85760,50816,38336,0,0,0,155072,128,569,1304,1501608647,2752594915,1098240,0
451,1677440,159360,130560,0,2048,19712,662336,335552,367872,346368,1331072,0,1344,656896,0,0,0,0,0,0,192,256,86400,51008,42880,0,0,0,154688,128,573,1320,4203836988,4013600832,1311360,0
452,1116544,137664,130496,0,2112,20352,482048,242432,101440,80320,1036224,0,1408,476608,0,0,0,0,0,0,64,128,64,50432,39168,0,0,0,152448,128,569,1309,1737762163,1751365869,1015872,0
453,1676928,204160,129984,0,2112,20096,552128,238848,529600,508672,1168256,0,1344,546816,0,0,0,0,0,0,64,128,128,50944,33024,0,0,0,154368,192,560,1297,2171864450,333182852,1148160,0
454,1116800,154560,130432,0,2048,20288,531712,248704,29056,7104,1109696,0,1408,526400,0,0,0,0,0,0,64,64,128,51200,43456,0,0,0,153664,128,563,1294,758408651,207237791,1089408,0
455,1676800,240192,129152,0,11904,9984,496128,314496,474944,449280,1227520,0,1344,490816,0,0,0,0,0,0,63296,192,320,51648,49216,0,0,0,149696,128,553,1285,4212422395,2710787304,1217536,0
456,1675392,154688,130816,0,3712,9984,518016,320128,538048,513856,1161536,0,1344,512640,0,0,0,0,0,0,63296,256,320,51136,54720,0,0,0,150272,128,545,1266,1957167012,3291017739,1151552,0
457,1117056,137408,130496,0,3712,9600,496896,308096,30848,6592,1110464,0,1408,491648,0,0,0,0,0,0,61184,192,320,51584,46656,0,0,0,148032,128,550,1291,2916832307,2158342340,1100864,0
458,1676800,136768,130880,0,3584,9920,522624,310080,562944,538752,1138048,0,1408,517312,0,0,0,0,0,0,61824,256,256,51648,46720,0,0,0,149248,128,543,1256,3897772464,3111823371,1128128,0
459,1116800,120960,129792,0,5888,9920,519936,300352,29952,5888,1110912,0,1280,514560,0,0,0,0,0,0,61184,256,256,51648,38848,0,0,0,148032,128,533,1244,3662845304,266637718,1100992,0
460,1677312,165760,133568,0,12672,44864,806976,342336,171136,146432,1530880,0,1408,801664,0,0,0,0,0,0,61760,192,256,50816,35200,0,0,0,193984,128,550,1282,3725137190,1882501288,1486016,0
461,1676672,238400,130176,0,4544,23040,537536,338752,404224,380160,1296512,0,1408,532096,0,0,0,0,0,0,61760,256,256,51584,35392,0,0,0,189376,128,559,1299,1608930567,1838576847,1273472,0
462,1117120,134272,130880,0,3776,22784,457344,336960,31104,1600,1115520,0,1344,451968,0,0,0,0,0,0,61312,256,192,51200,35392,0,0,0,188480,128,566,1310,217462549,2138395394,1092736,0
463,1116736,134912,129856,0,3712,9792,466624,346176,25664,1600,1115136,0,1408,461312,0,0,0,0,0,0,61504,192,320,51904,43456,0,0,0,188672,128,578,1340,2926389185,2536604125,1105344,0
464,1676672,180480,130496,0,18560,10176,750144,433152,153664,129024,1547648,0,1280,744832,0,0,0,0,0,0,105920,384,384,52288,46208,0,0,0,227840,128,581,1362,1801880921,572650308,1537472,0
465,1677056,180928,130176,0,11648,10432,747072,453056,143744,119360,1557696,0,1344,741760,0,0,0,0,0,0,103552,384,512,51968,37120,0,0,0,259392,128,577,1358,3034802834,2821469155,1547264,0
466,1676928,157248,130368,0,4096,10368,672448,400832,301568,277568,1399360,0,1408,667072,0,0,0,0,0,0,103744,256,448,51648,34752,0,0,0,209856,128,563,1322,1536209343,2909701149,1388992,0
467,1676928,135424,131328,0,6272,23872,637696,396928,345408,320704,1356224,0,1408,632384,0,0,0,0,0,0,104960,384,448,51968,27712,0,0,0,211328,128,555,1295,1286495811,3398903538,1332352,0
468,1676992,135104,131264,0,5312,10304,672704,434240,288064,263808,1413184,0,1280,667328,0,0,0,0,0,0,106304,384,448,52160,28224,0,0,0,246528,192,573,1348,3720783651,4208365502,1402880,0
469,1676864,135296,130112,0,6144,10880,652864,413888,327680,303488,1373376,0,1408,647552,0,0,0,0,0,0,104064,384,512,51904,13376,0,0,0,243520,128,567,1336,674189997,3668969391,1362496,0
470,1677056,136640,130560,0,7040,10176,785856,379072,227712,203264,1473792,0,1280,780480,0,0,0,0,0,0,103936,448,448,51840,12672,0,0,0,209600,128,551,1284,3438167581,3344407779,1463616,0
471,1676928,136384,129024,0,5184,31552,769536,382272,222976,198528,1478400,0,1408,764096,0,0,0,0,0,0,106816,320,448,51712,13056,0,0,0,209792,128,547,1276,3753159763,172818086,1446848,0
472,2236864,157568,129856,0,12160,23872,1092288,431424,389696,365504,1871360,0,1280,1086976,0,0,0,0,0,0,106432,448,448,52288,29568,0,0,0,242112,128,584,1347,3235966680,2689135893,1847488,0
473,1676928,149376,130304,0,4032,23936,791040,423872,154368,130112,1546816,0,1408,785408,0,0,0,0,0,0,104256,384,448,51648,28288,0,0,0,238720,128,585,1355,1290479569,2124893110,1522880,0
474,1676928,134848,130112,0,5312,23744,781312,390272,211328,187200,1489728,0,1344,775872,0,0,0,0,0,0,104640,448,448,51840,28224,0,0,0,204480,192,567,1304,520539754,3242440780,1465984,0
475,1677248,155776,133888,0,13696,10176,768704,381184,213824,188992,1488256,0,1408,763264,0,0,0,0,0,0,104384,320,448,52288,28608,0,0,0,195008,128,561,1289,2145133127,3614203159,1478080,0
476,1676992,143616,129600,0,4736,9984,557440,409280,422336,397888,1279104,0,1408,552064,0,0,0,0,0,0,106688,448,448,52160,22912,0,0,0,226496,128,579,1348,2183936712,2205059437,1269120,0
477,1677248,131328,132352,0,6080,10304,571776,406272,419136,394304,1282944,0,1408,566336,0,0,0,0,0,0,104384,256,448,51840,23040,0,0,0,226176,128,574,1346,294033612,2528457709,1272640,0
478,1676224,131264,129856,0,5184,9984,561728,371712,466496,436928,1239296,0,1408,556288,0,0,0,0,0,0,104896,320,448,51840,22784,0,0,0,191296,128,546,1277,3652655337,3652099988,1229312,0
479,1677056,132416,131136,0,5952,10368,505472,371584,520128,495552,1181504,0,1408,500160,0,0,0,0,0,0,103616,320,512,51712,22976,0,0,0,192320,128,546,1277,1597557943,1528604453,1171136,0
480,1676992,133248,129600,0,4992,10304,524352,410432,464064,439808,1237184,0,1344,518784,0,0,0,0,0,0,106816,320,512,52224,23168,0,0,0,227264,128,568,1326,871650324,2299233095,1226880,0
481,1677056,192704,130560,0,3584,31936,569536,401856,346880,322176,1354880,0,1408,564224,0,0,0,0,0,0,108352,384,448,52416,13632,0,0,0,226496,128,563,1312,513427312,3268593825,1322944,0
482,1676672,131968,129664,0,3584,10048,534400,362368,504640,480256,1196416,0,1472,528640,0,0,0,0,0,0,105408,384,512,52352,13632,0,0,0,189952,128,547,1259,3660382359,4144936004,1186368,0
483,1676928,150720,130624,0,3584,9856,650688,360960,370496,346304,1330624,0,1344,645312,0,0,0,0,0,0,104192,320,448,51776,13824,0,0,0,190272,128,547,1257,3462009755,3132024256,1320768,0
484,1676736,166144,129856,0,3584,10240,557888,398976,410048,385984,1290752,0,1408,552512,0,0,0,0,0,0,107136,384,512,51712,13952,0,0,0,225152,128,562,1306,2547146116,2771134698,1280512,0
485,1677120,131264,129792,0,5952,10112,563584,397952,438464,414464,1262656,0,1408,558208,0,0,0,0,0,0,104960,384,448,52160,13696,0,0,0,226112,192,561,1303,3402059591,3776981332,1252544,0
486,1677056,131008,130688,0,6656,10304,561216,361984,475200,451008,1226048,0,1344,555840,0,0,0,0,0,0,105472,384,384,51776,13632,0,0,0,190144,192,545,1255,2531740845,2788025024,1215744,0
487,1676864,131648,129600,0,5888,10048,523648,360896,515136,490240,1186624,0,1280,518208,0,0,0,0,0,0,105216,384,512,51776,14016,0,0,0,188864,128,542,1248,86627061,517575665,1176576,0
488,1676992,131776,130432,0,2048,10368,610496,399936,391936,367808,1309184,0,1408,605120,0,0,0,0,0,0,105984,384,448,52224,13568,0,0,0,227200,128,561,1303,1594053732,1728830901,1298816,0
489,1677056,131904,129984,0,2048,10112,587008,397376,418624,394496,1282560,0,1344,581696,0,0,0,0,0,0,105664,320,448,51904,13568,0,0,0,225344,128,561,1303,2214233979,3819825512,1272448,0
490,1677184,131200,134080,0,2112,10432,558912,370624,469824,445888,1231296,0,1344,553600,0,0,0,0,0,0,111232,512,320,52224,13696,0,0,0,192448,192,547,1262,2318522204,3564790792,1220864,0
491,1676992,131648,131008,0,2880,10304,526656,363392,511104,486848,1190144,0,1344,521280,0,0,0,0,0,0,104320,320,448,51840,13440,0,0,0,192896,128,549,1268,1205796984,1911289009,1179840,0
492,1677184,131968,130240,0,12416,35840,558336,371520,436864,408704,1268480,0,1408,553088,0,0,0,0,0,0,78528,320,448,51968,13696,0,0,0,226432,128,564,1317,1892578307,723814382,1232640,0
493,1676672,132224,130880,0,3520,10176,523072,368448,508352,484288,1192384,0,1408,517824,0,0,0,0,0,0,76928,320,512,51776,13696,0,0,0,225088,128,562,1313,185171157,3137256267,1182208,0
494,1676928,153152,129728,0,3456,9984,684416,299200,396992,367552,1309376,0,1408,678912,0,0,0,0,0,0,32832,320,256,51200,23296,0,0,0,191168,128,559,1285,3490844098,400412507,1299392,0
495,1116672,134528,130048,0,3584,9600,485568,296512,56832,32704,1083968,0,1408,480320,0,0,0,0,0,0,33152,256,256,51136,22208,0,0,0,189376,128,553,1282,3252771169,3126858809,1074368,0
496,1116864,145280,131264,0,3520,9600,491648,293952,41600,17280,1099584,0,1344,486400,0,0,0,0,0,0,32640,256,320,50880,21632,0,0,0,188096,128,551,1282,3260422786,354372724,1089984,0
497,1677120,184768,130368,0,3392,23104,744064,288704,302720,278336,1398784,0,1280,738688,0,0,0,0,0,0,32960,256,256,51328,13568,0,0,0,190208,128,547,1279,3116141845,615705596,1375680,0
498,1116864,135104,130752,0,3456,9664,451008,246208,140672,116352,1000512,0,1280,445568,0,0,0,0,0,0,32896,256,256,51008,13568,0,0,0,148096,128,530,1222,3381783650,662724825,990848,0
499,1676928,221760,130240,0,10304,9984,764032,321024,219584,195200,1481728,0,1280,758592,0,0,0,0,0,0,33664,192,256,51904,43264,0,0,0,191616,128,558,1290,2923058213,3961233006,1471744,0
500,1116864,135552,130624,0,3712,9920,458176,315776,63104,39168,1077696,0,1344,452864,0,0,0,0,0,0,32512,320,320,51520,42752,0,0,0,188224,128,543,1255,4177347454,2274180587,1067776,0
501,1116672,135168,131136,0,3648,9856,443712,315520,77632,53440,1063232,0,1344,438272,0,0,0,0,0,0,32384,256,256,51456,42432,0,0,0,188608,128,539,1259,3109555825,2614238850,1053376,0
502,1677056,184064,130304,0,3712,9856,536256,309696,503168,479040,1198016,0,1344,530240,0,0,0,0,0,0,32768,256,256,51520,36352,0,0,0,188416,128,527,1231,2168066210,568455269,1188160,0
503,2237248,593024,128704,0,5952,9856,612160,318912,568640,544256,1692992,0,1344,606976,0,0,0,0,0,0,32768,256,256,51712,44096,0,0,0,189696,128,530,1225,717369270,2810695108,1683136,0
504,1677120,137600,129664,0,10112,32384,524032,322624,520704,492608,1184512,0,1408,518592,0,0,0,0,0,0,32384,192,320,51072,49152,0,0,0,189376,128,547,1263,2402468116,1875159968,1152128,0
505,1676736,149504,129984,0,4736,10368,517504,285504,579136,554880,1121856,0,1344,512128,0,0,0,0,0,0,33152,256,320,51456,49152,0,0,0,151040,128,527,1214,3038855475,1235031261,1111488,0
506,1116736,148608,130240,0,5888,9984,493376,283008,45632,21440,1095296,0,1408,488064,0,0,0,0,0,0,32832,192,320,51328,48256,0,0,0,149952,128,532,1238,79340169,1622194952,1085312,0
507,1677056,155968,129792,0,7424,9920,670528,284096,419328,394688,1282368,0,1408,665280,0,0,0,0,0,0,32768,256,320,51328,47744,0,0,0,151552,128,536,1234,3717477465,3805191285,1272448,0
508,1116416,148992,131200,0,4032,9920,506304,270272,45696,21568,1094848,0,1344,500928,0,0,0,0,0,0,32832,192,256,51584,35520,0,0,0,149696,192,525,1204,3760968162,3946280684,1084928,4
509,1676928,167296,129216,0,10944,10112,682048,288704,388608,364544,1312384,0,1344,676544,0,0,0,0,0,0,32960,256,320,51584,51712,0,0,0,151744,128,526,1232,1075002608,3821663203,1302272,0
510,1677248,149248,130368,0,3776,9984,581824,295808,506240,476992,1200256,0,1344,576512,0,0,0,0,0,0,32832,192,320,51456,60928,0,0,0,149888,192,530,1248,2934411789,180430103,1190272,0
511,1676992,148544,128384,0,5888,10112,556928,293696,533440,509120,1167872,0,1344,551616,0,0,0,0,0,0,32960,256,256,51264,56384,0,0,0,152448,128,506,1201,4169539188,4264218500,1157760,0
512,1676736,195712,129216,0,12928,9920,687168,281856,359936,335936,1340800,0,1344,681728,0,0,0,0,0,0,32960,256,256,51520,47936,0,0,0,148800,128,483,1168,4134001138,1291214029,1330880,0
513,1677184,161280,129984,0,3648,31232,579776,278336,492928,468608,1208576,0,1408,574336,0,0,0,0,0,0,32448,256,320,51840,44032,0,0,0,149312,128,472,1131,3133354901,892733740,1177344,0
514,1678400,160448,129664,0,3712,18688,554112,281664,530112,503872,1174528,0,1408,548736,0,0,0,0,0,0,32768,192,320,51392,40320,0,0,0,156544,128,464,1111,940601166,2316034073,1155840,0
515,1676928,312128,130048,0,3648,18496,749632,291776,171200,145152,1531776,0,1344,744256,0,0,0,0,0,0,34176,256,320,51520,49216,0,0,0,156160,128,481,1147,631913726,1905838190,1513280,0
516,1677184,161024,129408,0,10432,19072,708992,487744,160512,134080,1543104,0,1280,703488,0,0,0,0,0,0,33536,320,90944,52352,57664,0,0,0,252800,128,483,1158,2576144542,1726697414,1524032,0
517,1676736,149376,130944,0,4992,19264,556544,477568,338048,312064,1364672,0,1408,551232,0,0,0,0,0,0,34048,320,90688,51968,52864,0,0,0,247552,128,478,1157,989696861,3124377511,1345408,0
518,1677120,159872,130112,0,7104,19328,555776,461120,343808,317824,1359296,0,1344,550400,0,0,0,0,0,0,32896,256,91264,51776,35904,0,0,0,248832,192,467,1137,716118386,2216790423,1339968,0
519,1677056,160448,130496,0,7168,19392,552256,460224,347072,320640,1356416,0,1344,546880,0,0,0,0,0,0,33472,320,90496,51904,36992,0,0,0,246912,128,474,1136,2986231087,402771132,1337024,0
520,1676800,148160,130240,0,3520,19392,546624,369728,459136,432896,1243904,0,1408,541248,0,0,0,0,0,0,33152,320,192,51264,39552,0,0,0,245120,128,481,1142,3287983448,3408191652,1224512,0
521,1676992,159168,130432,0,3456,18816,510272,366976,487872,462016,1214976,0,1344,504960,0,0,0,0,0,0,33024,256,256,51264,38336,0,0,0,243648,192,477,1130,2389310080,903792184,1196160,0
522,1676992,179392,130880,0,4480,19200,642496,400640,299904,274048,1402944,0,1344,637184,0,0,0,0,0,0,32448,256,320,51200,39360,0,0,0,276928,128,483,1160,3232424167,1581850750,1383744,0
523,1676992,158144,129984,0,4864,41088,616192,376960,349760,323712,1353280,0,1344,610816,0,0,0,0,0,0,32320,192,320,51456,28992,0,0,0,263552,128,466,1116,1004419154,2470030045,1312192,0
524,1677120,170048,131072,0,5824,19456,667520,359488,323712,297600,1379520,0,1408,662080,0,0,0,0,0,0,32512,256,320,51200,13440,0,0,0,261632,128,475,1139,2351233486,2466661212,1360064,0
525,1676736,150272,130496,0,6592,19328,509760,370816,489472,463616,1213120,0,1280,504384,0,0,0,0,0,0,32832,192,384,51904,22720,0,0,0,262656,128,483,1152,1452471286,3013052695,1193792,0
526,1677056,154432,131776,0,4160,19328,469824,350848,546688,515712,1161344,0,1408,464448,0,0,0,0,0,0,32768,256,256,51520,22272,0,0,0,243648,128,478,1151,1310750850,1409721104,1142016,0
527,1676992,168512,130048,0,2048,32704,553408,352576,437696,411776,1265216,0,1408,547904,0,0,0,0,0,0,33152,256,256,51008,22464,0,0,0,245312,128,498,1186,4107659268,2724288966,1232512,0
528,1677056,148608,131520,0,2112,19648,472960,355968,546240,520384,1156672,0,1408,467584,0,0,0,0,0,0,33024,256,256,51328,23744,0,0,0,247168,192,491,1181,2190262594,797522213,1137024,0
529,2237056,263360,129280,0,21760,32000,1314944,303616,172096,146368,2090688,0,1280,1309632,0,0,0,0,0,0,33664,192,256,50944,54016,0,0,0,164416,128,512,1219,1367574474,911555071,2058688,0
530,1676928,150336,129152,0,3904,32512,590400,301056,469568,443712,1233216,0,1344,585024,0,0,0,0,0,0,32896,192,320,51072,53312,0,0,0,163136,128,549,1295,2970989768,3352730315,1200704,0
531,1677248,163200,130560,0,12288,32576,735680,316864,286080,259584,1417664,0,1344,730176,0,0,0,0,0,0,32832,256,320,51328,67008,0,0,0,164992,128,565,1311,326922286,279494466,1385088,0
532,1676864,138944,130432,0,3840,19200,588096,312000,484352,458112,1218752,0,1344,582848,0,0,0,0,0,0,32960,256,320,51200,69312,0,0,0,157824,128,567,1342,3770295311,2286735271,1199552,0
533,1676992,158464,129536,0,3904,42368,629888,318208,394624,368640,1308352,0,1344,624448,0,0,0,0,0,0,33600,128,320,51520,75520,0,0,0,156992,128,569,1333,4054590170,3263691989,1265984,0
534,1676800,150208,130688,0,3776,20416,608064,282112,481536,455488,1221312,0,1344,602752,0,0,0,0,0,0,64,128,64,50752,75840,0,0,0,155136,128,575,1336,465511280,2985500594,1200896,0
535,1677248,137984,129280,0,3712,20416,594944,283840,507072,485632,1191616,0,1344,589504,0,0,0,0,0,0,64,128,128,50496,79104,0,0,0,153792,128,584,1350,25086442,2742671260,1171200,0
536,1676736,148928,129792,0,3776,20608,583936,284416,505280,484416,1192320,0,1344,578624,0,0,0,0,0,0,128,128,128,50496,79488,0,0,0,153856,192,581,1350,2323235527,2682486422,1171712,0
537,1677568,149952,130112,0,4608,20672,616704,288576,466944,444928,1232640,0,1344,611328,0,0,0,0,0,0,64,128,128,50624,82496,0,0,0,155008,128,579,1344,1385060083,2605482310,1211968,0
538,1676224,136896,129920,0,4864,20992,574976,286144,522432,501440,1174784,0,1408,569792,0,0,0,0,0,0,128,128,128,50816,80192,0,0,0,154624,128,581,1345,2496950133,569593032,1153792,0
539,1677184,150592,129920,0,6080,21248,595584,281792,491968,470336,1206848,0,1280,590208,0,0,0,0,0,0,128,128,128,50496,76992,0,0,0,153792,128,581,1344,3979660893,1292416604,1185600,0
540,1677184,150080,130496,0,6720,20160,585856,277952,505920,484608,1192576,0,1344,580480,0,0,0,0,0,0,64,128,128,50560,74368,0,0,0,152576,128,577,1332,1010228715,2572594720,1172416,0
541,1676800,137280,129600,0,4992,20608,598336,272000,513984,492928,1183872,0,1408,592960,0,0,0,0,0,0,64,64,128,50624,67456,0,0,0,153472,192,575,1313,1796579557,2276025399,1163264,0
542,1676928,149568,129984,0,3584,20288,587712,267200,518592,491904,1185024,0,1408,582400,0,0,0,0,0,0,128,128,128,51200,62720,0,0,0,152768,128,575,1319,1329342213,2909582936,1164736,0
543,1677184,150784,128832,0,3584,20352,605504,271552,496576,475200,1201984,0,1408,600064,0,0,0,0,0,0,128,64,128,50368,67648,0,0,0,153024,192,568,1310,1238799381,803642809,1181632,0
544,1676992,137856,130176,0,3584,41664,595136,269632,498944,477696,1199296,0,1408,589824,0,0,0,0,0,0,64,128,128,50560,66560,0,0,0,152064,128,579,1326,591016927,43722792,1157632,0
545,1676736,155840,129984,0,3584,20544,793088,273856,299840,278528,1398208,0,1280,787648,0,0,0,0,0,0,128,64,128,50496,66752,0,0,0,156160,128,575,1310,3896547819,1290499478,1377664,0
546,1676992,138624,129088,0,3584,20672,578880,267648,538496,517056,1159936,0,1408,573632,0,0,0,0,0,0,64,128,128,50432,62336,0,0,0,154432,128,574,1300,2792850780,1094976681,1139264,0
547,1676928,149696,129536,0,3648,20288,587904,268608,517248,496064,1180864,0,1344,582592,0,0,0,0,0,0,64,128,128,50752,63488,0,0,0,153920,128,568,1288,4177789832,3489197045,1160576,0
548,1676736,149440,129664,0,3648,20352,581696,269568,522368,500992,1175744,0,1408,576384,0,0,0,0,0,0,64,128,128,50752,62976,0,0,0,155392,128,561,1281,1267288208,675312551,1155392,0
549,1676672,255808,129728,0,3584,19840,769216,272064,226432,205184,1471488,0,1408,763776,0,0,0,0,0,0,64,128,128,50176,65984,0,0,0,155456,128,561,1284,3623791810,1439624022,1451648,0
550,1676928,138688,129152,0,3712,20224,550144,274048,560960,539840,1137088,0,1408,544704,0,0,0,0,0,0,128,128,64,50752,68096,0,0,0,154752,128,564,1297,3614255426,786967421,1116864,0
551,1677056,170304,129088,0,5824,20096,636864,277888,436992,415424,1261632,0,1408,631488,0,0,0,0,0,0,64,128,128,50816,68544,0,0,0,158080,128,569,1306,3859804902,439299743,1241536,0
552,1677184,231936,129856,0,11648,20800,783360,288192,211392,189888,1487296,0,1408,777856,0,0,0,0,0,0,64,128,128,50432,80960,0,0,0,156352,128,549,1272,4243525545,2873640689,1466496,0
553,1677056,149824,129728,0,3840,20608,549888,283072,540096,518528,1158528,0,1344,544512,0,0,0,0,0,0,64,64,128,50752,77312,0,0,0,154624,128,547,1255,2773738108,4114414408,1137920,0
554,1676928,159936,130752,0,3904,41792,583808,277120,479616,458176,1218752,0,1408,578368,0,0,0,0,0,0,64,128,128,50880,70656,0,0,0,155136,128,534,1241,2180685197,2399504508,1176960,0
555,1677056,228352,129920,0,3840,20544,770880,283008,240512,218624,1458432,0,1344,765440,0,0,0,0,0,0,128,128,128,50496,76928,0,0,0,155072,128,558,1290,28915660,779973300,1437888,0
556,1677056,156416,129920,0,3840,20096,611520,284224,471040,449600,1227456,0,1344,606144,0,0,0,0,0,0,64,64,128,50688,78144,0,0,0,155008,128,538,1257,299743485,4094750418,1207360,0
557,1116480,138688,129984,0,6528,33472,507136,277056,23616,2496,1113984,0,1408,501824,0,0,0,0,0,0,64,128,128,50816,70912,0,0,0,154880,128,544,1273,2247772344,3712056772,1080512,0
558,1677056,137600,129984,0,6656,9600,570240,266048,556928,529856,1147200,0,1280,564928,0,0,0,0,0,0,64,128,128,51008,67520,0,0,0,147072,128,544,1260,3397815345,315214577,1137600,0
559,1115072,139008,129792,0,4928,10048,502464,261248,67584,48128,1066944,0,1344,497088,0,0,0,0,0,0,128,64,128,50816,62208,0,0,0,147712,192,535,1245,3294211859,1626616786,1056896,0
560,1676992,171456,129408,0,10176,9664,605760,254400,496128,476672,1200320,0,1408,600320,0,0,0,0,0,0,64,128,64,51008,55872,0,0,0,147136,128,549,1265,4194702074,4021982891,1190656,0
561,1116736,138688,128896,0,3712,9600,466176,249152,120512,101056,1015680,0,1280,460864,0,0,0,0,0,0,64,128,128,50752,51392,0,0,0,146560,128,544,1252,3311179618,4042170598,1006080,0
562,1116928,138560,129216,0,3712,9472,523392,254720,57856,38400,1078528,0,1408,518016,0,0,0,0,0,0,64,128,128,50304,54016,0,0,0,149952,128,555,1274,442826223,3045813649,1069056,0
563,1116736,137984,129984,0,3712,9536,493312,245248,96960,77632,1039104,0,1344,487872,0,0,0,0,0,0,128,128,128,50048,46016,0,0,0,148672,128,539,1241,4241572181,1160638321,1029568,0
564,1676800,168000,130240,0,12352,9600,638464,263232,454912,435392,1241408,0,1408,633024,0,0,0,0,0,0,128,64,128,50944,44608,0,0,0,167232,128,541,1259,514569004,2566272824,1231808,0
565,1116736,150976,129920,0,3712,9408,534144,259520,29056,9024,1107712,0,1408,528960,0,0,0,0,0,0,64,64,128,50560,43584,0,0,0,164992,128,542,1252,1324095044,1336266420,1098304,0
566,1677184,176000,131072,0,3840,30592,760768,263104,311808,291776,1385408,0,1344,755328,0,0,0,0,0,0,64,128,128,50368,45888,0,0,0,166400,128,527,1221,3935425004,687270735,1354816,0
567,1676992,156864,130624,0,6336,9600,680064,261888,431616,412032,1264960,0,1344,674816,0,0,0,0,0,0,64,128,64,50560,44992,0,0,0,165952,128,554,1262,1598221822,4050157727,1255360,0
568,1676736,150848,139776,0,6720,9728,615488,232960,521216,501888,1174848,0,1408,610112,0,0,0,0,0,0,64,128,128,50688,36864,0,0,0,144960,128,557,1269,3679368292,1769357791,1165120,0
569,1116864,138624,127744,0,5888,9472,572864,233024,29248,9728,1107136,0,1344,567552,0,0,0,0,0,0,64,64,128,50944,36032,0,0,0,145664,128,544,1235,3231115301,1868529286,1097664,0
570,1676992,149440,129664,0,3584,9408,676288,230336,478272,458944,1218048,0,1344,670848,0,0,0,0,0,0,128,128,128,50432,33920,0,0,0,145472,128,551,1246,2342936738,985770145,1208640,0
571,1676928,178688,128704,0,3584,9408,811968,231936,312640,293248,1383680,0,1408,806592,0,0,0,0,0,0,128,128,128,50560,36416,0,0,0,144448,128,551,1248,2947691002,2060373911,1374272,0
572,1677120,138432,129024,0,3584,9472,661312,233024,502272,482496,1194624,0,1344,656000,0,0,0,0,0,0,64,128,128,50496,35328,0,0,0,146752,128,541,1234,1875785204,882744254,1185152,0
573,1676864,158912,129280,0,3520,9472,643200,233920,498560,479424,1197440,0,1344,637888,0,0,0,0,0,0,128,128,128,50432,35072,0,0,0,147904,128,536,1247,200818855,2026013899,1187968,0
574,1676800,176064,129344,0,3648,9536,793856,244864,319488,294528,1382272,0,1408,788672,0,0,0,0,0,0,64,64,128,50560,46272,0,0,0,147648,128,523,1218,1952381118,3285933586,1372736,0
575,1677120,175168,129152,0,3712,9600,707200,251584,400704,381120,1296000,0,1408,701760,0,0,0,0,0,0,128,64,128,50304,52928,0,0,0,147904,128,520,1200,3407321435,546684930,1286400,0
576,1116672,160448,129408,0,3648,9536,523520,247232,42880,23488,1093184,0,1344,518208,0,0,0,0,0,0,64,64,128,50624,49024,0,0,0,147136,192,534,1224,1775551693,2139540808,1083648,0
577,1677440,186624,130240,0,5824,31936,623680,254528,444608,424576,1252864,0,1408,618240,0,0,0,0,0,0,64,64,128,50176,56512,0,0,0,147456,128,551,1255,2001368018,4074701531,1220928,0
578,1676416,169600,130368,0,4928,9728,583424,250176,528192,508608,1167808,0,1344,578240,0,0,0,0,0,0,64,64,128,50176,52352,0,0,0,147264,128,542,1226,3932668727,888766780,1158080,0
579,1676992,183040,132160,0,3520,9536,682944,252800,412992,393280,1283712,0,1344,677696,0,0,0,0,0,0,64,128,64,50944,55872,0,0,0,145600,128,532,1215,299359343,418779009,1274176,0
580,1116608,150912,129984,0,3584,9472,495040,250304,77312,58240,1058368,0,1408,489856,0,0,0,0,0,0,64,128,128,50368,51520,0,0,0,147968,128,531,1221,2064487660,2188753506,1048896,0
581,2237568,600192,129792,0,3584,9536,707776,254656,532032,512320,1725248,0,1408,702400,0,0,0,0,0,0,64,128,128,51264,55488,0,0,0,147456,128,532,1243,1888525272,785743625,1715712,0
582,1676864,182144,130304,0,11392,9344,828928,247296,267456,247872,1428992,0,1408,823552,0,0,0,0,0,0,128,64,128,50432,49664,0,0,0,146752,128,539,1251,4006225816,905069511,1419648,0
583,1677056,204544,136000,0,19456,23168,972928,247168,73792,54016,1623040,0,1408,967488,0,0,0,0,0,0,64,128,128,50688,44800,0,0,0,151232,128,533,1247,2921792092,619006066,1599872,0
584,1676864,160640,128064,0,4800,23552,553600,241664,564544,544768,1132096,0,1408,548224,0,0,0,0,0,0,64,128,128,50816,42368,0,0,0,148032,128,531,1244,4248856624,4234457813,1108544,0
585,1676800,146368,129792,0,3840,22656,652800,240256,481088,461120,1215680,0,1408,647424,0,0,0,0,0,0,128,128,128,51072,41664,0,0,0,147008,128,529,1235,3007252470,2840346388,1193024,0
586,1676992,146880,129472,0,3840,9536,664000,241664,481600,461824,1215168,0,1344,658688,0,0,0,0,0,0,64,128,128,51008,40832,0,0,0,149376,128,534,1251,42290744,1771443777,1205632,0
587,1677056,159936,129216,0,3776,44096,672512,242432,425088,405312,1271744,0,1344,667136,0,0,0,0,0,0,64,128,128,51008,38336,0,0,0,152640,128,528,1238,925757091,2868156235,1227648,0
588,1676672,140480,129088,0,3840,9536,787072,239808,366848,347456,1329216,0,1344,781760,0,0,0,0,0,0,64,128,64,50880,39488,0,0,0,149056,128,562,1296,2013727026,3643576750,1319680,0
589,1677120,147712,128832,0,3840,9344,761664,235008,390720,371072,1306048,0,1344,756288,0,0,0,0,0,0,64,128,128,50624,33728,0,0,0,150208,128,543,1233,2793933657,3456298307,1296704,0
590,1676736,154880,130560,0,3968,9536,845248,240640,291904,267200,1409536,0,1408,839872,0,0,0,0,0,0,128,64,128,50496,38784,0,0,0,150912,128,545,1234,3531973478,4095875135,1400000,0
591,1676992,150784,128832,0,3968,9664,706560,242048,435136,415680,1261312,0,1344,701312,0,0,0,0,0,0,128,128,128,50560,40192,0,0,0,150784,128,527,1202,2235647678,3161759504,1251648,0
592,1677120,156928,129344,0,6656,9536,704832,230784,439040,419136,1257984,0,1344,699456,0,0,0,0,0,0,128,64,128,50688,31232,0,0,0,148416,128,543,1242,48645645,1641151390,1248448,0
593,1116736,137920,129664,0,5376,9600,549248,222592,62336,42560,1074176,0,1408,543808,0,0,0,0,0,0,64,128,128,50432,24448,0,0,0,147264,128,543,1231,2876155683,3901247079,1064576,0
594,1676992,139712,130688,0,5824,9792,709056,229056,452864,433408,1243584,0,1408,703552,0,0,0,0,0,0,64,128,128,50560,33024,0,0,0,144960,192,534,1211,698730645,2710916784,1233792,0
595,1676864,138048,130112,0,6592,9472,633664,229760,529216,509696,1167168,0,1344,628288,0,0,0,0,0,0,128,128,64,50304,31872,0,0,0,147136,128,547,1241,198942808,665414490,1157696,0
596,1677184,137984,130560,0,6080,9408,602816,235904,554432,534976,1142208,0,1344,597312,0,0,0,0,0,0,64,128,128,50496,35968,0,0,0,148992,128,548,1259,22500388,2552131533,1132800,0
597,1677696,262592,130496,0,12992,23104,722368,235008,291136,270976,1406720,0,1280,717120,0,0,0,0,0,0,64,64,128,50240,35584,0,0,0,148736,192,515,1203,3328066833,2004284384,1383616,0
598,1116352,150912,129344,0,3712,44416,466752,225792,95424,75264,1041088,0,1344,461312,0,0,0,0,0,0,128,128,128,51008,27456,0,0,0,146816,128,511,1186,1937678448,4182027622,996672,0
599,1116800,139072,136000,0,3712,22976,510336,226048,78656,59072,1057728,0,1344,504960,0,0,0,0,0,0,64,128,128,55296,24896,0,0,0,145408,128,521,1199,3418502675,218324352,1034752,0
600,1116800,139840,129280,0,4544,9408,425344,227648,180736,161152,955648,0,1344,419904,0,0,0,0,0,0,64,64,128,50432,31168,0,0,0,145664,128,529,1224,2418676902,3360254053,946240,0
601,1116736,150464,128320,0,3712,9472,489280,230720,104768,84864,1031872,0,1408,483904,0,0,0,0,0,0,128,128,128,50496,32896,0,0,0,146816,128,528,1220,4061607869,3781432057,1022400,0
602,1116928,154240,129600,0,3648,9600,498624,228992,92224,72512,1044416,0,1408,493120,0,0,0,0,0,0,128,128,64,50496,32320,0,0,0,145728,128,526,1203,58387781,3956798935,1034816,0
603,1116672,168128,128256,0,3712,9344,500992,230848,75392,56000,1060672,0,1408,495616,0,0,0,0,0,0,64,128,128,50560,33728,0,0,0,146112,128,520,1190,1573857261,3830084733,1051328,0
604,1676992,152384,129728,0,11968,9472,743424,236096,393920,374080,1302912,0,1344,738112,0,0,0,0,0,0,64,64,128,50944,38144,0,0,0,146624,128,521,1196,1006874685,4270353540,1293440,0
605,1677056,138432,129344,0,5952,9856,595520,236544,561408,541888,1135168,0,1344,590208,0,0,0,0,0,0,128,128,128,50752,39616,0,0,0,145600,192,496,1140,1630836169,3964379961,1125312,0
606,1676544,158336,129408,0,3456,9600,603008,288320,484416,460032,1216512,0,1408,597696,0,0,0,0,0,0,64,64,128,51136,47808,0,0,0,188992,128,515,1193,2042580011,2260380689,1206912,0
607,1116928,137408,131008,0,3456,9600,489280,285952,60224,40896,1076032,0,1344,484032,0,0,0,0,0,0,64,128,128,50240,49536,0,0,0,185728,128,519,1212,3391109375,2451987431,1066432,0
608,1116864,137152,130112,0,3456,9408,447104,283968,105664,86336,1030528,0,1344,441792,0,0,0,0,0,0,128,64,128,50752,48000,0,0,0,184768,128,514,1201,1400755691,3430290548,1021120,0
609,1116928,138112,129984,0,3584,9408,453760,282240,99840,80384,1036544,0,1408,448448,0,0,0,0,0,0,64,128,64,50880,45312,0,0,0,185664,128,513,1207,2561170872,1967541133,1027136,0
610,1116672,137984,129664,0,3520,9408,443776,272832,119488,99584,1017088,0,1344,438400,0,0,0,0,0,0,64,128,64,50560,37568,0,0,0,184320,128,515,1223,3073278312,1489158759,1007680,0
611,1116800,137472,129920,0,3456,9664,448896,274688,112704,93184,1023616,0,1344,443584,0,0,0,0,0,0,64,128,128,50816,37824,0,0,0,185600,128,510,1206,2545507487,444181399,1013952,0
612,1676864,169344,129536,0,3520,31488,576704,244288,521984,502336,1174528,0,1280,571328,0,0,0,0,0,0,64,128,64,50816,45504,0,0,0,147584,128,508,1194,2392279456,2960545785,1143040,0
613,1116736,138048,132544,0,3456,9600,433920,247360,151808,132160,984576,0,1344,428672,0,0,0,0,0,0,64,64,128,50816,48832,0,0,0,147328,128,509,1198,3718169639,4074980663,974976,0
614,1116736,158720,129408,0,3520,9600,404480,246144,164864,145536,971200,0,1344,399232,0,0,0,0,0,0,128,64,128,51456,47040,0,0,0,147200,128,506,1198,3126217895,2026331118,961600,0
615,1676992,156224,129088,0,3520,9408,565696,243968,569088,549504,1127488,0,1344,560448,0,0,0,0,0,0,64,128,128,50944,43328,0,0,0,149248,128,515,1202,2196530336,2026365224,1118080,0
616,1116736,151616,129536,0,3520,9536,475072,234560,112896,93504,1023232,0,1344,469760,0,0,0,0,0,0,64,128,64,50688,36672,0,0,0,146816,128,510,1200,349187371,717861181,1013696,0
617,1116864,149824,129728,0,3520,22912,433536,235328,142016,122560,994304,0,1344,428288,0,0,0,0,0,0,128,64,128,50368,37120,0,0,0,147392,128,513,1206,1955963293,2385170887,971392,0
618,1116736,148736,130624,0,3456,9600,393600,244736,185984,166336,950400,0,1408,388224,0,0,0,0,0,0,128,128,128,51840,46016,0,0,0,146368,128,516,1222,4212733827,3641561875,940800,0
619,1116736,191744,129984,0,4224,9728,504960,237504,38592,19072,1097664,0,1280,499520,0,0,0,0,0,0,64,128,128,50560,39232,0,0,0,147264,128,507,1197,2648412593,464560081,1087936,0
620,1677120,624512,129408,0,3584,9536,568832,229120,112128,92608,1584512,0,1280,563392,0,0,0,0,0,0,128,64,128,50240,31424,0,0,0,147008,128,495,1156,2543927187,1476811985,1574976,0
621,1677120,631104,129344,0,3520,9856,520448,218816,164032,144768,1532352,0,1280,515136,0,0,0,0,0,0,64,128,64,50432,19968,0,0,0,148032,128,495,1164,2937319181,423817958,1522496,0
622,1676608,154688,130496,0,11200,9728,570176,230080,570240,545664,1130944,0,1344,564864,0,0,0,0,0,0,64,64,128,50432,32768,0,0,0,146496,128,498,1157,2255391248,2476619464,1121216,0
623,1117056,155648,129792,0,3648,9728,471360,231168,115712,96192,1020864,0,1344,465984,0,0,0,0,0,0,128,64,128,50496,30400,0,0,0,149824,128,482,1115,2890867733,739354895,1011136,0
624,1116544,154560,129920,0,3712,9344,396160,229824,193024,173696,942848,0,1344,390912,0,0,0,0,0,0,128,64,128,51520,30336,0,0,0,147456,192,481,1116,526625964,3962737844,933504,0
625,1116736,173440,129920,0,3712,30720,509248,233088,36608,16832,1099904,0,1408,503872,0,0,0,0,0,0,128,64,128,51136,32384,0,0,0,149120,128,484,1109,2177855311,3919300293,1069184,0
626,1116672,154176,128704,0,3776,9216,411712,229248,179840,160064,956608,0,1408,406528,0,0,0,0,0,0,128,64,128,51328,31040,0,0,0,146432,128,484,1103,3412373279,3816607255,947392,0
627,1116672,166080,130624,0,3712,9408,423680,221888,161280,141888,974784,0,1344,418304,0,0,0,0,0,0,64,64,128,50496,23872,0,0,0,147136,128,485,1098,771937641,2550768482,965376,0
628,2237440,630976,130688,0,13248,23616,1060608,293056,85248,65792,2171648,0,1280,1055424,0,0,0,0,0,0,64,128,128,50240,44032,0,0,0,198336,128,489,1123,3988008122,3554261702,2148032,0
629,1116736,173248,130368,0,4992,9664,472448,289216,36800,17408,1099328,0,1280,467008,0,0,0,0,0,0,128,128,64,50880,43072,0,0,0,194816,128,483,1122,507508251,2036119986,1089664,0
630,1116608,168768,130944,0,3712,23424,433792,283904,72064,52544,1064064,0,1344,428544,0,0,0,0,0,0,64,128,128,50368,35008,0,0,0,198080,128,480,1120,1837024945,4098940553,1040640,0
631,1676864,183552,129408,0,3712,9600,551616,292864,506112,486528,1190336,0,1408,546240,0,0,0,0,0,0,64,64,128,50368,44288,0,0,0,197824,128,475,1106,3607469098,2122235166,1180736,0
632,1677120,197760,129472,0,5952,9984,460288,290880,582784,559808,1117312,0,1344,454848,0,0,0,0,0,0,64,128,128,50432,43008,0,0,0,196992,128,505,1142,1979814808,1945789992,1107328,0
633,1116608,175680,130240,0,6976,9856,433216,281792,78848,59456,1057152,0,1408,427968,0,0,0,0,0,0,64,128,64,50880,35200,0,0,0,195328,128,487,1104,1577679813,2509413360,1047296,0
634,1676928,187328,130560,0,4800,9536,608704,290304,445696,426432,1250496,0,1344,603392,0,0,0,0,0,0,128,64,128,50624,44800,0,0,0,194432,128,489,1106,2880150660,552384012,1240960,0
635,1677184,178432,130368,0,3520,9536,620288,290496,444544,424896,1252288,0,1408,614784,0,0,0,0,0,0,64,64,128,50304,43392,0,0,0,196416,128,475,1091,413586966,3399631138,1242752,0
636,1676672,188032,129664,0,12672,9856,746816,249152,340480,321024,1355648,0,1280,741312,0,0,0,0,0,0,128,128,128,50560,50432,0,0,0,147648,128,482,1112,1130818452,2950337021,1345792,0
637,1677248,170176,129984,0,4352,31040,559744,244224,537728,518336,1158912,0,1408,554368,0,0,0,0,0,0,128,128,128,50368,45312,0,0,0,148032,128,473,1091,523545175,1663811617,1127872,0
638,1116672,170240,130688,0,3520,9728,523968,245888,32640,7872,1108800,0,1344,518656,0,0,0,0,0,0,64,128,128,50816,46272,0,0,0,148288,192,475,1099,1337821718,3140627025,1099072,0
639,1116928,135808,129984,0,3392,9792,555136,236416,46400,26944,1089984,0,1344,549824,0,0,0,0,0,0,64,128,128,50368,38976,0,0,0,146560,192,479,1093,3429707969,2833601327,1080192,0
640,1676992,167488,129728,0,3520,9536,662976,236736,467008,447296,1229696,0,1344,657536,0,0,0,0,0,0,128,64,128,50816,38848,0,0,0,146624,128,476,1095,3193255589,1017694719,1220160,0
641,1116672,134016,129664,0,3456,9536,575104,236800,28096,8960,1107712,0,1408,569664,0,0,0,0,0,0,64,128,128,50816,38464,0,0,0,147072,128,474,1094,949517781,129587959,1098176,0
642,1676736,156928,128320,0,3520,9728,558208,241920,578112,558336,1118400,0,1344,552768,0,0,0,0,0,0,64,64,128,50560,43264,0,0,0,147712,128,482,1104,69010819,3495429461,1108672,0
643,1116736,135616,129920,0,5824,9728,548288,234432,52928,33536,1083200,0,1280,543040,0,0,0,0,0,0,64,128,128,51136,37184,0,0,0,145664,128,488,1114,2941964533,4027718033,1073472,0
644,1116864,134464,130304,0,5568,9728,493632,229632,113536,93952,1022912,0,1280,488192,0,0,0,0,0,0,64,64,128,50880,30848,0,0,0,147520,128,492,1112,1634802305,567650721,1013184,0
645,1116736,134400,130112,0,4032,9600,486656,222336,129600,110144,1006592,0,1408,481280,0,0,0,0,0,0,64,128,64,50816,24064,0,0,0,147072,128,496,1115,4180026349,2473726714,996992,0
646,1677056,187776,129920,0,2048,9600,558464,223488,565760,546176,1130880,0,1280,552960,0,0,0,0,0,0,64,128,128,50944,24320,0,0,0,147776,128,491,1108,2606133975,3273285915,1121280,0
647,1676864,198912,130944,0,9856,23616,647488,271424,394624,375168,1301696,0,1408,642176,0,0,0,0,0,0,64,64,128,51200,29760,0,0,0,190016,192,497,1162,2895052046,2154300658,1278080,0
648,1116736,133568,130496,0,3456,9408,446720,275968,117120,97728,1019008,0,1280,441408,0,0,0,0,0,0,128,128,64,51008,37568,0,0,0,186944,128,493,1146,3265071254,2379978314,1009600,0
649,1676928,185856,130944,0,3456,9664,523008,276672,547328,527872,1149056,0,1408,517696,0,0,0,0,0,0,64,64,128,50368,37312,0,0,0,188544,192,500,1155,1352586228,1032281254,1139392,0
650,1116992,134080,130368,0,3584,30720,473152,275072,70016,49920,1067072,0,1344,467968,0,0,0,0,0,0,128,128,128,51200,36160,0,0,0,187200,128,494,1148,1058464845,374199034,1036352,0
651,1116416,134848,130432,0,5632,9792,440256,264512,130944,111104,1005312,0,1344,434880,0,0,0,0,0,0,64,128,128,50304,28864,0,0,0,184896,128,478,1102,3790184447,759317085,995520,0
652,1677120,148288,129728,0,5952,9536,545280,266688,571648,552064,1125056,0,1344,539968,0,0,0,0,0,0,64,128,64,50368,29632,0,0,0,186304,128,496,1144,1436444736,1401223448,1115520,0
653,1676672,155136,129408,0,15872,9792,587072,235840,543552,524160,1152512,0,1408,581696,0,0,0,0,0,0,64,64,128,50688,36736,0,0,0,148032,128,491,1142,3707698606,702773243,1142720,0
654,1116992,145536,130048,0,3712,9664,506752,245120,76160,51520,1065472,0,1408,501440,0,0,0,0,0,0,64,128,128,50560,45056,0,0,0,148992,192,499,1156,268149,3717861871,1055808,0
655,1116800,134592,129088,0,4608,9728,435200,241408,162176,143232,973568,0,1408,429824,0,0,0,0,0,0,128,128,64,50432,43392,0,0,0,147136,128,511,1186,2373664346,39978910,963840,0
656,1116992,134144,131200,0,3648,9536,442560,241664,154240,134848,982144,0,1408,437184,0,0,0,0,0,0,128,64,128,51072,43520,0,0,0,146624,128,492,1137,4141027173,3189908507,972608,0
657,1117120,134528,131520,0,3712,9472,477376,233728,126784,106624,1010496,0,1408,472192,0,0,0,0,0,0,128,128,128,50560,36928,0,0,0,145728,128,506,1145,2625948619,1313902378,1001024,0
658,1116352,134848,130752,0,3712,9472,442752,232512,162304,142784,973568,0,1344,437312,0,0,0,0,0,0,64,64,128,50304,36288,0,0,0,145536,128,515,1177,4089752311,4002869967,964096,0
659,1676992,168896,130048,0,20864,22848,951040,254848,128448,108352,1568640,0,1344,945472,0,0,0,0,0,0,128,128,128,51392,54400,0,0,0,148544,128,509,1170,1270059545,676576453,1545792,0
660,1676608,598016,130048,0,3776,23488,613120,257536,50624,31232,1645376,0,1408,607808,0,0,0,0,0,0,128,64,128,50944,56640,0,0,0,149504,128,507,1158,3614517783,1337014774,1621888,0
661,1677120,170112,129152,0,3776,23552,546688,247872,555968,536384,1140736,0,1344,541312,0,0,0,0,0,0,128,128,128,50944,48320,0,0,0,148096,128,493,1130,3159933995,704815437,1117184,0
662,1116672,150336,129280,0,3648,23360,431360,246976,131712,112000,1004672,0,1280,426048,0,0,0,0,0,0,64,128,128,50880,47104,0,0,0,148544,128,501,1147,2811361820,3091313372,981312,0
663,1677376,189760,129792,0,11328,30848,584000,253888,477760,457536,1219840,0,1344,578624,0,0,0,0,0,0,64,128,128,50176,54016,0,0,0,149248,128,496,1134,2572520036,2042532376,1188992,0
664,1676416,190656,128832,0,3648,9472,651968,251648,440192,420864,1255552,0,1280,646656,0,0,0,0,0,0,64,128,128,50752,52864,0,0,0,147584,128,507,1165,1218769071,3574428841,1246080,0
665,1676928,179904,130048,0,3648,9536,620800,250880,482112,460416,1216512,0,1408,615488,0,0,0,0,0,0,128,128,64,50560,52288,0,0,0,147584,128,520,1188,1100688235,3282944181,1206976,0
666,1677120,180224,129664,0,4864,9600,620928,244480,487360,468096,1209024,0,1408,615488,0,0,0,0,0,0,128,128,64,50944,45632,0,0,0,147456,128,520,1176,4095541298,1332531992,1199424,0
667,1677056,178624,130496,0,7104,9536,644096,239744,467456,447680,1229376,0,1408,638784,0,0,0,0,0,0,128,128,64,50880,42368,0,0,0,146048,128,521,1180,2392231298,3811204767,1219840,0
668,1676992,179968,129600,0,4928,9408,632576,212224,508288,488960,1188032,0,1408,627264,0,0,0,0,0,0,64,128,128,51008,12352,0,0,0,148416,128,508,1167,3988092297,3915626399,1178624,0
669,1676928,180544,129344,0,3392,9536,544448,231104,578560,558720,1118208,0,1408,539200,0,0,0,0,0,0,64,128,128,51072,32128,0,0,0,147392,192,513,1196,1913467445,4280430279,1108672,0
670,1117056,181568,130880,0,3328,9728,519616,232448,39488,14464,1102592,0,1280,514176,0,0,0,0,0,0,128,64,128,50752,35264,0,0,0,145920,192,525,1226,734321476,419742796,1092864,0
671,1116352,179200,130176,0,3520,11200,511104,234560,46592,26432,1089920,0,1408,505664,0,0,0,0,0,0,64,128,64,50176,35008,0,0,0,148992,128,523,1220,1220178725,353899644,1078720,0
672,1677184,180160,129152,0,4416,9728,579264,232768,541696,522688,1154496,0,1408,573760,0,0,0,0,0,0,64,64,128,50560,33856,0,0,0,147968,128,525,1208,3325302293,65370855,1144768,0
673,1116864,178176,129600,0,3456,9408,529536,232576,34112,14848,1102016,0,1408,524224,0,0,0,0,0,0,64,128,128,50176,34816,0,0,0,147136,128,514,1181,1423721894,735405202,1092608,0
674,1116608,165824,130432,0,3456,9600,529664,232704,44928,25472,1091136,0,1408,524288,0,0,0,0,0,0,64,128,128,50560,33856,0,0,0,147840,128,502,1171,2335643178,1115711981,1081536,0
675,1677056,165760,129856,0,3456,32000,531072,240640,574272,554880,1122176,0,1344,525696,0,0,0,0,0,0,128,64,128,50496,42368,0,0,0,147328,128,525,1198,101679041,3487606942,1090176,0
676,1116608,166016,130560,0,3520,9408,524736,240128,42240,22656,1093952,0,1408,519360,0,0,0,0,0,0,128,128,64,50688,41408,0,0,0,147584,128,517,1193,1910942815,3651766244,1084544,0
677,1677312,166400,129856,0,3456,23488,561600,240320,552192,532608,1144704,0,1408,556160,0,0,0,0,0,0,64,128,128,50752,41408,0,0,0,147712,128,519,1210,1442918957,2180125135,1121216,0
678,1116224,165824,129728,0,3392,9472,551808,231872,24128,4864,1111360,0,1344,546432,0,0,0,0,0,0,64,128,128,50368,34112,0,0,0,146944,128,529,1223,334878386,2992771278,1101888,0
679,1677120,174592,130624,0,4544,9728,597248,236672,523712,504512,1172608,0,1408,591936,0,0,0,0,0,0,128,128,128,50432,37888,0,0,0,147840,128,532,1239,3893186212,2032992159,1162880,0
680,1116736,134272,130176,0,5760,9664,490816,235008,111040,91520,1025216,0,1344,485568,0,0,0,0,0,0,64,128,128,50304,36800,0,0,0,147456,128,520,1221,965540320,3757418821,1015552,0
681,1677312,149440,128640,0,4096,9728,664640,244160,476608,457088,1220224,0,1344,659264,0,0,0,0,0,0,64,128,128,50560,46144,0,0,0,147008,128,524,1230,3331260480,1207039742,1210496,0
682,1116992,135360,131072,0,2176,9600,514432,243328,81024,58944,1058048,0,1344,508992,0,0,0,0,0,0,64,128,128,50944,44544,0,0,0,147392,128,515,1231,1047942090,3029021033,1048448,0
683,1116800,134976,130560,0,2112,9408,545728,242816,51200,31424,1085376,0,1344,540352,0,0,0,0,0,0,64,128,64,50432,44480,0,0,0,147520,128,519,1236,1589645158,3821205641,1075968,0
684,1676736,153024,129984,0,2048,9472,658048,227008,497152,477952,1198784,0,1408,652544,0,0,0,0,0,0,64,64,128,50944,28864,0,0,0,146816,128,519,1223,4278961975,2730909144,1189312,0
685,1116608,134208,130112,0,2048,9600,500352,225856,114432,95424,1021184,0,1408,494912,0,0,0,0,0,0,128,64,128,50624,28288,0,0,0,146496,128,517,1203,2106871716,1370838199,1011584,0
686,1116800,134848,129792,0,2112,9536,500608,226112,113792,89280,1027520,0,1344,495104,0,0,0,0,0,0,128,64,128,50624,28288,0,0,0,146752,128,518,1190,404240047,3605515942,1017984,0
687,1116736,134464,130176,0,2112,9728,522112,235712,82432,63488,1053248,0,1344,516672,0,0,0,0,0,0,64,128,64,51008,36608,0,0,0,147648,192,522,1202,2312135487,1932857638,1043520,0
688,1677312,134912,129088,0,10624,31232,780480,243456,347520,327744,1349568,0,1344,775040,0,0,0,0,0,0,64,64,128,50304,45440,0,0,0,147264,192,525,1211,2479038196,3270773676,1318336,0
689,1676736,168768,129728,0,3776,23232,780544,246592,324096,304640,1372096,0,1344,775168,0,0,0,0,0,0,64,128,128,50816,47360,0,0,0,147904,192,523,1217,4288451904,3140761221,1348864,0
690,1676928,147840,130496,0,5376,23616,562880,246080,560640,541376,1135552,0,1344,557376,0,0,0,0,0,0,128,64,128,51072,45568,0,0,0,148992,128,519,1211,4034780014,3214151524,1111936,0
691,1116672,137024,129472,0,3776,23296,472064,245120,105920,86528,1030144,0,1344,466752,0,0,0,0,0,0,64,128,128,51200,45248,0,0,0,148160,192,527,1219,3629344895,1472327978,1006848,0
692,1116736,137024,130048,0,3712,9472,487424,248704,100352,81152,1035584,0,1408,481984,0,0,0,0,0,0,64,128,128,51328,48320,0,0,0,148608,128,525,1223,803996847,3760618528,1026112,0
693,1677120,190912,129792,0,3648,9408,696512,255616,391232,371840,1305280,0,1408,691136,0,0,0,0,0,0,128,64,128,50752,55680,0,0,0,148736,128,527,1234,963138679,2535407881,1295872,0
694,1116608,147328,129600,0,4672,9792,550400,246528,28288,8704,1107904,0,1344,544896,0,0,0,0,0,0,128,128,64,50880,46400,0,0,0,148800,128,535,1243,4232904544,726716062,1098112,0
695,1677056,150208,130048,0,5824,9792,583808,244416,552960,533504,1143552,0,1408,578368,0,0,0,0,0,0,64,128,128,50560,45568,0,0,0,147840,128,528,1231,1773702779,1683377099,1133760,0
696,1676928,136384,129344,0,4992,9792,597760,242816,555840,536640,1140288,0,1408,592512,0,0,0,0,0,0,64,64,128,51072,41088,0,0,0,150272,128,532,1212,328175448,173419582,1130496,0
697,1677184,592576,130304,0,3456,9472,607808,240192,93376,73856,1603328,0,1344,602432,0,0,0,0,0,0,64,128,64,50880,38656,0,0,0,150272,128,528,1209,4140344395,1559740479,1593856,0
698,1116672,137408,129024,0,10048,9600,564032,237312,29248,9408,1107264,0,1408,558656,0,0,0,0,0,0,64,128,128,50432,37696,0,0,0,148736,128,527,1215,4281863651,287746158,1097664,0
699,1676800,149184,133824,0,3648,10112,565312,237376,577344,557504,1119296,0,1408,560128,0,0,0,0,0,0,64,128,64,50688,38400,0,0,0,147904,128,524,1210,2748565627,3835454638,1109184,0
700,1677376,169920,129728,0,5824,30656,785792,237568,317888,298112,1379264,0,1408,780544,0,0,0,0,0,0,64,64,128,50304,37056,0,0,0,149824,128,528,1230,1278730311,3313792213,1348608,0
701,1116544,137984,129920,0,4864,9536,569600,241152,23488,3968,1112576,0,1408,564160,0,0,0,0,0,0,64,64,128,50624,43072,0,0,0,147072,128,525,1217,916624165,763637003,1103040,0
702,1116800,148416,129792,0,3456,9536,561408,228288,35904,10816,1105984,0,1344,556032,0,0,0,0,0,0,64,128,128,50880,30400,0,0,0,146560,128,514,1196,1646417664,2085913552,1096448,0
703,1676992,150080,129728,0,3456,9984,571328,236096,576320,557056,1119936,0,1344,566016,0,0,0,0,0,0,64,64,128,50816,38656,0,0,0,146240,128,506,1177,128029588,4204509241,1109952,0
704,1116864,137984,130432,0,3648,9600,569600,239808,25792,6144,1110720,0,1408,564160,0,0,0,0,0,0,64,128,128,50624,42752,0,0,0,145984,128,523,1216,2899303919,720613464,1101120,0
705,1677056,148608,129600,0,3648,10048,567296,241920,575936,556672,1120384,0,1280,561920,0,0,0,0,0,0,128,64,128,50496,43840,0,0,0,147136,128,533,1229,1625869662,1202292963,1110336,0
706,1116672,150400,129152,0,5760,9664,555712,236416,29568,9984,1106688,0,1408,550208,0,0,0,0,0,0,128,64,128,50560,37312,0,0,0,148096,128,520,1211,1980101028,3959770825,1097024,0
707,1116736,137856,132352,0,4928,27136,548096,241728,24640,5248,1111488,0,1344,542720,0,0,0,0,0,0,64,128,128,50560,40896,0,0,0,149824,128,525,1221,2384568801,4225733399,1084352,0
708,1677120,148544,129344,0,4352,9664,612480,227968,544768,525056,1152064,0,1408,606976,0,0,0,0,0,0,128,64,128,50624,30336,0,0,0,146560,128,528,1215,660477019,3977063104,1142400,0
709,1676928,149376,128512,0,3456,9600,632576,230208,523200,503680,1173248,0,1408,627136,0,0,0,0,0,0,64,128,128,50752,32256,0,0,0,146752,128,524,1210,2968191062,92524774,1163648,0
710,1676928,160448,129664,0,3456,9536,796608,234624,342592,322816,1354112,0,1280,791296,0,0,0,0,0,0,64,128,128,50560,36800,0,0,0,146816,128,525,1216,3332676437,3546580892,1344576,0
711,1676928,163264,128768,0,5504,9600,728832,237120,403840,384256,1292672,0,1344,723456,0,0,0,0,0,0,64,64,128,50624,38272,0,0,0,147840,128,527,1221,3709098877,1884447225,1283072,0
712,1116864,150528,129536,0,5824,31808,522048,229120,48000,28544,1088320,0,1408,516736,0,0,0,0,0,0,64,64,128,50816,31232,0,0,0,146688,128,523,1215,2950720438,2869740533,1056512,0
713,1116736,138816,129728,0,2048,9600,526528,229120,80896,61248,1055488,0,1344,521216,0,0,0,0,0,0,128,128,64,50752,31488,0,0,0,146432,128,527,1221,4199296742,2516289706,1045888,0
714,1116672,151104,130048,0,2048,9664,526080,222080,75648,56448,1060224,0,1408,520832,0,0,0,0,0,0,64,64,128,51136,23552,0,0,0,147008,128,532,1231,1159353448,2850454961,1050560,0
715,1117056,150976,129600,0,2048,9472,548352,231680,44928,25408,1091648,0,1408,543104,0,0,0,0,0,0,128,128,128,50432,32512,0,0,0,148224,128,531,1224,3997978915,3165549337,1082176,0
716,1116416,139200,132032,0,3520,9472,547712,234048,50432,30976,1085440,0,1408,542528,0,0,0,0,0,0,128,128,64,50624,36992,0,0,0,145984,128,537,1241,744207523,2402408051,1075968,0
717,1677696,171008,129792,0,4480,9664,678144,237504,447104,426624,1251072,0,1280,672704,0,0,0,0,0,0,64,64,128,50496,38528,0,0,0,148096,128,531,1231,2042369578,4129198401,1241408,0
718,1116160,150912,130048,0,5632,9472,559360,229888,30848,5952,1110208,0,1408,553984,0,0,0,0,0,0,64,128,128,50560,30784,0,0,0,148096,128,529,1216,1066533425,1807730015,1100736,0
719,1116800,138624,129856,0,4032,9664,517056,227456,90112,70720,1046080,0,1280,511680,0,0,0,0,0,0,64,128,64,50752,31040,0,0,0,145216,192,517,1188,2300096080,2306801859,1036416,0
720,1116864,149312,130368,0,2112,9856,511360,220736,93120,73536,1043328,0,1280,506112,0,0,0,0,0,0,64,64,128,50944,23872,0,0,0,145472,192,530,1229,98875986,277300540,1033472,0
721,1676992,192576,129920,0,3648,9600,753920,241280,346048,326656,1350336,0,1344,748544,0,0,0,0,0,0,128,64,128,50752,41728,0,0,0,148352,128,519,1208,792416466,128344123,1340736,0
722,1116608,138176,130560,0,3712,9728,526336,242880,65216,46016,1070592,0,1408,521024,0,0,0,0,0,0,64,64,128,50880,46144,0,0,0,145472,128,519,1213,595232966,183783624,1060864,0
723,1677184,168192,129792,0,4800,9728,743488,246272,374912,355456,1321728,0,1408,738240,0,0,0,0,0,0,128,128,128,50688,47040,0,0,0,148032,128,518,1222,3970417106,3272139895,1312000,0
724,1676992,150784,129728,0,5952,9728,587776,239424,553600,533760,1143232,0,1408,582336,0,0,0,0,0,0,64,64,128,50752,40832,0,0,0,147456,128,518,1214,3656807489,1358957469,1133504,0
725,1676864,150336,130048,0,4928,31168,578304,233408,548672,528960,1147904,0,1408,572992,0,0,0,0,0,0,64,64,128,50432,34112,0,0,0,148416,192,520,1230,180962029,3064656392,1116736,0
726,2236864,199680,130688,0,26944,9920,1053056,301888,514688,495296,1741568,0,1408,1047744,0,0,0,0,0,0,192,256,4480,51392,55552,0,0,0,189888,128,537,1274,3714172647,2420269383,1731648,0
727,1676928,150592,130048,0,6272,9920,588416,317184,474496,454656,1222272,0,1344,583040,0,0,0,0,0,0,128,256,4480,51200,72128,0,0,0,188864,128,518,1241,3115517300,4219632685,1212352,0
728,1677056,138624,129088,0,4032,9536,654144,329600,412032,392384,1284672,0,1344,648768,0,0,0,0,0,0,128,192,4352,51456,83712,0,0,0,189632,128,526,1252,127402721,2975680041,1275136,0
729,1676864,149696,130432,0,6912,10048,558848,329984,490944,471296,1205568,0,1408,553408,0,0,0,0,0,0,128,192,4544,50816,84544,0,0,0,189632,128,541,1282,2514411010,1076748961,1195520,0
730,2237120,183808,129984,0,22912,23680,1074240,400448,402048,381568,1855552,0,1344,1068800,0,0,0,0,0,0,192,256,31680,51584,75968,0,0,0,240640,128,540,1281,40330564,2645683722,1831872,0
731,1677248,151168,130752,0,3968,23936,442112,387520,537792,518144,1159104,0,1344,436800,0,0,0,0,0,0,128,256,31872,50880,67968,0,0,0,236288,128,534,1262,4038295855,1320560113,1135168,0
732,1676864,149632,129920,0,3840,23552,504640,340480,524800,505216,1171648,0,1280,499200,0,0,0,0,0,0,128,256,31616,51072,59200,0,0,0,198080,128,516,1212,4238272193,1274627526,1148096,0
733,1677120,151808,132224,0,3904,9536,515136,351424,513088,493696,1183424,0,1280,509760,0,0,0,0,0,0,192,192,32000,51520,68992,0,0,0,198336,192,506,1190,4005140460,726376649,1173888,0
734,1676800,165504,129920,0,4096,9728,605440,360192,401920,377216,1299584,0,1408,600128,0,0,0,0,0,0,192,256,31872,51392,78080,0,0,0,198272,128,520,1211,2346972328,3936454525,1289856,0
735,1677184,165056,130432,0,6400,31744,578112,355520,409920,390080,1287104,0,1408,572672,0,0,0,0,0,0,128,192,32192,51392,75072,0,0,0,196416,128,537,1251,1538171621,2394018070,1255360,0
736,1676480,183360,131136,0,6464,9920,652224,345344,348032,328384,1348096,0,1408,646976,0,0,0,0,0,0,128,128,31936,51136,62848,0,0,0,199040,128,525,1240,1829990507,3943319409,1338176,0
737,1677120,160192,130944,0,6272,23552,567872,332224,456064,436352,1240768,0,1408,562432,0,0,0,0,0,0,192,192,31744,51712,51008,0,0,0,197184,192,524,1220,3994341456,3421717658,1217216,0
738,1676928,149568,129536,0,5184,9536,565760,335168,482176,462592,1214336,0,1344,560384,0,0,0,0,0,0,192,192,31872,51712,51840,0,0,0,199232,128,522,1216,2077471181,1986888376,1204800,0
739,1676928,163392,130048,0,3776,9472,643776,294272,432192,412480,1264448,0,1408,638336,0,0,0,0,0,0,128,192,32128,51520,59520,0,0,0,150656,128,535,1243,3838298790,3468845282,1254976,0
740,1676800,138880,130240,0,4736,9664,618752,293696,480832,461120,1215680,0,1344,613376,0,0,0,0,0,0,128,192,31936,51136,59456,0,0,0,150720,128,531,1216,2510156911,1190709492,1206016,0
741,1676992,162944,130240,0,12544,9664,745856,280448,335296,315712,1361280,0,1408,740480,0,0,0,0,0,0,192,192,32320,51136,46208,0,0,0,150272,128,540,1262,1871874659,258116261,1351616,0
742,1676736,149824,129664,0,3968,9600,612608,276224,494848,475072,1201664,0,1344,607232,0,0,0,0,0,0,128,192,32128,51264,41792,0,0,0,150592,128,528,1239,795257829,2132472330,1192064,0
743,1677120,138880,129664,0,5184,9536,640064,268160,485632,465984,1211136,0,1280,634752,0,0,0,0,0,0,192,192,31872,51264,33984,0,0,0,150528,128,544,1263,1645361470,2728741610,1201600,0
744,1676928,149888,129216,0,6656,9600,602688,267520,511360,491904,1185024,0,1344,597312,0,0,0,0,0,0,192,192,31936,51264,34432,0,0,0,149376,128,530,1235,1301805741,3738979224,1175424,0
745,1677120,181696,130304,0,12224,31296,734656,283904,303040,283072,1394048,0,1344,729344,0,0,0,0,0,0,128,192,32064,51712,47360,0,0,0,152320,128,501,1170,851810303,479516063,1362752,0
746,1676864,138560,130048,0,3968,9536,684096,289664,420992,401408,1275456,0,1408,678656,0,0,0,0,0,0,128,128,32128,51904,54912,0,0,0,150336,128,513,1198,615132412,722919641,1265920,0
747,1676992,148096,129728,0,6272,9920,662016,283968,436992,417216,1259776,0,1408,656704,0,0,0,0,0,0,192,192,32448,51520,50688,0,0,0,148800,128,512,1210,915695632,1186598080,1249856,0
748,1676672,150144,129408,0,7168,9856,553536,281280,545280,525376,1151296,0,1408,548160,0,0,0,0,0,0,192,256,31936,51456,46912,0,0,0,150400,128,533,1239,3551627840,3317272243,1141440,0
749,1116864,138176,130624,0,6400,9792,519680,274560,37632,18240,1098624,0,1408,514240,0,0,0,0,0,0,192,256,33216,51072,39744,0,0,0,149952,128,543,1257,949458413,3094732689,1088832,0
750,1676928,179648,129920,0,6080,9792,574400,277184,499904,475136,1201792,0,1408,569024,0,0,0,0,0,0,128,256,33280,51520,40000,0,0,0,151872,128,532,1239,1289349695,3334679847,1192000,0
751,1116864,150336,130560,0,6784,9536,472960,282304,64384,45120,1071744,0,1408,467456,0,0,0,0,0,0,192,192,32960,51712,47168,0,0,0,149952,128,519,1220,1451430027,4135793634,1062208,0
752,1677120,138816,128960,0,6208,9664,546944,292288,554240,534208,1142912,0,1408,541632,0,0,0,0,0,0,192,256,33152,51072,55488,0,0,0,152000,128,507,1194,3085059562,975192339,1133248,0
753,1116672,148992,129920,0,5888,10112,448768,283328,89664,70144,1046528,0,1408,443392,0,0,0,0,0,0,192,192,33472,51712,46912,0,0,0,150720,128,505,1192,345802418,196787990,1036416,0
754,1116608,150656,130624,0,5888,9536,452800,277952,89152,69824,1046784,0,1344,447424,0,0,0,0,0,0,128,256,33152,50944,42688,0,0,0,150656,128,518,1224,2588377114,784271161,1037248,0
755,1677120,224320,129280,0,12864,23616,717632,239040,330368,311104,1366016,0,1280,712256,0,0,0,0,0,0,64,128,128,51008,39168,0,0,0,148352,192,517,1207,1711700571,2244961547,1342400,0
756,1116736,156288,129536,0,4608,9664,453760,236288,126592,107584,1009152,0,1344,448448,0,0,0,0,0,0,64,128,128,50880,35840,0,0,0,149120,128,517,1211,3135747480,3210799658,999488,0
757,1677248,235200,129664,0,3712,44800,795712,245824,222336,202816,1474432,0,1408,790400,0,0,0,0,0,0,64,128,128,51264,44352,0,0,0,149696,192,526,1243,3779226158,3794524317,1429632,0
758,1116352,145664,131456,0,3712,9536,459072,245440,121472,102016,1014336,0,1408,453760,0,0,0,0,0,0,64,128,64,50496,46528,0,0,0,148032,128,530,1252,138263037,301981474,1004800,0
759,1117056,168704,130304,0,5888,9984,484608,241664,75904,56128,1060928,0,1408,479168,0,0,0,0,0,0,64,128,128,51008,39680,0,0,0,150528,128,533,1251,404333046,972826044,1050944,0
760,1676864,164544,128448,0,6080,9856,592320,229952,545664,522752,1154112,0,1408,586944,0,0,0,0,0,0,64,64,128,50496,29696,0,0,0,149376,128,524,1236,4247594978,2846255697,1144256,0
761,1116800,149568,129024,0,3584,9664,492544,223680,108736,89280,1027520,0,1344,487168,0,0,0,0,0,0,128,128,128,50496,24640,0,0,0,147968,192,520,1217,1632140,658061954,1017856,0
762,1677120,156544,128896,0,3584,9600,654400,229440,494656,474880,1202240,0,1344,649024,0,0,0,0,0,0,128,64,128,50752,29312,0,0,0,148928,128,529,1235,2532178374,2184278627,1192640,0
763,1116864,138688,128448,0,3520,9536,492096,229632,114944,95552,1021312,0,1280,486720,0,0,0,0,0,0,64,128,128,50176,31232,0,0,0,147776,128,529,1246,3008264862,1785966529,1011776,0
764,1116800,137088,129856,0,3584,9664,518016,222400,96192,76672,1040128,0,1344,512704,0,0,0,0,0,0,128,128,64,50560,23616,0,0,0,147776,128,525,1242,3518745017,1830388219,1030464,0
765,1116864,137984,130048,0,4032,9600,537664,218432,79104,59776,1057088,0,1344,532288,0,0,0,0,0,0,64,64,128,50624,20416,0,0,0,147008,128,531,1244,3358556398,2995339707,1047488,0
766,1116992,137280,129216,0,3584,9664,465536,209216,162496,137536,979456,0,1408,460224,0,0,0,0,0,0,128,64,128,50944,12096,0,0,0,145728,128,535,1247,1456086771,595747823,969792,0
767,1116736,135744,129152,0,3584,23232,570816,213888,40320,20800,1095936,0,1344,565504,0,0,0,0,0,0,64,128,128,51072,12224,0,0,0,150144,128,528,1242,1966198535,1389300377,1072704,0
768,1116672,137792,128064,0,3584,9408,545984,220544,71296,51904,1064768,0,1408,540608,0,0,0,0,0,0,64,128,64,50944,21888,0,0,0,147328,128,530,1255,1738351379,1170258139,1055360,0
769,1117056,138624,128064,0,3584,9536,584512,222144,30592,11072,1105984,0,1408,579136,0,0,0,0,0,0,64,128,128,50880,25024,0,0,0,145792,128,541,1266,2484349985,4169432785,1096448,0
770,1677120,170048,130496,0,6144,9984,761600,240000,358848,339392,1337728,0,1408,756096,0,0,0,0,0,0,64,128,64,50368,42112,0,0,0,147136,128,547,1275,900413448,4021768759,1327744,0
771,1676992,137280,129664,0,6592,31296,563648,236608,571904,551808,1125184,0,1344,558144,0,0,0,0,0,0,128,128,128,51136,39040,0,0,0,145920,128,522,1237,184901258,1326769486,1093888,0
772,1676800,169984,130816,0,13248,9856,786624,295488,270784,249984,1426816,0,2688,778048,0,0,0,0,0,0,44096,192,256,51776,45696,0,0,0,153280,192,539,1265,2550123130,661759378,1416960,0
773,1676800,138048,130048,0,19776,10240,514880,285632,578176,558272,1118528,0,1344,509504,0,0,0,0,0,0,44288,192,256,51840,39296,0,0,0,149568,192,542,1269,2182173475,1914941111,1108288,0
774,1676992,161536,130432,0,3648,9856,568960,293440,509120,489664,1187328,0,1408,563584,0,0,0,0,0,0,43840,256,320,51648,47552,0,0,0,149696,128,541,1263,584520671,936221615,1177472,0
775,1677056,150080,129856,0,4480,10048,573184,292928,516480,497152,1179904,0,1408,567808,0,0,0,0,0,0,43712,256,256,51712,46080,0,0,0,150784,128,536,1255,4087255688,3453737309,1169856,0
776,1676864,138496,130240,0,3712,9920,576448,294464,523584,504192,1172672,0,1408,571200,0,0,0,0,0,0,44544,192,320,51520,46080,0,0,0,151680,128,528,1247,3523380873,3730704321,1162752,0
777,1677824,148864,129856,0,3648,9856,574016,286528,525056,504704,1173120,0,1408,568640,0,0,0,0,0,0,44480,256,256,51584,38208,0,0,0,151616,128,530,1247,3672044816,2189464535,1163264,0
778,1676288,151040,131008,0,3712,9792,577024,285632,518080,498368,1177920,0,1408,571904,0,0,0,0,0,0,44416,256,320,51776,39296,0,0,0,149440,128,531,1244,372397735,59080394,1168128,0
779,1676992,137984,130112,0,3520,9792,599872,286592,509120,488896,1188096,0,1344,594496,0,0,0,0,0,0,44480,256,320,51648,39232,0,0,0,150528,128,535,1255,120216988,1780241785,1178304,0
780,1676800,182208,129728,0,3648,9792,674880,289344,387200,367680,1309120,0,1344,669440,0,0,0,0,0,0,44544,256,256,51584,43200,0,0,0,149376,128,540,1256,692406565,951856632,1299328,0
781,1677120,181632,130112,0,3712,31296,682624,289728,358016,338432,1338688,0,1344,677248,0,0,0,0,0,0,44416,256,256,51008,42496,0,0,0,151168,128,555,1290,3989078845,26004300,1307392,0
782,1676928,139648,130560,0,5952,10304,612608,288896,488960,464000,1212928,0,1408,607168,0,0,0,0,0,0,44288,192,256,50752,42944,0,0,0,150336,128,554,1287,3776669446,4122642364,1202624,0
783,1676736,149184,130048,0,4928,9984,585600,283584,513408,493376,1183360,0,1408,580224,0,0,0,0,0,0,44096,320,256,51712,35328,0,0,0,151744,128,551,1273,4679475,2622355681,1173376,0
784,1677056,170432,129536,0,3520,9984,711616,279680,372288,353024,1324032,0,1344,706304,0,0,0,0,0,0,44480,256,320,51648,29824,0,0,0,153024,128,548,1265,499617807,3726819029,1314048,0
785,1676992,138752,131072,0,3520,9856,603392,270400,520000,500544,1176448,0,1408,598016,0,0,0,0,0,0,44160,192,320,51840,25600,0,0,0,148160,128,539,1245,3864880771,1146008102,1166592,0
786,1676992,170688,129856,0,3520,10112,695552,269760,397504,377984,1299008,0,1280,690176,0,0,0,0,0,0,44352,256,320,51712,23296,0,0,0,149696,128,512,1207,1249757968,1403312059,1288896,0
787,1677120,205248,131584,0,3712,9984,985280,291712,49600,30080,1647040,0,1344,979840,0,0,0,0,0,0,45056,320,4416,51520,37056,0,0,0,153216,128,517,1213,1658533598,1938607371,1637056,0
788,1676928,135040,130304,0,3712,9984,662528,297920,437440,417600,1259328,0,1344,657216,0,0,0,0,0,0,44800,256,4416,51712,44608,0,0,0,152000,128,523,1223,1485200428,231586182,1249344,0
789,1676928,154624,129472,0,11840,10304,830720,305792,234176,214720,1462208,0,1408,825216,0,0,0,0,0,0,44416,320,4416,51840,51776,0,0,0,152896,128,516,1206,3997761879,1952378334,1451904,0
790,2237184,238848,130880,0,12800,24000,1045056,331840,453760,433792,1803392,0,1408,1039744,0,0,0,0,0,0,256,256,66432,52224,58752,0,0,0,153792,128,539,1252,4144038572,1531217448,1779392,0
791,1677120,131392,129728,0,4096,45696,652160,350912,363136,343360,1333760,0,1408,646912,0,0,0,0,0,0,256,384,67072,52096,78464,0,0,0,152512,128,516,1220,3994369212,1120003613,1288064,0
792,1676992,132096,128896,0,4032,23808,646208,381952,360000,340736,1336256,0,1280,640896,0,0,0,0,0,0,256,448,98560,52672,74496,0,0,0,155392,128,550,1282,2115789979,528535501,1312448,0
793,1676992,146048,130240,0,4032,24128,828352,381376,162816,143232,1533760,0,1344,823040,0,0,0,0,0,0,256,448,97920,52160,75392,0,0,0,155072,128,549,1289,790619550,3953592403,1509632,0
794,1676992,132352,129984,0,4032,9536,637760,387904,375424,355840,1321152,0,1408,632320,0,0,0,0,0,0,320,384,98304,52608,80640,0,0,0,155520,128,523,1244,2881722086,990942679,1311616,0
795,1677056,132032,129472,0,6528,9536,646592,379584,373312,353664,1323392,0,1344,641088,0,0,0,0,0,0,256,384,99648,51968,69888,0,0,0,157312,128,539,1285,2587823933,564500416,1313856,0
796,1676928,131648,129856,0,5376,9536,685632,388800,326080,306368,1370560,0,1408,680320,0,0,0,0,0,0,256,384,99200,52288,80640,0,0,0,155904,128,557,1317,3525774493,2744368783,1361024,0
797,2237056,132736,133888,0,11904,24576,733184,881024,319744,294720,1942336,0,1344,727808,0,0,0,0,0,0,320,492864,99328,52352,73408,39680,0,0,162624,128,548,1298,538673419,3892637409,1917760,0
798,1676736,147136,130432,0,6400,10112,713536,436544,232576,213376,1463360,0,1408,708096,0,0,0,0,0,0,384,51008,98560,53312,74176,0,0,0,158976,128,529,1255,3306759168,4061748916,1453248,0
799,1676928,131840,129664,0,5440,10112,745216,426432,228224,203456,1473472,0,1408,739776,0,0,0,0,0,0,384,51520,98816,53440,64448,0,0,0,157632,192,530,1267,3434391653,809167868,1463360,0
800,2237248,197312,129216,0,4032,10560,930688,424000,541440,521664,1715584,0,1344,925376,0,0,0,0,0,0,384,51840,98496,53696,60416,0,0,0,159040,128,540,1277,1477530327,3051484410,1705024,0
801,1677248,131456,130112,0,4096,31488,607616,399040,373440,353600,1323648,0,1408,602176,0,0,0,0,0,0,384,51264,99072,52544,36480,0,0,0,159168,128,542,1259,81356507,3113772938,1292160,0
802,1676608,144512,129280,0,4032,9984,614400,393216,381184,361536,1315072,0,1408,609024,0,0,0,0,0,0,320,51648,98752,53440,30848,0,0,0,158080,128,540,1266,1388272070,2439374904,1305088,0
803,1676992,131648,130112,0,4800,10112,652992,357440,389888,370368,1306624,0,1408,647680,0,0,0,0,0,0,320,51008,66112,52672,30976,0,0,0,156224,128,510,1194,4156445860,1950409269,1296512,0
804,1677184,132096,130368,0,6784,9984,691392,392192,314368,294464,1382720,0,1408,685952,0,0,0,0,0,0,512,51712,97920,53568,30528,0,0,0,157824,128,532,1258,3496305359,2938392761,1372736,0
805,1676608,132160,129408,0,5440,10496,706112,340544,352448,332992,1343616,0,1344,700672,0,0,0,0,0,0,320,51392,65920,52736,14784,0,0,0,155264,128,531,1248,2821688061,1566777994,1333120,0
806,1676928,131840,131776,0,3776,9920,633920,375360,390336,370752,1306176,0,1408,628480,0,0,0,0,0,0,384,50880,99456,53376,14592,0,0,0,156544,128,562,1306,3616952248,2693369589,1296256,0
807,1676864,145152,129792,0,5888,10112,586368,343360,456192,436736,1240128,0,1216,581056,0,0,0,0,0,0,448,51584,68416,52800,14592,0,0,0,155392,128,541,1282,3281758864,2630658509,1230016,0
808,1677120,132352,131136,0,6784,10496,502656,377280,516416,496896,1180224,0,1408,497216,0,0,0,0,0,0,256,51264,100160,53248,14784,0,0,0,157440,128,555,1301,2898652795,3572977734,1169728,0
809,1676992,131584,129856,0,6592,10368,535488,340992,522112,502464,1174528,0,1344,530176,0,0,0,0,0,0,384,50944,68160,52800,14400,0,0,0,154176,128,527,1245,2110566746,55156030,1164160,0
810,1677248,131968,131200,0,3584,10112,507008,377472,515904,496192,1181056,0,1408,501632,0,0,0,0,0,0,384,51584,100032,53376,14528,0,0,0,157440,128,519,1239,4182531202,3577123126,1170944,0
811,2237056,211136,130752,0,10048,31680,965504,432832,455104,435456,1801600,0,1344,960128,0,0,0,0,0,0,320,51008,100608,53312,25600,0,0,0,201856,128,518,1283,2770554606,1464579490,1769920,0
812,1676928,131456,130432,0,3712,9792,500032,431616,469888,450176,1226752,0,1344,494656,0,0,0,0,0,0,448,50624,100480,52736,30528,0,0,0,196672,128,519,1262,1919598565,2087191885,1216960,0
813,1676800,150720,130112,0,3712,10240,689856,432576,259584,240064,1436736,0,1408,684352,0,0,0,0,0,0,320,50112,98944,53568,30400,0,0,0,199040,192,523,1260,1857785465,2510767151,1426496,0
814,1677056,131328,129792,0,5952,10240,630144,432256,337344,317696,1359360,0,1408,624768,0,0,0,0,0,0,512,50560,99968,53120,31104,0,0,0,196864,128,536,1277,3892355972,4267385950,1349120,0
815,1676992,131456,129152,0,6144,10176,636224,434368,329472,304384,1372608,0,1344,630784,0,0,0,0,0,0,384,51520,100352,53312,30784,0,0,0,197824,192,544,1270,92953313,1364852662,1362432,0
816,1676928,162368,131008,0,3776,10240,693056,398272,278208,258432,1418496,0,1408,687744,0,0,0,0,0,0,320,50752,67456,52800,30336,0,0,0,196480,128,532,1255,4022862598,3756225646,1408256,0
817,1676992,131584,134592,0,3712,10304,604096,367360,425344,405760,1271232,0,1408,598784,0,0,0,0,0,0,576,51200,75008,52736,30976,0,0,0,156736,128,512,1213,18187903,65824006,1260928,0
818,1676800,131584,130432,0,4544,10112,581760,361984,456384,436864,1239936,0,1408,576320,0,0,0,0,0,0,448,51392,67008,52864,30656,0,0,0,159488,128,523,1229,3960383027,3869387154,1229824,0
819,1676672,311104,129984,0,3648,9984,627072,359040,235840,216320,1460352,0,1408,621696,0,0,0,0,0,0,320,51392,68032,53248,30848,0,0,0,155072,128,542,1299,1579393186,2128800232,1450368,0
820,1677184,134144,129728,0,3648,9920,581568,358464,459712,440000,1237184,0,1344,576128,0,0,0,0,0,0,384,51328,67712,52352,31424,0,0,0,155136,128,546,1320,2314873056,3282649961,1227264,0
821,1676928,172736,129984,0,3712,31744,887808,351424,99520,79872,1597056,0,1344,882432,0,0,0,0,0,0,256,51456,35648,52608,57600,0,0,0,153728,128,542,1303,2934679801,1290413986,1565312,0
822,1676928,172288,129984,0,20608,10496,853952,354560,135040,115584,1561344,0,1408,848576,0,0,0,0,0,0,256,51520,35136,52224,61376,0,0,0,153920,128,559,1342,2583288429,1099945748,1550848,0
823,1116864,136896,130304,0,3840,10112,489024,302016,44672,24896,1091968,0,1408,483712,0,0,0,0,0,0,192,51200,320,51648,48832,0,0,0,149696,128,538,1283,2967830387,2532313761,1081856,0
824,1676800,226816,129024,0,14016,10368,600640,306240,389696,370048,1306752,0,1408,595264,0,0,0,0,0,0,256,51264,256,51520,51008,0,0,0,151808,128,542,1283,3068180363,1358093595,1296384,0
825,1116608,137344,131200,0,3840,9920,443840,296960,93504,73728,1042880,0,1344,438528,0,0,0,0,0,0,128,50944,320,51008,43648,0,0,0,150784,128,530,1267,2195382864,1650202236,1032960,0
826,1116736,137216,131584,0,3968,9920,455296,287232,91520,72128,1044608,0,1408,449920,0,0,0,0,0,0,256,51264,256,51584,35584,0,0,0,148160,128,533,1256,1669653445,2788755257,1034688,0
827,1116992,136960,131456,0,3904,24448,435008,288896,96320,76480,1040512,0,1408,429632,0,0,0,0,0,0,192,50880,320,51712,35776,0,0,0,149888,128,529,1244,924548168,397056481,1016064,0
828,1676736,168064,131904,0,10496,10304,596160,285888,473920,454464,1222272,0,1344,590848,0,0,0,0,0,0,192,50624,256,51584,35520,0,0,0,147584,128,428,1024,1003704709,1354930476,1211968,0
829,1117120,111040,130112,0,3840,9920,429568,287168,145472,125760,991360,0,1408,424256,0,0,0,0,0,0,192,51648,320,51264,35712,0,0,0,147904,128,431,1017,1886494193,1001544208,981440,0
830,1116736,111552,130880,0,6144,10176,426688,286848,144448,124608,992128,0,1344,421376,0,0,0,0,0,0,256,51456,320,52032,35520,0,0,0,147136,128,418,987,3190457854,3334481969,981952,0
831,1116544,111488,130752,0,6144,10176,430528,286528,140928,115904,1000640,0,1408,425152,0,0,0,0,0,0,128,51520,256,51968,35456,0,0,0,147072,128,413,971,946535712,919069688,990464,0
832,1116864,110784,130816,0,4992,10112,460672,280576,118912,99072,1017792,0,1344,455296,0,0,0,0,0,0,192,51264,320,51712,29440,0,0,0,147520,128,397,939,2002605074,673782057,1007680,0
833,1117056,110976,130304,0,3712,10112,450752,281664,129536,109888,1007168,0,1408,445376,0,0,0,0,0,0,192,51328,320,51776,29696,0,0,0,148224,128,416,979,2410997641,2754142504,997056,0
834,1116480,111232,131200,0,3712,10176,499328,288448,72384,52928,1063552,0,1408,494016,0,0,0,0,0,0,256,51008,320,51584,37504,0,0,0,147648,128,406,963,690180699,2224641313,1053376,0
835,1116864,110976,132736,0,3712,32064,512704,284672,40000,20352,1096512,0,1344,507392,0,0,0,0,0,0,192,51648,256,51584,32192,0,0,0,148608,192,399,948,1910121531,3876241910,1064448,0
836,1676736,181248,128896,0,5888,10176,583744,265344,501440,480128,1196608,0,1408,577088,0,0,0,0,0,0,256,51584,192,51776,13376,0,0,0,148032,128,399,945,3887726126,1004695916,1186432,0
837,1117376,122112,129408,0,3776,9984,492096,264448,95552,75392,1041984,0,1344,486720,0,0,0,0,0,0,192,51008,256,50816,13376,0,0,0,148672,128,394,941,2412083571,1662111697,1032000,0
838,1676416,143424,129088,0,5120,10176,584832,261696,542080,522240,1154176,0,1344,579520,0,0,0,0,0,0,128,47552,320,51712,13056,0,0,0,148800,128,393,938,2486543696,669975436,1144000,0
839,1116800,155456,128832,0,6720,10240,467648,262208,85696,66112,1050688,0,1344,462272,0,0,0,0,0,0,192,47616,320,51264,13120,0,0,0,149568,128,399,950,2446683447,2242785107,1040448,0
840,1116736,122048,128128,0,6976,10496,488704,271424,88960,69312,1047424,0,1408,483392,0,0,0,0,0,0,192,47360,320,51840,22592,0,0,0,148992,128,397,941,265103577,820485354,1036928,0
841,1116864,109824,127808,0,5056,10048,412992,272384,178752,159104,957760,0,1408,407616,0,0,0,0,0,0,128,48128,256,51904,21568,0,0,0,150272,128,392,932,698153125,646837452,947712,0
842,1677120,147648,129472,0,3648,9920,780864,264256,341312,321728,1355392,0,1344,775552,0,0,0,0,0,0,128,48448,320,51648,13568,0,0,0,150016,128,386,916,3622660104,242601097,1345472,0
843,1116672,124864,128960,0,3648,10112,504960,262016,82112,62592,1054080,0,1280,499520,0,0,0,0,0,0,192,47616,320,51648,13248,0,0,0,148800,192,385,925,4180690406,727705766,1043968,0
844,1116672,136448,129920,0,3712,9920,428288,262592,145792,126400,990272,0,1344,422976,0,0,0,0,0,0,128,47744,256,51584,13184,0,0,0,149504,192,384,926,958671312,1028354769,980352,0
845,1116928,121600,129856,0,3648,9920,478592,272576,100736,81024,1035904,0,1344,473344,0,0,0,0,0,0,192,47424,320,51584,23040,0,0,0,149888,128,390,921,3950278707,2855205380,1025984,0
846,1116672,110720,130240,0,3712,9984,430912,272192,158912,139584,977088,0,1408,425600,0,0,0,0,0,0,192,48512,320,51584,21824,0,0,0,149568,192,392,923,1464201466,4098137309,967104,0
847,1677184,155648,129728,0,3712,10112,667008,261952,449024,424192,1252992,0,1280,661696,0,0,0,0,0,0,128,47808,320,51712,13056,0,0,0,148800,128,399,931,2785572966,1083018708,1242880,0
848,1116736,121408,130432,0,3712,9984,444992,260288,145920,126144,990592,0,1344,439552,0,0,0,0,0,0,128,47616,320,51648,13440,0,0,0,147008,128,399,935,4229132823,2972922515,980608,0
849,1116672,124032,129920,0,3712,45760,530304,260288,22656,2432,1114240,0,1344,524928,0,0,0,0,0,0,192,47616,256,51520,12928,0,0,0,147648,128,405,943,2807669434,2370867225,1068480,0
850,1676992,127680,128832,0,3712,24000,659456,262912,470400,451008,1225984,0,1344,654144,0,0,0,0,0,0,256,48064,320,51840,13248,0,0,0,149056,128,386,910,1868556468,3512113483,1201984,0
851,1676992,122176,128896,0,12352,24768,606080,301248,481472,461760,1215232,0,1408,600704,0,0,0,0,0,0,128,47104,320,51648,12992,0,0,0,188928,128,392,949,2720472010,3904398144,1190464,0
852,1676928,121344,128960,0,3648,10240,667392,303680,441664,422272,1254656,0,1408,661952,0,0,0,0,0,0,192,47296,320,51840,13312,0,0,0,190592,128,388,922,3199379753,1634593255,1244416,0
853,2238400,345152,132800,0,17024,14208,864448,672320,192448,155136,2083264,0,1344,859008,0,0,0,0,0,0,128,47232,319296,52352,24000,23552,0,0,229184,128,449,1052,2703109267,4266616531,2069056,0
854,1677248,317376,129792,0,5888,10176,703168,410880,99968,78720,1598528,0,1344,697792,0,0,0,0,0,0,256,46784,46464,52608,37056,0,0,0,227584,128,468,1086,433132799,1403415748,1588352,0
855,2235584,182720,131008,0,19456,24512,1009344,435840,432704,413184,1822400,0,1408,1003904,0,0,0,0,0,0,256,47168,47360,52416,59200,0,0,0,229312,128,469,1113,1680439711,301432021,1797888,0
856,1677056,143040,130368,0,6336,24768,595072,419776,357696,338368,1338688,0,1408,589696,0,0,0,0,0,0,256,47552,47040,52608,45504,0,0,0,226624,192,473,1125,1158115995,1444302259,1313920,0
857,1677056,117952,130688,0,6912,24896,631360,388224,377024,356992,1320064,0,1280,626048,0,0,0,0,0,0,256,47552,46400,51968,45120,0,0,0,196800,128,458,1080,2757939798,1495341243,1295168,0
858,1676736,175936,130240,0,5312,9856,744960,371712,238720,218816,1457920,0,1408,739584,0,0,0,0,0,0,192,47616,256,51648,77184,0,0,0,194688,128,549,1331,2636908929,525299425,1448064,0
859,1676992,176448,130304,0,3776,31872,700032,316992,317568,297984,1379008,0,1344,694528,0,0,0,0,0,0,256,47424,320,51648,63232,0,0,0,153984,128,525,1269,31084704,3279451874,1347136,0
860,1676800,144192,130752,0,3840,10112,684864,316224,386816,367296,1309504,0,1408,679488,0,0,0,0,0,0,192,47168,320,51776,60352,0,0,0,156288,128,509,1257,930378943,300832648,1299392,0
861,1676992,146304,129024,0,6272,10112,708160,320512,356608,336832,1340160,0,1408,702784,0,0,0,0,0,0,128,47552,320,51904,64704,0,0,0,155776,128,523,1283,3106646193,786763814,1330048,0
862,1676992,147840,130624,0,6336,10432,696576,319040,366144,346688,1330304,0,1408,691392,0,0,0,0,0,0,192,47808,320,51776,63232,0,0,0,155584,128,521,1292,3201902248,3358758862,1319872,0
863,1677056,133504,129856,0,6080,10176,674112,318464,404864,385088,1291968,0,1408,668800,0,0,0,0,0,0,192,47936,320,51776,63232,0,0,0,154880,128,507,1267,1042653703,1063986846,1281792,0
864,1678528,158848,129984,0,6272,12416,867712,314368,188928,162560,1515968,0,1344,862336,0,0,0,0,0,0,128,47616,256,51840,56512,0,0,0,157888,128,517,1276,4054799673,4130493192,1503552,0
865,1676992,147712,130304,0,4800,12288,667200,323136,391552,370048,1306944,0,1344,661696,0,0,0,0,0,0,256,47872,256,51584,67840,0,0,0,155200,128,523,1291,4012359062,2070506769,1294656,0
866,1676736,144960,130176,0,3776,12416,601088,308352,475968,454656,1222080,0,1344,595776,0,0,0,0,0,0,128,47424,320,51776,53952,0,0,0,154624,128,515,1259,2860698052,1746912525,1209664,0
867,1677056,146368,130112,0,3776,12288,581824,301504,501184,480000,1197056,0,1344,576576,0,0,0,0,0,0,128,47680,320,51776,46848,0,0,0,154624,128,520,1266,577697030,3415190111,1184768,0
868,1676992,146496,130240,0,4800,12608,582528,309184,491136,469760,1207232,0,1408,577216,0,0,0,0,0,0,192,47168,320,59264,43200,0,0,0,158912,128,534,1282,824743876,1645561549,1194624,0
869,1677056,149248,132800,0,5632,33856,764992,297600,292928,271360,1405696,0,1344,759616,0,0,0,0,0,0,192,47424,320,51776,45376,0,0,0,152384,128,526,1273,3115617123,3768544470,1371840,0
870,1676800,145856,129856,0,3712,12224,579328,300672,505152,483712,1193088,0,1408,573888,0,0,0,0,0,0,192,47360,320,52032,47552,0,0,0,153088,128,522,1244,3460545771,805971044,1180864,0
871,1677120,147648,128896,0,3712,12480,590976,310848,482560,461376,1215744,0,1408,585600,0,0,0,0,0,0,256,47488,320,51776,55808,0,0,0,155072,128,527,1251,4148553926,1168937505,1203264,0
872,1676992,134976,129728,0,4864,12608,583808,306560,504448,482880,1194112,0,1280,578496,0,0,0,0,0,0,256,47488,256,51712,53696,0,0,0,153024,128,545,1281,1434956748,1675817717,1181504,0
873,1676736,145792,130368,0,6272,12416,587392,308288,486208,465216,1211520,0,1408,581952,0,0,0,0,0,0,128,48320,320,51712,55744,0,0,0,151936,128,529,1259,824535769,3006293454,1199104,0
874,1677056,148096,130176,0,6144,12800,570880,307648,501312,479488,1197568,0,1344,565440,0,0,0,0,0,0,256,47552,320,51776,54784,0,0,0,152832,128,533,1262,4106962626,1895382815,1184768,0
875,1676928,135040,130176,0,4736,10112,571904,299712,525248,503744,1173184,0,1344,566592,0,0,0,0,0,0,128,47680,320,51776,49728,0,0,0,149952,128,533,1253,717112828,2866921421,1163072,0
876,1675456,145792,130752,0,6016,10048,577152,297856,507840,487936,1187520,0,1408,571776,0,0,0,0,0,0,192,47488,320,51712,49088,0,0,0,148928,128,527,1263,3183506804,2976664803,1177472,0
877,1677056,146560,130048,0,5312,10240,677888,310784,396224,376640,1300416,0,1408,672448,0,0,0,0,0,0,192,47616,256,51648,59264,0,0,0,151680,128,516,1235,2606419384,3441589306,1290176,0
878,1676864,135104,130688,0,3456,10112,647680,306560,443264,423936,1252928,0,1408,642304,0,0,0,0,0,0,192,47232,320,51776,55680,0,0,0,151232,128,538,1252,750237985,1199083059,1242816,0
879,1676992,134272,130496,0,3520,10176,579584,298624,520320,501056,1175936,0,1344,574208,0,0,0,0,0,0,192,48192,320,51776,48384,0,0,0,149632,128,531,1249,1941161985,4266475530,1165760,0
880,1676992,134080,129472,0,4544,31744,572736,290624,513792,488640,1188352,0,1344,567360,0,0,0,0,0,0,192,47616,256,51584,39104,0,0,0,151744,128,531,1251,958973844,2030735651,1156608,0
881,1676736,135552,129856,0,4608,9856,592704,287744,516416,497152,1179584,0,1408,587264,0,0,0,0,0,0,192,47040,320,51712,38720,0,0,0,149632,128,512,1201,3891424885,4268801208,1169728,0
882,1678720,134848,130432,0,3520,12416,584384,290304,522816,502016,1176704,0,1472,579072,0,0,0,0,0,0,192,47168,384,51520,38656,0,0,0,152256,128,538,1233,2834044330,3513430240,1164288,0
883,1676928,427008,131008,0,4288,12672,646144,295488,160320,139008,1537920,0,1344,640768,0,0,0,0,0,0,192,48192,320,51392,42048,0,0,0,153216,128,530,1223,3447474373,2126973735,1525248,0
884,1676800,134144,129408,0,4608,12608,561152,292608,542272,521280,1155520,0,1344,555712,0,0,0,0,0,0,192,47360,320,51200,37568,0,0,0,155840,128,533,1241,3236028617,2644786057,1142912,0
885,1676928,156416,130496,0,4544,12736,521280,291584,559872,539072,1137856,0,1408,515968,0,0,0,0,0,0,192,48192,320,51840,36608,0,0,0,154304,128,518,1214,3206852902,3275325350,1125120,0
886,1677184,196864,130944,0,10624,12352,725056,291584,309760,288512,1388672,0,1344,719552,0,0,0,0,0,0,192,47680,320,50816,36544,0,0,0,155904,128,510,1206,3630182990,3978108344,1376320,0
887,1676992,153664,129920,0,3712,26496,613632,286016,463552,442112,1234880,0,1408,608128,0,0,0,0,0,0,192,48128,320,50880,30720,0,0,0,155648,128,518,1216,1777661776,2408511352,1208384,0
888,1677056,150144,130048,0,4864,12480,531840,288320,559360,534336,1142720,0,1408,526464,0,0,0,0,0,0,192,47552,256,51456,34880,0,0,0,153856,128,539,1236,272146970,3312746119,1130240,0
889,2237120,442496,130048,0,3584,26496,796800,308480,529216,508032,1729088,0,1344,791360,0,0,0,0,0,0,192,47424,320,51648,52288,0,0,0,156480,128,552,1269,1627403255,751184290,1702592,0
890,1116864,138624,131072,0,3584,33856,473856,301120,34752,13312,1103552,0,1408,468352,0,0,0,0,0,0,256,47360,256,51328,48640,0,0,0,153152,128,547,1258,3591073279,3615074890,1069696,0
891,1676864,139008,129984,0,5760,26624,542464,302848,530176,509056,1167808,0,1344,537088,0,0,0,0,0,0,192,47104,320,51520,49152,0,0,0,154432,128,531,1222,2220202653,2601783755,1141184,0
892,1116800,139200,129856,0,4800,12544,505600,301376,23424,2240,1114560,0,1408,500288,0,0,0,0,0,0,192,48192,320,51904,47424,0,0,0,153216,128,540,1238,458326538,2158930778,1102016,0
893,1676928,147840,130176,0,3328,12416,543424,300672,539072,517696,1159232,0,1408,538048,0,0,0,0,0,0,192,47552,320,51648,47872,0,0,0,152960,128,546,1242,4216099447,2611459384,1146816,0
894,1676928,155136,129920,0,10432,12608,583424,299072,486336,464832,1212096,0,1280,577984,0,0,0,0,0,0,192,47616,320,51648,46016,0,0,0,153152,128,536,1225,1290131819,1193162384,1199488,0
895,1676800,154688,129280,0,3648,12736,585152,304192,487104,465536,1211264,0,1344,579712,0,0,0,0,0,0,128,47936,320,51648,51200,0,0,0,152832,128,551,1233,224478562,1392030943,1198528,0
896,1117056,147072,132800,0,3648,12352,438528,305984,76672,49792,1067264,0,1408,433280,0,0,0,0,0,0,192,47424,320,51712,52608,0,0,0,153600,128,539,1213,815525885,2397191687,1054912,0
897,1117376,136896,130560,0,3584,10368,428736,296704,110528,88640,1028736,0,1280,423488,0,0,0,0,0,0,192,47424,256,51264,46976,0,0,0,150464,128,546,1225,3228388499,1623676075,1018368,0
898,1114752,146880,130368,0,3648,9792,466240,280832,76992,57216,1057536,0,1344,460864,0,0,0,0,0,0,128,47616,320,51776,30720,0,0,0,150144,128,547,1224,2232883359,2027124191,1047744,0
899,1116864,151168,131072,0,3520,9984,461760,288896,70464,50560,1066304,0,1408,456384,0,0,0,0,0,0,256,47488,320,51520,30464,0,0,0,158720,128,544,1208,3918756933,3253921599,1056320,0
900,1116992,135040,131264,0,5568,9792,465472,280576,89280,69568,1047424,0,1408,460032,0,0,0,0,0,0,256,48064,256,51392,30784,0,0,0,149696,128,547,1217,3392739233,2381182635,1037632,0
901,1116544,146880,130816,0,5824,10368,515200,280320,27136,7616,1108928,0,1280,509824,0,0,0,0,0,0,192,47936,320,51200,30720,0,0,0,149824,128,538,1190,3772482042,2082943797,1098560,0
902,1116672,148160,131072,0,4864,9856,462144,290176,70400,51072,1065600,0,1472,456640,0,0,0,0,0,0,192,48320,320,51456,38784,0,0,0,150976,128,538,1197,128993859,934422781,1055744,0
903,1677056,153792,129792,0,3456,31872,524608,291584,541952,522368,1154688,0,1408,519296,0,0,0,0,0,0,192,47232,320,51840,38272,0,0,0,153600,128,535,1210,4043055030,437015783,1122816,0
904,1116736,146688,130112,0,3328,10176,459264,280896,86272,66304,1050432,0,1344,453760,0,0,0,0,0,0,192,47872,320,51456,30464,0,0,0,150464,128,506,1157,3242518251,4087659490,1040256,0
905,1118528,148352,131008,0,3392,12416,457664,282944,82752,61312,1057216,0,1344,452224,0,0,0,0,0,0,256,47552,320,51584,30400,0,0,0,152704,128,494,1145,2197601050,361163382,1044800,0
906,1676800,208256,129280,0,10304,12672,688128,301376,326784,305472,1371328,0,1408,682752,0,0,0,0,0,0,192,47936,256,51648,46656,0,0,0,154560,128,518,1197,2768590694,2454680559,1358656,0
907,1677056,175104,130624,0,3712,13184,489344,289856,575232,553856,1123200,0,1408,483968,0,0,0,0,0,0,256,47616,320,51392,37824,0,0,0,152320,128,537,1217,2081806674,4257181167,1110016,0
908,1676608,185856,130816,0,3712,12160,479296,291840,572928,551552,1125056,0,1408,473920,0,0,0,0,0,0,256,47872,320,51712,37760,0,0,0,153792,128,540,1219,2176549838,691033565,1112896,0
909,1677248,185600,129152,0,4928,12288,515712,277312,552256,531072,1146176,0,1408,510400,0,0,0,0,0,0,192,48320,320,50752,22656,0,0,0,154944,128,556,1237,705508664,1942126468,1133888,0
910,1116672,152704,129472,0,6080,12544,397376,265664,152832,131520,985152,0,1408,392000,0,0,0,0,0,0,192,47232,320,51584,14976,0,0,0,151232,128,553,1236,4264761413,1543748381,972608,0
911,1676992,187648,128256,0,19008,26624,731904,277888,305664,284224,1392768,0,1344,726528,0,0,0,0,0,0,256,47936,320,51584,24512,0,0,0,153152,128,570,1269,1119109519,679215967,1366144,0
912,1116608,167552,129408,0,3712,26688,452032,281280,55936,29312,1087296,0,1408,446656,0,0,0,0,0,0,192,47680,320,50688,27392,0,0,0,154880,128,575,1282,3811713376,94010474,1060608,0
913,1116928,157760,128576,0,3648,26368,388800,279744,132032,111040,1005888,0,1408,383360,0,0,0,0,0,0,192,48064,320,51072,27136,0,0,0,152832,128,574,1280,4047876568,1864549921,979520,0
914,1116992,157056,128512,0,3648,12608,396736,284160,134272,112320,1004672,0,1344,391424,0,0,0,0,0,0,192,47616,320,51392,29568,0,0,0,154944,128,579,1296,2483188056,3852265245,992064,0
915,1676928,182656,128960,0,3648,33920,467072,284160,576512,554880,1122048,0,1408,461696,0,0,0,0,0,0,256,47424,320,51840,29632,0,0,0,154496,192,576,1302,3533096970,3559077872,1088128,0
916,1116928,167552,129344,0,3648,12160,449536,283264,71424,49792,1067136,0,1408,444224,0,0,0,0,0,0,128,47552,320,51584,29184,0,0,0,154368,128,563,1276,1647585272,4213736858,1054976,0
917,1116480,153728,130944,0,3712,26624,438336,284544,78592,57472,1059008,0,1408,432896,0,0,0,0,0,0,256,47552,320,51776,29632,0,0,0,154880,128,570,1303,2678237500,1663017244,1032384,0
918,1116992,153280,131456,0,4544,13376,451264,282496,80576,58368,1058624,0,1408,445824,0,0,0,0,0,0,192,47744,320,51392,27136,0,0,0,155584,128,568,1282,2316700754,1608919724,1045248,0
919,1116608,154304,130112,0,4608,12608,432768,280320,101888,80576,1036032,0,1408,427392,0,0,0,0,0,0,128,47360,320,51712,26752,0,0,0,153920,128,561,1268,2388487903,4028164539,1023424,0
920,1117056,153088,129216,0,3648,9984,435136,263552,122432,100992,1016064,0,1408,429760,0,0,0,0,0,0,256,47488,320,51712,14144,0,0,0,149504,128,571,1288,3089733751,1924569729,1006080,0
921,1676736,154112,129152,0,3648,21056,512064,273152,583552,559360,1117376,0,1344,506624,0,0,0,0,0,0,128,48064,256,51776,14592,0,0,0,158208,128,559,1254,3949536285,4206089646,1096320,0
922,1116800,152896,129984,0,3776,21120,471232,270400,67392,45952,1070848,0,1344,465920,0,0,0,0,0,0,192,47616,320,51840,14528,0,0,0,155776,128,566,1270,636305335,2984987818,1049728,0
923,1677056,153408,129536,0,19840,22016,551168,271296,529792,507520,1169536,0,3392,542336,0,0,0,0,0,0,192,47552,320,51584,14912,0,0,0,156608,128,565,1276,1895651289,3681924819,1147520,0
924,1116800,153152,129536,0,3776,21056,485376,270848,53056,31744,1085056,0,1344,480064,0,0,0,0,0,0,192,47552,256,51520,15232,0,0,0,155968,128,548,1247,2803210320,2905356211,1064000,0
925,1116736,151936,129792,0,3776,21120,473344,272000,64768,43392,1073344,0,1408,468032,0,0,0,0,0,0,256,47488,320,51776,14720,0,0,0,157312,128,531,1212,2305703981,283811254,1052224,0
926,1676800,185152,129856,0,3712,22016,533248,270144,532672,511424,1165376,0,1344,527936,0,0,0,0,0,0,128,47360,256,51584,14016,0,0,0,156672,128,530,1221,4801439,3845710809,1143360,0
927,1116736,154176,130304,0,3712,23040,482496,272192,50816,29504,1087232,0,1280,477120,0,0,0,0,0,0,256,47424,320,51648,14848,0,0,0,157568,128,511,1178,3496587610,3874294687,1064192,0
928,1676992,174784,129152,0,4928,44992,476096,273600,573440,545920,1131072,0,1344,470784,0,0,0,0,0,0,192,48384,320,51840,14848,0,0,0,157888,128,489,1124,2878095749,641607900,1086080,0
929,1677120,145408,128000,0,6272,22976,582080,274048,518336,496448,1180672,0,1408,576768,0,0,0,0,0,0,128,47552,256,50816,14528,0,0,0,160640,128,468,1042,1596304831,300221335,1157696,0
930,1676608,112704,130816,0,3648,23680,572800,274240,558720,537216,1139392,0,1344,567552,0,0,0,0,0,0,192,47488,256,51584,14400,0,0,0,160192,128,453,1029,2773339409,2630147024,1115712,0
931,1676928,113216,130112,0,3712,20736,586176,273664,549312,527872,1149056,0,1408,580736,0,0,0,0,0,0,192,48128,320,51648,14912,0,0,0,158336,128,455,1027,2362379894,3809544627,1128320,0
932,1677120,113152,129600,0,3712,21440,584704,273664,550848,529344,1147776,0,1344,579328,0,0,0,0,0,0,128,48192,256,51584,14848,0,0,0,158528,128,457,1033,556116852,302473313,1126336,0
933,1676864,113408,128896,0,3776,21248,592512,273856,543168,522048,1154816,0,1280,587200,0,0,0,0,0,0,192,47936,320,51648,14784,0,0,0,158848,128,456,1032,388989233,2085113779,1133568,0
934,1677056,131200,129024,0,4928,20672,545408,274176,571648,550208,1126848,0,1344,540096,0,0,0,0,0,0,192,47296,320,51584,14848,0,0,0,159808,128,457,1037,2585745918,2167754861,1106176,0
935,1116736,112448,129024,0,6144,20992,478016,286400,83712,62592,1054144,0,1344,472512,0,0,0,0,0,0,192,47616,320,60352,14528,0,0,0,163200,192,461,1044,1514166314,247094956,1033152,0
936,1676864,111616,134656,0,20672,35840,669760,371904,332416,305088,1371776,0,3200,659840,0,0,0,0,0,0,320,48384,71680,52032,35904,0,0,0,163456,128,460,1052,273900010,246609450,1335936,0
937,1677120,124288,129856,0,17024,35776,468800,377792,523584,502016,1175104,0,1344,463296,0,0,0,0,0,0,256,48000,70912,52480,47680,0,0,0,158336,128,467,1058,4271207301,3894126290,1139328,0
938,1676928,104832,129472,0,5568,35648,449280,400576,551552,530496,1146432,0,1408,443840,0,0,0,0,0,0,256,47616,70592,52032,69248,0,0,0,160704,128,485,1135,3377552528,2097814208,1110784,0
939,1677248,104320,128832,0,6464,56704,551104,417024,412800,390848,1286400,0,1408,545664,0,0,0,0,0,0,192,47552,70848,52224,86080,0,0,0,160000,128,496,1192,1089205610,1072652845,1229696,0
940,1676928,121920,130048,0,12352,35968,547520,444800,384320,362880,1314048,0,1408,542144,0,0,0,0,0,0,256,47360,72512,52224,111232,0,0,0,161088,128,520,1224,1958229254,3822590293,1278080,0
941,1676736,104512,129728,0,4032,35456,464960,455872,482176,460992,1215744,0,1344,459584,0,0,0,0,0,0,256,48128,71168,52096,124160,0,0,0,159936,128,525,1238,3010002591,1755489320,1180288,0
942,1676992,104448,130624,0,3904,33920,465344,440768,497984,476992,1200000,0,1344,459968,0,0,0,0,0,0,256,47744,70848,51968,110848,0,0,0,158976,128,521,1228,1662658664,2056934853,1166080,0
943,1677120,117632,129216,0,5888,33856,662592,460800,267136,246144,1430976,0,1344,657152,0,0,0,0,0,0,192,47872,71680,52224,130112,0,0,0,158528,192,512,1215,1057734802,1711740648,1397120,0
944,1676992,103936,129984,0,5248,33280,473152,453248,478144,451392,1225600,0,1344,467840,0,0,0,0,0,0,256,47488,70976,52288,123072,0,0,0,159040,128,514,1217,1019082989,3646157970,1192320,0
945,1676992,124928,130368,0,3776,33664,567744,480320,336192,314944,1362048,0,1344,562304,0,0,0,0,0,0,320,47744,71680,52224,148480,0,0,0,159744,128,508,1208,3569162467,3053316637,1328384,0
946,1676864,117184,129024,0,6272,33856,568448,458432,363648,342528,1334336,0,1408,563136,0,0,0,0,0,0,192,47616,71232,52096,128256,0,0,0,158912,128,520,1234,892993775,1465072625,1300480,0
947,1676928,104192,129920,0,5184,33664,490688,493376,419904,398784,1278144,0,1344,485440,0,0,0,0,0,0,320,48128,71552,52544,161088,0,0,0,159616,128,509,1206,3939211202,3540833401,1244480,0
948,1676928,104064,130240,0,3776,33664,470528,479040,455616,434496,1242432,0,1344,465088,0,0,0,0,0,0,384,47552,71936,52480,148032,0,0,0,158528,128,508,1219,3078474038,1161371102,1208768,0
949,1676992,104000,130752,0,3776,54976,488320,492352,402816,381504,1295488,0,1408,483136,0,0,0,0,0,0,256,47552,72128,52416,161216,0,0,0,158656,128,516,1217,1058916840,3558617351,1240512,0
950,1676928,103744,129600,0,3776,35392,451328,499264,453824,432576,1244352,0,1408,445952,0,0,0,0,0,0,320,47808,75584,52032,160960,0,0,0,162432,128,515,1216,2043976133,3342257232,1208960,0
951,1676992,103744,129024,0,6848,33536,461120,449408,493312,472192,1204800,0,1344,455616,0,0,0,0,0,0,192,47360,72128,52160,117824,0,0,0,159616,128,512,1197,924601684,2160841589,1171264,0
952,1676928,104128,129216,0,4928,35648,459136,455680,488192,467008,1209920,0,1280,453696,0,0,0,0,0,0,320,47616,71424,52096,122368,0,0,0,161728,128,515,1215,2089368735,4169940030,1174272,0
953,1677120,117184,132992,0,19584,36736,710336,532928,127360,105920,1571200,0,3328,700416,0,0,0,0,0,0,43392,47488,72768,52736,112576,0,0,0,203840,128,537,1287,3930834567,692648196,1534464,0
954,1676928,137664,131008,0,5376,35776,496960,390208,479936,458688,1218240,0,1408,491520,0,0,0,0,0,0,192,46976,256,51136,95616,0,0,0,195904,128,518,1211,107734044,2904017499,1182464,0
955,1676864,126528,129280,0,3520,36096,486208,369024,526208,504704,1172160,0,1344,480960,0,0,0,0,0,0,192,46720,320,52032,74368,0,0,0,195264,128,520,1207,1569112107,2510650191,1136064,0
956,1676864,154368,130624,0,3456,35904,519552,345216,487744,466368,1210496,0,1280,514176,0,0,0,0,0,0,192,47168,320,51456,49920,0,0,0,196032,128,521,1208,1433400154,3002202277,1174592,0
957,1117248,110336,130560,0,3520,36352,431360,361920,43200,21504,1095744,0,1344,426048,0,0,0,0,0,0,128,47744,320,51136,67136,0,0,0,195264,192,517,1197,1872609010,1409333122,1059392,0
958,1116224,110144,129536,0,3584,35456,425600,339712,72192,50944,1065280,0,1408,420160,0,0,0,0,0,0,128,47296,320,51456,45120,0,0,0,195264,128,522,1203,1314568986,1152271665,1029824,0
959,1677056,111616,130240,0,3520,35648,564224,393408,438400,417088,1259968,0,1344,558784,0,0,0,0,0,0,256,45888,71488,52160,64192,0,0,0,159296,128,493,1124,2195865873,1013156101,1224320,0
960,1116672,111680,128896,0,5760,56960,390208,388032,35136,8896,1107776,0,1408,384832,0,0,0,0,0,0,192,46336,71744,52608,59584,0,0,0,157440,128,489,1108,909577029,3968571676,1050816,0
961,1677248,131648,129344,0,6016,35968,485440,380800,508032,486656,1190592,0,1408,480192,0,0,0,0,0,0,256,45824,71296,52160,51648,0,0,0,159488,128,478,1083,2230040385,2532905509,1154624,0
962,1116480,124864,127616,0,3392,34944,383552,370496,71616,50368,1066112,0,1408,378112,0,0,0,0,0,0,192,45760,72448,52096,40064,0,0,0,159808,128,475,1079,439797663,1294536521,1031168,0
963,1116736,126528,128512,0,3456,34624,390848,373760,59008,37888,1078848,0,1408,385664,0,0,0,0,0,0,192,46848,72128,52288,41472,0,0,0,160704,128,478,1094,3513737362,3784439820,1044224,0
964,1677056,148928,130240,0,11520,35200,615040,380736,355392,333888,1343168,0,1280,609600,0,0,0,0,0,0,256,46080,71872,52224,49664,0,0,0,160512,128,476,1090,3721251738,3634783044,1307968,0
965,1676992,111552,131136,0,3712,33024,440448,394624,562496,541248,1135744,0,1408,435264,0,0,0,0,0,0,192,46208,72000,51840,64832,0,0,0,159424,128,476,1088,806529516,3788027987,1102720,0
966,1676864,125760,130752,0,3840,33216,535232,376512,471552,450048,1226816,0,1344,529920,0,0,0,0,0,0,192,46784,72064,52096,48576,0,0,0,156608,192,473,1088,655081249,881747583,1193600,0
967,1676800,111040,130496,0,4544,32960,580352,377472,439936,418240,1258560,0,1344,575040,0,0,0,0,0,0,256,45888,71552,52288,49216,0,0,0,158144,128,460,1093,3501113703,2928267386,1225600,0
968,1677184,146816,129472,0,3776,23744,767616,384000,221760,200512,1476672,0,1344,762176,0,0,0,0,0,0,256,45696,72128,52352,59712,0,0,0,153664,192,464,1104,2569965795,2136913245,1452928,0
969,1675456,126912,130432,0,3712,24064,458304,382400,549632,529856,1145600,0,1408,452864,0,0,0,0,0,0,256,46272,72192,51648,56128,0,0,0,155776,128,477,1124,1838691362,1091583888,1121536,0
970,1116736,115392,131648,0,3712,23936,419072,382016,40960,21376,1095360,0,1408,413632,0,0,0,0,0,0,256,46272,71616,52160,55424,0,0,0,156160,128,476,1126,3968576248,4158986546,1071424,0
971,1116736,115712,132096,0,3648,9856,434368,397696,23360,3968,1112768,0,1408,428992,0,0,0,0,0,0,192,46720,71936,51776,71616,0,0,0,155328,128,465,1115,571889802,996299313,1102912,0
972,1678912,140288,129856,0,3712,33472,468416,385472,517696,495808,1183104,0,1344,463040,0,0,0,0,0,0,192,46400,72000,52288,56192,0,0,0,158272,128,471,1132,1510835433,862803910,1149632,0
973,1676608,125376,129472,0,3712,9728,546112,381504,480704,459136,1217472,0,1344,540864,0,0,0,0,0,0,192,46528,72512,52096,55744,0,0,0,154304,128,470,1107,3612805013,3870483989,1207744,0
974,1675520,104256,130304,0,6080,9984,520384,375360,529152,509760,1165760,0,1408,515008,0,0,0,0,0,0,256,45824,71808,52032,51776,0,0,0,153536,128,465,1092,3949848023,2785343437,1155776,0
975,1116864,104320,130176,0,5056,9920,452672,364480,50240,30336,1086528,0,1344,447168,0,0,0,0,0,0,320,46016,72064,52096,38784,0,0,0,155072,128,448,1046,1359793168,3789162159,1076608,0
976,1116864,104960,130560,0,5888,10432,455424,361984,47616,22720,1094144,0,1344,450112,0,0,0,0,0,0,192,45632,72000,51968,37312,0,0,0,154752,128,433,1019,1985277824,1282470995,1083712,0
977,1116672,105600,130304,0,6016,24256,462784,350336,37376,18112,1098560,0,1408,457408,0,0,0,0,0,0,256,46336,71616,51968,26240,0,0,0,153792,128,433,1021,4173963791,2695076285,1074304,0
978,1676992,148352,130176,0,3456,10048,839424,349504,196032,176448,1500544,0,1408,834112,0,0,0,0,0,0,256,45888,72448,52224,25856,0,0,0,152704,128,441,1047,3253548095,3044843363,1490496,0
979,1116928,105408,129536,0,3520,10048,456640,335616,76160,56704,1060224,0,1408,451328,0,0,0,0,0,0,192,45952,72064,51584,14016,0,0,0,151680,128,446,1050,2617206427,2512409916,1050176,0
980,1676800,105536,129728,0,3520,10176,540032,337024,550784,531520,1145280,0,1856,534080,0,0,0,0,0,0,192,45888,71488,52096,13952,0,0,0,153280,128,455,1064,3795691672,3662840411,1135104,0
981,1678784,106560,129280,0,15744,12416,739456,372352,302976,281472,1397312,0,1344,734016,0,0,0,0,0,0,320,46592,72256,52224,45760,0,0,0,155072,128,463,1100,2395629837,3332381167,1384896,0
982,1676672,106304,129728,0,3712,20224,672576,370560,373568,352384,1324288,0,1408,667264,0,0,0,0,0,0,192,46528,72192,52224,40768,0,0,0,158528,128,447,1074,2328310218,3469854478,1304064,0
983,1676992,106112,128832,0,6016,21120,667136,371840,375936,354432,1322560,0,1408,661760,0,0,0,0,0,0,192,46272,71936,52160,41152,0,0,0,160000,128,488,1119,483900578,4190509171,1301440,0
984,1677120,106240,130240,0,7168,41920,671360,361792,358400,336640,1340480,0,1408,666048,0,0,0,0,0,0,192,46848,72128,52224,31360,0,0,0,158912,128,464,1092,3140246073,4199468294,1298560,0
985,1677056,106304,130624,0,3584,20736,673984,359744,382080,360384,1316672,0,1344,668608,0,0,0,0,0,0,256,46208,71744,52096,31360,0,0,0,157952,128,469,1114,105768774,1243873087,1295936,0
986,1676736,106368,129344,0,5888,20608,605440,360704,448384,426880,1249856,0,1408,600064,0,0,0,0,0,0,192,47040,71680,52096,31232,0,0,0,158336,128,502,1204,1219389198,649455288,1229248,0
987,1677312,167616,130048,0,4864,18816,530944,363968,461056,438784,1238528,0,1408,525504,0,0,0,0,0,0,192,46720,71680,52160,31424,0,0,0,161664,128,593,1450,2447128192,1542371677,1219712,0
988,1676736,136320,131136,0,3456,19328,533056,359552,493888,472448,1204288,0,1344,527552,0,0,0,0,0,0,256,45888,72000,52096,32192,0,0,0,156992,128,629,1513,3831205860,1630108081,1184960,0
989,1676928,135744,129664,0,5568,18432,538112,361728,487680,466496,1210432,0,1472,532032,0,0,0,0,0,0,192,46144,72704,52096,31552,0,0,0,158848,192,630,1479,1411629778,800025391,1192000,0
990,1676864,136640,129600,0,4096,19200,533760,360896,492672,471552,1205312,0,1344,528384,0,0,0,0,0,0,256,46528,71232,52288,31616,0,0,0,158848,128,618,1462,3518817057,830174513,1186112,0
991,1676992,136256,129472,0,2112,18432,471104,362432,557184,535808,1141184,0,1408,465792,0,0,0,0,0,0,256,45952,72576,52032,31488,0,0,0,160000,128,615,1455,693696114,248339967,1122752,0
992,1676736,157888,130432,0,2112,18624,540032,359488,468160,441472,1235264,0,1408,534272,0,0,0,0,0,0,192,46528,71616,52096,31104,0,0,0,157824,128,604,1432,221513993,1542593928,1216640,0
993,1116800,136000,131584,0,2048,19136,439552,358720,29760,8576,1108224,0,1408,434112,0,0,0,0,0,0,256,46528,71168,52160,30848,0,0,0,157632,128,603,1427,1050396078,1120522981,1089088,0
994,1676864,136064,130496,0,2112,18432,457728,362048,569984,548672,1128192,0,1408,452416,0,0,0,0,0,0,320,46400,72512,52096,31296,0,0,0,159296,128,609,1435,2411083718,3844511489,1109760,0
995,1677056,136512,130944,0,2048,41984,476544,363328,525696,504640,1172416,0,1344,471040,0,0,0,0,0,0,320,46336,72896,52224,31488,0,0,0,159936,128,601,1431,3669056303,2397098739,1130432,0
996,1677120,175808,130368,0,15552,20736,718720,361344,254592,233152,1443968,0,1408,713280,0,0,0,0,0,0,192,45696,70976,52288,31168,0,0,0,160896,128,629,1473,2896331251,2774980973,1423232,0
997,1676544,135744,131008,0,3648,21056,441664,361216,582208,560832,1115712,0,1280,436352,0,0,0,0,0,0,256,45888,71552,51968,31040,0,0,0,160384,128,630,1464,785196361,2921598742,1094656,0
998,1680768,135808,129984,0,3712,20416,496384,362624,531840,506880,1173888,0,1344,490944,0,0,0,0,0,0,320,46208,71296,52480,31296,0,0,0,160832,192,625,1459,2524714350,3610761743,1153472,0
999,1672064,157952,130752,0,21056,20992,683072,376768,281472,258112,1413952,0,1408,677760,0,0,0,0,0,0,256,46272,76352,51520,39936,0,0,0,162304,128,602,1438,1577965770,3353899592,1392960,0
1000,1677056,136960,129280,0,3840,20480,513664,390144,482688,461120,1215936,0,1344,508288,0,0,0,0,0,0,320,46080,75968,52608,52352,0,0,0,162688,128,613,1445,1625789940,2679445697,1195456,0
1001,1676992,155520,129728,0,6336,21184,573760,393472,396992,375616,1301376,0,1408,568320,0,0,0,0,0,0,256,46848,75520,52288,55744,0,0,0,162688,128,601,1435,3324963674,3214138086,1280192,0
1002,1676864,137216,130176,0,5184,20736,615616,420544,347392,326080,1350784,0,1408,610304,0,0,0,0,0,0,320,45952,103936,52736,54400,0,0,0,163072,128,611,1461,823562498,1603474066,1330048,0
1003,1677120,135680,129664,0,3776,20352,693056,417536,277056,255616,1421504,0,1408,687680,0,0,0,0,0,0,320,45824,103744,52800,49216,0,0,0,165504,128,593,1418,3148617633,35274497,1401152,0
1004,1676864,136064,130048,0,4864,20608,684160,416832,284288,262848,1414016,0,1408,678912,0,0,0,0,0,0,256,46400,103808,52992,48704,0,0,0,164544,128,589,1414,1641991477,3736423957,1393408,0
1005,1676928,136832,130112,0,6144,42944,682560,411776,266560,245184,1431744,0,1408,677248,0,0,0,0,0,0,256,46528,102528,52608,46912,0,0,0,162752,192,589,1401,3163469412,1691087015,1388800,0
1006,1676800,178496,130880,0,3584,12224,769472,406400,175744,154560,1522240,0,1344,764032,0,0,0,0,0,0,320,46464,103296,52672,46144,0,0,0,157376,128,576,1384,2309833354,3527816746,1510016,0
1007,2236992,205184,132032,0,10368,23744,985216,457600,422848,401920,1835072,0,1280,980032,0,0,0,0,0,0,256,46720,103168,52544,49664,0,0,0,205120,128,574,1389,3808964324,1199775893,1811328,0
1008,1675776,151552,130624,0,3712,24064,467328,454400,444096,418816,1256960,0,1344,461888,0,0,0,0,0,0,256,46336,102592,52608,48192,0,0,0,204288,128,574,1378,2723196794,718843633,1232896,0
1009,1676864,140032,129920,0,3840,23552,488640,454272,436608,417088,1259776,0,1408,483200,0,0,0,0,0,0,320,45888,102720,52800,48704,0,0,0,203712,128,568,1375,1980540773,1443046279,1236224,0
1010,1677248,141248,132928,0,3712,10048,439680,441472,508160,488640,1188608,0,1408,434368,0,0,0,0,0,0,384,46400,102144,52800,37184,0,0,0,202432,128,561,1351,2328482259,3481098147,1178560,0
1011,1676800,183744,130176,0,5952,10112,696704,438528,211584,192128,1484672,0,1344,691328,0,0,0,0,0,0,256,46208,103424,52672,31936,0,0,0,203904,128,589,1380,2932774848,4137443755,1474560,0
1012,1676992,162048,129664,0,5440,9856,536000,439680,394304,374400,1302592,0,1408,530752,0,0,0,0,0,0,320,46080,102720,52800,32320,0,0,0,205312,128,603,1416,4182830390,947236176,1292736,0
1013,1676928,145024,130240,0,3584,9920,508224,435136,444800,425472,1251456,0,1280,502912,0,0,0,0,0,0,256,45696,102976,52864,27264,0,0,0,205952,128,577,1364,1447611232,3185478558,1241536,0
1014,2237248,226688,130112,0,21312,24192,1313216,344256,177472,158016,2079232,0,1344,1307712,0,0,0,0,0,0,192,47680,320,51712,44672,0,0,0,199552,128,544,1235,2314809678,3524529400,2055040,0
1015,1677056,157760,130880,0,3968,45248,512448,347264,479488,460160,1216896,0,1408,506944,0,0,0,0,0,0,192,47488,320,50944,50112,0,0,0,198080,128,553,1262,241681226,3338007672,1171648,0
1016,1676928,141952,129792,0,6208,24000,564608,296320,514048,491584,1185344,0,1344,559232,0,0,0,0,0,0,192,47488,320,51648,45952,0,0,0,150592,128,523,1201,127829606,3906853431,1161344,0
1017,1677568,154112,131072,0,5184,23936,614016,298880,450368,430400,1247168,0,1344,608704,0,0,0,0,0,0,192,47936,320,51584,47680,0,0,0,151040,128,519,1191,3362241429,286234185,1223232,0
1018,1676608,260736,130880,0,3776,9920,617280,298816,355200,335616,1340992,0,1408,611968,0,0,0,0,0,0,128,47808,256,51712,47360,0,0,0,151424,128,527,1200,1638221869,2389160553,1331072,0
1019,1676608,135104,130496,0,10304,10368,586816,302848,500672,481344,1195264,0,1344,581440,0,0,0,0,0,0,192,47552,320,51264,51584,0,0,0,151808,128,543,1232,2007801138,1941396485,1184896,0
1020,1677120,135488,130560,0,5120,10176,588672,299904,507200,487680,1189440,0,1408,583232,0,0,0,0,0,0,128,48128,256,51520,49152,0,0,0,150592,128,540,1238,1036733588,2865967706,1179264,0
1021,1677312,143552,129728,0,6400,10496,623040,302400,461696,441792,1235520,0,1408,617664,0,0,0,0,0,0,192,47872,320,51584,48064,0,0,0,154240,128,521,1203,391066693,2357369565,1225024,0
1022,1676736,146688,129856,0,5952,9856,560320,299840,524224,504832,1171904,0,1408,554880,0,0,0,0,0,0,192,47552,192,51520,47744,0,0,0,152512,128,523,1210,1077339406,931009663,1162048,0
1023,1118336,132288,129088,0,6080,14336,514048,289856,32640,11392,1106944,0,1408,508608,0,0,0,0,0,0,192,47424,320,51904,36736,0,0,0,153152,128,532,1235,1079244039,4119659097,1092608,0
1024,1116672,147968,130240,0,3712,14080,430592,289216,100864,74304,1042368,0,1344,425152,0,0,0,0,0,0,192,47936,320,51328,35328,0,0,0,153984,128,514,1198,3309613776,203913873,1028288,0
1025,1676992,198016,129984,0,3840,13888,583040,290240,457984,436800,1240192,0,1408,577664,0,0,0,0,0,0,128,48064,320,51712,35584,0,0,0,154240,192,514,1198,2443828744,3426549439,1226304,0
1026,1676928,135872,130304,0,5952,35776,577408,289280,502336,480960,1195968,0,1344,572096,0,0,0,0,0,0,192,47872,320,51776,36096,0,0,0,152896,128,510,1183,2680146329,3535706810,1160192,0
1027,1676992,145664,130240,0,6208,10368,547584,294976,541952,520384,1156608,0,1344,542144,0,0,0,0,0,0,192,47616,320,51712,42240,0,0,0,152768,128,504,1178,1465041553,2965856755,1146240,0
1028,1675328,154688,133952,0,3712,9920,623744,299840,449472,429952,1245376,0,1344,618432,0,0,0,0,0,0,128,51392,320,51456,41856,0,0,0,154560,128,522,1220,3978287261,2562680036,1235456,0
1029,1116672,147712,130304,0,4608,10112,449856,284480,89600,70272,1046400,0,1408,444352,0,0,0,0,0,0,192,47616,320,51392,32256,0,0,0,152576,128,527,1232,1480446551,1874736944,1036288,0
1030,1676864,242560,129280,0,3712,9856,767104,284864,239488,220352,1456512,0,1344,761600,0,0,0,0,0,0,128,47808,320,51904,31808,0,0,0,152704,192,525,1194,3503687589,648099507,1446656,0
1031,1116416,135808,128512,0,3584,9856,412992,282624,143040,123776,992640,0,1408,407680,0,0,0,0,0,0,192,47616,320,51584,32128,0,0,0,150656,128,530,1199,1918444564,2809894502,982784,0
1032,1116992,146432,130752,0,3712,9856,415168,280960,130112,110912,1006080,0,1344,409728,0,0,0,0,0,0,128,47424,320,51456,31552,0,0,0,149952,128,514,1174,1307481483,2351537908,996224,0
1033,1116736,131200,130752,0,3712,9984,437120,282752,121216,102080,1014656,0,1408,431744,0,0,0,0,0,0,256,47104,320,51520,31552,0,0,0,151872,128,527,1196,3799210092,160313300,1004672,0
1034,1116800,148032,129728,0,5888,9856,408320,281024,133952,114240,1002560,0,1408,403008,0,0,0,0,0,0,192,48064,320,51648,31296,0,0,0,149376,128,521,1209,2109560993,3258386564,992704,0
1035,1116992,134272,130304,0,6144,10176,409152,278656,148288,128832,988160,0,1280,403840,0,0,0,0,0,0,192,47360,320,51712,26816,0,0,0,152128,128,476,1123,951506067,3051596959,977984,0
1036,1116800,167808,130944,0,3456,9984,498176,278336,28096,8640,1108160,0,1344,492928,0,0,0,0,0,0,192,48064,192,51840,26624,0,0,0,151296,128,468,1074,280428111,357830865,1098176,0
1037,1676928,162816,131008,0,10112,23616,626880,305344,417152,397504,1279424,0,1344,621440,0,0,0,0,0,0,192,47424,320,50752,33664,0,0,0,172864,128,484,1122,2935545866,3197121151,1255808,0
1038,1676672,214656,130752,0,12928,10624,806208,363456,138048,119104,1557568,0,1280,800768,0,0,0,0,0,0,44032,47936,512,51648,40768,0,0,0,178432,128,532,1242,582753108,3372702266,1546944,0
1039,1677312,140224,129984,0,7424,31936,535680,352896,479168,459776,1217536,0,1344,530304,0,0,0,0,0,0,43392,48576,512,52160,35328,0,0,0,172800,128,540,1253,3455577427,2597026132,1185600,0
1040,1678528,150592,129472,0,6784,12864,543040,355840,479936,453248,1225280,0,1344,537600,0,0,0,0,0,0,43264,47680,448,51712,36224,0,0,0,176384,128,542,1266,3417178067,1294682768,1212416,0
1041,1676928,149632,131072,0,4864,12864,509056,339072,530368,508928,1168000,0,1408,503744,0,0,0,0,0,0,43712,47616,448,52160,37760,0,0,0,157248,128,547,1263,2143196426,3662531786,1155136,0
1042,1677056,150400,131200,0,3520,13120,503360,338368,537088,516096,1160960,0,1344,497920,0,0,0,0,0,0,43520,47552,448,52224,37248,0,0,0,157248,128,550,1274,2769864973,2280616242,1147840,0
1043,1676928,146624,130752,0,3520,12672,538752,338304,506304,484864,1192064,0,1472,532992,0,0,0,0,0,0,43392,47872,448,51520,36992,0,0,0,157952,128,544,1254,3333878554,2207547993,1179392,0
1044,1676864,179328,130688,0,3456,12864,770752,337600,242176,220864,1456000,0,1408,765376,0,0,0,0,0,0,43456,47552,448,51840,37184,0,0,0,156992,128,555,1273,1568788307,604421769,1443136,0
1045,1676864,138432,130496,0,3520,12992,567552,338176,485696,464384,1212480,0,1344,562304,0,0,0,0,0,0,43904,47616,512,51904,37632,0,0,0,156480,128,552,1260,1877337722,3753746614,1199488,0
1046,1676864,159232,130496,0,4288,20928,574656,342016,445248,424000,1252864,0,1280,569152,0,0,0,0,0,0,43904,48384,384,52288,34432,0,0,0,162496,128,549,1254,4076725054,567674720,1231936,0
1047,1676928,178496,130048,0,5760,21440,865792,341568,133824,112448,1564480,0,1408,860416,0,0,0,0,0,0,43712,47936,384,51584,35968,0,0,0,161856,128,559,1268,778528651,3134537129,1543040,0
1048,1677056,151232,129344,0,4096,23360,576128,342784,450112,428928,1248128,0,1344,570816,0,0,0,0,0,0,43968,47744,512,52096,36288,0,0,0,162048,128,545,1247,3331634103,1593197202,1224768,0
1049,1677312,149440,130240,0,2048,44800,609280,341952,399552,377728,1299584,0,1280,603904,0,0,0,0,0,0,43968,47808,512,51520,35200,0,0,0,162816,128,549,1253,3499331650,501557478,1254784,0
1050,1676800,150592,129792,0,2112,23360,568320,343616,459008,437504,1239296,0,1344,562880,0,0,0,0,0,0,44352,47808,448,51456,36224,0,0,0,163200,128,545,1239,76360296,891286974,1215936,0
1051,1677056,149888,130944,0,2048,23232,561280,339840,469824,448448,1228608,0,1280,555968,0,0,0,0,0,0,43776,47296,512,52096,33856,0,0,0,162176,128,542,1238,3404045125,2344705143,1205376,0
1052,1677056,167872,129984,0,2048,23424,579648,335808,438272,416960,1260096,0,1408,574400,0,0,0,0,0,0,44032,47936,384,51904,27328,0,0,0,164096,128,543,1237,2070730284,2297534336,1236672,0
1053,1676672,147136,130880,0,2112,22848,518720,333504,521472,500224,1176448,0,1408,513344,0,0,0,0,0,0,44096,48640,448,52352,27008,0,0,0,160832,128,539,1237,2554256956,3409431392,1153600,0
1054,1676864,156416,130560,0,2048,23232,641216,347840,375552,354240,1322624,0,1408,635776,0,0,0,0,0,0,43712,49024,384,51904,38976,0,0,0,163712,128,544,1245,3130645693,4229677263,1299392,0
1055,1676928,150912,131904,0,22336,21056,777728,433344,139648,117824,1559104,0,1344,772224,0,0,0,0,0,0,83648,47232,576,53056,45120,0,0,0,203584,128,562,1320,1515658595,1502108342,1538048,0
1056,1676864,169856,130176,0,13760,21440,761664,432320,147648,121024,1555840,0,1408,756288,0,0,0,0,0,0,85376,47424,512,52480,42496,0,0,0,203904,128,562,1319,3162920116,2612010198,1534400,0
1057,1676928,146176,130752,0,3776,21760,579200,431296,363968,342592,1334336,0,1344,573824,0,0,0,0,0,0,84736,47424,640,52416,42880,0,0,0,203072,128,575,1340,225878622,1137569971,1312576,0
1058,2237248,590208,130880,0,3712,21376,691968,433408,365696,344256,1892992,0,1408,686528,0,0,0,0,0,0,85824,47808,640,52928,42112,0,0,0,203968,128,569,1326,53021598,3400475030,1871616,0
1059,2237120,134336,130176,0,10688,43584,879360,467776,571200,549632,1687488,0,1344,873984,0,0,0,0,0,0,86528,46784,576,52672,42048,0,0,0,239040,128,592,1396,1554165855,2412831522,1643904,0
1060,2237056,133696,129664,0,4800,14784,931136,461632,561344,539840,1697216,0,1280,925632,0,0,0,0,0,0,85248,46976,640,53184,42112,0,0,0,233344,128,604,1405,1172015831,3622352503,1682432,0
1061,1676864,134592,130496,0,3968,15168,935168,428032,29440,8064,1668800,0,1408,929920,0,0,0,0,0,0,85120,46720,640,53248,42432,0,0,0,199744,128,572,1345,1942519602,582797515,1653632,0
1062,2236992,146304,130368,0,3840,17024,965440,429824,544192,522816,1714176,0,1280,960000,0,0,0,0,0,0,85184,47360,576,53056,42624,0,0,0,200896,128,583,1347,2331920604,142302230,1697152,0
1063,2237056,131200,130240,0,6144,16960,1078272,466752,407488,385792,1851264,0,1344,1072896,0,0,0,0,0,0,86016,47360,704,52416,42304,0,0,0,237824,128,598,1399,1830264036,2513918698,1834304,0
1064,2236992,180608,130112,0,23296,27136,1189056,493824,192960,171072,2065920,0,1216,1183808,0,0,0,0,0,0,85056,47296,640,51968,73472,0,0,0,235264,128,605,1424,273190523,3604881771,2038784,0
1065,1676992,158208,130624,0,3968,27072,692160,447488,217472,196224,1480768,0,1408,686848,0,0,0,0,0,0,84928,47744,640,52224,61952,0,0,0,199872,128,585,1364,1260783692,2458175755,1453696,0
1066,1677056,143680,130112,0,3968,26432,622400,432960,317504,296256,1380800,0,1280,617088,0,0,0,0,0,0,85312,47680,512,51968,49856,0,0,0,197440,192,569,1337,4125926028,710911150,1354368,0
1067,1676864,155840,130112,0,3968,26880,688512,491520,180032,158464,1518400,0,1408,683008,0,0,0,0,0,0,85952,46592,640,52928,70592,0,0,0,234688,128,589,1412,1155480479,1148065125,1491520,0
1068,1676864,163328,130240,0,4032,34560,610816,475584,258304,236608,1440256,0,1408,605440,0,0,0,0,0,0,85184,46848,576,51904,56896,0,0,0,234048,128,585,1401,2979254417,3063783032,1405696,0
1069,1676992,181440,129920,0,3840,12544,921664,382336,45248,23872,1653120,0,1344,916352,0,0,0,0,0,0,44096,47360,512,51904,43776,0,0,0,194560,128,564,1309,2916072023,2927321587,1640576,0
1070,2236928,205952,129728,0,4160,26176,1226112,401280,243520,222016,2014912,0,1344,1220800,0,0,0,0,0,0,44480,47360,448,52480,61440,0,0,0,194944,128,580,1347,3703268315,4027245086,1988736,0
1071,1677120,163072,130112,0,4288,27072,567552,401728,383296,362496,1314624,0,1408,562112,0,0,0,0,0,0,44608,47360,448,52160,58624,0,0,0,198400,128,575,1333,4264812749,3620739999,1287552,0
1072,1676992,142784,130752,0,4352,26176,500608,398144,474176,447552,1229440,0,1344,495296,0,0,0,0,0,0,43392,46912,384,51840,56128,0,0,0,199360,128,568,1310,1041497663,211947080,1203264,0
1073,1676992,154176,130496,0,5056,12736,553472,358976,462080,440768,1236224,0,1280,548032,0,0,0,0,0,0,44608,48512,448,52800,54912,0,0,0,157568,128,553,1266,2263165210,2436481552,1223488,0
1074,1677056,173568,131200,0,4224,12608,485952,353088,516416,495104,1181952,0,1408,480512,0,0,0,0,0,0,43392,48576,448,51776,50816,0,0,0,157952,128,546,1243,1085005593,2066262924,1169344,0
1075,1677056,133440,129984,0,4224,13056,641856,354240,400256,378752,1298304,0,1344,636544,0,0,0,0,0,0,44800,48192,512,52096,49536,0,0,0,158976,128,540,1223,2826292453,1805898880,1285248,0
1076,1676928,239360,130688,0,4224,12672,580160,350464,359360,338048,1338880,0,1408,574848,0,0,0,0,0,0,44224,48128,512,52352,46528,0,0,0,158592,128,536,1221,3852913739,2178192767,1326208,0
1077,1677376,132608,130368,0,4224,10432,636864,330688,432192,410496,1266880,0,1280,631424,0,0,0,0,0,0,43712,47488,512,51968,32064,0,0,0,154816,128,544,1212,3943419159,4213451869,1256448,0
1078,1675200,131968,130240,0,4288,31616,591808,331648,453632,433920,1241280,0,1408,586496,0,0,0,0,0,0,44224,47616,448,51968,31936,0,0,0,155328,128,556,1237,1799777404,2597753390,1209664,0
1079,1676992,132096,130432,0,4224,10368,580544,311808,507520,487936,1189056,0,1408,575232,0,0,0,0,0,0,43392,47552,512,52544,15296,0,0,0,152384,128,550,1212,3278275345,2642209196,1178688,0
1080,1676928,132672,129984,0,4224,10368,615296,311040,473344,453440,1223488,0,1344,609920,0,0,0,0,0,0,44160,47488,448,52352,14080,0,0,0,152384,128,554,1218,1586889754,2319774034,1213120,0
1081,1677056,132480,129856,0,6528,10560,677376,310208,410048,390464,1286592,0,1408,672064,0,0,0,0,0,0,43456,48256,512,51840,14016,0,0,0,152000,128,545,1209,2467779642,3997562798,1276032,0
1082,1676992,132032,130624,0,7232,10752,684992,312192,399168,379584,1297408,0,1344,679616,0,0,0,0,0,0,43840,48128,512,52416,13824,0,0,0,153344,128,545,1203,1122756370,316174301,1286656,0
1083,1676736,132096,130368,0,5440,10560,661632,309760,426880,407232,1269504,0,1408,656192,0,0,0,0,0,0,43392,48384,512,52416,14272,0,0,0,150656,128,555,1221,2386764630,3434033259,1258944,0
1084,1676992,132032,131008,0,4096,10240,658304,313024,428288,408576,1268416,0,1408,652864,0,0,0,0,0,0,43584,48576,448,52416,14528,0,0,0,153344,128,556,1227,2460063175,3846354625,1258176,0
1085,1678528,132352,130368,0,3968,12544,655488,313792,430016,408896,1269632,0,1344,650176,0,0,0,0,0,0,44032,48384,448,51648,14848,0,0,0,154304,128,558,1249,796403275,3038629297,1257088,0
1086,1676992,132352,130816,0,4032,12928,561792,313088,521984,500736,1176256,0,1408,556480,0,0,0,0,0,0,43392,47424,448,51456,14720,0,0,0,155520,128,550,1238,3847502939,1063224923,1163328,0
1087,1676864,131072,130432,0,6272,12864,558464,315072,522688,501440,1175424,0,1344,552960,0,0,0,0,0,0,43584,47744,448,52352,15168,0,0,0,155648,128,537,1215,3871957117,524016036,1162560,0
1088,1677056,132288,130944,0,8192,34368,563584,313472,494208,467200,1209856,0,1344,558208,0,0,0,0,0,0,43456,47424,512,51584,14784,0,0,0,155584,128,544,1234,496769013,3546458414,1175488,0
1089,1676800,132672,131904,0,6720,13184,528896,313920,549504,528000,1148800,0,1344,523456,0,0,0,0,0,0,43264,47616,512,51456,14784,0,0,0,156160,128,545,1238,3144423362,722828534,1135616,0
1090,1677056,166016,129536,0,12032,12992,663296,365568,327616,306304,1370752,0,1344,657984,0,0,0,0,0,0,44800,47744,448,52096,25792,0,0,0,194560,128,557,1278,4160846193,3505416369,1357760,0
1091,1677120,132800,130048,0,5056,12672,527488,369664,499392,477440,1199680,0,1408,522048,0,0,0,0,0,0,43712,47616,512,52224,31424,0,0,0,194048,128,558,1292,79649742,3804988900,1187008,0
1092,1676800,131392,129408,0,3712,23616,470080,376704,541888,520256,1156544,0,1408,464768,0,0,0,0,0,0,43648,46912,448,52288,31168,0,0,0,202112,128,555,1294,1999746573,969744336,1132928,0
1093,1676992,153728,129472,0,5952,23488,549504,376960,437888,416512,1260480,0,1408,544064,0,0,0,0,0,0,43840,47296,448,52672,30848,0,0,0,201728,128,578,1346,2550631611,3523458005,1236992,0
1094,1676736,131648,131328,0,6592,24128,507328,375616,500096,478784,1197952,0,1344,502016,0,0,0,0,0,0,43392,46720,512,52224,31168,0,0,0,201472,128,574,1346,3076152756,4250232095,1173824,0
1095,1676992,131968,130816,0,4160,23616,520000,376640,489792,468416,1208576,0,1408,514560,0,0,0,0,0,0,43712,47232,448,51328,31424,0,0,0,202368,128,580,1362,116253409,2718633740,1184960,0
1096,1677120,150976,130368,0,2112,23232,600576,337536,432320,411072,1266048,0,1408,595136,0,0,0,0,0,0,43904,47616,448,52352,30656,0,0,0,162432,128,556,1295,1118337353,3447097067,1242816,0
1097,1676736,151040,129920,0,9920,37440,598784,345216,404416,383104,1293632,0,1280,593344,0,0,0,0,0,0,44032,48256,512,51904,36224,0,0,0,164160,128,557,1268,1394081435,1128435426,1256192,0
1098,1677056,131648,130176,0,3456,24000,472960,340864,573952,552576,1124480,0,1344,467584,0,0,0,0,0,0,43200,47744,512,52352,36288,0,0,0,160576,192,558,1274,2590895714,500496121,1100480,0
1099,1677120,185600,130176,0,5632,44736,564416,346432,400128,378944,1298176,0,1408,558912,0,0,0,0,0,0,45568,48064,384,52480,36288,0,0,0,163456,192,565,1297,2208803220,2850815071,1253440,0
1100,1676736,133120,130560,0,11392,21888,673216,346176,360384,339008,1337728,0,1344,667904,0,0,0,0,0,0,43840,48512,448,52096,40768,0,0,0,160384,128,572,1307,3749442904,2391259489,1315840,0
1101,1676928,170112,130368,0,3456,21376,816128,344960,190528,169088,1507840,0,1408,810752,0,0,0,0,0,0,43648,47936,512,52288,40512,0,0,0,159936,128,554,1288,2594138671,1066750171,1486464,0
1102,1676864,132672,130752,0,3520,21248,674944,358592,355136,333760,1343104,0,1344,669568,0,0,0,0,0,0,43968,48640,768,51520,47744,0,0,0,165824,128,541,1262,1972151077,3267700499,1321856,0
1103,1677184,167680,129792,0,4352,20992,743168,347072,264128,242432,1434752,0,1344,737856,0,0,0,0,0,0,44160,47808,448,52416,41280,0,0,0,160832,128,545,1271,3410285098,1075257703,1413760,0
1104,1676864,134720,129856,0,3584,21184,644224,344576,398720,371904,1304960,0,1280,638720,0,0,0,0,0,0,43264,48064,384,52544,40704,0,0,0,159488,128,549,1281,3049838485,1826134086,1283776,0
1105,1677184,156352,129792,0,5632,21376,849984,330688,183360,161728,1515456,0,1344,844608,0,0,0,0,0,0,43840,47680,512,52224,26240,0,0,0,160064,128,568,1301,3578927364,1654860730,1494080,0
1106,1677056,158144,130304,0,9536,21504,805568,343104,208896,187392,1489664,0,1280,800320,0,0,0,0,0,0,44288,47488,512,51520,36544,0,0,0,162624,128,548,1266,2504183466,3861868585,1468160,0
1107,1676736,138496,129536,0,3520,22976,719680,382784,279744,258176,1418560,0,1344,714432,0,0,0,0,0,0,43968,47232,384,52224,36928,0,0,0,201920,128,566,1320,1159267452,1721084255,1395584,0
1108,1676992,148096,130496,0,3584,23168,651968,376448,343232,322048,1354944,0,1408,646528,0,0,0,0,0,0,43712,47360,512,51264,30976,0,0,0,202496,128,571,1337,1567343708,3020142327,1331776,0
1109,1676864,134784,131264,0,3648,24576,671104,375168,336320,315264,1361600,0,1408,665600,0,0,0,0,0,0,43968,46656,384,51904,31104,0,0,0,201024,128,571,1336,4170825292,450416616,1337024,0
1110,1676992,134720,130496,0,5824,23232,605504,382208,395008,374016,1302976,0,1344,600064,0,0,0,0,0,0,43328,46976,512,51392,38912,0,0,0,200960,128,556,1317,1111844507,3154137680,1279744,0
1111,1677184,133568,129728,0,4928,12672,603200,378496,414592,393024,1284160,0,1408,597888,0,0,0,0,0,0,43840,47616,448,52096,39488,0,0,0,194880,128,573,1317,452398097,1406120042,1271488,0
1112,1676800,134656,129920,0,4672,13056,809920,387648,196928,175744,1501056,0,1408,804544,0,0,0,0,0,0,43136,47744,512,52224,48128,0,0,0,195776,128,546,1278,807744792,2913282122,1488000,0
1113,1676800,134400,130112,0,5824,13248,704000,347264,341952,320640,1356160,0,1408,698688,0,0,0,0,0,0,43520,47680,512,51648,47104,0,0,0,156672,128,551,1254,1409504613,3284471509,1342912,0
1114,1677312,156672,129728,0,4928,12416,742208,354880,276480,254784,1422528,0,1408,736832,0,0,0,0,0,0,43328,48320,384,51456,55168,0,0,0,156032,192,573,1270,333864323,1988855492,1410112,0
1115,1676736,143232,129856,0,3520,12864,804864,354048,228352,207104,1469632,0,1344,799488,0,0,0,0,0,0,43584,48512,448,51840,53632,0,0,0,155904,128,554,1249,2742422399,647420311,1456768,0
1116,1677120,132672,130048,0,4480,12608,716864,355328,325120,303552,1373568,0,1344,711488,0,0,0,0,0,0,43328,47680,448,51712,54592,0,0,0,157440,128,515,1178,2679635288,1490514007,1360960,0
1117,1676864,152128,139136,0,16896,12736,823040,363584,169344,148096,1528768,0,1344,817664,0,0,0,0,0,0,43840,48576,384,51456,59840,0,0,0,159360,128,549,1257,3651464766,633448779,1516032,0
1118,1677056,131968,129984,0,4608,12800,656064,370560,371072,349696,1327360,0,1408,650560,0,0,0,0,0,0,43520,48448,512,52480,70144,0,0,0,155328,128,587,1322,1405344686,1519270525,1314560,0
1119,1677056,131136,130368,0,3712,12864,623744,370432,404800,383424,1293632,0,1344,618368,0,0,0,0,0,0,44224,48320,448,51328,69056,0,0,0,156928,128,572,1296,3827265521,1514007003,1280768,0
1120,1677248,131328,129600,0,4864,34240,597632,365056,414528,387392,1289856,0,1408,592256,0,0,0,0,0,0,44096,47616,512,52288,65088,0,0,0,155328,128,562,1277,386188321,3308826288,1255616,0
1121,1676864,150848,129472,0,11392,12864,744704,410624,216960,195520,1481344,0,1408,739200,0,0,0,0,0,0,44480,47168,448,52224,70592,0,0,0,195584,128,571,1346,1410495768,2321861584,1468480,0
1122,1676672,153408,128384,0,6144,10944,709568,413248,254976,233344,1443328,0,1280,704256,0,0,0,0,0,0,43520,47616,384,51968,76288,0,0,0,193344,128,592,1369,1721153055,4213294836,1432384,0
1123,1675648,147328,130432,0,5120,10368,649984,413312,319104,299392,1376256,0,1344,644672,0,0,0,0,0,0,43264,47040,448,51328,76096,0,0,0,195008,128,592,1365,1993308624,4156454456,1365888,0
1124,2237120,183424,130112,0,23232,24704,1179456,468224,227968,208064,2029056,0,1216,1174144,0,0,0,0,0,0,44352,47808,448,52224,81664,0,0,0,241600,128,593,1372,2213429972,3275067871,2004352,0
1125,1676736,163392,129408,0,5184,10240,697856,464384,206272,186816,1489920,0,1408,692480,0,0,0,0,0,0,43648,47040,512,52160,78272,0,0,0,242624,128,589,1367,1087013505,1315604189,1479680,0
1126,1676992,152576,130752,0,3776,24000,693312,456576,216000,196544,1480448,0,1408,688000,0,0,0,0,0,0,43200,47296,512,52608,72768,0,0,0,240064,128,583,1345,2668689024,1559138541,1456448,0
1127,1677056,152832,129984,0,3712,24448,671680,415680,278720,259456,1417600,0,1408,666240,0,0,0,0,0,0,43904,47808,512,51840,69952,0,0,0,201536,128,574,1307,4262188295,2945482018,1393152,0
1128,1676928,160448,129088,0,4928,10432,665984,410880,295168,275648,1401280,0,1344,660544,0,0,0,0,0,0,43712,47936,448,51840,66560,0,0,0,200256,128,570,1300,3576972364,1565685387,1390848,0
1129,1676864,173952,130112,0,4800,10624,796736,408512,152128,132544,1544320,0,1344,791360,0,0,0,0,0,0,43328,48128,448,52032,62912,0,0,0,201536,128,555,1279,370980032,2565567727,1533696,0
1130,1677056,152960,130176,0,3712,32448,669120,408896,279744,259904,1417152,0,1408,663680,0,0,0,0,0,0,43904,48512,576,52288,62464,0,0,0,201024,128,575,1302,2536675476,2274452443,1384704,0
1131,1676928,163776,130304,0,3712,10304,671296,409728,287808,268288,1408640,0,1408,665792,0,0,0,0,0,0,43648,48000,384,52032,61888,0,0,0,203584,192,584,1326,851771269,2374426850,1398336,0
1132,1676864,163456,130304,0,5696,10496,713408,348608,304896,285440,1391424,0,1408,708096,0,0,0,0,0,0,43456,47552,512,52096,50304,0,0,0,154560,128,570,1299,2041262747,3351677678,1380928,0
1133,1676992,163392,130432,0,4864,10688,668032,346368,353216,333760,1343232,0,1408,662656,0,0,0,0,0,0,43520,47616,448,52672,47616,0,0,0,154368,128,563,1291,2890416394,641380253,1332544,0
1134,1676992,172864,130624,0,3776,10688,731776,346496,280768,261248,1415744,0,1408,726464,0,0,0,0,0,0,43136,47488,448,51776,47104,0,0,0,156416,128,566,1306,242183841,3918515464,1405056,0
1135,1678464,165248,129024,0,3712,19840,650048,348480,362112,340928,1337536,0,1280,644672,0,0,0,0,0,0,43648,48384,512,51520,42304,0,0,0,161984,128,577,1324,3618597674,667047219,1317696,0
1136,1676736,166720,130112,0,4864,19008,719552,338944,297536,271232,1405504,0,1344,714240,0,0,0,0,0,0,43392,47808,448,51968,34560,0,0,0,160640,128,587,1339,2471750487,4173295622,1386496,0
1137,1677376,165504,130688,0,4864,21248,727936,336192,290944,269312,1408064,0,1344,722624,0,0,0,0,0,0,43392,47872,448,51520,31616,0,0,0,161216,128,568,1286,1617709738,166504728,1386816,0
1138,1676864,165376,129984,0,3776,21568,667712,339136,349312,327808,1349056,0,1408,662336,0,0,0,0,0,0,43776,48256,512,51968,31104,0,0,0,163392,128,561,1285,4106044378,2733650956,1327488,0
1139,1676928,174208,130880,0,3712,21696,674880,346496,325056,303488,1373440,0,1472,669504,0,0,0,0,0,0,43968,47872,512,52288,40128,0,0,0,161600,128,571,1306,3751890465,458473166,1351744,0
1140,1677056,146688,131008,0,4288,23488,536576,340352,494656,473216,1203840,0,1280,531200,0,0,0,0,0,0,43840,47488,448,51904,34432,0,0,0,162048,192,579,1313,1101617836,544898920,1180352,0
1141,1116736,147008,130240,0,5888,44096,469952,288448,31104,7360,1109376,0,1408,464576,0,0,0,0,0,0,192,48256,320,51584,30976,0,0,0,156992,128,571,1305,1690817482,2163879304,1065280,0
1142,1116800,145728,131648,0,4864,22656,455360,289216,67328,45824,1070976,0,1344,449920,0,0,0,0,0,0,192,47680,320,51712,30656,0,0,0,158464,192,556,1291,2118073334,1723595383,1048320,0
1143,1116736,145344,129216,0,3456,22720,471232,297536,47232,25920,1090816,0,1344,465792,0,0,0,0,0,0,192,48384,256,51840,36672,0,0,0,160064,128,565,1296,3804696077,780906299,1068096,0
1144,1116736,146112,130752,0,3520,22784,454976,296960,61632,37120,1079616,0,1344,449664,0,0,0,0,0,0,256,48128,320,51712,39232,0,0,0,157184,128,583,1350,1428704356,3698564143,1056832,0
1145,1676992,145920,129920,0,3584,21376,548416,295296,532480,511040,1165952,0,1408,543232,0,0,0,0,0,0,256,48000,320,51392,39616,0,0,0,155584,128,595,1356,5761749,1051246039,1144576,0
1146,1116544,132032,129344,0,5888,21312,433024,296000,98944,77760,1038784,0,1408,427712,0,0,0,0,0,0,128,47680,256,51648,38976,0,0,0,157120,192,592,1340,2567042502,3999619540,1017472,0
1147,1116864,131520,129984,0,4864,21056,456512,295680,77248,56256,1060608,0,1408,451072,0,0,0,0,0,0,192,47744,256,51648,38976,0,0,0,156736,128,588,1331,765137908,4192958599,1039552,0
1148,1116672,132032,131328,0,3456,20480,431104,295424,102848,81536,1035136,0,1408,425728,0,0,0,0,0,0,128,47680,320,51648,39552,0,0,0,155968,128,592,1344,2852089440,2001014926,1014656,0
1149,1676736,132224,129856,0,17792,22400,521408,296000,557056,532544,1144192,0,1792,515392,0,0,0,0,0,0,192,47360,320,51648,39424,0,0,0,156928,128,586,1335,2625388873,3440623848,1121792,0
1150,1116992,131648,130688,0,3712,21120,488512,293504,47808,26432,1090560,0,1344,483136,0,0,0,0,0,0,256,47168,320,51584,38720,0,0,0,155328,128,585,1339,4062118798,1472513251,1069440,0
1151,1116928,131200,129216,0,3648,20928,493824,295360,42752,20992,1095936,0,1344,488512,0,0,0,0,0,0,256,48128,320,51584,39040,0,0,0,155904,128,563,1304,1667874652,4227840776,1075008,0
1152,1116864,131136,129984,0,3520,23424,462848,297280,68672,41920,1074944,0,1280,457408,0,0,0,0,0,0,192,47488,256,51712,38912,0,0,0,158592,128,550,1265,3891026784,2822178082,1051520,0
1153,1116736,130560,130176,0,3648,22848,416256,293184,120064,98496,1018240,0,1408,410944,0,0,0,0,0,0,192,48192,320,51840,34368,0,0,0,158144,128,543,1244,3067881251,3077593546,995392,0
1154,1116608,131520,130496,0,4800,22784,418560,289792,118656,97408,1019200,0,1408,413248,0,0,0,0,0,0,192,47040,320,51840,31360,0,0,0,158848,192,533,1248,2980553365,3195915337,996416,0
1155,1677120,116864,129664,0,5952,44992,519424,290496,569728,548352,1128768,0,1344,514112,0,0,0,0,0,0,128,47424,192,51584,30848,0,0,0,160192,128,488,1118,4282252919,1224507948,1083776,0
1156,1116736,105152,130112,0,4928,23168,411520,291008,150848,129472,987264,0,1344,406272,0,0,0,0,0,0,192,47552,320,51904,31040,0,0,0,159872,128,487,1120,3871929288,2962559461,964096,0
1157,1116800,116928,129536,0,3520,36800,492224,296192,41600,20160,1096640,0,1408,486784,0,0,0,0,0,0,128,47488,320,51712,31296,0,0,0,165120,128,490,1117,1816773625,2608696428,1059840,0
1158,1116864,123520,128640,0,3520,20608,518400,273664,48512,27200,1089664,0,1344,512960,0,0,0,0,0,0,128,47360,320,51776,14720,0,0,0,159232,128,490,1119,886544404,1415438706,1069056,0
1159,1116736,156352,129344,0,3584,20800,492352,274112,40192,18880,1097856,0,1344,486976,0,0,0,0,0,0,256,47744,256,51456,14912,0,0,0,159360,128,489,1114,3452350961,1298645505,1077056,0
1160,1116928,104576,129472,0,3520,20864,429440,273216,155840,134528,982400,0,1344,424192,0,0,0,0,0,0,128,47424,320,51520,14912,0,0,0,158784,128,487,1102,4065684567,3529298374,961536,0
1161,1116608,104960,128640,0,3520,20736,434624,273408,150720,129792,986816,0,1344,429376,0,0,0,0,0,0,192,47936,320,51136,14784,0,0,0,158848,192,484,1099,3756048347,3886976979,966080,0
1162,1677312,139904,130624,0,16832,35264,594816,370176,389696,359296,1318016,0,1280,588224,0,0,0,0,0,0,192,47936,70592,51840,35840,0,0,0,163648,128,467,1088,2787163913,1211595700,1282752,0
1163,1676608,124672,128640,0,17024,35072,518272,374464,478464,456512,1220096,0,1280,512704,0,0,0,0,0,0,256,47552,71296,52736,44032,0,0,0,158464,128,469,1093,336639003,2941053718,1185024,0
1164,1677056,104256,130240,0,5376,35264,458112,388032,555776,534080,1142976,0,1344,452800,0,0,0,0,0,0,192,48448,71360,51648,57664,0,0,0,158592,128,473,1120,469383675,3479392079,1107712,0
1165,1676992,104000,128768,0,6464,32896,553280,423744,427840,406400,1270592,0,1280,547904,0,0,0,0,0,0,192,47744,70464,52352,94976,0,0,0,157888,128,480,1162,4178568601,2002132809,1237696,0
1166,1676928,125632,130752,0,5760,33216,600320,432576,348672,327616,1349312,0,1280,595072,0,0,0,0,0,0,320,47744,70592,52416,102016,0,0,0,159360,128,483,1181,4123913410,2021512809,1316096,0
1167,1676992,107392,130112,0,3904,54528,496768,450560,433728,412160,1264832,0,1344,491328,0,0,0,0,0,0,320,48384,71744,52288,118336,0,0,0,159360,128,487,1207,3083949494,4014771547,1210304,0
1168,1676736,107840,128768,0,15808,33280,758272,478784,153984,127424,1549312,0,1344,752960,0,0,0,0,0,0,256,47424,70656,52352,110528,0,0,0,197440,128,497,1216,1488955407,1028829112,1516032,0
1169,2237312,266368,131200,0,19968,33024,964800,566656,255296,234240,2003072,0,1344,959552,0,0,0,0,0,0,256,48064,115968,52800,150016,0,0,0,199424,128,488,1195,578847539,767654655,1970048,0
1170,1676992,129216,129216,0,4160,33088,620480,540288,220544,199104,1477888,0,1344,614976,0,0,0,0,0,0,256,47936,115328,52544,124160,0,0,0,199872,192,493,1217,4242167486,3066860329,1444800,0
1171,1677056,104704,130560,0,4096,32832,581952,572608,250304,228672,1448384,0,1280,576448,0,0,0,0,0,0,384,47168,116352,52928,155840,0,0,0,199808,128,484,1185,1877747384,3773873705,1415552,0
1172,2237056,120448,130176,0,4224,33216,800128,611136,537728,516352,1720704,0,1280,794752,0,0,0,0,0,0,320,46848,115520,52608,195008,0,0,0,200704,128,487,1215,1366694893,2582440960,1687488,0
1173,1677120,107008,132160,0,6528,33344,590272,630336,177472,156032,1521088,0,1408,584960,0,0,0,0,0,0,320,47104,116736,52992,213504,0,0,0,199552,128,487,1216,709959395,2342138346,1487744,0
1174,1676864,107584,130496,0,5440,33280,611328,593344,195392,174080,1502784,0,1408,605696,0,0,0,0,0,0,448,47808,116352,52544,215296,0,0,0,160768,128,473,1156,1368017236,3333603619,1469504,0
1175,1676864,119616,129280,0,4224,33088,707072,570752,112832,91392,1585472,0,1344,701824,0,0,0,0,0,0,640,48000,116160,52544,191872,0,0,0,161408,128,470,1139,349069704,446991221,1552384,0
1176,1676928,171456,131136,0,6656,33344,525184,552832,256320,234944,1441984,0,1408,519616,0,0,0,0,0,0,384,47936,116352,52480,174080,0,0,0,161472,128,457,1108,3696803589,1309017998,1408640,0
1177,2237312,106688,130368,0,11136,55104,699264,740224,494528,473152,1764160,0,1344,693952,0,0,0,0,0,0,384,48576,202432,53440,178496,0,0,0,256704,192,461,1121,2179052767,2510815559,1709056,0
1178,2237056,119424,129984,0,5696,33728,844352,727872,376000,354752,1882304,0,1280,838912,0,0,0,0,0,0,384,48576,204288,52928,167296,0,0,0,254208,192,474,1144,853310679,234094568,1848576,0
1179,1676992,106944,129984,0,7872,33216,555392,727424,116160,94976,1582016,0,1408,550080,0,0,0,0,0,0,512,48256,205312,53120,168576,0,0,0,251520,128,467,1119,1171892667,1770346247,1548800,0
1180,1677056,106304,131136,0,5696,33408,577472,634816,188224,166848,1510208,0,1280,572096,0,0,0,0,0,0,256,47552,136704,52544,148992,0,0,0,248640,128,470,1100,113656688,589219524,1476800,0
1181,2237056,120256,130112,0,5184,33408,824832,549952,573312,551936,1685120,0,1280,819520,0,0,0,0,0,0,256,48320,45632,52032,155776,0,0,0,247808,128,456,1070,2604762922,3615579730,1651712,0
1182,1677056,106688,130944,0,4416,33664,542656,515840,342848,321536,1355520,0,1280,537280,0,0,0,0,0,0,192,47936,46720,52096,123328,0,0,0,245440,128,451,1051,2195045409,3264387171,1321856,0
1183,1676800,106432,129664,0,4480,33088,570944,506560,325632,304384,1372416,0,1280,565440,0,0,0,0,0,0,192,47232,46080,51776,113280,0,0,0,247872,128,471,1091,1494723024,1072433509,1339328,0
1184,1676992,119872,130944,0,4544,33600,760320,505536,122176,95680,1581312,0,1344,755136,0,0,0,0,0,0,256,47616,46464,51712,113600,0,0,0,245760,128,456,1063,1141448570,464916743,1547712,0
1185,2237184,129600,130432,0,4416,33856,824320,567872,546688,524928,1712256,0,1344,819072,0,0,0,0,0,0,320,46720,117184,52992,100864,0,0,0,249664,128,464,1073,2169813659,3502119061,1678400,0
1186,1676928,129344,129600,0,6592,56768,606272,560640,187712,166656,1510272,0,1408,600832,0,0,0,0,0,0,320,46528,117824,52928,92864,0,0,0,250048,128,482,1105,2026152719,1851073175,1453504,0
1187,1677248,120192,130304,0,4480,35904,685696,551744,148928,127296,1549952,0,1344,680448,0,0,0,0,0,0,256,46144,116800,52736,84928,0,0,0,250752,128,469,1084,206626149,1167010123,1514048,0
1188,1676736,107264,131584,0,4480,35328,481472,541504,375104,353920,1322816,0,1344,476096,0,0,0,0,0,0,320,46272,118848,52800,76288,0,0,0,246848,128,472,1096,3361085384,121808296,1287488,0
1189,1676672,108608,129088,0,4480,34816,545280,541440,312960,292032,1384640,0,1344,539776,0,0,0,0,0,0,320,46016,116992,53056,73408,0,0,0,251456,192,476,1113,1613611892,1738176236,1349824,0
1190,1677184,120896,132160,0,4608,24704,644864,525568,224384,203008,1474176,0,1408,639232,0,0,0,0,0,0,320,46016,117568,52800,65536,0,0,0,243200,128,467,1087,2987702126,2381503151,1449472,0
1191,1675456,107712,129472,0,6912,24832,479680,558400,368448,348864,1326592,0,1472,474304,0,0,0,0,0,0,256,45824,118144,52800,101120,0,0,0,240128,128,461,1072,3481142068,137994677,1301760,0
1192,1677312,107392,130624,0,5888,24704,515072,523584,370048,350336,1326976,0,1408,509696,0,0,0,0,0,0,320,46336,117760,52736,63488,0,0,0,242816,128,463,1083,306868945,2513823340,1302272,0
1193,1676864,120448,130496,0,6912,24704,672512,527168,194624,174848,1502016,0,1408,667008,0,0,0,0,0,0,256,46528,118464,52736,65472,0,0,0,243584,128,451,1057,212739022,794496977,1477312,0
1194,1676992,107712,130112,0,7424,24192,507008,519872,380672,361024,1315968,0,1408,501568,0,0,0,0,0,0,320,47168,117120,52800,62016,0,0,0,240320,128,439,1015,3385106622,448542015,1291776,0
1195,1677056,128384,129408,0,12160,24192,678080,524224,180608,161024,1516032,0,1408,672704,0,0,0,0,0,0,256,46400,72704,52160,112384,0,0,0,240192,128,431,1032,3790562311,3679491866,1491840,0
1196,1676992,120512,129088,0,4416,45824,657600,497664,221888,202176,1474816,0,1408,652096,0,0,0,0,0,0,256,45696,73792,52288,85952,0,0,0,239552,128,429,1015,3079484417,1514692308,1428992,0
1197,1678720,128512,129728,0,6784,12736,585856,484864,330240,308736,1369984,0,1408,580352,0,0,0,0,0,0,192,46592,71168,52288,73664,0,0,0,240832,128,425,998,2072371585,1140278098,1357248,0
1198,1676288,108480,128896,0,7424,26304,564608,498176,342400,321216,1355072,0,1344,559104,0,0,0,0,0,0,256,45952,71360,52288,92928,0,0,0,235264,128,420,988,31839005,1143176332,1328768,0
1199,1677248,121536,128512,0,4288,26688,744256,507968,144000,122688,1554560,0,1408,738624,0,0,0,0,0,0,256,46272,71936,52480,94016,0,0,0,242880,128,402,957,2596977509,2698470216,1527872,0
1200,1676928,108992,128768,0,5504,12736,448448,482240,490240,463296,1213632,0,1408,443072,0,0,0,0,0,0,128,46400,71232,52352,71040,0,0,0,240960,128,406,958,3450266555,2453400127,1200896,0
1201,1676928,123968,129856,0,20352,26752,689856,459712,226432,205056,1471872,0,1408,684416,0,0,0,0,0,0,256,46336,71616,52096,72448,0,0,0,216832,128,402,949,3308131444,3849917425,1445120,0
1202,1676928,122496,131072,0,4672,26560,797568,470528,124032,102656,1574272,0,1344,792128,0,0,0,0,0,0,256,45888,72320,52160,83776,0,0,0,216000,128,407,960,38455551,1140272005,1547712,0
1203,1677120,108032,129408,0,4672,12160,637120,449920,335808,314176,1362944,0,1408,631744,0,0,0,0,0,0,256,47232,70976,52224,62976,0,0,0,216128,128,398,916,797000888,193960243,1350784,0
1204,1676928,109376,130560,0,6912,24192,671168,444736,289984,268800,1408128,0,1472,665664,0,0,0,0,0,0,256,46144,72320,51968,58944,0,0,0,214976,128,377,866,1430759305,121198259,1383936,0
1205,1675264,121984,131008,0,4608,24064,789568,446656,157376,138176,1537088,0,1344,784128,0,0,0,0,0,0,192,46336,71232,52096,62464,0,0,0,214144,192,386,883,3775640944,3371085206,1513024,0
1206,1677312,108032,130880,0,4608,10048,623232,443328,357184,337728,1339584,0,1408,617856,0,0,0,0,0,0,256,46336,71168,52032,60032,0,0,0,213312,192,384,878,1445223183,1749940232,1329536,0
1207,1678528,173696,129856,0,6912,47936,668928,450368,200832,179520,1499008,0,1408,663488,0,0,0,0,0,0,256,46144,72128,52032,59904,0,0,0,219776,128,380,850,3496288759,4252920900,1451072,0
1208,1676992,121344,129984,0,12672,26496,747648,481920,156928,135360,1541632,0,1408,742272,0,0,0,0,0,0,256,46592,107520,52288,54400,0,0,0,220736,128,402,923,2609720704,1343087515,1515136,0
1209,1676992,126784,129664,0,4672,12608,749824,479872,173568,151744,1525248,0,1472,744384,0,0,0,0,0,0,192,46208,106816,52800,53952,0,0,0,219712,192,400,924,3965495973,2858622739,1512640,0
1210,1677056,105088,129536,0,7616,26560,581440,516160,310656,289024,1388032,0,1408,575936,0,0,0,0,0,0,384,45952,139136,53248,53824,0,0,0,223424,192,409,960,1220686692,1330994817,1361472,0
1211,1676736,142272,130368,0,7744,12992,801984,539392,41984,20544,1656192,0,1344,796544,0,0,0,0,0,0,576,47040,170624,53568,44032,0,0,0,223424,128,423,990,3348944925,2210245229,1643200,0
1212,1676928,106240,131392,0,6912,10304,522432,499200,400448,378816,1298112,0,1344,517056,0,0,0,0,0,0,320,46080,138496,53056,43904,0,0,0,217216,128,433,1000,1600988065,2588748340,1287808,0
1213,1675136,105280,130496,0,7040,10112,465088,502976,454144,434752,1240384,0,1408,459776,0,0,0,0,0,0,384,45888,139456,53248,43264,0,0,0,220608,128,468,1100,3659957323,4008526276,1230272,0
1214,1676800,187456,130048,0,7296,10496,528768,491200,321536,300992,1375808,0,1408,523328,0,0,0,0,0,0,384,47424,138432,52736,31232,0,0,0,220864,128,551,1347,2637741694,1701629424,1365312,0
1215,1677056,135872,129280,0,4032,10240,470784,492736,434112,414784,1262272,0,1408,465408,0,0,0,0,0,0,320,46656,139776,52864,30784,0,0,0,222208,128,566,1362,769131596,1401527507,1252032,0
1216,1677056,135296,130176,0,6336,10624,485824,473216,435584,410496,1266560,0,1344,480384,0,0,0,0,0,0,448,46656,138560,53504,15488,0,0,0,218432,128,560,1310,3657465945,875281607,1255936,0
1217,2237120,187520,129152,0,15360,46400,814976,523520,520192,500608,1736512,0,1344,809472,0,0,0,0,0,0,320,46528,139584,53056,15104,0,0,0,268800,128,576,1340,2961182224,1856662949,1690112,0
1218,1676800,184896,129472,0,4160,24768,406848,517696,408960,389504,1287296,0,1408,401600,0,0,0,0,0,0,320,46336,137216,53504,14976,0,0,0,265216,128,575,1341,12698510,1148768001,1262528,0
1219,1677056,163200,129472,0,6400,24576,415168,521792,416448,396928,1280128,0,1408,409728,0,0,0,0,0,0,448,46016,142016,53056,15104,0,0,0,265024,128,579,1352,413765468,3392149876,1255552,0
1220,1678848,162688,128576,0,5312,12608,402176,525440,442048,420544,1258304,0,1408,396736,0,0,0,0,0,0,384,46144,140608,53568,15488,0,0,0,269120,128,577,1349,1110378740,3439820142,1245696,0
1221,1676800,185152,128640,0,6272,12544,494400,523968,325824,304512,1372288,0,1344,488960,0,0,0,0,0,0,320,46016,138304,53504,15104,0,0,0,270592,128,581,1364,3351392480,853161214,1359744,0
1222,1677056,189760,129920,0,6976,13312,598976,524928,213184,191744,1485312,0,1408,593664,0,0,0,0,0,0,320,46080,139200,53184,15552,0,0,0,270464,128,577,1375,2785656431,3710115515,1472000,0
1223,1676736,196480,128640,0,5184,12544,515008,524672,294208,272896,1403840,0,1408,509632,0,0,0,0,0,0,448,46528,138624,53312,14976,0,0,0,270656,128,568,1347,322254643,2041529768,1391296,0
1224,1676864,191104,130112,0,3776,12352,508416,540416,290688,269696,1407168,0,1472,503040,0,0,0,0,0,0,320,46720,150336,53504,16128,0,0,0,273280,128,572,1340,1889102100,496561574,1394816,0
1225,1677120,186624,129280,0,6912,12608,543872,535040,262784,241536,1435584,0,1408,538496,0,0,0,0,0,0,320,47232,137856,53184,24384,0,0,0,271936,128,553,1309,1221818035,1069841085,1422976,0
1226,1676800,182592,128640,0,5056,12608,586944,484480,276480,255232,1421568,0,1408,581440,0,0,0,0,0,0,320,46400,138944,53184,23040,0,0,0,222464,128,562,1308,3338050196,2919418989,1408960,0
1227,1676992,135808,128064,0,3712,34432,579456,483840,311680,289984,1387008,0,1408,574080,0,0,0,0,0,0,384,46592,137856,53312,23232,0,0,0,222336,128,561,1299,1063594829,4177102914,1352576,0
1228,1677056,136192,129472,0,5952,12800,569792,476800,346048,324608,1352448,0,1344,564544,0,0,0,0,0,0,448,47168,138624,53312,15488,0,0,0,221632,128,566,1326,3966074985,2880665438,1339648,0
1229,1676992,135808,128576,0,4800,12672,595968,477120,322048,300608,1376384,0,1344,590528,0,0,0,0,0,0,384,46592,138816,52992,15360,0,0,0,222848,128,569,1336,581605192,2258451023,1363712,0
1230,1676992,136704,129728,0,3520,12480,565376,477056,352128,330944,1346048,0,1408,560000,0,0,0,0,0,0,320,46528,139840,53248,15488,0,0,0,221440,192,563,1326,231035860,2988668023,1333568,0
1231,1676864,136000,128384,0,3456,12800,576256,478400,341568,320384,1356480,0,1408,570752,0,0,0,0,0,0,320,47168,138816,53248,15488,0,0,0,223232,128,555,1311,903083956,3273656976,1343680,0
1232,1677056,187008,128384,0,3456,12544,655232,475776,214656,187776,1489280,0,1344,649920,0,0,0,0,0,0,448,46848,137664,53056,15424,0,0,0,222208,128,561,1310,1837397765,1236274345,1476736,0
1233,1676992,136256,129216,0,3520,12864,577152,476608,341376,319936,1357056,0,1344,571776,0,0,0,0,0,0,320,47040,137920,52800,15360,0,0,0,223040,128,555,1322,2024514981,3933914125,1344192,0
1234,1677056,151168,129472,0,3456,12480,638912,479552,262016,240256,1436800,0,1344,633472,0,0,0,0,0,0,384,46784,140224,53184,14848,0,0,0,224000,128,552,1342,1838713497,4267628336,1424320,0
1235,1676800,169984,129024,0,3520,10304,550144,476032,337792,316864,1359936,0,1408,544768,0,0,0,0,0,0,256,47680,139200,53248,15040,0,0,0,220480,128,545,1347,1295312454,2755888771,1349632,0
1236,1675392,136576,130752,0,3520,10240,585408,470656,338240,318848,1356544,0,1344,580160,0,0,0,0,0,0,320,46784,137792,52672,15104,0,0,0,217856,128,544,1344,575731789,3205140783,1346304,0
1237,1677056,154816,129152,0,3520,32064,738816,475136,143552,123968,1553088,0,1344,733376,0,0,0,0,0,0,320,47040,138368,53056,15040,0,0,0,221184,128,551,1351,3197970673,1346023444,1521024,0
1238,1676672,336576,130624,0,10112,10432,666048,450816,72064,52736,1623936,0,1344,660608,0,0,0,0,0,0,256,46464,106368,52736,26048,0,0,0,218816,128,551,1333,2806122418,3806753881,1613504,0
1239,1677248,135872,136128,0,3648,9984,563456,456256,371904,352064,1325184,0,1408,557952,0,0,0,0,0,0,320,46528,106944,56448,26368,0,0,0,219520,128,552,1311,972332936,4288828400,1315200,0
1240,1676736,135808,129600,0,4480,10304,582400,409344,404800,385728,1291008,0,1408,577024,0,0,0,0,0,0,320,46528,71104,52224,25600,0,0,0,213376,192,542,1283,2072988607,4036040097,1280704,0
1241,1677184,183424,129728,0,5952,10496,973568,348864,25152,5376,1671808,0,1408,968320,0,0,0,0,0,0,192,47808,320,51648,31808,0,0,0,216960,128,514,1159,1984817773,3647132458,1661312,0
1242,1678528,135680,129536,0,4864,12736,602624,350144,442944,421888,1256640,0,1408,597056,0,0,0,0,0,0,128,47936,320,51648,36480,0,0,0,213440,192,524,1177,1447493639,1813708456,1243904,0
1243,1677056,150400,129600,0,3520,12352,657152,351040,372992,351424,1325632,0,1408,651840,0,0,0,0,0,0,192,47936,320,51584,35264,0,0,0,215616,128,504,1146,1911177673,991990798,1313280,0
1244,1676864,145920,129728,0,5568,12928,658752,352192,371776,350464,1326400,0,1344,653312,0,0,0,0,0,0,192,48896,320,51520,36544,0,0,0,214592,128,501,1142,423975719,1082000599,1313472,0
1245,1676864,227584,130944,0,4032,12608,751232,349248,201216,179456,1497408,0,1408,745792,0,0,0,0,0,0,128,47808,320,51584,35392,0,0,0,213888,128,512,1163,1706996489,968772367,1484800,0
1246,1677120,157056,129728,0,9856,12672,840768,347456,179584,157952,1519168,0,1344,835392,0,0,0,0,0,0,192,47360,320,51968,30720,0,0,0,216768,128,516,1181,2359280504,112166275,1506496,0
1247,1676800,134976,130752,0,4608,27200,651648,347008,380608,359424,1317376,0,1344,646336,0,0,0,0,0,0,256,47552,256,51584,29824,0,0,0,217408,128,513,1176,1212717231,281156234,1290176,0
1248,1677056,135040,129920,0,5888,34880,654208,344896,372224,345472,1331584,0,1344,648576,0,0,0,0,0,0,256,47936,320,51712,30336,0,0,0,214208,128,508,1166,1388630058,251687788,1296704,0
1249,1677056,146240,128832,0,2112,12608,656832,345792,384640,363520,1313536,0,1344,651456,0,0,0,0,0,0,256,48192,320,51712,30528,0,0,0,214656,128,515,1179,1532770889,938890399,1300928,0
1250,1676992,131776,129024,0,2112,12608,711808,345280,344384,323136,1353856,0,1408,706432,0,0,0,0,0,0,128,47744,192,51520,30272,0,0,0,215296,128,510,1174,3583873757,3900465887,1341248,0
1251,1676864,164800,129472,0,2112,12288,725248,345600,297344,276096,1400768,0,1408,720000,0,0,0,0,0,0,192,48192,320,51520,29888,0,0,0,215296,192,508,1174,1895781340,649991533,1388480,0
1252,1677056,197440,131008,0,3456,12544,776192,345792,210624,189312,1487744,0,1408,770816,0,0,0,0,0,0,256,47616,320,51264,30592,0,0,0,215616,128,519,1186,1098011706,3638773879,1475200,0
1253,1676736,135680,129280,0,5632,12672,647424,345280,400768,379648,1297088,0,1344,642048,0,0,0,0,0,0,192,49024,320,51328,30208,0,0,0,214080,128,524,1200,1463565708,1291202201,1284416,0
1254,1676928,145920,130304,0,6784,12480,657280,345152,379008,357952,1318976,0,1536,651904,0,0,0,0,0,0,256,48000,256,51520,30336,0,0,0,214656,128,518,1189,2847292134,4167512858,1306496,0
1255,1677120,131904,130496,0,2112,12992,647296,344320,408000,387072,1290048,0,1344,641856,0,0,0,0,0,0,192,47872,320,51648,30528,0,0,0,213568,192,516,1197,4239063786,2815843983,1277056,0
1256,1676992,147008,128832,0,2112,12928,580480,328768,476864,455744,1221248,0,1408,575104,0,0,0,0,0,0,192,47360,320,51584,14144,0,0,0,215040,128,507,1177,3122802902,3912392847,1208320,0
1257,1677312,135616,129344,0,2048,10112,587648,323904,488640,466944,1210368,0,1344,582272,0,0,0,0,0,0,192,47872,256,51520,13824,0,0,0,210112,128,507,1171,244177181,3220110725,1200256,0
1258,2235072,196608,129408,0,22592,46144,1042112,309888,488320,468480,1766592,0,1344,1036864,0,0,0,0,0,0,192,48192,320,51584,47168,0,0,0,162304,128,508,1163,1970158117,1503568412,1720448,0
1259,1676864,163584,130432,0,6080,24896,625856,306560,419456,400064,1276800,0,1408,620416,0,0,0,0,0,0,192,48256,320,51200,49856,0,0,0,156608,128,520,1190,1449776201,1983172487,1251904,0
1260,1677184,146880,130176,0,6848,24512,617152,307328,444288,424576,1252608,0,1280,611712,0,0,0,0,0,0,192,48064,256,51712,51072,0,0,0,155904,128,517,1182,700505530,4088960363,1228096,0
1261,1676864,132864,129664,0,4992,10240,617408,308992,472704,453184,1223680,0,1472,611904,0,0,0,0,0,0,192,47168,320,51840,59712,0,0,0,149632,128,515,1182,3022117192,365001185,1213440,0
1262,1676992,156800,130880,0,3584,9856,582656,312960,480256,460288,1216704,0,1408,577344,0,0,0,0,0,0,192,47488,320,51584,62976,0,0,0,150272,128,508,1178,1904699428,540707426,1206848,0
1263,1676864,339200,130432,0,3648,10240,622272,312576,258496,239104,1437760,0,1408,616832,0,0,0,0,0,0,256,47488,384,51520,63808,0,0,0,148992,128,518,1196,3339164729,1050785265,1427520,0
1264,1677184,136128,129792,0,3712,10048,560128,322048,515328,490560,1186624,0,1408,554688,0,0,0,0,0,0,192,47360,320,50816,73280,0,0,0,149952,128,523,1207,1007356585,2774189465,1176576,0
1265,1676864,147456,129792,0,5760,10240,557696,329792,496128,476672,1200192,0,1344,552320,0,0,0,0,0,0,128,47424,320,51584,78080,0,0,0,152128,128,525,1225,4003583297,2012968501,1189952,0
1266,1676864,131904,129152,0,6144,10176,615296,328768,455424,435840,1241024,0,1344,609984,0,0,0,0,0,0,192,47936,320,51776,76992,0,0,0,151424,128,518,1222,1188805189,2198067221,1230848,0
1267,1677120,147584,130816,0,3648,9856,596288,325952,462976,443712,1233408,0,1408,590912,0,0,0,0,0,0,256,47488,256,51584,74624,0,0,0,151552,192,514,1199,1871567941,2618142093,1223552,0
1268,1677056,167360,130880,0,3648,31680,731072,338880,273536,253888,1423168,0,1408,725632,0,0,0,0,0,0,128,57024,320,51328,78848,0,0,0,151104,128,515,1203,1655201378,3385693047,1391488,0
1269,1676928,135616,130944,0,4608,10112,641664,325760,428224,408896,1268032,0,1408,636288,0,0,0,0,0,0,192,47808,256,51008,73728,0,0,0,152640,128,517,1212,2438098129,561504183,1257920,0
1270,1676992,135808,128832,0,3840,10048,533184,325376,539904,519552,1157440,0,1408,527872,0,0,0,0,0,0,128,47424,320,51520,73472,0,0,0,152384,128,521,1213,2355651555,3364400141,1147392,0
1271,1676864,164736,128896,0,6528,10048,610240,323264,433152,413632,1263232,0,1408,604800,0,0,0,0,0,0,192,48128,256,51648,70080,0,0,0,152832,128,520,1199,4057231745,2623500016,1253184,0
1272,1677056,146688,129920,0,6976,10112,517312,322752,543296,520704,1156352,0,1344,511680,0,0,0,0,0,0,128,47872,320,51904,69440,0,0,0,152960,128,523,1198,4143081024,3913355889,1146240,0
1273,1676992,193728,131136,0,19264,24448,907200,327040,74176,54400,1622592,0,1408,901824,0,0,0,0,0,0,192,47744,320,51776,74688,0,0,0,152192,128,513,1177,1368998699,2538487528,1598144,0
1274,1116672,137856,130624,0,3840,9984,478464,325312,30592,11008,1105664,0,1472,472960,0,0,0,0,0,0,128,47488,384,51072,74368,0,0,0,151744,128,516,1185,1464737635,4059034999,1095680,0
1275,1677248,137728,133312,0,3904,24768,535424,327296,514816,495232,1182016,0,1408,530176,0,0,0,0,0,0,192,47488,320,51648,76352,0,0,0,151168,128,518,1194,2111756429,1360110559,1157248,0
1276,1676736,148928,129920,0,3968,10112,476352,329152,578304,558464,1118272,0,1408,470976,0,0,0,0,0,0,192,47488,320,51776,76992,0,0,0,152256,128,523,1206,3474103667,4139828034,1108160,0
1277,1677184,143360,130048,0,6272,24384,530112,328320,514688,494720,1182464,0,1408,524672,0,0,0,0,0,0,256,47616,192,51520,75200,0,0,0,153408,128,533,1223,2248840070,1484367933,1158080,0
1278,1676736,148352,130624,0,6464,10560,516288,322560,541888,522176,1154560,0,1280,510912,0,0,0,0,0,0,192,48384,320,51584,70464,0,0,0,151488,128,522,1209,473949806,341864402,1144000,0
1279,1677120,135744,130368,0,3840,31424,517632,316544,541568,521920,1155200,0,1408,512064,0,0,0,0,0,0,256,47360,320,51456,66496,0,0,0,150528,128,515,1189,873874776,1139590225,1123776,0
1280,2237120,361152,129408,0,10624,10112,860992,363328,501504,476288,1760832,0,1280,855616,0,0,0,0,0,0,128,47360,320,51392,70784,0,0,0,193216,128,534,1254,1802620329,2384688336,1750720,0
1281,1676800,202240,129920,0,11008,10176,672640,374592,276224,256576,1420224,0,1344,667264,0,0,0,0,0,0,128,46784,320,50752,85568,0,0,0,190912,128,533,1268,2640944830,2761878409,1410048,0
1282,1676928,147840,129280,0,4224,10176,576512,368384,440512,421056,1255872,0,1408,571072,0,0,0,0,0,0,128,45760,320,51328,80704,0,0,0,189952,192,526,1239,3801215067,3310010007,1245696,0
1283,1676992,145728,129600,0,6784,10304,558720,368640,457216,437312,1239680,0,1408,553216,0,0,0,0,0,0,128,46848,320,51648,81472,0,0,0,188096,128,532,1266,1589296142,1045328793,1229376,0
1284,1677056,166080,130176,0,13376,10240,626432,372032,358720,338816,1338240,0,1408,621056,0,0,0,0,0,0,192,47552,320,51456,81216,0,0,0,191168,128,557,1301,1294336520,1298633269,1328000,0
1285,1676608,136640,131264,0,4096,9792,512256,373248,509312,489920,1186688,0,1408,507008,0,0,0,0,0,0,192,46784,320,51584,86528,0,0,0,187712,128,545,1281,785754311,1926886158,1176896,0
1286,1677056,136192,131712,0,6272,9920,524416,333248,535296,515456,1161600,0,1408,519040,0,0,0,0,0,0,128,47744,256,51584,84736,0,0,0,148672,128,529,1254,2625419188,2947744912,1151680,0
1287,1677120,148352,129728,0,5312,10240,506880,334912,541696,521920,1155200,0,1344,501376,0,0,0,0,0,0,192,47296,320,51968,82688,0,0,0,152320,128,545,1278,501502326,3826290586,1144960,0
1288,1676736,132416,129344,0,4096,10048,502528,337088,561216,541824,1134912,0,1408,496960,0,0,0,0,0,0,192,47360,256,51712,85632,0,0,0,151808,128,548,1290,2547704318,3060211290,1124864,0
1289,1677184,147392,130688,0,6784,31808,503872,327296,529344,509632,1167552,0,1344,498240,0,0,0,0,0,0,192,47552,320,51776,75520,0,0,0,151808,128,543,1266,3057885598,1485510410,1135744,0
1290,1116352,136128,130304,0,7168,10048,477056,319936,35712,16128,1100224,0,1408,471680,0,0,0,0,0,0,256,47616,320,51584,67456,0,0,0,152576,128,535,1250,2627633627,2186596794,1090176,0
1291,1677184,135744,130112,0,3840,10048,547776,319040,530624,510912,1166272,0,1344,542336,0,0,0,0,0,0,128,47744,320,51584,67456,0,0,0,151680,128,535,1259,1969592902,1070955232,1156224,0
1292,1676928,154752,129920,0,13568,10112,678528,317696,372352,352704,1324224,0,1344,673216,0,0,0,0,0,0,192,47808,320,51520,62592,0,0,0,155136,128,531,1231,3765544208,3009853141,1314112,0
1293,1677056,180352,129984,0,3840,9792,615424,314176,423488,404224,1272832,0,1344,610112,0,0,0,0,0,0,128,47488,320,51712,62848,0,0,0,151552,128,515,1218,384074567,4163437820,1263040,0
1294,1676864,133632,129920,0,3840,10176,547264,318080,533952,514496,1162368,0,1408,541824,0,0,0,0,0,0,192,48192,320,50880,67008,0,0,0,151360,128,529,1250,2379220530,3727538515,1152192,0
1295,1116736,149376,131136,0,5952,9984,487872,309952,22464,2752,1113984,0,1408,482432,0,0,0,0,0,0,128,48384,320,51776,58688,0,0,0,150528,128,520,1213,806209910,1228445865,1104000,0
1296,1677056,174528,130560,0,3840,9920,668352,322688,367168,342272,1334784,0,1408,662912,0,0,0,0,0,0,128,48064,256,51584,70912,0,0,0,151616,128,517,1213,1390168270,3128519174,1324864,0
1297,1676864,137792,131008,0,3712,10624,496384,320512,576832,557376,1119488,0,1408,491008,0,0,0,0,0,0,128,47936,320,51904,69888,0,0,0,150208,128,531,1250,1838859338,674789356,1108864,0
1298,1678528,174080,131072,0,4672,12224,592640,324416,439424,418112,1260416,0,1344,587264,0,0,0,0,0,0,192,47552,320,51776,71616,0,0,0,152832,128,515,1225,3265312361,3858177689,1248192,0
1299,1116800,133312,130048,0,5056,10176,470208,310464,57536,36160,1080640,0,1344,465024,0,0,0,0,0,0,192,47552,192,51456,59584,0,0,0,151360,128,511,1203,2049869579,1826342499,1070464,0
1300,1676928,149312,130752,0,3968,33856,497024,319808,542208,520768,1156160,0,1408,491712,0,0,0,0,0,0,192,47936,320,52032,67200,0,0,0,152000,128,530,1247,506932030,2747915198,1122304,0
1301,1676608,148224,129088,0,13504,12352,549440,316480,507520,486336,1190272,0,1280,544064,0,0,0,0,0,0,192,47488,320,51776,63360,0,0,0,153152,192,539,1245,3841738022,3715063817,1177920,0
1302,1677056,164480,131712,0,5120,10240,555968,344192,465344,444224,1232832,0,1344,550592,0,0,0,0,0,0,192,47424,320,51712,92096,0,0,0,152320,128,546,1280,2407006159,3817520305,1222592,0
1303,1675520,185856,129664,0,3712,10112,564480,328064,453632,434048,1241472,0,1344,559168,0,0,0,0,0,0,192,48192,256,51648,76672,0,0,0,150976,128,545,1275,385526109,1288826273,1231360,0
1304,1116672,131648,129984,0,3712,10048,410048,325056,106176,87040,1029632,0,1408,404672,0,0,0,0,0,0,192,47680,256,51520,75392,0,0,0,149888,128,537,1262,1784586239,1244631365,1019584,0
1305,1677184,159680,130176,0,3776,10240,520384,324992,527936,508416,1168768,0,1408,515008,0,0,0,0,0,0,128,47488,320,51712,75008,0,0,0,150208,128,539,1279,1787078279,276635810,1158528,0
1306,1676928,187584,130432,0,3712,10304,554880,329216,460800,441344,1235584,0,1408,549568,0,0,0,0,0,0,256,47360,320,51648,78784,0,0,0,150720,128,545,1296,1980368804,3168565802,1225280,0
1307,1676928,159360,129728,0,5824,24256,521664,325568,510528,491136,1185792,0,1344,516224,0,0,0,0,0,0,192,46976,320,51072,75648,0,0,0,151232,128,557,1310,724564333,1675051464,1161536,0
1308,1676928,147456,130368,0,6016,10176,481664,321408,579840,559360,1117568,0,1408,476224,0,0,0,0,0,0,192,47808,320,51968,71488,0,0,0,149504,128,547,1292,2070926163,15020208,1107392,0
1309,1116736,135296,133568,0,3648,9792,473600,312512,48320,28800,1087936,0,1344,468160,0,0,0,0,0,0,192,47872,320,51456,62656,0,0,0,149888,128,537,1256,543119284,938216823,1078144,0
1310,1678592,145600,130880,0,3584,13184,496064,313280,576000,554944,1123648,0,1344,490752,0,0,0,0,0,0,192,48256,320,51392,59840,0,0,0,153152,128,528,1235,1485727317,1275214025,1110464,0
1311,1677184,223680,130048,0,3520,34240,761088,313920,210688,189056,1488128,0,1408,755776,0,0,0,0,0,0,256,47680,256,51584,62016,0,0,0,152000,128,544,1252,2436858137,2379803424,1453888,0
1312,1676608,334784,129920,0,3584,12544,592640,310080,293056,266688,1409920,0,1344,587200,0,0,0,0,0,0,256,47104,320,50752,57216,0,0,0,154304,128,536,1244,1684917761,909946214,1397376,0
1313,1677248,153600,129216,0,3712,12224,820224,308096,250176,228864,1448384,0,1408,815040,0,0,0,0,0,0,192,47296,320,51264,55232,0,0,0,153664,128,531,1224,103897958,800957478,1436160,0
1314,1676928,161600,130496,0,4544,12096,787712,302656,277824,256512,1420416,0,1344,782400,0,0,0,0,0,0,192,47488,320,51520,49536,0,0,0,153472,128,531,1217,1812156866,3860698600,1408320,0
1315,1676864,171008,129088,0,3712,12544,840384,307456,212672,191232,1485632,0,1408,835008,0,0,0,0,0,0,192,48192,256,51584,52480,0,0,0,154624,128,546,1247,1553347727,2265773844,1473088,0
1316,1676992,146752,130816,0,3712,12352,622208,301376,459776,438976,1238016,0,1408,616896,0,0,0,0,0,0,128,47360,320,51584,49088,0,0,0,152768,128,531,1214,1464481628,968478888,1225664,0
1317,1677568,135232,130048,0,5824,12224,593984,292864,507392,485440,1192128,0,1408,588608,0,0,0,0,0,0,192,47744,256,51584,41024,0,0,0,151936,128,526,1210,2529987924,1575467242,1179904,0
1318,1676416,146112,129920,0,6080,12736,570176,287168,524224,502592,1173824,0,1344,564800,0,0,0,0,0,0,192,47680,320,51520,35456,0,0,0,151872,128,518,1192,699917527,2051716609,1161088,0
1319,1677056,165376,129728,0,3584,12672,567360,288128,510208,489280,1187776,0,1344,561920,0,0,0,0,0,0,192,47488,320,51712,35456,0,0,0,152832,128,520,1203,3190967320,3285535485,1175104,0
1320,1677120,153344,128448,0,6272,11968,645952,285760,445376,424064,1253056,0,1344,640704,0,0,0,0,0,0,192,48384,256,51712,31872,0,0,0,153152,192,532,1232,3813296228,534961442,1241088,0
1321,1676864,145088,128384,0,4480,20096,559872,289280,529664,508608,1168256,0,1408,554432,0,0,0,0,0,0,192,47936,320,51584,31552,0,0,0,157504,192,540,1251,3425181153,359418340,1148160,0
1322,1676928,166528,130240,0,2112,41600,608832,299136,428480,407168,1269760,0,1344,603456,0,0,0,0,0,0,256,48064,256,51648,39552,0,0,0,159232,128,556,1285,2647710664,2115923689,1228160,0
1323,1116672,137856,129472,0,2048,20928,459712,293248,73408,52416,1064256,0,1280,454336,0,0,0,0,0,0,192,47936,320,51328,34880,0,0,0,158464,128,549,1274,1916314199,2840239494,1043328,0
1324,2237440,213248,131328,0,23168,35456,1057984,352640,423616,402048,1835392,0,1408,1052544,0,0,0,0,0,0,192,46912,320,51072,54656,0,0,0,199360,128,567,1341,2644811990,3235520258,1799936,0
1325,1676800,177280,130944,0,3584,35456,684672,338176,306688,285312,1391488,0,1280,679232,0,0,0,0,0,0,128,46976,320,51072,42752,0,0,0,196800,128,577,1356,1560244295,3418890851,1356032,0
1326,1676736,156096,131264,0,3776,35456,535104,336384,478656,457472,1219264,0,1408,529856,0,0,0,0,0,0,192,46784,256,51456,40064,0,0,0,197504,128,577,1344,3092465872,817926693,1183808,0
1327,1677248,176704,130304,0,3648,20736,632576,342976,370304,348736,1328512,0,1408,627200,0,0,0,0,0,0,256,47488,320,51712,45952,0,0,0,197120,128,573,1341,994432376,1454076324,1307776,0
1328,1676672,189312,135232,0,11328,35584,875456,363904,65856,39360,1637312,0,1408,870080,0,0,0,0,0,0,192,47616,320,51776,61760,0,0,0,202112,128,572,1360,3020240845,964625456,1601728,0
1329,1677056,143040,130048,0,4800,18496,562624,354816,463232,441792,1235264,0,1408,557120,0,0,0,0,0,0,128,46976,256,51392,60288,0,0,0,195648,128,549,1312,4166291748,1014580153,1216768,0
1330,1676928,143168,129984,0,3840,33280,588864,313216,464576,443264,1233664,0,1408,583488,0,0,0,0,0,0,128,47360,256,51584,56448,0,0,0,157312,128,523,1246,3016791247,3501209855,1200384,0
1331,1677056,162816,130688,0,4096,33408,750336,321472,274240,252736,1424320,0,1408,745024,0,0,0,0,0,0,128,48000,320,51200,63552,0,0,0,158144,128,514,1227,1771626974,4107756173,1390912,0
1332,1676800,143360,129856,0,3968,20416,552896,321984,504320,483072,1193728,0,1344,547520,0,0,0,0,0,0,128,48256,256,51392,63936,0,0,0,157888,128,513,1218,2509008442,2659976876,1173312,0
1333,1676992,143168,129856,0,4032,56000,604608,314752,424576,403328,1273664,0,1344,599168,0,0,0,0,0,0,256,47936,320,51456,56128,0,0,0,158528,128,510,1222,1465523713,1741105191,1217664,0
1334,1676800,162240,129792,0,4096,34560,908864,322432,114816,93440,1583360,0,1344,903488,0,0,0,0,0,0,192,47360,320,51712,63552,0,0,0,159168,128,518,1246,1638566800,3611261933,1548800,0
1335,1677056,142656,129152,0,3968,20736,592320,319616,468608,447168,1229888,0,1344,586880,0,0,0,0,0,0,192,47168,320,51584,61184,0,0,0,159040,128,515,1231,329061054,1970584204,1209152,0
1336,1676800,175680,130112,0,4096,34944,713472,319872,298624,277632,1399168,0,1344,708224,0,0,0,0,0,0,192,47616,192,51648,59072,0,0,0,161024,128,518,1222,413560275,1178944241,1364224,0
1337,1676992,194368,129792,0,4160,34624,889664,327616,96768,75456,1601536,0,1344,884288,0,0,0,0,0,0,192,47552,320,50944,67136,0,0,0,161344,128,515,1205,2411775872,2345052144,1566912,0
1338,1677120,142784,130240,0,4288,20352,501440,327808,550208,528896,1148224,0,1344,496128,0,0,0,0,0,0,256,48320,320,51840,68352,0,0,0,158592,128,515,1204,3052631256,4172155729,1127872,0
1339,1676864,142912,130176,0,4224,35200,504256,327424,532672,511488,1165376,0,1344,498944,0,0,0,0,0,0,192,47808,320,51904,67392,0,0,0,159680,128,529,1267,4009573305,1022324178,1130176,0
1340,1677248,163712,130240,0,4160,35008,721152,330560,292416,270656,1406592,0,1344,715776,0,0,0,0,0,0,192,47424,320,51776,70912,0,0,0,159808,128,553,1344,2796834043,3573703936,1371584,0
1341,1116480,142656,130176,0,4160,20608,468416,325184,25280,4032,1112448,0,1280,463040,0,0,0,0,0,0,256,47232,384,51520,66368,0,0,0,159296,128,564,1361,1589260821,1527570532,1091840,0
1342,1677184,142848,131264,0,4160,34752,504064,322112,537984,516480,1160704,0,1408,498688,0,0,0,0,0,0,192,47424,256,51840,64832,0,0,0,157440,128,572,1347,1973810366,570076063,1125952,0
1343,1676800,181888,130304,0,4352,35328,800768,321408,202752,181312,1495488,0,1344,795520,0,0,0,0,0,0,128,47808,320,51456,59264,0,0,0,162304,128,566,1313,2891542972,3920160932,1460160,0
1344,1677056,155008,129408,0,5184,41984,516672,317952,510848,484160,1192896,0,1408,511296,0,0,0,0,0,0,128,47616,320,51584,58944,0,0,0,159168,192,568,1307,728416448,3842930359,1150912,0
1345,1676800,143552,130048,0,4352,34752,502784,305344,555968,534656,1142144,0,1344,497408,0,0,0,0,0,0,192,47808,320,51840,46528,0,0,0,158528,128,567,1306,1688935177,3178700135,1107392,0
1346,1676928,175168,129600,0,4416,34688,676096,305216,351744,330176,1346752,0,1280,670720,0,0,0,0,0,0,128,47616,256,51584,48320,0,0,0,157120,192,568,1318,3096207166,67315703,1312064,0
1347,1116736,155392,129408,0,4416,18688,462656,302144,44032,22528,1094208,0,1408,457280,0,0,0,0,0,0,192,46976,320,51584,45888,0,0,0,157056,128,570,1326,3697547765,3449778384,1075520,0
1348,1676928,143424,130944,0,6784,34880,557888,301312,501696,480256,1196672,0,1344,552512,0,0,0,0,0,0,192,47296,320,51584,45376,0,0,0,156416,128,576,1342,4167944469,2191936535,1161792,0
1349,1677120,174784,128704,0,4480,35008,697344,306368,330432,308800,1368320,0,1408,691968,0,0,0,0,0,0,128,47808,320,51712,47872,0,0,0,158400,128,570,1316,1593478260,4066436089,1333312,0
1350,1676928,155456,130048,0,4544,21760,486208,305664,573248,551872,1125056,0,1344,480768,0,0,0,0,0,0,192,47360,192,51840,49536,0,0,0,156416,128,572,1329,3943855218,2172187702,1103296,0
1351,1677184,142848,128960,0,4480,34944,526592,303936,535424,514112,1163072,0,1344,521088,0,0,0,0,0,0,192,47616,320,51648,46848,0,0,0,157120,192,571,1330,4088893428,1990790913,1128128,0
1352,1676800,174784,129472,0,6720,35520,708864,303488,317952,296832,1379968,0,1344,703552,0,0,0,0,0,0,128,46976,256,51648,47424,0,0,0,156864,192,564,1304,932477668,1157487517,1344448,0
1353,1676864,154752,128832,0,5760,21632,485312,304320,576256,555264,1121600,0,1408,479872,0,0,0,0,0,0,192,47360,256,51968,46784,0,0,0,157632,128,569,1313,150039649,3404004889,1099968,0
1354,1676928,143616,130368,0,4352,35648,558336,300864,503744,482624,1194304,0,1344,552960,0,0,0,0,0,0,192,47296,320,51584,45824,0,0,0,155520,128,569,1311,2376770575,1611143440,1158656,0
1355,1677120,174720,129152,0,6720,59328,686912,306112,314176,292480,1384640,0,1280,681536,0,0,0,0,0,0,256,47808,320,51712,47552,0,0,0,158336,128,570,1304,1947472185,2122418193,1325312,0
1356,1676864,155200,129408,0,5760,23616,502464,308096,552320,531200,1145664,0,1280,496960,0,0,0,0,0,0,256,47296,320,51904,49600,0,0,0,158592,128,578,1317,479822272,3917364520,1122048,0
1357,1676992,143488,128960,0,4416,36928,502400,306880,553920,532672,1144320,0,1408,496960,0,0,0,0,0,0,256,48064,256,51648,48512,0,0,0,158016,128,566,1308,603297405,533122470,1107392,0
1358,1676736,173504,128960,0,6848,37888,680960,308288,340288,319488,1357248,0,1344,675520,0,0,0,0,0,0,256,48192,320,51712,47168,0,0,0,160512,128,565,1294,3499455373,4140315200,1319360,0
1359,1677248,155136,131392,0,6592,22912,508288,304768,548160,526528,1150720,0,1408,502848,0,0,0,0,0,0,256,47296,320,51776,46976,0,0,0,158016,128,569,1296,3016212772,705304360,1127808,0
1360,1676736,161088,129216,0,4352,37312,666688,319360,358720,332032,1344704,0,1280,661248,0,0,0,0,0,0,256,48064,256,51712,59008,0,0,0,159936,128,550,1289,2376400628,2797663632,1307392,0
1361,1677184,164096,130048,0,4416,36928,724416,324544,292736,268800,1408384,0,1344,719104,0,0,0,0,0,0,192,47680,256,51712,64832,0,0,0,159744,128,571,1321,3504795391,2620410271,1371456,0
1362,1676736,174528,130176,0,4416,23616,580992,322112,440896,419392,1257344,0,1280,575616,0,0,0,0,0,0,192,47872,320,51648,62464,0,0,0,159488,128,568,1320,396019543,1320133277,1233728,0
1363,1676864,266176,129856,0,4416,36800,792000,330048,117568,96192,1580672,0,1408,786752,0,0,0,0,0,0,128,48064,320,51136,70208,0,0,0,160064,128,571,1339,2778204494,3697996052,1543872,0
1364,1677120,172352,130432,0,12672,38016,693888,358912,270848,249280,1427840,0,1408,688640,0,0,0,0,0,0,256,47616,35776,52416,60288,0,0,0,162432,128,569,1325,4047252418,2077251367,1389824,0
1365,1677184,135936,128896,0,7040,22912,563200,360768,458432,436672,1240512,0,1344,557952,0,0,0,0,0,0,256,47872,36096,52096,61248,0,0,0,163072,128,570,1324,984391505,189013627,1217600,0
1366,2236992,602240,130112,0,7040,59136,786432,433216,218816,197440,2039552,0,1280,781120,0,0,0,0,0,0,320,48384,99008,53184,62656,0,0,0,169536,128,579,1376,433893352,3451568001,1980416,0
1367,1676992,159104,130816,0,6976,37632,518784,456704,366976,345536,1331456,0,1344,513408,0,0,0,0,0,0,448,48000,130944,53952,52480,0,0,0,170752,128,593,1407,2523783410,1017492612,1293824,0
1368,1676928,141248,131008,0,4352,37888,449408,453568,459456,438144,1238784,0,1408,443968,0,0,0,0,0,0,448,48704,130432,53696,51584,0,0,0,168576,128,595,1407,2442736452,2408427613,1200896,0
1369,1676800,132864,130496,0,6656,23424,449408,449856,484096,462848,1213952,0,1408,443968,0,0,0,0,0,0,384,47872,130688,53696,49088,0,0,0,168000,128,602,1413,723047811,3237454377,1190528,0
1370,1677248,198016,130496,0,6784,21312,590784,436800,293056,271488,1405760,0,1408,585472,0,0,0,0,0,0,448,48128,129984,54016,37184,0,0,0,166912,128,598,1393,4254951343,1758687215,1384448,0
1371,1676800,144128,129216,0,4224,21056,497152,434816,446208,424832,1251968,0,1472,491840,0,0,0,0,0,0,512,47936,131136,53376,32000,0,0,0,169728,128,589,1361,117569529,3924792333,1230912,0
1372,1676864,132288,130432,0,6656,20736,460800,429824,496128,475008,1201856,0,1344,455424,0,0,0,0,0,0,256,47936,130240,53696,31936,0,0,0,165632,128,593,1353,1567264626,2683883090,1181120,0
1373,1677120,132224,129984,0,5504,21696,526080,410176,451456,430016,1247104,0,1408,520576,0,0,0,0,0,0,384,47808,108032,53504,31488,0,0,0,168832,128,582,1321,868251024,4185606161,1225408,0
1374,1676800,132608,130176,0,4992,20800,465600,427008,495616,474368,1202432,0,1408,460224,0,0,0,0,0,0,512,48704,130176,53568,26688,0,0,0,167232,128,586,1346,1165988081,2270047019,1181632,0
1375,1676992,132096,129152,0,6336,20992,526336,379456,482624,460608,1216384,0,1408,521024,0,0,0,0,0,0,384,47680,99136,53312,15360,0,0,0,163456,128,579,1332,4195294833,3489281458,1195392,0
1376,1676864,131712,129600,0,5248,21248,509184,415360,464512,437760,1239104,0,1344,503744,0,0,0,0,0,0,320,48256,130496,53760,15552,0,0,0,166784,192,583,1360,4154839946,3915307248,1217856,0
1377,1677824,132160,129280,0,6336,44736,483008,382656,499648,477632,1200192,0,1408,477696,0,0,0,0,0,0,448,48064,98688,53120,15488,0,0,0,166720,128,564,1315,3880208957,3303642491,1155456,0
1378,1676096,151296,128960,0,6848,23488,565312,417856,382336,358528,1317568,0,1408,559936,0,0,0,0,0,0,448,48320,130240,53824,15616,0,0,0,169280,128,570,1345,33398588,4015960477,1294080,0
1379,1676992,146304,128640,0,6720,23616,494656,392320,484736,463488,1213504,0,1344,489344,0,0,0,0,0,0,320,47552,98944,53312,24704,0,0,0,167360,128,556,1296,1965704599,1362591905,1189888,0
1380,1677248,152384,130560,0,3712,22656,618944,442304,306688,285312,1391936,0,1408,613568,0,0,0,0,0,0,576,47808,129600,54080,39360,0,0,0,170752,128,574,1350,4163826047,1608819483,1369280,0
1381,1676928,132608,129856,0,6016,23104,519424,399296,466624,444928,1232000,0,1408,513984,0,0,0,0,0,0,384,48704,99328,52928,30848,0,0,0,166976,128,576,1337,2373403020,1114069137,1208896,0
1382,1676864,132160,130688,0,4928,22912,456704,432448,497024,475648,1201216,0,1408,451392,0,0,0,0,0,0,448,47808,131392,53696,30976,0,0,0,168000,128,574,1339,2467956700,3566439780,1178304,0
1383,1676992,132544,130560,0,3584,23296,466880,398272,521856,500352,1176640,0,1408,461504,0,0,0,0,0,0,448,48064,98176,53184,31104,0,0,0,167168,128,565,1315,2229172772,4285129498,1153344,0
1384,1676992,132544,129920,0,5824,23488,489792,433408,462016,440512,1236480,0,1344,484416,0,0,0,0,0,0,448,47808,130432,53824,30976,0,0,0,169728,192,565,1323,1731018486,652803553,1212992,0
1385,1677120,132160,130560,0,6528,23168,579200,398080,407424,385920,1291200,0,1344,573824,0,0,0,0,0,0,320,48192,98368,53376,31168,0,0,0,166464,192,565,1312,2872099582,2680528934,1268032,0
1386,1676928,158400,130560,0,4096,23040,668480,432640,259712,238208,1438720,0,1280,663168,0,0,0,0,0,0,448,47424,130688,53888,30656,0,0,0,169408,128,572,1331,3690482063,222820348,1415680,0
1387,1676992,197504,130240,0,2048,44864,723328,432832,146176,124736,1552256,0,1344,717952,0,0,0,0,0,0,512,48128,130304,53824,31104,0,0,0,168832,128,568,1324,3525027980,71236978,1507392,0
1388,2236864,230976,167168,0,4992,24896,818880,478400,511552,488064,1748800,0,1728,813120,0,0,0,0,0,0,448,48512,160832,53568,35328,0,0,0,179584,128,577,1349,295980023,234393130,1723904,0
1389,1676864,163392,130048,0,15552,23296,641472,441792,261312,239680,1437184,0,1344,636096,0,0,0,0,0,0,320,48448,129856,53824,40000,0,0,0,169216,128,565,1334,3034241473,961095887,1413888,0
1390,1677120,152128,130688,0,3776,23360,623104,444224,299840,278656,1398464,0,1344,617664,0,0,0,0,0,0,512,48256,130304,53440,41024,0,0,0,170560,128,554,1307,1976296724,1268584004,1375104,0
1391,1676928,169728,129408,0,19392,22912,714368,458624,162496,141184,1535744,0,1408,708864,0,0,0,0,0,0,576,48128,134336,54336,50432,0,0,0,170688,128,570,1320,669589562,255118024,1512832,0
1392,1676928,133824,131008,0,6336,21504,505728,468288,410240,383104,1293824,0,1408,500416,0,0,0,0,0,0,448,47872,135360,54208,62656,0,0,0,167616,128,576,1344,2492895612,2654509761,1272320,0
1393,1677120,150848,130368,0,6976,21312,614144,478144,275328,253824,1423296,0,1344,608640,0,0,0,0,0,0,512,47936,134720,54144,68928,0,0,0,171776,128,577,1360,170593917,3404821983,1401984,0
1394,1677120,151680,131136,0,5184,20800,509056,442240,417024,395712,1281408,0,1408,503680,0,0,0,0,0,0,512,48192,104256,53504,69056,0,0,0,166592,128,547,1293,3686071109,3672324799,1260608,0
1395,1676928,133248,132480,0,3712,21056,776960,424640,184832,163520,1513408,0,1344,771584,0,0,0,0,0,0,448,47936,99008,53312,58752,0,0,0,165056,128,540,1277,1781246472,399536396,1492352,0
1396,1677056,225984,129472,0,10368,20928,731840,419264,139200,117440,1559616,0,1408,726464,0,0,0,0,0,0,576,47936,98304,53376,52864,0,0,0,166080,128,547,1264,1280933430,1989521833,1538688,0
1397,2236992,576832,130944,0,3904,56704,821056,386176,261376,239936,1997056,0,1408,815680,0,0,0,0,0,0,320,48064,66560,52608,54720,0,0,0,163776,128,523,1227,1570945997,1822628194,1940352,0
1398,1676992,134848,130048,0,6080,21440,655232,382592,346752,325440,1351552,0,1472,649728,0,0,0,0,0,0,320,48384,66496,53184,51392,0,0,0,162688,128,533,1241,33212926,2420632383,1330112,0
1399,1676928,147008,129728,0,5120,18944,716992,329344,329792,308160,1368768,0,1408,711744,0,0,0,0,0,0,256,47872,31936,52352,39424,0,0,0,157376,128,532,1234,3168627606,3295729755,1349824,0
1400,1676992,153920,129600,0,3712,18368,757504,331840,282048,257472,1419520,0,1408,752128,0,0,0,0,0,0,192,48512,31936,51520,40256,0,0,0,159296,128,534,1247,1941820279,3568581935,1401152,0
1401,1676800,135232,129344,0,10752,19008,841216,330496,210752,189632,1487168,0,1408,835904,0,0,0,0,0,0,192,47680,31808,52224,38848,0,0,0,159616,128,560,1291,1199822444,885546119,1468160,0
1402,1677312,137856,130304,0,4096,19200,847360,378816,159680,138368,1538944,0,1344,841920,0,0,0,0,0,0,256,47360,31616,52352,39744,0,0,0,207296,192,554,1288,1852381539,1858157704,1519744,0
1403,1676864,134976,130560,0,4864,21312,848128,377600,159424,138112,1538752,0,1408,842688,0,0,0,0,0,0,192,46528,31552,52288,47104,0,0,0,199808,128,577,1334,2419681985,379936031,1517440,0
1404,1676928,134208,130112,0,3968,20672,860992,374848,152128,130752,1546176,0,1344,855488,0,0,0,0,0,0,256,47040,31808,52224,41792,0,0,0,201600,128,554,1294,4072355681,3104267905,1525504,0
1405,2237120,250112,129984,0,15360,35648,1158400,388736,258880,237504,1999616,0,1344,1152960,0,0,0,0,0,0,256,47424,31488,52736,55040,0,0,0,201664,128,573,1333,1788954881,1855766054,1963968,0
1406,1677056,161600,130560,0,4160,36160,766848,422592,155136,133952,1543104,0,1408,761600,0,0,0,0,0,0,256,46848,70464,51840,49024,0,0,0,204032,128,577,1343,668577249,1778514963,1506944,0
1407,1677184,138304,129792,0,6528,57856,723072,424384,197248,175936,1501248,0,1408,717696,0,0,0,0,0,0,256,46528,77952,52096,44288,0,0,0,203136,128,590,1362,536865536,27907170,1443392,0
1408,1676800,150464,129792,0,7552,21824,786880,429184,151104,124672,1552128,0,1408,781440,0,0,0,0,0,0,448,47744,114752,53120,46144,0,0,0,166848,128,574,1316,2750640255,2249607940,1530304,0
1409,2237248,175232,130112,0,5696,21504,885120,439232,580352,558464,1678784,0,1408,879680,0,0,0,0,0,0,384,47680,121472,53184,49088,0,0,0,167296,128,563,1307,3372824528,2595921132,1657280,0
1410,2237184,149952,129984,0,3904,21440,916480,478848,536576,515072,1722112,0,1408,911040,0,0,0,0,0,0,512,47488,159680,54016,48000,0,0,0,168960,192,555,1282,3473225275,2680477625,1700672,0
1411,1676928,147072,129600,0,4032,21120,681344,482176,211584,190464,1486464,0,1408,675840,0,0,0,0,0,0,512,48064,167168,53696,43264,0,0,0,169344,128,548,1277,420515144,3533698994,1465344,0
1412,2237312,147648,135680,0,12096,22080,813248,968704,137856,111232,2126080,0,1472,807616,0,0,0,0,0,0,576,524736,165440,54208,50688,63808,0,0,172928,128,550,1301,2878065611,1233787790,2104000,0
1413,2237056,207616,130240,0,17856,35456,1209792,588800,47296,25600,2211456,0,1344,1204480,0,0,0,0,0,0,512,167872,135616,53760,61632,0,0,0,169280,128,569,1319,958754427,3672486045,2176000,0
1414,1676864,170048,131072,0,6848,36224,554240,584320,194112,173056,1503808,0,1344,548928,0,0,0,0,0,0,448,166592,135296,54016,58560,0,0,0,169280,128,574,1314,2654402334,1126148890,1467584,0
1415,1677120,153600,129280,0,6848,36288,620288,601152,129664,108160,1568960,0,1344,614784,0,0,0,0,0,0,512,166784,142464,53696,65152,0,0,0,172352,192,581,1319,3446201869,3156070801,1532672,0
1416,1677120,152384,130624,0,7488,43712,529408,586432,227072,205696,1471424,0,1408,523968,0,0,0,0,0,0,448,168000,135104,53440,61952,0,0,0,167360,128,578,1319,1639635168,553466460,1427712,0
1417,1676928,177088,130560,0,5568,21568,592512,583488,166144,144384,1532544,0,1344,587072,0,0,0,0,0,0,384,166272,134912,53632,60160,0,0,0,168000,128,580,1330,1800706846,1142339391,1510976,0
1418,1676992,156672,130496,0,4288,21312,621440,536000,206784,185472,1491520,0,1408,616000,0,0,0,0,0,0,256,166080,90368,53120,59072,0,0,0,166976,128,550,1266,3175162650,366223652,1470208,0
1419,1676864,134272,131200,0,4352,21184,591360,540992,253504,231936,1444928,0,1408,586048,0,0,0,0,0,0,384,166912,90752,53120,63296,0,0,0,166400,128,539,1248,1000274874,370338518,1423744,0
1420,1676992,146880,130368,0,4416,20928,642368,489984,242048,220608,1456384,0,1408,637056,0,0,0,0,0,0,384,167424,46912,52352,56768,0,0,0,166016,128,542,1263,2500443465,3605443276,1435456,0
1421,1677056,146432,129408,0,5504,21824,608896,485504,279488,257792,1419264,0,1344,603520,0,0,0,0,0,0,256,167424,46144,52288,53824,0,0,0,165440,128,555,1279,3609745812,2624901412,1397440,0
1422,1676992,134720,130816,0,7424,21568,634176,426432,321856,300544,1376448,0,1408,628800,0,0,0,0,0,0,192,166080,448,52160,44928,0,0,0,162496,128,542,1247,1775288917,1675304214,1354880,0
1423,1676928,145536,129728,0,7424,21184,601472,429056,342528,320960,1355968,0,1408,596096,0,0,0,0,0,0,192,167488,448,52416,46592,0,0,0,161728,192,542,1258,1764809811,1434373570,1334784,0
1424,1676992,146112,128832,0,7232,21312,666624,428416,278464,257216,1419776,0,1408,661184,0,0,0,0,0,0,320,166528,448,52160,46336,0,0,0,162496,128,546,1275,1466988752,3143168707,1398464,0
1425,1676864,134912,130112,0,6784,21248,619584,427520,336704,309824,1367040,0,1408,614080,0,0,0,0,0,0,256,166464,448,52288,46656,0,0,0,161280,128,549,1269,3185125464,1069369994,1345792,0
1426,1677248,146432,129408,0,4928,23232,632512,425536,315200,293696,1383552,0,1344,627200,0,0,0,0,0,0,192,165568,512,52480,44288,0,0,0,162368,128,559,1287,2235016633,817464115,1360320,0
1427,1676928,147968,130368,0,3968,59456,674496,438208,222464,201088,1475840,0,1408,669184,0,0,0,0,0,0,192,166272,448,52480,55296,0,0,0,163392,128,560,1305,3572898932,3607971947,1416384,0
1428,1676864,134528,129856,0,3968,22976,616256,437568,331712,310464,1366400,0,1344,610688,0,0,0,0,0,0,192,167744,448,52352,53568,0,0,0,163136,128,544,1283,1823194010,3411907977,1343424,0
1429,1676928,146048,131712,0,5056,23296,616448,430784,323584,302336,1374592,0,1408,611072,0,0,0,0,0,0,192,167104,512,52096,47552,0,0,0,163200,128,557,1285,3074459376,322954069,1351296,0
1430,1676992,158592,130752,0,5056,23296,666368,436480,256448,235200,1441792,0,1408,660992,0,0,0,0,0,0,320,166912,448,52352,55552,0,0,0,160768,128,558,1282,714111078,2704362177,1418496,0
1431,1677184,154496,129472,0,13376,23616,834496,492224,29504,7936,1669248,0,1408,829120,0,0,0,0,0,0,384,166208,44416,52416,62208,0,0,0,166464,128,572,1382,476395087,4011126131,1645632,0
1432,1676928,148544,129856,0,4160,23104,770240,495360,105664,84224,1592704,0,1408,764800,0,0,0,0,0,0,192,165376,44544,52352,66176,0,0,0,166592,128,532,1297,2072262560,2720747246,1569600,0
1433,1676992,134592,130304,0,5312,23552,690240,487744,205248,184000,1492992,0,1408,684736,0,0,0,0,0,0,256,166784,44800,52288,57152,0,0,0,166336,128,576,1352,2039015376,1910783135,1469440,0
1434,1676992,134656,129984,0,6848,22976,696576,480192,205760,184512,1492480,0,1472,691264,0,0,0,0,0,0,128,166016,44608,52224,51968,0,0,0,165120,128,585,1359,2628069263,1087609222,1469504,0
1435,1676928,135424,130176,0,7232,23296,683776,477696,219328,198208,1478720,0,1344,678400,0,0,0,0,0,0,320,165056,44672,52480,52096,0,0,0,162880,192,582,1343,1652975218,1609668460,1455424,0
1436,1676864,135232,130048,0,5248,23168,694976,490176,198016,176768,1500096,0,1408,689664,0,0,0,0,0,0,192,167168,44352,52864,59712,0,0,0,165760,128,566,1314,1526904534,3308220105,1476928,0
1437,2237824,170240,130496,0,13888,57728,937984,444352,483136,461056,1776768,0,1344,932800,0,0,0,0,0,0,192,166016,512,52544,62400,0,0,0,162560,128,542,1272,2084546677,3851341452,1719040,0
1438,1676352,150592,130560,0,3904,36288,531264,440448,383296,361920,1314432,0,1344,525760,0,0,0,0,0,0,192,167040,512,52352,59904,0,0,0,160320,128,541,1265,3602824561,2965039349,1278144,0
1439,1676928,139840,130048,0,3968,36352,507904,440128,418688,397312,1279616,0,1408,502464,0,0,0,0,0,0,256,167616,384,52160,57344,0,0,0,162240,128,542,1264,3008402127,4115626821,1243264,0
1440,1676864,153472,129344,0,3968,21184,595392,435776,337728,316352,1360512,0,1408,590080,0,0,0,0,0,0,256,168192,448,52416,54528,0,0,0,159808,128,577,1318,3640832105,92467160,1339328,0
1441,1677120,150528,129152,0,4096,21120,609472,431872,330880,304192,1372928,0,1408,604096,0,0,0,0,0,0,320,166912,448,52224,51328,0,0,0,160512,128,581,1318,3773130465,3590170139,1351808,0
1442,1676864,134208,128704,0,6464,21184,666176,430976,289152,267584,1409280,0,1344,660800,0,0,0,0,0,0,256,167680,512,52416,49664,0,0,0,160320,128,581,1326,1667990664,1139467897,1388096,0
1443,1676992,155200,129536,0,6400,22080,728896,470016,164864,143232,1533760,0,1344,723456,0,0,0,0,0,0,192,165952,512,52416,49856,0,0,0,200960,128,562,1313,3029993159,2168041521,1511680,0
1444,1676864,134080,129600,0,6400,21376,591040,473728,320640,299264,1377600,0,1408,585664,0,0,0,0,0,0,256,169664,512,52480,51968,0,0,0,198720,128,574,1364,374054141,3077036661,1356224,0
1445,1676864,135424,129152,0,6080,23680,578304,469504,334720,313344,1363520,0,1408,572928,0,0,0,0,0,0,256,170304,448,52224,44672,0,0,0,201472,128,537,1285,2058261800,2705969928,1339840,0
1446,1676928,135680,130112,0,3840,23104,636416,456064,291712,270400,1406528,0,1344,631040,0,0,0,0,0,0,192,169600,512,52224,30080,0,0,0,203328,128,546,1316,3080355031,3351290686,1383424,0
1447,1677184,135104,129088,0,3840,44992,631552,402112,330496,308992,1368192,0,1408,626176,0,0,0,0,0,0,128,120704,320,51776,30016,0,0,0,199040,128,505,1225,3710215867,343354791,1323200,0
1448,1676608,135616,129216,0,3840,23424,652032,462080,270400,248768,1427840,0,1344,646656,0,0,0,0,0,0,192,169536,448,52288,37568,0,0,0,201920,128,482,1173,399258520,3887703162,1404416,0
1449,1676992,114304,130432,0,3904,23104,629568,370112,405568,383936,1293056,0,1408,624000,0,0,0,0,0,0,192,121280,320,51712,36416,0,0,0,160064,128,444,1067,775412120,132825615,1269952,0
1450,1676928,114048,129856,0,3840,20736,591552,422976,393920,372544,1304384,0,1344,586240,0,0,0,0,0,0,320,170112,576,52288,36672,0,0,0,162880,128,462,1103,1883136750,131211487,1283648,0
1451,1676928,113728,130368,0,3840,21760,599680,365504,442048,420736,1256192,0,1408,594304,0,0,0,0,0,0,192,121856,320,51712,30272,0,0,0,161024,128,451,1081,2641946774,595217200,1234432,0
1452,1676992,114560,130624,0,3840,21120,598592,413440,394816,373376,1303616,0,1408,593216,0,0,0,0,0,0,192,169536,448,52416,29952,0,0,0,160768,128,443,1067,2251231564,718123632,1282496,0
1453,1676928,132928,129600,0,3904,21312,684544,365056,339584,318272,1358656,0,1344,679168,0,0,0,0,0,0,256,121792,320,51904,30016,0,0,0,160640,128,443,1063,1171961749,910135315,1337344,0
1454,1676608,114112,130112,0,3968,20864,605056,424000,378496,357312,1319296,0,1280,599744,0,0,0,0,0,0,256,170624,512,52352,37440,0,0,0,162688,128,458,1095,236227850,59713184,1298432,0
1455,1677248,132736,128896,0,3904,21376,752256,370304,267776,245824,1431424,0,1408,746880,0,0,0,0,0,0,192,120896,320,51712,36096,0,0,0,160960,128,447,1064,1200903564,3344572649,1410048,0
1456,1676736,146368,129856,0,3904,20864,569792,427264,378688,357632,1319104,0,1408,564352,0,0,0,0,0,0,256,170176,448,52288,40768,0,0,0,163200,128,458,1094,3433958517,2141940215,1298240,0
1457,1677184,114048,130112,0,3904,36096,595456,372224,425344,398528,1278656,0,1408,590144,0,0,0,0,0,0,192,121344,320,51776,36544,0,0,0,161920,128,457,1085,3310978040,2257091804,1242560,0
1458,1677056,132928,128832,0,3904,42368,669504,400256,299264,277632,1399424,0,1408,664128,0,0,0,0,0,0,256,169664,448,52288,13760,0,0,0,163712,128,455,1082,513129083,564918827,1357056,0
1459,1676864,114304,130048,0,3904,20992,510528,347456,549632,528064,1148800,0,1344,505344,0,0,0,0,0,0,128,121472,320,51648,13888,0,0,0,159872,128,450,1067,2568206740,3655745311,1127808,0
1460,1677056,129280,142336,0,10624,38912,807360,500288,48256,23424,1653632,0,3008,797888,0,0,0,0,0,0,320,170560,71488,52480,36288,0,0,0,169024,128,462,1096,1145611891,984299525,1614720,0
1461,1676864,128640,128704,0,20416,34496,594112,454336,316160,295040,1381824,0,1408,588672,0,0,0,0,0,0,192,121792,72064,52480,47360,0,0,0,160256,192,456,1082,1763432585,863058124,1347328,0
1462,1677056,129728,129856,0,6592,34432,596928,518720,260800,239232,1437824,0,1472,591488,0,0,0,0,0,0,320,170112,70720,52928,61440,0,0,0,163072,128,479,1144,418651197,474884501,1403392,0
1463,1677056,161088,129472,0,13504,34368,729216,519872,89536,68160,1608896,0,1344,723968,0,0,0,0,0,0,256,121408,71232,52288,113728,0,0,0,160832,128,496,1203,1615158168,260293041,1574528,0
1464,1676736,117056,129984,0,5568,35008,531584,555712,301824,280576,1396160,0,1344,526080,0,0,0,0,0,0,384,165632,71616,52096,102400,0,0,0,163456,128,510,1238,2424503513,929490920,1361152,0
1465,1677056,117184,129088,0,6336,34560,527296,512128,350464,328384,1348672,0,1408,521856,0,0,0,0,0,0,320,121024,72640,52224,105984,0,0,0,159808,128,509,1246,884970978,1869050405,1314112,0
1466,1676928,116864,129664,0,5504,34240,517824,582720,290112,268672,1408256,0,1408,512384,0,0,0,0,0,0,384,166208,71424,52672,129216,0,0,0,162688,128,504,1232,98055540,3999910905,1374016,0
1467,1676992,135616,128896,0,6208,37120,595136,534656,239360,217920,1459072,0,1408,589760,0,0,0,0,0,0,256,122368,72000,52352,124416,0,0,0,163136,128,489,1197,518474730,804020604,1421952,0
1468,1677120,116608,130624,0,5376,57536,574656,589056,203264,181696,1495424,0,1344,569280,0,0,0,0,0,0,320,167680,71744,52800,132544,0,0,0,163840,128,498,1225,3582611406,2794964494,1437888,0
1469,1676608,128320,129152,0,3840,36224,558848,534272,285952,264576,1412032,0,1408,553408,0,0,0,0,0,0,320,120960,72192,52416,125376,0,0,0,162880,128,484,1182,3887614769,1978536143,1375808,0
1470,1676992,135424,130176,0,11520,36864,661504,635712,65792,44288,1632704,0,1408,656064,0,0,0,0,0,0,384,167168,70272,52864,178816,0,0,0,166016,192,507,1267,1860924793,3550911069,1595840,0
1471,1677120,116224,129920,0,4096,36480,492864,546368,351168,329792,1347328,0,1344,487680,0,0,0,0,0,0,192,121408,72128,52160,137344,0,0,0,163008,128,503,1253,126428812,202319552,1310848,0
1472,2236928,575296,129344,0,4096,36544,599936,637184,254528,233472,2003456,0,1344,594688,0,0,0,0,0,0,448,166784,70720,52864,181440,0,0,0,164800,128,491,1228,2625969303,2715896635,1966912,0
1473,1676992,130368,130048,0,13056,36608,751488,571200,44224,17664,1659328,0,1408,746176,0,0,0,0,0,0,256,120640,71616,51456,163328,0,0,0,163776,128,480,1189,3010423399,1577572833,1622720,0
1474,1677056,139712,133184,0,8128,36928,675072,614976,69056,47616,1629440,0,1408,669696,0,0,0,0,0,0,320,166528,71168,53056,158336,0,0,0,165440,128,460,1169,2304333798,2379780718,1592512,0
1475,1676928,122368,129536,0,6080,36608,613056,563584,205696,183872,1493056,0,1344,607744,0,0,0,0,0,0,384,121920,72256,52288,153216,0,0,0,163392,128,450,1129,1371712402,3362492279,1456448,0
1476,1676800,109952,129280,0,6208,36608,600960,583616,210176,188544,1488256,0,1344,595584,0,0,0,0,0,0,320,167552,70656,53056,127360,0,0,0,164544,128,457,1141,2573340658,2146686311,1451648,0
1477,1677120,122304,130368,0,6272,36736,583872,537792,259776,238272,1438848,0,1280,578496,0,0,0,0,0,0,256,120896,70336,52352,130304,0,0,0,163520,128,462,1145,2365231946,650166903,1402112,0
1478,1676544,121856,130048,0,6592,58112,584000,497280,278656,257216,1419328,0,1408,578688,0,0,0,0,0,0,320,167744,512,52416,114240,0,0,0,161920,128,437,1069,33902616,2619544593,1361216,0
1479,1676992,110656,129984,0,5184,36352,595840,440384,358592,337280,1339712,0,1408,590272,0,0,0,0,0,0,128,120896,192,51776,108608,0,0,0,158656,128,439,1065,1747158792,88325307,1303360,0
1480,1676992,122112,129792,0,3520,36416,585536,483776,315840,294656,1382336,0,1408,580224,0,0,0,0,0,0,192,166592,384,52160,101824,0,0,0,162496,128,443,1066,197077413,132016571,1345920,0
1481,2237184,163520,129600,0,3584,36864,899584,460480,543552,522112,1715072,0,1408,894208,0,0,0,0,0,0,128,120768,256,51776,125824,0,0,0,161600,128,455,1085,3370897272,2130302987,1678208,0
1482,1676928,213440,130432,0,11008,35328,563840,529088,193792,172160,1504768,0,1344,558528,0,0,0,0,0,0,43456,167872,640,52032,99776,0,0,0,165184,128,463,1108,712761095,3839738980,1469440,0
1483,1677120,139968,130048,0,3712,34496,679552,553856,135488,113792,1563328,0,1280,674112,0,0,0,0,0,0,43776,119872,71616,52736,102208,0,0,0,163520,128,466,1117,239040665,1728081471,1528832,0
1484,1677056,149888,131200,0,3712,34624,622592,574528,160512,138944,1538112,0,1408,617152,0,0,0,0,0,0,43968,164672,72320,52480,76032,0,0,0,164928,128,469,1113,3458215565,610285283,1503488,0
1485,1676992,128576,129792,0,3648,35200,614656,520512,244608,223040,1453952,0,1344,609344,0,0,0,0,0,0,43968,119872,72448,52928,68032,0,0,0,163136,128,450,1071,1066223017,2007519879,1418752,0
1486,1676800,140160,131008,0,3776,34304,625088,565056,177408,156224,1520576,0,1408,619648,0,0,0,0,0,0,43904,166272,72768,53568,64576,0,0,0,163840,128,459,1092,1834352306,2554859378,1486272,0
1487,1677120,130240,129664,0,3712,34368,618304,509056,251776,230208,1446912,0,1344,612928,0,0,0,0,0,0,44224,118976,71552,53312,55744,0,0,0,165120,128,452,1072,3573835358,357848443,1412544,0
1488,2237312,148224,131136,0,16192,56448,768640,578432,538240,516608,1720704,0,1280,763264,0,0,0,0,0,0,51648,169536,72128,53056,66368,0,0,0,165568,128,457,1096,3366414893,483105671,1664256,0
1489,1676672,139264,129280,0,4800,33984,616576,517248,235520,208640,1468032,0,1408,611072,0,0,0,0,0,0,43712,119552,72256,52416,65408,0,0,0,163776,128,458,1101,1535468647,1806470268,1434048,0
1490,1676864,129216,129216,0,6272,36544,677440,576832,121344,100288,1576576,0,1408,672000,0,0,0,0,0,0,43648,168896,72128,53056,70976,0,0,0,167936,192,462,1116,1971801699,1364012231,1540032,0
1491,1677248,128768,129728,0,5120,36096,671040,516608,189888,168704,1508544,0,1408,665536,0,0,0,0,0,0,44352,119424,72320,52864,63040,0,0,0,164480,128,457,1108,3409175711,1505779292,1472448,0
1492,1676928,146688,129792,0,4864,36096,749696,562112,47680,26112,1650816,0,1408,744512,0,0,0,0,0,0,43584,167936,72064,53504,57984,0,0,0,166912,128,465,1131,1007591983,1279577547,1614720,0
1493,1677120,129728,129280,0,6080,21824,635776,515584,238848,217408,1459712,0,1408,630336,0,0,0,0,0,0,43264,119040,71168,53248,65344,0,0,0,163392,128,455,1107,3882177951,3412425230,1437888,0
1494,1676992,128576,131008,0,5056,21824,549248,554816,286464,265088,1411904,0,1408,543872,0,0,0,0,0,0,43776,160960,72192,52608,55616,0,0,0,169536,128,458,1116,1605393419,3566903822,1390080,0
1495,1676928,140096,129472,0,6400,21376,547904,502720,328960,307520,1369408,0,1408,542464,0,0,0,0,0,0,43776,111936,72512,52672,55616,0,0,0,166016,192,456,1104,171780844,1179101633,1348032,0
1496,1677056,146944,130368,0,6848,22336,733120,549760,87680,65984,1611072,0,1408,727744,0,0,0,0,0,0,44096,159296,70912,52608,55360,0,0,0,167360,128,460,1124,199739652,108606934,1588736,0
1497,1677376,114240,130048,0,4160,21440,548736,507904,350848,329280,1348096,0,1344,543296,0,0,0,0,0,0,43584,111552,72512,52672,61568,0,0,0,165888,128,453,1105,750772278,2268049523,1326656,0
1498,1676480,126528,130368,0,2048,43648,545600,525376,302912,281792,1394688,0,1280,540352,0,0,0,0,0,0,43840,158848,71552,52928,32064,0,0,0,166016,128,458,1113,1130100377,3731608620,1351040,0
1499,1676928,126272,129792,0,2048,19648,542976,477440,378752,357632,1319296,0,1408,537664,0,0,0,0,0,0,43904,111552,72320,52608,32640,0,0,0,164288,128,449,1090,1968516076,2264873611,1299648,0
1500,1676992,114240,129536,0,2048,19136,539904,524800,347328,325952,1351040,0,1408,534144,0,0,0,0,0,0,44096,160448,71680,53120,30080,0,0,0,165248,128,462,1132,1569315904,1550756828,1331904,0
1501,1676928,132992,130432,0,2048,18944,642880,481856,267776,246784,1430144,0,1344,637632,0,0,0,0,0,0,43840,110784,71744,52224,38464,0,0,0,164608,192,460,1122,2315263459,3760091871,1411200,0
1502,1677120,133056,131072,0,9856,20160,638592,542656,201728,180224,1496896,0,1408,633024,0,0,0,0,0,0,43968,160128,72064,52992,47040,0,0,0,166336,128,463,1120,3960552458,3884061285,1476736,0
1503,1676992,163328,130688,0,6464,19840,708160,479296,169216,147712,1529280,0,1408,702848,0,0,0,0,0,0,44352,110848,71296,53056,36160,0,0,0,163456,128,463,1109,3207368859,2263185340,1509440,0
1504,1677056,132864,130752,0,4160,19968,635776,523584,229952,208704,1468352,0,1408,630464,0,0,0,0,0,0,44288,160448,72256,52736,29568,0,0,0,164160,128,449,1088,2209209375,743565153,1448384,0
1505,1676736,114304,129792,0,2112,19584,564480,471424,375040,348736,1328000,0,1344,559104,0,0,0,0,0,0,43712,111936,71680,51968,29568,0,0,0,162432,128,449,1090,1905218467,1064071367,1308416,0
1506,1676864,113856,129472,0,2048,19584,560256,531008,320640,299648,1377216,0,1344,554752,0,0,0,0,0,0,44352,159296,72064,52928,37568,0,0,0,164672,128,475,1153,1908664916,2008666956,1357632,0
1507,1676736,114432,131264,0,2112,19456,549376,477184,382912,361536,1315200,0,1408,544064,0,0,0,0,0,0,43584,111808,72128,52480,35840,0,0,0,161216,128,465,1138,2947637781,2428706081,1295744,0
1508,1676928,114240,130432,0,2176,41664,564032,525440,298944,277632,1399296,0,1408,558784,0,0,0,0,0,0,43648,156544,71424,53120,36096,0,0,0,164480,128,472,1154,468648869,975059922,1357632,0
1509,1676928,133248,129856,0,2112,19456,752832,472320,167104,145728,1531200,0,1408,747520,0,0,0,0,0,0,43968,111680,72832,51968,30016,0,0,0,161728,128,467,1131,2291611751,288009520,1511744,0
1510,1677056,113984,130176,0,2048,19328,601792,520256,289472,268352,1408704,0,1408,596544,0,0,0,0,0,0,44032,155968,72512,53248,31552,0,0,0,162816,128,507,1255,1838792624,1112059095,1389376,0
1511,2237248,198080,133888,0,10496,19648,991680,519040,364416,343424,1893824,0,1408,986240,0,0,0,0,0,0,44416,113792,72064,52992,34112,0,0,0,201536,128,593,1487,1184084244,3557291484,1874176,0
1512,1676864,149824,129344,0,2048,19776,596288,555136,224448,203072,1473792,0,1408,590848,0,0,0,0,0,0,43584,156800,71616,52544,26752,0,0,0,203712,128,606,1512,2152539873,4002228196,1454016,0
1513,1677312,136640,130944,0,2112,19264,543424,502080,342848,321152,1356160,0,1408,538048,0,0,0,0,0,0,43968,112000,71744,52352,22144,0,0,0,199680,192,614,1483,3725273579,1437228810,1336896,0
1514,1676992,148288,130176,0,2112,20224,550592,543104,282496,261440,1415552,0,1408,545152,0,0,0,0,0,0,44032,157248,71680,53248,14592,0,0,0,202176,128,617,1484,2029026680,3685352521,1395328,0
1515,1676992,149504,130432,0,2112,21632,548992,495360,328960,307776,1369216,0,1408,543488,0,0,0,0,0,0,43904,112320,71488,52416,14272,0,0,0,200832,128,618,1488,2664416609,2162426786,1347584,0
1516,1676992,137152,129600,0,2048,21568,538944,545472,302208,280896,1396096,0,1856,533056,0,0,0,0,0,0,44480,157440,72704,53760,14144,0,0,0,202816,128,614,1484,2349828785,1384106957,1374528,0
1517,1676608,149056,130624,0,2112,35776,543744,458176,357120,336064,1340544,0,1408,538560,0,0,0,0,0,0,44096,111104,71552,52416,14336,0,0,0,164544,128,602,1442,1374703247,365465434,1304768,0
1518,1676928,149568,130496,0,3008,42496,555904,514624,280832,259520,1417408,0,1408,550592,0,0,0,0,0,0,44032,155648,72576,52864,23872,0,0,0,165504,128,601,1440,2181753068,2709549955,1374912,0
1519,1677120,157440,130368,0,2112,21376,601408,476736,287680,266240,1410880,0,1344,596096,0,0,0,0,0,0,43840,111936,72192,52736,32576,0,0,0,163328,128,591,1422,2338189857,3191371345,1389504,0
1520,1676992,169152,130048,0,2048,21568,696256,516416,141504,120000,1556992,0,1280,690880,0,0,0,0,0,0,43456,156416,71552,53440,24640,0,0,0,166784,128,593,1403,3803998301,2016239669,1535424,0
1521,1676864,157824,129920,0,1984,22144,684672,471808,208512,182016,1494848,0,1408,679296,0,0,0,0,0,0,44032,111552,72000,52352,25344,0,0,0,166400,128,597,1417,1936013898,24718890,1472704,0
1522,1677184,138048,130624,0,2048,21504,588992,516288,279680,258624,1418560,0,1344,583488,0,0,0,0,0,0,43456,156416,72896,53440,25024,0,0,0,164928,128,594,1408,157309521,281911363,1397056,0
1523,2797440,843584,129984,0,10240,21824,1055616,577280,158912,137344,2660096,0,1344,1050240,0,0,0,0,0,0,45120,112000,155520,52928,43328,0,0,0,168256,128,655,1536,384434516,2744977265,2638272,0
1524,1676672,178560,130368,0,3648,21504,627136,603648,111808,90496,1586176,0,1344,621696,0,0,0,0,0,0,43776,155328,139520,53760,41280,0,0,0,169856,128,639,1512,2761953434,500107786,1564672,0
1525,1677056,188800,129856,0,6016,22080,678208,550208,101888,80448,1596608,0,1408,672768,0,0,0,0,0,0,44160,110784,129472,53312,43072,0,0,0,169280,128,643,1516,3652216632,1042327875,1574528,0
1526,1676864,192256,130176,0,4928,21440,627712,605056,95296,74112,1602752,0,1408,622272,0,0,0,0,0,0,43968,154944,140544,53632,41920,0,0,0,169920,128,650,1531,1588293462,665609163,1581312,0
1527,1676992,177728,129664,0,3456,21504,649344,543104,152192,130880,1546112,0,1408,643968,0,0,0,0,0,0,43968,110976,126272,53568,41280,0,0,0,166912,128,650,1533,2764495249,2957418610,1524608,0
1528,1677056,189952,129792,0,3520,43264,623424,603520,83584,58880,1618176,0,1408,618048,0,0,0,0,0,0,43968,156800,141568,53504,36608,0,0,0,170944,128,643,1521,606738167,23383852,1574912,0
1529,1676928,190912,128832,0,3520,21696,672000,545408,114560,92608,1584320,0,1344,666624,0,0,0,0,0,0,44160,110784,124544,52928,45312,0,0,0,167552,128,640,1522,3441460788,1182074606,1562624,0
1530,1676992,179072,130624,0,3520,21568,640256,600256,101696,80064,1596928,0,1344,634752,0,0,0,0,0,0,43712,155904,138816,54080,39552,0,0,0,168064,128,638,1513,777240263,517657429,1575360,0
1531,2237184,241408,130240,0,5568,23360,742912,547776,545920,523840,1713344,0,1280,737344,0,0,0,0,0,0,44672,112128,124160,53376,42944,0,0,0,170368,128,623,1472,914753171,1760057325,1689984,0
1532,1677184,191360,130176,0,4992,19264,649664,598912,82816,61120,1616064,0,1408,644224,0,0,0,0,0,0,43840,155328,141376,54016,36544,0,0,0,167616,192,623,1487,506746734,3901161338,1596800,0
1533,2236928,179136,130112,0,10432,19968,801536,546688,549056,527552,1709376,0,1344,796096,0,0,0,0,0,0,44032,110464,125888,52992,45888,0,0,0,167296,128,633,1511,3501966384,1756872946,1689408,0
1534,2237184,225792,130304,0,3520,20032,718528,603648,535360,514048,1723136,0,1344,713280,0,0,0,0,0,0,44480,157120,138752,53504,41984,0,0,0,167680,128,631,1494,4179584458,2616399994,1703104,0
1535,2237248,204096,128960,0,3584,19712,1020416,489536,370944,349312,1887936,0,1408,1015040,0,0,0,0,0,0,44416,112256,64768,52800,50240,0,0,0,164928,128,592,1375,3120247807,127886263,1868224,0
1536,1676928,179776,130624,0,3456,21824,770048,534848,36352,15040,1661888,0,1344,764736,0,0,0,0,0,0,43840,157376,64960,52864,48576,0,0,0,167104,128,591,1376,2727522999,3080277661,1640064,0
1537,1677056,189760,129920,0,3392,43136,755072,484032,71744,44800,1632256,0,1344,749760,0,0,0,0,0,0,43904,112704,64704,52224,47616,0,0,0,162752,128,592,1374,686268194,2397900161,1589120,0
1538,1677056,199488,130560,0,5632,20864,742976,483008,94528,73088,1603968,0,1408,737600,0,0,0,0,0,0,44096,112960,66048,52672,42240,0,0,0,164864,128,589,1361,4016281110,1717749928,1583104,0
1539,1676992,177920,130368,0,4096,21440,745792,480000,117376,95744,1581248,0,1408,740608,0,0,0,0,0,0,43200,112768,66560,52288,40320,0,0,0,164736,128,589,1361,4241421793,1610908345,1559808,0
1540,1677056,199104,129984,0,2176,21696,754240,475008,94848,73472,1603584,0,1408,748800,0,0,0,0,0,0,43584,111680,67072,52224,36032,0,0,0,164288,128,590,1361,2082330529,2842655895,1581888,0
1541,1676736,191232,129984,0,2048,21632,752000,482304,97536,76416,1600320,0,1408,746624,0,0,0,0,0,0,44288,112448,65024,52416,45440,0,0,0,162560,128,596,1377,2154407850,1933955876,1578688,0
1542,1676928,178880,130624,0,2048,20992,661760,478464,204160,182848,1494080,0,1408,656384,0,0,0,0,0,0,44224,111808,67648,52096,39104,0,0,0,163456,128,592,1364,3126747683,3019933962,1473088,0
1543,1677184,190464,128896,0,2048,21504,592192,469056,273024,251712,1425472,0,1344,586816,0,0,0,0,0,0,44160,112000,67584,52224,29632,0,0,0,163328,128,588,1354,3962775149,841845592,1403968,0
1544,1676608,199488,129344,0,2112,21184,588288,471616,264576,243392,1433216,0,1344,582976,0,0,0,0,0,0,43840,111616,69696,52160,29312,0,0,0,164864,128,587,1359,2960912762,2645229109,1412032,0
1545,1677376,195776,143232,0,2048,20992,756800,475968,82560,60928,1616448,0,1408,751360,0,0,0,0,0,0,44032,113088,69696,52864,33920,0,0,0,162240,128,586,1357,3559261322,3905431977,1595456,0
1546,1676672,219200,129920,0,2944,21376,700608,487744,114880,93504,1583168,0,1408,695168,0,0,0,0,0,0,43584,112448,69376,52416,45952,0,0,0,163840,128,580,1355,1156888983,2814906245,1561792,0
1547,1676928,191488,130816,0,9088,57728,743040,486144,58624,37184,1639744,0,1344,737728,0,0,0,0,0,0,43904,113024,67904,52288,45312,0,0,0,163584,128,587,1360,1566671053,866993869,1582016,0
1548,2237376,900736,130752,0,5632,21568,561408,475392,141888,120704,2116672,0,1344,556096,0,0,0,0,0,0,44608,113472,67136,51968,32960,0,0,0,165120,128,565,1323,2458510816,681558509,2095104,0
1549,2797312,1339840,129280,0,11200,21760,740032,483584,71616,49984,2747328,0,1344,734784,0,0,0,0,0,0,44864,112640,67776,52800,40896,0,0,0,164480,128,577,1332,2068289747,4100343112,2725568,0
1550,2237056,882752,131136,0,5632,10752,526592,475392,204800,182784,2054272,0,1344,521216,0,0,0,0,0,0,44800,113024,69312,52032,39040,0,0,0,157056,128,581,1328,2356698484,1096542716,2043520,0
1551,1675328,268608,129600,0,4160,10560,713152,470400,78848,59392,1615936,0,1344,707840,0,0,0,0,0,0,45312,112512,69632,53248,32448,0,0,0,157120,128,572,1304,3290011986,757018868,1605376,0
1552,1677248,334400,129920,0,2048,10368,656832,478912,64768,45120,1632128,0,1408,651456,0,0,0,0,0,0,44672,113216,69248,52928,40256,0,0,0,158400,192,573,1314,3163497658,555881166,1621760,0
1553,1677120,177792,131392,0,2112,10624,527552,472768,354880,330112,1347008,0,1408,522176,0,0,0,0,0,0,43520,113088,67776,51776,39488,0,0,0,156992,128,581,1330,2228357075,2377888213,1336384,0
1554,1677056,186048,130496,0,2048,10176,529024,465728,353536,334080,1342976,0,1344,523520,0,0,0,0,0,0,43776,112960,68224,52160,32256,0,0,0,156224,128,570,1302,3799155258,2647213520,1332800,0
1555,1676928,200576,130688,0,2048,10368,678208,463872,191168,171456,1505472,0,1408,672832,0,0,0,0,0,0,43584,113280,68416,52224,31936,0,0,0,154304,128,573,1315,3101241725,3020653061,1495104,0
1556,1676992,193024,130880,0,2048,31616,659648,466048,193728,173888,1503104,0,1344,654208,0,0,0,0,0,0,43904,112704,69632,52032,32512,0,0,0,155072,192,570,1310,284686565,3968505127,1471488,0
1557,1677312,196928,130688,0,2752,10368,661888,479872,194816,174912,1502400,0,1408,656448,0,0,0,0,0,0,43776,112192,69376,51840,45888,0,0,0,156672,128,579,1327,2619856478,3863110514,1492032,0
1558,1676224,187840,131712,0,5504,10304,514880,430464,395520,375872,1300352,0,1408,509440,0,0,0,0,0,0,256,112832,69184,51392,44352,0,0,0,152320,128,579,1321,3616585305,1700804469,1290048,0
1559,1677312,188864,129792,0,5056,9984,501568,430208,411840,392640,1284672,0,1408,496192,0,0,0,0,0,0,192,113408,68800,52480,43520,0,0,0,151680,128,570,1312,2249137248,1067051181,1274688,0
1560,1677120,200512,129600,0,2112,10048,572480,415104,347264,328128,1348992,0,1344,567168,0,0,0,0,0,0,320,113024,67712,52096,28544,0,0,0,153280,128,562,1299,1213039193,3533353456,1338944,0
1561,1677120,196864,130176,0,2112,9984,653632,416256,268096,248576,1428544,0,1408,648256,0,0,0,0,0,0,192,112192,68032,52160,28608,0,0,0,154880,192,576,1311,1237740400,3454376268,1418560,0
1562,1676608,178816,130688,0,2112,10048,505152,429824,419968,400704,1275904,0,1408,499840,0,0,0,0,0,0,256,112448,70208,52480,37504,0,0,0,156800,128,574,1308,3836677173,2720027798,1265856,0
1563,1677248,180032,130560,0,2048,9792,486720,423232,444864,425152,1252096,0,1472,481408,0,0,0,0,0,0,320,112128,70016,52544,35520,0,0,0,152576,128,574,1312,2196972662,653561819,1242304,0
1564,1676672,187968,130240,0,2048,10240,490752,421376,434048,414848,1261824,0,1344,485440,0,0,0,0,0,0,384,112448,69312,52544,32768,0,0,0,153792,128,571,1317,1081839606,1103245174,1251584,0
1565,1677120,188928,131008,0,2048,9920,502976,412032,430208,410624,1266496,0,1408,497728,0,0,0,0,0,0,320,112832,68736,52416,23424,0,0,0,154112,192,566,1309,3912937869,3017740735,1256576,0
1566,1676672,180096,130752,0,2112,10112,550720,408000,394880,375680,1300992,0,1344,545472,0,0,0,0,0,0,256,112960,67776,52224,21696,0,0,0,152896,192,566,1301,138793605,2198126753,1290880,0
1567,1677184,208704,130368,0,2816,31552,666688,428992,208064,188288,1488896,0,1408,661248,0,0,0,0,0,0,320,112448,68352,52224,20672,0,0,0,174848,128,559,1290,1636511103,1941579299,1457344,0
1568,1676736,227584,129856,0,3456,10112,753920,412288,139520,120128,1556608,0,1408,748544,0,0,0,0,0,0,256,112448,69760,52096,22976,0,0,0,154624,128,568,1308,3912941124,903025163,1546496,0
1569,1677312,191232,129472,0,10688,9920,670080,425728,240192,215168,1462144,0,1280,664704,0,0,0,0,0,0,320,112320,69568,52160,36032,0,0,0,155200,128,559,1287,3612160153,215258790,1452224,0
1570,2236992,583168,129344,0,12160,10048,764992,439360,297920,278400,1958592,0,1408,759616,0,0,0,0,0,0,256,113664,84864,51712,30144,0,0,0,158592,128,516,1211,3847677383,4180362715,1948544,0
1571,1677056,182912,130112,0,3456,10112,494208,435968,420288,401088,1275968,0,1408,488704,0,0,0,0,0,0,256,112512,84736,52288,29952,0,0,0,156032,192,532,1233,1185670630,2568490604,1265856,0
1572,1677184,148928,130304,0,3456,9856,478912,434112,471616,452224,1224960,0,1344,473472,0,0,0,0,0,0,192,111744,85696,52480,30400,0,0,0,153472,128,534,1241,933925739,3445837706,1215104,0
1573,1676672,162496,130048,0,5632,9920,587520,460224,320832,301184,1375488,0,1344,582144,0,0,0,0,0,0,192,112832,85312,62016,39680,0,0,0,160064,128,533,1243,1769324695,1477688972,1365568,0
1574,1677248,145984,130880,0,4928,10112,519104,443584,422656,403264,1273984,0,1472,513536,0,0,0,0,0,0,320,112576,85632,52544,38528,0,0,0,153856,128,529,1236,442787790,995129966,1263872,0
1575,1676992,146304,130752,0,1984,10048,484544,435072,468288,448576,1228416,0,1344,479232,0,0,0,0,0,0,320,112896,85696,52032,30656,0,0,0,153344,128,528,1230,1551325056,1523904189,1218368,0
1576,1676800,158848,130368,0,2048,9920,479808,433088,462720,443136,1233664,0,1408,474368,0,0,0,0,0,0,320,111616,86784,52352,30080,0,0,0,151808,128,529,1235,1349182547,216712245,1223744,0
1577,1677312,137344,131520,0,2048,46080,458176,346048,556096,536256,1141056,0,1408,452736,0,0,0,0,0,0,192,113088,256,51456,29056,0,0,0,151872,128,520,1211,2467707661,3431440402,1094976,0
1578,1676736,168832,130624,0,2048,9920,616064,343808,405440,385920,1290816,0,1408,610816,0,0,0,0,0,0,192,112640,320,51392,29568,0,0,0,149568,128,525,1210,1380432367,1928856302,1280896,0
1579,1676928,148224,130752,0,2048,9792,483968,353792,548352,528576,1148352,0,1408,478656,0,0,0,0,0,0,192,111424,320,51840,37824,0,0,0,152064,128,525,1217,1691952710,4291398149,1138560,0
1580,1677056,186944,129408,0,2048,9984,776128,360832,211712,192256,1484800,0,1408,770880,0,0,0,0,0,0,192,112256,320,51584,45056,0,0,0,151296,128,532,1244,2113218377,478178148,1474816,0
1581,1676864,136768,130176,0,2048,10048,478912,355392,563520,544448,1132416,0,1408,473472,0,0,0,0,0,0,192,112256,384,52032,40960,0,0,0,149440,128,540,1248,543285421,1437610175,1122368,0
1582,1677120,137344,131008,0,2048,10048,510784,354496,531392,512000,1165120,0,1408,505344,0,0,0,0,0,0,192,111936,320,51712,40640,0,0,0,149568,128,541,1251,939417193,805473409,1155072,0
1583,1676992,188800,129920,0,2048,9856,558336,346752,441280,421952,1255040,0,1344,553024,0,0,0,0,0,0,192,113088,256,51840,30336,0,0,0,150912,128,538,1248,3651466148,226415291,1245184,0
1584,1116800,146304,130112,0,2048,10176,408448,337664,82048,63040,1053760,0,1344,403072,0,0,0,0,0,0,256,111872,320,51520,23232,0,0,0,150336,128,546,1251,2326431587,501527174,1043584,0
1585,1116800,136064,129664,0,2112,9920,405056,337152,96832,72256,1044544,0,1408,399744,0,0,0,0,0,0,192,112512,320,51584,23360,0,0,0,148992,192,545,1257,401444251,3424139790,1034624,0
1586,1676928,181056,130944,0,2112,10176,440064,337792,574784,555200,1121728,0,1408,434816,0,0,0,0,0,0,128,111936,320,51520,22976,0,0,0,150784,128,538,1238,1425927508,2953982291,1111552,0
1587,1117056,137216,130368,0,2048,9792,401152,338432,98048,78208,1038848,0,1408,395648,0,0,0,0,0,0,128,112256,256,52224,22976,0,0,0,150464,128,530,1230,2813732564,2977696469,1029056,0
1588,1116992,137664,130240,0,2048,31296,411264,347328,57152,37312,1079680,0,1408,405760,0,0,0,0,0,0,192,112448,320,52160,31552,0,0,0,150528,128,523,1221,1635478739,3130307658,1048384,0
1589,1676992,137984,128512,0,2048,9664,576704,356800,465280,446080,1230912,0,1408,571264,0,0,0,0,0,0,192,127552,256,51072,26048,0,0,0,151488,192,531,1227,943889118,351454356,1221248,0
1590,1676864,177408,128512,0,11904,24320,819328,380864,134528,114816,1562048,0,1408,813952,0,0,0,0,0,0,192,111424,256,51584,25024,0,0,0,192256,128,541,1267,2604979797,4005214305,1537728,0
1591,1116544,140672,128448,0,3456,10112,412928,367040,53888,34624,1081920,0,1408,407424,0,0,0,0,0,0,128,110848,384,51648,13760,0,0,0,190144,128,543,1275,4235169987,2441117145,1071808,0
1592,1677056,179008,128704,0,3520,24384,568576,368832,404032,384896,1292160,0,1408,563136,0,0,0,0,0,0,192,112960,384,51584,13376,0,0,0,190208,128,538,1269,1071507529,1228878695,1267776,0
1593,1677248,182016,129728,0,10496,10048,625152,367552,352256,332736,1344512,0,1344,619840,0,0,0,0,0,0,192,112384,320,51648,13376,0,0,0,189504,128,526,1234,2820659597,2566195083,1334464,0
1594,1676928,146176,130176,0,3648,9920,468544,365952,552512,533248,1143680,0,1344,463168,0,0,0,0,0,0,192,111552,256,51840,13696,0,0,0,188224,192,529,1239,1968869374,1236257517,1133760,0
1595,1676992,146368,127936,0,3712,9984,618368,367424,403200,383808,1293184,0,1408,612928,0,0,0,0,0,0,192,112064,320,51584,13440,0,0,0,189696,128,529,1235,538066466,2163008401,1283200,0
1596,1676992,156096,130240,0,25664,10112,858496,357120,139264,119936,1557056,0,1408,853056,0,0,0,0,0,0,192,112640,320,51520,40768,0,0,0,151552,128,525,1216,2133131422,1505815636,1546944,0
1597,1676800,136448,131008,0,3968,10048,572800,358592,463936,441856,1234944,0,1344,567424,0,0,0,0,0,0,128,113024,320,51648,42816,0,0,0,150528,128,515,1196,3311779566,263861558,1224896,0
1598,1677248,136000,129856,0,5184,10112,557312,350080,488704,468864,1208384,0,1472,551936,0,0,0,0,0,0,192,112192,256,51776,34560,0,0,0,150976,128,512,1175,2750157360,4031629912,1198272,0
1599,1676992,136192,129600,0,7168,31232,617728,347904,407168,387328,1289664,0,1408,612288,0,0,0,0,0,0,128,112448,320,51648,34688,0,0,0,148544,128,508,1167,2483452522,894722705,1258432,0
1600,2236928,165248,130944,0,12544,24832,1022336,364160,516864,497024,1739904,0,1408,1017024,0,0,0,0,0,0,192,111808,384,50880,50176,0,0,0,150528,192,524,1212,3735135465,2770592903,1715072,0
1601,1676864,151552,129920,0,4032,24832,747584,375232,243712,218688,1458176,0,1344,742144,0,0,0,0,0,0,128,112384,320,51456,59648,0,0,0,151168,128,522,1214,2705438463,3689739242,1433344,0
1602,1676928,138624,128832,0,6464,24256,563648,373696,441408,421952,1254976,0,1344,558272,0,0,0,0,0,0,128,111552,256,51264,59328,0,0,0,151040,128,515,1209,847558211,2085057631,1230720,0
1603,1676992,139328,130432,0,5312,9920,591744,364544,435712,416000,1260992,0,1344,586304,0,0,0,0,0,0,256,113088,320,51840,50432,0,0,0,148480,128,505,1179,2913673485,1806236937,1251072,0
1604,1678464,150144,132416,0,5120,14400,569792,376256,430336,409152,1269312,0,1408,564416,0,0,0,0,0,0,256,112576,320,57536,47552,0,0,0,157888,128,515,1207,1434055403,4206349888,1254912,0
1605,1676928,135232,130432,0,6976,14272,585216,363840,440960,419712,1257216,0,1408,579776,0,0,0,0,0,0,192,112640,256,51520,47488,0,0,0,151616,128,530,1241,14515446,3625606656,1242944,0
1606,1677056,134784,130496,0,5184,14272,555392,365440,471488,449984,1227072,0,1408,549888,0,0,0,0,0,0,192,112128,320,51456,47616,0,0,0,153600,128,522,1238,3870070233,2584985394,1212800,0
1607,1676928,134400,130112,0,6208,28416,564288,375232,438272,416896,1260032,0,1408,558976,0,0,0,0,0,0,192,111424,256,51584,56320,0,0,0,155264,192,521,1260,4252909225,1679144154,1231616,0
1608,1676928,134592,130112,0,6848,14144,528128,375232,487872,466112,1210816,0,1408,522752,0,0,0,0,0,0,192,111936,256,51200,56896,0,0,0,154624,128,498,1220,3615842965,3903655169,1196672,0
1609,1677056,134464,131136,0,3584,31680,514688,369152,492352,470784,1206272,0,1472,509376,0,0,0,0,0,0,256,112384,320,51584,52224,0,0,0,152256,128,496,1206,434799,1469271235,1174592,0
1610,1675328,134784,131136,0,3648,10048,511744,359616,524352,504768,1170560,0,1408,506496,0,0,0,0,0,0,256,112000,256,51328,45504,0,0,0,150144,128,485,1175,3087528736,4044333883,1160512,0
1611,1676864,174528,130112,0,3584,9664,742976,353984,262016,242432,1434432,0,1408,737536,0,0,0,0,0,0,128,112000,320,51200,37760,0,0,0,152448,128,484,1174,903087324,2842243125,1424768,0
1612,1677120,144704,131136,0,3520,9856,510528,356160,521216,501760,1175360,0,1344,505088,0,0,0,0,0,0,192,112576,320,51584,40320,0,0,0,151040,128,489,1177,2660936879,3796673896,1165504,0
1613,1676928,146112,130752,0,4736,9984,525312,364288,495744,476224,1200704,0,1408,519936,0,0,0,0,0,0,192,112512,320,51200,47488,0,0,0,152448,128,487,1171,1921792090,3797557499,1190720,0
1614,1678592,133888,129600,0,5888,14080,538496,366976,489664,466112,1212480,0,1408,533056,0,0,0,0,0,0,192,112064,320,51520,47936,0,0,0,154816,128,510,1248,2437152988,2368911453,1198400,0
1615,1676992,145472,130240,0,4864,14080,522432,355584,504320,483392,1193600,0,1344,517056,0,0,0,0,0,0,256,112064,320,51392,36480,0,0,0,154944,128,505,1235,1772012975,3480567730,1179520,0
1616,1677056,185536,130816,0,3648,14080,852224,396224,94528,72960,1604096,0,1344,846784,0,0,0,0,0,0,128,111936,256,51072,27200,0,0,0,205440,192,523,1275,2949082945,3081778019,1590016,0
1617,1677568,186368,129920,0,10240,14400,850688,386624,99328,71872,1605696,0,1280,845120,0,0,0,0,0,0,192,112768,256,50944,33152,0,0,0,189184,128,529,1282,2842274111,4092169486,1591296,0
1618,1676288,148544,130112,0,6528,13888,702208,396160,278848,257408,1418880,0,1408,696768,0,0,0,0,0,0,192,112768,256,51328,42048,0,0,0,189440,128,538,1313,1711369910,3106221810,1404992,0
1619,1677120,135808,130496,0,8384,42688,706176,395968,257600,235840,1441280,0,1408,700800,0,0,0,0,0,0,192,112000,320,51392,40704,0,0,0,191232,128,544,1301,3141139408,1037557258,1398592,0
1620,1676864,146944,130112,0,6656,21184,686336,375616,310016,288640,1388224,0,1408,680960,0,0,0,0,0,0,128,112064,320,51392,33856,0,0,0,177728,128,550,1286,3493337819,1281026777,1367040,0
1621,1676928,167872,129920,0,5696,20736,842880,375360,134464,112832,1564096,0,1344,837504,0,0,0,0,0,0,192,112000,256,51456,33856,0,0,0,177472,128,548,1284,3381776141,3663418846,1543360,0
1622,1677056,136128,131328,0,2112,20480,665088,372352,349568,328384,1348672,0,1408,659712,0,0,0,0,0,0,192,111808,320,51456,34240,0,0,0,174208,128,549,1283,563118932,2070262274,1328192,0
1623,2237248,226240,129408,0,10752,20672,1160768,369408,320000,298176,1939072,0,1344,1155456,0,0,0,0,0,0,192,112896,320,51200,47808,0,0,0,156864,128,559,1292,776449454,907425098,1918400,0
1624,1676864,135104,131136,0,3456,21056,527360,367488,491264,469888,1206976,0,1408,521920,0,0,0,0,0,0,192,112128,256,51136,45632,0,0,0,158016,128,537,1261,3003371928,3723115512,1185920,0
1625,1677120,146304,129024,0,3456,21056,567936,364480,444864,423552,1253568,0,1408,562560,0,0,0,0,0,0,128,113088,320,51200,42944,0,0,0,156672,128,525,1251,1288567195,1072674416,1232512,0
1626,1676544,145920,129664,0,3456,20992,530112,354944,491456,469824,1206720,0,1344,524800,0,0,0,0,0,0,192,112896,320,51520,33664,0,0,0,156224,128,526,1249,1161200565,774078070,1185728,0
1627,1676928,147200,129984,0,3520,21184,532544,354816,487680,466048,1210880,0,1408,527104,0,0,0,0,0,0,192,113088,320,51456,34048,0,0,0,155584,128,533,1255,722905942,1706520046,1189696,0
1628,1677312,144512,130048,0,3456,21120,492672,353280,532224,510720,1166592,0,1344,487232,0,0,0,0,0,0,128,112384,320,51328,31552,0,0,0,157376,192,535,1257,1296811029,369758334,1145472,0
1629,1676800,144384,129792,0,3520,42496,504704,363776,488128,466752,1210048,0,1344,499200,0,0,0,0,0,0,192,112448,256,51328,40192,0,0,0,159232,128,529,1246,2011875950,3182545239,1167552,0
1630,1116800,146112,131008,0,3456,21120,424192,361280,29632,8704,1108096,0,1344,418688,0,0,0,0,0,0,128,112448,320,51008,38016,0,0,0,159232,128,536,1247,3316362621,412785490,1086976,0
1631,1677056,166144,132736,0,3584,21312,520896,360768,471616,450368,1226688,0,1408,515520,0,0,0,0,0,0,128,112000,256,51328,38528,0,0,0,158400,128,537,1256,3990667282,3599927150,1205376,0
1632,1676736,146560,129984,0,3456,21120,448448,350080,577088,555712,1121024,0,1344,442944,0,0,0,0,0,0,192,111680,320,50880,29376,0,0,0,157504,128,534,1248,1258884556,1968484335,1099904,0
1633,1116864,135808,129792,0,3456,21440,420224,352000,54144,27648,1089216,0,1408,414912,0,0,0,0,0,0,192,112064,320,50944,29696,0,0,0,158656,128,527,1234,2977398648,4135703599,1067776,0
1634,1116864,138496,129728,0,3456,21312,415936,360320,47616,26432,1090432,0,1408,410560,0,0,0,0,0,0,192,112704,320,51008,29312,0,0,0,166656,128,533,1241,2960671964,509280310,1069120,0
1635,1677120,241152,131200,0,6464,20800,448512,361344,467648,446080,1231040,0,1344,443008,0,0,0,0,0,0,128,113024,384,50944,37952,0,0,0,158784,128,521,1214,76249120,1026708501,1210240,0
1636,1676736,192832,130432,0,4032,21120,533248,358400,436672,415232,1261504,0,1344,527872,0,0,0,0,0,0,256,113920,320,51904,33792,0,0,0,158080,128,520,1218,57997115,3181527491,1240384,0
1637,2236928,594752,130176,0,2112,35072,558720,357888,558208,537024,1699904,0,1408,553472,0,0,0,0,0,0,192,112640,256,51904,33600,0,0,0,159168,128,524,1222,1264525016,2859782704,1664832,0
1638,2237056,597376,130432,0,2048,21056,593600,359104,533440,512256,1724800,0,1408,588160,0,0,0,0,0,0,192,112768,320,51072,34880,0,0,0,159744,128,522,1213,167365885,2917562307,1703744,0
1639,1676992,187264,130688,0,3456,21056,764864,369216,200448,179200,1497792,0,1408,759552,0,0,0,0,0,0,192,113280,320,51136,27136,0,0,0,177024,128,534,1244,25009457,3519852072,1476736,0
1640,1676992,168640,129408,0,10496,42624,641728,365184,318912,297536,1379456,0,1408,636352,0,0,0,0,0,0,192,113536,320,51264,23488,0,0,0,176256,128,544,1262,1056569158,575015739,1336832,0
1641,1677056,139328,130112,0,5824,20864,583936,364096,432896,411136,1265920,0,1408,578624,0,0,0,0,0,0,192,112960,320,51008,23616,0,0,0,175872,128,551,1265,3358032724,127751575,1245056,0
1642,1676736,126464,130624,0,5952,20928,592320,364928,435520,414080,1262656,0,1408,586816,0,0,0,0,0,0,192,113152,320,51136,23552,0,0,0,176448,128,531,1233,968454717,537572663,1241728,0
1643,2797376,700224,142272,0,7040,39616,1001088,438912,468224,437056,2360320,0,3328,990976,0,0,0,0,0,0,33344,112960,448,52224,60544,0,0,0,179264,128,549,1272,936467175,3334036974,2320704,0
1644,1676928,138112,130752,0,12032,35776,681600,394176,284480,258496,1418432,0,1344,676352,0,0,0,0,0,0,128,112128,192,51648,53184,0,0,0,176704,192,538,1251,1905208416,298274267,1382656,0
1645,1676992,124992,129728,0,4992,36288,582784,390720,407488,386368,1290624,0,1344,577408,0,0,0,0,0,0,192,112384,320,51008,49792,0,0,0,176896,128,527,1231,3794222507,3881029409,1254336,0
1646,1676800,140160,130496,0,5952,21568,516224,375872,486528,465600,1211200,0,1344,511104,0,0,0,0,0,0,128,112640,320,51712,55104,0,0,0,155776,192,532,1231,1169374438,3785730862,1189632,0
1647,1676928,148864,130880,0,5056,21248,453120,379968,537792,516544,1160384,0,1344,447616,0,0,0,0,0,0,192,112640,384,51136,57856,0,0,0,157568,192,528,1236,1404387311,1266660657,1139136,0
1648,1676864,137600,132544,0,6656,20992,448960,376960,553152,531776,1145088,0,1408,443584,0,0,0,0,0,0,128,113472,320,51264,53184,0,0,0,158464,128,534,1241,188405401,302294409,1124096,0
1649,1676736,239360,130176,0,4928,21376,447808,376000,457088,430592,1246144,0,1408,442496,0,0,0,0,0,0,192,113344,320,50944,51456,0,0,0,159616,128,548,1264,3043258933,4085845993,1224768,0
1650,1676992,135040,130112,0,3456,42752,500992,372288,492352,470912,1206080,0,1408,495744,0,0,0,0,0,0,256,113216,320,52160,48064,0,0,0,158144,128,533,1228,3203666124,3265832561,1163328,0
1651,1676736,176256,130496,0,3520,20800,495744,365056,484864,463424,1213312,0,1408,490560,0,0,0,0,0,0,128,112256,256,51264,41856,0,0,0,159104,192,534,1226,2126060455,1286216210,1192512,0
1652,1676992,134912,130496,0,3456,20928,468416,352832,565952,544640,1132352,0,1408,463232,0,0,0,0,0,0,128,111552,256,51136,30848,0,0,0,158784,128,544,1241,2472978725,2212580489,1111424,0
1653,1677056,208704,128832,0,3392,20800,596608,364480,354240,332992,1344064,0,1344,591168,0,0,0,0,0,0,256,113216,256,51072,38400,0,0,0,161152,128,540,1239,3881577093,4045760564,1323264,0
1654,1676928,135232,131072,0,3456,21440,494400,360384,530944,509696,1167232,0,1408,489088,0,0,0,0,0,0,192,113152,320,51008,37440,0,0,0,158144,128,536,1214,2406511310,3729543177,1145792,0
1655,1677056,134272,130624,0,3456,19008,465216,361728,562752,541440,1135616,0,1344,459776,0,0,0,0,0,0,192,113024,256,51392,37952,0,0,0,158784,128,536,1223,391988051,2919278972,1116608,0
1656,1676992,171008,131840,0,3392,18560,471040,351616,529536,505088,1171904,0,1344,465664,0,0,0,0,0,0,192,111936,256,51456,30528,0,0,0,157120,128,540,1229,2960563490,1758961368,1153344,0
1657,1676992,135104,130624,0,3456,18752,531904,344768,512384,490368,1186624,0,1344,526464,0,0,0,0,0,0,192,111552,320,51072,26112,0,0,0,155392,128,543,1233,688360786,3512159098,1167872,0
1658,1676800,155456,128576,0,3456,19072,575488,337088,457664,436672,1240128,0,1344,570176,0,0,0,0,0,0,192,112640,320,50944,14272,0,0,0,158592,128,535,1215,1621648062,492474914,1221056,0
1659,1677056,195840,129728,0,9856,19072,719744,396544,206272,184960,1492096,0,1408,714304,0,0,0,0,0,0,192,112704,256,51200,34304,0,0,0,197760,128,541,1245,1497950189,1485117184,1473024,0
1660,1676800,134784,129664,0,5952,41856,480384,399936,484224,463104,1213696,0,1344,474944,0,0,0,0,0,0,192,111744,384,51264,37184,0,0,0,198976,192,529,1227,3450043819,1870093653,1171840,0
1661,1677184,161920,129024,0,6080,20992,495680,398336,465152,443712,1233472,0,1408,490240,0,0,0,0,0,0,192,111040,320,51776,37056,0,0,0,197824,128,534,1231,231557766,3868812543,1212480,0
1662,1676928,179840,129856,0,11456,20992,844480,405056,85248,63808,1613120,0,1344,839168,0,0,0,0,0,0,192,111936,256,51456,42432,0,0,0,198656,128,540,1237,2740034131,919718853,1592128,0
1663,1676928,170368,131072,0,6528,21056,682496,404160,261248,240064,1436864,0,1472,677056,0,0,0,0,0,0,192,112064,256,51392,41088,0,0,0,199040,128,544,1243,2693787,1232433282,1415808,0
1664,1677056,187776,129664,0,5056,20928,691968,395968,245696,224128,1452928,0,1344,686656,0,0,0,0,0,0,192,112128,256,51200,34240,0,0,0,197824,128,544,1242,1469000570,2746528310,1432000,0
1665,1677056,181632,133312,0,6016,21056,504448,367616,462976,436032,1241024,0,1408,499072,0,0,0,0,0,0,192,112640,256,51328,41920,0,0,0,161088,192,528,1199,1618541226,1046622349,1219968,0
1666,1676672,147840,130560,0,6784,21248,572672,363776,433792,412480,1264192,0,1344,567360,0,0,0,0,0,0,192,112576,320,50944,41216,0,0,0,158336,192,518,1189,553950936,1581106369,1242944,0
1667,1676864,160960,130112,0,4096,36096,484928,357120,503552,482112,1194752,0,1408,479616,0,0,0,0,0,0,192,111680,320,51392,34240,0,0,0,159168,128,527,1204,385379880,2547994148,1158656,0
1668,2237184,213184,130816,0,13376,36416,969536,420544,453312,431808,1805376,0,1344,964160,0,0,0,0,0,0,192,112256,320,51136,48576,0,0,0,207936,128,526,1199,4186255832,1006982004,1768960,0
1669,1676992,192192,129600,0,3456,36480,572096,417728,325440,304320,1372672,0,1344,566720,0,0,0,0,0,0,192,112192,320,51200,47936,0,0,0,205760,128,525,1206,656015949,3822810054,1336192,0
1670,1677312,182592,130432,0,3456,57664,546816,409088,347264,325696,1351616,0,1472,541504,0,0,0,0,0,0,256,112064,320,51264,39936,0,0,0,205120,128,540,1223,2415890153,794927565,1293952,0
1671,1676736,184128,129664,0,3456,35968,556224,419648,347648,326400,1350336,0,1344,550912,0,0,0,0,0,0,128,112704,256,51136,49344,0,0,0,205952,128,536,1221,1031225534,1235605087,1314368,0
1672,2237312,626688,129920,0,3456,20992,681024,417792,357440,335936,1901376,0,1408,675648,0,0,0,0,0,0,256,113408,256,51072,47232,0,0,0,205440,128,537,1219,3818319305,3797136935,1880384,0
1673,1677056,182400,130368,0,3392,21248,530816,409280,399552,377536,1299520,0,1280,525376,0,0,0,0,0,0,256,112192,320,51136,40128,0,0,0,205120,128,538,1215,1325991351,662333189,1278272,0
1674,1676928,166016,130624,0,3456,21312,546176,402048,407296,385920,1291008,0,1344,540736,0,0,0,0,0,0,192,112640,256,51072,31232,0,0,0,206528,128,526,1199,1905377107,3705181227,1269696,0
1675,1677120,160320,130496,0,3456,21120,500288,400896,460544,439104,1238016,0,1408,495040,0,0,0,0,0,0,192,112000,320,51328,31168,0,0,0,205760,128,524,1201,1945633053,2682388966,1216896,0
1676,1676992,135872,130688,0,3456,21056,504896,395264,485760,464512,1212480,0,1280,499392,0,0,0,0,0,0,192,111680,320,51392,26752,0,0,0,204800,128,521,1181,707936338,3292609178,1191424,0
1677,1677312,135168,129856,0,4288,21056,472192,349312,565440,543744,1133568,0,1280,466688,0,0,0,0,0,0,192,112128,256,51136,26496,0,0,0,158976,128,529,1193,1231950759,273498396,1112512,0
1678,1116224,134720,130240,0,3456,9984,432000,340480,65344,44096,1072128,0,1408,426752,0,0,0,0,0,0,192,111872,320,51200,25280,0,0,0,151488,128,534,1204,2528350863,2692457023,1062144,0
1679,1675520,134912,130432,0,3456,10112,508096,340928,547584,528064,1147456,0,1408,502784,0,0,0,0,0,0,192,111680,192,51328,25088,0,0,0,152320,128,537,1208,1765351890,3634024453,1137344,0
1680,1676992,134976,129152,0,3456,10048,489024,342080,568256,548480,1128512,0,1408,483712,0,0,0,0,0,0,192,111808,320,51520,25600,0,0,0,152448,192,536,1210,3854887775,2169876408,1118464,0
1681,1676736,135680,129664,0,3456,32000,485504,339840,550592,525568,1151168,0,1408,480256,0,0,0,0,0,0,192,111680,256,51648,25344,0,0,0,150592,128,540,1221,4282536657,2002860525,1119168,0
1682,1676800,135168,129664,0,3520,9984,600064,349952,448448,428928,1247872,0,1408,594624,0,0,0,0,0,0,256,112896,320,51456,30272,0,0,0,154624,128,545,1235,3477202802,389050501,1237888,0
1683,1677056,136256,131008,0,3456,9984,526336,345024,524992,505600,1171456,0,1408,520960,0,0,0,0,0,0,192,112256,256,51648,30208,0,0,0,150336,128,549,1250,3507934305,49417936,1161472,0
1684,1676992,134592,130752,0,3520,10048,500992,345792,551296,532032,1144960,0,1344,495744,0,0,0,0,0,0,256,111744,320,51264,30272,0,0,0,151808,128,544,1258,1413222855,2873869998,1134912,0
1685,1676928,168704,129984,0,10176,10112,671424,393600,292928,273664,1403264,0,1344,666048,0,0,0,0,0,0,192,111744,320,51328,38528,0,0,0,191360,128,557,1289,2068054622,3709463093,1393152,0
1686,1676992,201152,130432,0,11904,25856,733632,422720,151296,131904,1545088,0,1344,728256,0,0,0,0,0,0,192,112256,320,51648,65024,0,0,0,193088,192,557,1294,331495961,1566496251,1519232,0
1687,1677056,142912,130240,0,3712,10176,481536,411328,497152,477504,1199552,0,1408,476224,0,0,0,0,0,0,256,111936,320,51584,54912,0,0,0,192192,128,560,1310,3584323989,847421400,1189376,0
1688,1677120,154496,129088,0,6016,25088,498304,412288,451840,432128,1244992,0,1408,492864,0,0,0,0,0,0,128,112576,320,51136,54656,0,0,0,193344,128,555,1299,3339240650,1632598498,1219904,0
1689,1677056,154368,129408,0,6144,10112,530304,411712,435008,414848,1262208,0,1408,524928,0,0,0,0,0,0,128,112704,320,51584,54016,0,0,0,192832,128,566,1310,4813438,512443982,1252096,0
1690,1676736,165760,130624,0,3712,10112,521984,408576,435968,416320,1260416,0,1408,516864,0,0,0,0,0,0,128,111232,256,51392,53696,0,0,0,191744,128,563,1307,3892084327,539003619,1250304,0
1691,1676992,145536,131008,0,3584,31488,518848,372608,473920,454336,1222656,0,1408,513408,0,0,0,0,0,0,192,112448,256,51520,53504,0,0,0,154560,128,548,1257,3140070382,1651517748,1191168,0
1692,1676864,146304,136704,0,5696,11200,539904,372800,464256,442752,1234112,0,1472,534016,0,0,0,0,0,0,192,112192,256,51328,53568,0,0,0,155136,128,544,1254,2613504894,3491005817,1222912,0
1693,1676928,135872,128896,0,4480,10240,582720,370304,444416,424960,1251968,0,1408,577344,0,0,0,0,0,0,256,112448,256,51200,52160,0,0,0,153792,192,546,1261,3107227749,1471529916,1241728,0
1694,1677056,145600,130624,0,3456,9792,513728,365504,508352,488640,1188416,0,1408,508160,0,0,0,0,0,0,192,111808,256,50944,49472,0,0,0,152704,128,535,1243,3593673331,2577982954,1178624,0
1695,1677120,146240,131136,0,5696,10112,514176,353408,516352,496448,1180672,0,1408,508800,0,0,0,0,0,0,256,111744,256,51200,38144,0,0,0,151680,128,533,1237,3004042679,3168269640,1170560,0
1696,1676928,135168,131008,0,4800,9920,523840,349696,522496,502848,1174080,0,1408,518464,0,0,0,0,0,0,192,111680,256,51264,33792,0,0,0,152384,128,547,1254,3988520292,2719671731,1164160,0
1697,1676928,145792,129536,0,3392,25408,545792,350784,476224,451136,1225792,0,1408,540416,0,0,0,0,0,0,192,112512,320,51264,29888,0,0,0,156480,128,541,1239,2713334224,1754548523,1200384,0
1698,1676928,181760,129984,0,3584,9920,701312,361280,289088,269632,1407296,0,1408,695872,0,0,0,0,0,0,192,112768,320,51520,43648,0,0,0,152704,128,535,1222,1247022229,1498151458,1397376,0
1699,1677184,166272,130560,0,5952,9920,680256,407872,276352,256512,1420672,0,1408,674880,0,0,0,0,0,0,128,112960,320,51712,47424,0,0,0,195200,128,557,1282,3361920286,508149879,1410752,0
1700,2237056,192512,129472,0,10816,9920,1054208,414720,425408,405696,1831360,0,1344,1048896,0,0,0,0,0,0,192,113152,320,51392,39296,0,0,0,210240,128,558,1289,2462985888,810878321,1821440,0
1701,1677184,174784,129664,0,3840,32128,728256,395776,212736,192896,1484288,0,1408,722880,0,0,0,0,0,0,128,112576,256,51392,40704,0,0,0,190592,128,548,1247,3649823395,585650808,1452160,0
1702,1676864,164224,129344,0,6208,10240,628416,405760,332672,313152,1363712,0,1344,623040,0,0,0,0,0,0,128,111424,320,51712,49216,0,0,0,192768,192,554,1258,2403405518,3058264708,1353472,0
1703,1676928,145856,130624,0,5120,10048,601024,403584,380672,361152,1315776,0,1344,595584,0,0,0,0,0,0,192,112704,320,51584,47808,0,0,0,190848,128,545,1252,1277540762,1183235019,1305728,0
1704,1676992,145280,129472,0,10560,10304,665664,404800,310912,291008,1385984,0,1408,660288,0,0,0,0,0,0,256,111104,256,51584,48256,0,0,0,193216,128,540,1248,1000987292,1200535783,1375680,0
1705,1676736,145664,130240,0,6208,10112,541952,358464,484096,464512,1212224,0,1344,536640,0,0,0,0,0,0,192,112064,320,51584,41600,0,0,0,152512,192,519,1183,527976019,416498908,1202112,0
1706,1116672,145664,130240,0,5056,10176,409088,352768,63680,44288,1072384,0,1408,403840,0,0,0,0,0,0,128,112640,256,52672,35136,0,0,0,151808,128,529,1192,2157060677,53189357,1062208,0
1707,1116800,145792,131200,0,4608,10048,417792,351616,55744,36224,1080576,0,1408,412544,0,0,0,0,0,0,192,112448,320,51840,35200,0,0,0,151488,128,519,1163,1565029796,2442345104,1070528,0
1708,1116608,135104,131008,0,6016,10240,418880,353920,61440,41984,1074624,0,1408,413440,0,0,0,0,0,0,128,112064,320,51904,37568,0,0,0,151808,128,521,1196,76596645,434628683,1064384,0
1709,1676800,164352,129280,0,5760,10624,586560,374016,406208,386944,1289856,0,1408,581184,0,0,0,0,0,0,128,112896,256,51648,35008,0,0,0,173952,128,505,1157,4034234174,1196545208,1279232,0
1710,1677056,153792,130688,0,6080,9984,497344,370624,508544,488896,1188160,0,1408,491968,0,0,0,0,0,0,256,112384,320,51456,35200,0,0,0,170880,128,515,1165,3845845930,2394204145,1178176,0
1711,1676992,180864,128960,0,12352,10176,781376,346432,216832,197312,1479680,0,1408,776064,0,0,0,0,0,0,256,111552,256,51712,29952,0,0,0,152576,128,514,1168,1758985809,3353530506,1469504,0
1712,1677056,199104,130368,0,4928,10048,501504,344704,486400,466944,1210112,0,1344,496192,0,0,0,0,0,0,128,112192,256,51520,29568,0,0,0,150912,128,512,1162,921669861,1096267830,1200064,0
1713,1677056,167104,130688,0,3840,31360,520320,346880,476864,451520,1225536,0,1472,514944,0,0,0,0,0,0,256,111872,320,50880,31936,0,0,0,151424,192,498,1124,1340840045,1883398134,1194176,0
1714,1116480,167808,130176,0,3584,10240,393152,339008,72512,52928,1063552,0,1344,387968,0,0,0,0,0,0,192,111296,320,52160,25280,0,0,0,149632,128,511,1136,1475720837,1569196368,1053312,0
1715,1676608,199936,129984,0,3712,10176,526464,350272,456064,436800,1239808,0,1408,521088,0,0,0,0,0,0,128,112448,256,51776,33536,0,0,0,152000,128,519,1159,2567542292,3721529359,1229632,0
1716,1677312,165248,129984,0,5888,10112,458240,352576,555264,535552,1141760,0,1408,452672,0,0,0,0,0,0,128,113152,192,51264,32576,0,0,0,155136,128,522,1168,72052296,999345105,1131648,0
1717,1677056,188608,129600,0,6144,10176,461184,340800,540544,520960,1156096,0,1408,455744,0,0,0,0,0,0,128,112384,256,51520,25344,0,0,0,151040,128,513,1150,2304149773,1034478616,1145920,0
1718,1676992,166720,130816,0,3648,9984,457984,340736,567104,547712,1129280,0,1408,452544,0,0,0,0,0,0,128,112512,320,51968,25280,0,0,0,150400,128,514,1151,3505219881,381800911,1119296,0
1719,1676992,166144,129984,0,12864,10112,545408,393024,419456,399808,1277184,0,1408,540032,0,0,0,0,0,0,320,113984,35328,52480,36288,0,0,0,154496,128,512,1153,3112105456,539644070,1267072,0
1720,1676992,167104,128768,0,3648,10368,515136,391744,460224,440832,1236160,0,1344,509696,0,0,0,0,0,0,256,113216,35136,52224,35456,0,0,0,155328,128,502,1138,22978466,1388074870,1225792,0
1721,2237184,278848,130112,0,18944,25216,902464,469440,412160,392512,1844672,0,1344,897024,0,0,0,0,0,0,256,112704,66752,52608,77440,0,0,0,159552,128,523,1204,3282594181,575163058,1819456,0
1722,1676800,183488,130496,0,3968,25280,581632,472512,279424,259840,1416960,0,1344,576256,0,0,0,0,0,0,256,126656,66560,52992,65920,0,0,0,160000,128,539,1246,1592480425,2687697793,1391680,0
1723,1677056,172352,130176,0,7168,46464,477888,457408,385600,366016,1311040,0,1408,472512,0,0,0,0,0,0,320,112896,66240,52672,66176,0,0,0,158976,128,524,1215,1013215775,1429082260,1264576,0
1724,1676928,174720,130624,0,5760,10048,575872,427840,352064,332288,1344640,0,1344,570432,0,0,0,0,0,0,256,112576,35072,52160,71552,0,0,0,156096,128,533,1230,4109641684,4128363521,1334592,0
1725,1676864,181056,129664,0,3840,9792,645248,432192,275072,255680,1421184,0,1408,639808,0,0,0,0,0,0,320,113216,35136,52160,74816,0,0,0,156416,128,525,1217,1465465033,4137734865,1411392,0
1726,1676992,167168,130432,0,6144,10240,648960,394624,319424,299456,1377536,0,1408,643456,0,0,0,0,0,0,192,113280,256,51712,75392,0,0,0,153664,128,515,1186,3114528139,385407122,1367296,0
1727,1677120,232000,129664,0,5056,25280,729408,436224,119488,99904,1577216,0,1280,724096,0,0,0,0,0,0,320,111680,35328,52352,78016,0,0,0,158400,128,528,1218,3616744909,1818319404,1551936,0
1728,1676736,156288,130560,0,6144,10176,461824,429248,482496,462912,1213824,0,1408,456512,0,0,0,0,0,0,320,112064,35584,51776,74816,0,0,0,154560,128,531,1225,827488282,729391409,1203648,0
1729,1677184,131712,129600,0,5120,25344,463424,433920,488064,462976,1214208,0,1408,458176,0,0,0,0,0,0,256,112192,35008,52288,78272,0,0,0,155776,128,531,1230,2955984837,4046482409,1188864,0
1730,1676736,131200,130432,0,3712,9856,492544,433600,475392,455808,1220928,0,1344,487168,0,0,0,0,0,0,256,112448,35456,52096,77440,0,0,0,155776,128,532,1229,2116540342,2902288616,1211072,0
1731,1677056,131328,130944,0,3712,10304,558720,391744,450304,430656,1246400,0,1408,553344,0,0,0,0,0,0,192,112320,256,51328,74560,0,0,0,152960,128,523,1209,1449203839,1068687680,1236096,0
1732,1677056,197504,130688,0,3776,24832,775296,439872,105088,85312,1591744,0,1408,769920,0,0,0,0,0,0,192,112064,34816,52096,83904,0,0,0,156672,128,541,1252,1942972222,2376821007,1566912,0
1733,1676800,130240,130496,0,3712,25024,469504,439168,478656,459008,1217792,0,1344,464128,0,0,0,0,0,0,256,112256,35136,51264,80768,0,0,0,159360,128,544,1254,3233269662,1973637088,1192768,0
1734,1676992,133184,130752,0,3840,45952,466176,434368,462720,443200,1233792,0,1344,460928,0,0,0,0,0,0,320,112512,35072,52160,79680,0,0,0,154496,128,541,1243,3762946740,558644078,1187840,0
1735,1676736,131072,130240,0,3840,10240,492928,428032,480384,460992,1215744,0,1408,487424,0,0,0,0,0,0,192,112640,35264,51840,74112,0,0,0,153792,192,541,1237,2022027799,723344457,1205504,0
1736,1677056,164864,128704,0,6208,10048,714944,437056,215232,195712,1481344,0,1408,709568,0,0,0,0,0,0,320,112000,35072,52352,63232,0,0,0,173952,128,540,1238,384489476,1355889561,1471296,0
1737,1677632,144896,130176,0,6464,10240,555776,409472,420608,400128,1277504,0,1408,550336,0,0,0,0,0,0,192,112640,320,52480,60736,0,0,0,182912,192,526,1201,160060804,891308001,1267264,0
1738,1676544,153536,130624,0,7168,10240,885376,446144,43456,23488,1653056,0,1408,880064,0,0,0,0,0,0,320,112320,35264,52288,71296,0,0,0,174528,128,538,1234,3949392138,3860924527,1642816,0
1739,1676736,130944,130112,0,6400,10112,603200,445632,350336,330752,1345984,0,1408,597824,0,0,0,0,0,0,256,113088,34880,52352,71104,0,0,0,173824,128,542,1245,607754246,572315803,1335872,0
1740,1677056,168512,129920,0,3840,10048,713024,429056,222656,203136,1473920,0,1472,707520,0,0,0,0,0,0,256,111552,35264,52224,73344,0,0,0,156224,192,538,1243,3519207140,1824382564,1463872,0
1741,1676864,151552,129984,0,5888,9856,443968,422976,512640,493248,1183616,0,1408,438592,0,0,0,0,0,0,256,112256,35136,52224,67904,0,0,0,155072,128,545,1266,3860353022,2184894964,1173760,0
1742,1676992,131200,129984,0,6656,10368,470464,379840,548480,529152,1147840,0,1344,465152,0,0,0,0,0,0,128,111360,256,51520,61888,0,0,0,154560,128,532,1232,2024066868,66458000,1137472,0
1743,1676864,131904,129280,0,6144,10240,468800,381824,548672,529408,1147456,0,1344,463488,0,0,0,0,0,0,256,112512,320,51712,63360,0,0,0,153536,128,534,1239,859415576,1945088454,1137216,0
1744,1677248,151872,130496,0,15360,32192,623744,388864,334720,314816,1362432,0,1280,618240,0,0,0,0,0,0,128,112448,320,51776,70144,0,0,0,153920,128,557,1288,474178283,4199315927,1330240,0
1745,1676864,131712,130560,0,3712,10112,543872,389632,467264,442304,1234560,0,1408,538560,0,0,0,0,0,0,192,112064,192,51712,72064,0,0,0,153280,128,561,1288,1490520234,1961037663,1224448,0
1746,1677120,131904,130752,0,3840,10048,506880,388416,505280,485888,1191232,0,1408,501568,0,0,0,0,0,0,192,113024,256,51648,69888,0,0,0,153280,128,559,1286,1598237635,814073329,1181184,0
1747,1676736,131648,130944,0,4864,10112,513472,382976,502720,483264,1193472,0,1344,508096,0,0,0,0,0,0,256,112768,320,51584,64000,0,0,0,153920,128,556,1283,2640488109,1610033434,1183360,0
1748,1677312,333504,131584,0,6144,10496,607104,380416,208064,188224,1489088,0,1408,601792,0,0,0,0,0,0,128,112448,320,51840,63872,0,0,0,151680,128,547,1280,2830310658,1009704360,1478592,0
1749,1676672,132352,129280,0,6848,10368,597760,381184,418880,399296,1277376,0,1408,592320,0,0,0,0,0,0,256,112704,320,51264,64192,0,0,0,152256,192,549,1283,3569702448,2634455219,1267008,0
1750,1677056,131584,130240,0,4928,10112,506176,386432,507584,487808,1189248,0,1408,500800,0,0,0,0,0,0,256,112576,320,51520,65344,0,0,0,156288,128,548,1282,3533658997,479419562,1179136,0
1751,1677056,150784,129920,0,3584,9856,593792,382784,406336,386752,1290304,0,1408,588480,0,0,0,0,0,0,128,112256,256,51648,64384,0,0,0,153984,128,557,1283,2306799455,2508540310,1280448,0
1752,1676928,131328,129664,0,17472,10368,613824,388608,385664,366080,1310848,0,1408,608320,0,0,0,0,0,0,192,112512,320,51840,69504,0,0,0,154112,128,558,1293,1960662579,4286176491,1300480,0
1753,1677184,130944,130432,0,3712,9984,544896,385856,471360,452032,1225152,0,1408,539456,0,0,0,0,0,0,128,111488,320,51840,67968,0,0,0,153984,128,565,1292,4070175733,2263655017,1215168,0
1754,1676992,131008,130560,0,3712,10304,570880,384640,445888,426304,1250688,0,1408,565568,0,0,0,0,0,0,192,111616,256,51840,67776,0,0,0,152832,128,567,1301,3272334640,921596830,1240384,0
1755,1676864,196160,129792,0,10240,11200,708032,429632,191808,171904,1504960,0,1408,702784,0,0,0,0,0,0,192,113280,256,51328,70272,0,0,0,194176,128,579,1337,2278726569,905614530,1493760,0
1756,1676736,134720,129664,0,3840,10112,549184,430464,418752,399488,1277248,0,1408,543680,0,0,0,0,0,0,192,111936,256,52032,74944,0,0,0,190976,128,579,1351,2711497506,1280087128,1267136,0
1757,1677056,132160,130432,0,6144,25152,563968,428160,391040,371392,1305664,0,1408,558656,0,0,0,0,0,0,128,111872,256,51392,72128,0,0,0,192256,128,577,1337,1632014259,3707799450,1280512,0
1758,1676736,131008,129472,0,6144,10048,550272,424576,425216,405632,1271104,0,1408,545024,0,0,0,0,0,0,128,112128,320,51648,68928,0,0,0,191296,128,569,1322,3355740198,256856046,1261056,0
1759,1677120,151616,129792,0,5760,10112,586112,416832,376896,356992,1320128,0,1408,580544,0,0,0,0,0,0,192,111872,320,51584,61632,0,0,0,191104,128,566,1313,2527510129,1120412445,1310016,0
1760,1677056,131520,131200,0,6912,10368,511296,417536,468224,448704,1228352,0,1344,505984,0,0,0,0,0,0,192,112448,320,51648,61568,0,0,0,191232,128,565,1309,3463312333,589853661,1217984,0
1761,1677440,131264,130176,0,4480,10176,501632,371968,527744,502464,1174976,0,1408,496064,0,0,0,0,0,0,256,113088,256,51200,55168,0,0,0,151872,128,542,1252,3885491550,1284001790,1164800,0
1762,1676608,150592,128960,0,2048,10368,655104,374208,355328,335680,1340928,0,1408,649792,0,0,0,0,0,0,256,113216,320,51392,55552,0,0,0,153344,128,560,1288,2578948475,1759568014,1330560,0
1763,1677120,131520,131200,0,9536,10240,654784,367040,372800,353344,1323776,0,1344,649280,0,0,0,0,0,0,192,111488,320,51136,52736,0,0,0,151040,128,549,1276,1862768985,4083575252,1313536,0
1764,1676800,131392,129792,0,3456,10048,555008,366912,480192,460352,1216448,0,1408,549696,0,0,0,0,0,0,256,112256,384,51328,49344,0,0,0,153216,128,539,1268,3593288062,3081813133,1206400,0
1765,1676544,132224,129728,0,3456,9984,496512,367488,537152,517696,1158848,0,1408,491200,0,0,0,0,0,0,128,112832,256,51136,49088,0,0,0,153920,128,549,1279,742648436,169587160,1148864,0
1766,1677248,131712,130368,0,3520,31872,466304,364544,548928,529216,1148032,0,1408,461056,0,0,0,0,0,0,128,112128,320,51072,48704,0,0,0,152064,128,552,1275,3264430028,1383599196,1116160,0
1767,1676864,165184,132480,0,5120,10496,513280,366208,484096,463040,1213824,0,1344,505920,0,0,0,0,0,0,192,112384,320,51392,48960,0,0,0,152832,128,538,1242,3945952941,2474684501,1203328,0
1768,1676928,222912,129472,0,5632,10112,569344,368064,371392,351872,1325056,0,1408,563776,0,0,0,0,0,0,192,113664,320,51328,49216,0,0,0,153216,128,526,1210,2676445531,2497456440,1314944,0
1769,1677120,155072,129472,0,4160,10048,466624,368128,543616,523968,1153152,0,1408,461312,0,0,0,0,0,0,128,112320,320,51200,51328,0,0,0,152640,192,523,1200,3894808267,1431714426,1143104,0
1770,1676928,170368,129792,0,2048,9920,725120,363328,276352,256960,1419968,0,1408,719744,0,0,0,0,0,0,192,112000,320,51840,45760,0,0,0,153024,192,526,1203,525349622,650323966,1410048,0
1771,1116480,131456,129920,0,2048,10048,445184,371328,26496,6848,1109632,0,1344,439808,0,0,0,0,0,0,256,112192,256,51392,55104,0,0,0,152000,128,517,1202,2271789828,1552292667,1099584,0
1772,1116736,131904,129600,0,2048,10240,438848,369024,35072,15680,1101056,0,1344,433472,0,0,0,0,0,0,128,112256,320,51072,51712,0,0,0,153344,192,530,1220,4113265241,2722090205,1090816,0
1773,1677120,131904,130368,0,9728,10176,451008,369088,574848,555264,1121856,0,1408,445504,0,0,0,0,0,0,192,112000,256,51456,52608,0,0,0,152448,128,529,1219,3082524508,1226069501,1111680,0
1774,1677184,145088,131264,0,3584,9792,524352,367488,495616,476096,1201088,0,1408,518976,0,0,0,0,0,0,128,112704,320,51136,48896,0,0,0,154176,128,524,1199,987605056,562948317,1191296,0
1775,1676928,132032,128960,0,3456,9920,506496,371136,524928,505600,1171328,0,1344,501056,0,0,0,0,0,0,128,112640,256,51008,53248,0,0,0,153728,128,538,1229,399537307,1523900520,1161408,0
1776,1116800,132736,130112,0,3392,10112,402752,365312,72384,52928,1063872,0,1344,397504,0,0,0,0,0,0,192,112256,320,51968,49664,0,0,0,150784,128,536,1217,1564391755,1495561954,1053760,0
1777,1676800,131776,130368,0,3456,32320,458048,366080,554752,529920,1146880,0,1344,452736,0,0,0,0,0,0,192,111744,320,51456,48448,0,0,0,153728,192,526,1200,1526460760,1397177074,1114560,0
1778,1676928,185280,130176,0,5632,10112,698368,376448,270912,251328,1425600,0,1408,692928,0,0,0,0,0,0,128,112896,320,51584,57856,0,0,0,153536,128,524,1226,4032195720,1231093313,1415488,0
1779,1677184,193088,129792,0,4800,9920,549632,395072,394880,375232,1301952,0,1408,544192,0,0,0,0,0,0,192,113600,320,51392,56832,0,0,0,172608,128,528,1226,823132382,553986505,1292032,0
1780,2237184,203712,134208,0,6656,28544,975104,408576,480384,450688,1786496,0,3200,964992,0,0,0,0,0,0,128,111616,320,50944,89856,0,0,0,155584,128,522,1189,1391730272,993769959,1757952,0
1781,1676800,155008,129920,0,13312,25472,435712,386112,531264,511936,1164864,0,1344,430272,0,0,0,0,0,0,192,112064,320,51584,68544,0,0,0,153280,128,510,1163,64568043,3288161973,1139392,0
1782,1677056,166080,130048,0,12224,25536,701696,400576,240896,221440,1455616,0,1344,696256,0,0,0,0,0,0,192,112192,320,51072,75456,0,0,0,161216,128,515,1181,214645080,1167084026,1430080,0
1783,1676992,144832,130368,0,4864,9792,440704,392000,554432,534400,1142592,0,1344,435328,0,0,0,0,0,0,256,112128,320,52032,74496,0,0,0,152640,128,513,1175,3711819061,466074506,1132800,0
1784,1677056,166144,130880,0,4096,25984,385344,395328,569280,546368,1130688,0,1408,380032,0,0,0,0,0,0,192,112704,320,51520,75712,0,0,0,154752,128,517,1190,3989274401,3235296611,1104704,0
1785,1676864,151296,130240,0,4032,10112,603200,392704,385280,365760,1311104,0,1408,597824,0,0,0,0,0,0,256,112192,320,51392,73792,0,0,0,154560,192,504,1188,915664085,3544358199,1300992,0
1786,1676928,170304,130304,0,4032,10112,495552,391168,475456,455872,1221056,0,1408,490048,0,0,0,0,0,0,192,111808,320,51136,73152,0,0,0,154432,128,529,1219,2315088578,3357002779,1210944,0
1787,1676992,131904,130496,0,6528,46976,587712,395328,378048,358336,1318656,0,1344,582208,0,0,0,0,0,0,192,113216,256,51392,73664,0,0,0,156480,128,526,1218,1351695151,3094720611,1271680,4
1788,1676864,132864,130944,0,6336,10496,621632,388416,386176,366464,1310400,0,1344,616320,0,0,0,0,0,0,128,112704,320,51200,69824,0,0,0,154048,192,545,1250,2756653736,1562178508,1299904,0
1789,1676992,132672,129856,0,5248,10176,564352,386944,447744,428224,1248768,0,1408,558976,0,0,0,0,0,0,192,112320,320,51392,66496,0,0,0,156032,192,524,1217,1018495654,3905262842,1238592,0
1790,1676864,132224,131200,0,3776,9920,522048,389312,488384,468928,1207936,0,1344,516672,0,0,0,0,0,0,128,113152,320,51328,66560,0,0,0,157696,128,519,1215,1547363326,142226010,1198016,0
1791,1677120,132032,131648,0,6080,10240,525888,379904,491328,471680,1205440,0,1408,520512,0,0,0,0,0,0,192,112448,384,51136,61568,0,0,0,153984,192,510,1233,1383318975,3033328789,1195200,0
1792,1676864,131712,128960,0,5056,10048,539200,376064,485824,466496,1210368,0,1856,533440,0,0,0,0,0,0,256,112896,256,51456,54208,0,0,0,156864,128,445,1068,2269460540,683745610,1200320,0
1793,1677248,130688,130944,0,5888,10112,530432,375168,494016,468544,1208704,0,1472,524992,0,0,0,0,0,0,128,112832,320,51328,55232,0,0,0,155200,128,430,1015,2021081348,3555043228,1198592,0
1794,1676736,131264,130112,0,4928,10240,489856,373440,536896,517440,1159296,0,1408,484608,0,0,0,0,0,0,256,111360,320,51264,55296,0,0,0,154752,192,438,1050,2908476405,2555213059,1149056,0
1795,1677056,126464,129600,0,5952,10112,817600,394240,193088,173440,1503616,0,1408,812224,0,0,0,0,0,0,192,112448,320,51328,56128,0,0,0,173696,128,422,1011,1978053773,3341063209,1493504,0
1796,1676992,97088,129600,0,6080,10048,530944,394176,509056,488896,1188096,0,1344,525568,0,0,0,0,0,0,128,112448,320,51456,54400,0,0,0,175296,128,427,994,543465949,3576978981,1178048,0
1797,1677632,116224,137600,0,7808,31872,638144,390400,355584,333312,1344320,0,1536,632128,0,0,0,0,0,0,192,112640,256,51456,50432,0,0,0,175296,128,422,984,1043371648,1756099391,1312448,0
1798,1676096,97792,129728,0,7616,10368,622592,386752,421248,401152,1274944,0,1408,617088,0,0,0,0,0,0,192,112448,256,51584,48320,0,0,0,173824,128,421,990,2316081365,2620937951,1264576,0
1799,1678592,97152,129152,0,4160,18880,697856,393600,337792,316736,1361856,0,1408,692480,0,0,0,0,0,0,192,113792,320,51648,48064,0,0,0,179456,128,422,995,756268141,2223752304,1342976,0
1800,1677184,96640,130560,0,2048,18752,673344,397760,358080,336704,1340480,0,1408,668032,0,0,0,0,0,0,192,112512,256,51200,51456,0,0,0,182016,128,431,1012,404665564,440800541,1321728,0
1801,1676992,97600,129216,0,2048,19072,666240,379712,383104,361856,1315136,0,1408,660928,0,0,0,0,0,0,192,111552,320,51520,38144,0,0,0,177856,128,421,984,1851180634,1253940505,1296064,0
1802,1676928,129344,130496,0,9984,19584,805184,363392,218944,197440,1479488,0,1280,799872,0,0,0,0,0,0,128,112320,320,51264,40768,0,0,0,158464,128,418,986,1787282300,2682781879,1459904,0
1803,1676992,110400,130496,0,3392,18816,597376,360064,456448,434688,1242304,0,1344,592192,0,0,0,0,0,0,192,113216,256,51200,36864,0,0,0,158208,128,429,1009,3610322147,2626167060,1223488,0
1804,1677120,98048,129920,0,5632,19008,580160,357440,486912,465472,1211648,0,1472,574784,0,0,0,0,0,0,192,111872,256,51456,35776,0,0,0,157760,128,430,1020,665941422,1341572655,1192640,0
1805,1676736,126784,130240,0,4160,18560,691008,358976,347008,325888,1350848,0,1408,685696,0,0,0,0,0,0,128,113472,256,51264,35712,0,0,0,158016,128,424,1010,1860227925,1612671126,1332288,0
1806,1676864,128064,130176,0,9600,19136,756800,410368,222720,201216,1475648,0,1344,751360,0,0,0,0,0,0,128,111872,256,51776,46976,0,0,0,199232,128,437,1058,3577039817,3594482342,1456512,0
1807,1677120,163200,129280,0,3456,40512,758464,416768,165440,143872,1533248,0,1344,753024,0,0,0,0,0,0,192,111872,192,51072,54464,0,0,0,198848,128,449,1089,2141900899,804274707,1492736,0
1808,1676992,134784,129792,0,3456,19136,486464,407680,495680,474240,1202752,0,1408,481216,0,0,0,0,0,0,192,111168,320,51392,47488,0,0,0,196928,192,482,1177,2562166428,90875000,1183616,0
1809,1676992,134016,130816,0,3456,18880,489984,410048,489792,462912,1214080,0,1408,484672,0,0,0,0,0,0,192,111168,320,51392,48768,0,0,0,198080,128,455,1101,3374426250,3725811314,1195200,0
1810,1677056,133312,130944,0,5568,18560,481856,408512,498304,476928,1200128,0,1408,476544,0,0,0,0,0,0,256,111232,320,51200,46464,0,0,0,198848,192,452,1103,83149639,1914414642,1181568,0
1811,1676928,133504,129856,0,4032,18816,491840,419520,479360,458176,1218752,0,1408,486464,0,0,0,0,0,0,256,111808,384,51264,55488,0,0,0,200192,128,444,1074,3205455702,246989880,1199936,0
1812,1676864,133632,130240,0,2944,18880,485888,375104,530176,508864,1168000,0,1408,480448,0,0,0,0,0,0,192,111360,256,51072,51776,0,0,0,160320,128,426,1026,3452705952,2178018800,1149120,0
1813,1676928,133760,130816,0,2048,19136,520320,378752,492096,470912,1206016,0,1344,515008,0,0,0,0,0,0,128,113088,320,51072,52224,0,0,0,161792,128,437,1050,3489555001,3457575851,1186880,0
1814,1677120,147712,129408,0,2048,18944,620224,368832,389952,368576,1308544,0,1408,614912,0,0,0,0,0,0,192,112000,320,51584,45056,0,0,0,159552,128,451,1062,3706680436,913947626,1289600,0
1815,1677120,133824,133440,0,2048,18496,504128,365760,519424,498176,1178944,0,1280,498752,0,0,0,0,0,0,192,111744,320,51264,43392,0,0,0,158720,128,445,1069,1934482452,1108359686,1160448,0
1816,1676800,133248,129792,0,3456,18880,694912,368192,328320,306944,1369856,0,1408,689600,0,0,0,0,0,0,192,112832,320,51392,43008,0,0,0,160320,128,464,1083,513145633,3026210299,1350976,0
1817,1676992,134272,130560,0,3392,34176,643200,374208,357184,335552,1341440,0,1344,637824,0,0,0,0,0,0,128,113024,320,51072,49024,0,0,0,160512,128,452,1069,2126824865,3136170954,1307264,0
1818,1676736,134592,130688,0,3456,39936,623104,372544,372416,350720,1326016,0,1408,617664,0,0,0,0,0,0,256,112896,320,51392,48000,0,0,0,159552,128,455,1072,2693481029,4206036442,1286080,0
1819,1676864,172736,129600,0,3456,18944,715648,372736,263744,242496,1434368,0,1344,710208,0,0,0,0,0,0,256,112320,256,51520,48192,0,0,0,160064,128,454,1072,2614032060,1822821283,1415424,0
1820,1677184,149248,130560,0,5632,19392,529280,363712,479360,457728,1219456,0,1408,523904,0,0,0,0,0,0,256,112256,256,51456,40192,0,0,0,159168,128,446,1042,3983045756,2056179879,1200064,0
1821,1676800,137152,129216,0,5760,18624,506752,355584,523712,502400,1174400,0,1408,501312,0,0,0,0,0,0,128,112512,320,51136,30784,0,0,0,160576,128,441,1047,2802062267,37735901,1155776,0
1822,1677184,148032,130688,0,2176,18944,499200,351552,526592,505536,1171648,0,1408,493760,0,0,0,0,0,0,192,111936,320,51136,27968,0,0,0,159872,128,444,1063,2996682063,1904499383,1152704,0
1823,1676864,149056,128768,0,2048,19456,569920,360704,446912,425920,1250944,0,1408,564544,0,0,0,0,0,0,256,112256,256,51392,36416,0,0,0,160000,128,450,1087,2079035943,1279063132,1231488,0
1824,1676928,136640,130496,0,2048,19008,503360,357504,527872,506688,1170240,0,1408,498048,0,0,0,0,0,0,128,112320,320,51008,34752,0,0,0,158848,128,466,1115,1751342352,350008481,1151232,0
1825,1676864,148096,129728,0,2048,19136,509248,350144,518464,491840,1185024,0,1344,503808,0,0,0,0,0,0,192,111296,384,51264,28864,0,0,0,158016,128,495,1184,630411273,4064505772,1165888,0
1826,1676992,149248,131072,0,2048,18560,511424,347840,516800,495552,1181440,0,1408,506112,0,0,0,0,0,0,192,112576,320,51392,25856,0,0,0,157376,128,531,1269,2693574377,3428030999,1162880,0
1827,1677056,137344,129600,0,2944,18368,521600,349120,518080,496512,1180544,0,1344,516224,0,0,0,0,0,0,192,112064,256,51200,25920,0,0,0,159360,128,548,1302,1870350425,3852596987,1162176,0
1828,1676992,182208,130752,0,2048,40128,796096,356096,169664,148224,1528768,0,1408,790720,0,0,0,0,0,0,128,112256,320,51200,34432,0,0,0,157632,128,567,1325,952949120,3526198892,1488640,0
1829,1676864,181568,130048,0,2048,18688,546880,366336,431296,410240,1266624,0,1408,541568,0,0,0,0,0,0,192,112704,192,51392,42368,0,0,0,159360,128,571,1306,1297381841,660817663,1247936,0
1830,1676864,134016,130112,0,2112,18688,509056,362368,520512,499456,1177408,0,1408,503744,0,0,0,0,0,0,192,111872,384,51200,39552,0,0,0,159040,128,575,1305,4139178871,4133149219,1158720,0
1831,1676736,145280,130496,0,1984,19520,527360,357312,494784,473344,1203392,0,1344,522112,0,0,0,0,0,0,192,112640,320,51520,32640,0,0,0,159872,128,571,1294,237394786,4193127591,1183872,0
1832,1676928,146112,129984,0,2112,21248,484288,358336,534848,513728,1163200,0,1344,479104,0,0,0,0,0,0,256,111936,192,51520,32896,0,0,0,161344,192,564,1281,979590411,123083298,1141952,0
1833,1676992,155776,129792,0,2048,21184,574400,357504,436288,415168,1261824,0,1344,569152,0,0,0,0,0,0,128,112832,320,51456,32896,0,0,0,159744,128,568,1285,1489760940,4037598873,1240640,0
1834,1676992,176320,129216,0,2112,21184,575808,355200,417152,396032,1280960,0,1344,570624,0,0,0,0,0,0,256,113408,256,51392,29568,0,0,0,160128,192,566,1286,1596906628,3922811453,1259776,0
1835,1677056,146880,131136,0,2048,20928,484096,362048,529920,508608,1168448,0,1344,478720,0,0,0,0,0,0,256,111808,320,51264,37952,0,0,0,160320,128,570,1315,2560387828,1492655889,1147520,0
1836,1676864,135680,130432,0,2176,21184,536896,360704,489792,468224,1208640,0,1408,531520,0,0,0,0,0,0,256,113024,256,51392,36800,0,0,0,158848,128,552,1275,4103652937,4246385044,1187456,0
1837,1676992,146176,129792,0,1984,20672,472896,353600,551872,530624,1146368,0,1408,467456,0,0,0,0,0,0,192,112384,256,51584,29888,0,0,0,159168,128,576,1308,2318698321,3348912178,1125696,0
1838,1677120,147520,130560,0,2112,20480,476096,353024,547328,525952,1151168,0,1408,470656,0,0,0,0,0,0,192,112896,320,51456,29952,0,0,0,158080,128,580,1307,2874398027,798711465,1130688,0
1839,1676864,134528,129024,0,10688,42304,626240,367296,366784,345472,1331392,0,1472,620928,0,0,0,0,0,0,128,113280,320,51520,42304,0,0,0,159616,128,587,1334,3057257692,878101624,1289088,0
1840,1677056,146368,129024,0,3584,21120,589120,363904,423936,402432,1274624,0,1344,583808,0,0,0,0,0,0,192,112960,320,51328,40448,0,0,0,158528,128,580,1329,4130788220,184956265,1253504,0
1841,2237056,617280,128832,0,3584,21248,717632,367680,380800,353984,1883072,0,1344,712256,0,0,0,0,0,0,128,114048,384,51008,42240,0,0,0,159744,128,585,1332,3071822051,923907426,1861824,0
1842,2237184,609152,129984,0,4544,20992,790336,367040,315136,294080,1943104,0,1408,784896,0,0,0,0,0,0,128,113344,320,51392,40768,0,0,0,160960,128,576,1316,3648116131,4216843509,1922112,0
1843,1677120,134784,129984,0,5760,20800,684928,354048,346816,325312,1351808,0,1408,679552,0,0,0,0,0,0,192,112448,320,51264,30912,0,0,0,158784,128,581,1311,1668342587,1676827024,1331008,0
1844,1677184,164992,130752,0,6400,21120,763328,345792,244800,223424,1453760,0,1344,757760,0,0,0,0,0,0,128,111872,320,51072,23616,0,0,0,158656,128,586,1322,2353798885,1069290466,1432640,0
1845,1676672,147904,130240,0,4096,21312,629696,345216,398208,377024,1299648,0,1408,624384,0,0,0,0,0,0,192,112064,320,51008,23552,0,0,0,157952,128,581,1309,692417007,3844848601,1278336,0
1846,1676928,155904,130560,0,2048,20736,602496,392896,372288,351104,1325824,0,1408,597120,0,0,0,0,0,0,128,112576,320,51136,29696,0,0,0,198912,128,590,1346,998446468,3041820021,1305088,0
1847,1677056,145600,129472,0,10688,36352,444992,396672,513280,491968,1185088,0,1472,439552,0,0,0,0,0,0,192,112256,320,50944,34112,0,0,0,198720,128,583,1332,4064430179,1783140405,1148736,0
1848,1677056,146560,130752,0,5184,20608,471872,397824,504256,483008,1194048,0,1408,466496,0,0,0,0,0,0,128,111744,320,51328,38208,0,0,0,195968,128,592,1357,922379587,3732378973,1173440,0
1849,1676800,135552,132160,0,5184,43328,410240,398208,552128,530816,1145984,0,1344,404800,0,0,0,0,0,0,192,111104,320,51328,37376,0,0,0,197760,128,590,1346,168430791,3839414361,1102656,0
1850,2236992,182976,130880,0,5440,36480,929600,452800,498816,477888,1759104,0,1344,924096,0,0,0,0,0,0,256,112128,256,51648,53376,0,0,0,235008,128,596,1391,1460623469,1345195122,1722624,0
1851,1677184,151680,130496,0,5504,20864,545920,448704,374016,352704,1324480,0,1408,540608,0,0,0,0,0,0,192,112128,320,51584,52992,0,0,0,231360,128,591,1380,443075151,3383660312,1303616,0
1852,1676864,138432,130560,0,5440,35584,565440,416064,385344,364352,1312512,0,1408,559936,0,0,0,0,0,0,128,112576,320,51328,54592,0,0,0,196992,128,571,1330,2490107736,4291551005,1276928,0
1853,1677056,150784,129472,0,5376,21248,481792,416000,472384,451008,1226048,0,1408,476416,0,0,0,0,0,0,128,111232,320,51648,54528,0,0,0,198016,128,562,1303,2319932961,3277293871,1204800,0
1854,1676928,208576,129408,0,5376,21376,587648,422656,301888,280576,1396352,0,1408,582336,0,0,0,0,0,0,192,111872,320,51328,57152,0,0,0,201600,192,573,1325,3801738054,474954707,1374976,0
1855,1677120,171712,135936,0,5376,21504,436864,423168,482560,460928,1216192,0,1408,431552,0,0,0,0,0,0,192,110976,256,51264,59904,0,0,0,200448,128,566,1320,3234736116,1805331155,1194688,0
1856,1676864,145856,130688,0,5376,21504,430272,373888,569280,547840,1129024,0,1408,424896,0,0,0,0,0,0,128,112640,320,51136,49728,0,0,0,159744,192,531,1231,598724444,928306489,1107520,0
1857,1677440,146688,129856,0,6528,21312,423872,372800,576384,549184,1128256,0,1408,418432,0,0,0,0,0,0,192,112192,320,51200,50112,0,0,0,158592,192,541,1241,3193705786,2555245746,1106944,0
1858,1676416,136448,130048,0,7936,21120,545728,419072,416064,394624,1281792,0,1408,540416,0,0,0,0,0,0,128,112000,320,51584,54272,0,0,0,200640,128,556,1299,1775963518,2264059835,1260672,0
1859,2237312,213056,129344,0,18752,42048,920640,416896,496576,475072,1762240,0,1408,915200,0,0,0,0,0,0,128,111872,256,51648,51840,0,0,0,201024,128,553,1290,755961831,4088021450,1720192,0
1860,1676736,153792,129664,0,5632,21120,554048,424000,388480,367360,1309376,0,1344,548608,0,0,0,0,0,0,128,112896,320,51776,60224,0,0,0,198528,128,556,1304,1382123052,1152436901,1288256,0
1861,1676992,142080,129216,0,5568,9984,564672,406400,419072,397824,1279168,0,1408,559232,0,0,0,0,0,0,256,112320,320,51456,50496,0,0,0,191424,128,565,1313,2476424450,2717963575,1269184,0
1862,1675328,153216,130752,0,5568,10176,560000,398016,417600,398272,1277056,0,1408,554496,0,0,0,0,0,0,192,112960,256,51008,43456,0,0,0,190016,128,565,1306,2199182498,2764025393,1266880,0
1863,1677056,153856,129472,0,5568,10048,553408,399616,425088,405440,1271616,0,1408,548032,0,0,0,0,0,0,192,111808,320,51136,43648,0,0,0,192384,128,557,1286,392513217,1010032698,1261568,0
1864,1676800,142464,129664,0,5632,9856,559168,354048,475968,456512,1220288,0,1408,553856,0,0,0,0,0,0,128,112192,320,51392,38656,0,0,0,151232,128,553,1251,660858010,3719476838,1210432,0
1865,1677056,152576,129664,0,5632,9920,541440,353024,484800,465152,1211904,0,1408,536128,0,0,0,0,0,0,128,112320,320,51328,36544,0,0,0,152256,128,545,1232,88621222,119631487,1201984,0
1866,1676992,334976,130176,0,7936,9984,583168,363968,246784,227072,1449920,0,1408,577728,0,0,0,0,0,0,256,112320,256,51072,44224,0,0,0,155712,128,540,1278,789628998,554453172,1439936,0
1867,1676672,144192,129472,0,8512,10688,544640,355136,484032,464448,1212224,0,1408,539328,0,0,0,0,0,0,192,112384,320,51200,38336,0,0,0,152576,128,543,1282,532921906,2750741163,1201536,0
1868,1677120,169664,130560,0,6720,10048,711040,345920,303168,283520,1393600,0,1408,705664,0,0,0,0,0,0,128,111872,320,51264,30784,0,0,0,151424,128,547,1297,1023790046,811470123,1383552,0
1869,1676864,170432,129728,0,5376,32000,662400,343744,333184,313344,1363520,0,1344,657024,0,0,0,0,0,0,192,112128,256,51008,30464,0,0,0,149504,192,541,1273,3394393598,3698230840,1331520,0
1870,1676736,137856,129152,0,7680,10432,760448,388352,242816,223488,1453248,0,1408,754944,0,0,0,0,0,0,192,112128,320,51200,35328,0,0,0,189056,128,556,1323,906800711,3579290940,1442816,0
1871,1677248,148480,128896,0,6784,10304,792384,391936,198464,178432,1498816,0,1408,786880,0,0,0,0,0,0,192,112384,320,51328,39104,0,0,0,188480,128,549,1323,807124342,2295724817,1488512,0
1872,1676864,149248,129280,0,5312,9792,775488,402752,204992,185664,1491200,0,1408,769984,0,0,0,0,0,0,192,112576,320,51264,48000,0,0,0,190272,128,551,1332,2049359511,2069406463,1481408,0
1873,1677056,138240,129728,0,5376,10048,737600,391872,264192,239232,1437824,0,1408,732096,0,0,0,0,0,0,192,113024,256,51328,37696,0,0,0,189248,128,559,1346,2953405705,4070722757,1427776,0
1874,1676992,148224,129600,0,5376,10304,731392,384384,267712,248384,1428608,0,1344,726080,0,0,0,0,0,0,192,112128,320,51200,30656,0,0,0,189760,128,555,1331,3908663213,2327722581,1418304,0
1875,1677056,150528,129984,0,5376,9920,820672,423808,136768,117248,1559808,0,1408,815296,0,0,0,0,0,0,192,110720,320,51264,36160,0,0,0,225024,128,575,1386,1107496946,3484157996,1549888,0
1876,1676544,138496,129600,0,5440,9920,782912,395328,214848,195392,1481152,0,1408,777600,0,0,0,0,0,0,192,111040,448,90496,39808,0,0,0,153216,128,562,1342,272163556,4062952106,1471232,0
1877,2237312,168448,130688,0,13184,25792,939328,396288,563584,543552,1693760,0,1408,933952,0,0,0,0,0,0,192,112256,512,90816,38976,0,0,0,153408,128,571,1349,4273575090,442333277,1667968,0
1878,1676928,169920,129984,0,7872,10176,908352,403200,47424,27776,1649152,0,1408,902912,0,0,0,0,0,0,192,111296,448,90624,46720,0,0,0,153792,128,573,1360,2090107970,853269710,1638976,0
1879,2237376,227200,129664,0,6848,31936,894080,406080,541568,521728,1715648,0,1280,888640,0,0,0,0,0,0,256,112768,384,91264,46656,0,0,0,154624,128,570,1341,1165275289,861779643,1683712,0
1880,1676608,138496,129728,0,5504,9984,687744,396608,308544,289280,1387328,0,1344,682368,0,0,0,0,0,0,192,112384,448,90880,38720,0,0,0,153856,128,566,1342,1887816206,1780175870,1377344,0
1881,1676928,138496,129024,0,5504,10048,697152,358464,338240,318720,1358208,0,1344,691776,0,0,0,0,0,0,320,112128,448,91776,39488,0,0,0,114176,128,534,1272,3988524057,4209648938,1348160,0
1882,2237376,225664,131136,0,5504,10304,946816,366464,551488,532288,1705088,0,1344,941504,0,0,0,0,0,0,192,112832,320,90560,47360,0,0,0,115008,192,548,1311,881825868,129557288,1694784,0
1883,1678080,137728,129152,0,7744,10112,699648,366208,327488,305984,1372096,0,1408,694272,0,0,0,0,0,0,256,112256,448,90624,45824,0,0,0,116672,128,540,1291,1516910831,121613731,1361984,0
1884,1673920,156544,129920,0,6784,10112,769152,366208,235200,213888,1460032,0,1408,763712,0,0,0,0,0,0,256,112192,384,90880,46720,0,0,0,115648,128,549,1312,580705290,710651914,1449920,0
1885,1676928,156928,128832,0,12544,10240,736576,347136,284672,265344,1411584,0,1344,731072,0,0,0,0,0,0,192,111872,384,90688,30464,0,0,0,113408,128,547,1303,2826968513,2866808983,1401344,0
1886,1676992,136064,129664,0,5504,10048,689088,349248,357376,337984,1339008,0,1408,683776,0,0,0,0,0,0,256,112256,448,91776,30208,0,0,0,114112,192,553,1305,164448424,3439376975,1328960,0
1887,1676864,137216,129984,0,7808,10240,680832,349056,361728,342080,1334784,0,1408,675520,0,0,0,0,0,0,256,112192,448,91200,30208,0,0,0,114624,128,536,1271,2288739982,797095426,1324544,0
1888,1677120,193088,128768,0,6592,9984,758592,357696,222400,202752,1474368,0,1344,753280,0,0,0,0,0,0,192,113152,448,91136,38336,0,0,0,114304,128,542,1240,1828870465,1412123795,1464384,0
1889,1676928,156480,129856,0,5248,31232,545984,361600,446528,421632,1255296,0,1408,540608,0,0,0,0,0,0,192,112640,448,91584,41728,0,0,0,114880,128,543,1242,697155126,2896816660,1224064,0
1890,1676800,160384,128768,0,5184,10240,632768,345152,394304,375104,1301696,0,1408,627392,0,0,0,0,0,0,128,113344,384,91136,25792,0,0,0,114240,128,550,1237,2584678595,2406000214,1291456,0
1891,1676992,156736,128384,0,7360,10176,679040,340544,354752,335232,1341760,0,1344,673600,0,0,0,0,0,0,192,112512,448,91712,21632,0,0,0,113856,192,543,1229,3970640271,1796089707,1331584,0
1892,1676992,135488,129792,0,5760,9984,527168,330176,538624,519040,1157952,0,1344,521792,0,0,0,0,0,0,128,111744,384,91520,13760,0,0,0,112512,128,538,1217,3416676709,2718385283,1147968,0
1893,1676864,134080,129216,0,3776,9920,525824,331584,542464,523136,1153728,0,1344,520384,0,0,0,0,0,0,192,112256,448,91648,13824,0,0,0,113088,128,544,1231,2471971577,1039223755,1143808,0
1894,1677056,134592,129408,0,3712,10048,534272,339776,525248,505536,1171520,0,1280,528832,0,0,0,0,0,0,256,111936,448,91136,23680,0,0,0,112192,128,544,1236,1118502077,2141912257,1161472,0
1895,1676992,155584,128384,0,3776,9984,625088,340992,413184,393664,1283328,0,1280,619712,0,0,0,0,0,0,192,113472,320,92032,21888,0,0,0,112960,128,539,1211,671864555,3732485547,1273344,0
1896,1676928,134400,129408,0,3840,10176,521856,338496,538752,519296,1157632,0,1408,516480,0,0,0,0,0,0,192,112064,384,91264,21696,0,0,0,112704,192,536,1215,3167803986,1509593787,1147456,0
1897,1678528,226368,129088,0,3776,19072,643584,339456,317184,296384,1382144,0,1408,638208,0,0,0,0,0,0,320,112128,448,91776,14272,0,0,0,120384,128,540,1228,3079840351,2146536337,1363072,0
1898,1677120,265792,129920,0,3776,18624,761024,357568,140416,118592,1558528,0,1344,755712,0,0,0,0,0,0,384,119936,448,91584,25024,0,0,0,120064,128,528,1206,856607713,1080005437,1539904,0
1899,1676992,157056,129088,0,3712,40640,574848,348288,423360,401856,1275136,0,1344,569408,0,0,0,0,0,0,256,112832,448,92032,21824,0,0,0,120704,192,533,1211,1759419351,1078608017,1234496,0
1900,1676864,134976,128832,0,3840,19328,574400,347776,467712,446464,1230400,0,1408,568896,0,0,0,0,0,0,192,112960,448,90496,21888,0,0,0,121664,128,530,1218,1581009092,967979690,1211072,0
1901,1676800,135872,128960,0,3776,19328,580160,338752,469952,446464,1230336,0,1408,574784,0,0,0,0,0,0,192,113088,448,91008,14400,0,0,0,119488,128,532,1221,631629913,2945059707,1211008,0
1902,1676992,168000,129088,0,3776,19456,686784,338880,331008,309952,1367040,0,1408,681408,0,0,0,0,0,0,320,112576,448,91648,13824,0,0,0,119936,128,535,1220,705471992,458344888,1347584,0
1903,1116864,134784,129152,0,3776,18944,463488,336000,30720,9600,1107264,0,1344,458176,0,0,0,0,0,0,256,112384,384,90176,13696,0,0,0,118976,128,519,1206,2753767976,997421184,1088320,0
1904,1677056,136448,127872,0,3776,18752,589184,347328,453696,432320,1244736,0,1344,583808,0,0,0,0,0,0,192,112640,320,90752,23616,0,0,0,119680,128,524,1210,3813825570,2630258417,1225984,0
1905,1676928,134912,129408,0,3776,19520,503104,346624,539584,513216,1163712,0,1408,497536,0,0,0,0,0,0,128,112320,448,90816,22272,0,0,0,120448,192,540,1232,680784182,772737463,1144192,0
1906,1676928,188480,128960,0,13760,35072,904640,345664,60352,39040,1637888,0,1280,899200,0,0,0,0,0,0,192,112512,320,91712,21568,0,0,0,119232,128,528,1219,2771662413,1864745474,1602816,0
1907,1676928,147776,129984,0,12608,36608,465280,338944,545728,524416,1152512,0,1344,459968,0,0,0,0,0,0,192,112960,384,91328,13440,0,0,0,120512,128,530,1227,1778098511,2744409198,1115904,0
1908,1676992,138624,129792,0,5632,35648,453184,339648,574464,553088,1123904,0,1408,447808,0,0,0,0,0,0,256,112192,448,91136,14144,0,0,0,121344,128,532,1227,3862110416,1782793660,1088256,0
1909,1677184,156864,129664,0,5568,21120,522496,339648,501824,480448,1196736,0,1344,517056,0,0,0,0,0,0,192,112640,512,91200,13952,0,0,0,121024,128,521,1204,3464198980,792400522,1175616,0
1910,1676992,146880,132160,0,5504,42880,524224,358784,466560,444992,1232000,0,1408,518848,0,0,0,0,0,0,256,112384,448,91456,32448,0,0,0,121664,128,537,1236,4017884997,571858481,1189120,0
1911,1677056,156544,128768,0,12736,21312,673728,355712,328256,306432,1370624,0,1344,668224,0,0,0,0,0,0,128,112640,512,91008,29312,0,0,0,121984,128,536,1235,1546701921,3726951449,1349312,0
1912,1676800,135424,128576,0,5760,21504,625664,355712,404160,379776,1297024,0,1408,620288,0,0,0,0,0,0,256,113600,384,90944,29120,0,0,0,121280,128,541,1250,1747835630,2961896528,1275520,0
1913,1677056,135872,130368,0,5760,21056,635072,347456,401472,380096,1296960,0,1408,629632,0,0,0,0,0,0,320,113536,384,91008,21888,0,0,0,120192,128,536,1236,2913117315,3142927360,1275904,0
1914,1676928,156800,130496,0,6912,20864,742400,350464,268992,247872,1429056,0,1408,736896,0,0,0,0,0,0,128,112704,256,91520,26880,0,0,0,118848,128,533,1229,4244725305,3620774316,1408192,0
1915,1677120,135040,129920,0,7872,20928,597056,349824,436480,415104,1262016,0,1344,591680,0,0,0,0,0,0,192,113152,448,91328,25600,0,0,0,118976,128,546,1260,2561924763,1932719256,1241088,0
1916,1677056,136256,129792,0,7040,21440,539840,359360,483328,461632,1215424,0,1280,534528,0,0,0,0,0,0,128,112704,320,91072,33408,0,0,0,121600,128,542,1251,1219603743,1018707898,1193984,0
1917,1677440,136256,130880,0,7872,21184,555520,357248,468480,446528,1230912,0,1472,550080,0,0,0,0,0,0,128,112448,384,91840,32128,0,0,0,120192,128,533,1236,3060986407,1423556904,1209728,0
1918,1676544,246976,130240,0,18816,14272,760064,357184,148992,124800,1551744,0,1408,754624,0,0,0,0,0,0,192,112512,448,91712,35520,0,0,0,116672,128,547,1260,1001892594,1697428897,1537472,0
1919,1116288,147648,130560,0,8064,14592,428992,348160,38272,17024,1099264,0,1344,423552,0,0,0,0,0,0,256,112640,384,92096,27840,0,0,0,114752,192,546,1256,2177303821,2284918459,1084672,0
1920,1677184,154496,129152,0,6976,14400,548928,348480,474752,453504,1223680,0,1408,543488,0,0,0,0,0,0,128,112768,384,92032,27200,0,0,0,115840,128,531,1229,1907064704,3213913089,1209280,0
1921,1677056,238336,128896,0,5632,35200,670016,364160,234816,207936,1469120,0,1408,664576,0,0,0,0,0,0,192,113344,384,91392,39872,0,0,0,118848,128,543,1268,3275733901,590997000,1433920,0
1922,1676736,149120,129088,0,12672,14336,738816,356032,276672,255232,1421504,0,1280,733248,0,0,0,0,0,0,128,112192,448,89920,37056,0,0,0,116160,128,540,1245,1705992744,3235430807,1407168,0
1923,1677312,134720,131136,0,8384,14336,654080,355520,379136,357504,1319808,0,1408,648640,0,0,0,0,0,0,192,112448,448,92096,34112,0,0,0,116096,128,537,1240,3797891621,300928341,1305472,0
1924,1676864,135168,130304,0,9024,14144,649152,351232,387840,366144,1310720,0,1472,643712,0,0,0,0,0,0,192,114048,384,91712,27776,0,0,0,116992,128,538,1239,922815105,3879160806,1296576,0
1925,1676928,154816,130112,0,8064,14336,729664,348608,291328,270080,1406848,0,1408,724288,0,0,0,0,0,0,256,111296,448,91648,27712,0,0,0,117120,128,545,1255,1540556879,3880790449,1392512,0
1926,1677184,165568,131072,0,6592,14080,671040,348864,339968,318336,1358848,0,1408,665664,0,0,0,0,0,0,256,112512,448,91648,27520,0,0,0,116352,128,544,1253,474159581,2541273131,1344768,0
1927,1676992,147264,129344,0,8384,14720,575040,358528,443712,422464,1254528,0,1344,569472,0,0,0,0,0,0,320,113088,512,92032,35904,0,0,0,116544,128,529,1238,1624935817,72947451,1239808,0
1928,1676736,181440,129216,0,13824,10240,805184,358912,177920,156480,1520256,0,1408,799744,0,0,0,0,0,0,192,112448,384,91136,38656,0,0,0,115968,128,528,1232,1040413730,4260493244,1510016,0
1929,1675456,176384,129600,0,5312,9920,674176,353856,326208,306816,1368640,0,1408,668864,0,0,0,0,0,0,192,112448,384,91264,33792,0,0,0,115648,128,538,1253,625981556,860758514,1358720,0
1930,1676928,166592,130048,0,5376,9984,645760,353728,365440,345984,1330944,0,1344,640256,0,0,0,0,0,0,192,112192,384,91456,34304,0,0,0,115072,128,537,1244,3411784624,3059962283,1320960,0
1931,1677056,167040,129536,0,6592,9984,653056,348992,361856,342144,1334912,0,1408,647744,0,0,0,0,0,0,320,112256,320,91712,28160,0,0,0,116096,128,527,1216,1330117658,3048745879,1324928,0
1932,1677184,167424,129280,0,7616,31680,658304,357952,324928,305088,1372096,0,1408,652992,0,0,0,0,0,0,320,112896,448,92032,35456,0,0,0,116608,192,531,1223,2262493328,3457992807,1340416,0
1933,1676736,172928,129280,0,13760,10560,775296,355648,219264,199808,1476928,0,1344,769792,0,0,0,0,0,0,192,112704,448,92032,34496,0,0,0,115648,128,533,1219,3660463491,125493689,1466368,0
1934,1676736,166016,130368,0,5376,9920,650432,355712,358912,339584,1337152,0,1280,645056,0,0,0,0,0,0,128,112832,448,91840,34368,0,0,0,115968,128,533,1215,3812998351,3517134060,1327232,0
1935,1677312,166400,131328,0,5440,10240,634496,348864,380544,360768,1316544,0,1408,629184,0,0,0,0,0,0,256,112896,448,91136,27904,0,0,0,116032,192,533,1214,3186536119,2486206699,1306304,0
1936,1678144,166208,129280,0,6400,14400,643264,349504,369088,347968,1330176,0,1344,637824,0,0,0,0,0,0,192,112896,448,91712,28160,0,0,0,115904,192,536,1218,876550416,437947767,1315776,0
1937,1677184,172864,129600,0,14720,29568,730624,348224,251584,224320,1452864,0,1408,725184,0,0,0,0,0,0,256,112064,320,91200,25856,0,0,0,118400,128,531,1205,3842532499,2651302939,1423296,0
1938,1677056,166528,130304,0,7552,14528,655552,357312,345280,323776,1353280,0,1408,650240,0,0,0,0,0,0,128,113408,320,91008,33856,0,0,0,118464,128,525,1204,3823823050,655544887,1338752,0
1939,1677120,166144,129152,0,7744,13888,639296,354112,366784,345344,1331776,0,1408,633984,0,0,0,0,0,0,256,113280,384,91712,32832,0,0,0,115520,128,524,1204,2685277683,3550742425,1317888,0
1940,1676992,167104,129984,0,5120,14336,624960,353088,382400,361280,1315712,0,1472,619648,0,0,0,0,0,0,256,112128,384,91520,32192,0,0,0,116480,128,521,1192,3917012881,1210571624,1301376,0
1941,1676672,174144,130304,0,5056,14080,724864,341568,286656,265344,1411328,0,1280,719360,0,0,0,0,0,0,256,112192,384,90816,22528,0,0,0,115264,128,525,1196,1162180798,849352661,1397248,0
1942,1677120,173120,130432,0,5120,35968,712768,347648,272064,250496,1426624,0,1408,707456,0,0,0,0,0,0,192,112384,448,91712,26944,0,0,0,115840,128,515,1177,1457619756,828316613,1390656,0
1943,1676864,184640,129152,0,5184,14336,732544,349056,261952,240448,1436416,0,1408,727168,0,0,0,0,0,0,320,112192,448,92096,26816,0,0,0,117056,128,514,1176,2305682819,3724621410,1422080,0
1944,1677056,177024,129088,0,5120,14016,689472,357760,304576,283392,1393664,0,1408,684032,0,0,0,0,0,0,192,112640,384,91392,35072,0,0,0,117952,128,520,1191,2620805166,2430754412,1379648,0
1945,1676672,165824,129984,0,5120,14080,668544,352128,340992,319808,1356864,0,1344,663104,0,0,0,0,0,0,320,112320,384,91328,30336,0,0,0,117312,128,523,1191,4190504127,2004198788,1342784,0
1946,1677120,184832,129536,0,5120,13824,675520,347648,320640,299520,1377600,0,1472,670080,0,0,0,0,0,0,192,112448,320,91712,24000,0,0,0,118848,128,506,1157,1427172282,3632104079,1363776,0
1947,1677056,146560,129472,0,5120,14016,507456,345408,529024,507520,1169536,0,1408,502144,0,0,0,0,0,0,192,111872,448,91392,23488,0,0,0,117888,128,513,1172,3224489492,485280705,1155520,0
1948,1676672,148736,130816,0,5184,13824,610112,353920,414080,392832,1283840,0,1408,604672,0,0,0,0,0,0,320,112832,384,91648,32064,0,0,0,116544,128,498,1147,2213543655,3309021685,1270016,0
1949,1677184,164096,129856,0,25408,14208,777600,406080,159936,138368,1538816,0,1408,772096,0,0,0,0,0,0,44032,112512,640,91072,35264,0,0,0,122432,128,508,1180,732973734,4014975843,1524608,0
1950,1676800,180288,130624,0,12032,15040,668096,407488,263232,241664,1435136,0,1344,662784,0,0,0,0,0,0,44288,112768,576,91520,37184,0,0,0,121024,128,517,1194,4288238950,4159489383,1420096,0
1951,1676928,135232,129920,0,5440,14656,525888,394368,471424,450240,1226688,0,1344,520512,0,0,0,0,0,0,43776,112960,576,91456,25728,0,0,0,119680,192,527,1212,3083155660,2887011434,1212032,0
1952,1676864,145600,132736,0,5504,14720,528384,380736,469184,447424,1229440,0,1408,523072,0,0,0,0,0,0,43840,111936,576,91008,14208,0,0,0,119040,128,531,1206,2464919987,3238038143,1214720,0
1953,1677184,146880,129728,0,6528,35904,540416,383168,434560,407616,1269568,0,1344,535040,0,0,0,0,0,0,44352,112512,640,91072,14528,0,0,0,119872,192,530,1203,2495623127,1231444686,1233664,0
1954,1676672,134976,130560,0,7680,14528,519232,382528,487168,465536,1211136,0,1408,513984,0,0,0,0,0,0,44352,112576,576,90880,14464,0,0,0,119552,128,526,1191,697205623,4233052894,1196608,0
1955,1676928,182208,130240,0,13824,14592,701696,394752,239616,218176,1458752,0,1408,696320,0,0,0,0,0,0,44352,112768,512,92288,24000,0,0,0,120704,128,522,1186,3411011988,1192599920,1444160,0
1956,1677056,150656,130432,0,5248,14656,648896,401856,325312,304064,1372992,0,1408,643520,0,0,0,0,0,0,44032,112960,576,91008,31936,0,0,0,121216,128,531,1206,1112646721,1246153770,1358336,0
1957,1677120,149952,130368,0,5184,14400,641920,399744,335552,314432,1362688,0,1408,636416,0,0,0,0,0,0,44160,112768,640,90688,30720,0,0,0,120640,128,531,1202,2689502962,649471184,1348288,0
1958,1676800,161024,132800,0,5248,14272,687808,405248,270400,249088,1427712,0,1472,682432,0,0,0,0,0,0,44288,123136,512,91776,23552,0,0,0,121856,128,531,1201,3016165982,2764575563,1413440,0
1959,1676736,157760,130624,0,11776,15104,739776,389568,232128,210816,1465920,0,1344,734272,0,0,0,0,0,0,43456,112000,512,91840,23552,0,0,0,118080,128,548,1238,2962989406,3250019182,1450816,0
1960,1676928,150528,129600,0,7744,14464,651840,392448,330304,308928,1368000,0,1408,646336,0,0,0,0,0,0,44352,113216,448,92096,23744,0,0,0,118464,128,536,1204,3254775815,2141459398,1353536,0
1961,1676864,169536,129216,0,6592,14848,770752,400640,185280,164224,1512640,0,1408,765184,0,0,0,0,0,0,44160,111808,576,92480,31936,0,0,0,119552,128,530,1197,813110566,2995361795,1497792,0
1962,1676864,139840,131328,0,5376,14464,655488,397824,332544,311168,1365696,0,1408,649984,0,0,0,0,0,0,43840,113408,576,91008,30400,0,0,0,118464,128,543,1218,3785427522,1522886517,1351232,0
1963,1676928,194240,130688,0,14080,31872,779520,389760,136768,115136,1561792,0,1408,774016,0,0,0,0,0,0,44544,113664,640,92032,22912,0,0,0,115840,128,541,1221,2628348009,1616458433,1529920,0
1964,1675392,163392,130688,0,5248,10176,600064,378944,386880,367296,1308096,0,1408,594752,0,0,0,0,0,0,43712,113344,512,91264,13696,0,0,0,116288,128,531,1204,3243250650,943104884,1297920,0
1965,1676864,140416,130112,0,5312,10496,603072,379584,407872,388288,1288576,0,1344,597632,0,0,0,0,0,0,44096,113664,576,92352,13888,0,0,0,114880,128,538,1226,3065339242,2838797474,1278080,0
1966,2237120,220672,131008,0,5248,10560,951360,394496,523776,504384,1732736,0,1408,945984,0,0,0,0,0,0,44864,113024,640,92288,23936,0,0,0,119616,128,525,1200,2421933044,1849386211,1722176,0
1967,1676992,152000,129984,0,12608,26304,637248,391488,327360,307776,1369216,0,1344,631872,0,0,0,0,0,0,44160,113856,576,92544,21760,0,0,0,118464,128,527,1210,1429180567,1210521729,1342912,0
1968,1676928,150784,128960,0,5440,10304,602944,389248,389248,369536,1307392,0,1344,597504,0,0,0,0,0,0,43712,112960,576,92224,22208,0,0,0,117376,192,525,1212,259846759,3972428723,1297088,0
1969,1676736,197504,133376,0,5440,10176,610560,381376,338304,313600,1363136,0,1344,605120,0,0,0,0,0,0,44544,113216,640,91968,13824,0,0,0,117056,128,524,1216,2241528433,3251138650,1352960,0
1970,1676928,171776,129792,0,5504,10304,681024,379392,299136,279488,1397440,0,1408,675648,0,0,0,0,0,0,44160,112384,512,91008,13952,0,0,0,117248,128,529,1217,4008871224,2379658080,1387136,0
1971,1676928,147712,130688,0,5440,10368,602432,379328,400960,381184,1295744,0,1408,596992,0,0,0,0,0,0,43904,113408,640,91776,13824,0,0,0,115648,128,534,1224,2627306950,1291327228,1285376,0
1972,1676864,168256,130368,0,5376,10304,651712,389952,320896,301312,1375552,0,1344,646336,0,0,0,0,0,0,43904,112640,640,91712,23616,0,0,0,117312,128,537,1226,511240924,1209481977,1365248,0
1973,1676928,145600,131264,0,5376,31808,492992,387776,482112,462336,1214592,0,1472,487488,0,0,0,0,0,0,44032,112832,512,90688,21760,0,0,0,117824,128,534,1225,3604839215,562807403,1182784,0
