frame,ALL,FTR,STG,BG,AUD,HUD,SRC,MISC,OTHR,WAIT,WORK,SHDT,SWRM,GCRA,SCPU,SCAT,SPRM,SINT,SPHD,SPHC,MWPN,MITM,MEFX,MACT,MPRT,MTEX,MCAP,MPRO,MCAM,MFLS,GPOL,GVTX,DGSA,DGSB,WORK-H,WRAPFIX
2,18889856,0,0,0,17856,452224,153600,17891008,375168,334400,18552000,0,1088,148736,0,0,0,0,0,0,0,0,0,0,0,996352,99136,1728,17789952,192,168,510,2759665820,2759665820,18099776,0
3,1115392,0,0,0,3712,8128,154432,256704,692416,672512,439488,0,1024,149696,0,0,0,0,0,0,0,0,0,0,0,0,0,0,256576,128,168,510,2759665820,2759665820,431360,0
4,1116736,0,0,0,3840,8512,154048,248128,702208,681984,431424,0,1088,149440,0,0,0,0,0,0,0,0,0,0,0,0,0,0,247936,192,168,510,2759665820,2759665820,422912,0
5,1116480,0,0,0,3776,8320,153408,248256,702720,682560,430592,0,1024,148800,0,0,0,0,0,0,0,0,0,0,0,0,0,0,248128,128,168,510,2759665820,2759665820,422272,0
6,1116480,0,0,0,3840,8448,153792,249152,701248,681280,431808,0,1024,149184,0,0,0,0,0,0,0,0,0,0,0,0,0,0,249024,128,168,510,2759665820,2759665820,423360,0
7,1116544,0,0,0,4672,8320,152832,247616,703104,683136,430016,0,960,148416,0,0,0,0,0,0,0,0,0,0,0,0,0,0,247488,128,168,510,2759665820,2759665820,421696,0
8,1116544,0,0,0,3776,8384,155072,247488,701824,681600,431552,0,1088,150464,0,0,0,0,0,0,0,0,0,0,0,0,0,0,247360,128,168,510,2759665820,2759665820,423168,0
9,1116608,0,0,0,3904,8384,154304,247808,702208,682240,430912,0,1024,149824,0,0,0,0,0,0,0,0,0,0,0,0,0,0,247616,192,168,511,2759665820,2759665820,422528,0
10,1116416,0,0,0,3776,8320,153216,246976,704128,684288,428864,0,1088,148544,0,0,0,0,0,0,0,0,0,0,0,0,0,0,246848,128,168,511,2759665820,2759665820,420544,0
11,1116864,0,0,0,3904,8576,156800,245056,702528,682368,431040,0,1024,152192,0,0,0,0,0,0,0,0,0,0,0,0,0,0,244928,128,168,511,2759665820,2759665820,422464,0
12,1116608,0,0,0,3840,8384,155712,245056,703616,678080,435072,0,1024,151040,0,0,0,0,0,0,0,0,0,0,0,0,0,0,244928,128,168,511,2759665820,2759665820,426688,0
13,1116864,0,0,0,3840,8448,156224,244352,704000,683648,429824,0,1152,151424,0,0,0,0,0,0,0,0,0,0,0,0,0,0,244224,128,168,511,2759665820,2759665820,421376,0
14,1116416,0,0,0,3840,8640,155392,244096,704448,683968,428992,0,1024,150784,0,0,0,0,0,0,0,0,0,0,0,0,0,0,243968,128,168,511,2759665820,2759665820,420352,0
15,1116608,0,0,0,3776,8192,156352,244672,703616,683584,429696,0,960,151808,0,0,0,0,0,0,0,0,0,0,0,0,0,0,244544,128,168,511,2759665820,2759665820,421504,0
16,1116800,0,0,0,3840,8576,155520,244672,704192,684160,429248,0,1152,150720,0,0,0,0,0,0,0,0,0,0,0,0,0,0,244544,128,168,511,2759665820,2759665820,420672,0
17,1116736,0,0,0,3776,9408,156096,246976,700480,680192,433152,0,1024,151424,0,0,0,0,0,0,0,0,0,0,0,0,0,0,246848,128,168,511,2759665820,2759665820,423744,0
18,1116544,0,0,0,3840,8128,155712,244288,704576,684288,428992,0,1024,151104,0,0,0,0,0,0,0,0,0,0,0,0,0,0,244160,128,168,511,2759665820,2759665820,420864,0
19,1116736,0,0,0,3776,8512,155136,245056,704256,684160,429248,0,1088,150464,0,0,0,0,0,0,0,0,0,0,0,0,0,0,244928,128,168,511,2759665820,2759665820,420736,0
20,1116608,0,0,0,3840,8512,159104,243776,701376,681216,432000,0,1024,154496,0,0,0,0,0,0,0,0,0,0,0,0,0,0,243648,128,168,511,2759665820,2759665820,423488,0
21,1116416,0,0,0,3840,8512,159616,244672,699776,679936,433088,0,1024,154944,0,0,0,0,0,0,0,0,0,0,0,0,0,0,244544,128,168,517,2759665820,2759665820,424576,0
22,1116864,0,0,0,3840,8320,159040,245120,700544,680704,432768,0,1088,154368,0,0,0,0,0,0,0,0,0,0,0,0,0,0,244992,128,168,518,2759665820,2759665820,424448,0
23,1116544,0,0,0,3904,8384,159104,244800,700352,680576,432640,0,1152,154624,0,0,0,0,0,0,0,0,0,0,0,0,0,0,244672,128,168,518,2759665820,2759665820,424256,0
24,1116928,0,0,0,3904,8192,158208,243008,703616,683456,430144,0,1152,153664,0,0,0,0,0,0,0,0,0,0,0,0,0,0,242880,128,168,518,2759665820,2759665820,421952,0
25,1116480,0,0,0,3776,8320,157248,244800,702336,682368,430720,0,1024,152512,0,0,0,0,0,0,0,0,0,0,0,0,0,0,244672,128,168,518,2759665820,2759665820,422400,0
26,1116544,0,0,0,3776,8320,157376,245056,702016,681984,431232,0,1088,152704,0,0,0,0,0,0,0,0,0,0,0,0,0,0,244928,128,168,523,2759665820,2759665820,422912,0
27,1116608,0,0,0,3840,8576,158784,244800,700608,680576,432640,0,1024,154112,0,0,0,0,0,0,0,0,0,0,0,0,0,0,244608,192,168,523,2759665820,2759665820,424064,0
28,1116480,0,0,0,3712,8704,154048,244608,705408,680192,432896,0,1088,149376,0,0,0,0,0,0,0,0,0,0,0,0,0,0,244480,128,168,526,2759665820,2759665820,424192,0
29,1117056,0,0,0,4736,8448,155264,244224,704384,684352,429248,0,960,150656,0,0,0,0,0,0,0,0,0,0,0,0,0,0,244096,128,168,526,2759665820,2759665820,420800,0
30,1116544,0,0,0,3904,8320,159168,245184,699968,679872,433280,0,1088,154240,0,0,0,0,0,0,0,0,0,0,0,0,0,0,245056,128,168,526,2759665820,2759665820,424960,0
31,1116672,0,0,0,3776,8192,156800,244928,702976,682880,430464,0,1024,152128,0,0,0,0,0,0,0,0,0,0,0,0,0,0,244736,192,166,520,2759665820,2759665820,422272,0
32,1116800,0,0,0,3840,9472,152960,244672,705856,685568,427840,0,960,148416,0,0,0,0,0,0,0,0,0,0,0,0,0,0,244480,192,163,509,2759665820,2759665820,418368,0
33,1116544,0,0,0,3712,8320,156992,247360,700160,680128,433024,0,960,152384,0,0,0,0,0,0,0,0,0,0,0,0,0,0,247232,128,163,509,2759665820,2759665820,424704,0
34,1116416,0,0,0,3776,8704,155840,244736,703360,683392,429568,0,960,151232,0,0,0,0,0,0,0,0,0,0,0,0,0,0,244608,128,162,508,2759665820,2759665820,420864,0
35,1116736,0,0,0,3840,8640,156160,245248,702848,682624,430784,0,1024,151488,0,0,0,0,0,0,0,0,0,0,0,0,0,0,245120,128,160,503,2759665820,2759665820,422144,0
36,1116736,0,0,0,3840,8576,155776,243648,704896,684864,428480,0,1088,151040,0,0,0,0,0,0,0,0,0,0,0,0,0,0,243520,128,160,503,2759665820,2759665820,419904,0
37,1116992,0,0,0,3776,8320,157312,244608,702976,682816,430848,0,1152,152512,0,0,0,0,0,0,0,0,0,0,0,0,0,0,244416,192,160,502,2759665820,2759665820,422528,0
38,1116480,0,0,0,3840,8192,157632,244096,702720,682624,430528,0,1024,152960,0,0,0,0,0,0,0,0,0,0,0,0,0,0,243968,128,160,502,2759665820,2759665820,422336,0
39,1116608,0,0,0,3776,8576,157056,245056,702144,682496,430720,0,960,152384,0,0,0,0,0,0,0,0,0,0,0,0,0,0,244864,192,160,506,2759665820,2759665820,422144,0
40,1116864,0,0,0,3840,8064,155776,243520,705664,685376,428160,0,1152,151168,0,0,0,0,0,0,0,0,0,0,0,0,0,0,243392,128,160,506,2759665820,2759665820,420096,0
41,1116736,0,0,0,3840,8128,182336,244352,678080,658048,455232,0,1088,177472,0,0,0,0,0,0,0,0,0,0,0,0,0,0,244224,128,160,506,2759665820,2759665820,447104,0
42,1116480,0,0,0,3968,8512,168192,245184,690624,670656,442368,0,1088,163392,0,0,0,0,0,0,0,0,0,0,0,0,0,0,245056,128,160,506,2759665820,2759665820,433856,0
43,1116480,0,0,0,3840,8704,157888,245248,700800,680896,432192,0,1024,153152,0,0,0,0,0,0,0,0,0,0,0,0,0,0,245120,128,160,506,2759665820,2759665820,423488,0
44,1116928,0,0,0,3776,8384,156416,244736,703616,678016,435520,0,1088,151616,0,0,0,0,0,0,0,0,0,0,0,0,0,0,244608,128,160,506,2759665820,2759665820,427136,0
45,1116480,0,0,0,3840,8704,155520,244608,703808,683840,429248,0,1088,150848,0,0,0,0,0,0,0,0,0,0,0,0,0,0,244480,128,158,500,2759665820,2759665820,420544,0
46,1116672,0,0,0,3904,8256,156480,244288,703744,683648,429696,0,1024,151744,0,0,0,0,0,0,0,0,0,0,0,0,0,0,244160,128,158,500,2759665820,2759665820,421440,0
47,1117632,0,0,0,3840,10176,516160,309952,277504,251392,862720,116992,1344,510976,285248,0,132672,0,0,1,0,0,0,0,0,0,26688,128,283008,128,187,596,128978106,128978106,852544,0
48,1115840,0,0,0,3840,8640,179904,305792,617664,590912,521472,0,1280,175040,0,0,0,0,0,0,0,0,0,0,0,0,0,0,305664,128,187,596,128978106,128978106,512832,0
49,1117120,0,0,0,3904,8704,181568,299840,623104,596096,517504,0,1344,176640,0,0,0,0,0,0,0,0,0,0,0,0,0,0,299712,128,189,603,128978106,128978106,508800,0
50,1116352,0,0,0,3776,8704,180608,297472,625792,599616,513216,0,1280,175680,0,0,0,0,0,0,0,0,0,0,0,0,0,0,297344,128,191,609,128978106,128978106,504512,0
51,1116736,0,0,0,5504,8832,193280,297984,611136,584832,528384,0,1472,188224,0,0,0,0,0,0,0,0,0,0,0,0,0,0,297792,192,191,609,128978106,128978106,519552,0
52,1116736,0,0,0,3776,8768,181248,297472,625472,600128,513152,0,1408,176064,0,0,0,0,0,0,0,0,0,0,0,0,0,0,297344,128,191,605,128978106,128978106,504384,0
53,1116672,0,0,0,3840,8640,181568,297664,624960,599168,513984,0,1408,176576,0,0,0,0,0,0,0,0,0,0,0,0,0,0,297536,128,189,599,128978106,128978106,505344,0
54,1116608,0,0,0,3840,8704,183040,296704,624320,599040,514112,0,1408,177984,0,0,0,0,0,0,0,0,0,0,0,0,0,0,296512,192,186,589,128978106,128978106,505408,0
55,1116736,0,0,0,3712,8768,180992,297280,625984,600384,512832,0,1280,176192,0,0,0,0,0,0,0,0,0,0,0,0,0,0,297152,128,189,597,128978106,128978106,504064,0
56,1116544,0,0,0,3840,8704,183744,297472,622784,597568,515520,0,1344,178880,0,0,0,0,0,0,0,0,0,0,0,0,0,0,297344,128,189,597,128978106,128978106,506816,0
57,1117248,0,0,0,3840,8640,182912,297472,624384,598656,515136,0,1280,177984,0,0,0,0,0,0,0,0,0,0,0,0,0,0,297344,128,189,597,128978106,128978106,506496,0
58,1116288,0,0,0,3712,8832,182208,296448,625088,599936,512896,0,1216,177216,0,0,0,0,0,0,0,0,0,0,0,0,0,0,296320,128,186,588,128978106,128978106,504064,0
59,1116480,0,0,0,3840,8576,184576,297728,621760,596544,516608,0,1408,179648,0,0,0,0,0,0,0,0,0,0,0,0,0,0,297600,128,189,596,128978106,128978106,508032,0
60,1116672,0,0,0,3840,8832,184192,297792,622016,591616,521536,0,1280,179200,0,0,0,0,0,0,0,0,0,0,0,0,0,0,297664,128,189,596,128978106,128978106,512704,0
61,1116864,0,0,0,3904,8704,188032,297408,618816,593920,519424,0,1408,182784,0,0,0,0,0,0,0,0,0,0,0,0,0,0,297280,128,191,601,128978106,128978106,510720,0
62,1116416,0,0,0,3840,8704,182080,302912,618880,593920,518976,0,1344,177024,0,0,0,0,0,0,0,0,0,0,0,0,0,0,302784,128,189,605,128978106,128978106,510272,0
63,1116736,0,0,0,3776,9920,177664,306368,619008,594496,518784,0,1344,172608,0,0,0,0,0,0,0,0,0,0,0,0,0,0,306240,128,166,546,128978106,128978106,508864,0
64,1116544,0,0,0,3712,8640,175872,303680,624640,599744,513408,0,1280,170944,0,0,0,0,0,0,0,0,0,0,0,0,0,0,303552,128,138,447,128978106,128978106,504768,0
65,1116736,0,0,0,3840,8512,177152,304384,622848,598336,515072,0,1408,172096,0,0,0,0,0,0,0,0,0,0,0,0,0,0,304256,128,132,431,128978106,128978106,506560,0
66,1116672,0,0,0,3840,8448,175616,304064,624704,600256,513024,0,1408,170560,0,0,0,0,0,0,0,0,0,0,0,0,0,0,303936,128,119,389,128978106,128978106,504576,0
67,1116800,0,0,0,3904,8512,177920,304448,622016,597184,516224,0,1472,172800,0,0,0,0,0,0,0,0,0,0,0,0,0,0,304320,128,109,358,128978106,128978106,507712,0
68,1116480,0,0,0,3840,8640,174592,303552,625856,601536,511424,0,1344,169600,0,0,0,0,0,0,0,0,0,0,0,0,0,0,303424,128,94,308,128978106,128978106,502784,0
69,1116608,0,0,0,3840,8704,173504,303936,626624,602240,510976,0,1408,168256,0,0,0,0,0,0,0,0,0,0,0,0,0,0,303808,128,87,286,128978106,128978106,502272,0
70,1116544,0,0,0,3904,8384,176192,302784,625280,601088,512128,0,1344,171200,0,0,0,0,0,0,0,0,0,0,0,0,0,0,302656,128,90,295,128978106,128978106,503744,0
71,1116672,0,0,0,3840,8576,176576,303296,624384,600128,513088,0,1280,171648,0,0,0,0,0,0,0,0,0,0,0,0,0,0,303104,192,88,288,128978106,128978106,504512,0
72,1116672,0,0,0,3904,8704,174912,303680,625472,601024,512128,0,1408,169856,0,0,0,0,0,0,0,0,0,0,0,0,0,0,303552,128,88,289,128978106,128978106,503424,0
73,1116736,0,0,0,3840,8768,176384,314752,612992,588672,524672,0,1408,171328,0,0,0,0,0,0,0,0,0,0,0,0,0,0,314560,192,83,271,128978106,128978106,515904,0
74,1116608,0,0,0,4672,8640,175616,302912,624768,600192,513024,0,1344,170560,0,0,0,0,0,0,0,0,0,0,0,0,0,0,302784,128,78,255,128978106,128978106,504384,0
75,1117248,0,0,0,10944,8576,252288,324032,521408,496960,616768,0,1472,246848,0,0,0,0,0,0,0,0,0,0,0,0,0,0,323904,128,81,268,128978106,516974304,608192,0
76,1116096,0,0,0,4096,8640,184896,319488,598976,568896,543744,0,1344,179776,0,0,0,0,0,0,0,0,0,0,0,0,0,0,319360,128,79,261,516974304,516974304,535104,0
77,1117248,0,0,0,4096,8384,181248,769600,153920,118720,995072,0,1280,176128,0,0,0,0,0,0,0,0,0,0,0,0,0,0,769472,128,163,455,516974304,516974304,986688,0
78,1676864,0,0,0,10304,10048,683712,811392,161408,137536,1535744,131456,1344,678656,416192,0,249728,0,0,1,0,0,0,0,0,0,25856,64,785344,128,165,462,923962499,126326256,1525696,0
79,1116480,0,0,0,4096,8640,203008,386880,513856,489856,623168,0,1408,197952,0,0,0,0,0,0,0,0,0,0,0,0,0,0,386752,128,166,467,126326256,953108086,614528,0
80,1116736,0,0,0,4096,8768,192832,376576,534464,510656,602560,0,1344,187776,0,0,0,0,0,0,0,0,0,0,0,0,0,0,376448,128,163,487,953108086,953108086,593792,0
81,1116608,0,0,0,4096,8768,228864,379008,495872,471680,641408,0,1344,223680,0,0,0,0,0,0,0,0,0,0,0,0,0,0,378880,128,157,473,953108086,2616801449,632640,0
82,1116736,0,0,0,4096,8256,210112,382464,511808,487360,625920,0,1408,205056,0,0,0,0,0,0,0,0,0,0,0,0,0,0,382336,128,152,478,2616801449,1510275768,617664,0
83,1116608,0,0,0,4032,8704,193088,386624,524160,500096,613056,0,1408,188096,0,0,0,0,0,0,0,0,0,0,0,0,0,0,386496,128,125,400,1510275768,1510275768,604352,0
84,1116416,0,0,0,4032,8576,191808,379072,532928,508928,604032,0,1344,186752,0,0,0,0,0,0,0,0,0,0,0,0,0,0,378944,128,109,362,1510275768,1510275768,595456,0
85,1116800,0,0,0,4224,8768,192256,378368,533184,509248,604160,0,1408,187200,0,0,0,0,0,0,0,0,0,0,0,0,0,0,378240,128,106,355,1510275768,1510275768,595392,0
86,1116480,0,0,0,4032,8704,192320,372288,539136,515648,597376,0,1280,187200,0,0,0,0,0,0,0,0,0,0,0,0,0,0,372160,128,102,339,1510275768,1510275768,588672,0
87,1116800,0,0,0,4160,8768,192128,369792,541952,518144,595264,0,1344,186944,0,0,0,0,0,0,0,0,0,0,0,0,0,0,369664,128,96,322,1510275768,1510275768,586496,0
88,1116800,0,0,0,4160,8640,193152,358400,552448,528384,584960,0,1408,188160,0,0,0,0,0,0,0,0,0,0,0,0,0,0,358272,128,87,292,1510275768,1510275768,576320,0
89,1116416,0,0,0,4032,8576,192128,358144,553536,529664,583360,0,1216,187200,0,0,0,0,0,0,0,0,0,0,0,0,0,0,357952,192,80,266,1510275768,1510275768,574784,0
90,1116736,0,0,0,4160,8576,190656,360128,553216,529280,584064,0,1408,185600,0,0,0,0,0,0,0,0,0,0,0,0,0,0,360000,128,71,238,1510275768,1510275768,575488,0
91,1116672,0,0,0,4096,8576,192768,358144,553088,528832,584384,0,1344,187648,0,0,0,0,0,0,0,0,0,0,0,0,0,0,358016,128,80,268,1510275768,624866014,575808,0
92,1116608,0,0,0,4032,8512,194560,357248,552256,522560,590592,0,1344,189696,0,0,0,0,0,0,0,0,0,0,0,0,0,0,357120,128,83,275,624866014,624866014,582080,0
93,1116800,0,0,0,4096,8448,193472,358336,552448,528448,585024,0,1344,188480,0,0,0,0,0,0,0,0,0,0,0,0,0,0,358208,128,104,342,624866014,624866014,576576,0
94,1116672,0,0,0,4096,9984,189952,809024,103616,69376,1043840,0,1408,184896,0,0,0,0,0,0,0,0,0,0,0,0,0,0,808896,128,199,599,624866014,624866014,1033856,0
95,1116288,0,0,0,4864,8512,203840,790528,108544,84480,1028352,0,1408,198848,0,0,0,0,0,0,0,0,0,0,0,0,0,0,790400,128,219,581,624866014,624866014,1019840,0
96,1116672,0,0,0,4160,8768,191808,391232,520704,496960,616320,0,1280,186624,0,0,0,0,0,0,0,0,0,0,0,0,0,0,391104,128,225,595,624866014,624866014,607552,0
97,1116992,0,0,0,3968,8768,196416,392576,515264,491264,622272,0,1408,191360,0,0,0,0,0,0,0,0,0,0,0,0,0,0,392384,192,232,612,624866014,624866014,613504,0
98,1116416,0,0,0,3968,8896,197952,391296,514304,490496,622400,0,1344,193088,0,0,0,0,0,0,0,0,0,0,0,0,0,0,391104,192,238,636,624866014,624866014,613504,0
99,1116672,0,0,0,4096,8512,193024,393024,518016,494080,619136,0,1472,187904,0,0,0,0,0,0,0,0,0,0,0,0,0,0,392896,128,233,617,624866014,624866014,610624,0
100,1116672,0,0,0,5120,8896,194816,355584,552256,528320,584832,0,1472,189760,0,0,0,0,0,0,0,0,0,0,0,0,0,0,355392,192,206,532,624866014,624866014,575936,0
101,1116672,0,0,0,6016,8448,197568,354496,550144,526080,587136,0,1280,192640,0,0,0,0,0,0,0,0,0,0,0,0,0,0,354368,128,202,521,624866014,624866014,578688,0
102,1116800,0,0,0,6272,8576,198592,354752,548608,524352,588928,0,1408,193472,0,0,0,0,0,0,0,0,0,0,0,0,0,0,354560,192,197,508,624866014,624866014,580352,0
103,1116608,0,0,0,6016,8704,198592,356800,546496,522560,590528,0,1280,193792,0,0,0,0,0,0,0,0,0,0,0,0,0,0,356608,192,192,496,624866014,624866014,581824,0
104,1116608,0,0,0,5184,8448,192704,354688,555584,531712,581440,0,1344,187712,0,0,0,0,0,0,0,0,0,0,0,0,0,0,354560,128,193,501,624866014,624866014,572992,0
105,1116864,0,0,0,3904,8128,193664,354240,556928,532800,580672,0,1344,188480,0,0,0,0,0,0,0,0,0,0,0,0,0,0,354112,128,190,485,624866014,624866014,572544,0
106,1116672,0,0,0,3840,8640,195840,356160,552192,527936,585280,0,1344,190848,0,0,0,0,0,0,0,0,0,0,0,0,0,0,356032,128,190,486,624866014,624866014,576640,0
107,1117056,0,0,0,9152,9024,301696,350592,446592,421696,691712,4864,1408,296576,44352,0,9792,0,0,1,0,0,0,0,0,0,22016,128,328320,128,191,484,1340616787,1340616787,682688,0
108,1115968,0,0,0,4096,8704,207552,350848,544768,514688,597696,0,1472,202368,0,0,0,0,0,0,0,0,0,0,0,0,0,0,350720,128,188,485,1340616787,1340616787,588992,0
109,1676928,0,0,0,4096,10112,846336,425792,390592,366592,1306688,165312,1344,841280,534016,0,318528,0,0,1,0,0,0,0,0,0,39168,448,385984,192,189,480,3229363588,3309672797,1296576,0
110,1116672,0,0,0,4032,8704,247168,416640,440128,415936,697280,0,1344,242112,0,0,0,0,0,0,0,0,0,0,0,0,0,0,416512,128,187,475,2206423361,2567626470,688576,0
111,1116416,0,0,0,4096,8896,248448,415360,439616,415552,697280,0,1344,243328,0,0,0,0,0,0,0,0,0,0,0,0,0,0,415232,128,190,480,2287890482,3817635584,688384,0
112,1116736,0,0,0,4032,8704,246784,415616,441600,417728,695424,0,1344,241664,0,0,0,0,0,0,0,0,0,0,0,0,0,0,415488,128,191,479,3316236619,4143479320,686720,0
113,1116480,0,0,0,4032,8960,249984,415616,437888,413824,699136,0,1344,244672,0,0,0,0,0,0,0,0,0,0,0,0,0,0,415488,128,189,481,2388229250,4069926686,690176,0
114,1116864,0,0,0,4032,8768,250752,417792,435520,411392,701952,0,1344,245760,0,0,0,0,0,0,0,0,0,0,0,0,0,0,417664,128,185,475,805118494,4050703176,693184,0
115,1116736,0,0,0,3968,8320,251328,414144,438976,414976,698304,0,1280,246208,0,0,0,0,0,0,0,0,0,0,0,0,0,0,414016,128,186,476,3645057416,131635295,689984,0
116,1116416,0,0,0,4032,8576,250112,416448,437248,413504,699456,0,1408,244864,0,0,0,0,0,0,0,0,0,0,0,0,0,0,416320,128,194,495,2945048607,142499650,690880,0
117,1117312,0,0,0,4864,8640,252288,416256,435264,410560,703232,0,1408,247168,0,0,0,0,0,0,0,0,0,0,0,0,0,0,416128,128,190,487,3313589963,3594241725,694592,0
118,1115968,0,0,0,3968,8896,254976,416384,431744,407744,704640,0,1344,249792,0,0,0,0,0,0,0,0,0,0,0,0,0,0,416256,128,188,483,2823235438,2605548469,695744,0
119,1116800,0,0,0,4096,8768,250368,417152,436416,412096,701248,0,1408,245248,0,0,0,0,0,0,0,0,0,0,0,0,0,0,417024,128,189,486,3927929734,3635663545,692480,0
120,1116672,0,0,0,4032,8704,249088,415168,439680,415168,698048,0,1408,243904,0,0,0,0,0,0,0,0,0,0,0,0,0,0,415040,128,189,486,3847654826,3338081490,689344,0
121,1116608,0,0,0,4096,8512,265920,415744,422336,398464,714624,0,1408,260736,0,0,0,0,0,0,0,0,0,0,0,0,0,0,415616,128,189,490,4140460609,1466479121,706112,0
122,1116672,0,0,0,4096,8576,249664,416064,438272,414208,698816,0,1408,244544,0,0,0,0,0,0,0,0,0,0,0,0,0,0,415936,128,183,480,2836929548,847273258,690240,0
123,1116608,0,0,0,4096,8512,248192,414656,441152,417216,695808,0,1344,243072,0,0,0,0,0,0,0,0,0,0,0,0,0,0,414528,128,182,477,3156142336,1429562601,687296,0
124,1116544,0,0,0,10624,10176,295744,416448,383552,354368,758656,0,1472,290432,0,0,0,0,0,0,0,0,0,0,0,0,0,0,416256,192,177,451,1800453874,125318887,748480,0
125,1116864,0,0,0,4096,8768,248000,418176,437824,413696,699648,0,1408,243008,0,0,0,0,0,0,0,0,0,0,0,0,0,0,418048,128,160,420,2039993132,1330917430,690880,0
126,1676864,0,0,0,3968,8576,251264,1113472,299584,248832,1424512,0,1408,246272,0,0,0,0,0,0,0,0,0,0,0,0,0,0,1113344,128,144,453,3773454296,2343855590,1415936,0
127,1676672,0,0,0,3968,8704,253184,1084288,326528,302528,1370624,0,1344,248128,0,0,0,0,0,0,0,0,0,0,0,0,0,0,1084096,192,199,560,2507521847,3999172871,1361920,0
128,1116544,0,0,0,3968,8768,250944,456192,396672,369792,743232,0,1408,245824,0,0,0,0,0,0,0,0,0,0,0,0,0,0,456064,128,195,495,3843220204,2859464008,734464,0
129,1116672,0,0,0,3968,8896,252480,422400,428928,404928,708160,0,1408,247232,0,0,0,0,0,0,0,0,0,0,0,0,0,0,422272,128,188,472,210827080,1468183434,699264,0
130,1116608,0,0,0,4032,8768,250432,441664,411712,387712,725376,0,1344,245440,0,0,0,0,0,0,0,0,0,0,0,0,0,0,441536,128,192,487,3556435032,2192477659,716608,0
131,1116544,0,0,0,4032,8640,252928,443328,407616,383360,729728,0,1344,247808,0,0,0,0,0,0,0,0,0,0,0,0,0,0,443200,128,188,479,3716306420,2386357709,721088,0
132,1116672,0,0,0,3968,8704,252160,424640,427200,403584,709504,0,1408,246976,0,0,0,0,0,0,0,0,0,0,0,0,0,0,424512,128,189,475,3720914040,610893618,700800,0
133,1116608,0,0,0,3968,8704,249728,422976,431232,407104,705920,0,1472,244672,0,0,0,0,0,0,0,0,0,0,0,0,0,0,422848,128,189,478,1417900025,3397686684,697216,0
134,1116864,0,0,0,3968,8448,251328,423104,430016,405760,707648,0,1408,246080,0,0,0,0,0,0,0,0,0,0,0,0,0,0,422976,128,188,477,3956397448,2047132559,699200,0
135,1116672,0,0,0,3968,8704,250560,424640,428800,404928,708224,0,1344,245440,0,0,0,0,0,0,0,0,0,0,0,0,0,0,424512,128,189,484,1264089955,1306609710,699520,0
136,1116608,0,0,0,3904,9024,251904,423808,427968,404096,708928,0,1344,246592,0,0,0,0,0,0,0,0,0,0,0,0,0,0,423680,128,199,523,1642855171,3649339949,699904,0
137,1116672,0,0,0,9344,8768,277952,425152,395456,370816,742208,0,1472,272768,0,0,0,0,0,0,0,0,0,0,0,0,0,0,425024,128,197,519,1733571802,2254355441,733440,0
138,1117248,0,0,0,5056,9856,318976,374720,408640,384256,729536,4928,1344,313792,40576,0,9216,0,0,1,0,0,0,0,0,0,18624,128,355840,128,194,512,2402351233,4055368550,719680,0
139,1116096,0,0,0,4160,8640,257984,374784,470528,445696,666880,0,1472,252864,0,0,0,0,0,0,0,0,0,0,0,0,0,0,374656,128,188,496,617637465,2473334676,658240,0
140,1116800,0,0,0,6656,8448,536320,407360,158016,128000,985216,98496,1408,531328,238592,0,103808,0,0,1,0,0,0,0,0,0,26816,576,379840,128,195,512,2794868432,4179078920,976768,0
141,1116352,0,0,0,5312,8896,276352,403968,421824,397888,714944,0,1344,271232,0,0,0,0,0,0,0,0,0,0,0,0,0,0,403840,128,188,491,3417130785,482639642,706048,0
142,1116864,0,0,0,4096,8512,274112,405632,424512,400256,713088,0,1408,269120,0,0,0,0,0,0,0,0,0,0,0,0,0,0,405504,128,189,500,2643176239,2464367947,704576,0
143,1116608,0,0,0,4096,8768,275840,406080,421824,397888,715200,0,1408,270656,0,0,0,0,0,0,0,0,0,0,0,0,0,0,405952,128,188,509,3740030164,2476369948,706432,0
144,1116672,0,0,0,4032,8512,276096,404672,423360,399488,713664,0,1280,270912,0,0,0,0,0,0,0,0,0,0,0,0,0,0,404544,128,190,510,1179090043,1244192511,705152,0
145,1116800,0,0,0,4096,8768,271104,406464,426368,402240,711040,0,1408,265984,0,0,0,0,0,0,0,0,0,0,0,0,0,0,406336,128,189,507,308699844,1809085596,702272,0
146,1116480,0,0,0,4096,8832,271232,406400,425920,401984,710912,0,1408,266176,0,0,0,0,0,0,0,0,0,0,0,0,0,0,406272,128,190,514,2927048761,2564439968,702080,0
147,1116672,0,0,0,4096,8448,274176,407104,422848,398848,714240,0,1408,269056,0,0,0,0,0,0,0,0,0,0,0,0,0,0,406976,128,190,513,662748693,3793210529,705792,0
148,1116736,0,0,0,4032,8640,275136,405888,423040,398848,714432,0,1408,270144,0,0,0,0,0,0,0,0,0,0,0,0,0,0,405760,128,191,513,3804334245,3442036904,705792,0
149,1116736,0,0,0,4032,8384,277376,404992,421952,397824,715456,0,1472,272000,0,0,0,0,0,0,0,0,0,0,0,0,0,0,404864,128,189,504,3885413011,590934516,707072,0
150,1116672,0,0,0,4160,8512,272576,405568,425856,401856,711232,0,1408,267520,0,0,0,0,0,0,0,0,0,0,0,0,0,0,405440,128,190,509,4111824128,1303100987,702720,0
151,1116480,0,0,0,4032,8512,277568,406208,420160,395968,716992,0,1344,272576,0,0,0,0,0,0,0,0,0,0,0,0,0,0,406080,128,191,504,1917988285,4105158004,708480,0
152,1676992,0,0,0,10240,9024,319360,1093568,244800,220864,1452416,0,1408,314176,0,0,0,0,0,0,0,0,0,0,0,0,0,0,1093440,128,197,514,551412766,119705016,1443392,0
153,1116352,0,0,0,4096,9728,276480,412224,413824,389696,723200,0,1408,271296,0,0,0,0,0,0,0,0,0,0,0,0,0,0,412096,128,208,538,3607537278,2253441858,713472,0
154,1116800,0,0,0,6208,8576,276544,412800,412672,388608,724544,0,1408,271296,0,0,0,0,0,0,0,0,0,0,0,0,0,0,412672,128,215,557,468095528,2201335698,715968,0
155,1116672,0,0,0,10496,8512,307584,419200,370880,346752,766400,0,1408,302400,0,0,0,0,0,0,0,0,0,0,0,0,0,0,419072,128,226,594,496890913,3808291803,757888,0
156,1116736,0,0,0,4352,8768,286016,455552,362048,331904,781312,0,1408,281152,0,0,0,0,0,0,0,0,0,0,0,0,0,0,455424,128,347,929,1650638808,3143514882,772544,0
157,1116416,0,0,0,4160,8768,285312,452480,365696,341568,771328,0,1408,280320,0,0,0,0,0,0,0,0,0,0,0,0,0,0,452352,128,384,970,1501057172,3262410427,762560,0
158,1116736,0,0,0,4032,8512,284608,450816,368768,344640,768640,0,1408,279552,0,0,0,0,0,0,0,0,0,0,0,0,0,0,450688,128,401,1030,1049291179,3806797416,760128,0
159,1116736,0,0,0,4160,8576,286144,506304,311552,287168,826048,0,1408,281088,0,0,0,0,0,0,0,0,0,0,0,0,0,0,506176,128,477,1272,248712048,2742898588,817472,0
160,1116800,0,0,0,4992,8704,275200,450880,377024,352960,760320,0,1408,270016,0,0,0,0,0,0,0,0,0,0,0,0,0,0,450752,128,372,941,3811962815,1126238902,751616,0
161,1116672,0,0,0,4096,8448,274752,576512,252864,212544,900608,0,1408,269440,0,0,0,0,0,0,0,0,0,0,0,0,0,0,576384,128,277,741,2499037542,426610920,892160,0
162,1116544,0,0,0,4096,8384,273920,520704,309440,285312,827648,0,1408,268928,0,0,0,0,0,0,0,0,0,0,0,0,0,0,520576,128,175,434,1348972568,923485235,819264,0
163,1116544,0,0,0,4160,8704,274112,399040,430528,406336,706688,0,1408,268864,0,0,0,0,0,0,0,0,0,0,0,0,0,0,398912,128,160,382,2793837754,1886503748,697984,0
164,1116864,0,0,0,4160,8640,273344,397696,433024,408640,704704,0,1344,268352,0,0,0,0,0,0,0,0,0,0,0,0,0,0,397568,128,151,351,4070607622,4176944365,696064,0
165,1116480,0,0,0,4160,8576,275712,408576,419456,395520,717504,0,1472,270528,0,0,0,0,0,0,0,0,0,0,0,0,0,0,408448,128,149,348,1629251832,2683820910,708928,0
166,1116864,0,0,0,4160,8640,273920,412416,417728,393536,719808,0,1408,268736,0,0,0,0,0,0,0,0,0,0,0,0,0,0,412288,128,148,352,880664894,3148667461,711168,0
167,1116672,0,0,0,10496,9152,300288,392576,404160,379840,733248,0,1344,295104,0,0,0,0,0,0,0,0,0,0,0,0,0,0,392448,128,142,350,3574724892,3024539323,724096,0
168,1116608,0,0,0,6272,9792,277376,391808,431360,406848,706304,0,1280,272192,0,0,0,0,0,0,0,0,0,0,0,0,0,0,391680,128,131,364,3079165759,1355725622,696512,0
169,1117376,0,0,0,6976,8704,344128,316736,440832,416064,697600,4864,1408,339008,47360,0,12096,0,0,1,0,0,0,0,0,0,20480,704,295424,128,51,175,1563389297,3667847392,688896,0
170,1115904,0,0,0,10112,9088,306240,304384,486080,461824,650112,0,1408,301056,0,0,0,0,0,0,0,0,0,0,0,0,0,0,304256,128,52,175,3784425140,694978027,641024,0
171,1116544,0,0,0,4224,8512,254464,290368,558976,534976,578112,0,1472,249280,0,0,0,0,0,0,0,0,0,0,0,0,0,0,290240,128,56,193,694978027,694978027,569600,0
172,1116800,0,0,0,4224,8768,254208,322560,527040,497408,615872,0,1344,249216,0,0,0,0,0,0,0,0,0,0,0,0,0,0,322432,128,153,372,694978027,694978027,607104,0
173,1116608,0,0,0,4224,8640,259200,318208,526336,502592,610496,0,1408,254080,0,0,0,0,0,0,0,0,0,0,0,0,0,0,318080,128,141,334,694978027,1737584548,601856,0
174,1116736,0,0,0,4096,8768,264128,326528,513216,488960,624192,0,1408,259200,0,0,0,0,0,0,0,0,0,0,0,0,0,0,326400,128,141,332,1737584548,1816639774,615424,0
175,1117056,0,0,0,4096,8512,252352,319040,533056,508416,605120,0,1408,247296,0,0,0,0,0,0,0,0,0,0,0,0,0,0,318912,128,139,374,1816639774,1816639774,596608,0
176,1116544,0,0,0,4160,8704,264512,319040,520128,496064,616960,0,1408,259520,0,0,0,0,0,0,0,0,0,0,0,0,0,0,318912,128,114,331,1816639774,3090215486,608256,0
177,1117056,0,0,0,4160,8384,274240,323712,506560,481856,631744,0,1408,269248,0,0,0,0,0,0,0,0,0,0,0,0,0,0,323584,128,88,277,3090215486,2769679841,623360,0
178,1116224,0,0,0,4160,8704,258432,326592,518336,494144,618560,0,1408,253184,0,0,0,0,0,0,0,0,0,0,0,0,0,0,326464,128,77,257,2769679841,2769679841,609856,0
179,1116480,0,0,0,4224,8576,262848,320896,519936,496064,616896,0,1536,257664,0,0,0,0,0,0,0,0,0,0,0,0,0,0,320704,192,62,208,2769679841,2769679841,608320,0
180,1116608,0,0,0,6272,8896,254016,320704,526720,503040,610048,0,1472,248768,0,0,0,0,0,0,0,0,0,0,0,0,0,0,320576,128,59,199,2769679841,2769679841,601152,0
181,1116608,0,0,0,5376,8704,253312,313728,535488,511808,601216,0,1408,248128,0,0,0,0,0,0,0,0,0,0,0,0,0,0,313600,128,59,196,2769679841,2769679841,592512,0
182,1116864,0,0,0,6848,8768,251264,310656,539328,514944,598336,0,1408,246208,0,0,0,0,0,0,0,0,0,0,0,0,0,0,310528,128,58,193,2769679841,2769679841,589568,0
183,1116608,0,0,0,6080,8832,248640,299776,553280,529344,583744,0,1408,243456,0,0,0,0,0,0,0,0,0,0,0,0,0,0,299648,128,57,189,2769679841,2769679841,574912,0
184,1116544,0,0,0,5120,9728,248960,298304,554432,530624,582464,0,1408,243904,0,0,0,0,0,0,0,0,0,0,0,0,0,0,298112,192,58,192,2769679841,2769679841,572736,0
185,1116672,0,0,0,3904,8704,251456,299328,553280,529408,583680,0,1408,246464,0,0,0,0,0,0,0,0,0,0,0,0,0,0,299200,128,59,197,2769679841,2769679841,574976,0
186,1116672,0,0,0,3840,8576,254848,373184,476224,452096,661056,0,1408,249664,0,0,0,0,0,0,0,0,0,0,0,0,0,0,373056,128,105,318,2769679841,2769679841,652480,0
187,1676928,0,0,0,3904,8320,262720,1223488,178496,154432,1519040,0,1472,257536,0,0,0,0,0,0,0,0,0,0,0,0,0,0,1223360,128,315,753,2769679841,2769679841,1510720,0
188,1116480,0,0,0,3904,8576,260800,353920,489280,459584,653440,0,1344,255680,0,0,0,0,0,0,0,0,0,0,0,0,0,0,353792,128,333,817,2769679841,2769679841,644864,0
189,1116928,0,0,0,4032,8576,263296,388416,452608,428480,684928,0,1408,258048,0,0,0,0,0,0,0,0,0,0,0,0,0,0,388288,128,459,1097,2769679841,2769679841,676352,0
190,1116608,0,0,0,5824,8704,264384,413376,424320,400192,712704,0,1408,259328,0,0,0,0,0,0,0,0,0,0,0,0,0,0,413248,128,472,1122,2769679841,2769679841,704000,0
191,1116800,0,0,0,5760,8448,261696,385984,454912,430720,682432,0,1472,256576,0,0,0,0,0,0,0,0,0,0,0,0,0,0,385856,128,486,1162,2769679841,2769679841,673984,0
192,1116480,0,0,0,4288,8576,261056,424832,417728,393472,719488,0,1472,255936,0,0,0,0,0,0,0,0,0,0,0,0,0,0,424704,128,547,1358,2769679841,2769679841,710912,0
193,1116800,0,0,0,2304,8640,258176,420672,427008,402688,710656,0,1344,253184,0,0,0,0,0,0,0,0,0,0,0,0,0,0,420544,128,599,1458,2769679841,2769679841,702016,0
194,1116800,0,0,0,2304,8704,261696,421952,422144,397824,715520,0,1344,256576,0,0,0,0,0,0,0,0,0,0,0,0,0,0,421824,128,597,1416,2769679841,2769679841,706816,0
195,1116544,0,0,0,2304,8640,261824,422656,421120,397248,715840,0,1344,256768,0,0,0,0,0,0,0,0,0,0,0,0,0,0,422528,128,594,1403,2769679841,2769679841,707200,0
196,1116672,0,0,0,2368,8704,260544,420928,424128,400256,712896,0,1408,255296,0,0,0,0,0,0,0,0,0,0,0,0,0,0,420800,128,588,1397,2769679841,2769679841,704192,0
197,1678464,0,0,0,9152,21056,625152,436544,586560,531712,1143168,0,1408,344000,0,0,0,0,0,0,0,0,0,0,0,0,0,0,436416,128,589,1394,2769679841,2451362248,1122112,0
198,1116608,0,0,0,3840,9728,347840,388736,366464,340608,772480,0,1408,342592,0,0,0,0,0,0,0,0,0,0,0,0,0,0,388608,128,582,1391,1591652898,2099109209,762752,0
199,1116992,0,0,0,3840,8640,348736,384640,371136,344128,769408,0,1408,343552,0,0,0,0,0,0,0,0,0,0,0,0,0,0,384512,128,579,1390,779306199,2233798225,760768,0
200,1116608,0,0,0,3840,8704,407808,586176,110080,84288,1028800,4928,1344,402560,45248,0,9536,0,0,1,0,0,0,0,0,0,22336,128,563584,128,575,1383,1850342395,242675988,1020096,0
201,1117120,0,0,0,3840,8704,347008,408448,349120,322752,790848,0,1408,341696,0,0,0,0,0,0,0,0,0,0,0,0,0,0,408256,192,574,1380,3356164658,1443835570,782144,0
202,1116224,0,0,0,3904,8640,342720,383680,377280,351232,761472,0,1408,337408,0,0,0,0,0,0,0,0,0,0,0,0,0,0,383552,128,572,1378,2815937549,2163272764,752832,0
203,1116736,0,0,0,7104,8640,332160,386752,382080,353920,759296,0,1728,326208,0,0,0,0,0,0,0,0,0,0,0,0,0,0,386624,128,574,1382,3272759281,3636772292,750656,0
204,1116544,0,0,0,3904,8768,300992,388480,414400,382912,730176,0,1344,295680,0,0,0,0,0,0,0,0,0,0,0,0,0,0,388352,128,580,1393,2873601958,504421629,721408,0
205,1116672,0,0,0,3840,9088,301504,383936,418304,392320,720832,0,1408,296320,0,0,0,0,0,0,0,0,0,0,0,0,0,0,383808,128,581,1396,1654899860,330551635,711744,0
206,1116800,0,0,0,3904,8640,301824,384128,418304,392256,721024,0,1408,296640,0,0,0,0,0,0,0,0,0,0,0,0,0,0,384000,128,581,1398,2835218083,3272842241,712384,0
207,1116480,0,0,0,3904,8384,305216,382272,416704,390848,722176,0,1408,299904,0,0,0,0,0,0,0,0,0,0,0,0,0,0,382144,128,583,1402,4131961028,3124623465,713792,0
208,1116672,0,0,0,3840,9152,307072,382784,413824,388160,724928,0,1344,301760,0,0,0,0,0,0,0,0,0,0,0,0,0,0,382656,128,583,1402,1145820344,3570650935,715776,0
209,1116864,0,0,0,3840,8640,314816,383168,406400,380672,732736,0,1344,309504,0,0,0,0,0,0,0,0,0,0,0,0,0,0,383040,128,584,1403,810202505,3974978076,724096,0
210,1116608,0,0,0,3840,8576,304192,384960,415040,389312,723776,0,1344,299008,0,0,0,0,0,0,0,0,0,0,0,0,0,0,384832,128,586,1405,2382296510,2223267474,715200,0
211,1116736,0,0,0,3840,8640,302656,384320,417280,390976,722240,0,1408,297344,0,0,0,0,0,0,0,0,0,0,0,0,0,0,384192,128,588,1417,2017730136,4219149598,713600,0
212,1117056,0,0,0,3904,8896,491072,400000,213184,186816,926720,33984,1408,485824,145088,0,27904,0,1,3,0,0,0,0,0,0,62208,640,337024,128,588,1414,381276272,1879919780,917824,0
213,1116032,0,0,0,3840,9664,395328,406336,300864,275328,837248,35008,1408,390080,76992,0,12160,0,1,1,0,0,0,0,0,0,22016,384,383808,128,580,1398,3611041064,3849063433,827584,0
214,1117248,0,0,0,3840,8896,395008,409984,299520,272896,840768,4992,1344,389760,44864,0,10368,0,0,1,0,0,0,0,0,0,22848,64,386944,128,595,1417,4283734125,3900114146,831872,0
215,1116096,0,0,0,3904,8640,395904,404928,302720,276736,835904,3520,1408,390656,41216,0,10496,0,0,1,0,0,0,0,0,0,20544,128,384128,128,601,1429,2932683744,4084460391,827264,0
216,1116608,0,0,0,3840,8640,350848,403072,350208,324096,789056,0,1344,345600,0,0,0,0,0,0,0,0,0,0,0,0,0,0,402944,128,614,1442,732463351,1134753054,780416,0
217,1116800,0,0,0,3904,8704,458048,407936,238208,212416,900928,8448,1408,452672,86464,0,18496,0,0,2,0,0,0,0,0,0,45888,576,361344,128,615,1447,390351090,2645896458,892224,0
218,1676992,0,0,0,3968,8896,634240,890816,139072,112960,1560448,4992,1408,628864,276672,0,10304,0,0,1,0,0,0,0,0,0,20800,128,869760,128,613,1448,2126196508,26782529,1551552,0
219,1116352,0,0,0,8576,8832,388672,439744,270528,244288,868416,0,1408,383360,0,0,0,0,0,0,0,0,0,0,0,0,0,0,439616,128,609,1453,2724877722,2665792352,859584,0
220,2237248,0,0,0,19200,9280,655936,1140288,412544,380480,1852864,4800,1408,650560,39744,0,9152,0,0,1,0,0,0,0,0,15552,19136,128,1120896,128,625,1505,3403480105,3612919953,1843584,0
221,1116224,0,0,0,6528,9152,388352,500224,211968,180288,931968,0,1408,382848,0,0,0,0,0,0,0,0,0,0,0,0,0,0,500096,128,621,1498,507977428,3652651517,922816,0
222,1116544,0,0,0,6848,9600,392640,470912,236544,210880,901568,0,1408,387392,0,0,0,0,0,0,0,0,0,0,0,0,0,0,470784,128,620,1483,2855373258,1595942070,891968,0
223,1116672,0,0,0,5248,9152,398464,471104,232704,206976,905856,0,1344,393152,0,0,0,0,0,0,0,0,0,0,0,0,0,0,470976,128,616,1483,505283073,3495363346,896704,0
224,1116800,0,0,0,4928,8960,461824,504000,137088,111040,1001856,0,1408,456512,0,0,0,0,0,0,0,0,0,0,0,0,0,0,503872,128,634,1535,1041194864,3333096744,992896,0
225,1116672,0,0,0,4032,9024,425024,505984,172608,146880,965952,0,1408,419648,0,0,0,0,0,0,0,0,0,0,0,0,0,0,505856,128,636,1536,2431583348,502580677,956928,0
226,1116608,0,0,0,4096,8960,413632,543040,146880,120832,991808,0,1408,408384,0,0,0,0,0,0,0,0,0,0,0,0,0,0,542912,128,611,1465,966504164,3268370372,982848,0
227,1676800,0,0,0,8960,23104,599616,857280,187840,156352,1515968,0,1408,594176,0,0,0,0,0,0,0,0,0,0,0,24064,0,0,857152,128,614,1493,373217360,3228791514,1492864,0
228,1675328,0,0,0,4160,9344,573760,663616,424448,400000,1271040,8448,1408,568448,87360,0,19264,0,0,2,0,0,0,0,0,0,45376,576,617536,128,633,1530,4286730957,3421858722,1261696,0
229,1116800,0,0,0,6528,9216,442816,630528,27712,3520,1109120,0,1408,437440,0,0,0,0,0,0,0,0,0,0,0,0,0,0,630400,128,638,1536,4027306099,3428319854,1099904,0
230,1676736,0,0,0,7104,9536,462336,613312,584448,559744,1112640,0,1344,457024,0,0,0,0,0,0,0,0,0,0,0,0,0,0,613184,128,632,1497,302698036,2416327504,1103104,0
231,1116544,0,0,0,5312,9408,440064,545728,116032,91648,1020608,0,1408,434816,0,0,0,0,0,0,0,0,0,0,0,0,0,0,545600,128,618,1473,3802757601,1961778089,1011200,0
232,1116736,0,0,0,4032,9344,432704,557440,113216,89216,1023296,0,1408,427328,0,0,0,0,0,0,0,0,0,0,0,0,0,0,557312,128,628,1517,2673342590,2533037313,1013952,0
233,1116608,0,0,0,6080,9472,404928,546240,149888,125568,986496,0,1472,399552,0,0,0,0,0,0,0,0,0,0,0,0,0,0,546112,128,628,1527,773797822,3840527520,977024,0
234,1116672,0,0,0,6528,9600,493632,522304,84608,60416,1051840,7104,1472,488256,85120,0,18880,0,0,2,0,0,0,0,0,0,45440,576,476160,128,623,1484,1229313811,2319073853,1042240,0
235,1116544,0,0,0,5504,9792,515584,538752,46912,22656,1089536,28416,1472,510208,109312,0,24064,0,1,2,0,0,0,0,0,0,40640,1216,496768,128,614,1477,3099282868,1970580234,1079744,0
236,1116544,0,0,0,3904,9600,455168,554304,93568,69312,1042944,0,1472,449856,0,0,0,0,0,0,0,0,0,0,0,0,0,0,554176,128,632,1532,1741891360,3410405154,1033344,0
237,1117184,0,0,0,3840,9408,502976,561920,39040,14080,1098880,30592,1344,497600,72064,0,12096,0,1,1,0,0,0,0,0,0,21248,64,540416,192,648,1556,1868030963,1639281144,1089472,0
238,1116160,0,0,0,3968,9664,397504,546688,158336,128704,983168,0,1408,392192,0,0,0,0,0,0,0,0,0,0,0,0,0,0,546560,128,614,1463,3733122869,4079620075,973504,0
239,1116672,0,0,0,5888,9728,402560,521472,177024,151872,960320,0,1408,397120,0,0,0,0,0,0,0,0,0,0,0,0,0,0,521344,128,603,1456,3232996812,528065143,950592,0
240,1676992,0,0,0,11648,9280,543488,563264,549312,524672,1147968,0,1408,538240,0,0,0,0,0,0,0,0,0,0,0,0,0,0,563136,128,628,1514,394512292,1805366978,1138688,0
241,1116608,0,0,0,3904,10624,487616,544704,69760,45184,1067072,0,1408,482240,0,0,0,0,0,0,0,0,0,0,0,0,0,0,544576,128,636,1533,1463805896,1815396009,1056448,0
242,1116672,0,0,0,3968,9280,498880,524928,79616,54720,1057664,0,1408,493568,0,0,0,0,0,0,0,0,0,0,0,0,0,0,524800,128,621,1493,2181106913,1877979162,1048384,0
243,1116736,0,0,0,4032,9344,509952,524672,68736,44096,1068480,0,1344,504768,0,0,0,0,0,0,0,0,0,0,0,0,0,0,524544,128,618,1480,1505224187,1566289278,1059136,0
244,1676864,0,0,0,4928,9472,538304,553344,570816,545728,1126784,0,1920,532544,0,0,0,0,0,0,0,0,0,0,0,0,0,0,553216,128,633,1524,1702013686,1226911310,1117312,0
245,1116800,0,0,0,6144,9664,496320,539776,64896,39936,1072384,0,1344,490944,0,0,0,0,0,0,0,0,0,0,0,0,0,0,539648,128,631,1514,2477283433,2303797512,1062720,0
246,1676864,0,0,0,5248,9472,505152,576960,580032,553856,1118848,0,1408,499904,0,0,0,0,0,0,0,0,0,0,0,0,0,0,576832,128,618,1471,1768340461,2099723609,1109376,0
247,1116608,0,0,0,3904,9408,546624,511872,44800,19584,1092736,0,1536,541440,0,0,0,0,0,0,0,0,0,0,0,0,0,0,511744,128,625,1488,151445040,1182593886,1083328,0
248,1677120,0,0,0,3904,9536,720064,559744,383872,358336,1314560,6720,1408,714688,88512,0,23872,0,0,2,0,0,0,0,0,0,41856,1280,516480,128,635,1527,3291442463,4113444419,1305024,0
249,1676544,0,0,0,4160,9408,585280,544320,533376,508288,1164032,0,1408,580032,0,0,0,0,0,0,0,0,0,0,0,0,0,0,544192,128,638,1534,673435468,3121590729,1154624,0
250,1677440,0,0,0,11520,22144,663168,534272,446336,420480,1252864,5184,1408,657600,51520,0,9280,0,0,1,0,0,0,0,0,0,22720,4544,506880,128,620,1490,211937773,180007570,1230720,0
251,1115904,0,0,0,6400,9152,474176,494272,131904,105984,1005952,0,1472,468736,0,0,0,0,0,0,0,0,0,0,0,0,0,0,494144,128,616,1494,3451504709,1281933445,996800,0
252,1116928,0,0,0,6784,21824,468800,495104,124416,98176,1014656,0,1408,463488,0,0,0,0,0,0,0,0,0,0,0,0,0,0,494976,128,617,1492,1349084657,3961568503,992832,0
253,1116480,0,0,0,5120,9216,501248,509888,91008,64704,1047808,0,1408,495872,0,0,0,0,0,0,0,0,0,0,0,0,0,0,509760,128,618,1507,3770154519,2308595947,1038592,0
254,1116736,0,0,0,3776,10432,518144,494720,89664,57856,1055040,0,1344,512896,0,0,0,0,0,0,0,0,0,0,0,0,0,0,494592,128,604,1471,1717469362,1205244346,1044608,0
255,1116416,0,0,0,3904,8832,500544,472064,131072,104640,1008000,0,1344,495232,0,0,0,0,0,0,0,0,0,0,0,0,0,0,471936,128,614,1470,1788573190,3024388370,999168,0
256,1116672,0,0,0,3968,9024,478336,467392,157952,128448,984256,0,1408,472960,0,0,0,0,0,0,0,0,0,0,0,0,0,0,467264,128,600,1445,1740957305,3941728575,975232,0
257,1116736,0,0,0,5952,21440,477824,450368,161152,141248,971264,0,1344,472576,0,0,0,0,0,0,0,0,0,0,0,0,0,0,450240,128,576,1373,3961163685,4201940635,949824,0
258,1116416,0,0,0,6016,9216,473856,449280,178048,158144,954176,0,1408,468480,0,0,0,0,0,0,0,0,0,0,0,0,0,0,449152,128,579,1374,2997714296,401320316,944960,0
259,1116672,0,0,0,5184,8896,477376,433216,192000,172032,940736,0,1408,472192,0,0,0,0,0,0,0,0,0,0,0,0,0,0,433088,128,569,1354,3696103158,2589970034,931840,0
260,1116800,0,0,0,3776,9152,502976,443648,157248,137344,975488,0,1408,497728,0,0,0,0,0,0,0,0,0,0,0,0,0,0,443520,128,579,1369,1290214207,547594002,966336,0
261,1116480,0,0,0,3968,9088,493440,448064,161920,142272,970240,0,1408,488064,0,0,0,0,0,0,0,0,0,0,0,0,0,0,447936,128,585,1380,2767266994,4279632891,961152,0
262,1116672,0,0,0,4096,9024,473216,447552,182784,163136,949568,0,1408,467776,0,0,0,0,0,0,0,0,0,0,0,0,0,0,447424,128,581,1380,3314479368,3916925942,940544,0
263,1116864,0,0,0,5952,9024,488256,446208,167424,147648,965056,0,1344,482944,0,0,0,0,0,0,0,0,0,0,0,0,0,0,446080,128,580,1373,16305354,3821644633,956032,0
264,1116736,0,0,0,6848,9152,476992,434624,189120,168960,943680,0,1408,471552,0,0,0,0,0,0,0,0,0,0,0,0,0,0,434496,128,584,1370,430096024,3296401026,934528,0
265,1116288,0,0,0,5120,9408,474816,431040,195904,176000,935936,0,1344,469568,0,0,0,0,0,0,0,0,0,0,0,0,0,0,430912,128,572,1351,3762420161,1966424337,926528,0
266,1116672,0,0,0,3840,9280,485824,442688,175040,155328,957376,0,1408,480640,0,0,0,0,0,0,0,0,0,0,0,0,0,0,442496,192,573,1372,3162736389,17972730,948096,0
267,1116672,0,0,0,3840,9088,496384,449408,157952,138304,974464,0,1408,491008,0,0,0,0,0,0,0,0,0,0,0,0,0,0,449280,128,579,1383,3277565848,1470362073,965376,0
268,1116800,0,0,0,3968,9088,474944,446272,182528,162624,950208,0,1408,469696,0,0,0,0,0,0,0,0,0,0,0,0,0,0,446144,128,580,1376,116237391,1907253745,941120,0
269,1116480,0,0,0,6400,8896,480448,436032,184704,164736,947904,0,1344,475136,0,0,0,0,0,0,0,0,0,0,0,0,0,0,435904,128,575,1371,786164057,1839642102,939008,0
270,1116928,0,0,0,6336,10368,465024,435456,199744,173888,938944,0,1408,459648,0,0,0,0,0,0,0,0,0,0,0,0,0,0,435328,128,564,1343,2752200461,4057669752,928576,0
271,1677120,0,0,0,7872,9728,594432,486912,578176,557760,1115264,4736,1408,588992,40960,0,9088,0,0,1,0,0,0,0,0,0,20096,128,466560,128,591,1415,2033982079,1521229413,1105536,0
272,1116160,0,0,0,4096,8832,470784,482688,149760,129920,982336,0,1472,465408,0,0,0,0,0,0,0,0,0,0,0,0,0,0,482560,128,594,1428,3897101613,2742683987,973504,0
273,1116736,0,0,0,4928,9088,484864,487872,129984,109824,1002944,0,1344,479552,0,0,0,0,0,0,0,0,0,0,0,0,0,0,487744,128,583,1401,3061511478,2963809382,993856,0
274,1116608,0,0,0,3968,9216,447744,484288,171392,150848,961856,0,1472,442368,0,0,0,0,0,0,0,0,0,0,0,0,0,0,484160,128,578,1388,3827475645,4214090804,952640,0
275,1116480,0,0,0,6272,9088,504896,473792,122432,102592,1009920,0,1408,499648,0,0,0,0,0,0,0,0,0,0,0,0,0,0,473664,128,574,1384,3807415168,495392468,1000832,0
276,1116736,0,0,0,6336,9088,495936,473536,131840,111808,1001088,0,1408,490560,0,0,0,0,0,0,0,0,0,0,0,0,0,0,473408,128,576,1374,263247895,240896011,992000,0
277,1116864,0,0,0,4800,8960,499520,443648,159936,139904,972928,0,1408,494208,0,0,0,0,0,0,0,0,0,0,0,0,0,0,443520,128,558,1324,2164298080,464470493,963968,0
278,1676608,0,0,0,3136,8832,617216,516288,531136,511360,1161408,28352,1344,611968,120320,0,21056,0,1,2,0,0,0,0,0,0,43008,13760,459392,128,553,1334,2242491590,3276178719,1152576,0
279,1116992,0,0,0,3840,8704,406272,448768,249408,229312,883904,0,1408,400832,0,0,0,0,0,0,0,0,0,0,0,0,0,0,448640,128,552,1321,506792926,3877080894,875200,0
280,1116416,0,0,0,4800,9216,428160,448512,225728,205824,906688,0,1408,422976,0,0,0,0,0,0,0,0,0,0,0,0,0,0,448384,128,542,1290,3314754737,4288260247,897472,0
281,1116864,0,0,0,5824,9216,414848,449536,237440,217344,895680,0,1408,409536,0,0,0,0,0,0,0,0,0,0,0,0,0,0,449408,128,546,1293,158809871,1814584723,886464,0
282,1116480,0,0,0,8448,9088,516096,494784,88064,68096,1044416,3520,1472,510784,46080,0,10816,0,0,1,0,0,0,0,0,0,22592,128,471936,128,554,1307,867390062,1112651597,1035328,0
283,1116672,0,0,0,8576,9216,559808,481344,57728,37696,1074944,23872,1408,554560,66880,0,11136,0,1,1,0,0,0,0,0,0,24064,128,457024,128,560,1318,525927686,3344076995,1065728,0
284,1677376,0,0,0,3968,10560,628352,475200,559296,539136,1134272,86080,1472,623040,165504,0,21504,0,2,2,0,0,0,0,0,0,41792,704,432576,128,562,1326,1122057046,3196106640,1123712,0
285,1116224,0,0,0,7296,9152,481152,486656,131968,111936,1000320,4800,1408,475712,43520,0,9536,0,0,1,0,0,0,0,0,0,21952,128,464448,128,550,1299,1230279305,651837034,991168,0
286,1116672,0,0,0,6912,9024,419392,450624,230720,205504,907136,0,1344,414080,0,0,0,0,0,0,0,0,0,0,0,0,0,0,450496,128,536,1271,659270938,1217845183,898112,0
287,1116608,0,0,0,4224,21312,388928,434240,267904,248000,864640,0,1536,383424,0,0,0,0,0,0,0,0,0,0,0,0,0,0,434112,128,539,1272,2658604770,1170160980,843328,0
288,1116480,0,0,0,2368,9088,406336,441088,257600,237696,874880,0,1408,401024,0,0,0,0,0,0,0,0,0,0,0,0,0,0,440896,192,539,1265,356944271,3393860144,865792,0
289,1676800,0,0,0,10368,9088,619072,504512,533760,513792,1159040,7936,1408,613568,88384,0,20160,0,0,2,0,0,0,0,0,0,45760,256,458368,128,542,1286,810381345,787706816,1149952,0
290,1116416,0,0,0,3968,9024,531136,487168,85120,64704,1047808,0,1472,525632,0,0,0,0,0,0,0,0,0,0,0,0,0,0,487040,128,543,1282,926222851,4258346493,1038784,0
291,1116736,0,0,0,3968,9024,531712,477312,94720,74496,1038208,0,1344,526528,0,0,0,0,0,0,0,0,0,0,0,0,0,0,477120,192,540,1275,3546544375,2574320037,1029184,0
292,1116800,0,0,0,3968,8960,483136,477952,142784,123072,989760,0,1408,477888,0,0,0,0,0,0,0,0,0,0,0,0,0,0,477760,192,542,1281,342829038,55405532,980800,0
293,1676608,0,0,0,5056,9024,644288,487296,530944,511488,1161216,0,1344,639040,0,0,0,0,0,0,0,0,0,0,0,0,0,0,487168,128,549,1284,2672216785,2363969667,1152192,0
294,1676864,0,0,0,6272,9280,603776,508928,548608,529216,1143552,0,1344,598400,0,0,0,0,0,0,0,0,0,0,0,0,0,0,508800,128,543,1292,2669830686,1995119602,1134272,0
295,1676736,0,0,0,5056,8960,687744,516224,458752,439296,1233472,0,1344,682560,2752,0,0,0,0,1,0,0,0,0,0,0,0,256,515840,128,546,1315,3286153303,2612807841,1224512,0
296,1116928,0,0,0,3840,8896,433472,468928,201792,182016,931072,0,1344,428160,0,0,0,0,0,0,0,0,0,0,0,0,0,0,468800,128,547,1317,3032596392,111994784,922176,0
297,1117056,0,0,0,3776,10304,417728,459392,225856,205632,907648,0,1408,412352,0,0,0,0,0,0,0,0,0,0,0,0,0,0,459264,128,548,1314,344865222,2229023005,897344,0
298,1116224,0,0,0,5760,8768,481280,460288,160128,140416,971904,4992,1344,476096,45824,0,12096,0,0,1,0,0,0,0,0,0,21184,64,438912,128,555,1331,2169776421,2219309797,963136,0
299,1116544,0,0,0,5952,8960,460224,469184,172224,152448,960192,0,1408,454720,0,0,0,0,0,0,0,0,0,0,0,0,0,0,469056,128,559,1329,1562896514,3307424334,951232,0
300,1116736,0,0,0,2304,9024,499072,467648,138688,118848,994048,4800,1408,493632,44416,0,9344,0,0,1,0,0,0,0,0,0,23296,320,443904,128,551,1320,426698199,3407372805,985024,0
301,1116544,0,0,0,2432,9408,549888,464960,89856,70208,1042368,8384,1408,544640,86208,0,20864,0,0,2,0,0,0,0,0,0,43456,192,421184,128,560,1327,3280730339,1936452971,1032960,0
302,1116800,0,0,0,2368,9088,444928,467776,192640,167104,945792,0,1408,439552,0,0,0,0,0,0,0,0,0,0,0,0,0,0,467648,128,557,1319,3111484785,420546321,936704,0
303,1116800,0,0,0,2304,9344,479168,488512,137472,117696,995200,4800,1408,473920,45632,0,12096,0,0,1,0,0,0,0,0,0,20288,64,468032,128,573,1335,642997239,446614544,985856,0
304,1116480,0,0,0,2368,8896,425152,473664,206400,186688,925888,0,1408,419840,0,0,0,0,0,0,0,0,0,0,0,0,0,0,473536,128,563,1318,4256495638,2485156406,916992,0
305,1116800,0,0,0,3200,8768,507776,454976,142080,122304,990528,8448,1408,502464,86528,0,18880,0,0,2,0,0,0,0,0,0,45440,576,408768,192,553,1314,1771296111,3039430595,981760,0
306,1116608,0,0,0,2432,8960,412288,483456,209472,189824,922880,0,1408,406912,0,0,0,0,0,0,0,0,0,0,0,0,0,0,483328,128,553,1322,3959976786,1992311554,913920,0
307,1116608,0,0,0,2368,9024,499392,444736,161088,140992,971776,8064,1344,494144,86016,0,20032,0,0,2,0,0,0,0,0,0,44096,192,400320,128,567,1349,2045061521,2011411457,962752,0
308,1677184,0,0,0,15360,9408,760832,486464,405120,384448,1288512,36672,1408,755520,103040,0,12544,0,1,1,0,0,0,0,0,0,22912,384,463040,128,558,1339,1461913109,4087598208,1279104,0
309,1116480,0,0,0,4032,9280,499008,465664,138496,118912,993280,0,1408,493696,0,0,0,0,0,0,0,0,0,0,0,0,0,0,465536,128,574,1363,1225661975,3810022083,984000,0
310,1116608,0,0,0,3968,9280,454528,466048,182784,162880,949504,0,1472,449024,0,0,0,0,0,0,0,0,0,0,0,0,0,0,465920,128,566,1372,2350934730,977252281,940224,0
311,1676608,0,0,0,12352,23936,855360,737472,47488,28032,1644096,49024,1408,849920,206784,0,38080,0,1,4,0,0,0,0,0,0,85952,1152,650240,128,569,1404,1455526083,321359827,1620160,0
312,1116864,0,0,0,4160,22208,440384,621120,28992,9344,1103296,0,1408,435072,0,0,0,0,0,0,0,0,0,0,0,0,0,0,620992,128,575,1404,438136239,3973605821,1081088,0
313,1116608,0,0,0,4096,22080,436288,597056,57088,37248,1075136,0,1408,430912,0,0,0,0,0,0,0,0,0,0,0,0,0,0,596928,128,576,1402,2582081811,3741923145,1053056,0
314,1677184,0,0,0,4096,22144,462336,607872,580736,559872,1113088,0,1408,457024,0,0,0,0,0,0,0,0,0,0,0,0,0,0,607744,128,561,1377,2534016446,2666004230,1090944,0
315,1676480,0,0,0,4096,9280,476224,641280,545600,525696,1146560,0,1472,470848,0,0,0,0,0,0,0,0,0,0,0,0,0,0,641152,128,566,1401,1747005032,960858672,1137280,0
316,1676928,0,0,0,4160,9472,494848,616448,552000,532352,1140288,0,1344,489728,0,0,0,0,0,0,0,0,0,0,0,0,0,0,616320,128,559,1388,1546264640,2194378261,1130816,0
317,1676736,0,0,0,4160,21824,657536,608768,384448,364800,1307712,8256,1408,652352,85824,0,18752,0,0,2,0,0,0,0,0,0,45312,640,562688,128,591,1427,2322919745,1061042489,1285888,0
318,1676992,0,0,0,4096,9344,668160,620352,375040,349504,1323264,0,1408,662656,0,0,0,0,0,0,0,0,0,0,0,0,0,0,620160,192,584,1411,3700318602,3325673400,1313920,0
319,1676800,0,0,0,4224,9344,647616,601600,414016,394176,1278336,0,1472,642176,0,0,0,0,0,0,0,0,0,0,0,0,0,0,601472,128,576,1418,2535583308,3835010440,1268992,0
320,1676736,0,0,0,4160,9216,660864,549376,453120,433408,1239104,0,1280,655424,0,0,0,0,0,0,0,0,0,0,0,0,0,0,549248,128,584,1406,1315326052,3081368891,1229888,0
321,1678336,0,0,0,4160,9536,744768,562944,356928,335680,1338304,36736,1408,739136,76992,0,10560,0,1,1,0,0,0,0,0,0,22080,128,540608,128,565,1370,3585695133,621626166,1328768,0
322,1674560,0,0,0,5056,10496,650688,555072,453248,432896,1237312,0,1344,644672,0,0,0,0,0,0,0,0,0,0,0,0,0,0,554944,128,565,1364,2674371871,3480844194,1226816,0
323,1676672,0,0,0,4224,9216,660672,555584,446976,427200,1245184,0,1344,655232,0,0,0,0,0,0,0,0,0,0,0,0,0,0,555456,128,572,1369,2517389407,871670509,1235968,0
324,2236864,0,0,0,4160,9600,663040,1005312,554752,534656,1697856,0,1408,657792,0,0,0,0,0,0,0,0,0,0,0,0,0,0,1005184,128,579,1384,3027536692,4211494806,1688256,0
325,1676928,0,0,0,4224,9408,638848,533824,490624,470912,1201728,0,1408,633536,0,0,0,0,0,0,0,0,0,0,0,0,0,0,533696,128,566,1358,1815289928,3599505149,1192320,0
326,1676736,0,0,0,9088,9280,701440,520576,436352,416320,1256064,0,1344,696128,15168,0,0,0,0,2,0,0,0,0,0,0,0,10176,510272,128,552,1334,2185322658,1877198910,1246784,0
327,1116672,0,0,0,6144,9344,395776,460224,245184,225280,887296,0,1408,390400,0,0,0,0,0,0,0,0,0,0,0,0,0,0,460096,128,553,1335,175276522,2640878310,877952,0
328,1116928,0,0,0,6336,9088,383872,442752,274880,255104,857792,0,1344,378496,0,0,0,0,0,0,0,0,0,0,0,0,0,0,442624,128,557,1349,2936886963,1500208150,848704,0
329,1116480,0,0,0,4032,9088,366720,449024,287616,267840,844736,0,1344,361472,0,0,0,0,0,0,0,0,0,0,0,0,0,0,448896,128,551,1338,1739230179,3028994252,835648,0
330,1116928,0,0,0,4032,9152,481408,477632,144704,124672,988352,33664,1408,476160,115840,0,22336,0,1,2,0,0,0,0,0,0,43776,256,433472,128,562,1351,4100579269,3577780498,979200,0
331,1116672,0,0,0,4160,8960,412416,475328,215808,195648,917120,4800,1408,407168,41088,0,9216,0,0,1,0,0,0,0,0,0,19776,128,455296,128,568,1371,372643512,2575356619,908160,0
332,1116352,0,0,0,5184,9024,359616,482048,260480,240512,871936,0,1472,354240,0,0,0,0,0,0,0,0,0,0,0,0,0,0,481920,128,585,1387,292888563,3039553184,862912,0
333,1116608,0,0,0,6656,9216,353728,482240,264768,244992,867584,0,1408,348352,0,0,0,0,0,0,0,0,0,0,0,0,0,0,482112,128,581,1384,2121220538,1986446342,858368,0
334,1116672,0,0,0,5632,8960,335040,474304,292736,267136,845568,0,1408,329792,0,0,0,0,0,0,0,0,0,0,0,0,0,0,474176,128,566,1327,3720868874,794570844,836608,0
335,1116800,0,0,0,3968,10176,346752,465728,290176,270016,842944,0,1408,341440,0,0,0,0,0,0,0,0,0,0,0,0,0,0,465600,128,566,1336,2495891207,2426683345,832768,0
336,1116800,0,0,0,5952,9664,317824,468608,314752,294336,818112,0,1408,312576,0,0,0,0,0,0,0,0,0,0,0,0,0,0,468480,128,553,1301,4219369524,1327716292,808448,0
337,1116608,0,0,0,6208,9216,310720,437184,353280,333440,779136,0,1472,305344,0,0,0,0,0,0,0,0,0,0,0,0,0,0,437056,128,535,1267,3008372435,3964225072,769920,0
338,1116992,0,0,0,3840,8896,462400,506624,135232,114880,998144,14336,1344,457088,131968,0,31360,0,0,3,0,0,0,0,0,0,63616,320,442560,128,536,1262,1440284993,2016354800,989248,0
339,1116224,0,0,0,3904,8960,392064,481600,229696,209792,902464,39104,1408,386880,83968,0,10304,0,1,1,0,0,0,0,0,0,25152,512,455808,128,551,1281,769576171,4120939162,893504,0
340,1116800,0,0,0,3776,9216,336384,458304,309120,289216,823680,0,1472,331200,0,0,0,0,0,0,0,0,0,0,0,0,0,0,458176,128,538,1256,3962884453,3211920756,814464,0
341,1116672,0,0,0,4800,8832,346176,484736,272128,252480,860224,0,1408,340864,0,0,0,0,0,0,0,0,0,0,0,0,0,0,484608,128,547,1280,2223522869,3694859523,851392,0
342,2237632,0,0,0,14336,26048,943360,678656,575232,548224,1681920,68928,1344,933952,169408,0,21952,0,2,2,0,0,0,0,0,0,44672,1088,632768,128,544,1288,2229582656,2623306177,1655872,0
343,1115968,0,0,0,6144,22208,599680,446720,41216,21504,1090432,92928,1408,594176,176064,0,21376,0,2,2,0,0,0,0,0,0,44992,1856,399744,128,559,1324,229140798,3173470357,1068224,0
344,1677312,0,0,0,10432,21952,651072,528896,464960,444928,1228160,4864,1472,645696,43392,0,9280,0,0,1,0,0,0,0,0,0,21248,768,506752,128,572,1350,343325878,2000798686,1206208,0
345,1116352,0,0,0,4288,9152,559808,517952,25152,5504,1106944,0,1472,554432,0,0,0,0,0,0,0,0,0,0,0,0,0,0,517824,128,568,1365,3120781323,1970531530,1097792,0
346,1116800,0,0,0,6272,9024,560576,512960,27968,8128,1104768,0,1408,555328,0,0,0,0,0,0,0,0,0,0,0,0,0,0,512832,128,553,1334,1265176791,533020320,1095744,0
347,1676544,0,0,0,5376,22144,572544,509888,566592,546816,1125824,0,1408,567104,0,0,0,0,0,0,0,0,0,0,0,0,0,0,509760,128,547,1309,3468709760,30060891,1103680,0
348,1116736,0,0,0,6336,10624,450304,488192,161280,141120,971520,0,1408,444928,0,0,0,0,0,0,0,0,0,0,0,0,0,0,488064,128,568,1359,4232732019,1338296615,960896,0
349,1116736,0,0,0,6336,9088,481600,492032,127680,107840,1004864,0,1408,476160,0,0,0,0,0,0,0,0,0,0,0,0,0,0,491904,128,594,1407,2185312256,2749351111,995776,0
350,1116480,0,0,0,5504,8896,416448,460544,225088,199424,913408,0,1408,411264,0,0,0,0,0,0,0,0,0,0,0,0,0,0,460416,128,574,1371,4043417906,1636086558,904512,0
351,1116864,0,0,0,5248,8640,422464,459904,220608,200832,912512,0,1408,417216,0,0,0,0,0,0,0,0,0,0,0,0,0,0,459776,128,560,1343,3598649652,1025179029,903872,0
352,1116736,0,0,0,6400,8896,551552,466304,83584,63424,1049472,0,1408,546176,2752,0,0,0,0,1,0,0,0,0,0,0,0,256,465920,128,587,1404,4021421526,3713917327,1040576,0
353,1677056,0,0,0,5568,9024,587520,519552,555392,534976,1138304,28992,1408,582272,113728,0,24640,0,1,2,0,0,0,0,0,0,42048,448,476928,128,591,1401,1023137412,777162022,1129280,0
354,1676992,0,0,0,9024,8320,704384,550912,404352,383552,1289920,8512,1344,699008,105216,0,21632,0,0,2,0,0,0,0,0,0,45824,4032,500928,128,613,1465,3720401489,861107751,1281600,0
355,1115840,0,0,0,7040,8640,439104,503936,157120,137088,975232,0,1472,433664,0,0,0,0,0,0,0,0,0,0,0,0,0,0,503808,128,610,1472,651077488,1384029933,966592,0
356,1116800,0,0,0,7040,8704,474944,509632,116480,96640,1016576,4864,1344,469568,44736,0,10496,0,0,1,0,0,0,0,0,0,22656,64,486784,128,603,1472,260672906,2036792124,1007872,0
357,1117248,0,0,0,6016,9024,424128,503360,174720,154432,959232,0,1408,418816,0,0,0,0,0,0,0,0,0,0,0,0,0,0,503168,192,594,1457,1776645197,841739075,950208,0
358,1115904,0,0,0,4288,8640,384128,507136,211712,191936,920448,0,1408,378752,0,0,0,0,0,0,0,0,0,0,0,0,0,0,507008,128,604,1470,182752237,715121800,911808,0
359,1116992,0,0,0,6272,8640,410176,506176,185728,163904,949632,0,1408,404800,0,0,0,0,0,0,0,0,0,0,0,0,0,0,506048,128,602,1470,4167611605,600330758,940992,0
360,1116416,0,0,0,5440,8832,406080,476352,219712,200064,912768,0,1344,400768,0,0,0,0,0,0,0,0,0,0,0,0,0,0,476224,128,580,1386,703530423,2176865604,903936,0
361,1116736,0,0,0,5056,8512,346432,460352,296384,276480,836800,0,1344,341120,0,0,0,0,0,0,0,0,0,0,0,0,0,0,460224,128,592,1423,4017903398,2667907661,828288,0
362,1116672,0,0,0,4224,8960,307712,458112,337664,317824,795264,0,1344,302336,0,0,0,0,0,0,0,0,0,0,0,0,0,0,457984,128,580,1408,1016699081,2021779506,786304,0
363,1116800,0,0,0,4160,10048,303168,457024,342400,322432,790784,0,1408,297920,0,0,0,0,0,0,0,0,0,0,0,0,0,0,456896,128,574,1393,4110359487,495512118,780736,0
364,1116544,0,0,0,4288,8768,436416,480384,186688,166720,946304,6784,1408,431232,87488,0,21184,0,0,2,0,0,0,0,0,0,43776,128,436352,128,561,1379,3733963076,2701044236,937536,0
365,1116608,0,0,0,4288,8768,341632,451520,310400,290496,822592,0,1408,336320,0,0,0,0,0,0,0,0,0,0,0,0,0,0,451392,128,570,1391,3194868848,1744443753,813824,0
366,1116672,0,0,0,6336,8896,469568,469376,162496,137088,975872,0,1472,464000,3008,0,0,0,0,1,0,0,0,0,0,0,0,64,469184,128,565,1386,170298721,3515559705,966976,0
367,1116928,0,0,0,6912,8960,473216,461696,166144,145792,967488,4992,1408,467840,61888,0,9600,0,0,1,0,0,0,0,0,0,23808,1088,436672,128,554,1368,971830480,1209695459,958528,0
368,1116544,0,0,0,6208,8768,436992,438720,225856,205952,906816,0,1408,431616,0,0,0,0,0,0,0,0,0,0,0,0,0,0,438592,128,562,1377,2764729521,1194642632,898048,0
369,1116544,0,0,0,5248,8832,412544,428864,261056,241088,871872,0,1280,407296,0,0,0,0,0,0,0,0,0,0,0,0,0,0,428736,128,559,1368,1919832120,2180914211,863040,0
370,1116736,0,0,0,5888,8640,391232,421248,289728,269632,843648,0,1408,386048,0,0,0,0,0,0,0,0,0,0,0,0,0,0,421120,128,557,1366,1388042415,3545824445,835008,0
371,1117056,0,0,0,6208,8640,449088,421888,231232,211008,902528,4928,1408,443776,39232,0,9152,0,0,1,0,0,0,0,0,0,18560,64,403136,128,555,1350,75864392,1044014014,893888,0
372,1116096,0,0,0,3840,8768,390912,418880,293696,273856,838656,0,1408,385664,0,0,0,0,0,0,0,0,0,0,0,0,0,0,418752,128,556,1346,3441365059,1273264268,829888,0
373,1116736,0,0,0,4096,8512,546816,466432,90880,70848,1042432,8128,1408,541504,94784,0,24256,0,0,2,0,0,0,0,0,0,43648,576,422080,128,563,1365,3447942234,1435599635,1033920,0
374,1116544,0,0,0,4096,8704,481472,447808,174464,154752,958208,0,1408,476224,3072,0,0,0,0,1,0,0,0,0,0,0,0,128,447552,128,559,1361,379223241,2756703157,949504,0
375,1117120,0,0,0,4608,8576,537920,428992,137024,116992,996672,0,1408,532608,0,0,0,0,0,0,0,0,0,0,0,0,0,0,428864,128,560,1358,1878885164,3349795375,988096,0
376,1676608,0,0,0,6144,8960,693376,431872,536256,516352,1156480,0,1408,688000,0,0,0,0,0,0,0,0,0,0,0,0,0,0,431744,128,556,1358,1969421001,2468426485,1147520,0
377,1677056,0,0,0,4224,21568,752768,452480,446016,426240,1247232,91968,1344,747456,224064,0,33664,0,2,3,0,0,0,0,0,0,70080,2816,379456,128,556,1357,1257743270,3032836589,1225664,0
378,1116288,0,0,0,4096,9984,284224,403968,414016,393920,718848,0,1408,278848,0,0,0,0,0,0,0,0,0,0,0,0,0,0,403840,128,568,1359,3743340973,3435043519,708864,0
379,2237568,0,0,0,11584,21568,630912,1179072,394432,373888,1860032,39104,1408,625472,95424,0,12288,0,1,1,0,0,0,0,0,0,23040,6080,1149824,128,595,1404,1613708216,1278202759,1838464,0
380,1676224,0,0,0,4672,22336,537408,919616,192192,171776,1500928,34624,1408,531904,97024,0,10816,0,1,1,0,0,0,0,0,0,21248,128,898112,128,599,1418,1220765682,244790194,1478592,0
381,1116480,0,0,0,5056,22080,280704,442304,366336,346368,766592,0,1408,275200,0,0,0,0,0,0,0,0,0,0,0,0,0,0,442176,128,598,1417,2701259058,3495341431,744512,0
382,1116864,0,0,0,4224,21312,248768,432448,410112,384384,729024,0,1408,243264,0,0,0,0,0,0,0,0,0,0,0,0,0,0,432320,128,601,1426,44683831,3399050827,707712,0
383,1116672,0,0,0,4224,8512,307136,454912,341888,322304,790784,0,1408,302016,0,0,0,0,0,0,0,0,0,0,0,0,0,0,454784,128,587,1413,1508857398,2694434554,782272,0
384,1116608,0,0,0,4224,8640,312128,470976,320640,297472,815552,0,1344,306880,0,0,0,0,0,0,0,0,0,0,0,0,0,0,470848,128,574,1409,3795211149,1658290866,806912,0
385,1116544,0,0,0,4160,8576,360064,431296,312448,292736,820288,0,1408,354880,0,0,0,0,0,0,0,0,0,0,0,0,0,0,431168,128,561,1387,1942206593,704479769,811712,0
386,1116672,0,0,0,4160,8512,336320,414336,353344,333440,779776,0,1344,331008,0,0,0,0,0,0,0,0,0,0,0,0,0,0,414208,128,568,1401,2550715783,784937938,771264,0
387,1116864,0,0,0,4160,8640,311744,414720,377600,357312,755968,0,1344,306432,0,0,0,0,0,0,0,0,0,0,0,0,0,0,414592,128,564,1383,499249320,1965295061,747328,0
388,1116544,0,0,0,4224,8704,315968,407104,380544,360896,752192,0,1344,310720,0,0,0,0,0,0,0,0,0,0,0,0,0,0,406976,128,564,1372,1791525935,1124891961,743488,0
389,1116608,0,0,0,4224,8576,305472,402880,395456,375744,737344,0,1344,300160,0,0,0,0,0,0,0,0,0,0,0,0,0,0,402752,128,563,1365,3099580991,3706570648,728768,0
390,1116800,0,0,0,4160,8448,286464,394560,423168,403456,709760,0,1344,281152,0,0,0,0,0,0,0,0,0,0,0,0,0,0,394432,128,568,1381,3317230641,2525973649,701312,0
391,1116608,0,0,0,4160,8704,326400,383104,394240,374208,738880,0,1408,321024,0,0,0,0,0,0,0,0,0,0,0,0,0,0,382976,128,573,1385,2652248945,2464049475,730176,0
392,1116736,0,0,0,4160,9984,372160,382080,348352,328448,784768,0,1344,366848,0,0,0,0,0,0,0,0,0,0,0,0,0,0,381952,128,554,1346,395951974,1636239263,774784,0
393,1116800,0,0,0,4224,8832,444032,380544,279168,259200,854144,0,1344,438784,0,0,0,0,0,0,0,0,0,0,0,0,0,0,380416,128,553,1325,694119888,3012996367,845312,0
394,1117120,0,0,0,4224,8448,510208,430720,163520,143488,970112,4864,1472,504832,48576,0,12352,0,0,1,0,0,0,0,0,0,22400,704,407488,128,582,1402,1577725605,3166150947,961664,0
395,1115840,0,0,0,4224,8768,549056,515968,37824,18048,1094272,9664,1408,543808,113920,0,20352,0,0,2,0,0,0,0,0,0,43904,13376,458560,128,581,1412,1089446379,2230695204,1085504,0
396,1117184,0,0,0,4224,8448,482048,453824,168640,148608,965056,37056,1408,476672,113088,0,19264,0,1,2,0,0,0,0,0,0,42688,640,410368,128,595,1439,2652804671,2911966317,956608,0
397,1116416,0,0,0,5312,8704,378944,431040,292416,272448,840320,0,1344,373760,0,0,0,0,0,0,0,0,0,0,0,0,0,0,430912,128,583,1400,1662526518,3531135289,831616,0
398,1116416,0,0,0,6208,8768,415232,454784,231424,206144,906624,4992,1344,409856,45056,0,10112,0,0,1,0,0,0,0,0,0,22528,128,432000,128,571,1388,2647427352,3307445681,897856,0
399,1116608,0,0,0,6976,8640,326976,431872,342144,322176,790784,0,1344,321664,0,0,0,0,0,0,0,0,0,0,0,0,0,0,431744,128,562,1362,3236033017,2072515938,782144,0
400,1116672,0,0,0,6208,8832,343744,422592,335296,315584,797312,0,1408,338560,0,0,0,0,0,0,0,0,0,0,0,0,0,0,422464,128,553,1331,1458020998,572539771,788480,0
401,1677056,0,0,0,5312,8576,423552,871680,367936,347392,1326144,38656,1408,418240,98752,0,10944,0,1,1,0,0,0,0,0,0,21440,128,849984,128,551,1334,238496633,2423018877,1317568,0
402,1677248,0,0,0,11584,21824,726912,443072,473856,453376,1220352,31744,1408,721472,107008,0,18688,0,1,2,0,0,0,0,0,0,42368,192,400384,128,562,1376,3752648451,3191601206,1198528,0
403,1116160,0,0,0,4096,22272,393152,428800,267840,248128,864576,0,1408,387776,0,0,0,0,0,0,0,0,0,0,0,0,0,0,428672,128,561,1360,478488115,2063485594,842304,0
404,1116672,0,0,0,4096,21504,357568,425856,307648,287872,825280,0,1472,352128,0,0,0,0,0,0,0,0,0,0,0,0,0,0,425728,128,561,1365,516269036,432950720,803776,0
405,1116608,0,0,0,4160,8640,363200,415616,324992,305408,807616,0,1408,357824,0,0,0,0,0,0,0,0,0,0,0,0,0,0,415488,128,557,1357,3430053391,2465744583,798976,0
406,1116736,0,0,0,4352,9984,353152,440576,308672,288896,824192,0,1408,347840,0,0,0,0,0,0,0,0,0,0,0,0,0,0,440448,128,562,1365,2421698385,2402862065,814208,0
407,1116544,0,0,0,4096,21888,458816,458880,172864,152960,960000,4992,1344,453504,50240,0,12416,0,0,1,0,0,0,0,0,0,23616,1152,433984,128,572,1389,3726046568,2475464421,938112,0
408,1116864,0,0,0,4096,8640,359104,424704,320320,300416,812800,0,1408,353728,0,0,0,0,0,0,0,0,0,0,0,0,0,0,424576,128,565,1360,2901019376,1369925794,804160,0
409,1116608,0,0,0,4160,8832,353856,398848,350912,331200,781888,0,1408,348736,0,0,0,0,0,0,0,0,0,0,0,0,0,0,398720,128,567,1363,3370703079,577624106,773056,0
410,1116800,0,0,0,4032,8704,366720,394880,342464,322560,790720,0,1344,361536,0,0,0,0,0,0,0,0,0,0,0,0,0,0,394752,128,559,1347,204913882,2260708263,782016,0
411,1116544,0,0,0,4032,8768,346880,369472,387392,367168,745856,0,1408,341568,0,0,0,0,0,0,0,0,0,0,0,0,0,0,369344,128,545,1301,1644434422,2958969772,737088,0
412,1116736,0,0,0,4096,8576,354112,368320,381632,361856,751360,0,1408,348864,0,0,0,0,0,0,0,0,0,0,0,0,0,0,368192,128,547,1299,3625878805,635233900,742784,0
413,1116672,0,0,0,4160,8896,414016,369792,319808,299968,813248,4864,1408,408576,44736,0,9472,0,0,1,0,0,0,0,0,0,24064,384,345216,128,565,1321,3423264149,2244267075,804352,0
414,1116416,0,0,0,4032,8512,348736,369408,385728,360512,752384,0,1280,343424,0,0,0,0,0,0,0,0,0,0,0,0,0,0,369280,128,560,1311,1497237744,2822468225,743872,0
415,1116800,0,0,0,4096,9088,350784,369344,383488,363584,749632,0,1408,345472,0,0,0,0,0,0,0,0,0,0,0,0,0,0,369216,128,554,1301,1029311854,3673765356,740544,0
416,1116800,0,0,0,8960,9088,475648,489216,133888,113920,998848,0,1408,470272,0,0,0,0,0,0,0,0,0,0,0,0,0,0,489088,128,553,1297,3946925446,2552881732,989760,0
417,1117184,0,0,0,4224,8768,494912,442944,166336,145600,968000,0,1408,489600,0,0,0,0,0,0,0,0,0,0,0,0,0,0,442816,128,558,1317,3524365480,3924118255,959232,0
418,1115776,0,0,0,4224,8832,367872,442880,291968,272192,840064,0,1408,362624,0,0,0,0,0,0,0,0,0,0,0,0,0,0,442752,128,573,1332,638414331,3917053429,831232,0
419,1116800,0,0,0,4224,8384,370240,424832,309120,289280,823936,0,1408,364992,0,0,0,0,0,0,0,0,0,0,0,0,0,0,424704,128,563,1309,2442575724,917749634,815552,0
420,1677312,0,0,0,9088,22208,578112,549376,518528,498176,1175552,4864,1408,572672,65984,0,10688,0,0,1,0,0,0,0,0,0,21696,768,526784,128,560,1344,1395609188,720819437,1153344,0
421,1116224,0,0,0,4224,9728,373376,475072,253824,233728,878976,0,1472,368000,0,0,0,0,0,0,0,0,0,0,0,0,0,0,474944,128,568,1361,2421924033,984118673,869248,0
422,1116608,0,0,0,4224,21888,382144,455232,253120,233088,880000,0,1344,376896,0,0,0,0,0,0,0,0,0,0,0,0,0,0,455104,128,572,1359,3863101784,1395318578,858112,0
423,1116672,0,0,0,5824,8640,447296,462784,192128,172480,940608,0,1344,441984,0,0,0,0,0,0,0,0,0,0,0,0,0,0,462656,128,561,1339,262354339,3918213444,931968,0
424,1116672,0,0,0,4224,8448,403136,488832,212032,192384,920768,0,1408,397760,0,0,0,0,0,0,0,0,0,0,0,0,0,0,488704,128,556,1337,2713080622,390336676,912320,0
425,1116736,0,0,0,6720,8704,390208,461888,249216,229312,883904,0,1408,384768,0,0,0,0,0,0,0,0,0,0,0,0,0,0,461760,128,552,1331,1013916572,1728841120,875200,0
426,1116480,0,0,0,7040,8896,372416,462848,265280,245248,867648,0,1472,366976,0,0,0,0,0,0,0,0,0,0,0,0,0,0,462656,192,549,1313,1701396982,3765212352,858752,0
427,1116928,0,0,0,9024,8768,490112,431360,177664,157568,955648,38464,1408,484672,83968,0,9472,0,1,1,0,0,0,0,0,0,20736,64,410368,192,550,1329,2489130400,4169428349,946880,0
428,1116480,0,0,0,4992,8576,378176,388416,336320,316608,796288,0,1280,372864,0,0,0,0,0,0,0,0,0,0,0,0,0,0,388288,128,540,1297,2170578379,820978236,787712,0
429,1116608,0,0,0,6016,8704,364864,388608,348416,328256,784704,0,1344,359552,0,0,0,0,0,0,0,0,0,0,0,0,0,0,388480,128,532,1279,4244068521,2370051787,776000,0
430,1116672,0,0,0,5248,8704,372480,393664,336576,311168,801920,0,1408,367296,0,0,0,0,0,0,0,0,0,0,0,0,0,0,393536,128,533,1274,4102574516,3017509339,793216,0
431,1116736,0,0,0,3904,8640,362560,385216,356416,336256,776960,0,1408,357184,0,0,0,0,0,0,0,0,0,0,0,0,0,0,385088,128,532,1259,581096127,316747105,768320,0
432,1116544,0,0,0,3904,8320,349824,384512,369984,350080,763008,0,1408,344576,0,0,0,0,0,0,0,0,0,0,0,0,0,0,384384,128,537,1262,1166058677,1984525288,754688,0
433,1116544,0,0,0,3840,8448,369600,385280,349376,329792,783296,0,1408,364224,0,0,0,0,0,0,0,0,0,0,0,0,0,0,385152,128,537,1265,99826676,2420699591,774848,0
434,1116736,0,0,0,3904,8640,390208,385152,328832,309248,804032,0,1408,384832,0,0,0,0,0,0,0,0,0,0,0,0,0,0,385024,128,523,1243,95890016,1543009113,795392,0
435,1116736,0,0,0,3904,8640,528768,428288,147136,127424,985792,8064,1344,523392,92352,0,24320,0,0,2,0,0,0,0,0,0,42112,576,385472,128,535,1263,1977371218,130903672,977152,0
436,1116544,0,0,0,5888,9856,471552,418368,210880,190912,922112,0,1408,466368,3008,0,0,0,0,1,0,0,0,0,0,0,0,128,418112,128,528,1249,1573601016,4001988229,912256,0
437,1116736,0,0,0,6208,21696,502976,396160,189696,169984,943232,0,1344,497600,0,0,0,0,0,0,0,0,0,0,0,0,0,0,396032,128,537,1269,513639128,433168003,921536,0
438,1116736,0,0,0,5824,8640,491648,384192,226432,206336,906816,0,1408,486272,0,0,0,0,0,0,0,0,0,0,0,0,0,0,384064,128,527,1254,1864846822,1218885927,898176,0
439,1116864,0,0,0,5888,8640,485632,384384,232320,212608,900608,0,1280,480256,0,0,0,0,0,0,0,0,0,0,0,0,0,0,384192,192,538,1278,3886626831,2396187584,891968,0
440,1116416,0,0,0,4288,8832,485056,384064,234176,214464,898368,0,1408,479744,0,0,0,0,0,0,0,0,0,0,0,0,0,0,383936,128,538,1280,1498692796,3807281470,889536,0
441,1116736,0,0,0,2432,8576,495424,383424,226880,207104,906112,0,1408,489984,0,0,0,0,0,0,0,0,0,0,0,0,0,0,383296,128,538,1278,3912223619,214923938,897536,0
442,1116608,0,0,0,2368,8576,507392,383616,214656,194880,918272,0,1344,502144,0,0,0,0,0,0,0,0,0,0,0,0,0,0,383488,128,531,1271,4175105964,964851748,909696,0
443,1116928,0,0,0,2432,8576,487424,383168,235328,215296,898112,0,1344,482240,0,0,0,0,0,0,0,0,0,0,0,0,0,0,383040,128,546,1290,4266728175,3304409650,889536,0
444,1116544,0,0,0,3072,8384,479424,381952,243712,224000,889088,5056,1344,473984,47680,0,12928,0,0,1,0,0,0,0,0,0,22080,128,359616,128,549,1283,3672951124,3144278625,880704,0
445,1117248,0,0,0,4672,8576,434304,429696,240000,219584,894080,4800,1408,428992,76224,0,10368,0,0,1,0,0,0,0,0,0,20416,13376,395776,128,547,1293,2376137759,1141488058,885504,0
446,1115968,0,0,0,5696,8512,355584,362816,383360,357568,754880,0,1408,350144,0,0,0,0,0,0,0,0,0,0,0,0,0,0,362688,128,541,1281,2381936387,556976495,746368,0
447,1116672,0,0,0,5888,8896,351168,363200,387520,367616,745472,0,1408,345920,0,0,0,0,0,0,0,0,0,0,0,0,0,0,363072,128,534,1264,2630074561,2125145425,736576,0
448,1116864,0,0,0,4288,8576,341952,362688,399360,379200,734144,0,1408,336704,0,0,0,0,0,0,0,0,0,0,0,0,0,0,362560,128,540,1293,2974331832,306426446,725568,0
449,1116480,0,0,0,2432,8576,339008,362304,404160,384704,728192,0,1344,333696,0,0,0,0,0,0,0,0,0,0,0,0,0,0,362176,128,543,1284,2270616525,1743114430,719616,0
450,1116928,0,0,0,7616,8768,476800,501568,122176,102208,1011008,9728,1344,471488,111104,0,23232,0,0,2,0,0,0,0,0,0,42944,13568,444928,128,541,1284,2266279515,1993149965,1002240,0
451,1116864,0,0,0,3840,8896,386688,378944,338496,317952,795392,4736,1408,381376,38528,0,9280,0,0,1,0,0,0,0,0,0,18048,64,360704,128,549,1300,1611721508,1870453933,786496,0
452,1115968,0,0,0,3840,9920,327616,380352,394240,374336,738112,0,1408,322304,0,0,0,0,0,0,0,0,0,0,0,0,0,0,380224,128,556,1307,829140910,2968816156,728192,0
453,1116672,0,0,0,4800,8768,347520,417600,337984,318144,795008,0,1408,342208,0,0,0,0,0,0,0,0,0,0,0,0,0,0,417472,128,550,1306,3377353218,2245945689,786240,0
454,1116800,0,0,0,5824,8768,338624,385472,378112,358208,755008,0,1472,333184,0,0,0,0,0,0,0,0,0,0,0,0,0,0,385344,128,554,1314,4077437977,3478379669,746240,0
455,1116800,0,0,0,4352,8576,346304,384384,373184,352832,760448,0,1408,340992,0,0,0,0,0,0,0,0,0,0,0,0,0,0,384256,128,561,1328,512390097,1374688877,751872,0
456,1116288,0,0,0,2368,8640,335232,384384,385664,365696,747072,0,1344,329856,0,0,0,0,0,0,0,0,0,0,0,0,0,0,384256,128,552,1317,3704804545,3953049732,738432,0
457,1116672,0,0,0,2304,8704,342784,384320,378560,359168,753984,0,1408,337472,0,0,0,0,0,0,0,0,0,0,0,0,0,0,384192,128,553,1304,189399007,1055765246,745280,0
458,1116736,0,0,0,2432,8832,362624,379200,363648,344064,769088,0,1408,357312,0,0,0,0,0,0,0,0,0,0,0,0,0,0,379072,128,554,1309,2368329913,3532939211,760256,0
459,1116672,0,0,0,2304,8768,340608,379392,385600,366016,747200,0,1344,335104,0,0,0,0,0,0,0,0,0,0,0,0,0,0,379200,192,552,1306,1131107499,751840488,738432,0
460,1116608,0,0,0,2368,8512,329216,378560,397952,378176,734912,0,1344,323968,0,0,0,0,0,0,0,0,0,0,0,0,0,0,378432,128,544,1280,2185113076,2551469569,726400,0
461,1116928,0,0,0,3520,9728,531392,400256,172032,151680,960448,32256,3456,521280,93504,0,10560,0,1,1,0,0,0,0,0,0,28288,128,371712,128,538,1273,4018079975,979336164,950720,0
462,1116288,0,0,0,15168,8832,340352,361920,390016,364544,748032,0,1408,335104,0,0,0,0,0,0,0,0,0,0,0,0,0,0,361792,128,533,1264,3706759146,1066690106,739200,0
463,1116736,0,0,0,3840,8960,361600,363776,378560,358912,754304,0,1408,356352,0,0,0,0,0,0,0,0,0,0,0,0,0,0,363648,128,526,1238,73758026,2326820319,745344,0
464,1116608,0,0,0,3840,8576,334400,360640,409152,389312,723776,0,1344,329216,0,0,0,0,0,0,0,0,0,0,0,0,0,0,360448,192,528,1240,1292810966,920486443,715200,0
465,1116736,0,0,0,3840,8576,397888,378176,328256,308672,804544,4928,1408,392640,45312,0,10752,0,0,1,0,0,0,0,0,0,21824,640,355584,128,534,1233,2094649996,1681867280,795968,0
466,1116864,0,0,0,4032,8768,502016,408128,193920,174144,939136,0,1408,496640,0,0,0,0,0,0,0,0,0,0,0,0,0,0,408000,128,552,1295,3221614248,1262606648,930368,0
467,1116480,0,0,0,3968,22912,518528,406464,164608,145152,967872,4992,1408,513216,46464,0,12352,0,0,1,0,0,0,0,0,0,21376,384,384576,128,541,1272,928745999,3403202438,944960,0
468,1116544,0,0,0,4928,8320,417408,394304,291584,271872,841216,0,1408,411968,0,0,0,0,0,0,0,0,0,0,0,0,0,0,394176,128,529,1243,1922353607,517605170,832896,0
469,1676864,0,0,0,4160,8768,539328,585536,539072,519360,1153920,0,1536,533504,0,0,0,0,0,0,0,0,0,0,0,0,0,0,585408,128,533,1290,4292951559,2308314533,1145152,0
470,1116672,0,0,0,6208,8640,516736,418048,167040,147200,965760,0,1408,511296,0,0,0,0,0,0,0,0,0,0,0,0,0,0,417856,192,551,1319,4231305343,3010930236,957120,0
471,1677120,0,0,0,6080,8832,649600,465728,546880,526656,1146816,9664,1344,644416,95488,0,22528,0,0,3,0,0,0,0,0,0,44416,320,420864,128,567,1339,3751268689,1200211399,1137984,0
472,1116544,0,0,0,8448,8768,575232,384512,139584,119744,993152,44160,1408,569856,147584,0,20160,0,1,3,0,0,0,0,0,0,50560,16576,317248,128,407,969,3063236476,1280279412,984384,0
473,1116672,0,0,0,6016,8768,369728,351296,380864,361152,752000,0,1408,364352,0,0,0,0,0,0,0,0,0,0,0,0,0,0,351168,128,386,938,2117352200,4077537837,743232,0
474,1116544,0,0,0,11456,8896,544000,355648,196544,176640,936192,0,1344,538624,0,0,0,0,0,0,0,0,0,0,0,0,0,0,355520,128,394,968,2408566026,712168954,927296,0
475,1676864,0,0,0,10752,22848,792192,454272,396800,376704,1296448,47296,1472,786816,140096,0,21824,0,1,2,0,0,0,0,0,0,45888,2112,406144,128,532,1252,3313498024,1077899875,1273600,0
476,1676672,0,0,0,4160,23488,732928,452800,463296,443456,1229504,4800,1472,727552,49024,0,12096,0,0,1,0,0,0,0,0,0,22976,704,428992,128,541,1264,153430219,3685093544,1206016,0
477,1117312,0,0,0,4096,23104,568896,427008,94208,73920,1039744,0,1536,563392,0,0,0,0,0,0,0,0,0,0,0,0,0,0,426816,192,535,1263,1714634733,3782611592,1016640,0
478,1116288,0,0,0,4160,22656,542400,434944,112128,86592,1026112,0,1472,537088,0,0,0,0,0,0,0,0,0,0,0,0,0,0,434816,128,538,1284,693537815,1218615724,1003456,0
479,1116928,0,0,0,4160,8640,543680,443968,116480,96704,1016704,0,1472,538368,0,0,0,0,0,0,0,0,0,0,0,0,0,0,443840,128,540,1285,921497012,311147927,1008064,0
480,1676864,0,0,0,4096,9920,632128,465920,564800,544576,1128704,0,1408,626880,0,0,0,0,0,0,0,0,0,0,0,0,0,0,465792,128,555,1299,3263570687,3145105302,1118784,0
481,1676800,0,0,0,11264,8640,770496,438720,447680,427456,1245696,40512,1472,765056,87616,0,9536,0,1,1,0,0,0,0,0,0,22848,320,415424,128,537,1284,3722400402,462785613,1237056,0
482,1116672,0,0,0,4352,8640,550016,429504,124160,104192,1009024,0,1408,544704,0,0,0,0,0,0,0,0,0,0,0,0,0,0,429376,128,526,1260,1609592259,1181490119,1000384,0
483,1116480,0,0,0,4224,8704,566656,431104,105792,86016,1026944,0,1408,561216,0,0,0,0,0,0,0,0,0,0,0,0,0,0,430976,128,529,1259,1792647331,1544509943,1018240,0
484,1116480,0,0,0,4352,8576,590912,418752,93888,74240,1038592,0,1408,585600,0,0,0,0,0,0,0,0,0,0,0,0,0,0,418624,128,543,1284,2287371724,2179519727,1030016,0
485,1116736,0,0,0,6400,8832,571648,410432,119424,99648,1013504,0,1408,566208,0,0,0,0,0,0,0,0,0,0,0,0,0,0,410304,128,539,1271,3982261009,2233545723,1004672,0
486,1116736,0,0,0,6528,9024,552960,422656,125568,105536,1007488,0,1344,547712,0,0,0,0,0,0,0,0,0,0,0,0,0,0,422528,128,526,1267,540993919,853024223,998464,0
487,1676736,0,0,0,8448,8576,639872,450560,569280,549376,1123712,4864,1472,634560,48512,0,12288,0,0,1,0,0,0,0,0,0,22528,576,427328,128,569,1357,2967920489,1950736122,1115136,0
488,1116608,0,0,0,6912,8640,505280,444480,151296,131648,981440,0,1408,499904,0,0,0,0,0,0,0,0,0,0,0,0,0,0,444352,128,576,1373,2342061184,3951100928,972800,0
489,1116608,0,0,0,6208,9088,631936,445632,23744,3712,1109056,0,1408,626688,0,0,0,0,0,0,0,0,0,0,0,0,0,0,445504,128,581,1381,1212532937,197607805,1099968,0
490,1116672,0,0,0,6144,8832,592192,445504,64000,44480,1068672,0,1408,586880,0,0,0,0,0,0,0,0,0,0,0,0,0,0,445376,128,585,1398,3705673443,4189482875,1059840,0
491,1677056,0,0,0,4224,8448,641856,498880,523648,503872,1169664,4864,1408,636544,46400,0,9472,0,0,1,0,0,0,0,0,0,24064,576,474112,128,595,1446,2979139563,423036250,1161216,0
492,1116864,0,0,0,4160,8704,499136,470464,134400,114368,998976,0,1344,493760,0,0,0,0,0,0,0,0,0,0,0,0,0,0,470336,128,585,1406,1862181130,2139000598,990272,0
493,1116352,0,0,0,6400,8832,453376,444544,203200,183424,929152,0,1344,448192,0,0,0,0,0,0,0,0,0,0,0,0,0,0,444416,128,584,1393,216053079,1954571647,920320,0
494,1116928,0,0,0,6272,10304,433472,445504,221376,195968,917184,0,1408,428096,0,0,0,0,0,0,0,0,0,0,0,0,0,0,445376,128,586,1391,3636993560,2979922461,906880,0
495,1116352,0,0,0,6912,8704,458496,445120,197120,177344,935424,0,1408,453376,0,0,0,0,0,0,0,0,0,0,0,0,0,0,444992,128,572,1386,2442019560,3466366678,926720,0
496,1116544,0,0,0,6400,8832,436928,428096,236288,216512,896384,0,1408,431680,0,0,0,0,0,0,0,0,0,0,0,0,0,0,427968,128,578,1377,1823161191,348421868,887552,0
497,1116736,0,0,0,4160,22656,518464,401600,169856,149760,963520,4800,1408,513216,39040,0,9344,0,0,1,0,0,0,0,0,0,18368,64,383040,128,568,1363,825856046,4135359857,940864,0
498,1116672,0,0,0,6080,8512,450560,399040,252480,232832,880256,0,1344,445248,0,0,0,0,0,0,0,0,0,0,0,0,0,0,398912,128,569,1360,232648995,3329733750,871744,0
499,1116480,0,0,0,7168,8768,528512,400832,171200,151040,961728,48320,1408,523264,85632,0,9344,0,1,1,0,0,0,0,0,0,21120,128,379456,128,563,1340,4069725545,2390933629,952960,0
500,1116864,0,0,0,7552,8704,536256,440512,123840,104256,1009024,4992,1408,530944,50944,0,12288,0,0,1,0,0,0,0,0,0,24384,1152,414848,128,544,1309,3805904973,1574323444,1000320,0
501,1116608,0,0,0,5888,8640,374656,400256,327168,307776,805312,0,1344,369216,0,0,0,0,0,0,0,0,0,0,0,0,0,0,400128,128,562,1340,474005576,436980775,796672,0
502,1116800,0,0,0,6656,8640,450240,391232,260032,240384,872640,0,1472,444672,0,0,0,0,0,0,0,0,0,0,0,0,0,0,391104,128,549,1298,3623771450,788345214,864000,0
503,1116544,0,0,0,6208,8832,494528,390464,216512,196800,916096,0,1408,489024,0,0,0,0,0,0,0,0,0,0,0,0,0,0,390336,128,551,1331,3122418804,318744989,907264,0
504,1116864,0,0,0,3840,8704,515200,415360,173760,153856,959488,4864,1472,509952,46784,0,9536,0,0,1,0,0,0,0,0,0,24000,1088,390144,128,545,1322,241323781,992534988,950784,0
505,1116736,0,0,0,3840,8768,534656,390592,178880,158592,954432,4992,1408,529344,90304,0,10688,0,0,1,0,0,0,0,0,0,63104,1088,326272,128,533,1284,4024648795,1480461465,945664,0
506,1116544,0,0,0,3840,8448,437120,379776,287360,267456,845568,0,1344,431808,0,0,0,0,0,0,0,0,0,0,0,0,0,0,379648,128,537,1274,4162369934,1910768213,837120,0
507,1116480,0,0,0,3904,8448,421952,380032,302144,282496,830464,0,1280,416704,0,0,0,0,0,0,0,0,0,0,0,0,0,0,379840,192,523,1244,1501050616,856554072,822016,0
508,1116608,0,0,0,5760,8576,393664,378816,329792,310016,803008,0,1408,388288,0,0,0,0,0,0,0,0,0,0,0,0,0,0,378688,128,523,1244,2767483996,4227076275,794432,0
509,1116672,0,0,0,4864,9728,526848,427200,148032,128128,985024,0,1408,521408,0,0,0,0,0,0,0,0,0,0,0,0,0,0,427072,128,526,1249,1028271530,3438355373,975296,0
510,1116608,0,0,0,3840,8640,585344,444544,74240,49024,1064064,0,1408,580096,0,0,0,0,0,0,0,0,0,0,0,0,0,0,444416,128,526,1269,3599666290,2722070362,1055424,0
511,1116608,0,0,0,3968,8512,437696,446912,219520,199808,913344,0,1408,432256,0,0,0,0,0,0,0,0,0,0,0,0,0,0,446784,128,541,1296,2120907945,1365339860,904832,0
512,1116864,0,0,0,5120,8832,449280,437504,216128,193728,919424,0,1408,443904,0,0,0,0,0,0,0,0,0,0,0,0,0,0,437376,128,545,1308,1504870529,4021693776,910592,0
513,1116672,0,0,0,3840,8704,596864,440576,66688,46912,1066176,0,1408,591424,0,0,0,0,0,0,0,0,0,0,0,0,0,0,440448,128,526,1275,407091316,2075776310,1057472,0
514,1116608,0,0,0,3904,8576,571264,449408,83456,63424,1049728,3520,1408,566016,42176,0,10432,0,0,1,0,0,0,0,0,0,21824,128,427328,128,545,1304,2851035961,223669746,1041152,0
515,1116736,0,0,0,4032,8704,522112,438528,143360,123776,989440,0,1408,516800,0,0,0,0,0,0,0,0,0,0,0,0,0,0,438400,128,553,1308,674950862,1580820310,980736,0
516,1116544,0,0,0,5952,8576,495360,426880,179776,160064,952960,0,1408,490112,0,0,0,0,0,0,0,0,0,0,0,0,0,0,426752,128,545,1299,807766348,1924964672,944384,0
517,1116672,0,0,0,6272,8768,355200,390080,356352,336704,776448,0,1408,350016,0,0,0,0,0,0,0,0,0,0,0,0,0,0,389952,128,532,1277,2836808516,3513334311,767680,0
518,1116992,0,0,0,6016,8576,519040,409536,173824,153600,959808,7104,1408,513856,97280,0,22144,0,0,2,0,0,0,0,0,0,46848,2752,359808,128,535,1292,2617965091,2336023013,951232,0
519,1116288,0,0,0,5184,8832,354560,393280,354432,334208,778560,0,1536,349248,0,0,0,0,0,0,0,0,0,0,0,0,0,0,393088,192,523,1268,2862523371,3559838711,769728,0
520,1116800,0,0,0,3840,8576,462656,390656,251072,231168,882112,4928,1408,457408,39040,0,9216,0,0,1,0,0,0,0,0,0,18368,64,372096,128,529,1280,1679439766,2850116595,873536,0
521,1116672,0,0,0,9600,8768,430592,390976,276736,256832,856256,0,1408,425280,0,0,0,0,0,0,0,0,0,0,0,0,0,0,390848,128,520,1267,1888700718,1029624852,847488,0
522,1116608,0,0,0,3840,8576,357824,391424,354944,335040,777984,0,1408,352640,0,0,0,0,0,0,0,0,0,0,0,0,0,0,391296,128,525,1270,542104836,2641628721,769408,0
523,1116544,0,0,0,3840,8512,357056,391424,355712,335744,777280,0,1344,351872,0,0,0,0,0,0,0,0,0,0,0,0,0,0,391296,128,529,1271,1156639394,3847558906,768768,0
524,1116672,0,0,0,3840,8768,360448,383936,359680,339776,773376,0,1408,355200,0,0,0,0,0,0,0,0,0,0,0,0,0,0,383808,128,529,1267,1642126227,3504198199,764608,0
525,1116608,0,0,0,3776,10112,406080,416960,279680,260032,853056,4800,1344,400896,45184,0,12032,0,0,1,0,0,0,0,0,0,20608,128,396096,128,530,1276,639350387,282212374,842944,0
526,1116992,0,0,0,5824,8832,402240,400768,299328,273728,839680,4736,1408,397056,44352,0,10496,0,0,1,0,0,0,0,0,0,21440,128,379072,128,524,1250,296821706,279275530,830848,0
527,1116480,0,0,0,5952,22784,408640,365248,313856,294016,818880,3584,1344,403264,43328,0,10688,0,0,1,0,0,0,0,0,0,22016,128,342976,128,516,1232,2779298355,3650809846,796096,0
528,1116736,0,0,0,2368,8832,460800,396608,248128,228352,884800,8448,1408,455488,87168,0,19008,0,0,2,0,0,0,0,0,0,45568,640,350272,128,536,1262,2146796934,3667723162,875968,0
529,1116736,0,0,0,2304,8640,444480,363136,298176,278016,835200,46464,1472,439104,88512,0,12224,0,1,1,0,0,0,0,0,0,21824,384,340800,128,529,1258,2086746647,892412644,826560,0
530,1676928,0,0,0,3200,8512,371008,795904,498304,478464,1195008,4800,1344,365824,41856,0,9472,0,0,1,0,0,0,0,0,0,20992,64,774720,128,539,1293,4157840163,2139109625,1186496,0
531,1116608,0,0,0,2368,8896,270080,363520,471744,451648,661504,0,1472,264832,0,0,0,0,0,0,0,0,0,0,0,0,0,0,363392,128,528,1256,3244660071,1621215512,652608,0
532,1116800,0,0,0,3072,8768,404800,378240,321920,301696,811584,0,1536,399424,0,0,0,0,0,0,0,0,0,0,0,0,0,0,378112,128,524,1252,1024776241,1238267170,802816,0
533,1676608,0,0,0,19776,23168,846528,476032,311104,291072,1381632,15232,1408,841344,88064,0,22528,0,0,1,0,0,0,0,0,0,33088,128,442688,128,544,1270,90641107,968040911,1358464,0
534,1117056,0,0,0,4224,23168,485888,465792,137984,117888,995584,0,1344,480576,0,0,0,0,0,0,0,0,0,0,0,0,0,0,465600,192,537,1251,103025560,1954124229,972416,0
535,1116736,0,0,0,4160,22848,434112,447744,207872,187968,925120,0,1344,428800,0,0,0,0,0,0,0,0,0,0,0,0,0,0,447616,128,538,1242,1760528704,1180513382,902272,0
536,1116480,0,0,0,4224,22208,370880,446784,272384,252608,860416,0,1408,365440,0,0,0,0,0,0,0,0,0,0,0,0,0,0,446656,128,541,1250,3119267847,4172674671,838208,0
537,1117248,0,0,0,4224,8768,366784,456896,280576,260096,853632,0,1472,361344,0,0,0,0,0,0,0,0,0,0,0,0,0,0,456768,128,534,1235,1030327598,1618552440,844864,0
538,1116288,0,0,0,6336,9024,548672,510400,41856,21952,1090624,32064,1408,543360,113792,0,20992,0,1,2,0,0,0,0,0,0,39872,7552,462848,128,521,1215,3202018572,2895541093,1081600,0
539,1116736,0,0,0,6016,10176,434048,456576,209920,189952,923008,0,1344,428736,0,0,0,0,0,0,0,0,0,0,0,0,0,0,456448,128,529,1234,3370191578,1483271240,912832,0
540,1116544,0,0,0,5504,8512,490560,474240,137728,118080,994880,11840,1344,485248,133504,0,29568,0,0,3,0,0,0,0,0,0,68800,704,404608,128,532,1239,3023859007,2374840712,986368,0
541,1116928,0,0,0,4096,8640,326464,453760,323968,303872,809536,0,1408,321280,0,0,0,0,0,0,0,0,0,0,0,0,0,0,453632,128,546,1260,3341782399,3482249004,800896,0
542,1116480,0,0,0,4032,8704,338624,439552,325568,300160,812800,0,1344,333248,0,0,0,0,0,0,0,0,0,0,0,0,0,0,439424,128,542,1263,1960209339,535545988,804096,0
543,1676800,0,0,0,4224,22784,633984,569856,445952,425920,1247424,4992,1408,628800,73216,0,11136,0,0,1,0,0,0,0,0,0,21824,7680,540224,128,531,1251,431540685,1914001981,1224640,0
544,1116608,0,0,0,4416,23296,470592,506240,112064,92160,1020928,0,1408,465280,0,0,0,0,0,0,0,0,0,0,0,0,0,0,506112,128,545,1284,3380569897,2854720214,997632,0
545,1116864,0,0,0,4480,22976,460992,483712,144704,124800,988480,0,1408,455616,0,0,0,0,0,0,0,0,0,0,0,0,0,0,483584,128,548,1301,2058924154,974017680,965504,0
546,1116736,0,0,0,4416,22464,457536,471424,160896,140928,972224,0,1472,452032,0,0,0,0,0,0,0,0,0,0,0,0,0,0,471296,128,548,1296,1374154301,3400484602,949760,0
547,1116544,0,0,0,4352,8320,426368,491264,186240,166336,946752,0,1408,420928,0,0,0,0,0,0,0,0,0,0,0,0,0,0,491136,128,535,1302,4126849520,3169552848,938432,0
548,1116800,0,0,0,4352,8640,466112,470912,166784,146752,966528,0,1408,460800,0,0,0,0,0,0,0,0,0,0,0,0,0,0,470784,128,543,1314,2667302051,61040769,957888,0
549,1116608,0,0,0,6720,8512,470400,478336,152640,132416,980608,0,1408,465152,0,0,0,0,0,0,0,0,0,0,0,0,0,0,478208,128,548,1315,1650621410,1784129254,972096,0
550,1119424,0,0,0,7296,9024,435008,466688,201408,178688,936960,0,1408,429760,0,0,0,0,0,0,0,0,0,0,0,0,0,0,466560,128,561,1369,462420063,2083003143,927936,0
551,1113152,0,0,0,6336,8832,424320,432000,241664,220032,889536,0,1408,419008,0,0,0,0,0,0,0,0,0,0,0,0,0,0,431872,128,560,1362,1575318463,2794948675,880704,0
552,1116672,0,0,0,4096,8640,410304,387712,305920,285760,827392,0,1408,404992,0,0,0,0,0,0,0,0,0,0,0,0,0,0,387584,128,564,1375,2222916425,4123305045,818752,0
553,1116544,0,0,0,4096,8768,376576,388672,338432,318720,794240,0,1344,371200,0,0,0,0,0,0,0,0,0,0,0,0,0,0,388544,128,559,1351,3804904124,1681863634,785472,0
554,1116608,0,0,0,4224,9600,335424,390016,377344,357632,755456,0,1408,330176,0,0,0,0,0,0,0,0,0,0,0,0,0,0,389888,128,558,1350,2934954769,2329008964,745856,0
555,1116800,0,0,0,6144,8896,358016,389760,353984,333888,779264,0,1408,352768,0,0,0,0,0,0,0,0,0,0,0,0,0,0,389632,128,574,1380,1544828257,1924008871,770368,0
556,1116544,0,0,0,6144,8768,364736,390144,346752,326912,786112,0,1408,359424,0,0,0,0,0,0,0,0,0,0,0,0,0,0,390016,128,585,1395,626041043,469179446,777344,0
557,1118336,0,0,0,5376,22464,376704,407744,306048,284416,830400,0,1408,371264,0,0,0,0,0,0,0,0,0,0,0,0,0,0,407616,128,573,1369,1378545022,3567501322,807936,0
558,1116416,0,0,0,3968,8704,358720,381376,363648,336768,776128,0,1472,353408,0,0,0,0,0,0,0,0,0,0,0,0,0,0,381248,128,579,1385,2950480833,2222571889,767424,0
559,1116608,0,0,0,4096,8832,359424,380544,363712,342528,770496,0,1408,354176,0,0,0,0,0,0,0,0,0,0,0,0,0,0,380416,128,572,1364,829370260,4094740513,761664,0
560,1116864,0,0,0,4160,8832,354624,380352,368896,347584,765696,0,1408,349440,0,0,0,0,0,0,0,0,0,0,0,0,0,0,380224,128,568,1353,1621099266,3522357615,756864,0
561,1116480,0,0,0,4032,9024,353600,381760,368064,346688,766272,0,1408,348288,0,0,0,0,0,0,0,0,0,0,0,0,0,0,381632,128,566,1339,1397063841,2739242726,757248,0
562,1116672,0,0,0,4096,8640,410688,414080,279168,255872,857344,5056,1408,405248,45440,0,12096,0,0,1,0,0,0,0,0,0,20544,128,393280,128,571,1351,2677753289,994530565,848704,0
563,1116416,0,0,0,6016,8896,422208,415936,263360,242048,870784,3712,1408,416768,45248,0,12288,0,0,1,0,0,0,0,0,0,21568,512,393728,128,575,1359,370098957,2822394639,861888,0
564,1116672,0,0,0,6144,8960,463040,384768,253760,232192,880960,7360,1344,457664,89088,0,24064,0,0,2,0,0,0,0,0,0,42240,640,341760,128,576,1360,146014763,4246930646,872000,0
565,1116864,0,0,0,5184,9088,357056,382272,363264,341632,771648,0,1344,351808,0,0,0,0,0,0,0,0,0,0,0,0,0,0,382144,128,573,1355,4269059257,2303711552,762560,0
566,1116672,0,0,0,3968,8768,333056,381696,389184,367936,745152,0,1344,327744,0,0,0,0,0,0,0,0,0,0,0,0,0,0,381568,128,574,1358,3429052338,3259720554,736384,0
567,1117056,0,0,0,3968,9152,378240,380672,345024,323328,790144,4800,1408,373056,42880,0,9152,0,0,1,0,0,0,0,0,0,22528,128,357888,128,570,1346,3977783257,3373312231,780992,0
568,1116672,0,0,0,8704,8640,506112,427840,165376,143424,969664,28864,1408,500352,112896,0,19456,0,1,2,0,0,0,0,0,0,46720,448,380544,128,574,1355,2721506885,804127386,961024,0
569,1116160,0,0,0,4032,10304,411904,413120,276800,255168,857472,0,1408,406656,2944,0,0,0,0,1,0,0,0,0,0,0,0,128,412800,192,574,1365,2471659511,1860505868,847168,0
570,1116352,0,0,0,4096,8640,444352,403072,256192,234880,878016,0,1344,439040,0,0,0,0,0,0,0,0,0,0,0,0,0,0,402944,128,573,1364,1919535651,3974790677,869376,0
571,1677504,0,0,0,6016,9024,638080,466816,557568,535808,1138112,53952,1280,632704,167680,0,22784,0,1,2,0,0,0,0,0,0,42560,13632,410496,128,574,1367,111158648,3112917087,1129088,0
572,1116288,0,0,0,6080,8896,528640,428672,144000,122112,990592,4672,1344,523328,50880,0,9280,0,0,1,0,0,0,0,0,0,21376,64,407104,128,574,1366,121724157,3125250219,981696,0
573,1116480,0,0,0,7232,8384,469376,416064,215424,193728,919232,0,1344,464000,0,0,0,0,0,0,0,0,0,0,0,0,0,0,415936,128,581,1371,3346918091,1518966826,910848,0
574,1116608,0,0,0,4032,8576,442048,416320,245632,218496,894592,0,1408,436864,0,0,0,0,0,0,0,0,0,0,0,0,0,0,416192,128,584,1380,1040216970,1285131453,886016,0
575,1676864,0,0,0,4032,9024,464768,1121920,77120,56128,1617152,0,1472,459456,0,0,0,0,0,0,0,0,0,0,0,0,0,0,1121792,128,584,1375,3624135886,3356430161,1608128,0
576,1116352,0,0,0,4096,8896,511168,483648,108544,87104,1025856,4864,1408,505920,65984,0,10624,0,0,1,0,0,0,0,0,0,22144,14080,447232,192,568,1336,2815743914,116358349,1016960,0
577,1116736,0,0,0,4160,8640,458880,418880,226176,205056,908224,0,1344,453504,0,0,0,0,0,0,0,0,0,0,0,0,0,0,418752,128,586,1388,1239857990,3006088533,899584,0
578,1116736,0,0,0,9024,9088,411712,411776,275136,251776,861248,4992,1408,406400,47808,0,11712,0,0,1,0,0,0,0,0,0,24128,128,387392,128,573,1350,385199115,1613090756,852160,0
579,1116608,0,0,0,6272,8768,356992,405504,339072,317696,795328,0,1408,351744,0,0,0,0,0,0,0,0,0,0,0,0,0,0,405312,192,571,1335,3819778924,3056827678,786560,0
580,1116672,0,0,0,7104,8576,341248,401280,358464,336768,776320,0,1344,335872,0,0,0,0,0,0,0,0,0,0,0,0,0,0,401152,128,585,1376,1597493124,170378149,767744,0
581,1116992,0,0,0,7232,8960,342336,399360,359104,336960,776384,0,1408,337024,0,0,0,0,0,0,0,0,0,0,0,0,0,0,399232,128,595,1410,788773307,3465543680,767424,0
582,1116544,0,0,0,6784,8704,345280,401088,354688,332864,780096,0,1344,339904,0,0,0,0,0,0,0,0,0,0,0,0,0,0,400960,128,579,1374,2525378929,3095113644,771392,0
583,2236928,0,0,0,11200,10496,564736,1149376,501120,479488,1753408,11008,1344,559552,68480,0,19520,0,0,1,0,0,0,0,0,0,22720,384,1126144,128,586,1392,864499924,1939993134,1742912,0
584,1116864,0,0,0,4032,9536,434048,465728,203520,177664,935232,0,1472,428608,0,0,0,0,0,0,0,0,0,0,0,0,0,0,465600,128,589,1397,912611679,2866887215,925696,0
585,1116416,0,0,0,3968,9152,430720,485184,187392,161152,951424,0,1344,425472,0,0,0,0,0,0,0,0,0,0,0,0,0,0,485056,128,583,1397,2306408620,1914666191,942272,0
586,1116864,0,0,0,3968,9344,458368,457664,187520,161280,951680,0,1408,453184,0,0,0,0,0,0,0,0,0,0,0,0,0,0,457536,128,576,1377,2665904680,1916927573,942336,0
587,1116672,0,0,0,6080,23104,455744,454720,177024,150976,961600,0,1408,450240,0,0,0,0,0,0,0,0,0,0,0,0,0,0,454592,128,578,1378,427465294,951359586,938496,0
588,1116992,0,0,0,6080,9216,523072,453632,124992,97984,1014848,4800,1408,517696,46144,0,10752,0,0,1,0,0,0,0,0,0,24000,320,429184,128,587,1400,425898667,2365238255,1005632,0
589,1116032,0,0,0,5184,9920,481408,526464,93056,67200,1044416,0,1408,476032,0,0,0,0,0,0,0,0,0,0,0,0,0,0,526336,128,582,1385,4136568060,2721298165,1034496,0
590,1116608,0,0,0,3904,9472,472576,460864,169792,138048,974528,0,1408,467072,0,0,0,0,0,0,0,0,0,0,0,0,0,0,460736,128,578,1379,1205727881,3305415893,965056,0
591,1116928,0,0,0,3840,9216,503744,462656,137472,111296,1001664,4800,1408,498432,41088,0,10752,0,0,1,0,0,0,0,0,0,19200,128,443200,128,586,1390,2361005448,19917916,992448,0
592,1116928,0,0,0,3840,9024,458752,459392,185920,159872,953088,0,1472,453440,0,0,0,0,0,0,0,0,0,0,0,0,0,0,459264,128,589,1390,3174437494,2101150028,944064,0
593,1116352,0,0,0,4736,8960,525440,509504,67712,41472,1070976,4928,1408,520128,45696,0,12032,0,0,1,0,0,0,0,0,0,20160,704,488512,128,583,1382,3624826293,3548149307,1062016,0
594,1116800,0,0,0,4800,9216,485376,461696,155712,129728,983104,0,1344,480000,0,0,0,0,0,0,0,0,0,0,0,0,0,0,461568,128,588,1389,4124210093,1772484157,973888,0
595,1116864,0,0,0,3840,9344,511424,462592,129664,103552,1009472,0,1408,506112,0,0,0,0,0,0,0,0,0,0,0,0,0,0,462464,128,584,1387,773642422,2336637889,1000128,0
596,1116480,0,0,0,3840,9344,523392,492416,87488,61056,1051392,4800,1408,518080,38976,0,9344,0,0,1,0,0,0,0,0,0,18304,64,473920,128,578,1381,3804564311,3698943234,1042048,0
597,1116992,0,0,0,3840,8896,515072,462464,126720,100160,1012992,4992,1344,509696,47168,0,12352,0,0,1,0,0,0,0,0,0,22144,448,439744,128,583,1386,693147293,3111265907,1004096,0
598,1116224,0,0,0,3904,10432,434432,442304,225152,198848,913408,0,1408,429248,0,0,0,0,0,0,0,0,0,0,0,0,0,0,442176,128,583,1384,2287267389,2461783784,902976,0
599,1116736,0,0,0,4480,9088,531264,510336,61568,35264,1077312,28352,1408,526144,91200,0,10944,0,1,1,0,0,0,0,0,0,20736,704,488768,128,591,1408,127008005,188591361,1068224,0
600,1115200,0,0,0,4032,9024,511552,501632,88960,64448,1046784,27648,1408,506304,97088,0,11136,0,1,1,0,0,0,0,0,0,21632,14720,465152,128,593,1411,2463485259,3792036195,1037760,0
601,1116800,0,0,0,3968,8832,402624,500928,200448,175872,937024,0,1344,397312,0,0,0,0,0,0,0,0,0,0,0,0,0,0,500800,128,593,1410,3563898244,3714503288,928192,0
602,1116480,0,0,0,5952,9344,395136,433664,272384,248000,864448,0,1408,389824,0,0,0,0,0,0,0,0,0,0,0,0,0,0,433536,128,584,1397,2434589177,2064831827,855104,0
603,1116736,0,0,0,5888,8832,392448,431040,278528,254208,858560,0,1472,387008,0,0,0,0,0,0,0,0,0,0,0,0,0,0,430848,192,570,1350,3338814290,1459201971,849728,0
604,1116800,0,0,0,6528,9152,400128,430464,270528,245952,866752,0,1344,394880,0,0,0,0,0,0,0,0,0,0,0,0,0,0,430336,128,582,1376,2540381966,2277136816,857600,0
605,1116672,0,0,0,6080,9152,388096,430720,282624,257920,854656,0,1344,382656,0,0,0,0,0,0,0,0,0,0,0,0,0,0,430592,128,570,1351,2426560562,3189573234,845504,0
606,1116480,0,0,0,2432,9216,396224,430528,278080,248000,864576,0,1408,390912,0,0,0,0,0,0,0,0,0,0,0,0,0,0,430400,128,573,1352,3190380975,865747643,855360,0
607,1116736,0,0,0,2432,9024,450816,449024,205440,181184,931584,5056,1408,445376,45440,0,10880,0,0,1,0,0,0,0,0,0,22272,128,426496,128,568,1353,3246317722,2840212767,922560,0
608,1116928,0,0,0,2304,8960,485312,454976,165376,140864,972096,3648,1408,479872,48960,0,11072,0,0,1,0,0,0,0,0,0,25216,576,429056,128,586,1380,719619322,3355404853,963136,0
609,1116480,0,0,0,2368,9088,364096,418944,321984,297216,815424,0,1408,358784,0,0,0,0,0,0,0,0,0,0,0,0,0,0,418816,128,587,1375,1837143654,3353963839,806336,0
610,1116864,0,0,0,10816,9984,431360,408192,256512,225856,886016,4672,1408,425600,48960,0,9344,0,0,1,0,0,0,0,0,0,21312,128,386624,128,583,1356,1505530541,313120346,876032,0
611,1676416,0,0,0,4288,23232,790144,464768,393984,369280,1303168,45568,1472,784768,85440,0,9600,0,1,1,0,0,0,0,0,0,22784,128,441728,128,575,1371,2079691295,1851770290,1279936,0
612,1116736,0,0,0,4352,23552,430080,451520,207232,182976,929792,0,1536,424704,0,0,0,0,0,0,0,0,0,0,0,0,0,0,451392,128,579,1377,701043307,2904095361,906240,0
613,1116736,0,0,0,4416,24832,404224,434752,248512,224000,888768,0,1408,398976,0,0,0,0,0,0,0,0,0,0,0,0,0,0,434624,128,571,1361,2007045310,1599978600,863936,0
614,1116736,0,0,0,4352,22784,427520,436544,225536,200768,912128,0,1408,422208,0,0,0,0,0,0,0,0,0,0,0,0,0,0,436416,128,574,1371,3102991915,3214901409,889344,0
615,1116608,0,0,0,6016,8960,461184,472000,168448,143808,968960,0,1344,455872,0,0,0,0,0,0,0,0,0,0,0,0,0,0,471872,128,575,1380,1459463286,2250550569,960000,0
616,1116480,0,0,0,4352,9216,460736,515008,127168,102528,1009984,0,1408,455360,0,0,0,0,0,0,0,0,0,0,0,0,0,0,514880,128,579,1388,2880778128,1536561919,1000768,0
617,1116928,0,0,0,6400,23296,509120,442432,135680,110912,1001792,0,1344,503744,0,0,0,0,0,0,0,0,0,0,0,0,0,0,442304,128,579,1391,2163603598,3626459701,978496,0
618,1116480,0,0,0,6528,9024,536448,448320,116160,91904,1020480,0,1408,530944,0,0,0,0,0,0,0,0,0,0,0,0,0,0,448192,128,581,1397,2931711407,3398545430,1011456,0
619,1676800,0,0,0,4288,23552,615360,495616,537984,513408,1159424,4928,1664,609536,48896,0,12288,0,0,1,0,0,0,0,0,0,22656,768,472064,128,566,1360,1109554119,460150485,1135872,0
620,1116672,0,0,0,4352,23808,516096,477184,95232,70848,1041856,4672,1472,510784,43520,0,9152,0,0,1,0,0,0,0,0,0,22656,128,454272,128,570,1382,3616739682,3445369373,1018048,0
621,1116736,0,0,0,4416,23680,310400,466176,312064,287488,825344,0,1472,304896,0,0,0,0,0,0,0,0,0,0,0,0,0,0,466048,128,572,1386,2799427412,2764896488,801664,0
622,1116800,0,0,0,6528,22912,312640,455040,319680,289280,823360,0,1408,307264,0,0,0,0,0,0,0,0,0,0,0,0,0,0,454912,128,573,1390,2352035381,3267305295,800448,0
623,1116480,0,0,0,6464,9024,337984,479552,283456,259200,853184,0,1408,332672,0,0,0,0,0,0,0,0,0,0,0,0,0,0,479424,128,570,1401,1781357580,1355030686,844160,0
624,1116736,0,0,0,5632,9152,411904,483648,206400,181760,930944,0,1408,406528,0,0,0,0,0,0,0,0,0,0,0,0,0,0,483520,128,579,1399,934613146,2365484327,921792,0
625,1116672,0,0,0,4352,9152,407296,452544,243328,219072,893696,0,1472,401984,0,0,0,0,0,0,0,0,0,0,0,0,0,0,452416,128,580,1404,1178296241,3594052764,884544,0
626,1116736,0,0,0,4288,8832,384576,422272,296768,272192,840704,0,1408,379264,0,0,0,0,0,0,0,0,0,0,0,0,0,0,422144,128,591,1417,1238171177,1663404430,831872,0
627,1116480,0,0,0,4480,8960,407872,420352,274816,250432,862208,0,1344,402496,0,0,0,0,0,0,0,0,0,0,0,0,0,0,420224,128,575,1385,3860959238,3952866907,853248,0
628,1116416,0,0,0,4288,9984,543552,467136,91456,66944,1045632,4736,1344,538304,48384,0,12288,0,0,1,0,0,0,0,0,0,22464,640,443904,128,598,1450,1429451021,548609609,1035648,0
629,1116800,0,0,0,6336,9088,406592,451328,243456,218496,894144,0,1408,401344,0,0,0,0,0,0,0,0,0,0,0,0,0,0,451200,128,591,1418,2251875495,1531503807,885056,0
630,1116672,0,0,0,6400,9280,412224,463808,224960,200448,912128,0,1408,406976,0,0,0,0,0,0,0,0,0,0,0,0,0,0,463680,128,581,1398,3330968181,1483408928,902848,0
631,1116736,0,0,0,5568,9024,439808,447680,214656,189952,922816,0,1472,434304,0,0,0,0,0,0,0,0,0,0,0,0,0,0,447552,128,575,1396,3878364414,114632154,913792,0
632,1116608,0,0,0,4224,8832,431232,449280,223040,198528,914176,0,1408,426048,0,0,0,0,0,0,0,0,0,0,0,0,0,0,449152,128,576,1393,2965721621,2076436384,905344,0
633,1116416,0,0,0,4224,8896,433920,447616,221760,197248,915264,0,1408,428608,0,0,0,0,0,0,0,0,0,0,0,0,0,0,447488,128,584,1412,2039921186,924071571,906368,0
634,1116928,0,0,0,4224,8960,491776,480960,131008,106496,1006464,4928,1408,486592,60032,0,11008,0,0,1,0,0,0,0,0,0,21568,14144,445120,128,560,1355,1111184704,2952897318,997504,0
635,1116544,0,0,0,4160,9088,422656,420928,259712,235264,877376,0,1408,417344,0,0,0,0,0,0,0,0,0,0,0,0,0,0,420800,128,565,1362,2105438853,335244206,868288,0
636,1116800,0,0,0,4224,9280,391040,419136,293120,268544,844352,0,1408,385664,0,0,0,0,0,0,0,0,0,0,0,0,0,0,419008,128,555,1340,1508875998,1529751972,835072,0
637,1676928,0,0,0,12288,9152,631808,860480,163200,138688,1534144,78656,1408,626368,188672,0,22080,0,2,2,0,0,0,0,0,0,47168,2432,810752,128,550,1345,1656144024,377367540,1524992,0
638,1676608,0,0,0,11776,23936,603584,464448,572864,542208,1130304,4736,1344,598144,49536,0,12224,0,0,1,0,0,0,0,0,0,22912,640,440768,128,544,1316,889908412,2171607424,1106368,0
639,1116864,0,0,0,4288,23616,427712,461120,200128,175360,937600,0,1344,422400,0,0,0,0,0,0,0,0,0,0,0,0,0,0,460992,128,546,1321,2518356991,2169839845,913984,0
640,1116608,0,0,0,6400,23424,391296,442944,252544,225280,887360,0,1408,385792,0,0,0,0,0,0,0,0,0,0,0,0,0,0,442816,128,546,1319,880603957,2122973158,863936,0
641,1116608,0,0,0,6400,9024,438592,443968,218624,194048,918528,0,1408,433408,0,0,0,0,0,0,0,0,0,0,0,0,0,0,443840,128,543,1318,1654023110,1173766805,909504,0
642,1116992,0,0,0,5504,10112,484096,477504,139776,115328,997696,0,1280,478720,0,0,0,0,0,0,0,0,0,0,0,0,0,0,477376,128,550,1321,2218170370,2113064495,987584,0
643,1116416,0,0,0,4224,9152,483008,437632,182400,158080,954432,4800,1408,477888,42880,0,9216,0,0,1,0,0,0,0,0,0,22400,128,414976,128,566,1360,2909738973,2774926428,945280,0
644,1116544,0,0,0,6208,9152,508288,452672,140224,115904,996544,8320,1408,502912,91136,0,21184,0,0,2,0,0,0,0,0,0,46656,640,405248,128,577,1395,951966826,1536151537,987392,0
645,1116800,0,0,0,6400,8960,391744,429760,279936,254848,857920,0,1408,386368,0,0,0,0,0,0,0,0,0,0,0,0,0,0,429632,128,566,1357,835182758,1898184021,848960,0
646,1116672,0,0,0,6848,8896,441088,433728,226112,201856,910848,0,1408,435520,0,0,0,0,0,0,0,0,0,0,0,0,0,0,433600,128,557,1328,2525194767,3653924693,901952,0
647,1676800,0,0,0,15552,23616,636864,432576,568192,543872,1128768,3648,1344,631552,67136,0,11584,0,0,1,0,0,0,0,0,0,27968,128,404288,192,543,1291,1809433140,639314984,1105152,0
648,1116672,0,0,0,4160,9024,455680,418176,229632,205184,907520,0,1408,450496,0,0,0,0,0,0,0,0,0,0,0,0,0,0,418048,128,538,1277,1647385908,2524784605,898496,0
649,1116672,0,0,0,6208,9088,324224,485120,292032,267776,844800,0,1408,318976,0,0,0,0,0,0,0,0,0,0,0,0,0,0,484992,128,536,1279,1755192352,2307816703,835712,0
650,1116480,0,0,0,6080,9280,399104,436096,265920,241408,871104,4736,1408,393792,41472,0,9088,0,0,1,0,0,0,0,0,0,21056,128,414784,128,528,1230,1059809480,1372584263,861824,0
651,1677312,0,0,0,11968,23296,660352,490560,491136,466112,1207168,4800,1472,654848,51072,0,11008,0,0,1,0,0,0,0,0,0,24128,1728,464576,128,531,1250,1541138682,3495611475,1183872,0
652,1116160,0,0,0,3968,23424,456256,455872,176640,152128,960128,0,1408,450944,0,0,0,0,0,0,0,0,0,0,0,0,0,0,455744,128,525,1232,1087263667,2144077270,936704,0
653,1116800,0,0,0,3968,23104,420288,446336,223104,198912,913984,0,1408,414976,0,0,0,0,0,0,0,0,0,0,0,0,0,0,446208,128,532,1248,2191338253,660469646,890880,0
654,1116416,0,0,0,3904,9152,502400,446592,154368,124416,988032,0,1408,496896,0,0,0,0,0,0,0,0,0,0,0,0,0,0,446464,128,527,1241,1464257858,1814533557,978880,0
655,1116736,0,0,0,4096,23616,535936,489792,63296,38784,1074112,36352,1408,530112,80768,0,12416,0,1,1,0,0,0,0,0,0,22464,640,466560,128,532,1269,3474682097,1247297146,1050496,0
656,1116736,0,0,0,6144,8832,419200,460864,221696,197248,915584,0,1408,413760,0,0,0,0,0,0,0,0,0,0,0,0,0,0,460736,128,530,1275,1891296182,3065275925,906752,0
657,1117312,0,0,0,7872,24640,394240,432128,258432,233600,879744,0,1408,388736,0,0,0,0,0,0,0,0,0,0,0,0,0,0,432000,128,518,1222,2662288121,631144465,855104,0
658,1116032,0,0,0,5248,9088,354944,427456,319296,294784,817280,0,1408,349504,0,0,0,0,0,0,0,0,0,0,0,0,0,0,427328,128,510,1196,139518135,3890083272,808192,0
659,1116800,0,0,0,3968,9152,475712,451264,176704,152256,960704,0,1408,470400,0,0,0,0,0,0,0,0,0,0,0,0,0,0,451136,128,522,1222,1506483337,1640676482,951552,0
660,1116480,0,0,0,9216,9152,430656,442240,225216,198976,913408,4672,1408,425280,49472,0,9088,0,0,1,0,0,0,0,0,0,21184,320,420608,128,518,1224,1071672210,3771393332,904256,0
661,1116608,0,0,0,4160,8704,437056,439104,227584,203264,909632,4800,1408,431744,48256,0,12352,0,0,1,0,0,0,0,0,0,22336,640,416000,128,537,1274,3532487131,4035125195,900928,0
662,1116672,0,0,0,4096,8576,340160,433280,330560,310720,802368,0,1408,334976,0,0,0,0,0,0,0,0,0,0,0,0,0,0,433152,128,539,1284,1278644595,1003827264,793792,0
663,1116672,0,0,0,4224,8704,300672,434944,368128,348416,764800,0,1408,295360,0,0,0,0,0,0,0,0,0,0,0,0,0,0,434816,128,546,1310,1242056910,3252130601,756096,0
664,1116864,0,0,0,4160,8640,300480,421696,381888,361728,751616,0,1472,295104,0,0,0,0,0,0,0,0,0,0,0,0,0,0,421568,128,549,1298,3870652794,147208343,742976,0
665,1116800,0,0,0,4096,8832,388480,422656,292736,272768,840448,0,1408,383232,0,0,0,0,0,0,0,0,0,0,0,0,0,0,422528,128,554,1332,2688594402,2162431718,831616,0
666,1116608,0,0,0,4160,8768,309440,423040,371200,351488,761536,0,1344,304192,0,0,0,0,0,0,0,0,0,0,0,0,0,0,422848,192,552,1329,1398307867,3388444083,752768,0
667,1116480,0,0,0,10624,8576,410048,445504,241728,221824,891072,4864,1408,404800,47808,0,10816,0,0,1,0,0,0,0,0,0,24128,576,420672,128,553,1336,1655750667,3679017952,882496,0
668,1116800,0,0,0,4096,8768,295424,431360,377152,357440,755840,0,1408,290240,0,0,0,0,0,0,0,0,0,0,0,0,0,0,431232,128,561,1359,2946462688,1584564585,747072,0
669,1117056,0,0,0,4096,8576,348928,447296,308160,287744,825792,4928,1408,343680,45184,0,10624,0,0,1,0,0,0,0,0,0,21312,640,425216,128,558,1343,4275773235,2972110471,817216,0
670,1115968,0,0,0,4096,8704,343744,429184,330240,304960,807552,0,1408,338368,0,0,0,0,0,0,0,0,0,0,0,0,0,0,428992,192,552,1324,49261055,4247013278,798848,0
671,1116992,0,0,0,4096,8512,422976,473728,207680,187776,925760,7040,1408,417664,89152,0,21248,0,0,2,0,0,0,0,0,0,44800,1856,426944,128,567,1347,3995465879,3309699230,917248,0
672,1676544,0,0,0,4352,24704,600896,502592,544000,524416,1148544,4992,1344,595712,48320,0,10752,0,0,1,0,0,0,0,0,0,24128,576,477760,128,569,1359,3315301397,3410115191,1123840,0
673,1116608,0,0,0,4480,8832,466752,449792,186752,167424,945664,0,1280,461312,0,0,0,0,0,0,0,0,0,0,0,0,0,0,449664,128,550,1295,3229901224,1486925930,936832,0
674,1116608,0,0,0,4352,22592,406464,500352,182848,163072,949888,4864,1408,401216,50368,0,12416,0,0,1,0,0,0,0,0,0,23744,1152,475328,128,541,1276,2488978391,4291440786,927296,0
675,1116800,0,0,0,4352,9024,389504,463296,250624,230912,882176,0,1472,384192,0,0,0,0,0,0,0,0,0,0,0,0,0,0,463104,192,544,1263,1440267849,243784158,873152,0
676,1116672,0,0,0,5248,8640,417216,477248,208320,188224,924864,0,1408,411904,0,0,0,0,0,0,0,0,0,0,0,0,0,0,477120,128,542,1283,601216636,1276255891,916224,0
677,1116800,0,0,0,6656,22656,420800,426368,240320,220224,892992,0,1408,415424,0,0,0,0,0,0,0,0,0,0,0,0,0,0,426240,128,513,1192,4045837565,1084786774,870336,0
678,1116480,0,0,0,5504,8512,399232,428544,274688,254976,857984,0,1408,393856,0,0,0,0,0,0,0,0,0,0,0,0,0,0,428416,128,502,1164,4205086508,4019238794,849472,0
679,1116608,0,0,0,4992,8576,443008,428864,231168,211456,901632,0,1408,437760,0,0,0,0,0,0,0,0,0,0,0,0,0,0,428672,192,515,1185,1605541093,1624891422,893056,0
680,1116608,0,0,0,4352,8704,567168,480384,56000,36480,1076544,28800,1344,561920,101696,0,18880,0,1,2,0,0,0,0,0,0,37568,192,442496,128,533,1215,3330072368,3957736239,1067840,0
681,1117312,0,0,0,5312,8448,513344,451008,139200,118720,995008,0,1408,507968,3008,0,0,0,0,1,0,0,0,0,0,0,0,128,450752,128,501,1175,3040511468,3221377490,986560,0
682,1116096,0,0,0,4288,8576,566528,431360,105344,85440,1027072,0,1344,561216,0,0,0,0,0,0,0,0,0,0,0,0,0,0,431232,128,499,1180,2847514808,2162743779,1018496,0
683,1677056,0,0,0,10880,8896,692032,479936,485312,465408,1207936,0,1408,686592,3008,0,0,0,0,1,0,0,0,0,0,0,0,192,479616,128,536,1252,766927224,2911389914,1199040,0
684,1116416,0,0,0,5504,8448,550400,463872,88192,68224,1044608,0,1408,544896,0,0,0,0,0,0,0,0,0,0,0,0,0,0,463744,128,532,1235,2449492857,3323736914,1036160,0
685,1116608,0,0,0,4224,8832,502848,446848,153856,134336,978624,0,1408,497536,0,0,0,0,0,0,0,0,0,0,0,0,0,0,446720,128,513,1201,3174411749,3329127933,969792,0
686,1676864,0,0,0,6144,9920,621568,472704,566528,541184,1132096,0,1472,616192,0,0,0,0,0,0,0,0,0,0,0,0,0,0,472576,128,539,1254,164718366,521414041,1122176,0
687,1677184,0,0,0,6336,8896,627136,490432,544384,523648,1149888,0,1472,621760,2944,0,0,0,0,1,0,0,0,0,0,0,0,128,490176,128,562,1304,1330464988,2900147244,1140992,0
688,1116480,0,0,0,4096,8768,335872,478400,289344,269568,843456,0,1408,330496,0,0,0,0,0,0,0,0,0,0,0,0,0,0,478272,128,560,1303,31107073,1951244526,834688,0
689,1116416,0,0,0,4160,8640,508480,488896,106240,86592,1026240,0,1472,503232,2752,0,0,0,0,1,0,0,0,0,0,0,0,320,488448,128,591,1393,3856803754,2063001567,1017600,0
690,1116992,0,0,0,6208,9024,367744,490560,243456,223424,889792,0,1408,362304,0,0,0,0,0,0,0,0,0,0,0,0,0,0,490432,128,591,1389,1138195202,4024801985,880768,0
691,1116480,0,0,0,6464,9152,483136,474880,142848,123328,989376,0,1408,477632,0,0,0,0,0,0,0,0,0,0,0,0,0,0,474752,128,591,1388,3741433764,2563822841,980224,0
692,1116544,0,0,0,6080,9088,480320,460352,160704,141184,971520,0,1472,475072,0,0,0,0,0,0,0,0,0,0,0,0,0,0,460224,128,593,1390,1097730010,2894765545,962432,0
693,1116800,0,0,0,6208,8896,610304,465920,25472,5184,1107968,4800,1344,604928,44928,0,10624,0,0,1,0,0,0,0,0,0,22592,128,443072,128,578,1397,3904947874,4135055137,1099072,0
694,1116608,0,0,0,5248,8768,563072,463936,75584,55872,1057088,0,1408,557696,0,0,0,0,0,0,0,0,0,0,0,0,0,0,463808,128,570,1368,3447366257,1250198621,1048320,0
695,1116672,0,0,0,3904,8576,450752,466432,187008,167040,946176,0,1408,445440,0,0,0,0,0,0,0,0,0,0,0,0,0,0,466304,128,572,1353,376960394,633375302,937600,0
696,1116672,0,0,0,3968,8704,443520,457216,203264,183424,929664,0,1408,438272,0,0,0,0,0,0,0,0,0,0,0,0,0,0,457088,128,569,1335,7002795,1980732673,920960,0
697,1116544,0,0,0,6144,8832,415040,413440,273088,253568,859392,0,1408,409920,0,0,0,0,0,0,0,0,0,0,0,0,0,0,413312,128,562,1311,2530628724,1447705090,850560,0
698,1116800,0,0,0,5952,8704,417408,406208,278528,258688,854528,0,1344,412160,0,0,0,0,0,0,0,0,0,0,0,0,0,0,406080,128,564,1319,1833241510,254732359,845824,0
699,1116672,0,0,0,8384,8704,374784,439552,285248,264768,848320,4864,1408,369344,41152,0,10048,0,0,1,0,0,0,0,0,0,19264,128,420032,128,563,1309,3480124521,2440153070,839616,0
700,1116544,0,0,0,4800,8576,285120,379200,438848,419136,693952,0,1408,279808,0,0,0,0,0,0,0,0,0,0,0,0,0,0,379072,128,550,1287,1785108223,1283056684,685376,0
701,1116672,0,0,0,6336,9792,356288,379968,364288,344832,768384,4864,1344,350912,44288,0,10560,0,0,1,0,0,0,0,0,0,21696,64,358080,128,544,1277,1756563189,261723936,758592,0
702,1116480,0,0,0,3904,8448,436288,397504,270336,245056,867968,7104,1280,431040,95616,0,21888,0,0,2,0,0,0,0,0,0,45568,2496,349312,128,537,1256,3848298104,3343107384,859520,0
703,1116800,0,0,0,3904,8704,273216,377984,452992,433152,680128,0,1408,267968,0,0,0,0,0,0,0,0,0,0,0,0,0,0,377856,128,546,1267,3396051490,4021672957,671424,0
704,1116672,0,0,0,3840,8448,401408,434688,268288,248512,864704,9664,1408,396032,85824,0,21824,0,0,2,0,0,0,0,0,0,38976,256,395328,128,543,1254,402242434,2057171682,856256,0
705,1117184,0,0,0,8896,8384,525504,450560,123840,103360,1010304,33472,1408,520128,118592,0,23616,0,1,2,0,0,0,0,0,0,43904,896,405632,128,527,1212,1576037942,405353449,1001920,0
706,1116160,0,0,0,3840,8832,286656,415232,401600,381696,730880,0,1408,281408,6080,0,0,0,0,2,0,0,0,0,0,0,0,256,414848,128,529,1218,1049006984,1241846806,722048,0
707,1116992,0,0,0,3904,22528,340480,368384,381696,361472,752000,4928,1344,335104,44352,0,10816,0,0,1,0,0,0,0,0,0,20736,576,346944,128,527,1211,2929327290,530008817,729472,0
708,1116096,0,0,0,3776,8704,293312,364160,446144,426112,686464,0,1408,288000,0,0,0,0,0,0,0,0,0,0,0,0,0,0,364032,128,528,1216,1688602876,214333420,677760,0
709,1116736,0,0,0,3840,8896,308032,363904,432064,412416,700672,0,1408,302656,0,0,0,0,0,0,0,0,0,0,0,0,0,0,363776,128,526,1214,844979289,735915685,691776,0
710,1116480,0,0,0,5888,8768,300288,365312,436224,416256,696576,0,1472,294976,0,0,0,0,0,0,0,0,0,0,0,0,0,0,365184,128,526,1214,3630933465,3845698658,687808,0
711,1116736,0,0,0,5888,8576,298944,364864,438464,417984,695104,0,1408,293632,0,0,0,0,0,0,0,0,0,0,0,0,0,0,364736,128,527,1213,2873709138,3502730486,686528,0
712,1116544,0,0,0,4416,8384,292928,364800,446016,426240,686720,0,1408,287616,0,0,0,0,0,0,0,0,0,0,0,0,0,0,364672,128,519,1207,2529397111,4214224593,678336,0
713,1117184,0,0,0,2432,8704,423488,426304,256256,236096,877568,9280,1408,418112,93568,0,23104,0,0,2,0,0,0,0,0,0,43520,1408,381248,128,520,1214,3141277117,252757869,868864,0
714,1116160,0,0,0,2304,8832,282304,390400,432320,412544,700160,0,1408,277056,0,0,0,0,0,0,0,0,0,0,0,0,0,0,390272,128,527,1229,3343145365,2854594170,691328,0
715,1116608,0,0,0,2304,8832,309824,389696,405952,386112,726976,0,1344,304448,0,0,0,0,0,0,0,0,0,0,0,0,0,0,389568,128,545,1263,2499634697,2831594850,718144,0
716,1116864,0,0,0,2432,8832,285120,380864,439616,420032,693248,0,1408,279808,0,0,0,0,0,0,0,0,0,0,0,0,0,0,380736,128,549,1266,2680725396,1483750558,684416,0
717,1117056,0,0,0,3840,9920,387520,424832,290944,270720,842880,4736,1472,382272,42688,0,10368,0,0,1,0,0,0,0,0,0,18624,128,405888,192,556,1279,3010220276,1005564826,832960,0
718,2237120,0,0,0,14848,9024,1099584,643392,470272,444352,1788672,314304,1472,1094272,511168,0,27968,0,0,2,0,0,0,0,0,0,142464,2880,497920,128,497,1184,1109498821,1995957461,1779648,0
719,1115904,0,0,0,6016,8768,463488,458688,178944,158784,953408,0,1344,458112,0,0,0,0,0,0,0,0,0,0,0,0,0,0,458560,128,491,1165,1896862705,3940091287,944640,0
720,1116672,0,0,0,6144,8832,392896,377152,331648,311936,801024,0,1408,387648,0,0,0,0,0,0,0,0,0,0,0,0,0,0,377024,128,488,1155,389045870,234009112,792192,0
721,1116992,0,0,0,7552,8832,395456,376576,328576,308672,804608,0,1408,390016,0,0,0,0,0,0,0,0,0,0,0,0,0,0,376448,128,495,1174,2724156991,4032207813,795776,0
722,1116480,0,0,0,5888,8640,409088,387456,305408,285376,827584,0,1344,403776,0,0,0,0,0,0,0,0,0,0,0,0,0,0,387328,128,485,1155,374590688,1145350799,818944,0
723,1677184,0,0,0,9472,22912,699584,459712,485504,465280,1208256,152576,1344,694400,265152,0,23680,0,2,2,0,0,0,0,0,0,43904,768,414848,192,504,1209,652581570,1194143311,1185344,0
724,1116352,0,0,0,3904,8768,426112,409152,268416,248704,864064,0,1408,420672,0,0,0,0,0,0,0,0,0,0,0,0,0,0,409024,128,512,1239,3477159558,2635289424,855296,0
725,1116416,0,0,0,3968,22656,452544,426560,210688,190784,922112,3392,1472,447104,44352,0,10816,0,0,1,0,0,0,0,0,0,23040,64,403328,128,508,1227,1713063188,3245821325,899456,0
726,1116864,0,0,0,9920,8704,440128,442944,215168,195200,918016,0,1408,434880,0,0,0,0,0,0,0,0,0,0,0,0,0,0,442816,128,512,1242,3669204783,3494437041,909312,0
727,1116800,0,0,0,4160,8576,422336,398464,283264,263296,850048,0,1344,417088,0,0,0,0,0,0,0,0,0,0,0,0,0,0,398336,128,511,1235,2174265508,2232862856,841472,0
728,1116608,0,0,0,4096,8768,422912,397376,283456,263488,849600,0,1344,417600,0,0,0,0,0,0,0,0,0,0,0,0,0,0,397248,128,517,1257,4279913503,4045923154,840832,0
729,1116608,0,0,0,4096,8448,398720,375168,330176,310272,802752,0,1344,393472,0,0,0,0,0,0,0,0,0,0,0,0,0,0,375040,128,500,1200,3077444803,3958587778,794304,0
730,1116352,0,0,0,4096,8768,390720,365504,347264,327808,785024,0,1408,385472,0,0,0,0,0,0,0,0,0,0,0,0,0,0,365376,128,499,1200,3083083942,2693218391,776256,0
731,1116800,0,0,0,4096,10048,406208,367296,329152,309248,804032,0,1536,400640,0,0,0,0,0,0,0,0,0,0,0,0,0,0,367168,128,502,1212,4005136775,43156416,793984,0
732,1117056,0,0,0,4224,8768,494656,369664,239744,219712,893824,31232,1408,489344,81216,0,10944,0,1,1,0,0,0,0,0,0,23360,576,345600,128,496,1201,3967528272,1604586763,885056,0
733,1676352,0,0,0,11648,23232,725248,453248,462976,443200,1229312,17600,1408,719872,100096,0,23360,0,0,1,0,0,0,0,0,0,35968,640,416512,128,506,1240,1341013794,2627898585,1206080,0
734,1116800,0,0,0,4352,23040,454592,402240,232576,207168,906048,0,1472,449344,0,0,0,0,0,0,0,0,0,0,0,0,0,0,402112,128,516,1250,1678559021,3658942868,883008,0
735,1116864,0,0,0,6848,22656,534016,490048,63296,42752,1070464,0,1536,528640,0,0,0,0,0,0,0,0,0,0,0,0,0,0,489920,128,575,1372,1235390618,3146945030,1047808,0
736,1116352,0,0,0,7168,8640,467520,393792,239232,219584,893056,0,1408,462208,0,0,0,0,0,0,0,0,0,0,0,0,0,0,393664,128,573,1368,3882956747,2306981601,884416,0
737,1116608,0,0,0,5376,22592,471104,422144,195392,175552,937472,0,1408,465792,0,0,0,0,0,0,0,0,0,0,0,0,0,0,422016,128,579,1380,1949551902,4228823327,914880,0
738,1116672,0,0,0,4224,8640,430976,387840,284992,265344,847808,0,1344,425536,0,0,0,0,0,0,0,0,0,0,0,0,0,0,387712,128,579,1375,2717074890,3907326442,839168,0
739,1116672,0,0,0,4224,8704,446144,388928,268672,248960,864128,0,1344,440768,0,0,0,0,0,0,0,0,0,0,0,0,0,0,388800,128,588,1409,4127856152,280378785,855424,0
740,1116672,0,0,0,10368,8832,522368,427200,147904,128000,985024,8192,1408,517056,83136,0,19776,0,0,2,0,0,0,0,0,0,38144,192,388736,128,575,1378,575625101,2530626016,976192,0
741,1116480,0,0,0,6656,8832,419392,401792,279808,260416,852352,0,1408,414016,0,0,0,0,0,0,0,0,0,0,0,0,0,0,401664,128,581,1395,2171201471,1732124806,843520,0
742,1116928,0,0,0,5120,8704,530496,415488,157120,136448,976896,0,1408,524992,4032,0,0,0,0,1,0,0,0,0,0,0,0,192,415104,192,578,1392,2069427628,1628265846,968192,0
743,1116416,0,0,0,6528,8704,495168,398400,207616,187904,925056,0,1408,489984,0,0,0,0,0,0,0,0,0,0,0,0,0,0,398208,192,578,1388,2488318779,2919816239,916352,0
744,1117184,0,0,0,6464,8640,549632,415168,137280,116672,996800,4736,1408,544192,45184,0,10304,0,0,1,0,0,0,0,0,0,22272,64,392704,128,582,1391,1719902794,2530203269,988160,0
745,1116288,0,0,0,5504,8640,503104,396352,202688,182720,929984,0,1408,497792,0,0,0,0,0,0,0,0,0,0,0,0,0,0,396224,128,573,1377,196837245,3766621999,921344,0
746,1116544,0,0,0,3968,10112,517376,397248,187840,167936,945088,0,1472,512000,0,0,0,0,0,0,0,0,0,0,0,0,0,0,397120,128,571,1369,3874375343,91091032,934976,0
747,1116864,0,0,0,3904,8448,502400,397632,204480,184448,928960,0,1408,497152,0,0,0,0,0,0,0,0,0,0,0,0,0,0,397504,128,571,1369,785646375,1762505941,920512,0
748,1116480,0,0,0,3968,8576,486464,396416,221056,201280,911680,0,1408,481152,0,0,0,0,0,0,0,0,0,0,0,0,0,0,396224,192,573,1375,2867285455,2702335753,903104,0
749,1116864,0,0,0,3904,8640,421184,396160,286976,266880,846528,0,1408,415872,0,0,0,0,0,0,0,0,0,0,0,0,0,0,396032,128,574,1377,908247677,3520581010,837888,0
750,1116288,0,0,0,3840,8704,419904,396864,286976,261888,850816,0,1472,414592,0,0,0,0,0,0,0,0,0,0,0,0,0,0,396736,128,578,1381,3334427727,2680596878,842112,0
751,1116736,0,0,0,4864,8640,448064,398784,256384,236160,877056,0,1408,442752,0,0,0,0,0,0,0,0,0,0,0,0,0,0,398656,128,579,1381,2586629541,4004726343,868416,0
752,1116736,0,0,0,5952,8512,400064,399808,302400,282304,830784,4928,1408,394880,42496,0,10432,0,0,1,0,0,0,0,0,0,19904,64,379712,128,580,1379,659025784,1165279039,822272,0
753,1116992,0,0,0,5248,9216,427008,424000,251520,230976,882432,4736,1408,421760,47616,0,10944,0,0,1,0,0,0,0,0,0,22912,128,400832,128,569,1365,3043156974,1170505100,873216,0
754,1116544,0,0,0,6144,8640,449152,407616,244992,225024,887808,46976,1344,443776,93184,0,11392,0,1,1,0,0,0,0,0,0,23296,2432,381760,128,568,1365,5894860,1136460630,879168,0
755,1116288,0,0,0,6080,8704,321792,380352,399360,379648,732864,0,1408,316416,0,0,0,0,0,0,0,0,0,0,0,0,0,0,380224,128,567,1361,3842432205,68155604,724160,0
756,1116736,0,0,0,6144,8832,354048,398144,349568,329856,783232,0,1408,348928,0,0,0,0,0,0,0,0,0,0,0,0,0,0,398016,128,568,1357,2070841972,3255383354,774400,0
757,1117184,0,0,0,9792,8704,500928,442944,154816,134592,978944,35968,1344,495552,158592,0,32576,0,1,3,0,0,0,0,0,0,61056,832,380928,128,572,1360,4144738301,1485198019,970240,0
758,1116224,0,0,0,6144,8448,326272,398016,377344,357568,755200,0,1472,320896,0,0,0,0,0,0,0,0,0,0,0,0,0,0,397888,128,560,1329,1582657895,866484029,746752,0
759,1117056,0,0,0,6016,8768,406208,398720,297344,277120,836288,31872,1344,400768,73536,0,11136,0,1,1,0,0,0,0,0,0,24128,128,374336,128,566,1344,2238945598,2996074741,827520,0
760,1115968,0,0,0,5312,8960,333248,398464,369984,350464,761920,0,1408,327808,0,0,0,0,0,0,0,0,0,0,0,0,0,0,398336,128,571,1397,2700933992,2906765043,752960,0
761,1116544,0,0,0,3968,8704,349888,395008,358976,339264,773760,0,1408,344576,0,0,0,0,0,0,0,0,0,0,0,0,0,0,394880,128,561,1369,2128781866,1598172407,765056,0
762,1116928,0,0,0,3968,9792,354112,395904,353152,333184,780224,0,1408,348544,0,0,0,0,0,0,0,0,0,0,0,0,0,0,395776,128,557,1364,431484727,1841139751,770432,0
763,1116672,0,0,0,5888,8832,324416,395648,381888,361728,751424,0,1408,319040,0,0,0,0,0,0,0,0,0,0,0,0,0,0,395520,128,570,1379,638360772,492246474,742592,0
764,1116800,0,0,0,7744,9920,342080,379968,377088,354432,757568,0,1344,336832,0,0,0,0,0,0,0,0,0,0,0,0,0,0,379840,128,576,1380,3485966443,727159228,747648,0
765,1116800,0,0,0,5952,8640,419264,380992,301952,281856,831424,30336,1344,414080,72768,0,12288,0,1,1,0,0,0,0,0,0,21248,640,358976,128,568,1359,982376846,827590363,822784,0
766,1116224,0,0,0,3776,8768,342528,378112,383040,357632,755072,0,1344,337216,0,0,0,0,0,0,0,0,0,0,0,0,0,0,377984,128,572,1368,360574421,3908220141,746304,0
767,1116736,0,0,0,3840,22528,332864,379072,378432,358400,754752,0,1344,327488,0,0,0,0,0,0,0,0,0,0,0,0,0,0,378944,128,580,1381,657729576,2433763163,732224,0
768,1116544,0,0,0,3712,8832,325824,376896,401280,378432,734592,0,1344,320512,0,0,0,0,0,0,0,0,0,0,0,0,0,0,376768,128,567,1356,3028231684,557970278,725760,0
769,1117184,0,0,0,9024,8768,427520,444480,227392,206784,906752,4928,1408,422272,58048,0,12224,0,0,1,0,0,0,0,0,0,23104,640,420608,128,567,1362,3262723438,1924388940,897984,0
770,1116224,0,0,0,3968,8576,356352,379968,367360,347392,765312,0,1408,351104,0,0,0,0,0,0,0,0,0,0,0,0,0,0,379840,128,566,1343,829591601,1374001297,756736,0
771,1116928,0,0,0,4096,8640,450112,425920,228160,208448,904960,4992,1408,444800,43520,0,10688,0,0,1,0,0,0,0,0,0,18688,128,406976,128,566,1341,1011583657,2612163779,896320,0
772,1676864,0,0,0,6080,8768,706496,414080,541440,521408,1151680,214912,1408,700992,270784,0,17408,0,0,1,0,0,0,0,0,0,26240,2432,385280,128,583,1383,3982990895,257289906,1142912,0
773,1116032,0,0,0,4224,8768,529408,443392,130240,110400,1002112,7936,1408,524096,90560,0,21120,0,0,2,0,0,0,0,0,0,45504,192,397504,192,516,1245,1838095934,433136007,993344,0
774,1116928,0,0,0,6272,8512,479296,437568,185280,165440,947968,0,1472,473856,3008,0,0,0,0,1,0,0,0,0,0,0,0,64,437376,128,505,1216,1214100271,768867708,939456,0
775,1116672,0,0,0,6528,8576,445312,403840,252416,232640,880448,0,1472,439872,0,0,0,0,0,0,0,0,0,0,0,0,0,0,403712,128,513,1236,1854661201,2761356553,871872,0
776,1116608,0,0,0,6528,8832,444160,403776,253312,233344,879744,0,1408,438720,0,0,0,0,0,0,0,0,0,0,0,0,0,0,403648,128,504,1223,4161317689,416228190,870912,0
777,1117376,0,0,0,6848,9856,447488,398336,254848,234624,878976,0,1408,442240,0,0,0,0,0,0,0,0,0,0,0,0,0,0,398208,128,511,1222,1441891841,3001024908,869120,0
778,1116352,0,0,0,5120,8768,455488,396608,250368,229760,883072,0,1408,450240,0,0,0,0,0,0,0,0,0,0,0,0,0,0,396480,128,517,1236,3383431689,1075871206,874304,0
779,1116416,0,0,0,3840,8704,446016,397440,260416,240704,872256,0,1344,440640,0,0,0,0,0,0,0,0,0,0,0,0,0,0,397312,128,504,1204,135448415,3830134327,863552,0
780,1116736,0,0,0,3712,8448,445248,390912,268416,248704,864576,0,1344,440000,0,0,0,0,0,0,0,0,0,0,0,0,0,0,390784,128,517,1230,3303221027,790799990,856128,0
781,1116608,0,0,0,3776,8960,447040,389440,267392,247424,865728,0,1408,441792,0,0,0,0,0,0,0,0,0,0,0,0,0,0,389312,128,498,1208,1146498315,4028481781,856768,0
782,1116608,0,0,0,3840,8640,448000,390144,265984,240512,872640,0,1344,442816,0,0,0,0,0,0,0,0,0,0,0,0,0,0,390016,128,502,1218,3683093022,4226312682,864000,0
783,1116928,0,0,0,3840,8768,465024,390336,248960,228928,884416,0,1408,459840,0,0,0,0,0,0,0,0,0,0,0,0,0,0,390208,128,504,1208,3579624711,1867353883,875648,0
784,1116928,0,0,0,3776,8768,516096,414784,173504,151488,961920,4800,1408,510848,49152,0,11840,0,0,1,0,0,0,0,0,0,21760,128,392768,128,501,1212,830723189,3534170065,953152,0
785,1119040,0,0,0,3968,8512,393280,387328,325952,303232,812352,4736,1408,388096,46272,0,10752,0,0,1,0,0,0,0,0,0,23744,128,363328,128,507,1209,4017836211,1876277324,803840,0
786,1113024,0,0,0,4800,8704,428928,369728,300864,278592,830976,30272,1408,423680,71360,0,12288,0,1,1,0,0,0,0,0,0,21632,64,347904,128,510,1220,4167311237,329774473,822272,0
787,1116416,0,0,0,6016,8576,347840,388416,365568,345664,766976,0,1408,342528,0,0,0,0,0,0,0,0,0,0,0,0,0,0,388288,128,509,1226,3979961117,3842711418,758400,0
788,1116864,0,0,0,6016,8704,385536,386368,330240,310272,802816,4864,1408,380224,45056,0,10816,0,0,1,0,0,0,0,0,0,22208,128,363840,192,502,1213,934655242,3094741802,794112,0
789,1116416,0,0,0,6592,8768,437376,462208,201472,181568,931328,3520,1408,432128,44672,0,10624,0,0,1,0,0,0,0,0,0,23360,576,438144,128,563,1342,1152552069,4134037160,922560,0
790,1116800,0,0,0,5696,8704,397824,405248,299328,278848,834432,4800,1408,392512,45248,0,10304,0,0,1,0,0,0,0,0,0,22144,64,382912,128,551,1320,2932868805,2308431101,825728,0
791,1116544,0,0,0,4224,9152,341952,389120,372096,352512,760128,0,1344,336576,0,0,0,0,0,0,0,0,0,0,0,0,0,0,388992,128,558,1333,2138072310,4146891755,750976,0
792,1116480,0,0,0,2368,8448,358144,362304,385216,365888,747072,0,1344,352640,0,0,0,0,0,0,0,0,0,0,0,0,0,0,362176,128,565,1343,1159036259,1868442315,738624,0
793,1116992,0,0,0,2432,9856,344064,362624,398016,377984,735488,0,1472,338688,0,0,0,0,0,0,0,0,0,0,0,0,0,0,362496,128,568,1332,3881144157,3596890046,725632,0
794,1116544,0,0,0,2368,8896,444480,366016,294784,275072,838016,8256,1344,439232,89088,0,21184,0,0,2,0,0,0,0,0,0,45888,512,319488,128,565,1333,542262249,100121764,829120,0
795,1116736,0,0,0,3840,8576,491520,412160,200640,180992,932224,8064,1408,486208,83712,0,20288,0,0,2,0,0,0,0,0,0,38848,256,372928,128,557,1322,3429078658,1776451985,923648,0
796,1116992,0,0,0,3840,8768,477248,438080,189056,169152,944320,4928,1408,471936,47872,0,12032,0,0,2,0,0,0,0,0,0,20224,256,417472,128,567,1339,3124963308,2565471278,935552,0
797,1117056,0,0,0,3840,22784,479744,390144,220544,200256,913280,23424,1408,474432,63232,0,10496,0,1,1,0,0,0,0,0,0,18816,2240,368896,192,552,1320,1790891087,2326746943,890496,0
798,1115904,0,0,0,5824,8704,402304,396096,302976,277120,835264,4864,1408,396928,46144,0,12032,0,0,1,0,0,0,0,0,0,21504,512,373952,128,549,1316,2179951858,717072979,826560,0
799,1116544,0,0,0,5824,8960,402368,397312,302080,282432,830464,3712,1344,396992,44672,0,12608,0,0,1,0,0,0,0,0,0,20608,64,376512,128,551,1321,411744171,2181247161,821504,0
800,1117120,0,0,0,4352,8704,419904,396672,287488,265536,848064,9472,1344,414592,87872,0,21888,0,0,2,0,0,0,0,0,0,42240,640,353664,128,558,1344,1793441188,346296141,839360,0
801,1676480,0,0,0,3200,22784,664512,486272,499712,480000,1192960,42560,1472,659264,154240,0,22464,0,1,2,0,0,0,0,0,0,42112,192,443840,128,564,1330,3848202173,2688685513,1170176,0
802,1116800,0,0,0,3968,22912,367104,396736,326080,305792,807552,0,1408,361792,0,0,0,0,0,0,0,0,0,0,0,0,0,0,396608,128,564,1325,233659355,3142124173,784640,0
803,1116480,0,0,0,3840,22592,332160,385024,372864,353216,759744,0,1408,326784,0,0,0,0,0,0,0,0,0,0,0,0,0,0,384896,128,562,1323,60730189,1693370674,737152,0
804,1116864,0,0,0,3840,8576,341120,419008,344320,324480,788800,0,1408,335808,0,0,0,0,0,0,0,0,0,0,0,0,0,0,418880,128,563,1326,127463950,2767622117,780224,0
805,1116416,0,0,0,3840,8320,365376,430464,308416,288640,824320,0,1408,360064,0,0,0,0,0,0,0,0,0,0,0,0,0,0,430336,128,559,1311,433543035,2915041382,816000,0
806,1116736,0,0,0,14784,9600,582080,411136,99136,69504,1042880,31808,3264,572160,94848,0,11776,0,1,1,0,0,0,0,0,0,28160,64,382784,128,573,1335,1857436725,2565569850,1033280,0
807,1117184,0,0,0,15360,9024,354688,380480,357632,337216,775872,0,1408,349376,0,0,0,0,0,0,0,0,0,0,0,0,0,0,380352,128,564,1312,1864587799,17627680,766848,0
808,1116288,0,0,0,4864,9920,375104,377664,348736,328832,784000,0,1344,369792,0,0,0,0,0,0,0,0,0,0,0,0,0,0,377536,128,564,1325,1088064905,871518403,774080,0
809,1116736,0,0,0,4096,8576,332032,376128,395904,375936,737280,0,1408,326784,0,0,0,0,0,0,0,0,0,0,0,0,0,0,376000,128,564,1337,2285188733,4276724634,728704,0
810,1116416,0,0,0,4032,8384,316672,365248,422080,402176,710720,0,1408,311360,0,0,0,0,0,0,0,0,0,0,0,0,0,0,365120,128,549,1305,1935347548,883874066,702336,0
811,1116672,0,0,0,4032,8768,313792,364608,425472,405888,707200,0,1344,308544,0,0,0,0,0,0,0,0,0,0,0,0,0,0,364480,128,544,1292,1374616033,4014449631,698432,0
812,1116736,0,0,0,3968,8768,308352,362880,432768,413312,699840,0,1408,303040,0,0,0,0,0,0,0,0,0,0,0,0,0,0,362688,192,543,1299,975573886,3100633831,691072,0
813,1116736,0,0,0,4160,8448,299904,363264,440960,421248,691968,0,1280,294720,0,0,0,0,0,0,0,0,0,0,0,0,0,0,363136,128,542,1296,4213346234,3997803207,683520,0
814,1116736,0,0,0,9280,8704,450432,410496,237824,212096,900992,48512,1344,445248,99776,0,12352,0,1,1,0,0,0,0,0,0,24000,320,386048,128,556,1366,2232330747,3677770317,892288,0
815,1116544,0,0,0,4160,8832,299520,367936,436096,416192,696768,0,1344,294272,0,0,0,0,0,0,0,0,0,0,0,0,0,0,367808,128,561,1376,3532111980,1009161539,687936,0
816,1117184,0,0,0,4160,8832,502720,387200,214272,193920,919680,4864,1344,497408,48640,0,11712,0,0,1,0,0,0,0,0,0,23168,0,363904,128,574,1392,2726984904,3041573131,910848,0
817,1116096,0,0,0,4096,8640,397568,373376,332416,312832,799680,0,1344,392192,0,0,0,0,0,0,0,0,0,0,0,0,0,0,373248,128,574,1389,1718643551,1902889924,791040,0
818,1116672,0,0,0,4160,8576,400384,374784,328768,309184,804032,0,1344,395136,0,0,0,0,0,0,0,0,0,0,0,0,0,0,374656,128,568,1383,1104408319,1983127094,795456,0
819,1116608,0,0,0,4096,8704,460352,446976,196480,176704,936384,4864,1344,455040,57152,0,10368,0,0,1,0,0,0,0,0,0,21952,13376,411520,128,560,1367,4180123164,3263372171,927680,0
820,1676928,0,0,0,10304,9408,547584,867392,242240,216960,1455808,0,1408,542272,0,0,0,0,0,0,0,0,0,0,0,28736,0,0,867264,128,568,1372,737934186,3513663538,1446400,0
821,1676992,0,0,0,6336,9216,532672,745472,383296,357376,1315328,0,1408,527296,0,0,0,0,0,0,0,0,0,0,0,14976,0,0,745344,128,578,1396,986438596,1488909587,1306112,0
822,1676800,0,0,0,9152,10560,524224,631104,501760,481792,1190912,0,1408,518912,0,0,0,0,0,0,0,0,0,0,0,0,0,0,630976,128,575,1395,3174286575,2339554276,1180352,0
823,1676736,0,0,0,4224,9088,554048,598208,511168,491072,1181760,4864,1408,548736,39872,0,9984,0,0,1,0,0,0,0,0,0,18752,64,579264,128,568,1380,2631198853,2737261659,1172672,0
824,1677632,0,0,0,9536,9024,700480,615168,343424,322624,1350912,30208,1408,695168,115264,0,20672,0,1,2,0,0,0,0,0,0,43456,128,571456,128,591,1434,281752001,4149501313,1341888,0
825,1676160,0,0,0,6784,9088,532416,592192,535680,515392,1156544,0,1472,526592,0,0,0,0,0,0,0,0,0,0,0,0,0,0,592064,128,583,1408,1618768110,3108724592,1147456,0
826,1676736,0,0,0,7232,9216,596096,580928,483264,463488,1209088,0,1344,590784,0,0,0,0,0,0,0,0,0,0,0,0,0,0,580800,128,600,1440,2997958500,2527194013,1199872,0
827,1677184,0,0,0,5056,23040,526272,577216,545600,525568,1147648,3648,1408,520896,41408,0,10368,0,0,1,0,0,0,0,0,0,20544,64,556480,128,583,1441,530969437,2586622947,1124608,0
828,1116352,0,0,0,4224,9024,432896,579776,90432,70720,1041728,0,1408,427648,0,0,0,0,0,0,0,0,0,0,0,0,0,0,579584,192,596,1450,3679888836,2913475534,1032704,0
829,1116544,0,0,0,4160,9088,495616,532096,75584,55680,1056896,0,1408,490304,0,0,0,0,0,0,0,0,0,0,0,0,0,0,531968,128,595,1450,659278075,4154468409,1047808,0
830,1677376,0,0,0,4224,8832,543936,597760,522624,502528,1170880,4736,1408,538752,68352,0,10496,0,0,1,0,0,0,0,0,0,21056,128,576448,128,593,1461,839235102,3542070893,1162048,0
831,1116096,0,0,0,10304,9536,530048,540224,25984,5632,1106176,0,1472,524672,0,0,0,0,0,0,0,0,0,0,0,0,0,0,540096,128,593,1465,3272260312,2003227677,1096640,0
832,1117120,0,0,0,5376,9024,472384,528192,102144,76288,1036864,0,1408,467008,0,0,0,0,0,0,0,0,0,0,0,0,0,0,528000,192,592,1455,1392874791,196143220,1027840,0
833,1116544,0,0,0,6528,9024,477952,511552,111488,90944,1021632,0,1408,472512,0,0,0,0,0,0,0,0,0,0,0,0,0,0,511424,128,592,1457,824459305,275576772,1012608,0
834,1116480,0,0,0,6528,10496,476224,518784,104448,84544,1027904,0,1408,470784,0,0,0,0,0,0,0,0,0,0,0,0,0,0,518656,128,588,1435,4217317459,1067816882,1017408,0
835,1116992,0,0,0,5504,9088,465088,507200,130112,110080,1002880,0,1472,459712,0,0,0,0,0,0,0,0,0,0,0,0,0,0,507072,128,589,1443,3157712595,3631417373,993792,0
836,1676608,0,0,0,2304,9152,596992,612480,455680,435520,1237248,9920,1344,591616,123648,0,22080,0,0,2,0,0,0,0,0,0,49600,27520,535232,128,572,1399,88867076,2784011958,1228096,0
837,1117248,0,0,0,2432,8896,392256,523136,190528,170368,943040,0,1408,386880,0,0,0,0,0,0,0,0,0,0,0,0,0,0,523008,128,578,1401,3169374927,3848466123,934144,0
838,1116160,0,0,0,2368,8768,386816,515904,202304,182592,929728,0,1344,381504,0,0,0,0,0,0,0,0,0,0,0,0,0,0,515776,128,574,1385,2491198807,2152935507,920960,0
839,1116544,0,0,0,2432,9088,409344,501888,193792,173760,938880,0,1408,404160,0,0,0,0,0,0,0,0,0,0,0,0,0,0,501760,128,573,1381,3245116198,1345296100,929792,0
840,1116800,0,0,0,2496,8960,374016,502272,229056,208896,904000,0,1344,368704,0,0,0,0,0,0,0,0,0,0,0,0,0,0,502144,128,576,1396,1977989889,2470682548,895040,0
841,1676864,0,0,0,15040,9216,613184,504320,535104,515200,1157760,0,1472,607872,0,0,0,0,0,0,0,0,0,0,0,0,0,0,504192,128,573,1402,3772511669,3697251171,1148544,0
842,1116672,0,0,0,3968,8768,445504,519872,138560,118528,994304,0,1408,440192,0,0,0,0,0,0,0,0,0,0,0,0,0,0,519744,128,569,1393,240857836,3090445136,985536,0
843,1116480,0,0,0,3968,9152,528128,520064,55168,35520,1077120,13120,1408,522624,131584,0,33856,0,0,3,0,0,0,0,0,0,62656,640,456640,128,568,1393,3741710601,2682270130,1067968,0
844,1117184,0,0,0,9280,8960,408960,526784,163200,142656,970496,3584,1408,403648,49472,0,9984,0,0,1,0,0,0,0,0,0,21184,512,504960,128,572,1395,3371728236,11021993,961536,0
845,1116160,0,0,0,4096,8896,390656,528384,184128,163840,948416,4992,1472,385216,50432,0,10880,0,0,1,0,0,0,0,0,0,22144,3328,502784,128,560,1353,1285652443,654876178,939520,0
846,1116672,0,0,0,4032,12736,295424,500800,303680,283392,829376,0,1408,290112,0,0,0,0,0,0,0,0,0,0,0,0,0,0,500672,128,556,1339,3810277081,4051605821,816640,0
847,1116800,0,0,0,4928,8896,312000,505152,285824,265664,847232,0,1344,306752,0,0,0,0,0,0,0,0,0,0,0,0,0,0,505024,128,559,1344,2245119476,763104252,838336,0
848,1116608,0,0,0,4096,9088,310080,501888,291456,265920,846912,0,1408,304768,0,0,0,0,0,0,0,0,0,0,0,0,0,0,501760,128,553,1329,4293230999,3468894646,837824,0
849,1116480,0,0,0,4096,10368,398208,499904,203904,184192,928448,41280,1472,392896,82624,0,12224,0,1,1,0,0,0,0,0,0,21376,64,478336,128,558,1330,3292487638,2072348220,918080,0
850,1117312,0,0,0,4224,8960,407360,520704,176064,155968,957440,23872,1344,401984,68352,0,11840,0,1,1,0,0,0,0,0,0,22912,384,497280,128,559,1340,2340396493,4289388982,948480,0
851,1676224,0,0,0,5248,8896,440448,698752,522880,502848,1169472,3712,1408,435136,60672,0,11008,0,0,1,0,0,0,0,0,0,25152,2496,670976,128,568,1341,2365477271,2536672171,1160576,0
852,1117184,0,0,0,4160,9088,344832,496576,262528,242240,871104,4864,1408,339456,40384,0,9920,0,0,1,0,0,0,0,0,0,18240,64,478080,192,566,1348,400317952,2668138965,862016,0
853,1116800,0,0,0,6272,9280,415872,527104,158272,137920,974976,33152,1408,410496,74752,0,10368,0,1,1,0,0,0,0,0,0,21312,384,505216,192,554,1340,664434507,2309939300,965696,0
854,1676160,0,0,0,14016,9280,611328,566784,474752,454528,1217664,0,1408,605952,0,0,0,0,0,0,0,0,0,0,0,0,0,0,566656,128,566,1377,953112533,3695704686,1208384,0
855,1116864,0,0,0,4160,9216,468160,552640,82688,62912,1049984,0,1344,462720,0,0,0,0,0,0,0,0,0,0,0,0,0,0,552512,128,571,1401,2176929494,3142025275,1040768,0
856,1676992,0,0,0,5312,9280,564544,574464,523392,503360,1169536,0,1408,559168,0,0,0,0,0,0,0,0,0,0,0,0,0,0,574336,128,558,1370,47642600,3516935040,1160256,0
857,1676416,0,0,0,4352,23168,579456,603776,465664,445760,1226624,0,1408,574272,0,0,0,0,0,0,0,0,0,0,0,0,0,0,603648,128,558,1369,2996584868,1378106260,1203456,0
858,1676928,0,0,0,4288,9280,498880,584832,579648,559424,1113536,0,1408,493376,0,0,0,0,0,0,0,0,0,0,0,0,0,0,584704,128,565,1386,3780040269,878534950,1104256,0
859,1676928,0,0,0,9792,9344,510784,576832,570176,549952,1122944,0,1472,505536,0,0,0,0,0,0,0,0,0,0,0,0,0,0,576704,128,570,1386,2560953807,2481823142,1113600,0
860,1116736,0,0,0,4224,8896,374720,546496,182400,162560,950272,0,1408,369344,0,0,0,0,0,0,0,0,0,0,0,0,0,0,546304,192,553,1349,1240379224,1885508974,941376,0
861,1116544,0,0,0,6592,10624,350976,510144,238208,217984,894592,0,1408,345024,0,0,0,0,0,0,0,0,0,0,0,0,0,0,510016,128,559,1349,3524525823,2289374034,883968,0
862,1116608,0,0,0,6592,9152,342656,496256,261952,241792,870912,0,1408,337408,0,0,0,0,0,0,0,0,0,0,0,0,0,0,496128,128,564,1352,1164575693,2534266779,861760,0
863,1116736,0,0,0,5696,8832,385536,504192,212480,192320,920512,0,1472,380288,0,0,0,0,0,0,0,0,0,0,0,0,0,0,504064,128,560,1343,867860670,1836714319,911680,0
864,1116800,0,0,0,6080,8960,341696,497792,262272,236544,876352,0,1408,336384,0,0,0,0,0,0,0,0,0,0,0,0,0,0,497664,128,567,1357,763344796,1787509445,867392,0
865,1116416,0,0,0,6016,8960,338624,491264,271552,251776,860736,0,1344,333248,0,0,0,0,0,0,0,0,0,0,0,0,0,0,491136,128,567,1357,96979109,3075593187,851776,0
866,1116800,0,0,0,6080,9216,344768,502784,253952,233792,879104,0,1408,339520,0,0,0,0,0,0,0,0,0,0,0,0,0,0,502656,128,580,1370,1940980811,2751749509,869888,0
867,1116480,0,0,0,4096,9216,504640,545728,52800,32576,1079936,8192,1408,499328,94272,0,21632,0,0,2,0,0,0,0,0,0,46464,1024,498112,128,568,1346,1460187447,1308220989,1070720,0
868,1116672,0,0,0,4096,8896,467264,506304,130112,110080,1002688,0,1408,461952,3072,0,0,0,0,1,0,0,0,0,0,0,0,128,506048,128,568,1350,171927991,1824720956,993792,0
869,1676736,0,0,0,4032,8960,565440,535936,562368,542400,1130432,4864,1408,560064,45312,0,12160,0,0,1,0,0,0,0,0,0,20608,128,515072,128,563,1336,1391890623,620385723,1121472,0
870,1116480,0,0,0,6464,9216,483392,490304,127104,107392,1005056,0,1472,478016,0,0,0,0,0,0,0,0,0,0,0,0,0,0,490176,128,564,1340,179437308,1995691265,995840,0
871,1116736,0,0,0,5440,8832,520384,496640,85440,65728,1047040,34560,1408,515136,84096,0,11456,0,1,1,0,0,0,0,0,0,25280,2496,468736,128,567,1327,2808143539,3400881583,1038208,0
872,1117184,0,0,0,3840,9152,385536,529088,189568,169472,943872,0,1408,380224,0,0,0,0,0,0,0,0,0,0,0,0,0,0,528960,128,555,1298,2427540426,1150241179,934720,0
873,1116352,0,0,0,8704,8896,413440,493824,191488,171328,941056,0,1408,408192,0,0,0,0,0,0,0,0,0,0,0,0,0,0,493696,128,561,1320,3253576283,2334722748,932160,0
874,1117056,0,0,0,3968,8960,457600,478656,167872,147136,965952,45568,1408,452352,88640,0,12672,0,1,1,0,0,0,0,0,0,22336,320,455872,128,555,1303,1514365425,125467908,956992,0
875,1116032,0,0,0,3904,9280,351296,487616,263936,244224,867904,0,1280,345984,0,0,0,0,0,0,0,0,0,0,0,0,0,0,487488,128,543,1293,2069374730,1647237204,858624,0
876,1117312,0,0,0,3840,10048,416384,486720,200320,179968,933504,4736,1408,411136,43136,0,10304,0,0,1,0,0,0,0,0,0,21440,128,465024,128,550,1318,1942343416,890007599,923456,0
877,1116480,0,0,0,3840,9088,411520,504832,187200,166976,945536,5184,1408,406080,40256,0,9984,0,0,1,0,0,0,0,0,0,17920,128,486656,128,556,1327,3149701329,873512880,936448,0
878,1676480,0,0,0,4928,9856,496256,589760,575680,555712,1116736,8512,1344,490944,94656,0,22208,0,0,2,0,0,0,0,0,0,46272,576,542784,128,538,1302,2066757709,1858976262,1106880,0
879,1116672,0,0,0,3968,9152,388096,574400,141056,121536,991232,0,1408,382848,0,0,0,0,0,0,0,0,0,0,0,0,0,0,574272,128,557,1332,3065537689,1069498430,982080,0
880,1116608,0,0,0,3968,8960,489856,505536,108288,83136,1029568,0,1472,484480,3008,0,0,0,0,1,0,0,0,0,0,0,0,128,505280,128,548,1316,3873947911,1895321087,1020608,0
881,1116672,0,0,0,5952,9088,491968,485376,124288,104320,1008320,0,1408,486528,0,0,0,0,0,0,0,0,0,0,0,0,0,0,485248,128,554,1334,2038146611,838818774,999232,0
882,1116608,0,0,0,6144,9152,569344,498176,33792,14016,1098624,42496,1344,564032,82368,0,10944,0,1,1,0,0,0,0,0,0,21952,128,475968,128,564,1344,1993267892,575969758,1089472,0
883,1116736,0,0,0,3840,9024,507648,499712,96512,76608,1036224,0,1408,502336,0,0,0,0,0,0,0,0,0,0,0,0,0,0,499584,128,575,1373,2673697261,3850854173,1027200,0
884,1116672,0,0,0,3840,9408,453440,514944,135040,115200,997440,5120,1408,448064,61056,0,10944,0,0,1,0,0,0,0,0,0,25024,2496,487296,128,564,1349,748159561,3085534641,988032,0
885,1116736,0,0,0,3840,9024,371904,507264,224704,204608,908224,0,1408,366656,0,0,0,0,0,0,0,0,0,0,0,0,0,0,507136,128,545,1333,394736436,1931318199,899200,0
886,1116800,0,0,0,3904,9024,351744,484544,267584,247488,865408,0,1408,346432,0,0,0,0,0,0,0,0,0,0,0,0,0,0,484416,128,546,1324,2957095659,105376307,856384,0
887,1677056,0,0,0,16064,28416,780224,652352,200000,167424,1500672,63744,3264,771200,104384,0,10304,0,1,1,0,0,0,0,0,0,22976,128,629120,128,550,1349,2817308704,1933958108,1472256,0
888,1116160,0,0,0,10880,24064,417216,552576,111424,86848,1024832,0,1408,411840,0,0,0,0,0,0,0,0,0,0,0,0,0,0,552448,128,547,1344,3033267035,3597389211,1000768,0
889,1116480,0,0,0,4288,23424,400896,503424,184448,160128,952256,0,1408,395712,0,0,0,0,0,0,0,0,0,0,0,0,0,0,503232,192,553,1338,992548760,1303513397,928832,0
890,1116800,0,0,0,4224,9408,320768,510144,272256,252288,860544,0,1408,315520,0,0,0,0,0,0,0,0,0,0,0,0,0,0,510016,128,534,1309,3705253205,2507612206,851136,0
891,1116800,0,0,0,6080,10560,362112,542912,195136,175040,937600,0,1408,356864,0,0,0,0,0,0,0,0,0,0,0,0,0,0,542784,128,546,1312,3041866553,3359990217,927040,0
892,1116736,0,0,0,6848,9024,315520,527040,258304,238336,874496,0,1408,310208,0,0,0,0,0,0,0,0,0,0,0,0,0,0,526912,128,534,1301,895089688,854372405,865472,0
893,1116480,0,0,0,7296,9344,323200,572672,203968,183872,928640,0,1408,317952,0,0,0,0,0,0,0,0,0,0,0,0,0,0,572544,128,553,1344,2796520727,196743717,919296,0
894,1116672,0,0,0,6720,9152,312576,504448,283776,263872,848768,0,1344,307264,0,0,0,0,0,0,0,0,0,0,0,0,0,0,504320,128,551,1332,2195655499,1468017563,839616,0
895,1116608,0,0,0,5632,9280,360000,503296,238400,218368,894272,0,1408,354624,0,0,0,0,0,0,0,0,0,0,0,0,0,0,503168,128,545,1325,2593476361,3672848877,884992,0
896,1116800,0,0,0,3904,8896,398208,490944,214848,186240,926656,0,1408,392896,0,0,0,0,0,0,0,0,0,0,0,0,0,0,490816,128,556,1336,2742197962,114244268,917760,0
897,1117056,0,0,0,3904,8960,515136,512384,76672,56384,1056768,48704,1408,509632,131712,0,24448,0,1,2,0,0,0,0,0,0,41920,1280,469056,128,555,1335,3100543624,4026927806,1047808,0
898,1116416,0,0,0,3904,8896,356416,488256,258944,238848,873600,0,1408,351040,0,0,0,0,0,0,0,0,0,0,0,0,0,0,488064,192,565,1351,2103321940,1547308500,864704,0
899,1116160,0,0,0,10560,9024,526784,538880,30912,10304,1101824,8448,1408,521344,94592,0,21760,0,0,2,0,0,0,0,0,0,46528,1024,491200,128,555,1327,3247789154,148269225,1092800,0
900,1116800,0,0,0,3904,9280,382592,510144,210880,190720,922112,0,1408,377280,0,0,0,0,0,0,0,0,0,0,0,0,0,0,510016,128,548,1318,630794654,4041027920,912832,0
901,1116672,0,0,0,3968,9088,506816,516224,80576,60864,1051840,0,1344,501504,3008,0,0,0,0,1,0,0,0,0,0,0,0,128,515968,128,561,1347,152239037,1294211280,1042752,0
902,1676992,0,0,0,4992,8832,610944,539072,513152,493120,1179840,0,1472,605568,0,0,0,0,0,0,0,0,0,0,0,0,0,0,538944,128,553,1334,1996188269,4059540927,1171008,0
903,1676672,0,0,0,4096,9152,672064,561024,430336,410368,1262400,9920,1408,666752,97536,0,21504,0,0,2,0,0,0,0,0,0,46976,2560,511360,128,554,1328,6043454,3701930300,1253248,0
904,1677120,0,0,0,4096,9152,599360,559040,505472,485120,1188032,4864,1408,594048,47424,0,11008,0,0,1,0,0,0,0,0,0,22720,128,536064,128,558,1326,3298182320,2540517698,1178880,0
905,1676416,0,0,0,6208,10368,886016,686848,86976,67264,1604928,94080,1472,880640,249984,0,33344,0,3,3,0,0,0,0,0,0,69120,3008,614592,128,570,1345,4205831082,1001155388,1594560,0
906,1116608,0,0,0,6464,9024,419968,640640,40512,20544,1092096,0,1408,414656,6144,0,0,0,0,2,0,0,0,0,0,0,0,192,640320,128,556,1329,4126455507,2838797828,1083072,0
907,1677440,0,0,0,7936,9408,510656,623360,526080,505728,1167616,0,1472,505344,0,0,0,0,0,0,0,0,0,0,0,0,0,0,623232,128,556,1328,230210969,957452898,1158208,0
908,1676224,0,0,0,5376,9216,518976,640192,502464,482240,1190016,0,1472,513600,0,0,0,0,0,0,0,0,0,0,0,0,0,0,640064,128,555,1329,1126733039,3591347179,1180800,0
909,1676800,0,0,0,6208,9344,539776,640832,480640,461120,1211584,0,1408,533952,0,0,0,0,0,0,0,0,0,0,0,0,0,0,640704,128,542,1311,2205976641,2971087932,1202240,0
910,1676928,0,0,0,7104,9152,517952,618304,524416,504320,1168576,4864,1408,512512,43776,0,10048,0,0,1,0,0,0,0,0,0,22464,64,595584,192,544,1312,2387197939,434721087,1159424,0
911,1116800,0,0,0,6848,9344,416576,623360,60672,40512,1072256,0,1472,411136,0,0,0,0,0,0,0,0,0,0,0,0,0,0,623232,128,554,1334,3123693031,3578572938,1062912,0
912,1677376,0,0,0,9280,9216,586304,552128,520448,494528,1178688,25984,1408,580928,62848,0,10304,0,1,1,0,0,0,0,0,0,19584,128,532288,128,556,1336,4168907879,3121403391,1169472,0
913,1116352,0,0,0,4096,8896,478144,554944,70272,50240,1062144,0,1408,472640,0,0,0,0,0,0,0,0,0,0,0,0,0,0,554816,128,557,1336,1980160923,172467968,1053248,0
914,1676736,0,0,0,12864,9152,679360,801536,173824,153792,1518848,18304,1408,674176,157376,0,22016,0,0,2,0,0,0,0,0,0,44928,22976,733504,128,557,1341,1499719582,285996283,1509696,0
915,1116352,0,0,0,4224,8896,334272,550656,218304,198528,913920,0,1344,329024,0,0,0,0,0,0,0,0,0,0,0,0,0,0,550464,192,572,1371,2701305358,3042316009,905024,0
916,1116800,0,0,0,6272,8832,399232,579584,122880,102784,1010048,0,1280,393984,0,0,0,0,0,0,0,0,0,0,0,0,0,0,579456,128,572,1392,3827963946,2252040931,1001216,0
917,1116608,0,0,0,6208,23104,375616,543744,167936,148032,964416,0,1408,370240,0,0,0,0,0,0,0,0,0,0,0,0,0,0,543616,128,570,1387,1369771814,1105033488,941312,0
918,1116416,0,0,0,5376,10304,391232,499584,209920,190208,922176,0,1408,385856,0,0,0,0,0,0,0,0,0,0,0,0,0,0,499456,128,402,1016,408136496,3327574458,911872,0
919,1117376,0,0,0,4032,9088,443072,494336,166848,146368,967168,4928,1408,437760,51712,0,9984,0,0,1,0,0,0,0,0,0,29952,128,464128,128,433,1100,3356518552,2491126087,958080,0
920,1677632,0,0,0,9728,9472,560960,558784,538688,517312,1155968,3520,1408,555648,41280,0,9856,0,0,1,0,0,0,0,0,0,20160,128,538368,128,432,1096,788045036,4173704628,1146496,0
921,1116800,0,0,0,4288,9984,488320,542272,71936,50496,1061888,0,1408,483072,0,0,0,0,0,0,0,0,0,0,0,0,0,0,542144,128,432,1092,2478990991,1369557899,1051904,0
922,1116480,0,0,0,6336,9472,465472,512000,123200,101760,1010240,0,1408,460096,0,0,0,0,0,0,0,0,0,0,0,0,0,0,511872,128,415,1033,2847283592,1883030819,1000768,0
923,1116864,0,0,0,6144,9536,451776,519104,130304,108864,1003648,0,1344,446528,0,0,0,0,0,0,0,0,0,0,0,0,0,0,518976,128,412,1024,1172478528,28834849,994112,0
924,1677568,0,0,0,5440,9600,604672,549376,508480,485888,1187328,8960,1408,599232,92672,0,24384,0,0,2,0,0,0,0,0,0,41856,576,506816,128,414,1027,322474952,2815717713,1177728,0
925,1115904,0,0,0,7104,8896,450688,555904,93312,71488,1040512,0,1408,445440,2944,0,0,0,0,1,0,0,0,0,0,0,0,128,555648,128,419,1046,1047048823,2928635351,1031616,0
926,1116608,0,0,0,6144,8704,340736,522176,238848,217024,895680,0,1408,335424,0,0,0,0,0,0,0,0,0,0,0,0,0,0,522048,128,420,1049,4025213860,3859366236,886976,0
927,1116672,0,0,0,7296,9088,334592,498368,267328,245568,867200,0,1472,329216,0,0,0,0,0,0,0,0,0,0,0,0,0,0,498240,128,419,1044,1241305462,4233587941,858112,0
928,1116800,0,0,0,6912,9472,503872,507328,89216,61952,1050752,0,1536,498560,0,0,0,0,0,0,0,0,0,0,0,0,0,0,507200,128,413,1037,916596677,2338727874,1041280,0
929,1116352,0,0,0,5120,9088,479360,497216,125568,104192,1008256,0,1344,474048,0,0,0,0,0,0,0,0,0,0,0,0,0,0,497024,192,413,1032,2856816078,1142396177,999168,0
930,1116864,0,0,0,3840,9088,477696,486464,139776,118208,994752,0,1280,472448,0,0,0,0,0,0,0,0,0,0,0,0,0,0,486336,128,412,1033,1026468230,2766751228,985664,0
931,1116608,0,0,0,3904,8960,480832,505024,117888,96128,1016640,0,1408,475584,0,0,0,0,0,0,0,0,0,0,0,0,0,0,504896,128,414,1035,1242794582,364560955,1007680,0
932,1116672,0,0,0,5952,10176,520704,501440,78400,56960,1055808,0,1408,515392,3008,0,0,0,0,1,0,0,0,0,0,0,0,128,501184,128,410,1017,242666283,1975246329,1045632,0
933,1116736,0,0,0,6016,9216,510144,471872,119488,97920,1014784,0,1408,504768,0,0,0,0,0,0,0,0,0,0,0,0,0,0,471744,128,405,1012,3928377059,1066943501,1005568,0
934,1116672,0,0,0,8320,9408,494720,554944,49280,27712,1084928,3584,1408,489472,45696,0,12736,0,0,1,0,0,0,0,0,0,21888,128,532800,128,580,1385,2386371566,1395566339,1075520,0
935,1116608,0,0,0,3840,9024,539264,513024,51456,30016,1082624,4928,1408,533568,40448,0,9920,0,0,1,0,0,0,0,0,0,18432,576,493888,128,572,1364,2930166573,860809149,1073600,0
936,1677376,0,0,0,18496,9472,742016,554112,353280,330496,1342720,36992,2432,732416,101120,0,11712,0,1,1,0,0,0,0,0,0,27776,128,526080,128,582,1396,2233997944,3325382908,1333248,0
937,1116160,0,0,0,3840,8960,365952,515456,221952,200384,911872,0,1408,360576,0,0,0,0,0,0,0,0,0,0,0,0,0,0,515328,128,578,1393,2953994118,967598969,902912,0
938,1117120,0,0,0,3904,9408,388288,553600,161920,140032,973184,4992,1408,382976,43648,0,10624,0,0,1,0,0,0,0,0,0,18944,128,534400,128,598,1425,2642595708,2741621759,963776,0
939,2237120,0,0,0,4032,9088,570944,1355584,297472,275712,1957440,8704,1408,565632,180416,0,25152,0,0,2,0,0,0,0,0,0,47488,2496,1305472,128,622,1475,2615536239,3624473622,1948352,0
940,1676736,0,0,0,9984,23936,659776,722560,260480,238272,1434368,75904,1408,654592,160256,0,10304,0,1,1,0,0,0,0,0,0,19200,27392,675840,128,645,1542,1976773923,3224326767,1410432,0
941,1116352,0,0,0,4096,9088,388416,632000,82752,61120,1051264,0,1408,383040,0,0,0,0,0,0,0,0,0,0,0,0,0,0,631808,192,628,1497,1978175305,4208392164,1042176,0
942,1676736,0,0,0,4096,23104,401024,666752,581760,559488,1113280,0,1408,395712,0,0,0,0,0,0,0,0,0,0,0,0,0,0,666624,128,625,1495,606867073,1546887307,1090176,0
943,1116736,0,0,0,4096,9344,396160,626112,81024,59392,1053440,0,1408,390784,0,0,0,0,0,0,0,0,0,0,0,0,0,0,625984,128,632,1527,494822303,3427868093,1044096,0
944,1116800,0,0,0,4224,9088,368576,665216,69696,42368,1070528,0,1408,363264,0,0,0,0,0,0,0,0,0,0,0,0,0,0,665088,128,627,1504,258585365,3984868900,1061440,0
945,1116672,0,0,0,4992,10048,404416,635840,61376,39744,1073152,0,1408,399040,0,0,0,0,0,0,0,0,0,0,0,0,0,0,635712,128,619,1529,3328389873,3860816061,1063104,0
946,1116992,0,0,0,4096,8832,419776,627840,56448,34176,1078912,0,1408,414464,0,0,0,0,0,0,0,0,0,0,0,0,0,0,627712,128,622,1509,2889112545,188643135,1070080,0
947,1676672,0,0,0,4032,22912,472448,622656,554624,532992,1139712,0,1344,467136,0,0,0,0,0,0,0,0,0,0,0,0,0,0,622464,192,614,1495,2728744462,4294070849,1116800,0
948,1676800,0,0,0,9408,9664,533056,631488,493184,471680,1200640,0,1408,527680,0,0,0,0,0,0,0,0,0,0,0,0,0,0,631360,128,582,1416,4285980184,3789861038,1190976,0
949,1676992,0,0,0,4288,9024,549760,626624,487296,465728,1207360,0,1408,544448,0,0,0,0,0,0,0,0,0,0,0,0,0,0,626496,128,574,1395,1465355781,1789771539,1198336,0
950,1676992,0,0,0,4224,9216,524096,620288,519168,497472,1175552,0,1408,518592,0,0,0,0,0,0,0,0,0,0,0,0,0,0,620160,128,572,1386,877329382,2291752281,1166336,0
951,1676800,0,0,0,4736,9088,536064,619392,507520,485888,1186944,0,1472,530624,0,0,0,0,0,0,0,0,0,0,0,0,0,0,619200,192,565,1363,3811188460,27389367,1177856,0
952,1676800,0,0,0,5248,9408,517632,613120,531392,510080,1162752,0,1408,512192,0,0,0,0,0,0,0,0,0,0,0,0,0,0,612992,128,558,1344,2682855708,2016698531,1153344,0
953,2237568,0,0,0,6528,9216,838976,843072,539776,518016,1715456,37952,1408,833600,224128,0,36096,0,1,3,0,0,0,0,0,0,70848,7296,764800,128,555,1337,3393725376,2516222022,1706240,0
954,1677056,0,0,0,10816,9536,533824,731712,391168,368640,1304128,4928,1344,528448,53696,0,10816,0,0,1,0,0,0,0,0,0,23744,128,707712,128,556,1340,861587049,2216875292,1294592,0
955,1676032,0,0,0,5376,9408,455488,700672,505088,483456,1188608,0,1408,450176,0,0,0,0,0,0,0,0,0,0,0,0,0,0,700544,128,563,1364,3200513793,3303523145,1179200,0
956,1676992,0,0,0,4096,10688,460992,684544,516672,494976,1178048,0,1408,455680,0,0,0,0,0,0,0,0,0,0,0,0,0,0,684416,128,556,1340,672022705,702225503,1167360,0
957,1677312,0,0,0,6080,9152,480256,1105664,76160,53952,1619264,0,1408,474816,14976,0,0,0,0,2,0,0,0,0,0,0,0,8768,1096768,128,528,1284,2815002409,2393067497,1610112,0
958,1676288,0,0,0,5184,9792,472128,611712,577472,555904,1116352,0,1408,466944,0,0,0,0,0,0,0,0,0,0,0,0,0,0,611584,128,525,1278,658301278,642148434,1106560,0
959,1116800,0,0,0,3904,9088,462528,611392,29888,8256,1104704,0,1408,457216,0,0,0,0,0,0,0,0,0,0,0,0,0,0,611264,128,521,1262,2785655217,2840523438,1095616,0
960,1116480,0,0,0,3968,9280,442880,553728,106624,79488,1033024,0,1472,437568,0,0,0,0,0,0,0,0,0,0,0,0,0,0,553536,192,515,1247,1970758806,3549103313,1023744,0
961,1676864,0,0,0,4864,9088,632384,713472,317056,295488,1377408,9472,1344,627072,149248,0,25280,0,0,2,0,0,0,0,0,0,51648,832,660864,128,537,1271,4058670763,1396806274,1368320,0
962,1676736,0,0,0,4928,9152,467712,624192,570752,549440,1123328,0,1408,462336,0,0,0,0,0,0,0,0,0,0,0,0,0,0,624064,128,552,1303,372007620,3316787434,1114176,0
963,1116672,0,0,0,5952,9152,449792,612608,39168,17536,1095168,0,1344,444544,0,0,0,0,0,0,0,0,0,0,0,0,0,0,612480,128,555,1333,1721806429,3987701808,1086016,0
964,1116352,0,0,0,5120,9280,449088,605504,47360,25984,1086400,0,1344,443840,0,0,0,0,0,0,0,0,0,0,0,0,0,0,605376,128,558,1348,1366996654,1519386251,1077120,0
965,2237888,0,0,0,10624,23552,996160,704256,503296,481152,1752704,270848,1408,990912,366336,0,23936,0,2,2,0,0,0,0,0,0,43264,1216,659648,128,583,1395,1913807193,1943955413,1729152,0
966,1676032,0,0,0,4416,9152,453440,685696,523328,501888,1170176,0,1408,448256,0,0,0,0,0,0,0,0,0,0,0,0,0,0,685568,128,624,1515,4063760973,3543470691,1161024,0
967,1676800,0,0,0,4352,24192,459264,670976,518016,496640,1176192,0,1408,453760,0,0,0,0,0,0,0,0,0,0,0,0,0,0,670848,128,607,1465,2273334811,3319690969,1152000,0
968,1676864,0,0,0,4416,9344,453824,665344,543936,522752,1150144,0,1408,448448,0,0,0,0,0,0,0,0,0,0,0,0,0,0,665216,128,609,1477,3006493085,2818429273,1140800,0
969,1677056,0,0,0,4288,9216,443456,648000,572096,550336,1122880,0,1408,438272,0,0,0,0,0,0,0,0,0,0,0,0,0,0,647872,128,622,1486,3090420813,173723271,1113664,0
970,1676672,0,0,0,4352,9024,455168,672896,535232,513792,1158976,0,1472,449792,0,0,0,0,0,0,0,0,0,0,0,0,0,0,672768,128,640,1523,2930271480,3056325261,1149952,0
971,1677184,0,0,0,5312,8960,459200,641280,562432,540480,1132736,0,1408,453952,0,0,0,0,0,0,0,0,0,0,0,0,0,0,641152,128,646,1567,1358975689,1513272681,1123776,0
972,1677056,0,0,0,6528,9408,524800,682112,454208,432448,1240576,4864,1344,519296,55360,0,10816,0,0,1,0,0,0,0,0,0,23104,576,658304,128,645,1571,1029084706,669216522,1231168,0
973,1676352,0,0,0,5440,9472,454784,644928,561728,540096,1132352,0,1472,449344,0,0,0,0,0,0,0,0,0,0,0,0,0,0,644800,128,641,1515,340571399,1027915919,1122880,0
974,1676800,0,0,0,4224,8832,466304,664512,532928,511360,1161600,0,1344,461056,0,0,0,0,0,0,0,0,0,0,0,0,0,0,664384,128,646,1525,2357231520,510855208,1152768,0
975,1676736,0,0,0,6208,9088,451200,646464,563776,542208,1130624,0,1408,445888,0,0,0,0,0,0,0,0,0,0,0,0,0,0,646336,128,646,1515,1891877748,3214225002,1121536,0
976,1676928,0,0,0,6144,9472,450496,668224,542592,515648,1157312,0,1408,445120,0,0,0,0,0,0,0,0,0,0,0,0,0,0,668096,128,658,1549,3689416968,2672312823,1147840,0
977,1676736,0,0,0,5120,23552,431808,634048,582208,559872,1112896,0,1408,426368,0,0,0,0,0,0,0,0,0,0,0,0,0,0,633920,128,669,1540,1738902472,1626968216,1089344,0
978,1676928,0,0,0,6016,10432,437056,679616,543808,521856,1151232,0,1408,431616,0,0,0,0,0,0,0,0,0,0,0,0,0,0,679488,128,685,1575,1444996788,1504584178,1140800,0
979,1677248,0,0,0,5312,9408,526272,697088,439168,417408,1255808,27200,1408,520960,91392,0,10304,0,1,1,0,0,0,0,0,0,20288,13824,662848,128,657,1535,411209351,262912987,1246400,0
980,1115968,0,0,0,3968,9344,393984,659200,49472,27840,1084288,0,1472,388736,0,0,0,0,0,0,0,0,0,0,0,0,0,0,659072,128,662,1549,1504406572,3131103917,1074944,0
981,1116800,0,0,0,4096,9408,452288,606528,44480,23104,1089856,5248,1408,447040,58624,0,10176,0,0,1,0,0,0,0,0,0,19136,8896,578368,128,616,1438,66622724,3233906212,1080448,0
982,1116544,0,0,0,4096,9408,368960,562560,171520,150080,962432,0,1408,363776,0,0,0,0,0,0,0,0,0,0,0,0,0,0,562432,128,629,1465,1300597694,1770997233,953024,0
983,1116800,0,0,0,4032,8768,362432,530752,210816,189248,923648,0,1472,357184,0,0,0,0,0,0,0,0,0,0,0,0,0,0,530624,128,623,1443,3082850746,972933240,914880,0
984,1116672,0,0,0,4160,9216,365312,571648,166336,144640,968128,0,1344,360064,0,0,0,0,0,0,0,0,0,0,0,0,0,0,571520,128,626,1462,2622748374,1143346428,958912,0
985,1116608,0,0,0,4096,9088,463616,539328,100480,78976,1033728,7168,1344,458432,79424,0,19648,0,0,2,0,0,0,0,0,0,39168,256,499776,128,617,1440,2896416818,1472566456,1024640,0
986,1116736,0,0,0,4032,8960,362240,561408,180096,158208,954624,0,1408,357056,0,0,0,0,0,0,0,0,0,0,0,0,0,0,561280,128,619,1455,1458322649,2541913911,945664,0
987,1116608,0,0,0,4096,8896,388032,547264,168320,146496,966208,0,1408,382848,0,0,0,0,0,0,0,0,0,0,0,0,0,0,547136,128,608,1435,3601509942,4160537066,957312,0
988,1117184,0,0,0,4096,8960,416384,567104,120640,98816,1014400,0,1408,410944,0,0,0,0,0,0,0,0,0,0,0,0,0,0,566976,128,626,1474,3398364636,2060576652,1005440,0
989,1116224,0,0,0,4032,9024,386240,534080,182848,161472,950912,0,1408,380992,0,0,0,0,0,0,0,0,0,0,0,0,0,0,533952,128,618,1458,3624605491,2273158183,941888,0
990,1116736,0,0,0,4032,9088,394880,575808,132928,111232,1001664,0,1408,389504,0,0,0,0,0,0,0,0,0,0,0,0,0,0,575680,128,630,1482,388273869,1231453415,992576,0
991,1116928,0,0,0,4032,9152,383360,544448,175936,154240,958720,0,1344,378048,0,0,0,0,0,0,0,0,0,0,0,0,0,0,544320,128,614,1444,435718131,440148403,949568,0
992,1116608,0,0,0,4096,9344,403200,570112,129856,102720,1009984,0,1408,398016,0,0,0,0,0,0,0,0,0,0,0,0,0,0,569984,128,621,1462,3266733366,1723800300,1000640,0
993,1677312,0,0,0,19008,10752,678464,616128,352960,330752,1342144,3648,1408,673152,39424,0,9792,0,0,1,0,0,0,0,0,0,19264,128,596608,128,634,1526,63930072,1171121773,1331392,0
994,1115968,0,0,0,4224,9344,446016,630016,26368,4480,1107136,0,1408,440832,0,0,0,0,0,0,0,0,0,0,0,0,0,0,629888,128,621,1508,1081335963,2498684361,1097792,0
995,1116928,0,0,0,4288,9280,401024,600064,102272,80512,1032128,0,1408,395776,0,0,0,0,0,0,0,0,0,0,0,0,0,0,599936,128,575,1422,2842304929,1580750548,1022848,0
996,1116544,0,0,0,5056,9600,400128,612544,89216,67584,1044672,0,1408,394880,0,0,0,0,0,0,0,0,0,0,0,0,0,0,612416,128,528,1305,3304598962,3646094466,1035072,0
997,1677248,0,0,0,4160,9664,585344,610816,467264,445376,1227520,34176,1408,580032,125376,0,22144,0,1,2,0,0,0,0,0,0,47232,640,562816,128,514,1258,2654987236,4170409254,1217856,0
998,1676928,0,0,0,8960,9984,517760,671936,468288,446272,1226240,4928,1344,512448,67840,0,9792,0,0,1,0,0,0,0,0,0,20160,13824,637824,128,523,1290,446135099,1779430438,1216256,0
999,1115840,0,0,0,4416,9984,442304,596928,62208,40704,1070784,0,1408,436992,0,0,0,0,0,0,0,0,0,0,0,0,0,0,596800,128,493,1213,965883535,2709681123,1060800,0
1000,1116864,0,0,0,4352,9728,400384,561408,140992,119488,993088,0,1408,395136,0,0,0,0,0,0,0,0,0,0,0,0,0,0,561280,128,482,1164,407352698,4036149129,983360,0
1001,1116672,0,0,0,9792,9280,472832,581952,42816,21376,1090880,0,1408,467712,0,0,0,0,0,0,0,0,0,0,0,0,0,0,581824,128,483,1171,2303846116,2072816904,1081600,0
1002,1116672,0,0,0,5504,9600,412928,593664,94976,73344,1038912,0,1408,407744,0,0,0,0,0,0,0,0,0,0,0,0,0,0,593536,128,482,1168,2388350440,1379822218,1029312,0
1003,1116544,0,0,0,6528,9600,407296,557440,135680,114304,997952,0,1344,401920,0,0,0,0,0,0,0,0,0,0,0,0,0,0,557312,128,461,1097,467372818,2195382544,988352,0
1004,1116736,0,0,0,5632,9600,438912,523200,139392,118016,994368,0,1408,433600,0,0,0,0,0,0,0,0,0,0,0,0,0,0,523072,128,446,1052,1617662495,545981780,984768,0
1005,1677056,0,0,0,4416,9600,450176,726720,486144,464576,1208192,0,1408,444928,0,0,0,0,0,0,0,0,0,0,0,0,0,0,726592,128,462,1141,3322330208,590067097,1198592,0
1006,1116544,0,0,0,6400,9536,380800,554816,164992,143744,968256,0,1472,375424,0,0,0,0,0,0,0,0,0,0,0,0,0,0,554688,128,463,1148,1804997262,3015012383,958720,0
1007,1677760,0,0,0,6848,24896,631616,596736,417664,395008,1278528,14720,1408,626432,165632,0,33536,0,0,4,0,0,0,0,0,0,64960,14144,517504,128,450,1092,3645771313,1744096369,1253632,0
1008,1115776,0,0,0,10880,9792,455680,534528,104896,77568,1033600,4928,1472,450240,58048,0,12416,0,0,1,0,0,0,0,0,0,23104,576,510720,128,444,1077,840905182,3156870661,1023808,0
1009,1117248,0,0,0,6144,9536,420800,557120,123648,101504,1011520,0,1472,415552,0,0,0,0,0,0,0,0,0,0,0,0,0,0,556992,128,466,1131,276305863,318851639,1001984,0
1010,1115904,0,0,0,6272,9408,383104,549376,167744,145984,965696,0,1408,377792,0,0,0,0,0,0,0,0,0,0,0,0,0,0,549248,128,466,1137,1826882792,2171062747,956288,0
1011,1116800,0,0,0,5376,9408,402688,539584,159744,138304,974208,0,1408,397248,0,0,0,0,0,0,0,0,0,0,0,0,0,0,539456,128,448,1077,2808712166,1919654377,964800,0
1012,1116736,0,0,0,4160,9344,388160,531456,183616,162176,950208,0,1408,382848,0,0,0,0,0,0,0,0,0,0,0,0,0,0,531328,128,446,1081,2389462289,3253873375,940864,0
1013,1116672,0,0,0,4096,9664,405696,543616,153600,132160,980352,0,1408,400384,0,0,0,0,0,0,0,0,0,0,0,0,0,0,543488,128,455,1112,3833418539,3785835865,970688,0
1014,1116608,0,0,0,8960,9600,452032,568640,77376,55808,1056448,4928,1536,446528,70336,0,11648,0,0,2,0,0,0,0,0,0,28544,15744,524224,128,344,847,2676938,1874613595,1046848,0
1015,1116864,0,0,0,6272,9408,375488,509184,216512,194880,917632,0,1408,369792,0,0,0,0,0,0,0,0,0,0,0,0,0,0,509056,128,324,787,1036894320,713194936,908224,0
1016,1116672,0,0,0,7168,9984,369408,482560,247552,225984,886272,0,1408,364032,0,0,0,0,0,0,0,0,0,0,0,0,0,0,482368,192,327,796,4001055356,2117089101,876288,0
1017,1117248,0,0,0,6336,9536,396480,524032,180864,158592,954176,0,1472,391232,0,0,0,0,0,0,0,0,0,0,0,0,0,0,523904,128,344,855,4034254057,1621781524,944640,0
1018,1116032,0,0,0,5376,9920,366528,515008,219200,197888,913728,0,1472,361088,0,0,0,0,0,0,0,0,0,0,0,0,0,0,514880,128,345,856,226229,2528750080,903808,0
1019,1116672,0,0,0,4160,9472,361728,550912,190400,169024,943360,0,1408,356416,0,0,0,0,0,0,0,0,0,0,0,0,0,0,550784,128,328,807,3509916982,2072995393,933888,0
1020,1115264,0,0,0,5184,9088,365952,504128,230912,210880,900096,0,1408,360576,0,0,0,0,0,0,0,0,0,0,0,0,0,0,504000,128,327,808,907319964,999125813,891008,0
1021,1116480,0,0,0,6208,9472,389824,525184,185792,164288,947776,0,1408,384576,0,0,0,0,0,0,0,0,0,0,0,0,0,0,525056,128,349,875,2243262258,3635712917,938304,0
1022,1116800,0,0,0,5312,10752,363968,520192,216576,196800,915712,0,1408,358400,0,0,0,0,0,0,0,0,0,0,0,0,0,0,520064,128,387,1001,453383804,3585700511,904960,0
1023,1117120,0,0,0,3840,9280,430208,534784,139008,118784,994048,3648,1344,424960,47872,0,11520,0,0,1,0,0,0,0,0,0,24384,128,510144,128,394,996,3270892335,2403291721,984768,0
1024,1116096,0,0,0,3904,9536,358848,496384,247424,219008,892864,0,1344,353600,0,0,0,0,0,0,0,0,0,0,0,0,0,0,496256,128,401,999,3215350639,2791903249,883328,0
1025,1116800,0,0,0,5952,9536,440576,532224,128512,108160,1004224,3584,1472,435264,48960,0,11456,0,0,1,0,0,0,0,0,0,25920,512,505664,128,441,1108,1339283110,2859159247,994688,0
1026,1118080,0,0,0,4352,23744,453184,517760,119040,97728,1016384,9856,1408,447936,91008,0,20864,0,0,2,0,0,0,0,0,0,43264,2240,472064,192,469,1141,1779078281,456139447,992640,0
1027,1116608,0,0,0,2432,9088,381824,471808,251456,229888,882816,0,1408,376576,0,0,0,0,0,0,0,0,0,0,0,0,0,0,471680,128,458,1085,3913721413,15567269,873728,0
1028,1116736,0,0,0,2432,23168,332416,466112,292608,270912,841920,0,1344,327232,0,0,0,0,0,0,0,0,0,0,0,0,0,0,465920,192,455,1069,1879261758,4240721054,818752,0
1029,1676800,0,0,0,12224,9920,526016,706688,421952,400448,1271808,4800,1408,520704,81792,0,10112,0,0,1,0,0,0,0,0,0,20864,26752,658944,128,522,1209,712815232,1949573590,1261888,0
1030,1676928,0,0,0,4096,9152,379840,834112,449728,422784,1250176,0,1408,374400,0,0,0,0,0,0,0,0,0,0,0,17472,0,0,833984,128,532,1230,4103551731,1374593637,1241024,0
1031,1116544,0,0,0,3968,9344,399104,546752,157376,135872,976640,0,1408,393728,0,0,0,0,0,0,0,0,0,0,0,0,0,0,546624,128,510,1176,4140468834,4247974792,967296,0
1032,1116736,0,0,0,4032,9472,389824,537344,176064,154688,958080,0,1408,384384,0,0,0,0,0,0,0,0,0,0,0,0,0,0,537216,128,509,1156,1058964387,439847398,948608,0
1033,1116800,0,0,0,4224,9152,398272,529728,175424,153792,959040,0,1408,392896,0,0,0,0,0,0,0,0,0,0,0,0,0,0,529600,128,505,1142,2148651954,4165785033,949888,0
1034,1116608,0,0,0,3968,8960,487552,575040,41088,19712,1093056,23040,1472,482112,61120,0,10816,0,1,1,0,0,0,0,0,0,19840,576,554496,128,604,1369,3240800032,1431009799,1084096,0
1035,1117184,0,0,0,4032,9088,477184,506368,120512,98560,1014656,0,1408,471872,0,0,0,0,0,0,0,0,0,0,0,0,0,0,506240,128,602,1371,1710342811,3778946630,1005568,0
1036,1676672,0,0,0,4096,10304,562368,561344,538560,516544,1156288,39552,1408,557056,119872,0,22528,0,1,2,0,0,0,0,0,0,39872,512,520832,128,611,1387,2404931420,3274880827,1145984,0
1037,2236992,0,0,0,12416,23168,977664,827712,396032,374144,1858752,101184,1408,972288,144256,0,10880,0,1,1,0,0,0,0,0,0,22464,384,804736,128,630,1451,4163561894,1826691701,1835584,0
1038,1676416,0,0,0,4224,23616,500096,576448,572032,550720,1121792,0,1408,494720,0,0,0,0,0,0,0,0,0,0,0,0,0,0,576320,128,620,1427,2024564900,1787019528,1098176,0
1039,1116544,0,0,0,6272,23296,448448,559552,78976,57536,1054912,0,1408,443200,0,0,0,0,0,0,0,0,0,0,0,0,0,0,559360,192,620,1428,1746160389,1895565648,1031616,0
1040,1116992,0,0,0,6464,9344,518208,539712,43264,21440,1091520,0,1408,512832,0,0,0,0,0,0,0,0,0,0,0,0,0,0,539584,128,622,1427,2865858210,3669732255,1082176,0
1041,1676544,0,0,0,5120,23104,599680,564608,484032,457024,1215424,5312,1408,594240,46848,0,10880,0,0,1,0,0,0,0,0,0,22528,576,541376,128,626,1447,43540233,4187739487,1192320,0
1042,1115072,0,0,0,4032,24000,443264,555072,88704,68672,1042432,0,1472,437696,0,0,0,0,0,0,0,0,0,0,0,0,0,0,554944,128,622,1436,2671710066,275727946,1018432,0
1043,1116672,0,0,0,4160,23104,411328,497728,180352,160576,952128,0,1408,405952,0,0,0,0,0,0,0,0,0,0,0,0,0,0,497600,128,597,1338,443741969,1649807691,929024,0
1044,1677056,0,0,0,4160,23808,584064,578880,486144,466240,1206784,36288,1408,578688,88960,0,10432,0,1,1,0,0,0,0,0,0,21184,896,556672,128,590,1325,2113314651,963281059,1182976,0
1045,1116608,0,0,0,4224,9088,430400,492480,180416,160320,952384,0,1472,424960,0,0,0,0,0,0,0,0,0,0,0,0,0,0,492352,128,590,1324,3029852941,4238755036,943296,0
1046,1676800,0,0,0,4416,23232,730752,573888,344512,324288,1348608,8704,1408,725248,113728,0,20800,0,0,2,0,0,0,0,0,0,43008,14080,516672,128,584,1338,1232393311,667721226,1325376,0
1047,1116800,0,0,0,4416,23872,355712,526080,206720,186752,926016,0,1344,350272,0,0,0,0,0,0,0,0,0,0,0,0,0,0,525952,128,584,1336,2204426200,3279276444,902144,0
1048,1116544,0,0,0,4544,24320,308544,493248,285888,266240,846336,0,1344,303104,0,0,0,0,0,0,0,0,0,0,0,0,0,0,493120,128,582,1334,4125563646,4278166241,822016,0
1049,1678848,0,0,0,10560,26880,877248,591168,172992,143360,1528064,34944,3648,864960,143296,0,21760,0,1,2,0,0,0,0,0,0,44992,14016,531968,192,613,1392,2840445675,2500371874,1501184,0
1050,1116224,0,0,0,4864,23808,423936,538624,124992,103104,1009152,0,1408,418752,0,0,0,0,0,0,0,0,0,0,0,0,0,0,538496,128,616,1400,3068263583,730201631,985344,0
1051,1116608,0,0,0,4864,23232,413952,508608,165952,144448,968192,0,1408,408576,0,0,0,0,0,0,0,0,0,0,0,0,0,0,508480,128,619,1417,1891315527,3983031072,944960,0
1052,1676800,0,0,0,4928,23232,704704,613440,330496,308864,1363968,9408,1472,699456,117376,0,21440,0,0,2,0,0,0,0,0,0,44928,14400,553984,128,634,1463,1240761832,4061624058,1340736,0
1053,1116928,0,0,0,5120,23680,333056,559872,195200,173248,939712,0,1344,327680,0,0,0,0,0,0,0,0,0,0,0,0,0,0,559744,128,634,1466,1070939011,1422971950,916032,0
1054,1116416,0,0,0,5056,23232,324480,541760,221888,200384,912000,0,1344,319232,0,0,0,0,0,0,0,0,0,0,0,0,0,0,541632,128,638,1482,3691152632,775806689,888768,0
1055,1676864,0,0,0,5888,22784,658688,609664,379840,358080,1314752,9408,1536,653248,117504,0,21632,0,0,2,0,0,0,0,0,0,45376,14336,549824,128,639,1507,2091583485,1589302136,1291968,0
1056,1116864,0,0,0,5248,23744,313280,558144,216448,193152,919744,0,1344,307840,0,0,0,0,0,0,0,0,0,0,0,0,0,0,558016,128,623,1490,3660074349,441117600,896000,0
1057,1116608,0,0,0,5120,22592,282432,530240,276224,248960,863680,0,1472,277056,0,0,0,0,0,0,0,0,0,0,0,0,0,0,530112,128,589,1433,2238081112,378201736,841088,0
1058,1676800,0,0,0,5120,22912,647488,611840,389440,368000,1304768,9536,1408,642112,116992,0,21120,0,0,2,0,0,0,0,0,0,45312,14080,552320,128,531,1272,1834916716,2502855690,1281856,0
1059,1116544,0,0,0,5312,24000,384512,530112,172608,151104,961472,0,1344,379072,0,0,0,0,0,0,0,0,0,0,0,0,0,0,529984,128,520,1229,905699140,1200117461,937472,0
1060,1116800,0,0,0,5184,22848,285824,495040,307904,286080,826752,0,1408,280576,0,0,0,0,0,0,0,0,0,0,0,0,0,0,494912,128,522,1236,773771869,2665129310,803904,0
1061,1676608,0,0,0,5184,24192,682368,576064,388800,367296,1305408,9984,1472,676992,117184,0,21248,0,0,2,0,0,0,0,0,0,44928,14208,516800,128,524,1250,197480059,310215688,1281216,0
1062,1116928,0,0,0,5184,23744,397888,526016,164096,142592,970240,0,1472,392384,0,0,0,0,0,0,0,0,0,0,0,0,0,0,525888,128,523,1246,2516437281,141105025,946496,0
1063,1116672,0,0,0,5184,22528,298816,495744,294400,272960,839744,0,1344,293504,0,0,0,0,0,0,0,0,0,0,0,0,0,0,495616,128,523,1242,2626876946,3693468216,817216,0
1064,1676544,0,0,0,5184,23360,688768,570624,388608,366912,1305664,9344,1408,683392,116736,0,21504,0,0,2,0,0,0,0,0,0,44544,14528,511424,128,525,1242,2806232081,3968581168,1282304,0
1065,1116736,0,0,0,5312,23872,377024,519680,190848,169344,943488,0,1408,371648,0,0,0,0,0,0,0,0,0,0,0,0,0,0,519552,128,522,1234,1315951596,3299492541,919616,0
1066,1116544,0,0,0,6336,22912,330432,491840,265024,243456,868992,0,1408,325056,0,0,0,0,0,0,0,0,0,0,0,0,0,0,491712,128,523,1233,1498658886,1727720092,846080,0
1067,1677056,0,0,0,7232,23936,754240,575808,315840,294336,1378560,9472,1408,748928,115328,0,21248,0,0,2,0,0,0,0,0,0,43840,13952,517824,192,529,1247,3796403778,3939932976,1354624,0
1068,1116544,0,0,0,6400,24448,366144,519808,199744,178176,934208,0,1344,360768,0,0,0,0,0,0,0,0,0,0,0,0,0,0,519680,128,529,1239,3654093168,2614834166,909760,0
1069,1116480,0,0,0,5120,22976,332160,491392,264832,243648,868864,0,1408,326912,0,0,0,0,0,0,0,0,0,0,0,0,0,0,491264,128,528,1238,43591849,2868208699,845888,0
1070,1676864,0,0,0,5120,23424,746112,571264,330944,309184,1363648,9344,1472,740672,114752,0,21184,0,0,2,0,0,0,0,0,0,43136,14080,513920,128,531,1232,3869484617,2222734147,1340224,0
1071,1677056,0,0,0,7744,25536,469248,639104,535424,513856,1158976,0,1408,463872,2624,0,0,0,0,1,0,0,0,0,0,0,0,128,638848,128,528,1224,2188034373,2872882094,1133440,0
1072,1116544,0,0,0,7680,24768,319104,610944,154048,132480,980096,0,1408,313664,0,0,0,0,0,0,0,0,0,0,0,0,0,0,610816,128,548,1282,3445661798,176679421,955328,0
1073,1676864,0,0,0,7744,24704,821760,709248,113408,86720,1586176,9408,1472,816320,116992,0,21056,0,0,2,0,0,0,0,0,0,45248,14144,649728,128,560,1374,922338758,2322730902,1561472,0
1074,1116544,0,0,0,5120,26688,336000,697600,51136,29440,1083136,0,1408,330624,0,0,0,0,0,0,0,0,0,0,0,0,0,0,697472,128,558,1371,4202395548,252042610,1056448,0
1075,1116608,0,0,0,4992,24640,335680,633920,117376,95936,1016640,0,1472,330432,0,0,0,0,0,0,0,0,0,0,0,0,0,0,633728,192,560,1372,353534387,4136013933,992000,0
1076,1677056,0,0,0,7488,24384,681280,754816,209088,187328,1485696,9984,1472,675904,118144,0,21888,0,0,2,0,0,0,0,0,0,44864,14464,695360,128,566,1399,4055821930,463831921,1461312,0
1077,1677632,0,0,0,6592,25088,391488,672960,581504,558464,1115136,0,1536,386048,0,0,0,0,0,0,0,0,0,0,0,0,0,0,672832,128,561,1383,2209805774,4251694057,1090048,0
1078,1116288,0,0,0,7488,24448,359424,692096,32832,11200,1100992,0,1344,353984,0,0,0,0,0,0,0,0,0,0,0,0,0,0,691968,128,566,1398,1169982264,351208042,1076544,0
1079,1677056,0,0,0,14848,25408,646848,857920,132032,109696,1563200,9792,1408,641600,111232,0,20928,0,0,2,0,0,0,0,0,0,29440,14784,813568,128,595,1464,1895842409,3021908735,1537792,4
1080,1676928,0,0,0,7104,25664,296640,789824,557696,535424,1137472,0,1472,291264,0,0,0,0,0,0,0,0,0,0,0,0,0,0,789696,128,588,1440,2385040267,505759890,1111808,0
1081,1676288,0,0,0,6656,24640,351232,835776,457984,436032,1236224,0,1472,345600,0,0,0,0,0,0,0,0,0,0,0,0,0,0,835648,128,606,1495,2993495490,100987678,1211584,0
1082,1676736,0,0,0,5824,24448,321152,820096,505216,483776,1188928,0,1472,315648,0,0,0,0,0,0,0,0,0,0,0,0,0,0,819968,128,600,1472,378479956,120893506,1164480,0
1083,1677184,0,0,0,4608,25792,576640,855872,214272,192256,1481024,9664,1472,571328,127232,0,21376,0,0,2,0,0,0,0,0,0,45568,13760,796416,128,590,1454,795671555,1963128255,1455232,0
1084,1676224,0,0,0,4608,24000,383296,805696,458624,437056,1235328,0,1408,378048,0,0,0,0,0,0,0,0,0,0,0,0,0,0,805568,128,595,1440,3828845145,2967375758,1211328,0
1085,1677056,0,0,0,4672,24128,371136,760704,516416,494848,1178368,0,1408,365888,0,0,0,0,0,0,0,0,0,0,0,0,0,0,760576,128,599,1426,3821091890,2132143924,1154240,0
1086,1676672,0,0,0,4608,24640,443712,682560,521152,499584,1173184,0,1600,438144,0,0,0,0,0,0,0,0,0,0,0,0,0,0,682432,128,581,1359,3872669764,2949713352,1148544,0
1087,1676736,0,0,0,5568,24704,398592,713088,534784,513472,1159232,0,1408,393216,0,0,0,0,0,0,0,0,0,0,0,0,0,0,712960,128,601,1413,3566927205,1693453108,1134528,0
1088,1116672,0,0,0,6656,24192,374592,615424,95808,74240,1038464,0,1408,369088,0,0,0,0,0,0,0,0,0,0,0,0,0,0,615296,128,575,1332,984533245,3935163479,1014272,0
1089,1116544,0,0,0,5760,24192,362048,627456,97088,70016,1042560,0,1408,356608,0,0,0,0,0,0,0,0,0,0,0,0,0,0,627328,128,584,1358,1051755438,151465429,1018368,0
1090,1116736,0,0,0,5312,24256,438656,570048,78464,57152,1055680,0,1344,433344,0,0,0,0,0,0,0,0,0,0,0,0,0,0,569920,128,564,1304,4195756717,1387598204,1031424,0
1091,1677376,0,0,0,7040,24320,434560,628864,582592,560000,1113472,5120,1472,429184,40640,0,10048,0,0,1,0,0,0,0,0,0,18048,128,610560,128,570,1326,4100617950,371194830,1089152,0
1092,1115584,0,0,0,5824,24576,367744,574080,143360,122048,989568,0,1344,362432,0,0,0,0,0,0,0,0,0,0,0,0,0,0,573888,192,555,1279,2068608251,1181007411,964992,0
1093,1677632,0,0,0,4288,23872,592448,837760,219264,197120,1476608,40064,1344,587072,166208,0,22080,0,1,2,0,0,0,0,0,0,63616,14208,759808,128,587,1372,3043361897,1343151809,1452736,0
1094,1676096,0,0,0,6528,23936,373824,737216,534592,513024,1159104,0,1408,368512,0,0,0,0,0,0,0,0,0,0,0,0,0,0,737088,128,585,1355,3144425428,4020854995,1135168,0
1095,1676864,0,0,0,5504,24960,406656,765312,474432,452928,1220032,0,1408,401216,0,0,0,0,0,0,0,0,0,0,0,0,0,0,765184,128,583,1367,2887877773,2452623683,1195072,0
1096,1677120,0,0,0,6720,23808,404288,721664,520640,498944,1174208,0,1408,398912,0,0,0,0,0,0,0,0,0,0,0,0,0,0,721536,128,573,1340,1137211762,3313941833,1150400,0
1097,1676864,0,0,0,6976,23680,395776,733696,516736,494592,1178240,0,1472,390336,0,0,0,0,0,0,0,0,0,0,0,0,0,0,733568,128,577,1355,651861626,3246234502,1154560,0
1098,1676928,0,0,0,5888,23616,384832,717120,545472,523328,1149696,0,1408,379648,0,0,0,0,0,0,0,0,0,0,0,0,0,0,716992,128,569,1334,2763330053,875370550,1126080,0
1099,1676544,0,0,0,6016,23744,422528,704192,520064,498560,1173888,0,1408,417152,0,0,0,0,0,0,0,0,0,0,0,0,0,0,704064,128,555,1293,2810013564,3027024868,1150144,0
1100,1116672,0,0,0,4352,23488,367936,676416,44480,23040,1089664,0,1408,362560,0,0,0,0,0,0,0,0,0,0,0,0,0,0,676288,128,554,1290,3623002356,534338467,1066176,0
1101,1116672,0,0,0,2432,23360,363392,695872,31616,10432,1102336,0,1472,358016,0,0,0,0,0,0,0,0,0,0,0,0,0,0,695744,128,557,1305,2295791248,3196013100,1078976,0
1102,1116800,0,0,0,2368,23424,365248,666688,59072,37504,1075392,0,1408,359872,0,0,0,0,0,0,0,0,0,0,0,0,0,0,666560,128,547,1280,1836757571,1479826091,1051968,0
1103,1676864,0,0,0,2432,23808,388480,686528,575616,553984,1118976,0,1408,383104,0,0,0,0,0,0,0,0,0,0,0,0,0,0,686400,128,558,1312,3345851783,3738183254,1095168,0
1104,1116800,0,0,0,2368,9088,389376,668864,47104,25536,1087424,0,1408,383936,0,0,0,0,0,0,0,0,0,0,0,0,0,0,668736,128,552,1288,2299142834,2031927760,1078336,0
1105,1677184,0,0,0,2368,9472,432320,692544,540480,513280,1160000,4864,1408,426880,44800,0,11008,0,0,1,0,0,0,0,0,0,20736,512,671168,128,555,1306,2202153619,2720631514,1150528,0
1106,1676224,0,0,0,2432,22336,409088,691776,550592,529088,1143296,0,1408,403712,2688,0,0,0,0,1,0,0,0,0,0,0,0,128,691456,192,549,1298,393196240,2580683296,1120960,0
1107,1677696,0,0,0,9792,10624,451968,709824,495488,473088,1200576,4864,1408,446720,50112,0,10048,0,0,1,0,0,0,0,0,0,21376,576,687744,128,558,1317,1691459166,2931427136,1189952,0
1108,1115776,0,0,0,3904,9280,356160,670784,75648,54400,1057408,0,1408,350976,0,0,0,0,0,0,0,0,0,0,0,0,0,0,670656,128,554,1311,4041761545,1901785970,1048128,0
1109,1116672,0,0,0,3840,9152,332608,637568,133504,111936,1000832,0,1408,327360,0,0,0,0,0,0,0,0,0,0,0,0,0,0,637376,192,552,1302,838644529,1286285557,991680,0
1110,1115264,0,0,0,3904,8896,335616,613568,153280,133568,977728,0,1408,330304,0,0,0,0,0,0,0,0,0,0,0,0,0,0,613440,128,539,1261,1754544430,4078875764,968832,0
1111,1116736,0,0,0,3840,9088,329600,590208,184000,164288,948480,0,1408,324288,0,0,0,0,0,0,0,0,0,0,0,0,0,0,590080,128,529,1247,595361903,582929190,939392,0
1112,1116544,0,0,0,3840,9024,332416,524864,246400,226560,886080,0,1472,327104,0,0,0,0,0,0,0,0,0,0,0,0,0,0,524736,128,509,1189,1954544991,456532754,877056,0
1113,1116800,0,0,0,3776,9216,330688,538816,234304,214400,898432,0,1344,325440,0,0,0,0,0,0,0,0,0,0,0,0,0,0,538688,128,506,1184,1263995870,2853771616,889216,0
1114,1116608,0,0,0,5888,8896,328576,531200,242048,222272,890432,0,1344,323264,0,0,0,0,0,0,0,0,0,0,0,0,0,0,531072,128,512,1196,2782670695,355011718,881536,0
1115,1116480,0,0,0,5888,9216,332160,526720,242496,222848,889536,0,1344,326912,0,0,0,0,0,0,0,0,0,0,0,0,0,0,526592,128,511,1189,3596098910,3359401026,880320,0
1116,1678976,0,0,0,8576,9344,493888,829632,337536,315584,1359424,38784,1344,488512,82240,0,10944,0,1,1,0,0,0,0,0,0,24256,576,804672,128,527,1241,1709867559,107462329,1350080,0
1117,1115712,0,0,0,3840,9280,447360,574336,80896,59392,1052352,8128,1344,441984,78464,0,19648,0,0,2,0,0,0,0,0,0,37440,256,536512,128,531,1253,2780411680,3847745468,1043072,0
1118,1117440,0,0,0,3840,9152,323392,568064,212992,190976,922560,0,1472,318144,0,0,0,0,0,0,0,0,0,0,0,0,0,0,567936,128,533,1251,3150106334,877779007,913408,0
1119,1115968,0,0,0,3840,9088,321536,595136,186368,164800,947264,0,1472,316224,0,0,0,0,0,0,0,0,0,0,0,0,0,0,595008,128,537,1251,1572322610,3999248156,938176,0
1120,1116672,0,0,0,5888,9088,325184,588096,188416,167040,945536,0,1408,319872,0,0,0,0,0,0,0,0,0,0,0,0,0,0,587968,128,560,1332,2519858023,2619605754,936448,0
1121,1116480,0,0,0,5824,9152,324416,643072,134016,106560,1005888,0,1408,319104,0,0,0,0,0,0,0,0,0,0,0,0,0,0,642944,128,699,1743,3874264166,2386063150,996736,0
1122,1116800,0,0,0,4288,10432,320768,596736,184576,162688,950080,0,1472,315520,0,0,0,0,0,0,0,0,0,0,0,0,0,0,596608,128,682,1607,3862045631,1549687907,939648,0
1123,1116800,0,0,0,2368,8768,312768,592000,200896,179264,933632,0,1408,307456,0,0,0,0,0,0,0,0,0,0,0,0,0,0,591808,192,689,1610,831182592,1233622329,924864,0
1124,1116352,0,0,0,7680,9024,404992,628480,66176,44864,1067456,3648,1408,399552,41728,0,10368,0,0,1,0,0,0,0,0,0,18752,64,609536,128,683,1595,582888853,2465704353,1058432,0
1125,1676672,0,0,0,3968,9088,478784,787840,396992,375296,1297472,3648,1344,473664,108224,0,12928,0,0,1,0,0,0,0,0,0,26880,2624,758208,128,704,1647,877655961,3537571724,1288384,0
1126,1116736,0,0,0,3840,9088,326848,697024,79936,58432,1054464,0,1344,321600,0,0,0,0,0,0,0,0,0,0,0,0,0,0,696896,128,708,1659,1445686119,31872931,1045376,0
1127,1116544,0,0,0,6784,22464,339776,713920,33600,12032,1100544,0,1408,334656,0,0,0,0,0,0,0,0,0,0,0,0,0,0,713792,128,715,1679,2642121355,4178441330,1078080,0
1128,1116736,0,0,0,5760,9216,320064,715072,66624,45120,1067584,0,1408,314880,0,0,0,0,0,0,0,0,0,0,0,0,0,0,714944,128,708,1668,3999242651,4231337644,1058368,0
1129,1677120,0,0,0,9536,9024,449536,755200,453824,432000,1241152,4928,1408,444096,58496,0,10944,0,0,1,0,0,0,0,0,0,24320,1088,729664,128,707,1664,790714105,3632531256,1232128,0
1130,1116224,0,0,0,3840,9216,309248,714432,79488,58048,1054272,0,1408,304000,0,0,0,0,0,0,0,0,0,0,0,0,0,0,714304,128,706,1658,2882318222,731767713,1045056,0
1131,1677376,0,0,0,3968,9280,391360,719552,553216,531392,1142144,4672,1408,386048,47360,0,12224,0,0,1,0,0,0,0,0,0,23616,128,695680,128,707,1661,2637486384,408692591,1132864,0
1132,1116288,0,0,0,3776,9344,320576,710208,72384,50624,1061696,0,1344,315136,0,0,0,0,0,0,0,0,0,0,0,0,0,0,710080,128,705,1647,3275376823,4283124573,1052352,0
1133,1116608,0,0,0,3840,9024,338368,707136,58240,36608,1076032,0,1408,333184,0,0,0,0,0,0,0,0,0,0,0,0,0,0,707008,128,719,1659,2956049927,3507819074,1067008,0
1134,1116672,0,0,0,9024,9152,353408,716160,28928,7488,1105216,0,1280,347968,0,0,0,0,0,0,0,0,0,0,0,0,0,0,716032,128,720,1681,1436710286,2330879948,1096064,0
1135,1116416,0,0,0,4032,9280,350016,717888,35200,14336,1098048,0,1408,344768,0,0,0,0,0,0,0,0,0,0,0,0,0,0,717760,128,723,1690,4107532963,1528856060,1088768,0
1136,1116672,0,0,0,4032,10496,339648,714816,47680,26048,1086592,0,1408,334464,0,0,0,0,0,0,0,0,0,0,0,0,0,0,714688,128,720,1688,4230514329,2041742109,1076096,0
1137,1116864,0,0,0,3968,9024,352576,714304,36992,9472,1103424,0,1344,347392,0,0,0,0,0,0,0,0,0,0,0,0,0,0,714176,128,714,1676,1294439939,417186810,1094400,0
1138,1676608,0,0,0,3968,8896,370112,712768,580864,558784,1113920,0,1472,364672,0,0,0,0,0,0,0,0,0,0,0,0,0,0,712640,128,717,1669,1902224475,2241572936,1105024,0
1139,1116544,0,0,0,4032,9088,369920,699392,34112,12672,1099968,0,1408,364480,0,0,0,0,0,0,0,0,0,0,0,0,0,0,699264,128,720,1674,2034865140,541929499,1090880,0
1140,1116864,0,0,0,3968,9024,346048,708032,49792,28352,1084544,0,1280,340864,0,0,0,0,0,0,0,0,0,0,0,0,0,0,707840,192,723,1683,70096729,442930499,1075520,0
1141,1116608,0,0,0,3968,9344,350528,705088,47680,26112,1086528,0,1408,345216,0,0,0,0,0,0,0,0,0,0,0,0,0,0,704960,128,722,1685,1290825513,4087290398,1077184,0
1142,1116736,0,0,0,6016,9152,352576,699904,49088,27520,1085248,0,1472,347264,0,0,0,0,0,0,0,0,0,0,0,0,0,0,699776,128,715,1662,3833700170,2833872680,1076096,0
1143,1116608,0,0,0,6144,9152,349376,707264,44672,23168,1089536,0,1408,344064,0,0,0,0,0,0,0,0,0,0,0,0,0,0,707136,128,713,1663,4171542089,1271336140,1080384,0
1144,1116608,0,0,0,6656,9408,309376,702080,89088,67456,1045184,0,1408,304064,0,0,0,0,0,0,0,0,0,0,0,0,0,0,701952,128,714,1675,184822508,747266033,1035776,0
1145,1677760,0,0,0,4480,8960,516352,633472,514496,492096,1181760,54144,1344,511104,176960,0,36160,0,2,3,0,0,0,0,0,0,59712,3584,570048,128,657,1500,3852062619,3740573590,1172800,0
1146,1676608,0,0,0,2368,9344,484288,632128,548480,526336,1146368,51648,1408,478912,135872,0,21760,0,2,2,0,0,0,0,0,0,46912,576,584512,128,667,1523,1691263156,2194069166,1137024,0
1147,1115904,0,0,0,3264,9152,354560,610176,138752,117312,994688,0,1408,349376,0,0,0,0,0,0,0,0,0,0,0,0,0,0,610048,128,668,1514,1491434235,1879574760,985536,0
1148,1677248,0,0,0,9408,9280,468288,619136,571136,549248,1123904,3584,1408,463040,49344,0,10688,0,0,1,0,0,0,0,0,0,22272,64,596672,128,673,1539,1021438624,1642092666,1114624,0
1149,1677120,0,0,0,8704,10496,442944,891456,323520,301312,1371776,3648,1408,437632,51840,0,11072,0,0,1,0,0,0,0,0,0,23552,128,867648,128,674,1542,3629648297,2875044702,1361280,0
1150,2236608,0,0,0,3968,9216,376064,1343552,503808,481920,1750784,0,1408,370752,0,0,0,0,0,0,0,0,0,0,0,0,0,0,1343424,128,670,1533,3519498930,1316178365,1741568,0
1151,2236928,0,0,0,4992,9152,396352,1325376,501056,479296,1753728,0,1408,390912,0,0,0,0,0,0,0,0,0,0,0,0,0,0,1325248,128,668,1529,3882486563,388098796,1744576,0
1152,1677184,0,0,0,5184,9216,560704,696640,405440,380672,1292480,46656,1344,555520,134720,0,24576,0,1,2,0,0,0,0,0,0,45248,192,651008,192,671,1543,3835459690,2745043521,1283264,0
1153,1115968,0,0,0,3840,9216,348480,687104,67328,40064,1072064,0,1408,343296,0,0,0,0,0,0,0,0,0,0,0,0,0,0,686976,128,665,1537,2010663079,2328907812,1062848,0
1154,1676864,0,0,0,3840,8960,360000,735424,568640,547328,1125568,0,1408,354624,0,0,0,0,0,0,0,0,0,0,0,0,0,0,735296,128,668,1540,3255095651,2122816369,1116608,0
1155,1115136,0,0,0,3776,8832,349760,609088,143680,123712,987584,0,1408,344320,0,0,0,0,0,0,0,0,0,0,0,0,0,0,608960,128,671,1545,907341056,4006251904,978752,0
1156,1116928,0,0,0,4864,8832,344704,621504,137024,116480,996544,0,1408,339584,0,0,0,0,0,0,0,0,0,0,0,0,0,0,621376,128,670,1542,3386474456,4249672260,987712,0
1157,1116416,0,0,0,5888,22720,350464,598400,138944,119296,993088,0,1536,345024,0,0,0,0,0,0,0,0,0,0,0,0,0,0,598272,128,668,1539,4082041963,2139596197,970368,0
1158,1116736,0,0,0,4288,9024,351040,609920,142464,122624,990080,0,1408,345664,0,0,0,0,0,0,0,0,0,0,0,0,0,0,609792,128,676,1559,4240059186,2757243212,981056,0
1159,1116608,0,0,0,2432,8768,352128,616512,136768,116864,995776,0,1472,346816,0,0,0,0,0,0,0,0,0,0,0,0,0,0,616384,128,671,1544,181295791,1422743379,987008,0
1160,1116928,0,0,0,2368,9024,395648,630272,79616,59712,1053184,4928,1408,390400,46336,0,12224,0,0,1,0,0,0,0,0,0,20608,128,609408,128,668,1533,220491034,3022237207,1044160,0
1161,1117952,0,0,0,2304,10304,351360,628928,125056,103616,1010432,0,1408,345984,0,0,0,0,0,0,0,0,0,0,0,0,0,0,628800,128,675,1553,2670338722,3365519829,1000128,0
1162,1116800,0,0,0,2368,9280,349888,603520,151744,130368,982528,0,1408,344576,0,0,0,0,0,0,0,0,0,0,0,0,0,0,603392,128,677,1552,700699043,2969503020,973248,0
1163,1677504,0,0,0,3072,9280,493760,698240,473152,451392,1222208,9728,1408,488320,116864,0,21440,0,0,2,0,0,0,0,0,0,49472,14464,634176,128,683,1553,1122794379,1934096984,1212928,0
1164,1676672,0,0,0,3968,9408,461760,672896,528640,506688,1166080,4992,1408,456448,49472,0,12416,0,0,1,0,0,0,0,0,0,21632,384,650752,128,682,1555,2130153843,55590778,1156672,0
1165,1676608,0,0,0,4992,9280,487744,646336,528256,506816,1165888,3712,1408,482368,58112,0,12288,0,0,1,0,0,0,0,0,0,22208,2560,621440,128,679,1551,166970832,2777005893,1156608,0
1166,1116480,0,0,0,6400,9088,352384,611072,137536,116032,996480,0,1408,347072,0,0,0,0,0,0,0,0,0,0,0,0,0,0,610944,128,673,1543,1578845494,272681368,987392,0
1167,1116544,0,0,0,6656,9472,379712,619840,100864,79488,1032896,0,1408,374336,0,0,0,0,0,0,0,0,0,0,0,0,0,0,619712,128,676,1553,444634241,3697239482,1023424,0
1168,1116864,0,0,0,5120,9216,354432,617664,130432,108864,1004032,0,1408,349184,0,0,0,0,0,0,0,0,0,0,0,0,0,0,617536,128,676,1546,152714219,1943111153,994816,0
1169,1116416,0,0,0,3776,8960,355648,613440,134592,107136,1005376,0,1408,350400,0,0,0,0,0,0,0,0,0,0,0,0,0,0,613312,128,679,1549,2098121452,2033863154,996416,0
1170,1116928,0,0,0,3840,9088,357760,626688,119552,97920,1015040,0,1408,352384,0,0,0,0,0,0,0,0,0,0,0,0,0,0,626560,128,686,1562,1627163512,1016855378,1005952,0
1171,1116672,0,0,0,3904,9152,352256,616000,135360,113856,998912,0,1408,346752,0,0,0,0,0,0,0,0,0,0,0,0,0,0,615872,128,680,1551,1067581009,2446066680,989760,0
1172,1116608,0,0,0,3904,9024,356160,608704,138816,117504,995200,0,1408,350784,0,0,0,0,0,0,0,0,0,0,0,0,0,0,608576,128,687,1562,1449389572,1935835006,986176,0
1173,1116608,0,0,0,3968,9216,399680,629376,74368,53248,1059520,0,1408,394304,0,0,0,0,0,0,0,0,0,0,0,0,0,0,629248,128,684,1559,3125789343,2582369049,1050304,0
1174,1676800,0,0,0,3776,9152,454912,921728,287232,265536,1407360,5184,1408,449600,58624,0,10176,0,0,1,0,0,0,0,0,0,19008,9088,893504,128,648,1495,2739906684,4157182816,1398208,0
1175,1116544,0,0,0,3840,10304,344192,511296,246912,225536,887040,0,1408,338944,0,0,0,0,0,0,0,0,0,0,0,0,0,0,511168,128,643,1495,1263627656,3722071910,876736,0
1176,1116672,0,0,0,3840,9280,349824,502784,250944,229824,882944,0,1408,344576,0,0,0,0,0,0,0,0,0,0,0,0,0,0,502656,128,642,1490,2942589567,2280689529,873664,0
1177,1675840,0,0,0,3840,8832,619520,502144,541504,521280,1150720,4864,1408,614272,54528,0,10752,0,0,1,0,0,0,0,0,0,23616,512,477888,128,636,1457,1756791941,289932364,1141888,0
1178,1116224,0,0,0,3968,9024,350848,505792,246592,226688,885632,0,1344,345664,0,0,0,0,0,0,0,0,0,0,0,0,0,0,505664,128,633,1445,2534585532,2742107397,876608,0
1179,1116736,0,0,0,4928,8896,361920,500352,240640,220736,892032,0,1344,356608,0,0,0,0,0,0,0,0,0,0,0,0,0,0,500224,128,634,1456,2853070111,3053892491,883136,0
1180,1116672,0,0,0,5952,9088,346048,512064,243520,223424,889344,0,1344,340736,0,0,0,0,0,0,0,0,0,0,0,0,0,0,511936,128,648,1478,4224555074,1610412028,880256,0
1181,1116864,0,0,0,6592,9280,344832,488128,268032,248000,864704,0,1408,339520,0,0,0,0,0,0,0,0,0,0,0,0,0,0,488000,128,642,1465,3412346197,61984417,855424,0
1182,1116608,0,0,0,4416,9024,340800,500608,261760,241408,871296,0,1408,335424,0,0,0,0,0,0,0,0,0,0,0,0,0,0,500480,128,643,1462,323761303,37738217,862272,0
1183,1116544,0,0,0,2304,8896,343552,494144,267648,247424,865280,0,1408,338112,0,0,0,0,0,0,0,0,0,0,0,0,0,0,494016,128,645,1464,69622847,2022604157,856384,0
1184,1678848,0,0,0,3840,9024,617600,528960,519424,497408,1177472,21248,1408,612288,222272,0,55808,0,0,5,0,0,0,0,0,0,102144,2816,423872,128,650,1470,2745662554,1700136997,1168448,0
1185,1115904,0,0,0,4672,9152,330496,504128,267456,240000,871936,0,1472,325120,0,0,0,0,0,0,0,0,0,0,0,0,0,0,504000,128,649,1470,1871665574,3162500288,862784,0
1186,1116544,0,0,0,3840,9088,399296,500096,204224,182848,929856,4800,1408,394048,47168,0,12288,0,0,1,0,0,0,0,0,0,22912,64,476992,128,637,1450,1057372611,2966207209,920768,0
1187,1116608,0,0,0,5888,22528,391936,503808,192448,170944,941632,0,1472,386496,0,0,0,0,0,0,0,0,0,0,0,0,0,0,503680,128,646,1480,1778828489,1926802139,919104,0
1188,1677376,0,0,0,11008,23360,827968,632000,183040,161152,1512192,16832,1408,822720,148416,0,36416,0,0,2,0,0,0,0,0,0,54336,256,577280,128,650,1509,1374264754,3658673638,1488832,0
1189,1116160,0,0,0,4032,10432,384000,559808,157888,136320,975808,0,1408,378624,0,0,0,0,0,0,0,0,0,0,0,0,0,0,559680,128,647,1498,3942642939,1645361853,965376,0
1190,1116672,0,0,0,4096,22336,383360,546176,160704,139200,973504,0,1408,378048,0,0,0,0,0,0,0,0,0,0,0,0,0,0,546048,128,648,1496,3864819750,3430049746,951168,0
1191,1116608,0,0,0,4032,9088,453184,563840,86464,64704,1047936,4992,1344,447872,54976,0,10816,0,0,1,0,0,0,0,0,0,23680,512,539520,128,642,1495,738920440,3520899747,1038848,0
1192,1116992,0,0,0,4160,9216,398976,574464,130176,108480,1004608,0,1408,393728,0,0,0,0,0,0,0,0,0,0,0,0,0,0,574336,128,646,1491,3575529480,3438830798,995392,0
1193,1676544,0,0,0,16320,9984,706688,629184,314368,292544,1379584,4928,1344,701632,41216,0,10176,0,0,1,0,0,0,0,0,0,18880,64,610112,128,651,1561,3674425025,1137609543,1369600,0
1194,1676416,0,0,0,6400,9984,509504,646208,504320,482816,1189056,0,1344,504064,0,0,0,0,0,0,0,0,0,0,0,0,0,0,646080,128,661,1565,1646500228,2057531011,1179072,0
1195,1677056,0,0,0,6720,9664,507712,633984,518976,497280,1175296,0,1280,502464,0,0,0,0,0,0,0,0,0,0,0,0,0,0,633792,192,652,1556,1459340580,3439072322,1165632,0
1196,1676672,0,0,0,4160,9728,531456,587392,543936,521920,1150400,0,1408,526144,0,0,0,0,0,0,0,0,0,0,0,0,0,0,587264,128,644,1537,1746842570,177832546,1140672,0
1197,1677376,0,0,0,4160,9536,559488,630720,473472,451328,1221632,0,1408,554176,0,0,0,0,0,0,0,0,0,0,0,0,0,0,630592,128,637,1519,1761335713,459999910,1212096,0
1198,1676480,0,0,0,4224,9536,508736,622208,531776,510272,1161856,0,1472,503360,0,0,0,0,0,0,0,0,0,0,0,0,0,0,622080,128,631,1497,1560274144,3588815982,1152320,0
1199,1116480,0,0,0,4160,9408,473216,570624,59072,37312,1074880,0,1472,467840,0,0,0,0,0,0,0,0,0,0,0,0,0,0,570496,128,607,1423,81903069,559497060,1065472,0
1200,1676992,0,0,0,4160,9984,503680,602432,556736,535232,1137408,4992,1408,498432,50048,0,12160,0,0,1,0,0,0,0,0,0,21696,256,580352,128,603,1422,2156863546,3185379582,1127424,0
1201,1116736,0,0,0,4160,10688,420800,591488,89600,62336,1050048,0,1408,415552,0,0,0,0,0,0,0,0,0,0,0,0,0,0,591360,128,626,1503,1689497162,3597097636,1039360,0
1202,1116864,0,0,0,4160,9664,390080,600512,112448,90880,1021696,0,1408,384768,0,0,0,0,0,0,0,0,0,0,0,0,0,0,600320,192,635,1526,4125419636,999450740,1012032,0
1203,1116480,0,0,0,5120,9536,393280,573440,135104,113728,998464,0,1280,387968,0,0,0,0,0,0,0,0,0,0,0,0,0,0,573312,128,632,1515,659463877,3505679685,988928,0
1204,1116736,0,0,0,4224,9408,403584,579072,120448,98752,1013760,0,1472,398336,0,0,0,0,0,0,0,0,0,0,0,0,0,0,578944,128,642,1556,3315621037,1168309796,1004352,0
1205,1116480,0,0,0,5184,9728,423872,582400,95296,74112,1037952,0,1408,418432,0,0,0,0,0,0,0,0,0,0,0,0,0,0,582272,128,644,1547,2386451712,3343350534,1028224,0
1206,1116800,0,0,0,9920,9472,455296,616640,25472,3648,1108736,4928,1472,449920,54080,0,10880,0,0,1,0,0,0,0,0,0,24064,512,591936,128,626,1486,2028512700,317974139,1099264,0
1207,1116736,0,0,0,6976,9600,371328,565248,163584,141888,970368,0,1408,365888,0,0,0,0,0,0,0,0,0,0,0,0,0,0,565056,192,602,1428,441923279,3461196137,960768,0
1208,1116800,0,0,0,6336,9536,374208,557888,168832,147008,965376,0,1344,368960,0,0,0,0,0,0,0,0,0,0,0,0,0,0,557760,128,603,1417,1127493691,2397175648,955840,0
1209,1116608,0,0,0,5504,9408,403008,597568,101120,78912,1033344,0,1472,397760,0,0,0,0,0,0,0,0,0,0,0,0,0,0,597440,128,617,1464,2911270223,203400305,1023936,0
1210,1116416,0,0,0,4096,9536,419776,611456,71552,50112,1062016,3712,1408,414400,43648,0,10496,0,0,1,0,0,0,0,0,0,22208,128,588992,128,621,1473,4108061365,2439270490,1052480,0
1211,1116928,0,0,0,4160,9344,356800,558336,188288,166720,945856,0,1280,351488,0,0,0,0,0,0,0,0,0,0,0,0,0,0,558208,128,607,1427,3877059604,673116335,936512,0
1212,1116736,0,0,0,4096,9536,344256,589696,169152,147584,964800,0,1408,339008,0,0,0,0,0,0,0,0,0,0,0,0,0,0,589568,128,611,1448,4293447369,2046370468,955264,0
1213,1116608,0,0,0,4224,9536,382656,588608,131584,110016,1002240,0,1408,377344,0,0,0,0,0,0,0,0,0,0,0,0,0,0,588416,192,630,1505,1998580885,3808831372,992704,0
1214,1116352,0,0,0,4160,9408,349184,585920,167680,146240,965888,0,1408,343872,0,0,0,0,0,0,0,0,0,0,0,0,0,0,585792,128,638,1537,1730197761,1185064214,956480,0
1215,1116800,0,0,0,6208,9728,351424,551744,197696,176192,936192,0,1344,346112,0,0,0,0,0,0,0,0,0,0,0,0,0,0,551616,128,637,1516,3723605772,4172580333,926464,0
1216,1116864,0,0,0,6208,9664,344448,542912,213632,192000,920448,0,1472,339072,0,0,0,0,0,0,0,0,0,0,0,0,0,0,542784,128,639,1518,516842607,1131254928,910784,0
1217,1116352,0,0,0,5376,24320,392256,566464,127936,101056,1010944,0,1408,386880,0,0,0,0,0,0,0,0,0,0,0,0,0,0,566336,128,664,1585,744547055,4087144493,986624,0
1218,1116736,0,0,0,3904,9344,383552,547840,172096,150848,961792,5248,1472,378048,42560,0,10240,0,0,1,0,0,0,0,0,0,18560,1728,527424,128,673,1593,4245644909,54767708,952448,0
1219,1116672,0,0,0,3840,8960,320960,514496,268416,246592,866176,0,1472,315712,0,0,0,0,0,0,0,0,0,0,0,0,0,0,514368,128,660,1545,1489954709,685124749,857216,0
1220,1116352,0,0,0,8768,9280,465024,604864,28416,6912,1105472,30784,1408,459776,72640,0,11008,0,1,1,0,0,0,0,0,0,23680,384,580672,128,673,1571,3403988423,1022454165,1096192,0
1221,1676864,0,0,0,4032,9152,500864,669696,493120,471680,1201280,8256,1536,495424,92672,0,24128,0,0,2,0,0,0,0,0,0,42048,448,627072,128,677,1578,1501886988,39835183,1192128,0
1222,1676992,0,0,0,4096,9152,452224,647808,563712,541952,1131136,0,1408,446976,3072,0,0,0,0,1,0,0,0,0,0,0,0,128,647552,128,662,1562,2492868385,132472892,1121984,0
1223,1676608,0,0,0,6912,9344,542784,626112,491456,470272,1202240,4992,1408,537344,44800,0,10816,0,0,1,0,0,0,0,0,0,21952,128,603904,128,637,1484,781568482,2494366471,1192896,0
1224,1677696,0,0,0,5952,9280,568576,569472,524416,502272,1171456,4800,1408,563136,68352,0,10048,0,0,1,0,0,0,0,0,0,20544,13248,535552,128,632,1471,4077069837,2367212952,1162176,0
1225,1116096,0,0,0,2432,9216,455232,533056,116160,94336,1017792,0,1344,449792,0,0,0,0,0,0,0,0,0,0,0,0,0,0,532928,128,635,1469,2391773134,2337515070,1008576,0
1226,1116480,0,0,0,2432,9344,453760,506560,144384,122944,989568,0,1344,448384,0,0,0,0,0,0,0,0,0,0,0,0,0,0,506432,128,634,1466,1401571381,148292909,980224,0
1227,1116544,0,0,0,2368,9280,456768,520576,127552,106176,1006464,0,1408,451520,0,0,0,0,0,0,0,0,0,0,0,0,0,0,520448,128,633,1459,3122268880,3081504886,997184,0
1228,1116864,0,0,0,2368,9152,446720,511104,147520,126144,986880,0,1408,441472,0,0,0,0,0,0,0,0,0,0,0,0,0,0,510976,128,638,1474,1221650203,2599536032,977728,0
1229,1676672,0,0,0,2368,9088,598080,528384,538752,517248,1155456,46400,1408,592832,166656,0,32192,0,1,3,0,0,0,0,0,0,61504,3200,463552,128,639,1463,2745375251,2408860381,1146368,0
1230,1116480,0,0,0,8960,10624,411968,547264,137664,116352,996160,4672,1408,406656,55552,0,12160,0,0,1,0,0,0,0,0,0,22912,128,524096,128,643,1478,2004520232,1391449788,985536,0
1231,1116864,0,0,0,3776,9344,491776,584960,27008,5824,1107136,61184,1408,486464,161280,0,22400,0,2,2,0,0,0,0,0,0,45952,14272,524608,128,631,1460,4286067954,3194847479,1097792,0
1232,1117440,0,0,0,3840,9088,302528,506816,295168,273280,840256,0,1408,297280,0,0,0,0,0,0,0,0,0,0,0,0,0,0,506688,128,638,1467,3943883564,2178780281,831168,0
1233,1676480,0,0,0,15808,9152,612224,578688,460608,433024,1239488,52608,1472,606784,159360,0,23296,0,1,2,0,0,0,0,0,0,49600,256,528704,128,642,1475,2842564201,2352556295,1230336,0
1234,1116288,0,0,0,4096,9280,317504,540224,245184,223744,888512,0,1408,312064,0,0,0,0,0,0,0,0,0,0,0,0,0,0,540096,128,651,1506,2505411785,1960206137,879232,0
1235,1116800,0,0,0,9344,9280,535616,533824,28736,7168,1105600,0,1408,530368,0,0,0,0,0,0,0,0,0,0,0,0,0,0,533696,128,654,1518,566813648,2185322708,1096320,0
1236,1676672,0,0,0,5184,9344,558336,550656,553152,531584,1140992,0,1408,552960,0,0,0,0,0,0,0,0,0,0,0,0,0,0,550528,128,648,1502,513862224,2758932655,1131648,0
1237,1676736,0,0,0,10304,23488,958144,642432,42368,20800,1651840,50304,1408,952832,99648,0,11008,0,1,1,0,0,0,0,0,0,24000,512,617792,128,645,1520,2183662575,921885825,1628352,0
1238,1677696,0,0,0,11008,9600,675136,623232,358720,335744,1337728,5184,1472,669696,41408,0,9856,0,0,1,0,0,0,0,0,0,19136,128,603840,128,673,1584,3534626260,3100850178,1328128,0
1239,1676032,0,0,0,4544,23168,523968,615296,509056,487552,1184192,0,1344,518720,0,0,0,0,0,0,0,0,0,0,0,0,0,0,615168,128,653,1548,516507003,2328052946,1161024,0
1240,1675392,0,0,0,4544,9344,527168,607296,527040,507136,1163968,0,1408,521792,0,0,0,0,0,0,0,0,0,0,0,0,0,0,607168,128,657,1562,757950065,3234971878,1154624,0
1241,1676672,0,0,0,6016,9280,539264,600320,521792,501824,1170496,0,1984,531136,0,0,0,0,0,0,0,0,0,0,0,0,0,0,600192,128,670,1570,4123090652,1328614807,1161216,0
1242,1677184,0,0,0,4608,10816,589376,668544,403840,383808,1289024,0,1408,584064,0,0,0,0,0,0,0,0,0,0,0,0,0,0,668416,128,693,1618,2064753148,2982594864,1278208,0
1243,1678016,0,0,0,4608,9536,484928,637376,541568,520384,1153344,0,1408,479616,0,0,0,0,0,0,0,0,0,0,0,0,0,0,637248,128,694,1633,3363179719,151761852,1143808,0
1244,1116800,0,0,0,4480,9408,451456,605696,45760,24128,1088320,0,1472,446080,0,0,0,0,0,0,0,0,0,0,0,0,0,0,605568,128,674,1571,1647905567,4131808165,1078912,0
1245,1116736,0,0,0,4480,9536,437312,612288,53120,31680,1080768,0,1408,431808,0,0,0,0,0,0,0,0,0,0,0,0,0,0,612160,128,687,1593,2945870069,4146846338,1071232,0
1246,1676672,0,0,0,4608,9472,479936,626624,556032,534400,1138048,0,1408,474624,0,0,0,0,0,0,0,0,0,0,0,0,0,0,626496,128,691,1608,3278761159,313081491,1128576,0
1247,1116800,0,0,0,5568,23104,433984,617856,36288,14016,1098368,0,1408,428672,0,0,0,0,0,0,0,0,0,0,0,0,0,0,617728,128,684,1591,850461727,2507275552,1075264,0
1248,1116480,0,0,0,6592,9856,447936,594304,57792,36224,1075712,0,1408,442560,0,0,0,0,0,0,0,0,0,0,0,0,0,0,594176,128,680,1571,1715918231,2195212012,1065856,0
1249,1677504,0,0,0,9344,9536,546432,644352,467840,439936,1233280,4864,1408,541184,47808,0,10880,0,0,1,0,0,0,0,0,0,24000,576,619584,192,712,1649,3992760953,2327019623,1223744,0
1250,1676224,0,0,0,6528,9920,481856,647872,530048,507776,1164032,0,1408,476480,0,0,0,0,0,0,0,0,0,0,0,0,0,0,647744,128,721,1683,4206948481,2441692095,1154112,0
1251,1676672,0,0,0,5696,9728,460992,662208,538048,516544,1155520,0,1408,455744,0,0,0,0,0,0,0,0,0,0,0,0,0,0,662080,128,723,1686,1574310962,3653151357,1145792,0
1252,1116864,0,0,0,6464,9536,446144,626304,28416,7232,1105152,0,1408,440704,0,0,0,0,0,0,0,0,0,0,0,0,0,0,626176,128,692,1603,515058693,3929524939,1095616,0
1253,1116928,0,0,0,7168,9792,413248,621632,65088,43200,1069312,0,1472,407872,0,0,0,0,0,0,0,0,0,0,0,0,0,0,621504,128,677,1578,2348838413,4093248252,1059520,0
1254,1676608,0,0,0,7872,9408,447104,660992,551232,529536,1142528,0,1408,441856,0,0,0,0,0,0,0,0,0,0,0,0,0,0,660864,128,700,1643,3615883913,33669692,1133120,0
1255,1116928,0,0,0,7232,10752,440320,627456,31168,9280,1103296,0,1408,434816,0,0,0,0,0,0,0,0,0,0,0,0,0,0,627328,128,692,1623,2278420458,1921779896,1092544,0
1256,1116416,0,0,0,3904,9472,450368,563712,88960,67328,1044928,4992,1408,445120,40512,0,9984,0,0,1,0,0,0,0,0,0,18560,128,544896,128,692,1589,3515294616,4227400547,1035456,0
1257,1117248,0,0,0,4032,9024,396480,574784,132928,111104,1002304,0,1408,391232,0,0,0,0,0,0,0,0,0,0,0,0,0,0,574656,128,697,1606,2609325849,2741100821,993280,0
1258,1676864,0,0,0,10048,9152,500800,588288,568576,546432,1126464,27264,1344,495488,74624,0,10816,0,1,1,0,0,0,0,0,0,21824,128,566208,128,682,1576,436948037,2461130729,1117312,0
1259,1116224,0,0,0,7872,9408,398336,568512,132096,110272,1001856,0,1408,392960,0,0,0,0,0,0,0,0,0,0,0,0,0,0,568384,128,685,1582,1443407590,2826033191,992448,0
1260,1116672,0,0,0,6016,8960,416768,530624,154304,132800,979776,0,1408,411456,0,0,0,0,0,0,0,0,0,0,0,0,0,0,530496,128,666,1526,1429829252,635152593,970816,0
1261,1115136,0,0,0,5760,9280,399744,525696,174656,154816,956416,0,1408,394496,0,0,0,0,0,0,0,0,0,0,0,0,0,0,525568,128,649,1502,4253970005,227216581,947136,0
1262,1677440,0,0,0,11392,8960,538880,556864,561344,540864,1132736,9728,1472,533632,103424,0,21568,0,0,2,0,0,0,0,0,0,47104,1088,508544,128,643,1491,1428806310,3819426453,1123776,0
1263,1116096,0,0,0,5120,8768,389376,542976,169856,150080,962176,0,1472,384192,0,0,0,0,0,0,0,0,0,0,0,0,0,0,542848,128,648,1497,2548333420,2290524155,953408,0
1264,1116800,0,0,0,3840,9088,460544,528384,114944,95040,1017728,4928,1472,455104,52608,0,12160,0,0,1,0,0,0,0,0,0,24384,2560,501312,128,645,1486,4264501186,512483443,1008640,0
1265,1116480,0,0,0,3840,9024,303872,492800,306944,281344,831232,0,1408,298624,0,0,0,0,0,0,0,0,0,0,0,0,0,0,492672,128,642,1490,3887007705,2632203696,822208,0
1266,1116800,0,0,0,3840,9088,292800,501888,309184,289088,823744,0,1408,287488,0,0,0,0,0,0,0,0,0,0,0,0,0,0,501760,128,636,1484,3045538408,1510853578,814656,0
1267,1116544,0,0,0,8448,9408,304192,494976,299520,279552,832896,0,1344,298816,0,0,0,0,0,0,0,0,0,0,0,0,0,0,494848,128,638,1493,1268490838,1629156247,823488,0
1268,1117056,0,0,0,8704,9152,393152,534528,171520,151168,961856,4928,1536,387776,43008,0,10368,0,0,1,0,0,0,0,0,0,18944,128,515328,128,635,1485,3722269543,1025779311,952704,0
1269,1676864,0,0,0,5120,9984,631232,568000,462528,442304,1230720,214272,1408,625792,270400,0,17152,0,0,1,0,0,0,0,0,0,26496,2304,539072,128,572,1362,2690778515,4275019107,1220736,0
1270,1676352,0,0,0,4096,8960,453120,1001152,209024,189120,1483328,45440,1408,447808,100224,0,10688,0,1,1,0,0,0,0,0,0,23104,128,977792,128,574,1346,74735167,1043826730,1474368,0
1271,1116864,0,0,0,6016,9344,292544,469568,339392,319424,793408,0,1344,287232,0,0,0,0,0,0,0,0,0,0,0,0,0,0,469440,128,577,1355,3229692163,2833075662,784064,0
1272,1116800,0,0,0,5312,9024,313856,471680,316928,296832,816000,0,1408,308544,0,0,0,0,0,0,0,0,0,0,0,0,0,0,471552,128,575,1356,4013771450,2958714157,806976,0
1273,1116800,0,0,0,4032,9024,318208,468864,316672,296768,816128,0,1344,312960,0,0,0,0,0,0,0,0,0,0,0,0,0,0,468736,128,577,1363,2154031629,279125672,807104,0
1274,1116288,0,0,0,4032,8960,294976,463424,344896,324736,787648,0,1408,289664,0,0,0,0,0,0,0,0,0,0,0,0,0,0,463296,128,575,1359,670721109,3593158387,778688,0
1275,1116672,0,0,0,3904,8960,310720,470592,322496,302656,810112,0,1344,305408,0,0,0,0,0,0,0,0,0,0,0,0,0,0,470464,128,564,1324,3032352151,1972597475,801152,0
1276,1116992,0,0,0,5056,9216,298688,462272,341760,321984,790912,0,1344,293376,0,0,0,0,0,0,0,0,0,0,0,0,0,0,462144,128,560,1312,2615567221,3627102293,781696,0
1277,1116480,0,0,0,5952,22848,293312,457920,336448,316416,795904,0,1344,287936,0,0,0,0,0,0,0,0,0,0,0,0,0,0,457792,128,563,1322,1740878545,63835619,773056,0
1278,1116672,0,0,0,5184,9600,291968,468928,340992,321024,791296,0,1408,286848,0,0,0,0,0,0,0,0,0,0,0,0,0,0,468800,128,557,1317,3559763543,2091483454,781696,0
1279,1117248,0,0,0,3840,8896,368896,491136,244480,224448,888832,4928,1408,363520,46336,0,10944,0,0,1,0,0,0,0,0,0,21952,64,468928,192,559,1331,2512926817,2448680543,879936,0
1280,1116032,0,0,0,4736,9280,295296,462592,344128,321024,791104,0,1408,290048,0,0,0,0,0,0,0,0,0,0,0,0,0,0,462464,128,546,1288,2211682158,1866448922,781824,0
1281,1116928,0,0,0,3904,8832,398144,520768,185280,159552,953472,21952,1472,392896,66048,0,11456,0,1,1,0,0,0,0,0,0,22976,384,497280,128,552,1290,3057819121,236410316,944640,0
1282,1676608,0,0,0,4096,9216,417216,721344,524736,504960,1167680,3648,1408,411776,59200,0,11328,0,0,1,0,0,0,0,0,0,24832,2304,694080,128,556,1305,1496221440,2941906505,1158464,0
1283,1116544,0,0,0,10112,10432,459392,461824,174784,154752,957696,0,1408,454080,0,0,0,0,0,0,0,0,0,0,0,0,0,0,461696,128,545,1271,3959741203,2731570609,947264,0
1284,1677184,0,0,0,6528,9280,584640,553536,523200,503232,1169920,31168,1408,579264,118528,0,24768,0,1,2,0,0,0,0,0,0,43584,576,509184,192,549,1288,3043493365,2937018845,1160640,0
1285,1116224,0,0,0,5440,9088,390400,494848,216448,196608,915584,0,1408,385088,0,0,0,0,0,0,0,0,0,0,0,0,0,0,494720,128,552,1294,3072246357,302315261,906496,0
1286,1676928,0,0,0,4160,9024,594880,649472,419392,399360,1273664,0,1408,589504,3008,0,0,0,0,1,0,0,0,0,0,0,0,128,649216,128,608,1412,758108221,4237312787,1264640,0
1287,1116992,0,0,0,6080,9088,508096,519488,74240,54336,1058752,0,1280,502720,0,0,0,0,0,0,0,0,0,0,0,0,0,0,519360,128,608,1402,2304296498,1661880336,1049664,0
1288,1116352,0,0,0,6848,9088,509248,512128,79040,59264,1053056,0,1408,503808,0,0,0,0,0,0,0,0,0,0,0,0,0,0,511936,192,608,1415,316465865,3048716463,1043968,0
1289,1116800,0,0,0,6080,9024,480576,502720,118400,97984,1014912,0,1408,475200,0,0,0,0,0,0,0,0,0,0,0,0,0,0,502592,128,612,1422,2684867190,2175696740,1005888,0
1290,1116480,0,0,0,5248,8960,462208,517376,122688,102656,1009920,0,1472,457024,0,0,0,0,0,0,0,0,0,0,0,0,0,0,517248,128,618,1430,1407594511,327099586,1000960,0
1291,1676800,0,0,0,4032,9024,577536,551744,534464,514624,1158336,8256,1472,572288,83584,0,20160,0,0,2,0,0,0,0,0,0,38720,256,512640,128,613,1422,3332297187,1841438529,1149312,0
1292,1116928,0,0,0,4096,9088,472960,504704,126080,105856,1007104,0,1408,467584,0,0,0,0,0,0,0,0,0,0,0,0,0,0,504576,128,617,1420,2818962106,3729263214,998016,0
1293,1678144,0,0,0,4096,9408,589568,541440,533632,512320,1161792,0,1408,584064,2944,0,0,0,0,1,0,0,0,0,0,0,0,128,541184,128,611,1418,105758313,3398352357,1152384,0
1294,1116608,0,0,0,6144,9088,566016,509120,26240,4672,1107840,0,1408,560640,0,0,0,0,0,0,0,0,0,0,0,0,0,0,508928,192,595,1392,3765999913,6703103,1098752,0
1295,1675456,0,0,0,7424,8960,619712,504064,535296,514944,1156608,0,1344,614464,0,0,0,0,0,0,0,0,0,0,0,0,0,0,503936,128,587,1380,2395615098,1487128221,1147648,0
1296,1676992,0,0,0,7296,10688,634496,530816,493696,473536,1199296,33984,1408,629248,82112,0,12416,0,1,1,0,0,0,0,0,0,23168,3136,504384,128,597,1377,2184512316,1934492614,1188608,0
1297,2237184,0,0,0,2432,9216,618944,1210176,396416,370176,1863104,5184,1472,613568,108864,0,12864,0,0,1,0,0,0,0,0,0,26496,2496,1180544,640,622,1433,966813564,3446897895,1853888,0
1298,1676224,0,0,0,4800,9280,530432,619008,512704,492416,1179840,8128,1408,524928,94080,0,21696,0,0,2,0,0,0,0,0,0,46080,1024,571776,128,612,1429,207532059,835025841,1170560,0
1299,1677056,0,0,0,3840,9152,522240,603200,538624,518976,1154176,0,1408,516864,3136,0,0,0,0,1,0,0,0,0,0,0,0,128,602944,128,622,1444,2353064780,1924597235,1145024,0
1300,1677376,0,0,0,3840,9216,625024,626112,413184,392640,1280832,8000,1408,619520,89088,0,21120,0,0,2,0,0,0,0,0,0,44224,768,580992,128,622,1450,3597134438,2394177283,1271616,0
1301,1676032,0,0,0,3840,9024,572224,613568,477376,457088,1215104,0,1408,566848,2944,0,0,0,0,1,0,0,0,0,0,0,0,64,613376,128,636,1482,700328311,1416764293,1206080,0
1302,1678656,0,0,0,5824,9024,587328,627200,449280,427904,1246720,0,1408,582080,0,0,0,0,0,0,0,0,0,0,0,0,0,0,627072,128,625,1457,3101895989,1895493422,1237696,0
1303,1676800,0,0,0,4416,8960,604224,606400,452800,431424,1241600,0,1408,598912,0,0,0,0,0,0,0,0,0,0,0,0,0,0,606208,192,628,1459,1823380661,2554600393,1232640,0
1304,1677376,0,0,0,2432,9408,688960,635840,340736,318976,1354496,43584,1408,683584,86144,0,12608,0,1,1,0,0,0,0,0,0,22464,128,613120,128,617,1434,3042651951,466913453,1345088,0
1305,1676992,0,0,0,2432,8960,761920,651520,252160,229888,1443200,30656,1408,756544,121920,0,22784,0,1,2,0,0,0,0,0,0,45440,3712,602240,128,622,1429,219853035,349507707,1434240,0
1306,1676096,0,0,0,2432,10432,502656,628736,531840,510528,1161664,34240,1408,497216,83968,0,11456,0,1,1,0,0,0,0,0,0,25152,2624,600832,128,622,1434,1710052610,2888824660,1151232,0
1307,1676800,0,0,0,8896,22336,629952,596992,418624,396800,1276032,0,1408,624640,0,0,0,0,0,0,0,0,0,0,0,0,0,0,596864,128,618,1424,89559678,3600667563,1253696,0
1308,2237632,0,0,0,8896,9088,819200,838080,562368,540416,1693312,33344,1472,813696,235200,0,34176,0,1,3,0,0,0,0,0,0,71104,6912,759936,128,618,1419,4127354117,1060548609,1684224,0
1309,1677056,0,0,0,4224,9216,475200,747840,440576,418112,1254976,4736,1408,469888,49664,0,12544,0,0,1,0,0,0,0,0,0,21760,64,725888,128,613,1406,2504986661,3985506397,1245760,0
1310,1675968,0,0,0,4224,9088,467392,1107840,87424,65664,1606464,0,1408,461952,18240,0,0,0,0,3,0,0,0,0,0,0,0,9088,1098624,128,579,1329,1724643613,2805092898,1597376,0
1311,1677056,0,0,0,6656,9024,490624,636352,534400,513024,1160128,0,1408,485376,0,0,0,0,0,0,0,0,0,0,0,0,0,0,636224,128,580,1344,1276522070,3559054982,1151104,0
1312,1676928,0,0,0,8448,9536,501184,628032,529728,507520,1165312,0,1408,495936,0,0,0,0,0,0,0,0,0,0,0,0,0,0,627904,128,582,1346,1066996163,3409319435,1155776,0
1313,1676608,0,0,0,4992,9152,625664,655552,381248,354368,1318272,8192,1408,620480,93888,0,21440,0,0,2,0,0,0,0,0,0,46336,640,608448,128,586,1368,2360628183,219089259,1309120,0
1314,1676864,0,0,0,3840,9024,782528,856832,24640,3072,1669824,57088,1344,777216,218816,0,23616,0,1,2,0,0,0,0,0,0,51520,12416,792768,128,617,1410,144108309,1028030341,1660800,0
1315,1677312,0,0,0,5056,8960,789824,666240,207232,185408,1488000,10368,1344,784448,118848,0,23552,0,0,3,0,0,0,0,0,0,47872,5568,612672,128,621,1439,1623818973,1267418436,1479040,0
1316,1116288,0,0,0,5952,10752,362048,631872,105664,83712,1028288,0,1344,356800,0,0,0,0,0,0,0,0,0,0,0,0,0,0,631744,128,602,1414,1897567967,944570730,1017536,0
1317,1677376,0,0,0,6080,9024,461120,666048,535104,512896,1160448,0,1472,455744,0,0,0,0,0,0,0,0,0,0,0,0,0,0,665920,128,626,1464,3981763154,3566320740,1151424,0
1318,1674752,0,0,0,18880,23232,737856,727168,167616,147520,1523264,11200,1472,732608,144960,0,24576,0,0,1,0,0,0,0,0,0,22656,28096,676288,128,645,1513,1357211527,2588799794,1500032,0
1319,1676992,0,0,0,4416,23808,441472,734976,472320,452096,1220992,4864,1408,436032,69888,0,10560,0,0,1,0,0,0,0,0,0,21632,13376,699840,128,643,1510,2175710425,3391901830,1197184,0
1320,1116288,0,0,0,4480,23488,359296,702848,26176,6464,1105920,0,1408,353984,0,0,0,0,0,0,0,0,0,0,0,0,0,0,702720,128,645,1524,2700256616,922138852,1082432,0
1321,1116800,0,0,0,4480,23104,358016,693376,37824,17216,1095680,0,1408,352704,0,0,0,0,0,0,0,0,0,0,0,0,0,0,693248,128,660,1549,4284164521,11054735,1072576,0
1322,1116608,0,0,0,6528,9344,362752,677632,60352,40512,1072000,0,1408,357440,0,0,0,0,0,0,0,0,0,0,0,0,0,0,677504,128,666,1555,65135530,63914123,1062656,0
1323,1676736,0,0,0,4480,9088,518336,694720,450112,430272,1242560,8128,1408,513024,93760,0,22016,0,0,2,0,0,0,0,0,0,46336,576,647680,128,641,1517,1742464297,2407979212,1233472,0
1324,1678464,0,0,0,4416,9024,475072,710080,479872,458432,1216128,0,1408,469696,2944,0,0,0,0,1,0,0,0,0,0,0,0,64,709888,128,634,1489,948563717,1857230478,1207104,0
1325,1676800,0,0,0,6528,9280,521664,646464,492864,471616,1201024,0,1408,516416,0,0,0,0,0,0,0,0,0,0,0,0,0,0,646336,128,614,1439,3901776863,3772699694,1191744,0
1326,1676928,0,0,0,7232,9280,503424,687744,469248,447552,1225216,0,1408,498112,0,0,0,0,0,0,0,0,0,0,0,0,0,0,687616,128,615,1449,2074088179,3625988652,1215936,0
1327,1676928,0,0,0,7232,9152,492352,651264,516928,495040,1177920,0,1344,487104,0,0,0,0,0,0,0,0,0,0,0,0,0,0,651136,128,618,1454,258162638,983882361,1168768,0
1328,1676864,0,0,0,5568,10432,494528,682624,483712,461760,1211072,0,1536,489088,0,0,0,0,0,0,0,0,0,0,0,0,0,0,682496,128,604,1434,4097940570,2303786140,1200640,0
1329,1676672,0,0,0,4736,9344,495104,656640,510848,483520,1189248,0,1408,489792,0,0,0,0,0,0,0,0,0,0,0,0,0,0,656512,128,600,1430,2294138780,3045023684,1179904,0
1330,1676736,0,0,0,5952,9024,527744,677504,456512,434496,1238272,0,1408,522368,0,0,0,0,0,0,0,0,0,0,0,0,0,0,677376,128,598,1427,250296984,2783669653,1229248,0
1331,1676992,0,0,0,5120,8960,498880,642048,521984,500544,1172480,0,1344,493568,0,0,0,0,0,0,0,0,0,0,0,0,0,0,641920,128,582,1387,1395237668,877335942,1163520,0
1332,1676672,0,0,0,3840,9152,492544,675968,495168,473728,1199040,0,1536,487168,0,0,0,0,0,0,0,0,0,0,0,0,0,0,675840,128,616,1483,3467106857,3447845355,1189888,0
1333,1676864,0,0,0,3904,9216,504192,627200,532352,511296,1161536,0,1280,498816,0,0,0,0,0,0,0,0,0,0,0,0,0,0,627072,128,544,1258,208276710,702133051,1152320,0
1334,1676672,0,0,0,4096,9088,663104,693632,306752,285568,1387200,7872,1344,657664,94592,0,24064,0,0,2,0,0,0,0,0,0,44032,512,648896,192,543,1250,1128025522,3693452379,1378112,0
1335,1677312,0,0,0,4160,9344,693056,630016,340736,318976,1354432,8512,1408,687680,104064,0,20288,0,0,3,0,0,0,0,0,0,39296,8960,581632,128,499,1151,1416180304,789365331,1345088,0
1336,1676288,0,0,0,6400,9472,665792,582208,412416,390784,1281344,0,1472,660608,2944,0,0,0,0,1,0,0,0,0,0,0,0,128,581952,128,503,1157,1189617927,2266280292,1271872,0
1337,1676800,0,0,0,6784,22976,691200,545600,410240,388608,1284096,0,1472,685888,0,0,0,0,0,0,0,0,0,0,0,0,0,0,545408,192,501,1151,1538795358,2482710447,1261120,0
1338,1676864,0,0,0,10048,10240,712896,586176,357504,335936,1336832,5568,1408,707648,48384,0,11520,0,0,1,0,0,0,0,0,0,24128,64,561856,128,499,1131,267081647,3076919455,1326592,0
1339,1677056,0,0,0,4096,9152,673536,693952,296320,274688,1398400,5184,1408,668224,109824,0,12672,0,0,1,0,0,0,0,0,0,27072,2496,664192,192,524,1197,1737026634,30392307,1389248,0
1340,1675328,0,0,0,6400,8896,501760,646208,512064,492032,1179392,0,1408,496448,0,0,0,0,0,0,0,0,0,0,0,0,0,0,646080,128,534,1221,345958710,1007787893,1170496,0
1341,1676864,0,0,0,5504,8832,484864,645184,532480,510592,1162304,0,1408,479552,0,0,0,0,0,0,0,0,0,0,0,0,0,0,645056,128,539,1228,3147546685,1039266145,1153472,0
1342,1676608,0,0,0,3776,9344,472320,665792,525376,505664,1166912,0,1408,467008,0,0,0,0,0,0,0,0,0,0,0,0,0,0,665664,128,536,1223,2276224951,2053353629,1157568,0
1343,1676928,0,0,0,4736,8960,496000,630464,536768,516864,1156160,0,1472,490624,0,0,0,0,0,0,0,0,0,0,0,0,0,0,630336,128,531,1218,917319205,2091657258,1147200,0
1344,1676864,0,0,0,4032,9024,539008,720576,404224,384128,1288832,9856,1472,533248,106048,0,23232,0,0,2,0,0,0,0,0,0,44096,2816,673536,128,524,1211,2444028356,3491979532,1279808,0
1345,1116608,0,0,0,3904,8768,382848,668544,52544,26880,1085888,0,1408,377536,0,0,0,0,0,0,0,0,0,0,0,0,0,0,668416,128,523,1211,2216907542,2793946396,1077120,0
1346,1116736,0,0,0,3968,9024,347840,645120,110784,90688,1022208,0,1472,342528,0,0,0,0,0,0,0,0,0,0,0,0,0,0,644992,128,535,1219,777667646,2751543867,1013184,0
1347,1118016,0,0,0,3904,9408,359424,641792,103488,81984,1032128,0,1408,354112,0,0,0,0,0,0,0,0,0,0,0,0,0,0,641664,128,543,1225,2896729525,1104300969,1022720,0
1348,1116672,0,0,0,4096,9280,392000,658176,53120,31488,1081280,0,1344,386752,0,0,0,0,0,0,0,0,0,0,0,0,0,0,658048,128,533,1225,1020746808,3595902529,1072000,0
1349,1116672,0,0,0,4096,9024,419072,630528,53952,32256,1080448,0,1344,413760,0,0,0,0,0,0,0,0,0,0,0,0,0,0,630400,128,530,1220,129278564,3145385136,1071424,0
1350,1117056,0,0,0,4096,10304,430592,648448,23616,2048,1111104,0,1408,425216,0,0,0,0,0,0,0,0,0,0,0,0,0,0,648320,128,533,1226,3654626344,2999702917,1100800,0
1351,1676608,0,0,0,4224,9920,484160,600896,577408,555456,1117248,0,1408,478976,0,0,0,0,0,0,0,0,0,0,0,0,0,0,600768,128,532,1211,1539825847,3808382339,1107328,0
1352,1116480,0,0,0,4160,9024,400704,593984,108608,87104,1025472,0,1472,395456,0,0,0,0,0,0,0,0,0,0,0,0,0,0,593856,128,535,1219,2719044381,3290019659,1016448,0
1353,1116800,0,0,0,4160,9088,416320,624832,62400,40768,1072064,0,1472,411008,0,0,0,0,0,0,0,0,0,0,0,0,0,0,624704,128,536,1220,3526991684,1165151051,1062976,0
1354,1116480,0,0,0,4160,9280,422208,592768,88064,66560,1046016,0,1472,416768,0,0,0,0,0,0,0,0,0,0,0,0,0,0,592640,128,530,1208,756011143,4076698960,1036736,0
1355,1677312,0,0,0,4096,8960,684928,788544,190784,168832,1504640,31616,1408,679552,178112,0,23872,0,1,2,0,0,0,0,0,0,51712,7104,729600,128,539,1235,559015545,1330595335,1495680,0
1356,1676352,0,0,0,6272,9216,394816,684928,581120,558976,1113408,0,1408,389632,0,0,0,0,0,0,0,0,0,0,0,0,0,0,684800,128,540,1225,1699225883,2225316875,1104192,0
1357,1116800,0,0,0,6912,9408,353792,665152,81536,60096,1052544,0,1408,348544,0,0,0,0,0,0,0,0,0,0,0,0,0,0,664960,192,537,1221,3986309320,2939320137,1043136,0
1358,1116544,0,0,0,6656,9536,351808,657792,90752,69248,1043200,0,1472,346368,0,0,0,0,0,0,0,0,0,0,0,0,0,0,657664,128,538,1227,1069467595,374695788,1033664,0
1359,1116800,0,0,0,5888,9536,359616,671936,69824,48384,1064256,0,1344,354304,0,0,0,0,0,0,0,0,0,0,0,0,0,0,671808,128,541,1237,1968567652,2106137765,1054720,0
1360,1116544,0,0,0,5248,9152,373312,657856,70976,49600,1062976,0,1344,368000,15232,0,0,0,0,2,0,0,0,0,0,0,0,8896,648768,192,521,1191,2826815330,3973378755,1053824,0
1361,1677312,0,0,0,3840,9088,579520,753792,331072,303744,1369664,9728,1472,574272,148544,0,24000,0,0,2,0,0,0,0,0,0,52288,704,700672,128,558,1283,3336388309,1462570750,1360576,0
1362,1676224,0,0,0,3904,9088,520960,654400,487872,466176,1206144,8320,1408,515584,94528,0,24128,0,0,2,0,0,0,0,0,0,43136,640,610496,128,559,1289,383047384,1583611835,1197056,0
1363,1116672,0,0,0,4736,10432,376256,598144,127104,105792,1006912,0,1408,370944,0,0,0,0,0,0,0,0,0,0,0,0,0,0,598016,128,571,1315,3897790216,1374666960,996480,0
1364,1677184,0,0,0,4160,9024,492224,611520,560256,538752,1134464,0,1408,487040,2944,0,0,0,0,1,0,0,0,0,0,0,0,128,611264,128,573,1331,2363027596,1319611673,1125440,0
1365,2237632,0,0,0,11072,23424,862976,808192,531968,509696,1723840,14144,1408,857600,176064,0,31680,0,0,3,0,0,0,0,0,0,59008,35904,713152,128,535,1257,4123371641,374299665,1700416,0
1366,1676544,0,0,0,9536,9152,571392,664192,422272,400192,1272192,3584,1472,565888,63168,0,10432,0,0,1,0,0,0,0,0,0,22144,13504,628416,128,535,1265,11901920,2568566968,1263040,0
1367,1676096,0,0,0,4736,23168,500032,654976,493184,471744,1200384,0,1344,494784,0,0,0,0,0,0,0,0,0,0,0,0,0,0,654848,128,537,1264,2842907713,3336710834,1177216,0
1368,1676800,0,0,0,6912,9664,491648,667776,500800,479104,1193536,0,1408,486400,0,0,0,0,0,0,0,0,0,0,0,0,0,0,667648,128,531,1254,2434103684,1787985039,1183872,0
1369,1676928,0,0,0,7872,8896,510336,666944,482880,460800,1212096,0,1344,505024,0,0,0,0,0,0,0,0,0,0,0,0,0,0,666816,128,527,1256,2966060654,1839849102,1203200,0
1370,1676864,0,0,0,7360,9472,521536,663936,474560,452800,1219968,0,1472,516096,0,0,0,0,0,0,0,0,0,0,0,0,0,0,663808,128,533,1265,1126419194,1568579578,1210496,0
1371,1676864,0,0,0,7040,9280,524864,678208,457472,435648,1237120,0,1472,519488,0,0,0,0,0,0,0,0,0,0,0,0,0,0,678080,128,528,1260,1036173410,2250468722,1227840,0
1372,1676992,0,0,0,6976,9344,536640,675840,448192,426176,1246848,0,1536,530752,0,0,0,0,0,0,0,0,0,0,0,0,0,0,675712,128,539,1282,801912695,2669237371,1237504,0
1373,1676800,0,0,0,5312,10624,526336,662144,472384,450880,1221952,0,1344,521216,0,0,0,0,0,0,0,0,0,0,0,0,0,0,662016,128,537,1313,2418914587,2530053500,1211328,0
1374,1676608,0,0,0,3968,9280,532352,668800,462208,440128,1232448,0,1408,527040,0,0,0,0,0,0,0,0,0,0,0,0,0,0,668672,128,490,1234,2544720494,4049127838,1223168,0
1375,1676992,0,0,0,4096,9280,476992,644672,541952,520384,1152704,4800,1472,471680,47040,0,12800,0,0,1,0,0,0,0,0,0,21952,128,622400,192,438,1098,1772949642,2880773563,1143424,0
1376,1116608,0,0,0,4096,9152,410176,617600,75584,54016,1058560,0,1408,404928,0,0,0,0,0,0,0,0,0,0,0,0,0,0,617472,128,438,1098,3484129724,3944188066,1049408,0
1377,1117248,0,0,0,6208,9344,398592,640448,62656,35136,1077952,0,1408,393280,0,0,0,0,0,0,0,0,0,0,0,0,0,0,640320,128,448,1103,3192695904,673814258,1068608,0
1378,1116096,0,0,0,7232,9280,377472,619776,102336,80768,1031232,0,1408,372288,0,0,0,0,0,0,0,0,0,0,0,0,0,0,619648,128,448,1107,3985517055,839355884,1021952,0
1379,1116608,0,0,0,4224,9088,381120,611648,110528,89216,1023488,0,1408,375808,0,0,0,0,0,0,0,0,0,0,0,0,0,0,611520,128,456,1128,1592088533,3656856786,1014400,0
1380,1677376,0,0,0,6272,9664,403520,682368,575552,553536,1119936,4928,1472,398144,46848,0,11968,0,0,1,0,0,0,0,0,0,20480,128,661632,128,449,1109,1993204377,1328195232,1110272,0
1381,1116032,0,0,0,6400,9344,456000,559936,84352,62720,1049344,9984,1344,450688,99328,0,20928,0,0,2,0,0,0,0,0,0,38080,9280,512448,128,413,1038,3781614658,301994800,1040000,0
1382,1116736,0,0,0,4032,9216,317952,507072,278464,256768,856000,0,1408,312640,0,0,0,0,0,0,0,0,0,0,0,0,0,0,506944,128,413,1038,3956274429,279151293,846784,0
1383,1116480,0,0,0,4096,9280,330496,553408,219200,197760,914688,0,1408,325056,0,0,0,0,0,0,0,0,0,0,0,0,0,0,553280,128,412,1033,2343589482,3151969109,905408,0
1384,1117120,0,0,0,4032,9344,385472,509440,208832,186816,926400,3520,1344,380224,39104,0,9920,0,0,1,0,0,0,0,0,0,19072,64,490176,128,416,1042,1034589289,1511603822,917056,0
1385,1116672,0,0,0,4096,9152,377728,504192,221504,199744,913024,3520,1472,372352,40704,0,9984,0,0,1,0,0,0,0,0,0,19776,64,484224,128,413,1030,4289975602,323499017,903872,0
1386,1116096,0,0,0,3968,9536,341248,521472,239872,218432,893760,0,1408,336000,0,0,0,0,0,0,0,0,0,0,0,0,0,0,521344,128,412,1031,374576891,4035203480,884224,0
1387,1116800,0,0,0,6016,10624,391168,512128,196864,175168,937536,0,1408,385728,0,0,0,0,0,0,0,0,0,0,0,0,0,0,512000,128,407,1023,1677294450,3110491504,926912,0
1388,1116864,0,0,0,6016,9536,359168,506560,235584,214144,898560,0,1344,353728,0,0,0,0,0,0,0,0,0,0,0,0,0,0,506368,192,421,1045,2041604676,597196592,889024,0
1389,1116608,0,0,0,5120,9216,360960,518016,223296,201600,910976,0,1408,355520,0,0,0,0,0,0,0,0,0,0,0,0,0,0,517888,128,416,1040,3516766858,1739342951,901760,0
1390,1116352,0,0,0,8192,9216,388672,464128,246144,224704,887680,0,1408,383360,0,0,0,0,0,0,0,0,0,0,0,0,0,0,464000,128,414,1034,3961899888,3170003753,878464,0
1391,1116672,0,0,0,3968,9152,407872,483968,211712,190528,922304,0,1408,402560,0,0,0,0,0,0,0,0,0,0,0,0,0,0,483840,128,428,1086,2651217238,4052539389,913152,0
1392,1116864,0,0,0,4032,9152,365824,488704,249152,227840,884992,0,1472,360512,0,0,0,0,0,0,0,0,0,0,0,0,0,0,488512,192,417,1066,1890651270,3171146918,875840,0
1393,1116608,0,0,0,3968,9216,396864,487680,218880,191616,921152,0,1408,391616,0,0,0,0,0,0,0,0,0,0,0,0,0,0,487552,128,424,1074,654801389,2328553022,911936,0
1394,1677184,0,0,0,13760,9664,548544,542400,562816,540992,1131904,3648,1472,543104,39872,0,9856,0,0,1,0,0,0,0,0,0,19072,128,523072,128,441,1127,970059013,3673546315,1122240,0
1395,1116288,0,0,0,6464,9600,399296,548608,152320,130624,981248,0,1408,393920,0,0,0,0,0,0,0,0,0,0,0,0,0,0,548480,128,440,1120,1252607738,2220549584,971648,0
1396,1116736,0,0,0,5504,9664,405376,539584,156608,135040,977280,0,1472,400064,0,0,0,0,0,0,0,0,0,0,0,0,0,0,539456,128,439,1116,1222529889,1296471920,967616,0
1397,1116416,0,0,0,4160,22912,389120,532864,167360,145792,966336,0,1344,383808,0,0,0,0,0,0,0,0,0,0,0,0,0,0,532736,128,437,1111,2349173305,1218506682,943424,0
1398,1116160,0,0,0,4160,9472,428928,570944,102656,81344,1030464,0,1408,423552,0,0,0,0,0,0,0,0,0,0,0,0,0,0,570816,128,453,1159,1477571530,3669490590,1020992,0
1399,1117312,0,0,0,5056,9536,409984,578048,114688,93184,1019840,0,1408,404544,0,0,0,0,0,0,0,0,0,0,0,0,0,0,577920,128,441,1111,285542878,898574914,1010304,0
1400,1116672,0,0,0,4160,9472,394496,513536,195008,173632,938752,0,1408,389120,0,0,0,0,0,0,0,0,0,0,0,0,0,0,513408,128,424,1059,3030198539,3647914764,929280,0
1401,1116928,0,0,0,4160,9216,385728,523008,194816,173184,939520,0,1344,380480,0,0,0,0,0,0,0,0,0,0,0,0,0,0,522880,128,425,1062,60981965,3852765436,930304,0
1402,1116352,0,0,0,6208,11264,432000,577920,88960,67648,1044160,0,1408,426752,0,0,0,0,0,0,0,0,0,0,0,0,0,0,577792,128,440,1106,481738833,3581610836,1032896,0
1403,1116928,0,0,0,6080,9856,387072,538112,175808,154304,958080,0,1344,381760,0,0,0,0,0,0,0,0,0,0,0,0,0,0,537984,128,440,1106,668068668,1688784965,948224,0
1404,1116352,0,0,0,5120,8960,530624,500928,70720,48512,1064000,52224,1408,525440,142784,0,22528,0,1,2,0,0,0,0,0,0,40512,2560,457728,128,420,1055,4093013672,2480087947,1055040,0
1405,1117120,0,0,0,3904,9216,370240,496512,237248,215552,897664,0,1408,364928,0,0,0,0,0,0,0,0,0,0,0,0,0,0,496384,128,414,1039,2227120247,285276772,888448,0
1406,1116416,0,0,0,3904,9088,377984,490816,234624,213120,899392,0,1344,372736,0,0,0,0,0,0,0,0,0,0,0,0,0,0,490688,128,416,1043,1479871925,1275517416,890304,0
1407,1116352,0,0,0,3840,9024,385920,486784,230784,209664,902720,0,1408,380544,0,0,0,0,0,0,0,0,0,0,0,0,0,0,486656,128,405,1026,3736452695,1639932793,893696,0
1408,1116736,0,0,0,3904,9088,399744,540160,163840,139392,973504,0,1344,394432,0,0,0,0,0,0,0,0,0,0,0,0,0,0,540032,128,391,980,1236647989,473733356,964416,0
1409,1116608,0,0,0,3968,9280,391872,558016,153472,126592,986048,0,1408,386560,0,0,0,0,0,0,0,0,0,0,0,0,0,0,557888,128,401,994,3266373928,722390301,976768,0
1410,1116352,0,0,0,4032,9088,451584,445824,205824,184640,927872,4992,1408,446336,40960,0,10112,0,0,1,0,0,0,0,0,0,19264,128,426304,128,394,983,3063841239,3351497710,918784,0
1411,1116800,0,0,0,3968,8960,397248,437248,269376,248128,864832,0,1408,391936,0,0,0,0,0,0,0,0,0,0,0,0,0,0,437120,128,402,999,2921362332,1210862493,855872,0
1412,1117440,0,0,0,4032,9152,436928,425216,242112,220544,892992,4928,1344,431552,44032,0,10752,0,0,1,0,0,0,0,0,0,20736,448,403904,128,405,1003,4268752091,1527173113,883840,0
1413,1116672,0,0,0,9088,9408,454592,451648,191936,169600,943104,3584,1344,449280,52096,0,10880,0,0,1,0,0,0,0,0,0,23744,576,427200,128,404,998,3979966388,2410800408,933696,0
1414,1115840,0,0,0,4096,9024,404864,449024,248832,227648,884288,0,1408,399552,0,0,0,0,0,0,0,0,0,0,0,0,0,0,448896,128,402,998,3626178832,3766963578,875264,0
1415,1116864,0,0,0,4160,8576,405440,452736,245952,224256,888832,0,1408,400064,0,0,0,0,0,0,0,0,0,0,0,0,0,0,452608,128,394,983,1428320489,487146246,880256,0
1416,1116416,0,0,0,4096,9600,394816,464384,243520,221888,890496,0,1408,389568,0,0,0,0,0,0,0,0,0,0,0,0,0,0,464256,128,401,996,4062036826,40952624,880896,0
1417,1676736,0,0,0,11520,11008,552896,604032,497280,471360,1200768,0,1344,547456,0,0,0,0,0,0,0,0,0,0,0,0,0,0,603904,128,395,1005,3851446879,1887323866,1189760,0
1418,1676928,0,0,0,6208,9792,482880,625472,552576,526144,1146112,0,1408,477568,0,0,0,0,0,0,0,0,0,0,0,0,0,0,625344,128,423,1089,1162606516,1899429827,1136320,0
1419,1116608,0,0,0,5440,9536,482432,537728,81472,55488,1056640,0,1408,477184,0,0,0,0,0,0,0,0,0,0,0,0,0,0,537600,128,439,1133,2101577011,3448002333,1047104,0
1420,1116480,0,0,0,5888,9792,496256,532672,71872,45952,1066048,0,1408,490880,0,0,0,0,0,0,0,0,0,0,0,0,0,0,532544,128,442,1135,2756607987,3001586147,1056256,0
1421,1116800,0,0,0,6080,9600,488640,542976,69504,43584,1068736,0,1408,483328,0,0,0,0,0,0,0,0,0,0,0,0,0,0,542848,128,464,1174,2990688793,2849971156,1059136,0
1422,1677632,0,0,0,11840,24128,701888,565120,374656,336960,1335936,57856,3328,692544,98560,0,10432,0,1,1,0,0,0,0,0,0,22784,128,542080,128,479,1225,3569813488,3954416915,1311808,0
1423,1675968,0,0,0,11968,24128,436160,647424,556288,530112,1141440,0,1280,430720,0,0,0,0,0,0,0,0,0,0,0,0,0,0,647296,128,488,1251,4219219719,2703931872,1117312,0
1424,1116864,0,0,0,13312,23680,492992,532928,53952,27648,1084608,0,1472,486976,0,0,0,0,0,0,0,0,0,0,0,0,0,0,532736,192,498,1254,3376094209,2948630571,1060928,0
1425,1116736,0,0,0,4160,9408,393152,534464,175552,143424,969024,0,1344,387840,0,0,0,0,0,0,0,0,0,0,0,0,0,0,534336,128,497,1237,1850398943,2973557443,959616,0
1426,1116416,0,0,0,4096,9408,450432,555968,96512,68352,1043712,0,1408,445120,0,0,0,0,0,0,0,0,0,0,0,0,0,0,555840,128,517,1260,1322523296,1465735355,1034304,0
1427,1677120,0,0,0,4288,23168,588480,560512,500672,474560,1198272,12928,1408,583168,143488,0,34752,0,0,3,0,0,0,0,0,0,64384,1664,494272,192,513,1248,165652950,2375149313,1175104,0
1428,1116224,0,0,0,4288,9664,461376,572096,68800,42688,1069120,4736,1472,456064,45056,0,12096,0,0,1,0,0,0,0,0,0,20544,64,551360,128,515,1257,3730865000,3451307102,1059456,0
1429,1116800,0,0,0,4288,9472,420224,521792,161024,134720,977664,0,1472,414784,0,0,0,0,0,0,0,0,0,0,0,0,0,0,521664,128,508,1238,2685157920,2412997851,968192,0
1430,1116288,0,0,0,9920,10880,498688,572160,24640,3200,1108928,30976,1472,493120,93760,0,12352,0,1,1,0,0,0,0,0,0,21888,576,549568,128,489,1205,2749197383,1701775544,1098048,0
1431,1117056,0,0,0,6400,9216,379840,486016,235584,214080,899072,0,1408,374528,0,0,0,0,0,0,0,0,0,0,0,0,0,0,485888,128,486,1210,995689598,712890615,889856,0
1432,1116480,0,0,0,6912,9344,404864,482304,213056,191552,920896,0,1408,399552,0,0,0,0,0,0,0,0,0,0,0,0,0,0,482176,128,482,1214,1008282255,2134527781,911552,0
1433,1676992,0,0,0,12672,9216,465216,947072,242816,215232,1457664,0,1408,459968,0,0,0,0,0,0,0,0,0,0,0,43968,0,0,946944,128,494,1236,4029352445,143588833,1448448,0
1434,1676736,0,0,0,5568,9664,448064,640128,573312,552320,1120192,0,1408,442752,0,0,0,0,0,0,0,0,0,0,0,0,0,0,640000,128,497,1247,2532926736,163405341,1110528,0
1435,1676864,0,0,0,4160,9536,469376,674432,519360,497984,1174656,0,1408,464000,0,0,0,0,0,0,0,0,0,0,0,0,0,0,674304,128,488,1250,2625615123,1775528125,1165120,0
1436,1116608,0,0,0,4032,9664,409792,606208,86912,65472,1046912,0,1344,404288,0,0,0,0,0,0,0,0,0,0,0,0,0,0,606080,128,488,1252,1290981210,1343143014,1037248,0
1437,1117184,0,0,0,4096,9152,410688,620608,72640,50688,1062336,0,1408,405376,0,0,0,0,0,0,0,0,0,0,0,0,0,0,620416,192,452,1168,1762102313,2697613718,1053184,0
1438,1116160,0,0,0,4096,9216,432896,584192,85760,64256,1047808,0,1408,427520,0,0,0,0,0,0,0,0,0,0,0,0,0,0,584000,192,426,1087,2170859481,4278026154,1038592,0
1439,1116352,0,0,0,5120,9472,478528,594560,28672,7040,1105152,4992,1408,473280,45952,0,12032,0,0,1,0,0,0,0,0,0,20480,704,573248,128,421,1070,4234609374,1258998216,1095680,0
1440,1116672,0,0,0,4992,9408,390528,551360,160384,138880,973568,0,1408,385152,0,0,0,0,0,0,0,0,0,0,0,0,0,0,551232,128,417,1054,1382262703,3463111481,964160,0
1441,1116544,0,0,0,4288,9280,472512,548928,81536,60160,1052224,4736,1408,467200,54848,0,10944,0,0,1,0,0,0,0,0,0,23488,512,524800,128,415,1047,574037086,2946799999,1042944,0
1442,1677376,0,0,0,4288,9536,450880,777088,435584,408256,1265024,5056,1344,445568,46144,0,11776,0,0,1,0,0,0,0,0,0,21632,448,754880,128,424,1079,414583508,1711237952,1255488,0
1443,1116352,0,0,0,4352,9536,392768,577728,131968,110400,1001856,0,1408,387456,0,0,0,0,0,0,0,0,0,0,0,0,0,0,577600,128,446,1122,714075635,1236627863,992320,0
1444,1116608,0,0,0,6336,10560,421184,560512,118016,96576,1015808,0,1408,415808,0,0,0,0,0,0,0,0,0,0,0,0,0,0,560384,128,461,1168,425357206,2787945183,1005248,0
1445,1116736,0,0,0,6720,9408,393728,556096,150784,129472,982912,0,1408,388480,0,0,0,0,0,0,0,0,0,0,0,0,0,0,555968,128,485,1221,2565769453,3112528695,973504,0
1446,1116736,0,0,0,6912,9472,457920,564736,77696,56000,1056320,4800,1344,452672,43712,0,10112,0,0,1,0,0,0,0,0,0,22272,128,542208,128,498,1236,3432383880,2869958829,1046848,0
1447,1117568,0,0,0,6848,10048,418560,552512,129600,107264,1005760,0,1408,413184,0,0,0,0,0,0,0,0,0,0,0,0,0,0,552320,192,492,1220,2016216039,2343331129,995712,0
1448,1676352,0,0,0,10432,9408,507584,582272,566656,544960,1127104,3520,1408,502400,40448,0,9728,0,0,1,0,0,0,0,0,0,19904,64,562176,128,499,1256,215116746,3246776363,1117696,0
1449,1676288,0,0,0,17088,24960,652928,727296,254016,232512,1439488,0,1408,647296,2624,0,0,0,0,1,0,0,0,0,0,0,0,64,727104,128,519,1280,2086407372,168994850,1414528,0
1450,1676736,0,0,0,6912,24640,434816,699840,510528,489152,1183360,0,1408,429440,0,0,0,0,0,0,0,0,0,0,0,0,0,0,699712,128,533,1301,151554611,927830284,1158720,0
1451,1677120,0,0,0,7104,24832,506112,725824,413248,391488,1281472,0,1472,500736,0,0,0,0,0,0,0,0,0,0,0,0,0,0,725696,128,549,1359,777480647,3316510521,1256640,0
1452,1676736,0,0,0,8512,24896,424512,729536,489280,467456,1204992,0,1408,418624,0,0,0,0,0,0,0,0,0,0,0,0,0,0,729408,128,554,1358,2182339865,1862312952,1180096,0
1453,1676928,0,0,0,8384,24768,476736,745600,421440,399744,1272960,0,1344,471424,0,0,0,0,0,0,0,0,0,0,0,0,0,0,745472,128,545,1350,1532761085,3594516686,1248192,0
1454,1676736,0,0,0,4416,24512,438784,694208,514816,493312,1179200,0,1408,433408,0,0,0,0,0,0,0,0,0,0,0,0,0,0,694080,128,528,1303,733001248,4062401027,1154688,0
1455,1677504,0,0,0,4352,24832,516928,776896,354496,332416,1340864,4800,1472,511616,55680,0,10752,0,0,1,0,0,0,0,0,0,23552,512,752704,128,541,1341,2076512715,2216194955,1316032,0
1456,1676352,0,0,0,6144,26048,442752,778496,422912,401472,1270656,0,1344,437440,0,0,0,0,0,0,0,0,0,0,0,0,0,0,778304,192,540,1377,3894388792,930675379,1244608,0
1457,1677120,0,0,0,6464,24768,433152,779200,433536,411968,1260928,0,1408,427904,0,0,0,0,0,0,0,0,0,0,0,0,0,0,779072,128,541,1397,638835999,2136063882,1236160,0
1458,1676736,0,0,0,6080,24832,448576,781248,416000,388864,1283712,0,1472,443264,0,0,0,0,0,0,0,0,0,0,0,0,0,0,781120,128,508,1349,527105500,3082412071,1258880,0
1459,1676928,0,0,0,5376,24704,453440,772992,420416,398784,1273920,0,1408,448000,0,0,0,0,0,0,0,0,0,0,0,0,0,0,772864,128,499,1311,3777131781,711500432,1249216,0
1460,1676928,0,0,0,4224,24768,444864,768064,435008,413376,1259392,0,1536,439616,0,0,0,0,0,0,0,0,0,0,0,0,0,0,767936,128,446,1176,3935157492,881707395,1234624,0
1461,1676672,0,0,0,9984,24384,583424,786880,272000,250112,1422336,36992,1408,578048,87424,0,10624,0,1,1,0,0,0,0,0,0,22720,640,763392,128,449,1172,1901143126,1475801747,1397952,0
1462,1676800,0,0,0,4160,24512,456576,775744,415808,394560,1278016,0,1344,451200,0,0,0,0,0,0,0,0,0,0,0,0,0,0,775616,128,442,1151,2217217059,3759847325,1253504,0
1463,1676800,0,0,0,4224,24512,439296,745728,463040,441536,1231168,0,1408,433920,0,0,0,0,0,0,0,0,0,0,0,0,0,0,745600,128,449,1159,111299628,1388414299,1206656,0
1464,1676864,0,0,0,6336,24512,407488,743872,494656,473152,1199424,0,1408,402176,0,0,0,0,0,0,0,0,0,0,0,0,0,0,743744,128,440,1138,2830957102,857000391,1174912,0
1465,1677056,0,0,0,6912,24640,414592,700096,530816,509120,1163584,0,1472,409152,0,0,0,0,0,0,0,0,0,0,0,0,0,0,699968,128,429,1127,3322126526,91812494,1138944,0
1466,1676672,0,0,0,5248,25088,397696,684608,564032,542592,1129792,0,1472,392384,0,0,0,0,0,0,0,0,0,0,0,0,0,0,684480,128,417,1076,2184854968,2879242406,1104704,0
1467,1116608,0,0,0,4032,25920,384640,627648,74368,52864,1059520,0,1472,379072,0,0,0,0,0,0,0,0,0,0,0,0,0,0,627520,128,415,1068,227057325,2196345530,1033600,0
1468,1116672,0,0,0,3968,24512,389568,611712,86912,65536,1046912,0,1408,384256,0,0,0,0,0,0,0,0,0,0,0,0,0,0,611584,128,423,1069,3755195186,2700622854,1022400,0
1469,1116736,0,0,0,4032,24256,385600,572352,130496,108992,1003520,0,1472,380096,0,0,0,0,0,0,0,0,0,0,0,0,0,0,572160,192,424,1064,1949288630,2826011293,979264,0
1470,1116864,0,0,0,4032,24064,379776,583104,125888,104064,1008512,0,1408,374400,0,0,0,0,0,0,0,0,0,0,0,0,0,0,582976,128,459,1168,3630824974,390615809,984448,0
1471,1676928,0,0,0,5184,23744,467072,677056,503872,482112,1190656,4672,1408,461632,61632,0,9792,0,0,1,0,0,0,0,0,0,41024,128,635776,128,487,1195,2338058755,308085765,1166912,0
1472,1116352,0,0,0,6208,23488,372224,667968,46464,24768,1087360,0,1344,366720,0,0,0,0,0,0,0,0,0,0,0,0,0,0,667840,128,522,1240,3766103171,688229555,1063872,0
1473,1116544,0,0,0,5248,23936,351040,669184,67136,45568,1066688,0,1408,345664,0,0,0,0,0,0,0,0,0,0,0,0,0,0,669056,128,519,1227,222241756,376822520,1042752,0
1474,1116416,0,0,0,6848,24192,339136,651840,94400,67520,1044416,0,1408,333824,0,0,0,0,0,0,0,0,0,0,0,0,0,0,651712,128,518,1222,1608051894,3811019622,1020224,0
1475,1116928,0,0,0,6272,23552,331264,633472,122368,100672,1011840,0,1344,325952,0,0,0,0,0,0,0,0,0,0,0,0,0,0,633344,128,516,1220,3490677430,432391486,988288,0
1476,1116608,0,0,0,3840,22976,329280,647104,113408,92032,1020416,0,1408,323904,0,0,0,0,0,0,0,0,0,0,0,0,0,0,646976,128,515,1215,3958741403,2859739762,997440,0
1477,1116992,0,0,0,3904,23040,341248,649216,99584,77696,1035136,0,1344,335936,0,0,0,0,0,0,0,0,0,0,0,0,0,0,649088,128,509,1207,2119387470,3211556886,1012096,0
1478,1116416,0,0,0,3904,23296,329408,646464,113344,91904,1020352,0,1408,324160,0,0,0,0,0,0,0,0,0,0,0,0,0,0,646336,128,505,1201,1599192500,3811381894,997056,0
1479,1116544,0,0,0,3904,23616,381440,648512,59072,37504,1074944,4992,1344,376128,41600,0,10048,0,0,1,0,0,0,0,0,0,18432,128,629824,128,507,1198,2509782608,3864825142,1051328,0
1480,1677440,0,0,0,3840,23040,463744,830400,356416,332608,1340800,46656,1408,458432,126656,0,21888,0,1,2,0,0,0,0,0,0,41024,704,788544,128,504,1199,330912072,4239026463,1317760,0
1481,1116224,0,0,0,3776,24192,359552,640256,88448,66944,1045184,0,1408,354176,0,0,0,0,0,0,0,0,0,0,0,0,0,0,640128,128,499,1188,1904340705,1042260139,1020992,0
1482,1116608,0,0,0,3840,9920,311552,649280,142016,120512,991872,0,1472,306304,0,0,0,0,0,0,0,0,0,0,0,0,0,0,649152,128,499,1209,2367876254,2203247633,981952,0
1483,1116736,0,0,0,3840,9408,315520,646016,141952,120512,992064,0,1408,310208,0,0,0,0,0,0,0,0,0,0,0,0,0,0,645888,128,499,1212,759681459,1609376457,982656,0
1484,1116672,0,0,0,3840,22528,311168,647808,131328,109824,1002688,0,1408,305792,0,0,0,0,0,0,0,0,0,0,0,0,0,0,647680,128,500,1210,2536894951,1887404200,980160,0
1485,1676928,0,0,0,10880,22976,677952,735744,229376,207488,1465088,62336,1408,672640,110016,0,12224,0,1,1,0,0,0,0,0,0,22016,512,713088,128,513,1242,122184965,3819092581,1442112,0
1486,1116608,0,0,0,4160,23040,335808,674944,78656,57280,1055168,0,1472,330304,0,0,0,0,0,0,0,0,0,0,0,0,0,0,674816,128,513,1249,39047782,3520406963,1032128,0
1487,1116864,0,0,0,4288,23104,303488,653632,132352,111040,1001600,0,1408,298112,0,0,0,0,0,0,0,0,0,0,0,0,0,0,653504,128,512,1245,2918071070,3800103511,978496,0
1488,1116544,0,0,0,4096,22848,336320,658496,94784,73344,1038976,0,1408,331008,0,0,0,0,0,0,0,0,0,0,0,0,0,0,658304,192,513,1253,1747623688,1012974001,1016128,0
1489,1116736,0,0,0,4160,9472,300224,670336,132544,110912,1001664,0,1408,294912,0,0,0,0,0,0,0,0,0,0,0,0,0,0,670208,128,513,1257,128417440,3403131131,992192,0
1490,1116416,0,0,0,4096,9664,328256,646400,128000,101184,1011136,0,1408,323072,0,0,0,0,0,0,0,0,0,0,0,0,0,0,646272,128,510,1247,1383450989,988068429,1001472,0
1491,1116928,0,0,0,6208,9408,380288,645248,75776,54144,1058560,0,1408,375040,0,0,0,0,0,0,0,0,0,0,0,0,0,0,645120,128,515,1270,2156981793,1065220628,1049152,0
1492,1116736,0,0,0,6272,9472,373824,644032,83136,61440,1051136,0,1408,368512,0,0,0,0,0,0,0,0,0,0,0,0,0,0,643904,128,515,1257,37150865,3901340536,1041664,0
1493,1116800,0,0,0,4096,9664,320512,641408,141120,119552,993024,0,1536,315200,0,0,0,0,0,0,0,0,0,0,0,0,0,0,641280,128,515,1257,2632099738,2708794289,983360,0
1494,1116992,0,0,0,5888,9536,363648,642176,95744,73856,1038976,0,1472,358208,0,0,0,0,0,0,0,0,0,0,0,0,0,0,642048,128,511,1248,91896446,913563345,1029440,0
1495,1116352,0,0,0,6848,9536,367552,617408,115008,93568,1018560,0,1408,362176,0,0,0,0,0,0,0,0,0,0,0,0,0,0,617280,128,528,1304,1585943577,2764032374,1009024,0
1496,1116544,0,0,0,5120,10944,353216,657600,89664,68032,1044160,0,1472,347968,0,0,0,0,0,0,0,0,0,0,0,0,0,0,657472,128,617,1578,3593126639,3793543741,1033216,0
1497,1117312,0,0,0,3776,9280,345344,642496,116416,94528,1018688,0,1408,339968,0,0,0,0,0,0,0,0,0,0,0,0,0,0,642304,192,651,1652,1988680364,2532298330,1009408,0
1498,1115968,0,0,0,3840,9472,343616,623360,135680,114368,997440,0,1344,338240,0,0,0,0,0,0,0,0,0,0,0,0,0,0,623232,128,636,1580,3911180261,208070668,987968,0
1499,1116672,0,0,0,3840,9408,363520,642816,97088,75584,1036928,0,1472,358208,0,0,0,0,0,0,0,0,0,0,0,0,0,0,642688,128,639,1583,1019319261,1174708173,1027520,0
1500,1116544,0,0,0,3840,9472,391104,654016,58112,36800,1075520,0,1408,385728,0,0,0,0,0,0,0,0,0,0,0,0,0,0,653888,128,646,1591,1106909183,3429229175,1066048,0
1501,1677504,0,0,0,16192,9408,490944,630784,530176,507904,1165248,18304,1472,485632,98112,0,22016,0,0,1,0,0,0,0,0,0,32512,128,598016,128,655,1605,211751231,2552601132,1155840,0
1502,1116160,0,0,0,6144,9344,333568,642944,124160,102592,1009408,0,1408,328320,0,0,0,0,0,0,0,0,0,0,0,0,0,0,642816,128,651,1591,3707994788,2264765243,1000064,0
1503,1676992,0,0,0,6208,9920,420736,663808,576320,554432,1118336,25536,1472,415424,68672,0,11200,0,1,1,0,0,0,0,0,0,22784,64,640832,128,639,1551,3079769743,2556556332,1108416,0
1504,1116416,0,0,0,3968,9280,285376,624576,193216,171072,941184,0,1408,280000,0,0,0,0,0,0,0,0,0,0,0,0,0,0,624384,192,651,1575,2878710445,3750618221,931904,0
1505,1676800,0,0,0,3968,9984,389440,695616,577792,556032,1116672,10112,1408,384128,97536,0,21568,0,0,2,0,0,0,0,0,0,39104,768,655616,128,650,1577,453456317,2974359628,1106688,0
1506,1116224,0,0,0,3968,9280,279296,641408,182272,155200,956864,0,1408,273856,0,0,0,0,0,0,0,0,0,0,0,0,0,0,641280,128,650,1575,2040944675,1886335329,947584,0
1507,1116928,0,0,0,4032,9792,278848,634240,190016,168576,944192,0,1408,273536,0,0,0,0,0,0,0,0,0,0,0,0,0,0,634112,128,650,1575,3592362802,4284115539,934400,0
1508,1116608,0,0,0,4032,9152,376320,697984,29120,7552,1104832,35968,1408,371008,78208,0,10432,0,1,1,0,0,0,0,0,0,21696,384,675776,128,652,1577,1879683920,1878014380,1095680,0
1509,1677376,0,0,0,12224,9088,568704,698176,389184,367104,1305984,4672,1344,563392,45888,0,10496,0,0,1,0,0,0,0,0,0,24512,128,673408,128,665,1623,1253615234,1509267520,1296896,0
1510,1676416,0,0,0,6080,10816,428544,694016,536960,515136,1157056,0,1408,423232,0,0,0,0,0,0,0,0,0,0,0,0,0,0,693888,128,659,1624,2383297256,3542343500,1146240,0
1511,1676864,0,0,0,5312,9536,409856,690944,561216,539648,1132928,0,1408,404544,0,0,0,0,0,0,0,0,0,0,0,0,0,0,690752,192,664,1636,1073293590,409133222,1123392,0
1512,1676928,0,0,0,8832,9152,523584,690048,445312,423232,1249280,49664,1472,518272,100480,0,12416,0,1,1,0,0,0,0,0,0,24000,384,665536,128,666,1640,2335269001,3744946262,1240128,0
1513,1676800,0,0,0,5120,9280,435328,680832,546240,524672,1148032,0,1408,429888,0,0,0,0,0,0,0,0,0,0,0,0,0,0,680704,128,664,1630,770641330,1653402485,1138752,0
1514,1676992,0,0,0,4096,9472,514048,714496,434880,412928,1259840,8512,1408,508736,91072,0,21888,0,0,2,0,0,0,0,0,0,46464,256,667648,128,671,1660,1633487155,965627571,1250368,0
1515,1116416,0,0,0,4096,9216,370624,661824,70656,47232,1065088,0,1408,365248,0,0,0,0,0,0,0,0,0,0,0,0,0,0,661696,128,650,1591,3043594162,1013043324,1055872,0
1516,1676672,0,0,0,10368,9344,485056,679680,492224,470464,1201920,3520,1472,479616,51392,0,10944,0,0,1,0,0,0,0,0,0,22464,64,657024,128,661,1625,2558885134,1555104697,1192576,0
1517,1116736,0,0,0,4096,22464,389184,671808,29184,7552,1105152,0,1344,383872,0,0,0,0,0,0,0,0,0,0,0,0,0,0,671680,128,654,1606,431945171,3182226764,1082688,0
1518,1116736,0,0,0,4096,9216,385728,669952,47744,26240,1086336,0,1472,380544,0,0,0,0,0,0,0,0,0,0,0,0,0,0,669824,128,657,1609,2653769604,3272868308,1077120,0
1519,1116736,0,0,0,4096,9536,406720,659968,36416,14784,1097792,0,1472,401344,0,0,0,0,0,0,0,0,0,0,0,0,0,0,659840,128,645,1582,3798330873,711011987,1088256,0
1520,1676928,0,0,0,9088,9664,489856,686976,481344,459840,1212736,0,1408,484544,0,0,0,0,0,0,0,0,0,0,0,0,0,0,686848,128,653,1601,2040017601,195076203,1203072,0
1521,1676672,0,0,0,4224,9728,518016,701760,442944,421312,1251136,0,1344,512704,0,0,0,0,0,0,0,0,0,0,0,0,0,0,701632,128,662,1645,1558670332,3023167612,1241408,0
1522,1676864,0,0,0,4224,10688,494080,709888,457984,431104,1241536,0,1408,488640,0,0,0,0,0,0,0,0,0,0,0,0,0,0,709760,128,654,1635,624619749,3163404628,1230848,0
1523,1677312,0,0,0,6272,9920,512128,712128,436864,414848,1257984,4800,1344,506816,43392,0,10304,0,0,1,0,0,0,0,0,0,21568,128,690304,128,648,1622,2486273938,1190577296,1248064,0
1524,1677184,0,0,0,5376,9664,717760,622976,321408,299008,1373888,74816,1344,712128,194496,0,33024,0,3,3,0,0,0,0,0,0,62336,3200,557312,128,605,1476,1820151257,1705209787,1364224,0
1525,1115904,0,0,0,5120,9472,439616,612800,48896,26880,1084800,0,1472,434176,0,0,0,0,0,0,0,0,0,0,0,0,0,0,612672,128,610,1476,1394575768,3770256601,1075328,0
1526,1116480,0,0,0,6144,9728,422528,611008,67072,45312,1066944,0,1344,417216,0,0,0,0,0,0,0,0,0,0,0,0,0,0,610880,128,601,1460,1006349748,1017324823,1057216,0
1527,1116608,0,0,0,5184,9280,429184,583744,89216,67584,1044800,0,1408,423808,0,0,0,0,0,0,0,0,0,0,0,0,0,0,583552,192,594,1450,3808435349,3457854285,1035520,0
1528,1677184,0,0,0,3904,9344,494912,1023424,145600,124032,1548928,3520,1344,489472,55424,0,10240,0,0,1,0,0,0,0,0,0,21504,128,1001664,128,594,1456,3943712067,1393910725,1539584,0
1529,1116352,0,0,0,8768,9728,441984,568576,87296,65472,1046592,0,1408,436672,0,0,0,0,0,0,0,0,0,0,0,0,0,0,568448,128,596,1435,2925116562,1693377049,1036864,0
1530,1116608,0,0,0,4032,9664,461440,584064,57408,35776,1076736,0,1536,456256,0,0,0,0,0,0,0,0,0,0,0,0,0,0,583936,128,596,1432,2424200015,2186250224,1067072,0
1531,1116992,0,0,0,6912,9408,449600,568256,82816,61120,1051456,0,1408,444352,0,0,0,0,0,0,0,0,0,0,0,0,0,0,568128,128,581,1392,3506535734,945573318,1042048,0
1532,1677312,0,0,0,6144,9600,487680,590656,583232,561600,1111360,5504,1344,482304,41280,0,9856,0,0,1,0,0,0,0,0,0,17664,64,572800,128,586,1411,755708382,3613367156,1101760,0
1533,1115904,0,0,0,5184,9536,457856,574656,68672,47040,1064640,0,1408,452544,0,0,0,0,0,0,0,0,0,0,0,0,0,0,574528,128,586,1412,1121157789,916451042,1055104,0
1534,1116736,0,0,0,3968,9408,449792,574080,79488,58048,1054464,0,1408,444352,0,0,0,0,0,0,0,0,0,0,0,0,0,0,573952,128,581,1399,570485284,2081976491,1045056,0
1535,1116608,0,0,0,4096,10432,452544,567104,82432,60736,1051840,0,1408,447296,0,0,0,0,0,0,0,0,0,0,0,0,0,0,566976,128,576,1388,868066051,1776538439,1041408,0
1536,1116608,0,0,0,4096,9536,490880,578176,33920,9280,1103104,4864,1408,485440,40512,0,10688,0,0,1,0,0,0,0,0,0,18752,128,559168,128,580,1402,4095522838,3148839790,1093568,0
1537,1116864,0,0,0,6144,9408,435072,574656,91584,69824,1042816,0,1472,429632,0,0,0,0,0,0,0,0,0,0,0,0,0,0,574528,128,578,1395,290883424,3845757682,1033408,0
1538,1116224,0,0,0,6336,9728,420480,566464,113216,86272,1025600,0,1408,415168,0,0,0,0,0,0,0,0,0,0,0,0,0,0,566336,128,588,1411,2050518906,915033694,1015872,0
1539,1116928,0,0,0,3904,9280,384384,561088,158272,136512,976192,0,1472,379072,0,0,0,0,0,0,0,0,0,0,0,0,0,0,560960,128,589,1416,4168810938,925874623,966912,0
1540,1116416,0,0,0,3968,9280,405632,554240,143296,121664,990656,0,1408,400384,0,0,0,0,0,0,0,0,0,0,0,0,0,0,554112,128,589,1413,1251150231,4115402347,981376,0
1541,1677440,0,0,0,8960,9600,594432,601344,463104,441280,1231680,38016,1344,589184,163968,0,37120,0,1,3,0,0,0,0,0,0,63936,640,536640,128,589,1413,982540527,3155410211,1222080,0
1542,1676864,0,0,0,6400,9984,495872,586048,578560,556480,1116160,54336,1408,490432,106240,0,13120,0,1,1,0,0,0,0,0,0,25088,2240,558592,128,587,1416,2105375401,2556123709,1106176,0
1543,2236672,0,0,0,7488,9408,391040,1316480,512256,490560,1741696,0,1408,385536,0,0,0,0,0,0,0,0,0,0,0,0,0,0,1316352,128,591,1422,3742113244,556124845,1732288,0
1544,1116480,0,0,0,6464,9664,398080,546496,155776,134528,977536,0,1344,392896,0,0,0,0,0,0,0,0,0,0,0,0,0,0,546368,128,593,1421,2193815588,4119208714,967872,0
1545,1116736,0,0,0,10560,9408,463360,571456,61952,40256,1072256,4928,1408,458112,51200,0,9856,0,0,1,0,0,0,0,0,0,21120,128,550080,128,603,1441,763516263,2041469249,1062848,0
1546,1677504,0,0,0,8512,9728,525952,628928,504384,480128,1192960,8384,1536,520768,104128,0,20992,0,0,2,0,0,0,0,0,0,41344,13376,574080,128,609,1455,3346918232,1813412959,1183232,0
1547,1115840,0,0,0,5952,22592,376576,575936,134784,112896,998848,0,1408,371264,0,0,0,0,0,0,0,0,0,0,0,0,0,0,575808,128,608,1444,1212299003,2629283057,976256,0
1548,1116864,0,0,0,6208,10560,412608,572992,114496,93056,1019520,0,1472,407296,0,0,0,0,0,0,0,0,0,0,0,0,0,0,572864,128,607,1445,630351748,3227975430,1008960,0
1549,1677248,0,0,0,4032,9728,501248,613120,549120,527104,1145984,4864,1472,496000,47680,0,11072,0,0,1,0,0,0,0,0,0,22464,64,590464,128,598,1432,1591558045,2204727296,1136256,0
1550,1676288,0,0,0,9920,9408,649408,619456,388096,366464,1305408,9856,1408,643968,104896,0,21632,0,0,2,0,0,0,0,0,0,47680,256,571392,128,595,1437,317454107,18038010,1296000,0
1551,1676672,0,0,0,7168,9536,464704,614784,580480,558656,1113600,0,1408,459264,0,0,0,0,0,0,0,0,0,0,0,0,0,0,614656,128,591,1412,825764908,1797030474,1104064,0
1552,1677056,0,0,0,7296,9664,472448,618240,569408,547392,1125376,4864,1408,467072,47232,0,11008,0,0,1,0,0,0,0,0,0,22720,128,595264,128,583,1389,1750337482,3306251929,1115712,0
1553,1116800,0,0,0,5120,9280,377664,578624,146112,124672,987904,0,1472,372480,0,0,0,0,0,0,0,0,0,0,0,0,0,0,578496,128,584,1384,2608779352,2031712373,978624,0
1554,1116416,0,0,0,3712,9408,376512,587968,138816,111680,1000512,0,1408,371200,0,0,0,0,0,0,0,0,0,0,0,0,0,0,587840,128,580,1365,1741379355,3168479653,991104,0
1555,1116672,0,0,0,3840,9408,430464,580928,92032,70528,1041920,5120,1408,425152,41600,0,9920,0,0,1,0,0,0,0,0,0,18816,64,561920,128,576,1355,1709892418,1124181837,1032512,0
1556,1677184,0,0,0,9216,9664,511296,598656,548352,526208,1146688,53696,1408,506048,138176,0,20672,0,1,2,0,0,0,0,0,0,41984,192,556352,128,570,1351,2203143779,2664889324,1137024,0
1557,1116544,0,0,0,3904,9536,346816,583872,172416,150464,961920,0,1408,341376,0,0,0,0,0,0,0,0,0,0,0,0,0,0,583744,128,563,1347,3915981780,1640512468,952384,0
1558,1116288,0,0,0,3904,9856,316224,566976,219328,197760,914304,0,1408,310848,0,0,0,0,0,0,0,0,0,0,0,0,0,0,566848,128,569,1338,2208170476,2263422132,904448,0
1559,1677184,0,0,0,12160,23424,691584,669568,280448,258304,1414464,52224,1408,686208,154176,0,23232,0,1,2,0,0,0,0,0,0,45376,10624,613440,128,558,1315,2937721030,1988844455,1391040,0
1560,1116032,0,0,0,3968,24512,417728,631104,38720,17216,1094720,4800,1472,412416,47168,0,11008,0,0,1,0,0,0,0,0,0,23744,128,607040,192,553,1309,4078989075,485291209,1070208,0
1561,1116736,0,0,0,4096,23168,443840,597440,48192,26944,1085632,3712,1408,438400,51392,0,10752,0,0,1,0,0,0,0,0,0,22528,64,574720,128,562,1313,1023546078,2657808324,1062464,0
1562,1116736,0,0,0,4096,23104,379584,606080,103872,82048,1030464,0,1472,374144,0,0,0,0,0,0,0,0,0,0,0,0,0,0,605952,128,562,1311,3187801152,1348236754,1007360,0
1563,1116672,0,0,0,4096,9344,365696,623744,113792,92672,1019904,0,1472,360384,0,0,0,0,0,0,0,0,0,0,0,0,0,0,623616,128,556,1300,737302765,917133584,1010560,0
1564,1116928,0,0,0,4032,9152,396736,610688,96320,74368,1038464,0,1408,391296,0,0,0,0,0,0,0,0,0,0,0,0,0,0,610560,128,567,1335,3445308614,3316151526,1029312,0
1565,1116608,0,0,0,6144,9536,418240,579008,103680,81344,1030912,0,1408,412928,0,0,0,0,0,0,0,0,0,0,0,0,0,0,578880,128,580,1361,1712110478,84205456,1021376,0
1566,1116608,0,0,0,6144,9600,414592,602752,83520,61824,1050368,0,1344,409280,0,0,0,0,0,0,0,0,0,0,0,0,0,0,602624,128,581,1372,2234903861,1157567334,1040768,0
1567,1116416,0,0,0,5376,9728,413056,582208,106048,84544,1027712,0,1408,407808,0,0,0,0,0,0,0,0,0,0,0,0,0,0,582080,128,579,1375,2330774804,144283359,1017984,0
1568,1680192,0,0,0,3968,9408,502336,1032128,132352,107712,1568384,46336,1408,497024,95168,0,10752,0,1,1,0,0,0,0,0,0,23104,64,1008832,128,562,1350,264567078,3444157998,1558976,0
1569,1112192,0,0,0,9920,9600,467392,576512,48768,26816,1081088,0,1408,461376,0,0,0,0,0,0,0,0,0,0,0,0,0,0,576384,128,569,1346,421242912,3585259766,1071488,0
1570,1676672,0,0,0,4160,9856,509248,576256,577152,549952,1122560,0,1408,503936,0,0,0,0,0,0,0,0,0,0,0,0,0,0,576128,128,575,1353,121613254,995161036,1112704,0
1571,1116992,0,0,0,4160,9344,472768,570816,59904,38656,1074176,0,1472,467456,0,0,0,0,0,0,0,0,0,0,0,0,0,0,570688,128,576,1371,2060357749,989702059,1064832,0
1572,1116544,0,0,0,5120,9216,463552,590464,48192,26688,1085760,0,1408,458368,0,0,0,0,0,0,0,0,0,0,0,0,0,0,590336,128,577,1375,6229616,890595595,1076544,0
1573,1116608,0,0,0,6080,9600,454144,575744,71040,49664,1062656,0,1408,448832,0,0,0,0,0,0,0,0,0,0,0,0,0,0,575616,128,583,1390,1479396777,4194949638,1053056,0
1574,1117056,0,0,0,5376,10624,441920,560320,98816,77056,1035840,0,1408,436544,0,0,0,0,0,0,0,0,0,0,0,0,0,0,560192,128,594,1411,3894428607,750602835,1025216,0
1575,1116608,0,0,0,6016,9664,419136,567296,114496,92864,1019264,0,1472,413760,0,0,0,0,0,0,0,0,0,0,0,0,0,0,567168,128,598,1404,518228770,108178864,1009600,0
1576,1116672,0,0,0,6016,9664,415552,539968,145472,123520,988736,0,1408,410176,0,0,0,0,0,0,0,0,0,0,0,0,0,0,539840,128,579,1368,2848888602,4063039790,979072,0
1577,1116544,0,0,0,5184,22848,428032,536768,123712,102016,1010368,0,1408,422848,0,0,0,0,0,0,0,0,0,0,0,0,0,0,536640,128,583,1384,1840781445,1049117564,987520,0
1578,1677440,0,0,0,3904,9408,523904,609344,530880,508928,1164288,4864,1472,518528,48128,0,12096,0,0,1,0,0,0,0,0,0,22336,576,586240,192,608,1463,2631273603,3089492871,1154880,0
1579,1116032,0,0,0,3840,9280,423104,597312,82496,61120,1050688,0,1408,417728,0,0,0,0,0,0,0,0,0,0,0,0,0,0,597120,192,608,1477,2771620308,1552447860,1041408,0
1580,1116544,0,0,0,3840,9600,427008,605632,70464,48640,1063744,0,1408,421888,0,0,0,0,0,0,0,0,0,0,0,0,0,0,605504,128,594,1443,3966343256,1404399235,1054144,0
1581,1677312,0,0,0,9216,10048,623360,602240,432448,410688,1262144,4928,1344,617920,40896,0,10752,0,0,1,0,0,0,0,0,0,18880,128,583104,128,602,1469,1236908724,2636499003,1252096,0
1582,1676544,0,0,0,4096,9472,568256,599040,495680,473920,1198400,0,1472,562880,0,0,0,0,0,0,0,0,0,0,0,0,0,0,598912,128,602,1473,1912746684,3472056964,1188928,0
1583,1676800,0,0,0,6144,9472,583872,594560,482752,461056,1211456,0,1344,578496,0,0,0,0,0,0,0,0,0,0,0,0,0,0,594432,128,606,1474,2430267926,1542755112,1201984,0
1584,1116544,0,0,0,5184,9408,437504,632448,32000,9920,1102464,0,1408,432192,0,0,0,0,0,0,0,0,0,0,0,0,0,0,632320,128,596,1441,2824592135,2713821853,1093056,0
1585,1116672,0,0,0,3904,9408,467264,570880,65216,43712,1068800,4992,1472,461888,40192,0,10112,0,0,1,0,0,0,0,0,0,18368,128,552256,128,596,1442,3262458813,3150455504,1059392,0
1586,1116416,0,0,0,5888,9472,412864,576640,111552,84544,1027712,0,1344,407552,0,0,0,0,0,0,0,0,0,0,0,0,0,0,576512,128,591,1425,3680378464,435353162,1018240,0
1587,1116992,0,0,0,6720,10560,411456,578624,109632,88064,1024704,0,1344,406080,0,0,0,0,0,0,0,0,0,0,0,0,0,0,578496,128,605,1458,1989679553,816865402,1014144,0
1588,1116928,0,0,0,5760,9664,412480,574912,114112,92288,1020288,0,1472,407104,0,0,0,0,0,0,0,0,0,0,0,0,0,0,574784,128,597,1438,63192388,1174850733,1010624,0
1589,1676736,0,0,0,9728,9408,562240,564160,531200,509312,1163072,48128,1408,557056,93504,0,10368,0,1,1,0,0,0,0,0,0,20352,128,543552,128,600,1438,1580681132,10801048,1153664,0
1590,1116672,0,0,0,3776,9536,405504,570816,127040,105472,1007040,0,1408,400128,0,0,0,0,0,0,0,0,0,0,0,0,0,0,570688,128,597,1434,2971692746,2387379802,997504,0
1591,1677120,0,0,0,16512,9664,646208,632960,371776,349760,1322944,53952,1408,640704,162880,0,23424,0,1,2,0,0,0,0,0,0,50368,1280,581184,128,596,1433,3192018347,3742896752,1313280,0
1592,1116416,0,0,0,4096,9536,434240,628416,40128,18496,1093824,0,1408,428928,0,0,0,0,0,0,0,0,0,0,0,0,0,0,628288,128,592,1412,749312546,3966500652,1084288,0
1593,1676800,0,0,0,4096,9472,449280,643968,569984,548224,1124544,0,1408,444032,0,0,0,0,0,0,0,0,0,0,0,0,0,0,643840,128,590,1403,2538712714,4211122135,1115072,0
1594,1116544,0,0,0,5120,9536,391936,637440,72512,50944,1061248,0,1472,386624,0,0,0,0,0,0,0,0,0,0,0,0,0,0,637312,128,586,1398,641541082,3683892103,1051712,0
1595,1116928,0,0,0,6080,9856,337984,632448,130560,108864,1003648,0,1408,332672,0,0,0,0,0,0,0,0,0,0,0,0,0,0,632320,128,598,1417,92149885,3667266291,993792,0
1596,1116736,0,0,0,5248,9664,334336,641984,125504,104128,1008320,0,1472,329088,0,0,0,0,0,0,0,0,0,0,0,0,0,0,641856,128,595,1414,1229312327,1288470015,998656,0
1597,1676928,0,0,0,11584,9984,539008,672320,444032,422400,1250176,4800,1408,533824,44224,0,10432,0,0,1,0,0,0,0,0,0,21696,640,649856,128,602,1441,3293733831,2846441650,1240192,0
1598,1116544,0,0,0,4160,9536,417536,658752,26560,5184,1107200,0,1472,412224,0,0,0,0,0,0,0,0,0,0,0,0,0,0,658624,128,597,1431,1595706890,114676901,1097664,0
1599,1676928,0,0,0,4160,9408,431616,692928,538816,516864,1155904,0,1344,426368,0,0,0,0,0,0,0,0,0,0,0,0,0,0,692800,128,601,1451,2887249167,1218124875,1146496,0
1600,1676608,0,0,0,4224,10816,492160,1144960,24448,3200,1669312,37568,1280,486912,101248,0,10688,0,1,1,0,0,0,0,0,0,21632,128,1123008,192,604,1462,835501045,1384743170,1658496,0
1601,1677440,0,0,0,4288,9344,574528,697536,391744,369984,1303360,0,1408,569216,0,0,0,0,0,0,0,0,0,0,0,0,0,0,697408,128,631,1549,2084900755,3590589446,1294016,0
1602,1676352,0,0,0,14976,9792,698624,692992,259968,232640,1439232,0,1472,693312,0,0,0,0,0,0,0,0,0,0,0,0,0,0,692864,128,628,1521,2827129899,2182802671,1429440,0
1603,1676544,0,0,0,6720,9856,593280,739008,327680,306624,1365184,0,1472,587968,0,0,0,0,0,0,0,0,0,0,0,0,0,0,738880,128,636,1556,2050806372,2883047914,1355328,0
1604,1677120,0,0,0,6592,9408,502656,775488,382976,361024,1311680,0,1408,497344,0,0,0,0,0,0,0,0,0,0,0,0,0,0,775360,128,621,1559,635207686,1610206887,1302272,0
1605,2237248,0,0,0,11328,23808,719168,945536,537408,515840,1717056,53568,1408,713856,116352,0,12288,0,1,1,0,0,0,0,0,0,23488,192,921728,128,611,1587,4191609671,1254587660,1693248,0
1606,1676544,0,0,0,7680,9408,491776,885952,281728,260288,1412032,0,1408,486528,0,0,0,0,0,0,0,0,0,0,0,0,0,0,885824,128,592,1533,917685782,3977006361,1402624,0
1607,1676864,0,0,0,7296,22976,497600,848128,300864,279104,1393344,0,1472,492224,0,0,0,0,0,0,0,0,0,0,0,0,0,0,848000,128,585,1511,655884500,4136321295,1370368,0
1608,1676992,0,0,0,7360,9856,455552,795008,409216,387712,1284864,0,1536,450112,0,0,0,0,0,0,0,0,0,0,0,0,0,0,794880,128,572,1466,1380347543,3035460289,1275008,0
1609,1676928,0,0,0,6464,9792,466816,722048,471808,450432,1221696,0,1408,461568,0,0,0,0,0,0,0,0,0,0,0,0,0,0,721920,128,554,1414,3578723652,4254307721,1211904,0
1610,1676800,0,0,0,5696,10496,439360,665728,555520,533760,1138752,0,1408,434048,0,0,0,0,0,0,0,0,0,0,0,0,0,0,665600,128,527,1337,4280228617,3312406998,1128256,0
1611,1676864,0,0,0,4288,9280,448704,640704,573888,551936,1120768,0,1344,443456,0,0,0,0,0,0,0,0,0,0,0,0,0,0,640576,128,527,1320,1582483458,1833080045,1111488,0
1612,1676608,0,0,0,4288,9728,415936,715584,531072,509568,1162816,0,1472,410688,0,0,0,0,0,0,0,0,0,0,0,0,0,0,715456,128,527,1340,3381755863,739562495,1153088,0
1613,1116800,0,0,0,4416,9280,411648,650304,41152,20032,1092608,0,1408,406336,0,0,0,0,0,0,0,0,0,0,0,0,0,0,650176,128,565,1422,3595036893,560443531,1083328,0
1614,1676800,0,0,0,4288,9280,525888,697728,439616,418048,1254592,0,1280,520576,0,0,0,0,0,0,0,0,0,0,0,0,0,0,697600,128,612,1499,375675166,3991833522,1245312,0
1615,1676992,0,0,0,4288,9344,437952,653696,571712,550144,1122624,0,1408,432512,0,0,0,0,0,0,0,0,0,0,0,0,0,0,653568,128,615,1485,3373523473,2676239307,1113280,0
1616,1116800,0,0,0,4288,9280,423296,642048,37888,16320,1096384,0,1408,417984,0,0,0,0,0,0,0,0,0,0,0,0,0,0,641920,128,618,1488,632971567,882032276,1087104,0
1617,1677056,0,0,0,4288,9664,446656,667200,549248,527488,1145280,0,1408,441280,0,0,0,0,0,0,0,0,0,0,0,0,0,0,667072,128,606,1467,4158256821,2162978358,1135616,0
1618,1676224,0,0,0,4352,9280,416512,658560,587520,559552,1112512,0,1408,411072,0,0,0,0,0,0,0,0,0,0,0,0,0,0,658432,128,602,1457,4213022386,718003923,1103232,0
1619,1677056,0,0,0,4224,9280,452352,644096,567104,545472,1127424,0,1408,447040,0,0,0,0,0,0,0,0,0,0,0,0,0,0,643968,128,614,1480,1940136532,3438571798,1118144,0
1620,1116416,0,0,0,6336,9792,406080,645248,48960,27456,1084544,0,1408,400768,0,0,0,0,0,0,0,0,0,0,0,0,0,0,645120,128,619,1481,2296780999,11285979,1074752,0
1621,1677440,0,0,0,8704,10944,462784,650048,544960,522176,1150976,4800,1344,457344,44864,0,11200,0,0,1,0,0,0,0,0,0,21824,64,628032,128,612,1468,3639100680,3380458297,1140032,0
1622,1676352,0,0,0,11904,9856,538368,606976,509248,487808,1184192,9920,1408,532800,100096,0,21248,0,0,2,0,0,0,0,0,0,43456,3008,560384,128,602,1458,3401594500,319904,1174336,0
1623,1676864,0,0,0,5376,9344,434176,657664,570304,548800,1123840,0,1280,428800,0,0,0,0,0,0,0,0,0,0,0,0,0,0,657536,128,600,1450,2629903619,2893692655,1114496,0
1624,2237312,0,0,0,17280,26624,718464,1120768,354176,324608,1905280,4800,3328,705856,57984,0,10624,0,0,1,0,0,0,0,0,0,22016,768,1097856,128,607,1485,507916369,1823545506,1878656,0
1625,1676480,0,0,0,7104,10368,540288,720000,398720,377216,1294464,4928,1472,534720,62400,0,11968,0,0,1,0,0,0,0,0,0,22272,640,696896,192,635,1558,4047390909,812609303,1284096,0
1626,1677120,0,0,0,6336,23680,419840,683072,544192,522176,1150336,0,1408,414464,0,0,0,0,0,0,0,0,0,0,0,0,0,0,682944,128,636,1565,3868494959,1148330143,1126656,0
1627,1676608,0,0,0,6592,10304,429504,689472,540736,519104,1152768,0,1408,424192,0,0,0,0,0,0,0,0,0,0,0,0,0,0,689344,128,627,1535,2901643306,2849230411,1142464,0
1628,1676864,0,0,0,6272,10432,456768,713856,489536,468096,1203648,0,1408,451456,0,0,0,0,0,0,0,0,0,0,0,0,0,0,713728,128,630,1540,1973147731,3125577416,1193216,0
1629,1676864,0,0,0,5504,10048,427776,691456,542080,520640,1151488,0,1472,422528,0,0,0,0,0,0,0,0,0,0,0,0,0,0,691328,128,629,1539,1737366576,3080885366,1141440,0
1630,1677376,0,0,0,10880,10240,531648,733312,391296,368896,1303552,4928,1472,526272,54464,0,10432,0,0,1,0,0,0,0,0,0,18880,128,714176,128,623,1535,4000984160,1153453259,1293312,0
1631,1676800,0,0,0,4096,11200,748992,672832,239680,217856,1454208,214720,1408,743616,272384,0,17152,0,0,1,0,0,0,0,0,0,26624,3328,642752,128,600,1474,2975993097,2168244987,1443008,0
1632,1676224,0,0,0,5248,9856,472576,719296,469248,447680,1223552,0,1408,467264,0,0,0,0,0,0,0,0,0,0,0,0,0,0,719168,128,555,1385,1308019296,269288575,1213696,0
1633,1676928,0,0,0,6336,9728,441728,653248,565888,544256,1128192,0,1408,436416,0,0,0,0,0,0,0,0,0,0,0,0,0,0,653120,128,541,1341,4259680857,2077951878,1118464,0
1634,1116672,0,0,0,5504,9600,399232,578304,124032,97152,1015232,0,1408,393856,0,0,0,0,0,0,0,0,0,0,0,0,0,0,578176,128,546,1350,1952350982,3891703355,1005632,0
1635,1116736,0,0,0,4096,9408,383680,587712,131840,110400,1002240,0,1408,378432,0,0,0,0,0,0,0,0,0,0,0,0,0,0,587584,128,545,1348,2446797479,3078156682,992832,0
1636,1116544,0,0,0,4160,9280,395712,585280,122112,100480,1011904,0,1344,390336,0,0,0,0,0,0,0,0,0,0,0,0,0,0,585152,128,543,1336,2020796430,3955498818,1002624,0
1637,1116608,0,0,0,5056,23040,396096,574144,118272,96896,1015488,0,1408,390720,0,0,0,0,0,0,0,0,0,0,0,0,0,0,574016,128,549,1348,4125469870,1947911973,992448,0
1638,1676992,0,0,0,4160,9344,501760,616960,544768,523264,1149504,4864,1408,496512,49792,0,12096,0,0,1,0,0,0,0,0,0,23808,1088,591936,128,550,1352,1987639117,1417327451,1140160,0
1639,1116416,0,0,0,4160,9536,407488,578176,117056,95616,1016640,0,1408,402240,0,0,0,0,0,0,0,0,0,0,0,0,0,0,578048,128,537,1337,3583942048,2907470233,1007104,0
1640,1677696,0,0,0,4160,9088,471424,759360,433664,411840,1261760,4800,1408,466048,46272,0,10816,0,0,1,0,0,0,0,0,0,22144,64,737024,128,535,1337,13117935,3212034867,1252672,0
1641,1115840,0,0,0,4160,9600,382528,590208,129344,107968,1003648,0,1344,377152,0,0,0,0,0,0,0,0,0,0,0,0,0,0,590080,128,533,1337,2716155083,3420534060,994048,0
1642,1116928,0,0,0,6144,9600,383616,562112,155456,133568,979072,0,1472,378368,0,0,0,0,0,0,0,0,0,0,0,0,0,0,561984,128,533,1338,3307459843,2361863908,969472,0
1643,1116608,0,0,0,5376,9472,383296,559872,158592,137152,975296,0,1408,377920,0,0,0,0,0,0,0,0,0,0,0,0,0,0,559744,128,529,1330,3564167689,3660706835,965824,0
1644,1116736,0,0,0,4032,10496,382016,561600,158592,136960,975552,0,1472,376640,0,0,0,0,0,0,0,0,0,0,0,0,0,0,561472,128,545,1360,1459001434,1973731540,965056,0
1645,1116416,0,0,0,4032,9408,362944,563328,176704,155648,956608,0,1408,357696,0,0,0,0,0,0,0,0,0,0,0,0,0,0,563200,128,539,1336,1046884538,385127102,947200,0
1646,1116672,0,0,0,6016,9536,449280,563712,88128,66688,1045696,0,1408,443840,0,0,0,0,0,0,0,0,0,0,0,0,0,0,563584,128,530,1327,284556710,4089724414,1036160,0
1647,1116992,0,0,0,10368,9920,409344,602432,84928,63296,1049216,0,1344,403968,0,0,0,0,0,0,0,0,0,0,0,0,0,0,602240,192,538,1355,73699741,2300239974,1039296,0
1648,1677312,0,0,0,3904,9600,610688,758400,294720,272384,1400704,27264,1536,605376,91904,0,10496,0,1,1,0,0,0,0,0,0,20800,13568,723904,128,595,1482,4281004413,3633221857,1391104,0
1649,1676352,0,0,0,3968,9280,550784,697152,415168,393280,1278848,55424,1408,545472,148800,0,21696,0,2,2,0,0,0,0,0,0,43904,13824,639296,128,597,1475,4223632156,2419427008,1269568,0
1650,1676416,0,0,0,9088,9536,502528,732480,422784,395584,1276608,0,1408,497088,0,0,0,0,0,0,0,0,0,0,0,0,0,0,732352,128,624,1507,1476768151,1551291996,1267072,0
1651,1676864,0,0,0,4032,9856,579584,726720,356672,335104,1337344,0,1408,574144,0,0,0,0,0,0,0,0,0,0,0,0,0,0,726592,128,633,1536,741528723,3210275335,1327488,0
1652,2236992,0,0,0,6144,9600,649024,1164352,407872,386240,1846336,4800,1600,643584,68416,0,10368,0,0,1,0,0,0,0,0,0,21248,128,1142848,128,623,1535,3396074246,1768504671,1836736,0
1653,1677184,0,0,0,11456,9408,639232,754368,262720,240832,1432000,29952,1472,634048,113088,0,21952,0,1,2,0,0,0,0,0,0,44288,576,709376,128,628,1529,2186923473,3094828350,1422592,0
1654,1676480,0,0,0,4928,9600,566336,675328,420288,398528,1273664,8256,1472,561024,95232,0,20032,0,0,2,0,0,0,0,0,0,38976,256,635968,128,618,1499,747775098,3638275140,1264064,0
1655,1116672,0,0,0,5952,10752,440832,635136,24000,2560,1109760,0,1472,435584,3008,0,0,0,0,1,0,0,0,0,0,0,0,128,634880,128,617,1507,2016651070,1440275747,1099008,0
1656,1676672,0,0,0,6208,9536,539264,639360,482304,460992,1211456,4992,1344,533952,46784,0,11200,0,0,1,0,0,0,0,0,0,22720,64,616448,128,625,1500,967196937,212910775,1201920,0
1657,1116928,0,0,0,5888,9408,434368,618048,49216,28032,1084608,0,1408,429056,0,0,0,0,0,0,0,0,0,0,0,0,0,0,617856,192,625,1504,2938866757,3649545429,1075200,0
1658,1677184,0,0,0,4288,9408,619008,677184,367296,345408,1327616,8448,1408,613632,137024,0,20864,0,0,2,0,0,0,0,0,0,52096,28480,596480,128,617,1501,4014656817,3557132793,1318208,0
1659,1116096,0,0,0,2368,9344,431808,630976,41600,19968,1091904,0,1408,426496,0,0,0,0,0,0,0,0,0,0,0,0,0,0,630848,128,616,1499,1757985113,1842031316,1082560,0
1660,1116608,0,0,0,2432,9600,437440,621888,45248,24064,1088384,0,1344,432064,0,0,0,0,0,0,0,0,0,0,0,0,0,0,621760,128,616,1496,1288022868,1776212730,1078784,0
1661,1116800,0,0,0,2432,9344,417792,627008,60224,38464,1074176,0,1472,412416,0,0,0,0,0,0,0,0,0,0,0,0,0,0,626880,128,614,1489,83184745,2571929039,1064832,0
1662,1676672,0,0,0,2368,9408,466304,616768,581824,559872,1112768,0,1408,460800,0,0,0,0,0,0,0,0,0,0,0,0,0,0,616576,192,613,1483,4077415643,2409233264,1103360,0
1663,1677120,0,0,0,8512,9280,732992,667328,259008,237312,1435584,51968,1408,727680,271104,0,56832,0,1,5,0,0,0,0,0,0,107904,960,558336,128,613,1483,2807493235,2401106225,1426304,0
1664,1116416,0,0,0,3968,9280,446592,626816,29760,4864,1107392,0,1472,441216,2944,0,0,0,0,1,0,0,0,0,0,0,0,128,626496,192,612,1473,4010250071,1373456741,1098112,0
1665,1675648,0,0,0,6144,9344,537280,625216,497664,477504,1193920,3648,1536,531392,47936,0,11008,0,0,1,0,0,0,0,0,0,26112,128,598848,128,601,1468,137098521,1520707884,1184576,0
1666,1116224,0,0,0,6784,9280,454976,590528,54656,27520,1084416,0,1408,449664,0,0,0,0,0,0,0,0,0,0,0,0,0,0,590400,128,604,1473,1360699551,780667035,1075136,0
1667,1676928,0,0,0,4288,23552,460800,626176,562112,542080,1130560,0,1344,455552,0,0,0,0,0,0,0,0,0,0,0,0,0,0,625984,192,608,1472,402185016,4020240346,1107008,0
1668,1116672,0,0,0,2432,10688,462144,602048,39360,19328,1093184,0,1344,456768,0,0,0,0,0,0,0,0,0,0,0,0,0,0,601920,128,606,1460,3843076876,2803112485,1082496,0
1669,1677312,0,0,0,3136,9216,663744,654592,346624,326336,1346752,63936,1408,658368,207424,0,34048,0,1,3,0,0,0,0,0,0,65536,2944,585984,128,605,1452,2334474921,2133530393,1337536,0
1670,1116096,0,0,0,3968,9152,415744,653440,33792,14016,1097984,0,1536,410496,0,0,0,0,0,0,0,0,0,0,0,0,0,0,653312,128,606,1450,1870662008,2821335539,1088832,0
1671,1116544,0,0,0,3968,9344,421696,597568,83968,64064,1048256,3520,1408,416192,45248,0,10688,0,0,1,0,0,0,0,0,0,23872,128,573440,128,606,1447,205104631,1426727704,1038912,0
1672,1118272,0,0,0,6016,9664,351104,598016,153472,132224,981696,0,1408,345600,0,0,0,0,0,0,0,0,0,0,0,0,0,0,597888,128,613,1455,267504259,2713089324,972032,0
1673,1116736,0,0,0,7232,9344,361856,550144,188160,167040,945408,0,1472,356416,0,0,0,0,0,0,0,0,0,0,0,0,0,0,550016,128,609,1463,1754113565,2991461640,936064,0
1674,1116672,0,0,0,6656,9792,327616,582464,190144,168960,943360,0,1408,322304,0,0,0,0,0,0,0,0,0,0,0,0,0,0,582336,128,604,1463,1347971884,2080545788,933568,0
1675,1116608,0,0,0,4352,9536,376320,578496,147904,126784,985536,0,1408,371008,0,0,0,0,0,0,0,0,0,0,0,0,0,0,578368,128,602,1465,684075386,1591561306,976000,0
1676,1116736,0,0,0,2368,9408,430272,591616,83072,61504,1051072,3520,1408,425024,43520,0,10432,0,0,1,0,0,0,0,0,0,21504,128,569856,128,602,1461,2202195185,1450047446,1041664,0
1677,1677248,0,0,0,9088,9536,505408,604544,548672,526592,1146368,4864,1408,500096,42240,0,10944,0,0,1,0,0,0,0,0,0,19136,128,585152,128,606,1465,1960271363,3510029008,1136832,4
1678,1116224,0,0,0,3904,9344,424832,577664,100480,79168,1032960,0,1344,419584,0,0,0,0,0,0,0,0,0,0,0,0,0,0,577472,192,604,1466,3251214304,3489910294,1023616,0
1679,1116864,0,0,0,3840,10304,414144,567872,120704,98944,1013760,0,1408,408704,0,0,0,0,0,0,0,0,0,0,0,0,0,0,567744,128,605,1469,2120179379,1486926927,1003456,0
1680,1116672,0,0,0,3840,9472,454272,588224,60864,39488,1072960,0,1408,448896,0,0,0,0,0,0,0,0,0,0,0,0,0,0,588096,128,607,1478,2798167196,2289946404,1063488,0
1681,1676480,0,0,0,8512,10112,489216,589696,578944,557504,1114752,3712,1344,483776,52160,0,11072,0,0,1,0,0,0,0,0,0,24064,128,565376,128,588,1451,3033301002,2132473862,1104640,0
1682,1116928,0,0,0,5952,9408,391488,579520,130560,103744,1008768,0,1408,386176,0,0,0,0,0,0,0,0,0,0,0,0,0,0,579392,128,571,1401,860691000,3299245639,999360,0
1683,1114944,0,0,0,4096,9408,427200,635584,38656,18816,1091968,4928,1408,422144,43840,0,10560,0,0,1,0,0,0,0,0,0,19200,128,616128,128,572,1389,1844642226,3440065760,1082560,0
1684,1677632,0,0,0,4032,9472,641472,590272,432384,412160,1261312,214720,1792,635584,271936,0,17728,0,0,1,0,0,0,0,0,0,26560,2496,561088,128,508,1267,2642243427,756812857,1251840,0
1685,1115648,0,0,0,5056,9152,419840,577856,103744,83904,1027584,30080,1408,414464,72704,0,11072,0,1,1,0,0,0,0,0,0,24640,128,552960,128,501,1247,554148678,3329180801,1018432,0
1686,1116864,0,0,0,6336,9536,323648,574272,203072,183104,929472,0,1472,318400,0,0,0,0,0,0,0,0,0,0,0,0,0,0,574144,128,500,1241,1027600141,1793739208,919936,0
1687,1116608,0,0,0,6720,9600,305920,562112,232256,212480,899648,0,1472,300416,0,0,0,0,0,0,0,0,0,0,0,0,0,0,561984,128,498,1244,2363669966,313709083,890048,0
1688,1116672,0,0,0,5120,9088,304256,558016,240192,219456,892992,0,1408,299008,0,0,0,0,0,0,0,0,0,0,0,0,0,0,557888,128,491,1227,3726175835,2037796105,883904,0
1689,1116800,0,0,0,3840,8896,308800,562176,233088,213376,899328,0,1472,303488,0,0,0,0,0,0,0,0,0,0,0,0,0,0,562048,128,489,1219,3882938905,2199681756,890432,0
1690,1116672,0,0,0,3712,9216,303808,555712,244224,224064,888384,0,1408,298432,0,0,0,0,0,0,0,0,0,0,0,0,0,0,555584,128,489,1223,677272931,1472776373,879168,0
1691,1116288,0,0,0,3840,9088,437376,583360,82624,62656,1049472,43072,1408,432192,122816,0,21504,0,1,2,0,0,0,0,0,0,43840,256,539136,128,491,1211,570170911,3226684072,1040384,0
1692,1116800,0,0,0,3968,9152,404224,607360,92096,72320,1040256,3584,1408,398976,46080,0,11008,0,0,1,0,0,0,0,0,0,22272,448,584512,128,489,1212,4111384401,3448008737,1031104,0
1693,1677696,0,0,0,5760,10432,402176,998144,261184,240640,1432960,3712,2752,395264,48064,0,10944,0,0,1,0,0,0,0,0,0,26112,128,971776,128,483,1201,1637469192,1589781222,1422528,0
1694,1115712,0,0,0,3712,9088,313792,563968,225152,205440,906176,0,1408,308480,0,0,0,0,0,0,0,0,0,0,0,0,0,0,563840,128,480,1189,600744607,3135786100,897088,0
1695,1116800,0,0,0,3840,8960,331648,567296,205056,185152,927488,0,1408,326400,0,0,0,0,0,0,0,0,0,0,0,0,0,0,567104,192,481,1186,2974466105,1962220380,918528,0
1696,1116672,0,0,0,3904,9152,443712,553408,106496,86400,1026048,0,1408,438272,0,0,0,0,0,0,0,0,0,0,0,0,0,0,553280,128,486,1185,3999805031,694243734,1016896,0
1697,1116672,0,0,0,3904,22784,416896,561856,111232,91520,1020992,0,1408,411584,0,0,0,0,0,0,0,0,0,0,0,0,0,0,561664,192,484,1171,1436817574,1924199312,998208,0
1698,1116480,0,0,0,3968,9408,489728,544448,68928,43520,1068864,0,1408,484544,0,0,0,0,0,0,0,0,0,0,0,0,0,0,544320,128,479,1161,3652061500,3532792548,1059456,0
1699,1116608,0,0,0,5888,8896,370048,571648,160128,140224,972288,0,1408,364672,0,0,0,0,0,0,0,0,0,0,0,0,0,0,571520,128,485,1174,2142597534,2065115797,963392,0
1700,1116800,0,0,0,6016,9024,323968,563712,214080,194240,918336,0,1408,318528,0,0,0,0,0,0,0,0,0,0,0,0,0,0,563584,128,495,1193,4018798578,425662565,909312,0
1701,1677120,0,0,0,5184,9600,559552,716352,386432,366336,1306496,7872,1344,554176,94912,0,21056,0,0,2,0,0,0,0,0,0,42560,7872,665792,128,545,1315,373253960,1586579074,1296896,0
1702,1116160,0,0,0,6080,9408,487616,575488,37568,17536,1094080,47936,1408,482112,94208,0,10944,0,1,1,0,0,0,0,0,0,23488,2240,549632,128,548,1317,2361320161,2619942112,1084672,0
1703,1677056,0,0,0,4928,9216,480256,775168,407488,387136,1285632,40896,1472,474944,85440,0,10880,0,1,1,0,0,0,0,0,0,25024,128,749888,128,558,1333,2313548564,674297958,1276416,0
1704,1116416,0,0,0,5888,9344,331584,588736,180864,160832,951296,0,1408,326144,0,0,0,0,0,0,0,0,0,0,0,0,0,0,588608,128,559,1323,3732258653,3645164943,941952,0
1705,1116608,0,0,0,5120,9408,446976,564032,91072,71296,1041024,35840,1408,441664,87040,0,11200,0,1,1,0,0,0,0,0,0,32064,576,531264,128,555,1301,2831403759,3522438515,1031616,0
1706,1677312,0,0,0,3968,9664,479360,610560,573760,553408,1119744,8448,1408,473984,95360,0,20416,0,0,2,0,0,0,0,0,0,38848,192,571392,128,552,1309,3317202597,4048802617,1110080,0
1707,1116416,0,0,0,3968,10432,336768,594304,170944,150656,961600,0,1408,331456,0,0,0,0,0,0,0,0,0,0,0,0,0,0,594176,128,562,1319,3410147468,1913658592,951168,0
1708,1676800,0,0,0,5504,23872,770560,728640,148224,127936,1544064,65024,1472,765248,142208,0,12736,0,1,2,0,0,0,0,0,0,22912,9984,695616,128,569,1356,2140325677,2234324261,1520192,0
1709,1676608,0,0,0,6336,10112,450432,646976,562752,542720,1129024,0,1472,444928,0,0,0,0,0,0,0,0,0,0,0,0,0,0,646848,128,553,1319,1566599135,4211157744,1118912,0
1710,1676736,0,0,0,5568,24064,448704,631296,567104,547136,1124800,0,1408,443392,0,0,0,0,0,0,0,0,0,0,0,0,0,0,631168,128,566,1354,945849716,2571812326,1100736,0
1711,1676992,0,0,0,4096,9728,479296,667968,515904,496000,1176256,0,1408,473984,0,0,0,0,0,0,0,0,0,0,0,0,0,0,667840,128,560,1338,2257311446,4113306756,1166528,0
1712,1676800,0,0,0,4992,24384,744640,676864,225920,206144,1465536,4800,1408,739328,62848,0,12160,0,0,1,0,0,0,0,0,0,22912,704,653120,128,555,1349,1582602413,1029538419,1441152,0
1713,1676672,0,0,0,4544,9856,584000,652032,426240,406272,1265536,0,1408,578688,0,0,0,0,0,0,0,0,0,0,0,0,0,0,651904,128,555,1350,152057718,3787773256,1255680,0
1714,2236864,0,0,0,5504,23360,763072,1371776,73152,47552,2184192,5056,1408,757760,112000,0,12800,0,0,1,0,0,0,0,0,0,27008,3200,1341440,128,592,1418,4184068775,1839128746,2160832,0
1715,1677440,0,0,0,6720,10240,592064,722560,345856,325696,1346560,0,1472,586688,0,0,0,0,0,0,0,0,0,0,0,0,0,0,722432,128,592,1416,4015168791,2426234199,1336320,0
1716,1676288,0,0,0,4352,24768,784448,759936,102784,82624,1588352,4800,1408,779072,61056,0,11968,0,0,1,0,0,0,0,0,0,21696,640,737472,128,595,1429,1848653504,3578638841,1563584,0
1717,1676864,0,0,0,4544,11584,611776,758464,290496,270720,1401024,0,1472,606272,0,0,0,0,0,0,0,0,0,0,0,0,0,0,758336,128,592,1424,3512703216,2534511717,1389440,0
1718,1676800,0,0,0,4608,23232,510144,749056,389760,369984,1301888,0,1408,504768,0,0,0,0,0,0,0,0,0,0,0,0,0,0,748928,128,595,1427,3215864202,975618153,1278656,0
1719,1677056,0,0,0,4672,10048,567104,774400,320832,300928,1371200,0,1408,561792,0,0,0,0,0,0,0,0,0,0,0,0,0,0,774272,128,589,1426,298631008,2447622579,1361152,0
1720,2236800,0,0,0,5056,24256,954112,823104,430272,410496,1821056,37824,1408,948608,177472,0,33344,0,1,3,0,0,0,0,0,0,67200,832,754944,128,598,1446,1771681143,2706942847,1796800,0
1721,1677184,0,0,0,4992,10176,645568,794176,222272,202048,1470016,3520,1472,640192,50176,0,10880,0,0,1,0,0,0,0,0,0,22656,3264,768128,128,597,1443,2054057999,3149145674,1459840,0
1722,1676672,0,0,0,6912,23680,636224,784256,225600,205696,1465856,0,1408,630848,0,0,0,0,0,0,0,0,0,0,0,0,0,0,784128,128,606,1445,2508696141,385083817,1442176,0
1723,2237568,0,0,0,12096,10688,890112,837632,487040,465856,1766208,30400,1408,884736,130496,0,21184,0,1,2,0,0,0,0,0,0,44288,10560,782656,128,565,1363,2994094890,1613264966,1755520,0
1724,1676288,0,0,0,4672,24896,795392,814208,37120,17280,1653376,4800,1536,789952,66112,0,12032,0,0,3,0,0,0,0,0,0,21312,896,791872,128,565,1364,497557207,319659781,1628480,0
1725,1676928,0,0,0,7168,24320,559296,803520,282624,262912,1408768,0,1408,553856,0,0,0,0,0,0,0,0,0,0,0,0,0,0,803392,128,557,1354,3260396582,3325063305,1384448,0
1726,1676608,0,0,0,9216,24320,514880,758592,369600,349696,1321472,0,1472,509440,0,0,0,0,0,0,0,0,0,0,0,0,0,0,758464,128,558,1346,3517755458,3444732533,1297152,0
1727,1677248,0,0,0,8512,25024,523456,756544,363712,343360,1328448,0,1472,518080,0,0,0,0,0,0,0,0,0,0,0,0,0,0,756416,128,556,1339,3372290060,711759777,1303424,0
1728,1676416,0,0,0,5952,10112,585344,751872,323136,303104,1368320,0,1408,580032,0,0,0,0,0,0,0,0,0,0,0,0,0,0,751744,128,552,1328,3173958650,1477909967,1358208,0
1729,1676800,0,0,0,4544,9856,515008,750848,396544,376320,1295488,0,1344,509632,0,0,0,0,0,0,0,0,0,0,0,0,0,0,750720,128,553,1329,235497950,2904036666,1285632,0
1730,1677248,0,0,0,6592,10112,606400,699072,355072,329280,1342720,9216,1344,601024,87936,0,20480,0,0,2,0,0,0,0,0,0,43072,768,655104,128,554,1329,365854078,1440566945,1332608,0
1731,1676160,0,0,0,7168,10048,465088,642048,551808,531712,1139520,0,1344,459776,0,0,0,0,0,0,0,0,0,0,0,0,0,0,641920,128,551,1319,56519749,3901910579,1129472,0
1732,1677568,0,0,0,5504,10112,606848,697536,357568,337152,1335488,33984,1408,601536,119936,0,24640,0,1,2,0,0,0,0,0,0,41920,1088,654400,128,550,1314,984961169,1802726551,1325376,0
1733,1676288,0,0,0,4480,9792,469248,657216,535552,515200,1156288,0,1472,463744,0,0,0,0,0,0,0,0,0,0,0,0,0,0,657088,128,555,1322,687875781,2230493410,1146496,0
1734,1676992,0,0,0,6848,9600,684480,709632,266432,246400,1425856,8448,1408,679168,93440,0,21248,0,0,3,0,0,0,0,0,0,45696,1088,662720,128,563,1326,2078256362,891421154,1416256,0
1735,1676544,0,0,0,8000,9664,522176,648512,488192,468224,1203520,0,1408,516800,0,0,0,0,0,0,0,0,0,0,0,0,0,0,648384,128,554,1319,4233852518,1216298335,1193856,0
1736,1676928,0,0,0,6400,9984,492160,625664,542720,522688,1149632,0,1408,486784,0,0,0,0,0,0,0,0,0,0,0,0,0,0,625536,128,539,1294,3445780025,1030153549,1139648,0
1737,1117184,0,0,0,4096,9600,460928,609664,32896,12800,1099840,0,1344,455616,0,0,0,0,0,0,0,0,0,0,0,0,0,0,609536,128,545,1297,2807324593,2223020042,1090240,0
1738,1116160,0,0,0,5120,10752,456000,597696,46592,26688,1085120,0,1408,450752,0,0,0,0,0,0,0,0,0,0,0,0,0,0,597568,128,546,1280,3171298887,2228328372,1074368,0
1739,1677120,0,0,0,11136,22720,820928,663872,158464,138432,1534528,114048,1408,815680,323904,0,49984,0,2,4,0,0,0,0,0,0,91392,3072,569280,128,552,1310,545371559,2403560932,1511808,0
1740,1116352,0,0,0,5376,23488,347072,604736,135680,115392,996800,0,1344,341696,0,0,0,0,0,0,0,0,0,0,0,0,0,0,604608,128,553,1301,188850643,1808025039,973312,0
1741,1676864,0,0,0,12288,23296,412608,661696,566976,546816,1125824,0,1344,407168,0,0,0,0,0,0,0,0,0,0,0,0,0,0,661504,192,560,1307,2260542917,2722382806,1102528,0
1742,1116544,0,0,0,6656,9408,405696,623936,70848,51072,1061120,39552,1408,400320,82752,0,11200,0,1,1,0,0,0,0,0,0,24704,128,598976,128,570,1332,4066739914,881130531,1051712,0
1743,1116608,0,0,0,4032,9536,333056,635328,134656,114560,997760,0,1408,327680,0,0,0,0,0,0,0,0,0,0,0,0,0,0,635200,128,566,1310,1987359683,4134854679,988224,0
1744,1116864,0,0,0,4096,9024,338944,588992,175808,155648,957120,0,1472,333504,0,0,0,0,0,0,0,0,0,0,0,0,0,0,588864,128,549,1283,3007660779,760834592,948096,0
1745,1116608,0,0,0,6144,9280,334016,567488,199680,179776,932672,0,1408,328640,0,0,0,0,0,0,0,0,0,0,0,0,0,0,567360,128,538,1250,3636095507,521999040,923392,0
1746,1116608,0,0,0,6080,9216,320192,566592,214528,189184,923200,0,1408,314880,0,0,0,0,0,0,0,0,0,0,0,0,0,0,566464,128,534,1247,1788005998,2275334871,913984,0
1747,1676736,0,0,0,4096,23808,543552,680640,424640,404736,1267392,4800,1472,538112,67520,0,11968,0,0,1,0,0,0,0,0,0,22592,4736,653184,128,540,1283,2108447414,3378721172,1243584,0
1748,1677376,0,0,0,10048,24256,635200,667264,340608,320192,1352384,15616,1408,629760,96128,0,21248,0,0,1,0,0,0,0,0,0,34496,128,632512,128,545,1297,3284951766,169680765,1328128,0
1749,1116224,0,0,0,4672,23936,378240,617920,91456,71360,1040192,0,1536,372800,0,0,0,0,0,0,0,0,0,0,0,0,0,0,617792,128,543,1290,114628792,2826637421,1016256,0
1750,1116672,0,0,0,6720,24064,399488,622208,64192,44288,1067456,0,1408,394176,0,0,0,0,0,0,0,0,0,0,0,0,0,0,622080,128,557,1326,2552773775,3979962488,1043392,0
1751,1676864,0,0,0,6912,11840,569664,669056,419392,399616,1272000,0,1472,564160,0,0,0,0,0,0,0,0,0,0,0,0,0,0,668928,128,548,1313,2227329246,42318584,1260160,0
1752,1678400,0,0,0,4224,24512,643008,663360,343296,321536,1351872,4864,1472,637568,61824,0,12160,0,0,1,0,0,0,0,0,0,22656,640,639936,128,559,1341,1869433229,4115334359,1327360,0
1753,1676736,0,0,0,4864,24384,517056,636352,494080,472512,1199296,0,1408,511808,0,0,0,0,0,0,0,0,0,0,0,0,0,0,636224,128,561,1356,2759765824,3330662181,1174912,0
1754,1675264,0,0,0,7040,24256,486080,641920,515968,496128,1174016,0,1472,480640,0,0,0,0,0,0,0,0,0,0,0,0,0,0,641792,128,566,1389,2622665372,2292738896,1149760,0
1755,1676992,0,0,0,4672,24256,589248,659200,399616,379840,1292224,0,1408,583808,0,0,0,0,0,0,0,0,0,0,0,0,0,0,659072,128,545,1353,3802708796,577630774,1267968,0
1756,1676928,0,0,0,7552,9920,473728,663232,522496,502528,1169600,0,1472,468288,0,0,0,0,0,0,0,0,0,0,0,0,0,0,663104,128,537,1336,245964354,2492323828,1159680,0
1757,1676864,0,0,0,6336,24320,479488,651328,515392,495424,1176320,0,1408,474176,0,0,0,0,0,0,0,0,0,0,0,0,0,0,651200,128,533,1333,3112434582,1623013189,1152000,0
1758,1676736,0,0,0,4672,10048,498432,693056,470528,450688,1221248,0,1408,492992,0,0,0,0,0,0,0,0,0,0,0,0,0,0,692928,128,547,1387,3600088754,2627811444,1211200,0
1759,1676864,0,0,0,5568,10176,696128,696000,268992,248960,1422720,4800,1344,690752,44544,0,10560,0,0,1,0,0,0,0,0,0,21632,128,674048,192,552,1390,3450486916,6206128,1412544,0
1760,1677184,0,0,0,4736,10112,578048,682752,401536,381312,1291008,0,1408,572672,0,0,0,0,0,0,0,0,0,0,0,0,0,0,682624,128,561,1400,3440350160,2862171854,1280896,0
1761,1676480,0,0,0,4672,25792,670656,702080,273280,253248,1418240,4800,1472,665344,61120,0,11904,0,0,1,0,0,0,0,0,0,22464,640,678784,192,562,1403,2718175131,1323759883,1392448,0
1762,1676800,0,0,0,4928,24448,461952,669696,515776,490560,1181440,0,1408,456704,0,0,0,0,0,0,0,0,0,0,0,0,0,0,669568,128,569,1426,3098738421,1268942721,1156992,0
1763,1677184,0,0,0,6016,24192,660608,681536,304832,284608,1387456,4864,1472,655360,45056,0,10432,0,0,1,0,0,0,0,0,0,23040,64,658304,128,579,1442,3902741106,392079601,1363264,0
1764,1676608,0,0,0,4800,24768,632896,701632,312512,292288,1379264,3520,1408,627648,41088,0,10304,0,0,1,0,0,0,0,0,0,20608,64,680832,128,570,1440,2998505503,865006376,1354496,0
1765,1676864,0,0,0,7168,10176,512704,700288,446528,426496,1245312,0,1408,507264,0,0,0,0,0,0,0,0,0,0,0,0,0,0,700160,128,591,1461,2231242914,2753897316,1235136,0
1766,1676608,0,0,0,7744,24320,571520,667776,405248,385216,1286144,0,1472,566080,0,0,0,0,0,0,0,0,0,0,0,0,0,0,667648,128,591,1452,2561624592,2405213283,1261824,0
1767,1677504,0,0,0,7232,10560,667968,726080,265664,245056,1427072,3584,1408,662528,67008,0,10816,0,0,1,0,0,0,0,0,0,21120,128,704704,128,593,1461,2985994180,1296280653,1416512,0
1768,1676416,0,0,0,6976,9984,538176,687488,433792,413632,1257856,0,1408,532736,0,0,0,0,0,0,0,0,0,0,0,0,0,0,687360,128,594,1458,3951738410,80108439,1247872,0
1769,1676544,0,0,0,7808,10304,483776,665344,509312,489216,1182272,0,1472,478400,0,0,0,0,0,0,0,0,0,0,0,0,0,0,665216,128,606,1471,3301348892,1902701416,1171968,0
1770,1676992,0,0,0,7488,10368,506304,657088,495744,475904,1195968,0,1344,500992,0,0,0,0,0,0,0,0,0,0,0,0,0,0,656960,128,594,1451,3906664921,558848206,1185600,0
1771,1676672,0,0,0,7680,9984,507200,658496,493312,473472,1198080,0,1408,501760,0,0,0,0,0,0,0,0,0,0,0,0,0,0,658368,128,597,1447,1165974522,613263629,1188096,0
1772,1677056,0,0,0,4480,10880,673856,727488,260352,240192,1431872,8064,1408,668544,93056,0,24256,0,0,2,0,0,0,0,0,0,41600,1152,684608,128,595,1462,3475867014,1655752029,1420992,0
1773,1677888,0,0,0,5312,9920,716736,711168,234752,213440,1459712,8256,1408,711424,93312,0,21312,0,0,3,0,0,0,0,0,0,45824,1088,664128,128,618,1514,407673375,3406087713,1449792,0
1774,1677696,0,0,0,6592,10048,686656,676992,297408,275392,1397696,28096,1408,681344,77312,0,12736,0,1,1,0,0,0,0,0,0,21760,4224,650880,128,618,1507,72833599,2054569507,1387648,0
1775,1676288,0,0,0,6592,10240,482368,671360,505728,484160,1187264,0,1344,477120,0,0,0,0,0,0,0,0,0,0,0,0,0,0,671232,128,607,1469,3381625335,4027136388,1177024,0
1776,1676864,0,0,0,6272,9792,485632,613248,561920,539968,1132160,0,1408,480384,0,0,0,0,0,0,0,0,0,0,0,0,0,0,613120,128,606,1457,2657603248,3045454380,1122368,0
1777,1116544,0,0,0,6976,9920,420544,599424,79680,57984,1054016,0,1408,415232,0,0,0,0,0,0,0,0,0,0,0,0,0,0,599232,192,608,1465,3910996040,2916213257,1044096,0
1778,1677312,0,0,0,14272,9664,494784,606912,551680,523776,1149312,3648,1408,489472,58496,0,11968,0,0,1,0,0,0,0,0,0,22080,64,584640,128,612,1466,1618538146,2232001381,1139648,0
1779,1115968,0,0,0,5696,9600,405696,605056,89920,68416,1043456,0,1344,400448,0,0,0,0,0,0,0,0,0,0,0,0,0,0,604928,128,615,1473,216181394,2965328036,1033856,0
1780,1116864,0,0,0,4288,9472,457024,619392,26688,5248,1107456,4928,1408,451648,47616,0,11136,0,0,1,0,0,0,0,0,0,24384,128,594752,128,622,1480,1823995239,3308868575,1097984,0
1781,1116608,0,0,0,6912,9728,386752,593856,119360,97920,1014144,0,1408,381440,0,0,0,0,0,0,0,0,0,0,0,0,0,0,593728,128,619,1462,2129542450,91565016,1004416,0
1782,1116800,0,0,0,7872,9472,385280,595008,119168,97536,1015040,0,1344,380032,0,0,0,0,0,0,0,0,0,0,0,0,0,0,594880,128,620,1468,4240427728,216390351,1005568,0
1783,1116544,0,0,0,6272,9792,468288,584512,47680,26496,1085632,38336,1408,462848,80832,0,12544,0,1,1,0,0,0,0,0,0,22400,128,561856,128,622,1462,2714208816,1332017686,1075840,0
1784,1116480,0,0,0,6464,9600,413376,577024,110016,88448,1023808,4992,1408,408128,43840,0,9984,0,0,1,0,0,0,0,0,0,22144,64,554688,128,611,1445,1105900375,671166284,1014208,0
1785,1677760,0,0,0,5888,11200,542144,629696,488832,466496,1206720,0,1472,536768,0,0,0,0,0,0,0,0,0,0,0,0,0,0,629568,128,615,1469,145423865,2422148342,1195520,0
1786,1676032,0,0,0,5248,9664,483328,645248,532544,510720,1160832,0,1408,477888,0,0,0,0,0,0,0,0,0,0,0,0,0,0,645120,128,626,1491,441434012,3686865994,1151168,0
1787,1677056,0,0,0,9920,23872,576256,671552,395456,373568,1298752,4928,1280,570944,41536,0,9728,0,0,1,0,0,0,0,0,0,19520,128,651712,192,631,1528,18141068,774192595,1274880,0
1788,1676544,0,0,0,5120,9920,469312,666112,526080,504320,1167488,0,1344,464064,0,0,0,0,0,0,0,0,0,0,0,0,0,0,665984,128,634,1529,1821931008,3579570790,1157568,0
1789,1676864,0,0,0,6656,10496,534144,663936,461632,439872,1231872,0,1408,528768,0,0,0,0,0,0,0,0,0,0,0,0,0,0,663744,192,641,1535,3516309877,3186617730,1221376,0
1790,1676672,0,0,0,11584,9920,569664,709120,376384,354880,1316992,0,1280,564480,0,0,0,0,0,0,0,0,0,0,0,0,0,0,708992,128,638,1534,1496857068,2916537388,1307072,0
1791,1677120,0,0,0,6208,9664,550720,734528,376000,354368,1318016,0,1408,545344,0,0,0,0,0,0,0,0,0,0,0,0,0,0,734400,128,649,1578,595095594,834604762,1308352,0
1792,1676736,0,0,0,4096,9920,561536,723840,377344,352576,1319488,0,1344,556160,0,0,0,0,0,0,0,0,0,0,0,0,0,0,723712,128,646,1576,1478570011,2897350489,1309568,0
1793,1676864,0,0,0,5504,10240,586752,698816,375552,353856,1317952,0,1472,581568,0,0,0,0,0,0,0,0,0,0,0,0,0,0,698688,128,623,1500,3561600084,2548274735,1307712,0
1794,1676864,0,0,0,6720,10240,536832,718464,404608,377600,1294144,0,1472,531008,0,0,0,0,0,0,0,0,0,0,0,0,0,0,718336,128,612,1478,1251791507,3032606836,1283904,0
1795,1677056,0,0,0,7552,12096,532416,668288,456704,435008,1236480,0,1472,527040,0,0,0,0,0,0,0,0,0,0,0,0,0,0,668160,128,618,1465,3862503821,2154550823,1224384,0
1796,1676800,0,0,0,5184,10304,523584,690304,447424,425600,1246016,0,1408,518272,0,0,0,0,0,0,0,0,0,0,0,0,0,0,690176,128,604,1454,257767281,3893724187,1235712,0
1797,1677248,0,0,0,6080,10240,654400,702336,304192,282368,1389888,0,1344,649152,0,0,0,0,0,0,0,0,0,0,0,0,0,0,702208,128,609,1505,3600056744,3759616194,1379648,0
1798,1676416,0,0,0,3968,10048,617152,728320,316928,295360,1376192,4736,1408,611904,49984,0,12096,0,0,1,0,0,0,0,0,0,22208,320,705664,128,617,1506,1684000290,393172652,1366144,0
1799,1677056,0,0,0,4992,10112,479552,670784,511616,489984,1182144,0,1408,474240,0,0,0,0,0,0,0,0,0,0,0,0,0,0,670656,128,616,1500,4113663708,2496883618,1172032,0
1800,1676736,0,0,0,6144,10304,514368,662144,483776,462592,1209152,0,1408,508864,2816,0,0,0,0,1,0,0,0,0,0,0,0,128,661888,128,620,1509,2871232225,3089503127,1198848,0
1801,1677056,0,0,0,5120,10432,611776,650304,399424,377664,1294208,0,1344,606528,0,0,0,0,0,0,0,0,0,0,0,0,0,0,650176,128,624,1512,452363991,2345394123,1283776,0
1802,1676800,0,0,0,3968,10432,556032,638336,468032,446592,1225152,0,1408,550656,0,0,0,0,0,0,0,0,0,0,0,0,0,0,638208,128,611,1486,4077096613,2018661334,1214720,0
1803,1676736,0,0,0,5760,10368,508160,680192,472256,450816,1220928,0,1472,502912,0,0,0,0,0,0,0,0,0,0,0,0,0,0,680064,128,621,1515,1953503786,2925615445,1210560,0
1804,1676800,0,0,0,5632,10112,534272,640832,485952,464640,1207168,0,1408,528960,0,0,0,0,0,0,0,0,0,0,0,0,0,0,640704,128,616,1500,2140677373,3822183390,1197056,0
1805,1677248,0,0,0,5760,11520,547200,637696,475072,453440,1218816,0,1408,541824,0,0,0,0,0,0,0,0,0,0,0,0,0,0,637568,128,611,1477,351825305,3347506388,1207296,0
1806,1677376,0,0,0,3904,10432,758592,665472,238976,216704,1455744,11712,1408,753280,147200,0,37184,0,0,3,0,0,0,0,0,0,67072,3072,595136,192,622,1490,4138899181,371825361,1445312,0
1807,1676096,0,0,0,3968,10176,512128,621632,528192,506432,1164800,0,1408,506816,0,0,0,0,0,0,0,0,0,0,0,0,0,0,621440,192,634,1497,1468680624,146824955,1154624,0
1808,1676672,0,0,0,5888,10304,559040,696640,404800,383360,1288320,0,1408,553728,0,0,0,0,0,0,0,0,0,0,0,0,0,0,696448,192,621,1475,3925764572,4012814534,1278016,0
1809,1676928,0,0,0,4416,9920,567296,627520,467776,446272,1225728,0,1408,561856,0,0,0,0,0,0,0,0,0,0,0,0,0,0,627392,128,623,1481,3345695199,3248048846,1215808,0
1810,1676800,0,0,0,3264,9920,576000,625920,461696,434496,1237376,0,1472,570688,0,0,0,0,0,0,0,0,0,0,0,0,0,0,625792,128,619,1478,293604820,346148907,1227456,0
1811,1676864,0,0,0,4864,10112,569152,650944,441792,420288,1251840,4928,1472,563776,46592,0,10880,0,0,1,0,0,0,0,0,0,22016,512,628288,128,610,1467,251825650,875082042,1241728,0
1812,1676736,0,0,0,5824,10112,500864,643520,516416,495104,1176960,0,1344,495424,0,0,0,0,0,0,0,0,0,0,0,0,0,0,643328,192,600,1454,206337146,2587576956,1166848,0
1813,1677056,0,0,0,4480,10432,492160,595136,574848,553344,1119104,0,1408,486912,0,0,0,0,0,0,0,0,0,0,0,0,0,0,595008,128,598,1437,2621611576,1624986662,1108672,0
1814,1677312,0,0,0,8640,9984,535808,598976,523904,501760,1170688,3648,1408,530240,44416,0,10880,0,0,1,0,0,0,0,0,0,23360,320,575168,128,603,1442,1002600153,329595363,1160704,0
1815,1676736,0,0,0,9728,11072,580096,607360,468480,446464,1225728,33024,1408,574848,79872,0,10944,0,1,1,0,0,0,0,0,0,21824,64,585344,128,613,1478,621155963,1307631938,1214656,0
1816,1676480,0,0,0,4096,9408,467584,621952,573440,551616,1120640,0,1408,462400,0,0,0,0,0,0,0,0,0,0,0,0,0,0,621824,128,617,1487,2330402254,4248086574,1111232,0
1817,1116928,0,0,0,5120,23296,419200,605568,63744,41984,1070720,0,1408,413824,0,0,0,0,0,0,0,0,0,0,0,0,0,0,605440,128,613,1480,2648761364,1604751396,1047424,0
1818,1116416,0,0,0,6080,9408,412352,604864,83712,62272,1049920,0,1472,406848,0,0,0,0,0,0,0,0,0,0,0,0,0,0,604736,128,615,1483,416173639,3250153712,1040512,0
1819,1116928,0,0,0,5312,9600,416960,598656,86400,64768,1047872,0,1408,411584,0,0,0,0,0,0,0,0,0,0,0,0,0,0,598528,128,622,1488,732231835,3746803034,1038272,0
1820,1116480,0,0,0,3968,9216,393024,592576,117696,96320,1016000,0,1344,387840,0,0,0,0,0,0,0,0,0,0,0,0,0,0,592448,128,618,1488,3323201886,2849003653,1006784,0
1821,1676672,0,0,0,4864,9344,465792,663680,532992,511616,1160832,4800,1472,460608,69248,0,10304,0,0,1,0,0,0,0,0,0,21568,13504,628480,128,607,1483,2503723184,276774626,1151488,0
1822,1116800,0,0,0,9728,9600,440448,622016,35008,13440,1099072,4992,1472,435136,53120,0,10880,0,0,1,0,0,0,0,0,0,23680,64,598144,128,602,1470,1675681923,1253524114,1089472,0
1823,1117376,0,0,0,6080,9792,377088,594880,129536,107456,1005504,0,1408,371648,0,0,0,0,0,0,0,0,0,0,0,0,0,0,594752,128,601,1471,969293032,1656235456,995712,0
1824,1115840,0,0,0,6144,9536,364416,593792,141952,120448,991040,0,1408,358976,0,0,0,0,0,0,0,0,0,0,0,0,0,0,593664,128,601,1462,813959190,178145961,981504,0
1825,1116608,0,0,0,5248,9600,424640,589632,87488,66176,1046208,4864,1280,419328,44736,0,10304,0,0,1,0,0,0,0,0,0,22912,64,566528,128,616,1494,2661801305,2622254633,1036608,0
1826,1116608,0,0,0,6272,9472,367168,588736,144960,117824,994688,0,1408,361856,0,0,0,0,0,0,0,0,0,0,0,0,0,0,588608,128,620,1488,2914535238,4282812018,985216,0
1827,1116800,0,0,0,6336,9664,356160,596864,147776,126208,986304,0,1344,350784,0,0,0,0,0,0,0,0,0,0,0,0,0,0,596736,128,611,1478,3845074455,922227105,976640,0
1828,1116544,0,0,0,4672,9408,399360,591360,111744,90368,1021888,3520,1344,393984,42048,0,10176,0,0,1,0,0,0,0,0,0,21696,64,569408,192,609,1469,2361784712,3893897593,1012480,0
1829,1116928,0,0,0,2368,10688,393344,585920,124608,103232,1009536,3520,1408,387840,43840,0,10368,0,0,1,0,0,0,0,0,0,23168,128,562496,128,620,1487,3450873995,2218094021,998848,0
1830,1116608,0,0,0,2304,9344,437632,595648,71680,50176,1062208,42240,1344,432192,86720,0,11328,0,1,1,0,0,0,0,0,0,25088,448,569984,128,615,1478,1569923743,1730255950,1052864,0
1831,1116608,0,0,0,2432,9280,340160,558656,206080,184832,927680,0,1408,334784,0,0,0,0,0,0,0,0,0,0,0,0,0,0,558528,128,606,1458,938107706,2575536450,918400,0
1832,1116736,0,0,0,2368,9600,371520,576960,156288,134784,977792,0,1408,366208,0,0,0,0,0,0,0,0,0,0,0,0,0,0,576768,192,609,1466,2871126386,1174978823,968192,0
1833,1116736,0,0,0,2432,9408,360960,575680,168256,146688,965824,0,1472,355648,0,0,0,0,0,0,0,0,0,0,0,0,0,0,575552,128,608,1472,2680267840,1624452846,956416,0
1834,1116672,0,0,0,2432,9472,392896,571456,140416,119040,993536,0,1408,387584,0,0,0,0,0,0,0,0,0,0,0,0,0,0,571328,128,607,1466,717438940,2344412173,984064,0
1835,1676992,0,0,0,3840,9792,572864,617536,472960,450944,1221440,0,1344,567552,0,0,0,0,0,0,0,0,0,0,0,0,0,0,617408,128,617,1491,2774822074,3648246917,1211648,0
1836,1676672,0,0,0,3968,9792,493376,617920,551616,529984,1142144,0,1344,488064,0,0,0,0,0,0,0,0,0,0,0,0,0,0,617792,128,616,1490,3163016190,1497303977,1132352,0
1837,1676992,0,0,0,3904,9728,494528,596928,571904,550208,1122112,0,1408,489088,0,0,0,0,0,0,0,0,0,0,0,0,0,0,596800,128,613,1476,2844779954,2707601951,1112384,0
1838,1676672,0,0,0,3968,9856,505344,631424,526080,504704,1167360,0,1408,500032,0,0,0,0,0,0,0,0,0,0,0,0,0,0,631296,128,614,1482,3997237477,2619740079,1157504,0
1839,1677056,0,0,0,4032,24320,671040,707584,270080,248384,1423616,4800,1472,665664,66944,0,11840,0,0,1,0,0,0,0,0,0,21376,4800,681280,128,610,1467,743120763,387399112,1399296,0
1840,1676864,0,0,0,4096,10368,507392,655552,499456,477952,1193920,0,1408,501824,0,0,0,0,0,0,0,0,0,0,0,0,0,0,655424,128,613,1477,3836020911,250901998,1183552,0
1841,1677056,0,0,0,5056,25088,518464,634048,494400,473024,1199040,0,1344,513216,0,0,0,0,0,0,0,0,0,0,0,0,0,0,633920,128,613,1483,887375403,266968840,1173952,0
1842,1676736,0,0,0,4032,10432,524928,644928,492416,465472,1206208,0,1408,519424,0,0,0,0,0,0,0,0,0,0,0,0,0,0,644800,128,613,1490,2346236515,838420156,1195776,0
1843,1676928,0,0,0,4096,24768,712640,658496,276928,255296,1416256,29824,1472,707392,85632,0,12224,0,1,1,0,0,0,0,0,0,21440,640,636288,128,617,1501,1962833615,757819071,1391488,0
1844,1676608,0,0,0,4224,24704,788928,687936,170816,149056,1522240,39040,1408,783552,146432,0,21312,0,1,2,0,0,0,0,0,0,57600,704,629504,128,614,1501,721420429,4278830142,1497536,0
1845,1675648,0,0,0,4672,24704,533568,660864,451840,431296,1239040,0,1408,528128,0,0,0,0,0,0,0,0,0,0,0,0,0,0,660736,128,614,1509,285416143,3180980107,1214336,0
1846,1676736,0,0,0,4608,24320,764800,702208,180800,160576,1510656,4800,1408,759360,62080,0,12032,0,0,1,0,0,0,0,0,0,22656,640,678784,128,619,1530,2145768819,1405542821,1486336,0
1847,1676992,0,0,0,12864,25216,585024,695936,357952,337792,1333504,0,1344,579648,0,0,0,0,0,0,0,0,0,0,0,0,0,0,695808,128,623,1544,2489175801,1694523000,1308288,0
1848,1676800,0,0,0,6656,24384,553856,704576,387328,367744,1303424,0,1408,548352,0,0,0,0,0,0,0,0,0,0,0,0,0,0,704448,128,622,1540,235466536,1858444661,1279040,0
1849,1677056,0,0,0,7168,10688,534080,671232,453888,433728,1238016,0,1408,528768,0,0,0,0,0,0,0,0,0,0,0,0,0,0,671104,128,636,1561,3017595777,542173923,1227328,0
1850,1676352,0,0,0,6464,24640,715008,728768,201472,181824,1489152,4800,1472,709504,61440,0,12160,0,0,1,0,0,0,0,0,0,22528,640,705472,128,636,1578,3940223696,593413537,1464512,0
1851,1677120,0,0,0,7040,26432,517696,694976,430976,411008,1260544,0,1408,512256,0,0,0,0,0,0,0,0,0,0,0,0,0,0,694848,128,628,1574,2586707444,1395550364,1234112,0
1852,1678912,0,0,0,9088,24640,713920,736704,194560,172480,1500800,28032,1472,708608,115776,0,20544,0,1,2,0,0,0,0,0,0,37568,192,698816,128,634,1568,3414046296,4174252209,1476160,0
1853,1676352,0,0,0,8128,10624,659904,734528,263168,241600,1429248,0,1408,654464,2944,0,0,0,0,1,0,0,0,0,0,0,0,128,734272,128,632,1567,1683766059,2337263034,1418624,0
1854,1676608,0,0,0,6848,10368,676672,705024,277696,256192,1415168,0,1408,671360,0,0,0,0,0,0,0,0,0,0,0,0,0,0,704896,128,635,1564,1992881939,712605443,1404800,0
1855,1676864,0,0,0,8960,10688,717248,682304,257664,235968,1435584,0,1472,712000,0,0,0,0,0,0,0,0,0,0,0,0,0,0,682176,128,628,1534,2860844776,899722951,1424896,0
1856,1676864,0,0,0,8064,10496,698432,690752,269120,247488,1424128,0,1408,692864,0,0,0,0,0,0,0,0,0,0,0,0,0,0,690624,128,629,1536,2490964225,997176671,1413632,0
1857,1677632,0,0,0,6784,10560,700224,707008,253056,230784,1441920,35584,1472,694848,81152,0,10176,0,1,1,0,0,0,0,0,0,22592,3712,680576,128,628,1526,745274998,3471738318,1431360,0
1858,1675904,0,0,0,9024,10496,669440,724672,262272,235264,1435648,8384,1472,664000,93760,0,24320,0,0,2,0,0,0,0,0,0,41792,1216,681536,128,631,1522,1948163584,3146853492,1425152,0
1859,1677248,0,0,0,9344,10112,558400,652352,447040,425216,1247040,0,1344,553088,0,0,0,0,0,0,0,0,0,0,0,0,0,0,652224,128,618,1510,2968682859,3697100145,1236928,0
1860,1677312,0,0,0,9664,10240,764224,702016,191168,168960,1503424,8448,1408,758976,94528,0,21376,0,0,3,0,0,0,0,0,0,46400,1152,654336,128,620,1508,3855643174,789788604,1493184,0
1861,1676288,0,0,0,9472,11328,603072,674688,377728,355648,1315840,0,1408,597760,0,0,0,0,0,0,0,0,0,0,0,0,0,0,674560,128,610,1476,1355817583,2549303477,1304512,0
1862,1676864,0,0,0,8896,10112,623360,628544,405952,384320,1287808,0,1408,618112,0,0,0,0,0,0,0,0,0,0,0,0,0,0,628416,128,605,1477,324500339,2263060868,1277696,0
1863,1676608,0,0,0,9088,10048,630720,637376,389376,367552,1304384,0,1408,625344,0,0,0,0,0,0,0,0,0,0,0,0,0,0,637248,128,604,1479,773388486,3165862671,1294336,0
1864,1677248,0,0,0,7104,9856,759872,633664,266752,245120,1427520,31360,1408,754496,113920,0,21696,0,1,2,0,0,0,0,0,0,46848,192,586496,128,599,1444,2607135184,3289171215,1417664,0
1865,1676224,0,0,0,7744,9216,610112,610048,439104,417536,1254528,5184,1408,604800,56960,0,12992,0,0,1,0,0,0,0,0,0,25088,2368,582464,128,599,1453,3701881280,2007845053,1245312,0
1866,1116672,0,0,0,8448,9664,413888,590400,94272,72640,1039744,0,1408,408512,0,0,0,0,0,0,0,0,0,0,0,0,0,0,590272,128,593,1432,4184102157,148879616,1030080,0
1867,1677376,0,0,0,12928,9344,545664,669760,439680,417728,1255296,4800,1408,540288,79296,0,10304,0,0,1,0,0,0,0,0,0,21376,128,648128,128,595,1432,3340850791,27760086,1245952,0
1868,1114432,0,0,0,6976,9408,398336,572608,127104,107264,1003008,0,1408,393024,0,0,0,0,0,0,0,0,0,0,0,0,0,0,572480,128,594,1443,3270179877,2005722349,993600,0
1869,1676928,0,0,0,6912,24512,691264,694912,259328,239168,1433088,10496,1472,685824,119552,0,22144,0,0,2,0,0,0,0,0,0,41536,4928,648256,192,599,1438,2252879238,481450649,1408576,0
1870,1117440,0,0,0,8128,9664,465088,612736,21824,2048,1110720,0,1472,459840,0,0,0,0,0,0,0,0,0,0,0,0,0,0,612608,128,593,1423,3027927989,3368410960,1101056,0
1871,1676096,0,0,0,7232,24320,478528,606720,559296,539456,1132032,0,1472,473088,0,0,0,0,0,0,0,0,0,0,0,0,0,0,606592,128,594,1430,3761463779,2098582132,1107712,0
1872,1677056,0,0,0,5952,9600,500800,631104,529600,509696,1162880,0,1408,495360,0,0,0,0,0,0,0,0,0,0,0,0,0,0,630976,128,602,1456,2574394084,936116613,1153280,0
1873,1676928,0,0,0,5888,11264,696256,649664,313856,293760,1378304,0,1408,690688,0,0,0,0,0,0,0,0,0,0,0,0,0,0,649536,128,610,1482,960475002,2125475353,1367040,0
1874,1678080,0,0,0,5888,10112,592384,637888,431808,404736,1268544,0,1472,587072,0,0,0,0,0,0,0,0,0,0,0,0,0,0,637760,128,615,1480,820562302,3147067511,1258432,0
1875,1677184,0,0,0,5888,24576,742656,676544,227520,205760,1466432,37504,1536,737472,132288,0,22592,0,1,2,0,0,0,0,0,0,42240,768,633408,128,598,1453,1274649937,1804466901,1441856,0
1876,1676544,0,0,0,8256,10304,510080,655680,492224,470656,1200832,0,1408,504768,0,0,0,0,0,0,0,0,0,0,0,0,0,0,655552,128,610,1462,1896524402,3133698912,1190528,0
1877,1676736,0,0,0,11200,25088,645888,680960,313600,291968,1379392,0,1408,640576,0,0,0,0,0,0,0,0,0,0,0,0,0,0,680832,128,618,1484,3306002146,1588827131,1354304,0
1878,1676928,0,0,0,6464,10304,559744,761984,338432,316672,1355072,4864,1344,554368,68032,0,10624,0,0,1,0,0,0,0,0,0,21376,128,740352,128,614,1472,91866933,4267651534,1344768,0
1879,1676800,0,0,0,6592,23424,487552,689856,469376,447680,1224064,0,1344,482240,0,0,0,0,0,0,0,0,0,0,0,0,0,0,689728,128,604,1442,2727495251,4089490748,1200640,0
1880,1677376,0,0,0,12480,10304,667456,728256,258880,236672,1435520,26752,1472,662016,73024,0,10304,0,1,1,0,0,0,0,0,0,21248,128,706752,128,594,1433,3863657654,3747299987,1425216,0
1881,1676352,0,0,0,6656,10368,765760,779904,113664,91712,1579200,4928,1408,760448,56448,0,10304,0,0,1,0,0,0,0,0,0,19840,13440,746496,128,585,1434,550631333,1081907077,1568832,0
1882,1676992,0,0,0,6784,10688,725056,755968,178496,156736,1514752,4800,1408,719552,43008,0,10432,0,0,1,0,0,0,0,0,0,18688,128,737024,128,588,1445,4114681922,205768047,1504064,0
1883,1676608,0,0,0,6848,26048,719168,753024,171520,150016,1521216,4864,1408,713792,64064,0,12224,0,0,2,0,0,0,0,0,0,22016,768,730112,128,590,1419,458112920,820065962,1495168,0
1884,1676800,0,0,0,9088,10496,587200,724672,345344,323776,1347712,0,1408,581824,0,0,0,0,0,0,0,0,0,0,0,0,0,0,724544,128,587,1410,2563148174,877119695,1337216,0
1885,1676928,0,0,0,8512,25280,799680,714816,128640,106944,1564288,0,1344,794304,0,0,0,0,0,0,0,0,0,0,0,0,0,0,714688,128,593,1430,3853887510,2143858782,1539008,0
1886,1676992,0,0,0,6784,25472,620864,752000,271872,249984,1421632,0,1408,615488,0,0,0,0,0,0,0,0,0,0,0,0,0,0,751872,128,600,1438,1811595752,5830414,1396160,0
1887,1677184,0,0,0,8832,24576,694400,718784,230592,208768,1463168,50112,1344,689024,90944,0,10816,0,1,1,0,0,0,0,0,0,21888,640,696128,128,596,1431,649913095,2757349108,1438592,0
1888,1676480,0,0,0,14464,10624,614208,723520,313664,291968,1379264,0,1344,608640,0,0,0,0,0,0,0,0,0,0,0,0,0,0,723392,128,600,1418,2200396536,3136757052,1368640,0
1889,1676928,0,0,0,12608,10304,755072,693120,205824,184128,1487616,4992,1472,749696,43264,0,11136,0,0,1,0,0,0,0,0,0,19520,64,673408,128,591,1411,677360042,2544401046,1477312,0
1890,1675264,0,0,0,6720,10240,633280,687232,337792,312384,1357632,0,1344,627904,0,0,0,0,0,0,0,0,0,0,0,0,0,0,687104,128,598,1417,3213251735,2562363231,1347392,0
1891,1676608,0,0,0,9024,10240,637824,696064,323456,303104,1368256,0,1408,632640,0,0,0,0,0,0,0,0,0,0,0,0,0,0,695936,128,569,1355,1995796603,228876958,1358016,0
1892,1677184,0,0,0,9280,9984,674496,697024,286400,266368,1405760,0,1472,669248,0,0,0,0,0,0,0,0,0,0,0,0,0,0,696896,128,580,1379,2409366735,3548694126,1395776,0
1893,2237568,0,0,0,15744,25792,1236608,743424,216000,195264,2037248,174720,1408,1231360,331968,0,36352,0,3,3,0,0,0,0,0,0,62784,7040,673472,128,590,1407,4161532842,1380240501,2011456,0
1894,1676160,0,0,0,8576,24960,555776,723456,363392,343104,1328192,0,1344,550464,0,0,0,0,0,0,0,0,0,0,0,0,0,0,723328,128,596,1407,3995294263,2929785462,1303232,0
1895,1676672,0,0,0,9152,24768,671744,723136,247872,227520,1444224,13184,1472,666304,132288,0,31424,0,0,3,0,0,0,0,0,0,63872,1088,658048,128,568,1344,3413741900,1675498750,1419456,0
1896,1677120,0,0,0,8448,9664,490752,669696,498560,478336,1194048,0,1472,485376,0,0,0,0,0,0,0,0,0,0,0,0,0,0,669568,128,568,1345,3754125442,4018016003,1184384,0
1897,1678272,0,0,0,7680,9856,574720,657024,428992,407232,1266368,0,1408,569408,0,0,0,0,0,0,0,0,0,0,0,0,0,0,656896,128,538,1272,2708197940,492379123,1256512,0
1898,1676800,0,0,0,6336,9792,590528,667072,403072,381696,1290624,0,1408,585152,0,0,0,0,0,0,0,0,0,0,0,0,0,0,666880,192,554,1295,3436866522,2718431253,1280832,0
1899,1676672,0,0,0,8832,9664,531776,659008,467392,445952,1226240,0,1408,526528,0,0,0,0,0,0,0,0,0,0,0,0,0,0,658880,128,554,1294,4095960249,2903319686,1216576,0
1900,2237248,0,0,0,19456,24000,1002880,658688,532224,510720,1722112,347072,1472,997504,391296,0,11200,0,1,1,0,0,0,0,0,0,23872,384,634304,128,558,1311,2142608902,3630655049,1698112,0
1901,1116480,0,0,0,9216,24256,387840,638400,56768,35136,1076928,0,1472,382464,0,0,0,0,0,0,0,0,0,0,0,0,0,0,638272,128,570,1329,2708848672,4268416177,1052672,0
1902,1116800,0,0,0,9536,23744,380032,626688,76800,55296,1057216,0,1344,374208,0,0,0,0,0,0,0,0,0,0,0,0,0,0,626560,128,560,1314,3154391679,4292306063,1033472,0
1903,1116672,0,0,0,7808,9536,411904,621824,65600,43456,1068864,0,1408,406720,0,0,0,0,0,0,0,0,0,0,0,0,0,0,621696,128,551,1300,2197592407,2388036343,1059328,0
1904,1676800,0,0,0,8192,11136,474624,641664,541184,519808,1152384,0,1408,469312,0,0,0,0,0,0,0,0,0,0,0,0,0,0,641536,128,557,1306,2885645481,1185414133,1141248,0
1905,1116544,0,0,0,8064,9344,452032,615488,31616,9664,1102528,0,1472,446784,0,0,0,0,0,0,0,0,0,0,0,0,0,0,615360,128,546,1284,2632005230,1534233031,1093184,0
1906,1116608,0,0,0,7552,9856,453312,609024,36864,9792,1102208,0,1408,448000,0,0,0,0,0,0,0,0,0,0,0,0,0,0,608896,128,552,1291,1490405959,2972302061,1092352,0
1907,1116480,0,0,0,11584,23616,444160,612928,24192,3008,1109184,0,1408,438976,0,0,0,0,0,0,0,0,0,0,0,0,0,0,612800,128,553,1309,2111207369,3657836351,1085568,0
1908,1117056,0,0,0,6464,9664,464064,606144,30720,9344,1103488,0,1472,458560,0,0,0,0,0,0,0,0,0,0,0,0,0,0,606016,128,578,1370,1439748458,3064337070,1093824,0
1909,1116416,0,0,0,6336,9408,479168,596288,25216,3840,1108416,0,1408,473792,0,0,0,0,0,0,0,0,0,0,0,0,0,0,596160,128,575,1360,4155271197,1049689076,1099008,0
1910,1116800,0,0,0,8512,9472,449920,606144,42752,21120,1091264,0,1344,444544,0,0,0,0,0,0,0,0,0,0,0,0,0,0,606016,128,540,1309,1557255265,1813750012,1081792,0
1911,1116416,0,0,0,8512,9600,428416,606400,63488,42048,1069952,0,1344,423168,0,0,0,0,0,0,0,0,0,0,0,0,0,0,606272,128,553,1331,3457715978,1860613827,1060352,0
1912,1116800,0,0,0,7552,9216,429120,584448,86464,64832,1047680,0,1408,423680,0,0,0,0,0,0,0,0,0,0,0,0,0,0,584320,128,552,1319,1607721460,216026361,1038464,0
1913,1675456,0,0,0,11264,9600,574144,706368,374080,353856,1317248,26688,1536,568896,64256,0,10304,0,1,1,0,0,0,0,0,0,19968,128,686144,128,555,1294,1379536783,3274793366,1307648,0
1914,1676928,0,0,0,9216,9280,464448,726912,467072,447232,1225408,0,1344,459200,0,0,0,0,0,0,0,0,0,0,0,0,0,0,726784,128,577,1333,2458665006,945447514,1216128,0
1915,1676544,0,0,0,9408,9344,451072,719296,487424,467200,1205056,0,1344,445824,0,0,0,0,0,0,0,0,0,0,0,0,0,0,719168,128,550,1296,650826805,4270991980,1195712,0
1916,1676928,0,0,0,8896,9408,483200,710720,464704,444864,1227648,3648,1408,477952,38400,0,9728,0,0,1,0,0,0,0,0,0,18368,128,692096,128,558,1299,2150589921,3322912872,1218240,0
1917,1677376,0,0,0,8896,10688,462272,630464,565056,544832,1128192,0,1472,456832,0,0,0,0,0,0,0,0,0,0,0,0,0,0,630336,128,582,1333,1022564326,2687910312,1117504,0
1918,1116288,0,0,0,7360,9472,391936,632384,75136,55616,1056448,0,1408,386560,0,0,0,0,0,0,0,0,0,0,0,0,0,0,632256,128,550,1278,750616961,236709309,1046976,0
1919,1116864,0,0,0,6016,9408,380224,613568,107648,87424,1025344,0,1408,374912,0,0,0,0,0,0,0,0,0,0,0,0,0,0,613440,128,538,1252,2067324781,1630936772,1015936,0
1920,1116544,0,0,0,6144,9536,425856,623616,51392,28544,1083776,0,1472,420544,0,0,0,0,0,0,0,0,0,0,0,0,0,0,623488,128,549,1265,3876699488,3449335786,1074240,0
1921,1116608,0,0,0,5952,9280,407040,609280,85056,65088,1047360,0,1408,401600,0,0,0,0,0,0,0,0,0,0,0,0,0,0,609088,192,546,1246,790144246,3440520856,1038080,0
1922,1116608,0,0,0,8576,9408,372352,604992,121280,95488,1016960,0,1344,366976,0,0,0,0,0,0,0,0,0,0,0,0,0,0,604864,128,566,1282,3168542297,3959937513,1007552,0
1923,1116480,0,0,0,9344,9600,426752,618880,51904,32192,1079936,3520,1408,421440,41344,0,10048,0,0,1,0,0,0,0,0,0,21312,64,597376,128,549,1253,32306874,841726363,1070336,0
1924,1116928,0,0,0,13760,9920,457216,611584,24448,4608,1107520,3712,1344,451968,47744,0,9792,0,0,1,0,0,0,0,0,0,19520,128,591808,128,553,1260,3911782022,3493891438,1097600,0
1925,1677504,0,0,0,7104,9152,484736,610368,566144,545920,1127360,31360,1408,479360,69632,0,10432,0,1,1,0,0,0,0,0,0,20416,128,589696,128,572,1285,3723451954,3016453422,1118208,0
1926,1116096,0,0,0,7936,9216,375104,619008,104832,84736,1027008,0,1472,369856,0,0,0,0,0,0,0,0,0,0,0,0,0,0,618880,128,555,1262,2557168934,1090718217,1017792,0
1927,1116672,0,0,0,7104,9344,393088,620672,86464,66624,1045760,0,1408,387840,0,0,0,0,0,0,0,0,0,0,0,0,0,0,620544,128,549,1259,3042581011,1329587832,1036416,0
1928,1676928,0,0,0,11968,9152,643776,615744,396288,376256,1296384,5376,1408,638528,47616,0,12160,0,0,1,0,0,0,0,0,0,20800,704,594112,128,546,1234,1322698092,45358130,1287232,0
1929,1676736,0,0,0,8192,9472,485888,610560,562624,542592,1129728,0,1408,480448,0,0,0,0,0,0,0,0,0,0,0,0,0,0,610432,128,559,1261,3133260791,1394489645,1120256,0
1930,1677184,0,0,0,7296,10496,501184,609024,549184,528896,1144064,4928,1472,495808,85568,0,10432,0,0,1,0,0,0,0,0,0,58944,1088,548864,128,546,1251,3519056008,1985578926,1133568,0
1931,2236928,0,0,0,6336,27456,652416,1083072,467648,437440,1792384,38144,1472,646912,92672,0,10944,0,1,1,0,0,0,0,0,0,22848,128,1059968,128,541,1227,869739533,4222811435,1764928,0
1932,1677056,0,0,0,19072,25152,742336,649856,240640,219264,1453312,68992,3584,731968,203968,0,21440,0,2,2,0,0,0,0,0,0,44864,13888,590976,128,550,1264,368124645,3818571375,1428160,0
1933,1115968,0,0,0,8576,9536,361024,549184,187648,167872,943616,0,1408,355648,0,0,0,0,0,0,0,0,0,0,0,0,0,0,549056,128,542,1249,21145300,1288909632,934080,0
1934,1116800,0,0,0,8512,24512,366016,547712,170048,150272,962112,0,1472,360640,0,0,0,0,0,0,0,0,0,0,0,0,0,0,547584,128,548,1269,40604271,505346970,937600,0
1935,1116480,0,0,0,7808,23872,356928,565888,161984,142272,970048,0,1344,351680,0,0,0,0,0,0,0,0,0,0,0,0,0,0,565760,128,548,1273,97204880,281348875,946176,0
1936,1117056,0,0,0,6336,8832,424832,563072,113984,94016,1019136,23360,1408,419328,62592,0,11008,0,1,1,0,0,0,0,0,0,20416,512,542016,128,556,1296,240477829,452684877,1010304,0
1937,1116288,0,0,0,11712,24128,379840,570880,129728,109760,1002496,0,1408,374464,0,0,0,0,0,0,0,0,0,0,0,0,0,0,570752,128,560,1309,1008473576,2744320217,978368,0
1938,1116736,0,0,0,6592,8832,370048,579840,151424,126144,986688,0,1472,364736,0,0,0,0,0,0,0,0,0,0,0,0,0,0,579712,128,556,1309,4178506022,896230938,977856,0
1939,1116736,0,0,0,8512,9280,435328,570496,93120,72768,1039808,0,1408,429760,0,0,0,0,0,0,0,0,0,0,0,0,0,0,570368,128,553,1321,1122705278,1661516391,1030528,0
1940,1116800,0,0,0,8576,9600,438272,561728,98624,78592,1033792,0,1472,432896,0,0,0,0,0,0,0,0,0,0,0,0,0,0,561600,128,557,1331,1683932321,3084356644,1024192,0
1941,1117888,0,0,0,7616,9408,444864,616640,39360,17984,1095872,0,1408,439488,0,0,0,0,0,0,0,0,0,0,0,0,0,0,616512,128,567,1342,3077585144,3450589909,1086464,0
1942,1116864,0,0,0,6464,9088,439744,575424,86144,64640,1048256,0,1408,434432,0,0,0,0,0,0,0,0,0,0,0,0,0,0,575296,128,562,1327,3915621994,2587981816,1039168,0
1943,1116480,0,0,0,8448,8960,411072,555840,132160,110208,1002176,0,1344,405824,0,0,0,0,0,0,0,0,0,0,0,0,0,0,555712,128,557,1358,1178066051,607101208,993216,0
1944,1116672,0,0,0,8512,10752,416064,571648,109696,88320,1024064,0,1536,410624,0,0,0,0,0,0,0,0,0,0,0,0,0,0,571520,128,470,1148,3231964069,3995652042,1013312,0
1945,1676928,0,0,0,16192,10176,513728,566144,570688,542400,1129664,0,1472,505536,0,0,0,0,0,0,0,0,0,0,0,0,0,0,566016,128,469,1142,2465815556,1162815085,1119488,0
1946,1116864,0,0,0,6400,9088,425856,543488,132032,110208,1002688,0,1472,420608,0,0,0,0,0,0,0,0,0,0,0,0,0,0,543360,128,489,1211,171612193,3417096522,993600,0
1947,1116736,0,0,0,11776,9344,452544,558592,84480,62336,1050368,0,1408,447360,0,0,0,0,0,0,0,0,0,0,0,0,0,0,558464,128,503,1255,4011336866,555772127,1041024,0
1948,1116672,0,0,0,6592,9216,435904,553984,110976,89408,1023360,0,1408,430656,0,0,0,0,0,0,0,0,0,0,0,0,0,0,553856,128,512,1276,395407816,1855591331,1014144,0
1949,1116544,0,0,0,6592,8768,430784,546240,124160,102720,1009984,0,1344,425536,0,0,0,0,0,0,0,0,0,0,0,0,0,0,546112,128,513,1284,2086201700,1891673615,1001216,0
1950,1116544,0,0,0,6528,9152,432064,562112,106688,85120,1027520,0,1344,426688,0,0,0,0,0,0,0,0,0,0,0,0,0,0,561984,128,525,1299,3309355343,2676458105,1018368,0
1951,1116672,0,0,0,6592,9216,440320,561984,98560,77248,1035584,0,1344,435008,0,0,0,0,0,0,0,0,0,0,0,0,0,0,561856,128,524,1292,3333553389,4023835562,1026368,0
1952,1116864,0,0,0,6528,8896,406336,549696,145408,123840,989120,0,1472,401088,0,0,0,0,0,0,0,0,0,0,0,0,0,0,549568,128,523,1288,2848860508,3580672166,980224,0
1953,1116288,0,0,0,6464,9280,409024,561152,130368,108992,1003392,0,1408,403648,0,0,0,0,0,0,0,0,0,0,0,0,0,0,561024,128,515,1272,1810739349,860427997,994112,0
1954,1116608,0,0,0,8448,9600,387904,558080,152576,125504,986944,0,1344,382464,0,0,0,0,0,0,0,0,0,0,0,0,0,0,557952,128,524,1319,4073279722,401170034,977344,0
1955,1116672,0,0,0,8448,9408,390656,552640,155520,133952,978560,0,1408,385344,0,0,0,0,0,0,0,0,0,0,0,0,0,0,552512,128,479,1250,1618137251,2733771839,969152,0
1956,1116864,0,0,0,9536,9280,386112,571264,140672,119168,993600,0,1408,380864,0,0,0,0,0,0,0,0,0,0,0,0,0,0,571136,128,409,1071,3627397810,2062287309,984320,0
1957,1116672,0,0,0,8832,9216,372736,524416,201472,179776,932992,0,1408,367488,0,0,0,0,0,0,0,0,0,0,0,0,0,0,524288,128,380,981,1634383020,672869879,923776,0
1958,1116608,0,0,0,7744,9152,377600,518976,203136,181312,931200,0,1408,372224,0,0,0,0,0,0,0,0,0,0,0,0,0,0,518848,128,378,979,1470601748,627780903,922048,0
1959,1116416,0,0,0,6144,10368,357376,523520,219008,197696,914816,0,1408,352192,0,0,0,0,0,0,0,0,0,0,0,0,0,0,523392,128,375,975,3613585531,2041569188,904448,0
1960,1116672,0,0,0,6144,9088,388864,518464,194112,172864,939840,0,1408,383424,0,0,0,0,0,0,0,0,0,0,0,0,0,0,518336,128,378,983,1787109209,4057411843,930752,0
1961,1116672,0,0,0,6144,9088,361664,503936,235840,214144,898560,0,1472,356352,0,0,0,0,0,0,0,0,0,0,0,0,0,0,503808,128,377,979,2272755282,1198099540,889472,0
