Toolchain usable: recursive make OK, DEVKITPRO=C:/devkitPro DEVKITARM=C:/devkitPro/devkitARM
DECOMP_PRISTINE=PASS pinned_historical_files=10 ds_markers=0 decomp_patch_pipeline=absent
M3_NATIVE_STAGE_CHECK_OK callbacks=8 dobjs=57 bindings=42 runs=54 epochs=49 triangles=202 cross_matrix_runs=5 cross_matrix_triangles=10 cross_matrix_foreign_corners=15 state_deltas=148 state_events=423 replay_commands=886 fail_closed_perturbations=12 manifest_fields=618 task26_manifest_fields=120 segment0_program_runs=26 segment0_program_bytes=92 segment0_source_checksum=0x47c2c19d segment0_table_checksum=0xcea1ff03 segment0_hot_checksum=0x54327dfb segment0_prepared_dense_checksum=0xf1c6fadc slab_bytes=12663 total_const_max_bytes=12755 sha256=eda2dbd6ee323c3eb33a323be46b61676d2f63057e315e6f288537f76555942c
  rotation        1689984   0.002842   0.000507  +0.000001       3.0 green
  translation     2300256   0.006702   0.000679  +0.000002     173.3 green
  rotation-Q      1689984   0.002842   0.000507  +0.000001       3.0 green
  translation-Q   2300256   0.006702   0.000679  +0.000002     173.3 green
  linear-Q          63896   0.000796   0.000160  +0.000013       0.5 green
  step-Q-exact      66836   0.000000   0.000000  +0.000000       0.0 green
  parser-Q-exact    393216   0.000000   0.000000  +0.000000       0.0 green
GREEN: every gated domain stays inside 0.0200. Worst gated deviation 0.006702.
SPRITE_LERP_EXACT=PASS  three library divisions per pixel removed and R0e's paired row proven equivalent, both bit-exact
GREEN: every case returns the same verdict and the same hit BIT PATTERNS.
extent_fired 111961 extent_missed_hits 0
sweep_fired 68993 segments_replayed 295114 sweep_missed_hits 0 sweep_missed_flat 0
MP_LINE_EXTENT_REJECT_EXACT=PASS  every fired reject was replayed segment by segment and produced no hit and no flat-ascending flag
FTANIM_REAL_BAKE=PASS  every script in the shipped Mario/Fox bank resolves to control + write records that reproduce its per-track state timeline and its callback timeline, compared as bit patterns, with no opcode and no flags mask at replay time
non-integer rate_base (Linear, computed not authored) : 781
FTANIM_DENSE_BANK=OK  every record fits its declared encoding, the value fields carry the authored s16 words exactly, and the two fixed-point fields inherit the widths the runtime already uses
GREEN: 12 arms, 25 AObjAnimAdvance reads, sequence and fields identical
GREEN: bit-identical on every input, including both signed zeros
GBI decode fixtures passed: F3DEX2 VTX/TRI/MTX/POPMTX packing, F3DEX MVP-recalc matrix move-word packing, transformed and hardware raw/material triangle readiness, N64 matrix to DS 20.12 modelview-projection/modelview-stack vertex transform, wallpaper inverse/overlap oracle, and source snippets verified.
NDS_PARTICLE_BANKS=PASS scripts=93/119 textures=34/47 tex_n64=262992 tex_ds=175140 pack=187459 linked=12195 asset=175264 atlas=128x64x4 quads=34/38 34frames cap=1 cell=64 whispy_native=1520 headroom=210320 spare=198125 source=0xa2a1e85f table=0xd22b30b6
Particle bank pack passed: 93/119 reachable efcommon scripts, 34/47 textures, 262992 B N64 texture -> 175140 B DS, 12195 B linked (10912 script bank + 1283 index) of 210320 B arena headroom (198125 B spare) plus 175264 B NitroFS payload, 9 bit-exact CI4 textures, linear texel order pinned, .inc built, payload built, quad atlas 4x 128x64 A3I5, 34/38 textures in 34 frames (frame cap 1, cell cap 64) built; Whispy native 1520 B A5I3/A3I5/PAL16 (one lossless static leaf frame).
Harness registry check passed: 3 harness mappings, 4 verifier scripts, 0 drift.
Running verifier: battle_playable_realtime [verify-battle-playable-realtime-harness.ps1]
Attack visual effects passed: 178/178 Mario/Fox motion calls across 17 source kinds plus blaster glow and three fireball routes have bounded DS presentation, and the reflector routes to its source maker.
battleship_ftcommon_pass.c
battleship_ftcommon_passive.c
battleship_ftcommon_passivestand.c
Task 9 float ITCM passed: phase2=1 task16Compare/I2f/AddSub=1/1/1 stockBytes=1952 phase2Bytes=36 task16RawBytes=732 fillBytes=0 itcm=29792/32768 free=2976 omitted=[] libgcc=C:/devkitPro/devkitARM/bin/../lib/gcc/arm-none-eabi/15.2.0/thumb/libgcc.a sha256=C755ADC33ECA252260360327904591B8462CCE5C25E48B0E881AC0B295953F48 code=[_arm_addsubsf3.o=684/E1F79C55786F2323E18924D71A1268945789DD33C3C8C8861042F41A5CCB4A91, _arm_muldivsf3.o=760/C313BBE04B3484CDBE9E6B14BCB14B0828F308B076616D080AA89204FDFD940A, _arm_cmpsf2.o=276/2B656E12FDE0F34CEB17395A5FF8FCC1EF0CEBBF94F8EDA3725BD26C0B3C2884, _arm_unordsf2.o=56/7B4D5CFBE032C0D80470495D888A2598C8D77BD434831B0F28488C0070A60407, _arm_fixsfsi.o=92/73908D204E4625C30FC21DFF9A2F817E26C53D161164A032BD229A9DCDD6EDEE, _arm_fixunssfsi.o=84/1BFBAB489E0E7B2166376F736F04F891A50F7BF04191CFB8731E5294B752D66F, task16-addsub=404/9A74410744210A544CC57EA1323C3C9A896D430E2295718870DA4B827E4139FE, task16-i2f=92/EE6FE8233D98D26A602988362BF014D08515AA477EF493DE55F31B26ED8D0573, phase2-fcmpeq=36/07B3147B9CF599BDD408AF922A4B9F6891734B4C3AB7DE7C3A700DDE92B6FBE2, task16-compare=236/F822244564E6EFF11F3812B241A2E71ED7E013D34905687C4D9E2E8242C1185D]
Renderer ITCM placement passed: elf=smash64ds-battle-playable-proof-hwtri.elf itcm=29792/32768 renderer=12944 symbols=[ndsRendererHardwareLitShadeColorPrepared=460, ndsRendererHardwareSubmitVertex=2596, ndsRendererSubmitHardwareTriangle=2772, ndsRendererScanList=7116] inlineCollapsed=[]
Task 20 DTCM layout passed: elf=smash64ds-battle-playable-proof-hwtri.elf sections=8800/152 owners=[sNdsNativeFighterDenseNormals=0x02ff0000+2164, sNdsNativeFighterPreparedDense=0x02ff0874+6492, sNdsRendererRuntimeFrameSummary=0x02ff21d0+108, sControllerPlaybackEnabled=0x02ff2240+4, sControllerPlaybackConnectedMask=0x02ff2244+4, sControllerPlaybackPads=0x02ff2248+24, __irq_table=0x02ff2260+128, __sched_state=0x02ff22e0+24] sharedGap=0x02ff22f8..0x02ff3e80/7048 stackTops=usr:0x02ff3e80,irq:0x02ff3f80,svc:0x02ff3fc0 reserves=irq:256,svc:64,bios:64 forbiddenDmaRefs=0(applicationOwners=3) stackEvidence=[not-supplied]
battle_playable Pupupu realtime pacing smoke passed: frames=212 fps=241/480 ticks=294482496 rprof=0 gxram=465/1096 gxstat=0x6000000/ctrl=0x19 ftrContract=6784/6784/geom0x222005/cycle0x100000/rm0xc4112078/light424/424/bounds424/0 ftrTri=132712/p067840/p164872/own424 oracle=0/0/0 batch=103/725/103/texprep49/725 wallCache=1/0/1/fb0/src300x220/66000/ticks2443648/448512 wallFinal=direct1/skip0/change1/px49152/stage0/0/bg20/0/98304/bg30/0/0 mtx=load99/scale0/p0,0,0,0/mv0,0,0,0,0,0 submit=raw658/snap0/cross44/noz126/dec0/prim0/range0/rej0/div1152 lazy=load519/xf0/hit0/new0/reuse0/ovf0 rawcand=658/0/44 postest=0/0/e0/w0/c0/mw0/drop0 vraw=0..0/0..0/0..0 vhw=0..0/0..0/0..0 depth=stage0:0..0/p00:0..0/p10:0 clip=0 texProof=0/0/0 sample=0/0/0 alias=0 st=0..0/0..0 texUse=0/0/0/0/0/impl0/first0x0/flags0x0/w0x0/w1x0/geom0x0 texFmt=conv0x0/bind0x0/pal0x0/rej0x0/why0x0 texLane=layout0x0/byte0/half0/bFmt0x0/hFmt0x0/bMap0x0/hMap0x0 stageCarry=42/42/tex32/tile34/short6/6/seg3 stageAcct=frames212/boot0,0/weapon0,0/terminal0 combine=0/0/lit0/mat0/proj126 light=0/0/0 profile=present814272/draw566656/stage0/mat0/dl0/tex0/conv0/upload0 texUploads=0/0 binds=54 vtx=2484 tri=828 texDirect=0 intrinsicM3=9/121/828 intrinsicM4=24/61696/hits646/fence0 water=2/0/1 fastWall=state2/seed1/1/0/degraded0/seedTicks0/queue0/apply0/skip0/clamp0/0/0/invalid0/reuse0/affine0/post0/0/hash0xa2dcc88d/opaque49152/restore0 texHash=0/0/0/0/0 cpu=setup1/proc33/target33/stick4/obj0x4 aobj32=40/293/reuse8/fail0
Published ROM contract passed: smash64ds-battle-playable-hwtri.nds, smash64ds.nds
Captured live melonDS window: D:\Stuff\DevFolder\Smash64DS_Port\artifacts\visibility\2026-08-16_canonical_fast_045647-1722620-p18472_next.png (877x1400)
Captured live melonDS window: D:\Stuff\DevFolder\Smash64DS_Port\artifacts\visibility\2026-08-16_canonical_fast_045647-1722620-p18472.png (877x1400)
Top screen green content: 19091/49152 dominant-green pixels (38.841%).
Top screen detail content: 27532/49152 non-white/non-green pixels (56.014%).
Region left_bush: non-clear=1750/1750 (100.000%) green=817/1750 (46.686%) detail=905/1750 (51.714%) fighter=587/1750 (33.543%) changed=0/1750 (0.000%)
Region right_bush: non-clear=1750/1750 (100.000%) green=5/1750 (0.286%) detail=1720/1750 (98.286%) fighter=1229/1750 (70.229%) changed=19/1750 (1.086%)
Region fox: non-clear=2475/2475 (100.000%) green=411/2475 (16.606%) detail=2036/2475 (82.263%) fighter=1094/2475 (44.202%) changed=5/2475 (0.202%)
Region mario: non-clear=2475/2475 (100.000%) green=320/2475 (12.929%) detail=2144/2475 (86.626%) fighter=1431/2475 (57.818%) changed=0/2475 (0.000%)
Region stage_body: non-clear=7425/7425 (100.000%) green=3128/7425 (42.128%) detail=4063/7425 (54.721%) fighter=3168/7425 (42.667%) changed=436/7425 (5.872%)
Top screen green content: 19066/49152 dominant-green pixels (38.790%).
Top screen detail content: 27596/49152 non-white/non-green pixels (56.144%).
Region left_bush: non-clear=1750/1750 (100.000%) green=817/1750 (46.686%) detail=905/1750 (51.714%) fighter=587/1750 (33.543%)
Region right_bush: non-clear=1750/1750 (100.000%) green=4/1750 (0.229%) detail=1721/1750 (98.343%) fighter=1230/1750 (70.286%)
Region fox: non-clear=2475/2475 (100.000%) green=410/2475 (16.566%) detail=2037/2475 (82.303%) fighter=1094/2475 (44.202%)
Region mario: non-clear=2475/2475 (100.000%) green=320/2475 (12.929%) detail=2144/2475 (86.626%) fighter=1431/2475 (57.818%)
Region stage_body: non-clear=7425/7425 (100.000%) green=3108/7425 (41.859%) detail=4091/7425 (55.098%) fighter=3171/7425 (42.707%)
Top screen green content: 19091/49152 dominant-green pixels (38.841%).
Top screen detail content: 27532/49152 non-white/non-green pixels (56.014%).
Top-screen required region detail: 4375/7200 pixels (60.764%).
D:/Stuff/DevFolder/Smash64DS_Port/src/nds/nds_renderer.c:25525:46: warning: unused variable 'prepared_direction' [-Wunused-variable]
25525 |     const NDSRendererHardwareLightDirection *prepared_direction = NULL;
D:/Stuff/DevFolder/Smash64DS_Port/src/nds/nds_renderer.c:26087:1: warning: 'retain' attribute ignored [-Wattributes]
D:/Stuff/DevFolder/Smash64DS_Port/src/nds/nds_renderer.c:26088:1: warning: 'retain' attribute ignored [-Wattributes]
D:/Stuff/DevFolder/Smash64DS_Port/src/nds/nds_renderer.c:26089:1: warning: 'retain' attribute ignored [-Wattributes]
D:/Stuff/DevFolder/Smash64DS_Port/src/nds/nds_renderer.c:26090:1: warning: 'retain' attribute ignored [-Wattributes]
D:/Stuff/DevFolder/Smash64DS_Port/src/nds/nds_renderer.c:26091:1: warning: 'retain' attribute ignored [-Wattributes]
26091 | volatile u32 NDS_R2_TEXMEMO_COUNTER gNdsR2TexMemoVerifyFail;
D:/Stuff/DevFolder/Smash64DS_Port/decomp/BattleShip-main/decomp/src/sys/scheduler.c:743:35: warning: passing argument 1 of 'sySchedulerAddPausedQueue' from incompatible pointer type [-Wincompatible-pointer-types]
  777 |     s32 unused[4]; // required to match
D:/Stuff/DevFolder/Smash64DS_Port/decomp/BattleShip-main/decomp/src/sys/scheduler.c:1011:42: warning: passing argument 1 of 'sySchedulerRemovePausedQueue' from incompatible pointer type [-Wincompatible-pointer-types]
D:/Stuff/DevFolder/Smash64DS_Port/decomp/BattleShip-main/decomp/src/sys/scheduler.c:1075:43: warning: passing argument 1 of 'sySchedulerAddPausedQueue' from incompatible pointer type [-Wincompatible-pointer-types]
D:/Stuff/DevFolder/Smash64DS_Port/decomp/BattleShip-main/decomp/src/sys/scheduler.c:1164:42: warning: passing argument 1 of 'sySchedulerRemovePausedQueue' from incompatible pointer type [-Wincompatible-pointer-types]
D:/Stuff/DevFolder/Smash64DS_Port/decomp/BattleShip-main/decomp/src/sys/scheduler.c:1291:37: warning: passing argument 1 of 'sySchedulerPrepTask' makes pointer from integer without a cast [-Wint-conversion]
D:/Stuff/DevFolder/Smash64DS_Port/decomp/BattleShip-main/decomp/src/sys/vector.c:129:9: note: 'x' was declared here
D:/Stuff/DevFolder/Smash64DS_Port/decomp/BattleShip-main/decomp/src/sys/vector.c:129:12: note: 'y' was declared here
D:/Stuff/DevFolder/Smash64DS_Port/decomp/BattleShip-main/decomp/src/sys/vector.c:129:15: note: 'z' was declared here
D:/Stuff/DevFolder/Smash64DS_Port/decomp/BattleShip-main/decomp/src/sys/interp.c:297:9: note: 'frac_frame' was declared here
D:/Stuff/DevFolder/Smash64DS_Port/builds/build-battle-playable-proof-hwtri-harness/battleship_overlay/src/sys/objman.c:1018:22: note: 'translate' was declared here
D:/Stuff/DevFolder/Smash64DS_Port/builds/build-battle-playable-proof-hwtri-harness/battleship_overlay/src/sys/objman.c:1019:19: note: 'rotate' was declared here
D:/Stuff/DevFolder/Smash64DS_Port/builds/build-battle-playable-proof-hwtri-harness/battleship_overlay/src/sys/objman.c:1020:18: note: 'scale' was declared here
D:/Stuff/DevFolder/Smash64DS_Port/builds/build-battle-playable-proof-hwtri-harness/battleship_overlay/src/sys/objanim.c:774:9: note: 'value' was declared here
D:/Stuff/DevFolder/Smash64DS_Port/builds/build-battle-playable-proof-hwtri-harness/battleship_overlay/src/sys/objanim.c:1327:9: note: 'value' was declared here
D:/Stuff/DevFolder/Smash64DS_Port/builds/build-battle-playable-proof-hwtri-harness/battleship_overlay/src/sys/objanim.c:1770:9: note: 'value' was declared here
D:/Stuff/DevFolder/Smash64DS_Port/decomp/BattleShip-main/decomp/src/mv/mvopening/mvopeningportraits.c:95:118: warning: passing argument 2 of 'ndsRelocGetFileData' makes pointer from integer without a cast [-Wint-conversion]
D:/Stuff/DevFolder/Smash64DS_Port/decomp/BattleShip-main/decomp/src/mv/mvopening/mvopeningportraits.c:131:118: warning: passing argument 2 of 'ndsRelocGetFileData' makes pointer from integer without a cast [-Wint-conversion]
D:/Stuff/DevFolder/Smash64DS_Port/decomp/BattleShip-main/decomp/src/ft/ftdisplaymain.c:408:9: note: 'var_f20' was declared here
D:/Stuff/DevFolder/Smash64DS_Port/decomp/BattleShip-main/decomp/src/ft/ftdisplaymain.c:409:9: note: 'var_f22' was declared here
D:/Stuff/DevFolder/Smash64DS_Port/decomp/BattleShip-main/decomp/src/ft/ftdisplaymain.c:411:18: note: 'color1' was declared here
D:/Stuff/DevFolder/Smash64DS_Port/decomp/BattleShip-main/decomp/src/ft/ftdisplaymain.c:411:27: note: 'color2' was declared here
D:/Stuff/DevFolder/Smash64DS_Port/decomp/BattleShip-main/decomp/src/ft/ftdisplaymain.c:756:9: note: 'sp58' was declared here
D:/Stuff/DevFolder/Smash64DS_Port/decomp/BattleShip-main/decomp/src/ft/ftdisplaymain.c:850:9: note: 'sp60' was declared here
D:/Stuff/DevFolder/Smash64DS_Port/decomp/BattleShip-main/decomp/src/mv/mvopening/mvopeninglink.c:149:113: warning: passing argument 2 of 'ndsRelocGetFileData' makes pointer from integer without a cast [-Wint-conversion]
D:/Stuff/DevFolder/Smash64DS_Port/decomp/BattleShip-main/decomp/src/mv/mvopening/mvopeningyoshi.c:152:114: warning: passing argument 2 of 'ndsRelocGetFileData' makes pointer from integer without a cast [-Wint-conversion]
D:/Stuff/DevFolder/Smash64DS_Port/decomp/BattleShip-main/decomp/src/mv/mvopening/mvopeningdonkey.c:182:115: warning: passing argument 2 of 'ndsRelocGetFileData' makes pointer from integer without a cast [-Wint-conversion]
D:/Stuff/DevFolder/Smash64DS_Port/decomp/BattleShip-main/decomp/src/mv/mvopening/mvopeningsamus.c:151:114: warning: passing argument 2 of 'ndsRelocGetFileData' makes pointer from integer without a cast [-Wint-conversion]
D:/Stuff/DevFolder/Smash64DS_Port/decomp/BattleShip-main/decomp/src/mv/mvopening/mvopeningmario.c:160:114: warning: passing argument 2 of 'ndsRelocGetFileData' makes pointer from integer without a cast [-Wint-conversion]
D:/Stuff/DevFolder/Smash64DS_Port/decomp/BattleShip-main/decomp/src/mn/mnplayers/mnplayersvs.c:403:103: warning: passing argument 2 of 'ndsRelocGetFileData' makes pointer from integer without a cast [-Wint-conversion]
D:/Stuff/DevFolder/Smash64DS_Port/decomp/BattleShip-main/decomp/src/mn/mnplayers/mnplayersvs.c:462:120: warning: passing argument 2 of 'ndsRelocGetFileData' makes pointer from integer without a cast [-Wint-conversion]
  494 |                 &llMNPlayersCommonRedLabelSprite,
  496 |                 &llMNPlayersCommonGreenLabelSprite
D:/Stuff/DevFolder/Smash64DS_Port/decomp/BattleShip-main/decomp/src/mn/mnplayers/mnplayersvs.c:502:103: warning: passing argument 2 of 'ndsRelocGetFileData' makes pointer from integer without a cast [-Wint-conversion]
D:/Stuff/DevFolder/Smash64DS_Port/decomp/BattleShip-main/decomp/src/mn/mnmaps/mnmaps.c:318:112: warning: passing argument 2 of 'ndsRelocGetFileData' makes pointer from integer without a cast [-Wint-conversion]
D:/Stuff/DevFolder/Smash64DS_Port/decomp/BattleShip-main/decomp/src/mn/mnplayers/mnplayersvs.c:570:103: warning: passing argument 2 of 'ndsRelocGetFileData' makes pointer from integer without a cast [-Wint-conversion]
D:/Stuff/DevFolder/Smash64DS_Port/decomp/BattleShip-main/decomp/src/mn/mnmaps/mnmaps.c:537:119: warning: passing argument 2 of 'ndsRelocGetFileData' makes pointer from integer without a cast [-Wint-conversion]
D:/Stuff/DevFolder/Smash64DS_Port/decomp/BattleShip-main/decomp/src/mn/mnmaps/mnmaps.c:594:98: warning: passing argument 2 of 'ndsRelocGetFileData' makes pointer from integer without a cast [-Wint-conversion]
D:/Stuff/DevFolder/Smash64DS_Port/decomp/BattleShip-main/decomp/src/mn/mnplayers/mnplayersvs.c:613:118: warning: passing argument 2 of 'ndsRelocGetFileData' makes pointer from integer without a cast [-Wint-conversion]
D:/Stuff/DevFolder/Smash64DS_Port/decomp/BattleShip-main/decomp/src/mn/mnplayers/mnplayersvs.c:631:116: warning: passing argument 2 of 'ndsRelocGetFileData' makes pointer from integer without a cast [-Wint-conversion]
D:/Stuff/DevFolder/Smash64DS_Port/decomp/BattleShip-main/decomp/src/mn/mnmaps/mnmaps.c:806:106: warning: passing argument 2 of 'ndsRelocGetFileData' makes pointer from integer without a cast [-Wint-conversion]
D:/Stuff/DevFolder/Smash64DS_Port/decomp/BattleShip-main/decomp/src/mn/mnplayers/mnplayersvs.c:925:102: warning: passing argument 2 of 'ndsRelocGetFileData' makes pointer from integer without a cast [-Wint-conversion]
D:/Stuff/DevFolder/Smash64DS_Port/decomp/BattleShip-main/decomp/src/mn/mnplayers/mnplayersvs.c:927:99: warning: passing argument 2 of 'ndsRelocGetFileData' makes pointer from integer without a cast [-Wint-conversion]
D:/Stuff/DevFolder/Smash64DS_Port/decomp/BattleShip-main/decomp/src/mn/mnplayers/mnplayersvs.c:956:32: warning: passing argument 2 of 'ndsRelocGetFileData' makes pointer from integer without a cast [-Wint-conversion]
D:/Stuff/DevFolder/Smash64DS_Port/decomp/BattleShip-main/decomp/src/mn/mnplayers/mnplayersvs.c:991:111: warning: passing argument 2 of 'ndsRelocGetFileData' makes pointer from integer without a cast [-Wint-conversion]
D:/Stuff/DevFolder/Smash64DS_Port/decomp/BattleShip-main/decomp/src/mn/mnplayers/mnplayersvs.c:1202:103: warning: passing argument 2 of 'ndsRelocGetFileData' makes pointer from integer without a cast [-Wint-conversion]
D:/Stuff/DevFolder/Smash64DS_Port/decomp/BattleShip-main/decomp/src/mn/mnplayers/mnplayersvs.c:1212:111: warning: passing argument 2 of 'ndsRelocGetFileData' makes pointer from integer without a cast [-Wint-conversion]
D:/Stuff/DevFolder/Smash64DS_Port/decomp/BattleShip-main/decomp/src/mn/mnplayers/mnplayersvs.c:1413:32: warning: passing argument 2 of 'ndsRelocGetFileData' makes pointer from integer without a cast [-Wint-conversion]
D:/Stuff/DevFolder/Smash64DS_Port/decomp/BattleShip-main/decomp/src/mn/mnplayers/mnplayersvs.c:1742:110: warning: passing argument 2 of 'ndsRelocGetFileData' makes pointer from integer without a cast [-Wint-conversion]
D:/Stuff/DevFolder/Smash64DS_Port/decomp/BattleShip-main/decomp/src/mn/mnplayers/mnplayersvs.c:1748:107: warning: passing argument 2 of 'ndsRelocGetFileData' makes pointer from integer without a cast [-Wint-conversion]
D:/Stuff/DevFolder/Smash64DS_Port/decomp/BattleShip-main/decomp/src/mn/mnplayers/mnplayersvs.c:1929:103: warning: passing argument 2 of 'ndsRelocGetFileData' makes pointer from integer without a cast [-Wint-conversion]
D:/Stuff/DevFolder/Smash64DS_Port/decomp/BattleShip-main/decomp/src/mn/mnplayers/mnplayersvs.c:2773:103: warning: passing argument 2 of 'ndsRelocGetFileData' makes pointer from integer without a cast [-Wint-conversion]
D:/Stuff/DevFolder/Smash64DS_Port/decomp/BattleShip-main/decomp/src/mn/mnplayers/mnplayersvs.c:3446:103: warning: passing argument 2 of 'ndsRelocGetFileData' makes pointer from integer without a cast [-Wint-conversion]
D:/Stuff/DevFolder/Smash64DS_Port/decomp/BattleShip-main/decomp/src/mn/mnplayers/mnplayersvs.c:3773:32: warning: passing argument 2 of 'ndsRelocGetFileData' makes pointer from integer without a cast [-Wint-conversion]
D:/Stuff/DevFolder/Smash64DS_Port/decomp/BattleShip-main/decomp/src/mn/mnmaps/mnmaps.c:1443:13: note: 'stick_input' was declared here
D:/Stuff/DevFolder/Smash64DS_Port/decomp/BattleShip-main/decomp/src/mn/mnvsmode/mnvsmode.c:208:117: warning: passing argument 2 of 'ndsRelocGetFileData' makes pointer from integer without a cast [-Wint-conversion]
D:/Stuff/DevFolder/Smash64DS_Port/decomp/BattleShip-main/decomp/src/mn/mnvsmode/mnvsmode.c:223:121: warning: passing argument 2 of 'ndsRelocGetFileData' makes pointer from integer without a cast [-Wint-conversion]
D:/Stuff/DevFolder/Smash64DS_Port/decomp/BattleShip-main/decomp/src/mn/mncommon/mntitle.c:908:97: warning: passing argument 2 of 'ndsRelocGetFileData' makes pointer from integer without a cast [-Wint-conversion]
D:/Stuff/DevFolder/Smash64DS_Port/decomp/BattleShip-main/decomp/src/mn/mncommon/mntitle.c:956:143: warning: passing argument 2 of 'ndsRelocGetFileData' makes pointer from integer without a cast [-Wint-conversion]
D:/Stuff/DevFolder/Smash64DS_Port/decomp/BattleShip-main/decomp/src/mn/mncommon/mntitle.c:1063:112: warning: passing argument 2 of 'ndsRelocGetFileData' makes pointer from integer without a cast [-Wint-conversion]
D:/Stuff/DevFolder/Smash64DS_Port/decomp/BattleShip-main/decomp/src/mn/mncommon/mntitle.c:1110:151: warning: passing argument 2 of 'ndsRelocGetFileData' makes pointer from integer without a cast [-Wint-conversion]
D:/Stuff/DevFolder/Smash64DS_Port/decomp/BattleShip-main/decomp/src/mn/mncommon/mntitle.c:1137:94: warning: passing argument 2 of 'ndsRelocGetFileData' makes pointer from integer without a cast [-Wint-conversion]
D:/Stuff/DevFolder/Smash64DS_Port/decomp/BattleShip-main/decomp/src/mn/mncommon/mntitle.c:1171:128: warning: passing argument 2 of 'ndsRelocGetFileData' makes pointer from integer without a cast [-Wint-conversion]
D:/Stuff/DevFolder/Smash64DS_Port/decomp/BattleShip-main/decomp/src/mn/mncommon/mntitle.c:1205:136: warning: passing argument 2 of 'ndsRelocGetFileData' makes pointer from integer without a cast [-Wint-conversion]
D:/Stuff/DevFolder/Smash64DS_Port/decomp/BattleShip-main/decomp/src/mn/mncommon/mntitle.c:1223:136: warning: passing argument 2 of 'ndsRelocGetFileData' makes pointer from integer without a cast [-Wint-conversion]
D:/Stuff/DevFolder/Smash64DS_Port/decomp/BattleShip-main/decomp/src/mn/mncommon/mntitle.c:1255:171: warning: passing argument 2 of 'ndsRelocGetFileData' makes pointer from integer without a cast [-Wint-conversion]
D:/Stuff/DevFolder/Smash64DS_Port/decomp/BattleShip-main/decomp/src/mn/mncommon/mntitle.c:1469:58: warning: passing argument 1 of 'efParticleGetLoadBankID' makes integer from pointer without a cast [-Wint-conversion]
D:/Stuff/DevFolder/Smash64DS_Port/decomp/BattleShip-main/decomp/src/mn/mncommon/mntitle.c:1469:89: warning: passing argument 2 of 'efParticleGetLoadBankID' makes integer from pointer without a cast [-Wint-conversion]
D:/Stuff/DevFolder/Smash64DS_Port/decomp/BattleShip-main/decomp/src/mn/mncommon/mntitle.c:1469:120: warning: passing argument 3 of 'efParticleGetLoadBankID' makes integer from pointer without a cast [-Wint-conversion]
D:/Stuff/DevFolder/Smash64DS_Port/decomp/BattleShip-main/decomp/src/mn/mncommon/mntitle.c:1469:152: warning: passing argument 4 of 'efParticleGetLoadBankID' makes integer from pointer without a cast [-Wint-conversion]
D:/Stuff/DevFolder/Smash64DS_Port/decomp/BattleShip-main/decomp/src/mn/mnvsmode/mnvsmode.c:243:21: note: 'colors' was declared here
D:/Stuff/DevFolder/Smash64DS_Port/decomp/BattleShip-main/decomp/src/mn/mnvsmode/mnvsmode.c:1277:9: note: 'stick_range' was declared here
D:/Stuff/DevFolder/Smash64DS_Port/decomp/BattleShip-main/decomp/src/mv/mvopening/mvopeningpikachu.c:151:116: warning: passing argument 2 of 'ndsRelocGetFileData' makes pointer from integer without a cast [-Wint-conversion]
D:/Stuff/DevFolder/Smash64DS_Port/include/reloc_data.h:704:40: warning: passing argument 2 of 'ndsRelocGetFileData' makes pointer from integer without a cast [-Wint-conversion]
D:/Stuff/DevFolder/Smash64DS_Port/decomp/BattleShip-main/decomp/src/gr/grcommon/grpupupu.c:666:62: warning: passing argument 1 of 'grPupupuMakeMapGObj' makes integer from pointer without a cast [-Wint-conversion]
D:/Stuff/DevFolder/Smash64DS_Port/decomp/BattleShip-main/decomp/src/gr/grcommon/grpupupu.c:666:85: warning: passing argument 2 of 'grPupupuMakeMapGObj' makes integer from pointer without a cast [-Wint-conversion]
D:/Stuff/DevFolder/Smash64DS_Port/decomp/BattleShip-main/decomp/src/gr/grcommon/grpupupu.c:667:62: warning: passing argument 1 of 'grPupupuMakeMapGObj' makes integer from pointer without a cast [-Wint-conversion]
D:/Stuff/DevFolder/Smash64DS_Port/decomp/BattleShip-main/decomp/src/gr/grcommon/grpupupu.c:667:111: warning: passing argument 2 of 'grPupupuMakeMapGObj' makes integer from pointer without a cast [-Wint-conversion]
D:/Stuff/DevFolder/Smash64DS_Port/decomp/BattleShip-main/decomp/src/gr/grcommon/grpupupu.c:668:62: warning: passing argument 1 of 'grPupupuMakeMapGObj' makes integer from pointer without a cast [-Wint-conversion]
D:/Stuff/DevFolder/Smash64DS_Port/decomp/BattleShip-main/decomp/src/gr/grcommon/grpupupu.c:669:62: warning: passing argument 1 of 'grPupupuMakeMapGObj' makes integer from pointer without a cast [-Wint-conversion]
D:/Stuff/DevFolder/Smash64DS_Port/decomp/BattleShip-main/decomp/src/gr/grcommon/grpupupu.c:689:71: warning: passing argument 1 of 'efParticleGetLoadBankID' makes integer from pointer without a cast [-Wint-conversion]
D:/Stuff/DevFolder/Smash64DS_Port/decomp/BattleShip-main/decomp/src/gr/grcommon/grpupupu.c:689:103: warning: passing argument 2 of 'efParticleGetLoadBankID' makes integer from pointer without a cast [-Wint-conversion]
D:/Stuff/DevFolder/Smash64DS_Port/decomp/BattleShip-main/decomp/src/gr/grcommon/grpupupu.c:689:135: warning: passing argument 3 of 'efParticleGetLoadBankID' makes integer from pointer without a cast [-Wint-conversion]
D:/Stuff/DevFolder/Smash64DS_Port/decomp/BattleShip-main/decomp/src/gr/grcommon/grpupupu.c:689:168: warning: passing argument 4 of 'efParticleGetLoadBankID' makes integer from pointer without a cast [-Wint-conversion]
D:/Stuff/DevFolder/Smash64DS_Port/decomp/BattleShip-main/decomp/src/mv/mvopening/mvopeningfox.c:156:112: warning: passing argument 2 of 'ndsRelocGetFileData' makes pointer from integer without a cast [-Wint-conversion]
D:/Stuff/DevFolder/Smash64DS_Port/decomp/BattleShip-main/decomp/src/sc/sccommon/scvsbattle.c:141:115: warning: passing argument 1 of 'lbRelocGetFileSize' makes pointer from integer without a cast [-Wint-conversion]
D:/Stuff/DevFolder/Smash64DS_Port/decomp/BattleShip-main/decomp/src/sc/sccommon/scvsbattle.c:141:49: warning: passing argument 1 of 'lbRelocGetExternHeapFile' makes pointer from integer without a cast [-Wint-conversion]
D:/Stuff/DevFolder/Smash64DS_Port/decomp/BattleShip-main/decomp/src/mv/mvopening/mvopeningkirby.c:159:114: warning: passing argument 2 of 'ndsRelocGetFileData' makes pointer from integer without a cast [-Wint-conversion]
D:/Stuff/DevFolder/Smash64DS_Port/decomp/BattleShip-main/decomp/src/ft/ftcommon/ftcommonwalk.c:38:9: note: 'walk_anim_length' was declared here
D:/Stuff/DevFolder/Smash64DS_Port/decomp/BattleShip-main/decomp/src/ft/ftcommon/ftcommonattack100.c:226:9: note: 'status_id' was declared here
D:/Stuff/DevFolder/Smash64DS_Port/decomp/BattleShip-main/decomp/src/ft/ftcommon/ftcommonattack100.c:227:9: note: 'inputs_min' was declared here
In file included from D:/Stuff/DevFolder/Smash64DS_Port/src/import/battleship_ftcommon_pass.c:61:
D:/Stuff/DevFolder/Smash64DS_Port/builds/build-battle-playable-proof-hwtri-harness/battleship_overlay/src/ft/ftanim.c:24:9: note: 'id' was declared here
D:/Stuff/DevFolder/Smash64DS_Port/decomp/BattleShip-main/decomp/src/ft/ftcommon/ftcommonjumpaerial.c:186:9: note: 'status_id' was declared here
D:/Stuff/DevFolder/Smash64DS_Port/decomp/BattleShip-main/decomp/src/mp/mpprocess.c:409:10: note: 'result' was declared here
D:/Stuff/DevFolder/Smash64DS_Port/decomp/BattleShip-main/decomp/src/ft/ftmanager.c:86:50: warning: passing argument 1 of 'lbRelocGetFileSize' makes pointer from integer without a cast [-Wint-conversion]
D:/Stuff/DevFolder/Smash64DS_Port/decomp/BattleShip-main/decomp/src/ft/ftmanager.c:98:71: warning: passing argument 1 of 'lbRelocGetFileSize' makes pointer from integer without a cast [-Wint-conversion]
D:/Stuff/DevFolder/Smash64DS_Port/decomp/BattleShip-main/decomp/src/ft/ftmanager.c:119:71: warning: passing argument 1 of 'lbRelocGetFileSize' makes pointer from integer without a cast [-Wint-conversion]
D:/Stuff/DevFolder/Smash64DS_Port/decomp/BattleShip-main/decomp/src/ft/ftmanager.c:166:119: warning: passing argument 1 of 'lbRelocGetFileSize' makes pointer from integer without a cast [-Wint-conversion]
D:/Stuff/DevFolder/Smash64DS_Port/decomp/BattleShip-main/decomp/src/ft/ftmanager.c:166:53: warning: passing argument 1 of 'lbRelocGetExternHeapFile' makes pointer from integer without a cast [-Wint-conversion]
D:/Stuff/DevFolder/Smash64DS_Port/decomp/BattleShip-main/decomp/src/ft/ftmanager.c:168:96: warning: passing argument 1 of 'lbRelocGetFileSize' makes pointer from integer without a cast [-Wint-conversion]
D:/Stuff/DevFolder/Smash64DS_Port/decomp/BattleShip-main/decomp/src/ft/ftmanager.c:168:30: warning: passing argument 1 of 'lbRelocGetExternHeapFile' makes pointer from integer without a cast [-Wint-conversion]
D:/Stuff/DevFolder/Smash64DS_Port/decomp/BattleShip-main/decomp/src/ft/ftmanager.c:285:110: warning: passing argument 1 of 'lbRelocGetFileSize' makes pointer from integer without a cast [-Wint-conversion]
D:/Stuff/DevFolder/Smash64DS_Port/decomp/BattleShip-main/decomp/src/ft/ftmanager.c:285:55: warning: passing argument 1 of 'lbRelocGetExternHeapFile' makes pointer from integer without a cast [-Wint-conversion]
D:/Stuff/DevFolder/Smash64DS_Port/decomp/BattleShip-main/decomp/src/ft/ftmanager.c:306:67: warning: passing argument 1 of 'lbRelocGetStatusBufferFile' makes pointer from integer without a cast [-Wint-conversion]
D:/Stuff/DevFolder/Smash64DS_Port/decomp/BattleShip-main/decomp/src/ft/ftmanager.c:310:66: warning: passing argument 1 of 'lbRelocGetStatusBufferFile' makes pointer from integer without a cast [-Wint-conversion]
D:/Stuff/DevFolder/Smash64DS_Port/decomp/BattleShip-main/decomp/src/ft/ftmanager.c:312:58: warning: passing argument 1 of 'lbRelocGetStatusBufferFile' makes pointer from integer without a cast [-Wint-conversion]
D:/Stuff/DevFolder/Smash64DS_Port/decomp/BattleShip-main/decomp/src/ft/ftmanager.c:316:66: warning: passing argument 1 of 'lbRelocGetStatusBufferFile' makes pointer from integer without a cast [-Wint-conversion]
D:/Stuff/DevFolder/Smash64DS_Port/decomp/BattleShip-main/decomp/src/ft/ftmanager.c:320:65: warning: passing argument 1 of 'lbRelocGetStatusBufferFile' makes pointer from integer without a cast [-Wint-conversion]
D:/Stuff/DevFolder/Smash64DS_Port/decomp/BattleShip-main/decomp/src/ft/ftmanager.c:324:65: warning: passing argument 1 of 'lbRelocGetStatusBufferFile' makes pointer from integer without a cast [-Wint-conversion]
D:/Stuff/DevFolder/Smash64DS_Port/decomp/BattleShip-main/decomp/src/ft/ftmanager.c:328:65: warning: passing argument 1 of 'lbRelocGetStatusBufferFile' makes pointer from integer without a cast [-Wint-conversion]
D:/Stuff/DevFolder/Smash64DS_Port/decomp/BattleShip-main/decomp/src/ft/ftmanager.c:332:65: warning: passing argument 1 of 'lbRelocGetStatusBufferFile' makes pointer from integer without a cast [-Wint-conversion]
D:/Stuff/DevFolder/Smash64DS_Port/decomp/BattleShip-main/decomp/src/ft/ftmanager.c:694:89: warning: passing argument 2 of 'ndsRelocGetFileData' makes pointer from integer without a cast [-Wint-conversion]
 5872 |         { &llFTPikachuAnimGettingThunderedFileID, dPikachuMainMotion_GettingThundered_0x1644, FTANIM_FLAG_NONE },
 5873 |         { &llFTPikachuAnimGettingThunderedFileID, dPikachuMainMotion_GettingThundered_0x1668, FTANIM_FLAG_NONE },
 5876 |         { &llFTPikachuAnimDownSpecialThunderedAirFileID, dPikachuMainMotion_DownSpecialStartAir + 0x8, FTANIM_FLAG_NONE },
 5877 |         { &llFTPikachuAnimDownSpecialThunderedAirFileID, dPikachuMainMotion_DownSpecialStartAir + 0x10, FTANIM_FLAG_NONE },
 6121 |         { &llFTPikachuAnimGettingThunderedFileID, dPikachuMainMotion_GettingThundered_0x1644, FTANIM_FLAG_SUBMOTION_SCRIPT },
 6122 |         { &llFTPikachuAnimGettingThunderedFileID, dPikachuMainMotion_GettingThundered_0x1668, FTANIM_FLAG_SUBMOTION_SCRIPT },
 6125 |         { &llFTPikachuAnimDownSpecialThunderedAirFileID, dPikachuMainMotion_DownSpecialStartAir + 0x8, FTANIM_FLAG_SUBMOTION_SCRIPT },
 6126 |         { &llFTPikachuAnimDownSpecialThunderedAirFileID, dPikachuMainMotion_DownSpecialStartAir + 0x10, FTANIM_FLAG_SUBMOTION_SCRIPT },
 6199 |         { &llFTPurinAnimPassFileID, dPurinMainMotion_Pass_0x0210, FTANIM_FLAG_TRANSN_JOINT },
 6200 |         { &llFTPurinAnimPassFileID, dPurinMainMotion_Pass_0x0218, FTANIM_FLAG_TRANSN_JOINT },
 6448 |         { &llFTPurinAnimPassFileID, dPurinMainMotion_Pass_0x0210, FTANIM_FLAG_TRANSN_JOINT | FTANIM_FLAG_SUBMOTION_SCRIPT },
 6449 |         { &llFTPurinAnimPassFileID, dPurinMainMotion_Pass_0x0218, FTANIM_FLAG_TRANSN_JOINT | FTANIM_FLAG_SUBMOTION_SCRIPT },
D:/Stuff/DevFolder/Smash64DS_Port/decomp/BattleShip-main/decomp/src/lb/lbtransition.c:179:45: warning: passing argument 1 of 'lbRelocGetExternHeapFile' makes pointer from integer without a cast [-Wint-conversion]
D:/Stuff/DevFolder/Smash64DS_Port/decomp/BattleShip-main/decomp/src/lb/lbtransition.c:216:64: warning: passing argument 1 of 'lbRelocGetFileSize' makes pointer from integer without a cast [-Wint-conversion]
D:/Stuff/DevFolder/Smash64DS_Port/decomp/BattleShip-main/decomp/src/mn/mnvsmode/mnvsresults.c:664:95: warning: passing argument 2 of 'ndsRelocGetFileData' makes pointer from integer without a cast [-Wint-conversion]
D:/Stuff/DevFolder/Smash64DS_Port/decomp/BattleShip-main/decomp/src/mn/mnvsmode/mnvsresults.c:666:89: warning: passing argument 2 of 'ndsRelocGetFileData' makes pointer from integer without a cast [-Wint-conversion]
D:/Stuff/DevFolder/Smash64DS_Port/decomp/BattleShip-main/decomp/src/mn/mnvsmode/mnvsresults.c:667:107: warning: passing argument 2 of 'ndsRelocGetFileData' makes pointer from integer without a cast [-Wint-conversion]
D:/Stuff/DevFolder/Smash64DS_Port/decomp/BattleShip-main/decomp/src/mn/mnvsmode/mnvsresults.c:1071:111: warning: passing argument 2 of 'ndsRelocGetFileData' makes pointer from integer without a cast [-Wint-conversion]
D:/Stuff/DevFolder/Smash64DS_Port/decomp/BattleShip-main/decomp/src/mn/mnvsmode/mnvsresults.c:1203:127: warning: passing argument 2 of 'ndsRelocGetFileData' makes pointer from integer without a cast [-Wint-conversion]
D:/Stuff/DevFolder/Smash64DS_Port/decomp/BattleShip-main/decomp/src/mn/mnvsmode/mnvsresults.c:1528:103: warning: passing argument 2 of 'ndsRelocGetFileData' makes pointer from integer without a cast [-Wint-conversion]
D:/Stuff/DevFolder/Smash64DS_Port/decomp/BattleShip-main/decomp/src/mn/mnvsmode/mnvsresults.c:1584:111: warning: passing argument 2 of 'ndsRelocGetFileData' makes pointer from integer without a cast [-Wint-conversion]
D:/Stuff/DevFolder/Smash64DS_Port/decomp/BattleShip-main/decomp/src/mn/mnvsmode/mnvsresults.c:1874:125: warning: passing argument 2 of 'ndsRelocGetFileData' makes pointer from integer without a cast [-Wint-conversion]
D:/Stuff/DevFolder/Smash64DS_Port/decomp/BattleShip-main/decomp/src/mn/mnvsmode/mnvsresults.c:2386:32: warning: passing argument 2 of 'ndsRelocGetFileData' makes pointer from integer without a cast [-Wint-conversion]
D:/Stuff/DevFolder/Smash64DS_Port/decomp/BattleShip-main/decomp/src/mn/mnvsmode/mnvsresults.c:2999:13: note: 'first_man' was declared here
D:/Stuff/DevFolder/Smash64DS_Port/decomp/BattleShip-main/decomp/src/mn/mnvsmode/mnvsresults.c:619:13: note: 'win_fkind' was declared here
D:/Stuff/DevFolder/Smash64DS_Port/decomp/BattleShip-main/decomp/src/mn/mnvsmode/mnvsresults.c:620:13: note: 'color' was declared here
D:/Stuff/DevFolder/Smash64DS_Port/decomp/BattleShip-main/decomp/src/wp/wpmanager.c:111:73: warning: passing argument 2 of 'ndsRelocGetFileData' makes pointer from integer without a cast [-Wint-conversion]
  109 |     &llIFCommonGameStatusLampRedDimSprite,     &llIFCommonGameStatusLampYellowDimSprite,     &llIFCommonGameStatusLampBlueDimSprite,
  109 |     &llIFCommonGameStatusLampRedDimSprite,     &llIFCommonGameStatusLampYellowDimSprite,     &llIFCommonGameStatusLampBlueDimSprite,
  109 |     &llIFCommonGameStatusLampRedDimSprite,     &llIFCommonGameStatusLampYellowDimSprite,     &llIFCommonGameStatusLampBlueDimSprite,
  110 |     &llIFCommonGameStatusLampRedContourSprite, &llIFCommonGameStatusLampYellowContourSprite, &llIFCommonGameStatusLampBlueContourSprite,
  110 |     &llIFCommonGameStatusLampRedContourSprite, &llIFCommonGameStatusLampYellowContourSprite, &llIFCommonGameStatusLampBlueContourSprite,
  110 |     &llIFCommonGameStatusLampRedContourSprite, &llIFCommonGameStatusLampYellowContourSprite, &llIFCommonGameStatusLampBlueContourSprite,
  111 |     &llIFCommonGameStatusLampRedLightSprite,   &llIFCommonGameStatusLampYellowLightSprite,   &llIFCommonGameStatusLampBlueLightSprite
  111 |     &llIFCommonGameStatusLampRedLightSprite,   &llIFCommonGameStatusLampYellowLightSprite,   &llIFCommonGameStatusLampBlueLightSprite
  111 |     &llIFCommonGameStatusLampRedLightSprite,   &llIFCommonGameStatusLampYellowLightSprite,   &llIFCommonGameStatusLampBlueLightSprite
D:/Stuff/DevFolder/Smash64DS_Port/decomp/BattleShip-main/decomp/src/if/ifcommon.c:344:17: note: (near initialization for 'dIFCommonAnnounceFailureSpriteData[0].offset')
D:/Stuff/DevFolder/Smash64DS_Port/decomp/BattleShip-main/decomp/src/if/ifcommon.c:345:17: note: (near initialization for 'dIFCommonAnnounceFailureSpriteData[1].offset')
D:/Stuff/DevFolder/Smash64DS_Port/decomp/BattleShip-main/decomp/src/if/ifcommon.c:346:17: note: (near initialization for 'dIFCommonAnnounceFailureSpriteData[2].offset')
D:/Stuff/DevFolder/Smash64DS_Port/decomp/BattleShip-main/decomp/src/if/ifcommon.c:347:17: note: (near initialization for 'dIFCommonAnnounceFailureSpriteData[3].offset')
D:/Stuff/DevFolder/Smash64DS_Port/decomp/BattleShip-main/decomp/src/if/ifcommon.c:348:17: note: (near initialization for 'dIFCommonAnnounceFailureSpriteData[4].offset')
D:/Stuff/DevFolder/Smash64DS_Port/decomp/BattleShip-main/decomp/src/if/ifcommon.c:349:17: note: (near initialization for 'dIFCommonAnnounceFailureSpriteData[5].offset')
D:/Stuff/DevFolder/Smash64DS_Port/decomp/BattleShip-main/decomp/src/if/ifcommon.c:350:17: note: (near initialization for 'dIFCommonAnnounceFailureSpriteData[6].offset')
D:/Stuff/DevFolder/Smash64DS_Port/decomp/BattleShip-main/decomp/src/if/ifcommon.c:828:111: warning: passing argument 2 of 'ndsRelocGetFileData' makes pointer from integer without a cast [-Wint-conversion]
D:/Stuff/DevFolder/Smash64DS_Port/decomp/BattleShip-main/decomp/src/if/ifcommon.c:856:119: warning: passing argument 2 of 'ndsRelocGetFileData' makes pointer from integer without a cast [-Wint-conversion]
D:/Stuff/DevFolder/Smash64DS_Port/decomp/BattleShip-main/decomp/src/if/ifcommon.c:888:95: warning: passing argument 2 of 'ndsRelocGetFileData' makes pointer from integer without a cast [-Wint-conversion]
D:/Stuff/DevFolder/Smash64DS_Port/decomp/BattleShip-main/decomp/src/if/ifcommon.c:1086:121: warning: passing argument 2 of 'ndsRelocGetFileData' makes pointer from integer without a cast [-Wint-conversion]
D:/Stuff/DevFolder/Smash64DS_Port/decomp/BattleShip-main/decomp/src/if/ifcommon.c:1101:129: warning: passing argument 2 of 'ndsRelocGetFileData' makes pointer from integer without a cast [-Wint-conversion]
D:/Stuff/DevFolder/Smash64DS_Port/decomp/BattleShip-main/decomp/src/if/ifcommon.c:1128:94: warning: passing argument 2 of 'ndsRelocGetFileData' makes pointer from integer without a cast [-Wint-conversion]
D:/Stuff/DevFolder/Smash64DS_Port/decomp/BattleShip-main/decomp/src/if/ifcommon.c:1868:138: warning: passing argument 2 of 'ndsRelocGetFileData' makes pointer from integer without a cast [-Wint-conversion]
D:/Stuff/DevFolder/Smash64DS_Port/decomp/BattleShip-main/decomp/src/if/ifcommon.c:1945:126: warning: passing argument 1 of 'lbRelocGetFileSize' makes pointer from integer without a cast [-Wint-conversion]
D:/Stuff/DevFolder/Smash64DS_Port/decomp/BattleShip-main/decomp/src/if/ifcommon.c:1945:58: warning: passing argument 1 of 'lbRelocGetExternHeapFile' makes pointer from integer without a cast [-Wint-conversion]
D:/Stuff/DevFolder/Smash64DS_Port/decomp/BattleShip-main/decomp/src/if/ifcommon.c:1973:109: warning: passing argument 2 of 'ndsRelocGetFileData' makes pointer from integer without a cast [-Wint-conversion]
D:/Stuff/DevFolder/Smash64DS_Port/decomp/BattleShip-main/decomp/src/if/ifcommon.c:1994:135: warning: passing argument 2 of 'ndsRelocGetFileData' makes pointer from integer without a cast [-Wint-conversion]
D:/Stuff/DevFolder/Smash64DS_Port/decomp/BattleShip-main/decomp/src/if/ifcommon.c:2031:128: warning: passing argument 2 of 'ndsRelocGetFileData' makes pointer from integer without a cast [-Wint-conversion]
D:/Stuff/DevFolder/Smash64DS_Port/decomp/BattleShip-main/decomp/src/if/ifcommon.c:2384:104: warning: passing argument 2 of 'ndsRelocGetFileData' makes pointer from integer without a cast [-Wint-conversion]
D:/Stuff/DevFolder/Smash64DS_Port/decomp/BattleShip-main/decomp/src/if/ifcommon.c:2405:112: warning: passing argument 2 of 'ndsRelocGetFileData' makes pointer from integer without a cast [-Wint-conversion]
D:/Stuff/DevFolder/Smash64DS_Port/decomp/BattleShip-main/decomp/src/if/ifcommon.c:2424:88: warning: passing argument 2 of 'ndsRelocGetFileData' makes pointer from integer without a cast [-Wint-conversion]
D:/Stuff/DevFolder/Smash64DS_Port/decomp/BattleShip-main/decomp/src/if/ifcommon.c:2456:92: warning: passing argument 2 of 'ndsRelocGetFileData' makes pointer from integer without a cast [-Wint-conversion]
D:/Stuff/DevFolder/Smash64DS_Port/decomp/BattleShip-main/decomp/src/if/ifcommon.c:2457:92: warning: passing argument 2 of 'ndsRelocGetFileData' makes pointer from integer without a cast [-Wint-conversion]
D:/Stuff/DevFolder/Smash64DS_Port/decomp/BattleShip-main/decomp/src/if/ifcommon.c:2458:92: warning: passing argument 2 of 'ndsRelocGetFileData' makes pointer from integer without a cast [-Wint-conversion]
D:/Stuff/DevFolder/Smash64DS_Port/decomp/BattleShip-main/decomp/src/if/ifcommon.c:2459:92: warning: passing argument 2 of 'ndsRelocGetFileData' makes pointer from integer without a cast [-Wint-conversion]
D:/Stuff/DevFolder/Smash64DS_Port/decomp/BattleShip-main/decomp/src/if/ifcommon.c:2781:147: warning: passing argument 2 of 'ndsRelocGetFileData' makes pointer from integer without a cast [-Wint-conversion]
D:/Stuff/DevFolder/Smash64DS_Port/decomp/BattleShip-main/decomp/src/if/ifcommon.c:2796:145: warning: passing argument 2 of 'ndsRelocGetFileData' makes pointer from integer without a cast [-Wint-conversion]
D:/Stuff/DevFolder/Smash64DS_Port/decomp/BattleShip-main/decomp/src/ef/efmanager.c:4035:128: warning: passing argument 2 of 'ndsRelocGetFileData' makes pointer from integer without a cast [-Wint-conversion]
D:/Stuff/DevFolder/Smash64DS_Port/decomp/BattleShip-main/decomp/src/ef/efmanager.c:5370:155: warning: passing argument 2 of 'ndsRelocGetFileData' makes pointer from integer without a cast [-Wint-conversion]
D:/Stuff/DevFolder/Smash64DS_Port/decomp/BattleShip-main/decomp/src/if/ifcommon.c:2686:9: note: 'current_team' was declared here
D:/Stuff/DevFolder/Smash64DS_Port/decomp/BattleShip-main/decomp/src/lb/lbparticle.c:1495:21: warning: passing argument 1 of 'syMatrixPerspFastF' from incompatible pointer type [-Wincompatible-pointer-types]
D:/Stuff/DevFolder/Smash64DS_Port/decomp/BattleShip-main/decomp/src/lb/lbparticle.c:1508:21: warning: passing argument 1 of 'syMatrixPerspF' from incompatible pointer type [-Wincompatible-pointer-types]
D:/Stuff/DevFolder/Smash64DS_Port/decomp/BattleShip-main/decomp/src/lb/lbparticle.c:1594:21: warning: passing argument 1 of 'syMatrixPerspFastF' from incompatible pointer type [-Wincompatible-pointer-types]
  676 |                 nFTCommonMotionPass,                                    // Script ID
  676 |                 nFTCommonMotionPass,                                    // Script ID
  696 |                 nFTCommonMotionGuardPass,                               // Script ID
  676 |                 nFTCommonMotionPass,                                    // Script ID
  696 |                 nFTCommonMotionGuardPass,                               // Script ID
  676 |                 nFTCommonMotionPass,                                    // Script ID
  696 |                 nFTCommonMotionGuardPass,                               // Script ID
  676 |                 nFTCommonMotionPass,                                    // Script ID
  696 |                 nFTCommonMotionGuardPass,                               // Script ID
  676 |                 nFTCommonMotionPass,                                    // Script ID
  696 |                 nFTCommonMotionGuardPass,                               // Script ID
  676 |                 nFTCommonMotionPass,                                    // Script ID
  696 |                 nFTCommonMotionGuardPass,                               // Script ID
  676 |                 nFTCommonMotionPass,                                    // Script ID
  696 |                 nFTCommonMotionGuardPass,                               // Script ID
  676 |                 nFTCommonMotionPass,                                    // Script ID
  696 |                 nFTCommonMotionGuardPass,                               // Script ID
  676 |                 nFTCommonMotionPass,                                    // Script ID
  696 |                 nFTCommonMotionGuardPass,                               // Script ID
  676 |                 nFTCommonMotionPass,                                    // Script ID
  696 |                 nFTCommonMotionGuardPass,                               // Script ID
  676 |                 nFTCommonMotionPass,                                    // Script ID
  696 |                 nFTCommonMotionGuardPass,                               // Script ID
  676 |                 nFTCommonMotionPass,                                    // Script ID
  696 |                 nFTCommonMotionGuardPass,                               // Script ID
  676 |                 nFTCommonMotionPass,                                    // Script ID
  696 |                 nFTCommonMotionGuardPass,                               // Script ID
  676 |                 nFTCommonMotionPass,                                    // Script ID
  696 |                 nFTCommonMotionGuardPass,                               // Script ID
  676 |                 nFTCommonMotionPass,                                    // Script ID
  696 |                 nFTCommonMotionGuardPass,                               // Script ID
  676 |                 nFTCommonMotionPass,                                    // Script ID
  696 |                 nFTCommonMotionGuardPass,                               // Script ID
  676 |                 nFTCommonMotionPass,                                    // Script ID
  696 |                 nFTCommonMotionGuardPass,                               // Script ID
  676 |                 nFTCommonMotionPass,                                    // Script ID
  696 |                 nFTCommonMotionGuardPass,                               // Script ID
  676 |                 nFTCommonMotionPass,                                    // Script ID
  696 |                 nFTCommonMotionGuardPass,                               // Script ID
  676 |                 nFTCommonMotionPass,                                    // Script ID
  696 |                 nFTCommonMotionGuardPass,                               // Script ID
  676 |                 nFTCommonMotionPass,                                    // Script ID
  696 |                 nFTCommonMotionGuardPass,                               // Script ID
  676 |                 nFTCommonMotionPass,                                    // Script ID
  696 |                 nFTCommonMotionGuardPass,                               // Script ID
  676 |                 nFTCommonMotionPass,                                    // Script ID
  696 |                 nFTCommonMotionGuardPass,                               // Script ID
  676 |                 nFTCommonMotionPass,                                    // Script ID
  696 |                 nFTCommonMotionGuardPass,                               // Script ID
  676 |                 nFTCommonMotionPass,                                    // Script ID
  696 |                 nFTCommonMotionGuardPass,                               // Script ID
  676 |                 nFTCommonMotionPass,                                    // Script ID
  696 |                 nFTCommonMotionGuardPass,                               // Script ID
  676 |                 nFTCommonMotionPass,                                    // Script ID
  696 |                 nFTCommonMotionGuardPass,                               // Script ID
  676 |                 nFTCommonMotionPass,                                    // Script ID
  696 |                 nFTCommonMotionGuardPass,                               // Script ID
  676 |                 nFTCommonMotionPass,                                    // Script ID
  696 |                 nFTCommonMotionGuardPass,                               // Script ID
  676 |                 nFTCommonMotionPass,                                    // Script ID
  696 |                 nFTCommonMotionGuardPass,                               // Script ID
  676 |                 nFTCommonMotionPass,                                    // Script ID
  696 |                 nFTCommonMotionGuardPass,                               // Script ID
  676 |                 nFTCommonMotionPass,                                    // Script ID
  696 |                 nFTCommonMotionGuardPass,                               // Script ID
  676 |                 nFTCommonMotionPass,                                    // Script ID
  696 |                 nFTCommonMotionGuardPass,                               // Script ID
  676 |                 nFTCommonMotionPass,                                    // Script ID
  696 |                 nFTCommonMotionGuardPass,                               // Script ID
  676 |                 nFTCommonMotionPass,                                    // Script ID
  696 |                 nFTCommonMotionGuardPass,                               // Script ID
  676 |                 nFTCommonMotionPass,                                    // Script ID
  696 |                 nFTCommonMotionGuardPass,                               // Script ID
  676 |                 nFTCommonMotionPass,                                    // Script ID
  696 |                 nFTCommonMotionGuardPass,                               // Script ID
  676 |                 nFTCommonMotionPass,                                    // Script ID
  696 |                 nFTCommonMotionGuardPass,                               // Script ID
  676 |                 nFTCommonMotionPass,                                    // Script ID
  696 |                 nFTCommonMotionGuardPass,                               // Script ID
  676 |                 nFTCommonMotionPass,                                    // Script ID
  696 |                 nFTCommonMotionGuardPass,                               // Script ID
 1476 |                 nFTCommonMotionPassiveStandF,                   // Script ID
  676 |                 nFTCommonMotionPass,                                    // Script ID
  696 |                 nFTCommonMotionGuardPass,                               // Script ID
 1476 |                 nFTCommonMotionPassiveStandF,                   // Script ID
 1496 |                 nFTCommonMotionPassiveStandB,                   // Script ID
  676 |                 nFTCommonMotionPass,                                    // Script ID
  696 |                 nFTCommonMotionGuardPass,                               // Script ID
 1476 |                 nFTCommonMotionPassiveStandF,                   // Script ID
 1496 |                 nFTCommonMotionPassiveStandB,                   // Script ID
  676 |                 nFTCommonMotionPass,                                    // Script ID
  696 |                 nFTCommonMotionGuardPass,                               // Script ID
 1476 |                 nFTCommonMotionPassiveStandF,                   // Script ID
 1496 |                 nFTCommonMotionPassiveStandB,                   // Script ID
  676 |                 nFTCommonMotionPass,                                    // Script ID
  696 |                 nFTCommonMotionGuardPass,                               // Script ID
 1476 |                 nFTCommonMotionPassiveStandF,                   // Script ID
 1496 |                 nFTCommonMotionPassiveStandB,                   // Script ID
  676 |                 nFTCommonMotionPass,                                    // Script ID
  696 |                 nFTCommonMotionGuardPass,                               // Script ID
 1476 |                 nFTCommonMotionPassiveStandF,                   // Script ID
 1496 |                 nFTCommonMotionPassiveStandB,                   // Script ID
  676 |                 nFTCommonMotionPass,                                    // Script ID
  696 |                 nFTCommonMotionGuardPass,                               // Script ID
 1476 |                 nFTCommonMotionPassiveStandF,                   // Script ID
 1496 |                 nFTCommonMotionPassiveStandB,                   // Script ID
  676 |                 nFTCommonMotionPass,                                    // Script ID
  696 |                 nFTCommonMotionGuardPass,                               // Script ID
 1476 |                 nFTCommonMotionPassiveStandF,                   // Script ID
 1496 |                 nFTCommonMotionPassiveStandB,                   // Script ID
  676 |                 nFTCommonMotionPass,                                    // Script ID
  696 |                 nFTCommonMotionGuardPass,                               // Script ID
 1476 |                 nFTCommonMotionPassiveStandF,                   // Script ID
 1496 |                 nFTCommonMotionPassiveStandB,                   // Script ID
 1636 |                 nFTCommonMotionPassive,                                 // Script ID
  676 |                 nFTCommonMotionPass,                                    // Script ID
  696 |                 nFTCommonMotionGuardPass,                               // Script ID
 1476 |                 nFTCommonMotionPassiveStandF,                   // Script ID
 1496 |                 nFTCommonMotionPassiveStandB,                   // Script ID
 1636 |                 nFTCommonMotionPassive,                                 // Script ID
  676 |                 nFTCommonMotionPass,                                    // Script ID
  696 |                 nFTCommonMotionGuardPass,                               // Script ID
 1476 |                 nFTCommonMotionPassiveStandF,                   // Script ID
 1496 |                 nFTCommonMotionPassiveStandB,                   // Script ID
 1636 |                 nFTCommonMotionPassive,                                 // Script ID
  676 |                 nFTCommonMotionPass,                                    // Script ID
  696 |                 nFTCommonMotionGuardPass,                               // Script ID
 1476 |                 nFTCommonMotionPassiveStandF,                   // Script ID
 1496 |                 nFTCommonMotionPassiveStandB,                   // Script ID
 1636 |                 nFTCommonMotionPassive,                                 // Script ID
  676 |                 nFTCommonMotionPass,                                    // Script ID
  696 |                 nFTCommonMotionGuardPass,                               // Script ID
 1476 |                 nFTCommonMotionPassiveStandF,                   // Script ID
 1496 |                 nFTCommonMotionPassiveStandB,                   // Script ID
 1636 |                 nFTCommonMotionPassive,                                 // Script ID
  676 |                 nFTCommonMotionPass,                                    // Script ID
  696 |                 nFTCommonMotionGuardPass,                               // Script ID
 1476 |                 nFTCommonMotionPassiveStandF,                   // Script ID
 1496 |                 nFTCommonMotionPassiveStandB,                   // Script ID
 1636 |                 nFTCommonMotionPassive,                                 // Script ID
  676 |                 nFTCommonMotionPass,                                    // Script ID
  696 |                 nFTCommonMotionGuardPass,                               // Script ID
 1476 |                 nFTCommonMotionPassiveStandF,                   // Script ID
 1496 |                 nFTCommonMotionPassiveStandB,                   // Script ID
 1636 |                 nFTCommonMotionPassive,                                 // Script ID
  676 |                 nFTCommonMotionPass,                                    // Script ID
  696 |                 nFTCommonMotionGuardPass,                               // Script ID
 1476 |                 nFTCommonMotionPassiveStandF,                   // Script ID
 1496 |                 nFTCommonMotionPassiveStandB,                   // Script ID
 1636 |                 nFTCommonMotionPassive,                                 // Script ID
  676 |                 nFTCommonMotionPass,                                    // Script ID
  696 |                 nFTCommonMotionGuardPass,                               // Script ID
 1476 |                 nFTCommonMotionPassiveStandF,                   // Script ID
 1496 |                 nFTCommonMotionPassiveStandB,                   // Script ID
 1636 |                 nFTCommonMotionPassive,                                 // Script ID
  676 |                 nFTCommonMotionPass,                                    // Script ID
  696 |                 nFTCommonMotionGuardPass,                               // Script ID
 1476 |                 nFTCommonMotionPassiveStandF,                   // Script ID
 1496 |                 nFTCommonMotionPassiveStandB,                   // Script ID
 1636 |                 nFTCommonMotionPassive,                                 // Script ID
  676 |                 nFTCommonMotionPass,                                    // Script ID
  696 |                 nFTCommonMotionGuardPass,                               // Script ID
 1476 |                 nFTCommonMotionPassiveStandF,                   // Script ID
 1496 |                 nFTCommonMotionPassiveStandB,                   // Script ID
 1636 |                 nFTCommonMotionPassive,                                 // Script ID
  676 |                 nFTCommonMotionPass,                                    // Script ID
  696 |                 nFTCommonMotionGuardPass,                               // Script ID
 1476 |                 nFTCommonMotionPassiveStandF,                   // Script ID
 1496 |                 nFTCommonMotionPassiveStandB,                   // Script ID
 1636 |                 nFTCommonMotionPassive,                                 // Script ID
  676 |                 nFTCommonMotionPass,                                    // Script ID
  696 |                 nFTCommonMotionGuardPass,                               // Script ID
 1476 |                 nFTCommonMotionPassiveStandF,                   // Script ID
 1496 |                 nFTCommonMotionPassiveStandB,                   // Script ID
 1636 |                 nFTCommonMotionPassive,                                 // Script ID
  676 |                 nFTCommonMotionPass,                                    // Script ID
  696 |                 nFTCommonMotionGuardPass,                               // Script ID
 1476 |                 nFTCommonMotionPassiveStandF,                   // Script ID
 1496 |                 nFTCommonMotionPassiveStandB,                   // Script ID
 1636 |                 nFTCommonMotionPassive,                                 // Script ID
  676 |                 nFTCommonMotionPass,                                    // Script ID
  696 |                 nFTCommonMotionGuardPass,                               // Script ID
 1476 |                 nFTCommonMotionPassiveStandF,                   // Script ID
 1496 |                 nFTCommonMotionPassiveStandB,                   // Script ID
 1636 |                 nFTCommonMotionPassive,                                 // Script ID
  676 |                 nFTCommonMotionPass,                                    // Script ID
  696 |                 nFTCommonMotionGuardPass,                               // Script ID
 1476 |                 nFTCommonMotionPassiveStandF,                   // Script ID
 1496 |                 nFTCommonMotionPassiveStandB,                   // Script ID
 1636 |                 nFTCommonMotionPassive,                                 // Script ID
  676 |                 nFTCommonMotionPass,                                    // Script ID
  696 |                 nFTCommonMotionGuardPass,                               // Script ID
 1476 |                 nFTCommonMotionPassiveStandF,                   // Script ID
 1496 |                 nFTCommonMotionPassiveStandB,                   // Script ID
 1636 |                 nFTCommonMotionPassive,                                 // Script ID
  676 |                 nFTCommonMotionPass,                                    // Script ID
  696 |                 nFTCommonMotionGuardPass,                               // Script ID
 1476 |                 nFTCommonMotionPassiveStandF,                   // Script ID
 1496 |                 nFTCommonMotionPassiveStandB,                   // Script ID
 1636 |                 nFTCommonMotionPassive,                                 // Script ID
  676 |                 nFTCommonMotionPass,                                    // Script ID
  696 |                 nFTCommonMotionGuardPass,                               // Script ID
 1476 |                 nFTCommonMotionPassiveStandF,                   // Script ID
 1496 |                 nFTCommonMotionPassiveStandB,                   // Script ID
 1636 |                 nFTCommonMotionPassive,                                 // Script ID
  676 |                 nFTCommonMotionPass,                                    // Script ID
  696 |                 nFTCommonMotionGuardPass,                               // Script ID
 1476 |                 nFTCommonMotionPassiveStandF,                   // Script ID
 1496 |                 nFTCommonMotionPassiveStandB,                   // Script ID
 1636 |                 nFTCommonMotionPassive,                                 // Script ID
  676 |                 nFTCommonMotionPass,                                    // Script ID
  696 |                 nFTCommonMotionGuardPass,                               // Script ID
 1476 |                 nFTCommonMotionPassiveStandF,                   // Script ID
 1496 |                 nFTCommonMotionPassiveStandB,                   // Script ID
 1636 |                 nFTCommonMotionPassive,                                 // Script ID
  676 |                 nFTCommonMotionPass,                                    // Script ID
  696 |                 nFTCommonMotionGuardPass,                               // Script ID
 1476 |                 nFTCommonMotionPassiveStandF,                   // Script ID
 1496 |                 nFTCommonMotionPassiveStandB,                   // Script ID
 1636 |                 nFTCommonMotionPassive,                                 // Script ID
  676 |                 nFTCommonMotionPass,                                    // Script ID
  696 |                 nFTCommonMotionGuardPass,                               // Script ID
 1476 |                 nFTCommonMotionPassiveStandF,                   // Script ID
 1496 |                 nFTCommonMotionPassiveStandB,                   // Script ID
 1636 |                 nFTCommonMotionPassive,                                 // Script ID
  676 |                 nFTCommonMotionPass,                                    // Script ID
  696 |                 nFTCommonMotionGuardPass,                               // Script ID
 1476 |                 nFTCommonMotionPassiveStandF,                   // Script ID
 1496 |                 nFTCommonMotionPassiveStandB,                   // Script ID
 1636 |                 nFTCommonMotionPassive,                                 // Script ID
  676 |                 nFTCommonMotionPass,                                    // Script ID
  696 |                 nFTCommonMotionGuardPass,                               // Script ID
 1476 |                 nFTCommonMotionPassiveStandF,                   // Script ID
 1496 |                 nFTCommonMotionPassiveStandB,                   // Script ID
 1636 |                 nFTCommonMotionPassive,                                 // Script ID
  676 |                 nFTCommonMotionPass,                                    // Script ID
  696 |                 nFTCommonMotionGuardPass,                               // Script ID
 1476 |                 nFTCommonMotionPassiveStandF,                   // Script ID
 1496 |                 nFTCommonMotionPassiveStandB,                   // Script ID
 1636 |                 nFTCommonMotionPassive,                                 // Script ID
  676 |                 nFTCommonMotionPass,                                    // Script ID
  696 |                 nFTCommonMotionGuardPass,                               // Script ID
 1476 |                 nFTCommonMotionPassiveStandF,                   // Script ID
 1496 |                 nFTCommonMotionPassiveStandB,                   // Script ID
 1636 |                 nFTCommonMotionPassive,                                 // Script ID
  676 |                 nFTCommonMotionPass,                                    // Script ID
  696 |                 nFTCommonMotionGuardPass,                               // Script ID
 1476 |                 nFTCommonMotionPassiveStandF,                   // Script ID
 1496 |                 nFTCommonMotionPassiveStandB,                   // Script ID
 1636 |                 nFTCommonMotionPassive,                                 // Script ID
  676 |                 nFTCommonMotionPass,                                    // Script ID
  696 |                 nFTCommonMotionGuardPass,                               // Script ID
 1476 |                 nFTCommonMotionPassiveStandF,                   // Script ID
 1496 |                 nFTCommonMotionPassiveStandB,                   // Script ID
 1636 |                 nFTCommonMotionPassive,                                 // Script ID
  676 |                 nFTCommonMotionPass,                                    // Script ID
  696 |                 nFTCommonMotionGuardPass,                               // Script ID
 1476 |                 nFTCommonMotionPassiveStandF,                   // Script ID
 1496 |                 nFTCommonMotionPassiveStandB,                   // Script ID
 1636 |                 nFTCommonMotionPassive,                                 // Script ID
  676 |                 nFTCommonMotionPass,                                    // Script ID
  696 |                 nFTCommonMotionGuardPass,                               // Script ID
 1476 |                 nFTCommonMotionPassiveStandF,                   // Script ID
 1496 |                 nFTCommonMotionPassiveStandB,                   // Script ID
 1636 |                 nFTCommonMotionPassive,                                 // Script ID
  676 |                 nFTCommonMotionPass,                                    // Script ID
  696 |                 nFTCommonMotionGuardPass,                               // Script ID
 1476 |                 nFTCommonMotionPassiveStandF,                   // Script ID
 1496 |                 nFTCommonMotionPassiveStandB,                   // Script ID
 1636 |                 nFTCommonMotionPassive,                                 // Script ID
  676 |                 nFTCommonMotionPass,                                    // Script ID
  696 |                 nFTCommonMotionGuardPass,                               // Script ID
 1476 |                 nFTCommonMotionPassiveStandF,                   // Script ID
 1496 |                 nFTCommonMotionPassiveStandB,                   // Script ID
 1636 |                 nFTCommonMotionPassive,                                 // Script ID
  676 |                 nFTCommonMotionPass,                                    // Script ID
  696 |                 nFTCommonMotionGuardPass,                               // Script ID
 1476 |                 nFTCommonMotionPassiveStandF,                   // Script ID
 1496 |                 nFTCommonMotionPassiveStandB,                   // Script ID
 1636 |                 nFTCommonMotionPassive,                                 // Script ID
  676 |                 nFTCommonMotionPass,                                    // Script ID
  696 |                 nFTCommonMotionGuardPass,                               // Script ID
 1476 |                 nFTCommonMotionPassiveStandF,                   // Script ID
 1496 |                 nFTCommonMotionPassiveStandB,                   // Script ID
 1636 |                 nFTCommonMotionPassive,                                 // Script ID
  676 |                 nFTCommonMotionPass,                                    // Script ID
  696 |                 nFTCommonMotionGuardPass,                               // Script ID
 1476 |                 nFTCommonMotionPassiveStandF,                   // Script ID
 1496 |                 nFTCommonMotionPassiveStandB,                   // Script ID
 1636 |                 nFTCommonMotionPassive,                                 // Script ID
  676 |                 nFTCommonMotionPass,                                    // Script ID
  696 |                 nFTCommonMotionGuardPass,                               // Script ID
 1476 |                 nFTCommonMotionPassiveStandF,                   // Script ID
 1496 |                 nFTCommonMotionPassiveStandB,                   // Script ID
 1636 |                 nFTCommonMotionPassive,                                 // Script ID
  676 |                 nFTCommonMotionPass,                                    // Script ID
  696 |                 nFTCommonMotionGuardPass,                               // Script ID
 1476 |                 nFTCommonMotionPassiveStandF,                   // Script ID
 1496 |                 nFTCommonMotionPassiveStandB,                   // Script ID
 1636 |                 nFTCommonMotionPassive,                                 // Script ID
  676 |                 nFTCommonMotionPass,                                    // Script ID
  696 |                 nFTCommonMotionGuardPass,                               // Script ID
 1476 |                 nFTCommonMotionPassiveStandF,                   // Script ID
 1496 |                 nFTCommonMotionPassiveStandB,                   // Script ID
 1636 |                 nFTCommonMotionPassive,                                 // Script ID
  676 |                 nFTCommonMotionPass,                                    // Script ID
  696 |                 nFTCommonMotionGuardPass,                               // Script ID
 1476 |                 nFTCommonMotionPassiveStandF,                   // Script ID
 1496 |                 nFTCommonMotionPassiveStandB,                   // Script ID
 1636 |                 nFTCommonMotionPassive,                                 // Script ID
  676 |                 nFTCommonMotionPass,                                    // Script ID
  696 |                 nFTCommonMotionGuardPass,                               // Script ID
 1476 |                 nFTCommonMotionPassiveStandF,                   // Script ID
 1496 |                 nFTCommonMotionPassiveStandB,                   // Script ID
 1636 |                 nFTCommonMotionPassive,                                 // Script ID
  676 |                 nFTCommonMotionPass,                                    // Script ID
  696 |                 nFTCommonMotionGuardPass,                               // Script ID
 1476 |                 nFTCommonMotionPassiveStandF,                   // Script ID
 1496 |                 nFTCommonMotionPassiveStandB,                   // Script ID
 1636 |                 nFTCommonMotionPassive,                                 // Script ID
  676 |                 nFTCommonMotionPass,                                    // Script ID
  696 |                 nFTCommonMotionGuardPass,                               // Script ID
 1476 |                 nFTCommonMotionPassiveStandF,                   // Script ID
 1496 |                 nFTCommonMotionPassiveStandB,                   // Script ID
 1636 |                 nFTCommonMotionPassive,                                 // Script ID
  676 |                 nFTCommonMotionPass,                                    // Script ID
  696 |                 nFTCommonMotionGuardPass,                               // Script ID
 1476 |                 nFTCommonMotionPassiveStandF,                   // Script ID
 1496 |                 nFTCommonMotionPassiveStandB,                   // Script ID
 1636 |                 nFTCommonMotionPassive,                                 // Script ID
  676 |                 nFTCommonMotionPass,                                    // Script ID
  696 |                 nFTCommonMotionGuardPass,                               // Script ID
 1476 |                 nFTCommonMotionPassiveStandF,                   // Script ID
 1496 |                 nFTCommonMotionPassiveStandB,                   // Script ID
 1636 |                 nFTCommonMotionPassive,                                 // Script ID
  676 |                 nFTCommonMotionPass,                                    // Script ID
  696 |                 nFTCommonMotionGuardPass,                               // Script ID
 1476 |                 nFTCommonMotionPassiveStandF,                   // Script ID
 1496 |                 nFTCommonMotionPassiveStandB,                   // Script ID
 1636 |                 nFTCommonMotionPassive,                                 // Script ID
  676 |                 nFTCommonMotionPass,                                    // Script ID
  696 |                 nFTCommonMotionGuardPass,                               // Script ID
 1476 |                 nFTCommonMotionPassiveStandF,                   // Script ID
 1496 |                 nFTCommonMotionPassiveStandB,                   // Script ID
 1636 |                 nFTCommonMotionPassive,                                 // Script ID
  676 |                 nFTCommonMotionPass,                                    // Script ID
  696 |                 nFTCommonMotionGuardPass,                               // Script ID
 1476 |                 nFTCommonMotionPassiveStandF,                   // Script ID
 1496 |                 nFTCommonMotionPassiveStandB,                   // Script ID
 1636 |                 nFTCommonMotionPassive,                                 // Script ID
  676 |                 nFTCommonMotionPass,                                    // Script ID
  696 |                 nFTCommonMotionGuardPass,                               // Script ID
 1476 |                 nFTCommonMotionPassiveStandF,                   // Script ID
 1496 |                 nFTCommonMotionPassiveStandB,                   // Script ID
 1636 |                 nFTCommonMotionPassive,                                 // Script ID
  676 |                 nFTCommonMotionPass,                                    // Script ID
  696 |                 nFTCommonMotionGuardPass,                               // Script ID
 1476 |                 nFTCommonMotionPassiveStandF,                   // Script ID
 1496 |                 nFTCommonMotionPassiveStandB,                   // Script ID
 1636 |                 nFTCommonMotionPassive,                                 // Script ID
  676 |                 nFTCommonMotionPass,                                    // Script ID
  696 |                 nFTCommonMotionGuardPass,                               // Script ID
 1476 |                 nFTCommonMotionPassiveStandF,                   // Script ID
 1496 |                 nFTCommonMotionPassiveStandB,                   // Script ID
 1636 |                 nFTCommonMotionPassive,                                 // Script ID
  676 |                 nFTCommonMotionPass,                                    // Script ID
  696 |                 nFTCommonMotionGuardPass,                               // Script ID
 1476 |                 nFTCommonMotionPassiveStandF,                   // Script ID
 1496 |                 nFTCommonMotionPassiveStandB,                   // Script ID
 1636 |                 nFTCommonMotionPassive,                                 // Script ID
  676 |                 nFTCommonMotionPass,                                    // Script ID
  696 |                 nFTCommonMotionGuardPass,                               // Script ID
 1476 |                 nFTCommonMotionPassiveStandF,                   // Script ID
 1496 |                 nFTCommonMotionPassiveStandB,                   // Script ID
 1636 |                 nFTCommonMotionPassive,                                 // Script ID
  676 |                 nFTCommonMotionPass,                                    // Script ID
  696 |                 nFTCommonMotionGuardPass,                               // Script ID
 1476 |                 nFTCommonMotionPassiveStandF,                   // Script ID
 1496 |                 nFTCommonMotionPassiveStandB,                   // Script ID
 1636 |                 nFTCommonMotionPassive,                                 // Script ID
  676 |                 nFTCommonMotionPass,                                    // Script ID
  696 |                 nFTCommonMotionGuardPass,                               // Script ID
 1476 |                 nFTCommonMotionPassiveStandF,                   // Script ID
 1496 |                 nFTCommonMotionPassiveStandB,                   // Script ID
 1636 |                 nFTCommonMotionPassive,                                 // Script ID
  676 |                 nFTCommonMotionPass,                                    // Script ID
  696 |                 nFTCommonMotionGuardPass,                               // Script ID
 1476 |                 nFTCommonMotionPassiveStandF,                   // Script ID
 1496 |                 nFTCommonMotionPassiveStandB,                   // Script ID
 1636 |                 nFTCommonMotionPassive,                                 // Script ID
  676 |                 nFTCommonMotionPass,                                    // Script ID
  696 |                 nFTCommonMotionGuardPass,                               // Script ID
 1476 |                 nFTCommonMotionPassiveStandF,                   // Script ID
 1496 |                 nFTCommonMotionPassiveStandB,                   // Script ID
 1636 |                 nFTCommonMotionPassive,                                 // Script ID
  676 |                 nFTCommonMotionPass,                                    // Script ID
  696 |                 nFTCommonMotionGuardPass,                               // Script ID
 1476 |                 nFTCommonMotionPassiveStandF,                   // Script ID
 1496 |                 nFTCommonMotionPassiveStandB,                   // Script ID
 1636 |                 nFTCommonMotionPassive,                                 // Script ID
  676 |                 nFTCommonMotionPass,                                    // Script ID
  696 |                 nFTCommonMotionGuardPass,                               // Script ID
 1476 |                 nFTCommonMotionPassiveStandF,                   // Script ID
 1496 |                 nFTCommonMotionPassiveStandB,                   // Script ID
 1636 |                 nFTCommonMotionPassive,                                 // Script ID
  676 |                 nFTCommonMotionPass,                                    // Script ID
  696 |                 nFTCommonMotionGuardPass,                               // Script ID
 1476 |                 nFTCommonMotionPassiveStandF,                   // Script ID
 1496 |                 nFTCommonMotionPassiveStandB,                   // Script ID
 1636 |                 nFTCommonMotionPassive,                                 // Script ID
  676 |                 nFTCommonMotionPass,                                    // Script ID
  696 |                 nFTCommonMotionGuardPass,                               // Script ID
 1476 |                 nFTCommonMotionPassiveStandF,                   // Script ID
 1496 |                 nFTCommonMotionPassiveStandB,                   // Script ID
 1636 |                 nFTCommonMotionPassive,                                 // Script ID
  676 |                 nFTCommonMotionPass,                                    // Script ID
  696 |                 nFTCommonMotionGuardPass,                               // Script ID
 1476 |                 nFTCommonMotionPassiveStandF,                   // Script ID
 1496 |                 nFTCommonMotionPassiveStandB,                   // Script ID
 1636 |                 nFTCommonMotionPassive,                                 // Script ID
  676 |                 nFTCommonMotionPass,                                    // Script ID
  696 |                 nFTCommonMotionGuardPass,                               // Script ID
 1476 |                 nFTCommonMotionPassiveStandF,                   // Script ID
 1496 |                 nFTCommonMotionPassiveStandB,                   // Script ID
 1636 |                 nFTCommonMotionPassive,                                 // Script ID
  676 |                 nFTCommonMotionPass,                                    // Script ID
  696 |                 nFTCommonMotionGuardPass,                               // Script ID
 1476 |                 nFTCommonMotionPassiveStandF,                   // Script ID
 1496 |                 nFTCommonMotionPassiveStandB,                   // Script ID
 1636 |                 nFTCommonMotionPassive,                                 // Script ID
  676 |                 nFTCommonMotionPass,                                    // Script ID
  696 |                 nFTCommonMotionGuardPass,                               // Script ID
 1476 |                 nFTCommonMotionPassiveStandF,                   // Script ID
 1496 |                 nFTCommonMotionPassiveStandB,                   // Script ID
 1636 |                 nFTCommonMotionPassive,                                 // Script ID
  676 |                 nFTCommonMotionPass,                                    // Script ID
  696 |                 nFTCommonMotionGuardPass,                               // Script ID
 1476 |                 nFTCommonMotionPassiveStandF,                   // Script ID
 1496 |                 nFTCommonMotionPassiveStandB,                   // Script ID
 1636 |                 nFTCommonMotionPassive,                                 // Script ID
  676 |                 nFTCommonMotionPass,                                    // Script ID
  696 |                 nFTCommonMotionGuardPass,                               // Script ID
 1476 |                 nFTCommonMotionPassiveStandF,                   // Script ID
 1496 |                 nFTCommonMotionPassiveStandB,                   // Script ID
 1636 |                 nFTCommonMotionPassive,                                 // Script ID
  676 |                 nFTCommonMotionPass,                                    // Script ID
  696 |                 nFTCommonMotionGuardPass,                               // Script ID
 1476 |                 nFTCommonMotionPassiveStandF,                   // Script ID
 1496 |                 nFTCommonMotionPassiveStandB,                   // Script ID
 1636 |                 nFTCommonMotionPassive,                                 // Script ID
  676 |                 nFTCommonMotionPass,                                    // Script ID
  696 |                 nFTCommonMotionGuardPass,                               // Script ID
 1476 |                 nFTCommonMotionPassiveStandF,                   // Script ID
 1496 |                 nFTCommonMotionPassiveStandB,                   // Script ID
 1636 |                 nFTCommonMotionPassive,                                 // Script ID
  676 |                 nFTCommonMotionPass,                                    // Script ID
  696 |                 nFTCommonMotionGuardPass,                               // Script ID
 1476 |                 nFTCommonMotionPassiveStandF,                   // Script ID
 1496 |                 nFTCommonMotionPassiveStandB,                   // Script ID
 1636 |                 nFTCommonMotionPassive,                                 // Script ID
  676 |                 nFTCommonMotionPass,                                    // Script ID
  696 |                 nFTCommonMotionGuardPass,                               // Script ID
 1476 |                 nFTCommonMotionPassiveStandF,                   // Script ID
 1496 |                 nFTCommonMotionPassiveStandB,                   // Script ID
 1636 |                 nFTCommonMotionPassive,                                 // Script ID
  676 |                 nFTCommonMotionPass,                                    // Script ID
  696 |                 nFTCommonMotionGuardPass,                               // Script ID
 1476 |                 nFTCommonMotionPassiveStandF,                   // Script ID
 1496 |                 nFTCommonMotionPassiveStandB,                   // Script ID
 1636 |                 nFTCommonMotionPassive,                                 // Script ID
  676 |                 nFTCommonMotionPass,                                    // Script ID
  696 |                 nFTCommonMotionGuardPass,                               // Script ID
 1476 |                 nFTCommonMotionPassiveStandF,                   // Script ID
 1496 |                 nFTCommonMotionPassiveStandB,                   // Script ID
 1636 |                 nFTCommonMotionPassive,                                 // Script ID
  676 |                 nFTCommonMotionPass,                                    // Script ID
  696 |                 nFTCommonMotionGuardPass,                               // Script ID
 1476 |                 nFTCommonMotionPassiveStandF,                   // Script ID
 1496 |                 nFTCommonMotionPassiveStandB,                   // Script ID
 1636 |                 nFTCommonMotionPassive,                                 // Script ID
  676 |                 nFTCommonMotionPass,                                    // Script ID
  696 |                 nFTCommonMotionGuardPass,                               // Script ID
 1476 |                 nFTCommonMotionPassiveStandF,                   // Script ID
 1496 |                 nFTCommonMotionPassiveStandB,                   // Script ID
 1636 |                 nFTCommonMotionPassive,                                 // Script ID
  676 |                 nFTCommonMotionPass,                                    // Script ID
  696 |                 nFTCommonMotionGuardPass,                               // Script ID
 1476 |                 nFTCommonMotionPassiveStandF,                   // Script ID
 1496 |                 nFTCommonMotionPassiveStandB,                   // Script ID
 1636 |                 nFTCommonMotionPassive,                                 // Script ID
  676 |                 nFTCommonMotionPass,                                    // Script ID
  696 |                 nFTCommonMotionGuardPass,                               // Script ID
 1476 |                 nFTCommonMotionPassiveStandF,                   // Script ID
 1496 |                 nFTCommonMotionPassiveStandB,                   // Script ID
 1636 |                 nFTCommonMotionPassive,                                 // Script ID
  676 |                 nFTCommonMotionPass,                                    // Script ID
  696 |                 nFTCommonMotionGuardPass,                               // Script ID
 1476 |                 nFTCommonMotionPassiveStandF,                   // Script ID
 1496 |                 nFTCommonMotionPassiveStandB,                   // Script ID
 1636 |                 nFTCommonMotionPassive,                                 // Script ID
  676 |                 nFTCommonMotionPass,                                    // Script ID
  696 |                 nFTCommonMotionGuardPass,                               // Script ID
 1476 |                 nFTCommonMotionPassiveStandF,                   // Script ID
 1496 |                 nFTCommonMotionPassiveStandB,                   // Script ID
 1636 |                 nFTCommonMotionPassive,                                 // Script ID
  676 |                 nFTCommonMotionPass,                                    // Script ID
  696 |                 nFTCommonMotionGuardPass,                               // Script ID
 1476 |                 nFTCommonMotionPassiveStandF,                   // Script ID
 1496 |                 nFTCommonMotionPassiveStandB,                   // Script ID
 1636 |                 nFTCommonMotionPassive,                                 // Script ID
  676 |                 nFTCommonMotionPass,                                    // Script ID
  696 |                 nFTCommonMotionGuardPass,                               // Script ID
 1476 |                 nFTCommonMotionPassiveStandF,                   // Script ID
 1496 |                 nFTCommonMotionPassiveStandB,                   // Script ID
 1636 |                 nFTCommonMotionPassive,                                 // Script ID
  676 |                 nFTCommonMotionPass,                                    // Script ID
  696 |                 nFTCommonMotionGuardPass,                               // Script ID
 1476 |                 nFTCommonMotionPassiveStandF,                   // Script ID
 1496 |                 nFTCommonMotionPassiveStandB,                   // Script ID
 1636 |                 nFTCommonMotionPassive,                                 // Script ID
  676 |                 nFTCommonMotionPass,                                    // Script ID
  696 |                 nFTCommonMotionGuardPass,                               // Script ID
 1476 |                 nFTCommonMotionPassiveStandF,                   // Script ID
 1496 |                 nFTCommonMotionPassiveStandB,                   // Script ID
 1636 |                 nFTCommonMotionPassive,                                 // Script ID
  676 |                 nFTCommonMotionPass,                                    // Script ID
  696 |                 nFTCommonMotionGuardPass,                               // Script ID
 1476 |                 nFTCommonMotionPassiveStandF,                   // Script ID
 1496 |                 nFTCommonMotionPassiveStandB,                   // Script ID
 1636 |                 nFTCommonMotionPassive,                                 // Script ID
  676 |                 nFTCommonMotionPass,                                    // Script ID
  696 |                 nFTCommonMotionGuardPass,                               // Script ID
 1476 |                 nFTCommonMotionPassiveStandF,                   // Script ID
 1496 |                 nFTCommonMotionPassiveStandB,                   // Script ID
 1636 |                 nFTCommonMotionPassive,                                 // Script ID
  676 |                 nFTCommonMotionPass,                                    // Script ID
  696 |                 nFTCommonMotionGuardPass,                               // Script ID
 1476 |                 nFTCommonMotionPassiveStandF,                   // Script ID
 1496 |                 nFTCommonMotionPassiveStandB,                   // Script ID
 1636 |                 nFTCommonMotionPassive,                                 // Script ID
  676 |                 nFTCommonMotionPass,                                    // Script ID
  696 |                 nFTCommonMotionGuardPass,                               // Script ID
 1476 |                 nFTCommonMotionPassiveStandF,                   // Script ID
 1496 |                 nFTCommonMotionPassiveStandB,                   // Script ID
 1636 |                 nFTCommonMotionPassive,                                 // Script ID
  676 |                 nFTCommonMotionPass,                                    // Script ID
  696 |                 nFTCommonMotionGuardPass,                               // Script ID
 1476 |                 nFTCommonMotionPassiveStandF,                   // Script ID
 1496 |                 nFTCommonMotionPassiveStandB,                   // Script ID
 1636 |                 nFTCommonMotionPassive,                                 // Script ID
  676 |                 nFTCommonMotionPass,                                    // Script ID
  696 |                 nFTCommonMotionGuardPass,                               // Script ID
 1476 |                 nFTCommonMotionPassiveStandF,                   // Script ID
 1496 |                 nFTCommonMotionPassiveStandB,                   // Script ID
 1636 |                 nFTCommonMotionPassive,                                 // Script ID
  676 |                 nFTCommonMotionPass,                                    // Script ID
  696 |                 nFTCommonMotionGuardPass,                               // Script ID
 1476 |                 nFTCommonMotionPassiveStandF,                   // Script ID
 1496 |                 nFTCommonMotionPassiveStandB,                   // Script ID
 1636 |                 nFTCommonMotionPassive,                                 // Script ID
  676 |                 nFTCommonMotionPass,                                    // Script ID
  696 |                 nFTCommonMotionGuardPass,                               // Script ID
 1476 |                 nFTCommonMotionPassiveStandF,                   // Script ID
 1496 |                 nFTCommonMotionPassiveStandB,                   // Script ID
 1636 |                 nFTCommonMotionPassive,                                 // Script ID
  676 |                 nFTCommonMotionPass,                                    // Script ID
  696 |                 nFTCommonMotionGuardPass,                               // Script ID
 1476 |                 nFTCommonMotionPassiveStandF,                   // Script ID
 1496 |                 nFTCommonMotionPassiveStandB,                   // Script ID
 1636 |                 nFTCommonMotionPassive,                                 // Script ID
  676 |                 nFTCommonMotionPass,                                    // Script ID
  696 |                 nFTCommonMotionGuardPass,                               // Script ID
 1476 |                 nFTCommonMotionPassiveStandF,                   // Script ID
 1496 |                 nFTCommonMotionPassiveStandB,                   // Script ID
 1636 |                 nFTCommonMotionPassive,                                 // Script ID
  676 |                 nFTCommonMotionPass,                                    // Script ID
  696 |                 nFTCommonMotionGuardPass,                               // Script ID
 1476 |                 nFTCommonMotionPassiveStandF,                   // Script ID
 1496 |                 nFTCommonMotionPassiveStandB,                   // Script ID
 1636 |                 nFTCommonMotionPassive,                                 // Script ID
  676 |                 nFTCommonMotionPass,                                    // Script ID
  696 |                 nFTCommonMotionGuardPass,                               // Script ID
 1476 |                 nFTCommonMotionPassiveStandF,                   // Script ID
 1496 |                 nFTCommonMotionPassiveStandB,                   // Script ID
 1636 |                 nFTCommonMotionPassive,                                 // Script ID
  676 |                 nFTCommonMotionPass,                                    // Script ID
  696 |                 nFTCommonMotionGuardPass,                               // Script ID
 1476 |                 nFTCommonMotionPassiveStandF,                   // Script ID
 1496 |                 nFTCommonMotionPassiveStandB,                   // Script ID
 1636 |                 nFTCommonMotionPassive,                                 // Script ID
  676 |                 nFTCommonMotionPass,                                    // Script ID
  696 |                 nFTCommonMotionGuardPass,                               // Script ID
 1476 |                 nFTCommonMotionPassiveStandF,                   // Script ID
 1496 |                 nFTCommonMotionPassiveStandB,                   // Script ID
 1636 |                 nFTCommonMotionPassive,                                 // Script ID
  676 |                 nFTCommonMotionPass,                                    // Script ID
  696 |                 nFTCommonMotionGuardPass,                               // Script ID
 1476 |                 nFTCommonMotionPassiveStandF,                   // Script ID
 1496 |                 nFTCommonMotionPassiveStandB,                   // Script ID
 1636 |                 nFTCommonMotionPassive,                                 // Script ID
  676 |                 nFTCommonMotionPass,                                    // Script ID
  696 |                 nFTCommonMotionGuardPass,                               // Script ID
 1476 |                 nFTCommonMotionPassiveStandF,                   // Script ID
 1496 |                 nFTCommonMotionPassiveStandB,                   // Script ID
 1636 |                 nFTCommonMotionPassive,                                 // Script ID
  676 |                 nFTCommonMotionPass,                                    // Script ID
  696 |                 nFTCommonMotionGuardPass,                               // Script ID
 1476 |                 nFTCommonMotionPassiveStandF,                   // Script ID
 1496 |                 nFTCommonMotionPassiveStandB,                   // Script ID
 1636 |                 nFTCommonMotionPassive,                                 // Script ID
  676 |                 nFTCommonMotionPass,                                    // Script ID
  696 |                 nFTCommonMotionGuardPass,                               // Script ID
 1476 |                 nFTCommonMotionPassiveStandF,                   // Script ID
 1496 |                 nFTCommonMotionPassiveStandB,                   // Script ID
 1636 |                 nFTCommonMotionPassive,                                 // Script ID
  676 |                 nFTCommonMotionPass,                                    // Script ID
  696 |                 nFTCommonMotionGuardPass,                               // Script ID
 1476 |                 nFTCommonMotionPassiveStandF,                   // Script ID
 1496 |                 nFTCommonMotionPassiveStandB,                   // Script ID
 1636 |                 nFTCommonMotionPassive,                                 // Script ID
  676 |                 nFTCommonMotionPass,                                    // Script ID
  696 |                 nFTCommonMotionGuardPass,                               // Script ID
 1476 |                 nFTCommonMotionPassiveStandF,                   // Script ID
 1496 |                 nFTCommonMotionPassiveStandB,                   // Script ID
 1636 |                 nFTCommonMotionPassive,                                 // Script ID
  676 |                 nFTCommonMotionPass,                                    // Script ID
  696 |                 nFTCommonMotionGuardPass,                               // Script ID
 1476 |                 nFTCommonMotionPassiveStandF,                   // Script ID
 1496 |                 nFTCommonMotionPassiveStandB,                   // Script ID
 1636 |                 nFTCommonMotionPassive,                                 // Script ID
 3696 |                 nFTCommonMotionShouldered,                              // Script ID
  676 |                 nFTCommonMotionPass,                                    // Script ID
  696 |                 nFTCommonMotionGuardPass,                               // Script ID
 1476 |                 nFTCommonMotionPassiveStandF,                   // Script ID
 1496 |                 nFTCommonMotionPassiveStandB,                   // Script ID
 1636 |                 nFTCommonMotionPassive,                                 // Script ID
 3696 |                 nFTCommonMotionShouldered,                              // Script ID
  676 |                 nFTCommonMotionPass,                                    // Script ID
  696 |                 nFTCommonMotionGuardPass,                               // Script ID
 1476 |                 nFTCommonMotionPassiveStandF,                   // Script ID
 1496 |                 nFTCommonMotionPassiveStandB,                   // Script ID
 1636 |                 nFTCommonMotionPassive,                                 // Script ID
 3696 |                 nFTCommonMotionShouldered,                              // Script ID
  676 |                 nFTCommonMotionPass,                                    // Script ID
  696 |                 nFTCommonMotionGuardPass,                               // Script ID
 1476 |                 nFTCommonMotionPassiveStandF,                   // Script ID
 1496 |                 nFTCommonMotionPassiveStandB,                   // Script ID
 1636 |                 nFTCommonMotionPassive,                                 // Script ID
 3696 |                 nFTCommonMotionShouldered,                              // Script ID
  676 |                 nFTCommonMotionPass,                                    // Script ID
  696 |                 nFTCommonMotionGuardPass,                               // Script ID
 1476 |                 nFTCommonMotionPassiveStandF,                   // Script ID
 1496 |                 nFTCommonMotionPassiveStandB,                   // Script ID
 1636 |                 nFTCommonMotionPassive,                                 // Script ID
 3696 |                 nFTCommonMotionShouldered,                              // Script ID
  676 |                 nFTCommonMotionPass,                                    // Script ID
  696 |                 nFTCommonMotionGuardPass,                               // Script ID
 1476 |                 nFTCommonMotionPassiveStandF,                   // Script ID
 1496 |                 nFTCommonMotionPassiveStandB,                   // Script ID
 1636 |                 nFTCommonMotionPassive,                                 // Script ID
 3696 |                 nFTCommonMotionShouldered,                              // Script ID
  676 |                 nFTCommonMotionPass,                                    // Script ID
  696 |                 nFTCommonMotionGuardPass,                               // Script ID
 1476 |                 nFTCommonMotionPassiveStandF,                   // Script ID
 1496 |                 nFTCommonMotionPassiveStandB,                   // Script ID
 1636 |                 nFTCommonMotionPassive,                                 // Script ID
 3696 |                 nFTCommonMotionShouldered,                              // Script ID
  676 |                 nFTCommonMotionPass,                                    // Script ID
  696 |                 nFTCommonMotionGuardPass,                               // Script ID
 1476 |                 nFTCommonMotionPassiveStandF,                   // Script ID
 1496 |                 nFTCommonMotionPassiveStandB,                   // Script ID
 1636 |                 nFTCommonMotionPassive,                                 // Script ID
 3696 |                 nFTCommonMotionShouldered,                              // Script ID
  676 |                 nFTCommonMotionPass,                                    // Script ID
  696 |                 nFTCommonMotionGuardPass,                               // Script ID
 1476 |                 nFTCommonMotionPassiveStandF,                   // Script ID
 1496 |                 nFTCommonMotionPassiveStandB,                   // Script ID
 1636 |                 nFTCommonMotionPassive,                                 // Script ID
 3696 |                 nFTCommonMotionShouldered,                              // Script ID
  676 |                 nFTCommonMotionPass,                                    // Script ID
  696 |                 nFTCommonMotionGuardPass,                               // Script ID
 1476 |                 nFTCommonMotionPassiveStandF,                   // Script ID
 1496 |                 nFTCommonMotionPassiveStandB,                   // Script ID
 1636 |                 nFTCommonMotionPassive,                                 // Script ID
 3696 |                 nFTCommonMotionShouldered,                              // Script ID
  676 |                 nFTCommonMotionPass,                                    // Script ID
  696 |                 nFTCommonMotionGuardPass,                               // Script ID
 1476 |                 nFTCommonMotionPassiveStandF,                   // Script ID
 1496 |                 nFTCommonMotionPassiveStandB,                   // Script ID
 1636 |                 nFTCommonMotionPassive,                                 // Script ID
 3696 |                 nFTCommonMotionShouldered,                              // Script ID
  676 |                 nFTCommonMotionPass,                                    // Script ID
  696 |                 nFTCommonMotionGuardPass,                               // Script ID
 1476 |                 nFTCommonMotionPassiveStandF,                   // Script ID
 1496 |                 nFTCommonMotionPassiveStandB,                   // Script ID
 1636 |                 nFTCommonMotionPassive,                                 // Script ID
 3696 |                 nFTCommonMotionShouldered,                              // Script ID
  676 |                 nFTCommonMotionPass,                                    // Script ID
  696 |                 nFTCommonMotionGuardPass,                               // Script ID
 1476 |                 nFTCommonMotionPassiveStandF,                   // Script ID
 1496 |                 nFTCommonMotionPassiveStandB,                   // Script ID
 1636 |                 nFTCommonMotionPassive,                                 // Script ID
 3696 |                 nFTCommonMotionShouldered,                              // Script ID
  676 |                 nFTCommonMotionPass,                                    // Script ID
  696 |                 nFTCommonMotionGuardPass,                               // Script ID
 1476 |                 nFTCommonMotionPassiveStandF,                   // Script ID
 1496 |                 nFTCommonMotionPassiveStandB,                   // Script ID
 1636 |                 nFTCommonMotionPassive,                                 // Script ID
 3696 |                 nFTCommonMotionShouldered,                              // Script ID
  676 |                 nFTCommonMotionPass,                                    // Script ID
  696 |                 nFTCommonMotionGuardPass,                               // Script ID
 1476 |                 nFTCommonMotionPassiveStandF,                   // Script ID
 1496 |                 nFTCommonMotionPassiveStandB,                   // Script ID
 1636 |                 nFTCommonMotionPassive,                                 // Script ID
 3696 |                 nFTCommonMotionShouldered,                              // Script ID
  676 |                 nFTCommonMotionPass,                                    // Script ID
  696 |                 nFTCommonMotionGuardPass,                               // Script ID
 1476 |                 nFTCommonMotionPassiveStandF,                   // Script ID
 1496 |                 nFTCommonMotionPassiveStandB,                   // Script ID
 1636 |                 nFTCommonMotionPassive,                                 // Script ID
 3696 |                 nFTCommonMotionShouldered,                              // Script ID
  676 |                 nFTCommonMotionPass,                                    // Script ID
  696 |                 nFTCommonMotionGuardPass,                               // Script ID
 1476 |                 nFTCommonMotionPassiveStandF,                   // Script ID
 1496 |                 nFTCommonMotionPassiveStandB,                   // Script ID
 1636 |                 nFTCommonMotionPassive,                                 // Script ID
 3696 |                 nFTCommonMotionShouldered,                              // Script ID
  676 |                 nFTCommonMotionPass,                                    // Script ID
  696 |                 nFTCommonMotionGuardPass,                               // Script ID
 1476 |                 nFTCommonMotionPassiveStandF,                   // Script ID
 1496 |                 nFTCommonMotionPassiveStandB,                   // Script ID
 1636 |                 nFTCommonMotionPassive,                                 // Script ID
 3696 |                 nFTCommonMotionShouldered,                              // Script ID
  676 |                 nFTCommonMotionPass,                                    // Script ID
  696 |                 nFTCommonMotionGuardPass,                               // Script ID
 1476 |                 nFTCommonMotionPassiveStandF,                   // Script ID
 1496 |                 nFTCommonMotionPassiveStandB,                   // Script ID
 1636 |                 nFTCommonMotionPassive,                                 // Script ID
 3696 |                 nFTCommonMotionShouldered,                              // Script ID
  676 |                 nFTCommonMotionPass,                                    // Script ID
  696 |                 nFTCommonMotionGuardPass,                               // Script ID
 1476 |                 nFTCommonMotionPassiveStandF,                   // Script ID
 1496 |                 nFTCommonMotionPassiveStandB,                   // Script ID
 1636 |                 nFTCommonMotionPassive,                                 // Script ID
 3696 |                 nFTCommonMotionShouldered,                              // Script ID
  676 |                 nFTCommonMotionPass,                                    // Script ID
  696 |                 nFTCommonMotionGuardPass,                               // Script ID
 1476 |                 nFTCommonMotionPassiveStandF,                   // Script ID
 1496 |                 nFTCommonMotionPassiveStandB,                   // Script ID
 1636 |                 nFTCommonMotionPassive,                                 // Script ID
 3696 |                 nFTCommonMotionShouldered,                              // Script ID
  676 |                 nFTCommonMotionPass,                                    // Script ID
  696 |                 nFTCommonMotionGuardPass,                               // Script ID
 1476 |                 nFTCommonMotionPassiveStandF,                   // Script ID
 1496 |                 nFTCommonMotionPassiveStandB,                   // Script ID
 1636 |                 nFTCommonMotionPassive,                                 // Script ID
 3696 |                 nFTCommonMotionShouldered,                              // Script ID
  676 |                 nFTCommonMotionPass,                                    // Script ID
  696 |                 nFTCommonMotionGuardPass,                               // Script ID
 1476 |                 nFTCommonMotionPassiveStandF,                   // Script ID
 1496 |                 nFTCommonMotionPassiveStandB,                   // Script ID
 1636 |                 nFTCommonMotionPassive,                                 // Script ID
 3696 |                 nFTCommonMotionShouldered,                              // Script ID
  676 |                 nFTCommonMotionPass,                                    // Script ID
  696 |                 nFTCommonMotionGuardPass,                               // Script ID
 1476 |                 nFTCommonMotionPassiveStandF,                   // Script ID
 1496 |                 nFTCommonMotionPassiveStandB,                   // Script ID
 1636 |                 nFTCommonMotionPassive,                                 // Script ID
 3696 |                 nFTCommonMotionShouldered,                              // Script ID
  676 |                 nFTCommonMotionPass,                                    // Script ID
  696 |                 nFTCommonMotionGuardPass,                               // Script ID
 1476 |                 nFTCommonMotionPassiveStandF,                   // Script ID
 1496 |                 nFTCommonMotionPassiveStandB,                   // Script ID
 1636 |                 nFTCommonMotionPassive,                                 // Script ID
 3696 |                 nFTCommonMotionShouldered,                              // Script ID
  676 |                 nFTCommonMotionPass,                                    // Script ID
  696 |                 nFTCommonMotionGuardPass,                               // Script ID
 1476 |                 nFTCommonMotionPassiveStandF,                   // Script ID
 1496 |                 nFTCommonMotionPassiveStandB,                   // Script ID
 1636 |                 nFTCommonMotionPassive,                                 // Script ID
 3696 |                 nFTCommonMotionShouldered,                              // Script ID
  676 |                 nFTCommonMotionPass,                                    // Script ID
  696 |                 nFTCommonMotionGuardPass,                               // Script ID
 1476 |                 nFTCommonMotionPassiveStandF,                   // Script ID
 1496 |                 nFTCommonMotionPassiveStandB,                   // Script ID
 1636 |                 nFTCommonMotionPassive,                                 // Script ID
 3696 |                 nFTCommonMotionShouldered,                              // Script ID
  676 |                 nFTCommonMotionPass,                                    // Script ID
  696 |                 nFTCommonMotionGuardPass,                               // Script ID
 1476 |                 nFTCommonMotionPassiveStandF,                   // Script ID
 1496 |                 nFTCommonMotionPassiveStandB,                   // Script ID
 1636 |                 nFTCommonMotionPassive,                                 // Script ID
 3696 |                 nFTCommonMotionShouldered,                              // Script ID
  676 |                 nFTCommonMotionPass,                                    // Script ID
  696 |                 nFTCommonMotionGuardPass,                               // Script ID
 1476 |                 nFTCommonMotionPassiveStandF,                   // Script ID
 1496 |                 nFTCommonMotionPassiveStandB,                   // Script ID
 1636 |                 nFTCommonMotionPassive,                                 // Script ID
 3696 |                 nFTCommonMotionShouldered,                              // Script ID
  676 |                 nFTCommonMotionPass,                                    // Script ID
  696 |                 nFTCommonMotionGuardPass,                               // Script ID
 1476 |                 nFTCommonMotionPassiveStandF,                   // Script ID
 1496 |                 nFTCommonMotionPassiveStandB,                   // Script ID
 1636 |                 nFTCommonMotionPassive,                                 // Script ID
 3696 |                 nFTCommonMotionShouldered,                              // Script ID
  676 |                 nFTCommonMotionPass,                                    // Script ID
  696 |                 nFTCommonMotionGuardPass,                               // Script ID
 1476 |                 nFTCommonMotionPassiveStandF,                   // Script ID
 1496 |                 nFTCommonMotionPassiveStandB,                   // Script ID
 1636 |                 nFTCommonMotionPassive,                                 // Script ID
 3696 |                 nFTCommonMotionShouldered,                              // Script ID
  676 |                 nFTCommonMotionPass,                                    // Script ID
  696 |                 nFTCommonMotionGuardPass,                               // Script ID
 1476 |                 nFTCommonMotionPassiveStandF,                   // Script ID
 1496 |                 nFTCommonMotionPassiveStandB,                   // Script ID
 1636 |                 nFTCommonMotionPassive,                                 // Script ID
 3696 |                 nFTCommonMotionShouldered,                              // Script ID
  676 |                 nFTCommonMotionPass,                                    // Script ID
  696 |                 nFTCommonMotionGuardPass,                               // Script ID
 1476 |                 nFTCommonMotionPassiveStandF,                   // Script ID
 1496 |                 nFTCommonMotionPassiveStandB,                   // Script ID
 1636 |                 nFTCommonMotionPassive,                                 // Script ID
 3696 |                 nFTCommonMotionShouldered,                              // Script ID
  676 |                 nFTCommonMotionPass,                                    // Script ID
  696 |                 nFTCommonMotionGuardPass,                               // Script ID
 1476 |                 nFTCommonMotionPassiveStandF,                   // Script ID
 1496 |                 nFTCommonMotionPassiveStandB,                   // Script ID
 1636 |                 nFTCommonMotionPassive,                                 // Script ID
 3696 |                 nFTCommonMotionShouldered,                              // Script ID
  676 |                 nFTCommonMotionPass,                                    // Script ID
  696 |                 nFTCommonMotionGuardPass,                               // Script ID
 1476 |                 nFTCommonMotionPassiveStandF,                   // Script ID
 1496 |                 nFTCommonMotionPassiveStandB,                   // Script ID
 1636 |                 nFTCommonMotionPassive,                                 // Script ID
 3696 |                 nFTCommonMotionShouldered,                              // Script ID
  676 |                 nFTCommonMotionPass,                                    // Script ID
  696 |                 nFTCommonMotionGuardPass,                               // Script ID
 1476 |                 nFTCommonMotionPassiveStandF,                   // Script ID
 1496 |                 nFTCommonMotionPassiveStandB,                   // Script ID
 1636 |                 nFTCommonMotionPassive,                                 // Script ID
 3696 |                 nFTCommonMotionShouldered,                              // Script ID
  676 |                 nFTCommonMotionPass,                                    // Script ID
  696 |                 nFTCommonMotionGuardPass,                               // Script ID
 1476 |                 nFTCommonMotionPassiveStandF,                   // Script ID
 1496 |                 nFTCommonMotionPassiveStandB,                   // Script ID
 1636 |                 nFTCommonMotionPassive,                                 // Script ID
 3696 |                 nFTCommonMotionShouldered,                              // Script ID
D:/Stuff/DevFolder/Smash64DS_Port/decomp/BattleShip-main/decomp/src/ft/ftmain.c:2785:101: warning: passing argument 4 of 'efManagerDamageNormalLightMakeEffect' makes integer from pointer without a cast [-Wint-conversion]
D:/Stuff/DevFolder/Smash64DS_Port/decomp/BattleShip-main/decomp/src/ft/ftmain.c:2822:101: warning: passing argument 4 of 'efManagerDamageNormalLightMakeEffect' makes integer from pointer without a cast [-Wint-conversion]
D:/Stuff/DevFolder/Smash64DS_Port/decomp/BattleShip-main/decomp/src/ft/ftmain.c:4623:54: warning: passing argument 1 of 'lbRelocGetForceExternHeapFile' makes pointer from integer without a cast [-Wint-conversion]
D:/Stuff/DevFolder/Smash64DS_Port/decomp/BattleShip-main/decomp/src/ft/ftmain.c:2675:9: note: 'knockback_temp' was declared here
D:/Stuff/DevFolder/Smash64DS_Port/decomp/BattleShip-main/decomp/src/ft/ftmain.c:2674:12: note: 'j' was declared here
Boundary verification profile passed.
